timestamp,rtype,publisher_id,instrument_id,open,high,low,close,volume,symbol
2020-11-08 23:00:00+00:00,33,1,16337,12139.25,12165.5,12139.25,12148.5,1071,NQ.v.0
2020-11-08 23:01:00+00:00,33,1,16337,12148.5,12152.75,12140.25,12147.75,393,NQ.v.0
2020-11-08 23:02:00+00:00,33,1,16337,12147.5,12147.5,12122.0,12124.75,321,NQ.v.0
2020-11-08 23:03:00+00:00,33,1,16337,12124.5,12141.25,12124.0,12139.5,298,NQ.v.0
2020-11-08 23:04:00+00:00,33,1,16337,12139.5,12150.5,12139.0,12148.25,249,NQ.v.0
2020-11-08 23:05:00+00:00,33,1,16337,12146.5,12149.5,12144.0,12146.25,115,NQ.v.0
2020-11-08 23:06:00+00:00,33,1,16337,12146.0,12150.0,12146.0,12147.25,63,NQ.v.0
2020-11-08 23:07:00+00:00,33,1,16337,12147.25,12148.0,12145.5,12145.75,65,NQ.v.0
2020-11-08 23:08:00+00:00,33,1,16337,12146.0,12147.0,12140.75,12145.75,91,NQ.v.0
2020-11-08 23:09:00+00:00,33,1,16337,12147.0,12152.0,12145.75,12150.25,108,NQ.v.0
2020-11-08 23:10:00+00:00,33,1,16337,12151.75,12165.0,12150.25,12163.25,284,NQ.v.0
2020-11-08 23:11:00+00:00,33,1,16337,12163.75,12177.25,12163.75,12177.0,426,NQ.v.0
2020-11-08 23:12:00+00:00,33,1,16337,12177.5,12188.75,12176.75,12188.75,385,NQ.v.0
2020-11-08 23:13:00+00:00,33,1,16337,12188.25,12199.5,12187.5,12199.0,418,NQ.v.0
2020-11-08 23:14:00+00:00,33,1,16337,12199.0,12230.75,12199.0,12227.25,993,NQ.v.0
2020-11-08 23:15:00+00:00,33,1,16337,12225.5,12227.5,12213.5,12213.75,370,NQ.v.0
2020-11-08 23:16:00+00:00,33,1,16337,12213.5,12215.75,12207.25,12214.5,221,NQ.v.0
2020-11-08 23:17:00+00:00,33,1,16337,12215.25,12237.5,12215.0,12234.0,625,NQ.v.0
2020-11-08 23:18:00+00:00,33,1,16337,12233.75,12251.5,12233.75,12245.0,747,NQ.v.0
2020-11-08 23:19:00+00:00,33,1,16337,12244.75,12246.75,12230.75,12232.25,330,NQ.v.0
2020-11-08 23:20:00+00:00,33,1,16337,12233.0,12244.5,12231.5,12231.5,157,NQ.v.0
2020-11-08 23:21:00+00:00,33,1,16337,12231.5,12234.5,12220.0,12220.5,279,NQ.v.0
2020-11-08 23:22:00+00:00,33,1,16337,12222.0,12228.25,12220.0,12226.5,148,NQ.v.0
2020-11-08 23:23:00+00:00,33,1,16337,12227.75,12239.25,12225.25,12237.25,247,NQ.v.0
2020-11-08 23:24:00+00:00,33,1,16337,12238.0,12238.5,12225.75,12229.0,136,NQ.v.0
2020-11-08 23:25:00+00:00,33,1,16337,12229.5,12230.0,12220.0,12224.0,172,NQ.v.0
2020-11-08 23:26:00+00:00,33,1,16337,12222.75,12227.25,12222.75,12226.75,94,NQ.v.0
2020-11-08 23:27:00+00:00,33,1,16337,12228.25,12229.5,12223.5,12223.75,76,NQ.v.0
2020-11-08 23:28:00+00:00,33,1,16337,12224.5,12227.25,12223.75,12225.75,42,NQ.v.0
2020-11-08 23:29:00+00:00,33,1,16337,12225.75,12226.5,12221.75,12226.0,60,NQ.v.0
2020-11-08 23:30:00+00:00,33,1,16337,12224.5,12236.0,12224.0,12233.0,236,NQ.v.0
2020-11-08 23:31:00+00:00,33,1,16337,12232.25,12232.25,12223.25,12226.25,93,NQ.v.0
2020-11-08 23:32:00+00:00,33,1,16337,12227.0,12228.0,12223.5,12226.75,68,NQ.v.0
2020-11-08 23:33:00+00:00,33,1,16337,12225.75,12226.75,12222.5,12223.75,83,NQ.v.0
2020-11-08 23:34:00+00:00,33,1,16337,12225.0,12230.0,12223.5,12227.75,68,NQ.v.0
2020-11-08 23:35:00+00:00,33,1,16337,12228.25,12228.75,12225.0,12227.0,59,NQ.v.0
2020-11-08 23:36:00+00:00,33,1,16337,12226.5,12244.25,12226.5,12244.25,305,NQ.v.0
2020-11-08 23:37:00+00:00,33,1,16337,12244.5,12246.0,12235.25,12239.0,163,NQ.v.0
2020-11-08 23:38:00+00:00,33,1,16337,12238.25,12240.25,12236.5,12239.25,76,NQ.v.0
2020-11-08 23:39:00+00:00,33,1,16337,12238.75,12240.25,12234.0,12234.0,140,NQ.v.0
2020-11-08 23:40:00+00:00,33,1,16337,12233.75,12242.0,12232.5,12240.25,142,NQ.v.0
2020-11-08 23:41:00+00:00,33,1,16337,12239.5,12242.5,12235.5,12242.0,79,NQ.v.0
2020-11-08 23:42:00+00:00,33,1,16337,12241.0,12250.0,12240.25,12244.75,328,NQ.v.0
2020-11-08 23:43:00+00:00,33,1,16337,12246.0,12257.75,12244.0,12255.0,491,NQ.v.0
2020-11-08 23:44:00+00:00,33,1,16337,12255.75,12256.0,12243.25,12245.75,287,NQ.v.0
2020-11-08 23:45:00+00:00,33,1,16337,12245.75,12247.5,12233.25,12234.75,263,NQ.v.0
2020-11-08 23:46:00+00:00,33,1,16337,12235.75,12240.75,12230.0,12236.5,221,NQ.v.0
2020-11-08 23:47:00+00:00,33,1,16337,12237.25,12241.0,12234.5,12237.25,96,NQ.v.0
2020-11-08 23:48:00+00:00,33,1,16337,12236.5,12236.5,12228.0,12230.75,149,NQ.v.0
2020-11-08 23:49:00+00:00,33,1,16337,12231.5,12232.5,12224.75,12227.25,150,NQ.v.0
2020-11-08 23:50:00+00:00,33,1,16337,12226.5,12231.5,12225.5,12231.5,115,NQ.v.0
2020-11-08 23:51:00+00:00,33,1,16337,12230.5,12232.75,12224.25,12225.0,108,NQ.v.0
2020-11-08 23:52:00+00:00,33,1,16337,12226.0,12230.0,12224.5,12228.25,117,NQ.v.0
2020-11-08 23:53:00+00:00,33,1,16337,12229.25,12230.0,12227.0,12230.0,58,NQ.v.0
2020-11-08 23:54:00+00:00,33,1,16337,12230.0,12235.75,12228.25,12232.75,134,NQ.v.0
2020-11-08 23:55:00+00:00,33,1,16337,12232.75,12232.75,12227.75,12231.25,68,NQ.v.0
2020-11-08 23:56:00+00:00,33,1,16337,12231.5,12234.5,12229.5,12231.0,56,NQ.v.0
2020-11-08 23:57:00+00:00,33,1,16337,12231.5,12231.75,12228.25,12228.25,50,NQ.v.0
2020-11-08 23:58:00+00:00,33,1,16337,12228.75,12231.0,12227.5,12229.25,47,NQ.v.0
2020-11-08 23:59:00+00:00,33,1,16337,12228.0,12233.5,12224.0,12233.5,91,NQ.v.0
2020-11-09 00:00:00+00:00,33,1,16337,12233.5,12235.0,12229.0,12230.0,102,NQ.v.0
2020-11-09 00:01:00+00:00,33,1,16337,12230.5,12235.5,12226.5,12235.0,120,NQ.v.0
2020-11-09 00:02:00+00:00,33,1,16337,12233.75,12235.75,12230.5,12232.0,93,NQ.v.0
2020-11-09 00:03:00+00:00,33,1,16337,12233.0,12233.0,12226.75,12230.0,145,NQ.v.0
2020-11-09 00:04:00+00:00,33,1,16337,12230.0,12233.75,12226.75,12226.75,121,NQ.v.0
2020-11-09 00:05:00+00:00,33,1,16337,12227.5,12230.75,12220.25,12221.75,207,NQ.v.0
2020-11-09 00:06:00+00:00,33,1,16337,12222.25,12226.5,12221.25,12225.0,130,NQ.v.0
2020-11-09 00:07:00+00:00,33,1,16337,12225.75,12229.75,12221.0,12222.75,122,NQ.v.0
2020-11-09 00:08:00+00:00,33,1,16337,12222.75,12227.0,12221.0,12221.75,129,NQ.v.0
2020-11-09 00:09:00+00:00,33,1,16337,12223.5,12226.0,12221.0,12225.75,110,NQ.v.0
2020-11-09 00:10:00+00:00,33,1,16337,12225.0,12229.25,12220.5,12226.0,110,NQ.v.0
2020-11-09 00:11:00+00:00,33,1,16337,12226.75,12232.0,12223.75,12231.25,85,NQ.v.0
2020-11-09 00:12:00+00:00,33,1,16337,12231.5,12232.0,12225.5,12227.0,89,NQ.v.0
2020-11-09 00:13:00+00:00,33,1,16337,12225.75,12227.5,12223.75,12227.5,68,NQ.v.0
2020-11-09 00:14:00+00:00,33,1,16337,12226.25,12232.0,12225.75,12230.5,67,NQ.v.0
2020-11-09 00:15:00+00:00,33,1,16337,12230.75,12234.5,12226.25,12232.25,173,NQ.v.0
2020-11-09 00:16:00+00:00,33,1,16337,12233.25,12236.75,12229.5,12231.75,105,NQ.v.0
2020-11-09 00:17:00+00:00,33,1,16337,12233.25,12235.75,12231.5,12233.25,94,NQ.v.0
2020-11-09 00:18:00+00:00,33,1,16337,12232.5,12233.75,12229.5,12229.5,72,NQ.v.0
2020-11-09 00:19:00+00:00,33,1,16337,12228.75,12230.5,12227.5,12230.5,47,NQ.v.0
2020-11-09 00:20:00+00:00,33,1,16337,12230.25,12233.5,12229.0,12233.5,41,NQ.v.0
2020-11-09 00:21:00+00:00,33,1,16337,12232.75,12236.5,12231.25,12232.25,72,NQ.v.0
2020-11-09 00:22:00+00:00,33,1,16337,12233.0,12233.25,12229.75,12230.75,36,NQ.v.0
2020-11-09 00:23:00+00:00,33,1,16337,12230.5,12233.25,12229.25,12230.75,47,NQ.v.0
2020-11-09 00:24:00+00:00,33,1,16337,12231.0,12234.75,12230.5,12233.0,66,NQ.v.0
2020-11-09 00:25:00+00:00,33,1,16337,12233.75,12234.75,12230.0,12231.0,49,NQ.v.0
2020-11-09 00:26:00+00:00,33,1,16337,12230.75,12233.5,12229.25,12231.5,38,NQ.v.0
2020-11-09 00:27:00+00:00,33,1,16337,12232.75,12233.0,12228.25,12229.25,63,NQ.v.0
2020-11-09 00:28:00+00:00,33,1,16337,12229.75,12230.75,12229.25,12230.5,20,NQ.v.0
2020-11-09 00:29:00+00:00,33,1,16337,12231.75,12232.5,12230.0,12232.5,37,NQ.v.0
2020-11-09 00:30:00+00:00,33,1,16337,12234.0,12239.5,12232.75,12235.75,172,NQ.v.0
2020-11-09 00:31:00+00:00,33,1,16337,12236.5,12236.5,12231.25,12233.25,109,NQ.v.0
2020-11-09 00:32:00+00:00,33,1,16337,12233.5,12234.5,12230.25,12231.0,109,NQ.v.0
2020-11-09 00:33:00+00:00,33,1,16337,12231.75,12234.0,12229.75,12231.5,93,NQ.v.0
2020-11-09 00:34:00+00:00,33,1,16337,12231.25,12234.0,12231.0,12233.0,72,NQ.v.0
2020-11-09 00:35:00+00:00,33,1,16337,12232.75,12235.0,12231.75,12232.25,135,NQ.v.0
2020-11-09 00:36:00+00:00,33,1,16337,12234.0,12236.75,12231.25,12235.25,115,NQ.v.0
2020-11-09 00:37:00+00:00,33,1,16337,12235.0,12237.5,12234.75,12236.0,60,NQ.v.0
2020-11-09 00:38:00+00:00,33,1,16337,12235.5,12243.5,12234.5,12242.75,156,NQ.v.0
2020-11-09 00:39:00+00:00,33,1,16337,12242.5,12251.25,12239.0,12251.25,313,NQ.v.0
2020-11-09 00:40:00+00:00,33,1,16337,12251.5,12268.25,12251.5,12266.0,727,NQ.v.0
2020-11-09 00:41:00+00:00,33,1,16337,12266.75,12266.75,12260.0,12261.75,174,NQ.v.0
2020-11-09 00:42:00+00:00,33,1,16337,12260.5,12262.5,12255.75,12256.0,142,NQ.v.0
2020-11-09 00:43:00+00:00,33,1,16337,12256.0,12258.25,12255.75,12257.0,77,NQ.v.0
2020-11-09 00:44:00+00:00,33,1,16337,12256.5,12263.25,12256.5,12262.25,154,NQ.v.0
2020-11-09 00:45:00+00:00,33,1,16337,12262.25,12263.5,12259.75,12259.75,140,NQ.v.0
2020-11-09 00:46:00+00:00,33,1,16337,12260.0,12264.75,12260.0,12263.0,79,NQ.v.0
2020-11-09 00:47:00+00:00,33,1,16337,12263.75,12274.0,12263.75,12268.75,420,NQ.v.0
2020-11-09 00:48:00+00:00,33,1,16337,12268.75,12270.5,12265.5,12270.5,169,NQ.v.0
2020-11-09 00:49:00+00:00,33,1,16337,12270.5,12272.25,12267.5,12270.25,115,NQ.v.0
2020-11-09 00:50:00+00:00,33,1,16337,12269.75,12273.75,12269.0,12272.0,133,NQ.v.0
2020-11-09 00:51:00+00:00,33,1,16337,12271.5,12273.75,12267.5,12270.5,186,NQ.v.0
2020-11-09 00:52:00+00:00,33,1,16337,12271.25,12272.75,12267.25,12267.25,84,NQ.v.0
2020-11-09 00:53:00+00:00,33,1,16337,12268.25,12270.5,12267.75,12268.5,66,NQ.v.0
2020-11-09 00:54:00+00:00,33,1,16337,12269.5,12271.25,12268.25,12270.25,40,NQ.v.0
2020-11-09 00:55:00+00:00,33,1,16337,12269.5,12273.0,12266.5,12271.0,124,NQ.v.0
2020-11-09 00:56:00+00:00,33,1,16337,12269.75,12271.25,12267.0,12270.0,122,NQ.v.0
2020-11-09 00:57:00+00:00,33,1,16337,12269.5,12277.0,12269.5,12276.0,230,NQ.v.0
2020-11-09 00:58:00+00:00,33,1,16337,12276.5,12312.0,12276.5,12298.0,1352,NQ.v.0
2020-11-09 00:59:00+00:00,33,1,16337,12298.25,12301.0,12288.25,12289.5,339,NQ.v.0
2020-11-09 01:00:00+00:00,33,1,16337,12289.25,12304.25,12289.0,12304.25,300,NQ.v.0
2020-11-09 01:01:00+00:00,33,1,16337,12304.25,12317.0,12303.75,12307.25,649,NQ.v.0
2020-11-09 01:02:00+00:00,33,1,16337,12308.0,12317.0,12307.25,12309.5,337,NQ.v.0
2020-11-09 01:03:00+00:00,33,1,16337,12309.5,12311.0,12302.0,12305.25,346,NQ.v.0
2020-11-09 01:04:00+00:00,33,1,16337,12305.5,12312.0,12302.0,12311.5,216,NQ.v.0
2020-11-09 01:05:00+00:00,33,1,16337,12312.5,12317.25,12307.25,12315.5,345,NQ.v.0
2020-11-09 01:06:00+00:00,33,1,16337,12315.0,12318.0,12305.25,12307.25,235,NQ.v.0
2020-11-09 01:07:00+00:00,33,1,16337,12308.0,12313.5,12306.0,12311.0,253,NQ.v.0
2020-11-09 01:08:00+00:00,33,1,16337,12312.75,12323.25,12312.25,12323.0,418,NQ.v.0
2020-11-09 01:09:00+00:00,33,1,16337,12322.25,12356.0,12321.5,12343.5,1255,NQ.v.0
2020-11-09 01:10:00+00:00,33,1,16337,12342.75,12345.5,12333.75,12337.25,299,NQ.v.0
2020-11-09 01:11:00+00:00,33,1,16337,12337.5,12339.75,12334.0,12337.25,222,NQ.v.0
2020-11-09 01:12:00+00:00,33,1,16337,12339.5,12345.0,12332.0,12336.25,208,NQ.v.0
2020-11-09 01:13:00+00:00,33,1,16337,12334.75,12336.25,12330.75,12331.5,218,NQ.v.0
2020-11-09 01:14:00+00:00,33,1,16337,12332.25,12332.25,12326.0,12327.75,255,NQ.v.0
2020-11-09 01:15:00+00:00,33,1,16337,12327.0,12331.5,12325.5,12327.75,238,NQ.v.0
2020-11-09 01:16:00+00:00,33,1,16337,12328.5,12338.25,12327.0,12335.0,165,NQ.v.0
2020-11-09 01:17:00+00:00,33,1,16337,12335.25,12337.5,12328.5,12330.0,139,NQ.v.0
2020-11-09 01:18:00+00:00,33,1,16337,12330.0,12332.0,12324.75,12326.0,163,NQ.v.0
2020-11-09 01:19:00+00:00,33,1,16337,12326.25,12330.0,12324.75,12329.25,146,NQ.v.0
2020-11-09 01:20:00+00:00,33,1,16337,12329.5,12333.25,12325.75,12326.0,144,NQ.v.0
2020-11-09 01:21:00+00:00,33,1,16337,12327.0,12330.5,12326.25,12330.0,96,NQ.v.0
2020-11-09 01:22:00+00:00,33,1,16337,12330.25,12340.0,12329.25,12340.0,130,NQ.v.0
2020-11-09 01:23:00+00:00,33,1,16337,12339.75,12341.5,12334.75,12337.0,132,NQ.v.0
2020-11-09 01:24:00+00:00,33,1,16337,12337.0,12342.0,12336.0,12342.0,104,NQ.v.0
2020-11-09 01:25:00+00:00,33,1,16337,12342.75,12343.75,12337.5,12338.5,106,NQ.v.0
2020-11-09 01:26:00+00:00,33,1,16337,12337.5,12341.75,12336.25,12337.5,137,NQ.v.0
2020-11-09 01:27:00+00:00,33,1,16337,12337.5,12340.0,12328.25,12334.25,254,NQ.v.0
2020-11-09 01:28:00+00:00,33,1,16337,12334.75,12335.75,12331.75,12331.75,65,NQ.v.0
2020-11-09 01:29:00+00:00,33,1,16337,12332.25,12335.75,12330.0,12332.25,53,NQ.v.0
2020-11-09 01:30:00+00:00,33,1,16337,12332.0,12333.5,12325.0,12327.5,186,NQ.v.0
2020-11-09 01:31:00+00:00,33,1,16337,12326.0,12327.75,12322.25,12327.25,126,NQ.v.0
2020-11-09 01:32:00+00:00,33,1,16337,12327.5,12340.0,12327.25,12335.0,361,NQ.v.0
2020-11-09 01:33:00+00:00,33,1,16337,12333.5,12334.5,12326.25,12327.25,113,NQ.v.0
2020-11-09 01:34:00+00:00,33,1,16337,12326.5,12333.75,12323.5,12328.25,109,NQ.v.0
2020-11-09 01:35:00+00:00,33,1,16337,12328.75,12331.0,12323.5,12323.5,85,NQ.v.0
2020-11-09 01:36:00+00:00,33,1,16337,12324.75,12327.0,12310.75,12311.5,319,NQ.v.0
2020-11-09 01:37:00+00:00,33,1,16337,12311.75,12314.25,12303.5,12306.25,269,NQ.v.0
2020-11-09 01:38:00+00:00,33,1,16337,12305.75,12311.25,12304.0,12308.25,166,NQ.v.0
2020-11-09 01:39:00+00:00,33,1,16337,12307.25,12316.25,12307.25,12310.5,147,NQ.v.0
2020-11-09 01:40:00+00:00,33,1,16337,12311.0,12311.0,12305.0,12307.0,104,NQ.v.0
2020-11-09 01:41:00+00:00,33,1,16337,12306.5,12311.75,12306.0,12310.75,76,NQ.v.0
2020-11-09 01:42:00+00:00,33,1,16337,12310.75,12312.5,12305.75,12309.25,100,NQ.v.0
2020-11-09 01:43:00+00:00,33,1,16337,12307.75,12313.75,12307.75,12312.0,50,NQ.v.0
2020-11-09 01:44:00+00:00,33,1,16337,12310.0,12315.0,12307.25,12310.0,78,NQ.v.0
2020-11-09 01:45:00+00:00,33,1,16337,12310.0,12313.25,12306.5,12311.25,112,NQ.v.0
2020-11-09 01:46:00+00:00,33,1,16337,12309.75,12313.25,12309.0,12310.25,84,NQ.v.0
2020-11-09 01:47:00+00:00,33,1,16337,12310.0,12312.0,12308.25,12309.75,65,NQ.v.0
2020-11-09 01:48:00+00:00,33,1,16337,12307.75,12311.25,12306.0,12309.5,55,NQ.v.0
2020-11-09 01:49:00+00:00,33,1,16337,12310.75,12315.0,12307.5,12309.25,184,NQ.v.0
2020-11-09 01:50:00+00:00,33,1,16337,12308.75,12311.5,12304.5,12306.25,179,NQ.v.0
2020-11-09 01:51:00+00:00,33,1,16337,12305.25,12306.5,12301.0,12303.25,104,NQ.v.0
2020-11-09 01:52:00+00:00,33,1,16337,12303.0,12308.0,12302.75,12307.25,60,NQ.v.0
2020-11-09 01:53:00+00:00,33,1,16337,12308.75,12312.0,12307.25,12311.0,100,NQ.v.0
2020-11-09 01:54:00+00:00,33,1,16337,12309.5,12314.5,12308.75,12313.0,64,NQ.v.0
2020-11-09 01:55:00+00:00,33,1,16337,12312.75,12316.75,12311.75,12313.5,75,NQ.v.0
2020-11-09 01:56:00+00:00,33,1,16337,12312.0,12315.0,12308.25,12310.5,52,NQ.v.0
2020-11-09 01:57:00+00:00,33,1,16337,12310.5,12313.0,12310.5,12312.5,17,NQ.v.0
2020-11-09 01:58:00+00:00,33,1,16337,12312.25,12318.0,12312.25,12318.0,107,NQ.v.0
2020-11-09 01:59:00+00:00,33,1,16337,12317.75,12322.75,12316.0,12322.0,116,NQ.v.0
2020-11-09 02:00:00+00:00,33,1,16337,12322.0,12327.0,12320.25,12324.25,181,NQ.v.0
2020-11-09 02:01:00+00:00,33,1,16337,12324.25,12327.5,12322.25,12324.75,73,NQ.v.0
2020-11-09 02:02:00+00:00,33,1,16337,12325.5,12329.25,12325.25,12327.0,74,NQ.v.0
2020-11-09 02:03:00+00:00,33,1,16337,12327.0,12332.25,12324.5,12331.25,223,NQ.v.0
2020-11-09 02:04:00+00:00,33,1,16337,12331.25,12334.5,12330.0,12330.25,185,NQ.v.0
2020-11-09 02:05:00+00:00,33,1,16337,12330.25,12333.0,12330.0,12333.0,141,NQ.v.0
2020-11-09 02:06:00+00:00,33,1,16337,12333.0,12338.0,12332.5,12336.0,135,NQ.v.0
2020-11-09 02:07:00+00:00,33,1,16337,12336.0,12336.75,12330.0,12330.75,101,NQ.v.0
2020-11-09 02:08:00+00:00,33,1,16337,12331.0,12335.25,12331.0,12332.75,63,NQ.v.0
2020-11-09 02:09:00+00:00,33,1,16337,12333.0,12334.75,12331.5,12334.0,31,NQ.v.0
2020-11-09 02:10:00+00:00,33,1,16337,12334.0,12335.75,12330.25,12331.25,65,NQ.v.0
2020-11-09 02:11:00+00:00,33,1,16337,12332.25,12332.5,12330.0,12331.75,70,NQ.v.0
2020-11-09 02:12:00+00:00,33,1,16337,12330.5,12332.5,12330.25,12332.5,49,NQ.v.0
2020-11-09 02:13:00+00:00,33,1,16337,12332.0,12332.75,12330.0,12331.5,93,NQ.v.0
2020-11-09 02:14:00+00:00,33,1,16337,12331.75,12333.0,12330.0,12330.75,253,NQ.v.0
2020-11-09 02:15:00+00:00,33,1,16337,12330.25,12330.25,12323.5,12324.75,215,NQ.v.0
2020-11-09 02:16:00+00:00,33,1,16337,12325.5,12326.0,12318.5,12321.0,192,NQ.v.0
2020-11-09 02:17:00+00:00,33,1,16337,12321.75,12323.25,12320.75,12321.5,47,NQ.v.0
2020-11-09 02:18:00+00:00,33,1,16337,12321.75,12323.25,12317.25,12318.25,104,NQ.v.0
2020-11-09 02:19:00+00:00,33,1,16337,12318.0,12318.0,12314.0,12314.25,136,NQ.v.0
2020-11-09 02:20:00+00:00,33,1,16337,12315.25,12315.5,12312.0,12314.75,76,NQ.v.0
2020-11-09 02:21:00+00:00,33,1,16337,12315.75,12319.25,12314.75,12317.0,240,NQ.v.0
2020-11-09 02:22:00+00:00,33,1,16337,12318.25,12325.25,12318.0,12322.0,115,NQ.v.0
2020-11-09 02:23:00+00:00,33,1,16337,12321.75,12323.0,12319.75,12321.5,39,NQ.v.0
2020-11-09 02:24:00+00:00,33,1,16337,12320.5,12321.75,12319.0,12321.0,141,NQ.v.0
2020-11-09 02:25:00+00:00,33,1,16337,12320.25,12324.75,12319.5,12324.75,49,NQ.v.0
2020-11-09 02:26:00+00:00,33,1,16337,12325.0,12326.0,12322.5,12322.75,56,NQ.v.0
2020-11-09 02:27:00+00:00,33,1,16337,12323.5,12324.25,12319.5,12320.25,48,NQ.v.0
2020-11-09 02:28:00+00:00,33,1,16337,12319.75,12324.25,12318.0,12322.75,69,NQ.v.0
2020-11-09 02:29:00+00:00,33,1,16337,12322.5,12323.5,12320.75,12322.25,23,NQ.v.0
2020-11-09 02:30:00+00:00,33,1,16337,12322.25,12324.25,12318.75,12318.75,46,NQ.v.0
2020-11-09 02:31:00+00:00,33,1,16337,12318.75,12322.25,12314.5,12322.0,137,NQ.v.0
2020-11-09 02:32:00+00:00,33,1,16337,12322.25,12328.25,12322.25,12328.25,158,NQ.v.0
2020-11-09 02:33:00+00:00,33,1,16337,12327.0,12334.75,12326.75,12332.75,209,NQ.v.0
2020-11-09 02:34:00+00:00,33,1,16337,12332.5,12345.0,12326.0,12326.75,566,NQ.v.0
2020-11-09 02:35:00+00:00,33,1,16337,12327.0,12328.25,12320.75,12325.25,200,NQ.v.0
2020-11-09 02:36:00+00:00,33,1,16337,12325.5,12331.0,12325.5,12329.25,70,NQ.v.0
2020-11-09 02:37:00+00:00,33,1,16337,12328.5,12332.25,12328.25,12328.75,42,NQ.v.0
2020-11-09 02:38:00+00:00,33,1,16337,12328.25,12331.0,12326.0,12329.75,42,NQ.v.0
2020-11-09 02:39:00+00:00,33,1,16337,12327.75,12328.75,12325.25,12325.25,21,NQ.v.0
2020-11-09 02:40:00+00:00,33,1,16337,12326.25,12328.5,12326.25,12328.0,30,NQ.v.0
2020-11-09 02:41:00+00:00,33,1,16337,12328.25,12328.25,12324.5,12325.75,29,NQ.v.0
2020-11-09 02:42:00+00:00,33,1,16337,12324.5,12324.5,12318.25,12321.75,177,NQ.v.0
2020-11-09 02:43:00+00:00,33,1,16337,12323.25,12327.5,12321.75,12327.0,47,NQ.v.0
2020-11-09 02:44:00+00:00,33,1,16337,12327.0,12327.5,12323.5,12323.5,29,NQ.v.0
2020-11-09 02:45:00+00:00,33,1,16337,12323.5,12326.75,12320.5,12321.25,44,NQ.v.0
2020-11-09 02:46:00+00:00,33,1,16337,12321.5,12321.5,12314.0,12316.25,95,NQ.v.0
2020-11-09 02:47:00+00:00,33,1,16337,12316.0,12321.75,12315.0,12319.75,63,NQ.v.0
2020-11-09 02:48:00+00:00,33,1,16337,12320.5,12326.25,12318.25,12326.25,74,NQ.v.0
2020-11-09 02:49:00+00:00,33,1,16337,12325.5,12328.0,12321.75,12324.75,66,NQ.v.0
2020-11-09 02:50:00+00:00,33,1,16337,12325.0,12326.0,12321.0,12321.0,57,NQ.v.0
2020-11-09 02:51:00+00:00,33,1,16337,12322.0,12323.75,12319.25,12319.25,39,NQ.v.0
2020-11-09 02:52:00+00:00,33,1,16337,12319.5,12325.5,12318.75,12324.5,50,NQ.v.0
2020-11-09 02:53:00+00:00,33,1,16337,12324.25,12325.0,12322.0,12323.25,24,NQ.v.0
2020-11-09 02:54:00+00:00,33,1,16337,12322.75,12322.75,12322.0,12322.0,14,NQ.v.0
2020-11-09 02:55:00+00:00,33,1,16337,12322.25,12325.0,12321.25,12322.25,48,NQ.v.0
2020-11-09 02:56:00+00:00,33,1,16337,12322.5,12330.25,12322.0,12330.25,99,NQ.v.0
2020-11-09 02:57:00+00:00,33,1,16337,12330.5,12334.5,12328.25,12328.5,143,NQ.v.0
2020-11-09 02:58:00+00:00,33,1,16337,12328.75,12331.0,12326.5,12328.75,39,NQ.v.0
2020-11-09 02:59:00+00:00,33,1,16337,12326.75,12332.25,12325.5,12329.0,99,NQ.v.0
2020-11-09 03:00:00+00:00,33,1,16337,12328.25,12331.0,12327.0,12328.5,46,NQ.v.0
2020-11-09 03:01:00+00:00,33,1,16337,12329.75,12329.75,12326.5,12327.0,17,NQ.v.0
2020-11-09 03:02:00+00:00,33,1,16337,12328.25,12329.5,12324.25,12328.75,41,NQ.v.0
2020-11-09 03:03:00+00:00,33,1,16337,12328.75,12331.0,12325.5,12325.5,55,NQ.v.0
2020-11-09 03:04:00+00:00,33,1,16337,12326.0,12327.0,12321.5,12321.5,57,NQ.v.0
2020-11-09 03:05:00+00:00,33,1,16337,12321.0,12324.75,12321.0,12323.5,30,NQ.v.0
2020-11-09 03:06:00+00:00,33,1,16337,12323.25,12328.0,12323.25,12327.25,58,NQ.v.0
2020-11-09 03:07:00+00:00,33,1,16337,12327.25,12329.5,12326.0,12329.25,49,NQ.v.0
2020-11-09 03:08:00+00:00,33,1,16337,12328.75,12334.0,12328.0,12329.5,104,NQ.v.0
2020-11-09 03:09:00+00:00,33,1,16337,12329.0,12330.0,12327.5,12329.0,28,NQ.v.0
2020-11-09 03:10:00+00:00,33,1,16337,12328.25,12328.25,12322.5,12323.0,51,NQ.v.0
2020-11-09 03:11:00+00:00,33,1,16337,12323.25,12326.0,12321.25,12322.75,42,NQ.v.0
2020-11-09 03:12:00+00:00,33,1,16337,12322.5,12325.25,12322.25,12324.5,28,NQ.v.0
2020-11-09 03:13:00+00:00,33,1,16337,12323.25,12324.5,12322.25,12323.5,26,NQ.v.0
2020-11-09 03:14:00+00:00,33,1,16337,12324.75,12328.5,12324.75,12327.5,42,NQ.v.0
2020-11-09 03:15:00+00:00,33,1,16337,12327.75,12328.5,12324.0,12324.0,34,NQ.v.0
2020-11-09 03:16:00+00:00,33,1,16337,12323.5,12329.75,12323.0,12327.25,43,NQ.v.0
2020-11-09 03:17:00+00:00,33,1,16337,12326.75,12328.0,12324.5,12328.0,38,NQ.v.0
2020-11-09 03:18:00+00:00,33,1,16337,12326.25,12329.5,12325.75,12328.5,30,NQ.v.0
2020-11-09 03:19:00+00:00,33,1,16337,12328.0,12328.25,12325.75,12327.25,44,NQ.v.0
2020-11-09 03:20:00+00:00,33,1,16337,12326.25,12328.75,12322.0,12323.0,56,NQ.v.0
2020-11-09 03:21:00+00:00,33,1,16337,12323.75,12327.5,12321.0,12325.5,61,NQ.v.0
2020-11-09 03:22:00+00:00,33,1,16337,12326.0,12330.75,12325.25,12328.5,62,NQ.v.0
2020-11-09 03:23:00+00:00,33,1,16337,12329.75,12331.75,12326.5,12326.75,63,NQ.v.0
2020-11-09 03:24:00+00:00,33,1,16337,12327.25,12328.5,12325.0,12325.5,31,NQ.v.0
2020-11-09 03:25:00+00:00,33,1,16337,12325.5,12326.5,12323.75,12324.5,35,NQ.v.0
2020-11-09 03:26:00+00:00,33,1,16337,12326.0,12328.25,12324.25,12327.75,35,NQ.v.0
2020-11-09 03:27:00+00:00,33,1,16337,12327.75,12328.75,12323.75,12324.75,27,NQ.v.0
2020-11-09 03:28:00+00:00,33,1,16337,12325.5,12327.0,12325.0,12325.5,12,NQ.v.0
2020-11-09 03:29:00+00:00,33,1,16337,12325.0,12326.0,12323.5,12325.75,24,NQ.v.0
2020-11-09 03:30:00+00:00,33,1,16337,12325.5,12326.25,12323.5,12324.25,40,NQ.v.0
2020-11-09 03:31:00+00:00,33,1,16337,12325.0,12325.5,12323.0,12324.25,25,NQ.v.0
2020-11-09 03:32:00+00:00,33,1,16337,12325.5,12326.0,12323.25,12325.5,48,NQ.v.0
2020-11-09 03:33:00+00:00,33,1,16337,12326.75,12326.75,12324.25,12325.0,27,NQ.v.0
2020-11-09 03:34:00+00:00,33,1,16337,12325.0,12325.25,12318.75,12323.5,125,NQ.v.0
2020-11-09 03:35:00+00:00,33,1,16337,12324.5,12328.0,12323.75,12324.0,42,NQ.v.0
2020-11-09 03:36:00+00:00,33,1,16337,12324.0,12325.75,12322.5,12324.0,27,NQ.v.0
2020-11-09 03:37:00+00:00,33,1,16337,12325.0,12327.5,12323.0,12325.75,77,NQ.v.0
2020-11-09 03:38:00+00:00,33,1,16337,12325.5,12327.0,12324.5,12326.25,20,NQ.v.0
2020-11-09 03:39:00+00:00,33,1,16337,12326.0,12326.25,12325.5,12326.0,8,NQ.v.0
2020-11-09 03:40:00+00:00,33,1,16337,12327.0,12330.5,12327.0,12329.25,137,NQ.v.0
2020-11-09 03:41:00+00:00,33,1,16337,12328.25,12329.25,12327.75,12329.25,16,NQ.v.0
2020-11-09 03:42:00+00:00,33,1,16337,12329.25,12330.0,12328.25,12328.5,24,NQ.v.0
2020-11-09 03:43:00+00:00,33,1,16337,12328.25,12328.25,12326.5,12327.0,18,NQ.v.0
2020-11-09 03:44:00+00:00,33,1,16337,12326.75,12331.0,12326.5,12330.25,43,NQ.v.0
2020-11-09 03:45:00+00:00,33,1,16337,12329.5,12333.0,12328.75,12329.0,133,NQ.v.0
2020-11-09 03:46:00+00:00,33,1,16337,12328.75,12329.0,12326.25,12328.25,42,NQ.v.0
2020-11-09 03:47:00+00:00,33,1,16337,12329.0,12329.5,12327.0,12327.0,25,NQ.v.0
2020-11-09 03:48:00+00:00,33,1,16337,12326.5,12328.0,12325.5,12326.75,24,NQ.v.0
2020-11-09 03:49:00+00:00,33,1,16337,12326.75,12327.5,12326.0,12327.25,22,NQ.v.0
2020-11-09 03:50:00+00:00,33,1,16337,12327.5,12330.0,12326.75,12330.0,46,NQ.v.0
2020-11-09 03:51:00+00:00,33,1,16337,12329.75,12332.25,12329.75,12331.0,49,NQ.v.0
2020-11-09 03:52:00+00:00,33,1,16337,12331.5,12342.0,12331.25,12339.0,285,NQ.v.0
2020-11-09 03:53:00+00:00,33,1,16337,12338.75,12361.75,12338.0,12361.25,507,NQ.v.0
2020-11-09 03:54:00+00:00,33,1,16337,12361.0,12375.0,12353.75,12356.5,601,NQ.v.0
2020-11-09 03:55:00+00:00,33,1,16337,12357.25,12357.5,12351.75,12354.5,100,NQ.v.0
2020-11-09 03:56:00+00:00,33,1,16337,12354.5,12359.75,12351.5,12353.75,450,NQ.v.0
2020-11-09 03:57:00+00:00,33,1,16337,12353.75,12355.5,12347.25,12352.5,163,NQ.v.0
2020-11-09 03:58:00+00:00,33,1,16337,12352.75,12354.75,12351.0,12353.0,47,NQ.v.0
2020-11-09 03:59:00+00:00,33,1,16337,12353.0,12369.0,12353.0,12361.5,267,NQ.v.0
2020-11-09 04:00:00+00:00,33,1,16337,12361.5,12374.75,12360.5,12364.75,326,NQ.v.0
2020-11-09 04:01:00+00:00,33,1,16337,12363.75,12368.0,12358.25,12367.0,266,NQ.v.0
2020-11-09 04:02:00+00:00,33,1,16337,12367.25,12369.75,12363.5,12369.25,214,NQ.v.0
2020-11-09 04:03:00+00:00,33,1,16337,12369.0,12369.25,12364.0,12365.5,184,NQ.v.0
2020-11-09 04:04:00+00:00,33,1,16337,12364.75,12365.75,12364.0,12365.0,96,NQ.v.0
2020-11-09 04:05:00+00:00,33,1,16337,12364.5,12373.5,12364.0,12367.75,467,NQ.v.0
2020-11-09 04:06:00+00:00,33,1,16337,12368.25,12379.25,12368.25,12375.0,528,NQ.v.0
2020-11-09 04:07:00+00:00,33,1,16337,12375.0,12379.5,12370.0,12377.0,289,NQ.v.0
2020-11-09 04:08:00+00:00,33,1,16337,12376.5,12381.0,12375.75,12377.25,267,NQ.v.0
2020-11-09 04:09:00+00:00,33,1,16337,12376.25,12386.0,12375.0,12382.0,237,NQ.v.0
2020-11-09 04:10:00+00:00,33,1,16337,12382.25,12385.0,12379.25,12383.25,201,NQ.v.0
2020-11-09 04:11:00+00:00,33,1,16337,12383.0,12391.75,12382.5,12388.75,373,NQ.v.0
2020-11-09 04:12:00+00:00,33,1,16337,12389.0,12389.25,12383.0,12386.75,204,NQ.v.0
2020-11-09 04:13:00+00:00,33,1,16337,12386.5,12387.5,12384.75,12385.5,92,NQ.v.0
2020-11-09 04:14:00+00:00,33,1,16337,12385.5,12386.5,12382.5,12383.25,147,NQ.v.0
2020-11-09 04:15:00+00:00,33,1,16337,12383.5,12385.75,12382.5,12383.25,117,NQ.v.0
2020-11-09 04:16:00+00:00,33,1,16337,12383.0,12383.0,12374.25,12380.5,203,NQ.v.0
2020-11-09 04:17:00+00:00,33,1,16337,12381.25,12381.25,12376.5,12376.5,84,NQ.v.0
2020-11-09 04:18:00+00:00,33,1,16337,12377.5,12381.75,12376.25,12381.75,94,NQ.v.0
2020-11-09 04:19:00+00:00,33,1,16337,12381.5,12381.75,12377.25,12380.0,82,NQ.v.0
2020-11-09 04:20:00+00:00,33,1,16337,12380.0,12380.25,12377.75,12379.0,59,NQ.v.0
2020-11-09 04:21:00+00:00,33,1,16337,12379.0,12380.25,12378.25,12380.0,45,NQ.v.0
2020-11-09 04:22:00+00:00,33,1,16337,12379.5,12381.75,12378.5,12380.0,53,NQ.v.0
2020-11-09 04:23:00+00:00,33,1,16337,12380.75,12387.5,12379.75,12385.0,119,NQ.v.0
2020-11-09 04:24:00+00:00,33,1,16337,12384.25,12391.25,12384.25,12385.0,152,NQ.v.0
2020-11-09 04:25:00+00:00,33,1,16337,12385.0,12387.0,12380.0,12380.5,105,NQ.v.0
2020-11-09 04:26:00+00:00,33,1,16337,12380.0,12383.5,12378.5,12379.25,77,NQ.v.0
2020-11-09 04:27:00+00:00,33,1,16337,12379.0,12382.0,12378.75,12381.5,39,NQ.v.0
2020-11-09 04:28:00+00:00,33,1,16337,12381.25,12383.25,12378.0,12382.25,74,NQ.v.0
2020-11-09 04:29:00+00:00,33,1,16337,12382.75,12383.25,12379.0,12383.25,74,NQ.v.0
2020-11-09 04:30:00+00:00,33,1,16337,12383.0,12386.75,12380.0,12382.0,110,NQ.v.0
2020-11-09 04:31:00+00:00,33,1,16337,12382.5,12385.5,12380.25,12385.25,55,NQ.v.0
2020-11-09 04:32:00+00:00,33,1,16337,12385.5,12388.5,12383.5,12384.25,95,NQ.v.0
2020-11-09 04:33:00+00:00,33,1,16337,12385.0,12388.0,12385.0,12385.5,78,NQ.v.0
2020-11-09 04:34:00+00:00,33,1,16337,12385.75,12397.0,12384.75,12394.5,344,NQ.v.0
2020-11-09 04:35:00+00:00,33,1,16337,12394.75,12400.0,12391.75,12398.75,248,NQ.v.0
2020-11-09 04:36:00+00:00,33,1,16337,12398.75,12399.25,12394.5,12396.25,161,NQ.v.0
2020-11-09 04:37:00+00:00,33,1,16337,12395.25,12405.0,12395.25,12400.0,270,NQ.v.0
2020-11-09 04:38:00+00:00,33,1,16337,12400.5,12400.5,12396.0,12400.0,130,NQ.v.0
2020-11-09 04:39:00+00:00,33,1,16337,12400.25,12408.75,12399.25,12400.75,267,NQ.v.0
2020-11-09 04:40:00+00:00,33,1,16337,12400.25,12403.5,12397.25,12402.0,141,NQ.v.0
2020-11-09 04:41:00+00:00,33,1,16337,12402.5,12407.0,12400.0,12405.5,92,NQ.v.0
2020-11-09 04:42:00+00:00,33,1,16337,12405.5,12406.25,12400.75,12401.5,102,NQ.v.0
2020-11-09 04:43:00+00:00,33,1,16337,12401.5,12401.5,12398.25,12399.75,140,NQ.v.0
2020-11-09 04:44:00+00:00,33,1,16337,12399.25,12400.0,12396.75,12399.5,61,NQ.v.0
2020-11-09 04:45:00+00:00,33,1,16337,12398.5,12399.75,12393.5,12399.5,113,NQ.v.0
2020-11-09 04:46:00+00:00,33,1,16337,12400.0,12403.75,12400.0,12402.25,95,NQ.v.0
2020-11-09 04:47:00+00:00,33,1,16337,12402.0,12405.0,12400.5,12401.75,75,NQ.v.0
2020-11-09 04:48:00+00:00,33,1,16337,12402.0,12402.75,12398.5,12401.5,85,NQ.v.0
2020-11-09 04:49:00+00:00,33,1,16337,12401.5,12402.5,12397.25,12399.25,61,NQ.v.0
2020-11-09 04:50:00+00:00,33,1,16337,12399.25,12399.25,12394.0,12395.25,123,NQ.v.0
2020-11-09 04:51:00+00:00,33,1,16337,12396.5,12396.75,12393.5,12394.75,106,NQ.v.0
2020-11-09 04:52:00+00:00,33,1,16337,12394.0,12395.5,12391.5,12394.0,74,NQ.v.0
2020-11-09 04:53:00+00:00,33,1,16337,12394.5,12395.0,12390.25,12391.75,76,NQ.v.0
2020-11-09 04:54:00+00:00,33,1,16337,12391.5,12392.75,12387.0,12390.0,192,NQ.v.0
2020-11-09 04:55:00+00:00,33,1,16337,12392.0,12398.5,12391.25,12396.75,158,NQ.v.0
2020-11-09 04:56:00+00:00,33,1,16337,12397.0,12397.75,12393.5,12393.5,55,NQ.v.0
2020-11-09 04:57:00+00:00,33,1,16337,12393.5,12395.5,12393.0,12394.5,53,NQ.v.0
2020-11-09 04:58:00+00:00,33,1,16337,12394.75,12396.25,12393.25,12395.5,45,NQ.v.0
2020-11-09 04:59:00+00:00,33,1,16337,12396.0,12396.0,12393.0,12394.0,26,NQ.v.0
2020-11-09 05:00:00+00:00,33,1,16337,12393.5,12400.25,12393.25,12393.25,113,NQ.v.0
2020-11-09 05:01:00+00:00,33,1,16337,12394.5,12396.75,12394.0,12394.75,39,NQ.v.0
2020-11-09 05:02:00+00:00,33,1,16337,12394.75,12399.5,12394.75,12397.5,48,NQ.v.0
2020-11-09 05:03:00+00:00,33,1,16337,12396.5,12396.75,12393.5,12395.25,35,NQ.v.0
2020-11-09 05:04:00+00:00,33,1,16337,12393.75,12398.25,12393.75,12395.25,34,NQ.v.0
2020-11-09 05:05:00+00:00,33,1,16337,12395.25,12399.25,12393.0,12393.0,83,NQ.v.0
2020-11-09 05:06:00+00:00,33,1,16337,12392.75,12392.75,12382.75,12385.25,294,NQ.v.0
2020-11-09 05:07:00+00:00,33,1,16337,12386.0,12390.25,12386.0,12388.25,61,NQ.v.0
2020-11-09 05:08:00+00:00,33,1,16337,12388.5,12391.5,12388.5,12390.0,37,NQ.v.0
2020-11-09 05:09:00+00:00,33,1,16337,12389.5,12393.25,12389.25,12392.5,108,NQ.v.0
2020-11-09 05:10:00+00:00,33,1,16337,12392.5,12393.5,12386.5,12387.0,172,NQ.v.0
2020-11-09 05:11:00+00:00,33,1,16337,12387.25,12389.0,12385.0,12387.75,83,NQ.v.0
2020-11-09 05:12:00+00:00,33,1,16337,12386.75,12388.0,12384.5,12386.5,58,NQ.v.0
2020-11-09 05:13:00+00:00,33,1,16337,12386.5,12388.5,12385.75,12387.0,30,NQ.v.0
2020-11-09 05:14:00+00:00,33,1,16337,12386.5,12388.5,12386.5,12387.75,40,NQ.v.0
2020-11-09 05:15:00+00:00,33,1,16337,12389.0,12389.0,12384.5,12385.5,68,NQ.v.0
2020-11-09 05:16:00+00:00,33,1,16337,12385.75,12389.75,12385.5,12388.75,38,NQ.v.0
2020-11-09 05:17:00+00:00,33,1,16337,12388.5,12390.0,12387.75,12390.0,28,NQ.v.0
2020-11-09 05:18:00+00:00,33,1,16337,12389.75,12393.25,12389.0,12392.5,64,NQ.v.0
2020-11-09 05:19:00+00:00,33,1,16337,12393.75,12395.75,12391.75,12393.5,72,NQ.v.0
2020-11-09 05:20:00+00:00,33,1,16337,12393.75,12395.25,12392.0,12394.75,72,NQ.v.0
2020-11-09 05:21:00+00:00,33,1,16337,12394.75,12396.25,12393.75,12394.75,22,NQ.v.0
2020-11-09 05:22:00+00:00,33,1,16337,12394.5,12401.0,12394.25,12400.25,115,NQ.v.0
2020-11-09 05:23:00+00:00,33,1,16337,12399.75,12400.0,12396.75,12398.75,68,NQ.v.0
2020-11-09 05:24:00+00:00,33,1,16337,12398.5,12403.0,12398.5,12402.75,87,NQ.v.0
2020-11-09 05:25:00+00:00,33,1,16337,12402.0,12402.25,12399.0,12400.5,72,NQ.v.0
2020-11-09 05:26:00+00:00,33,1,16337,12400.0,12400.25,12396.75,12398.25,43,NQ.v.0
2020-11-09 05:27:00+00:00,33,1,16337,12397.75,12398.0,12396.5,12397.0,30,NQ.v.0
2020-11-09 05:28:00+00:00,33,1,16337,12396.5,12398.25,12395.0,12396.25,34,NQ.v.0
2020-11-09 05:29:00+00:00,33,1,16337,12396.0,12397.0,12394.5,12395.0,49,NQ.v.0
2020-11-09 05:30:00+00:00,33,1,16337,12396.0,12398.0,12386.0,12386.75,184,NQ.v.0
2020-11-09 05:31:00+00:00,33,1,16337,12387.5,12390.5,12387.0,12389.25,55,NQ.v.0
2020-11-09 05:32:00+00:00,33,1,16337,12389.0,12392.5,12388.5,12390.5,46,NQ.v.0
2020-11-09 05:33:00+00:00,33,1,16337,12390.75,12393.25,12390.75,12392.0,26,NQ.v.0
2020-11-09 05:34:00+00:00,33,1,16337,12392.0,12393.5,12391.0,12391.75,25,NQ.v.0
2020-11-09 05:35:00+00:00,33,1,16337,12391.75,12394.75,12390.0,12394.0,64,NQ.v.0
2020-11-09 05:36:00+00:00,33,1,16337,12394.25,12401.0,12393.5,12399.75,93,NQ.v.0
2020-11-09 05:37:00+00:00,33,1,16337,12399.25,12401.75,12398.5,12400.25,67,NQ.v.0
2020-11-09 05:38:00+00:00,33,1,16337,12400.0,12401.75,12397.25,12400.5,75,NQ.v.0
2020-11-09 05:39:00+00:00,33,1,16337,12399.75,12400.0,12398.25,12398.75,44,NQ.v.0
2020-11-09 05:40:00+00:00,33,1,16337,12398.25,12400.0,12397.25,12400.0,53,NQ.v.0
2020-11-09 05:41:00+00:00,33,1,16337,12400.0,12404.0,12400.0,12400.0,131,NQ.v.0
2020-11-09 05:42:00+00:00,33,1,16337,12400.0,12400.0,12397.25,12397.75,46,NQ.v.0
2020-11-09 05:43:00+00:00,33,1,16337,12399.75,12403.75,12399.75,12403.25,41,NQ.v.0
2020-11-09 05:44:00+00:00,33,1,16337,12403.25,12403.5,12398.25,12399.75,50,NQ.v.0
2020-11-09 05:45:00+00:00,33,1,16337,12399.75,12400.5,12392.0,12393.0,135,NQ.v.0
2020-11-09 05:46:00+00:00,33,1,16337,12392.5,12394.5,12389.5,12391.25,125,NQ.v.0
2020-11-09 05:47:00+00:00,33,1,16337,12392.0,12392.5,12387.5,12388.25,137,NQ.v.0
2020-11-09 05:48:00+00:00,33,1,16337,12388.0,12389.25,12377.0,12384.5,409,NQ.v.0
2020-11-09 05:49:00+00:00,33,1,16337,12385.25,12385.25,12379.0,12379.0,172,NQ.v.0
2020-11-09 05:50:00+00:00,33,1,16337,12379.75,12379.75,12368.5,12375.0,324,NQ.v.0
2020-11-09 05:51:00+00:00,33,1,16337,12374.5,12376.25,12370.5,12373.25,130,NQ.v.0
2020-11-09 05:52:00+00:00,33,1,16337,12373.25,12379.0,12373.0,12375.75,139,NQ.v.0
2020-11-09 05:53:00+00:00,33,1,16337,12375.5,12376.25,12370.75,12371.25,97,NQ.v.0
2020-11-09 05:54:00+00:00,33,1,16337,12370.25,12376.0,12370.0,12375.0,126,NQ.v.0
2020-11-09 05:55:00+00:00,33,1,16337,12376.0,12385.0,12375.75,12385.0,188,NQ.v.0
2020-11-09 05:56:00+00:00,33,1,16337,12385.0,12385.0,12378.5,12379.5,153,NQ.v.0
2020-11-09 05:57:00+00:00,33,1,16337,12379.25,12380.0,12372.25,12373.25,118,NQ.v.0
2020-11-09 05:58:00+00:00,33,1,16337,12373.25,12375.5,12373.25,12374.75,44,NQ.v.0
2020-11-09 05:59:00+00:00,33,1,16337,12374.25,12382.25,12374.25,12381.75,92,NQ.v.0
2020-11-09 06:00:00+00:00,33,1,16337,12381.5,12384.5,12375.25,12379.0,136,NQ.v.0
2020-11-09 06:01:00+00:00,33,1,16337,12379.0,12381.0,12376.75,12379.0,56,NQ.v.0
2020-11-09 06:02:00+00:00,33,1,16337,12378.75,12379.0,12371.0,12372.5,90,NQ.v.0
2020-11-09 06:03:00+00:00,33,1,16337,12373.75,12376.5,12364.5,12376.25,349,NQ.v.0
2020-11-09 06:04:00+00:00,33,1,16337,12377.0,12380.0,12372.5,12377.25,106,NQ.v.0
2020-11-09 06:05:00+00:00,33,1,16337,12378.5,12378.5,12374.5,12376.5,76,NQ.v.0
2020-11-09 06:06:00+00:00,33,1,16337,12376.75,12379.0,12375.5,12379.0,56,NQ.v.0
2020-11-09 06:07:00+00:00,33,1,16337,12379.0,12379.0,12374.0,12377.0,49,NQ.v.0
2020-11-09 06:08:00+00:00,33,1,16337,12376.25,12376.25,12369.75,12370.75,80,NQ.v.0
2020-11-09 06:09:00+00:00,33,1,16337,12370.0,12374.0,12367.75,12373.0,111,NQ.v.0
2020-11-09 06:10:00+00:00,33,1,16337,12372.75,12374.75,12363.0,12364.25,177,NQ.v.0
2020-11-09 06:11:00+00:00,33,1,16337,12364.0,12369.5,12361.5,12363.75,176,NQ.v.0
2020-11-09 06:12:00+00:00,33,1,16337,12363.75,12363.75,12346.5,12353.0,587,NQ.v.0
2020-11-09 06:13:00+00:00,33,1,16337,12352.0,12359.0,12349.5,12359.0,185,NQ.v.0
2020-11-09 06:14:00+00:00,33,1,16337,12359.5,12360.0,12349.0,12351.5,258,NQ.v.0
2020-11-09 06:15:00+00:00,33,1,16337,12351.5,12354.75,12349.75,12354.25,189,NQ.v.0
2020-11-09 06:16:00+00:00,33,1,16337,12353.0,12353.5,12338.0,12347.5,373,NQ.v.0
2020-11-09 06:17:00+00:00,33,1,16337,12346.75,12352.0,12343.5,12345.5,163,NQ.v.0
2020-11-09 06:18:00+00:00,33,1,16337,12347.75,12351.5,12346.5,12351.5,53,NQ.v.0
2020-11-09 06:19:00+00:00,33,1,16337,12351.5,12355.0,12342.5,12342.75,189,NQ.v.0
2020-11-09 06:20:00+00:00,33,1,16337,12343.0,12350.5,12342.75,12350.5,90,NQ.v.0
2020-11-09 06:21:00+00:00,33,1,16337,12350.75,12352.0,12341.0,12341.0,201,NQ.v.0
2020-11-09 06:22:00+00:00,33,1,16337,12340.5,12345.5,12332.25,12337.0,296,NQ.v.0
2020-11-09 06:23:00+00:00,33,1,16337,12336.25,12339.5,12331.25,12337.75,284,NQ.v.0
2020-11-09 06:24:00+00:00,33,1,16337,12338.75,12341.75,12334.75,12339.5,110,NQ.v.0
2020-11-09 06:25:00+00:00,33,1,16337,12339.75,12342.25,12337.75,12340.25,81,NQ.v.0
2020-11-09 06:26:00+00:00,33,1,16337,12342.25,12345.25,12341.75,12344.0,127,NQ.v.0
2020-11-09 06:27:00+00:00,33,1,16337,12344.0,12348.5,12343.75,12347.25,102,NQ.v.0
2020-11-09 06:28:00+00:00,33,1,16337,12347.0,12348.0,12344.0,12344.0,160,NQ.v.0
2020-11-09 06:29:00+00:00,33,1,16337,12344.25,12347.0,12342.0,12345.75,90,NQ.v.0
2020-11-09 06:30:00+00:00,33,1,16337,12345.0,12345.0,12323.25,12330.25,466,NQ.v.0
2020-11-09 06:31:00+00:00,33,1,16337,12331.0,12333.25,12327.5,12328.5,245,NQ.v.0
2020-11-09 06:32:00+00:00,33,1,16337,12327.75,12343.5,12326.5,12334.5,334,NQ.v.0
2020-11-09 06:33:00+00:00,33,1,16337,12334.5,12334.75,12323.25,12329.75,164,NQ.v.0
2020-11-09 06:34:00+00:00,33,1,16337,12328.75,12329.75,12324.25,12325.25,97,NQ.v.0
2020-11-09 06:35:00+00:00,33,1,16337,12325.5,12329.75,12324.5,12325.25,117,NQ.v.0
2020-11-09 06:36:00+00:00,33,1,16337,12324.5,12328.0,12324.5,12327.25,85,NQ.v.0
2020-11-09 06:37:00+00:00,33,1,16337,12327.25,12327.75,12310.5,12316.25,442,NQ.v.0
2020-11-09 06:38:00+00:00,33,1,16337,12316.25,12325.0,12315.25,12317.5,236,NQ.v.0
2020-11-09 06:39:00+00:00,33,1,16337,12316.75,12323.25,12316.75,12322.0,46,NQ.v.0
2020-11-09 06:40:00+00:00,33,1,16337,12322.0,12323.0,12309.25,12313.5,232,NQ.v.0
2020-11-09 06:41:00+00:00,33,1,16337,12313.75,12322.0,12312.75,12321.75,112,NQ.v.0
2020-11-09 06:42:00+00:00,33,1,16337,12322.0,12334.0,12321.0,12331.75,265,NQ.v.0
2020-11-09 06:43:00+00:00,33,1,16337,12331.0,12341.0,12331.0,12338.0,283,NQ.v.0
2020-11-09 06:44:00+00:00,33,1,16337,12338.0,12348.5,12338.0,12339.75,369,NQ.v.0
2020-11-09 06:45:00+00:00,33,1,16337,12339.25,12346.25,12339.25,12343.0,75,NQ.v.0
2020-11-09 06:46:00+00:00,33,1,16337,12344.0,12349.5,12342.5,12346.25,103,NQ.v.0
2020-11-09 06:47:00+00:00,33,1,16337,12346.5,12348.25,12344.5,12346.25,63,NQ.v.0
2020-11-09 06:48:00+00:00,33,1,16337,12346.0,12348.75,12344.75,12346.25,66,NQ.v.0
2020-11-09 06:49:00+00:00,33,1,16337,12345.0,12352.75,12344.5,12352.0,144,NQ.v.0
2020-11-09 06:50:00+00:00,33,1,16337,12352.0,12352.0,12347.5,12347.5,68,NQ.v.0
2020-11-09 06:51:00+00:00,33,1,16337,12347.0,12347.0,12337.75,12347.0,171,NQ.v.0
2020-11-09 06:52:00+00:00,33,1,16337,12347.0,12347.0,12341.25,12343.75,58,NQ.v.0
2020-11-09 06:53:00+00:00,33,1,16337,12344.75,12346.75,12324.0,12332.5,306,NQ.v.0
2020-11-09 06:54:00+00:00,33,1,16337,12332.75,12339.25,12328.0,12331.25,189,NQ.v.0
2020-11-09 06:55:00+00:00,33,1,16337,12330.25,12336.5,12326.5,12333.0,99,NQ.v.0
2020-11-09 06:56:00+00:00,33,1,16337,12332.75,12337.75,12331.75,12336.5,80,NQ.v.0
2020-11-09 06:57:00+00:00,33,1,16337,12335.25,12338.25,12333.75,12334.5,44,NQ.v.0
2020-11-09 06:58:00+00:00,33,1,16337,12335.75,12335.75,12333.75,12335.75,37,NQ.v.0
2020-11-09 06:59:00+00:00,33,1,16337,12337.0,12343.25,12336.75,12338.0,131,NQ.v.0
2020-11-09 07:00:00+00:00,33,1,16337,12339.0,12340.5,12325.5,12328.25,164,NQ.v.0
2020-11-09 07:01:00+00:00,33,1,16337,12328.75,12334.5,12327.5,12330.0,108,NQ.v.0
2020-11-09 07:02:00+00:00,33,1,16337,12330.5,12353.5,12330.25,12349.25,341,NQ.v.0
2020-11-09 07:03:00+00:00,33,1,16337,12349.0,12352.25,12343.5,12350.75,171,NQ.v.0
2020-11-09 07:04:00+00:00,33,1,16337,12349.75,12349.75,12330.5,12337.0,207,NQ.v.0
2020-11-09 07:05:00+00:00,33,1,16337,12338.25,12343.0,12335.75,12335.75,93,NQ.v.0
2020-11-09 07:06:00+00:00,33,1,16337,12335.75,12344.0,12335.75,12343.25,74,NQ.v.0
2020-11-09 07:07:00+00:00,33,1,16337,12343.0,12347.25,12341.75,12343.0,87,NQ.v.0
2020-11-09 07:08:00+00:00,33,1,16337,12343.25,12343.75,12339.0,12343.25,48,NQ.v.0
2020-11-09 07:09:00+00:00,33,1,16337,12343.75,12345.25,12337.25,12339.25,70,NQ.v.0
2020-11-09 07:10:00+00:00,33,1,16337,12340.0,12342.75,12337.75,12339.75,46,NQ.v.0
2020-11-09 07:11:00+00:00,33,1,16337,12337.75,12338.0,12332.25,12338.0,102,NQ.v.0
2020-11-09 07:12:00+00:00,33,1,16337,12337.75,12343.5,12337.75,12339.0,86,NQ.v.0
2020-11-09 07:13:00+00:00,33,1,16337,12339.0,12344.0,12339.0,12339.75,64,NQ.v.0
2020-11-09 07:14:00+00:00,33,1,16337,12339.75,12339.75,12335.0,12337.5,51,NQ.v.0
2020-11-09 07:15:00+00:00,33,1,16337,12339.0,12342.25,12337.0,12341.75,61,NQ.v.0
2020-11-09 07:16:00+00:00,33,1,16337,12342.25,12343.25,12337.75,12337.75,71,NQ.v.0
2020-11-09 07:17:00+00:00,33,1,16337,12337.25,12338.0,12333.25,12337.25,105,NQ.v.0
2020-11-09 07:18:00+00:00,33,1,16337,12338.0,12344.75,12335.0,12343.75,99,NQ.v.0
2020-11-09 07:19:00+00:00,33,1,16337,12343.0,12343.75,12334.5,12335.5,132,NQ.v.0
2020-11-09 07:20:00+00:00,33,1,16337,12336.25,12340.0,12336.0,12338.5,38,NQ.v.0
2020-11-09 07:21:00+00:00,33,1,16337,12339.0,12340.0,12333.5,12337.0,85,NQ.v.0
2020-11-09 07:22:00+00:00,33,1,16337,12336.5,12339.0,12322.0,12328.25,275,NQ.v.0
2020-11-09 07:23:00+00:00,33,1,16337,12329.25,12332.0,12324.0,12324.0,258,NQ.v.0
2020-11-09 07:24:00+00:00,33,1,16337,12324.5,12325.75,12315.5,12320.5,282,NQ.v.0
2020-11-09 07:25:00+00:00,33,1,16337,12321.0,12329.0,12320.75,12321.5,141,NQ.v.0
2020-11-09 07:26:00+00:00,33,1,16337,12321.25,12328.75,12320.0,12323.5,83,NQ.v.0
2020-11-09 07:27:00+00:00,33,1,16337,12324.25,12326.75,12321.75,12326.75,45,NQ.v.0
2020-11-09 07:28:00+00:00,33,1,16337,12326.0,12332.0,12323.75,12324.0,100,NQ.v.0
2020-11-09 07:29:00+00:00,33,1,16337,12325.5,12325.5,12317.0,12320.75,85,NQ.v.0
2020-11-09 07:30:00+00:00,33,1,16337,12322.0,12326.5,12321.0,12325.0,76,NQ.v.0
2020-11-09 07:31:00+00:00,33,1,16337,12326.0,12332.0,12320.5,12322.0,145,NQ.v.0
2020-11-09 07:32:00+00:00,33,1,16337,12322.25,12323.0,12315.25,12317.75,134,NQ.v.0
2020-11-09 07:33:00+00:00,33,1,16337,12318.25,12320.25,12316.5,12317.75,31,NQ.v.0
2020-11-09 07:34:00+00:00,33,1,16337,12318.5,12325.0,12318.5,12322.5,67,NQ.v.0
2020-11-09 07:35:00+00:00,33,1,16337,12325.0,12328.5,12322.0,12325.75,66,NQ.v.0
2020-11-09 07:36:00+00:00,33,1,16337,12326.25,12326.25,12316.75,12320.5,73,NQ.v.0
2020-11-09 07:37:00+00:00,33,1,16337,12322.5,12323.0,12312.0,12314.5,213,NQ.v.0
2020-11-09 07:38:00+00:00,33,1,16337,12314.75,12323.0,12314.75,12322.5,80,NQ.v.0
2020-11-09 07:39:00+00:00,33,1,16337,12321.0,12326.0,12317.0,12322.5,116,NQ.v.0
2020-11-09 07:40:00+00:00,33,1,16337,12322.0,12322.0,12312.25,12314.75,127,NQ.v.0
2020-11-09 07:41:00+00:00,33,1,16337,12313.25,12315.5,12300.25,12312.25,441,NQ.v.0
2020-11-09 07:42:00+00:00,33,1,16337,12312.75,12315.0,12303.0,12303.0,197,NQ.v.0
2020-11-09 07:43:00+00:00,33,1,16337,12303.25,12310.75,12289.0,12305.5,544,NQ.v.0
2020-11-09 07:44:00+00:00,33,1,16337,12305.5,12310.75,12304.25,12308.75,91,NQ.v.0
2020-11-09 07:45:00+00:00,33,1,16337,12307.5,12311.5,12300.5,12307.0,186,NQ.v.0
2020-11-09 07:46:00+00:00,33,1,16337,12308.25,12311.5,12305.75,12310.25,82,NQ.v.0
2020-11-09 07:47:00+00:00,33,1,16337,12310.25,12311.75,12305.0,12309.5,108,NQ.v.0
2020-11-09 07:48:00+00:00,33,1,16337,12309.0,12309.0,12302.0,12302.75,132,NQ.v.0
2020-11-09 07:49:00+00:00,33,1,16337,12301.75,12307.0,12301.5,12303.25,73,NQ.v.0
2020-11-09 07:50:00+00:00,33,1,16337,12304.0,12306.25,12295.25,12298.25,189,NQ.v.0
2020-11-09 07:51:00+00:00,33,1,16337,12298.75,12306.0,12298.75,12305.5,76,NQ.v.0
2020-11-09 07:52:00+00:00,33,1,16337,12305.75,12311.25,12303.0,12307.5,108,NQ.v.0
2020-11-09 07:53:00+00:00,33,1,16337,12307.25,12311.25,12306.5,12309.5,75,NQ.v.0
2020-11-09 07:54:00+00:00,33,1,16337,12310.25,12310.25,12302.75,12303.5,82,NQ.v.0
2020-11-09 07:55:00+00:00,33,1,16337,12304.75,12313.0,12303.5,12311.5,72,NQ.v.0
2020-11-09 07:56:00+00:00,33,1,16337,12311.0,12319.0,12310.75,12318.75,224,NQ.v.0
2020-11-09 07:57:00+00:00,33,1,16337,12318.75,12326.0,12318.25,12320.25,209,NQ.v.0
2020-11-09 07:58:00+00:00,33,1,16337,12320.5,12323.5,12318.5,12319.5,93,NQ.v.0
2020-11-09 07:59:00+00:00,33,1,16337,12319.0,12323.75,12316.0,12323.75,88,NQ.v.0
2020-11-09 08:00:00+00:00,33,1,16337,12323.0,12330.0,12320.0,12323.0,267,NQ.v.0
2020-11-09 08:01:00+00:00,33,1,16337,12324.5,12325.0,12317.25,12321.5,160,NQ.v.0
2020-11-09 08:02:00+00:00,33,1,16337,12320.0,12322.5,12313.25,12322.5,208,NQ.v.0
2020-11-09 08:03:00+00:00,33,1,16337,12322.75,12323.5,12308.25,12311.0,186,NQ.v.0
2020-11-09 08:04:00+00:00,33,1,16337,12310.5,12311.75,12296.0,12296.5,280,NQ.v.0
2020-11-09 08:05:00+00:00,33,1,16337,12298.75,12317.25,12297.25,12311.5,438,NQ.v.0
2020-11-09 08:06:00+00:00,33,1,16337,12312.0,12316.25,12308.0,12315.25,161,NQ.v.0
2020-11-09 08:07:00+00:00,33,1,16337,12316.0,12325.0,12315.75,12321.5,306,NQ.v.0
2020-11-09 08:08:00+00:00,33,1,16337,12323.25,12323.25,12315.75,12316.75,291,NQ.v.0
2020-11-09 08:09:00+00:00,33,1,16337,12317.25,12324.0,12312.0,12319.0,259,NQ.v.0
2020-11-09 08:10:00+00:00,33,1,16337,12319.5,12320.25,12302.75,12308.0,264,NQ.v.0
2020-11-09 08:11:00+00:00,33,1,16337,12307.75,12311.75,12304.0,12308.75,109,NQ.v.0
2020-11-09 08:12:00+00:00,33,1,16337,12308.0,12308.0,12300.25,12305.0,172,NQ.v.0
2020-11-09 08:13:00+00:00,33,1,16337,12306.75,12310.75,12305.25,12309.0,106,NQ.v.0
2020-11-09 08:14:00+00:00,33,1,16337,12309.75,12309.75,12296.25,12309.0,255,NQ.v.0
2020-11-09 08:15:00+00:00,33,1,16337,12309.0,12316.0,12308.0,12312.25,174,NQ.v.0
2020-11-09 08:16:00+00:00,33,1,16337,12313.0,12316.75,12309.75,12316.75,86,NQ.v.0
2020-11-09 08:17:00+00:00,33,1,16337,12316.5,12319.5,12314.0,12319.5,138,NQ.v.0
2020-11-09 08:18:00+00:00,33,1,16337,12319.25,12324.0,12316.0,12319.25,154,NQ.v.0
2020-11-09 08:19:00+00:00,33,1,16337,12319.25,12327.25,12319.25,12323.75,131,NQ.v.0
2020-11-09 08:20:00+00:00,33,1,16337,12324.0,12324.75,12320.75,12323.25,81,NQ.v.0
2020-11-09 08:21:00+00:00,33,1,16337,12324.75,12335.0,12322.5,12331.0,258,NQ.v.0
2020-11-09 08:22:00+00:00,33,1,16337,12331.25,12335.75,12327.5,12330.0,157,NQ.v.0
2020-11-09 08:23:00+00:00,33,1,16337,12331.0,12333.75,12325.25,12329.25,182,NQ.v.0
2020-11-09 08:24:00+00:00,33,1,16337,12329.25,12329.5,12320.5,12326.0,98,NQ.v.0
2020-11-09 08:25:00+00:00,33,1,16337,12326.0,12326.25,12316.0,12320.75,140,NQ.v.0
2020-11-09 08:26:00+00:00,33,1,16337,12319.5,12320.5,12315.0,12317.5,139,NQ.v.0
2020-11-09 08:27:00+00:00,33,1,16337,12317.25,12319.25,12305.75,12308.25,198,NQ.v.0
2020-11-09 08:28:00+00:00,33,1,16337,12309.0,12312.0,12306.25,12306.25,84,NQ.v.0
2020-11-09 08:29:00+00:00,33,1,16337,12308.25,12318.25,12306.5,12314.75,148,NQ.v.0
2020-11-09 08:30:00+00:00,33,1,16337,12315.0,12317.5,12311.5,12313.25,245,NQ.v.0
2020-11-09 08:31:00+00:00,33,1,16337,12312.75,12316.0,12311.25,12315.75,75,NQ.v.0
2020-11-09 08:32:00+00:00,33,1,16337,12314.25,12323.5,12314.0,12318.75,160,NQ.v.0
2020-11-09 08:33:00+00:00,33,1,16337,12318.0,12325.0,12318.0,12319.0,184,NQ.v.0
2020-11-09 08:34:00+00:00,33,1,16337,12319.75,12324.0,12317.25,12322.0,64,NQ.v.0
2020-11-09 08:35:00+00:00,33,1,16337,12321.5,12325.75,12311.75,12314.0,187,NQ.v.0
2020-11-09 08:36:00+00:00,33,1,16337,12313.0,12319.25,12308.0,12319.25,170,NQ.v.0
2020-11-09 08:37:00+00:00,33,1,16337,12318.5,12326.75,12317.75,12323.5,152,NQ.v.0
2020-11-09 08:38:00+00:00,33,1,16337,12323.5,12325.75,12319.25,12320.25,126,NQ.v.0
2020-11-09 08:39:00+00:00,33,1,16337,12320.0,12323.75,12318.5,12322.5,97,NQ.v.0
2020-11-09 08:40:00+00:00,33,1,16337,12321.75,12325.0,12314.0,12319.0,152,NQ.v.0
2020-11-09 08:41:00+00:00,33,1,16337,12319.25,12323.25,12318.25,12319.25,41,NQ.v.0
2020-11-09 08:42:00+00:00,33,1,16337,12320.25,12323.5,12317.5,12318.25,76,NQ.v.0
2020-11-09 08:43:00+00:00,33,1,16337,12318.5,12327.75,12318.5,12324.75,91,NQ.v.0
2020-11-09 08:44:00+00:00,33,1,16337,12324.75,12330.25,12320.75,12327.75,138,NQ.v.0
2020-11-09 08:45:00+00:00,33,1,16337,12328.5,12335.0,12326.0,12329.0,258,NQ.v.0
2020-11-09 08:46:00+00:00,33,1,16337,12327.75,12339.5,12327.25,12333.75,264,NQ.v.0
2020-11-09 08:47:00+00:00,33,1,16337,12333.25,12337.5,12332.5,12335.5,119,NQ.v.0
2020-11-09 08:48:00+00:00,33,1,16337,12334.75,12336.5,12332.5,12335.0,63,NQ.v.0
2020-11-09 08:49:00+00:00,33,1,16337,12334.75,12334.75,12331.25,12333.75,75,NQ.v.0
2020-11-09 08:50:00+00:00,33,1,16337,12333.5,12337.5,12332.25,12336.75,72,NQ.v.0
2020-11-09 08:51:00+00:00,33,1,16337,12336.5,12346.5,12336.0,12345.5,263,NQ.v.0
2020-11-09 08:52:00+00:00,33,1,16337,12345.0,12346.75,12343.25,12344.75,112,NQ.v.0
2020-11-09 08:53:00+00:00,33,1,16337,12344.75,12345.0,12338.5,12338.5,119,NQ.v.0
2020-11-09 08:54:00+00:00,33,1,16337,12339.75,12342.0,12338.5,12338.5,64,NQ.v.0
2020-11-09 08:55:00+00:00,33,1,16337,12338.0,12339.75,12333.75,12334.75,119,NQ.v.0
2020-11-09 08:56:00+00:00,33,1,16337,12334.25,12335.75,12328.0,12333.0,199,NQ.v.0
2020-11-09 08:57:00+00:00,33,1,16337,12333.5,12333.75,12329.5,12331.5,63,NQ.v.0
2020-11-09 08:58:00+00:00,33,1,16337,12331.5,12331.5,12327.75,12329.0,74,NQ.v.0
2020-11-09 08:59:00+00:00,33,1,16337,12328.75,12331.0,12326.5,12329.75,124,NQ.v.0
2020-11-09 09:00:00+00:00,33,1,16337,12330.75,12330.75,12319.75,12322.5,303,NQ.v.0
2020-11-09 09:01:00+00:00,33,1,16337,12323.25,12328.5,12318.0,12327.5,220,NQ.v.0
2020-11-09 09:02:00+00:00,33,1,16337,12327.5,12328.25,12320.5,12323.75,105,NQ.v.0
2020-11-09 09:03:00+00:00,33,1,16337,12322.75,12323.25,12311.5,12316.25,181,NQ.v.0
2020-11-09 09:04:00+00:00,33,1,16337,12316.0,12318.25,12310.5,12313.75,174,NQ.v.0
2020-11-09 09:05:00+00:00,33,1,16337,12315.75,12315.75,12308.0,12311.0,176,NQ.v.0
2020-11-09 09:06:00+00:00,33,1,16337,12310.0,12316.75,12309.0,12315.5,132,NQ.v.0
2020-11-09 09:07:00+00:00,33,1,16337,12315.25,12321.75,12312.25,12320.0,189,NQ.v.0
2020-11-09 09:08:00+00:00,33,1,16337,12319.75,12321.75,12308.5,12312.75,199,NQ.v.0
2020-11-09 09:09:00+00:00,33,1,16337,12311.25,12319.5,12310.0,12319.5,79,NQ.v.0
2020-11-09 09:10:00+00:00,33,1,16337,12318.5,12321.75,12317.5,12319.75,85,NQ.v.0
2020-11-09 09:11:00+00:00,33,1,16337,12319.25,12322.5,12318.75,12322.5,54,NQ.v.0
2020-11-09 09:12:00+00:00,33,1,16337,12321.75,12328.25,12321.5,12327.5,196,NQ.v.0
2020-11-09 09:13:00+00:00,33,1,16337,12326.75,12333.0,12324.25,12329.25,199,NQ.v.0
2020-11-09 09:14:00+00:00,33,1,16337,12328.25,12330.0,12324.0,12325.75,98,NQ.v.0
2020-11-09 09:15:00+00:00,33,1,16337,12325.25,12328.5,12324.0,12326.25,93,NQ.v.0
2020-11-09 09:16:00+00:00,33,1,16337,12325.75,12330.5,12325.75,12328.5,79,NQ.v.0
2020-11-09 09:17:00+00:00,33,1,16337,12328.0,12330.75,12326.5,12328.75,103,NQ.v.0
2020-11-09 09:18:00+00:00,33,1,16337,12329.0,12330.0,12323.5,12326.5,156,NQ.v.0
2020-11-09 09:19:00+00:00,33,1,16337,12326.5,12327.0,12321.25,12323.75,85,NQ.v.0
2020-11-09 09:20:00+00:00,33,1,16337,12323.5,12325.75,12319.5,12319.5,85,NQ.v.0
2020-11-09 09:21:00+00:00,33,1,16337,12320.0,12321.5,12316.25,12318.25,111,NQ.v.0
2020-11-09 09:22:00+00:00,33,1,16337,12318.0,12321.5,12316.0,12320.75,107,NQ.v.0
2020-11-09 09:23:00+00:00,33,1,16337,12320.25,12320.5,12317.0,12318.0,79,NQ.v.0
2020-11-09 09:24:00+00:00,33,1,16337,12318.25,12318.25,12310.25,12311.0,166,NQ.v.0
2020-11-09 09:25:00+00:00,33,1,16337,12310.75,12316.75,12310.5,12312.0,145,NQ.v.0
2020-11-09 09:26:00+00:00,33,1,16337,12312.0,12314.25,12309.0,12309.0,171,NQ.v.0
2020-11-09 09:27:00+00:00,33,1,16337,12308.25,12308.25,12277.0,12279.5,993,NQ.v.0
2020-11-09 09:28:00+00:00,33,1,16337,12279.75,12281.0,12259.5,12265.0,717,NQ.v.0
2020-11-09 09:29:00+00:00,33,1,16337,12264.5,12271.5,12261.5,12267.0,452,NQ.v.0
2020-11-09 09:30:00+00:00,33,1,16337,12267.5,12287.0,12267.5,12284.25,705,NQ.v.0
2020-11-09 09:31:00+00:00,33,1,16337,12281.75,12293.0,12281.75,12291.25,350,NQ.v.0
2020-11-09 09:32:00+00:00,33,1,16337,12291.5,12292.25,12284.0,12288.5,234,NQ.v.0
2020-11-09 09:33:00+00:00,33,1,16337,12288.5,12295.25,12286.5,12286.5,216,NQ.v.0
2020-11-09 09:34:00+00:00,33,1,16337,12285.5,12288.75,12282.0,12283.75,170,NQ.v.0
2020-11-09 09:35:00+00:00,33,1,16337,12283.5,12284.25,12273.75,12281.5,298,NQ.v.0
2020-11-09 09:36:00+00:00,33,1,16337,12283.0,12287.75,12281.5,12287.75,106,NQ.v.0
2020-11-09 09:37:00+00:00,33,1,16337,12286.5,12288.75,12282.75,12288.75,80,NQ.v.0
2020-11-09 09:38:00+00:00,33,1,16337,12289.0,12292.0,12285.25,12290.0,140,NQ.v.0
2020-11-09 09:39:00+00:00,33,1,16337,12290.75,12292.0,12285.75,12286.5,102,NQ.v.0
2020-11-09 09:40:00+00:00,33,1,16337,12286.0,12292.75,12284.0,12292.25,117,NQ.v.0
2020-11-09 09:41:00+00:00,33,1,16337,12291.75,12294.0,12280.5,12285.0,176,NQ.v.0
2020-11-09 09:42:00+00:00,33,1,16337,12285.25,12291.75,12283.5,12288.5,103,NQ.v.0
2020-11-09 09:43:00+00:00,33,1,16337,12287.0,12291.0,12287.0,12288.5,50,NQ.v.0
2020-11-09 09:44:00+00:00,33,1,16337,12288.0,12292.75,12287.0,12292.5,103,NQ.v.0
2020-11-09 09:45:00+00:00,33,1,16337,12292.0,12292.0,12289.25,12290.25,65,NQ.v.0
2020-11-09 09:46:00+00:00,33,1,16337,12289.75,12292.75,12287.25,12292.0,45,NQ.v.0
2020-11-09 09:47:00+00:00,33,1,16337,12290.5,12290.5,12287.5,12288.75,36,NQ.v.0
2020-11-09 09:48:00+00:00,33,1,16337,12288.25,12290.0,12281.5,12282.75,101,NQ.v.0
2020-11-09 09:49:00+00:00,33,1,16337,12283.25,12290.0,12283.25,12289.0,97,NQ.v.0
2020-11-09 09:50:00+00:00,33,1,16337,12289.25,12291.0,12283.25,12286.5,82,NQ.v.0
2020-11-09 09:51:00+00:00,33,1,16337,12285.75,12290.75,12285.0,12289.5,63,NQ.v.0
2020-11-09 09:52:00+00:00,33,1,16337,12289.25,12293.5,12288.25,12291.0,77,NQ.v.0
2020-11-09 09:53:00+00:00,33,1,16337,12289.25,12290.25,12281.75,12287.5,73,NQ.v.0
2020-11-09 09:54:00+00:00,33,1,16337,12286.25,12286.25,12279.0,12282.0,75,NQ.v.0
2020-11-09 09:55:00+00:00,33,1,16337,12281.25,12286.25,12281.25,12284.0,56,NQ.v.0
2020-11-09 09:56:00+00:00,33,1,16337,12284.0,12284.75,12275.75,12278.75,128,NQ.v.0
2020-11-09 09:57:00+00:00,33,1,16337,12278.5,12281.5,12275.5,12280.5,135,NQ.v.0
2020-11-09 09:58:00+00:00,33,1,16337,12281.0,12282.0,12275.75,12279.5,119,NQ.v.0
2020-11-09 09:59:00+00:00,33,1,16337,12279.5,12283.25,12272.5,12281.75,175,NQ.v.0
2020-11-09 10:00:00+00:00,33,1,16337,12283.25,12285.75,12282.5,12284.25,101,NQ.v.0
2020-11-09 10:01:00+00:00,33,1,16337,12284.25,12285.75,12276.0,12282.0,147,NQ.v.0
2020-11-09 10:02:00+00:00,33,1,16337,12282.25,12284.0,12278.5,12284.0,51,NQ.v.0
2020-11-09 10:03:00+00:00,33,1,16337,12283.75,12286.75,12280.0,12283.0,65,NQ.v.0
2020-11-09 10:04:00+00:00,33,1,16337,12284.0,12285.5,12280.5,12285.5,39,NQ.v.0
2020-11-09 10:05:00+00:00,33,1,16337,12284.75,12287.75,12284.5,12287.25,70,NQ.v.0
2020-11-09 10:06:00+00:00,33,1,16337,12287.25,12291.5,12282.5,12287.75,124,NQ.v.0
2020-11-09 10:07:00+00:00,33,1,16337,12286.0,12292.25,12286.0,12290.0,93,NQ.v.0
2020-11-09 10:08:00+00:00,33,1,16337,12290.75,12293.75,12290.75,12293.75,95,NQ.v.0
2020-11-09 10:09:00+00:00,33,1,16337,12293.75,12294.5,12291.75,12292.75,74,NQ.v.0
2020-11-09 10:10:00+00:00,33,1,16337,12292.0,12293.25,12288.25,12290.0,73,NQ.v.0
2020-11-09 10:11:00+00:00,33,1,16337,12289.75,12291.0,12288.75,12289.25,22,NQ.v.0
2020-11-09 10:12:00+00:00,33,1,16337,12289.5,12291.0,12289.0,12290.0,32,NQ.v.0
2020-11-09 10:13:00+00:00,33,1,16337,12289.25,12290.5,12284.75,12286.5,98,NQ.v.0
2020-11-09 10:14:00+00:00,33,1,16337,12287.0,12290.75,12283.25,12290.0,96,NQ.v.0
2020-11-09 10:15:00+00:00,33,1,16337,12290.5,12294.5,12288.5,12294.25,121,NQ.v.0
2020-11-09 10:16:00+00:00,33,1,16337,12294.0,12299.0,12293.25,12294.0,258,NQ.v.0
2020-11-09 10:17:00+00:00,33,1,16337,12294.0,12299.0,12294.0,12298.0,105,NQ.v.0
2020-11-09 10:18:00+00:00,33,1,16337,12297.75,12298.75,12295.75,12297.0,63,NQ.v.0
2020-11-09 10:19:00+00:00,33,1,16337,12297.75,12299.0,12297.5,12298.0,26,NQ.v.0
2020-11-09 10:20:00+00:00,33,1,16337,12298.5,12300.0,12293.5,12294.5,103,NQ.v.0
2020-11-09 10:21:00+00:00,33,1,16337,12294.25,12295.5,12291.25,12291.75,62,NQ.v.0
2020-11-09 10:22:00+00:00,33,1,16337,12291.75,12296.75,12288.75,12293.75,75,NQ.v.0
2020-11-09 10:23:00+00:00,33,1,16337,12293.75,12295.75,12290.5,12295.75,51,NQ.v.0
2020-11-09 10:24:00+00:00,33,1,16337,12295.5,12297.0,12295.0,12295.5,17,NQ.v.0
2020-11-09 10:25:00+00:00,33,1,16337,12294.25,12294.25,12288.75,12288.75,55,NQ.v.0
2020-11-09 10:26:00+00:00,33,1,16337,12288.75,12289.75,12283.5,12286.25,149,NQ.v.0
2020-11-09 10:27:00+00:00,33,1,16337,12285.0,12285.0,12278.0,12282.0,162,NQ.v.0
2020-11-09 10:28:00+00:00,33,1,16337,12281.25,12287.75,12278.75,12287.75,105,NQ.v.0
2020-11-09 10:29:00+00:00,33,1,16337,12287.0,12291.75,12284.5,12290.25,95,NQ.v.0
2020-11-09 10:30:00+00:00,33,1,16337,12290.75,12291.5,12289.0,12289.5,56,NQ.v.0
2020-11-09 10:31:00+00:00,33,1,16337,12289.5,12292.75,12285.25,12292.75,102,NQ.v.0
2020-11-09 10:32:00+00:00,33,1,16337,12291.75,12298.0,12291.0,12296.0,137,NQ.v.0
2020-11-09 10:33:00+00:00,33,1,16337,12296.25,12299.0,12291.75,12291.75,90,NQ.v.0
2020-11-09 10:34:00+00:00,33,1,16337,12292.25,12294.75,12291.75,12293.25,40,NQ.v.0
2020-11-09 10:35:00+00:00,33,1,16337,12293.0,12293.25,12290.75,12292.0,66,NQ.v.0
2020-11-09 10:36:00+00:00,33,1,16337,12292.0,12294.5,12289.75,12293.75,34,NQ.v.0
2020-11-09 10:37:00+00:00,33,1,16337,12294.5,12296.5,12292.75,12294.25,49,NQ.v.0
2020-11-09 10:38:00+00:00,33,1,16337,12294.25,12295.0,12290.5,12290.75,28,NQ.v.0
2020-11-09 10:39:00+00:00,33,1,16337,12290.5,12291.0,12287.0,12290.0,53,NQ.v.0
2020-11-09 10:40:00+00:00,33,1,16337,12288.75,12290.25,12283.75,12286.0,89,NQ.v.0
2020-11-09 10:41:00+00:00,33,1,16337,12287.0,12290.5,12287.0,12288.75,81,NQ.v.0
2020-11-09 10:42:00+00:00,33,1,16337,12289.0,12293.25,12288.5,12293.25,67,NQ.v.0
2020-11-09 10:43:00+00:00,33,1,16337,12293.75,12298.0,12292.75,12296.0,91,NQ.v.0
2020-11-09 10:44:00+00:00,33,1,16337,12296.25,12316.0,12296.25,12312.5,463,NQ.v.0
2020-11-09 10:45:00+00:00,33,1,16337,12312.75,12314.5,12307.25,12309.25,279,NQ.v.0
2020-11-09 10:46:00+00:00,33,1,16337,12308.25,12310.25,12305.75,12306.75,118,NQ.v.0
2020-11-09 10:47:00+00:00,33,1,16337,12307.0,12307.0,12302.25,12302.5,88,NQ.v.0
2020-11-09 10:48:00+00:00,33,1,16337,12303.0,12307.25,12301.5,12306.5,79,NQ.v.0
2020-11-09 10:49:00+00:00,33,1,16337,12307.25,12310.25,12304.0,12304.75,109,NQ.v.0
2020-11-09 10:50:00+00:00,33,1,16337,12305.0,12305.0,12301.5,12303.0,75,NQ.v.0
2020-11-09 10:51:00+00:00,33,1,16337,12302.5,12305.75,12301.0,12303.5,56,NQ.v.0
2020-11-09 10:52:00+00:00,33,1,16337,12303.0,12303.5,12300.0,12301.0,93,NQ.v.0
2020-11-09 10:53:00+00:00,33,1,16337,12302.5,12305.75,12300.0,12302.25,99,NQ.v.0
2020-11-09 10:54:00+00:00,33,1,16337,12302.0,12315.0,12301.25,12313.25,398,NQ.v.0
2020-11-09 10:55:00+00:00,33,1,16337,12312.5,12312.5,12308.75,12312.5,75,NQ.v.0
2020-11-09 10:56:00+00:00,33,1,16337,12312.25,12312.25,12305.25,12308.0,85,NQ.v.0
2020-11-09 10:57:00+00:00,33,1,16337,12307.75,12309.0,12306.5,12308.25,30,NQ.v.0
2020-11-09 10:58:00+00:00,33,1,16337,12308.25,12310.0,12307.25,12309.5,31,NQ.v.0
2020-11-09 10:59:00+00:00,33,1,16337,12309.0,12311.0,12308.75,12310.0,43,NQ.v.0
2020-11-09 11:00:00+00:00,33,1,16337,12310.5,12311.25,12304.0,12304.25,71,NQ.v.0
2020-11-09 11:01:00+00:00,33,1,16337,12305.75,12305.75,12302.25,12304.0,73,NQ.v.0
2020-11-09 11:02:00+00:00,33,1,16337,12303.75,12304.0,12296.75,12299.5,163,NQ.v.0
2020-11-09 11:03:00+00:00,33,1,16337,12299.75,12301.25,12296.75,12296.75,86,NQ.v.0
2020-11-09 11:04:00+00:00,33,1,16337,12297.5,12305.75,12297.5,12304.0,103,NQ.v.0
2020-11-09 11:05:00+00:00,33,1,16337,12303.25,12303.75,12299.0,12299.5,73,NQ.v.0
2020-11-09 11:06:00+00:00,33,1,16337,12298.75,12301.25,12296.5,12301.0,84,NQ.v.0
2020-11-09 11:07:00+00:00,33,1,16337,12300.0,12301.75,12297.5,12300.75,43,NQ.v.0
2020-11-09 11:08:00+00:00,33,1,16337,12301.0,12307.75,12301.0,12305.0,97,NQ.v.0
2020-11-09 11:09:00+00:00,33,1,16337,12305.0,12305.0,12299.5,12300.75,48,NQ.v.0
2020-11-09 11:10:00+00:00,33,1,16337,12301.5,12305.0,12301.5,12302.25,47,NQ.v.0
2020-11-09 11:11:00+00:00,33,1,16337,12302.75,12303.25,12299.75,12302.0,39,NQ.v.0
2020-11-09 11:12:00+00:00,33,1,16337,12302.75,12303.5,12296.5,12296.5,55,NQ.v.0
2020-11-09 11:13:00+00:00,33,1,16337,12297.25,12299.25,12295.75,12298.5,111,NQ.v.0
2020-11-09 11:14:00+00:00,33,1,16337,12299.0,12302.75,12298.75,12302.5,65,NQ.v.0
2020-11-09 11:15:00+00:00,33,1,16337,12302.75,12302.75,12292.5,12293.5,134,NQ.v.0
2020-11-09 11:16:00+00:00,33,1,16337,12293.0,12299.5,12292.75,12294.25,101,NQ.v.0
2020-11-09 11:17:00+00:00,33,1,16337,12293.75,12294.75,12283.25,12287.5,258,NQ.v.0
2020-11-09 11:18:00+00:00,33,1,16337,12287.5,12290.5,12286.5,12287.5,61,NQ.v.0
2020-11-09 11:19:00+00:00,33,1,16337,12288.0,12294.25,12287.75,12293.75,90,NQ.v.0
2020-11-09 11:20:00+00:00,33,1,16337,12292.5,12294.75,12289.5,12292.5,108,NQ.v.0
2020-11-09 11:21:00+00:00,33,1,16337,12293.0,12294.5,12284.0,12285.5,167,NQ.v.0
2020-11-09 11:22:00+00:00,33,1,16337,12284.75,12289.0,12284.5,12285.25,70,NQ.v.0
2020-11-09 11:23:00+00:00,33,1,16337,12285.75,12287.75,12280.0,12285.75,193,NQ.v.0
2020-11-09 11:24:00+00:00,33,1,16337,12286.0,12289.0,12284.75,12288.25,69,NQ.v.0
2020-11-09 11:25:00+00:00,33,1,16337,12289.0,12289.25,12285.5,12286.5,65,NQ.v.0
2020-11-09 11:26:00+00:00,33,1,16337,12286.75,12288.25,12284.5,12287.0,54,NQ.v.0
2020-11-09 11:27:00+00:00,33,1,16337,12287.25,12288.75,12286.5,12287.25,35,NQ.v.0
2020-11-09 11:28:00+00:00,33,1,16337,12287.0,12292.5,12287.0,12290.5,64,NQ.v.0
2020-11-09 11:29:00+00:00,33,1,16337,12290.75,12292.25,12287.0,12289.25,103,NQ.v.0
2020-11-09 11:30:00+00:00,33,1,16337,12288.25,12290.25,12287.0,12288.5,85,NQ.v.0
2020-11-09 11:31:00+00:00,33,1,16337,12288.75,12292.0,12287.0,12290.75,106,NQ.v.0
2020-11-09 11:32:00+00:00,33,1,16337,12289.75,12297.0,12289.25,12295.5,157,NQ.v.0
2020-11-09 11:33:00+00:00,33,1,16337,12296.5,12297.25,12292.5,12294.0,66,NQ.v.0
2020-11-09 11:34:00+00:00,33,1,16337,12292.75,12292.75,12282.75,12286.75,121,NQ.v.0
2020-11-09 11:35:00+00:00,33,1,16337,12286.25,12289.25,12286.25,12289.0,53,NQ.v.0
2020-11-09 11:36:00+00:00,33,1,16337,12289.0,12289.0,12285.75,12285.75,39,NQ.v.0
2020-11-09 11:37:00+00:00,33,1,16337,12287.75,12287.75,12281.0,12287.5,111,NQ.v.0
2020-11-09 11:38:00+00:00,33,1,16337,12287.5,12291.75,12286.0,12290.0,52,NQ.v.0
2020-11-09 11:39:00+00:00,33,1,16337,12290.25,12291.5,12286.5,12286.5,51,NQ.v.0
2020-11-09 11:40:00+00:00,33,1,16337,12287.0,12288.0,12285.25,12285.5,28,NQ.v.0
2020-11-09 11:41:00+00:00,33,1,16337,12286.5,12290.0,12285.25,12289.25,46,NQ.v.0
2020-11-09 11:42:00+00:00,33,1,16337,12290.0,12293.5,12289.5,12291.25,104,NQ.v.0
2020-11-09 11:43:00+00:00,33,1,16337,12292.0,12293.75,12289.25,12293.25,80,NQ.v.0
2020-11-09 11:44:00+00:00,33,1,16337,12293.25,12294.0,12290.75,12291.25,34,NQ.v.0
2020-11-09 11:45:00+00:00,33,1,16337,12291.5,12374.5,12291.5,12363.75,2242,NQ.v.0
2020-11-09 11:46:00+00:00,33,1,16337,12363.75,12377.0,12348.75,12358.0,1483,NQ.v.0
2020-11-09 11:47:00+00:00,33,1,16337,12356.5,12359.25,12305.25,12312.0,1534,NQ.v.0
2020-11-09 11:48:00+00:00,33,1,16337,12312.75,12339.5,12307.75,12335.0,972,NQ.v.0
2020-11-09 11:49:00+00:00,33,1,16337,12334.0,12355.0,12327.5,12355.0,910,NQ.v.0
2020-11-09 11:50:00+00:00,33,1,16337,12353.75,12365.0,12340.0,12364.25,1290,NQ.v.0
2020-11-09 11:51:00+00:00,33,1,16337,12363.5,12383.5,12356.5,12381.5,998,NQ.v.0
2020-11-09 11:52:00+00:00,33,1,16337,12381.5,12381.5,12355.5,12369.5,1028,NQ.v.0
2020-11-09 11:53:00+00:00,33,1,16337,12368.5,12377.75,12331.0,12348.5,1486,NQ.v.0
2020-11-09 11:54:00+00:00,33,1,16337,12348.25,12362.0,12340.5,12345.5,889,NQ.v.0
2020-11-09 11:55:00+00:00,33,1,16337,12346.75,12350.0,12255.0,12255.75,1593,NQ.v.0
2020-11-09 11:56:00+00:00,33,1,16337,12257.25,12319.5,12251.25,12316.5,1535,NQ.v.0
2020-11-09 11:57:00+00:00,33,1,16337,12318.0,12324.25,12298.0,12311.5,899,NQ.v.0
2020-11-09 11:58:00+00:00,33,1,16337,12311.75,12327.5,12284.5,12318.0,1273,NQ.v.0
2020-11-09 11:59:00+00:00,33,1,16337,12318.5,12320.25,12291.75,12294.5,766,NQ.v.0
2020-11-09 12:00:00+00:00,33,1,16337,12295.5,12297.75,12242.5,12248.5,1757,NQ.v.0
2020-11-09 12:01:00+00:00,33,1,16337,12250.0,12252.5,12200.5,12228.75,2164,NQ.v.0
2020-11-09 12:02:00+00:00,33,1,16337,12231.25,12237.25,12211.5,12236.75,1229,NQ.v.0
2020-11-09 12:03:00+00:00,33,1,16337,12235.5,12260.0,12234.5,12242.5,1274,NQ.v.0
2020-11-09 12:04:00+00:00,33,1,16337,12245.25,12260.5,12243.0,12253.0,670,NQ.v.0
2020-11-09 12:05:00+00:00,33,1,16337,12251.25,12261.5,12248.25,12249.5,1173,NQ.v.0
2020-11-09 12:06:00+00:00,33,1,16337,12248.75,12248.75,12213.75,12221.25,1101,NQ.v.0
2020-11-09 12:07:00+00:00,33,1,16337,12220.25,12243.5,12219.0,12221.25,628,NQ.v.0
2020-11-09 12:08:00+00:00,33,1,16337,12220.0,12226.75,12201.0,12204.75,1156,NQ.v.0
2020-11-09 12:09:00+00:00,33,1,16337,12203.25,12208.0,12182.0,12188.75,1335,NQ.v.0
2020-11-09 12:10:00+00:00,33,1,16337,12189.0,12195.25,12154.25,12162.5,1483,NQ.v.0
2020-11-09 12:11:00+00:00,33,1,16337,12164.25,12185.0,12138.25,12178.75,1630,NQ.v.0
2020-11-09 12:12:00+00:00,33,1,16337,12180.25,12189.0,12122.25,12138.75,1544,NQ.v.0
2020-11-09 12:13:00+00:00,33,1,16337,12138.5,12175.0,12130.75,12169.75,1068,NQ.v.0
2020-11-09 12:14:00+00:00,33,1,16337,12171.25,12186.75,12145.5,12182.5,1070,NQ.v.0
2020-11-09 12:15:00+00:00,33,1,16337,12184.25,12192.5,12170.0,12170.0,990,NQ.v.0
2020-11-09 12:16:00+00:00,33,1,16337,12170.0,12182.5,12154.0,12157.0,784,NQ.v.0
2020-11-09 12:17:00+00:00,33,1,16337,12154.75,12178.0,12144.25,12171.0,706,NQ.v.0
2020-11-09 12:18:00+00:00,33,1,16337,12172.0,12174.0,12154.0,12159.5,987,NQ.v.0
2020-11-09 12:19:00+00:00,33,1,16337,12159.25,12178.0,12154.5,12154.75,645,NQ.v.0
2020-11-09 12:20:00+00:00,33,1,16337,12156.5,12162.75,12150.0,12161.25,632,NQ.v.0
2020-11-09 12:21:00+00:00,33,1,16337,12161.0,12164.0,12138.0,12142.75,891,NQ.v.0
2020-11-09 12:22:00+00:00,33,1,16337,12143.5,12153.5,12133.0,12150.0,785,NQ.v.0
2020-11-09 12:23:00+00:00,33,1,16337,12150.0,12153.5,12138.25,12141.0,550,NQ.v.0
2020-11-09 12:24:00+00:00,33,1,16337,12140.75,12176.5,12132.5,12173.0,759,NQ.v.0
2020-11-09 12:25:00+00:00,33,1,16337,12173.0,12213.25,12173.0,12208.75,1212,NQ.v.0
2020-11-09 12:26:00+00:00,33,1,16337,12208.5,12218.5,12178.25,12191.25,1440,NQ.v.0
2020-11-09 12:27:00+00:00,33,1,16337,12189.75,12198.0,12163.5,12175.5,756,NQ.v.0
2020-11-09 12:28:00+00:00,33,1,16337,12175.0,12183.5,12169.25,12174.75,485,NQ.v.0
2020-11-09 12:29:00+00:00,33,1,16337,12172.0,12173.75,12142.5,12150.0,712,NQ.v.0
2020-11-09 12:30:00+00:00,33,1,16337,12149.25,12158.25,12137.0,12146.75,559,NQ.v.0
2020-11-09 12:31:00+00:00,33,1,16337,12146.5,12153.75,12140.0,12142.75,590,NQ.v.0
2020-11-09 12:32:00+00:00,33,1,16337,12141.25,12144.5,12105.0,12108.5,1348,NQ.v.0
2020-11-09 12:33:00+00:00,33,1,16337,12108.5,12125.0,12108.0,12111.75,801,NQ.v.0
2020-11-09 12:34:00+00:00,33,1,16337,12111.75,12112.0,12084.25,12085.0,1488,NQ.v.0
2020-11-09 12:35:00+00:00,33,1,16337,12086.0,12099.0,12065.25,12067.0,1564,NQ.v.0
2020-11-09 12:36:00+00:00,33,1,16337,12067.0,12069.0,12005.75,12011.5,1896,NQ.v.0
2020-11-09 12:37:00+00:00,33,1,16337,12011.25,12014.5,11939.25,11939.25,1431,NQ.v.0
2020-11-09 12:39:00+00:00,33,1,16337,11969.0,12043.0,11969.0,12027.5,1741,NQ.v.0
2020-11-09 12:40:00+00:00,33,1,16337,12024.25,12038.25,12006.5,12031.25,1466,NQ.v.0
2020-11-09 12:41:00+00:00,33,1,16337,12031.25,12031.25,11977.25,11998.25,1446,NQ.v.0
2020-11-09 12:42:00+00:00,33,1,16337,11998.5,12027.25,11983.25,12011.0,1074,NQ.v.0
2020-11-09 12:43:00+00:00,33,1,16337,12013.0,12016.75,11989.5,11999.25,790,NQ.v.0
2020-11-09 12:44:00+00:00,33,1,16337,11997.75,12002.25,11975.0,11990.25,820,NQ.v.0
2020-11-09 12:45:00+00:00,33,1,16337,11989.25,11997.75,11982.25,11994.75,796,NQ.v.0
2020-11-09 12:46:00+00:00,33,1,16337,11994.0,12040.0,11994.0,12032.5,1347,NQ.v.0
2020-11-09 12:47:00+00:00,33,1,16337,12033.0,12034.75,11986.0,11990.75,822,NQ.v.0
2020-11-09 12:48:00+00:00,33,1,16337,11990.75,12018.75,11988.0,12014.5,642,NQ.v.0
2020-11-09 12:49:00+00:00,33,1,16337,12012.5,12023.25,12007.75,12010.5,596,NQ.v.0
2020-11-09 12:50:00+00:00,33,1,16337,12011.0,12029.5,12010.25,12028.0,490,NQ.v.0
2020-11-09 12:51:00+00:00,33,1,16337,12026.25,12033.5,12020.0,12032.5,661,NQ.v.0
2020-11-09 12:52:00+00:00,33,1,16337,12033.0,12046.25,12023.5,12035.0,1075,NQ.v.0
2020-11-09 12:53:00+00:00,33,1,16337,12034.0,12060.5,12029.25,12053.5,1068,NQ.v.0
2020-11-09 12:54:00+00:00,33,1,16337,12053.5,12072.25,12050.75,12069.75,825,NQ.v.0
2020-11-09 12:55:00+00:00,33,1,16337,12068.25,12083.5,12061.5,12078.25,1000,NQ.v.0
2020-11-09 12:56:00+00:00,33,1,16337,12077.0,12078.5,12052.75,12076.75,666,NQ.v.0
2020-11-09 12:57:00+00:00,33,1,16337,12075.75,12081.75,12066.25,12074.5,733,NQ.v.0
2020-11-09 12:58:00+00:00,33,1,16337,12073.0,12097.25,12067.5,12095.75,1397,NQ.v.0
2020-11-09 12:59:00+00:00,33,1,16337,12096.75,12117.5,12096.0,12116.5,1382,NQ.v.0
2020-11-09 13:00:00+00:00,33,1,16337,12116.75,12127.75,12107.5,12114.0,1525,NQ.v.0
2020-11-09 13:01:00+00:00,33,1,16337,12111.75,12124.25,12080.0,12093.5,1634,NQ.v.0
2020-11-09 13:02:00+00:00,33,1,16337,12093.25,12100.0,12071.25,12071.25,809,NQ.v.0
2020-11-09 13:03:00+00:00,33,1,16337,12071.25,12098.25,12071.25,12087.25,820,NQ.v.0
2020-11-09 13:04:00+00:00,33,1,16337,12087.25,12122.0,12087.25,12101.5,1150,NQ.v.0
2020-11-09 13:05:00+00:00,33,1,16337,12100.5,12129.5,12099.75,12121.75,1223,NQ.v.0
2020-11-09 13:06:00+00:00,33,1,16337,12122.25,12137.0,12112.5,12135.25,658,NQ.v.0
2020-11-09 13:07:00+00:00,33,1,16337,12135.75,12143.0,12126.0,12139.75,847,NQ.v.0
2020-11-09 13:08:00+00:00,33,1,16337,12141.25,12142.5,12131.0,12135.0,775,NQ.v.0
2020-11-09 13:09:00+00:00,33,1,16337,12134.25,12142.75,12131.25,12142.75,584,NQ.v.0
2020-11-09 13:10:00+00:00,33,1,16337,12142.75,12144.0,12126.75,12133.25,687,NQ.v.0
2020-11-09 13:11:00+00:00,33,1,16337,12133.0,12136.75,12107.0,12119.0,701,NQ.v.0
2020-11-09 13:12:00+00:00,33,1,16337,12118.0,12137.5,12117.0,12136.25,525,NQ.v.0
2020-11-09 13:13:00+00:00,33,1,16337,12135.75,12142.0,12127.25,12130.25,337,NQ.v.0
2020-11-09 13:14:00+00:00,33,1,16337,12130.0,12134.75,12121.75,12126.25,355,NQ.v.0
2020-11-09 13:15:00+00:00,33,1,16337,12126.75,12136.25,12121.5,12132.75,540,NQ.v.0
2020-11-09 13:16:00+00:00,33,1,16337,12134.5,12154.75,12130.75,12149.25,662,NQ.v.0
2020-11-09 13:17:00+00:00,33,1,16337,12149.5,12162.25,12149.0,12155.25,651,NQ.v.0
2020-11-09 13:18:00+00:00,33,1,16337,12155.25,12160.25,12144.0,12158.25,517,NQ.v.0
2020-11-09 13:19:00+00:00,33,1,16337,12157.0,12158.25,12144.0,12157.5,378,NQ.v.0
2020-11-09 13:20:00+00:00,33,1,16337,12158.75,12163.0,12150.75,12154.5,560,NQ.v.0
2020-11-09 13:21:00+00:00,33,1,16337,12156.75,12165.0,12141.25,12142.75,697,NQ.v.0
2020-11-09 13:22:00+00:00,33,1,16337,12142.5,12149.0,12133.25,12141.0,438,NQ.v.0
2020-11-09 13:23:00+00:00,33,1,16337,12140.75,12140.75,12130.5,12135.75,354,NQ.v.0
2020-11-09 13:24:00+00:00,33,1,16337,12133.75,12147.5,12131.0,12133.0,431,NQ.v.0
2020-11-09 13:25:00+00:00,33,1,16337,12132.25,12132.25,12110.0,12127.0,770,NQ.v.0
2020-11-09 13:26:00+00:00,33,1,16337,12126.5,12133.75,12122.25,12129.75,469,NQ.v.0
2020-11-09 13:27:00+00:00,33,1,16337,12129.0,12139.5,12128.75,12132.75,367,NQ.v.0
2020-11-09 13:28:00+00:00,33,1,16337,12133.25,12147.75,12131.75,12143.0,488,NQ.v.0
2020-11-09 13:29:00+00:00,33,1,16337,12143.25,12148.0,12135.75,12140.5,431,NQ.v.0
2020-11-09 13:30:00+00:00,33,1,16337,12142.0,12168.0,12141.0,12154.75,907,NQ.v.0
2020-11-09 13:31:00+00:00,33,1,16337,12153.75,12165.0,12152.75,12159.25,386,NQ.v.0
2020-11-09 13:32:00+00:00,33,1,16337,12161.25,12164.75,12156.75,12161.75,283,NQ.v.0
2020-11-09 13:33:00+00:00,33,1,16337,12162.0,12185.75,12161.75,12181.5,1360,NQ.v.0
2020-11-09 13:34:00+00:00,33,1,16337,12180.75,12207.0,12180.5,12205.25,1222,NQ.v.0
2020-11-09 13:35:00+00:00,33,1,16337,12206.75,12225.75,12205.0,12206.25,1437,NQ.v.0
2020-11-09 13:36:00+00:00,33,1,16337,12206.5,12209.75,12193.25,12197.0,861,NQ.v.0
2020-11-09 13:37:00+00:00,33,1,16337,12196.75,12208.0,12191.75,12206.0,639,NQ.v.0
2020-11-09 13:38:00+00:00,33,1,16337,12205.75,12237.5,12205.5,12236.25,1545,NQ.v.0
2020-11-09 13:39:00+00:00,33,1,16337,12236.0,12242.0,12226.5,12238.0,708,NQ.v.0
2020-11-09 13:40:00+00:00,33,1,16337,12238.25,12264.0,12237.25,12257.0,1392,NQ.v.0
2020-11-09 13:41:00+00:00,33,1,16337,12257.75,12264.5,12248.5,12257.25,1094,NQ.v.0
2020-11-09 13:42:00+00:00,33,1,16337,12256.5,12288.5,12252.75,12269.25,1295,NQ.v.0
2020-11-09 13:43:00+00:00,33,1,16337,12267.5,12268.75,12221.5,12249.5,1545,NQ.v.0
2020-11-09 13:44:00+00:00,33,1,16337,12249.25,12258.25,12236.25,12256.5,778,NQ.v.0
2020-11-09 13:45:00+00:00,33,1,16337,12257.75,12260.75,12248.25,12255.75,769,NQ.v.0
2020-11-09 13:46:00+00:00,33,1,16337,12255.75,12268.75,12254.5,12255.25,757,NQ.v.0
2020-11-09 13:47:00+00:00,33,1,16337,12254.25,12254.5,12222.0,12227.5,1013,NQ.v.0
2020-11-09 13:48:00+00:00,33,1,16337,12225.75,12225.75,12202.0,12208.0,1026,NQ.v.0
2020-11-09 13:49:00+00:00,33,1,16337,12208.25,12238.25,12200.0,12234.25,928,NQ.v.0
2020-11-09 13:50:00+00:00,33,1,16337,12235.5,12235.5,12215.0,12215.0,615,NQ.v.0
2020-11-09 13:51:00+00:00,33,1,16337,12215.5,12224.25,12214.75,12219.0,347,NQ.v.0
2020-11-09 13:52:00+00:00,33,1,16337,12220.0,12225.0,12217.5,12224.0,425,NQ.v.0
2020-11-09 13:53:00+00:00,33,1,16337,12223.0,12227.0,12222.5,12224.25,352,NQ.v.0
2020-11-09 13:54:00+00:00,33,1,16337,12224.5,12229.0,12211.25,12212.5,759,NQ.v.0
2020-11-09 13:55:00+00:00,33,1,16337,12212.5,12239.0,12211.5,12235.25,547,NQ.v.0
2020-11-09 13:56:00+00:00,33,1,16337,12234.75,12245.0,12214.0,12214.25,541,NQ.v.0
2020-11-09 13:57:00+00:00,33,1,16337,12214.5,12220.25,12170.75,12172.0,1348,NQ.v.0
2020-11-09 13:58:00+00:00,33,1,16337,12172.0,12173.75,12138.25,12168.0,1556,NQ.v.0
2020-11-09 13:59:00+00:00,33,1,16337,12168.25,12170.75,12156.0,12163.5,484,NQ.v.0
2020-11-09 14:00:00+00:00,33,1,16337,12163.25,12183.5,12162.5,12177.5,513,NQ.v.0
2020-11-09 14:01:00+00:00,33,1,16337,12177.25,12179.75,12141.25,12160.75,884,NQ.v.0
2020-11-09 14:02:00+00:00,33,1,16337,12160.0,12178.0,12157.0,12169.75,597,NQ.v.0
2020-11-09 14:03:00+00:00,33,1,16337,12169.25,12179.0,12167.5,12174.25,761,NQ.v.0
2020-11-09 14:04:00+00:00,33,1,16337,12174.5,12174.5,12166.75,12172.0,1797,NQ.v.0
2020-11-09 14:05:00+00:00,33,1,16337,12172.0,12179.75,12167.0,12179.5,461,NQ.v.0
2020-11-09 14:06:00+00:00,33,1,16337,12178.75,12184.0,12148.75,12156.75,746,NQ.v.0
2020-11-09 14:07:00+00:00,33,1,16337,12155.5,12180.0,12154.25,12177.25,710,NQ.v.0
2020-11-09 14:08:00+00:00,33,1,16337,12177.25,12177.5,12155.0,12158.0,422,NQ.v.0
2020-11-09 14:09:00+00:00,33,1,16337,12157.5,12160.0,12148.0,12156.0,682,NQ.v.0
2020-11-09 14:10:00+00:00,33,1,16337,12156.0,12161.5,12144.0,12155.75,1928,NQ.v.0
2020-11-09 14:11:00+00:00,33,1,16337,12156.5,12158.75,12146.0,12153.75,371,NQ.v.0
2020-11-09 14:12:00+00:00,33,1,16337,12155.0,12156.25,12146.25,12151.0,331,NQ.v.0
2020-11-09 14:13:00+00:00,33,1,16337,12151.0,12155.5,12147.0,12147.0,334,NQ.v.0
2020-11-09 14:14:00+00:00,33,1,16337,12147.75,12169.75,12146.0,12160.75,689,NQ.v.0
2020-11-09 14:15:00+00:00,33,1,16337,12159.75,12169.5,12159.25,12161.0,481,NQ.v.0
2020-11-09 14:16:00+00:00,33,1,16337,12161.0,12177.25,12153.5,12174.75,539,NQ.v.0
2020-11-09 14:17:00+00:00,33,1,16337,12175.5,12181.5,12160.75,12165.25,433,NQ.v.0
2020-11-09 14:18:00+00:00,33,1,16337,12163.75,12171.5,12161.0,12168.25,217,NQ.v.0
2020-11-09 14:19:00+00:00,33,1,16337,12167.75,12175.75,12167.75,12171.5,229,NQ.v.0
2020-11-09 14:20:00+00:00,33,1,16337,12172.5,12172.5,12161.25,12164.0,274,NQ.v.0
2020-11-09 14:21:00+00:00,33,1,16337,12164.5,12169.75,12161.0,12165.0,632,NQ.v.0
2020-11-09 14:22:00+00:00,33,1,16337,12165.25,12178.0,12165.0,12176.25,238,NQ.v.0
2020-11-09 14:23:00+00:00,33,1,16337,12177.0,12195.0,12177.0,12192.75,747,NQ.v.0
2020-11-09 14:24:00+00:00,33,1,16337,12193.75,12216.25,12192.5,12211.25,951,NQ.v.0
2020-11-09 14:25:00+00:00,33,1,16337,12209.5,12217.0,12178.25,12185.75,877,NQ.v.0
2020-11-09 14:26:00+00:00,33,1,16337,12185.75,12186.75,12163.25,12169.0,623,NQ.v.0
2020-11-09 14:27:00+00:00,33,1,16337,12167.25,12190.5,12161.75,12190.5,450,NQ.v.0
2020-11-09 14:28:00+00:00,33,1,16337,12188.5,12196.75,12177.25,12196.75,900,NQ.v.0
2020-11-09 14:29:00+00:00,33,1,16337,12197.0,12201.0,12187.5,12189.25,1250,NQ.v.0
2020-11-09 14:30:00+00:00,33,1,16337,12191.25,12208.5,12179.5,12184.75,4237,NQ.v.0
2020-11-09 14:31:00+00:00,33,1,16337,12184.5,12188.5,12166.75,12175.0,3007,NQ.v.0
2020-11-09 14:32:00+00:00,33,1,16337,12175.75,12212.0,12168.75,12199.25,2859,NQ.v.0
2020-11-09 14:33:00+00:00,33,1,16337,12200.75,12201.0,12116.0,12123.0,3797,NQ.v.0
2020-11-09 14:34:00+00:00,33,1,16337,12123.0,12124.25,12087.25,12093.75,3218,NQ.v.0
2020-11-09 14:35:00+00:00,33,1,16337,12092.75,12118.5,12071.75,12103.25,3130,NQ.v.0
2020-11-09 14:36:00+00:00,33,1,16337,12101.5,12140.5,12092.25,12137.25,3378,NQ.v.0
2020-11-09 14:37:00+00:00,33,1,16337,12137.25,12144.25,12121.75,12135.25,1987,NQ.v.0
2020-11-09 14:38:00+00:00,33,1,16337,12136.25,12139.25,12097.0,12104.0,1786,NQ.v.0
2020-11-09 14:39:00+00:00,33,1,16337,12105.25,12109.5,12085.5,12107.25,2040,NQ.v.0
2020-11-09 14:40:00+00:00,33,1,16337,12105.75,12120.0,12079.25,12098.5,2920,NQ.v.0
2020-11-09 14:41:00+00:00,33,1,16337,12099.5,12109.25,12061.75,12078.0,2857,NQ.v.0
2020-11-09 14:42:00+00:00,33,1,16337,12078.75,12082.0,12042.0,12045.75,2123,NQ.v.0
2020-11-09 14:43:00+00:00,33,1,16337,12045.0,12078.0,12045.0,12060.5,2059,NQ.v.0
2020-11-09 14:44:00+00:00,33,1,16337,12060.0,12111.25,12053.25,12110.25,1861,NQ.v.0
2020-11-09 14:45:00+00:00,33,1,16337,12110.5,12142.5,12103.5,12132.5,3157,NQ.v.0
2020-11-09 14:46:00+00:00,33,1,16337,12132.0,12168.0,12119.75,12165.5,2277,NQ.v.0
2020-11-09 14:47:00+00:00,33,1,16337,12164.5,12194.25,12157.5,12187.5,2207,NQ.v.0
2020-11-09 14:48:00+00:00,33,1,16337,12186.5,12192.25,12168.5,12185.5,1651,NQ.v.0
2020-11-09 14:49:00+00:00,33,1,16337,12185.5,12187.25,12157.0,12173.75,1408,NQ.v.0
2020-11-09 14:50:00+00:00,33,1,16337,12174.0,12181.25,12155.75,12167.75,1692,NQ.v.0
2020-11-09 14:51:00+00:00,33,1,16337,12167.0,12168.5,12113.5,12119.0,2542,NQ.v.0
2020-11-09 14:52:00+00:00,33,1,16337,12121.5,12154.5,12119.0,12125.5,1549,NQ.v.0
2020-11-09 14:53:00+00:00,33,1,16337,12124.75,12134.25,12112.5,12122.25,1565,NQ.v.0
2020-11-09 14:54:00+00:00,33,1,16337,12122.5,12127.25,12112.5,12122.5,1610,NQ.v.0
2020-11-09 14:55:00+00:00,33,1,16337,12122.0,12122.25,12097.25,12100.5,2541,NQ.v.0
2020-11-09 14:56:00+00:00,33,1,16337,12100.0,12125.0,12095.0,12118.25,2116,NQ.v.0
2020-11-09 14:57:00+00:00,33,1,16337,12118.25,12118.75,12087.75,12109.0,1951,NQ.v.0
2020-11-09 14:58:00+00:00,33,1,16337,12109.25,12120.75,12102.0,12119.0,1458,NQ.v.0
2020-11-09 14:59:00+00:00,33,1,16337,12119.75,12127.75,12109.75,12112.5,1378,NQ.v.0
2020-11-09 15:00:00+00:00,33,1,16337,12112.0,12143.75,12108.75,12134.75,2311,NQ.v.0
2020-11-09 15:01:00+00:00,33,1,16337,12134.75,12160.0,12123.25,12159.0,2633,NQ.v.0
2020-11-09 15:02:00+00:00,33,1,16337,12158.75,12182.0,12153.5,12179.75,2103,NQ.v.0
2020-11-09 15:03:00+00:00,33,1,16337,12179.5,12197.75,12167.25,12193.25,2574,NQ.v.0
2020-11-09 15:04:00+00:00,33,1,16337,12192.75,12216.5,12189.75,12214.0,2261,NQ.v.0
2020-11-09 15:05:00+00:00,33,1,16337,12214.5,12222.0,12188.0,12196.0,2569,NQ.v.0
2020-11-09 15:06:00+00:00,33,1,16337,12195.5,12209.75,12188.75,12194.5,1727,NQ.v.0
2020-11-09 15:07:00+00:00,33,1,16337,12194.5,12198.5,12166.75,12183.25,2165,NQ.v.0
2020-11-09 15:08:00+00:00,33,1,16337,12182.5,12188.75,12174.0,12186.0,1218,NQ.v.0
2020-11-09 15:09:00+00:00,33,1,16337,12186.0,12198.0,12172.25,12189.0,1409,NQ.v.0
2020-11-09 15:10:00+00:00,33,1,16337,12188.0,12195.25,12173.5,12185.25,1300,NQ.v.0
2020-11-09 15:11:00+00:00,33,1,16337,12184.75,12202.0,12175.5,12179.0,1526,NQ.v.0
2020-11-09 15:12:00+00:00,33,1,16337,12179.75,12198.5,12177.75,12197.25,1338,NQ.v.0
2020-11-09 15:13:00+00:00,33,1,16337,12197.0,12198.25,12182.75,12196.5,1407,NQ.v.0
2020-11-09 15:14:00+00:00,33,1,16337,12195.75,12210.0,12187.25,12206.0,1411,NQ.v.0
2020-11-09 15:15:00+00:00,33,1,16337,12206.25,12240.75,12200.75,12224.25,2596,NQ.v.0
2020-11-09 15:16:00+00:00,33,1,16337,12223.0,12236.25,12216.5,12229.25,1571,NQ.v.0
2020-11-09 15:17:00+00:00,33,1,16337,12229.0,12245.75,12223.0,12244.75,1235,NQ.v.0
2020-11-09 15:18:00+00:00,33,1,16337,12244.5,12258.5,12235.5,12256.25,1752,NQ.v.0
2020-11-09 15:19:00+00:00,33,1,16337,12256.5,12260.0,12246.0,12254.25,1159,NQ.v.0
2020-11-09 15:20:00+00:00,33,1,16337,12253.75,12260.5,12244.0,12258.0,1087,NQ.v.0
2020-11-09 15:21:00+00:00,33,1,16337,12258.0,12260.0,12244.0,12244.0,948,NQ.v.0
2020-11-09 15:22:00+00:00,33,1,16337,12244.25,12252.75,12240.75,12245.75,940,NQ.v.0
2020-11-09 15:23:00+00:00,33,1,16337,12244.75,12245.0,12231.25,12240.75,1375,NQ.v.0
2020-11-09 15:24:00+00:00,33,1,16337,12240.5,12247.5,12234.0,12247.5,685,NQ.v.0
2020-11-09 15:25:00+00:00,33,1,16337,12247.25,12253.5,12240.5,12250.0,1069,NQ.v.0
2020-11-09 15:26:00+00:00,33,1,16337,12249.75,12255.25,12243.25,12247.5,1058,NQ.v.0
2020-11-09 15:27:00+00:00,33,1,16337,12247.75,12250.25,12216.75,12223.0,1805,NQ.v.0
2020-11-09 15:28:00+00:00,33,1,16337,12223.0,12241.0,12221.0,12233.25,1006,NQ.v.0
2020-11-09 15:29:00+00:00,33,1,16337,12233.25,12238.25,12220.25,12229.25,978,NQ.v.0
2020-11-09 15:30:00+00:00,33,1,16337,12229.0,12250.5,12229.0,12249.0,1445,NQ.v.0
2020-11-09 15:31:00+00:00,33,1,16337,12249.0,12259.5,12247.5,12251.5,1320,NQ.v.0
2020-11-09 15:32:00+00:00,33,1,16337,12251.75,12260.0,12247.5,12254.5,1433,NQ.v.0
2020-11-09 15:33:00+00:00,33,1,16337,12253.75,12257.0,12244.0,12244.25,1184,NQ.v.0
2020-11-09 15:34:00+00:00,33,1,16337,12244.25,12254.5,12240.25,12246.5,1002,NQ.v.0
2020-11-09 15:35:00+00:00,33,1,16337,12247.0,12249.0,12223.5,12223.5,1811,NQ.v.0
2020-11-09 15:36:00+00:00,33,1,16337,12224.25,12227.5,12194.0,12196.75,1941,NQ.v.0
2020-11-09 15:37:00+00:00,33,1,16337,12196.75,12200.0,12177.5,12186.25,2141,NQ.v.0
2020-11-09 15:38:00+00:00,33,1,16337,12186.0,12189.75,12166.5,12169.5,1699,NQ.v.0
2020-11-09 15:39:00+00:00,33,1,16337,12169.25,12185.0,12158.5,12185.0,1526,NQ.v.0
2020-11-09 15:40:00+00:00,33,1,16337,12185.25,12189.5,12167.5,12178.75,1339,NQ.v.0
2020-11-09 15:41:00+00:00,33,1,16337,12178.25,12195.0,12176.0,12186.5,1320,NQ.v.0
2020-11-09 15:42:00+00:00,33,1,16337,12185.75,12195.75,12178.75,12179.5,1052,NQ.v.0
2020-11-09 15:43:00+00:00,33,1,16337,12178.5,12192.25,12174.75,12185.0,1023,NQ.v.0
2020-11-09 15:44:00+00:00,33,1,16337,12184.5,12188.75,12174.75,12180.25,865,NQ.v.0
2020-11-09 15:45:00+00:00,33,1,16337,12180.25,12184.75,12163.0,12167.0,1543,NQ.v.0
2020-11-09 15:46:00+00:00,33,1,16337,12167.5,12179.25,12154.75,12165.0,1277,NQ.v.0
2020-11-09 15:47:00+00:00,33,1,16337,12164.5,12172.5,12160.5,12162.25,956,NQ.v.0
2020-11-09 15:48:00+00:00,33,1,16337,12161.75,12162.0,12135.25,12140.75,1418,NQ.v.0
2020-11-09 15:49:00+00:00,33,1,16337,12141.0,12141.25,12116.25,12122.0,2284,NQ.v.0
2020-11-09 15:50:00+00:00,33,1,16337,12122.25,12127.5,12109.0,12109.75,1626,NQ.v.0
2020-11-09 15:51:00+00:00,33,1,16337,12109.25,12129.0,12106.5,12124.0,1604,NQ.v.0
2020-11-09 15:52:00+00:00,33,1,16337,12123.0,12136.5,12120.5,12130.25,1160,NQ.v.0
2020-11-09 15:53:00+00:00,33,1,16337,12130.75,12148.0,12127.25,12146.0,909,NQ.v.0
2020-11-09 15:54:00+00:00,33,1,16337,12145.75,12153.75,12140.75,12148.25,931,NQ.v.0
2020-11-09 15:55:00+00:00,33,1,16337,12147.75,12149.25,12113.5,12116.5,1213,NQ.v.0
2020-11-09 15:56:00+00:00,33,1,16337,12117.25,12144.0,12112.5,12140.25,1436,NQ.v.0
2020-11-09 15:57:00+00:00,33,1,16337,12140.75,12164.25,12137.5,12138.25,1596,NQ.v.0
2020-11-09 15:58:00+00:00,33,1,16337,12137.5,12163.5,12134.25,12157.25,1089,NQ.v.0
2020-11-09 15:59:00+00:00,33,1,16337,12157.75,12171.75,12154.5,12161.25,1239,NQ.v.0
2020-11-09 16:00:00+00:00,33,1,16337,12160.75,12174.75,12148.5,12154.5,1139,NQ.v.0
2020-11-09 16:01:00+00:00,33,1,16337,12155.5,12158.75,12131.75,12133.0,1546,NQ.v.0
2020-11-09 16:02:00+00:00,33,1,16337,12133.5,12136.0,12119.75,12133.5,1387,NQ.v.0
2020-11-09 16:03:00+00:00,33,1,16337,12132.5,12133.25,12113.5,12123.5,1256,NQ.v.0
2020-11-09 16:04:00+00:00,33,1,16337,12123.5,12132.75,12092.75,12105.25,2258,NQ.v.0
2020-11-09 16:05:00+00:00,33,1,16337,12104.5,12113.5,12094.5,12095.5,1520,NQ.v.0
2020-11-09 16:06:00+00:00,33,1,16337,12094.5,12096.5,12075.0,12080.25,2040,NQ.v.0
2020-11-09 16:07:00+00:00,33,1,16337,12081.0,12088.5,12077.25,12081.25,1082,NQ.v.0
2020-11-09 16:08:00+00:00,33,1,16337,12080.75,12108.0,12078.75,12105.0,1810,NQ.v.0
2020-11-09 16:09:00+00:00,33,1,16337,12105.75,12133.75,12102.0,12127.75,2022,NQ.v.0
2020-11-09 16:10:00+00:00,33,1,16337,12127.0,12129.25,12108.75,12112.75,1056,NQ.v.0
2020-11-09 16:11:00+00:00,33,1,16337,12112.75,12118.0,12096.5,12102.5,1051,NQ.v.0
2020-11-09 16:12:00+00:00,33,1,16337,12102.5,12110.5,12090.0,12109.25,1032,NQ.v.0
2020-11-09 16:13:00+00:00,33,1,16337,12109.25,12115.5,12102.25,12112.25,691,NQ.v.0
2020-11-09 16:14:00+00:00,33,1,16337,12112.75,12132.75,12111.25,12118.25,1081,NQ.v.0
2020-11-09 16:15:00+00:00,33,1,16337,12118.5,12133.25,12104.0,12129.25,1375,NQ.v.0
2020-11-09 16:16:00+00:00,33,1,16337,12129.75,12144.0,12121.0,12142.0,1454,NQ.v.0
2020-11-09 16:17:00+00:00,33,1,16337,12141.25,12144.75,12129.5,12140.25,946,NQ.v.0
2020-11-09 16:18:00+00:00,33,1,16337,12140.25,12141.75,12130.75,12136.5,759,NQ.v.0
2020-11-09 16:19:00+00:00,33,1,16337,12137.0,12159.0,12114.0,12155.25,2433,NQ.v.0
2020-11-09 16:20:00+00:00,33,1,16337,12153.5,12154.0,12137.25,12142.5,1283,NQ.v.0
2020-11-09 16:21:00+00:00,33,1,16337,12142.5,12145.0,12132.0,12139.75,699,NQ.v.0
2020-11-09 16:22:00+00:00,33,1,16337,12139.25,12164.0,12139.25,12162.75,1584,NQ.v.0
2020-11-09 16:23:00+00:00,33,1,16337,12162.5,12168.0,12156.5,12157.75,1161,NQ.v.0
2020-11-09 16:24:00+00:00,33,1,16337,12157.25,12171.0,12152.5,12160.75,1075,NQ.v.0
2020-11-09 16:25:00+00:00,33,1,16337,12161.0,12171.75,12156.75,12168.0,1040,NQ.v.0
2020-11-09 16:26:00+00:00,33,1,16337,12167.75,12173.25,12159.0,12160.25,1130,NQ.v.0
2020-11-09 16:27:00+00:00,33,1,16337,12160.0,12165.25,12153.5,12164.5,878,NQ.v.0
2020-11-09 16:28:00+00:00,33,1,16337,12164.5,12182.0,12162.25,12179.5,1115,NQ.v.0
2020-11-09 16:29:00+00:00,33,1,16337,12179.25,12185.75,12171.0,12185.5,1258,NQ.v.0
2020-11-09 16:30:00+00:00,33,1,16337,12185.25,12185.25,12172.5,12176.75,1245,NQ.v.0
2020-11-09 16:31:00+00:00,33,1,16337,12176.5,12181.0,12166.0,12167.5,683,NQ.v.0
2020-11-09 16:32:00+00:00,33,1,16337,12166.75,12174.75,12164.0,12166.5,749,NQ.v.0
2020-11-09 16:33:00+00:00,33,1,16337,12166.75,12176.5,12166.5,12172.0,442,NQ.v.0
2020-11-09 16:34:00+00:00,33,1,16337,12171.75,12180.0,12170.25,12174.5,591,NQ.v.0
2020-11-09 16:35:00+00:00,33,1,16337,12174.5,12183.0,12164.75,12171.5,869,NQ.v.0
2020-11-09 16:36:00+00:00,33,1,16337,12170.75,12173.5,12164.25,12171.25,479,NQ.v.0
2020-11-09 16:37:00+00:00,33,1,16337,12171.0,12184.25,12169.5,12183.75,610,NQ.v.0
2020-11-09 16:38:00+00:00,33,1,16337,12183.5,12186.0,12175.5,12184.5,640,NQ.v.0
2020-11-09 16:39:00+00:00,33,1,16337,12184.5,12186.25,12173.75,12175.5,600,NQ.v.0
2020-11-09 16:40:00+00:00,33,1,16337,12175.75,12177.75,12152.0,12156.75,1115,NQ.v.0
2020-11-09 16:41:00+00:00,33,1,16337,12157.0,12167.5,12146.5,12160.75,1552,NQ.v.0
2020-11-09 16:42:00+00:00,33,1,16337,12161.5,12164.75,12153.5,12158.75,615,NQ.v.0
2020-11-09 16:43:00+00:00,33,1,16337,12159.25,12169.0,12155.5,12157.25,808,NQ.v.0
2020-11-09 16:44:00+00:00,33,1,16337,12157.0,12166.75,12151.0,12164.25,916,NQ.v.0
2020-11-09 16:45:00+00:00,33,1,16337,12164.25,12172.5,12152.0,12156.5,1049,NQ.v.0
2020-11-09 16:46:00+00:00,33,1,16337,12155.75,12156.75,12141.5,12151.25,1007,NQ.v.0
2020-11-09 16:47:00+00:00,33,1,16337,12150.5,12154.0,12138.0,12141.5,642,NQ.v.0
2020-11-09 16:48:00+00:00,33,1,16337,12142.25,12154.0,12138.0,12151.25,742,NQ.v.0
2020-11-09 16:49:00+00:00,33,1,16337,12151.5,12154.5,12126.5,12127.0,934,NQ.v.0
2020-11-09 16:50:00+00:00,33,1,16337,12127.25,12130.25,12109.0,12117.75,1859,NQ.v.0
2020-11-09 16:51:00+00:00,33,1,16337,12118.0,12128.75,12107.0,12119.75,1085,NQ.v.0
2020-11-09 16:52:00+00:00,33,1,16337,12120.25,12135.25,12118.0,12121.5,1016,NQ.v.0
2020-11-09 16:53:00+00:00,33,1,16337,12122.25,12141.0,12120.25,12139.5,1308,NQ.v.0
2020-11-09 16:54:00+00:00,33,1,16337,12140.0,12141.0,12125.75,12128.0,646,NQ.v.0
2020-11-09 16:55:00+00:00,33,1,16337,12127.75,12132.5,12113.5,12123.0,941,NQ.v.0
2020-11-09 16:56:00+00:00,33,1,16337,12122.75,12122.75,12105.5,12111.25,1085,NQ.v.0
2020-11-09 16:57:00+00:00,33,1,16337,12111.25,12123.0,12105.5,12122.0,749,NQ.v.0
2020-11-09 16:58:00+00:00,33,1,16337,12122.0,12129.0,12112.0,12124.75,784,NQ.v.0
2020-11-09 16:59:00+00:00,33,1,16337,12125.25,12125.5,12109.5,12114.25,784,NQ.v.0
2020-11-09 17:00:00+00:00,33,1,16337,12114.25,12130.0,12107.0,12128.75,2057,NQ.v.0
2020-11-09 17:01:00+00:00,33,1,16337,12129.0,12136.5,12109.25,12113.0,1175,NQ.v.0
2020-11-09 17:02:00+00:00,33,1,16337,12114.25,12118.25,12096.5,12097.0,1309,NQ.v.0
2020-11-09 17:03:00+00:00,33,1,16337,12096.0,12110.0,12094.75,12107.5,890,NQ.v.0
2020-11-09 17:04:00+00:00,33,1,16337,12107.25,12114.25,12101.25,12113.25,723,NQ.v.0
2020-11-09 17:05:00+00:00,33,1,16337,12113.0,12123.25,12103.5,12104.5,840,NQ.v.0
2020-11-09 17:06:00+00:00,33,1,16337,12105.0,12114.5,12100.5,12111.75,828,NQ.v.0
2020-11-09 17:07:00+00:00,33,1,16337,12112.5,12138.0,12111.0,12126.5,1258,NQ.v.0
2020-11-09 17:08:00+00:00,33,1,16337,12128.25,12129.5,12120.5,12124.25,632,NQ.v.0
2020-11-09 17:09:00+00:00,33,1,16337,12124.25,12137.75,12118.0,12118.5,757,NQ.v.0
2020-11-09 17:10:00+00:00,33,1,16337,12118.5,12119.0,12085.25,12088.75,1676,NQ.v.0
2020-11-09 17:11:00+00:00,33,1,16337,12089.25,12094.5,12083.0,12088.5,1039,NQ.v.0
2020-11-09 17:12:00+00:00,33,1,16337,12088.25,12109.25,12083.0,12095.25,1162,NQ.v.0
2020-11-09 17:13:00+00:00,33,1,16337,12094.75,12098.25,12088.0,12095.0,791,NQ.v.0
2020-11-09 17:14:00+00:00,33,1,16337,12095.0,12100.5,12084.5,12086.0,744,NQ.v.0
2020-11-09 17:15:00+00:00,33,1,16337,12086.0,12089.0,12077.0,12079.0,1213,NQ.v.0
2020-11-09 17:16:00+00:00,33,1,16337,12079.0,12083.0,12066.0,12069.25,1318,NQ.v.0
2020-11-09 17:17:00+00:00,33,1,16337,12068.75,12086.25,12067.75,12081.5,1567,NQ.v.0
2020-11-09 17:18:00+00:00,33,1,16337,12081.25,12083.0,12074.5,12077.5,532,NQ.v.0
2020-11-09 17:19:00+00:00,33,1,16337,12077.5,12083.0,12072.5,12075.0,676,NQ.v.0
2020-11-09 17:20:00+00:00,33,1,16337,12075.75,12097.75,12070.0,12097.25,1284,NQ.v.0
2020-11-09 17:21:00+00:00,33,1,16337,12097.5,12106.5,12094.5,12099.5,1197,NQ.v.0
2020-11-09 17:22:00+00:00,33,1,16337,12099.25,12100.0,12092.25,12095.25,920,NQ.v.0
2020-11-09 17:23:00+00:00,33,1,16337,12094.75,12107.5,12092.5,12106.5,549,NQ.v.0
2020-11-09 17:24:00+00:00,33,1,16337,12105.75,12119.0,12096.0,12114.75,1013,NQ.v.0
2020-11-09 17:25:00+00:00,33,1,16337,12114.0,12129.0,12112.0,12128.25,985,NQ.v.0
2020-11-09 17:26:00+00:00,33,1,16337,12127.25,12129.75,12119.75,12122.0,1010,NQ.v.0
2020-11-09 17:27:00+00:00,33,1,16337,12121.5,12122.75,12110.5,12110.75,630,NQ.v.0
2020-11-09 17:28:00+00:00,33,1,16337,12110.75,12120.75,12104.75,12106.75,698,NQ.v.0
2020-11-09 17:29:00+00:00,33,1,16337,12106.5,12118.0,12103.25,12115.25,751,NQ.v.0
2020-11-09 17:30:00+00:00,33,1,16337,12116.0,12118.0,12102.25,12105.75,910,NQ.v.0
2020-11-09 17:31:00+00:00,33,1,16337,12105.0,12113.0,12097.75,12107.0,762,NQ.v.0
2020-11-09 17:32:00+00:00,33,1,16337,12107.25,12117.25,12105.0,12114.5,838,NQ.v.0
2020-11-09 17:33:00+00:00,33,1,16337,12115.0,12133.25,12111.5,12130.0,1277,NQ.v.0
2020-11-09 17:34:00+00:00,33,1,16337,12130.0,12130.25,12121.5,12127.25,618,NQ.v.0
2020-11-09 17:35:00+00:00,33,1,16337,12127.25,12127.5,12111.75,12116.75,639,NQ.v.0
2020-11-09 17:36:00+00:00,33,1,16337,12114.25,12125.0,12110.5,12120.5,456,NQ.v.0
2020-11-09 17:37:00+00:00,33,1,16337,12121.0,12124.5,12113.25,12119.5,268,NQ.v.0
2020-11-09 17:38:00+00:00,33,1,16337,12119.0,12130.0,12118.5,12124.25,552,NQ.v.0
2020-11-09 17:39:00+00:00,33,1,16337,12124.75,12131.75,12122.0,12122.0,395,NQ.v.0
2020-11-09 17:40:00+00:00,33,1,16337,12122.75,12128.25,12115.75,12119.0,570,NQ.v.0
2020-11-09 17:41:00+00:00,33,1,16337,12120.0,12127.0,12109.25,12123.0,718,NQ.v.0
2020-11-09 17:42:00+00:00,33,1,16337,12121.75,12123.25,12113.75,12119.0,404,NQ.v.0
2020-11-09 17:43:00+00:00,33,1,16337,12118.0,12123.0,12108.75,12114.0,1498,NQ.v.0
2020-11-09 17:44:00+00:00,33,1,16337,12115.0,12127.25,12114.75,12118.25,703,NQ.v.0
2020-11-09 17:45:00+00:00,33,1,16337,12117.25,12126.5,12114.0,12126.0,3760,NQ.v.0
2020-11-09 17:46:00+00:00,33,1,16337,12126.5,12128.5,12120.0,12123.0,2137,NQ.v.0
2020-11-09 17:47:00+00:00,33,1,16337,12123.0,12123.0,12105.5,12106.25,716,NQ.v.0
2020-11-09 17:48:00+00:00,33,1,16337,12105.75,12107.25,12083.0,12088.0,1268,NQ.v.0
2020-11-09 17:49:00+00:00,33,1,16337,12087.0,12093.5,12083.75,12091.25,574,NQ.v.0
2020-11-09 17:50:00+00:00,33,1,16337,12091.0,12104.5,12090.0,12099.75,608,NQ.v.0
2020-11-09 17:51:00+00:00,33,1,16337,12099.75,12102.5,12092.0,12093.75,447,NQ.v.0
2020-11-09 17:52:00+00:00,33,1,16337,12093.5,12094.25,12080.5,12086.25,660,NQ.v.0
2020-11-09 17:53:00+00:00,33,1,16337,12087.5,12093.0,12082.75,12084.75,777,NQ.v.0
2020-11-09 17:54:00+00:00,33,1,16337,12084.0,12088.25,12076.0,12081.25,608,NQ.v.0
2020-11-09 17:55:00+00:00,33,1,16337,12081.5,12089.75,12075.5,12086.5,487,NQ.v.0
2020-11-09 17:56:00+00:00,33,1,16337,12086.75,12095.0,12081.5,12093.25,391,NQ.v.0
2020-11-09 17:57:00+00:00,33,1,16337,12093.0,12097.75,12089.75,12095.5,437,NQ.v.0
2020-11-09 17:58:00+00:00,33,1,16337,12095.25,12109.25,12094.5,12107.5,816,NQ.v.0
2020-11-09 17:59:00+00:00,33,1,16337,12108.0,12121.75,12105.75,12118.75,902,NQ.v.0
2020-11-09 18:00:00+00:00,33,1,16337,12118.75,12147.75,12117.75,12138.25,1749,NQ.v.0
2020-11-09 18:01:00+00:00,33,1,16337,12137.25,12137.25,12128.0,12132.0,721,NQ.v.0
2020-11-09 18:02:00+00:00,33,1,16337,12131.25,12133.0,12125.75,12127.0,348,NQ.v.0
2020-11-09 18:03:00+00:00,33,1,16337,12127.75,12130.5,12123.25,12123.25,340,NQ.v.0
2020-11-09 18:04:00+00:00,33,1,16337,12123.0,12123.0,12104.5,12115.75,803,NQ.v.0
2020-11-09 18:05:00+00:00,33,1,16337,12116.5,12121.5,12111.5,12118.25,481,NQ.v.0
2020-11-09 18:06:00+00:00,33,1,16337,12118.75,12121.75,12115.75,12119.0,295,NQ.v.0
2020-11-09 18:07:00+00:00,33,1,16337,12119.75,12127.25,12114.75,12119.75,328,NQ.v.0
2020-11-09 18:08:00+00:00,33,1,16337,12119.5,12125.0,12115.0,12120.5,290,NQ.v.0
2020-11-09 18:09:00+00:00,33,1,16337,12119.5,12122.75,12113.5,12120.25,274,NQ.v.0
2020-11-09 18:10:00+00:00,33,1,16337,12120.25,12128.75,12118.5,12128.0,285,NQ.v.0
2020-11-09 18:11:00+00:00,33,1,16337,12128.25,12130.25,12124.5,12130.25,230,NQ.v.0
2020-11-09 18:12:00+00:00,33,1,16337,12129.5,12133.0,12122.0,12123.0,317,NQ.v.0
2020-11-09 18:13:00+00:00,33,1,16337,12123.75,12125.0,12115.0,12121.75,361,NQ.v.0
2020-11-09 18:14:00+00:00,33,1,16337,12121.5,12123.75,12114.5,12116.25,444,NQ.v.0
2020-11-09 18:15:00+00:00,33,1,16337,12116.75,12116.75,12102.0,12106.25,723,NQ.v.0
2020-11-09 18:16:00+00:00,33,1,16337,12105.75,12113.75,12105.75,12107.25,252,NQ.v.0
2020-11-09 18:17:00+00:00,33,1,16337,12107.75,12113.0,12102.5,12105.5,221,NQ.v.0
2020-11-09 18:18:00+00:00,33,1,16337,12105.0,12105.5,12094.5,12097.75,711,NQ.v.0
2020-11-09 18:19:00+00:00,33,1,16337,12098.25,12107.0,12095.0,12100.0,316,NQ.v.0
2020-11-09 18:20:00+00:00,33,1,16337,12100.75,12106.0,12094.0,12099.0,445,NQ.v.0
2020-11-09 18:21:00+00:00,33,1,16337,12099.5,12104.25,12095.75,12102.5,272,NQ.v.0
2020-11-09 18:22:00+00:00,33,1,16337,12103.5,12107.25,12098.5,12099.75,342,NQ.v.0
2020-11-09 18:23:00+00:00,33,1,16337,12100.0,12104.25,12096.5,12103.75,302,NQ.v.0
2020-11-09 18:24:00+00:00,33,1,16337,12103.75,12106.5,12096.5,12100.0,390,NQ.v.0
2020-11-09 18:25:00+00:00,33,1,16337,12100.25,12106.0,12097.5,12100.75,275,NQ.v.0
2020-11-09 18:26:00+00:00,33,1,16337,12100.25,12100.75,12088.0,12092.0,551,NQ.v.0
2020-11-09 18:27:00+00:00,33,1,16337,12091.5,12095.0,12088.0,12091.75,336,NQ.v.0
2020-11-09 18:28:00+00:00,33,1,16337,12090.5,12090.5,12083.75,12089.25,479,NQ.v.0
2020-11-09 18:29:00+00:00,33,1,16337,12088.75,12094.75,12087.0,12092.25,300,NQ.v.0
2020-11-09 18:30:00+00:00,33,1,16337,12091.75,12103.75,12091.75,12094.0,466,NQ.v.0
2020-11-09 18:31:00+00:00,33,1,16337,12094.75,12096.75,12090.0,12091.5,252,NQ.v.0
2020-11-09 18:32:00+00:00,33,1,16337,12091.25,12098.75,12086.5,12095.75,270,NQ.v.0
2020-11-09 18:33:00+00:00,33,1,16337,12094.25,12100.0,12091.25,12094.5,299,NQ.v.0
2020-11-09 18:34:00+00:00,33,1,16337,12094.0,12094.0,12086.5,12086.75,298,NQ.v.0
2020-11-09 18:35:00+00:00,33,1,16337,12087.5,12092.75,12084.25,12092.25,374,NQ.v.0
2020-11-09 18:36:00+00:00,33,1,16337,12092.75,12103.0,12091.5,12095.25,495,NQ.v.0
2020-11-09 18:37:00+00:00,33,1,16337,12094.0,12100.25,12089.25,12097.25,350,NQ.v.0
2020-11-09 18:38:00+00:00,33,1,16337,12096.75,12098.75,12092.25,12097.25,231,NQ.v.0
2020-11-09 18:39:00+00:00,33,1,16337,12095.5,12110.25,12095.5,12105.0,531,NQ.v.0
2020-11-09 18:40:00+00:00,33,1,16337,12105.0,12105.0,12086.0,12086.25,648,NQ.v.0
2020-11-09 18:41:00+00:00,33,1,16337,12086.0,12094.75,12078.5,12093.5,691,NQ.v.0
2020-11-09 18:42:00+00:00,33,1,16337,12094.25,12100.75,12092.0,12094.0,242,NQ.v.0
2020-11-09 18:43:00+00:00,33,1,16337,12092.5,12092.5,12084.25,12086.75,240,NQ.v.0
2020-11-09 18:44:00+00:00,33,1,16337,12087.25,12088.0,12080.25,12084.25,330,NQ.v.0
2020-11-09 18:45:00+00:00,33,1,16337,12085.75,12093.75,12084.0,12086.75,686,NQ.v.0
2020-11-09 18:46:00+00:00,33,1,16337,12086.25,12089.0,12071.75,12074.25,1755,NQ.v.0
2020-11-09 18:47:00+00:00,33,1,16337,12075.0,12086.0,12071.25,12080.75,592,NQ.v.0
2020-11-09 18:48:00+00:00,33,1,16337,12081.5,12093.0,12075.0,12090.5,452,NQ.v.0
2020-11-09 18:49:00+00:00,33,1,16337,12090.25,12092.75,12084.5,12091.0,2274,NQ.v.0
2020-11-09 18:50:00+00:00,33,1,16337,12090.5,12098.25,12084.75,12097.25,2020,NQ.v.0
2020-11-09 18:51:00+00:00,33,1,16337,12097.25,12101.0,12092.75,12093.75,1135,NQ.v.0
2020-11-09 18:52:00+00:00,33,1,16337,12092.75,12092.75,12071.25,12074.0,748,NQ.v.0
2020-11-09 18:53:00+00:00,33,1,16337,12074.5,12078.5,12066.75,12069.25,504,NQ.v.0
2020-11-09 18:54:00+00:00,33,1,16337,12070.0,12076.25,12066.5,12069.25,421,NQ.v.0
2020-11-09 18:55:00+00:00,33,1,16337,12069.25,12069.75,12056.25,12062.25,821,NQ.v.0
2020-11-09 18:56:00+00:00,33,1,16337,12063.25,12072.5,12062.5,12069.75,700,NQ.v.0
2020-11-09 18:57:00+00:00,33,1,16337,12070.0,12071.75,12065.0,12071.0,1246,NQ.v.0
2020-11-09 18:58:00+00:00,33,1,16337,12071.75,12084.25,12071.75,12083.75,664,NQ.v.0
2020-11-09 18:59:00+00:00,33,1,16337,12083.5,12088.75,12076.5,12078.75,394,NQ.v.0
2020-11-09 19:00:00+00:00,33,1,16337,12077.75,12086.25,12072.5,12081.5,392,NQ.v.0
2020-11-09 19:01:00+00:00,33,1,16337,12081.5,12088.0,12078.0,12083.75,325,NQ.v.0
2020-11-09 19:02:00+00:00,33,1,16337,12082.75,12084.25,12068.5,12076.0,379,NQ.v.0
2020-11-09 19:03:00+00:00,33,1,16337,12075.75,12079.0,12071.25,12076.75,189,NQ.v.0
2020-11-09 19:04:00+00:00,33,1,16337,12076.25,12076.25,12065.75,12072.5,480,NQ.v.0
2020-11-09 19:05:00+00:00,33,1,16337,12071.75,12073.75,12065.0,12069.75,366,NQ.v.0
2020-11-09 19:06:00+00:00,33,1,16337,12070.5,12086.75,12069.75,12081.0,1347,NQ.v.0
2020-11-09 19:07:00+00:00,33,1,16337,12081.0,12082.0,12067.75,12072.25,593,NQ.v.0
2020-11-09 19:08:00+00:00,33,1,16337,12072.75,12080.0,12070.5,12073.75,494,NQ.v.0
2020-11-09 19:09:00+00:00,33,1,16337,12074.5,12077.75,12063.75,12066.25,321,NQ.v.0
2020-11-09 19:10:00+00:00,33,1,16337,12066.25,12073.0,12052.5,12057.75,1803,NQ.v.0
2020-11-09 19:11:00+00:00,33,1,16337,12058.75,12060.0,12053.75,12054.25,430,NQ.v.0
2020-11-09 19:12:00+00:00,33,1,16337,12054.5,12061.5,12051.0,12058.5,480,NQ.v.0
2020-11-09 19:13:00+00:00,33,1,16337,12058.0,12065.75,12055.75,12056.5,404,NQ.v.0
2020-11-09 19:14:00+00:00,33,1,16337,12056.5,12057.75,12041.5,12042.0,1012,NQ.v.0
2020-11-09 19:15:00+00:00,33,1,16337,12042.5,12048.5,12031.5,12040.5,1113,NQ.v.0
2020-11-09 19:16:00+00:00,33,1,16337,12041.0,12048.0,12033.25,12037.0,538,NQ.v.0
2020-11-09 19:17:00+00:00,33,1,16337,12037.0,12041.5,12030.0,12036.75,630,NQ.v.0
2020-11-09 19:18:00+00:00,33,1,16337,12037.0,12042.75,12027.0,12040.5,647,NQ.v.0
2020-11-09 19:19:00+00:00,33,1,16337,12041.75,12050.0,12035.0,12035.25,458,NQ.v.0
2020-11-09 19:20:00+00:00,33,1,16337,12036.0,12039.5,12026.5,12032.25,618,NQ.v.0
2020-11-09 19:21:00+00:00,33,1,16337,12032.0,12032.0,12020.0,12023.0,756,NQ.v.0
2020-11-09 19:22:00+00:00,33,1,16337,12022.25,12025.5,12012.25,12014.75,742,NQ.v.0
2020-11-09 19:23:00+00:00,33,1,16337,12015.25,12019.5,12004.5,12006.0,1306,NQ.v.0
2020-11-09 19:24:00+00:00,33,1,16337,12006.75,12011.25,11997.25,11999.25,1605,NQ.v.0
2020-11-09 19:25:00+00:00,33,1,16337,11999.25,12008.25,11989.5,12006.75,953,NQ.v.0
2020-11-09 19:26:00+00:00,33,1,16337,12006.0,12025.0,12005.5,12013.75,1623,NQ.v.0
2020-11-09 19:27:00+00:00,33,1,16337,12013.75,12023.0,12012.75,12013.75,709,NQ.v.0
2020-11-09 19:28:00+00:00,33,1,16337,12014.5,12018.75,12006.0,12014.5,585,NQ.v.0
2020-11-09 19:29:00+00:00,33,1,16337,12014.25,12014.75,12003.25,12003.75,884,NQ.v.0
2020-11-09 19:30:00+00:00,33,1,16337,12003.75,12004.0,11978.0,11979.75,1867,NQ.v.0
2020-11-09 19:31:00+00:00,33,1,16337,11979.5,11983.75,11975.0,11983.0,880,NQ.v.0
2020-11-09 19:32:00+00:00,33,1,16337,11982.75,11985.5,11973.0,11975.75,776,NQ.v.0
2020-11-09 19:33:00+00:00,33,1,16337,11976.0,11988.5,11975.25,11984.0,1144,NQ.v.0
2020-11-09 19:34:00+00:00,33,1,16337,11983.25,11986.5,11977.0,11980.0,671,NQ.v.0
2020-11-09 19:35:00+00:00,33,1,16337,11980.5,12009.75,11976.25,12005.0,1750,NQ.v.0
2020-11-09 19:36:00+00:00,33,1,16337,12005.0,12018.25,12002.0,12011.5,990,NQ.v.0
2020-11-09 19:37:00+00:00,33,1,16337,12011.0,12012.5,12000.0,12007.0,801,NQ.v.0
2020-11-09 19:38:00+00:00,33,1,16337,12007.75,12024.5,12007.0,12019.5,1305,NQ.v.0
2020-11-09 19:39:00+00:00,33,1,16337,12019.25,12019.75,12010.0,12014.0,1498,NQ.v.0
2020-11-09 19:40:00+00:00,33,1,16337,12013.75,12015.25,12000.75,12008.0,829,NQ.v.0
2020-11-09 19:41:00+00:00,33,1,16337,12008.0,12018.75,12006.25,12017.0,869,NQ.v.0
2020-11-09 19:42:00+00:00,33,1,16337,12017.25,12033.5,12010.75,12025.0,1557,NQ.v.0
2020-11-09 19:43:00+00:00,33,1,16337,12024.75,12038.0,12017.25,12034.0,1350,NQ.v.0
2020-11-09 19:44:00+00:00,33,1,16337,12033.75,12044.0,12029.5,12037.25,1102,NQ.v.0
2020-11-09 19:45:00+00:00,33,1,16337,12037.25,12039.0,12026.5,12029.25,637,NQ.v.0
2020-11-09 19:46:00+00:00,33,1,16337,12029.5,12035.0,12019.25,12024.25,630,NQ.v.0
2020-11-09 19:47:00+00:00,33,1,16337,12024.0,12031.75,12022.75,12028.25,419,NQ.v.0
2020-11-09 19:48:00+00:00,33,1,16337,12028.75,12035.75,12026.25,12028.25,320,NQ.v.0
2020-11-09 19:49:00+00:00,33,1,16337,12028.75,12042.0,12026.5,12030.0,685,NQ.v.0
2020-11-09 19:50:00+00:00,33,1,16337,12029.5,12030.5,12013.0,12022.75,964,NQ.v.0
2020-11-09 19:51:00+00:00,33,1,16337,12023.5,12025.5,12007.5,12014.25,865,NQ.v.0
2020-11-09 19:52:00+00:00,33,1,16337,12014.0,12020.75,12011.25,12012.0,518,NQ.v.0
2020-11-09 19:53:00+00:00,33,1,16337,12011.25,12011.75,11990.0,11993.0,1361,NQ.v.0
2020-11-09 19:54:00+00:00,33,1,16337,11993.5,12000.75,11989.5,11996.75,689,NQ.v.0
2020-11-09 19:55:00+00:00,33,1,16337,11996.75,12016.0,11996.75,12002.5,997,NQ.v.0
2020-11-09 19:56:00+00:00,33,1,16337,12002.5,12003.5,11992.25,12002.5,797,NQ.v.0
2020-11-09 19:57:00+00:00,33,1,16337,12002.25,12012.5,11999.5,12010.5,536,NQ.v.0
2020-11-09 19:58:00+00:00,33,1,16337,12010.5,12012.0,12000.25,12006.0,1321,NQ.v.0
2020-11-09 19:59:00+00:00,33,1,16337,12005.75,12009.75,12000.25,12007.0,486,NQ.v.0
2020-11-09 20:00:00+00:00,33,1,16337,12007.5,12010.25,12000.25,12009.0,2069,NQ.v.0
2020-11-09 20:01:00+00:00,33,1,16337,12008.5,12026.25,12008.25,12019.25,856,NQ.v.0
2020-11-09 20:02:00+00:00,33,1,16337,12018.75,12026.0,12017.0,12023.5,1988,NQ.v.0
2020-11-09 20:03:00+00:00,33,1,16337,12023.25,12031.5,12021.25,12023.25,3133,NQ.v.0
2020-11-09 20:04:00+00:00,33,1,16337,12023.0,12038.25,12021.75,12035.75,1217,NQ.v.0
2020-11-09 20:05:00+00:00,33,1,16337,12036.25,12045.5,12028.25,12030.75,897,NQ.v.0
2020-11-09 20:06:00+00:00,33,1,16337,12031.0,12041.25,12017.75,12038.25,855,NQ.v.0
2020-11-09 20:07:00+00:00,33,1,16337,12038.0,12046.0,12026.25,12030.75,1011,NQ.v.0
2020-11-09 20:08:00+00:00,33,1,16337,12031.0,12040.75,12024.0,12031.0,1662,NQ.v.0
2020-11-09 20:09:00+00:00,33,1,16337,12031.25,12033.5,12027.25,12032.5,489,NQ.v.0
2020-11-09 20:10:00+00:00,33,1,16337,12033.0,12037.75,12021.75,12032.5,791,NQ.v.0
2020-11-09 20:11:00+00:00,33,1,16337,12032.5,12038.75,12014.75,12017.5,793,NQ.v.0
2020-11-09 20:12:00+00:00,33,1,16337,12017.5,12030.25,12016.75,12026.0,739,NQ.v.0
2020-11-09 20:13:00+00:00,33,1,16337,12026.25,12027.5,12015.5,12021.25,553,NQ.v.0
2020-11-09 20:14:00+00:00,33,1,16337,12020.75,12023.75,12012.0,12019.75,714,NQ.v.0
2020-11-09 20:15:00+00:00,33,1,16337,12020.25,12031.75,12020.25,12029.0,940,NQ.v.0
2020-11-09 20:16:00+00:00,33,1,16337,12029.5,12042.25,12029.25,12037.5,1136,NQ.v.0
2020-11-09 20:17:00+00:00,33,1,16337,12037.0,12040.25,12028.5,12035.25,1162,NQ.v.0
2020-11-09 20:18:00+00:00,33,1,16337,12035.0,12042.5,12032.0,12033.0,612,NQ.v.0
2020-11-09 20:19:00+00:00,33,1,16337,12033.25,12038.0,12016.75,12023.5,737,NQ.v.0
2020-11-09 20:20:00+00:00,33,1,16337,12023.25,12023.25,11992.75,12001.0,1285,NQ.v.0
2020-11-09 20:21:00+00:00,33,1,16337,12001.25,12004.0,11988.5,11991.0,864,NQ.v.0
2020-11-09 20:22:00+00:00,33,1,16337,11990.75,11999.25,11989.0,11998.5,813,NQ.v.0
2020-11-09 20:23:00+00:00,33,1,16337,11997.75,11999.5,11989.25,11995.5,511,NQ.v.0
2020-11-09 20:24:00+00:00,33,1,16337,11995.25,12003.5,11991.0,11996.75,639,NQ.v.0
2020-11-09 20:25:00+00:00,33,1,16337,11997.25,12003.5,11993.5,11997.25,468,NQ.v.0
2020-11-09 20:26:00+00:00,33,1,16337,11997.25,12002.5,11979.0,11984.25,1143,NQ.v.0
2020-11-09 20:27:00+00:00,33,1,16337,11984.25,11987.5,11977.0,11978.75,634,NQ.v.0
2020-11-09 20:28:00+00:00,33,1,16337,11978.5,11979.25,11965.25,11968.5,782,NQ.v.0
2020-11-09 20:29:00+00:00,33,1,16337,11968.5,11971.0,11957.5,11963.75,961,NQ.v.0
2020-11-09 20:30:00+00:00,33,1,16337,11964.75,11989.0,11964.75,11979.75,1277,NQ.v.0
2020-11-09 20:31:00+00:00,33,1,16337,11980.0,12002.5,11979.5,11986.75,1047,NQ.v.0
2020-11-09 20:32:00+00:00,33,1,16337,11987.75,11993.75,11982.75,11991.5,494,NQ.v.0
2020-11-09 20:33:00+00:00,33,1,16337,11990.5,11991.5,11972.75,11980.75,876,NQ.v.0
2020-11-09 20:34:00+00:00,33,1,16337,11981.5,11986.5,11970.25,11971.75,554,NQ.v.0
2020-11-09 20:35:00+00:00,33,1,16337,11971.75,11980.25,11966.0,11971.75,671,NQ.v.0
2020-11-09 20:36:00+00:00,33,1,16337,11973.5,11976.75,11960.75,11972.25,1145,NQ.v.0
2020-11-09 20:37:00+00:00,33,1,16337,11972.0,11972.25,11965.0,11968.75,476,NQ.v.0
2020-11-09 20:38:00+00:00,33,1,16337,11968.25,11978.0,11964.25,11974.75,847,NQ.v.0
2020-11-09 20:39:00+00:00,33,1,16337,11975.25,11983.0,11967.5,11983.0,547,NQ.v.0
2020-11-09 20:40:00+00:00,33,1,16337,11982.25,11985.75,11971.5,11977.0,652,NQ.v.0
2020-11-09 20:41:00+00:00,33,1,16337,11977.0,11977.75,11965.25,11967.0,489,NQ.v.0
2020-11-09 20:42:00+00:00,33,1,16337,11967.25,11968.5,11956.0,11957.25,584,NQ.v.0
2020-11-09 20:43:00+00:00,33,1,16337,11957.75,11963.25,11947.0,11948.25,851,NQ.v.0
2020-11-09 20:44:00+00:00,33,1,16337,11948.75,11967.5,11944.25,11964.5,973,NQ.v.0
2020-11-09 20:45:00+00:00,33,1,16337,11964.75,11975.25,11953.75,11959.0,867,NQ.v.0
2020-11-09 20:46:00+00:00,33,1,16337,11958.5,11958.5,11947.75,11950.25,505,NQ.v.0
2020-11-09 20:47:00+00:00,33,1,16337,11950.25,11952.5,11932.5,11940.0,1178,NQ.v.0
2020-11-09 20:48:00+00:00,33,1,16337,11939.75,11949.25,11932.25,11933.25,1010,NQ.v.0
2020-11-09 20:49:00+00:00,33,1,16337,11933.5,11941.0,11928.5,11940.0,999,NQ.v.0
2020-11-09 20:50:00+00:00,33,1,16337,11939.75,11939.75,11909.75,11913.75,1711,NQ.v.0
2020-11-09 20:51:00+00:00,33,1,16337,11913.5,11914.0,11888.0,11891.75,2065,NQ.v.0
2020-11-09 20:52:00+00:00,33,1,16337,11891.0,11908.0,11876.5,11907.75,2304,NQ.v.0
2020-11-09 20:53:00+00:00,33,1,16337,11907.5,11910.0,11896.0,11898.25,1510,NQ.v.0
2020-11-09 20:54:00+00:00,33,1,16337,11899.0,11903.0,11873.25,11876.75,1887,NQ.v.0
2020-11-09 20:55:00+00:00,33,1,16337,11876.5,11879.5,11852.5,11859.0,2914,NQ.v.0
2020-11-09 20:56:00+00:00,33,1,16337,11858.25,11861.25,11841.0,11845.75,1661,NQ.v.0
2020-11-09 20:57:00+00:00,33,1,16337,11846.5,11854.75,11832.75,11851.25,2287,NQ.v.0
2020-11-09 20:58:00+00:00,33,1,16337,11851.0,11877.5,11842.25,11855.5,3051,NQ.v.0
2020-11-09 20:59:00+00:00,33,1,16337,11855.75,11856.75,11812.25,11825.75,7962,NQ.v.0
2020-11-09 21:00:00+00:00,33,1,16337,11826.0,11844.5,11822.5,11842.75,3111,NQ.v.0
2020-11-09 21:01:00+00:00,33,1,16337,11843.5,11846.0,11830.5,11837.75,1555,NQ.v.0
2020-11-09 21:02:00+00:00,33,1,16337,11837.5,11847.0,11832.5,11840.75,1276,NQ.v.0
2020-11-09 21:03:00+00:00,33,1,16337,11840.5,11856.0,11839.25,11851.25,1339,NQ.v.0
2020-11-09 21:04:00+00:00,33,1,16337,11851.75,11851.75,11843.25,11849.5,980,NQ.v.0
2020-11-09 21:05:00+00:00,33,1,16337,11849.25,11861.5,11848.25,11861.5,1073,NQ.v.0
2020-11-09 21:06:00+00:00,33,1,16337,11861.25,11866.25,11844.75,11845.0,624,NQ.v.0
2020-11-09 21:07:00+00:00,33,1,16337,11844.75,11847.5,11838.25,11847.5,659,NQ.v.0
2020-11-09 21:08:00+00:00,33,1,16337,11847.5,11860.0,11846.5,11859.5,480,NQ.v.0
2020-11-09 21:09:00+00:00,33,1,16337,11860.25,11864.5,11856.0,11861.75,480,NQ.v.0
2020-11-09 21:10:00+00:00,33,1,16337,11862.75,11872.5,11861.75,11868.0,636,NQ.v.0
2020-11-09 21:11:00+00:00,33,1,16337,11867.75,11868.25,11850.5,11854.75,588,NQ.v.0
2020-11-09 21:12:00+00:00,33,1,16337,11855.75,11868.75,11855.25,11858.5,606,NQ.v.0
2020-11-09 21:13:00+00:00,33,1,16337,11858.75,11865.5,11853.0,11854.25,539,NQ.v.0
2020-11-09 21:14:00+00:00,33,1,16337,11854.75,11865.25,11850.0,11861.0,727,NQ.v.0
2020-11-09 21:30:00+00:00,33,1,16337,11866.25,11866.25,11855.0,11863.0,328,NQ.v.0
2020-11-09 21:31:00+00:00,33,1,16337,11863.75,11869.25,11860.25,11862.5,259,NQ.v.0
2020-11-09 21:32:00+00:00,33,1,16337,11864.0,11866.0,11862.0,11863.0,105,NQ.v.0
2020-11-09 21:33:00+00:00,33,1,16337,11863.0,11865.75,11861.5,11865.0,76,NQ.v.0
2020-11-09 21:34:00+00:00,33,1,16337,11865.5,11866.5,11864.25,11865.5,85,NQ.v.0
2020-11-09 21:35:00+00:00,33,1,16337,11865.25,11866.0,11863.75,11865.25,94,NQ.v.0
2020-11-09 21:36:00+00:00,33,1,16337,11865.25,11865.75,11863.0,11865.0,51,NQ.v.0
2020-11-09 21:37:00+00:00,33,1,16337,11864.75,11865.25,11850.5,11853.25,176,NQ.v.0
2020-11-09 21:38:00+00:00,33,1,16337,11852.5,11854.25,11848.25,11851.75,141,NQ.v.0
2020-11-09 21:39:00+00:00,33,1,16337,11850.75,11853.0,11845.75,11845.75,149,NQ.v.0
2020-11-09 21:40:00+00:00,33,1,16337,11845.25,11848.75,11830.0,11838.5,553,NQ.v.0
2020-11-09 21:41:00+00:00,33,1,16337,11838.75,11840.0,11832.25,11835.75,147,NQ.v.0
2020-11-09 21:42:00+00:00,33,1,16337,11834.25,11835.75,11828.0,11831.5,220,NQ.v.0
2020-11-09 21:43:00+00:00,33,1,16337,11831.5,11840.5,11830.5,11836.25,397,NQ.v.0
2020-11-09 21:44:00+00:00,33,1,16337,11837.25,11842.0,11835.0,11838.5,127,NQ.v.0
2020-11-09 21:45:00+00:00,33,1,16337,11837.25,11838.25,11832.5,11834.5,116,NQ.v.0
2020-11-09 21:46:00+00:00,33,1,16337,11834.5,11835.25,11827.5,11831.25,245,NQ.v.0
2020-11-09 21:47:00+00:00,33,1,16337,11830.75,11831.5,11825.25,11827.0,151,NQ.v.0
2020-11-09 21:48:00+00:00,33,1,16337,11827.25,11832.0,11821.0,11830.25,139,NQ.v.0
2020-11-09 21:49:00+00:00,33,1,16337,11831.75,11837.0,11830.5,11836.5,118,NQ.v.0
2020-11-09 21:50:00+00:00,33,1,16337,11835.5,11843.25,11835.25,11841.75,112,NQ.v.0
2020-11-09 21:51:00+00:00,33,1,16337,11841.5,11844.0,11837.25,11837.5,106,NQ.v.0
2020-11-09 21:52:00+00:00,33,1,16337,11837.75,11841.5,11837.25,11840.25,52,NQ.v.0
2020-11-09 21:53:00+00:00,33,1,16337,11839.75,11841.0,11836.5,11839.5,34,NQ.v.0
2020-11-09 21:54:00+00:00,33,1,16337,11841.75,11843.75,11835.25,11835.25,88,NQ.v.0
2020-11-09 21:55:00+00:00,33,1,16337,11836.25,11838.25,11833.25,11837.75,97,NQ.v.0
2020-11-09 21:56:00+00:00,33,1,16337,11838.75,11841.25,11833.0,11835.5,127,NQ.v.0
2020-11-09 21:57:00+00:00,33,1,16337,11835.75,11835.75,11824.0,11831.25,162,NQ.v.0
2020-11-09 21:58:00+00:00,33,1,16337,11830.25,11833.75,11828.0,11833.75,123,NQ.v.0
2020-11-09 21:59:00+00:00,33,1,16337,11835.0,11846.5,11835.0,11846.5,112,NQ.v.0
2020-11-09 23:00:00+00:00,33,1,16337,11863.5,11876.25,11859.5,11865.25,482,NQ.v.0
2020-11-09 23:01:00+00:00,33,1,16337,11868.25,11880.75,11865.5,11878.5,312,NQ.v.0
2020-11-09 23:02:00+00:00,33,1,16337,11878.25,11878.25,11867.25,11869.5,141,NQ.v.0
2020-11-09 23:03:00+00:00,33,1,16337,11870.75,11871.0,11863.0,11867.5,160,NQ.v.0
2020-11-09 23:04:00+00:00,33,1,16337,11869.25,11879.75,11867.5,11879.75,173,NQ.v.0
2020-11-09 23:05:00+00:00,33,1,16337,11879.75,11887.75,11879.75,11882.25,271,NQ.v.0
2020-11-09 23:06:00+00:00,33,1,16337,11884.0,11884.75,11873.5,11877.25,95,NQ.v.0
2020-11-09 23:07:00+00:00,33,1,16337,11877.25,11877.25,11868.5,11875.0,131,NQ.v.0
2020-11-09 23:08:00+00:00,33,1,16337,11874.5,11876.5,11872.5,11874.0,64,NQ.v.0
2020-11-09 23:09:00+00:00,33,1,16337,11873.75,11875.0,11869.25,11873.0,77,NQ.v.0
2020-11-09 23:10:00+00:00,33,1,16337,11873.0,11876.25,11869.25,11869.25,64,NQ.v.0
2020-11-09 23:11:00+00:00,33,1,16337,11870.75,11881.5,11870.0,11880.0,126,NQ.v.0
2020-11-09 23:12:00+00:00,33,1,16337,11878.5,11886.0,11878.0,11878.25,249,NQ.v.0
2020-11-09 23:13:00+00:00,33,1,16337,11879.5,11887.0,11879.5,11884.25,100,NQ.v.0
2020-11-09 23:14:00+00:00,33,1,16337,11884.75,11886.25,11882.0,11884.25,65,NQ.v.0
2020-11-09 23:15:00+00:00,33,1,16337,11885.0,11888.0,11884.5,11885.5,99,NQ.v.0
2020-11-09 23:16:00+00:00,33,1,16337,11885.5,11887.5,11883.5,11883.5,136,NQ.v.0
2020-11-09 23:17:00+00:00,33,1,16337,11885.0,11892.75,11884.25,11891.5,160,NQ.v.0
2020-11-09 23:18:00+00:00,33,1,16337,11892.25,11896.0,11887.5,11889.75,263,NQ.v.0
2020-11-09 23:19:00+00:00,33,1,16337,11888.5,11891.5,11887.25,11889.25,108,NQ.v.0
2020-11-09 23:20:00+00:00,33,1,16337,11890.75,11901.25,11890.75,11895.25,381,NQ.v.0
2020-11-09 23:21:00+00:00,33,1,16337,11895.5,11901.5,11894.0,11895.0,183,NQ.v.0
2020-11-09 23:22:00+00:00,33,1,16337,11894.5,11897.25,11891.0,11895.0,70,NQ.v.0
2020-11-09 23:23:00+00:00,33,1,16337,11895.25,11897.5,11891.75,11897.5,66,NQ.v.0
2020-11-09 23:24:00+00:00,33,1,16337,11895.5,11899.5,11893.75,11896.25,69,NQ.v.0
2020-11-09 23:25:00+00:00,33,1,16337,11897.0,11897.0,11892.0,11895.75,91,NQ.v.0
2020-11-09 23:26:00+00:00,33,1,16337,11895.25,11895.75,11893.5,11895.0,17,NQ.v.0
2020-11-09 23:27:00+00:00,33,1,16337,11895.5,11896.25,11890.0,11891.75,62,NQ.v.0
2020-11-09 23:28:00+00:00,33,1,16337,11891.0,11893.0,11890.0,11892.25,55,NQ.v.0
2020-11-09 23:29:00+00:00,33,1,16337,11891.0,11892.0,11886.25,11892.0,105,NQ.v.0
2020-11-09 23:30:00+00:00,33,1,16337,11892.25,11898.25,11892.0,11896.25,100,NQ.v.0
2020-11-09 23:31:00+00:00,33,1,16337,11897.5,11897.5,11886.75,11889.25,80,NQ.v.0
2020-11-09 23:32:00+00:00,33,1,16337,11888.25,11890.75,11887.75,11888.5,82,NQ.v.0
2020-11-09 23:33:00+00:00,33,1,16337,11888.25,11890.5,11887.25,11889.5,51,NQ.v.0
2020-11-09 23:34:00+00:00,33,1,16337,11890.25,11894.0,11889.0,11892.0,54,NQ.v.0
2020-11-09 23:35:00+00:00,33,1,16337,11892.75,11894.0,11891.0,11892.25,39,NQ.v.0
2020-11-09 23:36:00+00:00,33,1,16337,11892.25,11894.75,11890.5,11893.5,29,NQ.v.0
2020-11-09 23:37:00+00:00,33,1,16337,11892.25,11893.5,11891.5,11892.5,33,NQ.v.0
2020-11-09 23:38:00+00:00,33,1,16337,11891.75,11891.75,11889.0,11891.75,41,NQ.v.0
2020-11-09 23:39:00+00:00,33,1,16337,11890.5,11890.5,11886.75,11889.0,57,NQ.v.0
2020-11-09 23:40:00+00:00,33,1,16337,11887.75,11887.75,11882.25,11883.0,142,NQ.v.0
2020-11-09 23:41:00+00:00,33,1,16337,11883.75,11885.0,11881.0,11884.5,87,NQ.v.0
2020-11-09 23:42:00+00:00,33,1,16337,11884.5,11884.75,11881.25,11882.75,85,NQ.v.0
2020-11-09 23:43:00+00:00,33,1,16337,11883.5,11883.5,11880.75,11880.75,37,NQ.v.0
2020-11-09 23:44:00+00:00,33,1,16337,11880.5,11884.0,11877.25,11884.0,154,NQ.v.0
2020-11-09 23:45:00+00:00,33,1,16337,11884.0,11885.0,11881.75,11884.25,87,NQ.v.0
2020-11-09 23:46:00+00:00,33,1,16337,11884.25,11884.5,11879.25,11881.75,76,NQ.v.0
2020-11-09 23:47:00+00:00,33,1,16337,11881.5,11886.0,11881.0,11881.5,84,NQ.v.0
2020-11-09 23:48:00+00:00,33,1,16337,11881.5,11881.75,11876.0,11878.5,97,NQ.v.0
2020-11-09 23:49:00+00:00,33,1,16337,11878.5,11880.25,11877.25,11878.5,51,NQ.v.0
2020-11-09 23:50:00+00:00,33,1,16337,11878.25,11882.25,11875.0,11876.5,173,NQ.v.0
2020-11-09 23:51:00+00:00,33,1,16337,11876.0,11879.0,11873.0,11876.0,102,NQ.v.0
2020-11-09 23:52:00+00:00,33,1,16337,11875.5,11876.25,11864.0,11865.5,222,NQ.v.0
2020-11-09 23:53:00+00:00,33,1,16337,11865.25,11865.25,11856.75,11860.75,269,NQ.v.0
2020-11-09 23:54:00+00:00,33,1,16337,11861.0,11864.75,11855.75,11857.25,166,NQ.v.0
2020-11-09 23:55:00+00:00,33,1,16337,11858.75,11864.75,11857.75,11864.25,131,NQ.v.0
2020-11-09 23:56:00+00:00,33,1,16337,11863.5,11864.5,11855.25,11856.25,138,NQ.v.0
2020-11-09 23:57:00+00:00,33,1,16337,11856.5,11861.5,11853.25,11854.75,130,NQ.v.0
2020-11-09 23:58:00+00:00,33,1,16337,11853.25,11857.25,11850.75,11852.5,234,NQ.v.0
2020-11-09 23:59:00+00:00,33,1,16337,11852.5,11857.75,11850.25,11854.75,133,NQ.v.0
2020-11-10 00:00:00+00:00,33,1,16337,11855.5,11859.75,11848.5,11850.0,372,NQ.v.0
2020-11-10 00:01:00+00:00,33,1,16337,11850.5,11861.5,11846.5,11851.25,361,NQ.v.0
2020-11-10 00:02:00+00:00,33,1,16337,11851.0,11852.0,11840.0,11848.25,386,NQ.v.0
2020-11-10 00:03:00+00:00,33,1,16337,11847.5,11858.0,11845.25,11855.25,304,NQ.v.0
2020-11-10 00:04:00+00:00,33,1,16337,11856.5,11859.75,11851.25,11859.5,151,NQ.v.0
2020-11-10 00:05:00+00:00,33,1,16337,11859.5,11859.5,11851.5,11851.75,131,NQ.v.0
2020-11-10 00:06:00+00:00,33,1,16337,11853.0,11861.75,11851.0,11857.0,196,NQ.v.0
2020-11-10 00:07:00+00:00,33,1,16337,11857.75,11864.0,11856.25,11858.25,97,NQ.v.0
2020-11-10 00:08:00+00:00,33,1,16337,11858.5,11858.5,11847.75,11851.0,152,NQ.v.0
2020-11-10 00:09:00+00:00,33,1,16337,11851.75,11859.25,11851.0,11859.25,66,NQ.v.0
2020-11-10 00:10:00+00:00,33,1,16337,11858.75,11859.0,11851.0,11854.0,144,NQ.v.0
2020-11-10 00:11:00+00:00,33,1,16337,11853.75,11857.0,11850.25,11853.5,181,NQ.v.0
2020-11-10 00:12:00+00:00,33,1,16337,11852.5,11854.75,11849.5,11850.75,90,NQ.v.0
2020-11-10 00:13:00+00:00,33,1,16337,11851.75,11855.0,11848.0,11849.75,85,NQ.v.0
2020-11-10 00:14:00+00:00,33,1,16337,11850.25,11857.75,11850.0,11854.75,87,NQ.v.0
2020-11-10 00:15:00+00:00,33,1,16337,11852.75,11853.0,11842.0,11846.75,212,NQ.v.0
2020-11-10 00:16:00+00:00,33,1,16337,11846.75,11852.5,11843.0,11844.25,234,NQ.v.0
2020-11-10 00:17:00+00:00,33,1,16337,11846.25,11848.5,11836.75,11838.5,145,NQ.v.0
2020-11-10 00:18:00+00:00,33,1,16337,11837.5,11841.0,11836.25,11839.0,134,NQ.v.0
2020-11-10 00:19:00+00:00,33,1,16337,11841.25,11841.25,11802.25,11811.25,1056,NQ.v.0
2020-11-10 00:20:00+00:00,33,1,16337,11811.5,11822.75,11804.75,11819.75,596,NQ.v.0
2020-11-10 00:21:00+00:00,33,1,16337,11820.75,11825.25,11818.0,11818.0,231,NQ.v.0
2020-11-10 00:22:00+00:00,33,1,16337,11817.75,11818.75,11812.25,11815.75,184,NQ.v.0
2020-11-10 00:23:00+00:00,33,1,16337,11816.5,11816.5,11805.25,11806.0,313,NQ.v.0
2020-11-10 00:24:00+00:00,33,1,16337,11806.0,11808.0,11790.25,11792.75,599,NQ.v.0
2020-11-10 00:25:00+00:00,33,1,16337,11792.0,11802.5,11791.25,11800.75,383,NQ.v.0
2020-11-10 00:26:00+00:00,33,1,16337,11801.75,11808.75,11798.5,11800.0,247,NQ.v.0
2020-11-10 00:27:00+00:00,33,1,16337,11799.75,11805.25,11794.25,11803.75,277,NQ.v.0
2020-11-10 00:28:00+00:00,33,1,16337,11802.5,11807.5,11797.25,11798.5,148,NQ.v.0
2020-11-10 00:29:00+00:00,33,1,16337,11798.0,11807.0,11797.5,11804.0,118,NQ.v.0
2020-11-10 00:30:00+00:00,33,1,16337,11804.25,11811.25,11801.5,11806.0,179,NQ.v.0
2020-11-10 00:31:00+00:00,33,1,16337,11805.0,11818.0,11800.0,11813.0,214,NQ.v.0
2020-11-10 00:32:00+00:00,33,1,16337,11813.75,11816.5,11811.0,11813.25,152,NQ.v.0
2020-11-10 00:33:00+00:00,33,1,16337,11814.0,11815.5,11811.75,11812.25,88,NQ.v.0
2020-11-10 00:34:00+00:00,33,1,16337,11814.5,11815.0,11810.75,11813.0,95,NQ.v.0
2020-11-10 00:35:00+00:00,33,1,16337,11811.5,11816.0,11808.0,11809.75,139,NQ.v.0
2020-11-10 00:36:00+00:00,33,1,16337,11810.25,11811.25,11803.75,11811.25,159,NQ.v.0
2020-11-10 00:37:00+00:00,33,1,16337,11810.5,11812.5,11804.5,11807.0,129,NQ.v.0
2020-11-10 00:38:00+00:00,33,1,16337,11806.75,11813.0,11806.25,11811.0,87,NQ.v.0
2020-11-10 00:39:00+00:00,33,1,16337,11810.0,11815.0,11808.75,11814.0,102,NQ.v.0
2020-11-10 00:40:00+00:00,33,1,16337,11814.0,11815.5,11811.0,11812.0,109,NQ.v.0
2020-11-10 00:41:00+00:00,33,1,16337,11813.5,11817.0,11811.25,11816.0,85,NQ.v.0
2020-11-10 00:42:00+00:00,33,1,16337,11815.0,11815.5,11807.25,11810.0,91,NQ.v.0
2020-11-10 00:43:00+00:00,33,1,16337,11810.75,11812.0,11806.25,11811.75,59,NQ.v.0
2020-11-10 00:44:00+00:00,33,1,16337,11811.75,11811.75,11807.0,11808.75,40,NQ.v.0
2020-11-10 00:45:00+00:00,33,1,16337,11809.0,11814.5,11808.0,11812.25,83,NQ.v.0
2020-11-10 00:46:00+00:00,33,1,16337,11812.5,11816.75,11811.25,11815.0,85,NQ.v.0
2020-11-10 00:47:00+00:00,33,1,16337,11815.5,11817.0,11813.25,11816.0,66,NQ.v.0
2020-11-10 00:48:00+00:00,33,1,16337,11816.0,11818.0,11814.0,11817.0,130,NQ.v.0
2020-11-10 00:49:00+00:00,33,1,16337,11816.5,11821.0,11816.0,11818.75,247,NQ.v.0
2020-11-10 00:50:00+00:00,33,1,16337,11818.75,11820.25,11816.0,11820.0,82,NQ.v.0
2020-11-10 00:51:00+00:00,33,1,16337,11819.0,11819.25,11816.0,11817.5,54,NQ.v.0
2020-11-10 00:52:00+00:00,33,1,16337,11818.5,11820.5,11817.25,11819.75,71,NQ.v.0
2020-11-10 00:53:00+00:00,33,1,16337,11820.0,11824.5,11819.25,11822.25,131,NQ.v.0
2020-11-10 00:54:00+00:00,33,1,16337,11823.25,11832.5,11819.0,11828.5,301,NQ.v.0
2020-11-10 00:55:00+00:00,33,1,16337,11829.0,11832.75,11827.0,11830.5,116,NQ.v.0
2020-11-10 00:56:00+00:00,33,1,16337,11829.75,11831.75,11829.0,11831.0,77,NQ.v.0
2020-11-10 00:57:00+00:00,33,1,16337,11831.0,11832.0,11825.5,11828.25,97,NQ.v.0
2020-11-10 00:58:00+00:00,33,1,16337,11828.25,11830.75,11826.0,11829.0,62,NQ.v.0
2020-11-10 00:59:00+00:00,33,1,16337,11828.25,11833.25,11826.75,11831.75,81,NQ.v.0
2020-11-10 01:00:00+00:00,33,1,16337,11832.25,11836.0,11830.75,11835.0,196,NQ.v.0
2020-11-10 01:01:00+00:00,33,1,16337,11835.0,11843.75,11834.75,11840.75,254,NQ.v.0
2020-11-10 01:02:00+00:00,33,1,16337,11841.0,11841.5,11836.0,11840.0,91,NQ.v.0
2020-11-10 01:03:00+00:00,33,1,16337,11841.0,11841.25,11835.25,11838.5,107,NQ.v.0
2020-11-10 01:04:00+00:00,33,1,16337,11838.5,11838.5,11830.5,11833.0,127,NQ.v.0
2020-11-10 01:05:00+00:00,33,1,16337,11833.25,11836.0,11831.25,11833.5,55,NQ.v.0
2020-11-10 01:06:00+00:00,33,1,16337,11834.0,11834.5,11831.0,11833.0,31,NQ.v.0
2020-11-10 01:07:00+00:00,33,1,16337,11832.5,11832.5,11823.25,11831.0,160,NQ.v.0
2020-11-10 01:08:00+00:00,33,1,16337,11829.0,11830.5,11827.25,11829.75,33,NQ.v.0
2020-11-10 01:09:00+00:00,33,1,16337,11829.0,11836.75,11827.25,11836.75,86,NQ.v.0
2020-11-10 01:10:00+00:00,33,1,16337,11834.75,11842.0,11834.0,11835.5,165,NQ.v.0
2020-11-10 01:11:00+00:00,33,1,16337,11835.0,11842.0,11835.0,11842.0,81,NQ.v.0
2020-11-10 01:12:00+00:00,33,1,16337,11840.75,11842.0,11836.0,11840.5,109,NQ.v.0
2020-11-10 01:13:00+00:00,33,1,16337,11841.0,11841.25,11836.0,11840.0,50,NQ.v.0
2020-11-10 01:14:00+00:00,33,1,16337,11838.75,11841.5,11836.75,11837.5,54,NQ.v.0
2020-11-10 01:15:00+00:00,33,1,16337,11836.25,11837.25,11822.0,11827.5,281,NQ.v.0
2020-11-10 01:16:00+00:00,33,1,16337,11828.75,11834.5,11828.75,11834.5,79,NQ.v.0
2020-11-10 01:17:00+00:00,33,1,16337,11833.5,11835.0,11826.75,11826.75,53,NQ.v.0
2020-11-10 01:18:00+00:00,33,1,16337,11826.5,11833.5,11826.5,11833.5,75,NQ.v.0
2020-11-10 01:19:00+00:00,33,1,16337,11832.5,11836.25,11829.5,11831.25,72,NQ.v.0
2020-11-10 01:20:00+00:00,33,1,16337,11829.75,11831.25,11825.75,11828.25,70,NQ.v.0
2020-11-10 01:21:00+00:00,33,1,16337,11828.5,11830.0,11825.0,11826.5,127,NQ.v.0
2020-11-10 01:22:00+00:00,33,1,16337,11827.25,11835.5,11825.75,11834.5,88,NQ.v.0
2020-11-10 01:23:00+00:00,33,1,16337,11835.0,11836.5,11832.5,11833.0,59,NQ.v.0
2020-11-10 01:24:00+00:00,33,1,16337,11834.0,11839.0,11832.25,11834.5,101,NQ.v.0
2020-11-10 01:25:00+00:00,33,1,16337,11835.5,11837.75,11832.25,11833.0,73,NQ.v.0
2020-11-10 01:26:00+00:00,33,1,16337,11834.25,11837.0,11833.75,11835.5,36,NQ.v.0
2020-11-10 01:27:00+00:00,33,1,16337,11836.75,11844.25,11836.5,11844.25,135,NQ.v.0
2020-11-10 01:28:00+00:00,33,1,16337,11844.5,11847.0,11841.5,11843.0,113,NQ.v.0
2020-11-10 01:29:00+00:00,33,1,16337,11842.0,11852.25,11842.0,11847.0,202,NQ.v.0
2020-11-10 01:30:00+00:00,33,1,16337,11848.0,11858.0,11848.0,11853.75,347,NQ.v.0
2020-11-10 01:31:00+00:00,33,1,16337,11852.75,11854.25,11848.25,11851.25,122,NQ.v.0
2020-11-10 01:32:00+00:00,33,1,16337,11851.75,11861.75,11851.75,11859.0,284,NQ.v.0
2020-11-10 01:33:00+00:00,33,1,16337,11858.0,11861.0,11856.25,11859.75,105,NQ.v.0
2020-11-10 01:34:00+00:00,33,1,16337,11859.0,11861.0,11853.5,11855.25,210,NQ.v.0
2020-11-10 01:35:00+00:00,33,1,16337,11855.0,11858.0,11852.75,11857.5,76,NQ.v.0
2020-11-10 01:36:00+00:00,33,1,16337,11857.75,11862.0,11851.0,11854.0,122,NQ.v.0
2020-11-10 01:37:00+00:00,33,1,16337,11854.25,11854.25,11849.0,11849.0,64,NQ.v.0
2020-11-10 01:38:00+00:00,33,1,16337,11848.75,11858.5,11846.75,11858.5,111,NQ.v.0
2020-11-10 01:39:00+00:00,33,1,16337,11857.25,11869.75,11857.0,11863.25,327,NQ.v.0
2020-11-10 01:40:00+00:00,33,1,16337,11864.25,11865.0,11862.5,11864.25,95,NQ.v.0
2020-11-10 01:41:00+00:00,33,1,16337,11863.0,11869.0,11857.75,11866.25,265,NQ.v.0
2020-11-10 01:42:00+00:00,33,1,16337,11866.0,11866.5,11861.75,11865.5,52,NQ.v.0
2020-11-10 01:43:00+00:00,33,1,16337,11865.75,11868.5,11863.0,11866.0,69,NQ.v.0
2020-11-10 01:44:00+00:00,33,1,16337,11865.5,11874.5,11864.0,11871.0,240,NQ.v.0
2020-11-10 01:45:00+00:00,33,1,16337,11871.75,11875.75,11869.75,11870.5,185,NQ.v.0
2020-11-10 01:46:00+00:00,33,1,16337,11870.0,11879.0,11866.5,11876.5,239,NQ.v.0
2020-11-10 01:47:00+00:00,33,1,16337,11877.25,11893.75,11877.25,11887.25,627,NQ.v.0
2020-11-10 01:48:00+00:00,33,1,16337,11888.0,11891.75,11883.5,11886.5,161,NQ.v.0
2020-11-10 01:49:00+00:00,33,1,16337,11885.75,11889.75,11885.0,11887.5,82,NQ.v.0
2020-11-10 01:50:00+00:00,33,1,16337,11887.75,11887.75,11883.5,11884.25,50,NQ.v.0
2020-11-10 01:51:00+00:00,33,1,16337,11885.25,11892.5,11883.0,11887.5,168,NQ.v.0
2020-11-10 01:52:00+00:00,33,1,16337,11887.5,11888.5,11882.75,11886.0,90,NQ.v.0
2020-11-10 01:53:00+00:00,33,1,16337,11883.75,11884.5,11879.25,11883.0,107,NQ.v.0
2020-11-10 01:54:00+00:00,33,1,16337,11883.25,11883.75,11874.25,11875.0,122,NQ.v.0
2020-11-10 01:55:00+00:00,33,1,16337,11876.75,11878.0,11872.0,11874.0,114,NQ.v.0
2020-11-10 01:56:00+00:00,33,1,16337,11875.0,11878.0,11873.5,11878.0,63,NQ.v.0
2020-11-10 01:57:00+00:00,33,1,16337,11876.5,11877.0,11871.5,11873.5,64,NQ.v.0
2020-11-10 01:58:00+00:00,33,1,16337,11872.75,11875.25,11869.25,11869.25,70,NQ.v.0
2020-11-10 01:59:00+00:00,33,1,16337,11869.0,11874.0,11868.25,11870.75,83,NQ.v.0
2020-11-10 02:00:00+00:00,33,1,16337,11871.0,11877.75,11870.25,11877.75,90,NQ.v.0
2020-11-10 02:01:00+00:00,33,1,16337,11878.0,11883.0,11878.0,11879.0,107,NQ.v.0
2020-11-10 02:02:00+00:00,33,1,16337,11879.75,11885.5,11878.75,11879.75,80,NQ.v.0
2020-11-10 02:03:00+00:00,33,1,16337,11879.25,11886.25,11879.25,11883.0,90,NQ.v.0
2020-11-10 02:04:00+00:00,33,1,16337,11883.75,11890.0,11882.25,11886.75,137,NQ.v.0
2020-11-10 02:05:00+00:00,33,1,16337,11886.5,11888.75,11883.0,11883.0,103,NQ.v.0
2020-11-10 02:06:00+00:00,33,1,16337,11884.0,11886.5,11883.75,11884.25,61,NQ.v.0
2020-11-10 02:07:00+00:00,33,1,16337,11884.0,11885.0,11879.25,11883.75,92,NQ.v.0
2020-11-10 02:08:00+00:00,33,1,16337,11884.0,11893.0,11883.75,11891.5,130,NQ.v.0
2020-11-10 02:09:00+00:00,33,1,16337,11893.0,11893.25,11889.5,11891.0,128,NQ.v.0
2020-11-10 02:10:00+00:00,33,1,16337,11892.25,11893.25,11888.0,11888.5,89,NQ.v.0
2020-11-10 02:11:00+00:00,33,1,16337,11887.25,11887.25,11881.5,11883.25,97,NQ.v.0
2020-11-10 02:12:00+00:00,33,1,16337,11883.0,11883.5,11877.25,11879.25,128,NQ.v.0
2020-11-10 02:13:00+00:00,33,1,16337,11878.75,11879.0,11872.5,11872.5,126,NQ.v.0
2020-11-10 02:14:00+00:00,33,1,16337,11873.25,11875.75,11872.75,11875.75,44,NQ.v.0
2020-11-10 02:15:00+00:00,33,1,16337,11873.5,11873.5,11866.5,11869.25,151,NQ.v.0
2020-11-10 02:16:00+00:00,33,1,16337,11869.0,11871.0,11868.0,11870.75,45,NQ.v.0
2020-11-10 02:17:00+00:00,33,1,16337,11870.75,11870.75,11852.5,11856.0,309,NQ.v.0
2020-11-10 02:18:00+00:00,33,1,16337,11855.25,11860.5,11854.25,11859.25,85,NQ.v.0
2020-11-10 02:19:00+00:00,33,1,16337,11859.75,11864.5,11857.5,11860.0,145,NQ.v.0
2020-11-10 02:20:00+00:00,33,1,16337,11860.0,11863.25,11858.0,11860.0,88,NQ.v.0
2020-11-10 02:21:00+00:00,33,1,16337,11859.25,11860.5,11840.0,11844.25,329,NQ.v.0
2020-11-10 02:22:00+00:00,33,1,16337,11844.75,11849.25,11837.5,11846.5,282,NQ.v.0
2020-11-10 02:23:00+00:00,33,1,16337,11845.25,11850.25,11844.5,11850.25,59,NQ.v.0
2020-11-10 02:24:00+00:00,33,1,16337,11849.5,11855.25,11845.75,11849.5,198,NQ.v.0
2020-11-10 02:25:00+00:00,33,1,16337,11850.25,11855.75,11844.25,11850.0,113,NQ.v.0
2020-11-10 02:26:00+00:00,33,1,16337,11849.25,11849.25,11842.0,11843.75,124,NQ.v.0
2020-11-10 02:27:00+00:00,33,1,16337,11843.25,11843.25,11822.0,11829.75,539,NQ.v.0
2020-11-10 02:28:00+00:00,33,1,16337,11829.75,11836.5,11824.0,11833.75,275,NQ.v.0
2020-11-10 02:29:00+00:00,33,1,16337,11832.5,11832.5,11824.5,11831.75,182,NQ.v.0
2020-11-10 02:30:00+00:00,33,1,16337,11830.25,11835.0,11826.75,11827.0,85,NQ.v.0
2020-11-10 02:31:00+00:00,33,1,16337,11827.75,11832.75,11824.5,11831.5,97,NQ.v.0
2020-11-10 02:32:00+00:00,33,1,16337,11830.5,11832.25,11824.5,11826.0,85,NQ.v.0
2020-11-10 02:33:00+00:00,33,1,16337,11826.0,11833.0,11826.0,11830.5,71,NQ.v.0
2020-11-10 02:34:00+00:00,33,1,16337,11831.5,11840.75,11831.0,11832.5,193,NQ.v.0
2020-11-10 02:35:00+00:00,33,1,16337,11833.25,11835.5,11815.5,11818.5,307,NQ.v.0
2020-11-10 02:36:00+00:00,33,1,16337,11818.5,11818.5,11802.75,11808.25,537,NQ.v.0
2020-11-10 02:37:00+00:00,33,1,16337,11809.25,11809.75,11797.5,11804.75,288,NQ.v.0
2020-11-10 02:38:00+00:00,33,1,16337,11805.75,11813.0,11805.25,11806.25,99,NQ.v.0
2020-11-10 02:39:00+00:00,33,1,16337,11805.5,11813.0,11805.5,11811.0,73,NQ.v.0
2020-11-10 02:40:00+00:00,33,1,16337,11811.25,11818.0,11809.75,11813.25,125,NQ.v.0
2020-11-10 02:41:00+00:00,33,1,16337,11814.0,11815.0,11808.25,11815.0,136,NQ.v.0
2020-11-10 02:42:00+00:00,33,1,16337,11812.5,11815.25,11810.25,11815.25,30,NQ.v.0
2020-11-10 02:43:00+00:00,33,1,16337,11813.0,11819.25,11811.5,11818.5,99,NQ.v.0
2020-11-10 02:44:00+00:00,33,1,16337,11817.25,11818.5,11812.5,11812.5,77,NQ.v.0
2020-11-10 02:45:00+00:00,33,1,16337,11813.75,11819.5,11813.0,11817.75,77,NQ.v.0
2020-11-10 02:46:00+00:00,33,1,16337,11819.0,11822.0,11814.0,11816.0,101,NQ.v.0
2020-11-10 02:47:00+00:00,33,1,16337,11816.0,11820.25,11815.0,11818.0,67,NQ.v.0
2020-11-10 02:48:00+00:00,33,1,16337,11817.25,11817.25,11805.5,11808.0,154,NQ.v.0
2020-11-10 02:49:00+00:00,33,1,16337,11806.5,11814.5,11806.25,11812.75,60,NQ.v.0
2020-11-10 02:50:00+00:00,33,1,16337,11812.75,11818.5,11811.25,11813.5,70,NQ.v.0
2020-11-10 02:51:00+00:00,33,1,16337,11813.75,11813.75,11809.75,11810.5,50,NQ.v.0
2020-11-10 02:52:00+00:00,33,1,16337,11811.75,11811.75,11803.75,11803.75,120,NQ.v.0
2020-11-10 02:53:00+00:00,33,1,16337,11805.75,11807.25,11792.5,11793.5,289,NQ.v.0
2020-11-10 02:54:00+00:00,33,1,16337,11794.75,11794.75,11780.0,11790.0,516,NQ.v.0
2020-11-10 02:55:00+00:00,33,1,16337,11789.0,11789.0,11780.0,11780.25,291,NQ.v.0
2020-11-10 02:56:00+00:00,33,1,16337,11780.5,11780.5,11771.5,11777.75,433,NQ.v.0
2020-11-10 02:57:00+00:00,33,1,16337,11776.0,11776.0,11763.25,11764.5,358,NQ.v.0
2020-11-10 02:58:00+00:00,33,1,16337,11764.25,11771.75,11752.0,11758.75,769,NQ.v.0
2020-11-10 02:59:00+00:00,33,1,16337,11758.5,11771.25,11756.25,11766.75,415,NQ.v.0
2020-11-10 03:00:00+00:00,33,1,16337,11766.5,11778.5,11761.75,11773.5,384,NQ.v.0
2020-11-10 03:01:00+00:00,33,1,16337,11773.5,11778.0,11763.0,11773.75,319,NQ.v.0
2020-11-10 03:02:00+00:00,33,1,16337,11773.5,11790.75,11771.75,11783.5,570,NQ.v.0
2020-11-10 03:03:00+00:00,33,1,16337,11784.0,11785.25,11774.25,11780.0,197,NQ.v.0
2020-11-10 03:04:00+00:00,33,1,16337,11778.5,11786.75,11776.0,11781.0,131,NQ.v.0
2020-11-10 03:05:00+00:00,33,1,16337,11781.25,11788.0,11778.5,11784.75,300,NQ.v.0
2020-11-10 03:06:00+00:00,33,1,16337,11784.25,11786.5,11780.75,11783.5,98,NQ.v.0
2020-11-10 03:07:00+00:00,33,1,16337,11783.0,11786.75,11781.25,11783.25,73,NQ.v.0
2020-11-10 03:08:00+00:00,33,1,16337,11781.75,11782.25,11771.25,11772.75,206,NQ.v.0
2020-11-10 03:09:00+00:00,33,1,16337,11774.0,11777.75,11772.0,11775.25,110,NQ.v.0
2020-11-10 03:10:00+00:00,33,1,16337,11774.5,11778.25,11763.5,11767.25,273,NQ.v.0
2020-11-10 03:11:00+00:00,33,1,16337,11765.75,11770.0,11763.25,11766.75,132,NQ.v.0
2020-11-10 03:12:00+00:00,33,1,16337,11766.75,11775.5,11765.75,11774.5,308,NQ.v.0
2020-11-10 03:13:00+00:00,33,1,16337,11773.5,11782.0,11773.5,11778.25,240,NQ.v.0
2020-11-10 03:14:00+00:00,33,1,16337,11778.25,11781.0,11775.0,11778.0,70,NQ.v.0
2020-11-10 03:15:00+00:00,33,1,16337,11777.25,11780.75,11776.0,11779.75,38,NQ.v.0
2020-11-10 03:16:00+00:00,33,1,16337,11780.25,11782.25,11768.25,11772.75,254,NQ.v.0
2020-11-10 03:17:00+00:00,33,1,16337,11773.5,11773.5,11763.25,11767.75,198,NQ.v.0
2020-11-10 03:18:00+00:00,33,1,16337,11767.5,11769.0,11764.25,11768.0,80,NQ.v.0
2020-11-10 03:19:00+00:00,33,1,16337,11768.25,11777.5,11763.5,11777.5,205,NQ.v.0
2020-11-10 03:20:00+00:00,33,1,16337,11775.5,11785.5,11774.75,11780.25,192,NQ.v.0
2020-11-10 03:21:00+00:00,33,1,16337,11779.25,11788.25,11779.25,11785.25,111,NQ.v.0
2020-11-10 03:22:00+00:00,33,1,16337,11785.5,11787.5,11780.25,11780.25,84,NQ.v.0
2020-11-10 03:23:00+00:00,33,1,16337,11780.25,11785.75,11779.5,11781.25,58,NQ.v.0
2020-11-10 03:24:00+00:00,33,1,16337,11781.25,11784.5,11775.25,11775.75,121,NQ.v.0
2020-11-10 03:25:00+00:00,33,1,16337,11777.0,11777.0,11770.75,11774.5,110,NQ.v.0
2020-11-10 03:26:00+00:00,33,1,16337,11775.75,11783.0,11774.25,11780.5,58,NQ.v.0
2020-11-10 03:27:00+00:00,33,1,16337,11780.5,11783.25,11779.0,11781.0,57,NQ.v.0
2020-11-10 03:28:00+00:00,33,1,16337,11781.5,11782.75,11779.0,11779.25,36,NQ.v.0
2020-11-10 03:29:00+00:00,33,1,16337,11780.75,11782.0,11780.0,11782.0,26,NQ.v.0
2020-11-10 03:30:00+00:00,33,1,16337,11780.0,11783.0,11778.25,11781.5,49,NQ.v.0
2020-11-10 03:31:00+00:00,33,1,16337,11783.25,11783.25,11776.5,11777.25,27,NQ.v.0
2020-11-10 03:32:00+00:00,33,1,16337,11776.5,11777.0,11772.5,11775.25,102,NQ.v.0
2020-11-10 03:33:00+00:00,33,1,16337,11775.0,11779.5,11774.75,11775.5,33,NQ.v.0
2020-11-10 03:34:00+00:00,33,1,16337,11774.25,11774.25,11770.5,11771.25,59,NQ.v.0
2020-11-10 03:35:00+00:00,33,1,16337,11771.75,11777.0,11771.75,11775.0,62,NQ.v.0
2020-11-10 03:36:00+00:00,33,1,16337,11776.0,11776.5,11770.25,11771.25,40,NQ.v.0
2020-11-10 03:37:00+00:00,33,1,16337,11770.75,11771.0,11738.25,11743.0,825,NQ.v.0
2020-11-10 03:38:00+00:00,33,1,16337,11742.25,11743.75,11726.25,11733.0,610,NQ.v.0
2020-11-10 03:39:00+00:00,33,1,16337,11733.5,11735.5,11729.25,11733.25,339,NQ.v.0
2020-11-10 03:40:00+00:00,33,1,16337,11733.25,11741.75,11731.25,11736.0,220,NQ.v.0
2020-11-10 03:41:00+00:00,33,1,16337,11734.5,11735.75,11729.5,11732.5,118,NQ.v.0
2020-11-10 03:42:00+00:00,33,1,16337,11733.75,11738.0,11732.75,11732.75,150,NQ.v.0
2020-11-10 03:43:00+00:00,33,1,16337,11733.5,11734.0,11714.0,11715.75,522,NQ.v.0
2020-11-10 03:44:00+00:00,33,1,16337,11715.5,11726.0,11711.5,11722.75,442,NQ.v.0
2020-11-10 03:45:00+00:00,33,1,16337,11723.25,11729.0,11721.75,11721.75,161,NQ.v.0
2020-11-10 03:46:00+00:00,33,1,16337,11721.25,11721.25,11705.25,11712.0,293,NQ.v.0
2020-11-10 03:47:00+00:00,33,1,16337,11711.75,11712.0,11700.0,11706.0,382,NQ.v.0
2020-11-10 03:48:00+00:00,33,1,16337,11705.75,11707.0,11687.75,11698.0,557,NQ.v.0
2020-11-10 03:49:00+00:00,33,1,16337,11699.5,11703.5,11694.25,11701.25,239,NQ.v.0
2020-11-10 03:50:00+00:00,33,1,16337,11700.75,11704.25,11681.25,11687.0,337,NQ.v.0
2020-11-10 03:51:00+00:00,33,1,16337,11689.0,11706.0,11685.25,11703.75,204,NQ.v.0
2020-11-10 03:52:00+00:00,33,1,16337,11705.0,11710.75,11704.5,11709.75,242,NQ.v.0
2020-11-10 03:53:00+00:00,33,1,16337,11708.25,11713.0,11703.75,11708.5,158,NQ.v.0
2020-11-10 03:54:00+00:00,33,1,16337,11708.5,11733.0,11708.5,11729.0,441,NQ.v.0
2020-11-10 03:55:00+00:00,33,1,16337,11728.5,11738.5,11719.75,11725.75,483,NQ.v.0
2020-11-10 03:56:00+00:00,33,1,16337,11725.5,11730.75,11721.0,11723.25,208,NQ.v.0
2020-11-10 03:57:00+00:00,33,1,16337,11721.75,11722.0,11703.75,11714.75,332,NQ.v.0
2020-11-10 03:58:00+00:00,33,1,16337,11717.0,11726.25,11717.0,11724.25,87,NQ.v.0
2020-11-10 03:59:00+00:00,33,1,16337,11724.75,11725.75,11718.25,11718.25,63,NQ.v.0
2020-11-10 04:00:00+00:00,33,1,16337,11718.25,11735.0,11718.25,11731.25,253,NQ.v.0
2020-11-10 04:01:00+00:00,33,1,16337,11730.25,11733.0,11727.0,11730.25,69,NQ.v.0
2020-11-10 04:02:00+00:00,33,1,16337,11731.5,11741.75,11731.0,11732.25,175,NQ.v.0
2020-11-10 04:03:00+00:00,33,1,16337,11735.25,11735.25,11728.75,11728.75,73,NQ.v.0
2020-11-10 04:04:00+00:00,33,1,16337,11731.5,11737.0,11730.0,11731.0,88,NQ.v.0
2020-11-10 04:05:00+00:00,33,1,16337,11731.0,11736.0,11727.0,11727.0,83,NQ.v.0
2020-11-10 04:06:00+00:00,33,1,16337,11727.25,11730.5,11721.5,11724.25,120,NQ.v.0
2020-11-10 04:07:00+00:00,33,1,16337,11726.0,11734.0,11725.0,11728.5,150,NQ.v.0
2020-11-10 04:08:00+00:00,33,1,16337,11729.5,11731.5,11721.5,11722.0,104,NQ.v.0
2020-11-10 04:09:00+00:00,33,1,16337,11721.75,11727.0,11712.25,11726.25,180,NQ.v.0
2020-11-10 04:10:00+00:00,33,1,16337,11725.0,11730.5,11724.25,11728.0,68,NQ.v.0
2020-11-10 04:11:00+00:00,33,1,16337,11727.25,11728.0,11719.5,11723.25,97,NQ.v.0
2020-11-10 04:12:00+00:00,33,1,16337,11723.25,11727.25,11713.5,11723.75,309,NQ.v.0
2020-11-10 04:13:00+00:00,33,1,16337,11724.0,11726.5,11719.5,11723.75,100,NQ.v.0
2020-11-10 04:14:00+00:00,33,1,16337,11724.25,11729.75,11724.25,11725.75,71,NQ.v.0
2020-11-10 04:15:00+00:00,33,1,16337,11727.25,11728.25,11720.25,11721.5,100,NQ.v.0
2020-11-10 04:16:00+00:00,33,1,16337,11722.25,11723.0,11717.5,11719.5,53,NQ.v.0
2020-11-10 04:17:00+00:00,33,1,16337,11719.5,11726.5,11719.5,11726.25,87,NQ.v.0
2020-11-10 04:18:00+00:00,33,1,16337,11725.5,11733.0,11723.25,11730.25,95,NQ.v.0
2020-11-10 04:19:00+00:00,33,1,16337,11731.25,11737.5,11730.5,11737.5,143,NQ.v.0
2020-11-10 04:20:00+00:00,33,1,16337,11736.25,11747.5,11731.5,11738.5,470,NQ.v.0
2020-11-10 04:21:00+00:00,33,1,16337,11738.75,11745.0,11737.75,11745.0,321,NQ.v.0
2020-11-10 04:22:00+00:00,33,1,16337,11745.0,11747.0,11738.75,11744.5,441,NQ.v.0
2020-11-10 04:23:00+00:00,33,1,16337,11744.5,11747.5,11742.0,11745.5,128,NQ.v.0
2020-11-10 04:24:00+00:00,33,1,16337,11745.5,11749.25,11737.75,11742.75,219,NQ.v.0
2020-11-10 04:25:00+00:00,33,1,16337,11742.5,11746.25,11742.0,11744.0,34,NQ.v.0
2020-11-10 04:26:00+00:00,33,1,16337,11743.25,11752.75,11742.5,11742.5,350,NQ.v.0
2020-11-10 04:27:00+00:00,33,1,16337,11743.0,11743.5,11730.75,11739.75,160,NQ.v.0
2020-11-10 04:28:00+00:00,33,1,16337,11738.0,11738.0,11733.0,11735.5,50,NQ.v.0
2020-11-10 04:29:00+00:00,33,1,16337,11736.25,11746.75,11736.25,11744.75,96,NQ.v.0
2020-11-10 04:30:00+00:00,33,1,16337,11747.0,11747.0,11738.25,11740.5,69,NQ.v.0
2020-11-10 04:31:00+00:00,33,1,16337,11741.0,11746.5,11741.0,11744.25,57,NQ.v.0
2020-11-10 04:32:00+00:00,33,1,16337,11742.25,11757.0,11742.25,11751.25,122,NQ.v.0
2020-11-10 04:33:00+00:00,33,1,16337,11751.75,11757.25,11748.0,11757.25,306,NQ.v.0
2020-11-10 04:34:00+00:00,33,1,16337,11757.5,11757.5,11750.75,11752.25,132,NQ.v.0
2020-11-10 04:35:00+00:00,33,1,16337,11752.0,11755.5,11750.75,11753.0,37,NQ.v.0
2020-11-10 04:36:00+00:00,33,1,16337,11753.25,11759.75,11753.25,11757.75,189,NQ.v.0
2020-11-10 04:37:00+00:00,33,1,16337,11757.0,11762.25,11754.25,11756.25,312,NQ.v.0
2020-11-10 04:38:00+00:00,33,1,16337,11756.0,11759.5,11754.25,11756.5,151,NQ.v.0
2020-11-10 04:39:00+00:00,33,1,16337,11756.25,11760.5,11755.0,11758.75,52,NQ.v.0
2020-11-10 04:40:00+00:00,33,1,16337,11760.0,11766.25,11756.75,11761.0,121,NQ.v.0
2020-11-10 04:41:00+00:00,33,1,16337,11760.75,11765.0,11757.75,11759.75,94,NQ.v.0
2020-11-10 04:42:00+00:00,33,1,16337,11759.75,11761.5,11751.0,11755.75,197,NQ.v.0
2020-11-10 04:43:00+00:00,33,1,16337,11755.25,11756.75,11742.5,11746.5,209,NQ.v.0
2020-11-10 04:44:00+00:00,33,1,16337,11745.25,11746.25,11740.75,11741.25,117,NQ.v.0
2020-11-10 04:45:00+00:00,33,1,16337,11740.75,11751.0,11740.75,11743.5,142,NQ.v.0
2020-11-10 04:46:00+00:00,33,1,16337,11744.25,11745.25,11741.75,11744.0,44,NQ.v.0
2020-11-10 04:47:00+00:00,33,1,16337,11744.75,11746.0,11727.25,11727.25,266,NQ.v.0
2020-11-10 04:48:00+00:00,33,1,16337,11727.5,11734.5,11726.75,11727.75,459,NQ.v.0
2020-11-10 04:49:00+00:00,33,1,16337,11728.75,11731.25,11719.0,11726.75,206,NQ.v.0
2020-11-10 04:50:00+00:00,33,1,16337,11727.25,11735.25,11727.25,11731.0,125,NQ.v.0
2020-11-10 04:51:00+00:00,33,1,16337,11730.0,11730.0,11723.75,11729.5,104,NQ.v.0
2020-11-10 04:52:00+00:00,33,1,16337,11727.75,11731.0,11725.25,11727.0,310,NQ.v.0
2020-11-10 04:53:00+00:00,33,1,16337,11726.5,11730.75,11724.75,11728.0,142,NQ.v.0
2020-11-10 04:54:00+00:00,33,1,16337,11727.0,11727.0,11710.5,11714.0,530,NQ.v.0
2020-11-10 04:55:00+00:00,33,1,16337,11715.0,11722.0,11714.0,11722.0,96,NQ.v.0
2020-11-10 04:56:00+00:00,33,1,16337,11721.75,11726.5,11717.5,11718.25,141,NQ.v.0
2020-11-10 04:57:00+00:00,33,1,16337,11718.75,11721.25,11712.5,11720.0,130,NQ.v.0
2020-11-10 04:58:00+00:00,33,1,16337,11720.75,11723.25,11719.5,11722.5,26,NQ.v.0
2020-11-10 04:59:00+00:00,33,1,16337,11723.0,11732.25,11722.25,11730.0,99,NQ.v.0
2020-11-10 05:00:00+00:00,33,1,16337,11729.25,11732.25,11722.25,11725.25,106,NQ.v.0
2020-11-10 05:01:00+00:00,33,1,16337,11726.75,11732.25,11726.75,11731.5,44,NQ.v.0
2020-11-10 05:02:00+00:00,33,1,16337,11731.75,11737.25,11730.75,11735.75,144,NQ.v.0
2020-11-10 05:03:00+00:00,33,1,16337,11736.75,11737.25,11733.0,11733.5,108,NQ.v.0
2020-11-10 05:04:00+00:00,33,1,16337,11733.25,11735.5,11731.25,11733.75,101,NQ.v.0
2020-11-10 05:05:00+00:00,33,1,16337,11734.25,11740.75,11725.5,11739.5,217,NQ.v.0
2020-11-10 05:06:00+00:00,33,1,16337,11739.75,11743.0,11736.25,11742.75,108,NQ.v.0
2020-11-10 05:07:00+00:00,33,1,16337,11743.25,11753.0,11742.75,11750.75,302,NQ.v.0
2020-11-10 05:08:00+00:00,33,1,16337,11750.25,11752.0,11745.0,11745.25,102,NQ.v.0
2020-11-10 05:09:00+00:00,33,1,16337,11745.75,11751.5,11745.25,11745.5,43,NQ.v.0
2020-11-10 05:10:00+00:00,33,1,16337,11748.0,11752.75,11746.0,11746.0,63,NQ.v.0
2020-11-10 05:11:00+00:00,33,1,16337,11746.25,11747.5,11743.0,11744.75,49,NQ.v.0
2020-11-10 05:12:00+00:00,33,1,16337,11745.25,11745.5,11738.25,11738.25,63,NQ.v.0
2020-11-10 05:13:00+00:00,33,1,16337,11738.5,11746.5,11738.25,11746.5,57,NQ.v.0
2020-11-10 05:14:00+00:00,33,1,16337,11744.0,11754.75,11743.0,11750.25,127,NQ.v.0
2020-11-10 05:15:00+00:00,33,1,16337,11750.5,11754.5,11749.0,11749.75,58,NQ.v.0
2020-11-10 05:16:00+00:00,33,1,16337,11748.5,11752.0,11746.25,11751.75,41,NQ.v.0
2020-11-10 05:17:00+00:00,33,1,16337,11752.0,11753.5,11743.25,11749.0,84,NQ.v.0
2020-11-10 05:18:00+00:00,33,1,16337,11749.25,11754.75,11748.25,11751.5,65,NQ.v.0
2020-11-10 05:19:00+00:00,33,1,16337,11753.25,11758.5,11751.75,11751.75,175,NQ.v.0
2020-11-10 05:20:00+00:00,33,1,16337,11752.0,11753.25,11748.5,11753.25,188,NQ.v.0
2020-11-10 05:21:00+00:00,33,1,16337,11753.0,11755.75,11751.0,11754.0,57,NQ.v.0
2020-11-10 05:22:00+00:00,33,1,16337,11754.0,11763.75,11753.25,11760.5,195,NQ.v.0
2020-11-10 05:23:00+00:00,33,1,16337,11760.25,11760.5,11753.0,11760.0,85,NQ.v.0
2020-11-10 05:24:00+00:00,33,1,16337,11759.25,11759.25,11753.75,11754.0,35,NQ.v.0
2020-11-10 05:25:00+00:00,33,1,16337,11755.0,11757.75,11753.75,11755.25,45,NQ.v.0
2020-11-10 05:26:00+00:00,33,1,16337,11756.75,11757.25,11748.5,11750.75,93,NQ.v.0
2020-11-10 05:27:00+00:00,33,1,16337,11752.0,11756.25,11747.25,11756.0,98,NQ.v.0
2020-11-10 05:28:00+00:00,33,1,16337,11755.0,11755.0,11743.5,11747.75,104,NQ.v.0
2020-11-10 05:29:00+00:00,33,1,16337,11748.25,11750.75,11742.0,11744.75,145,NQ.v.0
2020-11-10 05:30:00+00:00,33,1,16337,11743.5,11746.0,11738.5,11742.25,198,NQ.v.0
2020-11-10 05:31:00+00:00,33,1,16337,11742.25,11748.25,11738.75,11748.0,157,NQ.v.0
2020-11-10 05:32:00+00:00,33,1,16337,11748.25,11754.25,11745.0,11746.75,113,NQ.v.0
2020-11-10 05:33:00+00:00,33,1,16337,11747.75,11749.25,11743.25,11748.75,60,NQ.v.0
2020-11-10 05:34:00+00:00,33,1,16337,11749.5,11755.75,11747.25,11755.75,36,NQ.v.0
2020-11-10 05:35:00+00:00,33,1,16337,11757.5,11758.0,11754.0,11756.0,65,NQ.v.0
2020-11-10 05:36:00+00:00,33,1,16337,11755.25,11756.0,11748.5,11751.5,60,NQ.v.0
2020-11-10 05:37:00+00:00,33,1,16337,11750.75,11759.75,11750.25,11757.75,91,NQ.v.0
2020-11-10 05:38:00+00:00,33,1,16337,11758.0,11759.75,11755.5,11757.75,47,NQ.v.0
2020-11-10 05:39:00+00:00,33,1,16337,11756.0,11756.25,11746.25,11750.5,83,NQ.v.0
2020-11-10 05:40:00+00:00,33,1,16337,11750.75,11750.75,11744.5,11746.5,118,NQ.v.0
2020-11-10 05:41:00+00:00,33,1,16337,11746.0,11747.25,11742.5,11745.25,169,NQ.v.0
2020-11-10 05:42:00+00:00,33,1,16337,11744.5,11744.5,11728.0,11728.25,332,NQ.v.0
2020-11-10 05:43:00+00:00,33,1,16337,11727.25,11738.0,11726.0,11736.25,141,NQ.v.0
2020-11-10 05:44:00+00:00,33,1,16337,11735.25,11737.0,11729.0,11729.25,58,NQ.v.0
2020-11-10 05:45:00+00:00,33,1,16337,11728.5,11734.0,11727.0,11733.75,75,NQ.v.0
2020-11-10 05:46:00+00:00,33,1,16337,11733.0,11739.75,11732.0,11738.0,64,NQ.v.0
2020-11-10 05:47:00+00:00,33,1,16337,11737.75,11739.0,11733.0,11736.25,40,NQ.v.0
2020-11-10 05:48:00+00:00,33,1,16337,11736.25,11736.5,11730.75,11733.5,37,NQ.v.0
2020-11-10 05:49:00+00:00,33,1,16337,11733.0,11735.75,11727.75,11728.5,52,NQ.v.0
2020-11-10 05:50:00+00:00,33,1,16337,11727.25,11730.5,11726.0,11729.25,100,NQ.v.0
2020-11-10 05:51:00+00:00,33,1,16337,11727.5,11731.75,11726.0,11730.5,56,NQ.v.0
2020-11-10 05:52:00+00:00,33,1,16337,11732.0,11734.75,11730.25,11734.0,33,NQ.v.0
2020-11-10 05:53:00+00:00,33,1,16337,11733.25,11733.25,11726.5,11726.75,32,NQ.v.0
2020-11-10 05:54:00+00:00,33,1,16337,11726.0,11729.5,11726.0,11729.0,49,NQ.v.0
2020-11-10 05:55:00+00:00,33,1,16337,11728.0,11733.75,11726.25,11727.75,50,NQ.v.0
2020-11-10 05:56:00+00:00,33,1,16337,11727.25,11732.25,11726.0,11730.0,29,NQ.v.0
2020-11-10 05:57:00+00:00,33,1,16337,11729.0,11734.5,11727.5,11727.75,64,NQ.v.0
2020-11-10 05:58:00+00:00,33,1,16337,11727.75,11731.75,11716.5,11721.5,236,NQ.v.0
2020-11-10 05:59:00+00:00,33,1,16337,11719.75,11725.25,11718.75,11723.25,71,NQ.v.0
2020-11-10 06:00:00+00:00,33,1,16337,11723.5,11740.0,11716.75,11740.0,301,NQ.v.0
2020-11-10 06:01:00+00:00,33,1,16337,11739.5,11745.0,11737.25,11738.0,127,NQ.v.0
2020-11-10 06:02:00+00:00,33,1,16337,11737.0,11743.5,11733.75,11738.0,80,NQ.v.0
2020-11-10 06:03:00+00:00,33,1,16337,11739.75,11742.0,11737.5,11739.25,77,NQ.v.0
2020-11-10 06:04:00+00:00,33,1,16337,11739.25,11739.75,11737.5,11738.25,23,NQ.v.0
2020-11-10 06:05:00+00:00,33,1,16337,11739.25,11743.25,11736.5,11742.25,44,NQ.v.0
2020-11-10 06:06:00+00:00,33,1,16337,11740.5,11743.5,11740.25,11740.25,114,NQ.v.0
2020-11-10 06:07:00+00:00,33,1,16337,11741.5,11741.5,11737.0,11738.5,39,NQ.v.0
2020-11-10 06:08:00+00:00,33,1,16337,11738.75,11746.0,11738.5,11744.25,93,NQ.v.0
2020-11-10 06:09:00+00:00,33,1,16337,11744.0,11749.0,11744.0,11744.75,51,NQ.v.0
2020-11-10 06:10:00+00:00,33,1,16337,11744.25,11744.75,11741.5,11744.75,55,NQ.v.0
2020-11-10 06:11:00+00:00,33,1,16337,11741.5,11748.0,11738.25,11739.0,53,NQ.v.0
2020-11-10 06:12:00+00:00,33,1,16337,11740.25,11744.25,11739.75,11743.5,55,NQ.v.0
2020-11-10 06:13:00+00:00,33,1,16337,11744.25,11746.25,11744.0,11744.75,27,NQ.v.0
2020-11-10 06:14:00+00:00,33,1,16337,11743.75,11745.0,11739.75,11739.75,26,NQ.v.0
2020-11-10 06:15:00+00:00,33,1,16337,11741.75,11751.75,11741.25,11747.0,100,NQ.v.0
2020-11-10 06:16:00+00:00,33,1,16337,11745.75,11746.75,11739.5,11743.25,31,NQ.v.0
2020-11-10 06:17:00+00:00,33,1,16337,11743.0,11743.0,11730.25,11731.75,93,NQ.v.0
2020-11-10 06:18:00+00:00,33,1,16337,11731.75,11733.25,11725.0,11730.25,121,NQ.v.0
2020-11-10 06:19:00+00:00,33,1,16337,11729.0,11740.0,11728.75,11731.5,130,NQ.v.0
2020-11-10 06:20:00+00:00,33,1,16337,11729.75,11734.25,11729.5,11731.0,43,NQ.v.0
2020-11-10 06:21:00+00:00,33,1,16337,11731.25,11735.5,11728.25,11731.0,82,NQ.v.0
2020-11-10 06:22:00+00:00,33,1,16337,11733.5,11733.5,11725.0,11729.75,281,NQ.v.0
2020-11-10 06:23:00+00:00,33,1,16337,11729.25,11731.25,11726.75,11730.0,271,NQ.v.0
2020-11-10 06:24:00+00:00,33,1,16337,11730.0,11733.0,11729.0,11730.0,46,NQ.v.0
2020-11-10 06:25:00+00:00,33,1,16337,11730.0,11736.25,11729.75,11734.25,36,NQ.v.0
2020-11-10 06:26:00+00:00,33,1,16337,11734.75,11734.75,11730.5,11730.5,40,NQ.v.0
2020-11-10 06:27:00+00:00,33,1,16337,11729.5,11732.5,11727.0,11730.75,77,NQ.v.0
2020-11-10 06:28:00+00:00,33,1,16337,11730.5,11733.25,11730.5,11732.5,33,NQ.v.0
2020-11-10 06:29:00+00:00,33,1,16337,11731.75,11733.0,11724.25,11726.0,64,NQ.v.0
2020-11-10 06:30:00+00:00,33,1,16337,11725.75,11734.25,11725.75,11730.75,48,NQ.v.0
2020-11-10 06:31:00+00:00,33,1,16337,11731.75,11733.5,11728.5,11729.25,26,NQ.v.0
2020-11-10 06:32:00+00:00,33,1,16337,11731.25,11737.25,11731.25,11737.0,53,NQ.v.0
2020-11-10 06:33:00+00:00,33,1,16337,11735.75,11736.75,11732.0,11733.25,51,NQ.v.0
2020-11-10 06:34:00+00:00,33,1,16337,11735.5,11742.75,11732.25,11741.75,152,NQ.v.0
2020-11-10 06:35:00+00:00,33,1,16337,11740.5,11745.25,11737.0,11740.75,71,NQ.v.0
2020-11-10 06:36:00+00:00,33,1,16337,11740.5,11743.0,11738.25,11738.25,65,NQ.v.0
2020-11-10 06:37:00+00:00,33,1,16337,11736.25,11738.0,11732.0,11737.75,108,NQ.v.0
2020-11-10 06:38:00+00:00,33,1,16337,11738.0,11745.25,11738.0,11742.5,68,NQ.v.0
2020-11-10 06:39:00+00:00,33,1,16337,11742.5,11745.0,11741.5,11744.25,41,NQ.v.0
2020-11-10 06:40:00+00:00,33,1,16337,11744.5,11746.25,11741.25,11743.25,48,NQ.v.0
2020-11-10 06:41:00+00:00,33,1,16337,11744.75,11751.25,11744.25,11746.75,192,NQ.v.0
2020-11-10 06:42:00+00:00,33,1,16337,11745.75,11763.0,11744.5,11757.0,270,NQ.v.0
2020-11-10 06:43:00+00:00,33,1,16337,11758.25,11760.25,11750.0,11755.0,101,NQ.v.0
2020-11-10 06:44:00+00:00,33,1,16337,11755.75,11759.5,11750.0,11757.75,181,NQ.v.0
2020-11-10 06:45:00+00:00,33,1,16337,11758.25,11779.0,11756.25,11776.5,422,NQ.v.0
2020-11-10 06:46:00+00:00,33,1,16337,11777.75,11788.5,11773.5,11775.75,470,NQ.v.0
2020-11-10 06:47:00+00:00,33,1,16337,11773.75,11781.75,11770.25,11781.5,153,NQ.v.0
2020-11-10 06:48:00+00:00,33,1,16337,11780.25,11784.0,11773.0,11779.25,89,NQ.v.0
2020-11-10 06:49:00+00:00,33,1,16337,11777.25,11777.75,11771.0,11774.5,45,NQ.v.0
2020-11-10 06:50:00+00:00,33,1,16337,11773.75,11784.75,11773.75,11780.25,204,NQ.v.0
2020-11-10 06:51:00+00:00,33,1,16337,11780.5,11780.5,11775.0,11777.0,58,NQ.v.0
2020-11-10 06:52:00+00:00,33,1,16337,11777.75,11789.5,11777.75,11786.25,174,NQ.v.0
2020-11-10 06:53:00+00:00,33,1,16337,11787.25,11797.25,11784.5,11789.0,417,NQ.v.0
2020-11-10 06:54:00+00:00,33,1,16337,11788.75,11806.25,11782.5,11802.25,492,NQ.v.0
2020-11-10 06:55:00+00:00,33,1,16337,11802.25,11815.5,11801.5,11811.25,522,NQ.v.0
2020-11-10 06:56:00+00:00,33,1,16337,11811.25,11812.5,11800.0,11802.0,119,NQ.v.0
2020-11-10 06:57:00+00:00,33,1,16337,11802.0,11802.0,11793.0,11796.25,164,NQ.v.0
2020-11-10 06:58:00+00:00,33,1,16337,11796.25,11799.75,11795.25,11797.0,45,NQ.v.0
2020-11-10 06:59:00+00:00,33,1,16337,11795.5,11800.5,11794.75,11797.0,84,NQ.v.0
2020-11-10 07:00:00+00:00,33,1,16337,11796.75,11817.0,11795.75,11810.0,299,NQ.v.0
2020-11-10 07:01:00+00:00,33,1,16337,11809.0,11814.75,11808.0,11813.0,137,NQ.v.0
2020-11-10 07:02:00+00:00,33,1,16337,11814.0,11816.25,11808.25,11808.5,132,NQ.v.0
2020-11-10 07:03:00+00:00,33,1,16337,11809.0,11814.0,11804.25,11809.0,157,NQ.v.0
2020-11-10 07:04:00+00:00,33,1,16337,11808.0,11809.75,11797.0,11799.25,172,NQ.v.0
2020-11-10 07:05:00+00:00,33,1,16337,11798.0,11799.5,11788.75,11792.5,188,NQ.v.0
2020-11-10 07:06:00+00:00,33,1,16337,11791.75,11791.75,11782.0,11782.0,334,NQ.v.0
2020-11-10 07:07:00+00:00,33,1,16337,11783.25,11800.0,11783.25,11794.0,278,NQ.v.0
2020-11-10 07:08:00+00:00,33,1,16337,11794.75,11803.25,11791.75,11802.25,155,NQ.v.0
2020-11-10 07:09:00+00:00,33,1,16337,11802.5,11802.75,11793.5,11796.75,109,NQ.v.0
2020-11-10 07:10:00+00:00,33,1,16337,11797.5,11798.75,11793.75,11797.25,68,NQ.v.0
2020-11-10 07:11:00+00:00,33,1,16337,11796.25,11806.75,11796.25,11800.25,124,NQ.v.0
2020-11-10 07:12:00+00:00,33,1,16337,11800.5,11809.5,11800.25,11808.25,120,NQ.v.0
2020-11-10 07:13:00+00:00,33,1,16337,11808.5,11811.25,11802.0,11804.5,162,NQ.v.0
2020-11-10 07:14:00+00:00,33,1,16337,11805.5,11806.5,11796.0,11799.75,116,NQ.v.0
2020-11-10 07:15:00+00:00,33,1,16337,11800.25,11807.25,11796.75,11800.0,127,NQ.v.0
2020-11-10 07:16:00+00:00,33,1,16337,11799.75,11802.0,11794.5,11795.75,137,NQ.v.0
2020-11-10 07:17:00+00:00,33,1,16337,11795.25,11795.5,11787.75,11795.25,307,NQ.v.0
2020-11-10 07:18:00+00:00,33,1,16337,11794.5,11795.75,11787.5,11788.75,145,NQ.v.0
2020-11-10 07:19:00+00:00,33,1,16337,11789.0,11800.0,11786.25,11798.75,228,NQ.v.0
2020-11-10 07:20:00+00:00,33,1,16337,11799.75,11801.5,11793.25,11797.75,215,NQ.v.0
2020-11-10 07:21:00+00:00,33,1,16337,11797.75,11798.0,11787.5,11790.0,198,NQ.v.0
2020-11-10 07:22:00+00:00,33,1,16337,11788.75,11792.75,11784.0,11792.75,220,NQ.v.0
2020-11-10 07:23:00+00:00,33,1,16337,11792.5,11795.75,11787.0,11793.75,148,NQ.v.0
2020-11-10 07:24:00+00:00,33,1,16337,11794.25,11801.25,11793.0,11796.25,181,NQ.v.0
2020-11-10 07:25:00+00:00,33,1,16337,11797.0,11799.25,11778.5,11781.25,373,NQ.v.0
2020-11-10 07:26:00+00:00,33,1,16337,11781.5,11787.75,11779.25,11779.25,133,NQ.v.0
2020-11-10 07:27:00+00:00,33,1,16337,11778.0,11792.0,11778.0,11786.0,168,NQ.v.0
2020-11-10 07:28:00+00:00,33,1,16337,11785.75,11790.5,11785.5,11787.5,101,NQ.v.0
2020-11-10 07:29:00+00:00,33,1,16337,11788.0,11791.5,11781.5,11788.25,112,NQ.v.0
2020-11-10 07:30:00+00:00,33,1,16337,11787.75,11797.5,11785.5,11789.5,215,NQ.v.0
2020-11-10 07:31:00+00:00,33,1,16337,11790.75,11800.0,11789.5,11795.75,157,NQ.v.0
2020-11-10 07:32:00+00:00,33,1,16337,11795.5,11799.75,11792.75,11794.25,157,NQ.v.0
2020-11-10 07:33:00+00:00,33,1,16337,11793.25,11795.5,11789.25,11790.5,120,NQ.v.0
2020-11-10 07:34:00+00:00,33,1,16337,11789.75,11790.0,11780.0,11784.0,226,NQ.v.0
2020-11-10 07:35:00+00:00,33,1,16337,11784.0,11788.75,11783.75,11785.25,258,NQ.v.0
2020-11-10 07:36:00+00:00,33,1,16337,11784.5,11792.0,11782.75,11790.25,129,NQ.v.0
2020-11-10 07:37:00+00:00,33,1,16337,11790.0,11791.25,11781.25,11786.0,134,NQ.v.0
2020-11-10 07:38:00+00:00,33,1,16337,11785.5,11792.25,11784.75,11792.0,156,NQ.v.0
2020-11-10 07:39:00+00:00,33,1,16337,11791.0,11798.0,11791.0,11794.75,154,NQ.v.0
2020-11-10 07:40:00+00:00,33,1,16337,11796.25,11804.0,11796.25,11798.0,236,NQ.v.0
2020-11-10 07:41:00+00:00,33,1,16337,11797.5,11802.5,11793.5,11797.0,150,NQ.v.0
2020-11-10 07:42:00+00:00,33,1,16337,11798.0,11814.0,11798.0,11814.0,197,NQ.v.0
2020-11-10 07:43:00+00:00,33,1,16337,11812.75,11827.75,11806.25,11823.5,515,NQ.v.0
2020-11-10 07:44:00+00:00,33,1,16337,11823.5,11826.25,11818.0,11825.5,236,NQ.v.0
2020-11-10 07:45:00+00:00,33,1,16337,11824.5,11829.0,11818.5,11825.0,281,NQ.v.0
2020-11-10 07:46:00+00:00,33,1,16337,11826.0,11826.0,11816.5,11819.5,179,NQ.v.0
2020-11-10 07:47:00+00:00,33,1,16337,11820.5,11820.75,11806.5,11810.75,229,NQ.v.0
2020-11-10 07:48:00+00:00,33,1,16337,11812.0,11817.0,11806.5,11806.5,74,NQ.v.0
2020-11-10 07:49:00+00:00,33,1,16337,11807.75,11811.75,11802.75,11802.75,148,NQ.v.0
2020-11-10 07:50:00+00:00,33,1,16337,11803.5,11803.5,11786.75,11789.25,460,NQ.v.0
2020-11-10 07:51:00+00:00,33,1,16337,11790.5,11791.25,11770.25,11779.5,351,NQ.v.0
2020-11-10 07:52:00+00:00,33,1,16337,11778.0,11790.75,11765.25,11786.0,516,NQ.v.0
2020-11-10 07:53:00+00:00,33,1,16337,11784.5,11789.0,11781.5,11782.75,137,NQ.v.0
2020-11-10 07:54:00+00:00,33,1,16337,11781.75,11787.0,11778.25,11780.5,196,NQ.v.0
2020-11-10 07:55:00+00:00,33,1,16337,11779.75,11783.0,11770.5,11780.0,216,NQ.v.0
2020-11-10 07:56:00+00:00,33,1,16337,11781.0,11786.0,11776.5,11781.5,118,NQ.v.0
2020-11-10 07:57:00+00:00,33,1,16337,11781.5,11791.25,11779.0,11786.0,150,NQ.v.0
2020-11-10 07:58:00+00:00,33,1,16337,11786.5,11790.0,11782.75,11790.0,90,NQ.v.0
2020-11-10 07:59:00+00:00,33,1,16337,11789.5,11797.5,11782.5,11782.75,201,NQ.v.0
2020-11-10 08:00:00+00:00,33,1,16337,11782.25,11802.25,11782.25,11796.5,313,NQ.v.0
2020-11-10 08:01:00+00:00,33,1,16337,11795.25,11806.5,11794.25,11805.0,197,NQ.v.0
2020-11-10 08:02:00+00:00,33,1,16337,11804.0,11806.0,11800.75,11805.0,145,NQ.v.0
2020-11-10 08:03:00+00:00,33,1,16337,11803.75,11816.0,11802.25,11812.5,206,NQ.v.0
2020-11-10 08:04:00+00:00,33,1,16337,11813.75,11823.0,11810.25,11820.75,277,NQ.v.0
2020-11-10 08:05:00+00:00,33,1,16337,11820.5,11841.75,11819.5,11840.5,692,NQ.v.0
2020-11-10 08:06:00+00:00,33,1,16337,11840.25,11847.25,11832.25,11845.75,454,NQ.v.0
2020-11-10 08:07:00+00:00,33,1,16337,11844.75,11846.75,11840.0,11843.0,252,NQ.v.0
2020-11-10 08:08:00+00:00,33,1,16337,11842.0,11843.5,11836.75,11839.75,392,NQ.v.0
2020-11-10 08:09:00+00:00,33,1,16337,11839.75,11845.0,11832.25,11840.75,324,NQ.v.0
2020-11-10 08:10:00+00:00,33,1,16337,11840.25,11847.5,11832.0,11836.75,186,NQ.v.0
2020-11-10 08:11:00+00:00,33,1,16337,11836.5,11842.75,11831.0,11840.5,300,NQ.v.0
2020-11-10 08:12:00+00:00,33,1,16337,11838.75,11848.75,11837.25,11846.0,206,NQ.v.0
2020-11-10 08:13:00+00:00,33,1,16337,11845.75,11855.5,11838.5,11843.5,388,NQ.v.0
2020-11-10 08:14:00+00:00,33,1,16337,11844.75,11848.5,11840.75,11843.25,187,NQ.v.0
2020-11-10 08:15:00+00:00,33,1,16337,11843.0,11844.75,11831.5,11836.5,210,NQ.v.0
2020-11-10 08:16:00+00:00,33,1,16337,11835.25,11852.0,11831.5,11852.0,232,NQ.v.0
2020-11-10 08:17:00+00:00,33,1,16337,11851.25,11854.75,11843.5,11843.5,299,NQ.v.0
2020-11-10 08:18:00+00:00,33,1,16337,11843.75,11846.25,11835.0,11839.75,214,NQ.v.0
2020-11-10 08:19:00+00:00,33,1,16337,11839.25,11848.0,11839.25,11844.5,111,NQ.v.0
2020-11-10 08:20:00+00:00,33,1,16337,11845.5,11858.5,11845.5,11853.0,261,NQ.v.0
2020-11-10 08:21:00+00:00,33,1,16337,11853.25,11856.75,11848.5,11854.0,168,NQ.v.0
2020-11-10 08:22:00+00:00,33,1,16337,11855.0,11863.0,11853.5,11859.5,264,NQ.v.0
2020-11-10 08:23:00+00:00,33,1,16337,11859.0,11862.5,11853.0,11858.75,308,NQ.v.0
2020-11-10 08:24:00+00:00,33,1,16337,11858.75,11871.75,11858.75,11868.0,346,NQ.v.0
2020-11-10 08:25:00+00:00,33,1,16337,11868.5,11871.25,11863.25,11865.75,171,NQ.v.0
2020-11-10 08:26:00+00:00,33,1,16337,11865.25,11867.0,11860.0,11864.75,247,NQ.v.0
2020-11-10 08:27:00+00:00,33,1,16337,11865.25,11869.5,11858.5,11861.75,197,NQ.v.0
2020-11-10 08:28:00+00:00,33,1,16337,11861.75,11863.75,11853.25,11862.5,227,NQ.v.0
2020-11-10 08:29:00+00:00,33,1,16337,11863.0,11871.5,11859.25,11862.25,357,NQ.v.0
2020-11-10 08:30:00+00:00,33,1,16337,11860.75,11865.5,11850.75,11857.75,296,NQ.v.0
2020-11-10 08:31:00+00:00,33,1,16337,11858.0,11867.0,11849.25,11852.75,324,NQ.v.0
2020-11-10 08:32:00+00:00,33,1,16337,11853.0,11857.0,11848.25,11852.0,132,NQ.v.0
2020-11-10 08:33:00+00:00,33,1,16337,11852.0,11856.0,11841.25,11842.5,267,NQ.v.0
2020-11-10 08:34:00+00:00,33,1,16337,11843.5,11846.75,11839.0,11842.0,255,NQ.v.0
2020-11-10 08:35:00+00:00,33,1,16337,11841.5,11844.75,11831.0,11835.0,314,NQ.v.0
2020-11-10 08:36:00+00:00,33,1,16337,11834.75,11834.75,11811.0,11811.0,468,NQ.v.0
2020-11-10 08:37:00+00:00,33,1,16337,11812.0,11816.25,11806.0,11809.5,376,NQ.v.0
2020-11-10 08:38:00+00:00,33,1,16337,11809.0,11811.75,11805.5,11811.25,280,NQ.v.0
2020-11-10 08:39:00+00:00,33,1,16337,11811.75,11815.0,11809.25,11810.0,196,NQ.v.0
2020-11-10 08:40:00+00:00,33,1,16337,11809.25,11823.0,11809.25,11820.5,277,NQ.v.0
2020-11-10 08:41:00+00:00,33,1,16337,11820.75,11824.0,11815.75,11822.75,234,NQ.v.0
2020-11-10 08:42:00+00:00,33,1,16337,11821.5,11821.5,11801.75,11803.25,354,NQ.v.0
2020-11-10 08:43:00+00:00,33,1,16337,11803.5,11809.75,11803.25,11808.25,131,NQ.v.0
2020-11-10 08:44:00+00:00,33,1,16337,11808.0,11810.0,11798.25,11805.25,201,NQ.v.0
2020-11-10 08:45:00+00:00,33,1,16337,11805.75,11810.0,11800.5,11804.25,173,NQ.v.0
2020-11-10 08:46:00+00:00,33,1,16337,11803.75,11803.75,11793.0,11797.0,264,NQ.v.0
2020-11-10 08:47:00+00:00,33,1,16337,11797.25,11804.25,11795.5,11799.0,167,NQ.v.0
2020-11-10 08:48:00+00:00,33,1,16337,11798.25,11798.5,11784.0,11789.25,381,NQ.v.0
2020-11-10 08:49:00+00:00,33,1,16337,11786.75,11788.25,11776.75,11786.0,330,NQ.v.0
2020-11-10 08:50:00+00:00,33,1,16337,11786.25,11787.75,11771.25,11773.5,319,NQ.v.0
2020-11-10 08:51:00+00:00,33,1,16337,11773.5,11786.0,11772.5,11783.75,185,NQ.v.0
2020-11-10 08:52:00+00:00,33,1,16337,11784.75,11787.5,11776.25,11776.25,228,NQ.v.0
2020-11-10 08:53:00+00:00,33,1,16337,11777.5,11782.25,11765.0,11771.25,439,NQ.v.0
2020-11-10 08:54:00+00:00,33,1,16337,11770.25,11775.25,11767.0,11769.0,302,NQ.v.0
2020-11-10 08:55:00+00:00,33,1,16337,11769.5,11777.0,11768.75,11773.75,188,NQ.v.0
2020-11-10 08:56:00+00:00,33,1,16337,11774.25,11777.25,11771.25,11774.0,103,NQ.v.0
2020-11-10 08:57:00+00:00,33,1,16337,11774.25,11779.5,11773.0,11776.75,210,NQ.v.0
2020-11-10 08:58:00+00:00,33,1,16337,11776.0,11780.5,11775.0,11777.25,131,NQ.v.0
2020-11-10 08:59:00+00:00,33,1,16337,11776.5,11789.5,11776.5,11782.0,221,NQ.v.0
2020-11-10 09:00:00+00:00,33,1,16337,11781.75,11787.0,11776.75,11782.5,258,NQ.v.0
2020-11-10 09:01:00+00:00,33,1,16337,11782.75,11789.5,11781.5,11782.25,166,NQ.v.0
2020-11-10 09:02:00+00:00,33,1,16337,11782.75,11789.5,11782.5,11788.5,140,NQ.v.0
2020-11-10 09:03:00+00:00,33,1,16337,11786.75,11789.5,11783.25,11787.75,202,NQ.v.0
2020-11-10 09:04:00+00:00,33,1,16337,11788.0,11789.5,11778.75,11779.0,149,NQ.v.0
2020-11-10 09:05:00+00:00,33,1,16337,11779.25,11780.25,11773.0,11773.5,224,NQ.v.0
2020-11-10 09:06:00+00:00,33,1,16337,11774.75,11777.75,11767.5,11769.0,234,NQ.v.0
2020-11-10 09:07:00+00:00,33,1,16337,11769.25,11769.25,11761.25,11762.0,238,NQ.v.0
2020-11-10 09:08:00+00:00,33,1,16337,11762.5,11775.75,11761.25,11772.75,231,NQ.v.0
2020-11-10 09:09:00+00:00,33,1,16337,11773.25,11777.25,11767.0,11768.0,153,NQ.v.0
2020-11-10 09:10:00+00:00,33,1,16337,11768.75,11771.25,11766.0,11767.75,107,NQ.v.0
2020-11-10 09:11:00+00:00,33,1,16337,11767.75,11770.75,11761.25,11770.0,241,NQ.v.0
2020-11-10 09:12:00+00:00,33,1,16337,11771.25,11777.5,11768.25,11769.75,178,NQ.v.0
2020-11-10 09:13:00+00:00,33,1,16337,11768.5,11780.25,11768.5,11778.25,159,NQ.v.0
2020-11-10 09:14:00+00:00,33,1,16337,11776.75,11780.5,11772.25,11772.5,120,NQ.v.0
2020-11-10 09:15:00+00:00,33,1,16337,11771.75,11781.0,11771.75,11778.5,173,NQ.v.0
2020-11-10 09:16:00+00:00,33,1,16337,11779.25,11783.25,11774.0,11776.0,155,NQ.v.0
2020-11-10 09:17:00+00:00,33,1,16337,11776.25,11776.5,11770.0,11772.0,166,NQ.v.0
2020-11-10 09:18:00+00:00,33,1,16337,11773.0,11775.25,11763.0,11767.0,296,NQ.v.0
2020-11-10 09:19:00+00:00,33,1,16337,11767.25,11773.5,11761.5,11761.5,202,NQ.v.0
2020-11-10 09:20:00+00:00,33,1,16337,11761.25,11762.5,11742.0,11748.25,774,NQ.v.0
2020-11-10 09:21:00+00:00,33,1,16337,11749.0,11752.5,11732.5,11732.5,379,NQ.v.0
2020-11-10 09:22:00+00:00,33,1,16337,11732.75,11738.25,11723.25,11730.0,489,NQ.v.0
2020-11-10 09:23:00+00:00,33,1,16337,11728.75,11729.0,11713.75,11714.25,557,NQ.v.0
2020-11-10 09:24:00+00:00,33,1,16337,11713.5,11734.5,11713.25,11730.75,430,NQ.v.0
2020-11-10 09:25:00+00:00,33,1,16337,11729.75,11734.0,11718.5,11727.5,279,NQ.v.0
2020-11-10 09:26:00+00:00,33,1,16337,11725.0,11738.75,11721.75,11733.75,369,NQ.v.0
2020-11-10 09:27:00+00:00,33,1,16337,11732.5,11738.5,11729.75,11737.0,162,NQ.v.0
2020-11-10 09:28:00+00:00,33,1,16337,11736.5,11741.75,11735.5,11741.0,202,NQ.v.0
2020-11-10 09:29:00+00:00,33,1,16337,11741.0,11751.75,11733.75,11745.5,459,NQ.v.0
2020-11-10 09:30:00+00:00,33,1,16337,11745.0,11750.0,11735.75,11737.75,405,NQ.v.0
2020-11-10 09:31:00+00:00,33,1,16337,11738.25,11751.25,11738.25,11744.75,217,NQ.v.0
2020-11-10 09:32:00+00:00,33,1,16337,11743.5,11758.75,11739.75,11757.0,320,NQ.v.0
2020-11-10 09:33:00+00:00,33,1,16337,11756.75,11758.0,11740.25,11746.75,260,NQ.v.0
2020-11-10 09:34:00+00:00,33,1,16337,11746.25,11749.0,11742.25,11747.0,140,NQ.v.0
2020-11-10 09:35:00+00:00,33,1,16337,11746.25,11747.0,11742.5,11747.0,101,NQ.v.0
2020-11-10 09:36:00+00:00,33,1,16337,11745.75,11745.75,11738.0,11739.25,155,NQ.v.0
2020-11-10 09:37:00+00:00,33,1,16337,11740.0,11742.25,11737.0,11741.75,91,NQ.v.0
2020-11-10 09:38:00+00:00,33,1,16337,11741.25,11748.5,11738.25,11748.5,178,NQ.v.0
2020-11-10 09:39:00+00:00,33,1,16337,11748.75,11753.5,11746.75,11750.25,204,NQ.v.0
2020-11-10 09:40:00+00:00,33,1,16337,11750.75,11758.25,11745.0,11758.25,177,NQ.v.0
2020-11-10 09:41:00+00:00,33,1,16337,11756.0,11758.5,11748.25,11751.25,173,NQ.v.0
2020-11-10 09:42:00+00:00,33,1,16337,11750.25,11751.5,11736.5,11737.0,184,NQ.v.0
2020-11-10 09:43:00+00:00,33,1,16337,11738.0,11739.0,11727.0,11733.25,310,NQ.v.0
2020-11-10 09:44:00+00:00,33,1,16337,11732.75,11740.75,11732.0,11738.5,115,NQ.v.0
2020-11-10 09:45:00+00:00,33,1,16337,11738.75,11744.5,11735.5,11741.75,172,NQ.v.0
2020-11-10 09:46:00+00:00,33,1,16337,11742.0,11748.5,11740.5,11741.5,130,NQ.v.0
2020-11-10 09:47:00+00:00,33,1,16337,11740.5,11754.0,11740.0,11751.75,214,NQ.v.0
2020-11-10 09:48:00+00:00,33,1,16337,11751.5,11751.5,11745.0,11745.0,229,NQ.v.0
2020-11-10 09:49:00+00:00,33,1,16337,11745.0,11755.0,11744.0,11752.25,305,NQ.v.0
2020-11-10 09:50:00+00:00,33,1,16337,11752.0,11773.5,11752.0,11762.0,488,NQ.v.0
2020-11-10 09:51:00+00:00,33,1,16337,11760.5,11767.25,11757.75,11764.25,141,NQ.v.0
2020-11-10 09:52:00+00:00,33,1,16337,11764.0,11764.75,11740.75,11740.75,311,NQ.v.0
2020-11-10 09:53:00+00:00,33,1,16337,11741.5,11746.5,11735.0,11737.75,354,NQ.v.0
2020-11-10 09:54:00+00:00,33,1,16337,11737.25,11749.25,11729.25,11747.75,275,NQ.v.0
2020-11-10 09:55:00+00:00,33,1,16337,11747.5,11750.0,11743.75,11745.5,136,NQ.v.0
2020-11-10 09:56:00+00:00,33,1,16337,11746.0,11751.25,11744.0,11745.25,94,NQ.v.0
2020-11-10 09:57:00+00:00,33,1,16337,11745.0,11745.0,11729.75,11733.5,272,NQ.v.0
2020-11-10 09:58:00+00:00,33,1,16337,11734.75,11737.0,11730.0,11730.75,162,NQ.v.0
2020-11-10 09:59:00+00:00,33,1,16337,11732.0,11733.5,11723.0,11725.75,285,NQ.v.0
2020-11-10 10:00:00+00:00,33,1,16337,11724.25,11732.25,11724.0,11727.5,158,NQ.v.0
2020-11-10 10:01:00+00:00,33,1,16337,11727.75,11737.75,11727.75,11731.5,177,NQ.v.0
2020-11-10 10:02:00+00:00,33,1,16337,11731.75,11733.5,11717.75,11718.0,265,NQ.v.0
2020-11-10 10:03:00+00:00,33,1,16337,11717.75,11736.0,11716.0,11732.25,312,NQ.v.0
2020-11-10 10:04:00+00:00,33,1,16337,11733.25,11745.25,11733.25,11733.75,237,NQ.v.0
2020-11-10 10:05:00+00:00,33,1,16337,11734.75,11736.25,11718.0,11727.0,333,NQ.v.0
2020-11-10 10:06:00+00:00,33,1,16337,11727.75,11729.25,11721.75,11726.0,143,NQ.v.0
2020-11-10 10:07:00+00:00,33,1,16337,11726.75,11727.5,11717.25,11722.0,300,NQ.v.0
2020-11-10 10:08:00+00:00,33,1,16337,11724.5,11725.0,11703.5,11705.75,366,NQ.v.0
2020-11-10 10:09:00+00:00,33,1,16337,11705.5,11709.0,11698.0,11701.0,378,NQ.v.0
2020-11-10 10:10:00+00:00,33,1,16337,11698.75,11700.25,11691.0,11695.0,408,NQ.v.0
2020-11-10 10:11:00+00:00,33,1,16337,11695.25,11704.0,11695.0,11703.0,254,NQ.v.0
2020-11-10 10:12:00+00:00,33,1,16337,11703.0,11705.0,11698.75,11705.0,152,NQ.v.0
2020-11-10 10:13:00+00:00,33,1,16337,11704.25,11708.5,11698.0,11701.5,164,NQ.v.0
2020-11-10 10:14:00+00:00,33,1,16337,11701.75,11702.0,11671.0,11675.25,758,NQ.v.0
2020-11-10 10:15:00+00:00,33,1,16337,11673.5,11692.0,11673.5,11692.0,337,NQ.v.0
2020-11-10 10:16:00+00:00,33,1,16337,11690.75,11692.75,11683.25,11688.0,192,NQ.v.0
2020-11-10 10:17:00+00:00,33,1,16337,11688.0,11690.0,11678.0,11683.0,247,NQ.v.0
2020-11-10 10:18:00+00:00,33,1,16337,11682.5,11683.5,11672.5,11673.0,262,NQ.v.0
2020-11-10 10:19:00+00:00,33,1,16337,11673.25,11681.0,11672.5,11675.75,298,NQ.v.0
2020-11-10 10:20:00+00:00,33,1,16337,11677.0,11679.5,11672.5,11673.5,242,NQ.v.0
2020-11-10 10:21:00+00:00,33,1,16337,11674.25,11678.0,11673.25,11677.0,261,NQ.v.0
2020-11-10 10:22:00+00:00,33,1,16337,11676.5,11680.0,11667.5,11679.0,483,NQ.v.0
2020-11-10 10:23:00+00:00,33,1,16337,11679.75,11680.0,11672.5,11678.0,147,NQ.v.0
2020-11-10 10:24:00+00:00,33,1,16337,11679.5,11680.75,11669.25,11674.5,268,NQ.v.0
2020-11-10 10:25:00+00:00,33,1,16337,11673.75,11686.5,11669.5,11677.25,268,NQ.v.0
2020-11-10 10:26:00+00:00,33,1,16337,11678.5,11684.25,11670.0,11672.5,199,NQ.v.0
2020-11-10 10:27:00+00:00,33,1,16337,11673.75,11682.0,11672.25,11679.0,177,NQ.v.0
2020-11-10 10:28:00+00:00,33,1,16337,11679.0,11683.5,11676.0,11677.0,171,NQ.v.0
2020-11-10 10:29:00+00:00,33,1,16337,11677.25,11681.25,11675.0,11677.25,107,NQ.v.0
2020-11-10 10:30:00+00:00,33,1,16337,11676.25,11689.0,11674.0,11682.0,255,NQ.v.0
2020-11-10 10:31:00+00:00,33,1,16337,11682.75,11688.75,11682.75,11684.0,219,NQ.v.0
2020-11-10 10:32:00+00:00,33,1,16337,11683.5,11687.75,11670.25,11687.5,267,NQ.v.0
2020-11-10 10:33:00+00:00,33,1,16337,11687.5,11690.75,11685.0,11685.25,274,NQ.v.0
2020-11-10 10:34:00+00:00,33,1,16337,11685.0,11686.75,11681.75,11684.5,151,NQ.v.0
2020-11-10 10:35:00+00:00,33,1,16337,11684.0,11688.0,11677.75,11678.0,118,NQ.v.0
2020-11-10 10:36:00+00:00,33,1,16337,11677.5,11687.75,11676.5,11684.75,197,NQ.v.0
2020-11-10 10:37:00+00:00,33,1,16337,11686.5,11686.5,11676.5,11683.5,149,NQ.v.0
2020-11-10 10:38:00+00:00,33,1,16337,11682.5,11683.25,11676.5,11681.5,74,NQ.v.0
2020-11-10 10:39:00+00:00,33,1,16337,11679.25,11679.75,11660.0,11664.0,457,NQ.v.0
2020-11-10 10:40:00+00:00,33,1,16337,11664.5,11672.75,11661.75,11663.5,257,NQ.v.0
2020-11-10 10:41:00+00:00,33,1,16337,11664.0,11668.25,11655.0,11659.25,225,NQ.v.0
2020-11-10 10:42:00+00:00,33,1,16337,11659.5,11660.0,11643.0,11645.5,549,NQ.v.0
2020-11-10 10:43:00+00:00,33,1,16337,11646.0,11651.75,11641.25,11649.0,394,NQ.v.0
2020-11-10 10:44:00+00:00,33,1,16337,11649.0,11654.5,11643.75,11644.5,121,NQ.v.0
2020-11-10 10:45:00+00:00,33,1,16337,11645.25,11658.0,11644.0,11652.5,308,NQ.v.0
2020-11-10 10:46:00+00:00,33,1,16337,11653.0,11656.25,11646.25,11646.25,137,NQ.v.0
2020-11-10 10:47:00+00:00,33,1,16337,11645.75,11646.5,11635.5,11638.0,422,NQ.v.0
2020-11-10 10:48:00+00:00,33,1,16337,11639.25,11642.0,11634.0,11639.25,317,NQ.v.0
2020-11-10 10:49:00+00:00,33,1,16337,11639.25,11643.25,11637.75,11641.25,124,NQ.v.0
2020-11-10 10:50:00+00:00,33,1,16337,11641.0,11643.5,11635.0,11635.0,131,NQ.v.0
2020-11-10 10:51:00+00:00,33,1,16337,11635.0,11638.25,11625.25,11625.25,435,NQ.v.0
2020-11-10 10:52:00+00:00,33,1,16337,11625.0,11639.0,11625.0,11625.75,375,NQ.v.0
2020-11-10 10:53:00+00:00,33,1,16337,11627.0,11628.0,11620.0,11620.75,419,NQ.v.0
2020-11-10 10:54:00+00:00,33,1,16337,11620.0,11621.75,11607.0,11607.5,678,NQ.v.0
2020-11-10 10:55:00+00:00,33,1,16337,11607.25,11619.0,11606.0,11611.75,671,NQ.v.0
2020-11-10 10:56:00+00:00,33,1,16337,11612.25,11617.0,11605.0,11610.0,496,NQ.v.0
2020-11-10 10:57:00+00:00,33,1,16337,11610.0,11614.0,11595.75,11597.75,805,NQ.v.0
2020-11-10 10:58:00+00:00,33,1,16337,11598.75,11603.0,11575.0,11581.25,1094,NQ.v.0
2020-11-10 10:59:00+00:00,33,1,16337,11582.5,11592.25,11565.5,11570.0,872,NQ.v.0
2020-11-10 11:00:00+00:00,33,1,16337,11571.0,11575.0,11560.0,11566.5,787,NQ.v.0
2020-11-10 11:01:00+00:00,33,1,16337,11567.25,11591.5,11563.5,11574.75,769,NQ.v.0
2020-11-10 11:02:00+00:00,33,1,16337,11573.5,11579.75,11553.0,11579.0,864,NQ.v.0
2020-11-10 11:03:00+00:00,33,1,16337,11580.0,11593.0,11578.0,11592.0,458,NQ.v.0
2020-11-10 11:04:00+00:00,33,1,16337,11591.75,11595.0,11586.0,11593.25,357,NQ.v.0
2020-11-10 11:05:00+00:00,33,1,16337,11594.25,11595.0,11586.5,11587.25,382,NQ.v.0
2020-11-10 11:06:00+00:00,33,1,16337,11588.75,11595.0,11588.75,11593.5,168,NQ.v.0
2020-11-10 11:07:00+00:00,33,1,16337,11592.5,11595.75,11584.75,11593.0,256,NQ.v.0
2020-11-10 11:08:00+00:00,33,1,16337,11593.0,11595.5,11589.0,11591.25,226,NQ.v.0
2020-11-10 11:09:00+00:00,33,1,16337,11589.5,11598.75,11583.5,11596.5,340,NQ.v.0
2020-11-10 11:10:00+00:00,33,1,16337,11596.5,11600.0,11593.5,11596.0,323,NQ.v.0
2020-11-10 11:11:00+00:00,33,1,16337,11597.25,11600.0,11594.0,11594.5,234,NQ.v.0
2020-11-10 11:12:00+00:00,33,1,16337,11594.0,11603.75,11593.75,11596.5,321,NQ.v.0
2020-11-10 11:13:00+00:00,33,1,16337,11596.25,11596.5,11584.25,11595.0,299,NQ.v.0
2020-11-10 11:14:00+00:00,33,1,16337,11594.5,11604.0,11589.75,11594.5,411,NQ.v.0
2020-11-10 11:15:00+00:00,33,1,16337,11593.25,11597.75,11587.75,11597.0,198,NQ.v.0
2020-11-10 11:16:00+00:00,33,1,16337,11597.75,11601.25,11591.0,11592.25,313,NQ.v.0
2020-11-10 11:17:00+00:00,33,1,16337,11593.75,11600.0,11592.25,11596.0,215,NQ.v.0
2020-11-10 11:18:00+00:00,33,1,16337,11596.5,11597.25,11591.25,11595.25,149,NQ.v.0
2020-11-10 11:19:00+00:00,33,1,16337,11594.75,11594.75,11582.5,11586.0,255,NQ.v.0
2020-11-10 11:20:00+00:00,33,1,16337,11585.5,11596.25,11582.25,11593.25,178,NQ.v.0
2020-11-10 11:21:00+00:00,33,1,16337,11594.25,11595.0,11590.0,11592.0,217,NQ.v.0
2020-11-10 11:22:00+00:00,33,1,16337,11592.25,11596.0,11586.5,11589.25,282,NQ.v.0
2020-11-10 11:23:00+00:00,33,1,16337,11589.75,11593.25,11588.0,11593.0,196,NQ.v.0
2020-11-10 11:24:00+00:00,33,1,16337,11593.25,11596.0,11589.25,11591.5,211,NQ.v.0
2020-11-10 11:25:00+00:00,33,1,16337,11591.25,11596.75,11585.5,11591.0,250,NQ.v.0
2020-11-10 11:26:00+00:00,33,1,16337,11591.0,11596.25,11587.25,11587.25,214,NQ.v.0
2020-11-10 11:27:00+00:00,33,1,16337,11587.0,11595.5,11586.5,11594.75,121,NQ.v.0
2020-11-10 11:28:00+00:00,33,1,16337,11594.5,11600.0,11593.25,11599.5,262,NQ.v.0
2020-11-10 11:29:00+00:00,33,1,16337,11599.5,11599.75,11592.25,11594.0,154,NQ.v.0
2020-11-10 11:30:00+00:00,33,1,16337,11594.25,11597.5,11589.75,11591.25,105,NQ.v.0
2020-11-10 11:31:00+00:00,33,1,16337,11590.25,11604.5,11590.25,11598.75,371,NQ.v.0
2020-11-10 11:32:00+00:00,33,1,16337,11599.75,11603.75,11593.5,11598.5,311,NQ.v.0
2020-11-10 11:33:00+00:00,33,1,16337,11598.25,11600.0,11597.0,11598.25,194,NQ.v.0
2020-11-10 11:34:00+00:00,33,1,16337,11597.75,11602.25,11595.75,11598.25,495,NQ.v.0
2020-11-10 11:35:00+00:00,33,1,16337,11599.25,11613.0,11597.0,11610.5,740,NQ.v.0
2020-11-10 11:36:00+00:00,33,1,16337,11610.75,11620.25,11610.75,11618.75,460,NQ.v.0
2020-11-10 11:37:00+00:00,33,1,16337,11618.5,11629.75,11618.25,11629.75,551,NQ.v.0
2020-11-10 11:38:00+00:00,33,1,16337,11629.5,11635.75,11627.5,11634.5,425,NQ.v.0
2020-11-10 11:39:00+00:00,33,1,16337,11635.0,11647.5,11633.25,11641.5,850,NQ.v.0
2020-11-10 11:40:00+00:00,33,1,16337,11641.25,11650.25,11640.5,11645.75,550,NQ.v.0
2020-11-10 11:41:00+00:00,33,1,16337,11645.75,11647.0,11633.75,11635.5,348,NQ.v.0
2020-11-10 11:42:00+00:00,33,1,16337,11636.25,11639.25,11621.0,11621.0,591,NQ.v.0
2020-11-10 11:43:00+00:00,33,1,16337,11621.0,11634.0,11620.0,11624.75,294,NQ.v.0
2020-11-10 11:44:00+00:00,33,1,16337,11625.5,11630.0,11624.25,11629.75,192,NQ.v.0
2020-11-10 11:45:00+00:00,33,1,16337,11630.25,11636.5,11628.25,11632.25,304,NQ.v.0
2020-11-10 11:46:00+00:00,33,1,16337,11633.0,11638.0,11633.0,11637.0,242,NQ.v.0
2020-11-10 11:47:00+00:00,33,1,16337,11637.0,11640.0,11628.5,11631.75,813,NQ.v.0
2020-11-10 11:48:00+00:00,33,1,16337,11631.75,11636.25,11630.5,11635.25,191,NQ.v.0
2020-11-10 11:49:00+00:00,33,1,16337,11634.75,11640.0,11624.25,11631.5,442,NQ.v.0
2020-11-10 11:50:00+00:00,33,1,16337,11632.0,11633.75,11621.75,11623.75,294,NQ.v.0
2020-11-10 11:51:00+00:00,33,1,16337,11624.5,11634.0,11622.5,11633.25,189,NQ.v.0
2020-11-10 11:52:00+00:00,33,1,16337,11633.25,11642.5,11628.25,11632.75,348,NQ.v.0
2020-11-10 11:53:00+00:00,33,1,16337,11632.25,11637.25,11630.5,11637.0,129,NQ.v.0
2020-11-10 11:54:00+00:00,33,1,16337,11636.25,11641.75,11636.25,11639.75,456,NQ.v.0
2020-11-10 11:55:00+00:00,33,1,16337,11640.25,11640.75,11632.25,11635.25,338,NQ.v.0
2020-11-10 11:56:00+00:00,33,1,16337,11636.5,11640.5,11634.0,11637.25,179,NQ.v.0
2020-11-10 11:57:00+00:00,33,1,16337,11636.75,11648.0,11634.0,11646.0,407,NQ.v.0
2020-11-10 11:58:00+00:00,33,1,16337,11646.75,11661.25,11642.0,11652.75,600,NQ.v.0
2020-11-10 11:59:00+00:00,33,1,16337,11653.5,11657.75,11649.0,11652.75,322,NQ.v.0
2020-11-10 12:00:00+00:00,33,1,16337,11652.25,11665.75,11651.5,11664.5,517,NQ.v.0
2020-11-10 12:01:00+00:00,33,1,16337,11665.25,11668.5,11658.75,11668.5,377,NQ.v.0
2020-11-10 12:02:00+00:00,33,1,16337,11668.75,11673.25,11665.5,11670.0,363,NQ.v.0
2020-11-10 12:03:00+00:00,33,1,16337,11669.75,11675.0,11666.0,11674.75,217,NQ.v.0
2020-11-10 12:04:00+00:00,33,1,16337,11674.75,11676.75,11671.25,11674.0,253,NQ.v.0
2020-11-10 12:05:00+00:00,33,1,16337,11673.5,11679.25,11666.25,11670.0,447,NQ.v.0
2020-11-10 12:06:00+00:00,33,1,16337,11670.75,11670.75,11657.5,11662.5,437,NQ.v.0
2020-11-10 12:07:00+00:00,33,1,16337,11662.25,11669.5,11659.5,11660.0,210,NQ.v.0
2020-11-10 12:08:00+00:00,33,1,16337,11659.75,11668.75,11658.25,11663.5,291,NQ.v.0
2020-11-10 12:09:00+00:00,33,1,16337,11663.25,11666.5,11660.25,11664.75,237,NQ.v.0
2020-11-10 12:10:00+00:00,33,1,16337,11665.5,11668.0,11658.0,11658.0,361,NQ.v.0
2020-11-10 12:11:00+00:00,33,1,16337,11657.75,11665.25,11656.75,11657.75,212,NQ.v.0
2020-11-10 12:12:00+00:00,33,1,16337,11657.75,11659.75,11641.5,11642.0,450,NQ.v.0
2020-11-10 12:13:00+00:00,33,1,16337,11642.0,11643.25,11631.25,11634.75,475,NQ.v.0
2020-11-10 12:14:00+00:00,33,1,16337,11634.75,11639.25,11627.25,11632.0,399,NQ.v.0
2020-11-10 12:15:00+00:00,33,1,16337,11631.25,11641.25,11630.0,11634.75,317,NQ.v.0
2020-11-10 12:16:00+00:00,33,1,16337,11634.5,11639.25,11634.5,11637.5,276,NQ.v.0
2020-11-10 12:17:00+00:00,33,1,16337,11638.75,11645.0,11636.25,11642.75,194,NQ.v.0
2020-11-10 12:18:00+00:00,33,1,16337,11642.0,11645.25,11636.0,11638.25,291,NQ.v.0
2020-11-10 12:19:00+00:00,33,1,16337,11637.25,11640.0,11625.0,11625.0,493,NQ.v.0
2020-11-10 12:20:00+00:00,33,1,16337,11625.25,11632.5,11622.25,11629.75,354,NQ.v.0
2020-11-10 12:21:00+00:00,33,1,16337,11630.25,11630.25,11609.0,11625.5,600,NQ.v.0
2020-11-10 12:22:00+00:00,33,1,16337,11625.75,11629.5,11618.75,11619.5,301,NQ.v.0
2020-11-10 12:23:00+00:00,33,1,16337,11619.0,11622.0,11614.75,11618.5,378,NQ.v.0
2020-11-10 12:24:00+00:00,33,1,16337,11618.75,11625.25,11614.75,11621.25,262,NQ.v.0
2020-11-10 12:25:00+00:00,33,1,16337,11621.75,11637.75,11621.25,11630.75,373,NQ.v.0
2020-11-10 12:26:00+00:00,33,1,16337,11630.75,11639.25,11630.75,11631.75,266,NQ.v.0
2020-11-10 12:27:00+00:00,33,1,16337,11632.25,11636.0,11628.25,11636.0,158,NQ.v.0
2020-11-10 12:28:00+00:00,33,1,16337,11635.5,11649.0,11633.25,11646.0,376,NQ.v.0
2020-11-10 12:29:00+00:00,33,1,16337,11646.75,11649.5,11634.5,11634.5,378,NQ.v.0
2020-11-10 12:30:00+00:00,33,1,16337,11634.25,11644.25,11632.5,11643.5,337,NQ.v.0
2020-11-10 12:31:00+00:00,33,1,16337,11643.5,11646.75,11638.0,11645.5,249,NQ.v.0
2020-11-10 12:32:00+00:00,33,1,16337,11646.25,11650.5,11644.25,11647.25,212,NQ.v.0
2020-11-10 12:33:00+00:00,33,1,16337,11646.5,11648.0,11635.25,11637.5,278,NQ.v.0
2020-11-10 12:34:00+00:00,33,1,16337,11637.75,11644.5,11634.5,11636.75,199,NQ.v.0
2020-11-10 12:35:00+00:00,33,1,16337,11637.25,11641.75,11627.0,11628.75,297,NQ.v.0
2020-11-10 12:36:00+00:00,33,1,16337,11629.75,11631.75,11622.75,11630.0,316,NQ.v.0
2020-11-10 12:37:00+00:00,33,1,16337,11629.5,11635.75,11627.25,11629.75,137,NQ.v.0
2020-11-10 12:38:00+00:00,33,1,16337,11630.5,11633.5,11625.5,11625.5,154,NQ.v.0
2020-11-10 12:39:00+00:00,33,1,16337,11625.25,11643.25,11625.0,11642.25,252,NQ.v.0
2020-11-10 12:40:00+00:00,33,1,16337,11642.75,11647.25,11637.5,11637.5,281,NQ.v.0
2020-11-10 12:41:00+00:00,33,1,16337,11637.5,11646.0,11632.25,11644.5,464,NQ.v.0
2020-11-10 12:42:00+00:00,33,1,16337,11644.75,11651.0,11641.5,11649.0,212,NQ.v.0
2020-11-10 12:43:00+00:00,33,1,16337,11648.75,11661.0,11648.75,11657.75,454,NQ.v.0
2020-11-10 12:44:00+00:00,33,1,16337,11658.5,11662.5,11652.5,11661.25,330,NQ.v.0
2020-11-10 12:45:00+00:00,33,1,16337,11660.25,11669.0,11648.75,11649.5,501,NQ.v.0
2020-11-10 12:46:00+00:00,33,1,16337,11649.75,11650.25,11636.0,11643.5,317,NQ.v.0
2020-11-10 12:47:00+00:00,33,1,16337,11644.25,11647.0,11636.0,11641.5,246,NQ.v.0
2020-11-10 12:48:00+00:00,33,1,16337,11641.25,11646.25,11641.25,11642.5,70,NQ.v.0
2020-11-10 12:49:00+00:00,33,1,16337,11642.25,11648.5,11642.0,11648.0,152,NQ.v.0
2020-11-10 12:50:00+00:00,33,1,16337,11647.25,11660.25,11640.5,11659.25,366,NQ.v.0
2020-11-10 12:51:00+00:00,33,1,16337,11658.0,11662.5,11650.75,11660.75,296,NQ.v.0
2020-11-10 12:52:00+00:00,33,1,16337,11662.0,11665.5,11649.0,11649.75,265,NQ.v.0
2020-11-10 12:53:00+00:00,33,1,16337,11649.5,11650.25,11637.25,11645.25,347,NQ.v.0
2020-11-10 12:54:00+00:00,33,1,16337,11646.0,11655.25,11646.0,11653.0,118,NQ.v.0
2020-11-10 12:55:00+00:00,33,1,16337,11653.5,11653.5,11638.25,11639.0,217,NQ.v.0
2020-11-10 12:56:00+00:00,33,1,16337,11638.25,11639.5,11629.0,11630.25,352,NQ.v.0
2020-11-10 12:57:00+00:00,33,1,16337,11630.25,11636.25,11628.0,11634.25,204,NQ.v.0
2020-11-10 12:58:00+00:00,33,1,16337,11633.5,11636.0,11621.75,11625.75,383,NQ.v.0
2020-11-10 12:59:00+00:00,33,1,16337,11626.25,11630.25,11618.0,11620.25,522,NQ.v.0
2020-11-10 13:00:00+00:00,33,1,16337,11619.0,11631.75,11617.25,11629.25,341,NQ.v.0
2020-11-10 13:01:00+00:00,33,1,16337,11629.5,11636.5,11625.0,11630.75,413,NQ.v.0
2020-11-10 13:02:00+00:00,33,1,16337,11631.25,11635.25,11630.25,11630.25,210,NQ.v.0
2020-11-10 13:03:00+00:00,33,1,16337,11630.0,11631.5,11627.0,11630.75,163,NQ.v.0
2020-11-10 13:04:00+00:00,33,1,16337,11629.75,11632.75,11626.0,11629.5,159,NQ.v.0
2020-11-10 13:05:00+00:00,33,1,16337,11629.0,11629.25,11619.5,11624.75,478,NQ.v.0
2020-11-10 13:06:00+00:00,33,1,16337,11625.5,11627.5,11619.0,11626.0,254,NQ.v.0
2020-11-10 13:07:00+00:00,33,1,16337,11625.0,11632.5,11624.75,11628.75,279,NQ.v.0
2020-11-10 13:08:00+00:00,33,1,16337,11628.75,11628.75,11615.0,11617.25,569,NQ.v.0
2020-11-10 13:09:00+00:00,33,1,16337,11617.5,11617.75,11604.5,11604.75,748,NQ.v.0
2020-11-10 13:10:00+00:00,33,1,16337,11605.25,11614.0,11604.25,11613.5,379,NQ.v.0
2020-11-10 13:11:00+00:00,33,1,16337,11613.75,11622.25,11612.75,11614.25,267,NQ.v.0
2020-11-10 13:12:00+00:00,33,1,16337,11615.0,11618.5,11610.75,11617.75,154,NQ.v.0
2020-11-10 13:13:00+00:00,33,1,16337,11618.0,11631.75,11617.0,11628.5,387,NQ.v.0
2020-11-10 13:14:00+00:00,33,1,16337,11629.5,11637.25,11627.0,11627.0,283,NQ.v.0
2020-11-10 13:15:00+00:00,33,1,16337,11627.5,11637.0,11627.5,11636.25,308,NQ.v.0
2020-11-10 13:16:00+00:00,33,1,16337,11635.5,11639.5,11625.5,11627.75,331,NQ.v.0
2020-11-10 13:17:00+00:00,33,1,16337,11628.25,11628.25,11618.0,11620.25,312,NQ.v.0
2020-11-10 13:18:00+00:00,33,1,16337,11620.0,11632.0,11617.75,11629.5,236,NQ.v.0
2020-11-10 13:19:00+00:00,33,1,16337,11629.25,11635.0,11629.25,11633.5,202,NQ.v.0
2020-11-10 13:20:00+00:00,33,1,16337,11632.75,11644.5,11630.0,11638.5,444,NQ.v.0
2020-11-10 13:21:00+00:00,33,1,16337,11639.0,11650.5,11636.0,11649.5,420,NQ.v.0
2020-11-10 13:22:00+00:00,33,1,16337,11649.5,11656.75,11644.5,11649.0,321,NQ.v.0
2020-11-10 13:23:00+00:00,33,1,16337,11649.5,11651.25,11646.25,11646.5,118,NQ.v.0
2020-11-10 13:24:00+00:00,33,1,16337,11646.75,11649.75,11645.0,11645.25,112,NQ.v.0
2020-11-10 13:25:00+00:00,33,1,16337,11645.0,11653.0,11645.0,11651.25,164,NQ.v.0
2020-11-10 13:26:00+00:00,33,1,16337,11650.0,11656.0,11647.25,11650.75,301,NQ.v.0
2020-11-10 13:27:00+00:00,33,1,16337,11650.5,11651.0,11645.5,11646.5,170,NQ.v.0
2020-11-10 13:28:00+00:00,33,1,16337,11647.25,11654.25,11647.25,11653.5,157,NQ.v.0
2020-11-10 13:29:00+00:00,33,1,16337,11654.75,11658.75,11653.5,11654.5,244,NQ.v.0
2020-11-10 13:30:00+00:00,33,1,16337,11654.0,11658.75,11652.5,11652.5,316,NQ.v.0
2020-11-10 13:31:00+00:00,33,1,16337,11652.5,11655.0,11644.0,11646.0,269,NQ.v.0
2020-11-10 13:32:00+00:00,33,1,16337,11645.5,11646.0,11629.5,11631.75,662,NQ.v.0
2020-11-10 13:33:00+00:00,33,1,16337,11631.5,11634.5,11627.0,11628.75,475,NQ.v.0
2020-11-10 13:34:00+00:00,33,1,16337,11629.0,11630.0,11617.0,11622.25,650,NQ.v.0
2020-11-10 13:35:00+00:00,33,1,16337,11622.25,11630.75,11620.0,11627.0,514,NQ.v.0
2020-11-10 13:36:00+00:00,33,1,16337,11626.75,11633.0,11624.75,11630.25,514,NQ.v.0
2020-11-10 13:37:00+00:00,33,1,16337,11630.25,11635.25,11616.0,11618.75,1125,NQ.v.0
2020-11-10 13:38:00+00:00,33,1,16337,11619.0,11629.5,11618.25,11628.25,315,NQ.v.0
2020-11-10 13:39:00+00:00,33,1,16337,11627.25,11633.5,11625.5,11633.5,306,NQ.v.0
2020-11-10 13:40:00+00:00,33,1,16337,11633.25,11634.0,11625.5,11627.0,250,NQ.v.0
2020-11-10 13:41:00+00:00,33,1,16337,11627.0,11631.25,11625.25,11626.5,312,NQ.v.0
2020-11-10 13:42:00+00:00,33,1,16337,11627.0,11631.75,11625.5,11628.5,220,NQ.v.0
2020-11-10 13:43:00+00:00,33,1,16337,11628.5,11634.25,11628.25,11631.25,238,NQ.v.0
2020-11-10 13:44:00+00:00,33,1,16337,11632.25,11641.25,11632.25,11635.25,376,NQ.v.0
2020-11-10 13:45:00+00:00,33,1,16337,11635.75,11639.0,11625.75,11630.5,479,NQ.v.0
2020-11-10 13:46:00+00:00,33,1,16337,11631.25,11637.0,11629.25,11634.75,205,NQ.v.0
2020-11-10 13:47:00+00:00,33,1,16337,11633.75,11636.0,11629.0,11630.0,1741,NQ.v.0
2020-11-10 13:48:00+00:00,33,1,16337,11630.0,11640.5,11623.75,11635.75,974,NQ.v.0
2020-11-10 13:49:00+00:00,33,1,16337,11636.0,11638.75,11633.75,11636.25,1064,NQ.v.0
2020-11-10 13:50:00+00:00,33,1,16337,11636.25,11650.0,11636.0,11647.75,572,NQ.v.0
2020-11-10 13:51:00+00:00,33,1,16337,11647.5,11649.75,11645.75,11646.75,286,NQ.v.0
2020-11-10 13:52:00+00:00,33,1,16337,11647.75,11649.75,11644.5,11645.75,216,NQ.v.0
2020-11-10 13:53:00+00:00,33,1,16337,11644.75,11649.5,11644.0,11647.25,257,NQ.v.0
2020-11-10 13:54:00+00:00,33,1,16337,11647.0,11656.75,11646.5,11653.25,425,NQ.v.0
2020-11-10 13:55:00+00:00,33,1,16337,11652.5,11662.5,11648.0,11657.25,640,NQ.v.0
2020-11-10 13:56:00+00:00,33,1,16337,11657.75,11661.25,11655.25,11661.25,2095,NQ.v.0
2020-11-10 13:57:00+00:00,33,1,16337,11661.0,11666.5,11658.25,11662.75,1488,NQ.v.0
2020-11-10 13:58:00+00:00,33,1,16337,11662.5,11668.0,11661.0,11663.75,387,NQ.v.0
2020-11-10 13:59:00+00:00,33,1,16337,11664.75,11670.0,11664.25,11667.5,900,NQ.v.0
2020-11-10 14:00:00+00:00,33,1,16337,11667.25,11667.25,11654.75,11660.0,573,NQ.v.0
2020-11-10 14:01:00+00:00,33,1,16337,11659.5,11665.0,11657.75,11659.75,866,NQ.v.0
2020-11-10 14:02:00+00:00,33,1,16337,11659.75,11670.0,11658.5,11667.75,839,NQ.v.0
2020-11-10 14:03:00+00:00,33,1,16337,11667.25,11669.5,11665.5,11667.0,249,NQ.v.0
2020-11-10 14:04:00+00:00,33,1,16337,11667.0,11669.75,11662.75,11666.5,398,NQ.v.0
2020-11-10 14:05:00+00:00,33,1,16337,11667.5,11670.0,11667.0,11669.5,383,NQ.v.0
2020-11-10 14:06:00+00:00,33,1,16337,11669.75,11675.75,11669.0,11674.5,473,NQ.v.0
2020-11-10 14:07:00+00:00,33,1,16337,11674.75,11686.5,11674.25,11681.75,727,NQ.v.0
2020-11-10 14:08:00+00:00,33,1,16337,11682.0,11694.25,11682.0,11693.75,644,NQ.v.0
2020-11-10 14:09:00+00:00,33,1,16337,11694.25,11696.25,11683.0,11684.0,623,NQ.v.0
2020-11-10 14:10:00+00:00,33,1,16337,11684.25,11693.5,11683.25,11692.25,398,NQ.v.0
2020-11-10 14:11:00+00:00,33,1,16337,11693.0,11694.5,11688.0,11689.0,437,NQ.v.0
2020-11-10 14:12:00+00:00,33,1,16337,11688.75,11691.25,11686.75,11689.25,861,NQ.v.0
2020-11-10 14:13:00+00:00,33,1,16337,11688.75,11697.0,11688.25,11690.75,646,NQ.v.0
2020-11-10 14:14:00+00:00,33,1,16337,11691.0,11692.75,11683.5,11687.5,373,NQ.v.0
2020-11-10 14:15:00+00:00,33,1,16337,11688.5,11693.75,11682.5,11685.5,883,NQ.v.0
2020-11-10 14:16:00+00:00,33,1,16337,11685.25,11687.5,11683.5,11685.0,293,NQ.v.0
2020-11-10 14:17:00+00:00,33,1,16337,11684.75,11686.5,11681.25,11683.0,567,NQ.v.0
2020-11-10 14:18:00+00:00,33,1,16337,11683.5,11684.0,11674.75,11676.75,489,NQ.v.0
2020-11-10 14:19:00+00:00,33,1,16337,11677.0,11683.5,11676.75,11680.75,582,NQ.v.0
2020-11-10 14:20:00+00:00,33,1,16337,11680.75,11685.75,11677.5,11679.75,970,NQ.v.0
2020-11-10 14:21:00+00:00,33,1,16337,11680.25,11683.75,11677.5,11680.25,322,NQ.v.0
2020-11-10 14:22:00+00:00,33,1,16337,11680.5,11683.5,11679.0,11683.25,230,NQ.v.0
2020-11-10 14:23:00+00:00,33,1,16337,11683.5,11683.75,11674.25,11674.75,413,NQ.v.0
2020-11-10 14:24:00+00:00,33,1,16337,11675.0,11682.0,11672.0,11678.25,381,NQ.v.0
2020-11-10 14:25:00+00:00,33,1,16337,11677.0,11685.5,11676.75,11682.25,1269,NQ.v.0
2020-11-10 14:26:00+00:00,33,1,16337,11682.25,11683.25,11676.25,11681.25,389,NQ.v.0
2020-11-10 14:27:00+00:00,33,1,16337,11682.25,11686.75,11680.75,11686.75,222,NQ.v.0
2020-11-10 14:28:00+00:00,33,1,16337,11686.75,11687.75,11681.0,11687.5,584,NQ.v.0
2020-11-10 14:29:00+00:00,33,1,16337,11686.75,11695.0,11685.0,11692.25,1316,NQ.v.0
2020-11-10 14:30:00+00:00,33,1,16337,11691.75,11708.0,11688.75,11707.5,3333,NQ.v.0
2020-11-10 14:31:00+00:00,33,1,16337,11707.0,11739.75,11704.75,11736.75,3566,NQ.v.0
2020-11-10 14:32:00+00:00,33,1,16337,11737.0,11747.75,11725.75,11729.75,3028,NQ.v.0
2020-11-10 14:33:00+00:00,33,1,16337,11730.5,11745.75,11719.75,11745.75,2659,NQ.v.0
2020-11-10 14:34:00+00:00,33,1,16337,11745.25,11749.5,11725.25,11727.0,2376,NQ.v.0
2020-11-10 14:35:00+00:00,33,1,16337,11726.75,11738.5,11673.75,11676.5,5311,NQ.v.0
2020-11-10 14:36:00+00:00,33,1,16337,11676.75,11696.5,11669.0,11677.0,4441,NQ.v.0
2020-11-10 14:37:00+00:00,33,1,16337,11676.75,11688.0,11663.75,11674.5,2926,NQ.v.0
2020-11-10 14:38:00+00:00,33,1,16337,11674.0,11679.75,11658.75,11660.75,2362,NQ.v.0
2020-11-10 14:39:00+00:00,33,1,16337,11661.25,11680.25,11651.25,11656.5,2710,NQ.v.0
2020-11-10 14:40:00+00:00,33,1,16337,11656.25,11661.75,11631.0,11634.0,3923,NQ.v.0
2020-11-10 14:41:00+00:00,33,1,16337,11634.25,11648.25,11630.5,11644.25,2390,NQ.v.0
2020-11-10 14:42:00+00:00,33,1,16337,11644.25,11674.5,11640.5,11673.75,3181,NQ.v.0
2020-11-10 14:43:00+00:00,33,1,16337,11673.0,11685.0,11670.0,11675.0,2270,NQ.v.0
2020-11-10 14:44:00+00:00,33,1,16337,11675.0,11676.0,11642.0,11652.5,2618,NQ.v.0
2020-11-10 14:45:00+00:00,33,1,16337,11652.0,11653.25,11627.75,11630.0,2400,NQ.v.0
2020-11-10 14:46:00+00:00,33,1,16337,11629.5,11651.5,11620.25,11638.25,2509,NQ.v.0
2020-11-10 14:47:00+00:00,33,1,16337,11637.75,11644.75,11613.25,11614.0,2177,NQ.v.0
2020-11-10 14:48:00+00:00,33,1,16337,11614.25,11626.5,11612.5,11625.75,1983,NQ.v.0
2020-11-10 14:49:00+00:00,33,1,16337,11626.5,11656.5,11622.5,11654.75,2328,NQ.v.0
2020-11-10 14:50:00+00:00,33,1,16337,11654.5,11667.5,11643.0,11665.0,2333,NQ.v.0
2020-11-10 14:51:00+00:00,33,1,16337,11665.0,11678.0,11657.0,11674.75,1713,NQ.v.0
2020-11-10 14:52:00+00:00,33,1,16337,11674.75,11676.75,11665.0,11671.75,1635,NQ.v.0
2020-11-10 14:53:00+00:00,33,1,16337,11671.75,11672.75,11654.25,11660.75,1741,NQ.v.0
2020-11-10 14:54:00+00:00,33,1,16337,11661.25,11662.0,11640.75,11644.0,1933,NQ.v.0
2020-11-10 14:55:00+00:00,33,1,16337,11643.5,11659.25,11635.5,11657.0,2650,NQ.v.0
2020-11-10 14:56:00+00:00,33,1,16337,11657.25,11675.0,11654.25,11666.75,2014,NQ.v.0
2020-11-10 14:57:00+00:00,33,1,16337,11667.0,11667.5,11647.75,11658.25,1542,NQ.v.0
2020-11-10 14:58:00+00:00,33,1,16337,11658.5,11670.5,11650.75,11661.25,1354,NQ.v.0
2020-11-10 14:59:00+00:00,33,1,16337,11660.75,11662.75,11648.5,11651.0,1318,NQ.v.0
2020-11-10 15:00:00+00:00,33,1,16337,11650.5,11650.75,11628.5,11631.0,2757,NQ.v.0
2020-11-10 15:01:00+00:00,33,1,16337,11631.25,11642.25,11625.25,11633.0,2070,NQ.v.0
2020-11-10 15:02:00+00:00,33,1,16337,11632.75,11642.0,11621.75,11637.5,2021,NQ.v.0
2020-11-10 15:03:00+00:00,33,1,16337,11637.25,11660.0,11631.25,11659.0,1876,NQ.v.0
2020-11-10 15:04:00+00:00,33,1,16337,11659.0,11690.0,11658.0,11687.0,2868,NQ.v.0
2020-11-10 15:05:00+00:00,33,1,16337,11687.5,11689.0,11675.0,11680.25,2284,NQ.v.0
2020-11-10 15:06:00+00:00,33,1,16337,11679.75,11680.25,11659.5,11669.0,1962,NQ.v.0
2020-11-10 15:07:00+00:00,33,1,16337,11669.25,11674.5,11651.0,11656.0,1550,NQ.v.0
2020-11-10 15:08:00+00:00,33,1,16337,11656.0,11659.75,11645.25,11652.75,1857,NQ.v.0
2020-11-10 15:09:00+00:00,33,1,16337,11652.75,11673.25,11649.25,11670.25,1573,NQ.v.0
2020-11-10 15:10:00+00:00,33,1,16337,11670.5,11681.25,11659.75,11663.25,1709,NQ.v.0
2020-11-10 15:11:00+00:00,33,1,16337,11663.25,11663.75,11637.5,11645.5,1922,NQ.v.0
2020-11-10 15:12:00+00:00,33,1,16337,11645.5,11650.5,11636.0,11645.5,1660,NQ.v.0
2020-11-10 15:13:00+00:00,33,1,16337,11645.75,11656.25,11636.25,11652.5,1702,NQ.v.0
2020-11-10 15:14:00+00:00,33,1,16337,11652.25,11653.0,11633.0,11636.0,1437,NQ.v.0
2020-11-10 15:15:00+00:00,33,1,16337,11636.0,11655.75,11629.5,11646.75,1922,NQ.v.0
2020-11-10 15:16:00+00:00,33,1,16337,11646.25,11647.0,11615.75,11624.75,2774,NQ.v.0
2020-11-10 15:17:00+00:00,33,1,16337,11624.5,11631.25,11621.0,11627.5,1217,NQ.v.0
2020-11-10 15:18:00+00:00,33,1,16337,11628.0,11640.5,11621.75,11636.5,1489,NQ.v.0
2020-11-10 15:19:00+00:00,33,1,16337,11636.5,11642.5,11629.5,11635.25,1338,NQ.v.0
2020-11-10 15:20:00+00:00,33,1,16337,11635.25,11644.0,11621.0,11630.25,1777,NQ.v.0
2020-11-10 15:21:00+00:00,33,1,16337,11630.0,11630.5,11607.75,11613.5,2308,NQ.v.0
2020-11-10 15:22:00+00:00,33,1,16337,11613.0,11616.25,11586.0,11591.0,3526,NQ.v.0
2020-11-10 15:23:00+00:00,33,1,16337,11590.75,11596.75,11584.5,11595.5,2028,NQ.v.0
2020-11-10 15:24:00+00:00,33,1,16337,11595.25,11601.75,11581.0,11584.25,1962,NQ.v.0
2020-11-10 15:25:00+00:00,33,1,16337,11584.0,11591.0,11578.25,11581.5,1668,NQ.v.0
2020-11-10 15:26:00+00:00,33,1,16337,11581.75,11592.25,11576.5,11586.5,1514,NQ.v.0
2020-11-10 15:27:00+00:00,33,1,16337,11586.5,11586.5,11573.0,11577.0,1732,NQ.v.0
2020-11-10 15:28:00+00:00,33,1,16337,11576.75,11578.75,11565.75,11569.5,1648,NQ.v.0
2020-11-10 15:29:00+00:00,33,1,16337,11569.5,11573.5,11562.5,11563.25,1592,NQ.v.0
2020-11-10 15:30:00+00:00,33,1,16337,11563.25,11587.0,11560.5,11581.5,2606,NQ.v.0
2020-11-10 15:31:00+00:00,33,1,16337,11581.25,11581.25,11568.0,11572.75,1386,NQ.v.0
2020-11-10 15:32:00+00:00,33,1,16337,11573.0,11575.75,11563.25,11568.25,1472,NQ.v.0
2020-11-10 15:33:00+00:00,33,1,16337,11569.25,11576.5,11561.75,11567.75,1185,NQ.v.0
2020-11-10 15:34:00+00:00,33,1,16337,11567.25,11571.75,11553.5,11559.0,2074,NQ.v.0
2020-11-10 15:35:00+00:00,33,1,16337,11559.5,11575.25,11545.5,11548.5,2518,NQ.v.0
2020-11-10 15:36:00+00:00,33,1,16337,11548.5,11561.75,11537.75,11539.5,2406,NQ.v.0
2020-11-10 15:37:00+00:00,33,1,16337,11539.75,11544.25,11523.75,11527.5,2711,NQ.v.0
2020-11-10 15:38:00+00:00,33,1,16337,11527.5,11530.75,11514.25,11516.0,2280,NQ.v.0
2020-11-10 15:39:00+00:00,33,1,16337,11516.5,11527.5,11508.5,11521.75,2797,NQ.v.0
2020-11-10 15:40:00+00:00,33,1,16337,11521.25,11536.5,11513.5,11535.75,3043,NQ.v.0
2020-11-10 15:41:00+00:00,33,1,16337,11535.25,11535.5,11519.0,11522.0,1491,NQ.v.0
2020-11-10 15:42:00+00:00,33,1,16337,11522.0,11527.0,11505.5,11522.75,2151,NQ.v.0
2020-11-10 15:43:00+00:00,33,1,16337,11522.5,11527.75,11506.25,11506.25,1854,NQ.v.0
2020-11-10 15:44:00+00:00,33,1,16337,11505.75,11519.75,11503.25,11516.0,1936,NQ.v.0
2020-11-10 15:45:00+00:00,33,1,16337,11515.75,11534.0,11514.25,11527.75,2100,NQ.v.0
2020-11-10 15:46:00+00:00,33,1,16337,11527.5,11533.25,11515.75,11530.0,2199,NQ.v.0
2020-11-10 15:47:00+00:00,33,1,16337,11531.0,11535.75,11520.75,11534.0,1703,NQ.v.0
2020-11-10 15:48:00+00:00,33,1,16337,11533.5,11534.5,11513.5,11529.25,1705,NQ.v.0
2020-11-10 15:49:00+00:00,33,1,16337,11529.75,11549.75,11525.5,11549.75,2104,NQ.v.0
2020-11-10 15:50:00+00:00,33,1,16337,11549.25,11568.0,11538.25,11564.25,2910,NQ.v.0
2020-11-10 15:51:00+00:00,33,1,16337,11564.75,11568.75,11556.75,11566.5,1591,NQ.v.0
2020-11-10 15:52:00+00:00,33,1,16337,11566.0,11572.0,11561.5,11566.25,1446,NQ.v.0
2020-11-10 15:53:00+00:00,33,1,16337,11566.0,11569.5,11556.0,11561.5,1285,NQ.v.0
2020-11-10 15:54:00+00:00,33,1,16337,11561.5,11573.0,11556.25,11568.25,1264,NQ.v.0
2020-11-10 15:55:00+00:00,33,1,16337,11568.0,11572.0,11556.25,11567.0,1208,NQ.v.0
2020-11-10 15:56:00+00:00,33,1,16337,11567.0,11569.5,11561.25,11563.75,1035,NQ.v.0
2020-11-10 15:57:00+00:00,33,1,16337,11563.5,11566.75,11556.5,11557.25,898,NQ.v.0
2020-11-10 15:58:00+00:00,33,1,16337,11558.75,11580.75,11558.75,11580.5,1609,NQ.v.0
2020-11-10 15:59:00+00:00,33,1,16337,11580.25,11580.25,11560.0,11568.5,1309,NQ.v.0
2020-11-10 16:00:00+00:00,33,1,16337,11568.0,11579.0,11562.0,11578.5,1330,NQ.v.0
2020-11-10 16:01:00+00:00,33,1,16337,11579.0,11594.25,11577.75,11592.5,1787,NQ.v.0
2020-11-10 16:02:00+00:00,33,1,16337,11592.0,11592.5,11582.5,11586.0,1108,NQ.v.0
2020-11-10 16:03:00+00:00,33,1,16337,11585.75,11596.0,11584.25,11592.5,1488,NQ.v.0
2020-11-10 16:04:00+00:00,33,1,16337,11592.5,11606.25,11592.25,11605.25,1612,NQ.v.0
2020-11-10 16:05:00+00:00,33,1,16337,11605.0,11613.75,11600.5,11608.0,1771,NQ.v.0
2020-11-10 16:06:00+00:00,33,1,16337,11607.75,11617.25,11602.0,11606.5,1610,NQ.v.0
2020-11-10 16:07:00+00:00,33,1,16337,11606.5,11607.5,11591.5,11599.75,1851,NQ.v.0
2020-11-10 16:08:00+00:00,33,1,16337,11600.0,11610.5,11599.75,11609.5,1389,NQ.v.0
2020-11-10 16:09:00+00:00,33,1,16337,11609.25,11619.0,11607.25,11614.0,1336,NQ.v.0
2020-11-10 16:10:00+00:00,33,1,16337,11613.5,11622.25,11606.0,11611.5,1934,NQ.v.0
2020-11-10 16:11:00+00:00,33,1,16337,11611.5,11619.25,11608.25,11610.5,1155,NQ.v.0
2020-11-10 16:12:00+00:00,33,1,16337,11610.75,11628.0,11610.25,11623.0,1589,NQ.v.0
2020-11-10 16:13:00+00:00,33,1,16337,11622.5,11623.75,11612.25,11617.75,1265,NQ.v.0
2020-11-10 16:14:00+00:00,33,1,16337,11617.75,11620.0,11604.0,11608.5,1451,NQ.v.0
2020-11-10 16:15:00+00:00,33,1,16337,11608.25,11611.0,11596.5,11607.5,1902,NQ.v.0
2020-11-10 16:16:00+00:00,33,1,16337,11607.25,11607.25,11581.5,11585.5,1926,NQ.v.0
2020-11-10 16:17:00+00:00,33,1,16337,11585.25,11587.5,11573.75,11577.5,1721,NQ.v.0
2020-11-10 16:18:00+00:00,33,1,16337,11577.5,11582.5,11565.25,11570.75,1709,NQ.v.0
2020-11-10 16:19:00+00:00,33,1,16337,11570.5,11582.0,11570.0,11578.25,1227,NQ.v.0
2020-11-10 16:20:00+00:00,33,1,16337,11577.75,11581.75,11570.5,11581.0,1122,NQ.v.0
2020-11-10 16:21:00+00:00,33,1,16337,11581.25,11585.25,11563.25,11569.0,1546,NQ.v.0
2020-11-10 16:22:00+00:00,33,1,16337,11569.25,11578.75,11565.25,11578.25,914,NQ.v.0
2020-11-10 16:23:00+00:00,33,1,16337,11578.0,11591.75,11569.0,11587.25,1447,NQ.v.0
2020-11-10 16:24:00+00:00,33,1,16337,11587.0,11594.5,11585.5,11593.0,1401,NQ.v.0
2020-11-10 16:25:00+00:00,33,1,16337,11593.0,11615.0,11592.5,11614.25,1717,NQ.v.0
2020-11-10 16:26:00+00:00,33,1,16337,11615.0,11639.25,11611.0,11636.5,2156,NQ.v.0
2020-11-10 16:27:00+00:00,33,1,16337,11635.75,11641.0,11630.75,11635.0,1466,NQ.v.0
2020-11-10 16:28:00+00:00,33,1,16337,11635.0,11649.5,11632.75,11649.0,1339,NQ.v.0
2020-11-10 16:29:00+00:00,33,1,16337,11648.5,11657.25,11648.25,11655.25,1704,NQ.v.0
2020-11-10 16:30:00+00:00,33,1,16337,11655.0,11658.75,11648.0,11651.25,1868,NQ.v.0
2020-11-10 16:31:00+00:00,33,1,16337,11651.25,11658.0,11649.25,11652.75,950,NQ.v.0
2020-11-10 16:32:00+00:00,33,1,16337,11653.25,11668.5,11653.25,11668.0,1703,NQ.v.0
2020-11-10 16:33:00+00:00,33,1,16337,11667.75,11667.75,11660.25,11663.25,814,NQ.v.0
2020-11-10 16:34:00+00:00,33,1,16337,11662.75,11665.75,11646.25,11646.5,1302,NQ.v.0
2020-11-10 16:35:00+00:00,33,1,16337,11646.25,11649.5,11636.25,11636.5,1657,NQ.v.0
2020-11-10 16:36:00+00:00,33,1,16337,11636.0,11648.0,11634.0,11645.0,956,NQ.v.0
2020-11-10 16:37:00+00:00,33,1,16337,11644.75,11657.0,11641.5,11641.75,1073,NQ.v.0
2020-11-10 16:38:00+00:00,33,1,16337,11641.0,11646.25,11636.25,11644.5,804,NQ.v.0
2020-11-10 16:39:00+00:00,33,1,16337,11643.75,11654.25,11641.25,11648.0,723,NQ.v.0
2020-11-10 16:40:00+00:00,33,1,16337,11648.25,11668.0,11648.0,11664.5,1195,NQ.v.0
2020-11-10 16:41:00+00:00,33,1,16337,11664.25,11683.5,11657.0,11681.75,1369,NQ.v.0
2020-11-10 16:42:00+00:00,33,1,16337,11681.5,11705.75,11680.25,11702.25,2613,NQ.v.0
2020-11-10 16:43:00+00:00,33,1,16337,11702.0,11704.5,11697.0,11699.75,1517,NQ.v.0
2020-11-10 16:44:00+00:00,33,1,16337,11699.5,11708.5,11697.0,11703.75,1446,NQ.v.0
2020-11-10 16:45:00+00:00,33,1,16337,11703.5,11719.75,11703.25,11718.0,1742,NQ.v.0
2020-11-10 16:46:00+00:00,33,1,16337,11717.75,11723.0,11713.0,11719.75,1241,NQ.v.0
2020-11-10 16:47:00+00:00,33,1,16337,11719.5,11719.75,11700.25,11701.75,1275,NQ.v.0
2020-11-10 16:48:00+00:00,33,1,16337,11701.75,11709.5,11695.25,11708.75,1404,NQ.v.0
2020-11-10 16:49:00+00:00,33,1,16337,11708.5,11714.0,11704.5,11706.75,1056,NQ.v.0
2020-11-10 16:50:00+00:00,33,1,16337,11706.25,11710.75,11696.75,11707.5,1075,NQ.v.0
2020-11-10 16:51:00+00:00,33,1,16337,11707.5,11710.5,11683.75,11684.25,1608,NQ.v.0
2020-11-10 16:52:00+00:00,33,1,16337,11684.25,11690.25,11681.75,11689.25,1148,NQ.v.0
2020-11-10 16:53:00+00:00,33,1,16337,11689.75,11692.0,11674.75,11680.0,1414,NQ.v.0
2020-11-10 16:54:00+00:00,33,1,16337,11680.0,11687.75,11672.5,11680.5,1071,NQ.v.0
2020-11-10 16:55:00+00:00,33,1,16337,11679.5,11686.75,11672.0,11684.0,851,NQ.v.0
2020-11-10 16:56:00+00:00,33,1,16337,11683.75,11691.75,11674.75,11686.75,1053,NQ.v.0
2020-11-10 16:57:00+00:00,33,1,16337,11686.0,11692.0,11672.25,11674.0,1085,NQ.v.0
2020-11-10 16:58:00+00:00,33,1,16337,11675.0,11682.0,11663.25,11667.25,1165,NQ.v.0
2020-11-10 16:59:00+00:00,33,1,16337,11668.0,11671.25,11658.75,11659.75,992,NQ.v.0
2020-11-10 17:00:00+00:00,33,1,16337,11659.75,11675.5,11657.5,11674.25,1000,NQ.v.0
2020-11-10 17:01:00+00:00,33,1,16337,11674.5,11704.75,11673.5,11698.0,1933,NQ.v.0
2020-11-10 17:02:00+00:00,33,1,16337,11698.0,11718.75,11695.25,11716.75,1994,NQ.v.0
2020-11-10 17:03:00+00:00,33,1,16337,11716.5,11718.25,11706.25,11709.25,1119,NQ.v.0
2020-11-10 17:04:00+00:00,33,1,16337,11710.0,11716.0,11703.75,11709.0,1140,NQ.v.0
2020-11-10 17:05:00+00:00,33,1,16337,11709.0,11711.75,11686.0,11691.0,1400,NQ.v.0
2020-11-10 17:06:00+00:00,33,1,16337,11691.25,11698.75,11687.75,11694.5,1018,NQ.v.0
2020-11-10 17:07:00+00:00,33,1,16337,11694.75,11718.75,11692.5,11716.0,981,NQ.v.0
2020-11-10 17:08:00+00:00,33,1,16337,11716.0,11733.75,11713.5,11732.25,1561,NQ.v.0
2020-11-10 17:09:00+00:00,33,1,16337,11732.25,11733.0,11721.75,11722.5,1223,NQ.v.0
2020-11-10 17:10:00+00:00,33,1,16337,11722.75,11731.25,11715.25,11729.25,1086,NQ.v.0
2020-11-10 17:11:00+00:00,33,1,16337,11729.75,11742.5,11729.75,11739.5,1400,NQ.v.0
2020-11-10 17:12:00+00:00,33,1,16337,11739.0,11744.25,11735.25,11737.0,840,NQ.v.0
2020-11-10 17:13:00+00:00,33,1,16337,11737.25,11738.25,11722.5,11726.5,1134,NQ.v.0
2020-11-10 17:14:00+00:00,33,1,16337,11726.5,11732.75,11722.75,11727.0,710,NQ.v.0
2020-11-10 17:15:00+00:00,33,1,16337,11726.75,11739.0,11719.0,11732.75,1250,NQ.v.0
2020-11-10 17:16:00+00:00,33,1,16337,11732.75,11733.25,11714.25,11717.75,1016,NQ.v.0
2020-11-10 17:17:00+00:00,33,1,16337,11717.0,11720.5,11708.5,11719.75,1222,NQ.v.0
2020-11-10 17:18:00+00:00,33,1,16337,11719.25,11728.0,11716.75,11725.5,925,NQ.v.0
2020-11-10 17:19:00+00:00,33,1,16337,11725.0,11737.5,11717.5,11733.75,996,NQ.v.0
2020-11-10 17:20:00+00:00,33,1,16337,11733.75,11735.25,11717.5,11718.75,2008,NQ.v.0
2020-11-10 17:21:00+00:00,33,1,16337,11718.75,11727.0,11714.75,11726.5,788,NQ.v.0
2020-11-10 17:22:00+00:00,33,1,16337,11726.75,11741.0,11726.0,11730.25,962,NQ.v.0
2020-11-10 17:23:00+00:00,33,1,16337,11730.5,11732.25,11715.5,11716.0,684,NQ.v.0
2020-11-10 17:24:00+00:00,33,1,16337,11717.25,11725.25,11712.5,11723.5,811,NQ.v.0
2020-11-10 17:25:00+00:00,33,1,16337,11724.0,11726.5,11707.25,11717.0,873,NQ.v.0
2020-11-10 17:26:00+00:00,33,1,16337,11717.0,11726.0,11704.75,11706.25,911,NQ.v.0
2020-11-10 17:27:00+00:00,33,1,16337,11706.0,11707.75,11694.5,11697.5,1039,NQ.v.0
2020-11-10 17:28:00+00:00,33,1,16337,11697.25,11699.75,11683.75,11685.0,1108,NQ.v.0
2020-11-10 17:29:00+00:00,33,1,16337,11684.5,11689.75,11682.0,11688.75,914,NQ.v.0
2020-11-10 17:30:00+00:00,33,1,16337,11688.5,11698.25,11684.75,11692.25,1031,NQ.v.0
2020-11-10 17:31:00+00:00,33,1,16337,11691.75,11703.75,11691.75,11700.75,819,NQ.v.0
2020-11-10 17:32:00+00:00,33,1,16337,11701.0,11709.0,11701.0,11707.25,807,NQ.v.0
2020-11-10 17:33:00+00:00,33,1,16337,11707.25,11708.75,11697.75,11700.5,619,NQ.v.0
2020-11-10 17:34:00+00:00,33,1,16337,11701.25,11702.75,11690.75,11692.5,868,NQ.v.0
2020-11-10 17:35:00+00:00,33,1,16337,11692.25,11692.25,11672.5,11673.0,1430,NQ.v.0
2020-11-10 17:36:00+00:00,33,1,16337,11673.0,11677.75,11667.5,11677.5,910,NQ.v.0
2020-11-10 17:37:00+00:00,33,1,16337,11677.5,11678.75,11669.0,11675.25,1196,NQ.v.0
2020-11-10 17:38:00+00:00,33,1,16337,11674.75,11677.0,11664.25,11674.25,1300,NQ.v.0
2020-11-10 17:39:00+00:00,33,1,16337,11674.5,11675.5,11661.25,11666.25,1136,NQ.v.0
2020-11-10 17:40:00+00:00,33,1,16337,11666.25,11676.0,11666.25,11672.0,1684,NQ.v.0
2020-11-10 17:41:00+00:00,33,1,16337,11672.0,11683.5,11670.75,11682.75,1065,NQ.v.0
2020-11-10 17:42:00+00:00,33,1,16337,11682.5,11694.75,11677.75,11692.75,1228,NQ.v.0
2020-11-10 17:43:00+00:00,33,1,16337,11693.0,11693.0,11679.5,11688.0,879,NQ.v.0
2020-11-10 17:44:00+00:00,33,1,16337,11688.0,11697.5,11680.5,11682.0,707,NQ.v.0
2020-11-10 17:45:00+00:00,33,1,16337,11682.5,11687.0,11673.25,11684.75,1475,NQ.v.0
2020-11-10 17:46:00+00:00,33,1,16337,11685.25,11712.5,11685.0,11710.75,1525,NQ.v.0
2020-11-10 17:47:00+00:00,33,1,16337,11711.0,11720.75,11707.0,11715.25,1742,NQ.v.0
2020-11-10 17:48:00+00:00,33,1,16337,11714.75,11717.25,11704.0,11714.5,2565,NQ.v.0
2020-11-10 17:49:00+00:00,33,1,16337,11714.0,11714.5,11704.25,11707.0,1632,NQ.v.0
2020-11-10 17:50:00+00:00,33,1,16337,11705.5,11709.75,11697.0,11700.0,733,NQ.v.0
2020-11-10 17:51:00+00:00,33,1,16337,11699.75,11699.75,11685.25,11695.0,808,NQ.v.0
2020-11-10 17:52:00+00:00,33,1,16337,11695.0,11707.0,11695.0,11707.0,552,NQ.v.0
2020-11-10 17:53:00+00:00,33,1,16337,11706.75,11716.25,11700.5,11701.0,918,NQ.v.0
2020-11-10 17:54:00+00:00,33,1,16337,11700.75,11707.0,11696.5,11699.75,490,NQ.v.0
2020-11-10 17:55:00+00:00,33,1,16337,11700.0,11713.5,11699.75,11710.75,589,NQ.v.0
2020-11-10 17:56:00+00:00,33,1,16337,11711.0,11713.0,11699.25,11710.75,591,NQ.v.0
2020-11-10 17:57:00+00:00,33,1,16337,11710.5,11713.25,11703.0,11706.75,457,NQ.v.0
2020-11-10 17:58:00+00:00,33,1,16337,11706.75,11708.5,11690.0,11692.5,693,NQ.v.0
2020-11-10 17:59:00+00:00,33,1,16337,11692.25,11703.0,11691.75,11696.0,534,NQ.v.0
2020-11-10 18:00:00+00:00,33,1,16337,11697.25,11712.0,11697.25,11706.75,842,NQ.v.0
2020-11-10 18:01:00+00:00,33,1,16337,11706.5,11720.25,11702.5,11719.5,914,NQ.v.0
2020-11-10 18:02:00+00:00,33,1,16337,11720.75,11722.75,11711.0,11720.0,657,NQ.v.0
2020-11-10 18:03:00+00:00,33,1,16337,11720.0,11726.0,11718.25,11723.25,808,NQ.v.0
2020-11-10 18:04:00+00:00,33,1,16337,11724.0,11729.25,11719.5,11728.75,748,NQ.v.0
2020-11-10 18:05:00+00:00,33,1,16337,11729.25,11733.5,11722.75,11729.75,2289,NQ.v.0
2020-11-10 18:06:00+00:00,33,1,16337,11729.75,11729.75,11714.75,11718.0,2148,NQ.v.0
2020-11-10 18:07:00+00:00,33,1,16337,11718.0,11725.0,11711.25,11717.25,803,NQ.v.0
2020-11-10 18:08:00+00:00,33,1,16337,11718.0,11724.5,11714.5,11716.5,529,NQ.v.0
2020-11-10 18:09:00+00:00,33,1,16337,11716.25,11718.25,11704.75,11713.0,694,NQ.v.0
2020-11-10 18:10:00+00:00,33,1,16337,11713.0,11715.75,11701.0,11704.5,756,NQ.v.0
2020-11-10 18:11:00+00:00,33,1,16337,11704.25,11704.5,11680.5,11686.0,1749,NQ.v.0
2020-11-10 18:12:00+00:00,33,1,16337,11686.25,11691.25,11683.0,11684.25,763,NQ.v.0
2020-11-10 18:13:00+00:00,33,1,16337,11684.5,11687.25,11676.75,11678.0,758,NQ.v.0
2020-11-10 18:14:00+00:00,33,1,16337,11678.0,11680.5,11670.5,11674.5,837,NQ.v.0
2020-11-10 18:15:00+00:00,33,1,16337,11674.5,11676.0,11663.0,11668.75,1346,NQ.v.0
2020-11-10 18:16:00+00:00,33,1,16337,11668.5,11672.75,11663.5,11665.5,1157,NQ.v.0
2020-11-10 18:17:00+00:00,33,1,16337,11666.75,11669.25,11651.0,11654.0,1344,NQ.v.0
2020-11-10 18:18:00+00:00,33,1,16337,11654.25,11659.75,11652.5,11655.25,828,NQ.v.0
2020-11-10 18:19:00+00:00,33,1,16337,11655.5,11659.0,11651.5,11652.75,837,NQ.v.0
2020-11-10 18:20:00+00:00,33,1,16337,11652.5,11655.25,11641.0,11649.0,1692,NQ.v.0
2020-11-10 18:21:00+00:00,33,1,16337,11649.0,11649.5,11637.25,11641.0,1072,NQ.v.0
2020-11-10 18:22:00+00:00,33,1,16337,11641.75,11645.25,11631.75,11635.25,1170,NQ.v.0
2020-11-10 18:23:00+00:00,33,1,16337,11635.25,11637.75,11624.5,11627.0,1326,NQ.v.0
2020-11-10 18:24:00+00:00,33,1,16337,11626.75,11628.75,11614.75,11617.25,1615,NQ.v.0
2020-11-10 18:25:00+00:00,33,1,16337,11618.25,11621.25,11611.75,11617.0,1137,NQ.v.0
2020-11-10 18:26:00+00:00,33,1,16337,11617.0,11630.5,11616.75,11625.5,1474,NQ.v.0
2020-11-10 18:27:00+00:00,33,1,16337,11625.25,11630.25,11618.5,11627.5,1024,NQ.v.0
2020-11-10 18:28:00+00:00,33,1,16337,11627.5,11627.5,11615.0,11619.25,1206,NQ.v.0
2020-11-10 18:29:00+00:00,33,1,16337,11619.5,11625.5,11612.5,11621.5,1008,NQ.v.0
2020-11-10 18:30:00+00:00,33,1,16337,11621.25,11621.25,11608.0,11609.5,1345,NQ.v.0
2020-11-10 18:31:00+00:00,33,1,16337,11609.75,11611.5,11603.5,11608.25,1161,NQ.v.0
2020-11-10 18:32:00+00:00,33,1,16337,11608.25,11609.75,11593.25,11595.0,1270,NQ.v.0
2020-11-10 18:33:00+00:00,33,1,16337,11595.5,11596.75,11585.25,11590.75,1524,NQ.v.0
2020-11-10 18:34:00+00:00,33,1,16337,11591.0,11595.0,11575.25,11583.25,2351,NQ.v.0
2020-11-10 18:35:00+00:00,33,1,16337,11583.5,11604.25,11577.0,11599.25,2618,NQ.v.0
2020-11-10 18:36:00+00:00,33,1,16337,11599.25,11609.75,11595.25,11608.75,1496,NQ.v.0
2020-11-10 18:37:00+00:00,33,1,16337,11609.25,11618.75,11607.0,11613.0,1622,NQ.v.0
2020-11-10 18:38:00+00:00,33,1,16337,11612.5,11626.5,11607.5,11626.0,1511,NQ.v.0
2020-11-10 18:39:00+00:00,33,1,16337,11626.5,11633.0,11620.5,11622.75,1281,NQ.v.0
2020-11-10 18:40:00+00:00,33,1,16337,11622.5,11636.75,11620.25,11633.5,1138,NQ.v.0
2020-11-10 18:41:00+00:00,33,1,16337,11633.5,11637.25,11629.5,11632.0,644,NQ.v.0
2020-11-10 18:42:00+00:00,33,1,16337,11632.5,11638.0,11627.25,11635.5,737,NQ.v.0
2020-11-10 18:43:00+00:00,33,1,16337,11634.5,11641.0,11630.25,11640.25,640,NQ.v.0
2020-11-10 18:44:00+00:00,33,1,16337,11640.5,11651.25,11640.5,11646.0,1134,NQ.v.0
2020-11-10 18:45:00+00:00,33,1,16337,11646.0,11647.75,11628.75,11632.0,1747,NQ.v.0
2020-11-10 18:46:00+00:00,33,1,16337,11631.5,11638.75,11627.0,11634.75,2031,NQ.v.0
2020-11-10 18:47:00+00:00,33,1,16337,11634.75,11638.0,11629.25,11635.25,488,NQ.v.0
2020-11-10 18:48:00+00:00,33,1,16337,11635.25,11642.0,11631.25,11634.25,549,NQ.v.0
2020-11-10 18:49:00+00:00,33,1,16337,11634.5,11638.75,11628.25,11634.5,707,NQ.v.0
2020-11-10 18:50:00+00:00,33,1,16337,11634.75,11660.5,11634.5,11659.5,1197,NQ.v.0
2020-11-10 18:51:00+00:00,33,1,16337,11659.25,11660.0,11651.5,11654.75,747,NQ.v.0
2020-11-10 18:52:00+00:00,33,1,16337,11654.75,11656.25,11650.75,11654.5,557,NQ.v.0
2020-11-10 18:53:00+00:00,33,1,16337,11654.25,11668.0,11654.25,11666.75,960,NQ.v.0
2020-11-10 18:54:00+00:00,33,1,16337,11666.5,11669.25,11660.5,11660.5,545,NQ.v.0
2020-11-10 18:55:00+00:00,33,1,16337,11661.0,11661.75,11652.25,11661.25,1948,NQ.v.0
2020-11-10 18:56:00+00:00,33,1,16337,11661.25,11665.5,11647.0,11648.75,760,NQ.v.0
2020-11-10 18:57:00+00:00,33,1,16337,11648.5,11659.25,11645.0,11655.25,733,NQ.v.0
2020-11-10 18:58:00+00:00,33,1,16337,11654.25,11660.75,11648.5,11649.25,512,NQ.v.0
2020-11-10 18:59:00+00:00,33,1,16337,11649.0,11658.0,11647.0,11654.75,449,NQ.v.0
2020-11-10 19:00:00+00:00,33,1,16337,11654.75,11668.5,11652.75,11662.5,2502,NQ.v.0
2020-11-10 19:01:00+00:00,33,1,16337,11661.75,11666.0,11650.5,11653.75,838,NQ.v.0
2020-11-10 19:02:00+00:00,33,1,16337,11653.0,11663.5,11650.5,11660.25,1654,NQ.v.0
2020-11-10 19:03:00+00:00,33,1,16337,11660.5,11665.25,11651.25,11660.0,1643,NQ.v.0
2020-11-10 19:04:00+00:00,33,1,16337,11659.75,11677.0,11658.75,11671.0,3640,NQ.v.0
2020-11-10 19:05:00+00:00,33,1,16337,11671.0,11686.75,11670.25,11681.25,1401,NQ.v.0
2020-11-10 19:06:00+00:00,33,1,16337,11680.75,11689.75,11676.75,11686.5,3052,NQ.v.0
2020-11-10 19:07:00+00:00,33,1,16337,11686.25,11686.25,11671.25,11672.25,2711,NQ.v.0
2020-11-10 19:08:00+00:00,33,1,16337,11672.25,11674.25,11666.25,11667.25,1006,NQ.v.0
2020-11-10 19:09:00+00:00,33,1,16337,11667.0,11677.5,11665.75,11675.25,517,NQ.v.0
2020-11-10 19:10:00+00:00,33,1,16337,11675.0,11681.0,11633.5,11639.5,3440,NQ.v.0
2020-11-10 19:11:00+00:00,33,1,16337,11639.75,11645.25,11611.0,11618.25,2704,NQ.v.0
2020-11-10 19:12:00+00:00,33,1,16337,11619.0,11625.0,11609.0,11613.5,1630,NQ.v.0
2020-11-10 19:13:00+00:00,33,1,16337,11613.75,11618.5,11608.25,11617.5,1314,NQ.v.0
2020-11-10 19:14:00+00:00,33,1,16337,11617.5,11628.25,11617.5,11622.25,1702,NQ.v.0
2020-11-10 19:15:00+00:00,33,1,16337,11622.75,11626.5,11616.75,11621.25,1136,NQ.v.0
2020-11-10 19:16:00+00:00,33,1,16337,11621.5,11621.5,11601.0,11607.25,1528,NQ.v.0
2020-11-10 19:17:00+00:00,33,1,16337,11607.75,11608.75,11596.75,11606.5,1306,NQ.v.0
2020-11-10 19:18:00+00:00,33,1,16337,11606.5,11612.5,11604.25,11609.25,766,NQ.v.0
2020-11-10 19:19:00+00:00,33,1,16337,11609.5,11612.75,11602.5,11612.5,930,NQ.v.0
2020-11-10 19:20:00+00:00,33,1,16337,11612.75,11617.25,11603.5,11607.25,2331,NQ.v.0
2020-11-10 19:21:00+00:00,33,1,16337,11607.25,11609.0,11588.75,11592.25,1902,NQ.v.0
2020-11-10 19:22:00+00:00,33,1,16337,11592.75,11607.5,11588.5,11602.25,1520,NQ.v.0
2020-11-10 19:23:00+00:00,33,1,16337,11603.0,11609.5,11599.25,11601.5,2824,NQ.v.0
2020-11-10 19:24:00+00:00,33,1,16337,11601.5,11631.5,11577.0,11625.5,3972,NQ.v.0
2020-11-10 19:25:00+00:00,33,1,16337,11625.5,11647.75,11625.5,11639.0,3019,NQ.v.0
2020-11-10 19:26:00+00:00,33,1,16337,11638.75,11640.0,11621.5,11622.25,3270,NQ.v.0
2020-11-10 19:27:00+00:00,33,1,16337,11621.75,11624.75,11574.0,11578.75,4179,NQ.v.0
2020-11-10 19:28:00+00:00,33,1,16337,11579.5,11597.0,11579.5,11586.0,1507,NQ.v.0
2020-11-10 19:29:00+00:00,33,1,16337,11587.25,11596.0,11586.75,11592.75,752,NQ.v.0
2020-11-10 19:30:00+00:00,33,1,16337,11592.75,11628.0,11588.5,11627.75,1675,NQ.v.0
2020-11-10 19:31:00+00:00,33,1,16337,11627.5,11632.25,11613.75,11619.75,1251,NQ.v.0
2020-11-10 19:32:00+00:00,33,1,16337,11620.75,11631.5,11617.0,11624.0,944,NQ.v.0
2020-11-10 19:33:00+00:00,33,1,16337,11624.25,11641.0,11622.75,11627.5,998,NQ.v.0
2020-11-10 19:34:00+00:00,33,1,16337,11627.75,11635.5,11622.75,11626.0,715,NQ.v.0
2020-11-10 19:35:00+00:00,33,1,16337,11626.0,11633.0,11601.25,11616.75,1294,NQ.v.0
2020-11-10 19:36:00+00:00,33,1,16337,11617.25,11628.25,11616.75,11628.0,774,NQ.v.0
2020-11-10 19:37:00+00:00,33,1,16337,11627.0,11648.0,11627.0,11644.75,1291,NQ.v.0
2020-11-10 19:38:00+00:00,33,1,16337,11644.5,11653.25,11641.0,11642.0,972,NQ.v.0
2020-11-10 19:39:00+00:00,33,1,16337,11642.5,11648.75,11637.75,11645.0,2138,NQ.v.0
2020-11-10 19:40:00+00:00,33,1,16337,11644.5,11657.5,11643.25,11646.75,1387,NQ.v.0
2020-11-10 19:41:00+00:00,33,1,16337,11647.5,11650.25,11636.0,11642.75,1078,NQ.v.0
2020-11-10 19:42:00+00:00,33,1,16337,11643.0,11649.25,11631.0,11648.0,959,NQ.v.0
2020-11-10 19:43:00+00:00,33,1,16337,11649.5,11664.0,11649.5,11655.0,1208,NQ.v.0
2020-11-10 19:44:00+00:00,33,1,16337,11656.25,11658.5,11608.0,11623.75,3861,NQ.v.0
2020-11-10 19:45:00+00:00,33,1,16337,11623.75,11627.25,11604.5,11613.0,2616,NQ.v.0
2020-11-10 19:46:00+00:00,33,1,16337,11613.5,11618.75,11607.25,11607.5,1413,NQ.v.0
2020-11-10 19:47:00+00:00,33,1,16337,11608.0,11630.5,11607.0,11630.25,1144,NQ.v.0
2020-11-10 19:48:00+00:00,33,1,16337,11630.0,11640.5,11610.75,11619.25,1949,NQ.v.0
2020-11-10 19:49:00+00:00,33,1,16337,11619.25,11619.25,11606.5,11616.75,1222,NQ.v.0
2020-11-10 19:50:00+00:00,33,1,16337,11616.25,11619.0,11608.75,11617.25,860,NQ.v.0
2020-11-10 19:51:00+00:00,33,1,16337,11617.25,11636.0,11617.25,11627.0,943,NQ.v.0
2020-11-10 19:52:00+00:00,33,1,16337,11628.75,11643.25,11625.0,11641.25,890,NQ.v.0
2020-11-10 19:53:00+00:00,33,1,16337,11641.75,11641.75,11629.5,11630.75,519,NQ.v.0
2020-11-10 19:54:00+00:00,33,1,16337,11630.75,11647.0,11626.75,11633.75,1593,NQ.v.0
2020-11-10 19:55:00+00:00,33,1,16337,11633.25,11646.25,11629.5,11640.75,774,NQ.v.0
2020-11-10 19:56:00+00:00,33,1,16337,11641.0,11643.5,11621.5,11622.25,672,NQ.v.0
2020-11-10 19:57:00+00:00,33,1,16337,11622.0,11641.0,11620.25,11632.5,1579,NQ.v.0
2020-11-10 19:58:00+00:00,33,1,16337,11633.25,11634.25,11624.5,11628.25,636,NQ.v.0
2020-11-10 19:59:00+00:00,33,1,16337,11628.25,11637.25,11620.75,11625.5,971,NQ.v.0
2020-11-10 20:00:00+00:00,33,1,16337,11626.0,11629.25,11612.75,11626.75,1105,NQ.v.0
2020-11-10 20:01:00+00:00,33,1,16337,11627.25,11647.0,11626.25,11629.75,1301,NQ.v.0
2020-11-10 20:02:00+00:00,33,1,16337,11629.5,11632.25,11618.75,11622.75,869,NQ.v.0
2020-11-10 20:03:00+00:00,33,1,16337,11622.25,11627.75,11616.0,11619.75,1283,NQ.v.0
2020-11-10 20:04:00+00:00,33,1,16337,11619.75,11629.0,11605.0,11606.75,1090,NQ.v.0
2020-11-10 20:05:00+00:00,33,1,16337,11606.5,11619.0,11606.0,11609.75,1093,NQ.v.0
2020-11-10 20:06:00+00:00,33,1,16337,11609.5,11609.5,11593.0,11604.0,1420,NQ.v.0
2020-11-10 20:07:00+00:00,33,1,16337,11603.75,11608.25,11588.5,11593.25,1099,NQ.v.0
2020-11-10 20:08:00+00:00,33,1,16337,11593.0,11597.75,11589.25,11590.0,923,NQ.v.0
2020-11-10 20:09:00+00:00,33,1,16337,11590.5,11602.0,11590.5,11597.5,951,NQ.v.0
2020-11-10 20:10:00+00:00,33,1,16337,11598.25,11617.75,11597.5,11617.75,1058,NQ.v.0
2020-11-10 20:11:00+00:00,33,1,16337,11617.75,11620.75,11606.0,11606.0,996,NQ.v.0
2020-11-10 20:12:00+00:00,33,1,16337,11606.25,11606.75,11585.0,11593.0,1067,NQ.v.0
2020-11-10 20:13:00+00:00,33,1,16337,11592.75,11599.0,11590.5,11594.5,817,NQ.v.0
2020-11-10 20:14:00+00:00,33,1,16337,11594.75,11607.25,11589.0,11591.75,1170,NQ.v.0
2020-11-10 20:15:00+00:00,33,1,16337,11592.0,11608.25,11589.5,11605.5,962,NQ.v.0
2020-11-10 20:16:00+00:00,33,1,16337,11605.5,11611.0,11598.5,11599.25,712,NQ.v.0
2020-11-10 20:17:00+00:00,33,1,16337,11599.0,11616.5,11598.5,11615.75,636,NQ.v.0
2020-11-10 20:18:00+00:00,33,1,16337,11615.75,11632.5,11614.75,11628.75,1684,NQ.v.0
2020-11-10 20:19:00+00:00,33,1,16337,11628.25,11640.0,11628.25,11633.5,1192,NQ.v.0
2020-11-10 20:20:00+00:00,33,1,16337,11633.75,11648.75,11630.25,11646.75,1241,NQ.v.0
2020-11-10 20:21:00+00:00,33,1,16337,11646.75,11648.75,11639.0,11639.75,1006,NQ.v.0
2020-11-10 20:22:00+00:00,33,1,16337,11639.75,11641.0,11632.0,11634.75,893,NQ.v.0
2020-11-10 20:23:00+00:00,33,1,16337,11635.0,11645.5,11630.5,11634.0,673,NQ.v.0
2020-11-10 20:24:00+00:00,33,1,16337,11634.75,11641.25,11627.75,11638.75,818,NQ.v.0
2020-11-10 20:25:00+00:00,33,1,16337,11638.75,11639.0,11616.5,11628.25,1576,NQ.v.0
2020-11-10 20:26:00+00:00,33,1,16337,11629.0,11630.0,11620.0,11621.5,1158,NQ.v.0
2020-11-10 20:27:00+00:00,33,1,16337,11621.5,11641.0,11621.5,11640.75,1099,NQ.v.0
2020-11-10 20:28:00+00:00,33,1,16337,11640.5,11655.25,11639.0,11641.5,1508,NQ.v.0
2020-11-10 20:29:00+00:00,33,1,16337,11641.5,11656.0,11640.25,11648.25,1309,NQ.v.0
2020-11-10 20:30:00+00:00,33,1,16337,11648.5,11659.25,11641.0,11659.25,1153,NQ.v.0
2020-11-10 20:31:00+00:00,33,1,16337,11659.25,11661.0,11649.75,11656.0,878,NQ.v.0
2020-11-10 20:32:00+00:00,33,1,16337,11656.25,11658.75,11632.5,11646.0,1402,NQ.v.0
2020-11-10 20:33:00+00:00,33,1,16337,11645.75,11652.0,11641.75,11643.25,1291,NQ.v.0
2020-11-10 20:34:00+00:00,33,1,16337,11643.5,11650.0,11637.75,11642.0,1359,NQ.v.0
2020-11-10 20:35:00+00:00,33,1,16337,11642.5,11650.0,11637.5,11639.0,1527,NQ.v.0
2020-11-10 20:36:00+00:00,33,1,16337,11639.0,11644.25,11628.25,11644.25,1124,NQ.v.0
2020-11-10 20:37:00+00:00,33,1,16337,11644.5,11645.0,11630.5,11631.0,1366,NQ.v.0
2020-11-10 20:38:00+00:00,33,1,16337,11631.0,11633.75,11619.5,11621.25,1289,NQ.v.0
2020-11-10 20:39:00+00:00,33,1,16337,11621.75,11622.5,11610.0,11617.75,1257,NQ.v.0
2020-11-10 20:40:00+00:00,33,1,16337,11618.0,11631.5,11617.75,11623.75,789,NQ.v.0
2020-11-10 20:41:00+00:00,33,1,16337,11623.75,11632.0,11623.75,11627.5,1009,NQ.v.0
2020-11-10 20:42:00+00:00,33,1,16337,11627.0,11643.5,11624.0,11643.5,815,NQ.v.0
2020-11-10 20:43:00+00:00,33,1,16337,11643.5,11662.25,11642.75,11652.75,2394,NQ.v.0
2020-11-10 20:44:00+00:00,33,1,16337,11652.5,11656.75,11648.0,11649.5,2076,NQ.v.0
2020-11-10 20:45:00+00:00,33,1,16337,11649.5,11656.75,11644.75,11650.5,943,NQ.v.0
2020-11-10 20:46:00+00:00,33,1,16337,11650.25,11650.5,11636.25,11638.75,1102,NQ.v.0
2020-11-10 20:47:00+00:00,33,1,16337,11638.75,11639.5,11622.0,11625.25,1226,NQ.v.0
2020-11-10 20:48:00+00:00,33,1,16337,11626.0,11629.5,11620.25,11621.75,1450,NQ.v.0
2020-11-10 20:49:00+00:00,33,1,16337,11621.5,11634.75,11619.25,11632.5,1237,NQ.v.0
2020-11-10 20:50:00+00:00,33,1,16337,11632.75,11642.75,11626.5,11640.75,1953,NQ.v.0
2020-11-10 20:51:00+00:00,33,1,16337,11640.0,11640.25,11607.0,11608.5,2355,NQ.v.0
2020-11-10 20:52:00+00:00,33,1,16337,11607.75,11608.75,11592.0,11604.75,2176,NQ.v.0
2020-11-10 20:53:00+00:00,33,1,16337,11605.0,11617.75,11599.25,11615.0,1769,NQ.v.0
2020-11-10 20:54:00+00:00,33,1,16337,11614.75,11616.0,11600.0,11602.25,2118,NQ.v.0
2020-11-10 20:55:00+00:00,33,1,16337,11602.25,11612.0,11601.25,11602.5,1688,NQ.v.0
2020-11-10 20:56:00+00:00,33,1,16337,11602.75,11606.0,11594.0,11601.5,2333,NQ.v.0
2020-11-10 20:57:00+00:00,33,1,16337,11601.75,11620.5,11598.0,11616.5,2699,NQ.v.0
2020-11-10 20:58:00+00:00,33,1,16337,11617.0,11633.25,11615.75,11626.25,2754,NQ.v.0
2020-11-10 20:59:00+00:00,33,1,16337,11626.0,11627.5,11605.5,11620.0,5669,NQ.v.0
2020-11-10 21:00:00+00:00,33,1,16337,11619.25,11639.0,11616.25,11635.5,2280,NQ.v.0
2020-11-10 21:01:00+00:00,33,1,16337,11635.75,11638.25,11630.75,11634.0,1033,NQ.v.0
2020-11-10 21:02:00+00:00,33,1,16337,11634.75,11638.0,11631.5,11633.5,687,NQ.v.0
2020-11-10 21:03:00+00:00,33,1,16337,11633.5,11634.75,11630.25,11634.5,294,NQ.v.0
2020-11-10 21:04:00+00:00,33,1,16337,11633.75,11634.75,11630.0,11630.5,254,NQ.v.0
2020-11-10 21:05:00+00:00,33,1,16337,11630.25,11639.0,11629.5,11637.5,432,NQ.v.0
2020-11-10 21:06:00+00:00,33,1,16337,11637.75,11642.0,11637.0,11640.0,462,NQ.v.0
2020-11-10 21:07:00+00:00,33,1,16337,11639.75,11644.75,11638.5,11639.75,287,NQ.v.0
2020-11-10 21:08:00+00:00,33,1,16337,11639.75,11641.75,11633.0,11634.0,369,NQ.v.0
2020-11-10 21:09:00+00:00,33,1,16337,11634.5,11636.0,11630.0,11633.0,465,NQ.v.0
2020-11-10 21:10:00+00:00,33,1,16337,11632.75,11634.5,11627.75,11629.75,272,NQ.v.0
2020-11-10 21:11:00+00:00,33,1,16337,11630.25,11631.0,11624.0,11627.0,304,NQ.v.0
2020-11-10 21:12:00+00:00,33,1,16337,11627.25,11628.5,11620.25,11620.25,235,NQ.v.0
2020-11-10 21:13:00+00:00,33,1,16337,11620.25,11626.75,11619.25,11624.0,310,NQ.v.0
2020-11-10 21:14:00+00:00,33,1,16337,11624.0,11626.0,11621.5,11624.75,341,NQ.v.0
2020-11-10 21:30:00+00:00,33,1,16337,11622.5,11625.75,11619.75,11621.0,170,NQ.v.0
2020-11-10 21:31:00+00:00,33,1,16337,11621.0,11623.25,11619.25,11623.25,35,NQ.v.0
2020-11-10 21:32:00+00:00,33,1,16337,11623.0,11630.5,11622.5,11626.25,61,NQ.v.0
2020-11-10 21:33:00+00:00,33,1,16337,11626.25,11626.25,11619.0,11624.5,111,NQ.v.0
2020-11-10 21:34:00+00:00,33,1,16337,11624.25,11628.25,11624.25,11628.0,38,NQ.v.0
2020-11-10 21:35:00+00:00,33,1,16337,11628.5,11629.75,11626.0,11627.0,61,NQ.v.0
2020-11-10 21:36:00+00:00,33,1,16337,11628.0,11628.0,11625.75,11625.75,27,NQ.v.0
2020-11-10 21:37:00+00:00,33,1,16337,11626.25,11627.5,11623.25,11624.25,55,NQ.v.0
2020-11-10 21:38:00+00:00,33,1,16337,11624.75,11628.25,11624.75,11627.75,60,NQ.v.0
2020-11-10 21:39:00+00:00,33,1,16337,11628.0,11628.75,11626.25,11628.25,26,NQ.v.0
2020-11-10 21:40:00+00:00,33,1,16337,11628.5,11630.25,11627.25,11629.25,74,NQ.v.0
2020-11-10 21:41:00+00:00,33,1,16337,11628.25,11629.0,11628.0,11628.75,18,NQ.v.0
2020-11-10 21:42:00+00:00,33,1,16337,11628.75,11629.25,11627.25,11627.75,35,NQ.v.0
2020-11-10 21:43:00+00:00,33,1,16337,11628.0,11629.0,11627.0,11627.5,14,NQ.v.0
2020-11-10 21:44:00+00:00,33,1,16337,11628.0,11628.25,11628.0,11628.25,12,NQ.v.0
2020-11-10 21:45:00+00:00,33,1,16337,11629.0,11629.5,11627.5,11627.5,29,NQ.v.0
2020-11-10 21:46:00+00:00,33,1,16337,11627.75,11629.25,11627.5,11627.75,28,NQ.v.0
2020-11-10 21:47:00+00:00,33,1,16337,11628.0,11628.75,11626.0,11627.0,61,NQ.v.0
2020-11-10 21:48:00+00:00,33,1,16337,11628.0,11628.0,11622.75,11622.75,39,NQ.v.0
2020-11-10 21:49:00+00:00,33,1,16337,11623.5,11624.0,11621.25,11622.5,36,NQ.v.0
2020-11-10 21:50:00+00:00,33,1,16337,11621.5,11623.0,11620.0,11620.5,62,NQ.v.0
2020-11-10 21:51:00+00:00,33,1,16337,11620.0,11622.75,11619.75,11622.25,34,NQ.v.0
2020-11-10 21:52:00+00:00,33,1,16337,11621.5,11622.25,11620.75,11620.75,16,NQ.v.0
2020-11-10 21:53:00+00:00,33,1,16337,11621.25,11621.5,11617.75,11618.75,30,NQ.v.0
2020-11-10 21:54:00+00:00,33,1,16337,11619.0,11619.75,11617.75,11619.75,33,NQ.v.0
2020-11-10 21:55:00+00:00,33,1,16337,11619.75,11620.0,11618.25,11619.25,27,NQ.v.0
2020-11-10 21:56:00+00:00,33,1,16337,11619.25,11619.75,11617.5,11619.5,46,NQ.v.0
2020-11-10 21:57:00+00:00,33,1,16337,11619.25,11619.25,11613.75,11615.0,116,NQ.v.0
2020-11-10 21:58:00+00:00,33,1,16337,11614.25,11618.25,11614.0,11617.75,25,NQ.v.0
2020-11-10 21:59:00+00:00,33,1,16337,11619.0,11625.0,11618.5,11624.0,132,NQ.v.0
2020-11-10 23:00:00+00:00,33,1,16337,11632.25,11639.25,11628.0,11637.5,226,NQ.v.0
2020-11-10 23:01:00+00:00,33,1,16337,11637.5,11648.25,11629.5,11644.25,342,NQ.v.0
2020-11-10 23:02:00+00:00,33,1,16337,11642.25,11645.0,11639.75,11642.0,118,NQ.v.0
2020-11-10 23:03:00+00:00,33,1,16337,11641.0,11641.5,11639.0,11640.75,48,NQ.v.0
2020-11-10 23:04:00+00:00,33,1,16337,11639.75,11642.5,11637.25,11640.25,79,NQ.v.0
2020-11-10 23:05:00+00:00,33,1,16337,11640.75,11645.75,11636.75,11645.75,105,NQ.v.0
2020-11-10 23:06:00+00:00,33,1,16337,11645.25,11653.75,11645.25,11649.75,238,NQ.v.0
2020-11-10 23:07:00+00:00,33,1,16337,11649.75,11653.0,11647.75,11647.75,54,NQ.v.0
2020-11-10 23:08:00+00:00,33,1,16337,11647.0,11652.75,11647.0,11652.5,56,NQ.v.0
2020-11-10 23:09:00+00:00,33,1,16337,11653.0,11653.0,11647.5,11648.5,33,NQ.v.0
2020-11-10 23:10:00+00:00,33,1,16337,11650.25,11653.0,11647.5,11652.0,53,NQ.v.0
2020-11-10 23:11:00+00:00,33,1,16337,11650.75,11654.0,11650.0,11653.75,54,NQ.v.0
2020-11-10 23:12:00+00:00,33,1,16337,11652.0,11652.0,11647.5,11648.25,73,NQ.v.0
2020-11-10 23:13:00+00:00,33,1,16337,11649.0,11649.75,11647.0,11648.5,33,NQ.v.0
2020-11-10 23:14:00+00:00,33,1,16337,11647.25,11648.25,11646.0,11648.0,36,NQ.v.0
2020-11-10 23:15:00+00:00,33,1,16337,11647.25,11653.25,11647.0,11650.75,93,NQ.v.0
2020-11-10 23:16:00+00:00,33,1,16337,11651.0,11651.75,11644.5,11645.5,61,NQ.v.0
2020-11-10 23:17:00+00:00,33,1,16337,11645.5,11646.75,11644.5,11646.25,13,NQ.v.0
2020-11-10 23:18:00+00:00,33,1,16337,11645.5,11647.0,11641.0,11643.75,56,NQ.v.0
2020-11-10 23:19:00+00:00,33,1,16337,11644.0,11645.5,11643.25,11643.25,14,NQ.v.0
2020-11-10 23:20:00+00:00,33,1,16337,11644.5,11648.0,11644.5,11645.5,58,NQ.v.0
2020-11-10 23:21:00+00:00,33,1,16337,11645.25,11647.0,11621.5,11625.5,206,NQ.v.0
2020-11-10 23:22:00+00:00,33,1,16337,11623.75,11630.25,11615.0,11615.5,196,NQ.v.0
2020-11-10 23:23:00+00:00,33,1,16337,11615.75,11628.25,11615.25,11627.25,118,NQ.v.0
2020-11-10 23:24:00+00:00,33,1,16337,11625.5,11630.25,11625.0,11625.25,101,NQ.v.0
2020-11-10 23:25:00+00:00,33,1,16337,11625.0,11636.5,11623.5,11636.0,80,NQ.v.0
2020-11-10 23:26:00+00:00,33,1,16337,11636.0,11639.75,11633.5,11638.25,61,NQ.v.0
2020-11-10 23:27:00+00:00,33,1,16337,11639.0,11642.0,11631.75,11633.25,103,NQ.v.0
2020-11-10 23:28:00+00:00,33,1,16337,11632.25,11636.75,11632.25,11635.5,30,NQ.v.0
2020-11-10 23:29:00+00:00,33,1,16337,11635.5,11636.75,11632.75,11634.75,23,NQ.v.0
2020-11-10 23:30:00+00:00,33,1,16337,11635.0,11638.25,11619.5,11621.0,202,NQ.v.0
2020-11-10 23:31:00+00:00,33,1,16337,11620.75,11628.75,11619.75,11627.5,91,NQ.v.0
2020-11-10 23:32:00+00:00,33,1,16337,11627.5,11627.5,11616.75,11621.5,155,NQ.v.0
2020-11-10 23:33:00+00:00,33,1,16337,11621.25,11625.25,11619.25,11619.25,56,NQ.v.0
2020-11-10 23:34:00+00:00,33,1,16337,11619.0,11624.5,11616.5,11618.75,53,NQ.v.0
2020-11-10 23:35:00+00:00,33,1,16337,11617.75,11627.25,11617.75,11623.25,67,NQ.v.0
2020-11-10 23:36:00+00:00,33,1,16337,11622.75,11629.25,11622.25,11629.25,34,NQ.v.0
2020-11-10 23:37:00+00:00,33,1,16337,11629.0,11630.5,11623.25,11624.0,54,NQ.v.0
2020-11-10 23:38:00+00:00,33,1,16337,11625.25,11625.5,11621.75,11623.75,31,NQ.v.0
2020-11-10 23:39:00+00:00,33,1,16337,11624.75,11627.5,11624.75,11627.25,14,NQ.v.0
2020-11-10 23:40:00+00:00,33,1,16337,11627.25,11627.25,11622.0,11624.0,30,NQ.v.0
2020-11-10 23:41:00+00:00,33,1,16337,11624.5,11630.25,11624.25,11629.25,47,NQ.v.0
2020-11-10 23:42:00+00:00,33,1,16337,11630.0,11632.5,11626.75,11628.0,60,NQ.v.0
2020-11-10 23:43:00+00:00,33,1,16337,11626.75,11636.0,11625.5,11635.75,58,NQ.v.0
2020-11-10 23:44:00+00:00,33,1,16337,11636.0,11636.0,11633.5,11636.0,32,NQ.v.0
2020-11-10 23:45:00+00:00,33,1,16337,11635.0,11635.0,11632.0,11634.75,32,NQ.v.0
2020-11-10 23:46:00+00:00,33,1,16337,11635.0,11636.75,11631.75,11634.0,67,NQ.v.0
2020-11-10 23:47:00+00:00,33,1,16337,11634.75,11639.75,11634.75,11638.5,64,NQ.v.0
2020-11-10 23:48:00+00:00,33,1,16337,11639.0,11641.25,11638.25,11638.25,46,NQ.v.0
2020-11-10 23:49:00+00:00,33,1,16337,11637.5,11638.75,11634.5,11634.75,45,NQ.v.0
2020-11-10 23:50:00+00:00,33,1,16337,11634.0,11634.75,11629.5,11631.25,59,NQ.v.0
2020-11-10 23:51:00+00:00,33,1,16337,11631.0,11633.0,11624.75,11625.25,59,NQ.v.0
2020-11-10 23:52:00+00:00,33,1,16337,11626.25,11630.25,11624.25,11628.0,46,NQ.v.0
2020-11-10 23:53:00+00:00,33,1,16337,11628.25,11629.25,11617.5,11620.25,111,NQ.v.0
2020-11-10 23:54:00+00:00,33,1,16337,11620.0,11620.75,11610.25,11619.0,637,NQ.v.0
2020-11-10 23:55:00+00:00,33,1,16337,11618.75,11622.75,11605.5,11606.75,241,NQ.v.0
2020-11-10 23:56:00+00:00,33,1,16337,11607.75,11610.25,11603.0,11605.5,207,NQ.v.0
2020-11-10 23:57:00+00:00,33,1,16337,11605.25,11605.25,11584.75,11584.75,431,NQ.v.0
2020-11-10 23:58:00+00:00,33,1,16337,11586.5,11601.0,11585.0,11598.0,854,NQ.v.0
2020-11-10 23:59:00+00:00,33,1,16337,11597.75,11604.25,11596.5,11598.75,1314,NQ.v.0
2020-11-11 00:00:00+00:00,33,1,16337,11598.0,11602.75,11592.25,11595.0,581,NQ.v.0
2020-11-11 00:01:00+00:00,33,1,16337,11594.25,11611.5,11593.5,11609.25,163,NQ.v.0
2020-11-11 00:02:00+00:00,33,1,16337,11609.0,11617.0,11599.75,11599.75,188,NQ.v.0
2020-11-11 00:03:00+00:00,33,1,16337,11600.25,11600.25,11588.0,11593.75,248,NQ.v.0
2020-11-11 00:04:00+00:00,33,1,16337,11594.5,11598.5,11587.5,11587.75,258,NQ.v.0
2020-11-11 00:05:00+00:00,33,1,16337,11588.25,11596.25,11579.75,11581.5,902,NQ.v.0
2020-11-11 00:06:00+00:00,33,1,16337,11581.25,11590.5,11579.75,11588.0,184,NQ.v.0
2020-11-11 00:07:00+00:00,33,1,16337,11587.75,11600.75,11587.5,11591.0,324,NQ.v.0
2020-11-11 00:08:00+00:00,33,1,16337,11589.75,11599.75,11589.75,11595.0,118,NQ.v.0
2020-11-11 00:09:00+00:00,33,1,16337,11596.0,11596.0,11583.25,11583.25,135,NQ.v.0
2020-11-11 00:10:00+00:00,33,1,16337,11584.25,11591.25,11582.0,11583.5,134,NQ.v.0
2020-11-11 00:11:00+00:00,33,1,16337,11583.5,11590.5,11582.5,11590.5,150,NQ.v.0
2020-11-11 00:12:00+00:00,33,1,16337,11590.25,11594.0,11588.25,11591.75,137,NQ.v.0
2020-11-11 00:13:00+00:00,33,1,16337,11592.5,11597.0,11585.0,11596.25,145,NQ.v.0
2020-11-11 00:14:00+00:00,33,1,16337,11596.75,11598.0,11593.0,11597.75,81,NQ.v.0
2020-11-11 00:15:00+00:00,33,1,16337,11598.0,11603.25,11595.5,11599.25,121,NQ.v.0
2020-11-11 00:16:00+00:00,33,1,16337,11598.5,11598.5,11587.5,11587.5,123,NQ.v.0
2020-11-11 00:17:00+00:00,33,1,16337,11586.75,11594.25,11585.75,11590.0,87,NQ.v.0
2020-11-11 00:18:00+00:00,33,1,16337,11590.5,11598.25,11590.5,11596.25,87,NQ.v.0
2020-11-11 00:19:00+00:00,33,1,16337,11596.25,11597.75,11591.5,11594.75,82,NQ.v.0
2020-11-11 00:20:00+00:00,33,1,16337,11594.75,11598.5,11592.0,11593.0,65,NQ.v.0
2020-11-11 00:21:00+00:00,33,1,16337,11594.5,11599.0,11594.0,11596.25,46,NQ.v.0
2020-11-11 00:22:00+00:00,33,1,16337,11597.5,11600.25,11596.0,11598.0,75,NQ.v.0
2020-11-11 00:23:00+00:00,33,1,16337,11598.0,11602.5,11594.5,11600.5,115,NQ.v.0
2020-11-11 00:24:00+00:00,33,1,16337,11601.0,11601.0,11596.25,11597.0,45,NQ.v.0
2020-11-11 00:25:00+00:00,33,1,16337,11596.5,11600.0,11590.0,11596.75,129,NQ.v.0
2020-11-11 00:26:00+00:00,33,1,16337,11597.0,11602.0,11592.75,11598.25,122,NQ.v.0
2020-11-11 00:27:00+00:00,33,1,16337,11598.5,11598.5,11594.5,11595.5,25,NQ.v.0
2020-11-11 00:28:00+00:00,33,1,16337,11594.5,11596.0,11591.5,11596.0,56,NQ.v.0
2020-11-11 00:29:00+00:00,33,1,16337,11596.25,11596.25,11589.75,11594.0,66,NQ.v.0
2020-11-11 00:30:00+00:00,33,1,16337,11594.5,11596.75,11584.5,11586.75,90,NQ.v.0
2020-11-11 00:31:00+00:00,33,1,16337,11586.75,11589.0,11585.5,11587.5,44,NQ.v.0
2020-11-11 00:32:00+00:00,33,1,16337,11587.5,11591.0,11586.5,11589.0,46,NQ.v.0
2020-11-11 00:33:00+00:00,33,1,16337,11590.5,11592.75,11589.0,11592.5,56,NQ.v.0
2020-11-11 00:34:00+00:00,33,1,16337,11593.5,11595.0,11590.75,11593.75,72,NQ.v.0
2020-11-11 00:35:00+00:00,33,1,16337,11593.5,11597.0,11593.0,11597.0,42,NQ.v.0
2020-11-11 00:36:00+00:00,33,1,16337,11596.75,11607.0,11596.75,11604.0,205,NQ.v.0
2020-11-11 00:37:00+00:00,33,1,16337,11604.75,11605.75,11598.0,11601.25,82,NQ.v.0
2020-11-11 00:38:00+00:00,33,1,16337,11600.5,11604.75,11599.75,11603.25,62,NQ.v.0
2020-11-11 00:39:00+00:00,33,1,16337,11603.0,11603.5,11600.25,11602.5,35,NQ.v.0
2020-11-11 00:40:00+00:00,33,1,16337,11604.75,11614.5,11602.5,11609.5,200,NQ.v.0
2020-11-11 00:41:00+00:00,33,1,16337,11609.0,11615.75,11607.75,11611.0,146,NQ.v.0
2020-11-11 00:42:00+00:00,33,1,16337,11610.25,11612.5,11609.25,11610.0,60,NQ.v.0
2020-11-11 00:43:00+00:00,33,1,16337,11612.25,11614.5,11608.75,11612.0,78,NQ.v.0
2020-11-11 00:44:00+00:00,33,1,16337,11611.0,11616.0,11609.75,11614.5,139,NQ.v.0
2020-11-11 00:45:00+00:00,33,1,16337,11615.0,11624.75,11614.5,11624.75,394,NQ.v.0
2020-11-11 00:46:00+00:00,33,1,16337,11625.0,11625.25,11619.75,11623.5,129,NQ.v.0
2020-11-11 00:47:00+00:00,33,1,16337,11623.5,11625.0,11620.75,11624.5,135,NQ.v.0
2020-11-11 00:48:00+00:00,33,1,16337,11623.75,11624.25,11619.25,11619.5,75,NQ.v.0
2020-11-11 00:49:00+00:00,33,1,16337,11620.0,11622.0,11614.5,11614.75,110,NQ.v.0
2020-11-11 00:50:00+00:00,33,1,16337,11614.75,11619.5,11612.0,11616.0,125,NQ.v.0
2020-11-11 00:51:00+00:00,33,1,16337,11616.25,11619.5,11615.25,11619.25,55,NQ.v.0
2020-11-11 00:52:00+00:00,33,1,16337,11619.5,11620.5,11614.0,11614.0,51,NQ.v.0
2020-11-11 00:53:00+00:00,33,1,16337,11615.0,11621.5,11614.25,11620.5,84,NQ.v.0
2020-11-11 00:54:00+00:00,33,1,16337,11621.0,11621.0,11613.25,11615.75,150,NQ.v.0
2020-11-11 00:55:00+00:00,33,1,16337,11615.0,11617.5,11614.25,11616.5,101,NQ.v.0
2020-11-11 00:56:00+00:00,33,1,16337,11617.25,11618.25,11615.0,11615.5,32,NQ.v.0
2020-11-11 00:57:00+00:00,33,1,16337,11615.75,11620.5,11615.75,11619.5,81,NQ.v.0
2020-11-11 00:58:00+00:00,33,1,16337,11619.0,11620.25,11616.25,11619.0,43,NQ.v.0
2020-11-11 00:59:00+00:00,33,1,16337,11620.0,11620.0,11617.5,11617.5,20,NQ.v.0
2020-11-11 01:00:00+00:00,33,1,16337,11616.0,11618.5,11612.5,11615.75,94,NQ.v.0
2020-11-11 01:01:00+00:00,33,1,16337,11615.75,11617.0,11606.0,11610.0,158,NQ.v.0
2020-11-11 01:02:00+00:00,33,1,16337,11608.75,11611.5,11605.75,11606.5,89,NQ.v.0
2020-11-11 01:03:00+00:00,33,1,16337,11606.0,11611.0,11604.0,11611.0,90,NQ.v.0
2020-11-11 01:04:00+00:00,33,1,16337,11609.75,11610.75,11605.5,11606.25,58,NQ.v.0
2020-11-11 01:05:00+00:00,33,1,16337,11607.25,11607.75,11596.0,11599.25,217,NQ.v.0
2020-11-11 01:06:00+00:00,33,1,16337,11598.75,11604.75,11598.75,11601.0,121,NQ.v.0
2020-11-11 01:07:00+00:00,33,1,16337,11601.75,11605.0,11599.5,11600.5,82,NQ.v.0
2020-11-11 01:08:00+00:00,33,1,16337,11599.5,11600.25,11595.5,11600.25,70,NQ.v.0
2020-11-11 01:09:00+00:00,33,1,16337,11600.25,11610.75,11599.75,11609.5,143,NQ.v.0
2020-11-11 01:10:00+00:00,33,1,16337,11610.0,11619.0,11610.0,11619.0,170,NQ.v.0
2020-11-11 01:11:00+00:00,33,1,16337,11619.5,11624.0,11618.25,11622.25,198,NQ.v.0
2020-11-11 01:12:00+00:00,33,1,16337,11622.25,11623.0,11617.5,11618.25,67,NQ.v.0
2020-11-11 01:13:00+00:00,33,1,16337,11619.0,11620.75,11616.75,11619.25,52,NQ.v.0
2020-11-11 01:14:00+00:00,33,1,16337,11619.25,11621.0,11617.0,11621.0,56,NQ.v.0
2020-11-11 01:15:00+00:00,33,1,16337,11621.25,11621.5,11602.5,11607.5,139,NQ.v.0
2020-11-11 01:16:00+00:00,33,1,16337,11607.25,11609.75,11604.5,11607.0,93,NQ.v.0
2020-11-11 01:17:00+00:00,33,1,16337,11605.0,11605.0,11586.75,11589.75,334,NQ.v.0
2020-11-11 01:18:00+00:00,33,1,16337,11589.75,11595.5,11588.75,11591.25,149,NQ.v.0
2020-11-11 01:19:00+00:00,33,1,16337,11592.75,11596.0,11592.25,11595.75,70,NQ.v.0
2020-11-11 01:20:00+00:00,33,1,16337,11594.0,11597.5,11590.0,11592.5,108,NQ.v.0
2020-11-11 01:21:00+00:00,33,1,16337,11592.5,11598.0,11591.25,11595.0,83,NQ.v.0
2020-11-11 01:22:00+00:00,33,1,16337,11595.5,11600.25,11594.5,11595.25,64,NQ.v.0
2020-11-11 01:23:00+00:00,33,1,16337,11597.5,11598.0,11592.5,11592.5,220,NQ.v.0
2020-11-11 01:24:00+00:00,33,1,16337,11594.0,11598.5,11592.0,11597.0,467,NQ.v.0
2020-11-11 01:25:00+00:00,33,1,16337,11597.75,11603.0,11595.25,11601.0,129,NQ.v.0
2020-11-11 01:26:00+00:00,33,1,16337,11600.5,11603.5,11600.0,11602.0,46,NQ.v.0
2020-11-11 01:27:00+00:00,33,1,16337,11602.75,11606.0,11598.0,11598.0,99,NQ.v.0
2020-11-11 01:28:00+00:00,33,1,16337,11597.0,11602.0,11595.5,11601.5,50,NQ.v.0
2020-11-11 01:29:00+00:00,33,1,16337,11602.25,11608.75,11600.75,11606.75,136,NQ.v.0
2020-11-11 01:30:00+00:00,33,1,16337,11607.25,11611.5,11605.25,11611.0,81,NQ.v.0
2020-11-11 01:31:00+00:00,33,1,16337,11611.0,11614.25,11607.75,11607.75,97,NQ.v.0
2020-11-11 01:32:00+00:00,33,1,16337,11609.25,11610.0,11604.25,11608.75,52,NQ.v.0
2020-11-11 01:33:00+00:00,33,1,16337,11609.25,11609.25,11604.25,11606.0,43,NQ.v.0
2020-11-11 01:34:00+00:00,33,1,16337,11604.25,11604.25,11594.25,11600.5,193,NQ.v.0
2020-11-11 01:35:00+00:00,33,1,16337,11602.5,11607.5,11598.25,11607.5,141,NQ.v.0
2020-11-11 01:36:00+00:00,33,1,16337,11606.75,11612.0,11606.5,11610.75,104,NQ.v.0
2020-11-11 01:37:00+00:00,33,1,16337,11608.0,11611.0,11605.75,11610.0,35,NQ.v.0
2020-11-11 01:38:00+00:00,33,1,16337,11610.75,11610.75,11602.25,11603.5,31,NQ.v.0
2020-11-11 01:39:00+00:00,33,1,16337,11603.5,11610.25,11602.75,11608.25,58,NQ.v.0
2020-11-11 01:40:00+00:00,33,1,16337,11609.0,11611.0,11608.0,11608.75,36,NQ.v.0
2020-11-11 01:41:00+00:00,33,1,16337,11609.25,11611.25,11605.75,11608.5,92,NQ.v.0
2020-11-11 01:42:00+00:00,33,1,16337,11608.25,11608.25,11606.25,11606.25,18,NQ.v.0
2020-11-11 01:43:00+00:00,33,1,16337,11606.0,11610.0,11606.0,11609.5,38,NQ.v.0
2020-11-11 01:44:00+00:00,33,1,16337,11610.0,11610.75,11607.25,11607.25,35,NQ.v.0
2020-11-11 01:45:00+00:00,33,1,16337,11607.0,11614.5,11605.75,11614.5,92,NQ.v.0
2020-11-11 01:46:00+00:00,33,1,16337,11613.75,11616.0,11610.75,11616.0,50,NQ.v.0
2020-11-11 01:47:00+00:00,33,1,16337,11616.0,11617.75,11612.0,11616.0,69,NQ.v.0
2020-11-11 01:48:00+00:00,33,1,16337,11615.0,11615.25,11612.0,11614.5,29,NQ.v.0
2020-11-11 01:49:00+00:00,33,1,16337,11613.0,11619.0,11612.0,11617.75,75,NQ.v.0
2020-11-11 01:50:00+00:00,33,1,16337,11619.25,11622.5,11616.5,11617.75,103,NQ.v.0
2020-11-11 01:51:00+00:00,33,1,16337,11617.0,11619.5,11615.0,11616.25,690,NQ.v.0
2020-11-11 01:52:00+00:00,33,1,16337,11616.25,11617.5,11615.5,11616.25,1652,NQ.v.0
2020-11-11 01:53:00+00:00,33,1,16337,11616.25,11618.25,11609.5,11614.0,1351,NQ.v.0
2020-11-11 01:54:00+00:00,33,1,16337,11614.0,11616.25,11613.5,11614.5,43,NQ.v.0
2020-11-11 01:55:00+00:00,33,1,16337,11615.0,11619.5,11614.0,11618.75,184,NQ.v.0
2020-11-11 01:56:00+00:00,33,1,16337,11620.0,11630.5,11618.5,11629.0,314,NQ.v.0
2020-11-11 01:57:00+00:00,33,1,16337,11629.5,11644.75,11629.5,11641.75,508,NQ.v.0
2020-11-11 01:58:00+00:00,33,1,16337,11642.0,11652.25,11638.25,11651.25,430,NQ.v.0
2020-11-11 01:59:00+00:00,33,1,16337,11649.0,11652.25,11643.75,11649.0,213,NQ.v.0
2020-11-11 02:00:00+00:00,33,1,16337,11648.5,11652.75,11645.25,11648.75,140,NQ.v.0
2020-11-11 02:01:00+00:00,33,1,16337,11648.0,11656.0,11648.0,11652.5,222,NQ.v.0
2020-11-11 02:02:00+00:00,33,1,16337,11652.25,11657.25,11650.25,11651.5,151,NQ.v.0
2020-11-11 02:03:00+00:00,33,1,16337,11651.0,11662.25,11651.0,11659.5,347,NQ.v.0
2020-11-11 02:04:00+00:00,33,1,16337,11659.5,11662.5,11657.25,11662.0,169,NQ.v.0
2020-11-11 02:05:00+00:00,33,1,16337,11662.5,11668.75,11656.25,11668.5,268,NQ.v.0
2020-11-11 02:06:00+00:00,33,1,16337,11667.75,11678.75,11667.75,11674.5,462,NQ.v.0
2020-11-11 02:07:00+00:00,33,1,16337,11673.5,11676.25,11671.0,11673.25,161,NQ.v.0
2020-11-11 02:08:00+00:00,33,1,16337,11673.5,11674.25,11666.5,11670.5,253,NQ.v.0
2020-11-11 02:09:00+00:00,33,1,16337,11670.25,11672.0,11668.0,11668.0,113,NQ.v.0
2020-11-11 02:10:00+00:00,33,1,16337,11669.0,11672.5,11668.0,11670.5,116,NQ.v.0
2020-11-11 02:11:00+00:00,33,1,16337,11670.0,11670.25,11667.0,11667.5,98,NQ.v.0
2020-11-11 02:12:00+00:00,33,1,16337,11667.25,11670.0,11665.0,11666.0,158,NQ.v.0
2020-11-11 02:13:00+00:00,33,1,16337,11666.0,11670.0,11663.5,11667.5,110,NQ.v.0
2020-11-11 02:14:00+00:00,33,1,16337,11667.5,11670.75,11667.25,11670.5,49,NQ.v.0
2020-11-11 02:15:00+00:00,33,1,16337,11669.75,11682.0,11668.75,11679.25,290,NQ.v.0
2020-11-11 02:16:00+00:00,33,1,16337,11680.0,11683.75,11675.75,11676.25,348,NQ.v.0
2020-11-11 02:17:00+00:00,33,1,16337,11676.0,11685.5,11674.0,11685.0,205,NQ.v.0
2020-11-11 02:18:00+00:00,33,1,16337,11683.75,11684.5,11679.0,11680.0,124,NQ.v.0
2020-11-11 02:19:00+00:00,33,1,16337,11680.75,11681.25,11677.75,11678.75,75,NQ.v.0
2020-11-11 02:20:00+00:00,33,1,16337,11678.5,11680.0,11675.75,11677.5,87,NQ.v.0
2020-11-11 02:21:00+00:00,33,1,16337,11676.5,11676.5,11671.0,11672.75,467,NQ.v.0
2020-11-11 02:22:00+00:00,33,1,16337,11673.0,11675.0,11671.25,11673.75,932,NQ.v.0
2020-11-11 02:23:00+00:00,33,1,16337,11674.0,11674.75,11667.25,11671.0,155,NQ.v.0
2020-11-11 02:24:00+00:00,33,1,16337,11671.0,11673.5,11670.25,11671.5,106,NQ.v.0
2020-11-11 02:25:00+00:00,33,1,16337,11672.75,11676.5,11669.25,11671.0,173,NQ.v.0
2020-11-11 02:26:00+00:00,33,1,16337,11671.0,11671.25,11666.5,11667.75,87,NQ.v.0
2020-11-11 02:27:00+00:00,33,1,16337,11667.5,11670.5,11664.75,11668.5,97,NQ.v.0
2020-11-11 02:28:00+00:00,33,1,16337,11668.25,11669.5,11666.5,11667.5,40,NQ.v.0
2020-11-11 02:29:00+00:00,33,1,16337,11666.0,11668.25,11665.75,11667.0,43,NQ.v.0
2020-11-11 02:30:00+00:00,33,1,16337,11667.5,11675.5,11663.0,11675.5,169,NQ.v.0
2020-11-11 02:31:00+00:00,33,1,16337,11675.75,11679.0,11670.75,11673.75,222,NQ.v.0
2020-11-11 02:32:00+00:00,33,1,16337,11672.0,11672.25,11663.25,11664.25,138,NQ.v.0
2020-11-11 02:33:00+00:00,33,1,16337,11664.75,11673.25,11661.5,11670.75,201,NQ.v.0
2020-11-11 02:34:00+00:00,33,1,16337,11671.75,11672.0,11667.75,11669.5,49,NQ.v.0
2020-11-11 02:35:00+00:00,33,1,16337,11669.25,11671.25,11664.5,11665.5,675,NQ.v.0
2020-11-11 02:36:00+00:00,33,1,16337,11665.75,11671.0,11665.25,11669.25,232,NQ.v.0
2020-11-11 02:37:00+00:00,33,1,16337,11669.5,11671.0,11667.25,11667.25,501,NQ.v.0
2020-11-11 02:38:00+00:00,33,1,16337,11667.5,11678.5,11667.0,11676.25,133,NQ.v.0
2020-11-11 02:39:00+00:00,33,1,16337,11675.75,11678.5,11674.0,11675.5,74,NQ.v.0
2020-11-11 02:40:00+00:00,33,1,16337,11676.25,11679.25,11674.5,11675.5,145,NQ.v.0
2020-11-11 02:41:00+00:00,33,1,16337,11675.0,11698.0,11674.5,11694.5,644,NQ.v.0
2020-11-11 02:42:00+00:00,33,1,16337,11693.25,11696.0,11689.75,11692.25,185,NQ.v.0
2020-11-11 02:43:00+00:00,33,1,16337,11691.75,11694.75,11689.25,11690.0,123,NQ.v.0
2020-11-11 02:44:00+00:00,33,1,16337,11689.5,11690.75,11685.75,11688.75,125,NQ.v.0
2020-11-11 02:45:00+00:00,33,1,16337,11688.75,11692.25,11684.0,11691.25,118,NQ.v.0
2020-11-11 02:46:00+00:00,33,1,16337,11690.5,11693.75,11688.5,11693.5,94,NQ.v.0
2020-11-11 02:47:00+00:00,33,1,16337,11692.5,11692.5,11688.25,11688.25,71,NQ.v.0
2020-11-11 02:48:00+00:00,33,1,16337,11688.0,11688.75,11681.5,11682.5,144,NQ.v.0
2020-11-11 02:49:00+00:00,33,1,16337,11683.0,11686.75,11682.0,11682.75,72,NQ.v.0
2020-11-11 02:50:00+00:00,33,1,16337,11684.0,11689.25,11682.75,11685.75,123,NQ.v.0
2020-11-11 02:51:00+00:00,33,1,16337,11684.75,11685.25,11679.5,11682.5,82,NQ.v.0
2020-11-11 02:52:00+00:00,33,1,16337,11681.75,11684.75,11680.5,11682.25,71,NQ.v.0
2020-11-11 02:53:00+00:00,33,1,16337,11681.5,11681.75,11671.0,11678.5,428,NQ.v.0
2020-11-11 02:54:00+00:00,33,1,16337,11677.5,11678.75,11674.0,11676.25,100,NQ.v.0
2020-11-11 02:55:00+00:00,33,1,16337,11675.75,11676.75,11671.0,11671.0,73,NQ.v.0
2020-11-11 02:56:00+00:00,33,1,16337,11670.5,11675.0,11668.75,11674.25,111,NQ.v.0
2020-11-11 02:57:00+00:00,33,1,16337,11674.0,11674.0,11668.25,11672.25,102,NQ.v.0
2020-11-11 02:58:00+00:00,33,1,16337,11673.0,11676.0,11671.5,11675.75,86,NQ.v.0
2020-11-11 02:59:00+00:00,33,1,16337,11674.75,11678.0,11673.75,11678.0,111,NQ.v.0
2020-11-11 03:00:00+00:00,33,1,16337,11678.25,11680.75,11676.5,11677.0,139,NQ.v.0
2020-11-11 03:01:00+00:00,33,1,16337,11677.25,11682.5,11675.75,11676.75,135,NQ.v.0
2020-11-11 03:02:00+00:00,33,1,16337,11677.0,11680.75,11675.5,11680.5,47,NQ.v.0
2020-11-11 03:03:00+00:00,33,1,16337,11681.0,11682.5,11679.25,11681.0,81,NQ.v.0
2020-11-11 03:04:00+00:00,33,1,16337,11681.0,11686.0,11681.0,11682.0,127,NQ.v.0
2020-11-11 03:05:00+00:00,33,1,16337,11682.75,11682.75,11678.0,11680.25,94,NQ.v.0
2020-11-11 03:06:00+00:00,33,1,16337,11680.25,11686.0,11679.0,11684.25,66,NQ.v.0
2020-11-11 03:07:00+00:00,33,1,16337,11683.75,11686.0,11682.0,11684.5,67,NQ.v.0
2020-11-11 03:08:00+00:00,33,1,16337,11685.75,11686.75,11682.75,11685.25,55,NQ.v.0
2020-11-11 03:09:00+00:00,33,1,16337,11684.75,11687.75,11684.25,11687.75,61,NQ.v.0
2020-11-11 03:10:00+00:00,33,1,16337,11686.75,11689.25,11682.75,11685.75,106,NQ.v.0
2020-11-11 03:11:00+00:00,33,1,16337,11684.5,11686.25,11683.75,11686.25,44,NQ.v.0
2020-11-11 03:12:00+00:00,33,1,16337,11686.25,11686.75,11682.75,11684.25,37,NQ.v.0
2020-11-11 03:13:00+00:00,33,1,16337,11683.5,11684.75,11676.25,11680.5,130,NQ.v.0
2020-11-11 03:14:00+00:00,33,1,16337,11680.75,11682.5,11679.5,11681.5,62,NQ.v.0
2020-11-11 03:15:00+00:00,33,1,16337,11680.25,11683.25,11678.5,11680.75,68,NQ.v.0
2020-11-11 03:16:00+00:00,33,1,16337,11680.5,11680.5,11673.5,11677.25,125,NQ.v.0
2020-11-11 03:17:00+00:00,33,1,16337,11677.75,11683.0,11677.75,11681.0,50,NQ.v.0
2020-11-11 03:18:00+00:00,33,1,16337,11680.75,11681.75,11677.5,11679.0,94,NQ.v.0
2020-11-11 03:19:00+00:00,33,1,16337,11679.5,11682.75,11678.75,11681.0,51,NQ.v.0
2020-11-11 03:20:00+00:00,33,1,16337,11682.0,11684.5,11678.25,11678.75,110,NQ.v.0
2020-11-11 03:21:00+00:00,33,1,16337,11678.5,11679.5,11677.25,11679.25,83,NQ.v.0
2020-11-11 03:22:00+00:00,33,1,16337,11679.0,11682.25,11678.75,11680.0,71,NQ.v.0
2020-11-11 03:23:00+00:00,33,1,16337,11680.75,11681.5,11679.25,11679.25,31,NQ.v.0
2020-11-11 03:24:00+00:00,33,1,16337,11679.75,11681.5,11679.0,11681.0,28,NQ.v.0
2020-11-11 03:25:00+00:00,33,1,16337,11680.0,11681.0,11678.0,11680.75,64,NQ.v.0
2020-11-11 03:26:00+00:00,33,1,16337,11680.5,11689.25,11680.0,11686.75,108,NQ.v.0
2020-11-11 03:27:00+00:00,33,1,16337,11685.75,11688.0,11683.25,11685.25,92,NQ.v.0
2020-11-11 03:28:00+00:00,33,1,16337,11684.0,11685.5,11680.0,11682.5,51,NQ.v.0
2020-11-11 03:29:00+00:00,33,1,16337,11682.5,11683.75,11678.25,11680.5,77,NQ.v.0
2020-11-11 03:30:00+00:00,33,1,16337,11680.0,11681.5,11679.5,11680.0,40,NQ.v.0
2020-11-11 03:31:00+00:00,33,1,16337,11681.25,11684.0,11679.0,11679.25,70,NQ.v.0
2020-11-11 03:32:00+00:00,33,1,16337,11679.0,11681.75,11661.5,11662.25,418,NQ.v.0
2020-11-11 03:33:00+00:00,33,1,16337,11662.75,11665.5,11637.25,11647.0,729,NQ.v.0
2020-11-11 03:34:00+00:00,33,1,16337,11648.0,11651.25,11642.5,11651.0,189,NQ.v.0
2020-11-11 03:35:00+00:00,33,1,16337,11650.5,11658.0,11650.5,11656.75,250,NQ.v.0
2020-11-11 03:36:00+00:00,33,1,16337,11656.75,11657.5,11653.0,11656.25,68,NQ.v.0
2020-11-11 03:37:00+00:00,33,1,16337,11656.0,11657.75,11654.0,11656.0,61,NQ.v.0
2020-11-11 03:38:00+00:00,33,1,16337,11656.25,11658.0,11655.75,11657.75,35,NQ.v.0
2020-11-11 03:39:00+00:00,33,1,16337,11657.0,11668.0,11657.0,11663.75,186,NQ.v.0
2020-11-11 03:40:00+00:00,33,1,16337,11662.75,11666.75,11662.0,11666.75,116,NQ.v.0
2020-11-11 03:41:00+00:00,33,1,16337,11665.5,11667.0,11663.0,11666.25,44,NQ.v.0
2020-11-11 03:42:00+00:00,33,1,16337,11666.25,11666.75,11660.75,11662.75,47,NQ.v.0
2020-11-11 03:43:00+00:00,33,1,16337,11662.5,11663.0,11656.75,11658.75,61,NQ.v.0
2020-11-11 03:44:00+00:00,33,1,16337,11658.0,11660.25,11654.5,11659.0,130,NQ.v.0
2020-11-11 03:45:00+00:00,33,1,16337,11658.75,11661.0,11657.25,11661.0,50,NQ.v.0
2020-11-11 03:46:00+00:00,33,1,16337,11661.0,11661.25,11657.75,11658.75,17,NQ.v.0
2020-11-11 03:47:00+00:00,33,1,16337,11657.75,11662.5,11657.75,11659.75,47,NQ.v.0
2020-11-11 03:48:00+00:00,33,1,16337,11660.5,11660.5,11655.5,11656.25,64,NQ.v.0
2020-11-11 03:49:00+00:00,33,1,16337,11656.5,11658.5,11656.25,11656.75,41,NQ.v.0
2020-11-11 03:50:00+00:00,33,1,16337,11656.5,11657.0,11652.5,11657.0,80,NQ.v.0
2020-11-11 03:51:00+00:00,33,1,16337,11658.5,11660.0,11657.25,11658.75,41,NQ.v.0
2020-11-11 03:52:00+00:00,33,1,16337,11661.75,11665.0,11660.75,11662.75,61,NQ.v.0
2020-11-11 03:53:00+00:00,33,1,16337,11664.75,11669.5,11664.0,11668.25,87,NQ.v.0
2020-11-11 03:54:00+00:00,33,1,16337,11667.75,11677.75,11667.0,11673.0,253,NQ.v.0
2020-11-11 03:55:00+00:00,33,1,16337,11673.75,11673.75,11669.75,11670.25,76,NQ.v.0
2020-11-11 03:56:00+00:00,33,1,16337,11670.0,11675.75,11670.0,11671.75,60,NQ.v.0
2020-11-11 03:57:00+00:00,33,1,16337,11672.0,11672.0,11667.25,11669.25,57,NQ.v.0
2020-11-11 03:58:00+00:00,33,1,16337,11669.0,11674.0,11668.75,11673.25,52,NQ.v.0
2020-11-11 03:59:00+00:00,33,1,16337,11673.0,11673.5,11668.0,11669.75,53,NQ.v.0
2020-11-11 04:00:00+00:00,33,1,16337,11670.75,11671.75,11664.0,11671.5,99,NQ.v.0
2020-11-11 04:01:00+00:00,33,1,16337,11672.25,11672.75,11669.0,11671.5,37,NQ.v.0
2020-11-11 04:02:00+00:00,33,1,16337,11669.75,11669.75,11664.75,11664.75,38,NQ.v.0
2020-11-11 04:03:00+00:00,33,1,16337,11665.0,11668.0,11664.0,11668.0,47,NQ.v.0
2020-11-11 04:04:00+00:00,33,1,16337,11668.5,11671.0,11668.25,11669.5,47,NQ.v.0
2020-11-11 04:05:00+00:00,33,1,16337,11668.25,11669.5,11667.25,11667.75,18,NQ.v.0
2020-11-11 04:06:00+00:00,33,1,16337,11668.25,11669.0,11667.5,11668.5,10,NQ.v.0
2020-11-11 04:07:00+00:00,33,1,16337,11667.75,11670.5,11667.5,11669.75,22,NQ.v.0
2020-11-11 04:08:00+00:00,33,1,16337,11671.25,11671.25,11656.75,11661.25,113,NQ.v.0
2020-11-11 04:09:00+00:00,33,1,16337,11661.0,11662.75,11658.0,11662.0,80,NQ.v.0
2020-11-11 04:10:00+00:00,33,1,16337,11662.75,11663.0,11645.0,11647.75,207,NQ.v.0
2020-11-11 04:11:00+00:00,33,1,16337,11647.75,11656.25,11643.0,11655.5,168,NQ.v.0
2020-11-11 04:12:00+00:00,33,1,16337,11654.75,11662.0,11653.25,11659.75,105,NQ.v.0
2020-11-11 04:13:00+00:00,33,1,16337,11660.75,11661.25,11657.0,11659.0,28,NQ.v.0
2020-11-11 04:14:00+00:00,33,1,16337,11659.25,11665.5,11659.25,11663.5,55,NQ.v.0
2020-11-11 04:15:00+00:00,33,1,16337,11664.5,11665.0,11663.0,11664.5,37,NQ.v.0
2020-11-11 04:16:00+00:00,33,1,16337,11665.25,11665.25,11646.0,11653.0,222,NQ.v.0
2020-11-11 04:17:00+00:00,33,1,16337,11651.5,11658.25,11650.75,11658.0,56,NQ.v.0
2020-11-11 04:18:00+00:00,33,1,16337,11658.0,11658.75,11656.0,11656.25,32,NQ.v.0
2020-11-11 04:19:00+00:00,33,1,16337,11655.5,11657.25,11645.5,11652.5,65,NQ.v.0
2020-11-11 04:20:00+00:00,33,1,16337,11653.0,11659.25,11652.5,11659.0,48,NQ.v.0
2020-11-11 04:21:00+00:00,33,1,16337,11659.0,11659.0,11656.25,11657.5,22,NQ.v.0
2020-11-11 04:22:00+00:00,33,1,16337,11657.0,11658.0,11653.0,11656.25,41,NQ.v.0
2020-11-11 04:23:00+00:00,33,1,16337,11656.25,11656.25,11655.0,11655.0,15,NQ.v.0
2020-11-11 04:24:00+00:00,33,1,16337,11655.5,11657.75,11650.5,11654.0,38,NQ.v.0
2020-11-11 04:25:00+00:00,33,1,16337,11654.75,11658.0,11653.0,11655.25,20,NQ.v.0
2020-11-11 04:26:00+00:00,33,1,16337,11655.25,11658.0,11655.25,11658.0,16,NQ.v.0
2020-11-11 04:27:00+00:00,33,1,16337,11657.25,11658.5,11657.25,11658.5,6,NQ.v.0
2020-11-11 04:28:00+00:00,33,1,16337,11657.75,11660.0,11656.5,11656.5,24,NQ.v.0
2020-11-11 04:29:00+00:00,33,1,16337,11656.0,11656.5,11648.5,11650.25,80,NQ.v.0
2020-11-11 04:30:00+00:00,33,1,16337,11650.25,11656.25,11646.25,11652.0,217,NQ.v.0
2020-11-11 04:31:00+00:00,33,1,16337,11652.0,11654.75,11649.75,11650.25,62,NQ.v.0
2020-11-11 04:32:00+00:00,33,1,16337,11650.0,11652.25,11647.25,11651.75,46,NQ.v.0
2020-11-11 04:33:00+00:00,33,1,16337,11651.75,11654.25,11648.25,11651.0,47,NQ.v.0
2020-11-11 04:34:00+00:00,33,1,16337,11649.75,11652.5,11649.0,11649.0,35,NQ.v.0
2020-11-11 04:35:00+00:00,33,1,16337,11650.5,11652.75,11648.5,11652.75,31,NQ.v.0
2020-11-11 04:36:00+00:00,33,1,16337,11651.25,11651.5,11647.5,11650.0,64,NQ.v.0
2020-11-11 04:37:00+00:00,33,1,16337,11649.0,11654.25,11648.0,11652.75,54,NQ.v.0
2020-11-11 04:38:00+00:00,33,1,16337,11653.5,11658.0,11652.75,11658.0,39,NQ.v.0
2020-11-11 04:39:00+00:00,33,1,16337,11657.75,11660.75,11656.5,11658.0,94,NQ.v.0
2020-11-11 04:40:00+00:00,33,1,16337,11658.5,11659.0,11649.0,11652.5,129,NQ.v.0
2020-11-11 04:41:00+00:00,33,1,16337,11653.25,11657.75,11650.25,11657.0,34,NQ.v.0
2020-11-11 04:42:00+00:00,33,1,16337,11657.0,11657.75,11655.75,11655.75,19,NQ.v.0
2020-11-11 04:43:00+00:00,33,1,16337,11656.75,11658.5,11655.75,11657.25,25,NQ.v.0
2020-11-11 04:44:00+00:00,33,1,16337,11656.25,11662.5,11656.25,11659.5,68,NQ.v.0
2020-11-11 04:45:00+00:00,33,1,16337,11659.5,11661.25,11653.0,11655.5,91,NQ.v.0
2020-11-11 04:46:00+00:00,33,1,16337,11655.5,11657.75,11655.5,11657.25,16,NQ.v.0
2020-11-11 04:47:00+00:00,33,1,16337,11657.75,11662.0,11657.75,11661.25,23,NQ.v.0
2020-11-11 04:48:00+00:00,33,1,16337,11660.0,11662.0,11660.0,11662.0,25,NQ.v.0
2020-11-11 04:49:00+00:00,33,1,16337,11662.0,11669.0,11661.75,11665.5,159,NQ.v.0
2020-11-11 04:50:00+00:00,33,1,16337,11665.5,11666.75,11656.25,11661.0,135,NQ.v.0
2020-11-11 04:51:00+00:00,33,1,16337,11662.5,11662.75,11658.5,11661.5,45,NQ.v.0
2020-11-11 04:52:00+00:00,33,1,16337,11661.0,11664.75,11659.5,11659.75,26,NQ.v.0
2020-11-11 04:53:00+00:00,33,1,16337,11659.25,11662.5,11659.25,11660.25,15,NQ.v.0
2020-11-11 04:54:00+00:00,33,1,16337,11659.75,11661.0,11659.75,11660.75,14,NQ.v.0
2020-11-11 04:55:00+00:00,33,1,16337,11660.75,11661.75,11656.0,11657.75,40,NQ.v.0
2020-11-11 04:56:00+00:00,33,1,16337,11658.75,11664.5,11658.0,11660.25,61,NQ.v.0
2020-11-11 04:57:00+00:00,33,1,16337,11659.25,11664.75,11658.75,11661.75,29,NQ.v.0
2020-11-11 04:58:00+00:00,33,1,16337,11662.5,11663.25,11660.75,11662.0,16,NQ.v.0
2020-11-11 04:59:00+00:00,33,1,16337,11662.5,11666.75,11662.5,11665.5,31,NQ.v.0
2020-11-11 05:00:00+00:00,33,1,16337,11664.75,11665.0,11662.25,11663.75,65,NQ.v.0
2020-11-11 05:01:00+00:00,33,1,16337,11662.5,11668.75,11662.5,11666.75,50,NQ.v.0
2020-11-11 05:02:00+00:00,33,1,16337,11666.0,11667.75,11665.5,11666.75,28,NQ.v.0
2020-11-11 05:03:00+00:00,33,1,16337,11667.0,11672.0,11665.25,11669.0,86,NQ.v.0
2020-11-11 05:04:00+00:00,33,1,16337,11669.0,11675.25,11668.5,11672.25,87,NQ.v.0
2020-11-11 05:05:00+00:00,33,1,16337,11672.0,11672.25,11668.0,11671.0,81,NQ.v.0
2020-11-11 05:06:00+00:00,33,1,16337,11670.25,11671.5,11667.25,11668.25,51,NQ.v.0
2020-11-11 05:07:00+00:00,33,1,16337,11668.5,11669.75,11666.0,11668.75,45,NQ.v.0
2020-11-11 05:08:00+00:00,33,1,16337,11669.0,11671.5,11668.0,11669.75,45,NQ.v.0
2020-11-11 05:09:00+00:00,33,1,16337,11668.5,11669.0,11665.25,11667.5,93,NQ.v.0
2020-11-11 05:10:00+00:00,33,1,16337,11668.0,11670.75,11666.0,11667.0,33,NQ.v.0
2020-11-11 05:11:00+00:00,33,1,16337,11666.5,11667.75,11665.25,11667.0,26,NQ.v.0
2020-11-11 05:12:00+00:00,33,1,16337,11667.0,11667.0,11652.25,11658.5,236,NQ.v.0
2020-11-11 05:13:00+00:00,33,1,16337,11659.5,11663.5,11658.5,11663.5,81,NQ.v.0
2020-11-11 05:14:00+00:00,33,1,16337,11662.25,11669.25,11661.25,11668.5,69,NQ.v.0
2020-11-11 05:15:00+00:00,33,1,16337,11667.25,11673.5,11664.0,11673.5,141,NQ.v.0
2020-11-11 05:16:00+00:00,33,1,16337,11673.0,11673.5,11669.75,11670.75,85,NQ.v.0
2020-11-11 05:17:00+00:00,33,1,16337,11671.25,11672.75,11669.0,11670.0,69,NQ.v.0
2020-11-11 05:18:00+00:00,33,1,16337,11668.75,11669.25,11666.0,11668.0,58,NQ.v.0
2020-11-11 05:19:00+00:00,33,1,16337,11667.75,11671.5,11667.25,11671.5,47,NQ.v.0
2020-11-11 05:20:00+00:00,33,1,16337,11671.5,11676.5,11671.5,11675.0,147,NQ.v.0
2020-11-11 05:21:00+00:00,33,1,16337,11674.75,11677.5,11673.25,11673.75,66,NQ.v.0
2020-11-11 05:22:00+00:00,33,1,16337,11673.25,11674.75,11670.5,11671.0,87,NQ.v.0
2020-11-11 05:23:00+00:00,33,1,16337,11670.75,11672.25,11669.0,11669.0,35,NQ.v.0
2020-11-11 05:24:00+00:00,33,1,16337,11668.75,11673.5,11667.0,11672.75,139,NQ.v.0
2020-11-11 05:25:00+00:00,33,1,16337,11673.0,11673.25,11668.75,11668.75,154,NQ.v.0
2020-11-11 05:26:00+00:00,33,1,16337,11669.5,11671.25,11666.5,11668.5,72,NQ.v.0
2020-11-11 05:27:00+00:00,33,1,16337,11668.75,11670.0,11666.25,11669.5,58,NQ.v.0
2020-11-11 05:28:00+00:00,33,1,16337,11669.5,11672.0,11667.25,11670.0,83,NQ.v.0
2020-11-11 05:29:00+00:00,33,1,16337,11670.75,11670.75,11667.75,11667.75,21,NQ.v.0
2020-11-11 05:30:00+00:00,33,1,16337,11667.75,11673.0,11667.75,11669.75,152,NQ.v.0
2020-11-11 05:31:00+00:00,33,1,16337,11668.75,11668.75,11661.0,11661.5,134,NQ.v.0
2020-11-11 05:32:00+00:00,33,1,16337,11661.25,11663.0,11659.5,11660.0,79,NQ.v.0
2020-11-11 05:33:00+00:00,33,1,16337,11659.0,11659.0,11655.25,11657.25,115,NQ.v.0
2020-11-11 05:34:00+00:00,33,1,16337,11656.25,11660.0,11655.5,11658.5,61,NQ.v.0
2020-11-11 05:35:00+00:00,33,1,16337,11659.75,11663.75,11659.25,11660.25,131,NQ.v.0
2020-11-11 05:36:00+00:00,33,1,16337,11660.0,11663.25,11658.0,11658.0,31,NQ.v.0
2020-11-11 05:37:00+00:00,33,1,16337,11658.5,11660.75,11656.75,11656.75,43,NQ.v.0
2020-11-11 05:38:00+00:00,33,1,16337,11656.75,11656.75,11650.0,11653.75,214,NQ.v.0
2020-11-11 05:39:00+00:00,33,1,16337,11653.25,11656.75,11651.5,11654.75,73,NQ.v.0
2020-11-11 05:40:00+00:00,33,1,16337,11654.75,11656.75,11652.0,11656.5,56,NQ.v.0
2020-11-11 05:41:00+00:00,33,1,16337,11655.0,11655.75,11652.5,11653.0,23,NQ.v.0
2020-11-11 05:42:00+00:00,33,1,16337,11652.0,11656.75,11652.0,11655.5,26,NQ.v.0
2020-11-11 05:43:00+00:00,33,1,16337,11655.75,11658.75,11655.75,11656.75,38,NQ.v.0
2020-11-11 05:44:00+00:00,33,1,16337,11657.0,11662.25,11656.75,11658.75,53,NQ.v.0
2020-11-11 05:45:00+00:00,33,1,16337,11658.25,11661.5,11657.0,11660.25,37,NQ.v.0
2020-11-11 05:46:00+00:00,33,1,16337,11661.0,11664.5,11659.25,11664.25,43,NQ.v.0
2020-11-11 05:47:00+00:00,33,1,16337,11664.5,11666.0,11661.75,11665.25,55,NQ.v.0
2020-11-11 05:48:00+00:00,33,1,16337,11665.0,11668.75,11661.25,11661.75,79,NQ.v.0
2020-11-11 05:49:00+00:00,33,1,16337,11661.25,11663.0,11659.5,11663.0,32,NQ.v.0
2020-11-11 05:50:00+00:00,33,1,16337,11663.25,11664.75,11660.75,11661.75,43,NQ.v.0
2020-11-11 05:51:00+00:00,33,1,16337,11661.0,11661.0,11652.25,11654.5,80,NQ.v.0
2020-11-11 05:52:00+00:00,33,1,16337,11653.75,11654.25,11649.5,11649.5,139,NQ.v.0
2020-11-11 05:53:00+00:00,33,1,16337,11649.5,11652.5,11644.0,11646.5,201,NQ.v.0
2020-11-11 05:54:00+00:00,33,1,16337,11645.5,11647.0,11642.25,11647.0,130,NQ.v.0
2020-11-11 05:55:00+00:00,33,1,16337,11645.5,11652.75,11643.5,11652.75,178,NQ.v.0
2020-11-11 05:56:00+00:00,33,1,16337,11652.0,11653.0,11648.5,11651.5,104,NQ.v.0
2020-11-11 05:57:00+00:00,33,1,16337,11652.0,11656.0,11650.75,11654.75,90,NQ.v.0
2020-11-11 05:58:00+00:00,33,1,16337,11654.0,11657.0,11654.0,11655.75,64,NQ.v.0
2020-11-11 05:59:00+00:00,33,1,16337,11655.5,11660.75,11655.5,11660.0,61,NQ.v.0
2020-11-11 06:00:00+00:00,33,1,16337,11659.75,11662.0,11650.0,11658.75,241,NQ.v.0
2020-11-11 06:01:00+00:00,33,1,16337,11660.0,11668.0,11659.75,11667.0,178,NQ.v.0
2020-11-11 06:02:00+00:00,33,1,16337,11666.0,11670.5,11663.5,11667.25,92,NQ.v.0
2020-11-11 06:03:00+00:00,33,1,16337,11666.0,11671.25,11666.0,11669.75,57,NQ.v.0
2020-11-11 06:04:00+00:00,33,1,16337,11669.0,11671.0,11667.25,11669.75,34,NQ.v.0
2020-11-11 06:05:00+00:00,33,1,16337,11670.5,11671.25,11667.5,11669.5,49,NQ.v.0
2020-11-11 06:06:00+00:00,33,1,16337,11668.25,11669.25,11666.0,11666.5,43,NQ.v.0
2020-11-11 06:07:00+00:00,33,1,16337,11666.25,11668.0,11663.75,11664.5,82,NQ.v.0
2020-11-11 06:08:00+00:00,33,1,16337,11663.5,11664.5,11661.5,11663.0,60,NQ.v.0
2020-11-11 06:09:00+00:00,33,1,16337,11661.75,11663.75,11660.0,11661.5,85,NQ.v.0
2020-11-11 06:10:00+00:00,33,1,16337,11661.0,11661.5,11651.0,11653.75,125,NQ.v.0
2020-11-11 06:11:00+00:00,33,1,16337,11653.75,11657.0,11652.75,11656.0,61,NQ.v.0
2020-11-11 06:12:00+00:00,33,1,16337,11657.25,11661.0,11657.25,11660.25,31,NQ.v.0
2020-11-11 06:13:00+00:00,33,1,16337,11661.5,11665.25,11659.75,11661.25,40,NQ.v.0
2020-11-11 06:14:00+00:00,33,1,16337,11659.75,11664.25,11659.75,11664.25,9,NQ.v.0
2020-11-11 06:15:00+00:00,33,1,16337,11665.0,11667.25,11664.25,11664.75,43,NQ.v.0
2020-11-11 06:16:00+00:00,33,1,16337,11664.75,11668.25,11664.5,11665.25,62,NQ.v.0
2020-11-11 06:17:00+00:00,33,1,16337,11663.75,11665.5,11663.0,11664.25,12,NQ.v.0
2020-11-11 06:18:00+00:00,33,1,16337,11665.75,11667.25,11665.75,11667.25,12,NQ.v.0
2020-11-11 06:19:00+00:00,33,1,16337,11666.0,11666.0,11662.0,11663.75,16,NQ.v.0
2020-11-11 06:20:00+00:00,33,1,16337,11663.5,11663.5,11661.5,11662.0,22,NQ.v.0
2020-11-11 06:21:00+00:00,33,1,16337,11663.0,11666.5,11663.0,11664.5,25,NQ.v.0
2020-11-11 06:22:00+00:00,33,1,16337,11666.0,11667.75,11664.25,11664.25,13,NQ.v.0
2020-11-11 06:23:00+00:00,33,1,16337,11666.25,11666.75,11664.0,11665.5,11,NQ.v.0
2020-11-11 06:24:00+00:00,33,1,16337,11664.0,11666.0,11664.0,11666.0,7,NQ.v.0
2020-11-11 06:25:00+00:00,33,1,16337,11665.75,11673.0,11665.75,11671.0,64,NQ.v.0
2020-11-11 06:26:00+00:00,33,1,16337,11671.5,11677.0,11670.25,11676.5,90,NQ.v.0
2020-11-11 06:27:00+00:00,33,1,16337,11675.25,11676.5,11671.0,11671.0,62,NQ.v.0
2020-11-11 06:28:00+00:00,33,1,16337,11670.5,11671.5,11666.5,11669.0,73,NQ.v.0
2020-11-11 06:29:00+00:00,33,1,16337,11668.0,11671.75,11666.0,11671.75,54,NQ.v.0
2020-11-11 06:30:00+00:00,33,1,16337,11671.5,11673.0,11667.5,11670.0,50,NQ.v.0
2020-11-11 06:31:00+00:00,33,1,16337,11670.75,11672.0,11668.25,11670.0,41,NQ.v.0
2020-11-11 06:32:00+00:00,33,1,16337,11669.5,11672.0,11667.75,11671.0,43,NQ.v.0
2020-11-11 06:33:00+00:00,33,1,16337,11670.0,11673.25,11670.0,11671.5,35,NQ.v.0
2020-11-11 06:34:00+00:00,33,1,16337,11672.5,11677.75,11671.5,11676.5,79,NQ.v.0
2020-11-11 06:35:00+00:00,33,1,16337,11676.0,11679.0,11673.75,11673.75,150,NQ.v.0
2020-11-11 06:36:00+00:00,33,1,16337,11674.75,11679.75,11674.0,11677.25,115,NQ.v.0
2020-11-11 06:37:00+00:00,33,1,16337,11676.75,11678.75,11675.25,11677.25,106,NQ.v.0
2020-11-11 06:38:00+00:00,33,1,16337,11676.25,11677.0,11672.25,11676.25,89,NQ.v.0
2020-11-11 06:39:00+00:00,33,1,16337,11676.5,11677.75,11674.5,11674.5,62,NQ.v.0
2020-11-11 06:40:00+00:00,33,1,16337,11674.5,11675.75,11672.5,11674.25,34,NQ.v.0
2020-11-11 06:41:00+00:00,33,1,16337,11674.75,11677.25,11673.0,11676.25,31,NQ.v.0
2020-11-11 06:42:00+00:00,33,1,16337,11675.5,11685.5,11673.75,11684.5,133,NQ.v.0
2020-11-11 06:43:00+00:00,33,1,16337,11684.0,11688.75,11682.0,11682.75,118,NQ.v.0
2020-11-11 06:44:00+00:00,33,1,16337,11684.5,11688.0,11681.5,11685.0,102,NQ.v.0
2020-11-11 06:45:00+00:00,33,1,16337,11685.25,11688.25,11685.0,11685.75,57,NQ.v.0
2020-11-11 06:46:00+00:00,33,1,16337,11685.0,11685.5,11680.25,11680.25,93,NQ.v.0
2020-11-11 06:47:00+00:00,33,1,16337,11681.5,11686.75,11680.5,11686.75,122,NQ.v.0
2020-11-11 06:48:00+00:00,33,1,16337,11686.75,11687.5,11683.75,11684.0,68,NQ.v.0
2020-11-11 06:49:00+00:00,33,1,16337,11683.5,11685.25,11681.5,11683.25,55,NQ.v.0
2020-11-11 06:50:00+00:00,33,1,16337,11683.75,11683.75,11677.75,11679.0,53,NQ.v.0
2020-11-11 06:51:00+00:00,33,1,16337,11680.5,11682.75,11678.75,11681.0,29,NQ.v.0
2020-11-11 06:52:00+00:00,33,1,16337,11680.75,11682.0,11675.75,11680.0,85,NQ.v.0
2020-11-11 06:53:00+00:00,33,1,16337,11679.25,11680.25,11677.0,11677.0,26,NQ.v.0
2020-11-11 06:54:00+00:00,33,1,16337,11678.0,11678.0,11670.75,11672.25,133,NQ.v.0
2020-11-11 06:55:00+00:00,33,1,16337,11672.25,11674.5,11672.25,11672.25,45,NQ.v.0
2020-11-11 06:56:00+00:00,33,1,16337,11673.75,11673.75,11662.0,11667.75,206,NQ.v.0
2020-11-11 06:57:00+00:00,33,1,16337,11667.75,11669.75,11666.5,11668.5,46,NQ.v.0
2020-11-11 06:58:00+00:00,33,1,16337,11667.5,11667.5,11662.5,11664.75,95,NQ.v.0
2020-11-11 06:59:00+00:00,33,1,16337,11664.75,11667.0,11663.0,11666.25,39,NQ.v.0
2020-11-11 07:00:00+00:00,33,1,16337,11667.0,11675.5,11666.0,11674.75,132,NQ.v.0
2020-11-11 07:01:00+00:00,33,1,16337,11672.75,11678.75,11671.25,11675.0,94,NQ.v.0
2020-11-11 07:02:00+00:00,33,1,16337,11674.0,11676.25,11671.0,11673.0,111,NQ.v.0
2020-11-11 07:03:00+00:00,33,1,16337,11672.0,11678.75,11671.25,11673.0,111,NQ.v.0
2020-11-11 07:04:00+00:00,33,1,16337,11672.25,11676.75,11672.0,11675.5,47,NQ.v.0
2020-11-11 07:05:00+00:00,33,1,16337,11675.25,11676.0,11672.0,11673.25,33,NQ.v.0
2020-11-11 07:06:00+00:00,33,1,16337,11674.0,11680.5,11673.25,11676.5,195,NQ.v.0
2020-11-11 07:07:00+00:00,33,1,16337,11676.5,11683.0,11674.0,11681.0,110,NQ.v.0
2020-11-11 07:08:00+00:00,33,1,16337,11680.25,11692.5,11678.0,11686.75,317,NQ.v.0
2020-11-11 07:09:00+00:00,33,1,16337,11687.75,11688.25,11680.25,11684.5,172,NQ.v.0
2020-11-11 07:10:00+00:00,33,1,16337,11684.5,11688.25,11681.75,11684.5,133,NQ.v.0
2020-11-11 07:11:00+00:00,33,1,16337,11684.75,11690.75,11684.75,11686.75,97,NQ.v.0
2020-11-11 07:12:00+00:00,33,1,16337,11685.75,11685.75,11680.25,11680.25,60,NQ.v.0
2020-11-11 07:13:00+00:00,33,1,16337,11680.75,11681.5,11677.5,11679.25,66,NQ.v.0
2020-11-11 07:14:00+00:00,33,1,16337,11680.0,11681.5,11675.25,11676.75,89,NQ.v.0
2020-11-11 07:15:00+00:00,33,1,16337,11677.0,11680.25,11675.75,11678.0,138,NQ.v.0
2020-11-11 07:16:00+00:00,33,1,16337,11677.75,11679.75,11672.75,11677.75,139,NQ.v.0
2020-11-11 07:17:00+00:00,33,1,16337,11677.0,11681.0,11672.25,11673.5,105,NQ.v.0
2020-11-11 07:18:00+00:00,33,1,16337,11672.75,11677.0,11671.25,11673.5,75,NQ.v.0
2020-11-11 07:19:00+00:00,33,1,16337,11672.75,11674.25,11671.0,11671.75,62,NQ.v.0
2020-11-11 07:20:00+00:00,33,1,16337,11672.5,11681.25,11672.0,11679.5,106,NQ.v.0
2020-11-11 07:21:00+00:00,33,1,16337,11680.25,11683.5,11679.75,11680.25,94,NQ.v.0
2020-11-11 07:22:00+00:00,33,1,16337,11681.0,11682.75,11676.75,11679.5,80,NQ.v.0
2020-11-11 07:23:00+00:00,33,1,16337,11679.5,11681.5,11677.75,11680.0,39,NQ.v.0
2020-11-11 07:24:00+00:00,33,1,16337,11679.0,11683.0,11672.5,11674.25,88,NQ.v.0
2020-11-11 07:25:00+00:00,33,1,16337,11673.25,11676.75,11671.0,11675.25,80,NQ.v.0
2020-11-11 07:26:00+00:00,33,1,16337,11675.0,11675.0,11672.75,11674.5,29,NQ.v.0
2020-11-11 07:27:00+00:00,33,1,16337,11673.5,11673.5,11665.0,11670.75,97,NQ.v.0
2020-11-11 07:28:00+00:00,33,1,16337,11669.75,11672.25,11667.25,11671.0,82,NQ.v.0
2020-11-11 07:29:00+00:00,33,1,16337,11671.0,11671.75,11667.25,11667.5,121,NQ.v.0
2020-11-11 07:30:00+00:00,33,1,16337,11667.75,11672.75,11667.75,11669.75,61,NQ.v.0
2020-11-11 07:31:00+00:00,33,1,16337,11669.25,11669.25,11655.0,11656.75,385,NQ.v.0
2020-11-11 07:32:00+00:00,33,1,16337,11656.75,11660.0,11648.5,11651.5,293,NQ.v.0
2020-11-11 07:33:00+00:00,33,1,16337,11651.5,11653.0,11645.75,11650.25,296,NQ.v.0
2020-11-11 07:34:00+00:00,33,1,16337,11651.75,11653.5,11645.75,11648.5,160,NQ.v.0
2020-11-11 07:35:00+00:00,33,1,16337,11649.25,11653.75,11648.5,11650.25,146,NQ.v.0
2020-11-11 07:36:00+00:00,33,1,16337,11649.5,11651.75,11647.75,11651.0,65,NQ.v.0
2020-11-11 07:37:00+00:00,33,1,16337,11650.5,11660.0,11650.5,11654.5,149,NQ.v.0
2020-11-11 07:38:00+00:00,33,1,16337,11654.75,11656.0,11646.25,11650.25,110,NQ.v.0
2020-11-11 07:39:00+00:00,33,1,16337,11650.0,11650.0,11613.5,11615.5,967,NQ.v.0
2020-11-11 07:40:00+00:00,33,1,16337,11616.0,11622.0,11605.5,11617.0,531,NQ.v.0
2020-11-11 07:41:00+00:00,33,1,16337,11618.5,11623.25,11617.0,11619.5,157,NQ.v.0
2020-11-11 07:42:00+00:00,33,1,16337,11619.75,11620.0,11614.5,11617.0,117,NQ.v.0
2020-11-11 07:43:00+00:00,33,1,16337,11617.0,11624.0,11616.25,11621.25,91,NQ.v.0
2020-11-11 07:44:00+00:00,33,1,16337,11619.25,11621.0,11609.75,11611.5,182,NQ.v.0
2020-11-11 07:45:00+00:00,33,1,16337,11612.0,11617.0,11602.0,11604.5,302,NQ.v.0
2020-11-11 07:46:00+00:00,33,1,16337,11603.25,11605.0,11581.0,11596.75,550,NQ.v.0
2020-11-11 07:47:00+00:00,33,1,16337,11598.0,11598.75,11591.0,11593.5,226,NQ.v.0
2020-11-11 07:48:00+00:00,33,1,16337,11593.0,11598.75,11591.25,11595.5,159,NQ.v.0
2020-11-11 07:49:00+00:00,33,1,16337,11595.25,11595.25,11575.25,11578.25,451,NQ.v.0
2020-11-11 07:50:00+00:00,33,1,16337,11579.5,11590.0,11575.75,11585.75,277,NQ.v.0
2020-11-11 07:51:00+00:00,33,1,16337,11587.25,11590.0,11582.75,11588.0,169,NQ.v.0
2020-11-11 07:52:00+00:00,33,1,16337,11589.0,11599.75,11589.0,11596.5,209,NQ.v.0
2020-11-11 07:53:00+00:00,33,1,16337,11596.5,11599.75,11594.5,11598.5,114,NQ.v.0
2020-11-11 07:54:00+00:00,33,1,16337,11597.0,11598.5,11592.25,11594.5,103,NQ.v.0
2020-11-11 07:55:00+00:00,33,1,16337,11593.25,11597.25,11586.25,11587.75,109,NQ.v.0
2020-11-11 07:56:00+00:00,33,1,16337,11587.75,11599.75,11584.0,11597.75,215,NQ.v.0
2020-11-11 07:57:00+00:00,33,1,16337,11598.0,11606.75,11596.5,11599.75,226,NQ.v.0
2020-11-11 07:58:00+00:00,33,1,16337,11597.75,11605.75,11597.75,11602.25,108,NQ.v.0
2020-11-11 07:59:00+00:00,33,1,16337,11601.25,11602.25,11592.75,11592.75,117,NQ.v.0
2020-11-11 08:00:00+00:00,33,1,16337,11592.75,11613.0,11592.0,11612.75,351,NQ.v.0
2020-11-11 08:01:00+00:00,33,1,16337,11612.0,11615.5,11605.75,11607.25,200,NQ.v.0
2020-11-11 08:02:00+00:00,33,1,16337,11606.0,11612.75,11601.25,11611.75,218,NQ.v.0
2020-11-11 08:03:00+00:00,33,1,16337,11610.75,11620.0,11608.25,11618.0,242,NQ.v.0
2020-11-11 08:04:00+00:00,33,1,16337,11618.25,11619.5,11609.5,11613.25,222,NQ.v.0
2020-11-11 08:05:00+00:00,33,1,16337,11611.75,11618.5,11593.0,11593.0,411,NQ.v.0
2020-11-11 08:06:00+00:00,33,1,16337,11592.25,11614.75,11591.0,11614.5,294,NQ.v.0
2020-11-11 08:07:00+00:00,33,1,16337,11613.25,11619.0,11613.25,11616.5,235,NQ.v.0
2020-11-11 08:08:00+00:00,33,1,16337,11615.25,11624.75,11613.0,11623.5,262,NQ.v.0
2020-11-11 08:09:00+00:00,33,1,16337,11622.75,11628.5,11620.25,11625.25,268,NQ.v.0
2020-11-11 08:10:00+00:00,33,1,16337,11625.75,11625.75,11609.0,11609.5,208,NQ.v.0
2020-11-11 08:11:00+00:00,33,1,16337,11609.25,11620.0,11609.25,11617.25,213,NQ.v.0
2020-11-11 08:12:00+00:00,33,1,16337,11618.75,11618.75,11606.0,11608.75,142,NQ.v.0
2020-11-11 08:13:00+00:00,33,1,16337,11607.5,11613.75,11607.5,11610.25,116,NQ.v.0
2020-11-11 08:14:00+00:00,33,1,16337,11609.25,11616.75,11607.25,11612.25,95,NQ.v.0
2020-11-11 08:15:00+00:00,33,1,16337,11611.5,11612.75,11602.75,11612.75,367,NQ.v.0
2020-11-11 08:16:00+00:00,33,1,16337,11613.0,11633.75,11611.25,11632.25,493,NQ.v.0
2020-11-11 08:17:00+00:00,33,1,16337,11633.5,11642.0,11629.75,11634.25,523,NQ.v.0
2020-11-11 08:18:00+00:00,33,1,16337,11635.25,11643.0,11632.0,11637.5,454,NQ.v.0
2020-11-11 08:19:00+00:00,33,1,16337,11637.0,11641.75,11635.75,11638.0,283,NQ.v.0
2020-11-11 08:20:00+00:00,33,1,16337,11638.0,11638.75,11632.5,11637.5,279,NQ.v.0
2020-11-11 08:21:00+00:00,33,1,16337,11636.25,11640.75,11636.0,11640.0,297,NQ.v.0
2020-11-11 08:22:00+00:00,33,1,16337,11640.0,11656.75,11640.0,11646.25,533,NQ.v.0
2020-11-11 08:23:00+00:00,33,1,16337,11647.25,11650.0,11642.0,11642.5,228,NQ.v.0
2020-11-11 08:24:00+00:00,33,1,16337,11642.75,11645.0,11632.75,11633.25,204,NQ.v.0
2020-11-11 08:25:00+00:00,33,1,16337,11632.75,11640.75,11629.5,11640.75,252,NQ.v.0
2020-11-11 08:26:00+00:00,33,1,16337,11641.0,11645.25,11635.5,11643.75,138,NQ.v.0
2020-11-11 08:27:00+00:00,33,1,16337,11643.5,11644.25,11641.0,11643.25,103,NQ.v.0
2020-11-11 08:28:00+00:00,33,1,16337,11643.25,11647.25,11642.75,11645.5,108,NQ.v.0
2020-11-11 08:29:00+00:00,33,1,16337,11644.5,11651.75,11637.25,11651.0,254,NQ.v.0
2020-11-11 08:30:00+00:00,33,1,16337,11652.0,11674.25,11645.25,11668.5,786,NQ.v.0
2020-11-11 08:31:00+00:00,33,1,16337,11669.5,11673.75,11662.5,11669.75,485,NQ.v.0
2020-11-11 08:32:00+00:00,33,1,16337,11670.0,11676.5,11665.0,11665.75,264,NQ.v.0
2020-11-11 08:33:00+00:00,33,1,16337,11665.0,11679.25,11665.0,11672.5,260,NQ.v.0
2020-11-11 08:34:00+00:00,33,1,16337,11673.0,11692.25,11672.5,11682.0,466,NQ.v.0
2020-11-11 08:35:00+00:00,33,1,16337,11682.25,11692.5,11678.0,11683.75,493,NQ.v.0
2020-11-11 08:36:00+00:00,33,1,16337,11685.25,11688.0,11668.75,11670.5,320,NQ.v.0
2020-11-11 08:37:00+00:00,33,1,16337,11671.0,11683.0,11665.0,11681.25,279,NQ.v.0
2020-11-11 08:38:00+00:00,33,1,16337,11681.75,11690.75,11680.0,11688.25,253,NQ.v.0
2020-11-11 08:39:00+00:00,33,1,16337,11687.5,11709.5,11686.25,11703.0,542,NQ.v.0
2020-11-11 08:40:00+00:00,33,1,16337,11703.25,11711.0,11702.25,11705.0,542,NQ.v.0
2020-11-11 08:41:00+00:00,33,1,16337,11705.25,11708.0,11693.75,11701.5,394,NQ.v.0
2020-11-11 08:42:00+00:00,33,1,16337,11702.0,11716.0,11698.5,11712.0,318,NQ.v.0
2020-11-11 08:43:00+00:00,33,1,16337,11713.25,11718.0,11710.75,11716.75,235,NQ.v.0
2020-11-11 08:44:00+00:00,33,1,16337,11717.0,11726.75,11716.25,11724.75,490,NQ.v.0
2020-11-11 08:45:00+00:00,33,1,16337,11725.0,11731.5,11714.25,11715.25,665,NQ.v.0
2020-11-11 08:46:00+00:00,33,1,16337,11717.0,11728.25,11717.0,11727.25,323,NQ.v.0
2020-11-11 08:47:00+00:00,33,1,16337,11728.25,11737.75,11724.75,11734.0,404,NQ.v.0
2020-11-11 08:48:00+00:00,33,1,16337,11733.75,11736.5,11724.75,11725.5,282,NQ.v.0
2020-11-11 08:49:00+00:00,33,1,16337,11725.75,11739.75,11724.5,11734.5,457,NQ.v.0
2020-11-11 08:50:00+00:00,33,1,16337,11735.75,11737.75,11729.0,11729.75,194,NQ.v.0
2020-11-11 08:51:00+00:00,33,1,16337,11729.5,11732.0,11725.0,11730.0,254,NQ.v.0
2020-11-11 08:52:00+00:00,33,1,16337,11730.0,11733.5,11722.0,11722.25,292,NQ.v.0
2020-11-11 08:53:00+00:00,33,1,16337,11723.0,11730.5,11718.5,11730.5,338,NQ.v.0
2020-11-11 08:54:00+00:00,33,1,16337,11729.75,11730.25,11717.25,11720.75,329,NQ.v.0
2020-11-11 08:55:00+00:00,33,1,16337,11721.25,11722.0,11713.25,11717.0,258,NQ.v.0
2020-11-11 08:56:00+00:00,33,1,16337,11716.5,11731.75,11714.0,11728.75,419,NQ.v.0
2020-11-11 08:57:00+00:00,33,1,16337,11728.0,11759.0,11728.0,11755.75,856,NQ.v.0
2020-11-11 08:58:00+00:00,33,1,16337,11756.5,11756.75,11747.5,11748.0,394,NQ.v.0
2020-11-11 08:59:00+00:00,33,1,16337,11750.0,11751.5,11742.25,11745.25,302,NQ.v.0
2020-11-11 09:00:00+00:00,33,1,16337,11745.5,11751.0,11742.5,11744.25,428,NQ.v.0
2020-11-11 09:01:00+00:00,33,1,16337,11743.25,11744.5,11737.25,11740.25,390,NQ.v.0
2020-11-11 09:02:00+00:00,33,1,16337,11741.0,11746.0,11736.0,11743.0,281,NQ.v.0
2020-11-11 09:03:00+00:00,33,1,16337,11742.5,11744.0,11737.25,11739.25,208,NQ.v.0
2020-11-11 09:04:00+00:00,33,1,16337,11739.25,11744.25,11738.0,11740.0,197,NQ.v.0
2020-11-11 09:05:00+00:00,33,1,16337,11740.25,11742.0,11737.5,11738.75,208,NQ.v.0
2020-11-11 09:06:00+00:00,33,1,16337,11739.5,11745.75,11739.5,11740.5,208,NQ.v.0
2020-11-11 09:07:00+00:00,33,1,16337,11740.5,11743.25,11737.0,11738.25,157,NQ.v.0
2020-11-11 09:08:00+00:00,33,1,16337,11737.5,11739.75,11727.0,11733.25,375,NQ.v.0
2020-11-11 09:09:00+00:00,33,1,16337,11733.25,11736.5,11731.25,11732.25,111,NQ.v.0
2020-11-11 09:10:00+00:00,33,1,16337,11732.5,11733.5,11722.75,11727.25,208,NQ.v.0
2020-11-11 09:11:00+00:00,33,1,16337,11727.75,11732.5,11720.0,11731.0,247,NQ.v.0
2020-11-11 09:12:00+00:00,33,1,16337,11730.0,11741.0,11729.75,11739.75,140,NQ.v.0
2020-11-11 09:13:00+00:00,33,1,16337,11738.75,11739.0,11724.5,11724.5,88,NQ.v.0
2020-11-11 09:14:00+00:00,33,1,16337,11724.75,11726.75,11712.0,11714.25,278,NQ.v.0
2020-11-11 09:15:00+00:00,33,1,16337,11714.5,11719.5,11706.0,11719.0,314,NQ.v.0
2020-11-11 09:16:00+00:00,33,1,16337,11718.25,11724.75,11717.5,11717.75,125,NQ.v.0
2020-11-11 09:17:00+00:00,33,1,16337,11716.75,11719.0,11715.0,11715.25,84,NQ.v.0
2020-11-11 09:18:00+00:00,33,1,16337,11715.25,11718.25,11708.75,11713.0,178,NQ.v.0
2020-11-11 09:19:00+00:00,33,1,16337,11712.0,11718.25,11711.75,11715.0,110,NQ.v.0
2020-11-11 09:20:00+00:00,33,1,16337,11714.0,11718.5,11708.0,11713.5,164,NQ.v.0
2020-11-11 09:21:00+00:00,33,1,16337,11714.5,11731.0,11713.5,11731.0,233,NQ.v.0
2020-11-11 09:22:00+00:00,33,1,16337,11731.5,11732.75,11724.75,11727.0,238,NQ.v.0
2020-11-11 09:23:00+00:00,33,1,16337,11728.75,11730.25,11723.5,11724.5,124,NQ.v.0
2020-11-11 09:24:00+00:00,33,1,16337,11724.0,11728.0,11719.0,11727.0,145,NQ.v.0
2020-11-11 09:25:00+00:00,33,1,16337,11727.25,11731.75,11724.0,11730.75,110,NQ.v.0
2020-11-11 09:26:00+00:00,33,1,16337,11729.75,11730.0,11726.5,11730.0,66,NQ.v.0
2020-11-11 09:27:00+00:00,33,1,16337,11729.75,11729.75,11727.0,11729.5,50,NQ.v.0
2020-11-11 09:28:00+00:00,33,1,16337,11730.5,11732.0,11717.0,11719.0,171,NQ.v.0
2020-11-11 09:29:00+00:00,33,1,16337,11718.5,11725.5,11712.0,11721.0,208,NQ.v.0
2020-11-11 09:30:00+00:00,33,1,16337,11720.0,11723.5,11718.0,11719.75,106,NQ.v.0
2020-11-11 09:31:00+00:00,33,1,16337,11719.0,11719.5,11709.5,11716.75,206,NQ.v.0
2020-11-11 09:32:00+00:00,33,1,16337,11717.0,11720.25,11706.0,11711.0,250,NQ.v.0
2020-11-11 09:33:00+00:00,33,1,16337,11712.0,11715.5,11710.5,11713.0,85,NQ.v.0
2020-11-11 09:34:00+00:00,33,1,16337,11712.75,11714.25,11706.5,11711.0,143,NQ.v.0
2020-11-11 09:35:00+00:00,33,1,16337,11709.5,11714.5,11707.25,11713.25,158,NQ.v.0
2020-11-11 09:36:00+00:00,33,1,16337,11713.25,11715.0,11709.25,11711.0,165,NQ.v.0
2020-11-11 09:37:00+00:00,33,1,16337,11712.0,11715.25,11710.5,11712.25,48,NQ.v.0
2020-11-11 09:38:00+00:00,33,1,16337,11712.25,11719.5,11712.25,11719.0,109,NQ.v.0
2020-11-11 09:39:00+00:00,33,1,16337,11718.25,11718.25,11712.0,11714.0,71,NQ.v.0
2020-11-11 09:40:00+00:00,33,1,16337,11714.25,11718.5,11714.0,11718.0,53,NQ.v.0
2020-11-11 09:41:00+00:00,33,1,16337,11719.25,11732.5,11718.0,11732.5,250,NQ.v.0
2020-11-11 09:42:00+00:00,33,1,16337,11731.75,11746.0,11728.75,11743.5,478,NQ.v.0
2020-11-11 09:43:00+00:00,33,1,16337,11744.25,11748.75,11733.5,11739.0,268,NQ.v.0
2020-11-11 09:44:00+00:00,33,1,16337,11738.5,11739.25,11735.0,11735.75,74,NQ.v.0
2020-11-11 09:45:00+00:00,33,1,16337,11736.0,11741.25,11731.25,11734.5,201,NQ.v.0
2020-11-11 09:46:00+00:00,33,1,16337,11734.75,11741.25,11733.5,11739.0,92,NQ.v.0
2020-11-11 09:47:00+00:00,33,1,16337,11739.5,11744.75,11738.75,11739.0,139,NQ.v.0
2020-11-11 09:48:00+00:00,33,1,16337,11739.0,11741.75,11728.0,11731.75,143,NQ.v.0
2020-11-11 09:49:00+00:00,33,1,16337,11732.75,11733.75,11722.75,11726.0,202,NQ.v.0
2020-11-11 09:50:00+00:00,33,1,16337,11725.5,11733.5,11725.5,11727.0,88,NQ.v.0
2020-11-11 09:51:00+00:00,33,1,16337,11726.0,11733.75,11725.5,11728.0,76,NQ.v.0
2020-11-11 09:52:00+00:00,33,1,16337,11728.0,11731.25,11727.5,11730.0,28,NQ.v.0
2020-11-11 09:53:00+00:00,33,1,16337,11731.75,11733.5,11728.25,11732.25,60,NQ.v.0
2020-11-11 09:54:00+00:00,33,1,16337,11732.25,11738.75,11730.75,11736.25,154,NQ.v.0
2020-11-11 09:55:00+00:00,33,1,16337,11737.0,11741.5,11737.0,11739.5,81,NQ.v.0
2020-11-11 09:56:00+00:00,33,1,16337,11740.25,11742.25,11736.0,11738.5,80,NQ.v.0
2020-11-11 09:57:00+00:00,33,1,16337,11739.5,11742.0,11734.75,11737.25,101,NQ.v.0
2020-11-11 09:58:00+00:00,33,1,16337,11736.25,11736.75,11729.25,11732.75,122,NQ.v.0
2020-11-11 09:59:00+00:00,33,1,16337,11731.5,11735.0,11730.75,11732.0,52,NQ.v.0
2020-11-11 10:00:00+00:00,33,1,16337,11731.75,11736.5,11731.75,11735.5,65,NQ.v.0
2020-11-11 10:01:00+00:00,33,1,16337,11735.25,11745.0,11734.5,11741.75,155,NQ.v.0
2020-11-11 10:02:00+00:00,33,1,16337,11742.75,11743.75,11738.75,11738.75,74,NQ.v.0
2020-11-11 10:03:00+00:00,33,1,16337,11739.0,11741.75,11735.0,11736.75,51,NQ.v.0
2020-11-11 10:04:00+00:00,33,1,16337,11737.25,11742.5,11737.25,11738.75,39,NQ.v.0
2020-11-11 10:05:00+00:00,33,1,16337,11741.0,11741.0,11737.25,11738.75,22,NQ.v.0
2020-11-11 10:06:00+00:00,33,1,16337,11737.5,11738.25,11733.25,11737.0,62,NQ.v.0
2020-11-11 10:07:00+00:00,33,1,16337,11736.75,11743.25,11736.75,11740.0,84,NQ.v.0
2020-11-11 10:08:00+00:00,33,1,16337,11740.75,11743.75,11738.25,11741.75,43,NQ.v.0
2020-11-11 10:09:00+00:00,33,1,16337,11740.5,11742.5,11738.75,11739.75,45,NQ.v.0
2020-11-11 10:10:00+00:00,33,1,16337,11738.75,11741.0,11736.25,11740.0,49,NQ.v.0
2020-11-11 10:11:00+00:00,33,1,16337,11740.75,11740.75,11729.25,11733.5,99,NQ.v.0
2020-11-11 10:12:00+00:00,33,1,16337,11732.75,11736.25,11730.75,11732.0,96,NQ.v.0
2020-11-11 10:13:00+00:00,33,1,16337,11731.75,11737.0,11730.5,11735.75,49,NQ.v.0
2020-11-11 10:14:00+00:00,33,1,16337,11734.75,11741.0,11734.75,11738.25,31,NQ.v.0
2020-11-11 10:15:00+00:00,33,1,16337,11740.5,11742.5,11739.0,11739.75,47,NQ.v.0
2020-11-11 10:16:00+00:00,33,1,16337,11740.5,11740.5,11738.0,11738.0,12,NQ.v.0
2020-11-11 10:17:00+00:00,33,1,16337,11738.0,11744.5,11735.5,11744.5,38,NQ.v.0
2020-11-11 10:18:00+00:00,33,1,16337,11743.5,11743.5,11731.75,11733.25,60,NQ.v.0
2020-11-11 10:19:00+00:00,33,1,16337,11734.0,11737.0,11726.0,11731.5,151,NQ.v.0
2020-11-11 10:20:00+00:00,33,1,16337,11730.0,11737.25,11728.75,11731.25,96,NQ.v.0
2020-11-11 10:21:00+00:00,33,1,16337,11732.0,11733.75,11723.5,11728.75,130,NQ.v.0
2020-11-11 10:22:00+00:00,33,1,16337,11727.25,11737.5,11726.75,11734.25,87,NQ.v.0
2020-11-11 10:23:00+00:00,33,1,16337,11733.25,11735.0,11729.0,11729.0,54,NQ.v.0
2020-11-11 10:24:00+00:00,33,1,16337,11730.25,11730.5,11725.25,11728.0,75,NQ.v.0
2020-11-11 10:25:00+00:00,33,1,16337,11727.25,11727.75,11721.0,11721.5,101,NQ.v.0
2020-11-11 10:26:00+00:00,33,1,16337,11721.75,11729.75,11721.75,11726.75,68,NQ.v.0
2020-11-11 10:27:00+00:00,33,1,16337,11726.25,11730.0,11726.25,11729.0,34,NQ.v.0
2020-11-11 10:28:00+00:00,33,1,16337,11729.0,11729.5,11723.5,11723.5,29,NQ.v.0
2020-11-11 10:29:00+00:00,33,1,16337,11722.75,11728.75,11722.75,11728.0,42,NQ.v.0
2020-11-11 10:30:00+00:00,33,1,16337,11727.75,11729.75,11725.75,11727.5,49,NQ.v.0
2020-11-11 10:31:00+00:00,33,1,16337,11726.0,11730.75,11726.0,11729.75,57,NQ.v.0
2020-11-11 10:32:00+00:00,33,1,16337,11729.25,11730.0,11723.5,11724.5,35,NQ.v.0
2020-11-11 10:33:00+00:00,33,1,16337,11725.75,11725.75,11721.25,11723.25,74,NQ.v.0
2020-11-11 10:34:00+00:00,33,1,16337,11723.0,11725.25,11721.5,11725.25,37,NQ.v.0
2020-11-11 10:35:00+00:00,33,1,16337,11725.25,11729.5,11725.25,11727.0,43,NQ.v.0
2020-11-11 10:36:00+00:00,33,1,16337,11727.5,11727.75,11724.5,11726.25,40,NQ.v.0
2020-11-11 10:37:00+00:00,33,1,16337,11725.25,11727.75,11724.75,11724.75,29,NQ.v.0
2020-11-11 10:38:00+00:00,33,1,16337,11726.0,11727.25,11724.25,11726.5,33,NQ.v.0
2020-11-11 10:39:00+00:00,33,1,16337,11728.0,11733.75,11728.0,11731.5,40,NQ.v.0
2020-11-11 10:40:00+00:00,33,1,16337,11731.5,11731.5,11710.75,11713.25,318,NQ.v.0
2020-11-11 10:41:00+00:00,33,1,16337,11712.5,11719.75,11711.5,11713.0,105,NQ.v.0
2020-11-11 10:42:00+00:00,33,1,16337,11713.75,11738.5,11713.75,11735.5,277,NQ.v.0
2020-11-11 10:43:00+00:00,33,1,16337,11734.5,11738.0,11729.5,11730.75,100,NQ.v.0
2020-11-11 10:44:00+00:00,33,1,16337,11729.75,11732.5,11727.75,11727.75,50,NQ.v.0
2020-11-11 10:45:00+00:00,33,1,16337,11728.75,11734.5,11728.0,11732.5,43,NQ.v.0
2020-11-11 10:46:00+00:00,33,1,16337,11732.25,11735.25,11728.0,11735.0,54,NQ.v.0
2020-11-11 10:47:00+00:00,33,1,16337,11734.0,11734.25,11731.0,11732.0,27,NQ.v.0
2020-11-11 10:48:00+00:00,33,1,16337,11732.5,11741.5,11732.5,11735.0,110,NQ.v.0
2020-11-11 10:49:00+00:00,33,1,16337,11735.25,11740.5,11734.25,11737.75,45,NQ.v.0
2020-11-11 10:50:00+00:00,33,1,16337,11738.0,11738.0,11731.25,11736.0,62,NQ.v.0
2020-11-11 10:51:00+00:00,33,1,16337,11737.0,11739.25,11735.0,11739.0,42,NQ.v.0
2020-11-11 10:52:00+00:00,33,1,16337,11738.75,11741.25,11738.25,11740.5,50,NQ.v.0
2020-11-11 10:53:00+00:00,33,1,16337,11739.0,11748.0,11738.0,11748.0,154,NQ.v.0
2020-11-11 10:54:00+00:00,33,1,16337,11747.75,11750.0,11742.5,11747.25,132,NQ.v.0
2020-11-11 10:55:00+00:00,33,1,16337,11747.0,11748.25,11741.5,11741.5,76,NQ.v.0
2020-11-11 10:56:00+00:00,33,1,16337,11741.5,11745.5,11741.0,11743.0,58,NQ.v.0
2020-11-11 10:57:00+00:00,33,1,16337,11742.5,11743.5,11738.0,11742.0,51,NQ.v.0
2020-11-11 10:58:00+00:00,33,1,16337,11741.0,11744.75,11740.25,11743.5,39,NQ.v.0
2020-11-11 10:59:00+00:00,33,1,16337,11743.5,11744.5,11739.0,11741.25,65,NQ.v.0
2020-11-11 11:00:00+00:00,33,1,16337,11741.0,11743.75,11735.0,11738.5,143,NQ.v.0
2020-11-11 11:01:00+00:00,33,1,16337,11739.25,11775.0,11739.25,11767.5,757,NQ.v.0
2020-11-11 11:02:00+00:00,33,1,16337,11768.0,11774.0,11762.0,11773.0,283,NQ.v.0
2020-11-11 11:03:00+00:00,33,1,16337,11772.0,11772.0,11762.75,11763.0,206,NQ.v.0
2020-11-11 11:04:00+00:00,33,1,16337,11763.5,11765.5,11758.0,11761.0,141,NQ.v.0
2020-11-11 11:05:00+00:00,33,1,16337,11761.0,11762.0,11751.25,11751.75,155,NQ.v.0
2020-11-11 11:06:00+00:00,33,1,16337,11751.25,11760.5,11747.0,11760.0,204,NQ.v.0
2020-11-11 11:07:00+00:00,33,1,16337,11759.0,11759.5,11753.0,11757.75,81,NQ.v.0
2020-11-11 11:08:00+00:00,33,1,16337,11758.25,11762.5,11756.75,11761.25,107,NQ.v.0
2020-11-11 11:09:00+00:00,33,1,16337,11761.0,11761.0,11748.25,11753.25,116,NQ.v.0
2020-11-11 11:10:00+00:00,33,1,16337,11753.5,11758.0,11752.5,11756.0,68,NQ.v.0
2020-11-11 11:11:00+00:00,33,1,16337,11756.0,11757.5,11753.5,11755.0,84,NQ.v.0
2020-11-11 11:12:00+00:00,33,1,16337,11755.25,11755.25,11750.75,11751.75,43,NQ.v.0
2020-11-11 11:13:00+00:00,33,1,16337,11752.0,11753.0,11744.0,11749.0,113,NQ.v.0
2020-11-11 11:14:00+00:00,33,1,16337,11750.0,11750.0,11743.25,11745.0,95,NQ.v.0
2020-11-11 11:15:00+00:00,33,1,16337,11745.0,11745.5,11732.25,11732.25,312,NQ.v.0
2020-11-11 11:16:00+00:00,33,1,16337,11733.5,11745.75,11733.5,11745.75,162,NQ.v.0
2020-11-11 11:17:00+00:00,33,1,16337,11745.5,11749.0,11742.25,11745.75,113,NQ.v.0
2020-11-11 11:18:00+00:00,33,1,16337,11745.0,11756.0,11743.5,11752.75,141,NQ.v.0
2020-11-11 11:19:00+00:00,33,1,16337,11752.75,11753.75,11746.5,11749.25,86,NQ.v.0
2020-11-11 11:20:00+00:00,33,1,16337,11748.5,11752.0,11746.5,11751.25,62,NQ.v.0
2020-11-11 11:21:00+00:00,33,1,16337,11751.25,11752.0,11747.75,11750.25,54,NQ.v.0
2020-11-11 11:22:00+00:00,33,1,16337,11749.0,11749.25,11743.5,11745.25,107,NQ.v.0
2020-11-11 11:23:00+00:00,33,1,16337,11744.25,11748.0,11743.25,11748.0,75,NQ.v.0
2020-11-11 11:24:00+00:00,33,1,16337,11747.75,11749.5,11745.0,11749.5,53,NQ.v.0
2020-11-11 11:25:00+00:00,33,1,16337,11748.5,11759.25,11747.5,11756.75,135,NQ.v.0
2020-11-11 11:26:00+00:00,33,1,16337,11756.5,11757.25,11750.0,11750.0,152,NQ.v.0
2020-11-11 11:27:00+00:00,33,1,16337,11751.5,11752.0,11749.0,11749.0,47,NQ.v.0
2020-11-11 11:28:00+00:00,33,1,16337,11749.25,11749.75,11747.5,11747.5,30,NQ.v.0
2020-11-11 11:29:00+00:00,33,1,16337,11747.0,11753.0,11747.0,11753.0,137,NQ.v.0
2020-11-11 11:30:00+00:00,33,1,16337,11752.75,11759.25,11749.5,11751.0,137,NQ.v.0
2020-11-11 11:31:00+00:00,33,1,16337,11751.25,11752.25,11747.5,11750.5,78,NQ.v.0
2020-11-11 11:32:00+00:00,33,1,16337,11749.75,11752.5,11748.25,11750.0,42,NQ.v.0
2020-11-11 11:33:00+00:00,33,1,16337,11749.25,11750.5,11743.5,11746.0,98,NQ.v.0
2020-11-11 11:34:00+00:00,33,1,16337,11747.0,11747.0,11740.75,11743.0,131,NQ.v.0
2020-11-11 11:35:00+00:00,33,1,16337,11742.5,11744.0,11736.0,11739.5,125,NQ.v.0
2020-11-11 11:36:00+00:00,33,1,16337,11739.0,11743.5,11737.5,11742.5,124,NQ.v.0
2020-11-11 11:37:00+00:00,33,1,16337,11742.75,11744.0,11739.75,11743.75,60,NQ.v.0
2020-11-11 11:38:00+00:00,33,1,16337,11743.25,11751.5,11743.25,11744.75,116,NQ.v.0
2020-11-11 11:39:00+00:00,33,1,16337,11746.0,11747.75,11742.25,11744.5,44,NQ.v.0
2020-11-11 11:40:00+00:00,33,1,16337,11745.0,11747.25,11739.25,11744.75,119,NQ.v.0
2020-11-11 11:41:00+00:00,33,1,16337,11744.5,11746.0,11736.5,11736.5,192,NQ.v.0
2020-11-11 11:42:00+00:00,33,1,16337,11736.25,11739.25,11726.5,11730.75,329,NQ.v.0
2020-11-11 11:43:00+00:00,33,1,16337,11730.25,11739.0,11728.0,11736.75,233,NQ.v.0
2020-11-11 11:44:00+00:00,33,1,16337,11736.75,11741.75,11733.25,11735.5,139,NQ.v.0
2020-11-11 11:45:00+00:00,33,1,16337,11736.25,11740.5,11730.25,11731.5,131,NQ.v.0
2020-11-11 11:46:00+00:00,33,1,16337,11729.5,11731.0,11723.75,11728.5,314,NQ.v.0
2020-11-11 11:47:00+00:00,33,1,16337,11729.5,11734.5,11727.5,11732.0,138,NQ.v.0
2020-11-11 11:48:00+00:00,33,1,16337,11733.5,11737.75,11730.25,11732.5,124,NQ.v.0
2020-11-11 11:49:00+00:00,33,1,16337,11731.5,11735.0,11730.0,11733.75,59,NQ.v.0
2020-11-11 11:50:00+00:00,33,1,16337,11733.25,11734.25,11722.5,11722.5,167,NQ.v.0
2020-11-11 11:51:00+00:00,33,1,16337,11723.0,11728.25,11722.5,11728.25,88,NQ.v.0
2020-11-11 11:52:00+00:00,33,1,16337,11726.5,11738.25,11726.5,11735.0,227,NQ.v.0
2020-11-11 11:53:00+00:00,33,1,16337,11735.5,11735.5,11728.0,11732.5,147,NQ.v.0
2020-11-11 11:54:00+00:00,33,1,16337,11732.75,11745.0,11731.0,11741.5,264,NQ.v.0
2020-11-11 11:55:00+00:00,33,1,16337,11740.5,11743.0,11738.75,11739.75,72,NQ.v.0
2020-11-11 11:56:00+00:00,33,1,16337,11738.25,11741.0,11735.0,11735.25,129,NQ.v.0
2020-11-11 11:57:00+00:00,33,1,16337,11735.25,11742.5,11735.0,11741.0,60,NQ.v.0
2020-11-11 11:58:00+00:00,33,1,16337,11742.75,11745.0,11737.5,11742.25,160,NQ.v.0
2020-11-11 11:59:00+00:00,33,1,16337,11741.0,11755.5,11739.25,11747.0,362,NQ.v.0
2020-11-11 12:00:00+00:00,33,1,16337,11746.0,11748.25,11711.25,11723.5,752,NQ.v.0
2020-11-11 12:01:00+00:00,33,1,16337,11724.0,11727.5,11718.0,11720.75,230,NQ.v.0
2020-11-11 12:02:00+00:00,33,1,16337,11720.75,11724.25,11715.25,11724.25,259,NQ.v.0
2020-11-11 12:03:00+00:00,33,1,16337,11724.25,11727.5,11721.25,11727.0,169,NQ.v.0
2020-11-11 12:04:00+00:00,33,1,16337,11727.0,11736.0,11727.0,11731.75,173,NQ.v.0
2020-11-11 12:05:00+00:00,33,1,16337,11730.75,11733.5,11726.75,11728.5,78,NQ.v.0
2020-11-11 12:06:00+00:00,33,1,16337,11727.5,11729.25,11724.0,11725.5,127,NQ.v.0
2020-11-11 12:07:00+00:00,33,1,16337,11726.0,11729.0,11724.5,11727.25,79,NQ.v.0
2020-11-11 12:08:00+00:00,33,1,16337,11725.75,11729.75,11725.5,11725.5,50,NQ.v.0
2020-11-11 12:09:00+00:00,33,1,16337,11725.75,11728.25,11715.75,11717.75,166,NQ.v.0
2020-11-11 12:10:00+00:00,33,1,16337,11719.25,11724.75,11717.5,11722.75,172,NQ.v.0
2020-11-11 12:11:00+00:00,33,1,16337,11723.0,11723.25,11718.5,11721.25,116,NQ.v.0
2020-11-11 12:12:00+00:00,33,1,16337,11720.75,11724.0,11718.75,11719.0,138,NQ.v.0
2020-11-11 12:13:00+00:00,33,1,16337,11720.0,11727.0,11715.75,11724.75,167,NQ.v.0
2020-11-11 12:14:00+00:00,33,1,16337,11724.5,11726.75,11718.75,11718.75,81,NQ.v.0
2020-11-11 12:15:00+00:00,33,1,16337,11720.25,11728.0,11718.5,11722.5,120,NQ.v.0
2020-11-11 12:16:00+00:00,33,1,16337,11723.0,11726.5,11720.0,11721.25,90,NQ.v.0
2020-11-11 12:17:00+00:00,33,1,16337,11721.0,11732.0,11721.0,11729.0,101,NQ.v.0
2020-11-11 12:18:00+00:00,33,1,16337,11727.0,11729.25,11724.0,11729.25,82,NQ.v.0
2020-11-11 12:19:00+00:00,33,1,16337,11728.25,11741.75,11728.25,11739.25,235,NQ.v.0
2020-11-11 12:20:00+00:00,33,1,16337,11740.25,11754.75,11740.0,11747.75,436,NQ.v.0
2020-11-11 12:21:00+00:00,33,1,16337,11747.0,11748.5,11737.25,11746.5,206,NQ.v.0
2020-11-11 12:22:00+00:00,33,1,16337,11745.5,11752.0,11744.0,11749.0,174,NQ.v.0
2020-11-11 12:23:00+00:00,33,1,16337,11750.0,11758.0,11749.5,11750.0,313,NQ.v.0
2020-11-11 12:24:00+00:00,33,1,16337,11748.75,11750.5,11745.25,11745.25,173,NQ.v.0
2020-11-11 12:25:00+00:00,33,1,16337,11745.5,11754.0,11745.25,11752.75,101,NQ.v.0
2020-11-11 12:26:00+00:00,33,1,16337,11753.0,11759.0,11752.0,11757.0,183,NQ.v.0
2020-11-11 12:27:00+00:00,33,1,16337,11757.0,11763.5,11750.75,11754.5,423,NQ.v.0
2020-11-11 12:28:00+00:00,33,1,16337,11753.75,11755.75,11750.5,11752.0,129,NQ.v.0
2020-11-11 12:29:00+00:00,33,1,16337,11751.0,11752.0,11742.0,11742.75,258,NQ.v.0
2020-11-11 12:30:00+00:00,33,1,16337,11742.5,11751.5,11740.0,11749.5,184,NQ.v.0
2020-11-11 12:31:00+00:00,33,1,16337,11749.75,11757.25,11748.0,11754.0,251,NQ.v.0
2020-11-11 12:32:00+00:00,33,1,16337,11754.0,11758.75,11748.75,11755.0,232,NQ.v.0
2020-11-11 12:33:00+00:00,33,1,16337,11756.25,11757.25,11749.0,11752.0,147,NQ.v.0
2020-11-11 12:34:00+00:00,33,1,16337,11752.25,11753.5,11749.75,11749.75,71,NQ.v.0
2020-11-11 12:35:00+00:00,33,1,16337,11751.0,11765.0,11751.0,11763.0,260,NQ.v.0
2020-11-11 12:36:00+00:00,33,1,16337,11764.75,11772.0,11761.0,11761.0,435,NQ.v.0
2020-11-11 12:37:00+00:00,33,1,16337,11760.25,11764.5,11758.75,11760.75,162,NQ.v.0
2020-11-11 12:38:00+00:00,33,1,16337,11759.5,11764.0,11758.75,11762.5,182,NQ.v.0
2020-11-11 12:39:00+00:00,33,1,16337,11762.75,11763.25,11756.5,11758.5,161,NQ.v.0
2020-11-11 12:40:00+00:00,33,1,16337,11757.25,11761.5,11755.25,11759.25,162,NQ.v.0
2020-11-11 12:41:00+00:00,33,1,16337,11758.25,11761.0,11743.25,11748.75,246,NQ.v.0
2020-11-11 12:42:00+00:00,33,1,16337,11748.75,11751.75,11745.0,11748.0,193,NQ.v.0
2020-11-11 12:43:00+00:00,33,1,16337,11748.0,11756.0,11747.0,11754.5,117,NQ.v.0
2020-11-11 12:44:00+00:00,33,1,16337,11754.75,11758.5,11752.0,11752.0,90,NQ.v.0
2020-11-11 12:45:00+00:00,33,1,16337,11751.75,11756.0,11749.25,11751.5,118,NQ.v.0
2020-11-11 12:46:00+00:00,33,1,16337,11751.25,11753.0,11750.0,11751.25,94,NQ.v.0
2020-11-11 12:47:00+00:00,33,1,16337,11750.0,11752.25,11749.0,11750.0,49,NQ.v.0
2020-11-11 12:48:00+00:00,33,1,16337,11750.0,11751.5,11747.25,11748.25,47,NQ.v.0
2020-11-11 12:49:00+00:00,33,1,16337,11749.0,11749.5,11743.25,11748.25,159,NQ.v.0
2020-11-11 12:50:00+00:00,33,1,16337,11748.75,11750.25,11745.25,11750.0,73,NQ.v.0
2020-11-11 12:51:00+00:00,33,1,16337,11750.0,11753.5,11749.25,11751.5,108,NQ.v.0
2020-11-11 12:52:00+00:00,33,1,16337,11750.75,11756.0,11749.0,11751.0,95,NQ.v.0
2020-11-11 12:53:00+00:00,33,1,16337,11751.75,11752.0,11748.25,11748.5,68,NQ.v.0
2020-11-11 12:54:00+00:00,33,1,16337,11749.25,11749.75,11747.75,11747.75,35,NQ.v.0
2020-11-11 12:55:00+00:00,33,1,16337,11748.0,11756.0,11748.0,11754.25,90,NQ.v.0
2020-11-11 12:56:00+00:00,33,1,16337,11754.0,11762.5,11748.25,11750.25,285,NQ.v.0
2020-11-11 12:57:00+00:00,33,1,16337,11750.25,11751.0,11747.0,11747.0,116,NQ.v.0
2020-11-11 12:58:00+00:00,33,1,16337,11747.5,11759.0,11747.5,11756.75,184,NQ.v.0
2020-11-11 12:59:00+00:00,33,1,16337,11756.75,11761.0,11756.25,11760.75,190,NQ.v.0
2020-11-11 13:00:00+00:00,33,1,16337,11759.75,11768.75,11759.75,11763.0,405,NQ.v.0
2020-11-11 13:01:00+00:00,33,1,16337,11763.5,11764.75,11757.0,11764.25,264,NQ.v.0
2020-11-11 13:02:00+00:00,33,1,16337,11764.25,11765.75,11757.0,11761.0,682,NQ.v.0
2020-11-11 13:03:00+00:00,33,1,16337,11761.5,11767.5,11760.5,11763.75,1003,NQ.v.0
2020-11-11 13:04:00+00:00,33,1,16337,11764.5,11773.5,11762.75,11769.5,1273,NQ.v.0
2020-11-11 13:05:00+00:00,33,1,16337,11768.5,11770.0,11764.75,11765.5,672,NQ.v.0
2020-11-11 13:06:00+00:00,33,1,16337,11765.0,11771.25,11763.75,11767.75,1253,NQ.v.0
2020-11-11 13:07:00+00:00,33,1,16337,11767.25,11768.0,11762.75,11763.25,257,NQ.v.0
2020-11-11 13:08:00+00:00,33,1,16337,11763.5,11766.0,11760.5,11763.25,176,NQ.v.0
2020-11-11 13:09:00+00:00,33,1,16337,11763.5,11765.25,11759.75,11763.0,144,NQ.v.0
2020-11-11 13:10:00+00:00,33,1,16337,11761.75,11767.0,11760.0,11766.0,1047,NQ.v.0
2020-11-11 13:11:00+00:00,33,1,16337,11765.5,11772.5,11763.25,11769.75,2066,NQ.v.0
2020-11-11 13:12:00+00:00,33,1,16337,11769.5,11785.0,11768.75,11778.75,1164,NQ.v.0
2020-11-11 13:13:00+00:00,33,1,16337,11779.75,11780.5,11777.0,11778.5,175,NQ.v.0
2020-11-11 13:14:00+00:00,33,1,16337,11779.25,11781.5,11776.0,11779.75,533,NQ.v.0
2020-11-11 13:15:00+00:00,33,1,16337,11779.25,11779.25,11771.75,11773.75,293,NQ.v.0
2020-11-11 13:16:00+00:00,33,1,16337,11773.75,11776.0,11771.5,11775.5,144,NQ.v.0
2020-11-11 13:17:00+00:00,33,1,16337,11776.25,11777.0,11773.25,11774.0,105,NQ.v.0
2020-11-11 13:18:00+00:00,33,1,16337,11773.25,11774.0,11771.25,11771.75,99,NQ.v.0
2020-11-11 13:19:00+00:00,33,1,16337,11771.75,11772.0,11767.25,11770.75,186,NQ.v.0
2020-11-11 13:20:00+00:00,33,1,16337,11771.25,11771.5,11760.75,11762.5,298,NQ.v.0
2020-11-11 13:21:00+00:00,33,1,16337,11763.25,11769.25,11763.0,11768.75,195,NQ.v.0
2020-11-11 13:22:00+00:00,33,1,16337,11769.25,11769.25,11764.5,11765.0,122,NQ.v.0
2020-11-11 13:23:00+00:00,33,1,16337,11765.0,11765.5,11754.25,11757.25,300,NQ.v.0
2020-11-11 13:24:00+00:00,33,1,16337,11756.75,11759.75,11752.75,11759.0,274,NQ.v.0
2020-11-11 13:25:00+00:00,33,1,16337,11758.75,11762.0,11755.25,11761.25,213,NQ.v.0
2020-11-11 13:26:00+00:00,33,1,16337,11761.75,11764.25,11756.25,11757.25,473,NQ.v.0
2020-11-11 13:27:00+00:00,33,1,16337,11757.5,11761.75,11757.0,11760.0,125,NQ.v.0
2020-11-11 13:28:00+00:00,33,1,16337,11759.5,11763.25,11756.25,11757.25,130,NQ.v.0
2020-11-11 13:29:00+00:00,33,1,16337,11756.75,11759.75,11754.5,11758.75,150,NQ.v.0
2020-11-11 13:30:00+00:00,33,1,16337,11759.5,11761.5,11755.0,11756.25,212,NQ.v.0
2020-11-11 13:31:00+00:00,33,1,16337,11756.5,11757.75,11751.5,11757.0,351,NQ.v.0
2020-11-11 13:32:00+00:00,33,1,16337,11757.0,11759.75,11754.0,11755.25,119,NQ.v.0
2020-11-11 13:33:00+00:00,33,1,16337,11755.0,11755.0,11747.5,11748.25,356,NQ.v.0
2020-11-11 13:34:00+00:00,33,1,16337,11747.75,11754.0,11747.25,11750.0,225,NQ.v.0
2020-11-11 13:35:00+00:00,33,1,16337,11749.75,11752.75,11747.0,11750.25,210,NQ.v.0
2020-11-11 13:36:00+00:00,33,1,16337,11750.25,11752.0,11745.75,11748.0,229,NQ.v.0
2020-11-11 13:37:00+00:00,33,1,16337,11747.5,11749.75,11740.0,11740.75,371,NQ.v.0
2020-11-11 13:38:00+00:00,33,1,16337,11741.75,11742.75,11734.0,11739.75,643,NQ.v.0
2020-11-11 13:39:00+00:00,33,1,16337,11740.0,11744.25,11738.25,11741.0,895,NQ.v.0
2020-11-11 13:40:00+00:00,33,1,16337,11741.0,11742.5,11736.75,11741.0,344,NQ.v.0
2020-11-11 13:41:00+00:00,33,1,16337,11741.5,11742.5,11729.5,11738.5,551,NQ.v.0
2020-11-11 13:42:00+00:00,33,1,16337,11737.75,11742.25,11737.25,11739.0,299,NQ.v.0
2020-11-11 13:43:00+00:00,33,1,16337,11739.5,11739.75,11734.0,11737.25,233,NQ.v.0
2020-11-11 13:44:00+00:00,33,1,16337,11737.75,11742.75,11737.75,11741.75,1804,NQ.v.0
2020-11-11 13:45:00+00:00,33,1,16337,11742.0,11743.0,11738.25,11739.75,848,NQ.v.0
2020-11-11 13:46:00+00:00,33,1,16337,11739.75,11740.5,11733.5,11738.5,184,NQ.v.0
2020-11-11 13:47:00+00:00,33,1,16337,11738.5,11740.0,11736.25,11737.75,93,NQ.v.0
2020-11-11 13:48:00+00:00,33,1,16337,11737.75,11738.0,11732.0,11733.5,228,NQ.v.0
2020-11-11 13:49:00+00:00,33,1,16337,11733.25,11734.25,11725.5,11729.75,382,NQ.v.0
2020-11-11 13:50:00+00:00,33,1,16337,11728.75,11728.75,11718.0,11721.75,664,NQ.v.0
2020-11-11 13:51:00+00:00,33,1,16337,11721.75,11730.0,11716.25,11730.0,558,NQ.v.0
2020-11-11 13:52:00+00:00,33,1,16337,11730.0,11731.5,11729.0,11730.25,190,NQ.v.0
2020-11-11 13:53:00+00:00,33,1,16337,11730.5,11738.5,11730.25,11736.0,326,NQ.v.0
2020-11-11 13:54:00+00:00,33,1,16337,11736.75,11740.75,11732.25,11737.75,381,NQ.v.0
2020-11-11 13:55:00+00:00,33,1,16337,11737.25,11737.75,11729.5,11731.5,248,NQ.v.0
2020-11-11 13:56:00+00:00,33,1,16337,11731.75,11733.0,11728.0,11732.0,249,NQ.v.0
2020-11-11 13:57:00+00:00,33,1,16337,11732.0,11732.75,11727.0,11729.75,275,NQ.v.0
2020-11-11 13:58:00+00:00,33,1,16337,11729.25,11729.25,11722.5,11725.25,180,NQ.v.0
2020-11-11 13:59:00+00:00,33,1,16337,11724.75,11736.75,11724.75,11733.5,280,NQ.v.0
2020-11-11 14:00:00+00:00,33,1,16337,11732.75,11733.25,11727.0,11731.0,216,NQ.v.0
2020-11-11 14:01:00+00:00,33,1,16337,11731.0,11731.0,11726.75,11727.25,142,NQ.v.0
2020-11-11 14:02:00+00:00,33,1,16337,11727.5,11730.75,11725.75,11729.25,261,NQ.v.0
2020-11-11 14:03:00+00:00,33,1,16337,11729.25,11735.5,11729.25,11734.0,630,NQ.v.0
2020-11-11 14:04:00+00:00,33,1,16337,11733.25,11736.0,11732.5,11734.75,610,NQ.v.0
2020-11-11 14:05:00+00:00,33,1,16337,11735.0,11735.75,11728.5,11729.5,1609,NQ.v.0
2020-11-11 14:06:00+00:00,33,1,16337,11729.75,11731.5,11725.0,11726.25,178,NQ.v.0
2020-11-11 14:07:00+00:00,33,1,16337,11726.25,11728.75,11723.75,11723.75,101,NQ.v.0
2020-11-11 14:08:00+00:00,33,1,16337,11724.25,11724.75,11720.25,11722.25,635,NQ.v.0
2020-11-11 14:09:00+00:00,33,1,16337,11722.25,11727.0,11721.75,11723.25,657,NQ.v.0
2020-11-11 14:10:00+00:00,33,1,16337,11723.25,11726.5,11721.75,11726.5,263,NQ.v.0
2020-11-11 14:11:00+00:00,33,1,16337,11726.0,11727.0,11724.0,11725.75,77,NQ.v.0
2020-11-11 14:12:00+00:00,33,1,16337,11726.0,11726.0,11723.25,11724.0,86,NQ.v.0
2020-11-11 14:13:00+00:00,33,1,16337,11724.0,11726.75,11723.25,11725.5,207,NQ.v.0
2020-11-11 14:14:00+00:00,33,1,16337,11726.0,11726.0,11718.75,11721.25,236,NQ.v.0
2020-11-11 14:15:00+00:00,33,1,16337,11721.75,11730.0,11721.25,11729.0,214,NQ.v.0
2020-11-11 14:16:00+00:00,33,1,16337,11728.25,11732.75,11727.75,11729.0,269,NQ.v.0
2020-11-11 14:17:00+00:00,33,1,16337,11729.25,11730.25,11727.75,11727.75,134,NQ.v.0
2020-11-11 14:18:00+00:00,33,1,16337,11727.25,11736.0,11727.25,11731.25,315,NQ.v.0
2020-11-11 14:19:00+00:00,33,1,16337,11732.0,11733.5,11728.25,11729.25,151,NQ.v.0
2020-11-11 14:20:00+00:00,33,1,16337,11728.75,11729.0,11722.75,11724.25,210,NQ.v.0
2020-11-11 14:21:00+00:00,33,1,16337,11724.25,11731.25,11723.75,11728.25,170,NQ.v.0
2020-11-11 14:22:00+00:00,33,1,16337,11728.25,11730.0,11726.25,11729.0,90,NQ.v.0
2020-11-11 14:23:00+00:00,33,1,16337,11729.0,11729.0,11727.0,11728.0,427,NQ.v.0
2020-11-11 14:24:00+00:00,33,1,16337,11727.75,11728.75,11726.5,11728.75,53,NQ.v.0
2020-11-11 14:25:00+00:00,33,1,16337,11728.75,11728.75,11720.0,11721.5,218,NQ.v.0
2020-11-11 14:26:00+00:00,33,1,16337,11721.5,11721.5,11713.25,11715.25,610,NQ.v.0
2020-11-11 14:27:00+00:00,33,1,16337,11715.25,11717.5,11712.75,11715.0,295,NQ.v.0
2020-11-11 14:28:00+00:00,33,1,16337,11715.0,11722.5,11715.0,11716.75,400,NQ.v.0
2020-11-11 14:29:00+00:00,33,1,16337,11717.0,11723.25,11715.5,11719.0,581,NQ.v.0
2020-11-11 14:30:00+00:00,33,1,16337,11719.5,11733.75,11703.0,11721.25,3619,NQ.v.0
2020-11-11 14:31:00+00:00,33,1,16337,11721.25,11739.25,11711.5,11733.0,1980,NQ.v.0
2020-11-11 14:32:00+00:00,33,1,16337,11733.5,11737.0,11718.5,11724.0,1841,NQ.v.0
2020-11-11 14:33:00+00:00,33,1,16337,11723.75,11727.25,11704.0,11717.25,2011,NQ.v.0
2020-11-11 14:34:00+00:00,33,1,16337,11717.75,11738.0,11713.5,11734.0,1883,NQ.v.0
2020-11-11 14:35:00+00:00,33,1,16337,11733.0,11754.75,11731.75,11751.0,2704,NQ.v.0
2020-11-11 14:36:00+00:00,33,1,16337,11750.25,11765.75,11745.5,11765.25,1878,NQ.v.0
2020-11-11 14:37:00+00:00,33,1,16337,11765.75,11771.25,11747.25,11749.5,2151,NQ.v.0
2020-11-11 14:38:00+00:00,33,1,16337,11750.0,11764.75,11749.5,11761.0,1524,NQ.v.0
2020-11-11 14:39:00+00:00,33,1,16337,11761.25,11778.0,11759.0,11775.25,2139,NQ.v.0
2020-11-11 14:40:00+00:00,33,1,16337,11775.5,11786.75,11767.5,11781.75,2616,NQ.v.0
2020-11-11 14:41:00+00:00,33,1,16337,11781.75,11791.25,11772.75,11788.5,2135,NQ.v.0
2020-11-11 14:42:00+00:00,33,1,16337,11788.0,11802.5,11788.0,11801.75,2309,NQ.v.0
2020-11-11 14:43:00+00:00,33,1,16337,11801.75,11806.5,11796.0,11803.25,2152,NQ.v.0
2020-11-11 14:44:00+00:00,33,1,16337,11803.0,11823.75,11801.75,11820.5,2795,NQ.v.0
2020-11-11 14:45:00+00:00,33,1,16337,11820.75,11828.25,11806.5,11810.25,3086,NQ.v.0
2020-11-11 14:46:00+00:00,33,1,16337,11809.75,11817.25,11805.75,11812.0,1710,NQ.v.0
2020-11-11 14:47:00+00:00,33,1,16337,11812.5,11821.5,11809.0,11820.0,1399,NQ.v.0
2020-11-11 14:48:00+00:00,33,1,16337,11820.25,11825.75,11812.0,11818.5,1636,NQ.v.0
2020-11-11 14:49:00+00:00,33,1,16337,11818.0,11820.0,11805.0,11813.75,1727,NQ.v.0
2020-11-11 14:50:00+00:00,33,1,16337,11814.25,11820.0,11805.5,11806.5,1511,NQ.v.0
2020-11-11 14:51:00+00:00,33,1,16337,11806.5,11815.5,11802.75,11812.0,1314,NQ.v.0
2020-11-11 14:52:00+00:00,33,1,16337,11812.5,11815.75,11801.0,11806.5,1867,NQ.v.0
2020-11-11 14:53:00+00:00,33,1,16337,11806.5,11817.25,11804.5,11812.75,1170,NQ.v.0
2020-11-11 14:54:00+00:00,33,1,16337,11813.75,11818.25,11796.0,11801.25,1442,NQ.v.0
2020-11-11 14:55:00+00:00,33,1,16337,11801.75,11811.5,11784.25,11786.0,2307,NQ.v.0
2020-11-11 14:56:00+00:00,33,1,16337,11786.0,11788.0,11771.5,11774.25,2736,NQ.v.0
2020-11-11 14:57:00+00:00,33,1,16337,11774.75,11786.5,11773.25,11778.25,1622,NQ.v.0
2020-11-11 14:58:00+00:00,33,1,16337,11779.0,11793.0,11778.5,11789.75,1173,NQ.v.0
2020-11-11 14:59:00+00:00,33,1,16337,11790.0,11795.5,11779.25,11786.0,1595,NQ.v.0
2020-11-11 15:00:00+00:00,33,1,16337,11786.25,11808.25,11785.0,11803.75,1952,NQ.v.0
2020-11-11 15:01:00+00:00,33,1,16337,11803.25,11813.5,11797.5,11799.5,1738,NQ.v.0
2020-11-11 15:02:00+00:00,33,1,16337,11800.0,11801.0,11781.5,11787.0,1429,NQ.v.0
2020-11-11 15:03:00+00:00,33,1,16337,11787.75,11795.5,11777.75,11789.25,1358,NQ.v.0
2020-11-11 15:04:00+00:00,33,1,16337,11789.0,11795.5,11779.0,11790.75,1121,NQ.v.0
2020-11-11 15:05:00+00:00,33,1,16337,11791.0,11804.25,11788.75,11801.0,1260,NQ.v.0
2020-11-11 15:06:00+00:00,33,1,16337,11801.5,11802.25,11791.5,11798.0,1134,NQ.v.0
2020-11-11 15:07:00+00:00,33,1,16337,11798.25,11812.25,11797.75,11807.5,2118,NQ.v.0
2020-11-11 15:08:00+00:00,33,1,16337,11807.75,11820.0,11805.5,11813.75,1678,NQ.v.0
2020-11-11 15:09:00+00:00,33,1,16337,11814.75,11818.75,11809.5,11812.75,1259,NQ.v.0
2020-11-11 15:10:00+00:00,33,1,16337,11813.25,11819.0,11797.5,11798.0,1316,NQ.v.0
2020-11-11 15:11:00+00:00,33,1,16337,11797.75,11802.0,11784.25,11794.75,2174,NQ.v.0
2020-11-11 15:12:00+00:00,33,1,16337,11795.0,11805.0,11788.25,11794.25,2152,NQ.v.0
2020-11-11 15:13:00+00:00,33,1,16337,11794.25,11811.25,11786.5,11808.25,1838,NQ.v.0
2020-11-11 15:14:00+00:00,33,1,16337,11808.25,11816.25,11806.5,11815.5,1276,NQ.v.0
2020-11-11 15:15:00+00:00,33,1,16337,11815.75,11827.75,11805.5,11805.5,2216,NQ.v.0
2020-11-11 15:16:00+00:00,33,1,16337,11806.0,11814.25,11798.0,11813.0,1697,NQ.v.0
2020-11-11 15:17:00+00:00,33,1,16337,11813.5,11825.25,11808.5,11815.25,1437,NQ.v.0
2020-11-11 15:18:00+00:00,33,1,16337,11815.5,11822.5,11812.25,11813.25,891,NQ.v.0
2020-11-11 15:19:00+00:00,33,1,16337,11813.0,11817.25,11803.0,11808.0,1167,NQ.v.0
2020-11-11 15:20:00+00:00,33,1,16337,11809.0,11811.25,11791.75,11792.0,1543,NQ.v.0
2020-11-11 15:21:00+00:00,33,1,16337,11791.75,11806.75,11791.0,11799.75,1298,NQ.v.0
2020-11-11 15:22:00+00:00,33,1,16337,11799.75,11809.5,11796.75,11803.25,1109,NQ.v.0
2020-11-11 15:23:00+00:00,33,1,16337,11803.75,11817.5,11803.75,11809.5,970,NQ.v.0
2020-11-11 15:24:00+00:00,33,1,16337,11809.5,11818.25,11801.0,11801.75,1058,NQ.v.0
2020-11-11 15:25:00+00:00,33,1,16337,11801.75,11812.25,11798.75,11805.5,1082,NQ.v.0
2020-11-11 15:26:00+00:00,33,1,16337,11805.75,11817.5,11805.0,11805.75,1108,NQ.v.0
2020-11-11 15:27:00+00:00,33,1,16337,11805.75,11811.0,11798.5,11801.5,1131,NQ.v.0
2020-11-11 15:28:00+00:00,33,1,16337,11801.25,11812.75,11800.25,11807.25,1030,NQ.v.0
2020-11-11 15:29:00+00:00,33,1,16337,11807.0,11827.25,11807.0,11823.75,1403,NQ.v.0
2020-11-11 15:30:00+00:00,33,1,16337,11824.25,11840.25,11824.25,11835.75,2670,NQ.v.0
2020-11-11 15:31:00+00:00,33,1,16337,11836.25,11843.0,11827.5,11831.0,1655,NQ.v.0
2020-11-11 15:32:00+00:00,33,1,16337,11831.5,11834.0,11818.0,11826.5,1280,NQ.v.0
2020-11-11 15:33:00+00:00,33,1,16337,11826.25,11836.75,11824.75,11830.5,978,NQ.v.0
2020-11-11 15:34:00+00:00,33,1,16337,11832.0,11840.5,11829.75,11831.0,750,NQ.v.0
2020-11-11 15:35:00+00:00,33,1,16337,11831.25,11837.5,11830.5,11834.5,776,NQ.v.0
2020-11-11 15:36:00+00:00,33,1,16337,11834.25,11837.5,11813.0,11821.25,1447,NQ.v.0
2020-11-11 15:37:00+00:00,33,1,16337,11821.25,11821.75,11814.75,11818.5,788,NQ.v.0
2020-11-11 15:38:00+00:00,33,1,16337,11819.25,11823.5,11807.5,11811.0,1055,NQ.v.0
2020-11-11 15:39:00+00:00,33,1,16337,11811.0,11817.0,11805.0,11807.0,914,NQ.v.0
2020-11-11 15:40:00+00:00,33,1,16337,11806.75,11814.5,11805.25,11811.5,754,NQ.v.0
2020-11-11 15:41:00+00:00,33,1,16337,11811.75,11816.75,11793.0,11799.0,1592,NQ.v.0
2020-11-11 15:42:00+00:00,33,1,16337,11799.25,11799.75,11782.75,11791.25,1523,NQ.v.0
2020-11-11 15:43:00+00:00,33,1,16337,11791.0,11792.5,11781.25,11784.5,1910,NQ.v.0
2020-11-11 15:44:00+00:00,33,1,16337,11784.5,11792.0,11780.25,11791.5,2356,NQ.v.0
2020-11-11 15:45:00+00:00,33,1,16337,11791.75,11799.25,11789.0,11793.5,1518,NQ.v.0
2020-11-11 15:46:00+00:00,33,1,16337,11793.5,11797.0,11778.5,11785.25,2532,NQ.v.0
2020-11-11 15:47:00+00:00,33,1,16337,11785.0,11787.5,11778.25,11782.75,1994,NQ.v.0
2020-11-11 15:48:00+00:00,33,1,16337,11783.5,11785.75,11778.5,11785.0,1608,NQ.v.0
2020-11-11 15:49:00+00:00,33,1,16337,11785.0,11787.5,11779.25,11781.0,1557,NQ.v.0
2020-11-11 15:50:00+00:00,33,1,16337,11781.0,11787.5,11775.75,11781.5,1515,NQ.v.0
2020-11-11 15:51:00+00:00,33,1,16337,11781.5,11792.5,11775.0,11776.75,1780,NQ.v.0
2020-11-11 15:52:00+00:00,33,1,16337,11777.25,11791.75,11775.5,11789.5,917,NQ.v.0
2020-11-11 15:53:00+00:00,33,1,16337,11790.0,11798.0,11788.0,11789.25,963,NQ.v.0
2020-11-11 15:54:00+00:00,33,1,16337,11789.25,11797.75,11787.75,11797.0,654,NQ.v.0
2020-11-11 15:55:00+00:00,33,1,16337,11797.0,11808.25,11797.0,11804.25,922,NQ.v.0
2020-11-11 15:56:00+00:00,33,1,16337,11804.25,11811.25,11799.5,11807.5,1120,NQ.v.0
2020-11-11 15:57:00+00:00,33,1,16337,11807.75,11812.0,11803.0,11805.5,823,NQ.v.0
2020-11-11 15:58:00+00:00,33,1,16337,11806.0,11813.5,11805.5,11807.25,885,NQ.v.0
2020-11-11 15:59:00+00:00,33,1,16337,11807.75,11814.75,11805.0,11806.25,676,NQ.v.0
2020-11-11 16:00:00+00:00,33,1,16337,11806.25,11807.75,11793.5,11797.0,1154,NQ.v.0
2020-11-11 16:01:00+00:00,33,1,16337,11797.0,11797.75,11782.25,11789.5,1266,NQ.v.0
2020-11-11 16:02:00+00:00,33,1,16337,11789.25,11790.0,11784.0,11786.75,494,NQ.v.0
2020-11-11 16:03:00+00:00,33,1,16337,11787.0,11794.5,11782.5,11793.5,674,NQ.v.0
2020-11-11 16:04:00+00:00,33,1,16337,11793.0,11796.5,11788.25,11789.25,553,NQ.v.0
2020-11-11 16:05:00+00:00,33,1,16337,11789.5,11794.75,11787.25,11793.0,563,NQ.v.0
2020-11-11 16:06:00+00:00,33,1,16337,11793.5,11801.75,11789.5,11790.75,1832,NQ.v.0
2020-11-11 16:07:00+00:00,33,1,16337,11790.5,11793.25,11781.0,11790.5,1176,NQ.v.0
2020-11-11 16:08:00+00:00,33,1,16337,11790.25,11796.5,11787.75,11794.0,1302,NQ.v.0
2020-11-11 16:09:00+00:00,33,1,16337,11794.0,11801.0,11789.5,11800.75,824,NQ.v.0
2020-11-11 16:10:00+00:00,33,1,16337,11799.5,11812.25,11798.5,11808.75,1207,NQ.v.0
2020-11-11 16:11:00+00:00,33,1,16337,11809.25,11810.75,11803.0,11807.25,1404,NQ.v.0
2020-11-11 16:12:00+00:00,33,1,16337,11807.25,11812.0,11803.75,11810.25,536,NQ.v.0
2020-11-11 16:13:00+00:00,33,1,16337,11809.25,11818.25,11808.75,11817.25,1448,NQ.v.0
2020-11-11 16:14:00+00:00,33,1,16337,11817.0,11822.75,11815.0,11816.0,1140,NQ.v.0
2020-11-11 16:15:00+00:00,33,1,16337,11815.75,11820.75,11813.25,11813.5,687,NQ.v.0
2020-11-11 16:16:00+00:00,33,1,16337,11813.75,11818.0,11810.5,11815.75,600,NQ.v.0
2020-11-11 16:17:00+00:00,33,1,16337,11816.0,11821.5,11815.5,11816.75,726,NQ.v.0
2020-11-11 16:18:00+00:00,33,1,16337,11817.25,11820.25,11815.0,11819.75,394,NQ.v.0
2020-11-11 16:19:00+00:00,33,1,16337,11820.25,11829.5,11820.25,11829.0,1043,NQ.v.0
2020-11-11 16:20:00+00:00,33,1,16337,11829.5,11833.25,11825.5,11829.75,944,NQ.v.0
2020-11-11 16:21:00+00:00,33,1,16337,11829.5,11833.0,11825.5,11829.25,611,NQ.v.0
2020-11-11 16:22:00+00:00,33,1,16337,11829.25,11834.5,11827.0,11828.5,530,NQ.v.0
2020-11-11 16:23:00+00:00,33,1,16337,11828.5,11830.0,11825.5,11829.25,574,NQ.v.0
2020-11-11 16:24:00+00:00,33,1,16337,11829.25,11833.75,11824.75,11826.75,568,NQ.v.0
2020-11-11 16:25:00+00:00,33,1,16337,11827.25,11833.25,11825.5,11831.75,520,NQ.v.0
2020-11-11 16:26:00+00:00,33,1,16337,11831.5,11835.25,11828.25,11834.0,445,NQ.v.0
2020-11-11 16:27:00+00:00,33,1,16337,11834.25,11836.0,11831.5,11833.75,381,NQ.v.0
2020-11-11 16:28:00+00:00,33,1,16337,11834.25,11834.5,11822.0,11823.5,581,NQ.v.0
2020-11-11 16:29:00+00:00,33,1,16337,11824.0,11826.75,11817.25,11820.75,772,NQ.v.0
2020-11-11 16:30:00+00:00,33,1,16337,11821.25,11827.0,11820.0,11825.25,630,NQ.v.0
2020-11-11 16:31:00+00:00,33,1,16337,11825.0,11826.0,11818.5,11822.5,474,NQ.v.0
2020-11-11 16:32:00+00:00,33,1,16337,11822.25,11825.0,11815.25,11819.0,708,NQ.v.0
2020-11-11 16:33:00+00:00,33,1,16337,11818.5,11819.25,11811.25,11814.75,503,NQ.v.0
2020-11-11 16:34:00+00:00,33,1,16337,11815.0,11824.75,11813.25,11822.25,772,NQ.v.0
2020-11-11 16:35:00+00:00,33,1,16337,11822.0,11824.25,11814.25,11815.25,501,NQ.v.0
2020-11-11 16:36:00+00:00,33,1,16337,11814.5,11820.0,11813.5,11816.5,396,NQ.v.0
2020-11-11 16:37:00+00:00,33,1,16337,11816.25,11817.0,11810.5,11816.0,573,NQ.v.0
2020-11-11 16:38:00+00:00,33,1,16337,11816.5,11821.25,11814.25,11817.5,438,NQ.v.0
2020-11-11 16:39:00+00:00,33,1,16337,11817.0,11828.5,11817.0,11828.5,628,NQ.v.0
2020-11-11 16:40:00+00:00,33,1,16337,11828.25,11835.5,11827.0,11829.75,931,NQ.v.0
2020-11-11 16:41:00+00:00,33,1,16337,11830.0,11831.0,11825.75,11829.25,2429,NQ.v.0
2020-11-11 16:42:00+00:00,33,1,16337,11829.25,11830.75,11823.25,11824.0,1607,NQ.v.0
2020-11-11 16:43:00+00:00,33,1,16337,11824.0,11833.5,11823.5,11831.0,755,NQ.v.0
2020-11-11 16:44:00+00:00,33,1,16337,11831.0,11834.75,11829.25,11830.75,846,NQ.v.0
2020-11-11 16:45:00+00:00,33,1,16337,11830.75,11831.75,11826.25,11829.0,2518,NQ.v.0
2020-11-11 16:46:00+00:00,33,1,16337,11829.25,11848.0,11824.75,11846.5,1714,NQ.v.0
2020-11-11 16:47:00+00:00,33,1,16337,11846.5,11850.75,11843.75,11848.5,1133,NQ.v.0
2020-11-11 16:48:00+00:00,33,1,16337,11848.5,11851.5,11847.75,11849.25,594,NQ.v.0
2020-11-11 16:49:00+00:00,33,1,16337,11849.75,11855.75,11847.75,11855.5,1109,NQ.v.0
2020-11-11 16:50:00+00:00,33,1,16337,11855.25,11858.25,11852.25,11853.0,868,NQ.v.0
2020-11-11 16:51:00+00:00,33,1,16337,11853.5,11854.75,11850.0,11852.75,482,NQ.v.0
2020-11-11 16:52:00+00:00,33,1,16337,11853.0,11856.75,11850.0,11851.0,493,NQ.v.0
2020-11-11 16:53:00+00:00,33,1,16337,11851.5,11852.5,11848.0,11849.75,475,NQ.v.0
2020-11-11 16:54:00+00:00,33,1,16337,11849.75,11851.0,11842.5,11848.25,514,NQ.v.0
2020-11-11 16:55:00+00:00,33,1,16337,11848.0,11852.75,11847.0,11847.0,382,NQ.v.0
2020-11-11 16:56:00+00:00,33,1,16337,11847.5,11851.5,11845.0,11849.75,377,NQ.v.0
2020-11-11 16:57:00+00:00,33,1,16337,11850.5,11855.0,11848.25,11854.25,469,NQ.v.0
2020-11-11 16:58:00+00:00,33,1,16337,11854.25,11858.0,11852.25,11856.0,350,NQ.v.0
2020-11-11 16:59:00+00:00,33,1,16337,11856.25,11864.25,11854.75,11863.75,980,NQ.v.0
2020-11-11 17:00:00+00:00,33,1,16337,11864.0,11864.5,11860.25,11862.0,681,NQ.v.0
2020-11-11 17:01:00+00:00,33,1,16337,11861.5,11863.0,11854.25,11858.0,1007,NQ.v.0
2020-11-11 17:02:00+00:00,33,1,16337,11857.75,11861.75,11855.5,11858.75,397,NQ.v.0
2020-11-11 17:03:00+00:00,33,1,16337,11859.0,11861.75,11852.25,11855.25,381,NQ.v.0
2020-11-11 17:04:00+00:00,33,1,16337,11855.0,11858.0,11851.25,11852.5,381,NQ.v.0
2020-11-11 17:05:00+00:00,33,1,16337,11852.75,11860.75,11852.25,11860.0,427,NQ.v.0
2020-11-11 17:06:00+00:00,33,1,16337,11859.75,11863.75,11856.75,11861.75,929,NQ.v.0
2020-11-11 17:07:00+00:00,33,1,16337,11862.0,11867.0,11859.5,11866.75,1067,NQ.v.0
2020-11-11 17:08:00+00:00,33,1,16337,11866.75,11868.0,11856.5,11863.5,778,NQ.v.0
2020-11-11 17:09:00+00:00,33,1,16337,11863.75,11879.25,11863.25,11875.25,2411,NQ.v.0
2020-11-11 17:10:00+00:00,33,1,16337,11874.5,11885.0,11874.25,11882.25,1552,NQ.v.0
2020-11-11 17:11:00+00:00,33,1,16337,11882.5,11887.0,11879.75,11883.25,1308,NQ.v.0
2020-11-11 17:12:00+00:00,33,1,16337,11883.25,11883.75,11878.5,11880.0,1061,NQ.v.0
2020-11-11 17:13:00+00:00,33,1,16337,11879.75,11880.0,11874.5,11876.5,598,NQ.v.0
2020-11-11 17:14:00+00:00,33,1,16337,11876.75,11879.25,11872.0,11873.75,607,NQ.v.0
2020-11-11 17:15:00+00:00,33,1,16337,11874.0,11878.0,11871.25,11873.25,437,NQ.v.0
2020-11-11 17:16:00+00:00,33,1,16337,11873.5,11874.25,11865.0,11866.5,766,NQ.v.0
2020-11-11 17:17:00+00:00,33,1,16337,11866.75,11867.0,11857.0,11860.25,896,NQ.v.0
2020-11-11 17:18:00+00:00,33,1,16337,11860.5,11864.0,11858.75,11860.75,439,NQ.v.0
2020-11-11 17:19:00+00:00,33,1,16337,11861.25,11864.0,11856.5,11859.75,773,NQ.v.0
2020-11-11 17:20:00+00:00,33,1,16337,11859.5,11866.25,11858.25,11865.5,512,NQ.v.0
2020-11-11 17:21:00+00:00,33,1,16337,11865.5,11868.75,11863.0,11863.75,429,NQ.v.0
2020-11-11 17:22:00+00:00,33,1,16337,11864.0,11864.0,11855.0,11859.25,569,NQ.v.0
2020-11-11 17:23:00+00:00,33,1,16337,11860.0,11862.25,11855.25,11860.5,319,NQ.v.0
2020-11-11 17:24:00+00:00,33,1,16337,11860.5,11865.75,11859.75,11865.0,257,NQ.v.0
2020-11-11 17:25:00+00:00,33,1,16337,11863.5,11868.0,11857.0,11861.0,450,NQ.v.0
2020-11-11 17:26:00+00:00,33,1,16337,11860.5,11862.75,11855.75,11859.25,271,NQ.v.0
2020-11-11 17:27:00+00:00,33,1,16337,11860.0,11863.75,11858.75,11861.75,409,NQ.v.0
2020-11-11 17:28:00+00:00,33,1,16337,11862.25,11865.75,11861.5,11862.75,286,NQ.v.0
2020-11-11 17:29:00+00:00,33,1,16337,11862.5,11864.5,11856.5,11863.0,721,NQ.v.0
2020-11-11 17:30:00+00:00,33,1,16337,11863.0,11871.0,11862.75,11865.25,576,NQ.v.0
2020-11-11 17:31:00+00:00,33,1,16337,11866.0,11870.5,11864.5,11865.0,342,NQ.v.0
2020-11-11 17:32:00+00:00,33,1,16337,11864.5,11873.25,11864.0,11872.75,856,NQ.v.0
2020-11-11 17:33:00+00:00,33,1,16337,11872.75,11876.25,11872.25,11874.75,962,NQ.v.0
2020-11-11 17:34:00+00:00,33,1,16337,11874.75,11876.75,11872.5,11872.5,1092,NQ.v.0
2020-11-11 17:35:00+00:00,33,1,16337,11873.0,11874.25,11869.25,11871.5,386,NQ.v.0
2020-11-11 17:36:00+00:00,33,1,16337,11872.0,11873.25,11867.0,11867.5,344,NQ.v.0
2020-11-11 17:37:00+00:00,33,1,16337,11868.0,11868.0,11861.5,11866.5,692,NQ.v.0
2020-11-11 17:38:00+00:00,33,1,16337,11866.5,11872.5,11865.0,11871.75,1292,NQ.v.0
2020-11-11 17:39:00+00:00,33,1,16337,11872.0,11873.5,11870.0,11873.0,936,NQ.v.0
2020-11-11 17:40:00+00:00,33,1,16337,11873.25,11876.25,11869.75,11871.5,412,NQ.v.0
2020-11-11 17:41:00+00:00,33,1,16337,11871.75,11872.25,11866.0,11867.25,215,NQ.v.0
2020-11-11 17:42:00+00:00,33,1,16337,11867.25,11870.25,11865.25,11869.75,2618,NQ.v.0
2020-11-11 17:43:00+00:00,33,1,16337,11870.0,11871.0,11867.0,11867.75,737,NQ.v.0
2020-11-11 17:44:00+00:00,33,1,16337,11868.0,11871.25,11867.0,11870.25,188,NQ.v.0
2020-11-11 17:45:00+00:00,33,1,16337,11871.0,11878.5,11869.0,11875.25,459,NQ.v.0
2020-11-11 17:46:00+00:00,33,1,16337,11875.75,11881.5,11873.75,11881.25,389,NQ.v.0
2020-11-11 17:47:00+00:00,33,1,16337,11881.5,11881.5,11874.75,11876.25,341,NQ.v.0
2020-11-11 17:48:00+00:00,33,1,16337,11876.75,11878.25,11874.0,11877.5,201,NQ.v.0
2020-11-11 17:49:00+00:00,33,1,16337,11877.0,11879.75,11874.25,11874.5,257,NQ.v.0
2020-11-11 17:50:00+00:00,33,1,16337,11875.0,11875.75,11871.0,11874.0,286,NQ.v.0
2020-11-11 17:51:00+00:00,33,1,16337,11874.25,11876.25,11871.0,11873.25,265,NQ.v.0
2020-11-11 17:52:00+00:00,33,1,16337,11873.5,11874.5,11870.5,11871.5,165,NQ.v.0
2020-11-11 17:53:00+00:00,33,1,16337,11872.0,11873.5,11868.25,11868.25,1066,NQ.v.0
2020-11-11 17:54:00+00:00,33,1,16337,11868.75,11869.25,11858.75,11865.75,858,NQ.v.0
2020-11-11 17:55:00+00:00,33,1,16337,11866.0,11867.5,11855.25,11858.75,472,NQ.v.0
2020-11-11 17:56:00+00:00,33,1,16337,11859.0,11861.0,11848.75,11855.5,681,NQ.v.0
2020-11-11 17:57:00+00:00,33,1,16337,11855.25,11860.75,11853.75,11854.0,372,NQ.v.0
2020-11-11 17:58:00+00:00,33,1,16337,11854.0,11857.5,11852.5,11857.0,455,NQ.v.0
2020-11-11 17:59:00+00:00,33,1,16337,11857.5,11859.25,11854.75,11857.0,329,NQ.v.0
2020-11-11 18:00:00+00:00,33,1,16337,11857.25,11862.25,11854.0,11861.0,1208,NQ.v.0
2020-11-11 18:01:00+00:00,33,1,16337,11861.0,11861.0,11853.5,11854.25,281,NQ.v.0
2020-11-11 18:02:00+00:00,33,1,16337,11854.75,11857.25,11851.5,11856.75,364,NQ.v.0
2020-11-11 18:03:00+00:00,33,1,16337,11857.0,11862.0,11856.5,11858.75,369,NQ.v.0
2020-11-11 18:04:00+00:00,33,1,16337,11859.0,11859.75,11857.0,11858.75,133,NQ.v.0
2020-11-11 18:05:00+00:00,33,1,16337,11859.25,11860.5,11852.5,11855.25,312,NQ.v.0
2020-11-11 18:06:00+00:00,33,1,16337,11856.0,11859.0,11853.0,11859.0,260,NQ.v.0
2020-11-11 18:07:00+00:00,33,1,16337,11859.75,11860.0,11856.25,11859.75,272,NQ.v.0
2020-11-11 18:08:00+00:00,33,1,16337,11859.75,11861.0,11857.5,11859.25,201,NQ.v.0
2020-11-11 18:09:00+00:00,33,1,16337,11859.0,11860.25,11856.0,11859.75,1355,NQ.v.0
2020-11-11 18:10:00+00:00,33,1,16337,11860.0,11866.0,11857.0,11864.5,450,NQ.v.0
2020-11-11 18:11:00+00:00,33,1,16337,11864.0,11865.0,11861.5,11864.75,220,NQ.v.0
2020-11-11 18:12:00+00:00,33,1,16337,11864.0,11865.75,11860.5,11865.0,230,NQ.v.0
2020-11-11 18:13:00+00:00,33,1,16337,11865.25,11866.0,11863.5,11863.5,180,NQ.v.0
2020-11-11 18:14:00+00:00,33,1,16337,11863.75,11866.75,11862.75,11866.25,188,NQ.v.0
2020-11-11 18:15:00+00:00,33,1,16337,11866.75,11873.0,11865.25,11872.0,544,NQ.v.0
2020-11-11 18:16:00+00:00,33,1,16337,11872.25,11875.5,11869.0,11870.25,438,NQ.v.0
2020-11-11 18:17:00+00:00,33,1,16337,11870.0,11870.5,11864.0,11867.5,240,NQ.v.0
2020-11-11 18:18:00+00:00,33,1,16337,11867.75,11877.0,11867.25,11873.25,517,NQ.v.0
2020-11-11 18:19:00+00:00,33,1,16337,11873.25,11876.5,11869.75,11876.0,230,NQ.v.0
2020-11-11 18:20:00+00:00,33,1,16337,11875.25,11877.75,11871.5,11871.75,347,NQ.v.0
2020-11-11 18:21:00+00:00,33,1,16337,11871.75,11875.0,11870.25,11872.25,170,NQ.v.0
2020-11-11 18:22:00+00:00,33,1,16337,11872.75,11880.75,11872.0,11877.0,763,NQ.v.0
2020-11-11 18:23:00+00:00,33,1,16337,11877.0,11877.5,11873.25,11875.5,242,NQ.v.0
2020-11-11 18:24:00+00:00,33,1,16337,11876.0,11878.0,11870.0,11871.0,342,NQ.v.0
2020-11-11 18:25:00+00:00,33,1,16337,11871.25,11873.0,11861.25,11865.0,718,NQ.v.0
2020-11-11 18:26:00+00:00,33,1,16337,11865.0,11868.0,11863.75,11867.75,261,NQ.v.0
2020-11-11 18:27:00+00:00,33,1,16337,11868.0,11868.75,11859.75,11862.5,680,NQ.v.0
2020-11-11 18:28:00+00:00,33,1,16337,11862.5,11863.0,11857.75,11861.75,423,NQ.v.0
2020-11-11 18:29:00+00:00,33,1,16337,11862.25,11863.0,11857.5,11857.75,339,NQ.v.0
2020-11-11 18:30:00+00:00,33,1,16337,11858.0,11867.0,11858.0,11864.25,916,NQ.v.0
2020-11-11 18:31:00+00:00,33,1,16337,11865.0,11870.75,11862.25,11868.75,307,NQ.v.0
2020-11-11 18:32:00+00:00,33,1,16337,11868.75,11869.0,11859.0,11860.75,359,NQ.v.0
2020-11-11 18:33:00+00:00,33,1,16337,11860.5,11863.5,11858.0,11860.0,410,NQ.v.0
2020-11-11 18:34:00+00:00,33,1,16337,11859.5,11866.75,11858.5,11865.75,1357,NQ.v.0
2020-11-11 18:35:00+00:00,33,1,16337,11866.0,11868.25,11861.75,11867.0,963,NQ.v.0
2020-11-11 18:36:00+00:00,33,1,16337,11867.25,11876.5,11866.5,11876.0,743,NQ.v.0
2020-11-11 18:37:00+00:00,33,1,16337,11875.75,11882.25,11875.0,11880.5,661,NQ.v.0
2020-11-11 18:38:00+00:00,33,1,16337,11880.75,11886.5,11880.75,11885.75,654,NQ.v.0
2020-11-11 18:39:00+00:00,33,1,16337,11885.75,11894.0,11884.0,11892.25,1051,NQ.v.0
2020-11-11 18:40:00+00:00,33,1,16337,11892.75,11892.75,11885.75,11886.5,596,NQ.v.0
2020-11-11 18:41:00+00:00,33,1,16337,11886.5,11887.5,11882.75,11883.5,419,NQ.v.0
2020-11-11 18:42:00+00:00,33,1,16337,11883.5,11885.5,11877.5,11879.75,485,NQ.v.0
2020-11-11 18:43:00+00:00,33,1,16337,11880.0,11881.25,11876.75,11880.0,304,NQ.v.0
2020-11-11 18:44:00+00:00,33,1,16337,11880.25,11884.5,11876.75,11879.0,392,NQ.v.0
2020-11-11 18:45:00+00:00,33,1,16337,11879.75,11881.25,11868.5,11872.75,699,NQ.v.0
2020-11-11 18:46:00+00:00,33,1,16337,11872.5,11873.5,11868.75,11872.5,270,NQ.v.0
2020-11-11 18:47:00+00:00,33,1,16337,11872.75,11874.75,11866.0,11873.0,823,NQ.v.0
2020-11-11 18:48:00+00:00,33,1,16337,11872.75,11873.25,11869.5,11870.5,571,NQ.v.0
2020-11-11 18:49:00+00:00,33,1,16337,11870.5,11871.5,11865.5,11869.75,708,NQ.v.0
2020-11-11 18:50:00+00:00,33,1,16337,11870.25,11871.0,11863.0,11863.25,806,NQ.v.0
2020-11-11 18:51:00+00:00,33,1,16337,11863.75,11872.0,11861.25,11871.0,752,NQ.v.0
2020-11-11 18:52:00+00:00,33,1,16337,11870.5,11876.0,11870.5,11874.0,484,NQ.v.0
2020-11-11 18:53:00+00:00,33,1,16337,11874.0,11877.5,11873.5,11877.5,296,NQ.v.0
2020-11-11 18:54:00+00:00,33,1,16337,11877.75,11880.75,11875.5,11876.75,281,NQ.v.0
2020-11-11 18:55:00+00:00,33,1,16337,11876.5,11880.25,11876.0,11879.25,207,NQ.v.0
2020-11-11 18:56:00+00:00,33,1,16337,11879.25,11882.75,11871.25,11875.75,458,NQ.v.0
2020-11-11 18:57:00+00:00,33,1,16337,11875.75,11876.5,11868.75,11871.25,2516,NQ.v.0
2020-11-11 18:58:00+00:00,33,1,16337,11871.0,11871.75,11863.5,11867.25,2208,NQ.v.0
2020-11-11 18:59:00+00:00,33,1,16337,11867.5,11873.0,11865.75,11868.75,918,NQ.v.0
2020-11-11 19:00:00+00:00,33,1,16337,11869.25,11875.75,11865.25,11872.0,959,NQ.v.0
2020-11-11 19:01:00+00:00,33,1,16337,11872.0,11876.25,11871.0,11872.25,1916,NQ.v.0
2020-11-11 19:02:00+00:00,33,1,16337,11872.25,11877.75,11872.25,11877.0,2824,NQ.v.0
2020-11-11 19:03:00+00:00,33,1,16337,11876.75,11889.25,11876.75,11885.75,1558,NQ.v.0
2020-11-11 19:04:00+00:00,33,1,16337,11885.75,11892.0,11883.75,11885.0,981,NQ.v.0
2020-11-11 19:05:00+00:00,33,1,16337,11885.25,11887.75,11883.25,11885.0,373,NQ.v.0
2020-11-11 19:06:00+00:00,33,1,16337,11885.0,11888.75,11882.5,11887.0,532,NQ.v.0
2020-11-11 19:07:00+00:00,33,1,16337,11886.75,11898.75,11885.5,11895.0,1024,NQ.v.0
2020-11-11 19:08:00+00:00,33,1,16337,11895.25,11899.0,11893.5,11895.25,862,NQ.v.0
2020-11-11 19:09:00+00:00,33,1,16337,11895.25,11895.5,11887.25,11888.25,435,NQ.v.0
2020-11-11 19:10:00+00:00,33,1,16337,11888.5,11892.5,11884.5,11888.0,342,NQ.v.0
2020-11-11 19:11:00+00:00,33,1,16337,11888.75,11893.0,11888.75,11892.0,276,NQ.v.0
2020-11-11 19:12:00+00:00,33,1,16337,11892.25,11894.75,11889.0,11893.5,399,NQ.v.0
2020-11-11 19:13:00+00:00,33,1,16337,11893.25,11897.0,11883.75,11887.5,1013,NQ.v.0
2020-11-11 19:14:00+00:00,33,1,16337,11887.25,11889.25,11880.75,11882.5,859,NQ.v.0
2020-11-11 19:15:00+00:00,33,1,16337,11882.25,11887.25,11878.75,11881.25,574,NQ.v.0
2020-11-11 19:16:00+00:00,33,1,16337,11882.0,11883.5,11875.25,11878.0,548,NQ.v.0
2020-11-11 19:17:00+00:00,33,1,16337,11878.5,11879.75,11872.25,11873.5,2229,NQ.v.0
2020-11-11 19:18:00+00:00,33,1,16337,11873.5,11877.75,11870.5,11872.75,1440,NQ.v.0
2020-11-11 19:19:00+00:00,33,1,16337,11872.5,11873.75,11867.5,11870.75,541,NQ.v.0
2020-11-11 19:20:00+00:00,33,1,16337,11870.5,11880.0,11867.5,11879.5,720,NQ.v.0
2020-11-11 19:21:00+00:00,33,1,16337,11879.25,11885.5,11879.25,11884.25,714,NQ.v.0
2020-11-11 19:22:00+00:00,33,1,16337,11884.0,11886.25,11881.5,11883.25,436,NQ.v.0
2020-11-11 19:23:00+00:00,33,1,16337,11883.0,11887.0,11879.25,11881.75,458,NQ.v.0
2020-11-11 19:24:00+00:00,33,1,16337,11881.5,11884.5,11875.25,11881.75,580,NQ.v.0
2020-11-11 19:25:00+00:00,33,1,16337,11881.5,11884.5,11874.5,11875.75,297,NQ.v.0
2020-11-11 19:26:00+00:00,33,1,16337,11875.5,11877.0,11862.25,11865.25,1025,NQ.v.0
2020-11-11 19:27:00+00:00,33,1,16337,11863.5,11866.0,11860.25,11864.5,707,NQ.v.0
2020-11-11 19:28:00+00:00,33,1,16337,11865.25,11865.25,11858.75,11863.5,609,NQ.v.0
2020-11-11 19:29:00+00:00,33,1,16337,11863.75,11867.25,11858.75,11863.0,1160,NQ.v.0
2020-11-11 19:30:00+00:00,33,1,16337,11863.25,11866.75,11856.5,11864.75,931,NQ.v.0
2020-11-11 19:31:00+00:00,33,1,16337,11864.75,11867.5,11862.25,11867.5,480,NQ.v.0
2020-11-11 19:32:00+00:00,33,1,16337,11867.25,11870.0,11862.75,11865.5,1114,NQ.v.0
2020-11-11 19:33:00+00:00,33,1,16337,11865.25,11865.75,11856.0,11865.0,1211,NQ.v.0
2020-11-11 19:34:00+00:00,33,1,16337,11864.5,11867.5,11861.25,11862.0,361,NQ.v.0
2020-11-11 19:35:00+00:00,33,1,16337,11862.0,11864.25,11856.25,11862.0,381,NQ.v.0
2020-11-11 19:36:00+00:00,33,1,16337,11862.0,11865.25,11858.5,11862.75,372,NQ.v.0
2020-11-11 19:37:00+00:00,33,1,16337,11862.75,11871.25,11862.5,11869.0,510,NQ.v.0
2020-11-11 19:38:00+00:00,33,1,16337,11869.0,11873.5,11868.25,11870.75,343,NQ.v.0
2020-11-11 19:39:00+00:00,33,1,16337,11870.75,11871.75,11859.5,11864.0,498,NQ.v.0
2020-11-11 19:40:00+00:00,33,1,16337,11864.0,11864.0,11845.75,11847.5,1475,NQ.v.0
2020-11-11 19:41:00+00:00,33,1,16337,11847.5,11851.0,11838.75,11840.75,1135,NQ.v.0
2020-11-11 19:42:00+00:00,33,1,16337,11840.75,11853.0,11840.75,11852.5,1079,NQ.v.0
2020-11-11 19:43:00+00:00,33,1,16337,11852.0,11855.0,11849.25,11853.75,3506,NQ.v.0
2020-11-11 19:44:00+00:00,33,1,16337,11854.0,11866.0,11853.75,11863.0,798,NQ.v.0
2020-11-11 19:45:00+00:00,33,1,16337,11863.25,11863.75,11856.5,11856.75,1288,NQ.v.0
2020-11-11 19:46:00+00:00,33,1,16337,11856.25,11858.5,11854.0,11855.75,560,NQ.v.0
2020-11-11 19:47:00+00:00,33,1,16337,11855.75,11858.0,11844.0,11846.75,580,NQ.v.0
2020-11-11 19:48:00+00:00,33,1,16337,11846.5,11847.25,11831.75,11836.25,1446,NQ.v.0
2020-11-11 19:49:00+00:00,33,1,16337,11836.25,11841.5,11835.25,11839.0,581,NQ.v.0
2020-11-11 19:50:00+00:00,33,1,16337,11839.75,11840.5,11827.75,11830.25,872,NQ.v.0
2020-11-11 19:51:00+00:00,33,1,16337,11830.5,11838.75,11829.75,11838.25,2240,NQ.v.0
2020-11-11 19:52:00+00:00,33,1,16337,11837.75,11844.75,11835.75,11840.75,902,NQ.v.0
2020-11-11 19:53:00+00:00,33,1,16337,11840.75,11842.5,11833.0,11840.5,542,NQ.v.0
2020-11-11 19:54:00+00:00,33,1,16337,11840.5,11844.5,11839.25,11842.5,593,NQ.v.0
2020-11-11 19:55:00+00:00,33,1,16337,11842.0,11847.5,11837.25,11846.5,526,NQ.v.0
2020-11-11 19:56:00+00:00,33,1,16337,11847.0,11852.5,11846.5,11848.75,559,NQ.v.0
2020-11-11 19:57:00+00:00,33,1,16337,11848.5,11850.25,11843.25,11844.25,465,NQ.v.0
2020-11-11 19:58:00+00:00,33,1,16337,11843.5,11846.5,11838.0,11841.0,472,NQ.v.0
2020-11-11 19:59:00+00:00,33,1,16337,11840.5,11848.25,11839.5,11843.75,1586,NQ.v.0
2020-11-11 20:00:00+00:00,33,1,16337,11844.0,11854.5,11839.0,11851.5,714,NQ.v.0
2020-11-11 20:01:00+00:00,33,1,16337,11851.5,11852.0,11843.5,11844.75,1100,NQ.v.0
2020-11-11 20:02:00+00:00,33,1,16337,11844.5,11850.75,11842.25,11850.5,2417,NQ.v.0
2020-11-11 20:03:00+00:00,33,1,16337,11850.5,11855.75,11849.75,11852.25,1562,NQ.v.0
2020-11-11 20:04:00+00:00,33,1,16337,11852.25,11856.0,11848.0,11852.75,637,NQ.v.0
2020-11-11 20:05:00+00:00,33,1,16337,11852.75,11852.75,11844.5,11850.75,363,NQ.v.0
2020-11-11 20:06:00+00:00,33,1,16337,11850.75,11861.0,11849.5,11859.5,702,NQ.v.0
2020-11-11 20:07:00+00:00,33,1,16337,11859.0,11859.75,11853.5,11859.0,362,NQ.v.0
2020-11-11 20:08:00+00:00,33,1,16337,11858.0,11859.25,11854.25,11858.25,194,NQ.v.0
2020-11-11 20:09:00+00:00,33,1,16337,11858.25,11862.5,11855.25,11862.0,638,NQ.v.0
2020-11-11 20:10:00+00:00,33,1,16337,11862.0,11865.5,11858.75,11861.0,757,NQ.v.0
2020-11-11 20:11:00+00:00,33,1,16337,11860.25,11862.25,11856.25,11860.75,306,NQ.v.0
2020-11-11 20:12:00+00:00,33,1,16337,11861.75,11861.75,11856.5,11860.25,264,NQ.v.0
2020-11-11 20:13:00+00:00,33,1,16337,11860.0,11869.0,11858.75,11868.75,1473,NQ.v.0
2020-11-11 20:14:00+00:00,33,1,16337,11868.75,11873.0,11867.0,11872.0,683,NQ.v.0
2020-11-11 20:15:00+00:00,33,1,16337,11871.75,11871.75,11866.25,11867.5,729,NQ.v.0
2020-11-11 20:16:00+00:00,33,1,16337,11867.75,11869.0,11866.0,11867.5,340,NQ.v.0
2020-11-11 20:17:00+00:00,33,1,16337,11867.0,11868.5,11858.0,11860.75,556,NQ.v.0
2020-11-11 20:18:00+00:00,33,1,16337,11860.75,11866.25,11858.5,11863.75,311,NQ.v.0
2020-11-11 20:19:00+00:00,33,1,16337,11864.5,11870.25,11863.0,11868.75,461,NQ.v.0
2020-11-11 20:20:00+00:00,33,1,16337,11868.5,11870.0,11855.75,11863.0,681,NQ.v.0
2020-11-11 20:21:00+00:00,33,1,16337,11863.0,11865.75,11855.5,11859.5,561,NQ.v.0
2020-11-11 20:22:00+00:00,33,1,16337,11860.0,11862.75,11850.75,11852.5,681,NQ.v.0
2020-11-11 20:23:00+00:00,33,1,16337,11852.5,11857.0,11839.0,11846.25,1057,NQ.v.0
2020-11-11 20:24:00+00:00,33,1,16337,11845.5,11853.25,11845.5,11851.0,395,NQ.v.0
2020-11-11 20:25:00+00:00,33,1,16337,11850.5,11854.5,11845.75,11853.75,505,NQ.v.0
2020-11-11 20:26:00+00:00,33,1,16337,11853.5,11863.5,11853.25,11859.25,630,NQ.v.0
2020-11-11 20:27:00+00:00,33,1,16337,11859.0,11859.5,11853.75,11856.25,1231,NQ.v.0
2020-11-11 20:28:00+00:00,33,1,16337,11856.0,11856.0,11848.25,11851.0,491,NQ.v.0
2020-11-11 20:29:00+00:00,33,1,16337,11851.25,11855.75,11849.0,11850.5,304,NQ.v.0
2020-11-11 20:30:00+00:00,33,1,16337,11850.5,11859.5,11846.75,11856.0,1101,NQ.v.0
2020-11-11 20:31:00+00:00,33,1,16337,11856.0,11861.5,11852.0,11858.25,2546,NQ.v.0
2020-11-11 20:32:00+00:00,33,1,16337,11858.25,11867.75,11858.25,11864.25,672,NQ.v.0
2020-11-11 20:33:00+00:00,33,1,16337,11864.5,11866.0,11861.0,11862.75,317,NQ.v.0
2020-11-11 20:34:00+00:00,33,1,16337,11863.25,11867.25,11858.5,11860.0,1357,NQ.v.0
2020-11-11 20:35:00+00:00,33,1,16337,11860.5,11863.5,11853.75,11857.75,593,NQ.v.0
2020-11-11 20:36:00+00:00,33,1,16337,11857.75,11864.0,11854.25,11859.75,617,NQ.v.0
2020-11-11 20:37:00+00:00,33,1,16337,11860.5,11865.25,11856.5,11864.0,410,NQ.v.0
2020-11-11 20:38:00+00:00,33,1,16337,11864.0,11869.5,11860.75,11865.75,611,NQ.v.0
2020-11-11 20:39:00+00:00,33,1,16337,11866.5,11878.0,11866.5,11876.25,1088,NQ.v.0
2020-11-11 20:40:00+00:00,33,1,16337,11876.75,11878.5,11872.25,11877.5,582,NQ.v.0
2020-11-11 20:41:00+00:00,33,1,16337,11877.0,11878.25,11873.5,11875.0,359,NQ.v.0
2020-11-11 20:42:00+00:00,33,1,16337,11875.25,11875.25,11866.0,11874.25,520,NQ.v.0
2020-11-11 20:43:00+00:00,33,1,16337,11875.0,11879.25,11872.5,11878.25,545,NQ.v.0
2020-11-11 20:44:00+00:00,33,1,16337,11878.75,11883.25,11878.25,11880.25,557,NQ.v.0
2020-11-11 20:45:00+00:00,33,1,16337,11880.0,11882.75,11875.75,11880.25,583,NQ.v.0
2020-11-11 20:46:00+00:00,33,1,16337,11880.25,11882.0,11874.0,11878.25,376,NQ.v.0
2020-11-11 20:47:00+00:00,33,1,16337,11878.25,11885.5,11875.75,11882.5,608,NQ.v.0
2020-11-11 20:48:00+00:00,33,1,16337,11881.75,11885.5,11879.25,11884.0,486,NQ.v.0
2020-11-11 20:49:00+00:00,33,1,16337,11884.25,11891.25,11881.25,11889.5,813,NQ.v.0
2020-11-11 20:50:00+00:00,33,1,16337,11889.75,11898.0,11884.5,11885.5,1339,NQ.v.0
2020-11-11 20:51:00+00:00,33,1,16337,11885.25,11886.0,11879.25,11884.25,698,NQ.v.0
2020-11-11 20:52:00+00:00,33,1,16337,11884.5,11896.5,11884.5,11894.5,819,NQ.v.0
2020-11-11 20:53:00+00:00,33,1,16337,11895.25,11897.5,11887.75,11889.25,944,NQ.v.0
2020-11-11 20:54:00+00:00,33,1,16337,11889.0,11895.0,11884.5,11885.5,999,NQ.v.0
2020-11-11 20:55:00+00:00,33,1,16337,11885.5,11885.5,11872.25,11879.75,1655,NQ.v.0
2020-11-11 20:56:00+00:00,33,1,16337,11879.75,11880.75,11873.5,11875.0,1074,NQ.v.0
2020-11-11 20:57:00+00:00,33,1,16337,11874.5,11878.5,11871.75,11874.5,1209,NQ.v.0
2020-11-11 20:58:00+00:00,33,1,16337,11874.0,11881.5,11873.5,11881.0,1223,NQ.v.0
2020-11-11 20:59:00+00:00,33,1,16337,11880.75,11893.75,11879.0,11880.0,4654,NQ.v.0
2020-11-11 21:00:00+00:00,33,1,16337,11880.0,11888.5,11877.25,11885.25,1841,NQ.v.0
2020-11-11 21:01:00+00:00,33,1,16337,11885.5,11895.0,11884.5,11892.5,804,NQ.v.0
2020-11-11 21:02:00+00:00,33,1,16337,11892.5,11896.0,11890.25,11893.75,686,NQ.v.0
2020-11-11 21:03:00+00:00,33,1,16337,11893.75,11910.75,11893.75,11908.0,1439,NQ.v.0
2020-11-11 21:04:00+00:00,33,1,16337,11908.5,11909.5,11896.75,11898.0,787,NQ.v.0
2020-11-11 21:05:00+00:00,33,1,16337,11898.25,11901.25,11890.25,11900.0,1038,NQ.v.0
2020-11-11 21:06:00+00:00,33,1,16337,11900.0,11906.0,11894.5,11894.75,385,NQ.v.0
2020-11-11 21:07:00+00:00,33,1,16337,11894.75,11894.75,11888.75,11892.0,349,NQ.v.0
2020-11-11 21:08:00+00:00,33,1,16337,11893.25,11898.5,11892.0,11897.5,228,NQ.v.0
2020-11-11 21:09:00+00:00,33,1,16337,11897.5,11897.5,11893.0,11894.25,257,NQ.v.0
2020-11-11 21:10:00+00:00,33,1,16337,11893.5,11895.0,11889.5,11894.5,318,NQ.v.0
2020-11-11 21:11:00+00:00,33,1,16337,11894.75,11896.0,11893.5,11893.5,205,NQ.v.0
2020-11-11 21:12:00+00:00,33,1,16337,11893.75,11895.75,11892.75,11893.25,153,NQ.v.0
2020-11-11 21:13:00+00:00,33,1,16337,11893.5,11895.5,11890.0,11894.5,360,NQ.v.0
2020-11-11 21:14:00+00:00,33,1,16337,11895.25,11896.25,11891.75,11895.75,316,NQ.v.0
2020-11-11 21:30:00+00:00,33,1,16337,11894.25,11901.0,11892.0,11900.75,331,NQ.v.0
2020-11-11 21:31:00+00:00,33,1,16337,11901.5,11902.5,11896.75,11902.5,121,NQ.v.0
2020-11-11 21:32:00+00:00,33,1,16337,11902.25,11917.75,11902.25,11910.75,534,NQ.v.0
2020-11-11 21:33:00+00:00,33,1,16337,11910.5,11912.5,11909.5,11910.5,96,NQ.v.0
2020-11-11 21:34:00+00:00,33,1,16337,11910.5,11910.5,11905.0,11905.0,120,NQ.v.0
2020-11-11 21:35:00+00:00,33,1,16337,11904.5,11906.0,11903.0,11904.25,60,NQ.v.0
2020-11-11 21:36:00+00:00,33,1,16337,11904.0,11904.5,11902.75,11902.75,20,NQ.v.0
2020-11-11 21:37:00+00:00,33,1,16337,11902.0,11903.75,11900.5,11902.75,74,NQ.v.0
2020-11-11 21:38:00+00:00,33,1,16337,11903.25,11904.0,11902.75,11904.0,43,NQ.v.0
2020-11-11 21:39:00+00:00,33,1,16337,11903.25,11905.5,11903.25,11905.0,42,NQ.v.0
2020-11-11 21:40:00+00:00,33,1,16337,11905.5,11906.25,11903.75,11904.5,95,NQ.v.0
2020-11-11 21:41:00+00:00,33,1,16337,11904.5,11904.5,11902.5,11902.75,75,NQ.v.0
2020-11-11 21:42:00+00:00,33,1,16337,11903.0,11904.75,11902.0,11904.75,48,NQ.v.0
2020-11-11 21:43:00+00:00,33,1,16337,11904.75,11905.25,11902.75,11902.75,63,NQ.v.0
2020-11-11 21:44:00+00:00,33,1,16337,11903.75,11903.75,11901.75,11902.75,37,NQ.v.0
2020-11-11 21:45:00+00:00,33,1,16337,11903.5,11904.0,11895.25,11896.75,191,NQ.v.0
2020-11-11 21:46:00+00:00,33,1,16337,11896.5,11898.0,11896.25,11897.75,27,NQ.v.0
2020-11-11 21:47:00+00:00,33,1,16337,11897.25,11902.0,11897.0,11901.5,78,NQ.v.0
2020-11-11 21:48:00+00:00,33,1,16337,11901.0,11901.0,11900.25,11900.75,89,NQ.v.0
2020-11-11 21:49:00+00:00,33,1,16337,11900.25,11902.5,11899.5,11902.5,74,NQ.v.0
2020-11-11 21:50:00+00:00,33,1,16337,11902.5,11902.75,11899.75,11900.0,166,NQ.v.0
2020-11-11 21:51:00+00:00,33,1,16337,11899.5,11903.0,11899.5,11902.0,99,NQ.v.0
2020-11-11 21:52:00+00:00,33,1,16337,11902.0,11902.0,11900.5,11900.75,24,NQ.v.0
2020-11-11 21:53:00+00:00,33,1,16337,11900.75,11903.0,11900.5,11902.0,29,NQ.v.0
2020-11-11 21:54:00+00:00,33,1,16337,11902.0,11902.0,11900.0,11900.0,65,NQ.v.0
2020-11-11 21:55:00+00:00,33,1,16337,11900.25,11903.0,11897.5,11898.25,133,NQ.v.0
2020-11-11 21:56:00+00:00,33,1,16337,11898.25,11898.25,11896.0,11897.0,54,NQ.v.0
2020-11-11 21:57:00+00:00,33,1,16337,11896.25,11897.0,11894.5,11894.75,45,NQ.v.0
2020-11-11 21:58:00+00:00,33,1,16337,11895.0,11897.0,11894.0,11894.0,47,NQ.v.0
2020-11-11 21:59:00+00:00,33,1,16337,11894.25,11897.75,11891.75,11893.0,101,NQ.v.0
2020-11-11 23:00:00+00:00,33,1,16337,11898.5,11899.75,11880.25,11883.5,402,NQ.v.0
2020-11-11 23:01:00+00:00,33,1,16337,11883.5,11889.0,11882.25,11888.5,155,NQ.v.0
2020-11-11 23:02:00+00:00,33,1,16337,11887.5,11892.75,11884.75,11892.75,184,NQ.v.0
2020-11-11 23:03:00+00:00,33,1,16337,11892.0,11894.0,11888.75,11892.75,77,NQ.v.0
2020-11-11 23:04:00+00:00,33,1,16337,11892.0,11896.0,11890.0,11893.25,120,NQ.v.0
2020-11-11 23:05:00+00:00,33,1,16337,11893.75,11896.0,11890.0,11890.5,72,NQ.v.0
2020-11-11 23:06:00+00:00,33,1,16337,11890.75,11890.75,11888.25,11889.75,30,NQ.v.0
2020-11-11 23:07:00+00:00,33,1,16337,11888.75,11889.25,11888.25,11889.25,15,NQ.v.0
2020-11-11 23:08:00+00:00,33,1,16337,11889.25,11889.75,11884.5,11887.0,90,NQ.v.0
2020-11-11 23:09:00+00:00,33,1,16337,11887.25,11887.25,11883.5,11886.0,64,NQ.v.0
2020-11-11 23:10:00+00:00,33,1,16337,11886.25,11887.75,11885.0,11887.5,47,NQ.v.0
2020-11-11 23:11:00+00:00,33,1,16337,11887.75,11889.0,11887.0,11887.0,35,NQ.v.0
2020-11-11 23:12:00+00:00,33,1,16337,11886.5,11891.25,11886.25,11889.0,55,NQ.v.0
2020-11-11 23:13:00+00:00,33,1,16337,11889.0,11894.0,11888.75,11893.0,60,NQ.v.0
2020-11-11 23:14:00+00:00,33,1,16337,11893.5,11894.75,11891.0,11891.5,61,NQ.v.0
2020-11-11 23:15:00+00:00,33,1,16337,11892.0,11895.75,11890.75,11893.5,62,NQ.v.0
2020-11-11 23:16:00+00:00,33,1,16337,11893.5,11893.5,11888.75,11889.0,45,NQ.v.0
2020-11-11 23:17:00+00:00,33,1,16337,11889.5,11890.5,11887.5,11889.0,72,NQ.v.0
2020-11-11 23:18:00+00:00,33,1,16337,11889.0,11890.0,11888.0,11889.0,25,NQ.v.0
2020-11-11 23:19:00+00:00,33,1,16337,11888.5,11890.5,11888.5,11890.0,13,NQ.v.0
2020-11-11 23:20:00+00:00,33,1,16337,11890.75,11895.5,11890.75,11895.0,48,NQ.v.0
2020-11-11 23:21:00+00:00,33,1,16337,11894.5,11895.0,11892.25,11894.0,41,NQ.v.0
2020-11-11 23:22:00+00:00,33,1,16337,11894.5,11895.75,11891.75,11892.25,43,NQ.v.0
2020-11-11 23:23:00+00:00,33,1,16337,11891.75,11891.75,11889.0,11891.25,25,NQ.v.0
2020-11-11 23:24:00+00:00,33,1,16337,11892.0,11895.25,11891.75,11893.25,53,NQ.v.0
2020-11-11 23:25:00+00:00,33,1,16337,11894.5,11895.25,11889.25,11890.25,55,NQ.v.0
2020-11-11 23:26:00+00:00,33,1,16337,11890.25,11890.5,11887.75,11888.75,38,NQ.v.0
2020-11-11 23:27:00+00:00,33,1,16337,11888.0,11891.0,11887.0,11889.75,27,NQ.v.0
2020-11-11 23:28:00+00:00,33,1,16337,11890.0,11892.0,11890.0,11890.0,17,NQ.v.0
2020-11-11 23:29:00+00:00,33,1,16337,11890.75,11890.75,11889.25,11890.0,18,NQ.v.0
2020-11-11 23:30:00+00:00,33,1,16337,11890.75,11896.25,11890.75,11895.75,66,NQ.v.0
2020-11-11 23:31:00+00:00,33,1,16337,11895.25,11895.25,11893.0,11894.0,23,NQ.v.0
2020-11-11 23:32:00+00:00,33,1,16337,11894.5,11894.5,11892.25,11892.25,21,NQ.v.0
2020-11-11 23:33:00+00:00,33,1,16337,11892.0,11894.0,11892.0,11894.0,12,NQ.v.0
2020-11-11 23:34:00+00:00,33,1,16337,11893.75,11897.75,11893.75,11896.75,72,NQ.v.0
2020-11-11 23:35:00+00:00,33,1,16337,11897.75,11913.25,11895.5,11909.25,365,NQ.v.0
2020-11-11 23:36:00+00:00,33,1,16337,11909.25,11910.75,11906.0,11906.0,111,NQ.v.0
2020-11-11 23:37:00+00:00,33,1,16337,11906.0,11907.0,11904.75,11906.25,34,NQ.v.0
2020-11-11 23:38:00+00:00,33,1,16337,11905.75,11907.0,11904.75,11904.75,36,NQ.v.0
2020-11-11 23:39:00+00:00,33,1,16337,11905.5,11906.25,11904.25,11905.25,60,NQ.v.0
2020-11-11 23:40:00+00:00,33,1,16337,11904.0,11904.75,11902.25,11902.25,37,NQ.v.0
2020-11-11 23:41:00+00:00,33,1,16337,11903.25,11903.75,11901.0,11901.25,31,NQ.v.0
2020-11-11 23:42:00+00:00,33,1,16337,11901.0,11902.75,11900.75,11901.75,37,NQ.v.0
2020-11-11 23:43:00+00:00,33,1,16337,11901.5,11902.75,11898.5,11898.5,71,NQ.v.0
2020-11-11 23:44:00+00:00,33,1,16337,11898.5,11898.5,11889.0,11890.5,215,NQ.v.0
2020-11-11 23:45:00+00:00,33,1,16337,11889.0,11891.5,11884.25,11889.25,145,NQ.v.0
2020-11-11 23:46:00+00:00,33,1,16337,11889.5,11892.75,11888.75,11892.25,57,NQ.v.0
2020-11-11 23:47:00+00:00,33,1,16337,11891.25,11892.25,11890.0,11891.0,42,NQ.v.0
2020-11-11 23:48:00+00:00,33,1,16337,11892.0,11894.25,11891.25,11893.5,127,NQ.v.0
2020-11-11 23:49:00+00:00,33,1,16337,11894.25,11895.5,11890.75,11893.25,74,NQ.v.0
2020-11-11 23:50:00+00:00,33,1,16337,11894.25,11896.0,11893.0,11893.25,50,NQ.v.0
2020-11-11 23:51:00+00:00,33,1,16337,11893.75,11893.75,11891.25,11892.75,26,NQ.v.0
2020-11-11 23:52:00+00:00,33,1,16337,11892.25,11893.0,11889.0,11892.0,66,NQ.v.0
2020-11-11 23:53:00+00:00,33,1,16337,11893.0,11898.25,11892.75,11896.75,54,NQ.v.0
2020-11-11 23:54:00+00:00,33,1,16337,11897.25,11899.0,11896.0,11897.25,41,NQ.v.0
2020-11-11 23:55:00+00:00,33,1,16337,11896.25,11901.25,11894.75,11899.5,84,NQ.v.0
2020-11-11 23:56:00+00:00,33,1,16337,11898.75,11903.75,11898.75,11901.25,63,NQ.v.0
2020-11-11 23:57:00+00:00,33,1,16337,11901.0,11901.5,11897.75,11899.0,43,NQ.v.0
2020-11-11 23:58:00+00:00,33,1,16337,11898.25,11898.25,11892.5,11892.5,49,NQ.v.0
2020-11-11 23:59:00+00:00,33,1,16337,11893.25,11897.5,11893.25,11896.75,68,NQ.v.0
2020-11-12 00:00:00+00:00,33,1,16337,11896.5,11902.5,11889.0,11900.0,309,NQ.v.0
2020-11-12 00:01:00+00:00,33,1,16337,11899.25,11899.25,11894.75,11896.5,65,NQ.v.0
2020-11-12 00:02:00+00:00,33,1,16337,11895.75,11897.5,11893.5,11894.5,47,NQ.v.0
2020-11-12 00:03:00+00:00,33,1,16337,11894.75,11895.25,11892.75,11895.25,42,NQ.v.0
2020-11-12 00:04:00+00:00,33,1,16337,11895.25,11897.0,11888.25,11890.75,143,NQ.v.0
2020-11-12 00:05:00+00:00,33,1,16337,11891.0,11896.25,11890.25,11892.25,182,NQ.v.0
2020-11-12 00:06:00+00:00,33,1,16337,11893.0,11896.5,11890.5,11895.25,66,NQ.v.0
2020-11-12 00:07:00+00:00,33,1,16337,11894.5,11896.0,11893.75,11894.25,45,NQ.v.0
2020-11-12 00:08:00+00:00,33,1,16337,11893.25,11896.5,11893.25,11893.5,38,NQ.v.0
2020-11-12 00:09:00+00:00,33,1,16337,11893.25,11893.75,11891.75,11893.75,27,NQ.v.0
2020-11-12 00:10:00+00:00,33,1,16337,11894.25,11895.5,11891.25,11892.25,43,NQ.v.0
2020-11-12 00:11:00+00:00,33,1,16337,11892.75,11894.0,11891.0,11893.0,54,NQ.v.0
2020-11-12 00:12:00+00:00,33,1,16337,11893.25,11895.0,11892.25,11892.5,33,NQ.v.0
2020-11-12 00:13:00+00:00,33,1,16337,11892.0,11892.0,11888.25,11890.25,81,NQ.v.0
2020-11-12 00:14:00+00:00,33,1,16337,11890.5,11892.75,11889.0,11891.5,76,NQ.v.0
2020-11-12 00:15:00+00:00,33,1,16337,11891.5,11892.5,11887.0,11887.0,81,NQ.v.0
2020-11-12 00:16:00+00:00,33,1,16337,11886.5,11887.5,11884.5,11887.0,90,NQ.v.0
2020-11-12 00:17:00+00:00,33,1,16337,11886.75,11888.0,11883.75,11885.5,87,NQ.v.0
2020-11-12 00:18:00+00:00,33,1,16337,11885.25,11887.0,11881.5,11885.75,208,NQ.v.0
2020-11-12 00:19:00+00:00,33,1,16337,11885.75,11886.25,11882.25,11884.5,44,NQ.v.0
2020-11-12 00:20:00+00:00,33,1,16337,11884.25,11885.5,11880.75,11882.0,79,NQ.v.0
2020-11-12 00:21:00+00:00,33,1,16337,11882.0,11882.25,11878.25,11880.75,122,NQ.v.0
2020-11-12 00:22:00+00:00,33,1,16337,11880.25,11883.75,11879.75,11880.75,69,NQ.v.0
2020-11-12 00:23:00+00:00,33,1,16337,11880.5,11881.25,11878.25,11879.75,71,NQ.v.0
2020-11-12 00:24:00+00:00,33,1,16337,11880.75,11885.0,11880.0,11881.75,94,NQ.v.0
2020-11-12 00:25:00+00:00,33,1,16337,11882.0,11886.75,11881.0,11886.0,98,NQ.v.0
2020-11-12 00:26:00+00:00,33,1,16337,11884.5,11888.75,11884.25,11886.25,65,NQ.v.0
2020-11-12 00:27:00+00:00,33,1,16337,11886.25,11887.75,11884.75,11886.0,32,NQ.v.0
2020-11-12 00:28:00+00:00,33,1,16337,11885.75,11885.75,11883.75,11884.25,35,NQ.v.0
2020-11-12 00:29:00+00:00,33,1,16337,11884.25,11887.0,11883.25,11886.75,28,NQ.v.0
2020-11-12 00:30:00+00:00,33,1,16337,11886.75,11886.75,11881.5,11885.0,53,NQ.v.0
2020-11-12 00:31:00+00:00,33,1,16337,11885.0,11890.5,11885.0,11887.0,106,NQ.v.0
2020-11-12 00:32:00+00:00,33,1,16337,11887.25,11887.25,11884.5,11885.75,39,NQ.v.0
2020-11-12 00:33:00+00:00,33,1,16337,11885.75,11886.0,11882.75,11886.0,39,NQ.v.0
2020-11-12 00:34:00+00:00,33,1,16337,11885.5,11886.0,11883.5,11885.5,25,NQ.v.0
2020-11-12 00:35:00+00:00,33,1,16337,11885.0,11886.75,11882.5,11884.25,43,NQ.v.0
2020-11-12 00:36:00+00:00,33,1,16337,11885.5,11888.0,11884.5,11887.75,61,NQ.v.0
2020-11-12 00:37:00+00:00,33,1,16337,11888.0,11896.75,11888.0,11895.75,172,NQ.v.0
2020-11-12 00:38:00+00:00,33,1,16337,11896.25,11896.75,11893.0,11893.75,73,NQ.v.0
2020-11-12 00:39:00+00:00,33,1,16337,11893.0,11894.0,11890.25,11890.25,60,NQ.v.0
2020-11-12 00:40:00+00:00,33,1,16337,11890.0,11895.75,11886.0,11893.25,189,NQ.v.0
2020-11-12 00:41:00+00:00,33,1,16337,11893.25,11894.25,11891.0,11892.75,45,NQ.v.0
2020-11-12 00:42:00+00:00,33,1,16337,11892.5,11893.25,11891.0,11891.5,25,NQ.v.0
2020-11-12 00:43:00+00:00,33,1,16337,11892.25,11894.75,11892.25,11892.5,32,NQ.v.0
2020-11-12 00:44:00+00:00,33,1,16337,11891.75,11892.0,11889.75,11891.25,37,NQ.v.0
2020-11-12 00:45:00+00:00,33,1,16337,11891.75,11892.5,11888.0,11888.25,59,NQ.v.0
2020-11-12 00:46:00+00:00,33,1,16337,11888.25,11888.75,11882.0,11884.5,143,NQ.v.0
2020-11-12 00:47:00+00:00,33,1,16337,11885.5,11889.25,11885.25,11887.25,62,NQ.v.0
2020-11-12 00:48:00+00:00,33,1,16337,11888.25,11892.5,11888.25,11892.0,39,NQ.v.0
2020-11-12 00:49:00+00:00,33,1,16337,11892.5,11895.75,11892.5,11893.75,87,NQ.v.0
2020-11-12 00:50:00+00:00,33,1,16337,11893.0,11893.0,11890.0,11891.0,61,NQ.v.0
2020-11-12 00:51:00+00:00,33,1,16337,11890.25,11891.0,11887.75,11888.0,30,NQ.v.0
2020-11-12 00:52:00+00:00,33,1,16337,11888.0,11890.0,11888.0,11890.0,14,NQ.v.0
2020-11-12 00:53:00+00:00,33,1,16337,11889.5,11889.5,11885.0,11888.5,70,NQ.v.0
2020-11-12 00:54:00+00:00,33,1,16337,11888.75,11888.75,11884.75,11886.25,70,NQ.v.0
2020-11-12 00:55:00+00:00,33,1,16337,11885.75,11885.75,11882.25,11884.25,89,NQ.v.0
2020-11-12 00:56:00+00:00,33,1,16337,11882.75,11884.5,11875.0,11875.25,209,NQ.v.0
2020-11-12 00:57:00+00:00,33,1,16337,11875.0,11877.25,11862.25,11869.5,576,NQ.v.0
2020-11-12 00:58:00+00:00,33,1,16337,11870.0,11871.5,11865.75,11868.5,238,NQ.v.0
2020-11-12 00:59:00+00:00,33,1,16337,11868.25,11871.0,11867.5,11869.25,112,NQ.v.0
2020-11-12 01:00:00+00:00,33,1,16337,11869.25,11870.25,11861.5,11867.25,269,NQ.v.0
2020-11-12 01:01:00+00:00,33,1,16337,11867.25,11869.5,11861.5,11863.25,134,NQ.v.0
2020-11-12 01:02:00+00:00,33,1,16337,11862.75,11867.0,11858.75,11864.75,165,NQ.v.0
2020-11-12 01:03:00+00:00,33,1,16337,11863.75,11865.0,11861.25,11862.0,97,NQ.v.0
2020-11-12 01:04:00+00:00,33,1,16337,11862.5,11866.5,11860.5,11864.0,104,NQ.v.0
2020-11-12 01:05:00+00:00,33,1,16337,11863.5,11870.5,11862.25,11867.75,160,NQ.v.0
2020-11-12 01:06:00+00:00,33,1,16337,11868.25,11871.75,11863.0,11863.0,126,NQ.v.0
2020-11-12 01:07:00+00:00,33,1,16337,11862.5,11866.75,11861.5,11865.5,98,NQ.v.0
2020-11-12 01:08:00+00:00,33,1,16337,11866.0,11871.5,11865.5,11868.0,90,NQ.v.0
2020-11-12 01:09:00+00:00,33,1,16337,11868.0,11870.25,11865.75,11870.25,47,NQ.v.0
2020-11-12 01:10:00+00:00,33,1,16337,11869.5,11870.25,11866.75,11870.25,44,NQ.v.0
2020-11-12 01:11:00+00:00,33,1,16337,11870.25,11870.5,11868.0,11870.5,49,NQ.v.0
2020-11-12 01:12:00+00:00,33,1,16337,11870.75,11871.0,11868.25,11869.75,50,NQ.v.0
2020-11-12 01:13:00+00:00,33,1,16337,11868.5,11869.25,11867.0,11869.25,49,NQ.v.0
2020-11-12 01:14:00+00:00,33,1,16337,11869.25,11871.25,11868.25,11870.25,69,NQ.v.0
2020-11-12 01:15:00+00:00,33,1,16337,11870.25,11871.25,11867.75,11868.75,62,NQ.v.0
2020-11-12 01:16:00+00:00,33,1,16337,11869.5,11873.75,11869.5,11872.0,82,NQ.v.0
2020-11-12 01:17:00+00:00,33,1,16337,11872.75,11872.75,11870.0,11871.75,43,NQ.v.0
2020-11-12 01:18:00+00:00,33,1,16337,11871.5,11872.5,11867.75,11867.75,60,NQ.v.0
2020-11-12 01:19:00+00:00,33,1,16337,11868.25,11871.75,11864.0,11871.25,119,NQ.v.0
2020-11-12 01:20:00+00:00,33,1,16337,11871.25,11872.75,11868.0,11872.75,76,NQ.v.0
2020-11-12 01:21:00+00:00,33,1,16337,11871.75,11879.0,11871.25,11875.5,169,NQ.v.0
2020-11-12 01:22:00+00:00,33,1,16337,11877.0,11882.75,11875.75,11881.0,114,NQ.v.0
2020-11-12 01:23:00+00:00,33,1,16337,11881.0,11883.75,11880.0,11882.0,95,NQ.v.0
2020-11-12 01:24:00+00:00,33,1,16337,11882.25,11884.25,11881.75,11883.0,46,NQ.v.0
2020-11-12 01:25:00+00:00,33,1,16337,11883.0,11883.0,11877.25,11877.75,85,NQ.v.0
2020-11-12 01:26:00+00:00,33,1,16337,11877.5,11880.25,11876.0,11879.75,46,NQ.v.0
2020-11-12 01:27:00+00:00,33,1,16337,11879.25,11879.25,11874.25,11875.0,50,NQ.v.0
2020-11-12 01:28:00+00:00,33,1,16337,11874.75,11875.75,11871.5,11873.0,67,NQ.v.0
2020-11-12 01:29:00+00:00,33,1,16337,11873.5,11876.0,11873.5,11874.0,30,NQ.v.0
2020-11-12 01:30:00+00:00,33,1,16337,11876.25,11877.75,11873.0,11874.25,60,NQ.v.0
2020-11-12 01:31:00+00:00,33,1,16337,11873.5,11875.0,11871.75,11875.0,67,NQ.v.0
2020-11-12 01:32:00+00:00,33,1,16337,11873.0,11873.0,11867.5,11868.25,93,NQ.v.0
2020-11-12 01:33:00+00:00,33,1,16337,11867.5,11871.25,11864.25,11871.0,105,NQ.v.0
2020-11-12 01:34:00+00:00,33,1,16337,11871.0,11871.0,11866.25,11868.0,40,NQ.v.0
2020-11-12 01:35:00+00:00,33,1,16337,11867.25,11869.5,11866.75,11868.25,32,NQ.v.0
2020-11-12 01:36:00+00:00,33,1,16337,11867.75,11872.0,11866.75,11867.25,79,NQ.v.0
2020-11-12 01:37:00+00:00,33,1,16337,11866.25,11866.75,11859.0,11864.0,221,NQ.v.0
2020-11-12 01:38:00+00:00,33,1,16337,11864.5,11866.0,11863.25,11863.25,27,NQ.v.0
2020-11-12 01:39:00+00:00,33,1,16337,11863.0,11863.0,11841.0,11846.5,732,NQ.v.0
2020-11-12 01:40:00+00:00,33,1,16337,11845.5,11848.5,11839.0,11842.75,438,NQ.v.0
2020-11-12 01:41:00+00:00,33,1,16337,11842.25,11846.75,11840.0,11844.75,245,NQ.v.0
2020-11-12 01:42:00+00:00,33,1,16337,11845.25,11850.75,11842.0,11848.5,165,NQ.v.0
2020-11-12 01:43:00+00:00,33,1,16337,11849.75,11851.25,11848.0,11850.25,76,NQ.v.0
2020-11-12 01:44:00+00:00,33,1,16337,11850.75,11852.5,11848.25,11850.75,84,NQ.v.0
2020-11-12 01:45:00+00:00,33,1,16337,11851.0,11853.75,11850.0,11852.0,58,NQ.v.0
2020-11-12 01:46:00+00:00,33,1,16337,11852.0,11852.0,11848.5,11851.5,126,NQ.v.0
2020-11-12 01:47:00+00:00,33,1,16337,11851.75,11854.0,11851.5,11852.5,56,NQ.v.0
2020-11-12 01:48:00+00:00,33,1,16337,11852.75,11852.75,11849.75,11850.5,50,NQ.v.0
2020-11-12 01:49:00+00:00,33,1,16337,11851.25,11853.75,11850.75,11852.25,58,NQ.v.0
2020-11-12 01:50:00+00:00,33,1,16337,11851.5,11853.5,11851.0,11851.25,40,NQ.v.0
2020-11-12 01:51:00+00:00,33,1,16337,11851.25,11853.0,11848.0,11848.0,134,NQ.v.0
2020-11-12 01:52:00+00:00,33,1,16337,11848.0,11852.25,11846.0,11850.25,67,NQ.v.0
2020-11-12 01:53:00+00:00,33,1,16337,11851.5,11852.5,11844.0,11845.0,92,NQ.v.0
2020-11-12 01:54:00+00:00,33,1,16337,11845.25,11845.75,11834.0,11835.5,302,NQ.v.0
2020-11-12 01:55:00+00:00,33,1,16337,11835.5,11845.0,11835.25,11843.0,150,NQ.v.0
2020-11-12 01:56:00+00:00,33,1,16337,11842.25,11844.25,11840.0,11841.75,57,NQ.v.0
2020-11-12 01:57:00+00:00,33,1,16337,11842.0,11849.75,11841.75,11845.75,183,NQ.v.0
2020-11-12 01:58:00+00:00,33,1,16337,11845.25,11847.0,11844.25,11845.5,64,NQ.v.0
2020-11-12 01:59:00+00:00,33,1,16337,11845.75,11849.0,11844.25,11845.0,57,NQ.v.0
2020-11-12 02:00:00+00:00,33,1,16337,11846.0,11849.75,11846.0,11848.25,44,NQ.v.0
2020-11-12 02:01:00+00:00,33,1,16337,11848.75,11851.75,11847.5,11848.5,125,NQ.v.0
2020-11-12 02:02:00+00:00,33,1,16337,11850.0,11850.5,11846.25,11848.25,61,NQ.v.0
2020-11-12 02:03:00+00:00,33,1,16337,11848.5,11848.5,11843.0,11845.25,89,NQ.v.0
2020-11-12 02:04:00+00:00,33,1,16337,11844.75,11847.0,11838.25,11840.5,122,NQ.v.0
2020-11-12 02:05:00+00:00,33,1,16337,11840.0,11842.25,11838.0,11841.0,97,NQ.v.0
2020-11-12 02:06:00+00:00,33,1,16337,11840.75,11842.25,11839.75,11840.0,28,NQ.v.0
2020-11-12 02:07:00+00:00,33,1,16337,11839.75,11840.25,11831.0,11836.75,270,NQ.v.0
2020-11-12 02:08:00+00:00,33,1,16337,11836.25,11840.0,11833.75,11837.25,218,NQ.v.0
2020-11-12 02:09:00+00:00,33,1,16337,11837.25,11845.25,11836.0,11842.25,222,NQ.v.0
2020-11-12 02:10:00+00:00,33,1,16337,11841.0,11847.5,11841.0,11844.75,92,NQ.v.0
2020-11-12 02:11:00+00:00,33,1,16337,11844.5,11849.25,11844.0,11846.75,88,NQ.v.0
2020-11-12 02:12:00+00:00,33,1,16337,11847.0,11849.5,11844.25,11844.25,69,NQ.v.0
2020-11-12 02:13:00+00:00,33,1,16337,11844.0,11844.0,11837.25,11838.5,110,NQ.v.0
2020-11-12 02:14:00+00:00,33,1,16337,11838.75,11841.5,11836.5,11837.25,103,NQ.v.0
2020-11-12 02:15:00+00:00,33,1,16337,11836.5,11838.75,11835.75,11838.25,81,NQ.v.0
2020-11-12 02:16:00+00:00,33,1,16337,11839.0,11840.0,11836.75,11840.0,70,NQ.v.0
2020-11-12 02:17:00+00:00,33,1,16337,11839.75,11840.5,11835.25,11837.75,93,NQ.v.0
2020-11-12 02:18:00+00:00,33,1,16337,11837.25,11839.75,11837.0,11838.5,48,NQ.v.0
2020-11-12 02:19:00+00:00,33,1,16337,11837.25,11838.0,11812.0,11815.75,535,NQ.v.0
2020-11-12 02:20:00+00:00,33,1,16337,11816.25,11826.25,11815.25,11824.25,152,NQ.v.0
2020-11-12 02:21:00+00:00,33,1,16337,11824.5,11826.0,11822.75,11823.5,119,NQ.v.0
2020-11-12 02:22:00+00:00,33,1,16337,11823.25,11826.0,11822.5,11823.5,83,NQ.v.0
2020-11-12 02:23:00+00:00,33,1,16337,11823.25,11828.0,11820.5,11825.75,135,NQ.v.0
2020-11-12 02:24:00+00:00,33,1,16337,11826.25,11833.25,11826.0,11833.25,162,NQ.v.0
2020-11-12 02:25:00+00:00,33,1,16337,11833.25,11838.75,11832.0,11838.5,149,NQ.v.0
2020-11-12 02:26:00+00:00,33,1,16337,11838.25,11839.5,11836.75,11838.25,67,NQ.v.0
2020-11-12 02:27:00+00:00,33,1,16337,11837.25,11837.75,11835.25,11835.25,35,NQ.v.0
2020-11-12 02:28:00+00:00,33,1,16337,11835.25,11839.25,11835.25,11837.25,53,NQ.v.0
2020-11-12 02:29:00+00:00,33,1,16337,11837.75,11837.75,11835.75,11836.75,23,NQ.v.0
2020-11-12 02:30:00+00:00,33,1,16337,11837.25,11845.5,11837.25,11842.75,166,NQ.v.0
2020-11-12 02:31:00+00:00,33,1,16337,11842.0,11844.75,11841.0,11844.5,79,NQ.v.0
2020-11-12 02:32:00+00:00,33,1,16337,11844.75,11845.5,11842.5,11843.0,58,NQ.v.0
2020-11-12 02:33:00+00:00,33,1,16337,11843.5,11846.75,11843.5,11843.75,71,NQ.v.0
2020-11-12 02:34:00+00:00,33,1,16337,11844.5,11844.75,11842.5,11844.75,35,NQ.v.0
2020-11-12 02:35:00+00:00,33,1,16337,11843.5,11845.5,11843.5,11844.0,18,NQ.v.0
2020-11-12 02:36:00+00:00,33,1,16337,11843.75,11844.0,11838.5,11840.25,79,NQ.v.0
2020-11-12 02:37:00+00:00,33,1,16337,11840.25,11841.0,11840.25,11840.25,16,NQ.v.0
2020-11-12 02:38:00+00:00,33,1,16337,11840.0,11840.5,11837.75,11838.5,45,NQ.v.0
2020-11-12 02:39:00+00:00,33,1,16337,11837.5,11839.5,11837.0,11838.25,42,NQ.v.0
2020-11-12 02:40:00+00:00,33,1,16337,11838.25,11842.25,11838.25,11842.25,42,NQ.v.0
2020-11-12 02:41:00+00:00,33,1,16337,11841.5,11845.0,11841.5,11842.5,68,NQ.v.0
2020-11-12 02:42:00+00:00,33,1,16337,11842.75,11843.25,11840.0,11843.25,33,NQ.v.0
2020-11-12 02:43:00+00:00,33,1,16337,11844.0,11846.0,11843.0,11845.5,78,NQ.v.0
2020-11-12 02:44:00+00:00,33,1,16337,11845.25,11849.25,11845.25,11848.5,125,NQ.v.0
2020-11-12 02:45:00+00:00,33,1,16337,11847.75,11848.5,11839.0,11842.25,98,NQ.v.0
2020-11-12 02:46:00+00:00,33,1,16337,11840.75,11842.0,11838.25,11840.5,54,NQ.v.0
2020-11-12 02:47:00+00:00,33,1,16337,11840.25,11843.5,11839.75,11842.25,26,NQ.v.0
2020-11-12 02:48:00+00:00,33,1,16337,11842.75,11846.0,11842.75,11843.75,52,NQ.v.0
2020-11-12 02:49:00+00:00,33,1,16337,11844.0,11844.5,11841.75,11842.75,29,NQ.v.0
2020-11-12 02:50:00+00:00,33,1,16337,11842.0,11844.0,11840.75,11843.0,28,NQ.v.0
2020-11-12 02:51:00+00:00,33,1,16337,11842.0,11842.75,11841.0,11841.0,17,NQ.v.0
2020-11-12 02:52:00+00:00,33,1,16337,11841.0,11844.0,11837.5,11844.0,64,NQ.v.0
2020-11-12 02:53:00+00:00,33,1,16337,11843.5,11844.5,11842.5,11843.0,17,NQ.v.0
2020-11-12 02:54:00+00:00,33,1,16337,11842.5,11842.5,11840.0,11841.0,16,NQ.v.0
2020-11-12 02:55:00+00:00,33,1,16337,11840.75,11840.75,11838.0,11839.0,48,NQ.v.0
2020-11-12 02:56:00+00:00,33,1,16337,11839.75,11840.0,11837.75,11839.5,23,NQ.v.0
2020-11-12 02:57:00+00:00,33,1,16337,11839.25,11840.5,11830.25,11833.25,184,NQ.v.0
2020-11-12 02:58:00+00:00,33,1,16337,11834.0,11839.0,11833.0,11838.5,70,NQ.v.0
2020-11-12 02:59:00+00:00,33,1,16337,11839.0,11849.0,11838.25,11847.0,160,NQ.v.0
2020-11-12 03:00:00+00:00,33,1,16337,11846.0,11846.75,11843.0,11845.0,61,NQ.v.0
2020-11-12 03:01:00+00:00,33,1,16337,11845.25,11847.0,11843.25,11847.0,40,NQ.v.0
2020-11-12 03:02:00+00:00,33,1,16337,11846.75,11853.25,11845.0,11849.0,187,NQ.v.0
2020-11-12 03:03:00+00:00,33,1,16337,11848.5,11851.0,11848.0,11849.5,51,NQ.v.0
2020-11-12 03:04:00+00:00,33,1,16337,11849.25,11851.0,11847.5,11849.75,60,NQ.v.0
2020-11-12 03:05:00+00:00,33,1,16337,11849.25,11854.0,11849.25,11851.25,63,NQ.v.0
2020-11-12 03:06:00+00:00,33,1,16337,11849.5,11851.25,11845.25,11846.75,61,NQ.v.0
2020-11-12 03:07:00+00:00,33,1,16337,11846.25,11847.25,11844.75,11846.0,25,NQ.v.0
2020-11-12 03:08:00+00:00,33,1,16337,11845.75,11847.0,11845.0,11845.0,44,NQ.v.0
2020-11-12 03:09:00+00:00,33,1,16337,11844.5,11844.75,11839.0,11839.5,65,NQ.v.0
2020-11-12 03:10:00+00:00,33,1,16337,11840.25,11844.0,11839.25,11840.5,84,NQ.v.0
2020-11-12 03:11:00+00:00,33,1,16337,11840.5,11842.75,11838.75,11841.5,55,NQ.v.0
2020-11-12 03:12:00+00:00,33,1,16337,11840.5,11842.0,11839.25,11841.0,69,NQ.v.0
2020-11-12 03:13:00+00:00,33,1,16337,11841.5,11843.0,11838.25,11838.25,80,NQ.v.0
2020-11-12 03:14:00+00:00,33,1,16337,11838.0,11838.0,11834.75,11837.75,86,NQ.v.0
2020-11-12 03:15:00+00:00,33,1,16337,11836.5,11842.75,11836.5,11839.5,60,NQ.v.0
2020-11-12 03:16:00+00:00,33,1,16337,11841.0,11845.25,11839.75,11845.25,50,NQ.v.0
2020-11-12 03:17:00+00:00,33,1,16337,11845.75,11846.75,11844.25,11844.25,41,NQ.v.0
2020-11-12 03:18:00+00:00,33,1,16337,11845.25,11846.0,11841.25,11841.25,37,NQ.v.0
2020-11-12 03:19:00+00:00,33,1,16337,11841.25,11842.0,11835.75,11836.25,85,NQ.v.0
2020-11-12 03:20:00+00:00,33,1,16337,11837.5,11844.0,11836.0,11841.5,118,NQ.v.0
2020-11-12 03:21:00+00:00,33,1,16337,11841.25,11841.25,11835.25,11837.0,95,NQ.v.0
2020-11-12 03:22:00+00:00,33,1,16337,11835.75,11836.75,11834.75,11836.75,23,NQ.v.0
2020-11-12 03:23:00+00:00,33,1,16337,11836.75,11837.75,11835.25,11835.5,20,NQ.v.0
2020-11-12 03:24:00+00:00,33,1,16337,11836.0,11837.25,11830.0,11831.75,101,NQ.v.0
2020-11-12 03:25:00+00:00,33,1,16337,11830.5,11837.5,11830.5,11834.25,144,NQ.v.0
2020-11-12 03:26:00+00:00,33,1,16337,11834.0,11835.5,11833.25,11835.0,88,NQ.v.0
2020-11-12 03:27:00+00:00,33,1,16337,11835.25,11837.0,11834.0,11835.0,98,NQ.v.0
2020-11-12 03:28:00+00:00,33,1,16337,11835.0,11836.75,11833.0,11836.75,44,NQ.v.0
2020-11-12 03:29:00+00:00,33,1,16337,11836.25,11837.0,11834.25,11835.5,31,NQ.v.0
2020-11-12 03:30:00+00:00,33,1,16337,11834.75,11834.75,11812.5,11823.25,504,NQ.v.0
2020-11-12 03:31:00+00:00,33,1,16337,11824.25,11827.25,11818.5,11821.25,155,NQ.v.0
2020-11-12 03:32:00+00:00,33,1,16337,11819.5,11824.5,11819.5,11824.5,81,NQ.v.0
2020-11-12 03:33:00+00:00,33,1,16337,11824.75,11824.75,11802.75,11809.0,484,NQ.v.0
2020-11-12 03:34:00+00:00,33,1,16337,11809.0,11810.75,11796.25,11797.0,495,NQ.v.0
2020-11-12 03:35:00+00:00,33,1,16337,11796.0,11806.0,11790.0,11803.5,456,NQ.v.0
2020-11-12 03:36:00+00:00,33,1,16337,11802.75,11807.25,11802.5,11806.25,92,NQ.v.0
2020-11-12 03:37:00+00:00,33,1,16337,11804.25,11809.0,11797.0,11798.0,193,NQ.v.0
2020-11-12 03:38:00+00:00,33,1,16337,11799.75,11803.25,11793.25,11794.75,227,NQ.v.0
2020-11-12 03:39:00+00:00,33,1,16337,11795.5,11798.25,11781.25,11796.0,453,NQ.v.0
2020-11-12 03:40:00+00:00,33,1,16337,11796.75,11809.0,11795.0,11807.0,414,NQ.v.0
2020-11-12 03:41:00+00:00,33,1,16337,11806.0,11807.75,11803.0,11803.25,110,NQ.v.0
2020-11-12 03:42:00+00:00,33,1,16337,11805.25,11805.25,11802.5,11803.75,80,NQ.v.0
2020-11-12 03:43:00+00:00,33,1,16337,11803.5,11806.75,11803.25,11806.75,35,NQ.v.0
2020-11-12 03:44:00+00:00,33,1,16337,11806.75,11807.75,11805.5,11806.75,22,NQ.v.0
2020-11-12 03:45:00+00:00,33,1,16337,11805.5,11813.5,11804.25,11812.75,197,NQ.v.0
2020-11-12 03:46:00+00:00,33,1,16337,11813.0,11815.0,11809.25,11809.25,109,NQ.v.0
2020-11-12 03:47:00+00:00,33,1,16337,11809.0,11810.25,11800.5,11801.5,122,NQ.v.0
2020-11-12 03:48:00+00:00,33,1,16337,11801.5,11803.75,11793.75,11799.0,127,NQ.v.0
2020-11-12 03:49:00+00:00,33,1,16337,11799.0,11803.5,11799.0,11803.5,48,NQ.v.0
2020-11-12 03:50:00+00:00,33,1,16337,11803.75,11810.25,11802.75,11807.5,184,NQ.v.0
2020-11-12 03:51:00+00:00,33,1,16337,11806.25,11808.5,11800.25,11804.5,85,NQ.v.0
2020-11-12 03:52:00+00:00,33,1,16337,11804.5,11807.0,11803.25,11806.25,84,NQ.v.0
2020-11-12 03:53:00+00:00,33,1,16337,11805.5,11809.25,11805.5,11808.0,49,NQ.v.0
2020-11-12 03:54:00+00:00,33,1,16337,11807.0,11809.25,11804.5,11808.25,57,NQ.v.0
2020-11-12 03:55:00+00:00,33,1,16337,11809.5,11810.0,11800.75,11802.25,85,NQ.v.0
2020-11-12 03:56:00+00:00,33,1,16337,11803.0,11804.25,11798.75,11804.25,143,NQ.v.0
2020-11-12 03:57:00+00:00,33,1,16337,11802.75,11804.5,11802.5,11803.0,29,NQ.v.0
2020-11-12 03:58:00+00:00,33,1,16337,11802.75,11807.75,11802.25,11804.0,45,NQ.v.0
2020-11-12 03:59:00+00:00,33,1,16337,11805.25,11807.25,11803.0,11804.25,52,NQ.v.0
2020-11-12 04:00:00+00:00,33,1,16337,11803.75,11806.75,11803.0,11806.25,24,NQ.v.0
2020-11-12 04:01:00+00:00,33,1,16337,11806.0,11808.75,11805.5,11806.75,48,NQ.v.0
2020-11-12 04:02:00+00:00,33,1,16337,11807.5,11809.0,11805.0,11809.0,29,NQ.v.0
2020-11-12 04:03:00+00:00,33,1,16337,11808.5,11810.0,11806.25,11808.75,46,NQ.v.0
2020-11-12 04:04:00+00:00,33,1,16337,11808.75,11808.75,11806.0,11806.75,16,NQ.v.0
2020-11-12 04:05:00+00:00,33,1,16337,11806.75,11812.0,11806.75,11810.75,52,NQ.v.0
2020-11-12 04:06:00+00:00,33,1,16337,11811.5,11812.5,11808.75,11810.0,46,NQ.v.0
2020-11-12 04:07:00+00:00,33,1,16337,11811.0,11813.25,11810.0,11810.0,43,NQ.v.0
2020-11-12 04:08:00+00:00,33,1,16337,11810.0,11810.75,11808.5,11810.75,40,NQ.v.0
2020-11-12 04:09:00+00:00,33,1,16337,11810.0,11810.25,11809.25,11809.75,12,NQ.v.0
2020-11-12 04:10:00+00:00,33,1,16337,11809.75,11813.25,11809.25,11813.0,52,NQ.v.0
2020-11-12 04:11:00+00:00,33,1,16337,11813.0,11820.25,11810.75,11814.25,239,NQ.v.0
2020-11-12 04:12:00+00:00,33,1,16337,11814.75,11815.75,11812.75,11813.5,55,NQ.v.0
2020-11-12 04:13:00+00:00,33,1,16337,11813.25,11813.25,11811.0,11812.5,49,NQ.v.0
2020-11-12 04:14:00+00:00,33,1,16337,11811.25,11812.5,11807.0,11807.0,50,NQ.v.0
2020-11-12 04:15:00+00:00,33,1,16337,11808.75,11812.25,11808.25,11811.5,59,NQ.v.0
2020-11-12 04:16:00+00:00,33,1,16337,11809.75,11812.75,11809.25,11810.75,30,NQ.v.0
2020-11-12 04:17:00+00:00,33,1,16337,11810.5,11811.5,11809.25,11810.75,41,NQ.v.0
2020-11-12 04:18:00+00:00,33,1,16337,11809.5,11811.0,11807.25,11811.0,27,NQ.v.0
2020-11-12 04:19:00+00:00,33,1,16337,11812.0,11812.25,11810.25,11811.25,10,NQ.v.0
2020-11-12 04:20:00+00:00,33,1,16337,11811.0,11813.5,11809.0,11809.0,35,NQ.v.0
2020-11-12 04:21:00+00:00,33,1,16337,11808.75,11809.5,11806.5,11809.5,46,NQ.v.0
2020-11-12 04:22:00+00:00,33,1,16337,11810.0,11813.0,11809.5,11812.25,45,NQ.v.0
2020-11-12 04:23:00+00:00,33,1,16337,11813.0,11820.0,11812.0,11819.25,127,NQ.v.0
2020-11-12 04:24:00+00:00,33,1,16337,11820.0,11820.0,11817.0,11817.25,59,NQ.v.0
2020-11-12 04:25:00+00:00,33,1,16337,11817.0,11818.5,11816.0,11818.5,26,NQ.v.0
2020-11-12 04:26:00+00:00,33,1,16337,11818.75,11818.75,11816.5,11818.25,33,NQ.v.0
2020-11-12 04:27:00+00:00,33,1,16337,11818.75,11819.0,11816.0,11816.75,20,NQ.v.0
2020-11-12 04:28:00+00:00,33,1,16337,11816.25,11816.75,11813.75,11814.5,39,NQ.v.0
2020-11-12 04:29:00+00:00,33,1,16337,11814.25,11816.75,11814.25,11815.0,18,NQ.v.0
2020-11-12 04:30:00+00:00,33,1,16337,11815.0,11818.5,11814.5,11817.0,46,NQ.v.0
2020-11-12 04:31:00+00:00,33,1,16337,11816.5,11818.5,11816.25,11817.0,24,NQ.v.0
2020-11-12 04:32:00+00:00,33,1,16337,11816.0,11816.5,11811.25,11811.25,37,NQ.v.0
2020-11-12 04:33:00+00:00,33,1,16337,11811.25,11814.25,11809.0,11813.25,46,NQ.v.0
2020-11-12 04:34:00+00:00,33,1,16337,11813.0,11814.25,11811.0,11811.5,26,NQ.v.0
2020-11-12 04:35:00+00:00,33,1,16337,11811.5,11815.0,11811.5,11814.0,20,NQ.v.0
2020-11-12 04:36:00+00:00,33,1,16337,11813.5,11817.0,11813.5,11814.5,47,NQ.v.0
2020-11-12 04:37:00+00:00,33,1,16337,11814.5,11815.0,11811.5,11814.75,41,NQ.v.0
2020-11-12 04:38:00+00:00,33,1,16337,11814.25,11817.0,11813.0,11813.0,41,NQ.v.0
2020-11-12 04:39:00+00:00,33,1,16337,11811.75,11814.25,11811.0,11813.0,17,NQ.v.0
2020-11-12 04:40:00+00:00,33,1,16337,11813.5,11815.0,11812.0,11812.0,28,NQ.v.0
2020-11-12 04:41:00+00:00,33,1,16337,11812.75,11812.75,11809.0,11810.5,35,NQ.v.0
2020-11-12 04:42:00+00:00,33,1,16337,11810.75,11811.75,11809.25,11809.25,24,NQ.v.0
2020-11-12 04:43:00+00:00,33,1,16337,11809.0,11809.0,11805.0,11807.0,79,NQ.v.0
2020-11-12 04:44:00+00:00,33,1,16337,11807.0,11811.5,11806.0,11809.75,43,NQ.v.0
2020-11-12 04:45:00+00:00,33,1,16337,11809.5,11814.0,11809.5,11813.5,88,NQ.v.0
2020-11-12 04:46:00+00:00,33,1,16337,11813.0,11814.0,11812.25,11812.5,21,NQ.v.0
2020-11-12 04:47:00+00:00,33,1,16337,11812.25,11815.0,11810.75,11811.25,59,NQ.v.0
2020-11-12 04:48:00+00:00,33,1,16337,11811.25,11811.25,11807.0,11808.75,53,NQ.v.0
2020-11-12 04:49:00+00:00,33,1,16337,11807.75,11809.75,11803.5,11803.5,64,NQ.v.0
2020-11-12 04:50:00+00:00,33,1,16337,11803.25,11804.0,11800.0,11802.5,686,NQ.v.0
2020-11-12 04:51:00+00:00,33,1,16337,11802.25,11806.0,11800.25,11801.5,184,NQ.v.0
2020-11-12 04:52:00+00:00,33,1,16337,11800.75,11803.5,11799.25,11800.25,477,NQ.v.0
2020-11-12 04:53:00+00:00,33,1,16337,11799.5,11803.25,11796.75,11801.75,137,NQ.v.0
2020-11-12 04:54:00+00:00,33,1,16337,11802.5,11805.0,11801.25,11803.0,71,NQ.v.0
2020-11-12 04:55:00+00:00,33,1,16337,11802.25,11805.75,11802.25,11803.25,94,NQ.v.0
2020-11-12 04:56:00+00:00,33,1,16337,11802.5,11807.0,11801.0,11805.5,81,NQ.v.0
2020-11-12 04:57:00+00:00,33,1,16337,11805.0,11810.0,11803.25,11809.5,54,NQ.v.0
2020-11-12 04:58:00+00:00,33,1,16337,11809.0,11810.75,11803.75,11805.0,77,NQ.v.0
2020-11-12 04:59:00+00:00,33,1,16337,11804.25,11806.75,11804.0,11806.0,24,NQ.v.0
2020-11-12 05:00:00+00:00,33,1,16337,11806.75,11808.5,11805.75,11808.25,47,NQ.v.0
2020-11-12 05:01:00+00:00,33,1,16337,11808.0,11813.25,11805.0,11811.5,100,NQ.v.0
2020-11-12 05:02:00+00:00,33,1,16337,11811.25,11814.75,11809.0,11811.75,113,NQ.v.0
2020-11-12 05:03:00+00:00,33,1,16337,11811.75,11814.25,11811.75,11813.25,49,NQ.v.0
2020-11-12 05:04:00+00:00,33,1,16337,11812.75,11818.25,11812.75,11816.5,214,NQ.v.0
2020-11-12 05:05:00+00:00,33,1,16337,11816.75,11833.5,11816.5,11827.5,492,NQ.v.0
2020-11-12 05:06:00+00:00,33,1,16337,11828.25,11833.0,11826.5,11828.0,111,NQ.v.0
2020-11-12 05:07:00+00:00,33,1,16337,11827.5,11834.0,11827.5,11833.5,122,NQ.v.0
2020-11-12 05:08:00+00:00,33,1,16337,11833.25,11843.0,11833.25,11839.0,365,NQ.v.0
2020-11-12 05:09:00+00:00,33,1,16337,11839.25,11842.5,11838.25,11839.0,152,NQ.v.0
2020-11-12 05:10:00+00:00,33,1,16337,11839.0,11839.75,11835.0,11836.75,122,NQ.v.0
2020-11-12 05:11:00+00:00,33,1,16337,11837.25,11840.75,11836.5,11840.5,70,NQ.v.0
2020-11-12 05:12:00+00:00,33,1,16337,11839.5,11841.75,11838.25,11839.25,91,NQ.v.0
2020-11-12 05:13:00+00:00,33,1,16337,11839.75,11846.0,11839.75,11842.5,161,NQ.v.0
2020-11-12 05:14:00+00:00,33,1,16337,11842.75,11846.75,11842.75,11844.0,132,NQ.v.0
2020-11-12 05:15:00+00:00,33,1,16337,11845.0,11845.0,11842.0,11843.0,61,NQ.v.0
2020-11-12 05:16:00+00:00,33,1,16337,11843.25,11844.5,11840.75,11843.0,83,NQ.v.0
2020-11-12 05:17:00+00:00,33,1,16337,11842.25,11842.25,11838.75,11840.75,81,NQ.v.0
2020-11-12 05:18:00+00:00,33,1,16337,11841.0,11842.0,11839.0,11840.75,114,NQ.v.0
2020-11-12 05:19:00+00:00,33,1,16337,11840.25,11840.25,11837.25,11838.25,77,NQ.v.0
2020-11-12 05:20:00+00:00,33,1,16337,11838.5,11841.5,11836.0,11840.25,160,NQ.v.0
2020-11-12 05:21:00+00:00,33,1,16337,11839.5,11841.5,11838.25,11840.75,90,NQ.v.0
2020-11-12 05:22:00+00:00,33,1,16337,11841.25,11844.75,11839.5,11840.5,114,NQ.v.0
2020-11-12 05:23:00+00:00,33,1,16337,11840.75,11846.5,11840.0,11845.75,208,NQ.v.0
2020-11-12 05:24:00+00:00,33,1,16337,11845.5,11866.75,11844.5,11861.0,1065,NQ.v.0
2020-11-12 05:25:00+00:00,33,1,16337,11861.5,11861.75,11854.5,11855.5,186,NQ.v.0
2020-11-12 05:26:00+00:00,33,1,16337,11854.75,11866.75,11854.75,11863.0,361,NQ.v.0
2020-11-12 05:27:00+00:00,33,1,16337,11863.5,11874.5,11862.0,11867.75,344,NQ.v.0
2020-11-12 05:28:00+00:00,33,1,16337,11868.5,11870.0,11866.0,11866.75,94,NQ.v.0
2020-11-12 05:29:00+00:00,33,1,16337,11867.75,11874.25,11866.0,11872.5,222,NQ.v.0
2020-11-12 05:30:00+00:00,33,1,16337,11872.0,11873.5,11865.75,11869.0,117,NQ.v.0
2020-11-12 05:31:00+00:00,33,1,16337,11869.5,11870.25,11866.5,11866.75,96,NQ.v.0
2020-11-12 05:32:00+00:00,33,1,16337,11867.75,11868.25,11862.5,11863.75,84,NQ.v.0
2020-11-12 05:33:00+00:00,33,1,16337,11863.75,11867.25,11862.5,11862.75,103,NQ.v.0
2020-11-12 05:34:00+00:00,33,1,16337,11863.0,11865.5,11862.5,11865.25,103,NQ.v.0
2020-11-12 05:35:00+00:00,33,1,16337,11865.0,11866.0,11861.0,11862.5,76,NQ.v.0
2020-11-12 05:36:00+00:00,33,1,16337,11862.25,11865.75,11861.5,11863.5,86,NQ.v.0
2020-11-12 05:37:00+00:00,33,1,16337,11864.75,11865.0,11860.5,11863.5,69,NQ.v.0
2020-11-12 05:38:00+00:00,33,1,16337,11864.0,11864.0,11856.0,11856.75,147,NQ.v.0
2020-11-12 05:39:00+00:00,33,1,16337,11856.5,11859.5,11856.0,11859.25,89,NQ.v.0
2020-11-12 05:40:00+00:00,33,1,16337,11859.25,11860.75,11841.5,11844.0,483,NQ.v.0
2020-11-12 05:41:00+00:00,33,1,16337,11844.5,11855.25,11843.0,11849.5,330,NQ.v.0
2020-11-12 05:42:00+00:00,33,1,16337,11848.75,11851.75,11847.5,11849.5,53,NQ.v.0
2020-11-12 05:43:00+00:00,33,1,16337,11849.0,11850.75,11848.75,11850.0,38,NQ.v.0
2020-11-12 05:44:00+00:00,33,1,16337,11850.5,11854.75,11847.0,11848.0,96,NQ.v.0
2020-11-12 05:45:00+00:00,33,1,16337,11848.75,11848.75,11838.75,11843.25,265,NQ.v.0
2020-11-12 05:46:00+00:00,33,1,16337,11843.75,11847.75,11843.75,11846.25,99,NQ.v.0
2020-11-12 05:47:00+00:00,33,1,16337,11846.25,11853.75,11846.0,11849.75,110,NQ.v.0
2020-11-12 05:48:00+00:00,33,1,16337,11849.0,11850.5,11845.0,11850.25,94,NQ.v.0
2020-11-12 05:49:00+00:00,33,1,16337,11851.0,11865.25,11851.0,11859.5,348,NQ.v.0
2020-11-12 05:50:00+00:00,33,1,16337,11859.5,11864.25,11858.75,11861.75,131,NQ.v.0
2020-11-12 05:51:00+00:00,33,1,16337,11861.25,11862.25,11858.0,11859.25,98,NQ.v.0
2020-11-12 05:52:00+00:00,33,1,16337,11858.75,11864.75,11858.0,11860.75,104,NQ.v.0
2020-11-12 05:53:00+00:00,33,1,16337,11861.0,11865.0,11859.5,11865.0,72,NQ.v.0
2020-11-12 05:54:00+00:00,33,1,16337,11865.25,11868.0,11863.25,11865.5,131,NQ.v.0
2020-11-12 05:55:00+00:00,33,1,16337,11865.25,11865.25,11851.75,11855.5,144,NQ.v.0
2020-11-12 05:56:00+00:00,33,1,16337,11855.0,11857.25,11852.5,11855.0,91,NQ.v.0
2020-11-12 05:57:00+00:00,33,1,16337,11856.25,11871.0,11856.25,11867.0,365,NQ.v.0
2020-11-12 05:58:00+00:00,33,1,16337,11866.5,11869.75,11864.25,11869.25,113,NQ.v.0
2020-11-12 05:59:00+00:00,33,1,16337,11869.0,11870.0,11862.5,11866.5,153,NQ.v.0
2020-11-12 06:00:00+00:00,33,1,16337,11866.25,11871.0,11864.5,11867.0,150,NQ.v.0
2020-11-12 06:01:00+00:00,33,1,16337,11868.0,11868.5,11862.0,11864.0,70,NQ.v.0
2020-11-12 06:02:00+00:00,33,1,16337,11863.0,11867.0,11858.5,11861.75,121,NQ.v.0
2020-11-12 06:03:00+00:00,33,1,16337,11862.75,11865.25,11862.75,11864.25,36,NQ.v.0
2020-11-12 06:04:00+00:00,33,1,16337,11863.0,11864.0,11860.0,11863.25,98,NQ.v.0
2020-11-12 06:05:00+00:00,33,1,16337,11862.0,11862.25,11860.0,11861.0,20,NQ.v.0
2020-11-12 06:06:00+00:00,33,1,16337,11861.5,11861.5,11855.75,11855.75,50,NQ.v.0
2020-11-12 06:07:00+00:00,33,1,16337,11855.75,11855.75,11851.75,11854.5,147,NQ.v.0
2020-11-12 06:08:00+00:00,33,1,16337,11854.5,11855.0,11852.0,11852.75,67,NQ.v.0
2020-11-12 06:09:00+00:00,33,1,16337,11853.25,11855.5,11852.5,11853.5,50,NQ.v.0
2020-11-12 06:10:00+00:00,33,1,16337,11854.0,11854.0,11849.75,11850.75,82,NQ.v.0
2020-11-12 06:11:00+00:00,33,1,16337,11851.25,11853.25,11847.25,11848.0,74,NQ.v.0
2020-11-12 06:12:00+00:00,33,1,16337,11848.75,11851.5,11848.75,11851.0,38,NQ.v.0
2020-11-12 06:13:00+00:00,33,1,16337,11850.75,11851.5,11847.5,11847.5,40,NQ.v.0
2020-11-12 06:14:00+00:00,33,1,16337,11848.25,11851.25,11844.25,11844.25,80,NQ.v.0
2020-11-12 06:15:00+00:00,33,1,16337,11844.75,11848.5,11839.25,11845.5,344,NQ.v.0
2020-11-12 06:16:00+00:00,33,1,16337,11844.5,11846.5,11835.75,11838.25,211,NQ.v.0
2020-11-12 06:17:00+00:00,33,1,16337,11839.0,11841.0,11837.75,11839.5,134,NQ.v.0
2020-11-12 06:18:00+00:00,33,1,16337,11840.5,11844.0,11837.5,11839.0,120,NQ.v.0
2020-11-12 06:19:00+00:00,33,1,16337,11838.25,11842.75,11837.0,11840.0,70,NQ.v.0
2020-11-12 06:20:00+00:00,33,1,16337,11841.0,11846.0,11841.0,11843.0,91,NQ.v.0
2020-11-12 06:21:00+00:00,33,1,16337,11842.5,11842.5,11830.5,11838.0,258,NQ.v.0
2020-11-12 06:22:00+00:00,33,1,16337,11838.75,11840.75,11834.5,11836.25,112,NQ.v.0
2020-11-12 06:23:00+00:00,33,1,16337,11836.25,11837.0,11827.5,11835.25,276,NQ.v.0
2020-11-12 06:24:00+00:00,33,1,16337,11835.75,11838.0,11828.25,11828.75,160,NQ.v.0
2020-11-12 06:25:00+00:00,33,1,16337,11828.5,11836.75,11828.5,11834.5,120,NQ.v.0
2020-11-12 06:26:00+00:00,33,1,16337,11834.25,11838.75,11834.25,11837.5,106,NQ.v.0
2020-11-12 06:27:00+00:00,33,1,16337,11836.75,11838.25,11836.25,11838.0,35,NQ.v.0
2020-11-12 06:28:00+00:00,33,1,16337,11838.25,11843.75,11837.5,11840.75,152,NQ.v.0
2020-11-12 06:29:00+00:00,33,1,16337,11840.75,11842.25,11837.75,11838.25,108,NQ.v.0
2020-11-12 06:30:00+00:00,33,1,16337,11838.25,11843.75,11838.0,11843.75,148,NQ.v.0
2020-11-12 06:31:00+00:00,33,1,16337,11843.75,11848.0,11843.5,11846.75,190,NQ.v.0
2020-11-12 06:32:00+00:00,33,1,16337,11847.25,11857.0,11847.25,11849.75,227,NQ.v.0
2020-11-12 06:33:00+00:00,33,1,16337,11850.0,11853.0,11850.0,11851.75,49,NQ.v.0
2020-11-12 06:34:00+00:00,33,1,16337,11851.5,11852.75,11849.75,11851.0,71,NQ.v.0
2020-11-12 06:35:00+00:00,33,1,16337,11852.0,11852.5,11848.75,11851.5,88,NQ.v.0
2020-11-12 06:36:00+00:00,33,1,16337,11852.25,11853.25,11843.75,11847.5,128,NQ.v.0
2020-11-12 06:37:00+00:00,33,1,16337,11847.0,11849.5,11846.0,11848.25,73,NQ.v.0
2020-11-12 06:38:00+00:00,33,1,16337,11849.25,11849.5,11847.75,11848.5,20,NQ.v.0
2020-11-12 06:39:00+00:00,33,1,16337,11848.0,11850.25,11845.0,11850.25,68,NQ.v.0
2020-11-12 06:40:00+00:00,33,1,16337,11850.0,11855.5,11848.5,11854.0,95,NQ.v.0
2020-11-12 06:41:00+00:00,33,1,16337,11854.75,11856.75,11852.0,11853.0,137,NQ.v.0
2020-11-12 06:42:00+00:00,33,1,16337,11853.5,11854.0,11849.75,11850.75,63,NQ.v.0
2020-11-12 06:43:00+00:00,33,1,16337,11849.75,11851.75,11849.5,11850.5,29,NQ.v.0
2020-11-12 06:44:00+00:00,33,1,16337,11851.25,11854.0,11850.5,11854.0,58,NQ.v.0
2020-11-12 06:45:00+00:00,33,1,16337,11853.5,11855.5,11851.0,11855.5,80,NQ.v.0
2020-11-12 06:46:00+00:00,33,1,16337,11855.75,11859.75,11854.75,11857.75,159,NQ.v.0
2020-11-12 06:47:00+00:00,33,1,16337,11858.5,11858.5,11852.5,11855.0,50,NQ.v.0
2020-11-12 06:48:00+00:00,33,1,16337,11855.5,11855.75,11852.75,11854.25,73,NQ.v.0
2020-11-12 06:49:00+00:00,33,1,16337,11853.25,11854.75,11852.0,11852.75,30,NQ.v.0
2020-11-12 06:50:00+00:00,33,1,16337,11852.0,11852.5,11850.75,11852.0,18,NQ.v.0
2020-11-12 06:51:00+00:00,33,1,16337,11852.25,11853.25,11847.25,11848.25,72,NQ.v.0
2020-11-12 06:52:00+00:00,33,1,16337,11849.0,11849.75,11848.5,11849.5,23,NQ.v.0
2020-11-12 06:53:00+00:00,33,1,16337,11849.75,11853.75,11849.0,11852.5,55,NQ.v.0
2020-11-12 06:54:00+00:00,33,1,16337,11853.0,11856.0,11853.0,11854.25,28,NQ.v.0
2020-11-12 06:55:00+00:00,33,1,16337,11854.25,11855.0,11852.75,11854.25,64,NQ.v.0
2020-11-12 06:56:00+00:00,33,1,16337,11854.25,11854.25,11852.25,11853.5,26,NQ.v.0
2020-11-12 06:57:00+00:00,33,1,16337,11852.25,11855.0,11852.25,11855.0,41,NQ.v.0
2020-11-12 06:58:00+00:00,33,1,16337,11854.25,11854.25,11852.0,11852.0,48,NQ.v.0
2020-11-12 06:59:00+00:00,33,1,16337,11853.0,11853.0,11845.0,11847.0,76,NQ.v.0
2020-11-12 07:00:00+00:00,33,1,16337,11846.5,11849.75,11841.25,11842.5,135,NQ.v.0
2020-11-12 07:01:00+00:00,33,1,16337,11842.75,11846.25,11841.25,11845.25,80,NQ.v.0
2020-11-12 07:02:00+00:00,33,1,16337,11845.0,11849.5,11844.25,11848.25,49,NQ.v.0
2020-11-12 07:03:00+00:00,33,1,16337,11848.0,11854.5,11846.75,11854.25,143,NQ.v.0
2020-11-12 07:04:00+00:00,33,1,16337,11853.5,11861.75,11853.5,11857.25,207,NQ.v.0
2020-11-12 07:05:00+00:00,33,1,16337,11857.0,11860.75,11854.5,11859.25,105,NQ.v.0
2020-11-12 07:06:00+00:00,33,1,16337,11858.5,11859.5,11856.0,11859.0,73,NQ.v.0
2020-11-12 07:07:00+00:00,33,1,16337,11859.5,11868.0,11859.5,11863.75,237,NQ.v.0
2020-11-12 07:08:00+00:00,33,1,16337,11863.5,11865.75,11861.0,11865.75,99,NQ.v.0
2020-11-12 07:09:00+00:00,33,1,16337,11866.0,11866.75,11860.25,11860.75,108,NQ.v.0
2020-11-12 07:10:00+00:00,33,1,16337,11861.25,11864.0,11860.25,11863.25,71,NQ.v.0
2020-11-12 07:11:00+00:00,33,1,16337,11862.5,11866.0,11857.5,11862.75,101,NQ.v.0
2020-11-12 07:12:00+00:00,33,1,16337,11861.75,11866.0,11859.0,11859.75,113,NQ.v.0
2020-11-12 07:13:00+00:00,33,1,16337,11860.25,11861.5,11858.75,11860.75,38,NQ.v.0
2020-11-12 07:14:00+00:00,33,1,16337,11860.25,11860.25,11853.75,11855.75,126,NQ.v.0
2020-11-12 07:15:00+00:00,33,1,16337,11855.0,11858.0,11847.25,11847.25,118,NQ.v.0
2020-11-12 07:16:00+00:00,33,1,16337,11848.0,11855.0,11847.25,11853.75,143,NQ.v.0
2020-11-12 07:17:00+00:00,33,1,16337,11854.25,11859.5,11852.75,11859.0,104,NQ.v.0
2020-11-12 07:18:00+00:00,33,1,16337,11858.25,11861.5,11855.25,11855.25,89,NQ.v.0
2020-11-12 07:19:00+00:00,33,1,16337,11855.0,11856.5,11847.0,11849.0,148,NQ.v.0
2020-11-12 07:20:00+00:00,33,1,16337,11848.5,11853.0,11846.25,11853.0,121,NQ.v.0
2020-11-12 07:21:00+00:00,33,1,16337,11853.25,11854.25,11851.0,11854.0,54,NQ.v.0
2020-11-12 07:22:00+00:00,33,1,16337,11853.0,11857.25,11853.0,11856.25,73,NQ.v.0
2020-11-12 07:23:00+00:00,33,1,16337,11856.75,11856.75,11850.0,11850.25,61,NQ.v.0
2020-11-12 07:24:00+00:00,33,1,16337,11850.0,11851.0,11848.5,11849.5,35,NQ.v.0
2020-11-12 07:25:00+00:00,33,1,16337,11850.25,11854.75,11848.5,11854.0,70,NQ.v.0
2020-11-12 07:26:00+00:00,33,1,16337,11854.0,11854.25,11852.25,11852.25,12,NQ.v.0
2020-11-12 07:27:00+00:00,33,1,16337,11850.75,11856.5,11850.75,11856.0,58,NQ.v.0
2020-11-12 07:28:00+00:00,33,1,16337,11855.5,11858.25,11853.25,11857.0,106,NQ.v.0
2020-11-12 07:29:00+00:00,33,1,16337,11857.0,11857.0,11850.75,11851.75,70,NQ.v.0
2020-11-12 07:30:00+00:00,33,1,16337,11852.25,11855.5,11850.75,11852.0,64,NQ.v.0
2020-11-12 07:31:00+00:00,33,1,16337,11851.5,11851.5,11838.0,11839.5,325,NQ.v.0
2020-11-12 07:32:00+00:00,33,1,16337,11838.75,11845.5,11838.75,11842.25,190,NQ.v.0
2020-11-12 07:33:00+00:00,33,1,16337,11842.75,11846.5,11840.5,11842.75,115,NQ.v.0
2020-11-12 07:34:00+00:00,33,1,16337,11842.5,11842.5,11837.0,11838.0,112,NQ.v.0
2020-11-12 07:35:00+00:00,33,1,16337,11838.0,11843.75,11837.0,11838.75,177,NQ.v.0
2020-11-12 07:36:00+00:00,33,1,16337,11838.5,11840.25,11836.5,11838.0,47,NQ.v.0
2020-11-12 07:37:00+00:00,33,1,16337,11839.5,11840.0,11831.25,11838.25,218,NQ.v.0
2020-11-12 07:38:00+00:00,33,1,16337,11838.0,11841.0,11837.25,11837.25,100,NQ.v.0
2020-11-12 07:39:00+00:00,33,1,16337,11838.25,11841.0,11837.25,11841.0,30,NQ.v.0
2020-11-12 07:40:00+00:00,33,1,16337,11841.25,11841.25,11835.25,11837.75,98,NQ.v.0
2020-11-12 07:41:00+00:00,33,1,16337,11836.75,11838.5,11834.25,11835.75,82,NQ.v.0
2020-11-12 07:42:00+00:00,33,1,16337,11835.25,11838.5,11834.0,11837.5,54,NQ.v.0
2020-11-12 07:43:00+00:00,33,1,16337,11838.25,11839.5,11836.5,11836.5,30,NQ.v.0
2020-11-12 07:44:00+00:00,33,1,16337,11837.0,11840.0,11832.0,11834.0,117,NQ.v.0
2020-11-12 07:45:00+00:00,33,1,16337,11834.75,11834.75,11813.75,11828.25,608,NQ.v.0
2020-11-12 07:46:00+00:00,33,1,16337,11827.5,11834.25,11823.0,11831.75,260,NQ.v.0
2020-11-12 07:47:00+00:00,33,1,16337,11831.25,11833.0,11827.5,11830.5,136,NQ.v.0
2020-11-12 07:48:00+00:00,33,1,16337,11830.25,11831.0,11826.0,11830.0,58,NQ.v.0
2020-11-12 07:49:00+00:00,33,1,16337,11830.25,11832.75,11829.5,11830.75,46,NQ.v.0
2020-11-12 07:50:00+00:00,33,1,16337,11829.5,11836.75,11829.5,11836.25,126,NQ.v.0
2020-11-12 07:51:00+00:00,33,1,16337,11835.0,11843.75,11835.0,11842.25,187,NQ.v.0
2020-11-12 07:52:00+00:00,33,1,16337,11843.25,11848.0,11840.25,11840.5,190,NQ.v.0
2020-11-12 07:53:00+00:00,33,1,16337,11841.25,11845.0,11841.25,11842.0,59,NQ.v.0
2020-11-12 07:54:00+00:00,33,1,16337,11842.75,11847.75,11842.0,11844.0,82,NQ.v.0
2020-11-12 07:55:00+00:00,33,1,16337,11844.25,11844.25,11839.75,11841.0,54,NQ.v.0
2020-11-12 07:56:00+00:00,33,1,16337,11842.0,11842.0,11839.25,11840.0,34,NQ.v.0
2020-11-12 07:57:00+00:00,33,1,16337,11839.5,11840.25,11832.0,11835.5,98,NQ.v.0
2020-11-12 07:58:00+00:00,33,1,16337,11835.5,11842.5,11834.75,11841.75,84,NQ.v.0
2020-11-12 07:59:00+00:00,33,1,16337,11842.25,11844.0,11839.75,11843.25,60,NQ.v.0
2020-11-12 08:00:00+00:00,33,1,16337,11841.5,11845.75,11836.0,11844.25,229,NQ.v.0
2020-11-12 08:01:00+00:00,33,1,16337,11844.0,11844.5,11830.75,11831.25,164,NQ.v.0
2020-11-12 08:02:00+00:00,33,1,16337,11830.25,11842.5,11830.25,11840.75,135,NQ.v.0
2020-11-12 08:03:00+00:00,33,1,16337,11840.75,11844.5,11835.5,11837.0,125,NQ.v.0
2020-11-12 08:04:00+00:00,33,1,16337,11838.0,11843.75,11838.0,11842.5,108,NQ.v.0
2020-11-12 08:05:00+00:00,33,1,16337,11842.0,11847.0,11839.0,11840.25,97,NQ.v.0
2020-11-12 08:06:00+00:00,33,1,16337,11841.25,11841.25,11832.25,11835.0,124,NQ.v.0
2020-11-12 08:07:00+00:00,33,1,16337,11836.25,11841.5,11835.75,11841.5,76,NQ.v.0
2020-11-12 08:08:00+00:00,33,1,16337,11841.0,11841.25,11837.0,11838.75,73,NQ.v.0
2020-11-12 08:09:00+00:00,33,1,16337,11838.5,11840.5,11833.5,11833.5,84,NQ.v.0
2020-11-12 08:10:00+00:00,33,1,16337,11833.25,11839.75,11832.75,11836.25,64,NQ.v.0
2020-11-12 08:11:00+00:00,33,1,16337,11835.5,11838.75,11834.25,11834.25,130,NQ.v.0
2020-11-12 08:12:00+00:00,33,1,16337,11836.0,11846.5,11834.25,11842.25,137,NQ.v.0
2020-11-12 08:13:00+00:00,33,1,16337,11842.0,11846.0,11841.0,11841.0,104,NQ.v.0
2020-11-12 08:14:00+00:00,33,1,16337,11843.25,11846.0,11842.75,11845.5,58,NQ.v.0
2020-11-12 08:15:00+00:00,33,1,16337,11846.25,11855.25,11844.25,11850.5,308,NQ.v.0
2020-11-12 08:16:00+00:00,33,1,16337,11851.5,11852.0,11846.25,11851.75,84,NQ.v.0
2020-11-12 08:17:00+00:00,33,1,16337,11852.0,11856.0,11852.0,11853.5,127,NQ.v.0
2020-11-12 08:18:00+00:00,33,1,16337,11854.0,11856.0,11851.0,11852.25,115,NQ.v.0
2020-11-12 08:19:00+00:00,33,1,16337,11851.75,11854.0,11850.0,11852.0,71,NQ.v.0
2020-11-12 08:20:00+00:00,33,1,16337,11852.75,11854.0,11848.5,11848.5,105,NQ.v.0
2020-11-12 08:21:00+00:00,33,1,16337,11848.25,11849.5,11844.0,11844.0,144,NQ.v.0
2020-11-12 08:22:00+00:00,33,1,16337,11844.25,11845.5,11840.25,11842.75,108,NQ.v.0
2020-11-12 08:23:00+00:00,33,1,16337,11841.5,11842.75,11833.25,11839.5,163,NQ.v.0
2020-11-12 08:24:00+00:00,33,1,16337,11838.75,11839.25,11835.25,11837.0,93,NQ.v.0
2020-11-12 08:25:00+00:00,33,1,16337,11836.75,11838.0,11834.5,11834.5,67,NQ.v.0
2020-11-12 08:26:00+00:00,33,1,16337,11834.5,11835.25,11822.5,11825.25,252,NQ.v.0
2020-11-12 08:27:00+00:00,33,1,16337,11826.0,11836.25,11825.5,11828.75,207,NQ.v.0
2020-11-12 08:28:00+00:00,33,1,16337,11829.75,11835.0,11829.75,11834.25,73,NQ.v.0
2020-11-12 08:29:00+00:00,33,1,16337,11834.5,11839.5,11833.25,11837.5,117,NQ.v.0
2020-11-12 08:30:00+00:00,33,1,16337,11836.25,11839.5,11833.5,11838.75,87,NQ.v.0
2020-11-12 08:31:00+00:00,33,1,16337,11838.0,11847.0,11837.25,11846.75,182,NQ.v.0
2020-11-12 08:32:00+00:00,33,1,16337,11846.5,11848.0,11840.75,11842.0,155,NQ.v.0
2020-11-12 08:33:00+00:00,33,1,16337,11842.75,11843.25,11835.25,11837.0,122,NQ.v.0
2020-11-12 08:34:00+00:00,33,1,16337,11838.0,11846.75,11836.0,11846.0,116,NQ.v.0
2020-11-12 08:35:00+00:00,33,1,16337,11845.75,11851.5,11843.75,11849.5,143,NQ.v.0
2020-11-12 08:36:00+00:00,33,1,16337,11848.5,11852.0,11848.5,11849.25,113,NQ.v.0
2020-11-12 08:37:00+00:00,33,1,16337,11849.0,11851.75,11845.75,11848.5,78,NQ.v.0
2020-11-12 08:38:00+00:00,33,1,16337,11846.5,11847.0,11844.0,11844.5,58,NQ.v.0
2020-11-12 08:39:00+00:00,33,1,16337,11845.0,11855.75,11842.75,11855.25,232,NQ.v.0
2020-11-12 08:40:00+00:00,33,1,16337,11855.5,11856.75,11849.25,11852.0,80,NQ.v.0
2020-11-12 08:41:00+00:00,33,1,16337,11851.25,11851.25,11847.5,11847.5,64,NQ.v.0
2020-11-12 08:42:00+00:00,33,1,16337,11847.0,11850.25,11845.25,11848.0,69,NQ.v.0
2020-11-12 08:43:00+00:00,33,1,16337,11848.0,11854.25,11847.25,11853.5,81,NQ.v.0
2020-11-12 08:44:00+00:00,33,1,16337,11852.75,11852.75,11850.0,11850.5,43,NQ.v.0
2020-11-12 08:45:00+00:00,33,1,16337,11852.25,11854.0,11847.25,11854.0,109,NQ.v.0
2020-11-12 08:46:00+00:00,33,1,16337,11853.5,11853.5,11845.5,11847.5,133,NQ.v.0
2020-11-12 08:47:00+00:00,33,1,16337,11846.75,11852.0,11842.75,11848.0,167,NQ.v.0
2020-11-12 08:48:00+00:00,33,1,16337,11847.5,11851.25,11846.5,11851.25,34,NQ.v.0
2020-11-12 08:49:00+00:00,33,1,16337,11852.25,11858.25,11852.25,11855.25,149,NQ.v.0
2020-11-12 08:50:00+00:00,33,1,16337,11855.75,11856.5,11851.5,11852.0,79,NQ.v.0
2020-11-12 08:51:00+00:00,33,1,16337,11851.0,11851.0,11847.0,11848.5,84,NQ.v.0
2020-11-12 08:52:00+00:00,33,1,16337,11849.5,11851.25,11844.25,11844.5,113,NQ.v.0
2020-11-12 08:53:00+00:00,33,1,16337,11844.5,11846.25,11839.75,11839.75,145,NQ.v.0
2020-11-12 08:54:00+00:00,33,1,16337,11839.75,11855.0,11839.75,11850.75,193,NQ.v.0
2020-11-12 08:55:00+00:00,33,1,16337,11851.0,11854.5,11849.75,11853.25,91,NQ.v.0
2020-11-12 08:56:00+00:00,33,1,16337,11853.0,11855.0,11849.25,11850.25,45,NQ.v.0
2020-11-12 08:57:00+00:00,33,1,16337,11849.0,11850.25,11845.75,11847.5,86,NQ.v.0
2020-11-12 08:58:00+00:00,33,1,16337,11846.75,11852.5,11845.5,11852.0,122,NQ.v.0
2020-11-12 08:59:00+00:00,33,1,16337,11849.5,11851.75,11849.0,11851.0,82,NQ.v.0
2020-11-12 09:00:00+00:00,33,1,16337,11850.5,11852.0,11844.0,11847.0,92,NQ.v.0
2020-11-12 09:01:00+00:00,33,1,16337,11847.75,11855.5,11847.0,11853.0,120,NQ.v.0
2020-11-12 09:02:00+00:00,33,1,16337,11853.0,11855.5,11852.25,11853.25,69,NQ.v.0
2020-11-12 09:03:00+00:00,33,1,16337,11852.5,11854.75,11850.75,11851.75,67,NQ.v.0
2020-11-12 09:04:00+00:00,33,1,16337,11851.5,11854.5,11851.25,11854.0,19,NQ.v.0
2020-11-12 09:05:00+00:00,33,1,16337,11853.5,11855.0,11848.5,11851.25,125,NQ.v.0
2020-11-12 09:06:00+00:00,33,1,16337,11851.25,11854.25,11849.25,11852.0,77,NQ.v.0
2020-11-12 09:07:00+00:00,33,1,16337,11851.25,11855.5,11851.0,11855.0,57,NQ.v.0
2020-11-12 09:08:00+00:00,33,1,16337,11854.25,11873.0,11854.0,11869.25,454,NQ.v.0
2020-11-12 09:09:00+00:00,33,1,16337,11869.5,11875.75,11867.25,11867.5,260,NQ.v.0
2020-11-12 09:10:00+00:00,33,1,16337,11868.25,11873.0,11865.25,11870.25,174,NQ.v.0
2020-11-12 09:11:00+00:00,33,1,16337,11869.75,11872.75,11866.5,11868.75,149,NQ.v.0
2020-11-12 09:12:00+00:00,33,1,16337,11869.0,11869.75,11865.75,11866.25,220,NQ.v.0
2020-11-12 09:13:00+00:00,33,1,16337,11866.25,11868.0,11863.5,11866.5,114,NQ.v.0
2020-11-12 09:14:00+00:00,33,1,16337,11866.5,11868.0,11862.75,11866.0,113,NQ.v.0
2020-11-12 09:15:00+00:00,33,1,16337,11866.75,11871.75,11863.75,11865.5,145,NQ.v.0
2020-11-12 09:16:00+00:00,33,1,16337,11865.75,11866.75,11863.75,11866.75,52,NQ.v.0
2020-11-12 09:17:00+00:00,33,1,16337,11866.5,11870.0,11864.25,11867.5,105,NQ.v.0
2020-11-12 09:18:00+00:00,33,1,16337,11867.75,11871.0,11867.25,11869.75,84,NQ.v.0
2020-11-12 09:19:00+00:00,33,1,16337,11869.25,11874.0,11868.5,11868.5,122,NQ.v.0
2020-11-12 09:20:00+00:00,33,1,16337,11868.25,11870.5,11866.75,11869.0,107,NQ.v.0
2020-11-12 09:21:00+00:00,33,1,16337,11869.5,11870.0,11867.0,11868.5,70,NQ.v.0
2020-11-12 09:22:00+00:00,33,1,16337,11868.25,11871.75,11867.5,11871.5,62,NQ.v.0
2020-11-12 09:23:00+00:00,33,1,16337,11871.5,11873.5,11869.75,11870.25,113,NQ.v.0
2020-11-12 09:24:00+00:00,33,1,16337,11870.5,11879.0,11870.5,11876.5,155,NQ.v.0
2020-11-12 09:25:00+00:00,33,1,16337,11876.5,11882.75,11874.75,11878.75,285,NQ.v.0
2020-11-12 09:26:00+00:00,33,1,16337,11878.75,11881.25,11876.0,11881.25,126,NQ.v.0
2020-11-12 09:27:00+00:00,33,1,16337,11880.75,11885.0,11880.75,11881.5,243,NQ.v.0
2020-11-12 09:28:00+00:00,33,1,16337,11881.75,11883.25,11877.75,11880.0,177,NQ.v.0
2020-11-12 09:29:00+00:00,33,1,16337,11879.75,11882.0,11879.5,11880.0,86,NQ.v.0
2020-11-12 09:30:00+00:00,33,1,16337,11880.5,11892.0,11880.0,11887.5,362,NQ.v.0
2020-11-12 09:31:00+00:00,33,1,16337,11887.5,11895.25,11886.5,11891.75,518,NQ.v.0
2020-11-12 09:32:00+00:00,33,1,16337,11891.5,11895.25,11890.25,11892.25,228,NQ.v.0
2020-11-12 09:33:00+00:00,33,1,16337,11892.0,11893.25,11886.5,11890.0,189,NQ.v.0
2020-11-12 09:34:00+00:00,33,1,16337,11890.25,11894.75,11889.75,11892.75,207,NQ.v.0
2020-11-12 09:35:00+00:00,33,1,16337,11892.75,11897.0,11891.75,11897.0,247,NQ.v.0
2020-11-12 09:36:00+00:00,33,1,16337,11896.5,11901.75,11896.5,11896.75,378,NQ.v.0
2020-11-12 09:37:00+00:00,33,1,16337,11896.75,11908.0,11895.5,11905.75,386,NQ.v.0
2020-11-12 09:38:00+00:00,33,1,16337,11906.0,11907.0,11902.75,11904.25,233,NQ.v.0
2020-11-12 09:39:00+00:00,33,1,16337,11903.75,11906.0,11902.5,11903.25,129,NQ.v.0
2020-11-12 09:40:00+00:00,33,1,16337,11903.0,11904.0,11898.5,11899.75,153,NQ.v.0
2020-11-12 09:41:00+00:00,33,1,16337,11899.0,11906.0,11898.75,11899.75,166,NQ.v.0
2020-11-12 09:42:00+00:00,33,1,16337,11900.25,11903.5,11899.25,11901.5,105,NQ.v.0
2020-11-12 09:43:00+00:00,33,1,16337,11901.5,11907.25,11900.5,11906.25,162,NQ.v.0
2020-11-12 09:44:00+00:00,33,1,16337,11905.75,11912.5,11905.25,11911.25,323,NQ.v.0
2020-11-12 09:45:00+00:00,33,1,16337,11910.5,11917.25,11906.25,11917.0,419,NQ.v.0
2020-11-12 09:46:00+00:00,33,1,16337,11916.5,11929.75,11915.5,11919.75,682,NQ.v.0
2020-11-12 09:47:00+00:00,33,1,16337,11919.5,11925.75,11918.25,11924.25,239,NQ.v.0
2020-11-12 09:48:00+00:00,33,1,16337,11923.75,11935.0,11920.75,11930.5,413,NQ.v.0
2020-11-12 09:49:00+00:00,33,1,16337,11930.75,11931.75,11926.75,11928.25,209,NQ.v.0
2020-11-12 09:50:00+00:00,33,1,16337,11927.0,11932.75,11926.5,11932.5,153,NQ.v.0
2020-11-12 09:51:00+00:00,33,1,16337,11932.5,11937.75,11930.0,11930.0,284,NQ.v.0
2020-11-12 09:52:00+00:00,33,1,16337,11930.25,11930.25,11923.0,11925.0,312,NQ.v.0
2020-11-12 09:53:00+00:00,33,1,16337,11925.25,11926.0,11922.0,11924.75,172,NQ.v.0
2020-11-12 09:54:00+00:00,33,1,16337,11925.25,11930.5,11923.5,11929.0,172,NQ.v.0
2020-11-12 09:55:00+00:00,33,1,16337,11928.0,11928.5,11920.0,11922.5,177,NQ.v.0
2020-11-12 09:56:00+00:00,33,1,16337,11923.25,11927.5,11922.25,11927.5,90,NQ.v.0
2020-11-12 09:57:00+00:00,33,1,16337,11927.75,11932.25,11926.5,11932.25,130,NQ.v.0
2020-11-12 09:58:00+00:00,33,1,16337,11932.5,11945.0,11932.25,11943.0,446,NQ.v.0
2020-11-12 09:59:00+00:00,33,1,16337,11943.25,11944.75,11938.75,11944.75,325,NQ.v.0
2020-11-12 10:00:00+00:00,33,1,16337,11945.0,11961.5,11944.5,11960.0,935,NQ.v.0
2020-11-12 10:01:00+00:00,33,1,16337,11959.25,11962.25,11953.0,11955.5,651,NQ.v.0
2020-11-12 10:02:00+00:00,33,1,16337,11955.0,11956.0,11945.25,11949.25,342,NQ.v.0
2020-11-12 10:03:00+00:00,33,1,16337,11948.75,11950.0,11942.25,11946.0,266,NQ.v.0
2020-11-12 10:04:00+00:00,33,1,16337,11946.5,11951.5,11945.25,11947.5,136,NQ.v.0
2020-11-12 10:05:00+00:00,33,1,16337,11946.0,11947.5,11943.75,11944.75,85,NQ.v.0
2020-11-12 10:06:00+00:00,33,1,16337,11944.5,11946.75,11941.25,11942.25,148,NQ.v.0
2020-11-12 10:07:00+00:00,33,1,16337,11942.25,11943.75,11941.25,11942.5,102,NQ.v.0
2020-11-12 10:08:00+00:00,33,1,16337,11942.75,11944.0,11940.25,11941.75,135,NQ.v.0
2020-11-12 10:09:00+00:00,33,1,16337,11941.5,11944.25,11940.5,11943.0,132,NQ.v.0
2020-11-12 10:10:00+00:00,33,1,16337,11943.5,11950.0,11942.5,11943.5,224,NQ.v.0
2020-11-12 10:11:00+00:00,33,1,16337,11943.5,11946.75,11942.0,11944.25,98,NQ.v.0
2020-11-12 10:12:00+00:00,33,1,16337,11945.0,11945.0,11938.25,11938.5,114,NQ.v.0
2020-11-12 10:13:00+00:00,33,1,16337,11939.5,11944.5,11936.75,11944.5,215,NQ.v.0
2020-11-12 10:14:00+00:00,33,1,16337,11944.0,11944.0,11939.25,11941.5,109,NQ.v.0
2020-11-12 10:15:00+00:00,33,1,16337,11941.0,11941.75,11937.75,11940.75,125,NQ.v.0
2020-11-12 10:16:00+00:00,33,1,16337,11940.0,11942.0,11939.0,11940.5,88,NQ.v.0
2020-11-12 10:17:00+00:00,33,1,16337,11940.5,11944.5,11939.75,11942.75,155,NQ.v.0
2020-11-12 10:18:00+00:00,33,1,16337,11943.25,11956.75,11943.25,11956.25,332,NQ.v.0
2020-11-12 10:19:00+00:00,33,1,16337,11957.0,11965.5,11955.0,11956.75,414,NQ.v.0
2020-11-12 10:20:00+00:00,33,1,16337,11957.25,11960.0,11951.0,11951.75,276,NQ.v.0
2020-11-12 10:21:00+00:00,33,1,16337,11951.75,11954.0,11950.25,11953.0,113,NQ.v.0
2020-11-12 10:22:00+00:00,33,1,16337,11953.25,11955.0,11951.5,11953.5,96,NQ.v.0
2020-11-12 10:23:00+00:00,33,1,16337,11952.5,11957.0,11951.5,11954.75,264,NQ.v.0
2020-11-12 10:24:00+00:00,33,1,16337,11954.25,11954.75,11943.0,11950.75,310,NQ.v.0
2020-11-12 10:25:00+00:00,33,1,16337,11949.75,11951.5,11943.0,11944.0,110,NQ.v.0
2020-11-12 10:26:00+00:00,33,1,16337,11944.0,11947.0,11940.0,11946.0,147,NQ.v.0
2020-11-12 10:27:00+00:00,33,1,16337,11946.25,11946.25,11939.25,11943.0,105,NQ.v.0
2020-11-12 10:28:00+00:00,33,1,16337,11943.0,11944.5,11931.75,11934.75,299,NQ.v.0
2020-11-12 10:29:00+00:00,33,1,16337,11933.75,11942.0,11933.75,11937.5,116,NQ.v.0
2020-11-12 10:30:00+00:00,33,1,16337,11937.0,11946.75,11933.5,11945.5,364,NQ.v.0
2020-11-12 10:31:00+00:00,33,1,16337,11945.5,11946.25,11941.5,11942.25,84,NQ.v.0
2020-11-12 10:32:00+00:00,33,1,16337,11943.0,11949.75,11942.0,11946.0,122,NQ.v.0
2020-11-12 10:33:00+00:00,33,1,16337,11946.5,11947.25,11938.5,11941.25,179,NQ.v.0
2020-11-12 10:34:00+00:00,33,1,16337,11940.25,11942.75,11937.25,11942.5,76,NQ.v.0
2020-11-12 10:35:00+00:00,33,1,16337,11942.0,11943.75,11938.5,11942.75,69,NQ.v.0
2020-11-12 10:36:00+00:00,33,1,16337,11943.5,11943.5,11936.5,11938.0,132,NQ.v.0
2020-11-12 10:37:00+00:00,33,1,16337,11938.75,11939.75,11935.5,11939.5,101,NQ.v.0
2020-11-12 10:38:00+00:00,33,1,16337,11939.0,11944.25,11939.0,11942.75,99,NQ.v.0
2020-11-12 10:39:00+00:00,33,1,16337,11942.75,11943.0,11937.25,11938.0,69,NQ.v.0
2020-11-12 10:40:00+00:00,33,1,16337,11937.75,11943.5,11934.0,11941.75,163,NQ.v.0
2020-11-12 10:41:00+00:00,33,1,16337,11941.5,11946.5,11941.0,11941.5,272,NQ.v.0
2020-11-12 10:42:00+00:00,33,1,16337,11941.0,11946.75,11940.25,11942.75,213,NQ.v.0
2020-11-12 10:43:00+00:00,33,1,16337,11942.75,11943.75,11939.25,11942.5,96,NQ.v.0
2020-11-12 10:44:00+00:00,33,1,16337,11942.25,11943.25,11938.0,11939.25,80,NQ.v.0
2020-11-12 10:45:00+00:00,33,1,16337,11940.25,11941.0,11935.0,11935.75,138,NQ.v.0
2020-11-12 10:46:00+00:00,33,1,16337,11935.75,11938.0,11934.0,11937.0,136,NQ.v.0
2020-11-12 10:47:00+00:00,33,1,16337,11937.0,11938.25,11935.0,11937.0,90,NQ.v.0
2020-11-12 10:48:00+00:00,33,1,16337,11936.75,11938.75,11934.75,11935.0,48,NQ.v.0
2020-11-12 10:49:00+00:00,33,1,16337,11934.5,11938.25,11934.5,11936.5,53,NQ.v.0
2020-11-12 10:50:00+00:00,33,1,16337,11937.25,11944.75,11936.5,11944.75,118,NQ.v.0
2020-11-12 10:51:00+00:00,33,1,16337,11944.25,11945.0,11936.25,11939.0,77,NQ.v.0
2020-11-12 10:52:00+00:00,33,1,16337,11938.25,11939.75,11935.25,11935.5,45,NQ.v.0
2020-11-12 10:53:00+00:00,33,1,16337,11935.25,11939.25,11935.25,11938.5,33,NQ.v.0
2020-11-12 10:54:00+00:00,33,1,16337,11938.25,11938.25,11931.25,11933.5,105,NQ.v.0
2020-11-12 10:55:00+00:00,33,1,16337,11934.25,11937.0,11933.5,11936.25,48,NQ.v.0
2020-11-12 10:56:00+00:00,33,1,16337,11935.75,11938.75,11934.0,11938.0,63,NQ.v.0
2020-11-12 10:57:00+00:00,33,1,16337,11937.25,11938.25,11933.75,11935.25,57,NQ.v.0
2020-11-12 10:58:00+00:00,33,1,16337,11935.25,11942.0,11935.25,11941.0,94,NQ.v.0
2020-11-12 10:59:00+00:00,33,1,16337,11941.25,11941.25,11936.75,11938.5,68,NQ.v.0
2020-11-12 11:00:00+00:00,33,1,16337,11939.25,11942.0,11937.5,11937.5,108,NQ.v.0
2020-11-12 11:01:00+00:00,33,1,16337,11936.5,11941.0,11935.75,11940.5,100,NQ.v.0
2020-11-12 11:02:00+00:00,33,1,16337,11939.75,11939.75,11937.0,11939.25,48,NQ.v.0
2020-11-12 11:03:00+00:00,33,1,16337,11939.75,11941.25,11934.0,11937.25,115,NQ.v.0
2020-11-12 11:04:00+00:00,33,1,16337,11937.0,11937.0,11933.75,11935.0,48,NQ.v.0
2020-11-12 11:05:00+00:00,33,1,16337,11935.25,11935.25,11933.75,11934.25,41,NQ.v.0
2020-11-12 11:06:00+00:00,33,1,16337,11934.5,11939.0,11934.0,11935.5,110,NQ.v.0
2020-11-12 11:07:00+00:00,33,1,16337,11935.0,11939.0,11935.0,11938.5,64,NQ.v.0
2020-11-12 11:08:00+00:00,33,1,16337,11937.0,11938.5,11933.5,11935.75,71,NQ.v.0
2020-11-12 11:09:00+00:00,33,1,16337,11935.0,11937.25,11933.5,11934.75,85,NQ.v.0
2020-11-12 11:10:00+00:00,33,1,16337,11934.0,11934.25,11921.0,11924.25,468,NQ.v.0
2020-11-12 11:11:00+00:00,33,1,16337,11924.75,11932.25,11924.0,11931.5,205,NQ.v.0
2020-11-12 11:12:00+00:00,33,1,16337,11931.25,11936.25,11929.0,11932.25,126,NQ.v.0
2020-11-12 11:13:00+00:00,33,1,16337,11932.0,11932.75,11929.5,11930.5,81,NQ.v.0
2020-11-12 11:14:00+00:00,33,1,16337,11930.75,11931.25,11926.75,11928.75,75,NQ.v.0
2020-11-12 11:15:00+00:00,33,1,16337,11927.25,11938.25,11925.0,11936.75,117,NQ.v.0
2020-11-12 11:16:00+00:00,33,1,16337,11937.0,11948.5,11937.0,11942.75,302,NQ.v.0
2020-11-12 11:17:00+00:00,33,1,16337,11942.5,11942.5,11938.25,11940.0,88,NQ.v.0
2020-11-12 11:18:00+00:00,33,1,16337,11940.0,11952.25,11940.0,11944.0,260,NQ.v.0
2020-11-12 11:19:00+00:00,33,1,16337,11943.75,11945.5,11940.25,11942.0,130,NQ.v.0
2020-11-12 11:20:00+00:00,33,1,16337,11941.75,11943.0,11937.25,11939.75,113,NQ.v.0
2020-11-12 11:21:00+00:00,33,1,16337,11940.0,11942.0,11936.75,11937.5,110,NQ.v.0
2020-11-12 11:22:00+00:00,33,1,16337,11937.75,11942.5,11937.0,11938.5,84,NQ.v.0
2020-11-12 11:23:00+00:00,33,1,16337,11939.25,11940.0,11931.0,11931.75,223,NQ.v.0
2020-11-12 11:24:00+00:00,33,1,16337,11931.5,11934.5,11928.0,11932.75,159,NQ.v.0
2020-11-12 11:25:00+00:00,33,1,16337,11932.75,11933.5,11925.0,11928.0,125,NQ.v.0
2020-11-12 11:26:00+00:00,33,1,16337,11929.0,11939.0,11929.0,11938.25,235,NQ.v.0
2020-11-12 11:27:00+00:00,33,1,16337,11938.5,11946.0,11938.25,11941.25,236,NQ.v.0
2020-11-12 11:28:00+00:00,33,1,16337,11941.75,11947.25,11940.0,11940.5,163,NQ.v.0
2020-11-12 11:29:00+00:00,33,1,16337,11940.25,11942.75,11939.75,11941.5,92,NQ.v.0
2020-11-12 11:30:00+00:00,33,1,16337,11941.5,11946.0,11940.0,11942.5,105,NQ.v.0
2020-11-12 11:31:00+00:00,33,1,16337,11942.75,11945.25,11940.0,11940.75,88,NQ.v.0
2020-11-12 11:32:00+00:00,33,1,16337,11940.75,11943.0,11940.0,11941.75,94,NQ.v.0
2020-11-12 11:33:00+00:00,33,1,16337,11942.0,11942.0,11940.0,11941.5,38,NQ.v.0
2020-11-12 11:34:00+00:00,33,1,16337,11942.0,11944.25,11939.5,11943.25,153,NQ.v.0
2020-11-12 11:35:00+00:00,33,1,16337,11944.25,11945.75,11939.5,11940.75,242,NQ.v.0
2020-11-12 11:36:00+00:00,33,1,16337,11940.5,11942.25,11940.0,11940.25,94,NQ.v.0
2020-11-12 11:37:00+00:00,33,1,16337,11940.25,11941.0,11939.0,11939.75,30,NQ.v.0
2020-11-12 11:38:00+00:00,33,1,16337,11939.5,11944.25,11938.0,11943.5,72,NQ.v.0
2020-11-12 11:39:00+00:00,33,1,16337,11943.5,11944.0,11933.75,11934.5,101,NQ.v.0
2020-11-12 11:40:00+00:00,33,1,16337,11935.25,11936.5,11930.25,11933.0,127,NQ.v.0
2020-11-12 11:41:00+00:00,33,1,16337,11932.75,11934.5,11931.75,11933.25,39,NQ.v.0
2020-11-12 11:42:00+00:00,33,1,16337,11934.25,11934.75,11932.25,11934.75,47,NQ.v.0
2020-11-12 11:43:00+00:00,33,1,16337,11934.0,11935.25,11930.25,11932.0,61,NQ.v.0
2020-11-12 11:44:00+00:00,33,1,16337,11931.25,11935.25,11928.0,11934.5,94,NQ.v.0
2020-11-12 11:45:00+00:00,33,1,16337,11934.25,11935.75,11933.0,11933.5,54,NQ.v.0
2020-11-12 11:46:00+00:00,33,1,16337,11933.5,11940.25,11932.75,11937.5,109,NQ.v.0
2020-11-12 11:47:00+00:00,33,1,16337,11937.5,11941.5,11936.75,11938.5,66,NQ.v.0
2020-11-12 11:48:00+00:00,33,1,16337,11938.0,11938.75,11937.0,11938.25,36,NQ.v.0
2020-11-12 11:49:00+00:00,33,1,16337,11937.75,11937.75,11933.75,11936.5,63,NQ.v.0
2020-11-12 11:50:00+00:00,33,1,16337,11937.5,11940.75,11937.5,11940.0,46,NQ.v.0
2020-11-12 11:51:00+00:00,33,1,16337,11939.25,11941.25,11938.75,11938.75,29,NQ.v.0
2020-11-12 11:52:00+00:00,33,1,16337,11939.25,11940.75,11937.5,11938.75,78,NQ.v.0
2020-11-12 11:53:00+00:00,33,1,16337,11938.25,11941.0,11938.25,11939.75,29,NQ.v.0
2020-11-12 11:54:00+00:00,33,1,16337,11940.5,11943.0,11939.75,11940.0,65,NQ.v.0
2020-11-12 11:55:00+00:00,33,1,16337,11940.5,11940.5,11931.75,11935.0,139,NQ.v.0
2020-11-12 11:56:00+00:00,33,1,16337,11935.0,11935.5,11930.0,11934.25,115,NQ.v.0
2020-11-12 11:57:00+00:00,33,1,16337,11934.5,11935.0,11930.0,11935.0,115,NQ.v.0
2020-11-12 11:58:00+00:00,33,1,16337,11934.25,11934.25,11931.5,11932.0,48,NQ.v.0
2020-11-12 11:59:00+00:00,33,1,16337,11931.25,11935.5,11923.5,11926.5,268,NQ.v.0
2020-11-12 12:00:00+00:00,33,1,16337,11926.25,11932.75,11924.0,11929.5,229,NQ.v.0
2020-11-12 12:01:00+00:00,33,1,16337,11929.5,11934.0,11921.25,11925.75,279,NQ.v.0
2020-11-12 12:02:00+00:00,33,1,16337,11926.5,11929.0,11925.25,11928.5,154,NQ.v.0
2020-11-12 12:03:00+00:00,33,1,16337,11929.0,11932.5,11924.75,11927.0,221,NQ.v.0
2020-11-12 12:04:00+00:00,33,1,16337,11927.75,11928.0,11923.0,11924.5,191,NQ.v.0
2020-11-12 12:05:00+00:00,33,1,16337,11924.75,11924.75,11905.0,11905.0,778,NQ.v.0
2020-11-12 12:06:00+00:00,33,1,16337,11905.25,11909.0,11885.0,11892.25,878,NQ.v.0
2020-11-12 12:07:00+00:00,33,1,16337,11891.75,11898.25,11880.25,11882.75,613,NQ.v.0
2020-11-12 12:08:00+00:00,33,1,16337,11881.75,11884.75,11874.0,11882.75,726,NQ.v.0
2020-11-12 12:09:00+00:00,33,1,16337,11882.5,11887.75,11881.75,11886.0,322,NQ.v.0
2020-11-12 12:10:00+00:00,33,1,16337,11885.25,11889.0,11879.25,11888.75,236,NQ.v.0
2020-11-12 12:11:00+00:00,33,1,16337,11889.0,11898.0,11889.0,11894.25,359,NQ.v.0
2020-11-12 12:12:00+00:00,33,1,16337,11895.0,11896.0,11890.75,11891.5,163,NQ.v.0
2020-11-12 12:13:00+00:00,33,1,16337,11891.75,11898.75,11891.5,11897.5,169,NQ.v.0
2020-11-12 12:14:00+00:00,33,1,16337,11897.75,11902.25,11896.5,11898.75,161,NQ.v.0
2020-11-12 12:15:00+00:00,33,1,16337,11899.25,11900.75,11892.25,11897.25,154,NQ.v.0
2020-11-12 12:16:00+00:00,33,1,16337,11897.5,11902.0,11891.75,11897.5,257,NQ.v.0
2020-11-12 12:17:00+00:00,33,1,16337,11897.0,11902.0,11894.0,11895.0,118,NQ.v.0
2020-11-12 12:18:00+00:00,33,1,16337,11894.0,11898.5,11893.0,11896.5,137,NQ.v.0
2020-11-12 12:19:00+00:00,33,1,16337,11897.25,11901.25,11896.5,11898.0,86,NQ.v.0
2020-11-12 12:20:00+00:00,33,1,16337,11897.5,11903.5,11897.0,11900.5,119,NQ.v.0
2020-11-12 12:21:00+00:00,33,1,16337,11899.5,11904.25,11899.5,11900.75,102,NQ.v.0
2020-11-12 12:22:00+00:00,33,1,16337,11900.25,11902.25,11898.5,11900.5,126,NQ.v.0
2020-11-12 12:23:00+00:00,33,1,16337,11900.75,11902.25,11897.25,11897.5,71,NQ.v.0
2020-11-12 12:24:00+00:00,33,1,16337,11897.25,11901.25,11889.0,11898.0,356,NQ.v.0
2020-11-12 12:25:00+00:00,33,1,16337,11898.0,11900.75,11896.5,11898.0,69,NQ.v.0
2020-11-12 12:26:00+00:00,33,1,16337,11897.75,11900.0,11896.25,11899.0,60,NQ.v.0
2020-11-12 12:27:00+00:00,33,1,16337,11899.75,11904.5,11897.0,11903.75,123,NQ.v.0
2020-11-12 12:28:00+00:00,33,1,16337,11903.75,11904.75,11900.0,11904.25,111,NQ.v.0
2020-11-12 12:29:00+00:00,33,1,16337,11904.0,11911.75,11903.5,11910.25,312,NQ.v.0
2020-11-12 12:30:00+00:00,33,1,16337,11910.0,11913.75,11909.5,11910.5,222,NQ.v.0
2020-11-12 12:31:00+00:00,33,1,16337,11911.0,11914.0,11907.0,11912.25,178,NQ.v.0
2020-11-12 12:32:00+00:00,33,1,16337,11910.75,11912.0,11906.75,11906.75,126,NQ.v.0
2020-11-12 12:33:00+00:00,33,1,16337,11906.75,11909.5,11903.0,11909.0,153,NQ.v.0
2020-11-12 12:34:00+00:00,33,1,16337,11909.25,11911.5,11908.0,11908.0,93,NQ.v.0
2020-11-12 12:35:00+00:00,33,1,16337,11907.75,11913.5,11907.75,11913.25,211,NQ.v.0
2020-11-12 12:36:00+00:00,33,1,16337,11912.75,11915.25,11908.75,11910.25,159,NQ.v.0
2020-11-12 12:37:00+00:00,33,1,16337,11909.5,11910.0,11902.75,11905.75,137,NQ.v.0
2020-11-12 12:38:00+00:00,33,1,16337,11905.75,11909.0,11905.0,11906.75,109,NQ.v.0
2020-11-12 12:39:00+00:00,33,1,16337,11907.5,11907.75,11900.75,11906.0,157,NQ.v.0
2020-11-12 12:40:00+00:00,33,1,16337,11905.75,11908.5,11903.75,11904.0,95,NQ.v.0
2020-11-12 12:41:00+00:00,33,1,16337,11904.75,11905.5,11902.0,11905.0,62,NQ.v.0
2020-11-12 12:42:00+00:00,33,1,16337,11905.25,11909.0,11905.25,11908.0,95,NQ.v.0
2020-11-12 12:43:00+00:00,33,1,16337,11908.25,11909.5,11904.25,11904.75,65,NQ.v.0
2020-11-12 12:44:00+00:00,33,1,16337,11904.25,11906.25,11901.0,11906.0,105,NQ.v.0
2020-11-12 12:45:00+00:00,33,1,16337,11906.5,11909.0,11905.25,11907.5,81,NQ.v.0
2020-11-12 12:46:00+00:00,33,1,16337,11907.25,11908.0,11906.0,11906.5,25,NQ.v.0
2020-11-12 12:47:00+00:00,33,1,16337,11906.75,11917.5,11906.75,11916.5,274,NQ.v.0
2020-11-12 12:48:00+00:00,33,1,16337,11916.0,11917.0,11908.5,11912.0,269,NQ.v.0
2020-11-12 12:49:00+00:00,33,1,16337,11911.5,11916.0,11911.25,11911.5,265,NQ.v.0
2020-11-12 12:50:00+00:00,33,1,16337,11911.75,11914.25,11901.0,11905.25,507,NQ.v.0
2020-11-12 12:51:00+00:00,33,1,16337,11905.25,11905.25,11898.0,11900.75,265,NQ.v.0
2020-11-12 12:52:00+00:00,33,1,16337,11900.25,11901.25,11897.0,11897.25,265,NQ.v.0
2020-11-12 12:53:00+00:00,33,1,16337,11897.25,11901.75,11894.75,11897.25,279,NQ.v.0
2020-11-12 12:54:00+00:00,33,1,16337,11896.5,11901.25,11890.75,11897.5,258,NQ.v.0
2020-11-12 12:55:00+00:00,33,1,16337,11897.75,11900.75,11895.0,11899.25,248,NQ.v.0
2020-11-12 12:56:00+00:00,33,1,16337,11898.5,11900.0,11896.25,11899.5,168,NQ.v.0
2020-11-12 12:57:00+00:00,33,1,16337,11899.25,11901.5,11893.75,11897.75,231,NQ.v.0
2020-11-12 12:58:00+00:00,33,1,16337,11896.75,11899.0,11892.5,11894.75,204,NQ.v.0
2020-11-12 12:59:00+00:00,33,1,16337,11895.5,11895.5,11888.0,11893.75,370,NQ.v.0
2020-11-12 13:00:00+00:00,33,1,16337,11893.5,11901.25,11891.75,11897.75,548,NQ.v.0
2020-11-12 13:01:00+00:00,33,1,16337,11897.25,11903.5,11894.25,11902.5,314,NQ.v.0
2020-11-12 13:02:00+00:00,33,1,16337,11902.5,11905.25,11899.75,11901.5,161,NQ.v.0
2020-11-12 13:03:00+00:00,33,1,16337,11901.0,11904.25,11899.5,11901.25,127,NQ.v.0
2020-11-12 13:04:00+00:00,33,1,16337,11901.5,11905.5,11899.5,11903.0,141,NQ.v.0
2020-11-12 13:05:00+00:00,33,1,16337,11903.0,11904.0,11899.25,11903.0,259,NQ.v.0
2020-11-12 13:06:00+00:00,33,1,16337,11902.25,11902.75,11894.75,11895.75,162,NQ.v.0
2020-11-12 13:07:00+00:00,33,1,16337,11895.25,11895.75,11893.0,11894.25,150,NQ.v.0
2020-11-12 13:08:00+00:00,33,1,16337,11894.0,11895.0,11892.5,11894.0,136,NQ.v.0
2020-11-12 13:09:00+00:00,33,1,16337,11893.25,11896.25,11892.25,11896.0,199,NQ.v.0
2020-11-12 13:10:00+00:00,33,1,16337,11895.25,11898.5,11893.0,11894.25,183,NQ.v.0
2020-11-12 13:11:00+00:00,33,1,16337,11894.25,11896.0,11891.5,11893.75,210,NQ.v.0
2020-11-12 13:12:00+00:00,33,1,16337,11894.25,11894.25,11890.0,11891.0,224,NQ.v.0
2020-11-12 13:13:00+00:00,33,1,16337,11891.5,11894.25,11890.25,11890.75,179,NQ.v.0
2020-11-12 13:14:00+00:00,33,1,16337,11890.75,11892.0,11888.0,11890.0,210,NQ.v.0
2020-11-12 13:15:00+00:00,33,1,16337,11890.0,11892.75,11889.5,11891.25,259,NQ.v.0
2020-11-12 13:16:00+00:00,33,1,16337,11891.25,11891.25,11888.0,11891.0,175,NQ.v.0
2020-11-12 13:17:00+00:00,33,1,16337,11890.5,11894.25,11887.0,11889.75,309,NQ.v.0
2020-11-12 13:18:00+00:00,33,1,16337,11889.75,11892.5,11889.0,11891.75,289,NQ.v.0
2020-11-12 13:19:00+00:00,33,1,16337,11891.25,11894.0,11890.5,11893.0,146,NQ.v.0
2020-11-12 13:20:00+00:00,33,1,16337,11893.0,11899.0,11892.75,11895.5,334,NQ.v.0
2020-11-12 13:21:00+00:00,33,1,16337,11895.5,11897.75,11893.75,11893.75,205,NQ.v.0
2020-11-12 13:22:00+00:00,33,1,16337,11893.5,11896.5,11892.25,11895.5,103,NQ.v.0
2020-11-12 13:23:00+00:00,33,1,16337,11896.5,11898.75,11892.25,11893.25,239,NQ.v.0
2020-11-12 13:24:00+00:00,33,1,16337,11893.75,11896.0,11889.75,11895.0,198,NQ.v.0
2020-11-12 13:25:00+00:00,33,1,16337,11895.5,11897.75,11892.25,11897.75,327,NQ.v.0
2020-11-12 13:26:00+00:00,33,1,16337,11898.5,11900.0,11897.0,11898.75,743,NQ.v.0
2020-11-12 13:27:00+00:00,33,1,16337,11898.0,11900.0,11896.75,11898.75,734,NQ.v.0
2020-11-12 13:28:00+00:00,33,1,16337,11899.25,11900.0,11894.75,11898.25,99,NQ.v.0
2020-11-12 13:29:00+00:00,33,1,16337,11899.5,11911.0,11898.25,11907.75,378,NQ.v.0
2020-11-12 13:30:00+00:00,33,1,16337,11907.75,11910.0,11899.75,11905.0,274,NQ.v.0
2020-11-12 13:31:00+00:00,33,1,16337,11903.75,11905.75,11902.0,11903.5,194,NQ.v.0
2020-11-12 13:32:00+00:00,33,1,16337,11903.25,11906.5,11900.0,11906.0,177,NQ.v.0
2020-11-12 13:33:00+00:00,33,1,16337,11906.0,11907.25,11902.75,11906.25,138,NQ.v.0
2020-11-12 13:34:00+00:00,33,1,16337,11906.75,11923.0,11905.75,11921.75,828,NQ.v.0
2020-11-12 13:35:00+00:00,33,1,16337,11922.75,11929.25,11918.25,11928.5,732,NQ.v.0
2020-11-12 13:36:00+00:00,33,1,16337,11928.25,11934.75,11925.0,11927.25,633,NQ.v.0
2020-11-12 13:37:00+00:00,33,1,16337,11926.5,11930.5,11924.5,11925.75,962,NQ.v.0
2020-11-12 13:38:00+00:00,33,1,16337,11925.75,11927.75,11921.75,11925.0,374,NQ.v.0
2020-11-12 13:39:00+00:00,33,1,16337,11925.25,11927.5,11924.5,11926.75,347,NQ.v.0
2020-11-12 13:40:00+00:00,33,1,16337,11927.0,11928.5,11922.75,11928.0,391,NQ.v.0
2020-11-12 13:41:00+00:00,33,1,16337,11928.0,11930.0,11926.5,11928.5,665,NQ.v.0
2020-11-12 13:42:00+00:00,33,1,16337,11928.75,11929.0,11923.5,11925.5,1337,NQ.v.0
2020-11-12 13:43:00+00:00,33,1,16337,11925.75,11927.75,11924.0,11927.75,747,NQ.v.0
2020-11-12 13:44:00+00:00,33,1,16337,11927.75,11928.25,11923.75,11927.25,152,NQ.v.0
2020-11-12 13:45:00+00:00,33,1,16337,11927.0,11927.0,11921.5,11922.0,232,NQ.v.0
2020-11-12 13:46:00+00:00,33,1,16337,11921.75,11923.5,11918.0,11921.0,212,NQ.v.0
2020-11-12 13:47:00+00:00,33,1,16337,11920.5,11921.75,11913.75,11914.5,367,NQ.v.0
2020-11-12 13:48:00+00:00,33,1,16337,11914.75,11918.5,11913.5,11917.25,217,NQ.v.0
2020-11-12 13:49:00+00:00,33,1,16337,11917.75,11917.75,11915.25,11917.75,102,NQ.v.0
2020-11-12 13:50:00+00:00,33,1,16337,11917.25,11920.0,11916.0,11917.75,130,NQ.v.0
2020-11-12 13:51:00+00:00,33,1,16337,11917.75,11919.5,11917.5,11918.5,55,NQ.v.0
2020-11-12 13:52:00+00:00,33,1,16337,11918.25,11918.5,11913.25,11913.5,164,NQ.v.0
2020-11-12 13:53:00+00:00,33,1,16337,11913.25,11915.5,11911.75,11913.25,424,NQ.v.0
2020-11-12 13:54:00+00:00,33,1,16337,11912.75,11915.0,11909.75,11912.25,226,NQ.v.0
2020-11-12 13:55:00+00:00,33,1,16337,11912.75,11916.25,11910.25,11910.25,176,NQ.v.0
2020-11-12 13:56:00+00:00,33,1,16337,11910.5,11915.0,11909.25,11915.0,125,NQ.v.0
2020-11-12 13:57:00+00:00,33,1,16337,11914.25,11918.75,11913.0,11918.75,174,NQ.v.0
2020-11-12 13:58:00+00:00,33,1,16337,11918.25,11919.75,11915.5,11919.25,153,NQ.v.0
2020-11-12 13:59:00+00:00,33,1,16337,11918.25,11919.5,11913.75,11916.0,265,NQ.v.0
2020-11-12 14:00:00+00:00,33,1,16337,11916.25,11918.0,11913.25,11914.5,153,NQ.v.0
2020-11-12 14:01:00+00:00,33,1,16337,11914.75,11914.75,11906.25,11908.75,212,NQ.v.0
2020-11-12 14:02:00+00:00,33,1,16337,11908.5,11909.25,11904.0,11906.75,303,NQ.v.0
2020-11-12 14:03:00+00:00,33,1,16337,11906.5,11908.75,11905.25,11908.0,1050,NQ.v.0
2020-11-12 14:04:00+00:00,33,1,16337,11908.25,11909.75,11905.5,11909.0,235,NQ.v.0
2020-11-12 14:05:00+00:00,33,1,16337,11908.75,11910.75,11906.0,11908.5,1087,NQ.v.0
2020-11-12 14:06:00+00:00,33,1,16337,11909.0,11910.0,11905.5,11905.5,753,NQ.v.0
2020-11-12 14:07:00+00:00,33,1,16337,11905.5,11907.0,11899.25,11903.75,418,NQ.v.0
2020-11-12 14:08:00+00:00,33,1,16337,11903.0,11904.25,11901.0,11903.5,223,NQ.v.0
2020-11-12 14:09:00+00:00,33,1,16337,11903.25,11906.0,11902.75,11904.0,142,NQ.v.0
2020-11-12 14:10:00+00:00,33,1,16337,11904.0,11905.5,11901.75,11904.5,137,NQ.v.0
2020-11-12 14:11:00+00:00,33,1,16337,11904.25,11906.25,11902.75,11903.5,150,NQ.v.0
2020-11-12 14:12:00+00:00,33,1,16337,11903.25,11905.0,11901.25,11903.5,133,NQ.v.0
2020-11-12 14:13:00+00:00,33,1,16337,11903.75,11911.0,11903.75,11911.0,284,NQ.v.0
2020-11-12 14:14:00+00:00,33,1,16337,11911.5,11916.5,11909.75,11914.75,443,NQ.v.0
2020-11-12 14:15:00+00:00,33,1,16337,11915.25,11916.25,11911.0,11912.0,242,NQ.v.0
2020-11-12 14:16:00+00:00,33,1,16337,11912.25,11912.5,11908.0,11911.25,207,NQ.v.0
2020-11-12 14:17:00+00:00,33,1,16337,11911.25,11917.0,11910.75,11915.75,304,NQ.v.0
2020-11-12 14:18:00+00:00,33,1,16337,11916.25,11916.25,11912.5,11914.0,166,NQ.v.0
2020-11-12 14:19:00+00:00,33,1,16337,11914.0,11914.0,11908.75,11910.25,225,NQ.v.0
2020-11-12 14:20:00+00:00,33,1,16337,11910.5,11911.25,11907.25,11910.5,564,NQ.v.0
2020-11-12 14:21:00+00:00,33,1,16337,11910.5,11911.75,11907.5,11908.5,482,NQ.v.0
2020-11-12 14:22:00+00:00,33,1,16337,11908.5,11911.5,11907.5,11909.0,105,NQ.v.0
2020-11-12 14:23:00+00:00,33,1,16337,11909.5,11911.5,11907.75,11907.75,79,NQ.v.0
2020-11-12 14:24:00+00:00,33,1,16337,11907.5,11911.25,11906.75,11909.25,910,NQ.v.0
2020-11-12 14:25:00+00:00,33,1,16337,11909.5,11910.75,11902.0,11903.25,694,NQ.v.0
2020-11-12 14:26:00+00:00,33,1,16337,11903.0,11909.0,11903.0,11908.0,189,NQ.v.0
2020-11-12 14:27:00+00:00,33,1,16337,11907.75,11908.5,11905.0,11907.0,119,NQ.v.0
2020-11-12 14:28:00+00:00,33,1,16337,11907.5,11912.25,11906.75,11911.0,311,NQ.v.0
2020-11-12 14:29:00+00:00,33,1,16337,11910.5,11918.0,11907.25,11917.75,512,NQ.v.0
2020-11-12 14:30:00+00:00,33,1,16337,11917.5,11929.75,11913.25,11918.25,3192,NQ.v.0
2020-11-12 14:31:00+00:00,33,1,16337,11918.75,11926.25,11891.0,11892.25,2360,NQ.v.0
2020-11-12 14:32:00+00:00,33,1,16337,11892.25,11904.0,11880.0,11898.25,3012,NQ.v.0
2020-11-12 14:33:00+00:00,33,1,16337,11898.75,11904.25,11886.0,11902.75,1991,NQ.v.0
2020-11-12 14:34:00+00:00,33,1,16337,11902.5,11927.0,11893.75,11922.0,2418,NQ.v.0
2020-11-12 14:35:00+00:00,33,1,16337,11922.0,11937.0,11911.5,11915.25,2969,NQ.v.0
2020-11-12 14:36:00+00:00,33,1,16337,11915.0,11933.0,11910.75,11930.75,2156,NQ.v.0
2020-11-12 14:37:00+00:00,33,1,16337,11930.0,11950.5,11929.5,11946.75,3104,NQ.v.0
2020-11-12 14:38:00+00:00,33,1,16337,11946.5,11957.5,11945.75,11955.75,1789,NQ.v.0
2020-11-12 14:39:00+00:00,33,1,16337,11955.75,11964.25,11951.0,11953.75,2134,NQ.v.0
2020-11-12 14:40:00+00:00,33,1,16337,11953.25,11960.5,11948.25,11950.0,2293,NQ.v.0
2020-11-12 14:41:00+00:00,33,1,16337,11950.0,11954.5,11941.75,11949.75,1827,NQ.v.0
2020-11-12 14:42:00+00:00,33,1,16337,11949.75,11950.5,11935.5,11939.5,1499,NQ.v.0
2020-11-12 14:43:00+00:00,33,1,16337,11939.75,11942.25,11926.75,11934.5,1711,NQ.v.0
2020-11-12 14:44:00+00:00,33,1,16337,11934.75,11945.75,11929.75,11939.75,1184,NQ.v.0
2020-11-12 14:45:00+00:00,33,1,16337,11940.0,11953.75,11934.5,11935.0,1884,NQ.v.0
2020-11-12 14:46:00+00:00,33,1,16337,11934.75,11938.25,11903.5,11906.75,2643,NQ.v.0
2020-11-12 14:47:00+00:00,33,1,16337,11908.0,11911.75,11895.75,11904.75,2276,NQ.v.0
2020-11-12 14:48:00+00:00,33,1,16337,11905.25,11907.75,11892.0,11898.25,1654,NQ.v.0
2020-11-12 14:49:00+00:00,33,1,16337,11898.25,11901.0,11890.5,11891.0,1402,NQ.v.0
2020-11-12 14:50:00+00:00,33,1,16337,11891.5,11914.75,11889.5,11907.75,2707,NQ.v.0
2020-11-12 14:51:00+00:00,33,1,16337,11907.25,11917.0,11902.0,11913.0,1744,NQ.v.0
2020-11-12 14:52:00+00:00,33,1,16337,11913.25,11919.25,11904.0,11907.25,1855,NQ.v.0
2020-11-12 14:53:00+00:00,33,1,16337,11907.25,11929.0,11905.0,11928.25,2148,NQ.v.0
2020-11-12 14:54:00+00:00,33,1,16337,11927.25,11930.5,11919.75,11927.25,1293,NQ.v.0
2020-11-12 14:55:00+00:00,33,1,16337,11927.0,11928.25,11910.5,11912.25,1593,NQ.v.0
2020-11-12 14:56:00+00:00,33,1,16337,11912.75,11912.75,11901.75,11907.5,1112,NQ.v.0
2020-11-12 14:57:00+00:00,33,1,16337,11907.75,11925.0,11906.0,11924.25,1151,NQ.v.0
2020-11-12 14:58:00+00:00,33,1,16337,11923.75,11936.5,11923.75,11929.5,1335,NQ.v.0
2020-11-12 14:59:00+00:00,33,1,16337,11929.5,11936.25,11921.5,11926.5,1036,NQ.v.0
2020-11-12 15:00:00+00:00,33,1,16337,11926.0,11926.25,11907.5,11913.5,1251,NQ.v.0
2020-11-12 15:01:00+00:00,33,1,16337,11913.5,11938.25,11911.0,11933.5,1605,NQ.v.0
2020-11-12 15:02:00+00:00,33,1,16337,11933.5,11940.5,11931.0,11932.25,1259,NQ.v.0
2020-11-12 15:03:00+00:00,33,1,16337,11932.5,11936.75,11928.0,11931.0,793,NQ.v.0
2020-11-12 15:04:00+00:00,33,1,16337,11930.5,11933.5,11921.0,11932.25,974,NQ.v.0
2020-11-12 15:05:00+00:00,33,1,16337,11931.75,11938.0,11928.0,11929.5,889,NQ.v.0
2020-11-12 15:06:00+00:00,33,1,16337,11929.75,11938.75,11918.75,11919.25,997,NQ.v.0
2020-11-12 15:07:00+00:00,33,1,16337,11918.75,11926.25,11914.0,11923.75,1283,NQ.v.0
2020-11-12 15:08:00+00:00,33,1,16337,11924.75,11932.0,11918.75,11927.75,1136,NQ.v.0
2020-11-12 15:09:00+00:00,33,1,16337,11927.25,11930.75,11921.75,11930.25,999,NQ.v.0
2020-11-12 15:10:00+00:00,33,1,16337,11930.75,11936.25,11924.0,11925.0,1553,NQ.v.0
2020-11-12 15:11:00+00:00,33,1,16337,11925.5,11932.5,11922.75,11929.25,739,NQ.v.0
2020-11-12 15:12:00+00:00,33,1,16337,11929.5,11947.5,11927.25,11945.5,1652,NQ.v.0
2020-11-12 15:13:00+00:00,33,1,16337,11945.25,11959.5,11944.25,11958.0,1884,NQ.v.0
2020-11-12 15:14:00+00:00,33,1,16337,11957.5,11959.75,11951.5,11954.25,875,NQ.v.0
2020-11-12 15:15:00+00:00,33,1,16337,11954.75,11959.5,11946.5,11952.25,1522,NQ.v.0
2020-11-12 15:16:00+00:00,33,1,16337,11952.5,11963.5,11946.0,11960.25,1377,NQ.v.0
2020-11-12 15:17:00+00:00,33,1,16337,11960.5,11961.5,11947.25,11953.75,1147,NQ.v.0
2020-11-12 15:18:00+00:00,33,1,16337,11954.0,11954.75,11946.0,11950.0,734,NQ.v.0
2020-11-12 15:19:00+00:00,33,1,16337,11949.25,11953.25,11941.0,11945.0,962,NQ.v.0
2020-11-12 15:20:00+00:00,33,1,16337,11945.0,11949.25,11942.5,11943.0,967,NQ.v.0
2020-11-12 15:21:00+00:00,33,1,16337,11943.5,11953.25,11943.5,11949.5,1923,NQ.v.0
2020-11-12 15:22:00+00:00,33,1,16337,11949.75,11957.0,11942.0,11944.75,1144,NQ.v.0
2020-11-12 15:23:00+00:00,33,1,16337,11945.0,11948.25,11936.0,11943.5,1493,NQ.v.0
2020-11-12 15:24:00+00:00,33,1,16337,11943.5,11948.25,11928.0,11933.5,1719,NQ.v.0
2020-11-12 15:25:00+00:00,33,1,16337,11933.25,11940.0,11930.5,11934.25,1006,NQ.v.0
2020-11-12 15:26:00+00:00,33,1,16337,11934.25,11941.75,11927.0,11929.25,813,NQ.v.0
2020-11-12 15:27:00+00:00,33,1,16337,11929.0,11929.5,11918.5,11920.0,1077,NQ.v.0
2020-11-12 15:28:00+00:00,33,1,16337,11919.75,11926.25,11916.25,11924.75,997,NQ.v.0
2020-11-12 15:29:00+00:00,33,1,16337,11925.0,11931.25,11919.5,11926.75,786,NQ.v.0
2020-11-12 15:30:00+00:00,33,1,16337,11927.0,11937.25,11923.0,11934.75,1087,NQ.v.0
2020-11-12 15:31:00+00:00,33,1,16337,11935.25,11942.5,11934.75,11941.25,822,NQ.v.0
2020-11-12 15:32:00+00:00,33,1,16337,11940.25,11943.25,11936.75,11940.75,585,NQ.v.0
2020-11-12 15:33:00+00:00,33,1,16337,11940.25,11945.75,11936.75,11941.5,607,NQ.v.0
2020-11-12 15:34:00+00:00,33,1,16337,11941.5,11945.25,11936.25,11936.75,583,NQ.v.0
2020-11-12 15:35:00+00:00,33,1,16337,11936.75,11943.5,11934.25,11941.0,692,NQ.v.0
2020-11-12 15:36:00+00:00,33,1,16337,11941.0,11941.0,11930.25,11936.5,1427,NQ.v.0
2020-11-12 15:37:00+00:00,33,1,16337,11936.25,11947.5,11936.25,11944.5,1480,NQ.v.0
2020-11-12 15:38:00+00:00,33,1,16337,11944.25,11953.5,11943.5,11952.25,1818,NQ.v.0
2020-11-12 15:39:00+00:00,33,1,16337,11952.5,11954.75,11948.0,11949.5,1315,NQ.v.0
2020-11-12 15:40:00+00:00,33,1,16337,11949.25,11960.5,11947.75,11959.0,1492,NQ.v.0
2020-11-12 15:41:00+00:00,33,1,16337,11959.5,11975.75,11955.25,11971.75,2499,NQ.v.0
2020-11-12 15:42:00+00:00,33,1,16337,11971.5,11974.5,11964.25,11965.75,1592,NQ.v.0
2020-11-12 15:43:00+00:00,33,1,16337,11965.75,11969.25,11963.5,11965.5,1432,NQ.v.0
2020-11-12 15:44:00+00:00,33,1,16337,11965.75,11967.25,11960.5,11963.5,759,NQ.v.0
2020-11-12 15:45:00+00:00,33,1,16337,11963.5,11967.5,11960.0,11963.75,1079,NQ.v.0
2020-11-12 15:46:00+00:00,33,1,16337,11963.25,11965.75,11946.5,11948.75,1825,NQ.v.0
2020-11-12 15:47:00+00:00,33,1,16337,11948.5,11948.75,11942.0,11945.75,1074,NQ.v.0
2020-11-12 15:48:00+00:00,33,1,16337,11946.75,11951.75,11945.25,11945.5,754,NQ.v.0
2020-11-12 15:49:00+00:00,33,1,16337,11945.75,11950.0,11943.5,11948.0,416,NQ.v.0
2020-11-12 15:50:00+00:00,33,1,16337,11948.5,11949.5,11941.5,11946.25,608,NQ.v.0
2020-11-12 15:51:00+00:00,33,1,16337,11946.0,11952.75,11946.0,11947.75,595,NQ.v.0
2020-11-12 15:52:00+00:00,33,1,16337,11948.25,11948.25,11936.5,11939.0,899,NQ.v.0
2020-11-12 15:53:00+00:00,33,1,16337,11939.5,11942.0,11938.0,11938.0,410,NQ.v.0
2020-11-12 15:54:00+00:00,33,1,16337,11938.0,11938.5,11925.25,11931.75,1379,NQ.v.0
2020-11-12 15:55:00+00:00,33,1,16337,11932.0,11939.25,11929.75,11938.0,865,NQ.v.0
2020-11-12 15:56:00+00:00,33,1,16337,11937.75,11940.25,11934.0,11935.5,622,NQ.v.0
2020-11-12 15:57:00+00:00,33,1,16337,11935.25,11935.5,11928.0,11930.5,757,NQ.v.0
2020-11-12 15:58:00+00:00,33,1,16337,11930.25,11934.5,11924.0,11932.75,714,NQ.v.0
2020-11-12 15:59:00+00:00,33,1,16337,11933.25,11935.75,11926.5,11927.0,464,NQ.v.0
2020-11-12 16:00:00+00:00,33,1,16337,11926.75,11943.5,11926.75,11942.0,1066,NQ.v.0
2020-11-12 16:01:00+00:00,33,1,16337,11941.75,11951.0,11939.5,11947.25,934,NQ.v.0
2020-11-12 16:02:00+00:00,33,1,16337,11947.5,11949.5,11939.25,11947.5,778,NQ.v.0
2020-11-12 16:03:00+00:00,33,1,16337,11947.75,11947.75,11937.75,11942.25,619,NQ.v.0
2020-11-12 16:04:00+00:00,33,1,16337,11942.75,11950.75,11940.75,11944.0,657,NQ.v.0
2020-11-12 16:05:00+00:00,33,1,16337,11943.75,11955.75,11942.5,11953.75,1117,NQ.v.0
2020-11-12 16:06:00+00:00,33,1,16337,11953.5,11953.75,11947.0,11949.75,503,NQ.v.0
2020-11-12 16:07:00+00:00,33,1,16337,11950.25,11950.25,11938.25,11940.0,1096,NQ.v.0
2020-11-12 16:08:00+00:00,33,1,16337,11940.5,11942.25,11934.25,11938.25,613,NQ.v.0
2020-11-12 16:09:00+00:00,33,1,16337,11938.0,11943.25,11938.0,11941.25,334,NQ.v.0
2020-11-12 16:10:00+00:00,33,1,16337,11941.25,11943.5,11925.5,11925.5,1056,NQ.v.0
2020-11-12 16:11:00+00:00,33,1,16337,11925.75,11926.0,11914.5,11922.75,1640,NQ.v.0
2020-11-12 16:12:00+00:00,33,1,16337,11923.25,11925.25,11918.5,11922.75,609,NQ.v.0
2020-11-12 16:13:00+00:00,33,1,16337,11923.0,11923.25,11917.25,11920.25,530,NQ.v.0
2020-11-12 16:14:00+00:00,33,1,16337,11920.5,11920.75,11910.0,11910.0,897,NQ.v.0
2020-11-12 16:15:00+00:00,33,1,16337,11910.5,11912.0,11903.75,11908.25,1250,NQ.v.0
2020-11-12 16:16:00+00:00,33,1,16337,11908.0,11909.25,11902.0,11907.75,817,NQ.v.0
2020-11-12 16:17:00+00:00,33,1,16337,11908.75,11910.0,11906.25,11909.0,596,NQ.v.0
2020-11-12 16:18:00+00:00,33,1,16337,11909.25,11912.5,11905.75,11911.5,512,NQ.v.0
2020-11-12 16:19:00+00:00,33,1,16337,11912.25,11920.25,11912.25,11917.25,814,NQ.v.0
2020-11-12 16:20:00+00:00,33,1,16337,11917.0,11922.0,11916.5,11917.0,580,NQ.v.0
2020-11-12 16:21:00+00:00,33,1,16337,11916.75,11918.75,11910.0,11918.5,641,NQ.v.0
2020-11-12 16:22:00+00:00,33,1,16337,11918.25,11920.25,11908.5,11911.0,634,NQ.v.0
2020-11-12 16:23:00+00:00,33,1,16337,11910.5,11919.0,11909.25,11918.5,447,NQ.v.0
2020-11-12 16:24:00+00:00,33,1,16337,11918.25,11918.5,11911.75,11912.25,380,NQ.v.0
2020-11-12 16:25:00+00:00,33,1,16337,11912.0,11912.5,11902.5,11909.5,751,NQ.v.0
2020-11-12 16:26:00+00:00,33,1,16337,11910.75,11914.5,11906.0,11913.25,592,NQ.v.0
2020-11-12 16:27:00+00:00,33,1,16337,11913.0,11915.75,11907.0,11908.5,422,NQ.v.0
2020-11-12 16:28:00+00:00,33,1,16337,11908.75,11909.5,11897.5,11908.0,1007,NQ.v.0
2020-11-12 16:29:00+00:00,33,1,16337,11907.75,11917.5,11906.5,11915.25,635,NQ.v.0
2020-11-12 16:30:00+00:00,33,1,16337,11915.5,11917.0,11907.5,11911.5,544,NQ.v.0
2020-11-12 16:31:00+00:00,33,1,16337,11912.0,11912.75,11904.25,11907.25,513,NQ.v.0
2020-11-12 16:32:00+00:00,33,1,16337,11907.75,11913.75,11898.25,11901.0,757,NQ.v.0
2020-11-12 16:33:00+00:00,33,1,16337,11900.5,11904.0,11892.5,11895.25,942,NQ.v.0
2020-11-12 16:34:00+00:00,33,1,16337,11895.25,11896.5,11891.0,11896.5,682,NQ.v.0
2020-11-12 16:35:00+00:00,33,1,16337,11895.5,11899.5,11894.0,11899.5,537,NQ.v.0
2020-11-12 16:36:00+00:00,33,1,16337,11898.75,11903.5,11898.0,11899.25,462,NQ.v.0
2020-11-12 16:37:00+00:00,33,1,16337,11899.75,11901.5,11893.5,11897.5,600,NQ.v.0
2020-11-12 16:38:00+00:00,33,1,16337,11898.0,11898.5,11887.5,11892.25,739,NQ.v.0
2020-11-12 16:39:00+00:00,33,1,16337,11892.5,11894.5,11885.0,11885.0,715,NQ.v.0
2020-11-12 16:40:00+00:00,33,1,16337,11884.75,11884.75,11866.75,11868.25,1902,NQ.v.0
2020-11-12 16:41:00+00:00,33,1,16337,11868.5,11873.5,11865.25,11873.25,985,NQ.v.0
2020-11-12 16:42:00+00:00,33,1,16337,11873.0,11873.75,11857.5,11861.25,1328,NQ.v.0
2020-11-12 16:43:00+00:00,33,1,16337,11861.0,11864.0,11857.0,11862.0,805,NQ.v.0
2020-11-12 16:44:00+00:00,33,1,16337,11862.25,11867.5,11860.5,11860.5,806,NQ.v.0
2020-11-12 16:45:00+00:00,33,1,16337,11860.75,11873.75,11858.75,11871.0,1028,NQ.v.0
2020-11-12 16:46:00+00:00,33,1,16337,11871.0,11880.5,11868.75,11879.5,870,NQ.v.0
2020-11-12 16:47:00+00:00,33,1,16337,11879.25,11879.25,11869.0,11871.75,620,NQ.v.0
2020-11-12 16:48:00+00:00,33,1,16337,11871.25,11876.0,11866.75,11871.0,650,NQ.v.0
2020-11-12 16:49:00+00:00,33,1,16337,11870.75,11876.0,11867.5,11867.75,630,NQ.v.0
2020-11-12 16:50:00+00:00,33,1,16337,11868.0,11878.5,11865.25,11878.0,919,NQ.v.0
2020-11-12 16:51:00+00:00,33,1,16337,11878.5,11878.5,11871.75,11876.75,511,NQ.v.0
2020-11-12 16:52:00+00:00,33,1,16337,11876.25,11877.5,11871.0,11876.5,353,NQ.v.0
2020-11-12 16:53:00+00:00,33,1,16337,11876.75,11887.75,11876.75,11886.25,1046,NQ.v.0
2020-11-12 16:54:00+00:00,33,1,16337,11887.0,11890.0,11884.75,11889.0,616,NQ.v.0
2020-11-12 16:55:00+00:00,33,1,16337,11888.75,11891.75,11885.5,11887.0,576,NQ.v.0
2020-11-12 16:56:00+00:00,33,1,16337,11886.25,11890.0,11883.75,11886.0,452,NQ.v.0
2020-11-12 16:57:00+00:00,33,1,16337,11886.5,11896.25,11886.5,11893.75,807,NQ.v.0
2020-11-12 16:58:00+00:00,33,1,16337,11893.5,11898.75,11891.75,11896.25,528,NQ.v.0
2020-11-12 16:59:00+00:00,33,1,16337,11896.25,11899.5,11894.5,11894.75,436,NQ.v.0
2020-11-12 17:00:00+00:00,33,1,16337,11894.5,11902.75,11889.25,11892.5,979,NQ.v.0
2020-11-12 17:01:00+00:00,33,1,16337,11892.0,11899.0,11891.5,11895.0,445,NQ.v.0
2020-11-12 17:02:00+00:00,33,1,16337,11895.25,11905.5,11894.5,11899.5,1136,NQ.v.0
2020-11-12 17:03:00+00:00,33,1,16337,11899.25,11901.5,11895.5,11898.75,440,NQ.v.0
2020-11-12 17:04:00+00:00,33,1,16337,11898.75,11901.25,11895.0,11900.0,391,NQ.v.0
2020-11-12 17:05:00+00:00,33,1,16337,11900.0,11903.0,11897.5,11901.0,459,NQ.v.0
2020-11-12 17:06:00+00:00,33,1,16337,11900.25,11902.25,11897.5,11901.75,300,NQ.v.0
2020-11-12 17:07:00+00:00,33,1,16337,11901.25,11909.0,11900.75,11908.75,810,NQ.v.0
2020-11-12 17:08:00+00:00,33,1,16337,11908.5,11911.25,11904.25,11905.0,596,NQ.v.0
2020-11-12 17:09:00+00:00,33,1,16337,11904.5,11904.75,11899.25,11903.5,423,NQ.v.0
2020-11-12 17:10:00+00:00,33,1,16337,11903.25,11908.0,11902.0,11903.75,464,NQ.v.0
2020-11-12 17:11:00+00:00,33,1,16337,11903.5,11910.0,11903.0,11908.0,677,NQ.v.0
2020-11-12 17:12:00+00:00,33,1,16337,11907.75,11908.5,11902.75,11904.75,587,NQ.v.0
2020-11-12 17:13:00+00:00,33,1,16337,11905.0,11912.0,11902.75,11910.5,436,NQ.v.0
2020-11-12 17:14:00+00:00,33,1,16337,11910.75,11916.0,11908.75,11913.0,1844,NQ.v.0
2020-11-12 17:15:00+00:00,33,1,16337,11912.75,11912.75,11902.25,11902.25,1022,NQ.v.0
2020-11-12 17:16:00+00:00,33,1,16337,11903.0,11905.0,11900.25,11900.5,385,NQ.v.0
2020-11-12 17:17:00+00:00,33,1,16337,11900.25,11904.0,11899.25,11902.0,3314,NQ.v.0
2020-11-12 17:18:00+00:00,33,1,16337,11902.0,11906.0,11895.0,11898.5,1817,NQ.v.0
2020-11-12 17:19:00+00:00,33,1,16337,11898.25,11899.25,11894.0,11898.0,547,NQ.v.0
2020-11-12 17:20:00+00:00,33,1,16337,11898.75,11911.0,11898.75,11906.0,743,NQ.v.0
2020-11-12 17:21:00+00:00,33,1,16337,11906.25,11906.25,11897.0,11901.5,518,NQ.v.0
2020-11-12 17:22:00+00:00,33,1,16337,11901.5,11906.0,11899.5,11905.0,305,NQ.v.0
2020-11-12 17:23:00+00:00,33,1,16337,11904.75,11905.0,11894.75,11897.75,387,NQ.v.0
2020-11-12 17:24:00+00:00,33,1,16337,11898.25,11898.25,11886.25,11889.0,1016,NQ.v.0
2020-11-12 17:25:00+00:00,33,1,16337,11889.25,11889.25,11872.0,11879.0,1410,NQ.v.0
2020-11-12 17:26:00+00:00,33,1,16337,11878.25,11879.75,11873.0,11873.5,670,NQ.v.0
2020-11-12 17:27:00+00:00,33,1,16337,11873.5,11876.25,11862.5,11868.5,1154,NQ.v.0
2020-11-12 17:28:00+00:00,33,1,16337,11868.5,11876.25,11863.75,11871.5,1040,NQ.v.0
2020-11-12 17:29:00+00:00,33,1,16337,11871.25,11874.25,11862.75,11864.75,852,NQ.v.0
2020-11-12 17:30:00+00:00,33,1,16337,11864.5,11872.75,11862.25,11868.75,761,NQ.v.0
2020-11-12 17:31:00+00:00,33,1,16337,11868.25,11877.5,11865.5,11876.5,659,NQ.v.0
2020-11-12 17:32:00+00:00,33,1,16337,11876.0,11886.75,11875.5,11883.25,914,NQ.v.0
2020-11-12 17:33:00+00:00,33,1,16337,11882.75,11886.0,11880.75,11883.0,477,NQ.v.0
2020-11-12 17:34:00+00:00,33,1,16337,11883.25,11887.5,11880.75,11883.0,440,NQ.v.0
2020-11-12 17:35:00+00:00,33,1,16337,11883.25,11889.0,11879.25,11882.75,674,NQ.v.0
2020-11-12 17:36:00+00:00,33,1,16337,11883.0,11887.75,11881.25,11884.5,300,NQ.v.0
2020-11-12 17:37:00+00:00,33,1,16337,11884.5,11885.0,11881.5,11883.0,1407,NQ.v.0
2020-11-12 17:38:00+00:00,33,1,16337,11882.75,11887.5,11880.0,11885.75,2353,NQ.v.0
2020-11-12 17:39:00+00:00,33,1,16337,11885.75,11886.0,11869.25,11874.25,1002,NQ.v.0
2020-11-12 17:40:00+00:00,33,1,16337,11874.0,11875.75,11866.75,11874.75,742,NQ.v.0
2020-11-12 17:41:00+00:00,33,1,16337,11874.5,11876.75,11853.0,11857.25,1301,NQ.v.0
2020-11-12 17:42:00+00:00,33,1,16337,11857.75,11858.75,11848.5,11853.0,962,NQ.v.0
2020-11-12 17:43:00+00:00,33,1,16337,11853.75,11854.0,11847.5,11849.5,685,NQ.v.0
2020-11-12 17:44:00+00:00,33,1,16337,11850.0,11858.0,11850.0,11855.75,568,NQ.v.0
2020-11-12 17:45:00+00:00,33,1,16337,11855.5,11857.5,11850.75,11850.75,688,NQ.v.0
2020-11-12 17:46:00+00:00,33,1,16337,11851.25,11851.25,11830.0,11830.75,1689,NQ.v.0
2020-11-12 17:47:00+00:00,33,1,16337,11830.0,11837.5,11827.5,11832.5,1034,NQ.v.0
2020-11-12 17:48:00+00:00,33,1,16337,11832.0,11834.25,11823.75,11825.5,701,NQ.v.0
2020-11-12 17:49:00+00:00,33,1,16337,11825.0,11826.25,11817.5,11821.5,1078,NQ.v.0
2020-11-12 17:50:00+00:00,33,1,16337,11821.25,11828.0,11811.5,11814.25,1551,NQ.v.0
2020-11-12 17:51:00+00:00,33,1,16337,11814.0,11819.0,11807.5,11809.0,990,NQ.v.0
2020-11-12 17:52:00+00:00,33,1,16337,11809.25,11826.25,11807.0,11823.75,1379,NQ.v.0
2020-11-12 17:53:00+00:00,33,1,16337,11824.0,11829.75,11819.25,11827.5,1251,NQ.v.0
2020-11-12 17:54:00+00:00,33,1,16337,11828.0,11836.25,11827.25,11830.25,1345,NQ.v.0
2020-11-12 17:55:00+00:00,33,1,16337,11830.0,11835.0,11825.5,11827.0,638,NQ.v.0
2020-11-12 17:56:00+00:00,33,1,16337,11827.75,11829.0,11822.0,11829.0,614,NQ.v.0
2020-11-12 17:57:00+00:00,33,1,16337,11829.25,11837.75,11827.0,11835.25,818,NQ.v.0
2020-11-12 17:58:00+00:00,33,1,16337,11834.5,11839.75,11832.25,11838.25,538,NQ.v.0
2020-11-12 17:59:00+00:00,33,1,16337,11837.75,11839.5,11834.0,11836.75,486,NQ.v.0
2020-11-12 18:00:00+00:00,33,1,16337,11836.5,11838.0,11832.0,11834.75,611,NQ.v.0
2020-11-12 18:01:00+00:00,33,1,16337,11834.25,11835.75,11822.75,11825.75,792,NQ.v.0
2020-11-12 18:02:00+00:00,33,1,16337,11826.25,11831.25,11823.25,11829.75,670,NQ.v.0
2020-11-12 18:03:00+00:00,33,1,16337,11830.0,11842.5,11828.75,11839.25,846,NQ.v.0
2020-11-12 18:04:00+00:00,33,1,16337,11839.25,11843.5,11834.25,11835.25,621,NQ.v.0
2020-11-12 18:05:00+00:00,33,1,16337,11835.5,11838.75,11831.5,11835.0,436,NQ.v.0
2020-11-12 18:06:00+00:00,33,1,16337,11834.25,11835.25,11828.5,11829.5,368,NQ.v.0
2020-11-12 18:07:00+00:00,33,1,16337,11829.25,11836.75,11824.25,11831.0,1751,NQ.v.0
2020-11-12 18:08:00+00:00,33,1,16337,11831.0,11835.5,11825.75,11828.5,1760,NQ.v.0
2020-11-12 18:09:00+00:00,33,1,16337,11828.25,11836.75,11825.75,11834.5,545,NQ.v.0
2020-11-12 18:10:00+00:00,33,1,16337,11834.75,11835.75,11821.0,11823.5,958,NQ.v.0
2020-11-12 18:11:00+00:00,33,1,16337,11822.5,11826.0,11811.75,11813.5,791,NQ.v.0
2020-11-12 18:12:00+00:00,33,1,16337,11814.0,11818.25,11808.25,11817.0,922,NQ.v.0
2020-11-12 18:13:00+00:00,33,1,16337,11817.5,11819.0,11804.0,11812.5,936,NQ.v.0
2020-11-12 18:14:00+00:00,33,1,16337,11812.75,11838.0,11810.5,11836.0,1301,NQ.v.0
2020-11-12 18:15:00+00:00,33,1,16337,11835.5,11841.5,11828.25,11829.75,1223,NQ.v.0
2020-11-12 18:16:00+00:00,33,1,16337,11829.5,11831.75,11824.25,11827.75,619,NQ.v.0
2020-11-12 18:17:00+00:00,33,1,16337,11827.75,11827.75,11815.25,11815.75,646,NQ.v.0
2020-11-12 18:18:00+00:00,33,1,16337,11816.0,11822.75,11811.5,11815.5,924,NQ.v.0
2020-11-12 18:19:00+00:00,33,1,16337,11815.5,11825.75,11815.5,11820.5,836,NQ.v.0
2020-11-12 18:20:00+00:00,33,1,16337,11820.25,11832.5,11815.5,11831.5,1087,NQ.v.0
2020-11-12 18:21:00+00:00,33,1,16337,11832.0,11833.5,11825.5,11826.75,793,NQ.v.0
2020-11-12 18:22:00+00:00,33,1,16337,11826.5,11829.0,11818.25,11821.5,698,NQ.v.0
2020-11-12 18:23:00+00:00,33,1,16337,11821.5,11823.5,11811.0,11817.5,1035,NQ.v.0
2020-11-12 18:24:00+00:00,33,1,16337,11817.25,11819.5,11804.75,11807.0,1067,NQ.v.0
2020-11-12 18:25:00+00:00,33,1,16337,11807.0,11814.0,11801.25,11809.25,1266,NQ.v.0
2020-11-12 18:26:00+00:00,33,1,16337,11809.5,11825.0,11809.5,11811.75,1346,NQ.v.0
2020-11-12 18:27:00+00:00,33,1,16337,11811.5,11811.5,11796.75,11801.0,1542,NQ.v.0
2020-11-12 18:28:00+00:00,33,1,16337,11801.5,11812.5,11799.75,11803.75,912,NQ.v.0
2020-11-12 18:29:00+00:00,33,1,16337,11803.75,11810.25,11800.0,11803.0,680,NQ.v.0
2020-11-12 18:30:00+00:00,33,1,16337,11802.5,11802.5,11787.25,11795.5,1639,NQ.v.0
2020-11-12 18:31:00+00:00,33,1,16337,11795.5,11815.0,11794.0,11809.75,1264,NQ.v.0
2020-11-12 18:32:00+00:00,33,1,16337,11809.25,11822.0,11805.25,11820.25,1120,NQ.v.0
2020-11-12 18:33:00+00:00,33,1,16337,11820.0,11824.5,11815.75,11819.5,788,NQ.v.0
2020-11-12 18:34:00+00:00,33,1,16337,11819.75,11821.25,11814.0,11819.75,629,NQ.v.0
2020-11-12 18:35:00+00:00,33,1,16337,11819.5,11824.5,11816.75,11821.0,677,NQ.v.0
2020-11-12 18:36:00+00:00,33,1,16337,11821.25,11831.5,11820.0,11831.0,851,NQ.v.0
2020-11-12 18:37:00+00:00,33,1,16337,11830.75,11837.25,11829.75,11835.5,1001,NQ.v.0
2020-11-12 18:38:00+00:00,33,1,16337,11835.0,11840.5,11832.5,11837.75,674,NQ.v.0
2020-11-12 18:39:00+00:00,33,1,16337,11837.75,11837.75,11830.75,11832.25,465,NQ.v.0
2020-11-12 18:40:00+00:00,33,1,16337,11832.25,11832.5,11825.5,11829.25,656,NQ.v.0
2020-11-12 18:41:00+00:00,33,1,16337,11829.75,11834.25,11824.5,11832.0,482,NQ.v.0
2020-11-12 18:42:00+00:00,33,1,16337,11832.0,11837.25,11831.0,11831.25,383,NQ.v.0
2020-11-12 18:43:00+00:00,33,1,16337,11831.0,11835.5,11825.25,11827.0,323,NQ.v.0
2020-11-12 18:44:00+00:00,33,1,16337,11826.5,11828.75,11823.25,11828.25,360,NQ.v.0
2020-11-12 18:45:00+00:00,33,1,16337,11827.5,11831.5,11821.25,11821.25,370,NQ.v.0
2020-11-12 18:46:00+00:00,33,1,16337,11821.25,11823.0,11811.75,11813.25,844,NQ.v.0
2020-11-12 18:47:00+00:00,33,1,16337,11813.25,11821.5,11812.0,11820.75,604,NQ.v.0
2020-11-12 18:48:00+00:00,33,1,16337,11821.5,11822.25,11814.5,11814.75,336,NQ.v.0
2020-11-12 18:49:00+00:00,33,1,16337,11814.5,11818.5,11810.5,11814.75,438,NQ.v.0
2020-11-12 18:50:00+00:00,33,1,16337,11814.0,11820.75,11810.25,11819.25,565,NQ.v.0
2020-11-12 18:51:00+00:00,33,1,16337,11819.75,11833.5,11819.75,11831.25,711,NQ.v.0
2020-11-12 18:52:00+00:00,33,1,16337,11831.5,11848.5,11830.5,11843.5,1590,NQ.v.0
2020-11-12 18:53:00+00:00,33,1,16337,11843.5,11848.5,11843.0,11847.25,1178,NQ.v.0
2020-11-12 18:54:00+00:00,33,1,16337,11847.0,11855.75,11845.0,11853.5,1258,NQ.v.0
2020-11-12 18:55:00+00:00,33,1,16337,11852.75,11858.25,11851.25,11855.0,905,NQ.v.0
2020-11-12 18:56:00+00:00,33,1,16337,11854.5,11859.0,11851.25,11855.75,660,NQ.v.0
2020-11-12 18:57:00+00:00,33,1,16337,11855.0,11859.0,11852.5,11856.0,635,NQ.v.0
2020-11-12 18:58:00+00:00,33,1,16337,11855.75,11859.75,11854.75,11857.5,1043,NQ.v.0
2020-11-12 18:59:00+00:00,33,1,16337,11857.5,11859.5,11855.5,11857.25,1925,NQ.v.0
2020-11-12 19:00:00+00:00,33,1,16337,11857.25,11860.0,11851.25,11853.75,1131,NQ.v.0
2020-11-12 19:01:00+00:00,33,1,16337,11853.0,11858.0,11847.5,11857.0,898,NQ.v.0
2020-11-12 19:02:00+00:00,33,1,16337,11857.25,11872.75,11856.5,11871.5,3879,NQ.v.0
2020-11-12 19:03:00+00:00,33,1,16337,11871.5,11875.0,11866.75,11868.0,1945,NQ.v.0
2020-11-12 19:04:00+00:00,33,1,16337,11868.0,11872.0,11864.5,11867.5,2814,NQ.v.0
2020-11-12 19:05:00+00:00,33,1,16337,11867.5,11871.25,11860.75,11861.25,1912,NQ.v.0
2020-11-12 19:06:00+00:00,33,1,16337,11861.75,11863.75,11846.75,11849.0,1247,NQ.v.0
2020-11-12 19:07:00+00:00,33,1,16337,11848.5,11855.75,11848.5,11852.5,545,NQ.v.0
2020-11-12 19:08:00+00:00,33,1,16337,11852.25,11853.0,11841.75,11842.75,1024,NQ.v.0
2020-11-12 19:09:00+00:00,33,1,16337,11843.0,11845.5,11838.75,11841.25,969,NQ.v.0
2020-11-12 19:10:00+00:00,33,1,16337,11842.0,11844.75,11839.0,11842.5,1021,NQ.v.0
2020-11-12 19:11:00+00:00,33,1,16337,11842.5,11842.5,11828.5,11832.25,822,NQ.v.0
2020-11-12 19:12:00+00:00,33,1,16337,11832.5,11834.25,11827.25,11834.25,1328,NQ.v.0
2020-11-12 19:13:00+00:00,33,1,16337,11834.25,11834.75,11824.5,11830.25,1290,NQ.v.0
2020-11-12 19:14:00+00:00,33,1,16337,11830.0,11830.75,11818.75,11821.75,865,NQ.v.0
2020-11-12 19:15:00+00:00,33,1,16337,11821.5,11824.0,11815.75,11821.75,890,NQ.v.0
2020-11-12 19:16:00+00:00,33,1,16337,11821.5,11821.5,11813.25,11817.75,770,NQ.v.0
2020-11-12 19:17:00+00:00,33,1,16337,11817.75,11819.25,11815.25,11817.0,432,NQ.v.0
2020-11-12 19:18:00+00:00,33,1,16337,11817.5,11824.5,11813.0,11823.25,759,NQ.v.0
2020-11-12 19:19:00+00:00,33,1,16337,11823.0,11826.5,11819.75,11822.5,715,NQ.v.0
2020-11-12 19:20:00+00:00,33,1,16337,11822.0,11828.25,11816.25,11821.25,685,NQ.v.0
2020-11-12 19:21:00+00:00,33,1,16337,11821.0,11829.0,11811.75,11826.5,1142,NQ.v.0
2020-11-12 19:22:00+00:00,33,1,16337,11826.0,11830.5,11823.25,11829.0,779,NQ.v.0
2020-11-12 19:23:00+00:00,33,1,16337,11829.0,11833.25,11827.0,11830.5,618,NQ.v.0
2020-11-12 19:24:00+00:00,33,1,16337,11829.75,11829.75,11818.25,11821.5,586,NQ.v.0
2020-11-12 19:25:00+00:00,33,1,16337,11820.75,11830.5,11816.5,11828.5,543,NQ.v.0
2020-11-12 19:26:00+00:00,33,1,16337,11829.0,11835.25,11829.0,11834.5,591,NQ.v.0
2020-11-12 19:27:00+00:00,33,1,16337,11834.0,11834.0,11825.75,11829.5,441,NQ.v.0
2020-11-12 19:28:00+00:00,33,1,16337,11830.0,11830.5,11823.75,11825.25,298,NQ.v.0
2020-11-12 19:29:00+00:00,33,1,16337,11825.0,11830.5,11823.0,11825.25,321,NQ.v.0
2020-11-12 19:30:00+00:00,33,1,16337,11825.0,11825.0,11815.5,11817.5,622,NQ.v.0
2020-11-12 19:31:00+00:00,33,1,16337,11817.0,11832.75,11811.0,11829.25,982,NQ.v.0
2020-11-12 19:32:00+00:00,33,1,16337,11829.0,11848.0,11829.0,11840.0,1467,NQ.v.0
2020-11-12 19:33:00+00:00,33,1,16337,11840.0,11842.0,11823.25,11829.5,744,NQ.v.0
2020-11-12 19:34:00+00:00,33,1,16337,11829.0,11833.0,11821.5,11832.5,683,NQ.v.0
2020-11-12 19:35:00+00:00,33,1,16337,11832.75,11834.75,11825.25,11831.75,542,NQ.v.0
2020-11-12 19:36:00+00:00,33,1,16337,11831.5,11835.5,11829.75,11834.0,434,NQ.v.0
2020-11-12 19:37:00+00:00,33,1,16337,11833.75,11833.75,11822.75,11829.25,581,NQ.v.0
2020-11-12 19:38:00+00:00,33,1,16337,11828.75,11831.75,11823.25,11830.5,482,NQ.v.0
2020-11-12 19:39:00+00:00,33,1,16337,11830.5,11831.25,11825.0,11830.25,445,NQ.v.0
2020-11-12 19:40:00+00:00,33,1,16337,11830.5,11831.5,11816.25,11816.25,625,NQ.v.0
2020-11-12 19:41:00+00:00,33,1,16337,11816.75,11817.0,11805.75,11807.5,1168,NQ.v.0
2020-11-12 19:42:00+00:00,33,1,16337,11807.5,11809.25,11799.5,11802.0,817,NQ.v.0
2020-11-12 19:43:00+00:00,33,1,16337,11802.25,11810.75,11801.75,11805.25,644,NQ.v.0
2020-11-12 19:44:00+00:00,33,1,16337,11806.0,11809.0,11801.5,11803.25,658,NQ.v.0
2020-11-12 19:45:00+00:00,33,1,16337,11803.0,11809.5,11796.25,11801.25,1341,NQ.v.0
2020-11-12 19:46:00+00:00,33,1,16337,11801.0,11806.0,11798.25,11799.25,641,NQ.v.0
2020-11-12 19:47:00+00:00,33,1,16337,11799.25,11805.5,11797.75,11801.75,486,NQ.v.0
2020-11-12 19:48:00+00:00,33,1,16337,11802.0,11805.5,11798.0,11805.25,630,NQ.v.0
2020-11-12 19:49:00+00:00,33,1,16337,11805.75,11808.75,11801.25,11805.25,612,NQ.v.0
2020-11-12 19:50:00+00:00,33,1,16337,11804.75,11818.5,11798.75,11813.25,1036,NQ.v.0
2020-11-12 19:51:00+00:00,33,1,16337,11813.0,11818.25,11808.75,11816.75,803,NQ.v.0
2020-11-12 19:52:00+00:00,33,1,16337,11817.0,11817.75,11810.0,11812.25,604,NQ.v.0
2020-11-12 19:53:00+00:00,33,1,16337,11812.0,11813.5,11796.0,11798.75,2793,NQ.v.0
2020-11-12 19:54:00+00:00,33,1,16337,11798.5,11812.0,11798.5,11807.75,1205,NQ.v.0
2020-11-12 19:55:00+00:00,33,1,16337,11807.25,11820.75,11804.25,11813.5,1257,NQ.v.0
2020-11-12 19:56:00+00:00,33,1,16337,11813.5,11814.5,11809.5,11812.75,429,NQ.v.0
2020-11-12 19:57:00+00:00,33,1,16337,11812.5,11818.0,11802.5,11803.25,943,NQ.v.0
2020-11-12 19:58:00+00:00,33,1,16337,11803.25,11810.75,11800.25,11808.0,618,NQ.v.0
2020-11-12 19:59:00+00:00,33,1,16337,11808.75,11811.25,11802.0,11804.0,635,NQ.v.0
2020-11-12 20:00:00+00:00,33,1,16337,11804.25,11809.5,11797.0,11804.25,873,NQ.v.0
2020-11-12 20:01:00+00:00,33,1,16337,11804.5,11806.5,11788.5,11789.25,1440,NQ.v.0
2020-11-12 20:02:00+00:00,33,1,16337,11789.5,11794.25,11784.0,11790.0,1290,NQ.v.0
2020-11-12 20:03:00+00:00,33,1,16337,11789.75,11796.75,11787.0,11791.75,868,NQ.v.0
2020-11-12 20:04:00+00:00,33,1,16337,11791.75,11794.5,11781.5,11784.25,956,NQ.v.0
2020-11-12 20:05:00+00:00,33,1,16337,11784.25,11791.5,11776.5,11791.25,1539,NQ.v.0
2020-11-12 20:06:00+00:00,33,1,16337,11790.5,11792.0,11783.0,11789.0,851,NQ.v.0
2020-11-12 20:07:00+00:00,33,1,16337,11789.25,11800.75,11787.25,11796.25,1182,NQ.v.0
2020-11-12 20:08:00+00:00,33,1,16337,11796.0,11796.75,11784.0,11792.25,932,NQ.v.0
2020-11-12 20:09:00+00:00,33,1,16337,11792.5,11800.25,11790.5,11799.5,713,NQ.v.0
2020-11-12 20:10:00+00:00,33,1,16337,11799.25,11810.25,11799.25,11806.0,1018,NQ.v.0
2020-11-12 20:11:00+00:00,33,1,16337,11806.25,11809.5,11801.0,11801.75,629,NQ.v.0
2020-11-12 20:12:00+00:00,33,1,16337,11801.25,11805.0,11793.0,11804.5,915,NQ.v.0
2020-11-12 20:13:00+00:00,33,1,16337,11804.0,11812.25,11801.25,11809.5,655,NQ.v.0
2020-11-12 20:14:00+00:00,33,1,16337,11809.0,11816.75,11807.0,11813.0,912,NQ.v.0
2020-11-12 20:15:00+00:00,33,1,16337,11813.0,11814.0,11804.75,11808.0,677,NQ.v.0
2020-11-12 20:16:00+00:00,33,1,16337,11808.25,11821.25,11807.75,11819.75,997,NQ.v.0
2020-11-12 20:17:00+00:00,33,1,16337,11819.25,11828.25,11814.25,11826.5,1226,NQ.v.0
2020-11-12 20:18:00+00:00,33,1,16337,11826.75,11831.75,11824.0,11824.5,1014,NQ.v.0
2020-11-12 20:19:00+00:00,33,1,16337,11824.25,11824.75,11817.0,11820.5,621,NQ.v.0
2020-11-12 20:20:00+00:00,33,1,16337,11821.0,11824.25,11812.25,11818.25,938,NQ.v.0
2020-11-12 20:21:00+00:00,33,1,16337,11818.5,11820.0,11807.0,11808.5,2285,NQ.v.0
2020-11-12 20:22:00+00:00,33,1,16337,11809.0,11815.75,11805.5,11814.25,697,NQ.v.0
2020-11-12 20:23:00+00:00,33,1,16337,11814.75,11817.5,11812.0,11816.5,428,NQ.v.0
2020-11-12 20:24:00+00:00,33,1,16337,11816.0,11819.75,11811.75,11814.0,2104,NQ.v.0
2020-11-12 20:25:00+00:00,33,1,16337,11813.5,11819.5,11806.75,11808.25,2307,NQ.v.0
2020-11-12 20:26:00+00:00,33,1,16337,11807.25,11810.0,11798.0,11801.5,1074,NQ.v.0
2020-11-12 20:27:00+00:00,33,1,16337,11801.25,11808.25,11800.75,11807.75,1596,NQ.v.0
2020-11-12 20:28:00+00:00,33,1,16337,11807.25,11810.75,11802.0,11804.25,1087,NQ.v.0
2020-11-12 20:29:00+00:00,33,1,16337,11804.0,11808.0,11798.75,11801.75,1425,NQ.v.0
2020-11-12 20:30:00+00:00,33,1,16337,11801.75,11805.0,11794.5,11796.25,770,NQ.v.0
2020-11-12 20:31:00+00:00,33,1,16337,11796.5,11802.0,11794.0,11797.75,910,NQ.v.0
2020-11-12 20:32:00+00:00,33,1,16337,11797.5,11807.25,11797.0,11807.0,1158,NQ.v.0
2020-11-12 20:33:00+00:00,33,1,16337,11807.0,11814.0,11805.0,11807.25,934,NQ.v.0
2020-11-12 20:34:00+00:00,33,1,16337,11806.75,11811.25,11805.0,11806.75,1492,NQ.v.0
2020-11-12 20:35:00+00:00,33,1,16337,11807.0,11808.25,11792.5,11793.0,2004,NQ.v.0
2020-11-12 20:36:00+00:00,33,1,16337,11793.25,11803.25,11791.5,11801.75,698,NQ.v.0
2020-11-12 20:37:00+00:00,33,1,16337,11801.75,11803.0,11794.0,11796.5,745,NQ.v.0
2020-11-12 20:38:00+00:00,33,1,16337,11796.0,11800.5,11787.25,11800.25,915,NQ.v.0
2020-11-12 20:39:00+00:00,33,1,16337,11800.0,11814.0,11800.0,11812.0,996,NQ.v.0
2020-11-12 20:40:00+00:00,33,1,16337,11811.75,11815.0,11807.25,11808.5,993,NQ.v.0
2020-11-12 20:41:00+00:00,33,1,16337,11808.25,11817.25,11803.25,11811.25,1825,NQ.v.0
2020-11-12 20:42:00+00:00,33,1,16337,11811.75,11815.75,11807.5,11812.25,1786,NQ.v.0
2020-11-12 20:43:00+00:00,33,1,16337,11812.0,11814.0,11806.0,11806.0,1305,NQ.v.0
2020-11-12 20:44:00+00:00,33,1,16337,11805.75,11808.5,11798.75,11799.75,1098,NQ.v.0
2020-11-12 20:45:00+00:00,33,1,16337,11800.0,11806.75,11794.75,11800.5,1474,NQ.v.0
2020-11-12 20:46:00+00:00,33,1,16337,11800.75,11804.75,11788.5,11788.75,1557,NQ.v.0
2020-11-12 20:47:00+00:00,33,1,16337,11788.5,11794.25,11783.5,11785.5,1318,NQ.v.0
2020-11-12 20:48:00+00:00,33,1,16337,11785.75,11791.5,11775.75,11781.75,1326,NQ.v.0
2020-11-12 20:49:00+00:00,33,1,16337,11782.0,11802.0,11781.75,11797.75,1488,NQ.v.0
2020-11-12 20:50:00+00:00,33,1,16337,11797.75,11810.0,11792.75,11804.75,1918,NQ.v.0
2020-11-12 20:51:00+00:00,33,1,16337,11805.0,11811.75,11798.0,11800.5,1475,NQ.v.0
2020-11-12 20:52:00+00:00,33,1,16337,11800.0,11810.0,11793.25,11807.25,1256,NQ.v.0
2020-11-12 20:53:00+00:00,33,1,16337,11807.25,11813.0,11803.5,11806.75,1206,NQ.v.0
2020-11-12 20:54:00+00:00,33,1,16337,11806.5,11816.0,11806.25,11811.25,1083,NQ.v.0
2020-11-12 20:55:00+00:00,33,1,16337,11811.75,11819.25,11808.75,11811.75,1096,NQ.v.0
2020-11-12 20:56:00+00:00,33,1,16337,11811.75,11814.25,11805.5,11806.5,854,NQ.v.0
2020-11-12 20:57:00+00:00,33,1,16337,11806.0,11817.25,11806.0,11812.5,1061,NQ.v.0
2020-11-12 20:58:00+00:00,33,1,16337,11812.25,11821.5,11811.25,11819.5,1048,NQ.v.0
2020-11-12 20:59:00+00:00,33,1,16337,11820.0,11825.0,11812.0,11823.75,2925,NQ.v.0
2020-11-12 21:00:00+00:00,33,1,16337,11825.0,11838.5,11822.75,11837.5,2012,NQ.v.0
2020-11-12 21:01:00+00:00,33,1,16337,11838.75,11852.25,11837.5,11850.25,1310,NQ.v.0
2020-11-12 21:02:00+00:00,33,1,16337,11850.5,11851.0,11843.5,11845.5,826,NQ.v.0
2020-11-12 21:03:00+00:00,33,1,16337,11845.25,11848.0,11842.5,11845.25,567,NQ.v.0
2020-11-12 21:04:00+00:00,33,1,16337,11844.5,11847.0,11841.75,11843.25,432,NQ.v.0
2020-11-12 21:05:00+00:00,33,1,16337,11843.75,11849.0,11839.75,11847.75,568,NQ.v.0
2020-11-12 21:06:00+00:00,33,1,16337,11847.75,11862.5,11847.75,11850.75,912,NQ.v.0
2020-11-12 21:07:00+00:00,33,1,16337,11852.0,11853.5,11849.5,11852.75,265,NQ.v.0
2020-11-12 21:08:00+00:00,33,1,16337,11853.0,11857.0,11851.75,11854.75,347,NQ.v.0
2020-11-12 21:09:00+00:00,33,1,16337,11854.5,11854.75,11843.75,11849.25,370,NQ.v.0
2020-11-12 21:10:00+00:00,33,1,16337,11849.75,11854.5,11846.0,11853.5,311,NQ.v.0
2020-11-12 21:11:00+00:00,33,1,16337,11853.75,11864.0,11853.25,11862.5,308,NQ.v.0
2020-11-12 21:12:00+00:00,33,1,16337,11861.75,11863.25,11855.75,11857.0,347,NQ.v.0
2020-11-12 21:13:00+00:00,33,1,16337,11856.5,11859.5,11854.75,11858.25,299,NQ.v.0
2020-11-12 21:14:00+00:00,33,1,16337,11857.75,11859.0,11848.75,11852.75,332,NQ.v.0
2020-11-12 21:30:00+00:00,33,1,16337,11852.25,11857.25,11849.75,11856.75,233,NQ.v.0
2020-11-12 21:31:00+00:00,33,1,16337,11856.75,11859.0,11853.25,11854.5,146,NQ.v.0
2020-11-12 21:32:00+00:00,33,1,16337,11854.0,11859.5,11850.75,11857.25,220,NQ.v.0
2020-11-12 21:33:00+00:00,33,1,16337,11858.0,11864.25,11855.25,11863.0,163,NQ.v.0
2020-11-12 21:34:00+00:00,33,1,16337,11863.25,11869.0,11858.25,11860.5,386,NQ.v.0
2020-11-12 21:35:00+00:00,33,1,16337,11860.25,11867.5,11859.25,11867.25,204,NQ.v.0
2020-11-12 21:36:00+00:00,33,1,16337,11867.5,11868.0,11865.25,11866.0,238,NQ.v.0
2020-11-12 21:37:00+00:00,33,1,16337,11865.75,11866.25,11862.5,11865.0,211,NQ.v.0
2020-11-12 21:38:00+00:00,33,1,16337,11864.25,11864.5,11861.0,11861.25,78,NQ.v.0
2020-11-12 21:39:00+00:00,33,1,16337,11861.0,11864.75,11860.0,11864.0,58,NQ.v.0
2020-11-12 21:40:00+00:00,33,1,16337,11864.5,11867.75,11862.75,11867.75,124,NQ.v.0
2020-11-12 21:41:00+00:00,33,1,16337,11866.0,11866.75,11861.25,11862.5,114,NQ.v.0
2020-11-12 21:42:00+00:00,33,1,16337,11861.75,11863.75,11860.25,11860.25,37,NQ.v.0
2020-11-12 21:43:00+00:00,33,1,16337,11861.0,11862.0,11857.25,11858.25,110,NQ.v.0
2020-11-12 21:44:00+00:00,33,1,16337,11858.5,11858.5,11856.75,11857.75,56,NQ.v.0
2020-11-12 21:45:00+00:00,33,1,16337,11856.75,11861.75,11856.25,11860.5,75,NQ.v.0
2020-11-12 21:46:00+00:00,33,1,16337,11861.75,11862.5,11860.75,11860.75,26,NQ.v.0
2020-11-12 21:47:00+00:00,33,1,16337,11860.0,11860.0,11855.75,11855.75,59,NQ.v.0
2020-11-12 21:48:00+00:00,33,1,16337,11856.0,11859.0,11855.5,11858.0,79,NQ.v.0
2020-11-12 21:49:00+00:00,33,1,16337,11858.0,11861.75,11858.0,11860.75,63,NQ.v.0
2020-11-12 21:50:00+00:00,33,1,16337,11859.5,11862.75,11859.5,11862.25,75,NQ.v.0
2020-11-12 21:51:00+00:00,33,1,16337,11862.5,11863.75,11862.0,11863.25,31,NQ.v.0
2020-11-12 21:52:00+00:00,33,1,16337,11862.75,11863.25,11861.5,11863.25,47,NQ.v.0
2020-11-12 21:53:00+00:00,33,1,16337,11862.75,11865.0,11862.0,11865.0,48,NQ.v.0
2020-11-12 21:54:00+00:00,33,1,16337,11865.25,11865.5,11863.75,11864.0,106,NQ.v.0
2020-11-12 21:55:00+00:00,33,1,16337,11863.5,11865.25,11863.25,11864.0,54,NQ.v.0
2020-11-12 21:56:00+00:00,33,1,16337,11864.0,11864.25,11860.25,11860.25,70,NQ.v.0
2020-11-12 21:57:00+00:00,33,1,16337,11860.25,11860.75,11859.25,11860.0,39,NQ.v.0
2020-11-12 21:58:00+00:00,33,1,16337,11860.0,11862.5,11860.0,11862.0,38,NQ.v.0
2020-11-12 21:59:00+00:00,33,1,16337,11861.5,11864.5,11861.5,11863.75,71,NQ.v.0
2020-11-12 23:00:00+00:00,33,1,16337,11857.0,11861.75,11849.0,11849.0,219,NQ.v.0
2020-11-12 23:01:00+00:00,33,1,16337,11851.75,11861.0,11850.5,11859.25,144,NQ.v.0
2020-11-12 23:02:00+00:00,33,1,16337,11860.25,11863.25,11856.75,11857.0,77,NQ.v.0
2020-11-12 23:03:00+00:00,33,1,16337,11856.75,11858.25,11856.0,11856.0,33,NQ.v.0
2020-11-12 23:04:00+00:00,33,1,16337,11856.25,11859.0,11856.0,11858.0,18,NQ.v.0
2020-11-12 23:05:00+00:00,33,1,16337,11858.0,11866.0,11858.0,11862.0,217,NQ.v.0
2020-11-12 23:06:00+00:00,33,1,16337,11862.25,11863.0,11861.25,11862.5,22,NQ.v.0
2020-11-12 23:07:00+00:00,33,1,16337,11862.0,11863.25,11862.0,11863.0,24,NQ.v.0
2020-11-12 23:08:00+00:00,33,1,16337,11864.0,11867.75,11864.0,11866.0,95,NQ.v.0
2020-11-12 23:09:00+00:00,33,1,16337,11865.75,11866.75,11862.0,11862.0,50,NQ.v.0
2020-11-12 23:10:00+00:00,33,1,16337,11863.25,11864.25,11860.0,11860.0,52,NQ.v.0
2020-11-12 23:11:00+00:00,33,1,16337,11859.5,11863.5,11859.0,11860.75,72,NQ.v.0
2020-11-12 23:12:00+00:00,33,1,16337,11860.0,11860.0,11856.5,11857.75,32,NQ.v.0
2020-11-12 23:13:00+00:00,33,1,16337,11857.75,11859.25,11857.75,11857.75,14,NQ.v.0
2020-11-12 23:14:00+00:00,33,1,16337,11858.75,11860.0,11852.0,11853.75,92,NQ.v.0
2020-11-12 23:15:00+00:00,33,1,16337,11854.75,11855.5,11851.0,11852.0,48,NQ.v.0
2020-11-12 23:16:00+00:00,33,1,16337,11852.0,11852.75,11848.0,11849.75,89,NQ.v.0
2020-11-12 23:17:00+00:00,33,1,16337,11849.25,11855.25,11846.5,11855.25,86,NQ.v.0
2020-11-12 23:18:00+00:00,33,1,16337,11855.25,11855.75,11850.75,11851.75,37,NQ.v.0
2020-11-12 23:19:00+00:00,33,1,16337,11852.0,11855.25,11852.0,11854.0,21,NQ.v.0
2020-11-12 23:20:00+00:00,33,1,16337,11855.5,11856.5,11853.5,11854.75,38,NQ.v.0
2020-11-12 23:21:00+00:00,33,1,16337,11854.0,11857.0,11853.75,11856.0,29,NQ.v.0
2020-11-12 23:22:00+00:00,33,1,16337,11856.75,11857.5,11854.5,11854.75,26,NQ.v.0
2020-11-12 23:23:00+00:00,33,1,16337,11854.5,11857.0,11853.25,11853.5,25,NQ.v.0
2020-11-12 23:24:00+00:00,33,1,16337,11854.25,11855.5,11854.25,11855.0,10,NQ.v.0
2020-11-12 23:25:00+00:00,33,1,16337,11856.0,11858.75,11856.0,11858.0,30,NQ.v.0
2020-11-12 23:26:00+00:00,33,1,16337,11858.0,11858.75,11855.5,11858.0,51,NQ.v.0
2020-11-12 23:27:00+00:00,33,1,16337,11858.75,11858.75,11856.75,11857.25,4,NQ.v.0
2020-11-12 23:28:00+00:00,33,1,16337,11858.25,11858.75,11858.0,11858.0,8,NQ.v.0
2020-11-12 23:29:00+00:00,33,1,16337,11858.5,11858.5,11857.0,11857.0,14,NQ.v.0
2020-11-12 23:30:00+00:00,33,1,16337,11856.25,11863.75,11856.0,11859.75,80,NQ.v.0
2020-11-12 23:31:00+00:00,33,1,16337,11859.0,11859.25,11855.0,11857.25,27,NQ.v.0
2020-11-12 23:32:00+00:00,33,1,16337,11856.0,11860.0,11856.0,11858.75,20,NQ.v.0
2020-11-12 23:33:00+00:00,33,1,16337,11860.25,11860.25,11858.0,11858.0,6,NQ.v.0
2020-11-12 23:34:00+00:00,33,1,16337,11860.0,11861.25,11860.0,11861.0,47,NQ.v.0
2020-11-12 23:35:00+00:00,33,1,16337,11862.0,11863.0,11860.0,11860.0,35,NQ.v.0
2020-11-12 23:36:00+00:00,33,1,16337,11860.0,11863.0,11859.25,11862.75,29,NQ.v.0
2020-11-12 23:37:00+00:00,33,1,16337,11861.75,11863.25,11860.0,11860.0,37,NQ.v.0
2020-11-12 23:38:00+00:00,33,1,16337,11859.0,11859.75,11849.75,11853.0,98,NQ.v.0
2020-11-12 23:39:00+00:00,33,1,16337,11855.0,11856.5,11849.75,11851.25,87,NQ.v.0
2020-11-12 23:40:00+00:00,33,1,16337,11852.25,11854.0,11850.0,11852.75,86,NQ.v.0
2020-11-12 23:41:00+00:00,33,1,16337,11853.5,11859.0,11853.5,11855.25,93,NQ.v.0
2020-11-12 23:42:00+00:00,33,1,16337,11854.25,11857.75,11854.25,11857.75,15,NQ.v.0
2020-11-12 23:43:00+00:00,33,1,16337,11858.0,11861.0,11857.5,11858.25,43,NQ.v.0
2020-11-12 23:44:00+00:00,33,1,16337,11859.5,11861.75,11859.25,11861.75,16,NQ.v.0
2020-11-12 23:45:00+00:00,33,1,16337,11861.75,11861.75,11858.5,11858.5,33,NQ.v.0
2020-11-12 23:46:00+00:00,33,1,16337,11858.5,11858.75,11855.75,11857.75,76,NQ.v.0
2020-11-12 23:47:00+00:00,33,1,16337,11858.0,11861.5,11856.5,11861.25,99,NQ.v.0
2020-11-12 23:48:00+00:00,33,1,16337,11860.75,11862.0,11857.5,11858.5,82,NQ.v.0
2020-11-12 23:49:00+00:00,33,1,16337,11858.5,11859.0,11855.0,11855.75,39,NQ.v.0
2020-11-12 23:50:00+00:00,33,1,16337,11856.75,11856.75,11853.25,11855.0,52,NQ.v.0
2020-11-12 23:51:00+00:00,33,1,16337,11855.25,11855.75,11850.75,11852.25,63,NQ.v.0
2020-11-12 23:52:00+00:00,33,1,16337,11852.0,11855.5,11849.5,11855.5,52,NQ.v.0
2020-11-12 23:53:00+00:00,33,1,16337,11855.5,11858.5,11855.25,11856.5,44,NQ.v.0
2020-11-12 23:54:00+00:00,33,1,16337,11857.0,11858.5,11855.0,11855.0,20,NQ.v.0
2020-11-12 23:55:00+00:00,33,1,16337,11855.75,11858.25,11854.75,11855.5,27,NQ.v.0
2020-11-12 23:56:00+00:00,33,1,16337,11856.75,11856.75,11853.75,11854.25,32,NQ.v.0
2020-11-12 23:57:00+00:00,33,1,16337,11854.0,11855.0,11850.5,11851.25,60,NQ.v.0
2020-11-12 23:58:00+00:00,33,1,16337,11851.25,11852.25,11849.0,11850.25,50,NQ.v.0
2020-11-12 23:59:00+00:00,33,1,16337,11850.0,11852.75,11849.5,11852.0,73,NQ.v.0
2020-11-13 00:00:00+00:00,33,1,16337,11853.0,11856.25,11849.75,11851.5,150,NQ.v.0
2020-11-13 00:01:00+00:00,33,1,16337,11852.25,11855.75,11852.25,11853.75,46,NQ.v.0
2020-11-13 00:02:00+00:00,33,1,16337,11855.5,11856.25,11847.75,11849.25,123,NQ.v.0
2020-11-13 00:03:00+00:00,33,1,16337,11849.75,11853.5,11847.75,11853.5,72,NQ.v.0
2020-11-13 00:04:00+00:00,33,1,16337,11853.25,11855.5,11851.5,11853.5,30,NQ.v.0
2020-11-13 00:05:00+00:00,33,1,16337,11853.0,11853.75,11850.5,11853.75,21,NQ.v.0
2020-11-13 00:06:00+00:00,33,1,16337,11854.25,11856.5,11853.75,11854.0,71,NQ.v.0
2020-11-13 00:07:00+00:00,33,1,16337,11854.75,11858.5,11854.0,11854.0,48,NQ.v.0
2020-11-13 00:08:00+00:00,33,1,16337,11853.5,11856.0,11853.0,11855.25,23,NQ.v.0
2020-11-13 00:09:00+00:00,33,1,16337,11855.0,11855.0,11852.0,11854.25,48,NQ.v.0
2020-11-13 00:10:00+00:00,33,1,16337,11853.25,11854.25,11852.0,11852.0,14,NQ.v.0
2020-11-13 00:11:00+00:00,33,1,16337,11852.75,11853.25,11852.0,11853.0,11,NQ.v.0
2020-11-13 00:12:00+00:00,33,1,16337,11852.25,11855.0,11852.25,11852.5,39,NQ.v.0
2020-11-13 00:13:00+00:00,33,1,16337,11852.0,11853.25,11850.0,11853.25,48,NQ.v.0
2020-11-13 00:14:00+00:00,33,1,16337,11852.25,11853.25,11850.75,11853.0,47,NQ.v.0
2020-11-13 00:15:00+00:00,33,1,16337,11852.75,11853.75,11850.25,11850.25,50,NQ.v.0
2020-11-13 00:16:00+00:00,33,1,16337,11852.25,11853.75,11849.0,11850.0,69,NQ.v.0
2020-11-13 00:17:00+00:00,33,1,16337,11850.75,11851.75,11850.0,11851.25,57,NQ.v.0
2020-11-13 00:18:00+00:00,33,1,16337,11851.25,11851.75,11849.25,11850.25,45,NQ.v.0
2020-11-13 00:19:00+00:00,33,1,16337,11850.75,11851.0,11847.25,11849.0,72,NQ.v.0
2020-11-13 00:20:00+00:00,33,1,16337,11850.0,11852.0,11848.0,11848.0,70,NQ.v.0
2020-11-13 00:21:00+00:00,33,1,16337,11847.5,11848.75,11845.5,11847.0,135,NQ.v.0
2020-11-13 00:22:00+00:00,33,1,16337,11847.0,11848.25,11846.0,11846.5,53,NQ.v.0
2020-11-13 00:23:00+00:00,33,1,16337,11846.5,11854.75,11846.0,11853.5,108,NQ.v.0
2020-11-13 00:24:00+00:00,33,1,16337,11853.0,11854.0,11851.75,11853.0,32,NQ.v.0
2020-11-13 00:25:00+00:00,33,1,16337,11853.0,11854.5,11851.75,11852.5,24,NQ.v.0
2020-11-13 00:26:00+00:00,33,1,16337,11852.5,11854.5,11851.5,11854.25,19,NQ.v.0
2020-11-13 00:27:00+00:00,33,1,16337,11853.25,11854.75,11852.25,11853.0,32,NQ.v.0
2020-11-13 00:28:00+00:00,33,1,16337,11853.0,11853.75,11852.0,11852.5,14,NQ.v.0
2020-11-13 00:29:00+00:00,33,1,16337,11853.25,11854.0,11852.25,11853.5,25,NQ.v.0
2020-11-13 00:30:00+00:00,33,1,16337,11853.5,11854.75,11852.25,11852.25,22,NQ.v.0
2020-11-13 00:31:00+00:00,33,1,16337,11853.5,11854.5,11852.0,11854.0,26,NQ.v.0
2020-11-13 00:32:00+00:00,33,1,16337,11854.5,11854.75,11852.75,11853.5,59,NQ.v.0
2020-11-13 00:33:00+00:00,33,1,16337,11854.25,11854.25,11851.5,11851.5,53,NQ.v.0
2020-11-13 00:34:00+00:00,33,1,16337,11851.25,11853.75,11850.75,11850.75,48,NQ.v.0
2020-11-13 00:35:00+00:00,33,1,16337,11851.0,11851.25,11845.5,11846.5,108,NQ.v.0
2020-11-13 00:36:00+00:00,33,1,16337,11846.25,11846.25,11838.5,11841.75,303,NQ.v.0
2020-11-13 00:37:00+00:00,33,1,16337,11842.5,11843.75,11839.5,11839.5,95,NQ.v.0
2020-11-13 00:38:00+00:00,33,1,16337,11840.25,11841.25,11838.25,11838.75,106,NQ.v.0
2020-11-13 00:39:00+00:00,33,1,16337,11838.75,11838.75,11833.0,11835.25,214,NQ.v.0
2020-11-13 00:40:00+00:00,33,1,16337,11835.25,11835.5,11832.0,11833.5,61,NQ.v.0
2020-11-13 00:41:00+00:00,33,1,16337,11833.5,11835.75,11830.25,11831.25,84,NQ.v.0
2020-11-13 00:42:00+00:00,33,1,16337,11830.5,11835.0,11830.25,11832.75,88,NQ.v.0
2020-11-13 00:43:00+00:00,33,1,16337,11833.25,11833.25,11830.25,11832.75,48,NQ.v.0
2020-11-13 00:44:00+00:00,33,1,16337,11832.75,11833.25,11831.25,11831.25,30,NQ.v.0
2020-11-13 00:45:00+00:00,33,1,16337,11832.5,11834.75,11830.5,11830.75,92,NQ.v.0
2020-11-13 00:46:00+00:00,33,1,16337,11831.0,11833.25,11828.5,11829.0,102,NQ.v.0
2020-11-13 00:47:00+00:00,33,1,16337,11829.5,11829.75,11824.5,11829.75,164,NQ.v.0
2020-11-13 00:48:00+00:00,33,1,16337,11829.25,11830.75,11826.75,11830.5,69,NQ.v.0
2020-11-13 00:49:00+00:00,33,1,16337,11830.0,11832.0,11829.0,11831.25,82,NQ.v.0
2020-11-13 00:50:00+00:00,33,1,16337,11830.75,11833.75,11829.75,11830.25,85,NQ.v.0
2020-11-13 00:51:00+00:00,33,1,16337,11830.25,11832.25,11829.25,11832.25,90,NQ.v.0
2020-11-13 00:52:00+00:00,33,1,16337,11832.5,11833.25,11829.75,11830.5,91,NQ.v.0
2020-11-13 00:53:00+00:00,33,1,16337,11830.25,11832.0,11829.5,11832.0,63,NQ.v.0
2020-11-13 00:54:00+00:00,33,1,16337,11831.5,11832.75,11828.5,11829.75,51,NQ.v.0
2020-11-13 00:55:00+00:00,33,1,16337,11829.75,11834.75,11828.75,11833.25,88,NQ.v.0
2020-11-13 00:56:00+00:00,33,1,16337,11833.25,11834.75,11831.25,11832.25,65,NQ.v.0
2020-11-13 00:57:00+00:00,33,1,16337,11832.0,11835.75,11830.75,11835.25,87,NQ.v.0
2020-11-13 00:58:00+00:00,33,1,16337,11835.0,11837.25,11831.25,11831.75,136,NQ.v.0
2020-11-13 00:59:00+00:00,33,1,16337,11831.75,11833.25,11827.5,11829.0,126,NQ.v.0
2020-11-13 01:00:00+00:00,33,1,16337,11829.25,11834.75,11827.75,11832.0,172,NQ.v.0
2020-11-13 01:01:00+00:00,33,1,16337,11832.5,11836.5,11831.0,11835.25,82,NQ.v.0
2020-11-13 01:02:00+00:00,33,1,16337,11836.0,11839.5,11833.5,11838.0,177,NQ.v.0
2020-11-13 01:03:00+00:00,33,1,16337,11838.0,11843.25,11837.25,11841.5,144,NQ.v.0
2020-11-13 01:04:00+00:00,33,1,16337,11841.0,11841.5,11837.25,11840.25,49,NQ.v.0
2020-11-13 01:05:00+00:00,33,1,16337,11839.75,11840.0,11835.75,11838.75,112,NQ.v.0
2020-11-13 01:06:00+00:00,33,1,16337,11837.25,11837.75,11835.75,11836.5,41,NQ.v.0
2020-11-13 01:07:00+00:00,33,1,16337,11836.5,11839.0,11835.25,11837.25,79,NQ.v.0
2020-11-13 01:08:00+00:00,33,1,16337,11836.75,11838.5,11833.25,11838.5,55,NQ.v.0
2020-11-13 01:09:00+00:00,33,1,16337,11838.25,11840.0,11836.75,11838.5,67,NQ.v.0
2020-11-13 01:10:00+00:00,33,1,16337,11839.0,11841.5,11838.0,11838.25,52,NQ.v.0
2020-11-13 01:11:00+00:00,33,1,16337,11838.75,11842.75,11837.25,11841.0,66,NQ.v.0
2020-11-13 01:12:00+00:00,33,1,16337,11841.0,11842.5,11840.0,11840.5,42,NQ.v.0
2020-11-13 01:13:00+00:00,33,1,16337,11841.75,11847.25,11840.0,11846.0,164,NQ.v.0
2020-11-13 01:14:00+00:00,33,1,16337,11846.75,11847.0,11842.75,11844.0,49,NQ.v.0
2020-11-13 01:15:00+00:00,33,1,16337,11844.5,11846.75,11842.0,11844.5,97,NQ.v.0
2020-11-13 01:16:00+00:00,33,1,16337,11844.75,11849.75,11844.75,11847.0,106,NQ.v.0
2020-11-13 01:17:00+00:00,33,1,16337,11848.0,11848.75,11846.75,11847.0,28,NQ.v.0
2020-11-13 01:18:00+00:00,33,1,16337,11847.0,11847.0,11844.25,11844.75,43,NQ.v.0
2020-11-13 01:19:00+00:00,33,1,16337,11845.75,11845.75,11841.75,11845.0,53,NQ.v.0
2020-11-13 01:20:00+00:00,33,1,16337,11845.25,11845.75,11838.75,11840.5,126,NQ.v.0
2020-11-13 01:21:00+00:00,33,1,16337,11840.75,11841.25,11837.5,11839.0,81,NQ.v.0
2020-11-13 01:22:00+00:00,33,1,16337,11839.0,11839.75,11837.25,11838.75,74,NQ.v.0
2020-11-13 01:23:00+00:00,33,1,16337,11838.0,11838.0,11832.25,11833.25,122,NQ.v.0
2020-11-13 01:24:00+00:00,33,1,16337,11833.25,11838.5,11831.25,11834.75,143,NQ.v.0
2020-11-13 01:25:00+00:00,33,1,16337,11834.5,11838.5,11834.5,11836.75,71,NQ.v.0
2020-11-13 01:26:00+00:00,33,1,16337,11836.25,11836.25,11834.0,11835.5,38,NQ.v.0
2020-11-13 01:27:00+00:00,33,1,16337,11835.5,11838.25,11835.25,11837.5,45,NQ.v.0
2020-11-13 01:28:00+00:00,33,1,16337,11837.5,11842.0,11836.0,11839.0,81,NQ.v.0
2020-11-13 01:29:00+00:00,33,1,16337,11838.75,11840.25,11835.25,11835.25,67,NQ.v.0
2020-11-13 01:30:00+00:00,33,1,16337,11835.5,11837.0,11825.25,11828.0,212,NQ.v.0
2020-11-13 01:31:00+00:00,33,1,16337,11827.5,11827.5,11819.0,11822.0,268,NQ.v.0
2020-11-13 01:32:00+00:00,33,1,16337,11821.75,11826.5,11820.5,11825.0,103,NQ.v.0
2020-11-13 01:33:00+00:00,33,1,16337,11825.5,11825.5,11817.25,11818.75,133,NQ.v.0
2020-11-13 01:34:00+00:00,33,1,16337,11818.25,11819.25,11815.0,11818.25,119,NQ.v.0
2020-11-13 01:35:00+00:00,33,1,16337,11817.25,11820.0,11815.5,11819.0,68,NQ.v.0
2020-11-13 01:36:00+00:00,33,1,16337,11819.0,11824.5,11818.25,11822.75,179,NQ.v.0
2020-11-13 01:37:00+00:00,33,1,16337,11822.5,11822.75,11814.5,11815.5,140,NQ.v.0
2020-11-13 01:38:00+00:00,33,1,16337,11815.25,11815.25,11812.25,11813.0,165,NQ.v.0
2020-11-13 01:39:00+00:00,33,1,16337,11812.5,11817.5,11810.5,11815.25,109,NQ.v.0
2020-11-13 01:40:00+00:00,33,1,16337,11815.75,11822.0,11813.5,11821.5,166,NQ.v.0
2020-11-13 01:41:00+00:00,33,1,16337,11822.0,11823.75,11819.75,11820.5,96,NQ.v.0
2020-11-13 01:42:00+00:00,33,1,16337,11821.5,11824.75,11820.5,11824.5,68,NQ.v.0
2020-11-13 01:43:00+00:00,33,1,16337,11823.75,11823.75,11821.75,11822.75,44,NQ.v.0
2020-11-13 01:44:00+00:00,33,1,16337,11822.5,11823.75,11821.5,11822.0,41,NQ.v.0
2020-11-13 01:45:00+00:00,33,1,16337,11821.5,11827.75,11820.75,11825.75,104,NQ.v.0
2020-11-13 01:46:00+00:00,33,1,16337,11825.0,11827.5,11823.5,11827.0,54,NQ.v.0
2020-11-13 01:47:00+00:00,33,1,16337,11826.25,11828.25,11825.0,11826.5,118,NQ.v.0
2020-11-13 01:48:00+00:00,33,1,16337,11826.25,11833.5,11826.25,11831.25,202,NQ.v.0
2020-11-13 01:49:00+00:00,33,1,16337,11831.0,11833.0,11829.25,11829.25,82,NQ.v.0
2020-11-13 01:50:00+00:00,33,1,16337,11829.25,11829.75,11825.0,11826.25,100,NQ.v.0
2020-11-13 01:51:00+00:00,33,1,16337,11825.25,11827.5,11823.0,11823.25,91,NQ.v.0
2020-11-13 01:52:00+00:00,33,1,16337,11823.75,11826.25,11822.0,11823.0,60,NQ.v.0
2020-11-13 01:53:00+00:00,33,1,16337,11823.0,11823.75,11818.5,11820.5,144,NQ.v.0
2020-11-13 01:54:00+00:00,33,1,16337,11820.5,11822.0,11810.5,11814.25,252,NQ.v.0
2020-11-13 01:55:00+00:00,33,1,16337,11813.75,11818.25,11813.25,11817.0,110,NQ.v.0
2020-11-13 01:56:00+00:00,33,1,16337,11815.75,11817.25,11814.25,11816.75,82,NQ.v.0
2020-11-13 01:57:00+00:00,33,1,16337,11816.5,11816.5,11813.0,11815.0,71,NQ.v.0
2020-11-13 01:58:00+00:00,33,1,16337,11815.25,11819.0,11812.5,11816.75,104,NQ.v.0
2020-11-13 01:59:00+00:00,33,1,16337,11816.0,11816.0,11812.5,11814.25,45,NQ.v.0
2020-11-13 02:00:00+00:00,33,1,16337,11812.5,11818.25,11811.25,11813.0,113,NQ.v.0
2020-11-13 02:01:00+00:00,33,1,16337,11813.25,11816.5,11812.0,11815.75,53,NQ.v.0
2020-11-13 02:02:00+00:00,33,1,16337,11816.25,11817.5,11811.0,11811.75,95,NQ.v.0
2020-11-13 02:03:00+00:00,33,1,16337,11812.0,11813.25,11805.75,11807.25,201,NQ.v.0
2020-11-13 02:04:00+00:00,33,1,16337,11808.5,11809.0,11806.25,11807.25,103,NQ.v.0
2020-11-13 02:05:00+00:00,33,1,16337,11806.0,11808.75,11804.75,11806.0,117,NQ.v.0
2020-11-13 02:06:00+00:00,33,1,16337,11805.25,11816.25,11805.25,11813.75,169,NQ.v.0
2020-11-13 02:07:00+00:00,33,1,16337,11813.75,11819.0,11813.0,11815.75,169,NQ.v.0
2020-11-13 02:08:00+00:00,33,1,16337,11816.25,11818.75,11814.25,11814.25,75,NQ.v.0
2020-11-13 02:09:00+00:00,33,1,16337,11814.5,11816.25,11814.25,11815.0,53,NQ.v.0
2020-11-13 02:10:00+00:00,33,1,16337,11814.25,11818.5,11813.0,11815.0,93,NQ.v.0
2020-11-13 02:11:00+00:00,33,1,16337,11816.0,11818.75,11816.0,11817.75,58,NQ.v.0
2020-11-13 02:12:00+00:00,33,1,16337,11817.0,11818.5,11816.25,11817.0,29,NQ.v.0
2020-11-13 02:13:00+00:00,33,1,16337,11817.5,11819.5,11817.25,11818.0,49,NQ.v.0
2020-11-13 02:14:00+00:00,33,1,16337,11816.75,11819.5,11816.5,11817.5,42,NQ.v.0
2020-11-13 02:15:00+00:00,33,1,16337,11817.5,11818.75,11816.5,11818.75,25,NQ.v.0
2020-11-13 02:16:00+00:00,33,1,16337,11817.75,11825.0,11817.25,11823.5,168,NQ.v.0
2020-11-13 02:17:00+00:00,33,1,16337,11822.5,11822.75,11818.75,11821.0,71,NQ.v.0
2020-11-13 02:18:00+00:00,33,1,16337,11820.25,11821.0,11818.5,11819.25,101,NQ.v.0
2020-11-13 02:19:00+00:00,33,1,16337,11819.25,11821.75,11819.25,11821.0,48,NQ.v.0
2020-11-13 02:20:00+00:00,33,1,16337,11821.0,11823.0,11819.75,11822.0,59,NQ.v.0
2020-11-13 02:21:00+00:00,33,1,16337,11822.25,11824.25,11821.0,11821.0,61,NQ.v.0
2020-11-13 02:22:00+00:00,33,1,16337,11821.25,11821.5,11819.0,11819.0,50,NQ.v.0
2020-11-13 02:23:00+00:00,33,1,16337,11818.75,11821.25,11815.75,11816.75,65,NQ.v.0
2020-11-13 02:24:00+00:00,33,1,16337,11816.75,11818.0,11813.5,11813.5,88,NQ.v.0
2020-11-13 02:25:00+00:00,33,1,16337,11814.25,11816.0,11813.5,11813.5,86,NQ.v.0
2020-11-13 02:26:00+00:00,33,1,16337,11813.0,11814.0,11810.0,11813.0,100,NQ.v.0
2020-11-13 02:27:00+00:00,33,1,16337,11813.25,11814.0,11812.5,11813.5,32,NQ.v.0
2020-11-13 02:28:00+00:00,33,1,16337,11813.0,11815.75,11812.25,11815.5,62,NQ.v.0
2020-11-13 02:29:00+00:00,33,1,16337,11815.25,11822.75,11813.75,11820.75,155,NQ.v.0
2020-11-13 02:30:00+00:00,33,1,16337,11820.75,11821.75,11816.75,11817.75,83,NQ.v.0
2020-11-13 02:31:00+00:00,33,1,16337,11817.5,11820.0,11814.25,11819.5,133,NQ.v.0
2020-11-13 02:32:00+00:00,33,1,16337,11819.0,11821.25,11816.5,11818.75,79,NQ.v.0
2020-11-13 02:33:00+00:00,33,1,16337,11818.75,11823.0,11818.25,11822.25,62,NQ.v.0
2020-11-13 02:34:00+00:00,33,1,16337,11822.75,11827.75,11822.0,11827.25,141,NQ.v.0
2020-11-13 02:35:00+00:00,33,1,16337,11827.25,11828.5,11824.25,11826.5,96,NQ.v.0
2020-11-13 02:36:00+00:00,33,1,16337,11826.5,11827.5,11824.75,11825.5,102,NQ.v.0
2020-11-13 02:37:00+00:00,33,1,16337,11825.25,11827.25,11824.0,11826.75,91,NQ.v.0
2020-11-13 02:38:00+00:00,33,1,16337,11827.5,11828.25,11826.0,11828.25,81,NQ.v.0
2020-11-13 02:39:00+00:00,33,1,16337,11828.5,11830.0,11826.75,11829.0,75,NQ.v.0
2020-11-13 02:40:00+00:00,33,1,16337,11828.25,11830.0,11826.25,11827.75,79,NQ.v.0
2020-11-13 02:41:00+00:00,33,1,16337,11828.0,11830.75,11827.5,11828.75,85,NQ.v.0
2020-11-13 02:42:00+00:00,33,1,16337,11829.0,11829.25,11826.75,11827.75,68,NQ.v.0
2020-11-13 02:43:00+00:00,33,1,16337,11827.75,11829.25,11826.25,11826.5,38,NQ.v.0
2020-11-13 02:44:00+00:00,33,1,16337,11827.5,11828.75,11827.5,11828.25,22,NQ.v.0
2020-11-13 02:45:00+00:00,33,1,16337,11828.0,11832.0,11827.75,11829.25,94,NQ.v.0
2020-11-13 02:46:00+00:00,33,1,16337,11828.75,11830.25,11826.75,11827.5,58,NQ.v.0
2020-11-13 02:47:00+00:00,33,1,16337,11827.5,11828.25,11826.75,11827.25,35,NQ.v.0
2020-11-13 02:48:00+00:00,33,1,16337,11827.0,11828.5,11826.0,11826.0,53,NQ.v.0
2020-11-13 02:49:00+00:00,33,1,16337,11826.0,11827.75,11825.25,11826.75,53,NQ.v.0
2020-11-13 02:50:00+00:00,33,1,16337,11827.75,11829.0,11826.0,11827.5,53,NQ.v.0
2020-11-13 02:51:00+00:00,33,1,16337,11827.75,11830.75,11827.75,11828.75,48,NQ.v.0
2020-11-13 02:52:00+00:00,33,1,16337,11829.75,11832.0,11828.5,11830.5,51,NQ.v.0
2020-11-13 02:53:00+00:00,33,1,16337,11831.0,11832.25,11830.25,11830.25,41,NQ.v.0
2020-11-13 02:54:00+00:00,33,1,16337,11830.5,11834.75,11829.75,11834.25,88,NQ.v.0
2020-11-13 02:55:00+00:00,33,1,16337,11834.25,11845.75,11834.25,11842.0,336,NQ.v.0
2020-11-13 02:56:00+00:00,33,1,16337,11842.5,11843.5,11840.0,11842.75,106,NQ.v.0
2020-11-13 02:57:00+00:00,33,1,16337,11842.5,11842.75,11840.0,11840.75,108,NQ.v.0
2020-11-13 02:58:00+00:00,33,1,16337,11841.25,11842.75,11840.75,11842.5,77,NQ.v.0
2020-11-13 02:59:00+00:00,33,1,16337,11842.25,11846.0,11840.5,11840.5,139,NQ.v.0
2020-11-13 03:00:00+00:00,33,1,16337,11841.25,11842.5,11840.0,11841.75,99,NQ.v.0
2020-11-13 03:01:00+00:00,33,1,16337,11840.5,11842.25,11839.75,11840.0,53,NQ.v.0
2020-11-13 03:02:00+00:00,33,1,16337,11840.25,11843.5,11840.25,11843.5,57,NQ.v.0
2020-11-13 03:03:00+00:00,33,1,16337,11843.0,11844.75,11840.5,11841.5,77,NQ.v.0
2020-11-13 03:04:00+00:00,33,1,16337,11841.25,11844.5,11841.25,11842.75,67,NQ.v.0
2020-11-13 03:05:00+00:00,33,1,16337,11843.25,11845.5,11841.75,11844.75,54,NQ.v.0
2020-11-13 03:06:00+00:00,33,1,16337,11844.25,11845.75,11843.0,11844.25,38,NQ.v.0
2020-11-13 03:07:00+00:00,33,1,16337,11844.0,11848.75,11843.0,11845.5,169,NQ.v.0
2020-11-13 03:08:00+00:00,33,1,16337,11845.0,11850.0,11845.0,11848.0,92,NQ.v.0
2020-11-13 03:09:00+00:00,33,1,16337,11847.75,11848.25,11845.75,11846.75,59,NQ.v.0
2020-11-13 03:10:00+00:00,33,1,16337,11846.5,11847.5,11845.0,11847.0,54,NQ.v.0
2020-11-13 03:11:00+00:00,33,1,16337,11846.0,11846.0,11842.5,11843.25,63,NQ.v.0
2020-11-13 03:12:00+00:00,33,1,16337,11843.75,11844.5,11842.75,11843.0,29,NQ.v.0
2020-11-13 03:13:00+00:00,33,1,16337,11843.5,11845.0,11842.0,11843.5,49,NQ.v.0
2020-11-13 03:14:00+00:00,33,1,16337,11843.0,11845.0,11843.0,11843.0,21,NQ.v.0
2020-11-13 03:15:00+00:00,33,1,16337,11842.75,11844.5,11842.75,11844.25,56,NQ.v.0
2020-11-13 03:16:00+00:00,33,1,16337,11844.25,11844.25,11842.75,11843.5,14,NQ.v.0
2020-11-13 03:17:00+00:00,33,1,16337,11844.75,11846.0,11843.25,11843.5,53,NQ.v.0
2020-11-13 03:18:00+00:00,33,1,16337,11843.0,11845.0,11837.25,11839.5,139,NQ.v.0
2020-11-13 03:19:00+00:00,33,1,16337,11839.25,11839.75,11837.25,11838.25,91,NQ.v.0
2020-11-13 03:20:00+00:00,33,1,16337,11838.25,11840.5,11836.5,11838.25,92,NQ.v.0
2020-11-13 03:21:00+00:00,33,1,16337,11838.75,11839.0,11835.75,11836.75,64,NQ.v.0
2020-11-13 03:22:00+00:00,33,1,16337,11836.25,11837.5,11835.75,11836.75,38,NQ.v.0
2020-11-13 03:23:00+00:00,33,1,16337,11837.0,11839.0,11836.75,11838.5,33,NQ.v.0
2020-11-13 03:24:00+00:00,33,1,16337,11838.75,11839.25,11838.0,11838.25,15,NQ.v.0
2020-11-13 03:25:00+00:00,33,1,16337,11839.0,11839.0,11831.75,11833.75,128,NQ.v.0
2020-11-13 03:26:00+00:00,33,1,16337,11833.75,11836.0,11833.0,11836.0,58,NQ.v.0
2020-11-13 03:27:00+00:00,33,1,16337,11836.0,11838.25,11835.5,11838.0,59,NQ.v.0
2020-11-13 03:28:00+00:00,33,1,16337,11837.5,11838.25,11836.5,11836.75,57,NQ.v.0
2020-11-13 03:29:00+00:00,33,1,16337,11836.0,11838.75,11836.0,11838.25,37,NQ.v.0
2020-11-13 03:30:00+00:00,33,1,16337,11838.75,11839.0,11836.5,11837.5,55,NQ.v.0
2020-11-13 03:31:00+00:00,33,1,16337,11838.0,11840.5,11837.5,11838.75,70,NQ.v.0
2020-11-13 03:32:00+00:00,33,1,16337,11839.5,11839.75,11837.5,11839.0,50,NQ.v.0
2020-11-13 03:33:00+00:00,33,1,16337,11839.5,11839.5,11837.75,11838.25,39,NQ.v.0
2020-11-13 03:34:00+00:00,33,1,16337,11838.0,11838.0,11834.5,11836.25,72,NQ.v.0
2020-11-13 03:35:00+00:00,33,1,16337,11837.0,11840.0,11836.0,11840.0,34,NQ.v.0
2020-11-13 03:36:00+00:00,33,1,16337,11840.25,11844.5,11839.75,11840.0,141,NQ.v.0
2020-11-13 03:37:00+00:00,33,1,16337,11839.5,11840.5,11838.0,11840.0,59,NQ.v.0
2020-11-13 03:38:00+00:00,33,1,16337,11840.75,11841.75,11838.75,11839.25,30,NQ.v.0
2020-11-13 03:39:00+00:00,33,1,16337,11839.5,11840.75,11838.75,11840.75,19,NQ.v.0
2020-11-13 03:40:00+00:00,33,1,16337,11840.75,11844.0,11840.75,11842.0,61,NQ.v.0
2020-11-13 03:41:00+00:00,33,1,16337,11842.0,11842.5,11841.0,11841.75,14,NQ.v.0
2020-11-13 03:42:00+00:00,33,1,16337,11841.75,11842.5,11841.0,11841.0,31,NQ.v.0
2020-11-13 03:43:00+00:00,33,1,16337,11841.75,11842.5,11838.0,11839.0,65,NQ.v.0
2020-11-13 03:44:00+00:00,33,1,16337,11838.25,11838.5,11836.5,11838.5,54,NQ.v.0
2020-11-13 03:45:00+00:00,33,1,16337,11839.5,11840.5,11836.5,11840.5,40,NQ.v.0
2020-11-13 03:46:00+00:00,33,1,16337,11840.75,11843.5,11840.75,11843.5,46,NQ.v.0
2020-11-13 03:47:00+00:00,33,1,16337,11843.25,11844.0,11841.75,11843.0,24,NQ.v.0
2020-11-13 03:48:00+00:00,33,1,16337,11842.5,11847.0,11842.5,11845.25,78,NQ.v.0
2020-11-13 03:49:00+00:00,33,1,16337,11846.0,11846.0,11843.5,11844.5,36,NQ.v.0
2020-11-13 03:50:00+00:00,33,1,16337,11844.5,11845.25,11843.25,11844.75,33,NQ.v.0
2020-11-13 03:51:00+00:00,33,1,16337,11844.5,11845.5,11843.0,11844.75,45,NQ.v.0
2020-11-13 03:52:00+00:00,33,1,16337,11843.5,11846.0,11843.5,11845.25,29,NQ.v.0
2020-11-13 03:53:00+00:00,33,1,16337,11845.5,11846.75,11843.25,11843.25,51,NQ.v.0
2020-11-13 03:54:00+00:00,33,1,16337,11843.0,11843.75,11842.0,11842.0,21,NQ.v.0
2020-11-13 03:55:00+00:00,33,1,16337,11842.25,11844.25,11841.0,11841.5,32,NQ.v.0
2020-11-13 03:56:00+00:00,33,1,16337,11842.0,11843.75,11841.25,11843.75,30,NQ.v.0
2020-11-13 03:57:00+00:00,33,1,16337,11843.0,11844.25,11841.5,11841.5,28,NQ.v.0
2020-11-13 03:58:00+00:00,33,1,16337,11841.5,11842.75,11841.25,11841.75,23,NQ.v.0
2020-11-13 03:59:00+00:00,33,1,16337,11841.75,11842.0,11840.25,11840.75,41,NQ.v.0
2020-11-13 04:00:00+00:00,33,1,16337,11841.0,11846.5,11841.0,11846.25,77,NQ.v.0
2020-11-13 04:01:00+00:00,33,1,16337,11846.25,11846.5,11845.0,11846.0,21,NQ.v.0
2020-11-13 04:02:00+00:00,33,1,16337,11846.5,11846.5,11842.5,11843.0,38,NQ.v.0
2020-11-13 04:03:00+00:00,33,1,16337,11843.25,11844.25,11841.5,11841.5,27,NQ.v.0
2020-11-13 04:04:00+00:00,33,1,16337,11841.25,11844.25,11841.25,11844.25,35,NQ.v.0
2020-11-13 04:05:00+00:00,33,1,16337,11843.25,11843.75,11842.5,11842.5,13,NQ.v.0
2020-11-13 04:06:00+00:00,33,1,16337,11842.25,11842.25,11840.0,11840.75,31,NQ.v.0
2020-11-13 04:07:00+00:00,33,1,16337,11840.75,11843.75,11837.5,11841.75,91,NQ.v.0
2020-11-13 04:08:00+00:00,33,1,16337,11842.0,11842.75,11840.75,11841.75,43,NQ.v.0
2020-11-13 04:09:00+00:00,33,1,16337,11841.75,11843.0,11841.75,11843.0,11,NQ.v.0
2020-11-13 04:10:00+00:00,33,1,16337,11843.0,11843.0,11842.25,11842.25,10,NQ.v.0
2020-11-13 04:11:00+00:00,33,1,16337,11842.25,11842.25,11836.25,11838.5,83,NQ.v.0
2020-11-13 04:12:00+00:00,33,1,16337,11838.25,11841.0,11838.25,11840.25,33,NQ.v.0
2020-11-13 04:13:00+00:00,33,1,16337,11841.25,11841.5,11839.75,11840.0,53,NQ.v.0
2020-11-13 04:14:00+00:00,33,1,16337,11839.75,11840.75,11839.75,11840.25,16,NQ.v.0
2020-11-13 04:15:00+00:00,33,1,16337,11841.0,11842.25,11839.25,11840.5,22,NQ.v.0
2020-11-13 04:16:00+00:00,33,1,16337,11840.0,11841.0,11840.0,11840.75,11,NQ.v.0
2020-11-13 04:17:00+00:00,33,1,16337,11840.0,11841.0,11839.75,11840.0,19,NQ.v.0
2020-11-13 04:18:00+00:00,33,1,16337,11840.5,11842.25,11840.5,11840.5,22,NQ.v.0
2020-11-13 04:19:00+00:00,33,1,16337,11840.75,11841.75,11840.75,11841.5,10,NQ.v.0
2020-11-13 04:20:00+00:00,33,1,16337,11840.75,11841.75,11839.75,11840.5,24,NQ.v.0
2020-11-13 04:21:00+00:00,33,1,16337,11840.0,11842.0,11838.0,11841.75,72,NQ.v.0
2020-11-13 04:22:00+00:00,33,1,16337,11842.25,11846.0,11842.25,11843.75,114,NQ.v.0
2020-11-13 04:23:00+00:00,33,1,16337,11843.25,11844.5,11843.25,11843.5,10,NQ.v.0
2020-11-13 04:24:00+00:00,33,1,16337,11843.25,11845.0,11842.25,11842.5,23,NQ.v.0
2020-11-13 04:25:00+00:00,33,1,16337,11843.0,11845.0,11842.5,11843.75,28,NQ.v.0
2020-11-13 04:26:00+00:00,33,1,16337,11843.75,11844.5,11843.75,11844.25,5,NQ.v.0
2020-11-13 04:27:00+00:00,33,1,16337,11844.0,11844.75,11843.75,11844.25,25,NQ.v.0
2020-11-13 04:28:00+00:00,33,1,16337,11844.75,11845.0,11844.25,11845.0,18,NQ.v.0
2020-11-13 04:29:00+00:00,33,1,16337,11845.75,11846.5,11845.25,11845.5,39,NQ.v.0
2020-11-13 04:30:00+00:00,33,1,16337,11845.25,11845.75,11844.0,11844.5,36,NQ.v.0
2020-11-13 04:31:00+00:00,33,1,16337,11844.5,11849.5,11844.25,11849.0,63,NQ.v.0
2020-11-13 04:32:00+00:00,33,1,16337,11848.75,11857.5,11848.25,11854.5,349,NQ.v.0
2020-11-13 04:33:00+00:00,33,1,16337,11854.75,11862.0,11853.0,11860.5,275,NQ.v.0
2020-11-13 04:34:00+00:00,33,1,16337,11860.5,11864.0,11859.5,11861.25,178,NQ.v.0
2020-11-13 04:35:00+00:00,33,1,16337,11862.0,11863.0,11857.25,11860.0,163,NQ.v.0
2020-11-13 04:36:00+00:00,33,1,16337,11860.0,11870.0,11858.75,11866.5,451,NQ.v.0
2020-11-13 04:37:00+00:00,33,1,16337,11866.5,11867.0,11862.5,11865.75,113,NQ.v.0
2020-11-13 04:38:00+00:00,33,1,16337,11865.25,11865.75,11862.75,11864.75,48,NQ.v.0
2020-11-13 04:39:00+00:00,33,1,16337,11864.5,11865.0,11863.5,11863.75,56,NQ.v.0
2020-11-13 04:40:00+00:00,33,1,16337,11863.75,11863.75,11861.25,11861.5,42,NQ.v.0
2020-11-13 04:41:00+00:00,33,1,16337,11861.75,11863.75,11861.25,11861.25,56,NQ.v.0
2020-11-13 04:42:00+00:00,33,1,16337,11861.75,11862.25,11860.5,11862.25,49,NQ.v.0
2020-11-13 04:43:00+00:00,33,1,16337,11863.0,11864.0,11861.5,11862.25,38,NQ.v.0
2020-11-13 04:44:00+00:00,33,1,16337,11863.0,11863.25,11859.25,11860.0,106,NQ.v.0
2020-11-13 04:45:00+00:00,33,1,16337,11860.0,11863.0,11860.0,11861.0,123,NQ.v.0
2020-11-13 04:46:00+00:00,33,1,16337,11860.75,11863.5,11860.75,11860.75,53,NQ.v.0
2020-11-13 04:47:00+00:00,33,1,16337,11860.5,11861.75,11858.75,11861.25,73,NQ.v.0
2020-11-13 04:48:00+00:00,33,1,16337,11861.0,11865.75,11861.0,11862.5,77,NQ.v.0
2020-11-13 04:49:00+00:00,33,1,16337,11862.75,11864.75,11862.0,11862.5,54,NQ.v.0
2020-11-13 04:50:00+00:00,33,1,16337,11863.0,11863.0,11860.5,11860.75,33,NQ.v.0
2020-11-13 04:51:00+00:00,33,1,16337,11861.25,11864.75,11860.75,11863.25,42,NQ.v.0
2020-11-13 04:52:00+00:00,33,1,16337,11863.5,11864.75,11862.25,11864.0,16,NQ.v.0
2020-11-13 04:53:00+00:00,33,1,16337,11863.5,11865.0,11858.25,11859.0,99,NQ.v.0
2020-11-13 04:54:00+00:00,33,1,16337,11859.25,11864.75,11859.25,11862.75,154,NQ.v.0
2020-11-13 04:55:00+00:00,33,1,16337,11862.0,11865.75,11861.75,11865.25,122,NQ.v.0
2020-11-13 04:56:00+00:00,33,1,16337,11865.5,11867.0,11862.75,11863.75,54,NQ.v.0
2020-11-13 04:57:00+00:00,33,1,16337,11863.0,11865.5,11862.25,11862.25,43,NQ.v.0
2020-11-13 04:58:00+00:00,33,1,16337,11862.0,11862.5,11860.25,11861.25,52,NQ.v.0
2020-11-13 04:59:00+00:00,33,1,16337,11861.25,11864.0,11861.25,11863.5,28,NQ.v.0
2020-11-13 05:00:00+00:00,33,1,16337,11863.75,11863.75,11861.25,11862.0,47,NQ.v.0
2020-11-13 05:01:00+00:00,33,1,16337,11861.5,11865.25,11861.25,11865.25,70,NQ.v.0
2020-11-13 05:02:00+00:00,33,1,16337,11865.75,11866.0,11863.0,11863.5,41,NQ.v.0
2020-11-13 05:03:00+00:00,33,1,16337,11864.0,11864.0,11862.5,11863.0,19,NQ.v.0
2020-11-13 05:04:00+00:00,33,1,16337,11864.25,11866.0,11863.75,11863.75,30,NQ.v.0
2020-11-13 05:05:00+00:00,33,1,16337,11862.75,11864.5,11862.25,11863.5,31,NQ.v.0
2020-11-13 05:06:00+00:00,33,1,16337,11864.0,11864.0,11861.75,11862.0,35,NQ.v.0
2020-11-13 05:07:00+00:00,33,1,16337,11862.0,11863.75,11861.25,11863.5,30,NQ.v.0
2020-11-13 05:08:00+00:00,33,1,16337,11862.75,11864.75,11861.25,11863.25,56,NQ.v.0
2020-11-13 05:09:00+00:00,33,1,16337,11863.25,11864.25,11861.25,11862.0,28,NQ.v.0
2020-11-13 05:10:00+00:00,33,1,16337,11862.0,11862.5,11860.0,11861.25,33,NQ.v.0
2020-11-13 05:11:00+00:00,33,1,16337,11861.5,11861.5,11858.75,11859.75,51,NQ.v.0
2020-11-13 05:12:00+00:00,33,1,16337,11860.0,11861.25,11859.5,11861.25,30,NQ.v.0
2020-11-13 05:13:00+00:00,33,1,16337,11861.5,11863.0,11860.0,11861.25,36,NQ.v.0
2020-11-13 05:14:00+00:00,33,1,16337,11861.25,11862.75,11861.0,11862.5,47,NQ.v.0
2020-11-13 05:15:00+00:00,33,1,16337,11862.75,11864.25,11861.75,11862.75,38,NQ.v.0
2020-11-13 05:16:00+00:00,33,1,16337,11863.0,11866.75,11863.0,11866.0,94,NQ.v.0
2020-11-13 05:17:00+00:00,33,1,16337,11866.75,11868.75,11866.25,11867.25,66,NQ.v.0
2020-11-13 05:18:00+00:00,33,1,16337,11867.75,11868.75,11864.25,11867.25,90,NQ.v.0
2020-11-13 05:19:00+00:00,33,1,16337,11867.25,11867.75,11865.75,11865.75,23,NQ.v.0
2020-11-13 05:20:00+00:00,33,1,16337,11865.75,11866.25,11864.0,11864.0,30,NQ.v.0
2020-11-13 05:21:00+00:00,33,1,16337,11864.25,11865.25,11863.25,11863.75,53,NQ.v.0
2020-11-13 05:22:00+00:00,33,1,16337,11862.75,11862.75,11857.0,11858.0,111,NQ.v.0
2020-11-13 05:23:00+00:00,33,1,16337,11857.5,11858.0,11855.5,11856.75,122,NQ.v.0
2020-11-13 05:24:00+00:00,33,1,16337,11856.25,11856.5,11854.0,11855.0,134,NQ.v.0
2020-11-13 05:25:00+00:00,33,1,16337,11855.0,11856.75,11853.75,11854.75,57,NQ.v.0
2020-11-13 05:26:00+00:00,33,1,16337,11855.0,11855.5,11852.25,11854.75,58,NQ.v.0
2020-11-13 05:27:00+00:00,33,1,16337,11854.75,11857.5,11854.0,11857.5,55,NQ.v.0
2020-11-13 05:28:00+00:00,33,1,16337,11857.5,11857.75,11855.0,11856.0,65,NQ.v.0
2020-11-13 05:29:00+00:00,33,1,16337,11856.25,11857.0,11853.25,11856.5,36,NQ.v.0
2020-11-13 05:30:00+00:00,33,1,16337,11855.5,11857.5,11854.0,11854.5,100,NQ.v.0
2020-11-13 05:31:00+00:00,33,1,16337,11854.75,11855.75,11850.0,11850.75,83,NQ.v.0
2020-11-13 05:32:00+00:00,33,1,16337,11851.0,11851.0,11841.25,11845.5,243,NQ.v.0
2020-11-13 05:33:00+00:00,33,1,16337,11845.25,11847.75,11845.25,11846.75,54,NQ.v.0
2020-11-13 05:34:00+00:00,33,1,16337,11846.25,11847.5,11845.0,11845.5,55,NQ.v.0
2020-11-13 05:35:00+00:00,33,1,16337,11846.25,11847.5,11845.0,11847.25,68,NQ.v.0
2020-11-13 05:36:00+00:00,33,1,16337,11847.25,11848.25,11845.25,11846.5,90,NQ.v.0
2020-11-13 05:37:00+00:00,33,1,16337,11846.25,11847.25,11844.5,11845.75,34,NQ.v.0
2020-11-13 05:38:00+00:00,33,1,16337,11844.5,11848.0,11843.75,11847.25,62,NQ.v.0
2020-11-13 05:39:00+00:00,33,1,16337,11847.5,11848.0,11845.5,11846.25,42,NQ.v.0
2020-11-13 05:40:00+00:00,33,1,16337,11846.25,11851.0,11846.25,11850.25,87,NQ.v.0
2020-11-13 05:41:00+00:00,33,1,16337,11849.25,11855.5,11849.0,11855.5,111,NQ.v.0
2020-11-13 05:42:00+00:00,33,1,16337,11855.25,11856.5,11853.0,11854.25,67,NQ.v.0
2020-11-13 05:43:00+00:00,33,1,16337,11854.5,11855.75,11853.25,11854.0,38,NQ.v.0
2020-11-13 05:44:00+00:00,33,1,16337,11853.5,11854.0,11852.0,11853.0,30,NQ.v.0
2020-11-13 05:45:00+00:00,33,1,16337,11852.25,11858.5,11852.0,11857.75,107,NQ.v.0
2020-11-13 05:46:00+00:00,33,1,16337,11857.5,11857.5,11855.25,11857.0,42,NQ.v.0
2020-11-13 05:47:00+00:00,33,1,16337,11857.0,11857.0,11854.75,11855.0,30,NQ.v.0
2020-11-13 05:48:00+00:00,33,1,16337,11855.25,11856.0,11851.75,11854.5,94,NQ.v.0
2020-11-13 05:49:00+00:00,33,1,16337,11853.75,11854.5,11852.25,11853.5,22,NQ.v.0
2020-11-13 05:50:00+00:00,33,1,16337,11853.25,11855.0,11852.75,11854.5,26,NQ.v.0
2020-11-13 05:51:00+00:00,33,1,16337,11855.0,11855.75,11854.25,11855.0,27,NQ.v.0
2020-11-13 05:52:00+00:00,33,1,16337,11855.25,11857.5,11855.0,11856.75,24,NQ.v.0
2020-11-13 05:53:00+00:00,33,1,16337,11857.0,11858.75,11856.75,11858.0,22,NQ.v.0
2020-11-13 05:54:00+00:00,33,1,16337,11858.5,11858.5,11856.0,11856.75,34,NQ.v.0
2020-11-13 05:55:00+00:00,33,1,16337,11857.0,11857.0,11853.25,11854.0,42,NQ.v.0
2020-11-13 05:56:00+00:00,33,1,16337,11853.75,11855.75,11853.75,11853.75,50,NQ.v.0
2020-11-13 05:57:00+00:00,33,1,16337,11853.25,11855.5,11853.0,11855.5,16,NQ.v.0
2020-11-13 05:58:00+00:00,33,1,16337,11855.5,11855.75,11850.75,11853.25,46,NQ.v.0
2020-11-13 05:59:00+00:00,33,1,16337,11853.5,11853.75,11851.0,11851.25,31,NQ.v.0
2020-11-13 06:00:00+00:00,33,1,16337,11851.25,11852.75,11847.75,11848.25,127,NQ.v.0
2020-11-13 06:01:00+00:00,33,1,16337,11848.0,11850.75,11847.25,11850.75,36,NQ.v.0
2020-11-13 06:02:00+00:00,33,1,16337,11851.25,11855.0,11850.0,11854.5,51,NQ.v.0
2020-11-13 06:03:00+00:00,33,1,16337,11854.5,11863.0,11854.25,11862.5,160,NQ.v.0
2020-11-13 06:04:00+00:00,33,1,16337,11862.0,11866.75,11859.25,11863.0,196,NQ.v.0
2020-11-13 06:05:00+00:00,33,1,16337,11862.5,11864.5,11860.5,11863.75,82,NQ.v.0
2020-11-13 06:06:00+00:00,33,1,16337,11862.25,11863.0,11860.0,11861.0,54,NQ.v.0
2020-11-13 06:07:00+00:00,33,1,16337,11860.5,11861.0,11859.0,11859.75,36,NQ.v.0
2020-11-13 06:08:00+00:00,33,1,16337,11859.75,11861.0,11858.75,11860.5,20,NQ.v.0
2020-11-13 06:09:00+00:00,33,1,16337,11860.5,11861.5,11859.75,11860.75,20,NQ.v.0
2020-11-13 06:10:00+00:00,33,1,16337,11860.25,11862.5,11859.75,11861.25,29,NQ.v.0
2020-11-13 06:11:00+00:00,33,1,16337,11861.0,11861.5,11857.75,11858.5,40,NQ.v.0
2020-11-13 06:12:00+00:00,33,1,16337,11858.5,11858.5,11855.5,11856.0,34,NQ.v.0
2020-11-13 06:13:00+00:00,33,1,16337,11856.0,11856.75,11854.0,11854.25,58,NQ.v.0
2020-11-13 06:14:00+00:00,33,1,16337,11854.0,11855.0,11852.75,11855.0,60,NQ.v.0
2020-11-13 06:15:00+00:00,33,1,16337,11855.0,11855.0,11854.0,11854.75,15,NQ.v.0
2020-11-13 06:16:00+00:00,33,1,16337,11854.0,11855.0,11851.0,11854.75,41,NQ.v.0
2020-11-13 06:17:00+00:00,33,1,16337,11855.5,11857.75,11854.75,11856.75,56,NQ.v.0
2020-11-13 06:18:00+00:00,33,1,16337,11856.25,11857.0,11855.5,11856.0,32,NQ.v.0
2020-11-13 06:19:00+00:00,33,1,16337,11855.0,11855.5,11853.75,11855.5,14,NQ.v.0
2020-11-13 06:20:00+00:00,33,1,16337,11855.75,11858.5,11855.75,11856.5,25,NQ.v.0
2020-11-13 06:21:00+00:00,33,1,16337,11856.25,11856.75,11854.5,11855.75,31,NQ.v.0
2020-11-13 06:22:00+00:00,33,1,16337,11855.75,11855.75,11852.75,11853.75,58,NQ.v.0
2020-11-13 06:23:00+00:00,33,1,16337,11854.0,11856.75,11854.0,11856.0,68,NQ.v.0
2020-11-13 06:24:00+00:00,33,1,16337,11856.25,11856.25,11855.25,11856.0,12,NQ.v.0
2020-11-13 06:25:00+00:00,33,1,16337,11856.5,11856.75,11855.75,11856.75,12,NQ.v.0
2020-11-13 06:26:00+00:00,33,1,16337,11857.0,11861.25,11855.75,11861.25,60,NQ.v.0
2020-11-13 06:27:00+00:00,33,1,16337,11860.5,11862.25,11859.25,11861.0,68,NQ.v.0
2020-11-13 06:28:00+00:00,33,1,16337,11861.25,11862.0,11860.75,11862.0,16,NQ.v.0
2020-11-13 06:29:00+00:00,33,1,16337,11862.0,11865.5,11862.0,11864.0,149,NQ.v.0
2020-11-13 06:30:00+00:00,33,1,16337,11864.75,11865.5,11862.75,11862.75,40,NQ.v.0
2020-11-13 06:31:00+00:00,33,1,16337,11862.75,11863.5,11861.5,11861.5,32,NQ.v.0
2020-11-13 06:32:00+00:00,33,1,16337,11862.25,11863.25,11861.75,11862.0,55,NQ.v.0
2020-11-13 06:33:00+00:00,33,1,16337,11861.5,11861.75,11861.0,11861.75,25,NQ.v.0
2020-11-13 06:34:00+00:00,33,1,16337,11861.0,11863.5,11860.75,11863.5,29,NQ.v.0
2020-11-13 06:35:00+00:00,33,1,16337,11863.5,11885.75,11863.5,11883.5,533,NQ.v.0
2020-11-13 06:36:00+00:00,33,1,16337,11882.75,11884.75,11880.25,11881.5,213,NQ.v.0
2020-11-13 06:37:00+00:00,33,1,16337,11881.75,11881.75,11874.25,11876.75,155,NQ.v.0
2020-11-13 06:38:00+00:00,33,1,16337,11876.25,11879.25,11875.75,11877.75,72,NQ.v.0
2020-11-13 06:39:00+00:00,33,1,16337,11878.0,11879.75,11877.75,11879.75,53,NQ.v.0
2020-11-13 06:40:00+00:00,33,1,16337,11878.75,11886.25,11878.0,11884.5,393,NQ.v.0
2020-11-13 06:41:00+00:00,33,1,16337,11884.5,11887.75,11883.25,11887.25,200,NQ.v.0
2020-11-13 06:42:00+00:00,33,1,16337,11887.0,11894.75,11877.0,11880.5,563,NQ.v.0
2020-11-13 06:43:00+00:00,33,1,16337,11881.5,11884.5,11878.5,11882.25,124,NQ.v.0
2020-11-13 06:44:00+00:00,33,1,16337,11882.5,11885.0,11882.0,11885.0,77,NQ.v.0
2020-11-13 06:45:00+00:00,33,1,16337,11885.5,11885.5,11881.25,11882.0,52,NQ.v.0
2020-11-13 06:46:00+00:00,33,1,16337,11882.0,11882.0,11878.0,11879.5,65,NQ.v.0
2020-11-13 06:47:00+00:00,33,1,16337,11880.25,11881.25,11877.75,11878.5,61,NQ.v.0
2020-11-13 06:48:00+00:00,33,1,16337,11879.0,11880.0,11877.0,11879.75,75,NQ.v.0
2020-11-13 06:49:00+00:00,33,1,16337,11878.75,11882.0,11878.25,11880.75,39,NQ.v.0
2020-11-13 06:50:00+00:00,33,1,16337,11880.75,11881.5,11876.0,11878.25,74,NQ.v.0
2020-11-13 06:51:00+00:00,33,1,16337,11878.25,11881.25,11872.0,11879.0,160,NQ.v.0
2020-11-13 06:52:00+00:00,33,1,16337,11878.5,11878.5,11876.5,11877.0,20,NQ.v.0
2020-11-13 06:53:00+00:00,33,1,16337,11877.25,11881.0,11877.25,11878.5,90,NQ.v.0
2020-11-13 06:54:00+00:00,33,1,16337,11878.5,11880.25,11875.75,11879.5,121,NQ.v.0
2020-11-13 06:55:00+00:00,33,1,16337,11879.5,11884.75,11879.5,11882.75,109,NQ.v.0
2020-11-13 06:56:00+00:00,33,1,16337,11882.0,11884.0,11881.0,11881.0,48,NQ.v.0
2020-11-13 06:57:00+00:00,33,1,16337,11881.25,11882.0,11880.0,11880.25,33,NQ.v.0
2020-11-13 06:58:00+00:00,33,1,16337,11880.0,11880.0,11877.25,11879.75,55,NQ.v.0
2020-11-13 06:59:00+00:00,33,1,16337,11879.25,11884.0,11878.5,11882.75,63,NQ.v.0
2020-11-13 07:00:00+00:00,33,1,16337,11882.25,11882.25,11877.0,11879.0,81,NQ.v.0
2020-11-13 07:01:00+00:00,33,1,16337,11879.0,11883.0,11876.0,11876.0,89,NQ.v.0
2020-11-13 07:02:00+00:00,33,1,16337,11876.0,11885.0,11875.75,11882.5,140,NQ.v.0
2020-11-13 07:03:00+00:00,33,1,16337,11883.0,11883.0,11877.25,11878.5,65,NQ.v.0
2020-11-13 07:04:00+00:00,33,1,16337,11877.5,11878.25,11876.25,11877.25,46,NQ.v.0
2020-11-13 07:05:00+00:00,33,1,16337,11876.75,11876.75,11871.25,11872.5,141,NQ.v.0
2020-11-13 07:06:00+00:00,33,1,16337,11871.75,11873.75,11871.25,11873.25,85,NQ.v.0
2020-11-13 07:07:00+00:00,33,1,16337,11873.25,11875.0,11872.75,11874.25,68,NQ.v.0
2020-11-13 07:08:00+00:00,33,1,16337,11874.5,11875.75,11872.25,11873.5,45,NQ.v.0
2020-11-13 07:09:00+00:00,33,1,16337,11873.75,11874.25,11871.75,11873.75,47,NQ.v.0
2020-11-13 07:10:00+00:00,33,1,16337,11873.0,11874.75,11871.75,11874.25,27,NQ.v.0
2020-11-13 07:11:00+00:00,33,1,16337,11874.75,11874.75,11871.5,11872.0,34,NQ.v.0
2020-11-13 07:12:00+00:00,33,1,16337,11871.5,11873.0,11870.5,11871.5,99,NQ.v.0
2020-11-13 07:13:00+00:00,33,1,16337,11871.5,11875.75,11870.75,11875.0,76,NQ.v.0
2020-11-13 07:14:00+00:00,33,1,16337,11874.5,11874.5,11871.0,11872.5,49,NQ.v.0
2020-11-13 07:15:00+00:00,33,1,16337,11871.5,11872.5,11865.5,11872.25,213,NQ.v.0
2020-11-13 07:16:00+00:00,33,1,16337,11872.25,11874.0,11870.5,11873.75,67,NQ.v.0
2020-11-13 07:17:00+00:00,33,1,16337,11874.25,11875.0,11870.25,11873.0,64,NQ.v.0
2020-11-13 07:18:00+00:00,33,1,16337,11873.0,11877.25,11873.0,11875.75,101,NQ.v.0
2020-11-13 07:19:00+00:00,33,1,16337,11875.75,11878.0,11873.0,11873.5,105,NQ.v.0
2020-11-13 07:20:00+00:00,33,1,16337,11874.0,11880.0,11873.5,11878.5,89,NQ.v.0
2020-11-13 07:21:00+00:00,33,1,16337,11878.5,11880.25,11875.5,11879.25,80,NQ.v.0
2020-11-13 07:22:00+00:00,33,1,16337,11878.75,11884.0,11878.25,11880.75,130,NQ.v.0
2020-11-13 07:23:00+00:00,33,1,16337,11880.25,11880.75,11877.75,11879.0,51,NQ.v.0
2020-11-13 07:24:00+00:00,33,1,16337,11879.75,11881.5,11878.25,11879.5,63,NQ.v.0
2020-11-13 07:25:00+00:00,33,1,16337,11880.0,11880.75,11875.5,11876.5,52,NQ.v.0
2020-11-13 07:26:00+00:00,33,1,16337,11876.75,11879.75,11876.25,11879.0,46,NQ.v.0
2020-11-13 07:27:00+00:00,33,1,16337,11878.75,11879.0,11875.0,11875.5,64,NQ.v.0
2020-11-13 07:28:00+00:00,33,1,16337,11876.0,11877.5,11875.5,11876.25,31,NQ.v.0
2020-11-13 07:29:00+00:00,33,1,16337,11875.75,11878.75,11875.0,11876.25,38,NQ.v.0
2020-11-13 07:30:00+00:00,33,1,16337,11875.5,11877.75,11874.5,11877.25,73,NQ.v.0
2020-11-13 07:31:00+00:00,33,1,16337,11878.0,11889.0,11878.0,11885.75,243,NQ.v.0
2020-11-13 07:32:00+00:00,33,1,16337,11886.75,11890.0,11885.5,11889.25,206,NQ.v.0
2020-11-13 07:33:00+00:00,33,1,16337,11889.25,11892.25,11888.25,11889.75,136,NQ.v.0
2020-11-13 07:34:00+00:00,33,1,16337,11888.5,11888.75,11878.25,11879.0,199,NQ.v.0
2020-11-13 07:35:00+00:00,33,1,16337,11878.0,11878.25,11872.25,11874.0,182,NQ.v.0
2020-11-13 07:36:00+00:00,33,1,16337,11873.25,11874.0,11867.75,11873.25,231,NQ.v.0
2020-11-13 07:37:00+00:00,33,1,16337,11874.25,11874.25,11870.25,11871.75,81,NQ.v.0
2020-11-13 07:38:00+00:00,33,1,16337,11871.25,11875.0,11868.75,11875.0,109,NQ.v.0
2020-11-13 07:39:00+00:00,33,1,16337,11875.0,11875.5,11873.0,11873.0,52,NQ.v.0
2020-11-13 07:40:00+00:00,33,1,16337,11871.75,11874.5,11869.5,11869.5,66,NQ.v.0
2020-11-13 07:41:00+00:00,33,1,16337,11869.25,11871.75,11868.75,11871.5,53,NQ.v.0
2020-11-13 07:42:00+00:00,33,1,16337,11872.0,11877.0,11870.75,11872.25,110,NQ.v.0
2020-11-13 07:43:00+00:00,33,1,16337,11872.75,11873.25,11871.5,11872.75,21,NQ.v.0
2020-11-13 07:44:00+00:00,33,1,16337,11872.75,11874.5,11870.5,11874.25,52,NQ.v.0
2020-11-13 07:45:00+00:00,33,1,16337,11874.5,11877.75,11873.0,11876.75,99,NQ.v.0
2020-11-13 07:46:00+00:00,33,1,16337,11877.5,11879.75,11875.5,11877.75,57,NQ.v.0
2020-11-13 07:47:00+00:00,33,1,16337,11878.0,11880.25,11875.0,11880.25,87,NQ.v.0
2020-11-13 07:48:00+00:00,33,1,16337,11880.0,11880.0,11873.5,11876.0,74,NQ.v.0
2020-11-13 07:49:00+00:00,33,1,16337,11876.25,11877.0,11875.25,11875.25,24,NQ.v.0
2020-11-13 07:50:00+00:00,33,1,16337,11875.5,11881.25,11875.5,11880.25,74,NQ.v.0
2020-11-13 07:51:00+00:00,33,1,16337,11880.0,11881.0,11879.0,11880.75,34,NQ.v.0
2020-11-13 07:52:00+00:00,33,1,16337,11881.5,11886.5,11880.75,11884.0,152,NQ.v.0
2020-11-13 07:53:00+00:00,33,1,16337,11884.25,11886.0,11883.0,11884.25,69,NQ.v.0
2020-11-13 07:54:00+00:00,33,1,16337,11884.25,11884.5,11878.0,11879.25,97,NQ.v.0
2020-11-13 07:55:00+00:00,33,1,16337,11879.5,11880.0,11874.5,11877.0,74,NQ.v.0
2020-11-13 07:56:00+00:00,33,1,16337,11877.0,11886.5,11877.0,11885.5,114,NQ.v.0
2020-11-13 07:57:00+00:00,33,1,16337,11885.0,11894.5,11884.75,11892.25,217,NQ.v.0
2020-11-13 07:58:00+00:00,33,1,16337,11892.5,11899.25,11890.5,11898.5,281,NQ.v.0
2020-11-13 07:59:00+00:00,33,1,16337,11898.5,11899.75,11894.5,11896.75,223,NQ.v.0
2020-11-13 08:00:00+00:00,33,1,16337,11898.5,11905.25,11894.0,11902.75,464,NQ.v.0
2020-11-13 08:01:00+00:00,33,1,16337,11902.25,11907.5,11900.0,11905.0,340,NQ.v.0
2020-11-13 08:02:00+00:00,33,1,16337,11905.5,11914.75,11905.0,11914.5,479,NQ.v.0
2020-11-13 08:03:00+00:00,33,1,16337,11914.25,11919.5,11909.25,11910.0,415,NQ.v.0
2020-11-13 08:04:00+00:00,33,1,16337,11910.75,11918.0,11910.5,11915.5,293,NQ.v.0
2020-11-13 08:05:00+00:00,33,1,16337,11916.0,11916.25,11905.0,11906.0,243,NQ.v.0
2020-11-13 08:06:00+00:00,33,1,16337,11906.25,11908.0,11904.25,11906.5,132,NQ.v.0
2020-11-13 08:07:00+00:00,33,1,16337,11905.75,11910.5,11905.75,11910.0,118,NQ.v.0
2020-11-13 08:08:00+00:00,33,1,16337,11909.5,11910.75,11907.0,11908.25,91,NQ.v.0
2020-11-13 08:09:00+00:00,33,1,16337,11908.25,11912.0,11907.5,11910.5,90,NQ.v.0
2020-11-13 08:10:00+00:00,33,1,16337,11909.25,11914.75,11909.25,11910.0,154,NQ.v.0
2020-11-13 08:11:00+00:00,33,1,16337,11911.0,11913.75,11904.5,11905.5,153,NQ.v.0
2020-11-13 08:12:00+00:00,33,1,16337,11904.5,11916.0,11904.5,11913.75,275,NQ.v.0
2020-11-13 08:13:00+00:00,33,1,16337,11914.0,11916.0,11913.0,11915.25,164,NQ.v.0
2020-11-13 08:14:00+00:00,33,1,16337,11916.0,11917.0,11909.5,11913.0,150,NQ.v.0
2020-11-13 08:15:00+00:00,33,1,16337,11912.75,11916.0,11911.5,11915.0,98,NQ.v.0
2020-11-13 08:16:00+00:00,33,1,16337,11915.0,11915.75,11909.25,11911.75,101,NQ.v.0
2020-11-13 08:17:00+00:00,33,1,16337,11910.75,11918.75,11910.25,11915.5,225,NQ.v.0
2020-11-13 08:18:00+00:00,33,1,16337,11915.75,11917.5,11912.75,11914.5,147,NQ.v.0
2020-11-13 08:19:00+00:00,33,1,16337,11915.25,11915.25,11912.25,11914.25,59,NQ.v.0
2020-11-13 08:20:00+00:00,33,1,16337,11914.0,11915.0,11909.0,11909.5,126,NQ.v.0
2020-11-13 08:21:00+00:00,33,1,16337,11909.75,11911.25,11906.5,11909.25,140,NQ.v.0
2020-11-13 08:22:00+00:00,33,1,16337,11908.75,11909.75,11906.0,11907.0,111,NQ.v.0
2020-11-13 08:23:00+00:00,33,1,16337,11907.0,11908.25,11905.0,11907.0,109,NQ.v.0
2020-11-13 08:24:00+00:00,33,1,16337,11907.5,11909.0,11904.25,11907.5,187,NQ.v.0
2020-11-13 08:25:00+00:00,33,1,16337,11906.5,11912.0,11905.0,11909.0,170,NQ.v.0
2020-11-13 08:26:00+00:00,33,1,16337,11909.75,11911.75,11902.0,11906.0,314,NQ.v.0
2020-11-13 08:27:00+00:00,33,1,16337,11906.0,11907.5,11903.25,11903.75,175,NQ.v.0
2020-11-13 08:28:00+00:00,33,1,16337,11904.5,11908.5,11903.25,11907.0,230,NQ.v.0
2020-11-13 08:29:00+00:00,33,1,16337,11906.0,11908.0,11902.0,11907.0,192,NQ.v.0
2020-11-13 08:30:00+00:00,33,1,16337,11906.5,11907.5,11902.5,11902.5,148,NQ.v.0
2020-11-13 08:31:00+00:00,33,1,16337,11902.25,11903.25,11898.0,11899.0,259,NQ.v.0
2020-11-13 08:32:00+00:00,33,1,16337,11900.25,11903.25,11899.0,11900.0,132,NQ.v.0
2020-11-13 08:33:00+00:00,33,1,16337,11900.25,11901.75,11898.5,11900.25,130,NQ.v.0
2020-11-13 08:34:00+00:00,33,1,16337,11900.25,11909.0,11900.0,11906.75,213,NQ.v.0
2020-11-13 08:35:00+00:00,33,1,16337,11906.25,11909.0,11903.75,11905.0,125,NQ.v.0
2020-11-13 08:36:00+00:00,33,1,16337,11904.75,11907.0,11900.0,11904.0,214,NQ.v.0
2020-11-13 08:37:00+00:00,33,1,16337,11903.25,11906.0,11902.25,11904.0,132,NQ.v.0
2020-11-13 08:38:00+00:00,33,1,16337,11904.25,11904.5,11900.5,11901.75,121,NQ.v.0
2020-11-13 08:39:00+00:00,33,1,16337,11901.75,11905.75,11901.75,11903.5,141,NQ.v.0
2020-11-13 08:40:00+00:00,33,1,16337,11904.0,11904.75,11898.0,11898.5,131,NQ.v.0
2020-11-13 08:41:00+00:00,33,1,16337,11899.0,11899.75,11893.75,11895.5,186,NQ.v.0
2020-11-13 08:42:00+00:00,33,1,16337,11894.0,11895.0,11887.75,11888.25,206,NQ.v.0
2020-11-13 08:43:00+00:00,33,1,16337,11888.75,11894.0,11887.5,11891.0,134,NQ.v.0
2020-11-13 08:44:00+00:00,33,1,16337,11891.25,11893.0,11889.25,11889.25,61,NQ.v.0
2020-11-13 08:45:00+00:00,33,1,16337,11889.75,11892.25,11888.5,11888.5,74,NQ.v.0
2020-11-13 08:46:00+00:00,33,1,16337,11889.5,11890.75,11880.75,11887.0,248,NQ.v.0
2020-11-13 08:47:00+00:00,33,1,16337,11887.0,11893.0,11884.0,11888.75,215,NQ.v.0
2020-11-13 08:48:00+00:00,33,1,16337,11889.25,11893.5,11888.25,11891.75,118,NQ.v.0
2020-11-13 08:49:00+00:00,33,1,16337,11892.5,11893.0,11888.25,11888.25,52,NQ.v.0
2020-11-13 08:50:00+00:00,33,1,16337,11888.75,11889.75,11880.5,11884.25,232,NQ.v.0
2020-11-13 08:51:00+00:00,33,1,16337,11885.0,11890.0,11884.0,11886.25,131,NQ.v.0
2020-11-13 08:52:00+00:00,33,1,16337,11885.25,11890.5,11885.0,11889.75,157,NQ.v.0
2020-11-13 08:53:00+00:00,33,1,16337,11889.75,11893.5,11889.25,11891.0,131,NQ.v.0
2020-11-13 08:54:00+00:00,33,1,16337,11891.5,11893.0,11889.0,11891.0,73,NQ.v.0
2020-11-13 08:55:00+00:00,33,1,16337,11890.5,11896.75,11890.0,11896.0,206,NQ.v.0
2020-11-13 08:56:00+00:00,33,1,16337,11895.75,11899.0,11893.25,11895.25,166,NQ.v.0
2020-11-13 08:57:00+00:00,33,1,16337,11894.75,11895.0,11890.0,11891.25,74,NQ.v.0
2020-11-13 08:58:00+00:00,33,1,16337,11891.75,11892.25,11888.75,11890.5,80,NQ.v.0
2020-11-13 08:59:00+00:00,33,1,16337,11891.75,11898.5,11891.75,11897.25,95,NQ.v.0
2020-11-13 09:00:00+00:00,33,1,16337,11897.75,11898.0,11895.5,11897.75,112,NQ.v.0
2020-11-13 09:01:00+00:00,33,1,16337,11896.5,11896.75,11892.75,11895.75,77,NQ.v.0
2020-11-13 09:02:00+00:00,33,1,16337,11895.5,11896.0,11892.25,11895.25,64,NQ.v.0
2020-11-13 09:03:00+00:00,33,1,16337,11894.75,11896.25,11893.25,11893.5,60,NQ.v.0
2020-11-13 09:04:00+00:00,33,1,16337,11892.75,11896.25,11892.25,11894.0,59,NQ.v.0
2020-11-13 09:05:00+00:00,33,1,16337,11895.0,11896.0,11889.75,11889.75,91,NQ.v.0
2020-11-13 09:06:00+00:00,33,1,16337,11889.75,11893.25,11889.75,11892.5,67,NQ.v.0
2020-11-13 09:07:00+00:00,33,1,16337,11892.0,11896.75,11891.75,11894.5,94,NQ.v.0
2020-11-13 09:08:00+00:00,33,1,16337,11894.25,11894.75,11892.25,11892.5,37,NQ.v.0
2020-11-13 09:09:00+00:00,33,1,16337,11893.75,11902.75,11892.5,11900.25,202,NQ.v.0
2020-11-13 09:10:00+00:00,33,1,16337,11900.5,11901.25,11893.0,11896.0,103,NQ.v.0
2020-11-13 09:11:00+00:00,33,1,16337,11895.0,11895.5,11891.0,11891.25,64,NQ.v.0
2020-11-13 09:12:00+00:00,33,1,16337,11892.25,11893.75,11890.75,11892.75,35,NQ.v.0
2020-11-13 09:13:00+00:00,33,1,16337,11892.25,11894.5,11891.0,11892.75,53,NQ.v.0
2020-11-13 09:14:00+00:00,33,1,16337,11892.25,11895.0,11892.0,11893.0,67,NQ.v.0
2020-11-13 09:15:00+00:00,33,1,16337,11893.0,11894.5,11891.25,11893.5,64,NQ.v.0
2020-11-13 09:16:00+00:00,33,1,16337,11893.75,11897.5,11893.75,11896.25,108,NQ.v.0
2020-11-13 09:17:00+00:00,33,1,16337,11896.25,11897.25,11893.75,11895.75,69,NQ.v.0
2020-11-13 09:18:00+00:00,33,1,16337,11896.25,11896.25,11892.75,11893.75,50,NQ.v.0
2020-11-13 09:19:00+00:00,33,1,16337,11894.75,11903.5,11894.75,11902.5,251,NQ.v.0
2020-11-13 09:20:00+00:00,33,1,16337,11902.5,11907.75,11895.75,11895.75,293,NQ.v.0
2020-11-13 09:21:00+00:00,33,1,16337,11896.0,11900.75,11896.0,11899.75,68,NQ.v.0
2020-11-13 09:22:00+00:00,33,1,16337,11899.0,11903.25,11899.0,11903.25,88,NQ.v.0
2020-11-13 09:23:00+00:00,33,1,16337,11903.25,11903.25,11900.25,11901.5,75,NQ.v.0
2020-11-13 09:24:00+00:00,33,1,16337,11902.0,11903.25,11899.75,11900.25,58,NQ.v.0
2020-11-13 09:25:00+00:00,33,1,16337,11901.0,11901.25,11896.75,11896.75,65,NQ.v.0
2020-11-13 09:26:00+00:00,33,1,16337,11896.5,11900.0,11893.5,11896.0,104,NQ.v.0
2020-11-13 09:27:00+00:00,33,1,16337,11896.75,11898.25,11894.75,11894.75,38,NQ.v.0
2020-11-13 09:28:00+00:00,33,1,16337,11895.5,11897.5,11895.0,11896.0,26,NQ.v.0
2020-11-13 09:29:00+00:00,33,1,16337,11896.75,11898.25,11895.75,11896.0,49,NQ.v.0
2020-11-13 09:30:00+00:00,33,1,16337,11895.25,11898.25,11894.75,11897.75,41,NQ.v.0
2020-11-13 09:31:00+00:00,33,1,16337,11897.25,11911.0,11897.0,11906.0,356,NQ.v.0
2020-11-13 09:32:00+00:00,33,1,16337,11906.0,11915.0,11905.5,11907.5,548,NQ.v.0
2020-11-13 09:33:00+00:00,33,1,16337,11908.0,11911.25,11906.0,11908.25,288,NQ.v.0
2020-11-13 09:34:00+00:00,33,1,16337,11908.5,11913.5,11906.75,11910.25,200,NQ.v.0
2020-11-13 09:35:00+00:00,33,1,16337,11909.75,11912.0,11907.5,11909.0,105,NQ.v.0
2020-11-13 09:36:00+00:00,33,1,16337,11907.75,11911.75,11905.0,11907.5,181,NQ.v.0
2020-11-13 09:37:00+00:00,33,1,16337,11907.5,11909.0,11906.25,11906.75,63,NQ.v.0
2020-11-13 09:38:00+00:00,33,1,16337,11907.25,11908.0,11904.75,11906.0,60,NQ.v.0
2020-11-13 09:39:00+00:00,33,1,16337,11906.75,11908.0,11906.0,11906.25,41,NQ.v.0
2020-11-13 09:40:00+00:00,33,1,16337,11906.75,11908.5,11905.5,11906.75,43,NQ.v.0
2020-11-13 09:41:00+00:00,33,1,16337,11907.25,11907.5,11904.5,11905.75,61,NQ.v.0
2020-11-13 09:42:00+00:00,33,1,16337,11905.25,11910.25,11905.25,11907.25,87,NQ.v.0
2020-11-13 09:43:00+00:00,33,1,16337,11906.75,11910.0,11906.75,11908.0,35,NQ.v.0
2020-11-13 09:44:00+00:00,33,1,16337,11907.5,11913.25,11907.5,11913.25,56,NQ.v.0
2020-11-13 09:45:00+00:00,33,1,16337,11912.5,11913.5,11906.25,11907.0,120,NQ.v.0
2020-11-13 09:46:00+00:00,33,1,16337,11907.5,11911.0,11906.5,11910.25,132,NQ.v.0
2020-11-13 09:47:00+00:00,33,1,16337,11910.75,11935.0,11909.75,11928.25,695,NQ.v.0
2020-11-13 09:48:00+00:00,33,1,16337,11928.5,11933.5,11927.0,11927.5,381,NQ.v.0
2020-11-13 09:49:00+00:00,33,1,16337,11927.75,11927.75,11919.5,11921.75,197,NQ.v.0
2020-11-13 09:50:00+00:00,33,1,16337,11922.5,11927.25,11921.5,11925.75,117,NQ.v.0
2020-11-13 09:51:00+00:00,33,1,16337,11926.0,11937.0,11925.75,11936.0,414,NQ.v.0
2020-11-13 09:52:00+00:00,33,1,16337,11936.25,11936.25,11931.25,11933.25,174,NQ.v.0
2020-11-13 09:53:00+00:00,33,1,16337,11932.5,11934.0,11930.5,11932.5,72,NQ.v.0
2020-11-13 09:54:00+00:00,33,1,16337,11932.25,11935.5,11931.75,11933.0,86,NQ.v.0
2020-11-13 09:55:00+00:00,33,1,16337,11932.25,11936.25,11932.25,11936.0,82,NQ.v.0
2020-11-13 09:56:00+00:00,33,1,16337,11936.0,11936.5,11927.75,11928.5,118,NQ.v.0
2020-11-13 09:57:00+00:00,33,1,16337,11928.75,11933.0,11928.25,11931.0,89,NQ.v.0
2020-11-13 09:58:00+00:00,33,1,16337,11932.0,11932.0,11929.5,11931.0,38,NQ.v.0
2020-11-13 09:59:00+00:00,33,1,16337,11931.0,11931.0,11926.5,11927.75,93,NQ.v.0
2020-11-13 10:00:00+00:00,33,1,16337,11927.5,11930.0,11925.25,11927.0,92,NQ.v.0
2020-11-13 10:01:00+00:00,33,1,16337,11927.0,11929.0,11922.0,11923.25,146,NQ.v.0
2020-11-13 10:02:00+00:00,33,1,16337,11922.5,11924.25,11918.5,11923.0,166,NQ.v.0
2020-11-13 10:03:00+00:00,33,1,16337,11924.0,11928.0,11922.0,11923.75,150,NQ.v.0
2020-11-13 10:04:00+00:00,33,1,16337,11923.5,11924.5,11919.5,11921.75,209,NQ.v.0
2020-11-13 10:05:00+00:00,33,1,16337,11921.5,11923.5,11920.0,11921.25,118,NQ.v.0
2020-11-13 10:06:00+00:00,33,1,16337,11921.0,11922.0,11917.75,11918.5,156,NQ.v.0
2020-11-13 10:07:00+00:00,33,1,16337,11919.25,11920.0,11916.75,11919.0,85,NQ.v.0
2020-11-13 10:08:00+00:00,33,1,16337,11919.25,11933.5,11919.0,11924.5,284,NQ.v.0
2020-11-13 10:09:00+00:00,33,1,16337,11924.25,11927.25,11922.0,11922.0,59,NQ.v.0
2020-11-13 10:10:00+00:00,33,1,16337,11921.25,11925.0,11920.25,11921.5,117,NQ.v.0
2020-11-13 10:11:00+00:00,33,1,16337,11922.0,11924.25,11920.75,11921.25,57,NQ.v.0
2020-11-13 10:12:00+00:00,33,1,16337,11922.25,11923.0,11918.0,11921.25,60,NQ.v.0
2020-11-13 10:13:00+00:00,33,1,16337,11922.25,11922.75,11918.75,11920.5,49,NQ.v.0
2020-11-13 10:14:00+00:00,33,1,16337,11920.75,11922.25,11918.0,11920.75,54,NQ.v.0
2020-11-13 10:15:00+00:00,33,1,16337,11920.75,11921.75,11917.0,11918.5,41,NQ.v.0
2020-11-13 10:16:00+00:00,33,1,16337,11919.25,11922.25,11918.0,11921.0,55,NQ.v.0
2020-11-13 10:17:00+00:00,33,1,16337,11921.0,11927.5,11920.75,11925.5,157,NQ.v.0
2020-11-13 10:18:00+00:00,33,1,16337,11926.0,11930.5,11924.75,11927.5,161,NQ.v.0
2020-11-13 10:19:00+00:00,33,1,16337,11927.25,11928.25,11923.75,11924.25,92,NQ.v.0
2020-11-13 10:20:00+00:00,33,1,16337,11924.5,11925.75,11921.5,11922.75,43,NQ.v.0
2020-11-13 10:21:00+00:00,33,1,16337,11923.0,11923.5,11919.5,11921.5,74,NQ.v.0
2020-11-13 10:22:00+00:00,33,1,16337,11922.5,11922.75,11919.5,11919.5,60,NQ.v.0
2020-11-13 10:23:00+00:00,33,1,16337,11919.5,11921.25,11919.0,11920.5,54,NQ.v.0
2020-11-13 10:24:00+00:00,33,1,16337,11921.0,11924.75,11919.25,11919.5,134,NQ.v.0
2020-11-13 10:25:00+00:00,33,1,16337,11919.5,11919.75,11912.0,11916.0,256,NQ.v.0
2020-11-13 10:26:00+00:00,33,1,16337,11915.75,11922.5,11914.75,11922.0,113,NQ.v.0
2020-11-13 10:27:00+00:00,33,1,16337,11921.5,11922.5,11916.25,11918.5,93,NQ.v.0
2020-11-13 10:28:00+00:00,33,1,16337,11918.25,11918.25,11916.25,11917.25,49,NQ.v.0
2020-11-13 10:29:00+00:00,33,1,16337,11916.75,11917.5,11910.75,11912.75,146,NQ.v.0
2020-11-13 10:30:00+00:00,33,1,16337,11912.75,11914.0,11909.0,11911.5,107,NQ.v.0
2020-11-13 10:31:00+00:00,33,1,16337,11910.75,11913.25,11910.25,11912.75,70,NQ.v.0
2020-11-13 10:32:00+00:00,33,1,16337,11913.5,11913.5,11909.5,11910.0,68,NQ.v.0
2020-11-13 10:33:00+00:00,33,1,16337,11910.25,11915.5,11909.75,11915.5,100,NQ.v.0
2020-11-13 10:34:00+00:00,33,1,16337,11916.0,11921.25,11912.75,11915.25,206,NQ.v.0
2020-11-13 10:35:00+00:00,33,1,16337,11915.75,11916.0,11908.75,11910.5,147,NQ.v.0
2020-11-13 10:36:00+00:00,33,1,16337,11910.5,11914.5,11906.75,11913.5,97,NQ.v.0
2020-11-13 10:37:00+00:00,33,1,16337,11913.25,11914.5,11912.25,11914.25,41,NQ.v.0
2020-11-13 10:38:00+00:00,33,1,16337,11914.0,11915.5,11913.25,11913.75,61,NQ.v.0
2020-11-13 10:39:00+00:00,33,1,16337,11914.5,11914.5,11912.25,11912.75,45,NQ.v.0
2020-11-13 10:40:00+00:00,33,1,16337,11912.0,11916.5,11911.75,11915.25,65,NQ.v.0
2020-11-13 10:41:00+00:00,33,1,16337,11915.0,11918.0,11914.25,11916.5,98,NQ.v.0
2020-11-13 10:42:00+00:00,33,1,16337,11916.5,11917.25,11914.5,11916.0,51,NQ.v.0
2020-11-13 10:43:00+00:00,33,1,16337,11915.5,11917.5,11914.0,11917.5,66,NQ.v.0
2020-11-13 10:44:00+00:00,33,1,16337,11916.75,11919.25,11916.5,11918.75,57,NQ.v.0
2020-11-13 10:45:00+00:00,33,1,16337,11919.75,11920.75,11915.75,11915.75,67,NQ.v.0
2020-11-13 10:46:00+00:00,33,1,16337,11917.0,11920.75,11917.0,11917.75,61,NQ.v.0
2020-11-13 10:47:00+00:00,33,1,16337,11917.25,11919.75,11917.25,11918.75,26,NQ.v.0
2020-11-13 10:48:00+00:00,33,1,16337,11918.0,11918.75,11911.0,11917.5,169,NQ.v.0
2020-11-13 10:49:00+00:00,33,1,16337,11916.25,11917.25,11914.75,11915.75,52,NQ.v.0
2020-11-13 10:50:00+00:00,33,1,16337,11915.75,11917.5,11915.5,11915.5,41,NQ.v.0
2020-11-13 10:51:00+00:00,33,1,16337,11916.75,11918.0,11915.0,11918.0,42,NQ.v.0
2020-11-13 10:52:00+00:00,33,1,16337,11918.25,11918.5,11916.75,11918.25,36,NQ.v.0
2020-11-13 10:53:00+00:00,33,1,16337,11917.25,11918.25,11915.0,11918.0,53,NQ.v.0
2020-11-13 10:54:00+00:00,33,1,16337,11918.25,11924.75,11916.75,11924.75,123,NQ.v.0
2020-11-13 10:55:00+00:00,33,1,16337,11924.75,11924.75,11913.5,11913.75,159,NQ.v.0
2020-11-13 10:56:00+00:00,33,1,16337,11913.5,11914.75,11911.5,11912.75,74,NQ.v.0
2020-11-13 10:57:00+00:00,33,1,16337,11913.25,11916.25,11913.25,11915.0,28,NQ.v.0
2020-11-13 10:58:00+00:00,33,1,16337,11915.0,11915.5,11912.25,11912.25,36,NQ.v.0
2020-11-13 10:59:00+00:00,33,1,16337,11912.0,11914.25,11911.25,11911.75,89,NQ.v.0
2020-11-13 11:00:00+00:00,33,1,16337,11912.5,11916.25,11909.25,11915.75,150,NQ.v.0
2020-11-13 11:01:00+00:00,33,1,16337,11915.75,11921.75,11914.5,11914.5,117,NQ.v.0
2020-11-13 11:02:00+00:00,33,1,16337,11914.0,11915.5,11911.25,11915.0,67,NQ.v.0
2020-11-13 11:03:00+00:00,33,1,16337,11914.25,11915.5,11913.0,11914.0,48,NQ.v.0
2020-11-13 11:04:00+00:00,33,1,16337,11913.75,11914.0,11909.75,11911.0,117,NQ.v.0
2020-11-13 11:05:00+00:00,33,1,16337,11910.5,11914.0,11910.0,11912.5,63,NQ.v.0
2020-11-13 11:06:00+00:00,33,1,16337,11911.75,11911.75,11907.75,11910.25,122,NQ.v.0
2020-11-13 11:07:00+00:00,33,1,16337,11910.0,11910.0,11905.0,11906.5,159,NQ.v.0
2020-11-13 11:08:00+00:00,33,1,16337,11905.75,11907.5,11904.25,11906.5,223,NQ.v.0
2020-11-13 11:09:00+00:00,33,1,16337,11906.75,11907.0,11903.5,11906.75,89,NQ.v.0
2020-11-13 11:10:00+00:00,33,1,16337,11907.0,11909.5,11906.25,11909.0,85,NQ.v.0
2020-11-13 11:11:00+00:00,33,1,16337,11908.5,11909.75,11902.0,11904.75,96,NQ.v.0
2020-11-13 11:12:00+00:00,33,1,16337,11905.5,11906.75,11904.0,11906.25,61,NQ.v.0
2020-11-13 11:13:00+00:00,33,1,16337,11906.75,11909.0,11905.25,11908.5,77,NQ.v.0
2020-11-13 11:14:00+00:00,33,1,16337,11908.75,11910.25,11907.0,11909.5,88,NQ.v.0
2020-11-13 11:15:00+00:00,33,1,16337,11910.25,11911.5,11904.5,11906.75,82,NQ.v.0
2020-11-13 11:16:00+00:00,33,1,16337,11907.0,11907.25,11903.0,11905.0,62,NQ.v.0
2020-11-13 11:17:00+00:00,33,1,16337,11905.0,11907.75,11904.25,11907.25,69,NQ.v.0
2020-11-13 11:18:00+00:00,33,1,16337,11907.75,11907.75,11904.0,11906.5,46,NQ.v.0
2020-11-13 11:19:00+00:00,33,1,16337,11907.0,11907.25,11904.25,11905.5,43,NQ.v.0
2020-11-13 11:20:00+00:00,33,1,16337,11905.5,11910.25,11904.25,11909.5,85,NQ.v.0
2020-11-13 11:21:00+00:00,33,1,16337,11909.75,11910.75,11906.0,11906.5,105,NQ.v.0
2020-11-13 11:22:00+00:00,33,1,16337,11906.0,11908.5,11905.5,11905.5,99,NQ.v.0
2020-11-13 11:23:00+00:00,33,1,16337,11906.0,11906.5,11899.25,11906.0,293,NQ.v.0
2020-11-13 11:24:00+00:00,33,1,16337,11905.0,11908.0,11902.5,11904.25,102,NQ.v.0
2020-11-13 11:25:00+00:00,33,1,16337,11903.75,11906.0,11903.0,11904.0,55,NQ.v.0
2020-11-13 11:26:00+00:00,33,1,16337,11903.5,11904.75,11899.75,11900.5,137,NQ.v.0
2020-11-13 11:27:00+00:00,33,1,16337,11901.25,11907.75,11900.75,11906.0,96,NQ.v.0
2020-11-13 11:28:00+00:00,33,1,16337,11905.0,11907.25,11904.5,11905.25,40,NQ.v.0
2020-11-13 11:29:00+00:00,33,1,16337,11906.0,11906.5,11904.75,11905.0,25,NQ.v.0
2020-11-13 11:30:00+00:00,33,1,16337,11904.75,11907.25,11902.5,11906.5,74,NQ.v.0
2020-11-13 11:31:00+00:00,33,1,16337,11907.0,11910.0,11905.0,11908.5,83,NQ.v.0
2020-11-13 11:32:00+00:00,33,1,16337,11907.25,11909.0,11906.75,11907.5,48,NQ.v.0
2020-11-13 11:33:00+00:00,33,1,16337,11908.25,11910.75,11908.25,11910.25,66,NQ.v.0
2020-11-13 11:34:00+00:00,33,1,16337,11910.25,11912.75,11908.0,11908.0,120,NQ.v.0
2020-11-13 11:35:00+00:00,33,1,16337,11907.75,11909.5,11905.5,11907.0,40,NQ.v.0
2020-11-13 11:36:00+00:00,33,1,16337,11907.0,11910.0,11906.0,11908.25,24,NQ.v.0
2020-11-13 11:37:00+00:00,33,1,16337,11907.5,11911.0,11907.0,11908.5,60,NQ.v.0
2020-11-13 11:38:00+00:00,33,1,16337,11909.0,11909.5,11906.0,11906.75,51,NQ.v.0
2020-11-13 11:39:00+00:00,33,1,16337,11906.0,11906.25,11903.25,11905.75,47,NQ.v.0
2020-11-13 11:40:00+00:00,33,1,16337,11906.0,11906.5,11906.0,11906.5,4,NQ.v.0
2020-11-13 11:41:00+00:00,33,1,16337,11906.5,11909.25,11906.5,11907.5,29,NQ.v.0
2020-11-13 11:42:00+00:00,33,1,16337,11907.5,11907.5,11905.0,11907.0,30,NQ.v.0
2020-11-13 11:43:00+00:00,33,1,16337,11906.5,11906.5,11900.75,11902.75,81,NQ.v.0
2020-11-13 11:44:00+00:00,33,1,16337,11903.0,11903.0,11898.5,11899.5,109,NQ.v.0
2020-11-13 11:45:00+00:00,33,1,16337,11899.25,11902.0,11896.75,11900.5,198,NQ.v.0
2020-11-13 11:46:00+00:00,33,1,16337,11901.25,11902.0,11899.25,11899.5,63,NQ.v.0
2020-11-13 11:47:00+00:00,33,1,16337,11899.5,11899.5,11895.75,11897.75,132,NQ.v.0
2020-11-13 11:48:00+00:00,33,1,16337,11897.75,11897.75,11892.5,11896.25,254,NQ.v.0
2020-11-13 11:49:00+00:00,33,1,16337,11896.75,11898.0,11892.5,11892.5,97,NQ.v.0
2020-11-13 11:50:00+00:00,33,1,16337,11893.25,11898.0,11892.25,11894.25,153,NQ.v.0
2020-11-13 11:51:00+00:00,33,1,16337,11894.5,11897.25,11892.0,11894.25,200,NQ.v.0
2020-11-13 11:52:00+00:00,33,1,16337,11894.25,11896.5,11889.25,11895.5,169,NQ.v.0
2020-11-13 11:53:00+00:00,33,1,16337,11895.5,11899.0,11893.0,11898.75,135,NQ.v.0
2020-11-13 11:54:00+00:00,33,1,16337,11898.5,11901.5,11897.75,11898.5,126,NQ.v.0
2020-11-13 11:55:00+00:00,33,1,16337,11899.0,11899.0,11895.0,11898.75,43,NQ.v.0
2020-11-13 11:56:00+00:00,33,1,16337,11899.25,11900.25,11894.75,11897.75,116,NQ.v.0
2020-11-13 11:57:00+00:00,33,1,16337,11897.25,11901.75,11895.5,11901.25,130,NQ.v.0
2020-11-13 11:58:00+00:00,33,1,16337,11901.0,11901.25,11898.75,11899.75,49,NQ.v.0
2020-11-13 11:59:00+00:00,33,1,16337,11899.5,11902.25,11899.0,11900.5,48,NQ.v.0
2020-11-13 12:00:00+00:00,33,1,16337,11900.0,11901.0,11895.25,11896.5,118,NQ.v.0
2020-11-13 12:01:00+00:00,33,1,16337,11897.5,11897.75,11893.25,11893.75,106,NQ.v.0
2020-11-13 12:02:00+00:00,33,1,16337,11893.5,11896.5,11892.75,11895.0,102,NQ.v.0
2020-11-13 12:03:00+00:00,33,1,16337,11895.25,11897.0,11893.75,11894.0,70,NQ.v.0
2020-11-13 12:04:00+00:00,33,1,16337,11894.75,11898.5,11893.25,11896.75,107,NQ.v.0
2020-11-13 12:05:00+00:00,33,1,16337,11896.5,11899.5,11896.5,11899.0,64,NQ.v.0
2020-11-13 12:06:00+00:00,33,1,16337,11898.25,11902.75,11896.75,11901.0,111,NQ.v.0
2020-11-13 12:07:00+00:00,33,1,16337,11901.5,11905.25,11901.5,11903.25,82,NQ.v.0
2020-11-13 12:08:00+00:00,33,1,16337,11904.0,11905.0,11901.25,11902.5,86,NQ.v.0
2020-11-13 12:09:00+00:00,33,1,16337,11902.75,11906.0,11900.75,11901.5,95,NQ.v.0
2020-11-13 12:10:00+00:00,33,1,16337,11901.5,11901.5,11897.75,11899.5,97,NQ.v.0
2020-11-13 12:11:00+00:00,33,1,16337,11898.25,11901.0,11897.0,11900.5,96,NQ.v.0
2020-11-13 12:12:00+00:00,33,1,16337,11900.0,11906.0,11899.0,11904.75,152,NQ.v.0
2020-11-13 12:13:00+00:00,33,1,16337,11905.25,11905.5,11900.5,11903.0,102,NQ.v.0
2020-11-13 12:14:00+00:00,33,1,16337,11902.0,11904.0,11899.75,11899.75,96,NQ.v.0
2020-11-13 12:15:00+00:00,33,1,16337,11900.75,11903.0,11900.75,11901.75,44,NQ.v.0
2020-11-13 12:16:00+00:00,33,1,16337,11901.0,11906.25,11901.0,11904.5,65,NQ.v.0
2020-11-13 12:17:00+00:00,33,1,16337,11905.75,11906.5,11902.0,11902.75,70,NQ.v.0
2020-11-13 12:18:00+00:00,33,1,16337,11903.25,11907.25,11901.75,11906.5,120,NQ.v.0
2020-11-13 12:19:00+00:00,33,1,16337,11906.5,11907.25,11904.25,11905.25,63,NQ.v.0
2020-11-13 12:20:00+00:00,33,1,16337,11905.5,11907.5,11902.0,11902.75,123,NQ.v.0
2020-11-13 12:21:00+00:00,33,1,16337,11902.5,11905.75,11901.25,11904.75,120,NQ.v.0
2020-11-13 12:22:00+00:00,33,1,16337,11904.25,11908.25,11904.0,11908.0,116,NQ.v.0
2020-11-13 12:23:00+00:00,33,1,16337,11907.75,11918.0,11907.25,11914.25,369,NQ.v.0
2020-11-13 12:24:00+00:00,33,1,16337,11914.0,11916.75,11912.5,11916.0,102,NQ.v.0
2020-11-13 12:25:00+00:00,33,1,16337,11915.75,11918.0,11915.25,11915.75,189,NQ.v.0
2020-11-13 12:26:00+00:00,33,1,16337,11915.25,11918.0,11914.75,11917.0,73,NQ.v.0
2020-11-13 12:27:00+00:00,33,1,16337,11917.0,11917.0,11911.25,11913.25,136,NQ.v.0
2020-11-13 12:28:00+00:00,33,1,16337,11913.25,11915.0,11909.0,11909.5,105,NQ.v.0
2020-11-13 12:29:00+00:00,33,1,16337,11909.75,11913.0,11908.5,11912.25,105,NQ.v.0
2020-11-13 12:30:00+00:00,33,1,16337,11912.5,11914.75,11910.5,11914.0,62,NQ.v.0
2020-11-13 12:31:00+00:00,33,1,16337,11914.5,11916.0,11914.0,11915.0,66,NQ.v.0
2020-11-13 12:32:00+00:00,33,1,16337,11915.0,11916.0,11912.5,11913.75,81,NQ.v.0
2020-11-13 12:33:00+00:00,33,1,16337,11914.0,11914.25,11910.25,11911.75,95,NQ.v.0
2020-11-13 12:34:00+00:00,33,1,16337,11912.25,11919.25,11912.25,11917.25,133,NQ.v.0
2020-11-13 12:35:00+00:00,33,1,16337,11917.75,11918.5,11913.25,11914.25,108,NQ.v.0
2020-11-13 12:36:00+00:00,33,1,16337,11914.0,11917.0,11913.75,11914.0,68,NQ.v.0
2020-11-13 12:37:00+00:00,33,1,16337,11914.5,11914.5,11913.0,11914.25,38,NQ.v.0
2020-11-13 12:38:00+00:00,33,1,16337,11913.75,11915.0,11913.75,11914.75,18,NQ.v.0
2020-11-13 12:39:00+00:00,33,1,16337,11915.0,11915.25,11907.0,11907.0,160,NQ.v.0
2020-11-13 12:40:00+00:00,33,1,16337,11906.75,11911.75,11906.75,11911.5,86,NQ.v.0
2020-11-13 12:41:00+00:00,33,1,16337,11911.5,11912.0,11911.0,11911.0,24,NQ.v.0
2020-11-13 12:42:00+00:00,33,1,16337,11910.5,11911.0,11908.75,11909.75,60,NQ.v.0
2020-11-13 12:43:00+00:00,33,1,16337,11909.75,11914.0,11909.75,11913.25,62,NQ.v.0
2020-11-13 12:44:00+00:00,33,1,16337,11912.25,11912.5,11906.5,11907.0,78,NQ.v.0
2020-11-13 12:45:00+00:00,33,1,16337,11906.75,11906.75,11901.75,11902.5,206,NQ.v.0
2020-11-13 12:46:00+00:00,33,1,16337,11903.25,11903.25,11895.0,11898.5,298,NQ.v.0
2020-11-13 12:47:00+00:00,33,1,16337,11897.75,11899.0,11895.0,11895.75,115,NQ.v.0
2020-11-13 12:48:00+00:00,33,1,16337,11895.5,11897.0,11892.0,11895.25,167,NQ.v.0
2020-11-13 12:49:00+00:00,33,1,16337,11896.0,11896.5,11894.25,11895.25,60,NQ.v.0
2020-11-13 12:50:00+00:00,33,1,16337,11895.0,11898.75,11894.25,11898.0,93,NQ.v.0
2020-11-13 12:51:00+00:00,33,1,16337,11898.25,11899.75,11895.5,11895.75,161,NQ.v.0
2020-11-13 12:52:00+00:00,33,1,16337,11896.0,11896.5,11884.75,11890.0,469,NQ.v.0
2020-11-13 12:53:00+00:00,33,1,16337,11890.0,11893.5,11887.25,11888.5,217,NQ.v.0
2020-11-13 12:54:00+00:00,33,1,16337,11889.0,11891.25,11888.25,11890.5,52,NQ.v.0
2020-11-13 12:55:00+00:00,33,1,16337,11891.25,11892.25,11889.5,11890.5,59,NQ.v.0
2020-11-13 12:56:00+00:00,33,1,16337,11890.5,11892.75,11889.5,11890.25,60,NQ.v.0
2020-11-13 12:57:00+00:00,33,1,16337,11890.25,11892.0,11888.25,11890.75,110,NQ.v.0
2020-11-13 12:58:00+00:00,33,1,16337,11890.5,11891.25,11889.0,11890.0,108,NQ.v.0
2020-11-13 12:59:00+00:00,33,1,16337,11890.0,11892.25,11889.25,11892.25,89,NQ.v.0
2020-11-13 13:00:00+00:00,33,1,16337,11891.5,11898.25,11891.5,11894.5,259,NQ.v.0
2020-11-13 13:01:00+00:00,33,1,16337,11895.5,11899.5,11895.5,11898.5,178,NQ.v.0
2020-11-13 13:02:00+00:00,33,1,16337,11898.0,11901.75,11897.5,11897.5,202,NQ.v.0
2020-11-13 13:03:00+00:00,33,1,16337,11897.5,11898.5,11894.0,11896.75,109,NQ.v.0
2020-11-13 13:04:00+00:00,33,1,16337,11897.0,11902.0,11896.0,11901.0,225,NQ.v.0
2020-11-13 13:05:00+00:00,33,1,16337,11900.75,11903.0,11898.5,11899.0,118,NQ.v.0
2020-11-13 13:06:00+00:00,33,1,16337,11898.75,11906.5,11897.0,11905.75,261,NQ.v.0
2020-11-13 13:07:00+00:00,33,1,16337,11906.5,11907.75,11902.0,11903.5,280,NQ.v.0
2020-11-13 13:08:00+00:00,33,1,16337,11903.25,11905.25,11902.25,11903.25,107,NQ.v.0
2020-11-13 13:09:00+00:00,33,1,16337,11902.5,11903.0,11897.25,11898.25,139,NQ.v.0
2020-11-13 13:10:00+00:00,33,1,16337,11898.75,11901.75,11895.25,11901.25,169,NQ.v.0
2020-11-13 13:11:00+00:00,33,1,16337,11900.75,11902.25,11898.0,11901.5,89,NQ.v.0
2020-11-13 13:12:00+00:00,33,1,16337,11901.25,11901.25,11895.5,11897.25,123,NQ.v.0
2020-11-13 13:13:00+00:00,33,1,16337,11897.0,11899.25,11895.0,11899.25,64,NQ.v.0
2020-11-13 13:14:00+00:00,33,1,16337,11899.0,11901.0,11898.25,11899.0,58,NQ.v.0
2020-11-13 13:15:00+00:00,33,1,16337,11898.75,11900.0,11896.75,11898.75,50,NQ.v.0
2020-11-13 13:16:00+00:00,33,1,16337,11898.25,11901.75,11895.25,11901.25,127,NQ.v.0
2020-11-13 13:17:00+00:00,33,1,16337,11901.25,11904.0,11900.0,11902.75,84,NQ.v.0
2020-11-13 13:18:00+00:00,33,1,16337,11903.25,11903.25,11895.5,11898.75,171,NQ.v.0
2020-11-13 13:19:00+00:00,33,1,16337,11899.0,11900.25,11892.25,11894.0,161,NQ.v.0
2020-11-13 13:20:00+00:00,33,1,16337,11894.75,11897.25,11891.75,11894.75,171,NQ.v.0
2020-11-13 13:21:00+00:00,33,1,16337,11895.0,11896.0,11890.25,11895.0,168,NQ.v.0
2020-11-13 13:22:00+00:00,33,1,16337,11895.25,11895.75,11890.5,11893.5,89,NQ.v.0
2020-11-13 13:23:00+00:00,33,1,16337,11893.5,11894.75,11891.75,11894.25,92,NQ.v.0
2020-11-13 13:24:00+00:00,33,1,16337,11894.0,11899.5,11894.0,11899.0,212,NQ.v.0
2020-11-13 13:25:00+00:00,33,1,16337,11899.25,11899.75,11896.25,11899.0,107,NQ.v.0
2020-11-13 13:26:00+00:00,33,1,16337,11898.75,11902.25,11897.75,11900.75,510,NQ.v.0
2020-11-13 13:27:00+00:00,33,1,16337,11900.75,11903.75,11900.0,11903.5,732,NQ.v.0
2020-11-13 13:28:00+00:00,33,1,16337,11903.75,11909.0,11902.5,11907.0,403,NQ.v.0
2020-11-13 13:29:00+00:00,33,1,16337,11907.25,11907.75,11905.0,11905.5,619,NQ.v.0
2020-11-13 13:30:00+00:00,33,1,16337,11905.0,11914.0,11903.5,11910.5,405,NQ.v.0
2020-11-13 13:31:00+00:00,33,1,16337,11910.25,11913.25,11909.25,11912.0,528,NQ.v.0
2020-11-13 13:32:00+00:00,33,1,16337,11912.0,11912.25,11910.0,11912.0,448,NQ.v.0
2020-11-13 13:33:00+00:00,33,1,16337,11912.0,11912.25,11905.75,11906.75,172,NQ.v.0
2020-11-13 13:34:00+00:00,33,1,16337,11906.75,11907.0,11902.25,11902.75,178,NQ.v.0
2020-11-13 13:35:00+00:00,33,1,16337,11903.75,11904.75,11900.5,11901.0,203,NQ.v.0
2020-11-13 13:36:00+00:00,33,1,16337,11900.5,11900.75,11897.75,11900.25,301,NQ.v.0
2020-11-13 13:37:00+00:00,33,1,16337,11900.25,11903.75,11900.0,11901.25,892,NQ.v.0
2020-11-13 13:38:00+00:00,33,1,16337,11901.25,11903.25,11899.5,11903.25,1191,NQ.v.0
2020-11-13 13:39:00+00:00,33,1,16337,11903.5,11905.75,11903.25,11905.25,154,NQ.v.0
2020-11-13 13:40:00+00:00,33,1,16337,11905.0,11905.5,11899.0,11899.25,110,NQ.v.0
2020-11-13 13:41:00+00:00,33,1,16337,11899.75,11902.5,11899.0,11901.75,90,NQ.v.0
2020-11-13 13:42:00+00:00,33,1,16337,11902.0,11902.25,11897.5,11898.5,98,NQ.v.0
2020-11-13 13:43:00+00:00,33,1,16337,11898.75,11899.75,11897.75,11898.0,67,NQ.v.0
2020-11-13 13:44:00+00:00,33,1,16337,11898.25,11899.0,11895.0,11897.5,129,NQ.v.0
2020-11-13 13:45:00+00:00,33,1,16337,11897.5,11901.75,11895.75,11900.5,136,NQ.v.0
2020-11-13 13:46:00+00:00,33,1,16337,11900.75,11901.5,11899.0,11900.0,57,NQ.v.0
2020-11-13 13:47:00+00:00,33,1,16337,11899.25,11901.25,11898.0,11900.5,73,NQ.v.0
2020-11-13 13:48:00+00:00,33,1,16337,11900.25,11903.25,11896.25,11902.0,378,NQ.v.0
2020-11-13 13:49:00+00:00,33,1,16337,11902.0,11902.0,11899.5,11899.5,75,NQ.v.0
2020-11-13 13:50:00+00:00,33,1,16337,11898.5,11899.0,11897.0,11898.0,71,NQ.v.0
2020-11-13 13:51:00+00:00,33,1,16337,11897.5,11900.25,11896.75,11897.0,79,NQ.v.0
2020-11-13 13:52:00+00:00,33,1,16337,11898.5,11899.75,11896.0,11896.5,810,NQ.v.0
2020-11-13 13:53:00+00:00,33,1,16337,11896.25,11897.75,11896.0,11897.5,81,NQ.v.0
2020-11-13 13:54:00+00:00,33,1,16337,11897.25,11901.5,11897.25,11900.25,193,NQ.v.0
2020-11-13 13:55:00+00:00,33,1,16337,11900.25,11900.5,11890.25,11897.5,1219,NQ.v.0
2020-11-13 13:56:00+00:00,33,1,16337,11897.25,11898.25,11895.5,11896.5,1433,NQ.v.0
2020-11-13 13:57:00+00:00,33,1,16337,11896.5,11898.25,11894.0,11898.0,1581,NQ.v.0
2020-11-13 13:58:00+00:00,33,1,16337,11897.75,11900.5,11897.25,11899.5,482,NQ.v.0
2020-11-13 13:59:00+00:00,33,1,16337,11899.25,11902.25,11898.5,11901.0,169,NQ.v.0
2020-11-13 14:00:00+00:00,33,1,16337,11900.25,11901.75,11896.75,11897.25,170,NQ.v.0
2020-11-13 14:01:00+00:00,33,1,16337,11897.5,11901.0,11895.0,11900.25,123,NQ.v.0
2020-11-13 14:02:00+00:00,33,1,16337,11900.0,11901.75,11897.0,11901.0,108,NQ.v.0
2020-11-13 14:03:00+00:00,33,1,16337,11900.75,11901.75,11898.5,11899.5,75,NQ.v.0
2020-11-13 14:04:00+00:00,33,1,16337,11900.0,11900.75,11896.75,11897.5,1393,NQ.v.0
2020-11-13 14:05:00+00:00,33,1,16337,11897.75,11901.0,11896.0,11899.25,1359,NQ.v.0
2020-11-13 14:06:00+00:00,33,1,16337,11898.75,11900.25,11891.5,11894.0,481,NQ.v.0
2020-11-13 14:07:00+00:00,33,1,16337,11893.75,11893.75,11889.25,11893.0,249,NQ.v.0
2020-11-13 14:08:00+00:00,33,1,16337,11892.75,11893.0,11891.0,11892.0,122,NQ.v.0
2020-11-13 14:09:00+00:00,33,1,16337,11892.75,11895.5,11891.25,11894.0,174,NQ.v.0
2020-11-13 14:10:00+00:00,33,1,16337,11894.5,11895.5,11892.75,11893.5,168,NQ.v.0
2020-11-13 14:11:00+00:00,33,1,16337,11893.25,11894.25,11892.5,11893.5,156,NQ.v.0
2020-11-13 14:12:00+00:00,33,1,16337,11894.0,11899.25,11894.0,11897.0,2013,NQ.v.0
2020-11-13 14:13:00+00:00,33,1,16337,11897.0,11897.25,11893.5,11894.75,843,NQ.v.0
2020-11-13 14:14:00+00:00,33,1,16337,11895.0,11895.25,11892.5,11895.0,489,NQ.v.0
2020-11-13 14:15:00+00:00,33,1,16337,11895.0,11897.0,11894.0,11895.5,257,NQ.v.0
2020-11-13 14:16:00+00:00,33,1,16337,11894.5,11894.5,11892.0,11892.0,82,NQ.v.0
2020-11-13 14:17:00+00:00,33,1,16337,11891.75,11896.5,11891.25,11896.0,105,NQ.v.0
2020-11-13 14:18:00+00:00,33,1,16337,11895.25,11898.0,11895.0,11897.25,143,NQ.v.0
2020-11-13 14:19:00+00:00,33,1,16337,11897.75,11900.25,11897.0,11899.5,98,NQ.v.0
2020-11-13 14:20:00+00:00,33,1,16337,11899.0,11899.75,11896.5,11896.5,115,NQ.v.0
2020-11-13 14:21:00+00:00,33,1,16337,11897.0,11897.0,11893.75,11895.5,110,NQ.v.0
2020-11-13 14:22:00+00:00,33,1,16337,11895.75,11896.0,11893.75,11895.75,64,NQ.v.0
2020-11-13 14:23:00+00:00,33,1,16337,11895.25,11896.25,11894.5,11895.0,47,NQ.v.0
2020-11-13 14:24:00+00:00,33,1,16337,11895.0,11899.0,11895.0,11899.0,128,NQ.v.0
2020-11-13 14:25:00+00:00,33,1,16337,11898.5,11903.25,11892.75,11892.75,363,NQ.v.0
2020-11-13 14:26:00+00:00,33,1,16337,11893.25,11896.75,11892.5,11894.5,149,NQ.v.0
2020-11-13 14:27:00+00:00,33,1,16337,11894.25,11896.75,11893.0,11894.25,165,NQ.v.0
2020-11-13 14:28:00+00:00,33,1,16337,11895.0,11899.0,11891.0,11895.25,429,NQ.v.0
2020-11-13 14:29:00+00:00,33,1,16337,11895.75,11897.75,11889.5,11890.0,547,NQ.v.0
2020-11-13 14:30:00+00:00,33,1,16337,11889.75,11909.25,11886.5,11901.5,2643,NQ.v.0
2020-11-13 14:31:00+00:00,33,1,16337,11901.5,11906.75,11882.25,11887.5,2138,NQ.v.0
2020-11-13 14:32:00+00:00,33,1,16337,11888.0,11891.75,11876.5,11888.75,2701,NQ.v.0
2020-11-13 14:33:00+00:00,33,1,16337,11888.75,11899.25,11876.25,11878.0,2079,NQ.v.0
2020-11-13 14:34:00+00:00,33,1,16337,11878.0,11892.0,11876.25,11888.5,1742,NQ.v.0
2020-11-13 14:35:00+00:00,33,1,16337,11888.25,11889.0,11870.75,11879.75,2595,NQ.v.0
2020-11-13 14:36:00+00:00,33,1,16337,11879.75,11888.75,11875.0,11885.75,1465,NQ.v.0
2020-11-13 14:37:00+00:00,33,1,16337,11885.75,11912.25,11885.5,11911.25,2358,NQ.v.0
2020-11-13 14:38:00+00:00,33,1,16337,11911.25,11919.25,11908.5,11915.25,1611,NQ.v.0
2020-11-13 14:39:00+00:00,33,1,16337,11915.25,11916.75,11906.0,11911.5,1664,NQ.v.0
2020-11-13 14:40:00+00:00,33,1,16337,11911.0,11912.75,11900.75,11912.5,1380,NQ.v.0
2020-11-13 14:41:00+00:00,33,1,16337,11912.75,11923.75,11908.75,11917.5,1868,NQ.v.0
2020-11-13 14:42:00+00:00,33,1,16337,11917.5,11918.25,11907.25,11910.0,1581,NQ.v.0
2020-11-13 14:43:00+00:00,33,1,16337,11909.5,11912.25,11904.25,11911.0,1220,NQ.v.0
2020-11-13 14:44:00+00:00,33,1,16337,11911.25,11914.75,11905.25,11908.75,1079,NQ.v.0
2020-11-13 14:45:00+00:00,33,1,16337,11909.0,11916.0,11902.5,11913.0,1327,NQ.v.0
2020-11-13 14:46:00+00:00,33,1,16337,11912.75,11919.5,11912.5,11915.25,1086,NQ.v.0
2020-11-13 14:47:00+00:00,33,1,16337,11915.5,11918.5,11911.0,11911.0,801,NQ.v.0
2020-11-13 14:48:00+00:00,33,1,16337,11910.75,11915.25,11888.5,11889.0,2308,NQ.v.0
2020-11-13 14:49:00+00:00,33,1,16337,11889.5,11894.5,11883.25,11893.75,1437,NQ.v.0
2020-11-13 14:50:00+00:00,33,1,16337,11893.0,11894.5,11880.0,11884.5,1523,NQ.v.0
2020-11-13 14:51:00+00:00,33,1,16337,11884.5,11898.0,11883.25,11896.0,1279,NQ.v.0
2020-11-13 14:52:00+00:00,33,1,16337,11896.0,11901.75,11888.5,11900.75,1338,NQ.v.0
2020-11-13 14:53:00+00:00,33,1,16337,11900.25,11905.25,11896.5,11902.25,1150,NQ.v.0
2020-11-13 14:54:00+00:00,33,1,16337,11902.25,11903.75,11892.75,11900.75,1011,NQ.v.0
2020-11-13 14:55:00+00:00,33,1,16337,11900.75,11910.75,11898.75,11906.5,1388,NQ.v.0
2020-11-13 14:56:00+00:00,33,1,16337,11906.75,11914.0,11905.5,11908.5,1047,NQ.v.0
2020-11-13 14:57:00+00:00,33,1,16337,11908.75,11909.5,11901.25,11907.25,606,NQ.v.0
2020-11-13 14:58:00+00:00,33,1,16337,11907.5,11907.75,11892.25,11896.25,783,NQ.v.0
2020-11-13 14:59:00+00:00,33,1,16337,11896.0,11897.25,11881.75,11881.75,1077,NQ.v.0
2020-11-13 15:00:00+00:00,33,1,16337,11882.0,11887.25,11866.75,11869.75,2268,NQ.v.0
2020-11-13 15:01:00+00:00,33,1,16337,11869.5,11876.25,11863.0,11872.25,2184,NQ.v.0
2020-11-13 15:02:00+00:00,33,1,16337,11872.25,11877.25,11867.25,11867.5,1061,NQ.v.0
2020-11-13 15:03:00+00:00,33,1,16337,11867.75,11872.75,11861.0,11864.5,1087,NQ.v.0
2020-11-13 15:04:00+00:00,33,1,16337,11864.75,11868.75,11860.5,11863.75,1181,NQ.v.0
2020-11-13 15:05:00+00:00,33,1,16337,11863.5,11866.5,11857.0,11858.5,1248,NQ.v.0
2020-11-13 15:06:00+00:00,33,1,16337,11858.25,11871.5,11855.0,11870.75,1724,NQ.v.0
2020-11-13 15:07:00+00:00,33,1,16337,11870.0,11879.5,11866.25,11877.75,1492,NQ.v.0
2020-11-13 15:08:00+00:00,33,1,16337,11877.5,11879.75,11862.25,11866.75,1164,NQ.v.0
2020-11-13 15:09:00+00:00,33,1,16337,11866.5,11867.0,11857.0,11857.25,1091,NQ.v.0
2020-11-13 15:10:00+00:00,33,1,16337,11857.0,11858.75,11846.25,11850.0,1801,NQ.v.0
2020-11-13 15:11:00+00:00,33,1,16337,11850.25,11851.25,11839.25,11843.0,1648,NQ.v.0
2020-11-13 15:12:00+00:00,33,1,16337,11843.75,11853.25,11840.75,11849.25,1495,NQ.v.0
2020-11-13 15:13:00+00:00,33,1,16337,11849.25,11857.75,11849.25,11852.5,1204,NQ.v.0
2020-11-13 15:14:00+00:00,33,1,16337,11852.5,11861.25,11850.25,11854.0,1079,NQ.v.0
2020-11-13 15:15:00+00:00,33,1,16337,11853.75,11863.0,11850.0,11851.25,1194,NQ.v.0
2020-11-13 15:16:00+00:00,33,1,16337,11851.5,11857.25,11846.0,11854.5,1178,NQ.v.0
2020-11-13 15:17:00+00:00,33,1,16337,11854.25,11855.0,11834.0,11836.25,1806,NQ.v.0
2020-11-13 15:18:00+00:00,33,1,16337,11836.25,11843.0,11831.75,11841.0,1584,NQ.v.0
2020-11-13 15:19:00+00:00,33,1,16337,11840.5,11850.5,11838.75,11848.25,1212,NQ.v.0
2020-11-13 15:20:00+00:00,33,1,16337,11848.25,11857.75,11845.75,11854.75,1219,NQ.v.0
2020-11-13 15:21:00+00:00,33,1,16337,11854.0,11859.25,11851.25,11853.75,998,NQ.v.0
2020-11-13 15:22:00+00:00,33,1,16337,11853.75,11854.5,11847.75,11850.0,882,NQ.v.0
2020-11-13 15:23:00+00:00,33,1,16337,11850.0,11856.0,11847.5,11847.75,686,NQ.v.0
2020-11-13 15:24:00+00:00,33,1,16337,11848.5,11855.25,11846.0,11854.0,570,NQ.v.0
2020-11-13 15:25:00+00:00,33,1,16337,11853.5,11860.0,11849.25,11855.25,962,NQ.v.0
2020-11-13 15:26:00+00:00,33,1,16337,11855.25,11866.5,11852.0,11865.25,1077,NQ.v.0
2020-11-13 15:27:00+00:00,33,1,16337,11865.0,11870.5,11860.75,11866.5,1023,NQ.v.0
2020-11-13 15:28:00+00:00,33,1,16337,11866.75,11873.0,11865.0,11870.25,683,NQ.v.0
2020-11-13 15:29:00+00:00,33,1,16337,11870.75,11874.5,11868.5,11869.5,661,NQ.v.0
2020-11-13 15:30:00+00:00,33,1,16337,11869.25,11870.0,11862.25,11865.25,933,NQ.v.0
2020-11-13 15:31:00+00:00,33,1,16337,11864.75,11868.5,11858.25,11858.25,682,NQ.v.0
2020-11-13 15:32:00+00:00,33,1,16337,11858.0,11858.75,11846.0,11846.25,1108,NQ.v.0
2020-11-13 15:33:00+00:00,33,1,16337,11846.5,11852.25,11843.75,11848.5,839,NQ.v.0
2020-11-13 15:34:00+00:00,33,1,16337,11848.75,11853.0,11846.25,11847.25,650,NQ.v.0
2020-11-13 15:35:00+00:00,33,1,16337,11846.75,11847.25,11837.75,11840.5,1144,NQ.v.0
2020-11-13 15:36:00+00:00,33,1,16337,11840.5,11847.5,11832.5,11847.0,1368,NQ.v.0
2020-11-13 15:37:00+00:00,33,1,16337,11847.5,11849.0,11839.0,11841.0,1253,NQ.v.0
2020-11-13 15:38:00+00:00,33,1,16337,11841.0,11841.25,11829.5,11834.75,1959,NQ.v.0
2020-11-13 15:39:00+00:00,33,1,16337,11835.0,11836.5,11825.25,11829.0,2049,NQ.v.0
2020-11-13 15:40:00+00:00,33,1,16337,11828.75,11839.75,11823.25,11833.25,1602,NQ.v.0
2020-11-13 15:41:00+00:00,33,1,16337,11833.5,11842.75,11828.5,11842.25,1751,NQ.v.0
2020-11-13 15:42:00+00:00,33,1,16337,11842.25,11842.5,11833.25,11837.0,1605,NQ.v.0
2020-11-13 15:43:00+00:00,33,1,16337,11837.0,11846.0,11834.25,11839.0,1121,NQ.v.0
2020-11-13 15:44:00+00:00,33,1,16337,11838.75,11846.75,11838.25,11846.25,570,NQ.v.0
2020-11-13 15:45:00+00:00,33,1,16337,11845.75,11849.75,11841.5,11843.75,1022,NQ.v.0
2020-11-13 15:46:00+00:00,33,1,16337,11843.75,11843.75,11833.5,11841.0,1138,NQ.v.0
2020-11-13 15:47:00+00:00,33,1,16337,11841.25,11849.5,11839.5,11843.75,980,NQ.v.0
2020-11-13 15:48:00+00:00,33,1,16337,11843.5,11849.25,11842.25,11847.75,660,NQ.v.0
2020-11-13 15:49:00+00:00,33,1,16337,11847.25,11854.5,11845.5,11854.25,850,NQ.v.0
2020-11-13 15:50:00+00:00,33,1,16337,11854.0,11857.75,11846.75,11846.75,893,NQ.v.0
2020-11-13 15:51:00+00:00,33,1,16337,11846.5,11847.75,11835.0,11837.75,943,NQ.v.0
2020-11-13 15:52:00+00:00,33,1,16337,11837.25,11840.0,11830.5,11832.75,942,NQ.v.0
2020-11-13 15:53:00+00:00,33,1,16337,11832.25,11835.25,11829.25,11831.25,680,NQ.v.0
2020-11-13 15:54:00+00:00,33,1,16337,11831.5,11838.0,11828.0,11834.5,566,NQ.v.0
2020-11-13 15:55:00+00:00,33,1,16337,11835.25,11837.0,11820.75,11822.75,1084,NQ.v.0
2020-11-13 15:56:00+00:00,33,1,16337,11822.75,11824.0,11810.0,11811.0,1609,NQ.v.0
2020-11-13 15:57:00+00:00,33,1,16337,11811.0,11812.25,11801.75,11809.5,1907,NQ.v.0
2020-11-13 15:58:00+00:00,33,1,16337,11809.75,11812.0,11805.5,11807.0,804,NQ.v.0
2020-11-13 15:59:00+00:00,33,1,16337,11806.75,11821.25,11806.0,11818.5,1256,NQ.v.0
2020-11-13 16:00:00+00:00,33,1,16337,11818.75,11832.0,11818.5,11830.75,1253,NQ.v.0
2020-11-13 16:01:00+00:00,33,1,16337,11831.0,11836.75,11831.0,11833.5,897,NQ.v.0
2020-11-13 16:02:00+00:00,33,1,16337,11833.25,11836.0,11823.25,11827.75,1060,NQ.v.0
2020-11-13 16:03:00+00:00,33,1,16337,11828.0,11834.0,11823.0,11830.25,663,NQ.v.0
2020-11-13 16:04:00+00:00,33,1,16337,11829.75,11837.5,11828.0,11836.5,670,NQ.v.0
2020-11-13 16:05:00+00:00,33,1,16337,11836.25,11839.25,11830.75,11836.5,1648,NQ.v.0
2020-11-13 16:06:00+00:00,33,1,16337,11836.5,11849.0,11836.25,11847.0,1063,NQ.v.0
2020-11-13 16:07:00+00:00,33,1,16337,11846.75,11854.75,11845.75,11851.0,1010,NQ.v.0
2020-11-13 16:08:00+00:00,33,1,16337,11851.5,11854.25,11848.5,11849.5,666,NQ.v.0
2020-11-13 16:09:00+00:00,33,1,16337,11849.5,11851.0,11845.5,11846.75,581,NQ.v.0
2020-11-13 16:10:00+00:00,33,1,16337,11846.5,11846.75,11837.25,11838.5,752,NQ.v.0
2020-11-13 16:11:00+00:00,33,1,16337,11838.75,11848.25,11838.25,11846.0,466,NQ.v.0
2020-11-13 16:12:00+00:00,33,1,16337,11845.75,11846.5,11837.5,11840.25,414,NQ.v.0
2020-11-13 16:13:00+00:00,33,1,16337,11841.0,11844.75,11833.5,11833.75,569,NQ.v.0
2020-11-13 16:14:00+00:00,33,1,16337,11834.0,11842.0,11832.25,11839.25,783,NQ.v.0
2020-11-13 16:15:00+00:00,33,1,16337,11839.25,11853.25,11838.25,11847.75,1154,NQ.v.0
2020-11-13 16:16:00+00:00,33,1,16337,11848.25,11857.75,11846.25,11856.75,807,NQ.v.0
2020-11-13 16:17:00+00:00,33,1,16337,11857.0,11867.5,11856.75,11866.25,1274,NQ.v.0
2020-11-13 16:18:00+00:00,33,1,16337,11867.25,11868.5,11854.75,11860.0,1137,NQ.v.0
2020-11-13 16:19:00+00:00,33,1,16337,11860.0,11860.75,11854.5,11859.75,509,NQ.v.0
2020-11-13 16:20:00+00:00,33,1,16337,11859.75,11862.75,11855.0,11857.75,640,NQ.v.0
2020-11-13 16:21:00+00:00,33,1,16337,11857.25,11859.75,11853.5,11858.75,493,NQ.v.0
2020-11-13 16:22:00+00:00,33,1,16337,11858.25,11863.25,11855.25,11858.25,537,NQ.v.0
2020-11-13 16:23:00+00:00,33,1,16337,11858.5,11863.5,11857.0,11863.25,393,NQ.v.0
2020-11-13 16:24:00+00:00,33,1,16337,11863.0,11863.75,11856.75,11861.25,360,NQ.v.0
2020-11-13 16:25:00+00:00,33,1,16337,11861.0,11866.25,11843.5,11860.5,2600,NQ.v.0
2020-11-13 16:26:00+00:00,33,1,16337,11860.75,11866.25,11856.25,11858.25,793,NQ.v.0
2020-11-13 16:27:00+00:00,33,1,16337,11858.25,11862.75,11857.5,11860.75,396,NQ.v.0
2020-11-13 16:28:00+00:00,33,1,16337,11860.75,11861.25,11845.75,11847.25,761,NQ.v.0
2020-11-13 16:29:00+00:00,33,1,16337,11848.0,11852.5,11845.0,11846.5,669,NQ.v.0
2020-11-13 16:30:00+00:00,33,1,16337,11847.0,11851.5,11844.25,11848.25,639,NQ.v.0
2020-11-13 16:31:00+00:00,33,1,16337,11848.25,11849.0,11836.0,11836.5,1074,NQ.v.0
2020-11-13 16:32:00+00:00,33,1,16337,11836.75,11838.75,11831.25,11836.0,772,NQ.v.0
2020-11-13 16:33:00+00:00,33,1,16337,11835.75,11841.75,11834.0,11841.25,519,NQ.v.0
2020-11-13 16:34:00+00:00,33,1,16337,11840.5,11841.0,11831.75,11833.5,479,NQ.v.0
2020-11-13 16:35:00+00:00,33,1,16337,11832.75,11839.25,11829.0,11834.0,714,NQ.v.0
2020-11-13 16:36:00+00:00,33,1,16337,11833.75,11840.0,11831.25,11839.0,408,NQ.v.0
2020-11-13 16:37:00+00:00,33,1,16337,11839.25,11845.25,11838.0,11842.0,1519,NQ.v.0
2020-11-13 16:38:00+00:00,33,1,16337,11842.0,11847.25,11841.0,11846.75,1104,NQ.v.0
2020-11-13 16:39:00+00:00,33,1,16337,11846.5,11848.5,11840.25,11840.5,497,NQ.v.0
2020-11-13 16:40:00+00:00,33,1,16337,11840.5,11855.25,11840.5,11854.75,969,NQ.v.0
2020-11-13 16:41:00+00:00,33,1,16337,11854.25,11856.75,11850.0,11854.0,1603,NQ.v.0
2020-11-13 16:42:00+00:00,33,1,16337,11853.5,11860.0,11853.0,11859.25,566,NQ.v.0
2020-11-13 16:43:00+00:00,33,1,16337,11859.0,11862.25,11857.25,11860.25,620,NQ.v.0
2020-11-13 16:44:00+00:00,33,1,16337,11860.5,11860.5,11855.75,11856.75,475,NQ.v.0
2020-11-13 16:45:00+00:00,33,1,16337,11856.0,11861.0,11854.25,11856.0,599,NQ.v.0
2020-11-13 16:46:00+00:00,33,1,16337,11855.75,11864.25,11855.25,11859.0,708,NQ.v.0
2020-11-13 16:47:00+00:00,33,1,16337,11858.75,11862.5,11856.75,11862.0,295,NQ.v.0
2020-11-13 16:48:00+00:00,33,1,16337,11861.5,11863.25,11858.5,11862.5,313,NQ.v.0
2020-11-13 16:49:00+00:00,33,1,16337,11862.0,11866.5,11862.0,11866.0,558,NQ.v.0
2020-11-13 16:50:00+00:00,33,1,16337,11865.75,11871.25,11861.25,11870.25,733,NQ.v.0
2020-11-13 16:51:00+00:00,33,1,16337,11869.75,11872.25,11867.5,11869.25,640,NQ.v.0
2020-11-13 16:52:00+00:00,33,1,16337,11869.0,11869.0,11862.0,11866.75,499,NQ.v.0
2020-11-13 16:53:00+00:00,33,1,16337,11866.75,11868.25,11863.5,11866.75,308,NQ.v.0
2020-11-13 16:54:00+00:00,33,1,16337,11866.75,11869.25,11863.25,11866.5,300,NQ.v.0
2020-11-13 16:55:00+00:00,33,1,16337,11866.25,11879.0,11866.25,11878.25,969,NQ.v.0
2020-11-13 16:56:00+00:00,33,1,16337,11877.75,11884.0,11874.75,11882.0,1151,NQ.v.0
2020-11-13 16:57:00+00:00,33,1,16337,11881.5,11883.0,11871.5,11873.75,912,NQ.v.0
2020-11-13 16:58:00+00:00,33,1,16337,11873.25,11875.75,11871.0,11873.0,637,NQ.v.0
2020-11-13 16:59:00+00:00,33,1,16337,11872.5,11877.25,11872.25,11874.25,392,NQ.v.0
2020-11-13 17:00:00+00:00,33,1,16337,11874.5,11883.25,11874.5,11880.0,591,NQ.v.0
2020-11-13 17:01:00+00:00,33,1,16337,11880.25,11881.75,11876.25,11876.5,387,NQ.v.0
2020-11-13 17:02:00+00:00,33,1,16337,11877.25,11880.0,11872.5,11873.25,442,NQ.v.0
2020-11-13 17:03:00+00:00,33,1,16337,11873.5,11877.5,11872.25,11875.75,302,NQ.v.0
2020-11-13 17:04:00+00:00,33,1,16337,11875.0,11877.25,11873.0,11876.5,229,NQ.v.0
2020-11-13 17:05:00+00:00,33,1,16337,11876.75,11879.0,11873.0,11878.0,312,NQ.v.0
2020-11-13 17:06:00+00:00,33,1,16337,11877.5,11879.5,11873.0,11875.5,406,NQ.v.0
2020-11-13 17:07:00+00:00,33,1,16337,11875.25,11876.0,11868.5,11868.75,358,NQ.v.0
2020-11-13 17:08:00+00:00,33,1,16337,11868.75,11874.75,11868.5,11871.0,375,NQ.v.0
2020-11-13 17:09:00+00:00,33,1,16337,11870.75,11873.25,11868.5,11872.25,299,NQ.v.0
2020-11-13 17:10:00+00:00,33,1,16337,11872.5,11881.75,11871.75,11879.25,479,NQ.v.0
2020-11-13 17:11:00+00:00,33,1,16337,11880.25,11886.25,11877.75,11882.25,677,NQ.v.0
2020-11-13 17:12:00+00:00,33,1,16337,11882.5,11889.0,11882.5,11885.25,768,NQ.v.0
2020-11-13 17:13:00+00:00,33,1,16337,11885.25,11887.25,11882.25,11882.5,323,NQ.v.0
2020-11-13 17:14:00+00:00,33,1,16337,11882.25,11883.0,11878.0,11880.0,388,NQ.v.0
2020-11-13 17:15:00+00:00,33,1,16337,11880.0,11880.25,11871.25,11872.0,1338,NQ.v.0
2020-11-13 17:16:00+00:00,33,1,16337,11871.75,11874.0,11870.75,11871.75,1832,NQ.v.0
2020-11-13 17:17:00+00:00,33,1,16337,11871.75,11880.0,11871.5,11878.25,805,NQ.v.0
2020-11-13 17:18:00+00:00,33,1,16337,11878.5,11881.5,11876.75,11880.75,2635,NQ.v.0
2020-11-13 17:19:00+00:00,33,1,16337,11881.0,11883.0,11875.5,11877.5,718,NQ.v.0
2020-11-13 17:20:00+00:00,33,1,16337,11877.0,11878.75,11869.5,11877.5,523,NQ.v.0
2020-11-13 17:21:00+00:00,33,1,16337,11877.75,11877.75,11869.25,11871.0,338,NQ.v.0
2020-11-13 17:22:00+00:00,33,1,16337,11871.25,11875.0,11870.0,11870.25,328,NQ.v.0
2020-11-13 17:23:00+00:00,33,1,16337,11871.0,11872.75,11868.25,11871.0,306,NQ.v.0
2020-11-13 17:24:00+00:00,33,1,16337,11871.5,11872.25,11865.75,11870.5,608,NQ.v.0
2020-11-13 17:25:00+00:00,33,1,16337,11870.75,11877.0,11870.75,11876.75,348,NQ.v.0
2020-11-13 17:26:00+00:00,33,1,16337,11876.75,11882.75,11875.25,11881.0,442,NQ.v.0
2020-11-13 17:27:00+00:00,33,1,16337,11881.0,11883.25,11878.5,11883.0,321,NQ.v.0
2020-11-13 17:28:00+00:00,33,1,16337,11882.75,11885.0,11878.25,11879.25,296,NQ.v.0
2020-11-13 17:29:00+00:00,33,1,16337,11879.25,11879.5,11875.5,11877.0,283,NQ.v.0
2020-11-13 17:30:00+00:00,33,1,16337,11877.75,11880.0,11874.25,11875.75,326,NQ.v.0
2020-11-13 17:31:00+00:00,33,1,16337,11875.5,11879.25,11873.25,11877.5,211,NQ.v.0
2020-11-13 17:32:00+00:00,33,1,16337,11877.5,11879.25,11874.75,11875.25,298,NQ.v.0
2020-11-13 17:33:00+00:00,33,1,16337,11874.75,11878.0,11872.25,11876.0,192,NQ.v.0
2020-11-13 17:34:00+00:00,33,1,16337,11875.75,11877.5,11871.0,11874.25,249,NQ.v.0
2020-11-13 17:35:00+00:00,33,1,16337,11874.5,11877.25,11874.25,11875.0,153,NQ.v.0
2020-11-13 17:36:00+00:00,33,1,16337,11874.75,11877.25,11870.25,11871.5,287,NQ.v.0
2020-11-13 17:37:00+00:00,33,1,16337,11871.75,11879.75,11871.75,11878.5,256,NQ.v.0
2020-11-13 17:38:00+00:00,33,1,16337,11878.75,11881.25,11878.0,11879.75,275,NQ.v.0
2020-11-13 17:39:00+00:00,33,1,16337,11879.25,11881.75,11878.5,11881.5,279,NQ.v.0
2020-11-13 17:40:00+00:00,33,1,16337,11881.25,11887.5,11881.0,11885.25,499,NQ.v.0
2020-11-13 17:41:00+00:00,33,1,16337,11885.75,11888.5,11885.25,11885.75,343,NQ.v.0
2020-11-13 17:42:00+00:00,33,1,16337,11886.25,11891.5,11886.25,11889.0,511,NQ.v.0
2020-11-13 17:43:00+00:00,33,1,16337,11889.0,11892.5,11887.75,11891.75,363,NQ.v.0
2020-11-13 17:44:00+00:00,33,1,16337,11891.75,11894.25,11887.5,11888.75,475,NQ.v.0
2020-11-13 17:45:00+00:00,33,1,16337,11888.75,11891.25,11885.75,11888.0,307,NQ.v.0
2020-11-13 17:46:00+00:00,33,1,16337,11887.5,11890.75,11887.25,11890.25,165,NQ.v.0
2020-11-13 17:47:00+00:00,33,1,16337,11889.75,11890.0,11882.25,11885.5,294,NQ.v.0
2020-11-13 17:48:00+00:00,33,1,16337,11885.75,11891.0,11885.25,11889.0,349,NQ.v.0
2020-11-13 17:49:00+00:00,33,1,16337,11889.5,11895.5,11889.0,11894.0,620,NQ.v.0
2020-11-13 17:50:00+00:00,33,1,16337,11893.5,11894.5,11889.5,11893.0,369,NQ.v.0
2020-11-13 17:51:00+00:00,33,1,16337,11893.0,11896.0,11890.75,11891.0,400,NQ.v.0
2020-11-13 17:52:00+00:00,33,1,16337,11891.25,11892.5,11887.5,11892.5,295,NQ.v.0
2020-11-13 17:53:00+00:00,33,1,16337,11892.25,11894.75,11890.5,11892.0,264,NQ.v.0
2020-11-13 17:54:00+00:00,33,1,16337,11892.0,11892.25,11888.25,11889.75,176,NQ.v.0
2020-11-13 17:55:00+00:00,33,1,16337,11888.5,11894.0,11888.5,11893.75,268,NQ.v.0
2020-11-13 17:56:00+00:00,33,1,16337,11894.0,11894.5,11889.75,11892.0,139,NQ.v.0
2020-11-13 17:57:00+00:00,33,1,16337,11891.75,11893.5,11890.25,11893.0,143,NQ.v.0
2020-11-13 17:58:00+00:00,33,1,16337,11892.75,11897.75,11892.75,11896.25,534,NQ.v.0
2020-11-13 17:59:00+00:00,33,1,16337,11896.25,11900.75,11895.0,11899.0,531,NQ.v.0
2020-11-13 18:00:00+00:00,33,1,16337,11899.0,11904.0,11893.0,11896.0,944,NQ.v.0
2020-11-13 18:01:00+00:00,33,1,16337,11895.25,11898.0,11894.75,11896.75,343,NQ.v.0
2020-11-13 18:02:00+00:00,33,1,16337,11896.5,11900.5,11895.25,11899.5,254,NQ.v.0
2020-11-13 18:03:00+00:00,33,1,16337,11899.75,11900.0,11895.0,11895.5,216,NQ.v.0
2020-11-13 18:04:00+00:00,33,1,16337,11895.5,11897.25,11894.0,11897.25,280,NQ.v.0
2020-11-13 18:05:00+00:00,33,1,16337,11897.5,11899.5,11894.0,11896.5,310,NQ.v.0
2020-11-13 18:06:00+00:00,33,1,16337,11897.0,11897.5,11892.25,11895.0,190,NQ.v.0
2020-11-13 18:07:00+00:00,33,1,16337,11895.0,11898.25,11894.0,11896.5,261,NQ.v.0
2020-11-13 18:08:00+00:00,33,1,16337,11896.75,11897.0,11893.75,11894.5,145,NQ.v.0
2020-11-13 18:09:00+00:00,33,1,16337,11894.5,11896.0,11891.75,11894.25,206,NQ.v.0
2020-11-13 18:10:00+00:00,33,1,16337,11894.25,11897.75,11892.0,11892.25,293,NQ.v.0
2020-11-13 18:11:00+00:00,33,1,16337,11891.75,11893.25,11886.0,11893.0,982,NQ.v.0
2020-11-13 18:12:00+00:00,33,1,16337,11893.25,11898.5,11892.25,11895.0,332,NQ.v.0
2020-11-13 18:13:00+00:00,33,1,16337,11895.0,11897.0,11892.75,11893.75,279,NQ.v.0
2020-11-13 18:14:00+00:00,33,1,16337,11893.5,11894.25,11890.0,11890.5,253,NQ.v.0
2020-11-13 18:15:00+00:00,33,1,16337,11890.75,11892.75,11888.25,11890.75,195,NQ.v.0
2020-11-13 18:16:00+00:00,33,1,16337,11890.25,11891.25,11887.5,11888.5,201,NQ.v.0
2020-11-13 18:17:00+00:00,33,1,16337,11888.0,11889.75,11886.5,11888.75,2805,NQ.v.0
2020-11-13 18:18:00+00:00,33,1,16337,11889.0,11896.0,11888.75,11895.0,1033,NQ.v.0
2020-11-13 18:19:00+00:00,33,1,16337,11894.25,11895.0,11891.25,11892.75,976,NQ.v.0
2020-11-13 18:20:00+00:00,33,1,16337,11892.25,11898.25,11880.25,11881.25,1598,NQ.v.0
2020-11-13 18:21:00+00:00,33,1,16337,11881.5,11890.5,11881.5,11884.5,712,NQ.v.0
2020-11-13 18:22:00+00:00,33,1,16337,11884.25,11889.0,11883.75,11886.75,548,NQ.v.0
2020-11-13 18:23:00+00:00,33,1,16337,11886.75,11887.75,11885.0,11887.25,514,NQ.v.0
2020-11-13 18:24:00+00:00,33,1,16337,11887.25,11888.25,11884.5,11885.25,611,NQ.v.0
2020-11-13 18:25:00+00:00,33,1,16337,11885.25,11890.0,11883.0,11890.0,588,NQ.v.0
2020-11-13 18:26:00+00:00,33,1,16337,11890.25,11898.75,11890.0,11895.5,632,NQ.v.0
2020-11-13 18:27:00+00:00,33,1,16337,11895.75,11895.75,11889.75,11890.25,472,NQ.v.0
2020-11-13 18:28:00+00:00,33,1,16337,11890.0,11890.5,11880.5,11881.75,725,NQ.v.0
2020-11-13 18:29:00+00:00,33,1,16337,11882.0,11888.25,11882.0,11883.25,496,NQ.v.0
2020-11-13 18:30:00+00:00,33,1,16337,11883.5,11888.25,11882.5,11885.5,878,NQ.v.0
2020-11-13 18:31:00+00:00,33,1,16337,11885.25,11885.5,11875.75,11878.5,1048,NQ.v.0
2020-11-13 18:32:00+00:00,33,1,16337,11878.25,11883.0,11878.0,11879.25,727,NQ.v.0
2020-11-13 18:33:00+00:00,33,1,16337,11879.0,11879.25,11874.5,11876.0,428,NQ.v.0
2020-11-13 18:34:00+00:00,33,1,16337,11876.0,11879.25,11875.0,11876.75,250,NQ.v.0
2020-11-13 18:35:00+00:00,33,1,16337,11876.5,11877.75,11872.25,11873.25,440,NQ.v.0
2020-11-13 18:36:00+00:00,33,1,16337,11873.5,11876.5,11869.25,11870.75,458,NQ.v.0
2020-11-13 18:37:00+00:00,33,1,16337,11870.25,11873.75,11868.25,11872.5,449,NQ.v.0
2020-11-13 18:38:00+00:00,33,1,16337,11872.75,11875.5,11870.0,11872.0,385,NQ.v.0
2020-11-13 18:39:00+00:00,33,1,16337,11872.5,11876.25,11869.0,11869.0,446,NQ.v.0
2020-11-13 18:40:00+00:00,33,1,16337,11869.0,11870.25,11862.25,11869.0,1067,NQ.v.0
2020-11-13 18:41:00+00:00,33,1,16337,11869.25,11869.25,11863.0,11865.5,432,NQ.v.0
2020-11-13 18:42:00+00:00,33,1,16337,11866.0,11869.75,11863.25,11869.75,1248,NQ.v.0
2020-11-13 18:43:00+00:00,33,1,16337,11869.5,11870.0,11863.5,11865.5,900,NQ.v.0
2020-11-13 18:44:00+00:00,33,1,16337,11865.5,11870.25,11865.0,11867.0,423,NQ.v.0
2020-11-13 18:45:00+00:00,33,1,16337,11866.75,11873.0,11862.75,11872.25,832,NQ.v.0
2020-11-13 18:46:00+00:00,33,1,16337,11872.75,11876.0,11866.0,11868.5,2272,NQ.v.0
2020-11-13 18:47:00+00:00,33,1,16337,11868.5,11871.5,11867.75,11869.25,3143,NQ.v.0
2020-11-13 18:48:00+00:00,33,1,16337,11869.25,11870.5,11861.5,11869.75,1634,NQ.v.0
2020-11-13 18:49:00+00:00,33,1,16337,11869.0,11869.5,11862.0,11867.25,483,NQ.v.0
2020-11-13 18:50:00+00:00,33,1,16337,11867.25,11871.5,11866.5,11868.25,667,NQ.v.0
2020-11-13 18:51:00+00:00,33,1,16337,11868.0,11870.0,11864.5,11865.0,207,NQ.v.0
2020-11-13 18:52:00+00:00,33,1,16337,11865.0,11867.25,11863.0,11863.75,175,NQ.v.0
2020-11-13 18:53:00+00:00,33,1,16337,11863.75,11866.0,11862.5,11866.0,175,NQ.v.0
2020-11-13 18:54:00+00:00,33,1,16337,11865.0,11865.25,11861.75,11863.0,168,NQ.v.0
2020-11-13 18:55:00+00:00,33,1,16337,11862.75,11866.25,11858.75,11866.25,525,NQ.v.0
2020-11-13 18:56:00+00:00,33,1,16337,11865.25,11869.75,11865.0,11865.75,377,NQ.v.0
2020-11-13 18:57:00+00:00,33,1,16337,11865.5,11869.0,11864.25,11868.25,179,NQ.v.0
2020-11-13 18:58:00+00:00,33,1,16337,11869.0,11869.75,11864.75,11868.25,150,NQ.v.0
2020-11-13 18:59:00+00:00,33,1,16337,11868.0,11868.5,11862.5,11864.0,466,NQ.v.0
2020-11-13 19:00:00+00:00,33,1,16337,11863.25,11871.5,11861.0,11871.0,680,NQ.v.0
2020-11-13 19:01:00+00:00,33,1,16337,11871.0,11878.5,11870.75,11874.5,1081,NQ.v.0
2020-11-13 19:02:00+00:00,33,1,16337,11875.0,11876.25,11870.5,11872.25,358,NQ.v.0
2020-11-13 19:03:00+00:00,33,1,16337,11873.0,11877.75,11871.0,11875.5,704,NQ.v.0
2020-11-13 19:04:00+00:00,33,1,16337,11875.25,11878.5,11870.5,11872.75,656,NQ.v.0
2020-11-13 19:05:00+00:00,33,1,16337,11872.25,11877.0,11870.5,11875.75,2520,NQ.v.0
2020-11-13 19:06:00+00:00,33,1,16337,11876.0,11880.75,11875.0,11878.0,622,NQ.v.0
2020-11-13 19:07:00+00:00,33,1,16337,11877.75,11877.75,11871.75,11874.0,1068,NQ.v.0
2020-11-13 19:08:00+00:00,33,1,16337,11874.25,11874.75,11867.0,11870.0,1448,NQ.v.0
2020-11-13 19:09:00+00:00,33,1,16337,11870.5,11872.25,11864.75,11871.25,362,NQ.v.0
2020-11-13 19:10:00+00:00,33,1,16337,11871.0,11872.0,11861.75,11861.75,477,NQ.v.0
2020-11-13 19:11:00+00:00,33,1,16337,11861.75,11863.75,11850.25,11855.75,1470,NQ.v.0
2020-11-13 19:12:00+00:00,33,1,16337,11855.75,11860.0,11850.75,11852.0,672,NQ.v.0
2020-11-13 19:13:00+00:00,33,1,16337,11852.25,11858.5,11852.25,11854.75,591,NQ.v.0
2020-11-13 19:14:00+00:00,33,1,16337,11854.5,11860.75,11854.25,11856.0,457,NQ.v.0
2020-11-13 19:15:00+00:00,33,1,16337,11855.5,11855.5,11847.25,11851.0,534,NQ.v.0
2020-11-13 19:16:00+00:00,33,1,16337,11852.25,11855.75,11849.25,11851.5,403,NQ.v.0
2020-11-13 19:17:00+00:00,33,1,16337,11852.25,11862.25,11849.25,11861.75,670,NQ.v.0
2020-11-13 19:18:00+00:00,33,1,16337,11862.0,11869.75,11860.25,11867.75,914,NQ.v.0
2020-11-13 19:19:00+00:00,33,1,16337,11868.0,11869.75,11862.5,11869.75,518,NQ.v.0
2020-11-13 19:20:00+00:00,33,1,16337,11869.5,11884.75,11869.0,11883.75,1416,NQ.v.0
2020-11-13 19:21:00+00:00,33,1,16337,11884.0,11896.25,11882.75,11893.25,1722,NQ.v.0
2020-11-13 19:22:00+00:00,33,1,16337,11893.25,11893.25,11888.0,11890.25,655,NQ.v.0
2020-11-13 19:23:00+00:00,33,1,16337,11890.25,11893.0,11889.25,11889.25,353,NQ.v.0
2020-11-13 19:24:00+00:00,33,1,16337,11889.25,11890.25,11887.0,11888.5,387,NQ.v.0
2020-11-13 19:25:00+00:00,33,1,16337,11887.75,11888.0,11882.75,11884.25,393,NQ.v.0
2020-11-13 19:26:00+00:00,33,1,16337,11884.5,11885.75,11881.5,11884.75,347,NQ.v.0
2020-11-13 19:27:00+00:00,33,1,16337,11884.5,11886.25,11879.5,11882.5,330,NQ.v.0
2020-11-13 19:28:00+00:00,33,1,16337,11882.75,11886.0,11882.0,11882.0,268,NQ.v.0
2020-11-13 19:29:00+00:00,33,1,16337,11882.25,11884.75,11880.75,11882.75,272,NQ.v.0
2020-11-13 19:30:00+00:00,33,1,16337,11883.0,11886.25,11881.5,11884.5,430,NQ.v.0
2020-11-13 19:31:00+00:00,33,1,16337,11883.75,11885.25,11880.0,11882.25,335,NQ.v.0
2020-11-13 19:32:00+00:00,33,1,16337,11882.0,11884.0,11877.75,11879.5,318,NQ.v.0
2020-11-13 19:33:00+00:00,33,1,16337,11879.0,11881.75,11877.5,11880.5,244,NQ.v.0
2020-11-13 19:34:00+00:00,33,1,16337,11881.0,11881.75,11874.75,11876.0,284,NQ.v.0
2020-11-13 19:35:00+00:00,33,1,16337,11875.5,11880.75,11875.0,11880.25,272,NQ.v.0
2020-11-13 19:36:00+00:00,33,1,16337,11880.75,11884.0,11877.75,11882.75,272,NQ.v.0
2020-11-13 19:37:00+00:00,33,1,16337,11883.0,11884.5,11881.0,11881.5,229,NQ.v.0
2020-11-13 19:38:00+00:00,33,1,16337,11881.5,11889.75,11880.5,11889.0,453,NQ.v.0
2020-11-13 19:39:00+00:00,33,1,16337,11889.0,11892.0,11887.5,11889.25,414,NQ.v.0
2020-11-13 19:40:00+00:00,33,1,16337,11889.5,11892.5,11886.75,11890.0,352,NQ.v.0
2020-11-13 19:41:00+00:00,33,1,16337,11890.5,11891.75,11888.25,11890.25,190,NQ.v.0
2020-11-13 19:42:00+00:00,33,1,16337,11890.25,11891.0,11884.5,11887.0,298,NQ.v.0
2020-11-13 19:43:00+00:00,33,1,16337,11887.5,11889.5,11883.5,11885.25,278,NQ.v.0
2020-11-13 19:44:00+00:00,33,1,16337,11885.5,11890.0,11884.0,11887.5,316,NQ.v.0
2020-11-13 19:45:00+00:00,33,1,16337,11887.25,11889.5,11884.0,11887.5,286,NQ.v.0
2020-11-13 19:46:00+00:00,33,1,16337,11887.25,11889.5,11881.5,11883.0,292,NQ.v.0
2020-11-13 19:47:00+00:00,33,1,16337,11882.75,11888.75,11882.25,11887.0,266,NQ.v.0
2020-11-13 19:48:00+00:00,33,1,16337,11887.25,11891.25,11886.25,11886.75,222,NQ.v.0
2020-11-13 19:49:00+00:00,33,1,16337,11886.75,11887.0,11881.0,11882.5,314,NQ.v.0
2020-11-13 19:50:00+00:00,33,1,16337,11882.75,11887.5,11882.75,11884.0,342,NQ.v.0
2020-11-13 19:51:00+00:00,33,1,16337,11884.5,11888.25,11882.25,11887.0,203,NQ.v.0
2020-11-13 19:52:00+00:00,33,1,16337,11887.25,11889.5,11886.75,11887.5,164,NQ.v.0
2020-11-13 19:53:00+00:00,33,1,16337,11887.5,11892.0,11884.0,11888.75,907,NQ.v.0
2020-11-13 19:54:00+00:00,33,1,16337,11889.25,11891.75,11889.25,11890.5,2402,NQ.v.0
2020-11-13 19:55:00+00:00,33,1,16337,11890.25,11900.25,11890.0,11898.5,2764,NQ.v.0
2020-11-13 19:56:00+00:00,33,1,16337,11898.25,11899.75,11894.25,11898.0,584,NQ.v.0
2020-11-13 19:57:00+00:00,33,1,16337,11897.5,11897.5,11894.5,11897.0,265,NQ.v.0
2020-11-13 19:58:00+00:00,33,1,16337,11897.0,11907.0,11897.0,11906.25,1453,NQ.v.0
2020-11-13 19:59:00+00:00,33,1,16337,11906.25,11907.0,11900.75,11902.0,1256,NQ.v.0
2020-11-13 20:00:00+00:00,33,1,16337,11902.0,11904.5,11898.0,11900.0,1170,NQ.v.0
2020-11-13 20:01:00+00:00,33,1,16337,11900.0,11900.0,11893.25,11896.75,1080,NQ.v.0
2020-11-13 20:02:00+00:00,33,1,16337,11897.0,11907.75,11897.0,11900.75,921,NQ.v.0
2020-11-13 20:03:00+00:00,33,1,16337,11900.5,11901.5,11897.0,11898.5,363,NQ.v.0
2020-11-13 20:04:00+00:00,33,1,16337,11898.0,11901.0,11896.25,11899.25,540,NQ.v.0
2020-11-13 20:05:00+00:00,33,1,16337,11899.75,11902.75,11896.25,11898.25,589,NQ.v.0
2020-11-13 20:06:00+00:00,33,1,16337,11898.25,11903.75,11898.0,11903.0,514,NQ.v.0
2020-11-13 20:07:00+00:00,33,1,16337,11902.75,11905.0,11901.25,11902.75,1296,NQ.v.0
2020-11-13 20:08:00+00:00,33,1,16337,11902.5,11905.0,11900.0,11902.5,461,NQ.v.0
2020-11-13 20:09:00+00:00,33,1,16337,11902.25,11903.5,11898.5,11901.5,314,NQ.v.0
2020-11-13 20:10:00+00:00,33,1,16337,11901.5,11902.25,11895.25,11895.5,1557,NQ.v.0
2020-11-13 20:11:00+00:00,33,1,16337,11895.75,11899.0,11890.75,11892.75,1633,NQ.v.0
2020-11-13 20:12:00+00:00,33,1,16337,11893.0,11900.5,11892.75,11898.0,1807,NQ.v.0
2020-11-13 20:13:00+00:00,33,1,16337,11898.0,11900.75,11895.75,11897.75,562,NQ.v.0
2020-11-13 20:14:00+00:00,33,1,16337,11897.75,11904.5,11897.75,11902.25,1114,NQ.v.0
2020-11-13 20:15:00+00:00,33,1,16337,11902.75,11906.75,11899.25,11900.0,1015,NQ.v.0
2020-11-13 20:16:00+00:00,33,1,16337,11899.5,11900.25,11895.0,11895.0,361,NQ.v.0
2020-11-13 20:17:00+00:00,33,1,16337,11895.75,11897.0,11884.75,11886.25,758,NQ.v.0
2020-11-13 20:18:00+00:00,33,1,16337,11886.5,11897.25,11886.5,11896.25,3024,NQ.v.0
2020-11-13 20:19:00+00:00,33,1,16337,11896.25,11900.75,11894.25,11899.25,1329,NQ.v.0
2020-11-13 20:20:00+00:00,33,1,16337,11899.5,11901.25,11895.5,11899.25,1307,NQ.v.0
2020-11-13 20:21:00+00:00,33,1,16337,11899.5,11905.5,11897.5,11904.25,1454,NQ.v.0
2020-11-13 20:22:00+00:00,33,1,16337,11904.0,11912.75,11902.25,11908.25,915,NQ.v.0
2020-11-13 20:23:00+00:00,33,1,16337,11908.75,11908.75,11904.75,11906.5,1145,NQ.v.0
2020-11-13 20:24:00+00:00,33,1,16337,11906.75,11911.5,11904.75,11910.75,509,NQ.v.0
2020-11-13 20:25:00+00:00,33,1,16337,11910.75,11918.25,11909.75,11917.5,893,NQ.v.0
2020-11-13 20:26:00+00:00,33,1,16337,11918.0,11919.5,11916.0,11917.0,442,NQ.v.0
2020-11-13 20:27:00+00:00,33,1,16337,11917.0,11917.75,11910.25,11910.25,1140,NQ.v.0
2020-11-13 20:28:00+00:00,33,1,16337,11910.75,11920.0,11910.25,11916.75,746,NQ.v.0
2020-11-13 20:29:00+00:00,33,1,16337,11916.75,11918.0,11913.75,11915.0,424,NQ.v.0
2020-11-13 20:30:00+00:00,33,1,16337,11915.5,11923.0,11912.25,11922.25,831,NQ.v.0
2020-11-13 20:31:00+00:00,33,1,16337,11921.75,11935.25,11921.75,11935.0,1569,NQ.v.0
2020-11-13 20:32:00+00:00,33,1,16337,11935.25,11938.5,11924.25,11930.25,1825,NQ.v.0
2020-11-13 20:33:00+00:00,33,1,16337,11930.5,11931.5,11926.25,11931.0,552,NQ.v.0
2020-11-13 20:34:00+00:00,33,1,16337,11931.0,11933.75,11928.0,11928.75,1004,NQ.v.0
2020-11-13 20:35:00+00:00,33,1,16337,11928.75,11933.5,11925.5,11932.5,1335,NQ.v.0
2020-11-13 20:36:00+00:00,33,1,16337,11933.0,11937.5,11931.75,11936.5,1195,NQ.v.0
2020-11-13 20:37:00+00:00,33,1,16337,11936.5,11938.5,11934.25,11935.25,884,NQ.v.0
2020-11-13 20:38:00+00:00,33,1,16337,11935.75,11942.5,11935.0,11938.25,803,NQ.v.0
2020-11-13 20:39:00+00:00,33,1,16337,11938.25,11941.0,11934.5,11935.25,512,NQ.v.0
2020-11-13 20:40:00+00:00,33,1,16337,11935.5,11941.75,11934.0,11941.25,795,NQ.v.0
2020-11-13 20:41:00+00:00,33,1,16337,11941.0,11941.0,11936.5,11940.5,721,NQ.v.0
2020-11-13 20:42:00+00:00,33,1,16337,11940.25,11949.25,11940.25,11946.0,1039,NQ.v.0
2020-11-13 20:43:00+00:00,33,1,16337,11945.75,11951.75,11944.75,11948.75,819,NQ.v.0
2020-11-13 20:44:00+00:00,33,1,16337,11948.75,11951.5,11945.75,11948.75,606,NQ.v.0
2020-11-13 20:45:00+00:00,33,1,16337,11948.5,11952.75,11944.0,11946.75,771,NQ.v.0
2020-11-13 20:46:00+00:00,33,1,16337,11946.25,11947.25,11938.75,11941.75,760,NQ.v.0
2020-11-13 20:47:00+00:00,33,1,16337,11942.0,11944.75,11940.0,11941.5,406,NQ.v.0
2020-11-13 20:48:00+00:00,33,1,16337,11941.5,11943.0,11936.5,11938.0,570,NQ.v.0
2020-11-13 20:49:00+00:00,33,1,16337,11938.25,11938.75,11931.75,11933.75,843,NQ.v.0
2020-11-13 20:50:00+00:00,33,1,16337,11934.25,11944.25,11931.25,11943.5,1299,NQ.v.0
2020-11-13 20:51:00+00:00,33,1,16337,11942.75,11943.75,11932.25,11932.5,857,NQ.v.0
2020-11-13 20:52:00+00:00,33,1,16337,11932.75,11938.0,11932.25,11934.75,651,NQ.v.0
2020-11-13 20:53:00+00:00,33,1,16337,11934.5,11936.0,11927.75,11930.75,784,NQ.v.0
2020-11-13 20:54:00+00:00,33,1,16337,11931.0,11933.5,11926.75,11927.25,642,NQ.v.0
2020-11-13 20:55:00+00:00,33,1,16337,11927.5,11930.0,11925.0,11927.25,1075,NQ.v.0
2020-11-13 20:56:00+00:00,33,1,16337,11927.0,11929.75,11924.0,11925.5,1095,NQ.v.0
2020-11-13 20:57:00+00:00,33,1,16337,11925.5,11935.25,11923.5,11935.25,1152,NQ.v.0
2020-11-13 20:58:00+00:00,33,1,16337,11935.25,11942.75,11933.0,11942.75,1342,NQ.v.0
2020-11-13 20:59:00+00:00,33,1,16337,11943.0,11943.5,11926.5,11932.5,3556,NQ.v.0
2020-11-13 21:00:00+00:00,33,1,16337,11933.25,11940.0,11921.75,11934.75,1958,NQ.v.0
2020-11-13 21:01:00+00:00,33,1,16337,11934.5,11938.5,11931.5,11931.5,852,NQ.v.0
2020-11-13 21:02:00+00:00,33,1,16337,11932.0,11942.25,11930.25,11938.0,853,NQ.v.0
2020-11-13 21:03:00+00:00,33,1,16337,11938.0,11940.25,11934.75,11939.0,417,NQ.v.0
2020-11-13 21:04:00+00:00,33,1,16337,11938.75,11940.0,11933.5,11937.5,392,NQ.v.0
2020-11-13 21:05:00+00:00,33,1,16337,11937.5,11939.5,11936.0,11937.0,537,NQ.v.0
2020-11-13 21:06:00+00:00,33,1,16337,11936.5,11941.75,11936.5,11939.75,319,NQ.v.0
2020-11-13 21:07:00+00:00,33,1,16337,11939.75,11943.0,11938.25,11941.25,364,NQ.v.0
2020-11-13 21:08:00+00:00,33,1,16337,11941.5,11947.75,11941.25,11946.75,651,NQ.v.0
2020-11-13 21:09:00+00:00,33,1,16337,11946.5,11948.25,11944.5,11947.0,388,NQ.v.0
2020-11-13 21:10:00+00:00,33,1,16337,11947.25,11948.5,11939.75,11942.75,632,NQ.v.0
2020-11-13 21:11:00+00:00,33,1,16337,11943.0,11946.25,11942.0,11944.75,233,NQ.v.0
2020-11-13 21:12:00+00:00,33,1,16337,11944.75,11947.0,11944.0,11944.5,225,NQ.v.0
2020-11-13 21:13:00+00:00,33,1,16337,11944.5,11946.0,11941.25,11943.25,389,NQ.v.0
2020-11-13 21:14:00+00:00,33,1,16337,11943.0,11947.5,11941.0,11946.0,544,NQ.v.0
2020-11-13 21:30:00+00:00,33,1,16337,11945.25,11945.25,11938.0,11938.5,169,NQ.v.0
2020-11-13 21:31:00+00:00,33,1,16337,11938.5,11943.0,11937.75,11940.0,75,NQ.v.0
2020-11-13 21:32:00+00:00,33,1,16337,11940.0,11941.0,11938.0,11941.0,71,NQ.v.0
2020-11-13 21:33:00+00:00,33,1,16337,11941.0,11943.5,11941.0,11942.75,35,NQ.v.0
2020-11-13 21:34:00+00:00,33,1,16337,11941.75,11945.0,11941.75,11944.5,68,NQ.v.0
2020-11-13 21:35:00+00:00,33,1,16337,11944.25,11946.5,11944.25,11945.75,50,NQ.v.0
2020-11-13 21:36:00+00:00,33,1,16337,11945.25,11945.25,11943.5,11944.75,44,NQ.v.0
2020-11-13 21:37:00+00:00,33,1,16337,11944.75,11947.5,11944.25,11944.25,37,NQ.v.0
2020-11-13 21:38:00+00:00,33,1,16337,11944.0,11944.5,11943.25,11943.5,30,NQ.v.0
2020-11-13 21:39:00+00:00,33,1,16337,11943.25,11947.5,11941.75,11946.0,89,NQ.v.0
2020-11-13 21:40:00+00:00,33,1,16337,11946.25,11947.25,11945.5,11946.75,54,NQ.v.0
2020-11-13 21:41:00+00:00,33,1,16337,11946.5,11946.75,11941.25,11943.25,119,NQ.v.0
2020-11-13 21:42:00+00:00,33,1,16337,11944.0,11944.25,11942.75,11944.0,23,NQ.v.0
2020-11-13 21:43:00+00:00,33,1,16337,11943.75,11943.75,11941.75,11942.75,43,NQ.v.0
2020-11-13 21:44:00+00:00,33,1,16337,11942.75,11944.5,11942.25,11943.75,55,NQ.v.0
2020-11-13 21:45:00+00:00,33,1,16337,11944.5,11945.5,11943.75,11944.5,62,NQ.v.0
2020-11-13 21:46:00+00:00,33,1,16337,11944.25,11945.5,11944.25,11945.0,15,NQ.v.0
2020-11-13 21:47:00+00:00,33,1,16337,11945.0,11946.75,11943.75,11946.5,22,NQ.v.0
2020-11-13 21:48:00+00:00,33,1,16337,11946.5,11946.5,11944.5,11944.5,21,NQ.v.0
2020-11-13 21:49:00+00:00,33,1,16337,11945.25,11945.25,11943.0,11944.25,38,NQ.v.0
2020-11-13 21:50:00+00:00,33,1,16337,11944.5,11946.5,11943.0,11945.0,107,NQ.v.0
2020-11-13 21:51:00+00:00,33,1,16337,11944.75,11946.25,11944.5,11946.25,32,NQ.v.0
2020-11-13 21:52:00+00:00,33,1,16337,11946.0,11946.75,11945.0,11946.0,24,NQ.v.0
2020-11-13 21:53:00+00:00,33,1,16337,11946.25,11946.25,11946.0,11946.25,8,NQ.v.0
2020-11-13 21:54:00+00:00,33,1,16337,11946.25,11947.5,11946.0,11946.75,36,NQ.v.0
2020-11-13 21:55:00+00:00,33,1,16337,11946.25,11947.0,11942.75,11945.5,88,NQ.v.0
2020-11-13 21:56:00+00:00,33,1,16337,11945.5,11946.25,11945.5,11945.5,9,NQ.v.0
2020-11-13 21:57:00+00:00,33,1,16337,11945.25,11945.75,11943.75,11943.75,22,NQ.v.0
2020-11-13 21:58:00+00:00,33,1,16337,11944.0,11945.25,11943.25,11944.5,39,NQ.v.0
2020-11-13 21:59:00+00:00,33,1,16337,11944.75,11946.25,11943.75,11945.25,87,NQ.v.0
