timestamp,rtype,publisher_id,instrument_id,open,high,low,close,volume,symbol
2019-02-25 00:00:00+00:00,33,1,18720,2800.75,2801.25,2800.75,2801.25,216,ES.v.0
2019-02-25 00:01:00+00:00,33,1,18720,2801.25,2801.5,2800.5,2800.75,418,ES.v.0
2019-02-25 00:02:00+00:00,33,1,18720,2800.75,2800.75,2800.25,2800.25,115,ES.v.0
2019-02-25 00:03:00+00:00,33,1,18720,2800.5,2800.5,2799.75,2800.5,272,ES.v.0
2019-02-25 00:04:00+00:00,33,1,18720,2800.5,2800.75,2800.0,2800.5,123,ES.v.0
2019-02-25 00:05:00+00:00,33,1,18720,2800.75,2801.0,2800.75,2800.75,162,ES.v.0
2019-02-25 00:06:00+00:00,33,1,18720,2801.0,2801.25,2800.5,2800.5,306,ES.v.0
2019-02-25 00:07:00+00:00,33,1,18720,2800.75,2801.5,2800.75,2801.25,235,ES.v.0
2019-02-25 00:08:00+00:00,33,1,18720,2801.25,2801.25,2800.75,2801.0,151,ES.v.0
2019-02-25 00:09:00+00:00,33,1,18720,2801.25,2801.25,2800.75,2800.75,288,ES.v.0
2019-02-25 00:10:00+00:00,33,1,18720,2800.75,2801.0,2800.5,2800.75,72,ES.v.0
2019-02-25 00:11:00+00:00,33,1,18720,2801.0,2801.0,2800.5,2801.0,82,ES.v.0
2019-02-25 00:12:00+00:00,33,1,18720,2801.0,2801.0,2800.75,2800.75,63,ES.v.0
2019-02-25 00:13:00+00:00,33,1,18720,2800.75,2800.75,2799.75,2799.75,321,ES.v.0
2019-02-25 00:14:00+00:00,33,1,18720,2799.75,2799.75,2799.25,2799.25,137,ES.v.0
2019-02-25 00:15:00+00:00,33,1,18720,2799.25,2799.5,2799.0,2799.0,247,ES.v.0
2019-02-25 00:16:00+00:00,33,1,18720,2799.0,2799.25,2799.0,2799.0,80,ES.v.0
2019-02-25 00:17:00+00:00,33,1,18720,2799.0,2799.0,2798.5,2798.75,273,ES.v.0
2019-02-25 00:18:00+00:00,33,1,18720,2798.75,2799.25,2798.5,2799.0,113,ES.v.0
2019-02-25 00:19:00+00:00,33,1,18720,2799.25,2799.25,2799.0,2799.25,95,ES.v.0
2019-02-25 00:20:00+00:00,33,1,18720,2799.25,2799.25,2799.0,2799.0,200,ES.v.0
2019-02-25 00:21:00+00:00,33,1,18720,2798.75,2799.0,2798.75,2799.0,14,ES.v.0
2019-02-25 00:22:00+00:00,33,1,18720,2799.0,2799.25,2799.0,2799.25,123,ES.v.0
2019-02-25 00:23:00+00:00,33,1,18720,2799.5,2799.75,2799.5,2799.5,159,ES.v.0
2019-02-25 00:24:00+00:00,33,1,18720,2799.5,2800.0,2799.5,2799.75,265,ES.v.0
2019-02-25 00:25:00+00:00,33,1,18720,2799.75,2799.75,2799.5,2799.75,46,ES.v.0
2019-02-25 00:26:00+00:00,33,1,18720,2799.75,2799.75,2799.5,2799.75,23,ES.v.0
2019-02-25 00:27:00+00:00,33,1,18720,2799.75,2799.75,2799.25,2799.5,131,ES.v.0
2019-02-25 00:29:00+00:00,33,1,18720,2799.75,2800.0,2799.75,2799.75,47,ES.v.0
2019-02-25 00:30:00+00:00,33,1,18720,2800.0,2800.0,2799.5,2800.0,199,ES.v.0
2019-02-25 00:31:00+00:00,33,1,18720,2799.75,2800.25,2799.75,2800.25,233,ES.v.0
2019-02-25 00:32:00+00:00,33,1,18720,2800.0,2800.25,2800.0,2800.25,107,ES.v.0
2019-02-25 00:33:00+00:00,33,1,18720,2800.0,2801.0,2800.0,2800.5,382,ES.v.0
2019-02-25 00:34:00+00:00,33,1,18720,2800.5,2801.0,2800.5,2800.75,123,ES.v.0
2019-02-25 00:35:00+00:00,33,1,18720,2800.75,2801.0,2800.75,2801.0,61,ES.v.0
2019-02-25 00:36:00+00:00,33,1,18720,2801.0,2801.0,2800.75,2801.0,64,ES.v.0
2019-02-25 00:37:00+00:00,33,1,18720,2801.0,2801.0,2800.5,2800.5,73,ES.v.0
2019-02-25 00:38:00+00:00,33,1,18720,2800.5,2801.0,2800.5,2801.0,118,ES.v.0
2019-02-25 00:39:00+00:00,33,1,18720,2800.75,2800.75,2800.5,2800.75,104,ES.v.0
2019-02-25 00:40:00+00:00,33,1,18720,2800.75,2800.75,2800.5,2800.5,59,ES.v.0
2019-02-25 00:41:00+00:00,33,1,18720,2800.75,2800.75,2800.5,2800.5,11,ES.v.0
2019-02-25 00:42:00+00:00,33,1,18720,2800.5,2800.5,2800.25,2800.5,68,ES.v.0
2019-02-25 00:43:00+00:00,33,1,18720,2800.5,2801.0,2800.5,2801.0,91,ES.v.0
2019-02-25 00:44:00+00:00,33,1,18720,2800.75,2800.75,2800.25,2800.5,56,ES.v.0
2019-02-25 00:45:00+00:00,33,1,18720,2800.5,2800.5,2800.25,2800.5,96,ES.v.0
2019-02-25 00:46:00+00:00,33,1,18720,2800.75,2801.0,2800.75,2801.0,99,ES.v.0
2019-02-25 00:47:00+00:00,33,1,18720,2801.0,2801.25,2801.0,2801.0,169,ES.v.0
2019-02-25 00:48:00+00:00,33,1,18720,2801.0,2801.25,2800.75,2801.0,141,ES.v.0
2019-02-25 00:49:00+00:00,33,1,18720,2801.0,2801.0,2800.75,2800.75,96,ES.v.0
2019-02-25 00:50:00+00:00,33,1,18720,2800.75,2801.0,2800.5,2801.0,54,ES.v.0
2019-02-25 00:51:00+00:00,33,1,18720,2801.0,2801.0,2800.5,2800.75,47,ES.v.0
2019-02-25 00:52:00+00:00,33,1,18720,2800.75,2800.75,2800.75,2800.75,8,ES.v.0
2019-02-25 00:53:00+00:00,33,1,18720,2800.75,2800.75,2800.5,2800.75,60,ES.v.0
2019-02-25 00:54:00+00:00,33,1,18720,2800.75,2800.75,2800.75,2800.75,89,ES.v.0
2019-02-25 00:55:00+00:00,33,1,18720,2800.75,2800.75,2800.5,2800.5,83,ES.v.0
2019-02-25 00:56:00+00:00,33,1,18720,2800.5,2800.5,2800.5,2800.5,66,ES.v.0
2019-02-25 00:57:00+00:00,33,1,18720,2800.75,2800.75,2800.25,2800.25,198,ES.v.0
2019-02-25 00:58:00+00:00,33,1,18720,2800.25,2800.5,2800.25,2800.5,104,ES.v.0
2019-02-25 00:59:00+00:00,33,1,18720,2800.5,2800.5,2800.5,2800.5,50,ES.v.0
2019-02-25 01:00:00+00:00,33,1,18720,2800.5,2800.5,2800.25,2800.5,23,ES.v.0
2019-02-25 01:01:00+00:00,33,1,18720,2800.5,2800.5,2799.75,2800.0,227,ES.v.0
2019-02-25 01:02:00+00:00,33,1,18720,2799.75,2800.0,2799.5,2799.75,163,ES.v.0
2019-02-25 01:03:00+00:00,33,1,18720,2800.0,2800.5,2799.75,2800.5,266,ES.v.0
2019-02-25 01:04:00+00:00,33,1,18720,2800.25,2800.5,2800.25,2800.25,61,ES.v.0
2019-02-25 01:05:00+00:00,33,1,18720,2800.25,2800.5,2800.25,2800.5,168,ES.v.0
2019-02-25 01:06:00+00:00,33,1,18720,2800.25,2800.75,2800.25,2800.5,32,ES.v.0
2019-02-25 01:07:00+00:00,33,1,18720,2800.5,2800.75,2800.5,2800.75,54,ES.v.0
2019-02-25 01:08:00+00:00,33,1,18720,2800.75,2800.75,2800.5,2800.75,222,ES.v.0
2019-02-25 01:09:00+00:00,33,1,18720,2800.75,2800.75,2800.5,2800.5,20,ES.v.0
2019-02-25 01:10:00+00:00,33,1,18720,2800.75,2800.75,2800.5,2800.5,54,ES.v.0
2019-02-25 01:11:00+00:00,33,1,18720,2800.5,2800.5,2800.5,2800.5,45,ES.v.0
2019-02-25 01:12:00+00:00,33,1,18720,2800.75,2800.75,2800.5,2800.5,4,ES.v.0
2019-02-25 01:13:00+00:00,33,1,18720,2800.5,2800.75,2800.5,2800.5,113,ES.v.0
2019-02-25 01:14:00+00:00,33,1,18720,2800.75,2800.75,2800.5,2800.5,137,ES.v.0
2019-02-25 01:15:00+00:00,33,1,18720,2800.75,2801.0,2800.5,2800.5,306,ES.v.0
2019-02-25 01:16:00+00:00,33,1,18720,2800.25,2800.5,2800.0,2800.25,159,ES.v.0
2019-02-25 01:17:00+00:00,33,1,18720,2800.25,2800.75,2800.25,2800.5,132,ES.v.0
2019-02-25 01:18:00+00:00,33,1,18720,2800.25,2800.5,2800.0,2800.25,126,ES.v.0
2019-02-25 01:19:00+00:00,33,1,18720,2800.25,2800.5,2800.0,2800.25,63,ES.v.0
2019-02-25 01:20:00+00:00,33,1,18720,2800.25,2800.5,2800.0,2800.0,154,ES.v.0
2019-02-25 01:21:00+00:00,33,1,18720,2800.25,2800.25,2800.0,2800.25,63,ES.v.0
2019-02-25 01:22:00+00:00,33,1,18720,2800.0,2800.5,2800.0,2800.25,121,ES.v.0
2019-02-25 01:23:00+00:00,33,1,18720,2800.0,2800.25,2800.0,2800.25,28,ES.v.0
2019-02-25 01:24:00+00:00,33,1,18720,2800.0,2800.0,2799.75,2800.0,117,ES.v.0
2019-02-25 01:25:00+00:00,33,1,18720,2799.75,2800.25,2799.75,2800.0,335,ES.v.0
2019-02-25 01:26:00+00:00,33,1,18720,2800.0,2800.5,2800.0,2800.5,95,ES.v.0
2019-02-25 01:27:00+00:00,33,1,18720,2800.75,2801.0,2800.5,2801.0,74,ES.v.0
2019-02-25 01:28:00+00:00,33,1,18720,2801.0,2801.0,2800.75,2800.75,271,ES.v.0
2019-02-25 01:29:00+00:00,33,1,18720,2801.0,2801.25,2800.75,2801.25,108,ES.v.0
2019-02-25 01:30:00+00:00,33,1,18720,2801.25,2801.75,2801.0,2801.75,481,ES.v.0
2019-02-25 01:31:00+00:00,33,1,18720,2801.75,2801.75,2801.5,2801.75,429,ES.v.0
2019-02-25 01:32:00+00:00,33,1,18720,2801.5,2801.75,2801.25,2801.25,256,ES.v.0
2019-02-25 01:33:00+00:00,33,1,18720,2801.25,2801.25,2801.0,2801.25,118,ES.v.0
2019-02-25 01:34:00+00:00,33,1,18720,2801.0,2801.5,2801.0,2801.5,47,ES.v.0
2019-02-25 01:35:00+00:00,33,1,18720,2801.5,2801.5,2800.5,2800.5,183,ES.v.0
2019-02-25 01:36:00+00:00,33,1,18720,2800.75,2801.0,2800.25,2800.25,227,ES.v.0
2019-02-25 01:37:00+00:00,33,1,18720,2800.5,2801.0,2800.0,2801.0,292,ES.v.0
2019-02-25 01:38:00+00:00,33,1,18720,2801.0,2801.25,2801.0,2801.25,78,ES.v.0
2019-02-25 01:39:00+00:00,33,1,18720,2801.25,2801.75,2801.25,2801.25,357,ES.v.0
2019-02-25 01:40:00+00:00,33,1,18720,2801.25,2801.75,2801.0,2801.5,91,ES.v.0
2019-02-25 01:41:00+00:00,33,1,18720,2801.5,2802.0,2801.5,2801.75,205,ES.v.0
2019-02-25 01:42:00+00:00,33,1,18720,2801.75,2802.0,2801.5,2802.0,164,ES.v.0
2019-02-25 01:43:00+00:00,33,1,18720,2801.75,2802.25,2801.75,2802.25,302,ES.v.0
2019-02-25 01:44:00+00:00,33,1,18720,2802.5,2802.5,2801.75,2802.25,401,ES.v.0
2019-02-25 01:45:00+00:00,33,1,18720,2802.25,2802.25,2802.0,2802.25,290,ES.v.0
2019-02-25 01:46:00+00:00,33,1,18720,2802.25,2802.5,2802.0,2802.25,172,ES.v.0
2019-02-25 01:47:00+00:00,33,1,18720,2802.25,2802.5,2802.25,2802.5,117,ES.v.0
2019-02-25 01:48:00+00:00,33,1,18720,2802.25,2802.25,2802.0,2802.0,120,ES.v.0
2019-02-25 01:49:00+00:00,33,1,18720,2802.25,2802.25,2801.75,2802.0,88,ES.v.0
2019-02-25 01:50:00+00:00,33,1,18720,2802.0,2802.0,2801.5,2801.75,378,ES.v.0
2019-02-25 01:51:00+00:00,33,1,18720,2801.75,2802.0,2801.0,2801.5,360,ES.v.0
2019-02-25 01:52:00+00:00,33,1,18720,2801.25,2801.25,2800.75,2801.0,169,ES.v.0
2019-02-25 01:53:00+00:00,33,1,18720,2801.0,2801.0,2800.25,2800.5,179,ES.v.0
2019-02-25 01:54:00+00:00,33,1,18720,2800.5,2800.75,2800.25,2800.5,182,ES.v.0
2019-02-25 01:55:00+00:00,33,1,18720,2800.25,2800.5,2800.0,2800.25,233,ES.v.0
2019-02-25 01:56:00+00:00,33,1,18720,2800.0,2800.25,2799.25,2799.25,1049,ES.v.0
2019-02-25 01:57:00+00:00,33,1,18720,2799.5,2799.75,2799.0,2799.75,394,ES.v.0
2019-02-25 01:58:00+00:00,33,1,18720,2799.5,2799.75,2799.25,2799.5,353,ES.v.0
2019-02-25 01:59:00+00:00,33,1,18720,2799.75,2799.75,2799.25,2799.5,189,ES.v.0
2019-02-25 02:00:00+00:00,33,1,18720,2799.75,2800.0,2799.25,2800.0,212,ES.v.0
2019-02-25 02:01:00+00:00,33,1,18720,2800.0,2800.25,2800.0,2800.0,330,ES.v.0
2019-02-25 02:02:00+00:00,33,1,18720,2799.75,2799.75,2799.5,2799.75,151,ES.v.0
2019-02-25 02:03:00+00:00,33,1,18720,2799.75,2800.5,2799.75,2800.5,65,ES.v.0
2019-02-25 02:04:00+00:00,33,1,18720,2800.5,2800.75,2800.25,2800.25,153,ES.v.0
2019-02-25 02:05:00+00:00,33,1,18720,2800.5,2800.75,2800.25,2800.5,133,ES.v.0
2019-02-25 02:06:00+00:00,33,1,18720,2800.5,2800.5,2800.0,2800.25,121,ES.v.0
2019-02-25 02:07:00+00:00,33,1,18720,2800.25,2800.5,2800.0,2800.0,81,ES.v.0
2019-02-25 02:08:00+00:00,33,1,18720,2800.0,2800.5,2800.0,2800.25,152,ES.v.0
2019-02-25 02:09:00+00:00,33,1,18720,2800.25,2800.75,2800.25,2800.5,102,ES.v.0
2019-02-25 02:10:00+00:00,33,1,18720,2800.5,2800.5,2800.25,2800.25,58,ES.v.0
2019-02-25 02:11:00+00:00,33,1,18720,2800.25,2800.5,2800.25,2800.5,77,ES.v.0
2019-02-25 02:12:00+00:00,33,1,18720,2800.5,2800.5,2800.0,2800.25,236,ES.v.0
2019-02-25 02:13:00+00:00,33,1,18720,2800.0,2800.5,2800.0,2800.5,112,ES.v.0
2019-02-25 02:14:00+00:00,33,1,18720,2800.5,2800.5,2800.5,2800.5,158,ES.v.0
2019-02-25 02:15:00+00:00,33,1,18720,2800.5,2800.5,2800.25,2800.5,125,ES.v.0
2019-02-25 02:16:00+00:00,33,1,18720,2800.5,2800.5,2800.0,2800.0,109,ES.v.0
2019-02-25 02:17:00+00:00,33,1,18720,2800.0,2800.25,2800.0,2800.25,38,ES.v.0
2019-02-25 02:18:00+00:00,33,1,18720,2800.25,2800.5,2800.25,2800.25,79,ES.v.0
2019-02-25 02:19:00+00:00,33,1,18720,2800.0,2800.25,2800.0,2800.0,101,ES.v.0
2019-02-25 02:20:00+00:00,33,1,18720,2800.25,2800.5,2800.25,2800.25,186,ES.v.0
2019-02-25 02:21:00+00:00,33,1,18720,2800.25,2800.25,2799.75,2800.0,130,ES.v.0
2019-02-25 02:22:00+00:00,33,1,18720,2800.0,2800.25,2800.0,2800.0,62,ES.v.0
2019-02-25 02:23:00+00:00,33,1,18720,2800.0,2800.0,2800.0,2800.0,78,ES.v.0
2019-02-25 02:24:00+00:00,33,1,18720,2799.75,2800.0,2799.5,2800.0,410,ES.v.0
2019-02-25 02:25:00+00:00,33,1,18720,2800.25,2800.25,2800.0,2800.25,126,ES.v.0
2019-02-25 02:26:00+00:00,33,1,18720,2800.25,2800.25,2800.25,2800.25,74,ES.v.0
2019-02-25 02:27:00+00:00,33,1,18720,2800.25,2800.5,2799.75,2800.5,293,ES.v.0
2019-02-25 02:28:00+00:00,33,1,18720,2800.25,2801.0,2800.25,2801.0,198,ES.v.0
2019-02-25 02:29:00+00:00,33,1,18720,2801.0,2801.25,2800.75,2801.25,313,ES.v.0
2019-02-25 02:30:00+00:00,33,1,18720,2801.25,2801.25,2800.75,2801.0,232,ES.v.0
2019-02-25 02:31:00+00:00,33,1,18720,2801.0,2801.0,2800.5,2800.5,57,ES.v.0
2019-02-25 02:32:00+00:00,33,1,18720,2800.75,2800.75,2800.5,2800.5,76,ES.v.0
2019-02-25 02:33:00+00:00,33,1,18720,2800.5,2801.0,2800.25,2800.5,107,ES.v.0
2019-02-25 02:34:00+00:00,33,1,18720,2800.5,2800.5,2800.25,2800.25,180,ES.v.0
2019-02-25 02:35:00+00:00,33,1,18720,2800.25,2800.25,2799.75,2799.75,247,ES.v.0
2019-02-25 02:36:00+00:00,33,1,18720,2799.75,2799.75,2799.25,2799.25,285,ES.v.0
2019-02-25 02:37:00+00:00,33,1,18720,2799.5,2799.5,2798.5,2798.5,633,ES.v.0
2019-02-25 02:38:00+00:00,33,1,18720,2798.25,2798.5,2796.5,2796.75,1491,ES.v.0
2019-02-25 02:39:00+00:00,33,1,18720,2796.5,2797.25,2796.25,2797.0,395,ES.v.0
2019-02-25 02:40:00+00:00,33,1,18720,2797.0,2797.0,2796.0,2796.0,561,ES.v.0
2019-02-25 02:41:00+00:00,33,1,18720,2796.0,2796.5,2795.75,2796.0,397,ES.v.0
2019-02-25 02:42:00+00:00,33,1,18720,2796.0,2796.5,2795.25,2795.25,596,ES.v.0
2019-02-25 02:43:00+00:00,33,1,18720,2795.5,2795.75,2794.75,2795.75,822,ES.v.0
2019-02-25 02:44:00+00:00,33,1,18720,2795.5,2796.25,2795.25,2795.25,406,ES.v.0
2019-02-25 02:45:00+00:00,33,1,18720,2795.25,2795.5,2795.0,2795.25,617,ES.v.0
2019-02-25 02:46:00+00:00,33,1,18720,2795.0,2795.75,2794.5,2795.5,408,ES.v.0
2019-02-25 02:47:00+00:00,33,1,18720,2795.5,2795.75,2795.25,2795.5,329,ES.v.0
2019-02-25 02:48:00+00:00,33,1,18720,2795.5,2795.75,2795.0,2795.5,284,ES.v.0
2019-02-25 02:49:00+00:00,33,1,18720,2795.25,2795.75,2795.25,2795.5,168,ES.v.0
2019-02-25 02:50:00+00:00,33,1,18720,2795.25,2796.25,2795.0,2796.25,307,ES.v.0
2019-02-25 02:51:00+00:00,33,1,18720,2796.25,2796.5,2796.0,2796.5,140,ES.v.0
2019-02-25 02:52:00+00:00,33,1,18720,2796.5,2796.5,2796.0,2796.25,154,ES.v.0
2019-02-25 02:53:00+00:00,33,1,18720,2796.5,2796.75,2796.25,2796.5,102,ES.v.0
2019-02-25 02:54:00+00:00,33,1,18720,2796.5,2796.75,2796.25,2796.75,83,ES.v.0
2019-02-25 02:55:00+00:00,33,1,18720,2796.75,2797.0,2796.5,2797.0,181,ES.v.0
2019-02-25 02:56:00+00:00,33,1,18720,2796.75,2797.0,2796.5,2796.75,65,ES.v.0
2019-02-25 02:57:00+00:00,33,1,18720,2796.5,2796.75,2796.25,2796.75,111,ES.v.0
2019-02-25 02:58:00+00:00,33,1,18720,2796.5,2797.0,2796.5,2796.75,37,ES.v.0
2019-02-25 02:59:00+00:00,33,1,18720,2796.5,2796.75,2796.5,2796.75,84,ES.v.0
2019-02-25 03:00:00+00:00,33,1,18720,2797.0,2797.0,2796.25,2796.75,110,ES.v.0
2019-02-25 03:01:00+00:00,33,1,18720,2796.75,2796.75,2796.25,2796.5,333,ES.v.0
2019-02-25 03:02:00+00:00,33,1,18720,2796.5,2796.5,2796.25,2796.25,105,ES.v.0
2019-02-25 03:03:00+00:00,33,1,18720,2796.25,2796.75,2796.25,2796.75,108,ES.v.0
2019-02-25 03:04:00+00:00,33,1,18720,2796.75,2797.0,2796.5,2796.75,87,ES.v.0
2019-02-25 03:05:00+00:00,33,1,18720,2797.0,2797.25,2796.75,2797.0,122,ES.v.0
2019-02-25 03:06:00+00:00,33,1,18720,2797.0,2797.25,2796.75,2797.0,153,ES.v.0
2019-02-25 03:07:00+00:00,33,1,18720,2797.25,2797.25,2796.75,2796.75,191,ES.v.0
2019-02-25 03:08:00+00:00,33,1,18720,2797.0,2797.25,2796.75,2797.25,165,ES.v.0
2019-02-25 03:09:00+00:00,33,1,18720,2797.0,2797.25,2797.0,2797.0,42,ES.v.0
2019-02-25 03:10:00+00:00,33,1,18720,2797.25,2797.25,2797.0,2797.0,138,ES.v.0
2019-02-25 03:11:00+00:00,33,1,18720,2797.0,2797.25,2796.75,2797.0,62,ES.v.0
2019-02-25 03:12:00+00:00,33,1,18720,2797.25,2797.25,2797.0,2797.25,186,ES.v.0
2019-02-25 03:13:00+00:00,33,1,18720,2797.25,2797.25,2797.0,2797.0,75,ES.v.0
2019-02-25 03:14:00+00:00,33,1,18720,2797.0,2797.25,2797.0,2797.25,16,ES.v.0
2019-02-25 03:15:00+00:00,33,1,18720,2797.25,2797.25,2797.0,2797.25,101,ES.v.0
2019-02-25 03:16:00+00:00,33,1,18720,2797.25,2797.25,2797.0,2797.25,59,ES.v.0
2019-02-25 03:17:00+00:00,33,1,18720,2797.25,2797.5,2797.25,2797.5,46,ES.v.0
2019-02-25 03:18:00+00:00,33,1,18720,2797.5,2797.75,2797.25,2797.5,128,ES.v.0
2019-02-25 03:19:00+00:00,33,1,18720,2797.5,2797.5,2797.25,2797.5,177,ES.v.0
2019-02-25 03:20:00+00:00,33,1,18720,2797.5,2797.75,2797.25,2797.75,105,ES.v.0
2019-02-25 03:21:00+00:00,33,1,18720,2797.75,2797.75,2797.5,2797.75,172,ES.v.0
2019-02-25 03:22:00+00:00,33,1,18720,2797.5,2797.75,2797.5,2797.5,55,ES.v.0
2019-02-25 03:23:00+00:00,33,1,18720,2797.5,2797.75,2797.5,2797.5,78,ES.v.0
2019-02-25 03:24:00+00:00,33,1,18720,2797.5,2797.5,2797.25,2797.25,151,ES.v.0
2019-02-25 03:25:00+00:00,33,1,18720,2797.25,2797.75,2797.25,2797.5,234,ES.v.0
2019-02-25 03:26:00+00:00,33,1,18720,2797.5,2797.5,2797.25,2797.25,39,ES.v.0
2019-02-25 03:27:00+00:00,33,1,18720,2797.5,2797.5,2797.0,2797.0,158,ES.v.0
2019-02-25 03:28:00+00:00,33,1,18720,2797.0,2797.5,2797.0,2797.25,212,ES.v.0
2019-02-25 03:29:00+00:00,33,1,18720,2797.25,2797.5,2797.25,2797.25,170,ES.v.0
2019-02-25 03:30:00+00:00,33,1,18720,2797.5,2797.75,2797.25,2797.25,428,ES.v.0
2019-02-25 03:31:00+00:00,33,1,18720,2797.25,2797.5,2797.0,2797.5,53,ES.v.0
2019-02-25 03:32:00+00:00,33,1,18720,2797.25,2797.5,2797.25,2797.25,33,ES.v.0
2019-02-25 03:33:00+00:00,33,1,18720,2797.25,2797.25,2797.0,2797.25,58,ES.v.0
2019-02-25 03:34:00+00:00,33,1,18720,2797.0,2797.0,2796.75,2797.0,159,ES.v.0
2019-02-25 03:35:00+00:00,33,1,18720,2797.0,2797.25,2797.0,2797.0,59,ES.v.0
2019-02-25 03:36:00+00:00,33,1,18720,2797.0,2797.0,2796.75,2796.75,120,ES.v.0
2019-02-25 03:37:00+00:00,33,1,18720,2796.5,2797.25,2796.5,2797.25,65,ES.v.0
2019-02-25 03:38:00+00:00,33,1,18720,2797.25,2797.5,2797.25,2797.5,80,ES.v.0
2019-02-25 03:39:00+00:00,33,1,18720,2797.5,2797.5,2797.0,2797.0,100,ES.v.0
2019-02-25 03:40:00+00:00,33,1,18720,2797.0,2797.25,2796.75,2796.75,62,ES.v.0
2019-02-25 03:41:00+00:00,33,1,18720,2797.0,2797.0,2796.75,2796.75,10,ES.v.0
2019-02-25 03:42:00+00:00,33,1,18720,2797.0,2797.25,2796.75,2797.25,86,ES.v.0
2019-02-25 03:43:00+00:00,33,1,18720,2797.0,2797.25,2797.0,2797.25,60,ES.v.0
2019-02-25 03:44:00+00:00,33,1,18720,2797.25,2797.25,2797.0,2797.25,27,ES.v.0
2019-02-25 03:45:00+00:00,33,1,18720,2797.25,2797.5,2797.0,2797.5,55,ES.v.0
2019-02-25 03:46:00+00:00,33,1,18720,2797.25,2797.5,2797.25,2797.25,8,ES.v.0
2019-02-25 03:47:00+00:00,33,1,18720,2797.5,2797.5,2797.25,2797.25,16,ES.v.0
2019-02-25 03:48:00+00:00,33,1,18720,2797.25,2797.75,2797.25,2797.75,192,ES.v.0
2019-02-25 03:49:00+00:00,33,1,18720,2797.75,2797.75,2797.5,2797.75,142,ES.v.0
2019-02-25 03:50:00+00:00,33,1,18720,2797.75,2798.0,2797.5,2797.5,39,ES.v.0
2019-02-25 03:51:00+00:00,33,1,18720,2797.5,2798.25,2797.25,2798.0,491,ES.v.0
2019-02-25 03:52:00+00:00,33,1,18720,2798.0,2798.0,2797.5,2797.5,74,ES.v.0
2019-02-25 03:53:00+00:00,33,1,18720,2797.5,2797.75,2797.5,2797.75,110,ES.v.0
2019-02-25 03:54:00+00:00,33,1,18720,2797.75,2797.75,2797.5,2797.5,104,ES.v.0
2019-02-25 03:55:00+00:00,33,1,18720,2797.5,2797.75,2797.5,2797.5,26,ES.v.0
2019-02-25 03:56:00+00:00,33,1,18720,2797.5,2797.75,2797.25,2797.75,58,ES.v.0
2019-02-25 03:57:00+00:00,33,1,18720,2797.5,2797.75,2797.5,2797.5,4,ES.v.0
2019-02-25 03:58:00+00:00,33,1,18720,2797.75,2797.75,2797.5,2797.5,56,ES.v.0
2019-02-25 03:59:00+00:00,33,1,18720,2797.5,2797.5,2797.25,2797.5,18,ES.v.0
2019-02-25 04:00:00+00:00,33,1,18720,2797.5,2797.5,2797.25,2797.5,7,ES.v.0
2019-02-25 04:01:00+00:00,33,1,18720,2797.25,2797.5,2797.25,2797.25,19,ES.v.0
2019-02-25 04:02:00+00:00,33,1,18720,2797.5,2797.5,2797.5,2797.5,11,ES.v.0
2019-02-25 04:03:00+00:00,33,1,18720,2797.75,2798.0,2797.75,2797.75,114,ES.v.0
2019-02-25 04:04:00+00:00,33,1,18720,2798.0,2798.0,2798.0,2798.0,104,ES.v.0
2019-02-25 04:05:00+00:00,33,1,18720,2797.75,2797.75,2797.75,2797.75,6,ES.v.0
2019-02-25 04:06:00+00:00,33,1,18720,2797.75,2797.75,2797.75,2797.75,2,ES.v.0
2019-02-25 04:07:00+00:00,33,1,18720,2797.75,2797.75,2797.25,2797.5,201,ES.v.0
2019-02-25 04:08:00+00:00,33,1,18720,2797.5,2797.5,2797.5,2797.5,4,ES.v.0
2019-02-25 04:09:00+00:00,33,1,18720,2797.5,2797.75,2797.5,2797.75,56,ES.v.0
2019-02-25 04:10:00+00:00,33,1,18720,2797.75,2797.75,2797.5,2797.75,143,ES.v.0
2019-02-25 04:11:00+00:00,33,1,18720,2797.5,2797.75,2797.5,2797.75,86,ES.v.0
2019-02-25 04:12:00+00:00,33,1,18720,2797.5,2797.75,2797.5,2797.75,24,ES.v.0
2019-02-25 04:13:00+00:00,33,1,18720,2797.5,2797.5,2797.5,2797.5,2,ES.v.0
2019-02-25 04:14:00+00:00,33,1,18720,2797.75,2797.75,2797.5,2797.75,4,ES.v.0
2019-02-25 04:15:00+00:00,33,1,18720,2797.75,2797.75,2797.5,2797.5,130,ES.v.0
2019-02-25 04:16:00+00:00,33,1,18720,2797.5,2797.75,2797.5,2797.75,4,ES.v.0
2019-02-25 04:17:00+00:00,33,1,18720,2797.5,2797.75,2797.5,2797.75,5,ES.v.0
2019-02-25 04:18:00+00:00,33,1,18720,2797.5,2797.5,2797.5,2797.5,4,ES.v.0
2019-02-25 04:19:00+00:00,33,1,18720,2797.5,2797.75,2797.5,2797.75,9,ES.v.0
2019-02-25 04:20:00+00:00,33,1,18720,2797.75,2797.75,2797.5,2797.5,4,ES.v.0
2019-02-25 04:21:00+00:00,33,1,18720,2797.5,2797.5,2797.5,2797.5,41,ES.v.0
2019-02-25 04:22:00+00:00,33,1,18720,2797.25,2797.5,2797.25,2797.5,10,ES.v.0
2019-02-25 04:23:00+00:00,33,1,18720,2797.25,2797.25,2797.25,2797.25,4,ES.v.0
2019-02-25 04:24:00+00:00,33,1,18720,2797.25,2797.5,2797.25,2797.5,106,ES.v.0
2019-02-25 04:25:00+00:00,33,1,18720,2797.5,2797.5,2797.5,2797.5,36,ES.v.0
2019-02-25 04:26:00+00:00,33,1,18720,2797.5,2797.5,2797.5,2797.5,21,ES.v.0
2019-02-25 04:27:00+00:00,33,1,18720,2797.5,2797.5,2797.5,2797.5,54,ES.v.0
2019-02-25 04:28:00+00:00,33,1,18720,2797.75,2797.75,2797.5,2797.5,4,ES.v.0
2019-02-25 04:29:00+00:00,33,1,18720,2797.5,2797.75,2797.5,2797.5,71,ES.v.0
2019-02-25 04:30:00+00:00,33,1,18720,2797.5,2797.5,2797.5,2797.5,1,ES.v.0
2019-02-25 04:31:00+00:00,33,1,18720,2797.75,2797.75,2797.5,2797.5,45,ES.v.0
2019-02-25 04:32:00+00:00,33,1,18720,2797.75,2797.75,2797.5,2797.5,242,ES.v.0
2019-02-25 04:33:00+00:00,33,1,18720,2797.5,2797.5,2797.5,2797.5,4,ES.v.0
2019-02-25 04:34:00+00:00,33,1,18720,2797.75,2797.75,2797.75,2797.75,5,ES.v.0
2019-02-25 04:35:00+00:00,33,1,18720,2797.5,2797.5,2797.25,2797.25,79,ES.v.0
2019-02-25 04:36:00+00:00,33,1,18720,2797.5,2797.5,2797.25,2797.25,7,ES.v.0
2019-02-25 04:37:00+00:00,33,1,18720,2797.25,2797.5,2797.25,2797.25,104,ES.v.0
2019-02-25 04:38:00+00:00,33,1,18720,2797.25,2797.25,2796.5,2796.75,256,ES.v.0
2019-02-25 04:39:00+00:00,33,1,18720,2796.5,2796.5,2796.0,2796.5,373,ES.v.0
2019-02-25 04:40:00+00:00,33,1,18720,2796.5,2796.5,2796.5,2796.5,88,ES.v.0
2019-02-25 04:41:00+00:00,33,1,18720,2796.5,2796.75,2796.5,2796.75,84,ES.v.0
2019-02-25 04:42:00+00:00,33,1,18720,2797.0,2797.25,2796.75,2797.25,65,ES.v.0
2019-02-25 04:43:00+00:00,33,1,18720,2797.25,2797.5,2797.25,2797.5,58,ES.v.0
2019-02-25 04:44:00+00:00,33,1,18720,2797.25,2797.5,2797.25,2797.5,51,ES.v.0
2019-02-25 04:45:00+00:00,33,1,18720,2797.25,2797.5,2797.25,2797.5,10,ES.v.0
2019-02-25 04:46:00+00:00,33,1,18720,2797.25,2797.5,2797.25,2797.5,7,ES.v.0
2019-02-25 04:47:00+00:00,33,1,18720,2797.25,2797.5,2797.25,2797.25,10,ES.v.0
2019-02-25 04:48:00+00:00,33,1,18720,2797.5,2797.75,2797.25,2797.75,29,ES.v.0
2019-02-25 04:49:00+00:00,33,1,18720,2797.75,2797.75,2797.5,2797.75,12,ES.v.0
2019-02-25 04:50:00+00:00,33,1,18720,2797.5,2797.75,2797.5,2797.75,11,ES.v.0
2019-02-25 04:51:00+00:00,33,1,18720,2797.75,2798.0,2797.75,2798.0,50,ES.v.0
2019-02-25 04:52:00+00:00,33,1,18720,2798.0,2798.0,2797.75,2798.0,3,ES.v.0
2019-02-25 04:53:00+00:00,33,1,18720,2797.75,2798.0,2797.75,2798.0,53,ES.v.0
2019-02-25 04:54:00+00:00,33,1,18720,2798.0,2798.0,2798.0,2798.0,16,ES.v.0
2019-02-25 04:55:00+00:00,33,1,18720,2798.0,2798.25,2798.0,2798.25,27,ES.v.0
2019-02-25 04:56:00+00:00,33,1,18720,2798.25,2798.25,2798.0,2798.25,87,ES.v.0
2019-02-25 04:57:00+00:00,33,1,18720,2798.25,2798.5,2798.25,2798.25,37,ES.v.0
2019-02-25 04:58:00+00:00,33,1,18720,2798.5,2798.5,2798.25,2798.25,237,ES.v.0
2019-02-25 04:59:00+00:00,33,1,18720,2798.5,2798.5,2798.25,2798.5,28,ES.v.0
2019-02-25 05:00:00+00:00,33,1,18720,2798.5,2799.0,2798.5,2799.0,615,ES.v.0
2019-02-25 05:01:00+00:00,33,1,18720,2799.0,2799.0,2798.75,2798.75,135,ES.v.0
2019-02-25 05:02:00+00:00,33,1,18720,2798.75,2799.0,2798.75,2799.0,71,ES.v.0
2019-02-25 05:03:00+00:00,33,1,18720,2799.0,2799.25,2799.0,2799.25,91,ES.v.0
2019-02-25 05:04:00+00:00,33,1,18720,2799.25,2799.25,2799.25,2799.25,12,ES.v.0
2019-02-25 05:05:00+00:00,33,1,18720,2799.25,2799.25,2798.75,2799.0,56,ES.v.0
2019-02-25 05:06:00+00:00,33,1,18720,2799.0,2799.0,2798.75,2799.0,13,ES.v.0
2019-02-25 05:07:00+00:00,33,1,18720,2798.75,2799.0,2798.75,2799.0,58,ES.v.0
2019-02-25 05:08:00+00:00,33,1,18720,2799.0,2799.0,2798.5,2798.75,96,ES.v.0
2019-02-25 05:09:00+00:00,33,1,18720,2798.5,2798.75,2798.0,2798.75,208,ES.v.0
2019-02-25 05:10:00+00:00,33,1,18720,2798.75,2799.0,2798.75,2799.0,82,ES.v.0
2019-02-25 05:11:00+00:00,33,1,18720,2799.0,2799.25,2798.75,2798.75,52,ES.v.0
2019-02-25 05:12:00+00:00,33,1,18720,2799.0,2799.25,2798.75,2799.0,100,ES.v.0
2019-02-25 05:13:00+00:00,33,1,18720,2799.0,2799.0,2798.25,2798.25,141,ES.v.0
2019-02-25 05:14:00+00:00,33,1,18720,2798.5,2798.5,2798.0,2798.0,108,ES.v.0
2019-02-25 05:15:00+00:00,33,1,18720,2798.25,2798.5,2798.0,2798.25,66,ES.v.0
2019-02-25 05:16:00+00:00,33,1,18720,2798.25,2798.25,2798.0,2798.25,20,ES.v.0
2019-02-25 05:17:00+00:00,33,1,18720,2798.0,2798.25,2798.0,2798.0,48,ES.v.0
2019-02-25 05:18:00+00:00,33,1,18720,2798.0,2798.5,2798.0,2798.5,104,ES.v.0
2019-02-25 05:19:00+00:00,33,1,18720,2798.5,2798.5,2798.25,2798.5,61,ES.v.0
2019-02-25 05:20:00+00:00,33,1,18720,2798.5,2798.5,2798.25,2798.25,45,ES.v.0
2019-02-25 05:21:00+00:00,33,1,18720,2798.25,2798.5,2798.25,2798.5,8,ES.v.0
2019-02-25 05:22:00+00:00,33,1,18720,2798.25,2798.75,2798.25,2798.5,60,ES.v.0
2019-02-25 05:23:00+00:00,33,1,18720,2798.5,2798.5,2798.25,2798.25,73,ES.v.0
2019-02-25 05:24:00+00:00,33,1,18720,2798.25,2798.5,2798.0,2798.5,33,ES.v.0
2019-02-25 05:25:00+00:00,33,1,18720,2798.25,2798.25,2798.25,2798.25,51,ES.v.0
2019-02-25 05:26:00+00:00,33,1,18720,2798.25,2798.25,2798.0,2798.25,25,ES.v.0
2019-02-25 05:27:00+00:00,33,1,18720,2798.25,2798.25,2798.25,2798.25,47,ES.v.0
2019-02-25 05:28:00+00:00,33,1,18720,2798.5,2798.5,2798.25,2798.25,22,ES.v.0
2019-02-25 05:29:00+00:00,33,1,18720,2798.25,2798.5,2798.25,2798.5,256,ES.v.0
2019-02-25 05:30:00+00:00,33,1,18720,2798.25,2798.5,2798.25,2798.5,338,ES.v.0
2019-02-25 05:31:00+00:00,33,1,18720,2798.25,2798.25,2797.0,2797.0,623,ES.v.0
2019-02-25 05:32:00+00:00,33,1,18720,2797.25,2797.25,2797.0,2797.25,297,ES.v.0
2019-02-25 05:33:00+00:00,33,1,18720,2797.0,2797.25,2797.0,2797.0,233,ES.v.0
2019-02-25 05:34:00+00:00,33,1,18720,2797.25,2797.25,2796.75,2797.0,147,ES.v.0
2019-02-25 05:35:00+00:00,33,1,18720,2797.0,2797.25,2797.0,2797.0,389,ES.v.0
2019-02-25 05:36:00+00:00,33,1,18720,2797.0,2797.25,2797.0,2797.0,61,ES.v.0
2019-02-25 05:37:00+00:00,33,1,18720,2797.0,2797.25,2797.0,2797.25,82,ES.v.0
2019-02-25 05:38:00+00:00,33,1,18720,2797.25,2797.25,2797.0,2797.25,11,ES.v.0
2019-02-25 05:39:00+00:00,33,1,18720,2797.0,2797.0,2796.75,2796.75,30,ES.v.0
2019-02-25 05:40:00+00:00,33,1,18720,2796.75,2797.0,2796.5,2796.5,117,ES.v.0
2019-02-25 05:41:00+00:00,33,1,18720,2796.75,2796.75,2796.5,2796.75,253,ES.v.0
2019-02-25 05:42:00+00:00,33,1,18720,2796.5,2797.0,2796.5,2797.0,219,ES.v.0
2019-02-25 05:43:00+00:00,33,1,18720,2796.75,2797.25,2796.75,2797.25,236,ES.v.0
2019-02-25 05:44:00+00:00,33,1,18720,2797.25,2797.5,2797.0,2797.0,76,ES.v.0
2019-02-25 05:45:00+00:00,33,1,18720,2797.25,2797.25,2797.0,2797.25,60,ES.v.0
2019-02-25 05:46:00+00:00,33,1,18720,2797.25,2797.25,2797.25,2797.25,38,ES.v.0
2019-02-25 05:47:00+00:00,33,1,18720,2797.0,2797.25,2796.75,2796.75,56,ES.v.0
2019-02-25 05:48:00+00:00,33,1,18720,2796.75,2796.75,2796.5,2796.5,171,ES.v.0
2019-02-25 05:49:00+00:00,33,1,18720,2796.5,2796.75,2796.25,2796.5,127,ES.v.0
2019-02-25 05:50:00+00:00,33,1,18720,2796.5,2796.75,2796.5,2796.75,110,ES.v.0
2019-02-25 05:51:00+00:00,33,1,18720,2796.75,2797.0,2796.75,2797.0,116,ES.v.0
2019-02-25 05:52:00+00:00,33,1,18720,2797.0,2797.25,2797.0,2797.0,16,ES.v.0
2019-02-25 05:53:00+00:00,33,1,18720,2797.0,2797.25,2797.0,2797.25,27,ES.v.0
2019-02-25 05:54:00+00:00,33,1,18720,2797.0,2797.25,2796.75,2797.0,110,ES.v.0
2019-02-25 05:55:00+00:00,33,1,18720,2797.0,2797.0,2796.75,2796.75,67,ES.v.0
2019-02-25 05:56:00+00:00,33,1,18720,2796.75,2797.0,2796.75,2797.0,10,ES.v.0
2019-02-25 05:57:00+00:00,33,1,18720,2796.75,2797.25,2796.75,2797.25,91,ES.v.0
2019-02-25 05:58:00+00:00,33,1,18720,2797.0,2797.0,2796.75,2796.75,105,ES.v.0
2019-02-25 05:59:00+00:00,33,1,18720,2797.0,2797.25,2797.0,2797.25,257,ES.v.0
2019-02-25 06:00:00+00:00,33,1,18720,2797.25,2797.25,2797.0,2797.25,157,ES.v.0
2019-02-25 06:01:00+00:00,33,1,18720,2797.25,2797.5,2797.0,2797.5,120,ES.v.0
2019-02-25 06:02:00+00:00,33,1,18720,2797.25,2797.25,2796.75,2796.75,106,ES.v.0
2019-02-25 06:03:00+00:00,33,1,18720,2796.75,2797.5,2796.75,2797.25,123,ES.v.0
2019-02-25 06:04:00+00:00,33,1,18720,2797.5,2797.75,2797.25,2797.5,40,ES.v.0
2019-02-25 06:05:00+00:00,33,1,18720,2797.75,2797.75,2797.5,2797.5,108,ES.v.0
2019-02-25 06:06:00+00:00,33,1,18720,2797.75,2798.0,2797.75,2797.75,69,ES.v.0
2019-02-25 06:07:00+00:00,33,1,18720,2797.75,2797.75,2797.5,2797.5,33,ES.v.0
2019-02-25 06:08:00+00:00,33,1,18720,2797.75,2797.75,2797.5,2797.75,28,ES.v.0
2019-02-25 06:09:00+00:00,33,1,18720,2797.75,2798.0,2797.75,2798.0,91,ES.v.0
2019-02-25 06:10:00+00:00,33,1,18720,2798.0,2798.25,2797.75,2798.0,85,ES.v.0
2019-02-25 06:11:00+00:00,33,1,18720,2798.0,2798.25,2798.0,2798.25,200,ES.v.0
2019-02-25 06:12:00+00:00,33,1,18720,2798.25,2798.25,2798.0,2798.0,109,ES.v.0
2019-02-25 06:13:00+00:00,33,1,18720,2798.25,2798.5,2798.25,2798.5,171,ES.v.0
2019-02-25 06:14:00+00:00,33,1,18720,2798.5,2798.5,2798.0,2798.25,99,ES.v.0
2019-02-25 06:15:00+00:00,33,1,18720,2798.25,2798.25,2798.0,2798.0,120,ES.v.0
2019-02-25 06:16:00+00:00,33,1,18720,2798.0,2798.25,2797.75,2798.0,64,ES.v.0
2019-02-25 06:17:00+00:00,33,1,18720,2798.25,2798.5,2798.25,2798.5,28,ES.v.0
2019-02-25 06:18:00+00:00,33,1,18720,2798.25,2798.75,2798.25,2798.25,204,ES.v.0
2019-02-25 06:19:00+00:00,33,1,18720,2798.5,2798.75,2798.5,2798.5,64,ES.v.0
2019-02-25 06:20:00+00:00,33,1,18720,2798.25,2798.5,2798.25,2798.5,71,ES.v.0
2019-02-25 06:21:00+00:00,33,1,18720,2798.25,2798.5,2798.25,2798.5,24,ES.v.0
2019-02-25 06:22:00+00:00,33,1,18720,2798.75,2798.75,2798.25,2798.25,27,ES.v.0
2019-02-25 06:23:00+00:00,33,1,18720,2798.5,2798.5,2798.5,2798.5,54,ES.v.0
2019-02-25 06:24:00+00:00,33,1,18720,2798.5,2799.0,2798.5,2798.75,152,ES.v.0
2019-02-25 06:25:00+00:00,33,1,18720,2798.75,2798.75,2798.5,2798.75,87,ES.v.0
2019-02-25 06:26:00+00:00,33,1,18720,2798.75,2799.0,2798.75,2799.0,103,ES.v.0
2019-02-25 06:27:00+00:00,33,1,18720,2798.75,2799.0,2798.75,2799.0,39,ES.v.0
2019-02-25 06:28:00+00:00,33,1,18720,2799.0,2799.0,2798.75,2798.75,14,ES.v.0
2019-02-25 06:29:00+00:00,33,1,18720,2799.0,2799.5,2798.75,2799.0,500,ES.v.0
2019-02-25 06:30:00+00:00,33,1,18720,2798.75,2799.0,2798.75,2799.0,109,ES.v.0
2019-02-25 06:31:00+00:00,33,1,18720,2799.0,2799.0,2798.75,2799.0,210,ES.v.0
2019-02-25 06:32:00+00:00,33,1,18720,2799.0,2799.25,2799.0,2799.25,103,ES.v.0
2019-02-25 06:33:00+00:00,33,1,18720,2799.25,2799.25,2799.0,2799.0,77,ES.v.0
2019-02-25 06:34:00+00:00,33,1,18720,2799.0,2799.5,2799.0,2799.25,137,ES.v.0
2019-02-25 06:35:00+00:00,33,1,18720,2799.5,2799.75,2799.5,2799.5,177,ES.v.0
2019-02-25 06:36:00+00:00,33,1,18720,2799.75,2799.75,2799.5,2799.75,180,ES.v.0
2019-02-25 06:37:00+00:00,33,1,18720,2800.0,2800.0,2799.25,2799.75,453,ES.v.0
2019-02-25 06:38:00+00:00,33,1,18720,2799.5,2799.5,2799.5,2799.5,1,ES.v.0
2019-02-25 06:39:00+00:00,33,1,18720,2799.75,2800.0,2799.75,2800.0,299,ES.v.0
2019-02-25 06:40:00+00:00,33,1,18720,2800.0,2800.0,2799.75,2800.0,18,ES.v.0
2019-02-25 06:41:00+00:00,33,1,18720,2800.0,2800.25,2800.0,2800.0,190,ES.v.0
2019-02-25 06:42:00+00:00,33,1,18720,2800.0,2800.25,2799.75,2800.25,219,ES.v.0
2019-02-25 06:43:00+00:00,33,1,18720,2800.0,2800.5,2799.75,2800.25,428,ES.v.0
2019-02-25 06:44:00+00:00,33,1,18720,2800.25,2800.5,2799.75,2800.0,431,ES.v.0
2019-02-25 06:45:00+00:00,33,1,18720,2800.0,2800.0,2799.5,2799.5,404,ES.v.0
2019-02-25 06:46:00+00:00,33,1,18720,2799.5,2799.75,2799.5,2799.5,47,ES.v.0
2019-02-25 06:47:00+00:00,33,1,18720,2799.5,2799.75,2799.5,2799.75,10,ES.v.0
2019-02-25 06:48:00+00:00,33,1,18720,2799.75,2799.75,2799.5,2799.75,4,ES.v.0
2019-02-25 06:49:00+00:00,33,1,18720,2799.5,2799.5,2799.5,2799.5,13,ES.v.0
2019-02-25 06:50:00+00:00,33,1,18720,2799.5,2799.75,2799.5,2799.75,109,ES.v.0
2019-02-25 06:51:00+00:00,33,1,18720,2800.0,2800.0,2799.75,2800.0,46,ES.v.0
2019-02-25 06:52:00+00:00,33,1,18720,2800.0,2800.25,2800.0,2800.0,133,ES.v.0
2019-02-25 06:53:00+00:00,33,1,18720,2800.0,2800.0,2799.75,2800.0,12,ES.v.0
2019-02-25 06:54:00+00:00,33,1,18720,2800.0,2800.25,2799.75,2799.75,140,ES.v.0
2019-02-25 06:55:00+00:00,33,1,18720,2800.0,2800.0,2799.5,2799.75,41,ES.v.0
2019-02-25 06:56:00+00:00,33,1,18720,2799.5,2800.0,2799.5,2799.75,65,ES.v.0
2019-02-25 06:57:00+00:00,33,1,18720,2799.75,2800.25,2799.5,2800.0,297,ES.v.0
2019-02-25 06:58:00+00:00,33,1,18720,2800.0,2800.25,2800.0,2800.0,39,ES.v.0
2019-02-25 06:59:00+00:00,33,1,18720,2799.75,2800.0,2799.75,2799.75,90,ES.v.0
2019-02-25 07:00:00+00:00,33,1,18720,2800.0,2800.0,2799.0,2799.0,446,ES.v.0
2019-02-25 07:01:00+00:00,33,1,18720,2799.25,2799.75,2799.0,2799.0,286,ES.v.0
2019-02-25 07:02:00+00:00,33,1,18720,2799.25,2799.5,2799.0,2799.25,159,ES.v.0
2019-02-25 07:03:00+00:00,33,1,18720,2799.5,2799.75,2799.5,2799.75,89,ES.v.0
2019-02-25 07:04:00+00:00,33,1,18720,2800.0,2800.25,2799.75,2800.0,135,ES.v.0
2019-02-25 07:05:00+00:00,33,1,18720,2800.0,2800.5,2800.0,2800.25,315,ES.v.0
2019-02-25 07:06:00+00:00,33,1,18720,2800.0,2800.75,2800.0,2800.5,152,ES.v.0
2019-02-25 07:07:00+00:00,33,1,18720,2800.5,2800.75,2800.5,2800.75,31,ES.v.0
2019-02-25 07:08:00+00:00,33,1,18720,2800.75,2800.75,2800.5,2800.5,351,ES.v.0
2019-02-25 07:09:00+00:00,33,1,18720,2800.5,2800.75,2800.5,2800.75,51,ES.v.0
2019-02-25 07:10:00+00:00,33,1,18720,2800.75,2801.0,2800.5,2800.75,291,ES.v.0
2019-02-25 07:11:00+00:00,33,1,18720,2800.75,2801.0,2800.5,2801.0,183,ES.v.0
2019-02-25 07:12:00+00:00,33,1,18720,2800.75,2800.75,2800.5,2800.75,123,ES.v.0
2019-02-25 07:13:00+00:00,33,1,18720,2800.5,2801.0,2800.5,2801.0,83,ES.v.0
2019-02-25 07:14:00+00:00,33,1,18720,2801.0,2801.0,2800.75,2800.75,19,ES.v.0
2019-02-25 07:15:00+00:00,33,1,18720,2800.75,2801.0,2800.75,2801.0,123,ES.v.0
2019-02-25 07:16:00+00:00,33,1,18720,2801.0,2801.0,2800.5,2800.5,203,ES.v.0
2019-02-25 07:17:00+00:00,33,1,18720,2800.5,2800.75,2800.5,2800.75,14,ES.v.0
2019-02-25 07:18:00+00:00,33,1,18720,2800.5,2800.75,2800.25,2800.75,160,ES.v.0
2019-02-25 07:19:00+00:00,33,1,18720,2800.75,2800.75,2800.5,2800.5,47,ES.v.0
2019-02-25 07:20:00+00:00,33,1,18720,2800.5,2800.75,2800.25,2800.25,137,ES.v.0
2019-02-25 07:21:00+00:00,33,1,18720,2800.25,2800.5,2799.5,2800.0,174,ES.v.0
2019-02-25 07:22:00+00:00,33,1,18720,2799.75,2799.75,2799.5,2799.75,50,ES.v.0
2019-02-25 07:23:00+00:00,33,1,18720,2799.75,2800.0,2799.75,2799.75,155,ES.v.0
2019-02-25 07:24:00+00:00,33,1,18720,2799.75,2799.75,2799.5,2799.75,63,ES.v.0
2019-02-25 07:25:00+00:00,33,1,18720,2799.75,2800.0,2799.75,2799.75,127,ES.v.0
2019-02-25 07:26:00+00:00,33,1,18720,2799.5,2799.75,2799.25,2799.75,97,ES.v.0
2019-02-25 07:27:00+00:00,33,1,18720,2799.75,2799.75,2799.5,2799.5,158,ES.v.0
2019-02-25 07:28:00+00:00,33,1,18720,2799.5,2799.75,2799.25,2799.75,88,ES.v.0
2019-02-25 07:29:00+00:00,33,1,18720,2799.5,2799.75,2799.5,2799.5,61,ES.v.0
2019-02-25 07:30:00+00:00,33,1,18720,2799.5,2799.75,2799.5,2799.75,202,ES.v.0
2019-02-25 07:31:00+00:00,33,1,18720,2799.5,2800.0,2799.5,2799.5,124,ES.v.0
2019-02-25 07:32:00+00:00,33,1,18720,2799.5,2799.75,2799.5,2799.75,62,ES.v.0
2019-02-25 07:33:00+00:00,33,1,18720,2799.75,2799.75,2799.5,2799.75,42,ES.v.0
2019-02-25 07:34:00+00:00,33,1,18720,2799.75,2799.75,2799.5,2799.75,18,ES.v.0
2019-02-25 07:35:00+00:00,33,1,18720,2799.5,2800.0,2799.5,2799.75,68,ES.v.0
2019-02-25 07:36:00+00:00,33,1,18720,2799.75,2799.75,2799.75,2799.75,50,ES.v.0
2019-02-25 07:37:00+00:00,33,1,18720,2799.75,2800.25,2799.75,2800.25,147,ES.v.0
2019-02-25 07:38:00+00:00,33,1,18720,2800.5,2801.0,2800.25,2801.0,245,ES.v.0
2019-02-25 07:39:00+00:00,33,1,18720,2801.0,2801.0,2800.75,2801.0,105,ES.v.0
2019-02-25 07:40:00+00:00,33,1,18720,2801.0,2801.25,2800.75,2800.75,221,ES.v.0
2019-02-25 07:41:00+00:00,33,1,18720,2800.75,2801.0,2800.75,2801.0,127,ES.v.0
2019-02-25 07:42:00+00:00,33,1,18720,2800.75,2801.0,2800.75,2800.75,126,ES.v.0
2019-02-25 07:43:00+00:00,33,1,18720,2800.5,2800.75,2800.5,2800.5,151,ES.v.0
2019-02-25 07:44:00+00:00,33,1,18720,2800.5,2800.5,2800.25,2800.25,86,ES.v.0
2019-02-25 07:45:00+00:00,33,1,18720,2800.5,2800.75,2800.25,2800.75,162,ES.v.0
2019-02-25 07:46:00+00:00,33,1,18720,2800.75,2801.0,2800.75,2800.75,63,ES.v.0
2019-02-25 07:47:00+00:00,33,1,18720,2801.0,2801.0,2800.75,2800.75,123,ES.v.0
2019-02-25 07:48:00+00:00,33,1,18720,2800.75,2800.75,2800.5,2800.75,135,ES.v.0
2019-02-25 07:49:00+00:00,33,1,18720,2800.75,2800.75,2800.5,2800.75,25,ES.v.0
2019-02-25 07:50:00+00:00,33,1,18720,2800.75,2800.75,2800.5,2800.5,88,ES.v.0
2019-02-25 07:51:00+00:00,33,1,18720,2800.75,2800.75,2800.5,2800.75,38,ES.v.0
2019-02-25 07:52:00+00:00,33,1,18720,2800.75,2800.75,2800.5,2800.5,32,ES.v.0
2019-02-25 07:53:00+00:00,33,1,18720,2800.75,2801.0,2800.75,2800.75,54,ES.v.0
2019-02-25 07:54:00+00:00,33,1,18720,2800.75,2800.75,2800.5,2800.75,51,ES.v.0
2019-02-25 07:55:00+00:00,33,1,18720,2800.75,2801.25,2800.5,2801.0,85,ES.v.0
2019-02-25 07:56:00+00:00,33,1,18720,2801.25,2801.25,2801.0,2801.25,11,ES.v.0
2019-02-25 07:57:00+00:00,33,1,18720,2801.25,2801.25,2800.5,2800.5,126,ES.v.0
2019-02-25 07:58:00+00:00,33,1,18720,2800.5,2800.75,2800.5,2800.5,111,ES.v.0
2019-02-25 07:59:00+00:00,33,1,18720,2800.75,2800.75,2800.25,2800.25,186,ES.v.0
2019-02-25 08:00:00+00:00,33,1,18720,2800.5,2800.75,2799.75,2800.25,671,ES.v.0
2019-02-25 08:01:00+00:00,33,1,18720,2800.25,2801.0,2800.25,2800.5,360,ES.v.0
2019-02-25 08:02:00+00:00,33,1,18720,2800.5,2802.75,2800.5,2802.25,1549,ES.v.0
2019-02-25 08:03:00+00:00,33,1,18720,2802.25,2802.5,2802.0,2802.25,442,ES.v.0
2019-02-25 08:04:00+00:00,33,1,18720,2802.25,2802.5,2802.0,2802.0,310,ES.v.0
2019-02-25 08:05:00+00:00,33,1,18720,2802.0,2802.0,2801.5,2801.5,578,ES.v.0
2019-02-25 08:06:00+00:00,33,1,18720,2801.5,2802.0,2801.5,2801.75,355,ES.v.0
2019-02-25 08:07:00+00:00,33,1,18720,2801.75,2802.5,2801.75,2802.25,453,ES.v.0
2019-02-25 08:08:00+00:00,33,1,18720,2802.5,2802.5,2801.5,2802.0,456,ES.v.0
2019-02-25 08:09:00+00:00,33,1,18720,2802.0,2802.0,2801.25,2801.25,484,ES.v.0
2019-02-25 08:10:00+00:00,33,1,18720,2801.25,2801.25,2800.75,2801.0,363,ES.v.0
2019-02-25 08:11:00+00:00,33,1,18720,2801.0,2801.25,2800.5,2801.0,232,ES.v.0
2019-02-25 08:12:00+00:00,33,1,18720,2801.0,2801.25,2800.5,2800.5,338,ES.v.0
2019-02-25 08:13:00+00:00,33,1,18720,2800.5,2800.75,2800.25,2800.5,312,ES.v.0
2019-02-25 08:14:00+00:00,33,1,18720,2800.25,2800.5,2800.25,2800.5,230,ES.v.0
2019-02-25 08:15:00+00:00,33,1,18720,2800.5,2800.5,2800.25,2800.5,153,ES.v.0
2019-02-25 08:16:00+00:00,33,1,18720,2800.5,2800.5,2800.25,2800.5,284,ES.v.0
2019-02-25 08:17:00+00:00,33,1,18720,2800.25,2800.5,2799.75,2800.0,363,ES.v.0
2019-02-25 08:18:00+00:00,33,1,18720,2799.75,2800.25,2799.75,2800.0,295,ES.v.0
2019-02-25 08:19:00+00:00,33,1,18720,2800.0,2800.75,2800.0,2800.75,168,ES.v.0
2019-02-25 08:20:00+00:00,33,1,18720,2800.75,2800.75,2800.25,2800.5,221,ES.v.0
2019-02-25 08:21:00+00:00,33,1,18720,2800.5,2800.5,2800.0,2800.0,111,ES.v.0
2019-02-25 08:22:00+00:00,33,1,18720,2800.25,2800.5,2799.5,2799.75,308,ES.v.0
2019-02-25 08:23:00+00:00,33,1,18720,2799.75,2800.0,2799.5,2799.75,329,ES.v.0
2019-02-25 08:24:00+00:00,33,1,18720,2799.75,2799.75,2799.25,2799.25,244,ES.v.0
2019-02-25 08:25:00+00:00,33,1,18720,2799.25,2799.5,2799.0,2799.0,265,ES.v.0
2019-02-25 08:26:00+00:00,33,1,18720,2799.0,2799.25,2798.75,2799.0,334,ES.v.0
2019-02-25 08:27:00+00:00,33,1,18720,2799.0,2799.25,2798.75,2799.0,209,ES.v.0
2019-02-25 08:28:00+00:00,33,1,18720,2798.75,2799.0,2798.0,2798.25,444,ES.v.0
2019-02-25 08:29:00+00:00,33,1,18720,2798.25,2798.5,2797.75,2798.5,435,ES.v.0
2019-02-25 08:30:00+00:00,33,1,18720,2798.25,2799.0,2798.25,2799.0,318,ES.v.0
2019-02-25 08:31:00+00:00,33,1,18720,2798.75,2799.0,2798.5,2799.0,166,ES.v.0
2019-02-25 08:32:00+00:00,33,1,18720,2799.0,2799.25,2798.75,2799.0,222,ES.v.0
2019-02-25 08:33:00+00:00,33,1,18720,2799.0,2799.25,2798.75,2799.25,167,ES.v.0
2019-02-25 08:34:00+00:00,33,1,18720,2799.0,2799.25,2798.75,2798.75,54,ES.v.0
2019-02-25 08:35:00+00:00,33,1,18720,2798.75,2799.25,2798.75,2799.25,182,ES.v.0
2019-02-25 08:36:00+00:00,33,1,18720,2799.25,2799.25,2798.75,2799.25,191,ES.v.0
2019-02-25 08:37:00+00:00,33,1,18720,2799.25,2799.5,2799.0,2799.0,357,ES.v.0
2019-02-25 08:38:00+00:00,33,1,18720,2799.0,2799.25,2798.75,2799.25,44,ES.v.0
2019-02-25 08:39:00+00:00,33,1,18720,2799.25,2799.5,2799.25,2799.5,87,ES.v.0
2019-02-25 08:40:00+00:00,33,1,18720,2799.5,2799.5,2799.25,2799.25,66,ES.v.0
2019-02-25 08:41:00+00:00,33,1,18720,2799.0,2799.5,2799.0,2799.5,93,ES.v.0
2019-02-25 08:42:00+00:00,33,1,18720,2799.25,2799.5,2799.0,2799.25,126,ES.v.0
2019-02-25 08:43:00+00:00,33,1,18720,2799.25,2799.25,2799.0,2799.0,22,ES.v.0
2019-02-25 08:44:00+00:00,33,1,18720,2799.25,2799.5,2798.75,2799.0,84,ES.v.0
2019-02-25 08:45:00+00:00,33,1,18720,2799.0,2799.0,2798.75,2798.75,131,ES.v.0
2019-02-25 08:46:00+00:00,33,1,18720,2798.75,2799.25,2798.75,2799.0,212,ES.v.0
2019-02-25 08:47:00+00:00,33,1,18720,2798.75,2799.25,2798.75,2799.25,92,ES.v.0
2019-02-25 08:48:00+00:00,33,1,18720,2799.25,2799.5,2799.25,2799.5,60,ES.v.0
2019-02-25 08:49:00+00:00,33,1,18720,2799.5,2799.75,2799.5,2799.75,184,ES.v.0
2019-02-25 08:50:00+00:00,33,1,18720,2800.0,2800.25,2799.75,2800.25,342,ES.v.0
2019-02-25 08:51:00+00:00,33,1,18720,2800.25,2800.5,2800.0,2800.25,306,ES.v.0
2019-02-25 08:52:00+00:00,33,1,18720,2800.25,2800.25,2800.0,2800.0,76,ES.v.0
2019-02-25 08:53:00+00:00,33,1,18720,2800.0,2800.25,2800.0,2800.0,106,ES.v.0
2019-02-25 08:54:00+00:00,33,1,18720,2799.75,2800.5,2799.75,2800.5,122,ES.v.0
2019-02-25 08:55:00+00:00,33,1,18720,2800.25,2800.25,2800.0,2800.25,43,ES.v.0
2019-02-25 08:56:00+00:00,33,1,18720,2800.25,2800.25,2799.75,2800.0,178,ES.v.0
2019-02-25 08:57:00+00:00,33,1,18720,2800.25,2800.25,2800.0,2800.0,117,ES.v.0
2019-02-25 08:58:00+00:00,33,1,18720,2800.0,2800.0,2800.0,2800.0,69,ES.v.0
2019-02-25 08:59:00+00:00,33,1,18720,2800.0,2800.25,2799.75,2800.0,228,ES.v.0
2019-02-25 09:00:00+00:00,33,1,18720,2800.0,2800.25,2799.75,2800.25,229,ES.v.0
2019-02-25 09:01:00+00:00,33,1,18720,2800.25,2800.5,2800.25,2800.25,97,ES.v.0
2019-02-25 09:02:00+00:00,33,1,18720,2800.5,2800.75,2800.25,2800.5,161,ES.v.0
2019-02-25 09:03:00+00:00,33,1,18720,2800.5,2800.5,2800.0,2800.25,158,ES.v.0
2019-02-25 09:04:00+00:00,33,1,18720,2800.0,2800.25,2800.0,2800.25,18,ES.v.0
2019-02-25 09:05:00+00:00,33,1,18720,2800.25,2800.5,2800.25,2800.5,240,ES.v.0
2019-02-25 09:06:00+00:00,33,1,18720,2800.75,2800.75,2800.25,2800.5,411,ES.v.0
2019-02-25 09:07:00+00:00,33,1,18720,2800.5,2800.5,2800.0,2800.0,162,ES.v.0
2019-02-25 09:08:00+00:00,33,1,18720,2800.0,2800.25,2800.0,2800.25,88,ES.v.0
2019-02-25 09:09:00+00:00,33,1,18720,2800.25,2800.25,2800.0,2800.0,229,ES.v.0
2019-02-25 09:10:00+00:00,33,1,18720,2800.25,2800.5,2800.25,2800.25,98,ES.v.0
2019-02-25 09:11:00+00:00,33,1,18720,2800.25,2800.75,2800.25,2800.25,66,ES.v.0
2019-02-25 09:12:00+00:00,33,1,18720,2800.25,2800.75,2800.25,2800.75,50,ES.v.0
2019-02-25 09:13:00+00:00,33,1,18720,2800.75,2801.0,2800.75,2801.0,28,ES.v.0
2019-02-25 09:14:00+00:00,33,1,18720,2800.75,2801.0,2800.75,2801.0,16,ES.v.0
2019-02-25 09:15:00+00:00,33,1,18720,2801.0,2801.25,2800.75,2801.25,446,ES.v.0
2019-02-25 09:16:00+00:00,33,1,18720,2801.25,2801.25,2800.75,2801.25,169,ES.v.0
2019-02-25 09:17:00+00:00,33,1,18720,2801.25,2801.5,2801.0,2801.25,252,ES.v.0
2019-02-25 09:18:00+00:00,33,1,18720,2801.5,2801.5,2801.25,2801.25,155,ES.v.0
2019-02-25 09:19:00+00:00,33,1,18720,2801.25,2801.5,2801.0,2801.0,98,ES.v.0
2019-02-25 09:20:00+00:00,33,1,18720,2801.25,2801.25,2800.75,2801.0,384,ES.v.0
2019-02-25 09:21:00+00:00,33,1,18720,2800.75,2801.25,2800.5,2801.25,166,ES.v.0
2019-02-25 09:22:00+00:00,33,1,18720,2801.25,2801.75,2801.25,2801.5,389,ES.v.0
2019-02-25 09:23:00+00:00,33,1,18720,2801.75,2802.0,2801.5,2802.0,290,ES.v.0
2019-02-25 09:24:00+00:00,33,1,18720,2801.75,2802.0,2801.75,2801.75,60,ES.v.0
2019-02-25 09:25:00+00:00,33,1,18720,2802.0,2802.0,2801.5,2801.75,287,ES.v.0
2019-02-25 09:26:00+00:00,33,1,18720,2801.75,2802.0,2801.5,2802.0,68,ES.v.0
2019-02-25 09:27:00+00:00,33,1,18720,2802.0,2802.25,2801.75,2802.0,117,ES.v.0
2019-02-25 09:28:00+00:00,33,1,18720,2802.0,2802.25,2801.5,2801.75,165,ES.v.0
2019-02-25 09:29:00+00:00,33,1,18720,2801.75,2802.0,2801.5,2802.0,33,ES.v.0
2019-02-25 09:30:00+00:00,33,1,18720,2802.0,2802.0,2801.75,2801.75,215,ES.v.0
2019-02-25 09:31:00+00:00,33,1,18720,2801.75,2802.0,2801.75,2802.0,136,ES.v.0
2019-02-25 09:32:00+00:00,33,1,18720,2802.0,2802.0,2801.5,2801.75,104,ES.v.0
2019-02-25 09:33:00+00:00,33,1,18720,2801.75,2801.75,2801.75,2801.75,56,ES.v.0
2019-02-25 09:34:00+00:00,33,1,18720,2801.75,2802.0,2801.75,2801.75,108,ES.v.0
2019-02-25 09:35:00+00:00,33,1,18720,2801.75,2802.5,2801.75,2802.25,350,ES.v.0
2019-02-25 09:36:00+00:00,33,1,18720,2802.25,2802.25,2802.0,2802.25,104,ES.v.0
2019-02-25 09:37:00+00:00,33,1,18720,2802.25,2802.25,2802.0,2802.0,157,ES.v.0
2019-02-25 09:38:00+00:00,33,1,18720,2801.75,2802.0,2801.75,2802.0,102,ES.v.0
2019-02-25 09:39:00+00:00,33,1,18720,2802.0,2802.0,2801.5,2801.5,196,ES.v.0
2019-02-25 09:40:00+00:00,33,1,18720,2801.75,2802.0,2801.5,2802.0,91,ES.v.0
2019-02-25 09:41:00+00:00,33,1,18720,2802.0,2802.0,2801.5,2801.75,88,ES.v.0
2019-02-25 09:42:00+00:00,33,1,18720,2801.75,2802.0,2801.75,2801.75,127,ES.v.0
2019-02-25 09:43:00+00:00,33,1,18720,2801.75,2801.75,2801.25,2801.75,64,ES.v.0
2019-02-25 09:44:00+00:00,33,1,18720,2801.5,2802.0,2801.5,2802.0,201,ES.v.0
2019-02-25 09:45:00+00:00,33,1,18720,2801.75,2802.0,2801.75,2802.0,100,ES.v.0
2019-02-25 09:46:00+00:00,33,1,18720,2802.0,2802.25,2802.0,2802.25,118,ES.v.0
2019-02-25 09:47:00+00:00,33,1,18720,2802.0,2802.25,2801.75,2802.0,145,ES.v.0
2019-02-25 09:48:00+00:00,33,1,18720,2802.0,2802.0,2801.75,2801.75,122,ES.v.0
2019-02-25 09:49:00+00:00,33,1,18720,2801.75,2801.75,2801.25,2801.25,304,ES.v.0
2019-02-25 09:50:00+00:00,33,1,18720,2801.25,2801.5,2801.0,2801.0,123,ES.v.0
2019-02-25 09:51:00+00:00,33,1,18720,2801.25,2801.5,2801.0,2801.5,281,ES.v.0
2019-02-25 09:52:00+00:00,33,1,18720,2801.5,2801.5,2801.25,2801.5,136,ES.v.0
2019-02-25 09:53:00+00:00,33,1,18720,2801.5,2802.0,2801.5,2801.5,352,ES.v.0
2019-02-25 09:54:00+00:00,33,1,18720,2801.75,2802.0,2801.5,2801.75,190,ES.v.0
2019-02-25 09:55:00+00:00,33,1,18720,2801.5,2801.5,2800.25,2800.75,823,ES.v.0
2019-02-25 09:56:00+00:00,33,1,18720,2800.75,2800.75,2800.25,2800.5,185,ES.v.0
2019-02-25 09:57:00+00:00,33,1,18720,2800.5,2801.0,2800.5,2800.75,150,ES.v.0
2019-02-25 09:58:00+00:00,33,1,18720,2800.75,2801.0,2800.75,2801.0,309,ES.v.0
2019-02-25 09:59:00+00:00,33,1,18720,2801.0,2801.0,2800.75,2800.75,48,ES.v.0
2019-02-25 10:00:00+00:00,33,1,18720,2801.0,2801.0,2800.5,2801.0,282,ES.v.0
2019-02-25 10:01:00+00:00,33,1,18720,2801.0,2801.25,2801.0,2801.25,76,ES.v.0
2019-02-25 10:02:00+00:00,33,1,18720,2801.5,2801.75,2801.25,2801.25,239,ES.v.0
2019-02-25 10:03:00+00:00,33,1,18720,2801.25,2801.25,2801.25,2801.25,25,ES.v.0
2019-02-25 10:04:00+00:00,33,1,18720,2801.25,2801.5,2801.25,2801.25,107,ES.v.0
2019-02-25 10:05:00+00:00,33,1,18720,2801.5,2801.5,2801.25,2801.25,223,ES.v.0
2019-02-25 10:06:00+00:00,33,1,18720,2801.25,2801.5,2801.25,2801.5,117,ES.v.0
2019-02-25 10:07:00+00:00,33,1,18720,2801.5,2801.5,2801.0,2801.0,61,ES.v.0
2019-02-25 10:08:00+00:00,33,1,18720,2801.0,2801.5,2801.0,2801.25,63,ES.v.0
2019-02-25 10:09:00+00:00,33,1,18720,2801.5,2801.5,2801.25,2801.25,74,ES.v.0
2019-02-25 10:10:00+00:00,33,1,18720,2801.25,2801.25,2800.75,2800.75,273,ES.v.0
2019-02-25 10:11:00+00:00,33,1,18720,2800.75,2801.25,2800.75,2801.0,327,ES.v.0
2019-02-25 10:12:00+00:00,33,1,18720,2800.75,2801.0,2800.75,2800.75,62,ES.v.0
2019-02-25 10:13:00+00:00,33,1,18720,2801.0,2801.25,2801.0,2801.25,120,ES.v.0
2019-02-25 10:14:00+00:00,33,1,18720,2801.5,2802.25,2801.5,2802.25,517,ES.v.0
2019-02-25 10:15:00+00:00,33,1,18720,2802.25,2802.75,2802.0,2802.75,262,ES.v.0
2019-02-25 10:16:00+00:00,33,1,18720,2802.75,2803.25,2802.5,2802.75,611,ES.v.0
2019-02-25 10:17:00+00:00,33,1,18720,2802.75,2803.0,2802.5,2803.0,269,ES.v.0
2019-02-25 10:18:00+00:00,33,1,18720,2803.0,2803.0,2802.25,2802.5,256,ES.v.0
2019-02-25 10:19:00+00:00,33,1,18720,2802.25,2802.75,2802.25,2802.75,236,ES.v.0
2019-02-25 10:20:00+00:00,33,1,18720,2802.5,2803.25,2802.5,2803.25,780,ES.v.0
2019-02-25 10:21:00+00:00,33,1,18720,2803.25,2803.75,2803.0,2803.5,694,ES.v.0
2019-02-25 10:22:00+00:00,33,1,18720,2803.5,2803.5,2803.25,2803.5,195,ES.v.0
2019-02-25 10:23:00+00:00,33,1,18720,2803.5,2803.5,2802.75,2803.0,174,ES.v.0
2019-02-25 10:24:00+00:00,33,1,18720,2803.25,2803.25,2803.0,2803.0,59,ES.v.0
2019-02-25 10:25:00+00:00,33,1,18720,2803.25,2803.25,2803.0,2803.25,28,ES.v.0
2019-02-25 10:26:00+00:00,33,1,18720,2803.0,2803.25,2802.75,2802.75,175,ES.v.0
2019-02-25 10:27:00+00:00,33,1,18720,2802.75,2802.75,2802.75,2802.75,205,ES.v.0
2019-02-25 10:28:00+00:00,33,1,18720,2802.5,2802.75,2802.5,2802.5,201,ES.v.0
2019-02-25 10:29:00+00:00,33,1,18720,2802.5,2802.75,2802.5,2802.5,84,ES.v.0
2019-02-25 10:30:00+00:00,33,1,18720,2802.25,2802.75,2802.25,2802.5,87,ES.v.0
2019-02-25 10:31:00+00:00,33,1,18720,2802.25,2802.5,2802.25,2802.5,113,ES.v.0
2019-02-25 10:32:00+00:00,33,1,18720,2802.75,2803.0,2802.5,2802.75,90,ES.v.0
2019-02-25 10:33:00+00:00,33,1,18720,2802.75,2803.25,2802.75,2803.25,71,ES.v.0
2019-02-25 10:34:00+00:00,33,1,18720,2803.0,2803.25,2803.0,2803.25,85,ES.v.0
2019-02-25 10:35:00+00:00,33,1,18720,2803.25,2803.25,2803.0,2803.25,9,ES.v.0
2019-02-25 10:36:00+00:00,33,1,18720,2803.0,2803.25,2802.5,2803.0,175,ES.v.0
2019-02-25 10:37:00+00:00,33,1,18720,2802.75,2803.0,2802.5,2803.0,43,ES.v.0
2019-02-25 10:38:00+00:00,33,1,18720,2803.0,2803.0,2802.75,2803.0,7,ES.v.0
2019-02-25 10:39:00+00:00,33,1,18720,2803.0,2803.0,2802.5,2802.75,96,ES.v.0
2019-02-25 10:40:00+00:00,33,1,18720,2803.0,2803.25,2803.0,2803.25,185,ES.v.0
2019-02-25 10:41:00+00:00,33,1,18720,2803.25,2803.75,2803.25,2803.5,184,ES.v.0
2019-02-25 10:42:00+00:00,33,1,18720,2803.5,2803.75,2803.5,2803.5,58,ES.v.0
2019-02-25 10:43:00+00:00,33,1,18720,2803.25,2803.5,2803.0,2803.25,183,ES.v.0
2019-02-25 10:44:00+00:00,33,1,18720,2803.0,2803.0,2802.75,2803.0,101,ES.v.0
2019-02-25 10:45:00+00:00,33,1,18720,2803.0,2803.25,2803.0,2803.25,249,ES.v.0
2019-02-25 10:46:00+00:00,33,1,18720,2803.25,2803.5,2803.25,2803.5,93,ES.v.0
2019-02-25 10:47:00+00:00,33,1,18720,2803.25,2803.25,2803.0,2803.25,155,ES.v.0
2019-02-25 10:48:00+00:00,33,1,18720,2803.0,2803.0,2802.75,2803.0,109,ES.v.0
2019-02-25 10:49:00+00:00,33,1,18720,2803.25,2803.25,2803.0,2803.0,85,ES.v.0
2019-02-25 10:50:00+00:00,33,1,18720,2803.0,2803.5,2803.0,2803.25,95,ES.v.0
2019-02-25 10:51:00+00:00,33,1,18720,2803.0,2803.25,2803.0,2803.25,167,ES.v.0
2019-02-25 10:52:00+00:00,33,1,18720,2803.25,2804.0,2803.25,2804.0,440,ES.v.0
2019-02-25 10:53:00+00:00,33,1,18720,2804.0,2804.0,2803.75,2804.0,164,ES.v.0
2019-02-25 10:54:00+00:00,33,1,18720,2804.0,2804.25,2803.75,2804.0,590,ES.v.0
2019-02-25 10:55:00+00:00,33,1,18720,2804.0,2804.0,2803.5,2803.75,132,ES.v.0
2019-02-25 10:56:00+00:00,33,1,18720,2803.75,2804.25,2803.75,2804.25,210,ES.v.0
2019-02-25 10:57:00+00:00,33,1,18720,2804.0,2804.5,2804.0,2804.25,346,ES.v.0
2019-02-25 10:58:00+00:00,33,1,18720,2804.25,2804.5,2804.0,2804.0,250,ES.v.0
2019-02-25 10:59:00+00:00,33,1,18720,2804.25,2804.25,2804.0,2804.25,110,ES.v.0
2019-02-25 11:00:00+00:00,33,1,18720,2804.0,2804.25,2803.5,2804.0,272,ES.v.0
2019-02-25 11:01:00+00:00,33,1,18720,2803.75,2804.0,2803.75,2804.0,255,ES.v.0
2019-02-25 11:02:00+00:00,33,1,18720,2803.75,2804.0,2803.75,2803.75,64,ES.v.0
2019-02-25 11:03:00+00:00,33,1,18720,2803.75,2804.0,2803.5,2803.75,357,ES.v.0
2019-02-25 11:04:00+00:00,33,1,18720,2803.75,2804.0,2803.75,2803.75,108,ES.v.0
2019-02-25 11:05:00+00:00,33,1,18720,2803.75,2804.25,2803.75,2804.0,205,ES.v.0
2019-02-25 11:06:00+00:00,33,1,18720,2804.0,2804.25,2803.75,2804.25,69,ES.v.0
2019-02-25 11:07:00+00:00,33,1,18720,2804.0,2804.75,2804.0,2804.75,444,ES.v.0
2019-02-25 11:08:00+00:00,33,1,18720,2804.5,2804.75,2804.25,2804.75,217,ES.v.0
2019-02-25 11:09:00+00:00,33,1,18720,2804.5,2804.75,2804.5,2804.5,394,ES.v.0
2019-02-25 11:10:00+00:00,33,1,18720,2804.75,2804.75,2804.0,2804.25,184,ES.v.0
2019-02-25 11:11:00+00:00,33,1,18720,2804.0,2804.5,2803.75,2804.5,228,ES.v.0
2019-02-25 11:12:00+00:00,33,1,18720,2804.5,2804.5,2804.0,2804.0,189,ES.v.0
2019-02-25 11:13:00+00:00,33,1,18720,2804.0,2804.25,2803.75,2804.0,133,ES.v.0
2019-02-25 11:14:00+00:00,33,1,18720,2803.75,2804.0,2803.75,2804.0,458,ES.v.0
2019-02-25 11:15:00+00:00,33,1,18720,2804.0,2804.25,2804.0,2804.25,290,ES.v.0
2019-02-25 11:16:00+00:00,33,1,18720,2804.25,2805.25,2804.25,2804.25,952,ES.v.0
2019-02-25 11:17:00+00:00,33,1,18720,2804.25,2804.25,2803.75,2803.75,280,ES.v.0
2019-02-25 11:18:00+00:00,33,1,18720,2803.75,2803.75,2803.5,2803.75,321,ES.v.0
2019-02-25 11:19:00+00:00,33,1,18720,2803.5,2803.75,2803.5,2803.75,110,ES.v.0
2019-02-25 11:20:00+00:00,33,1,18720,2804.0,2804.25,2804.0,2804.0,198,ES.v.0
2019-02-25 11:21:00+00:00,33,1,18720,2804.0,2804.5,2804.0,2804.5,195,ES.v.0
2019-02-25 11:22:00+00:00,33,1,18720,2804.75,2805.0,2804.5,2805.0,245,ES.v.0
2019-02-25 11:23:00+00:00,33,1,18720,2805.0,2805.25,2804.75,2805.25,313,ES.v.0
2019-02-25 11:24:00+00:00,33,1,18720,2805.25,2805.5,2805.0,2805.25,512,ES.v.0
2019-02-25 11:25:00+00:00,33,1,18720,2805.0,2805.0,2804.5,2804.5,280,ES.v.0
2019-02-25 11:26:00+00:00,33,1,18720,2804.75,2805.0,2804.75,2805.0,176,ES.v.0
2019-02-25 11:27:00+00:00,33,1,18720,2805.0,2805.25,2805.0,2805.0,156,ES.v.0
2019-02-25 11:28:00+00:00,33,1,18720,2805.0,2805.25,2804.5,2804.5,526,ES.v.0
2019-02-25 11:29:00+00:00,33,1,18720,2804.5,2804.75,2804.5,2804.5,77,ES.v.0
2019-02-25 11:30:00+00:00,33,1,18720,2804.5,2805.0,2804.5,2804.75,253,ES.v.0
2019-02-25 11:31:00+00:00,33,1,18720,2804.75,2805.0,2804.75,2805.0,91,ES.v.0
2019-02-25 11:32:00+00:00,33,1,18720,2805.0,2805.5,2804.75,2805.25,299,ES.v.0
2019-02-25 11:33:00+00:00,33,1,18720,2805.25,2805.25,2804.75,2804.75,385,ES.v.0
2019-02-25 11:34:00+00:00,33,1,18720,2804.75,2805.0,2804.75,2805.0,27,ES.v.0
2019-02-25 11:35:00+00:00,33,1,18720,2804.75,2804.75,2804.5,2804.75,138,ES.v.0
2019-02-25 11:36:00+00:00,33,1,18720,2804.75,2805.0,2804.5,2805.0,98,ES.v.0
2019-02-25 11:37:00+00:00,33,1,18720,2804.75,2805.25,2804.5,2804.75,323,ES.v.0
2019-02-25 11:38:00+00:00,33,1,18720,2804.75,2805.0,2804.5,2804.75,236,ES.v.0
2019-02-25 11:39:00+00:00,33,1,18720,2804.75,2804.75,2804.25,2804.5,473,ES.v.0
2019-02-25 11:40:00+00:00,33,1,18720,2804.25,2804.25,2804.0,2804.0,145,ES.v.0
2019-02-25 11:41:00+00:00,33,1,18720,2804.25,2804.25,2804.0,2804.25,51,ES.v.0
2019-02-25 11:42:00+00:00,33,1,18720,2804.25,2804.25,2804.0,2804.0,287,ES.v.0
2019-02-25 11:43:00+00:00,33,1,18720,2804.0,2804.0,2803.75,2803.75,197,ES.v.0
2019-02-25 11:44:00+00:00,33,1,18720,2804.0,2804.25,2804.0,2804.0,253,ES.v.0
2019-02-25 11:45:00+00:00,33,1,18720,2804.25,2804.5,2804.0,2804.25,221,ES.v.0
2019-02-25 11:46:00+00:00,33,1,18720,2804.25,2804.25,2803.5,2803.5,562,ES.v.0
2019-02-25 11:47:00+00:00,33,1,18720,2803.75,2804.0,2803.75,2804.0,241,ES.v.0
2019-02-25 11:48:00+00:00,33,1,18720,2804.0,2804.5,2804.0,2804.25,431,ES.v.0
2019-02-25 11:49:00+00:00,33,1,18720,2804.0,2804.25,2804.0,2804.25,80,ES.v.0
2019-02-25 11:50:00+00:00,33,1,18720,2804.0,2804.0,2804.0,2804.0,244,ES.v.0
2019-02-25 11:51:00+00:00,33,1,18720,2803.75,2804.0,2803.25,2803.5,624,ES.v.0
2019-02-25 11:52:00+00:00,33,1,18720,2803.75,2804.0,2803.5,2803.75,144,ES.v.0
2019-02-25 11:53:00+00:00,33,1,18720,2804.0,2804.0,2804.0,2804.0,50,ES.v.0
2019-02-25 11:54:00+00:00,33,1,18720,2804.0,2804.0,2803.75,2803.75,111,ES.v.0
2019-02-25 11:55:00+00:00,33,1,18720,2803.75,2804.0,2803.75,2803.75,218,ES.v.0
2019-02-25 11:56:00+00:00,33,1,18720,2803.75,2804.0,2803.75,2804.0,74,ES.v.0
2019-02-25 11:57:00+00:00,33,1,18720,2804.0,2804.0,2803.75,2803.75,2,ES.v.0
2019-02-25 11:58:00+00:00,33,1,18720,2804.0,2804.0,2804.0,2804.0,121,ES.v.0
2019-02-25 11:59:00+00:00,33,1,18720,2804.25,2804.25,2804.0,2804.0,146,ES.v.0
2019-02-25 12:00:00+00:00,33,1,18720,2804.25,2804.25,2803.25,2803.5,511,ES.v.0
2019-02-25 12:01:00+00:00,33,1,18720,2803.5,2803.5,2803.0,2803.25,461,ES.v.0
2019-02-25 12:02:00+00:00,33,1,18720,2803.5,2803.5,2803.0,2803.0,234,ES.v.0
2019-02-25 12:03:00+00:00,33,1,18720,2803.25,2803.25,2802.75,2803.0,407,ES.v.0
2019-02-25 12:04:00+00:00,33,1,18720,2803.0,2803.5,2803.0,2803.25,294,ES.v.0
2019-02-25 12:05:00+00:00,33,1,18720,2803.25,2803.25,2802.75,2802.75,340,ES.v.0
2019-02-25 12:06:00+00:00,33,1,18720,2803.0,2803.25,2802.75,2803.0,218,ES.v.0
2019-02-25 12:07:00+00:00,33,1,18720,2803.0,2803.5,2803.0,2803.5,307,ES.v.0
2019-02-25 12:08:00+00:00,33,1,18720,2803.25,2803.5,2803.25,2803.25,50,ES.v.0
2019-02-25 12:09:00+00:00,33,1,18720,2803.5,2803.75,2803.5,2803.75,345,ES.v.0
2019-02-25 12:10:00+00:00,33,1,18720,2803.5,2803.5,2802.75,2803.0,543,ES.v.0
2019-02-25 12:11:00+00:00,33,1,18720,2802.75,2803.25,2802.75,2802.75,604,ES.v.0
2019-02-25 12:12:00+00:00,33,1,18720,2803.0,2803.0,2802.75,2803.0,192,ES.v.0
2019-02-25 12:13:00+00:00,33,1,18720,2803.0,2803.25,2802.75,2802.75,736,ES.v.0
2019-02-25 12:14:00+00:00,33,1,18720,2803.0,2803.25,2803.0,2803.0,199,ES.v.0
2019-02-25 12:15:00+00:00,33,1,18720,2803.0,2803.5,2803.0,2803.25,290,ES.v.0
2019-02-25 12:16:00+00:00,33,1,18720,2803.25,2803.5,2803.0,2803.5,264,ES.v.0
2019-02-25 12:17:00+00:00,33,1,18720,2803.5,2803.5,2803.25,2803.25,88,ES.v.0
2019-02-25 12:18:00+00:00,33,1,18720,2803.25,2803.75,2803.25,2803.75,218,ES.v.0
2019-02-25 12:19:00+00:00,33,1,18720,2803.75,2803.75,2803.5,2803.5,418,ES.v.0
2019-02-25 12:20:00+00:00,33,1,18720,2803.75,2804.0,2803.25,2803.5,251,ES.v.0
2019-02-25 12:21:00+00:00,33,1,18720,2803.5,2803.5,2803.25,2803.5,198,ES.v.0
2019-02-25 12:22:00+00:00,33,1,18720,2803.25,2803.5,2803.0,2803.5,148,ES.v.0
2019-02-25 12:23:00+00:00,33,1,18720,2803.5,2803.75,2803.5,2803.75,295,ES.v.0
2019-02-25 12:24:00+00:00,33,1,18720,2803.75,2803.75,2803.5,2803.75,252,ES.v.0
2019-02-25 12:25:00+00:00,33,1,18720,2803.5,2803.75,2803.25,2803.25,285,ES.v.0
2019-02-25 12:26:00+00:00,33,1,18720,2803.5,2803.5,2803.25,2803.25,235,ES.v.0
2019-02-25 12:27:00+00:00,33,1,18720,2803.5,2803.5,2803.0,2803.0,351,ES.v.0
2019-02-25 12:28:00+00:00,33,1,18720,2803.25,2803.5,2803.0,2803.25,96,ES.v.0
2019-02-25 12:29:00+00:00,33,1,18720,2803.25,2803.5,2803.25,2803.25,11,ES.v.0
2019-02-25 12:30:00+00:00,33,1,18720,2803.5,2803.5,2803.0,2803.25,429,ES.v.0
2019-02-25 12:31:00+00:00,33,1,18720,2803.25,2803.25,2803.25,2803.25,232,ES.v.0
2019-02-25 12:32:00+00:00,33,1,18720,2803.25,2803.25,2803.0,2803.25,223,ES.v.0
2019-02-25 12:33:00+00:00,33,1,18720,2803.25,2803.75,2803.25,2803.75,235,ES.v.0
2019-02-25 12:34:00+00:00,33,1,18720,2803.75,2803.75,2803.5,2803.75,45,ES.v.0
2019-02-25 12:35:00+00:00,33,1,18720,2803.75,2803.75,2803.25,2803.5,259,ES.v.0
2019-02-25 12:36:00+00:00,33,1,18720,2803.5,2803.75,2803.25,2803.75,100,ES.v.0
2019-02-25 12:37:00+00:00,33,1,18720,2803.75,2803.75,2803.25,2803.75,263,ES.v.0
2019-02-25 12:38:00+00:00,33,1,18720,2803.5,2803.75,2803.25,2803.5,221,ES.v.0
2019-02-25 12:39:00+00:00,33,1,18720,2803.75,2803.75,2803.5,2803.5,82,ES.v.0
2019-02-25 12:40:00+00:00,33,1,18720,2803.75,2803.75,2803.75,2803.75,81,ES.v.0
2019-02-25 12:41:00+00:00,33,1,18720,2803.5,2803.75,2803.5,2803.75,180,ES.v.0
2019-02-25 12:42:00+00:00,33,1,18720,2803.75,2803.75,2803.5,2803.75,269,ES.v.0
2019-02-25 12:43:00+00:00,33,1,18720,2803.5,2803.75,2803.25,2803.5,321,ES.v.0
2019-02-25 12:44:00+00:00,33,1,18720,2803.5,2803.5,2803.25,2803.5,294,ES.v.0
2019-02-25 12:45:00+00:00,33,1,18720,2803.25,2803.5,2803.25,2803.5,127,ES.v.0
2019-02-25 12:46:00+00:00,33,1,18720,2803.5,2803.75,2803.25,2803.5,320,ES.v.0
2019-02-25 12:47:00+00:00,33,1,18720,2803.5,2803.75,2803.5,2803.75,84,ES.v.0
2019-02-25 12:48:00+00:00,33,1,18720,2803.75,2803.75,2803.5,2803.75,20,ES.v.0
2019-02-25 12:49:00+00:00,33,1,18720,2803.75,2803.75,2803.75,2803.75,30,ES.v.0
2019-02-25 12:50:00+00:00,33,1,18720,2803.5,2804.0,2803.5,2803.5,164,ES.v.0
2019-02-25 12:51:00+00:00,33,1,18720,2803.75,2804.0,2803.75,2803.75,192,ES.v.0
2019-02-25 12:52:00+00:00,33,1,18720,2803.75,2803.75,2803.5,2803.5,234,ES.v.0
2019-02-25 12:53:00+00:00,33,1,18720,2803.5,2804.25,2803.5,2804.25,978,ES.v.0
2019-02-25 12:54:00+00:00,33,1,18720,2804.25,2804.5,2804.0,2804.5,729,ES.v.0
2019-02-25 12:55:00+00:00,33,1,18720,2804.25,2804.5,2804.0,2804.0,360,ES.v.0
2019-02-25 12:56:00+00:00,33,1,18720,2804.0,2804.25,2804.0,2804.25,55,ES.v.0
2019-02-25 12:57:00+00:00,33,1,18720,2804.25,2804.5,2804.0,2804.25,227,ES.v.0
2019-02-25 12:58:00+00:00,33,1,18720,2804.25,2804.5,2804.25,2804.25,270,ES.v.0
2019-02-25 12:59:00+00:00,33,1,18720,2804.25,2804.5,2804.0,2804.25,120,ES.v.0
2019-02-25 13:00:00+00:00,33,1,18720,2804.5,2804.75,2804.25,2804.25,982,ES.v.0
2019-02-25 13:01:00+00:00,33,1,18720,2804.25,2804.75,2804.25,2804.5,493,ES.v.0
2019-02-25 13:02:00+00:00,33,1,18720,2804.75,2804.75,2804.5,2804.75,82,ES.v.0
2019-02-25 13:03:00+00:00,33,1,18720,2804.5,2805.25,2804.5,2804.75,771,ES.v.0
2019-02-25 13:04:00+00:00,33,1,18720,2804.5,2804.75,2804.5,2804.5,349,ES.v.0
2019-02-25 13:05:00+00:00,33,1,18720,2804.5,2804.5,2804.25,2804.25,113,ES.v.0
2019-02-25 13:06:00+00:00,33,1,18720,2804.5,2804.5,2804.25,2804.5,425,ES.v.0
2019-02-25 13:07:00+00:00,33,1,18720,2804.5,2804.5,2804.25,2804.5,239,ES.v.0
2019-02-25 13:08:00+00:00,33,1,18720,2804.5,2804.5,2804.25,2804.25,437,ES.v.0
2019-02-25 13:09:00+00:00,33,1,18720,2804.25,2804.5,2804.0,2804.25,186,ES.v.0
2019-02-25 13:10:00+00:00,33,1,18720,2804.25,2804.75,2804.25,2804.75,366,ES.v.0
2019-02-25 13:11:00+00:00,33,1,18720,2804.5,2804.75,2804.25,2804.25,293,ES.v.0
2019-02-25 13:12:00+00:00,33,1,18720,2804.25,2804.5,2804.25,2804.5,28,ES.v.0
2019-02-25 13:13:00+00:00,33,1,18720,2804.5,2805.0,2804.0,2805.0,645,ES.v.0
2019-02-25 13:14:00+00:00,33,1,18720,2804.75,2805.0,2804.5,2804.75,245,ES.v.0
2019-02-25 13:15:00+00:00,33,1,18720,2804.75,2805.0,2804.75,2804.75,518,ES.v.0
2019-02-25 13:16:00+00:00,33,1,18720,2805.0,2805.0,2804.75,2804.75,183,ES.v.0
2019-02-25 13:17:00+00:00,33,1,18720,2804.75,2805.0,2804.5,2804.75,171,ES.v.0
2019-02-25 13:18:00+00:00,33,1,18720,2805.0,2805.0,2804.5,2804.5,312,ES.v.0
2019-02-25 13:19:00+00:00,33,1,18720,2804.5,2804.75,2804.5,2804.5,73,ES.v.0
2019-02-25 13:20:00+00:00,33,1,18720,2804.5,2805.0,2804.5,2805.0,714,ES.v.0
2019-02-25 13:21:00+00:00,33,1,18720,2805.0,2805.0,2804.5,2804.75,343,ES.v.0
2019-02-25 13:22:00+00:00,33,1,18720,2805.0,2805.0,2804.75,2805.0,26,ES.v.0
2019-02-25 13:23:00+00:00,33,1,18720,2804.75,2805.25,2804.75,2805.25,527,ES.v.0
2019-02-25 13:24:00+00:00,33,1,18720,2805.25,2805.25,2804.75,2805.0,155,ES.v.0
2019-02-25 13:25:00+00:00,33,1,18720,2805.0,2805.0,2804.75,2805.0,258,ES.v.0
2019-02-25 13:26:00+00:00,33,1,18720,2805.0,2805.25,2804.5,2804.75,421,ES.v.0
2019-02-25 13:27:00+00:00,33,1,18720,2804.75,2805.0,2804.75,2805.0,377,ES.v.0
2019-02-25 13:28:00+00:00,33,1,18720,2805.0,2805.0,2804.75,2804.75,134,ES.v.0
2019-02-25 13:29:00+00:00,33,1,18720,2805.0,2805.0,2804.75,2804.75,35,ES.v.0
2019-02-25 13:30:00+00:00,33,1,18720,2805.0,2805.0,2804.5,2804.75,443,ES.v.0
2019-02-25 13:31:00+00:00,33,1,18720,2804.5,2805.0,2804.5,2805.0,106,ES.v.0
2019-02-25 13:32:00+00:00,33,1,18720,2804.75,2805.5,2804.75,2805.5,264,ES.v.0
2019-02-25 13:33:00+00:00,33,1,18720,2805.5,2805.75,2805.25,2805.75,502,ES.v.0
2019-02-25 13:34:00+00:00,33,1,18720,2805.5,2806.0,2805.5,2805.5,879,ES.v.0
2019-02-25 13:35:00+00:00,33,1,18720,2805.75,2805.75,2805.5,2805.75,330,ES.v.0
2019-02-25 13:36:00+00:00,33,1,18720,2805.75,2806.0,2805.5,2805.75,810,ES.v.0
2019-02-25 13:37:00+00:00,33,1,18720,2806.0,2806.0,2805.5,2805.75,713,ES.v.0
2019-02-25 13:38:00+00:00,33,1,18720,2805.75,2805.75,2805.25,2805.5,648,ES.v.0
2019-02-25 13:39:00+00:00,33,1,18720,2805.5,2805.5,2805.25,2805.25,187,ES.v.0
2019-02-25 13:40:00+00:00,33,1,18720,2805.25,2805.5,2805.0,2805.25,345,ES.v.0
2019-02-25 13:41:00+00:00,33,1,18720,2805.25,2805.25,2805.0,2805.0,262,ES.v.0
2019-02-25 13:42:00+00:00,33,1,18720,2805.0,2805.0,2804.75,2805.0,374,ES.v.0
2019-02-25 13:43:00+00:00,33,1,18720,2804.75,2805.0,2804.75,2805.0,398,ES.v.0
2019-02-25 13:44:00+00:00,33,1,18720,2804.75,2805.25,2804.75,2805.25,114,ES.v.0
2019-02-25 13:45:00+00:00,33,1,18720,2805.0,2805.5,2805.0,2805.5,129,ES.v.0
2019-02-25 13:46:00+00:00,33,1,18720,2805.25,2805.5,2805.25,2805.5,54,ES.v.0
2019-02-25 13:47:00+00:00,33,1,18720,2805.5,2807.5,2805.5,2807.5,2830,ES.v.0
2019-02-25 13:48:00+00:00,33,1,18720,2807.5,2807.5,2806.75,2807.25,1072,ES.v.0
2019-02-25 13:49:00+00:00,33,1,18720,2807.25,2807.25,2807.0,2807.0,690,ES.v.0
2019-02-25 13:50:00+00:00,33,1,18720,2807.0,2807.5,2806.75,2807.25,605,ES.v.0
2019-02-25 13:51:00+00:00,33,1,18720,2807.0,2807.5,2807.0,2807.25,576,ES.v.0
2019-02-25 13:52:00+00:00,33,1,18720,2807.5,2807.75,2807.0,2807.0,876,ES.v.0
2019-02-25 13:53:00+00:00,33,1,18720,2807.0,2807.25,2807.0,2807.25,608,ES.v.0
2019-02-25 13:54:00+00:00,33,1,18720,2807.25,2807.25,2807.0,2807.25,550,ES.v.0
2019-02-25 13:55:00+00:00,33,1,18720,2807.25,2807.5,2807.0,2807.5,426,ES.v.0
2019-02-25 13:56:00+00:00,33,1,18720,2807.5,2807.5,2806.75,2806.75,608,ES.v.0
2019-02-25 13:57:00+00:00,33,1,18720,2807.0,2807.25,2806.75,2807.0,244,ES.v.0
2019-02-25 13:58:00+00:00,33,1,18720,2806.75,2807.25,2806.75,2807.0,269,ES.v.0
2019-02-25 13:59:00+00:00,33,1,18720,2807.0,2807.75,2807.0,2807.5,330,ES.v.0
2019-02-25 14:00:00+00:00,33,1,18720,2807.75,2808.0,2807.5,2807.75,388,ES.v.0
2019-02-25 14:01:00+00:00,33,1,18720,2807.75,2808.25,2807.75,2807.75,905,ES.v.0
2019-02-25 14:02:00+00:00,33,1,18720,2807.75,2808.25,2807.75,2808.25,846,ES.v.0
2019-02-25 14:03:00+00:00,33,1,18720,2808.0,2808.5,2808.0,2808.25,683,ES.v.0
2019-02-25 14:04:00+00:00,33,1,18720,2808.25,2808.25,2807.75,2808.0,607,ES.v.0
2019-02-25 14:05:00+00:00,33,1,18720,2808.25,2808.25,2807.75,2808.0,577,ES.v.0
2019-02-25 14:06:00+00:00,33,1,18720,2808.0,2808.0,2807.5,2808.0,520,ES.v.0
2019-02-25 14:07:00+00:00,33,1,18720,2807.75,2808.0,2807.75,2808.0,242,ES.v.0
2019-02-25 14:08:00+00:00,33,1,18720,2808.0,2808.0,2807.5,2807.75,212,ES.v.0
2019-02-25 14:09:00+00:00,33,1,18720,2807.75,2808.0,2807.5,2807.5,304,ES.v.0
2019-02-25 14:10:00+00:00,33,1,18720,2807.5,2808.0,2807.5,2808.0,391,ES.v.0
2019-02-25 14:11:00+00:00,33,1,18720,2807.75,2808.0,2807.75,2808.0,157,ES.v.0
2019-02-25 14:12:00+00:00,33,1,18720,2807.75,2808.0,2807.75,2808.0,309,ES.v.0
2019-02-25 14:13:00+00:00,33,1,18720,2807.75,2808.0,2807.75,2808.0,218,ES.v.0
2019-02-25 14:14:00+00:00,33,1,18720,2807.75,2808.0,2807.75,2808.0,335,ES.v.0
2019-02-25 14:15:00+00:00,33,1,18720,2807.75,2808.25,2807.75,2807.75,360,ES.v.0
2019-02-25 14:16:00+00:00,33,1,18720,2807.75,2808.5,2807.5,2808.5,980,ES.v.0
2019-02-25 14:17:00+00:00,33,1,18720,2808.25,2808.5,2808.0,2808.5,1476,ES.v.0
2019-02-25 14:18:00+00:00,33,1,18720,2808.5,2808.5,2808.25,2808.5,354,ES.v.0
2019-02-25 14:19:00+00:00,33,1,18720,2808.5,2809.0,2808.5,2809.0,1211,ES.v.0
2019-02-25 14:20:00+00:00,33,1,18720,2809.0,2809.0,2808.75,2808.75,456,ES.v.0
2019-02-25 14:21:00+00:00,33,1,18720,2808.75,2809.0,2808.75,2808.75,1428,ES.v.0
2019-02-25 14:22:00+00:00,33,1,18720,2808.75,2809.0,2808.5,2808.5,1419,ES.v.0
2019-02-25 14:23:00+00:00,33,1,18720,2808.5,2808.75,2808.25,2808.5,712,ES.v.0
2019-02-25 14:24:00+00:00,33,1,18720,2808.5,2809.0,2808.5,2808.5,214,ES.v.0
2019-02-25 14:25:00+00:00,33,1,18720,2808.5,2808.75,2808.25,2808.75,473,ES.v.0
2019-02-25 14:26:00+00:00,33,1,18720,2808.75,2809.25,2808.5,2809.0,808,ES.v.0
2019-02-25 14:27:00+00:00,33,1,18720,2809.0,2809.0,2808.0,2808.25,1623,ES.v.0
2019-02-25 14:28:00+00:00,33,1,18720,2808.25,2808.25,2807.5,2808.25,2202,ES.v.0
2019-02-25 14:29:00+00:00,33,1,18720,2808.25,2808.25,2807.5,2808.0,1879,ES.v.0
2019-02-25 14:30:00+00:00,33,1,18720,2807.75,2809.25,2807.25,2808.5,11751,ES.v.0
2019-02-25 14:31:00+00:00,33,1,18720,2808.5,2809.5,2808.0,2809.0,5968,ES.v.0
2019-02-25 14:32:00+00:00,33,1,18720,2809.0,2809.75,2808.5,2809.0,10200,ES.v.0
2019-02-25 14:33:00+00:00,33,1,18720,2809.0,2809.75,2808.75,2809.0,5034,ES.v.0
2019-02-25 14:34:00+00:00,33,1,18720,2809.25,2809.5,2808.75,2809.0,5217,ES.v.0
2019-02-25 14:35:00+00:00,33,1,18720,2809.25,2810.0,2809.0,2810.0,8643,ES.v.0
2019-02-25 14:36:00+00:00,33,1,18720,2810.0,2810.0,2808.5,2809.25,5900,ES.v.0
2019-02-25 14:37:00+00:00,33,1,18720,2809.0,2809.25,2807.5,2807.75,8190,ES.v.0
2019-02-25 14:38:00+00:00,33,1,18720,2807.75,2809.25,2807.5,2809.0,5305,ES.v.0
2019-02-25 14:39:00+00:00,33,1,18720,2809.0,2810.5,2809.0,2810.0,9297,ES.v.0
2019-02-25 14:40:00+00:00,33,1,18720,2810.0,2810.5,2809.25,2809.5,4416,ES.v.0
2019-02-25 14:41:00+00:00,33,1,18720,2809.75,2809.75,2808.0,2808.5,7130,ES.v.0
2019-02-25 14:42:00+00:00,33,1,18720,2808.5,2809.0,2807.75,2808.0,4193,ES.v.0
2019-02-25 14:43:00+00:00,33,1,18720,2808.25,2808.75,2808.0,2808.75,3119,ES.v.0
2019-02-25 14:44:00+00:00,33,1,18720,2808.75,2809.25,2807.75,2809.25,3802,ES.v.0
2019-02-25 14:45:00+00:00,33,1,18720,2809.25,2810.25,2809.25,2809.75,5495,ES.v.0
2019-02-25 14:46:00+00:00,33,1,18720,2809.75,2810.75,2808.75,2809.0,5571,ES.v.0
2019-02-25 14:47:00+00:00,33,1,18720,2809.0,2809.25,2808.0,2808.25,3750,ES.v.0
2019-02-25 14:48:00+00:00,33,1,18720,2808.25,2809.0,2808.0,2808.5,2148,ES.v.0
2019-02-25 14:49:00+00:00,33,1,18720,2808.5,2809.75,2808.25,2808.5,2845,ES.v.0
2019-02-25 14:50:00+00:00,33,1,18720,2808.75,2809.75,2808.25,2809.75,3424,ES.v.0
2019-02-25 14:51:00+00:00,33,1,18720,2810.0,2811.5,2809.25,2810.5,9027,ES.v.0
2019-02-25 14:52:00+00:00,33,1,18720,2810.75,2810.75,2808.75,2809.0,5489,ES.v.0
2019-02-25 14:53:00+00:00,33,1,18720,2809.0,2809.5,2808.5,2809.0,8435,ES.v.0
2019-02-25 14:54:00+00:00,33,1,18720,2809.0,2809.25,2808.25,2808.75,6808,ES.v.0
2019-02-25 14:55:00+00:00,33,1,18720,2808.75,2809.0,2807.25,2807.5,6262,ES.v.0
2019-02-25 14:56:00+00:00,33,1,18720,2807.5,2808.5,2807.25,2808.0,5997,ES.v.0
2019-02-25 14:57:00+00:00,33,1,18720,2808.0,2808.25,2807.0,2807.75,9960,ES.v.0
2019-02-25 14:58:00+00:00,33,1,18720,2807.75,2808.75,2807.5,2808.25,4865,ES.v.0
2019-02-25 14:59:00+00:00,33,1,18720,2808.25,2808.25,2806.75,2807.0,5776,ES.v.0
2019-02-25 15:00:00+00:00,33,1,18720,2807.0,2807.75,2805.25,2806.25,8601,ES.v.0
2019-02-25 15:01:00+00:00,33,1,18720,2806.25,2807.25,2806.0,2807.0,4041,ES.v.0
2019-02-25 15:02:00+00:00,33,1,18720,2807.0,2807.0,2806.25,2806.25,2621,ES.v.0
2019-02-25 15:03:00+00:00,33,1,18720,2806.5,2807.25,2806.25,2806.75,3311,ES.v.0
2019-02-25 15:04:00+00:00,33,1,18720,2806.75,2807.25,2805.75,2807.0,4791,ES.v.0
2019-02-25 15:05:00+00:00,33,1,18720,2807.0,2808.0,2807.0,2807.75,3253,ES.v.0
2019-02-25 15:06:00+00:00,33,1,18720,2807.75,2808.5,2807.0,2808.0,9953,ES.v.0
2019-02-25 15:07:00+00:00,33,1,18720,2807.75,2808.25,2807.5,2808.0,2624,ES.v.0
2019-02-25 15:08:00+00:00,33,1,18720,2807.75,2808.5,2807.75,2808.25,1556,ES.v.0
2019-02-25 15:09:00+00:00,33,1,18720,2808.25,2808.75,2807.75,2808.25,4200,ES.v.0
2019-02-25 15:10:00+00:00,33,1,18720,2808.25,2808.75,2808.0,2808.25,4196,ES.v.0
2019-02-25 15:11:00+00:00,33,1,18720,2808.0,2809.5,2808.0,2808.5,3849,ES.v.0
2019-02-25 15:12:00+00:00,33,1,18720,2808.5,2809.5,2807.75,2809.5,2865,ES.v.0
2019-02-25 15:13:00+00:00,33,1,18720,2809.5,2809.5,2808.75,2809.5,1882,ES.v.0
2019-02-25 15:14:00+00:00,33,1,18720,2809.5,2810.0,2809.0,2809.75,4335,ES.v.0
2019-02-25 15:15:00+00:00,33,1,18720,2809.75,2810.25,2809.5,2809.75,2945,ES.v.0
2019-02-25 15:16:00+00:00,33,1,18720,2809.75,2810.25,2809.75,2810.0,2448,ES.v.0
2019-02-25 15:17:00+00:00,33,1,18720,2809.75,2810.75,2809.5,2810.75,2561,ES.v.0
2019-02-25 15:18:00+00:00,33,1,18720,2810.75,2810.75,2809.75,2810.25,2541,ES.v.0
2019-02-25 15:19:00+00:00,33,1,18720,2810.0,2810.5,2809.75,2810.5,1148,ES.v.0
2019-02-25 15:20:00+00:00,33,1,18720,2810.5,2810.75,2809.75,2810.0,3022,ES.v.0
2019-02-25 15:21:00+00:00,33,1,18720,2810.0,2810.25,2808.25,2808.25,3305,ES.v.0
2019-02-25 15:22:00+00:00,33,1,18720,2808.25,2808.75,2808.25,2808.5,3146,ES.v.0
2019-02-25 15:23:00+00:00,33,1,18720,2808.5,2808.5,2807.5,2807.75,3078,ES.v.0
2019-02-25 15:24:00+00:00,33,1,18720,2808.0,2808.5,2807.5,2808.0,3634,ES.v.0
2019-02-25 15:25:00+00:00,33,1,18720,2808.0,2808.0,2807.0,2807.0,2625,ES.v.0
2019-02-25 15:26:00+00:00,33,1,18720,2807.0,2807.5,2806.5,2807.25,3713,ES.v.0
2019-02-25 15:27:00+00:00,33,1,18720,2807.25,2808.0,2807.0,2807.25,3773,ES.v.0
2019-02-25 15:28:00+00:00,33,1,18720,2807.25,2807.25,2805.5,2806.0,4746,ES.v.0
2019-02-25 15:29:00+00:00,33,1,18720,2806.0,2806.75,2805.25,2806.75,3308,ES.v.0
2019-02-25 15:30:00+00:00,33,1,18720,2806.75,2806.75,2805.5,2806.0,3634,ES.v.0
2019-02-25 15:31:00+00:00,33,1,18720,2806.0,2806.75,2805.25,2806.0,5536,ES.v.0
2019-02-25 15:32:00+00:00,33,1,18720,2806.0,2806.75,2805.75,2806.5,2326,ES.v.0
2019-02-25 15:33:00+00:00,33,1,18720,2806.5,2806.75,2806.0,2806.25,2029,ES.v.0
2019-02-25 15:34:00+00:00,33,1,18720,2806.25,2806.5,2806.0,2806.25,2040,ES.v.0
2019-02-25 15:35:00+00:00,33,1,18720,2806.25,2806.5,2805.5,2806.25,3980,ES.v.0
2019-02-25 15:36:00+00:00,33,1,18720,2806.0,2806.25,2804.75,2805.5,4278,ES.v.0
2019-02-25 15:37:00+00:00,33,1,18720,2805.5,2806.75,2805.5,2806.5,2950,ES.v.0
2019-02-25 15:38:00+00:00,33,1,18720,2806.25,2807.25,2806.0,2807.25,2555,ES.v.0
2019-02-25 15:39:00+00:00,33,1,18720,2807.0,2808.75,2807.0,2808.0,5196,ES.v.0
2019-02-25 15:40:00+00:00,33,1,18720,2808.0,2808.5,2807.75,2808.25,2905,ES.v.0
2019-02-25 15:41:00+00:00,33,1,18720,2808.5,2808.75,2808.0,2808.5,1802,ES.v.0
2019-02-25 15:42:00+00:00,33,1,18720,2808.75,2809.0,2808.25,2808.5,1763,ES.v.0
2019-02-25 15:43:00+00:00,33,1,18720,2808.25,2809.25,2808.25,2809.0,2449,ES.v.0
2019-02-25 15:44:00+00:00,33,1,18720,2809.0,2809.75,2808.75,2809.75,1440,ES.v.0
2019-02-25 15:45:00+00:00,33,1,18720,2809.5,2809.75,2809.25,2809.25,1629,ES.v.0
2019-02-25 15:46:00+00:00,33,1,18720,2809.25,2809.5,2809.0,2809.0,1775,ES.v.0
2019-02-25 15:47:00+00:00,33,1,18720,2809.25,2809.25,2808.75,2809.0,1136,ES.v.0
2019-02-25 15:48:00+00:00,33,1,18720,2809.0,2809.5,2809.0,2809.5,1091,ES.v.0
2019-02-25 15:49:00+00:00,33,1,18720,2809.5,2810.25,2809.25,2810.25,2683,ES.v.0
2019-02-25 15:50:00+00:00,33,1,18720,2810.25,2810.25,2809.5,2810.0,1673,ES.v.0
2019-02-25 15:51:00+00:00,33,1,18720,2810.0,2810.5,2809.5,2810.5,1452,ES.v.0
2019-02-25 15:52:00+00:00,33,1,18720,2810.5,2811.5,2810.0,2811.0,4072,ES.v.0
2019-02-25 15:53:00+00:00,33,1,18720,2811.0,2811.5,2810.75,2811.25,2665,ES.v.0
2019-02-25 15:54:00+00:00,33,1,18720,2811.5,2813.5,2811.5,2812.5,8882,ES.v.0
2019-02-25 15:55:00+00:00,33,1,18720,2812.5,2813.5,2812.25,2813.0,5770,ES.v.0
2019-02-25 15:56:00+00:00,33,1,18720,2813.25,2813.5,2812.25,2813.25,3985,ES.v.0
2019-02-25 15:57:00+00:00,33,1,18720,2813.5,2813.75,2813.0,2813.5,2778,ES.v.0
2019-02-25 15:58:00+00:00,33,1,18720,2813.5,2813.5,2812.75,2812.75,4121,ES.v.0
2019-02-25 15:59:00+00:00,33,1,18720,2813.0,2813.25,2812.5,2813.0,1884,ES.v.0
2019-02-25 16:00:00+00:00,33,1,18720,2812.75,2813.25,2812.5,2812.75,1656,ES.v.0
2019-02-25 16:01:00+00:00,33,1,18720,2813.0,2813.0,2812.5,2812.5,1921,ES.v.0
2019-02-25 16:02:00+00:00,33,1,18720,2812.75,2813.0,2812.5,2812.5,1911,ES.v.0
2019-02-25 16:03:00+00:00,33,1,18720,2812.75,2812.75,2812.25,2812.75,1679,ES.v.0
2019-02-25 16:04:00+00:00,33,1,18720,2812.75,2813.0,2812.5,2813.0,1314,ES.v.0
2019-02-25 16:05:00+00:00,33,1,18720,2813.0,2813.25,2812.75,2813.0,1480,ES.v.0
2019-02-25 16:06:00+00:00,33,1,18720,2813.0,2813.25,2812.5,2813.25,1610,ES.v.0
2019-02-25 16:07:00+00:00,33,1,18720,2813.25,2814.0,2813.0,2814.0,4742,ES.v.0
2019-02-25 16:08:00+00:00,33,1,18720,2814.0,2814.0,2813.25,2813.5,1348,ES.v.0
2019-02-25 16:09:00+00:00,33,1,18720,2813.75,2813.75,2812.25,2812.25,2833,ES.v.0
2019-02-25 16:10:00+00:00,33,1,18720,2812.5,2812.75,2812.0,2812.75,1848,ES.v.0
2019-02-25 16:11:00+00:00,33,1,18720,2812.75,2813.0,2812.25,2812.5,1522,ES.v.0
2019-02-25 16:12:00+00:00,33,1,18720,2812.75,2813.25,2812.5,2812.75,2283,ES.v.0
2019-02-25 16:13:00+00:00,33,1,18720,2812.75,2812.75,2812.25,2812.25,1294,ES.v.0
2019-02-25 16:14:00+00:00,33,1,18720,2812.5,2812.5,2811.25,2811.75,2032,ES.v.0
2019-02-25 16:15:00+00:00,33,1,18720,2811.75,2811.75,2811.0,2811.25,2022,ES.v.0
2019-02-25 16:16:00+00:00,33,1,18720,2811.25,2811.5,2810.75,2811.0,3365,ES.v.0
2019-02-25 16:17:00+00:00,33,1,18720,2811.25,2811.75,2811.0,2811.5,2542,ES.v.0
2019-02-25 16:18:00+00:00,33,1,18720,2811.5,2811.75,2811.0,2811.5,1279,ES.v.0
2019-02-25 16:19:00+00:00,33,1,18720,2811.5,2811.5,2811.0,2811.25,1111,ES.v.0
2019-02-25 16:20:00+00:00,33,1,18720,2811.5,2811.5,2811.0,2811.0,543,ES.v.0
2019-02-25 16:21:00+00:00,33,1,18720,2811.25,2811.25,2810.5,2810.5,2401,ES.v.0
2019-02-25 16:22:00+00:00,33,1,18720,2810.5,2810.75,2810.25,2810.5,2939,ES.v.0
2019-02-25 16:23:00+00:00,33,1,18720,2810.5,2810.75,2809.75,2810.0,2775,ES.v.0
2019-02-25 16:24:00+00:00,33,1,18720,2810.0,2810.5,2809.75,2810.25,2245,ES.v.0
2019-02-25 16:25:00+00:00,33,1,18720,2810.0,2810.25,2809.75,2809.75,1033,ES.v.0
2019-02-25 16:26:00+00:00,33,1,18720,2810.0,2810.0,2809.0,2809.75,2902,ES.v.0
2019-02-25 16:27:00+00:00,33,1,18720,2809.5,2809.75,2808.75,2809.5,2071,ES.v.0
2019-02-25 16:28:00+00:00,33,1,18720,2809.5,2809.5,2808.75,2809.5,1854,ES.v.0
2019-02-25 16:29:00+00:00,33,1,18720,2809.25,2809.75,2809.25,2809.5,2360,ES.v.0
2019-02-25 16:30:00+00:00,33,1,18720,2809.5,2809.75,2808.5,2809.5,2437,ES.v.0
2019-02-25 16:31:00+00:00,33,1,18720,2809.5,2810.5,2809.25,2810.25,2241,ES.v.0
2019-02-25 16:32:00+00:00,33,1,18720,2810.25,2811.0,2810.25,2810.5,1994,ES.v.0
2019-02-25 16:33:00+00:00,33,1,18720,2810.5,2810.75,2810.0,2810.25,2601,ES.v.0
2019-02-25 16:34:00+00:00,33,1,18720,2810.25,2811.25,2810.25,2811.25,2017,ES.v.0
2019-02-25 16:35:00+00:00,33,1,18720,2811.25,2811.25,2810.5,2810.5,1318,ES.v.0
2019-02-25 16:36:00+00:00,33,1,18720,2810.75,2810.75,2810.5,2810.75,409,ES.v.0
2019-02-25 16:37:00+00:00,33,1,18720,2810.5,2811.0,2810.25,2810.5,1727,ES.v.0
2019-02-25 16:38:00+00:00,33,1,18720,2810.5,2810.75,2810.25,2810.25,1200,ES.v.0
2019-02-25 16:39:00+00:00,33,1,18720,2810.25,2810.5,2809.25,2810.25,2120,ES.v.0
2019-02-25 16:40:00+00:00,33,1,18720,2810.0,2810.75,2809.5,2810.5,1751,ES.v.0
2019-02-25 16:41:00+00:00,33,1,18720,2810.75,2810.75,2810.25,2810.25,856,ES.v.0
2019-02-25 16:42:00+00:00,33,1,18720,2810.25,2811.0,2809.75,2810.5,1612,ES.v.0
2019-02-25 16:43:00+00:00,33,1,18720,2810.5,2811.5,2810.5,2811.0,2170,ES.v.0
2019-02-25 16:44:00+00:00,33,1,18720,2811.0,2811.5,2811.0,2811.25,1258,ES.v.0
2019-02-25 16:45:00+00:00,33,1,18720,2811.0,2811.5,2811.0,2811.0,1784,ES.v.0
2019-02-25 16:46:00+00:00,33,1,18720,2811.0,2811.25,2810.5,2810.5,883,ES.v.0
2019-02-25 16:47:00+00:00,33,1,18720,2810.75,2810.75,2810.0,2810.75,855,ES.v.0
2019-02-25 16:48:00+00:00,33,1,18720,2810.75,2811.75,2810.75,2811.5,1334,ES.v.0
2019-02-25 16:49:00+00:00,33,1,18720,2811.5,2812.0,2811.25,2811.75,1265,ES.v.0
2019-02-25 16:50:00+00:00,33,1,18720,2811.75,2811.75,2811.25,2811.75,1185,ES.v.0
2019-02-25 16:51:00+00:00,33,1,18720,2811.75,2811.75,2811.0,2811.25,376,ES.v.0
2019-02-25 16:52:00+00:00,33,1,18720,2811.25,2811.25,2810.5,2810.5,673,ES.v.0
2019-02-25 16:53:00+00:00,33,1,18720,2810.75,2811.0,2809.75,2810.0,1732,ES.v.0
2019-02-25 16:54:00+00:00,33,1,18720,2810.0,2810.0,2809.5,2809.5,1294,ES.v.0
2019-02-25 16:55:00+00:00,33,1,18720,2809.75,2810.25,2808.5,2810.25,2176,ES.v.0
2019-02-25 16:56:00+00:00,33,1,18720,2810.25,2810.25,2809.0,2809.5,2881,ES.v.0
2019-02-25 16:57:00+00:00,33,1,18720,2809.75,2809.75,2809.25,2809.25,753,ES.v.0
2019-02-25 16:58:00+00:00,33,1,18720,2809.5,2810.25,2809.25,2810.0,1636,ES.v.0
2019-02-25 16:59:00+00:00,33,1,18720,2810.25,2810.5,2809.75,2810.0,1552,ES.v.0
2019-02-25 17:00:00+00:00,33,1,18720,2810.0,2810.5,2809.5,2809.75,2375,ES.v.0
2019-02-25 17:01:00+00:00,33,1,18720,2809.75,2809.75,2808.75,2809.25,2586,ES.v.0
2019-02-25 17:02:00+00:00,33,1,18720,2809.25,2809.75,2809.0,2809.75,701,ES.v.0
2019-02-25 17:03:00+00:00,33,1,18720,2809.75,2809.75,2809.25,2809.5,709,ES.v.0
2019-02-25 17:04:00+00:00,33,1,18720,2809.75,2810.0,2809.0,2809.25,2253,ES.v.0
2019-02-25 17:05:00+00:00,33,1,18720,2809.5,2809.5,2809.0,2809.0,703,ES.v.0
2019-02-25 17:06:00+00:00,33,1,18720,2809.25,2809.75,2809.0,2809.25,936,ES.v.0
2019-02-25 17:07:00+00:00,33,1,18720,2809.25,2809.25,2808.75,2809.25,967,ES.v.0
2019-02-25 17:08:00+00:00,33,1,18720,2809.25,2809.25,2808.5,2808.75,2673,ES.v.0
2019-02-25 17:09:00+00:00,33,1,18720,2809.0,2809.25,2808.75,2809.0,1440,ES.v.0
2019-02-25 17:10:00+00:00,33,1,18720,2809.25,2809.25,2808.5,2808.75,1101,ES.v.0
2019-02-25 17:11:00+00:00,33,1,18720,2809.0,2809.25,2808.75,2809.0,675,ES.v.0
2019-02-25 17:12:00+00:00,33,1,18720,2809.25,2809.75,2808.25,2809.75,2342,ES.v.0
2019-02-25 17:13:00+00:00,33,1,18720,2809.75,2810.0,2809.25,2809.75,1745,ES.v.0
2019-02-25 17:14:00+00:00,33,1,18720,2810.0,2810.0,2809.5,2809.5,2878,ES.v.0
2019-02-25 17:15:00+00:00,33,1,18720,2809.75,2810.0,2809.25,2809.25,1098,ES.v.0
2019-02-25 17:16:00+00:00,33,1,18720,2809.25,2809.5,2809.0,2809.25,467,ES.v.0
2019-02-25 17:17:00+00:00,33,1,18720,2809.25,2809.75,2809.0,2809.25,1559,ES.v.0
2019-02-25 17:18:00+00:00,33,1,18720,2809.5,2809.75,2809.25,2809.5,828,ES.v.0
2019-02-25 17:19:00+00:00,33,1,18720,2809.75,2809.75,2808.75,2808.75,1695,ES.v.0
2019-02-25 17:20:00+00:00,33,1,18720,2809.0,2809.0,2807.75,2807.75,3058,ES.v.0
2019-02-25 17:21:00+00:00,33,1,18720,2807.75,2808.25,2807.0,2807.75,4760,ES.v.0
2019-02-25 17:22:00+00:00,33,1,18720,2807.75,2808.0,2807.25,2807.25,1524,ES.v.0
2019-02-25 17:23:00+00:00,33,1,18720,2807.25,2807.5,2806.75,2807.0,1742,ES.v.0
2019-02-25 17:24:00+00:00,33,1,18720,2806.75,2807.0,2805.25,2806.0,3701,ES.v.0
2019-02-25 17:25:00+00:00,33,1,18720,2806.0,2806.75,2805.75,2806.5,3738,ES.v.0
2019-02-25 17:26:00+00:00,33,1,18720,2806.25,2807.25,2806.25,2806.75,2491,ES.v.0
2019-02-25 17:27:00+00:00,33,1,18720,2807.0,2807.25,2806.75,2807.0,1701,ES.v.0
2019-02-25 17:28:00+00:00,33,1,18720,2807.0,2807.25,2806.25,2806.5,3603,ES.v.0
2019-02-25 17:29:00+00:00,33,1,18720,2806.5,2806.75,2806.25,2806.25,1124,ES.v.0
2019-02-25 17:30:00+00:00,33,1,18720,2806.25,2806.5,2805.5,2806.0,2118,ES.v.0
2019-02-25 17:31:00+00:00,33,1,18720,2805.75,2806.0,2805.0,2805.75,1678,ES.v.0
2019-02-25 17:32:00+00:00,33,1,18720,2805.5,2806.5,2805.25,2806.25,1649,ES.v.0
2019-02-25 17:33:00+00:00,33,1,18720,2806.25,2807.0,2806.0,2806.5,1264,ES.v.0
2019-02-25 17:34:00+00:00,33,1,18720,2806.5,2806.75,2806.25,2806.25,1638,ES.v.0
2019-02-25 17:35:00+00:00,33,1,18720,2806.25,2806.5,2806.0,2806.0,1326,ES.v.0
2019-02-25 17:36:00+00:00,33,1,18720,2806.25,2806.25,2805.25,2805.25,2453,ES.v.0
2019-02-25 17:37:00+00:00,33,1,18720,2805.25,2806.0,2805.25,2806.0,1039,ES.v.0
2019-02-25 17:38:00+00:00,33,1,18720,2805.75,2806.0,2805.5,2805.5,972,ES.v.0
2019-02-25 17:39:00+00:00,33,1,18720,2805.5,2805.75,2805.25,2805.75,1302,ES.v.0
2019-02-25 17:40:00+00:00,33,1,18720,2805.5,2806.75,2805.5,2806.5,2676,ES.v.0
2019-02-25 17:41:00+00:00,33,1,18720,2806.5,2806.75,2805.75,2805.75,924,ES.v.0
2019-02-25 17:42:00+00:00,33,1,18720,2805.75,2806.25,2805.75,2806.0,885,ES.v.0
2019-02-25 17:43:00+00:00,33,1,18720,2806.0,2806.0,2805.5,2805.75,775,ES.v.0
2019-02-25 17:44:00+00:00,33,1,18720,2805.75,2806.25,2805.5,2806.25,910,ES.v.0
2019-02-25 17:45:00+00:00,33,1,18720,2806.25,2806.25,2805.25,2805.5,1498,ES.v.0
2019-02-25 17:46:00+00:00,33,1,18720,2805.5,2806.0,2805.25,2805.5,1363,ES.v.0
2019-02-25 17:47:00+00:00,33,1,18720,2805.5,2805.75,2805.0,2805.75,1386,ES.v.0
2019-02-25 17:48:00+00:00,33,1,18720,2805.75,2806.0,2805.25,2805.25,953,ES.v.0
2019-02-25 17:49:00+00:00,33,1,18720,2805.5,2805.75,2805.0,2805.5,682,ES.v.0
2019-02-25 17:50:00+00:00,33,1,18720,2805.75,2805.75,2805.0,2805.0,1113,ES.v.0
2019-02-25 17:51:00+00:00,33,1,18720,2805.25,2806.0,2805.0,2806.0,2598,ES.v.0
2019-02-25 17:52:00+00:00,33,1,18720,2806.0,2806.0,2803.75,2804.0,4088,ES.v.0
2019-02-25 17:53:00+00:00,33,1,18720,2804.0,2804.25,2803.25,2803.5,3688,ES.v.0
2019-02-25 17:54:00+00:00,33,1,18720,2803.75,2804.0,2803.25,2803.25,1709,ES.v.0
2019-02-25 17:55:00+00:00,33,1,18720,2803.5,2803.5,2801.5,2802.25,8377,ES.v.0
2019-02-25 17:56:00+00:00,33,1,18720,2802.5,2802.5,2801.75,2802.5,2938,ES.v.0
2019-02-25 17:57:00+00:00,33,1,18720,2802.5,2802.5,2801.5,2802.0,2469,ES.v.0
2019-02-25 17:58:00+00:00,33,1,18720,2802.0,2802.5,2801.5,2802.5,2716,ES.v.0
2019-02-25 17:59:00+00:00,33,1,18720,2802.5,2803.5,2802.25,2803.25,2232,ES.v.0
2019-02-25 18:00:00+00:00,33,1,18720,2803.5,2804.25,2802.75,2803.75,2456,ES.v.0
2019-02-25 18:01:00+00:00,33,1,18720,2803.75,2804.0,2803.0,2803.5,1904,ES.v.0
2019-02-25 18:02:00+00:00,33,1,18720,2803.5,2804.5,2803.5,2804.0,2102,ES.v.0
2019-02-25 18:03:00+00:00,33,1,18720,2804.25,2804.5,2803.75,2804.25,1638,ES.v.0
2019-02-25 18:04:00+00:00,33,1,18720,2804.25,2804.75,2803.75,2804.5,1356,ES.v.0
2019-02-25 18:05:00+00:00,33,1,18720,2804.5,2805.0,2804.25,2804.5,2130,ES.v.0
2019-02-25 18:06:00+00:00,33,1,18720,2804.75,2804.75,2804.25,2804.25,1221,ES.v.0
2019-02-25 18:07:00+00:00,33,1,18720,2804.5,2804.75,2804.25,2804.5,1206,ES.v.0
2019-02-25 18:08:00+00:00,33,1,18720,2804.75,2804.75,2804.0,2804.0,1631,ES.v.0
2019-02-25 18:09:00+00:00,33,1,18720,2804.25,2804.5,2804.0,2804.25,760,ES.v.0
2019-02-25 18:10:00+00:00,33,1,18720,2804.25,2804.75,2804.25,2804.5,1257,ES.v.0
2019-02-25 18:11:00+00:00,33,1,18720,2804.5,2804.5,2803.25,2803.25,1203,ES.v.0
2019-02-25 18:12:00+00:00,33,1,18720,2803.5,2804.0,2803.25,2803.5,780,ES.v.0
2019-02-25 18:13:00+00:00,33,1,18720,2803.75,2803.75,2803.25,2803.5,823,ES.v.0
2019-02-25 18:14:00+00:00,33,1,18720,2803.75,2803.75,2803.25,2803.25,608,ES.v.0
2019-02-25 18:15:00+00:00,33,1,18720,2803.25,2805.0,2803.0,2804.5,2996,ES.v.0
2019-02-25 18:16:00+00:00,33,1,18720,2804.5,2804.5,2803.5,2803.75,1036,ES.v.0
2019-02-25 18:17:00+00:00,33,1,18720,2804.0,2804.0,2803.25,2803.75,937,ES.v.0
2019-02-25 18:18:00+00:00,33,1,18720,2803.75,2804.25,2803.75,2803.75,1360,ES.v.0
2019-02-25 18:19:00+00:00,33,1,18720,2803.75,2803.75,2803.25,2803.5,702,ES.v.0
2019-02-25 18:20:00+00:00,33,1,18720,2803.25,2803.5,2803.0,2803.25,428,ES.v.0
2019-02-25 18:21:00+00:00,33,1,18720,2803.0,2803.75,2802.75,2803.5,1486,ES.v.0
2019-02-25 18:22:00+00:00,33,1,18720,2803.5,2803.75,2802.75,2803.0,970,ES.v.0
2019-02-25 18:23:00+00:00,33,1,18720,2803.25,2803.25,2802.75,2803.25,1187,ES.v.0
2019-02-25 18:24:00+00:00,33,1,18720,2803.0,2803.5,2802.75,2803.25,881,ES.v.0
2019-02-25 18:25:00+00:00,33,1,18720,2803.0,2803.25,2802.5,2802.5,813,ES.v.0
2019-02-25 18:26:00+00:00,33,1,18720,2802.5,2802.75,2802.25,2802.75,945,ES.v.0
2019-02-25 18:27:00+00:00,33,1,18720,2802.5,2803.0,2802.0,2803.0,1058,ES.v.0
2019-02-25 18:28:00+00:00,33,1,18720,2802.75,2803.25,2802.75,2802.75,1002,ES.v.0
2019-02-25 18:29:00+00:00,33,1,18720,2802.75,2802.75,2802.0,2802.25,1654,ES.v.0
2019-02-25 18:30:00+00:00,33,1,18720,2802.25,2802.75,2801.75,2802.0,1815,ES.v.0
2019-02-25 18:31:00+00:00,33,1,18720,2802.25,2802.25,2801.75,2801.75,888,ES.v.0
2019-02-25 18:32:00+00:00,33,1,18720,2801.75,2802.0,2801.25,2801.75,2157,ES.v.0
2019-02-25 18:33:00+00:00,33,1,18720,2801.75,2802.0,2801.0,2801.25,1427,ES.v.0
2019-02-25 18:34:00+00:00,33,1,18720,2801.0,2801.25,2800.5,2801.25,1635,ES.v.0
2019-02-25 18:35:00+00:00,33,1,18720,2801.25,2801.5,2800.5,2800.75,1621,ES.v.0
2019-02-25 18:36:00+00:00,33,1,18720,2800.5,2801.0,2800.25,2801.0,1175,ES.v.0
2019-02-25 18:37:00+00:00,33,1,18720,2801.0,2801.25,2800.75,2800.75,1398,ES.v.0
2019-02-25 18:38:00+00:00,33,1,18720,2800.5,2800.75,2800.25,2800.5,972,ES.v.0
2019-02-25 18:39:00+00:00,33,1,18720,2800.75,2800.75,2800.25,2800.75,872,ES.v.0
2019-02-25 18:40:00+00:00,33,1,18720,2800.5,2802.0,2800.5,2801.75,2633,ES.v.0
2019-02-25 18:41:00+00:00,33,1,18720,2801.75,2802.25,2801.5,2802.0,1914,ES.v.0
2019-02-25 18:42:00+00:00,33,1,18720,2802.25,2803.0,2802.0,2802.75,3135,ES.v.0
2019-02-25 18:43:00+00:00,33,1,18720,2802.75,2802.75,2802.0,2802.5,1848,ES.v.0
2019-02-25 18:44:00+00:00,33,1,18720,2802.5,2802.75,2802.25,2802.75,1280,ES.v.0
2019-02-25 18:45:00+00:00,33,1,18720,2802.5,2802.75,2802.0,2802.25,473,ES.v.0
2019-02-25 18:46:00+00:00,33,1,18720,2802.0,2802.5,2801.75,2802.25,705,ES.v.0
2019-02-25 18:47:00+00:00,33,1,18720,2802.0,2802.75,2801.75,2802.25,2768,ES.v.0
2019-02-25 18:48:00+00:00,33,1,18720,2802.25,2802.5,2802.0,2802.25,1655,ES.v.0
2019-02-25 18:49:00+00:00,33,1,18720,2802.0,2802.5,2802.0,2802.5,466,ES.v.0
2019-02-25 18:50:00+00:00,33,1,18720,2802.5,2803.0,2802.25,2802.75,1681,ES.v.0
2019-02-25 18:51:00+00:00,33,1,18720,2802.75,2803.25,2802.75,2803.0,881,ES.v.0
2019-02-25 18:52:00+00:00,33,1,18720,2803.0,2803.5,2802.75,2803.0,1331,ES.v.0
2019-02-25 18:53:00+00:00,33,1,18720,2803.25,2803.5,2802.5,2802.5,1826,ES.v.0
2019-02-25 18:54:00+00:00,33,1,18720,2802.5,2803.0,2802.5,2802.5,630,ES.v.0
2019-02-25 18:55:00+00:00,33,1,18720,2802.75,2803.0,2802.5,2802.5,1835,ES.v.0
2019-02-25 18:56:00+00:00,33,1,18720,2802.75,2803.0,2802.25,2802.25,684,ES.v.0
2019-02-25 18:57:00+00:00,33,1,18720,2802.5,2802.5,2802.0,2802.0,1518,ES.v.0
2019-02-25 18:58:00+00:00,33,1,18720,2802.0,2803.0,2801.75,2802.75,1357,ES.v.0
2019-02-25 18:59:00+00:00,33,1,18720,2802.75,2803.25,2802.75,2802.75,775,ES.v.0
2019-02-25 19:00:00+00:00,33,1,18720,2803.0,2803.0,2802.5,2802.5,1469,ES.v.0
2019-02-25 19:01:00+00:00,33,1,18720,2802.75,2804.5,2802.75,2803.0,3143,ES.v.0
2019-02-25 19:02:00+00:00,33,1,18720,2803.0,2803.5,2802.5,2803.5,1680,ES.v.0
2019-02-25 19:03:00+00:00,33,1,18720,2803.75,2803.75,2803.25,2803.5,869,ES.v.0
2019-02-25 19:04:00+00:00,33,1,18720,2803.5,2803.5,2803.0,2803.5,729,ES.v.0
2019-02-25 19:05:00+00:00,33,1,18720,2803.5,2804.25,2803.25,2804.0,1068,ES.v.0
2019-02-25 19:06:00+00:00,33,1,18720,2804.0,2804.0,2803.25,2803.75,855,ES.v.0
2019-02-25 19:07:00+00:00,33,1,18720,2803.75,2804.0,2803.25,2803.25,705,ES.v.0
2019-02-25 19:08:00+00:00,33,1,18720,2803.25,2803.5,2803.0,2803.25,535,ES.v.0
2019-02-25 19:09:00+00:00,33,1,18720,2803.5,2804.0,2803.25,2804.0,999,ES.v.0
2019-02-25 19:10:00+00:00,33,1,18720,2803.75,2804.5,2803.75,2804.0,619,ES.v.0
2019-02-25 19:11:00+00:00,33,1,18720,2804.25,2804.75,2804.0,2804.5,1073,ES.v.0
2019-02-25 19:12:00+00:00,33,1,18720,2804.25,2804.25,2803.75,2804.0,1209,ES.v.0
2019-02-25 19:13:00+00:00,33,1,18720,2804.0,2804.0,2803.75,2804.0,511,ES.v.0
2019-02-25 19:14:00+00:00,33,1,18720,2803.75,2804.0,2803.5,2803.5,973,ES.v.0
2019-02-25 19:15:00+00:00,33,1,18720,2803.75,2804.0,2803.5,2803.75,473,ES.v.0
2019-02-25 19:16:00+00:00,33,1,18720,2803.75,2805.0,2803.75,2804.25,1449,ES.v.0
2019-02-25 19:17:00+00:00,33,1,18720,2804.25,2804.25,2803.75,2803.75,439,ES.v.0
2019-02-25 19:18:00+00:00,33,1,18720,2804.0,2804.0,2803.5,2804.0,912,ES.v.0
2019-02-25 19:19:00+00:00,33,1,18720,2803.75,2804.0,2803.0,2803.25,1537,ES.v.0
2019-02-25 19:20:00+00:00,33,1,18720,2803.5,2803.5,2802.75,2803.0,1150,ES.v.0
2019-02-25 19:21:00+00:00,33,1,18720,2803.0,2803.25,2802.75,2803.0,925,ES.v.0
2019-02-25 19:22:00+00:00,33,1,18720,2803.25,2803.25,2802.25,2802.5,1184,ES.v.0
2019-02-25 19:23:00+00:00,33,1,18720,2802.75,2803.0,2802.5,2803.0,1473,ES.v.0
2019-02-25 19:24:00+00:00,33,1,18720,2803.0,2803.25,2802.5,2802.75,652,ES.v.0
2019-02-25 19:25:00+00:00,33,1,18720,2802.75,2803.25,2802.75,2803.0,898,ES.v.0
2019-02-25 19:26:00+00:00,33,1,18720,2803.25,2803.5,2802.75,2802.75,666,ES.v.0
2019-02-25 19:27:00+00:00,33,1,18720,2802.75,2803.25,2802.75,2803.0,667,ES.v.0
2019-02-25 19:28:00+00:00,33,1,18720,2802.75,2803.25,2802.5,2802.75,576,ES.v.0
2019-02-25 19:29:00+00:00,33,1,18720,2802.75,2803.25,2802.5,2802.75,1195,ES.v.0
2019-02-25 19:30:00+00:00,33,1,18720,2803.0,2803.5,2802.75,2803.0,1473,ES.v.0
2019-02-25 19:31:00+00:00,33,1,18720,2802.75,2803.0,2802.5,2803.0,751,ES.v.0
2019-02-25 19:32:00+00:00,33,1,18720,2802.75,2803.25,2802.75,2802.75,712,ES.v.0
2019-02-25 19:33:00+00:00,33,1,18720,2802.75,2802.75,2801.75,2801.75,1328,ES.v.0
2019-02-25 19:34:00+00:00,33,1,18720,2801.75,2802.0,2801.5,2802.0,1343,ES.v.0
2019-02-25 19:35:00+00:00,33,1,18720,2802.0,2802.5,2802.0,2802.5,971,ES.v.0
2019-02-25 19:36:00+00:00,33,1,18720,2802.5,2803.0,2802.25,2802.75,843,ES.v.0
2019-02-25 19:37:00+00:00,33,1,18720,2802.75,2803.25,2802.5,2803.0,905,ES.v.0
2019-02-25 19:38:00+00:00,33,1,18720,2803.0,2803.0,2802.75,2802.75,270,ES.v.0
2019-02-25 19:39:00+00:00,33,1,18720,2803.0,2803.25,2802.75,2803.25,856,ES.v.0
2019-02-25 19:40:00+00:00,33,1,18720,2803.25,2803.5,2803.0,2803.5,426,ES.v.0
2019-02-25 19:41:00+00:00,33,1,18720,2803.5,2803.75,2803.0,2803.0,1280,ES.v.0
2019-02-25 19:42:00+00:00,33,1,18720,2803.25,2803.75,2803.0,2803.5,1253,ES.v.0
2019-02-25 19:43:00+00:00,33,1,18720,2803.5,2803.75,2803.25,2803.75,615,ES.v.0
2019-02-25 19:44:00+00:00,33,1,18720,2803.75,2804.0,2803.5,2804.0,461,ES.v.0
2019-02-25 19:45:00+00:00,33,1,18720,2804.0,2804.0,2803.5,2803.5,605,ES.v.0
2019-02-25 19:46:00+00:00,33,1,18720,2803.75,2804.25,2803.5,2804.0,2092,ES.v.0
2019-02-25 19:47:00+00:00,33,1,18720,2803.75,2804.0,2803.75,2803.75,915,ES.v.0
2019-02-25 19:48:00+00:00,33,1,18720,2803.75,2804.0,2803.0,2803.5,1017,ES.v.0
2019-02-25 19:49:00+00:00,33,1,18720,2803.25,2803.5,2803.0,2803.0,548,ES.v.0
2019-02-25 19:50:00+00:00,33,1,18720,2803.0,2803.25,2802.25,2802.5,933,ES.v.0
2019-02-25 19:51:00+00:00,33,1,18720,2802.25,2802.75,2802.25,2802.75,912,ES.v.0
2019-02-25 19:52:00+00:00,33,1,18720,2802.75,2803.0,2802.5,2802.5,568,ES.v.0
2019-02-25 19:53:00+00:00,33,1,18720,2802.5,2802.5,2802.0,2802.0,530,ES.v.0
2019-02-25 19:54:00+00:00,33,1,18720,2802.0,2802.0,2801.25,2801.5,1631,ES.v.0
2019-02-25 19:55:00+00:00,33,1,18720,2801.5,2802.0,2801.5,2801.75,1244,ES.v.0
2019-02-25 19:56:00+00:00,33,1,18720,2801.75,2802.0,2801.5,2802.0,199,ES.v.0
2019-02-25 19:57:00+00:00,33,1,18720,2802.0,2802.75,2801.75,2802.25,2170,ES.v.0
2019-02-25 19:58:00+00:00,33,1,18720,2802.25,2802.25,2801.5,2801.75,785,ES.v.0
2019-02-25 19:59:00+00:00,33,1,18720,2801.5,2802.0,2801.5,2802.0,491,ES.v.0
2019-02-25 20:00:00+00:00,33,1,18720,2801.75,2802.25,2801.5,2801.75,1085,ES.v.0
2019-02-25 20:01:00+00:00,33,1,18720,2802.0,2802.0,2801.25,2801.25,923,ES.v.0
2019-02-25 20:02:00+00:00,33,1,18720,2801.5,2802.0,2801.25,2801.75,856,ES.v.0
2019-02-25 20:03:00+00:00,33,1,18720,2801.75,2802.25,2801.5,2801.75,1243,ES.v.0
2019-02-25 20:04:00+00:00,33,1,18720,2801.75,2802.0,2800.25,2800.75,2118,ES.v.0
2019-02-25 20:05:00+00:00,33,1,18720,2800.5,2801.5,2800.5,2801.25,1736,ES.v.0
2019-02-25 20:06:00+00:00,33,1,18720,2801.25,2801.5,2800.25,2800.75,3013,ES.v.0
2019-02-25 20:07:00+00:00,33,1,18720,2800.75,2801.5,2800.5,2800.75,1433,ES.v.0
2019-02-25 20:08:00+00:00,33,1,18720,2801.0,2801.25,2800.75,2800.75,1019,ES.v.0
2019-02-25 20:09:00+00:00,33,1,18720,2801.0,2801.0,2800.5,2800.75,592,ES.v.0
2019-02-25 20:10:00+00:00,33,1,18720,2800.75,2800.75,2800.0,2800.5,1537,ES.v.0
2019-02-25 20:11:00+00:00,33,1,18720,2800.75,2800.75,2799.75,2799.75,2778,ES.v.0
2019-02-25 20:12:00+00:00,33,1,18720,2799.75,2801.5,2799.75,2801.0,3864,ES.v.0
2019-02-25 20:13:00+00:00,33,1,18720,2801.25,2801.5,2801.0,2801.25,1103,ES.v.0
2019-02-25 20:14:00+00:00,33,1,18720,2801.25,2801.75,2801.0,2801.25,3496,ES.v.0
2019-02-25 20:15:00+00:00,33,1,18720,2801.25,2802.75,2801.25,2802.5,2616,ES.v.0
2019-02-25 20:16:00+00:00,33,1,18720,2802.5,2802.75,2802.0,2802.25,1426,ES.v.0
2019-02-25 20:17:00+00:00,33,1,18720,2802.25,2802.25,2801.5,2801.75,1949,ES.v.0
2019-02-25 20:18:00+00:00,33,1,18720,2801.75,2802.0,2801.25,2801.5,1412,ES.v.0
2019-02-25 20:19:00+00:00,33,1,18720,2801.25,2801.75,2801.0,2801.25,1109,ES.v.0
2019-02-25 20:20:00+00:00,33,1,18720,2801.25,2801.75,2801.0,2801.5,1430,ES.v.0
2019-02-25 20:21:00+00:00,33,1,18720,2801.75,2801.75,2801.0,2801.0,998,ES.v.0
2019-02-25 20:22:00+00:00,33,1,18720,2801.0,2801.25,2800.5,2800.5,2032,ES.v.0
2019-02-25 20:23:00+00:00,33,1,18720,2800.75,2801.0,2800.5,2800.75,1219,ES.v.0
2019-02-25 20:24:00+00:00,33,1,18720,2800.75,2800.75,2799.75,2800.0,2186,ES.v.0
2019-02-25 20:25:00+00:00,33,1,18720,2800.0,2800.0,2799.25,2799.5,2615,ES.v.0
2019-02-25 20:26:00+00:00,33,1,18720,2799.75,2799.75,2797.5,2799.5,7852,ES.v.0
2019-02-25 20:27:00+00:00,33,1,18720,2799.5,2799.5,2798.0,2798.0,2740,ES.v.0
2019-02-25 20:28:00+00:00,33,1,18720,2798.0,2798.25,2796.75,2797.0,5004,ES.v.0
2019-02-25 20:29:00+00:00,33,1,18720,2796.75,2797.5,2796.75,2796.75,3016,ES.v.0
2019-02-25 20:30:00+00:00,33,1,18720,2797.0,2798.75,2796.75,2797.75,6504,ES.v.0
2019-02-25 20:31:00+00:00,33,1,18720,2797.5,2798.5,2797.25,2798.5,2326,ES.v.0
2019-02-25 20:32:00+00:00,33,1,18720,2798.5,2798.5,2797.75,2798.5,2962,ES.v.0
2019-02-25 20:33:00+00:00,33,1,18720,2798.25,2798.75,2798.0,2798.75,1481,ES.v.0
2019-02-25 20:34:00+00:00,33,1,18720,2798.5,2799.75,2798.25,2799.5,2882,ES.v.0
2019-02-25 20:35:00+00:00,33,1,18720,2799.5,2799.75,2799.25,2799.5,1797,ES.v.0
2019-02-25 20:36:00+00:00,33,1,18720,2799.75,2800.0,2799.25,2799.75,2133,ES.v.0
2019-02-25 20:37:00+00:00,33,1,18720,2800.0,2800.5,2799.75,2800.0,1556,ES.v.0
2019-02-25 20:38:00+00:00,33,1,18720,2799.75,2800.0,2799.25,2799.25,2066,ES.v.0
2019-02-25 20:39:00+00:00,33,1,18720,2799.25,2800.25,2799.0,2800.0,1998,ES.v.0
2019-02-25 20:40:00+00:00,33,1,18720,2800.0,2800.5,2799.75,2799.75,1659,ES.v.0
2019-02-25 20:41:00+00:00,33,1,18720,2799.75,2801.0,2799.5,2800.5,3119,ES.v.0
2019-02-25 20:42:00+00:00,33,1,18720,2800.75,2801.25,2800.5,2801.0,2178,ES.v.0
2019-02-25 20:43:00+00:00,33,1,18720,2800.75,2801.0,2800.5,2800.5,2151,ES.v.0
2019-02-25 20:44:00+00:00,33,1,18720,2800.5,2800.75,2799.75,2800.25,2800,ES.v.0
2019-02-25 20:45:00+00:00,33,1,18720,2800.0,2800.25,2799.25,2799.25,2413,ES.v.0
2019-02-25 20:46:00+00:00,33,1,18720,2799.25,2799.5,2797.75,2798.0,2986,ES.v.0
2019-02-25 20:47:00+00:00,33,1,18720,2798.0,2798.75,2797.75,2798.5,1752,ES.v.0
2019-02-25 20:48:00+00:00,33,1,18720,2798.5,2799.0,2798.25,2798.5,1209,ES.v.0
2019-02-25 20:49:00+00:00,33,1,18720,2798.5,2798.75,2798.0,2798.0,1164,ES.v.0
2019-02-25 20:50:00+00:00,33,1,18720,2798.0,2798.25,2797.5,2798.0,1376,ES.v.0
2019-02-25 20:51:00+00:00,33,1,18720,2798.25,2798.5,2797.25,2797.5,2272,ES.v.0
2019-02-25 20:52:00+00:00,33,1,18720,2797.75,2798.0,2796.5,2796.75,2788,ES.v.0
2019-02-25 20:53:00+00:00,33,1,18720,2796.75,2796.75,2795.5,2796.0,5087,ES.v.0
2019-02-25 20:54:00+00:00,33,1,18720,2796.0,2798.0,2796.0,2797.25,7211,ES.v.0
2019-02-25 20:55:00+00:00,33,1,18720,2797.5,2798.0,2795.0,2795.5,7667,ES.v.0
2019-02-25 20:56:00+00:00,33,1,18720,2795.25,2797.0,2795.0,2797.0,5146,ES.v.0
2019-02-25 20:57:00+00:00,33,1,18720,2797.0,2798.0,2796.75,2797.0,4762,ES.v.0
2019-02-25 20:58:00+00:00,33,1,18720,2797.0,2797.5,2796.75,2796.75,6809,ES.v.0
2019-02-25 20:59:00+00:00,33,1,18720,2796.75,2797.5,2795.0,2796.5,40640,ES.v.0
2019-02-25 21:00:00+00:00,33,1,18720,2796.5,2797.0,2795.75,2796.0,14308,ES.v.0
2019-02-25 21:01:00+00:00,33,1,18720,2796.0,2796.5,2795.5,2796.5,5545,ES.v.0
2019-02-25 21:02:00+00:00,33,1,18720,2796.25,2797.0,2795.75,2796.75,4155,ES.v.0
2019-02-25 21:03:00+00:00,33,1,18720,2796.75,2797.25,2796.25,2797.25,2610,ES.v.0
2019-02-25 21:04:00+00:00,33,1,18720,2797.0,2797.5,2796.75,2797.5,1741,ES.v.0
2019-02-25 21:05:00+00:00,33,1,18720,2797.25,2797.25,2795.75,2796.0,1974,ES.v.0
2019-02-25 21:06:00+00:00,33,1,18720,2796.0,2796.0,2795.5,2796.0,1991,ES.v.0
2019-02-25 21:07:00+00:00,33,1,18720,2796.0,2796.25,2795.5,2796.0,1429,ES.v.0
2019-02-25 21:08:00+00:00,33,1,18720,2796.25,2796.5,2796.0,2796.0,756,ES.v.0
2019-02-25 21:09:00+00:00,33,1,18720,2796.25,2796.25,2795.5,2796.0,1448,ES.v.0
2019-02-25 21:10:00+00:00,33,1,18720,2796.0,2796.25,2795.5,2796.0,1508,ES.v.0
2019-02-25 21:11:00+00:00,33,1,18720,2796.25,2796.25,2796.0,2796.25,170,ES.v.0
2019-02-25 21:12:00+00:00,33,1,18720,2796.25,2796.5,2796.0,2796.5,643,ES.v.0
2019-02-25 21:13:00+00:00,33,1,18720,2796.25,2796.5,2796.0,2796.5,1222,ES.v.0
2019-02-25 21:14:00+00:00,33,1,18720,2796.5,2797.5,2796.0,2797.0,5517,ES.v.0
2019-02-25 21:30:00+00:00,33,1,18720,2797.0,2797.0,2796.25,2796.25,954,ES.v.0
2019-02-25 21:31:00+00:00,33,1,18720,2796.5,2796.5,2796.0,2796.25,447,ES.v.0
2019-02-25 21:32:00+00:00,33,1,18720,2796.5,2796.5,2796.0,2796.0,339,ES.v.0
2019-02-25 21:33:00+00:00,33,1,18720,2796.0,2796.25,2795.5,2796.0,527,ES.v.0
2019-02-25 21:34:00+00:00,33,1,18720,2796.25,2796.25,2795.5,2795.75,243,ES.v.0
2019-02-25 21:35:00+00:00,33,1,18720,2795.75,2795.75,2795.25,2795.5,340,ES.v.0
2019-02-25 21:36:00+00:00,33,1,18720,2795.75,2795.75,2795.5,2795.75,122,ES.v.0
2019-02-25 21:37:00+00:00,33,1,18720,2795.75,2796.0,2795.5,2796.0,61,ES.v.0
2019-02-25 21:38:00+00:00,33,1,18720,2796.0,2796.0,2795.75,2795.75,61,ES.v.0
2019-02-25 21:39:00+00:00,33,1,18720,2796.0,2796.0,2795.75,2795.75,11,ES.v.0
2019-02-25 21:40:00+00:00,33,1,18720,2796.0,2796.0,2795.75,2795.75,22,ES.v.0
2019-02-25 21:41:00+00:00,33,1,18720,2796.0,2796.0,2795.5,2795.5,288,ES.v.0
2019-02-25 21:42:00+00:00,33,1,18720,2795.5,2795.75,2795.25,2795.25,192,ES.v.0
2019-02-25 21:43:00+00:00,33,1,18720,2795.5,2795.5,2795.25,2795.25,167,ES.v.0
2019-02-25 21:44:00+00:00,33,1,18720,2795.5,2795.5,2795.0,2795.0,314,ES.v.0
2019-02-25 21:45:00+00:00,33,1,18720,2795.25,2795.5,2795.0,2795.25,180,ES.v.0
2019-02-25 21:46:00+00:00,33,1,18720,2795.25,2795.75,2795.25,2795.75,107,ES.v.0
2019-02-25 21:47:00+00:00,33,1,18720,2795.75,2795.75,2795.5,2795.75,59,ES.v.0
2019-02-25 21:48:00+00:00,33,1,18720,2795.5,2795.75,2795.5,2795.5,51,ES.v.0
2019-02-25 21:49:00+00:00,33,1,18720,2795.5,2796.0,2795.25,2795.75,534,ES.v.0
2019-02-25 21:50:00+00:00,33,1,18720,2795.75,2795.75,2795.25,2795.5,387,ES.v.0
2019-02-25 21:51:00+00:00,33,1,18720,2795.5,2795.75,2795.25,2795.75,100,ES.v.0
2019-02-25 21:52:00+00:00,33,1,18720,2795.75,2795.75,2795.25,2795.25,159,ES.v.0
2019-02-25 21:53:00+00:00,33,1,18720,2795.5,2795.5,2794.75,2795.0,840,ES.v.0
2019-02-25 21:54:00+00:00,33,1,18720,2795.0,2795.5,2795.0,2795.25,303,ES.v.0
2019-02-25 21:55:00+00:00,33,1,18720,2795.5,2795.5,2795.25,2795.25,65,ES.v.0
2019-02-25 21:56:00+00:00,33,1,18720,2795.25,2795.5,2795.25,2795.5,215,ES.v.0
2019-02-25 21:57:00+00:00,33,1,18720,2795.5,2796.0,2795.5,2795.5,702,ES.v.0
2019-02-25 21:58:00+00:00,33,1,18720,2795.5,2795.5,2795.25,2795.25,162,ES.v.0
2019-02-25 21:59:00+00:00,33,1,18720,2795.25,2795.75,2795.0,2795.5,470,ES.v.0
2019-02-25 23:00:00+00:00,33,1,18720,2795.75,2796.0,2795.0,2795.0,2271,ES.v.0
2019-02-25 23:01:00+00:00,33,1,18720,2795.25,2795.5,2795.0,2795.5,373,ES.v.0
2019-02-25 23:02:00+00:00,33,1,18720,2795.25,2796.0,2795.0,2795.0,502,ES.v.0
2019-02-25 23:03:00+00:00,33,1,18720,2795.0,2795.25,2795.0,2795.25,156,ES.v.0
2019-02-25 23:04:00+00:00,33,1,18720,2795.25,2795.5,2795.25,2795.5,90,ES.v.0
2019-02-25 23:05:00+00:00,33,1,18720,2795.25,2795.5,2793.75,2794.5,1451,ES.v.0
2019-02-25 23:06:00+00:00,33,1,18720,2794.5,2794.75,2793.75,2794.25,303,ES.v.0
2019-02-25 23:07:00+00:00,33,1,18720,2794.25,2794.25,2793.75,2793.75,266,ES.v.0
2019-02-25 23:08:00+00:00,33,1,18720,2794.0,2794.25,2793.75,2794.0,127,ES.v.0
2019-02-25 23:09:00+00:00,33,1,18720,2793.75,2794.0,2793.75,2793.75,142,ES.v.0
2019-02-25 23:10:00+00:00,33,1,18720,2794.0,2794.0,2791.5,2793.0,1417,ES.v.0
2019-02-25 23:11:00+00:00,33,1,18720,2793.0,2793.5,2792.75,2793.25,284,ES.v.0
2019-02-25 23:12:00+00:00,33,1,18720,2793.25,2793.75,2793.25,2793.75,140,ES.v.0
2019-02-25 23:13:00+00:00,33,1,18720,2793.75,2793.75,2792.75,2792.75,246,ES.v.0
2019-02-25 23:14:00+00:00,33,1,18720,2792.75,2793.25,2792.75,2793.25,138,ES.v.0
2019-02-25 23:15:00+00:00,33,1,18720,2793.0,2793.25,2792.75,2793.25,100,ES.v.0
2019-02-25 23:16:00+00:00,33,1,18720,2793.0,2793.25,2792.25,2792.75,213,ES.v.0
2019-02-25 23:17:00+00:00,33,1,18720,2792.75,2793.5,2792.5,2793.25,117,ES.v.0
2019-02-25 23:18:00+00:00,33,1,18720,2793.25,2793.5,2793.25,2793.25,84,ES.v.0
2019-02-25 23:19:00+00:00,33,1,18720,2793.0,2793.25,2793.0,2793.0,18,ES.v.0
2019-02-25 23:20:00+00:00,33,1,18720,2793.0,2793.5,2793.0,2793.25,169,ES.v.0
2019-02-25 23:21:00+00:00,33,1,18720,2793.25,2793.25,2793.0,2793.25,186,ES.v.0
2019-02-25 23:22:00+00:00,33,1,18720,2793.25,2793.25,2793.0,2793.0,268,ES.v.0
2019-02-25 23:23:00+00:00,33,1,18720,2793.25,2793.25,2793.0,2793.25,35,ES.v.0
2019-02-25 23:24:00+00:00,33,1,18720,2793.0,2793.25,2793.0,2793.0,36,ES.v.0
2019-02-25 23:25:00+00:00,33,1,18720,2793.25,2793.25,2792.25,2792.5,490,ES.v.0
2019-02-25 23:26:00+00:00,33,1,18720,2792.5,2792.75,2792.25,2792.25,90,ES.v.0
2019-02-25 23:27:00+00:00,33,1,18720,2792.25,2792.5,2792.25,2792.5,92,ES.v.0
2019-02-25 23:28:00+00:00,33,1,18720,2792.25,2792.5,2792.25,2792.5,73,ES.v.0
2019-02-25 23:29:00+00:00,33,1,18720,2792.5,2792.5,2792.25,2792.5,17,ES.v.0
2019-02-25 23:30:00+00:00,33,1,18720,2792.5,2793.0,2792.25,2792.75,73,ES.v.0
2019-02-25 23:31:00+00:00,33,1,18720,2793.0,2793.0,2792.75,2793.0,20,ES.v.0
2019-02-25 23:32:00+00:00,33,1,18720,2793.0,2793.25,2793.0,2793.25,85,ES.v.0
2019-02-25 23:33:00+00:00,33,1,18720,2793.25,2793.5,2793.0,2793.5,223,ES.v.0
2019-02-25 23:34:00+00:00,33,1,18720,2793.5,2793.5,2793.25,2793.5,53,ES.v.0
2019-02-25 23:35:00+00:00,33,1,18720,2793.75,2793.75,2793.25,2793.25,37,ES.v.0
2019-02-25 23:36:00+00:00,33,1,18720,2793.25,2793.5,2793.25,2793.25,18,ES.v.0
2019-02-25 23:37:00+00:00,33,1,18720,2793.5,2793.5,2793.25,2793.25,13,ES.v.0
2019-02-25 23:38:00+00:00,33,1,18720,2793.5,2793.5,2793.25,2793.25,11,ES.v.0
2019-02-25 23:39:00+00:00,33,1,18720,2793.25,2793.25,2792.75,2792.75,152,ES.v.0
2019-02-25 23:40:00+00:00,33,1,18720,2792.75,2792.75,2792.25,2792.5,408,ES.v.0
2019-02-25 23:41:00+00:00,33,1,18720,2792.5,2793.0,2792.5,2792.75,305,ES.v.0
2019-02-25 23:42:00+00:00,33,1,18720,2792.75,2792.75,2792.25,2792.5,229,ES.v.0
2019-02-25 23:43:00+00:00,33,1,18720,2792.5,2793.0,2792.5,2793.0,61,ES.v.0
2019-02-25 23:44:00+00:00,33,1,18720,2792.75,2792.75,2792.25,2792.75,342,ES.v.0
2019-02-25 23:45:00+00:00,33,1,18720,2792.75,2793.25,2792.75,2793.25,35,ES.v.0
2019-02-25 23:46:00+00:00,33,1,18720,2793.0,2793.75,2793.0,2793.75,182,ES.v.0
2019-02-25 23:47:00+00:00,33,1,18720,2793.5,2793.75,2793.5,2793.75,11,ES.v.0
2019-02-25 23:48:00+00:00,33,1,18720,2793.75,2794.0,2793.5,2794.0,66,ES.v.0
2019-02-25 23:49:00+00:00,33,1,18720,2794.0,2794.0,2793.75,2793.75,95,ES.v.0
2019-02-25 23:50:00+00:00,33,1,18720,2793.75,2794.0,2793.5,2793.5,107,ES.v.0
2019-02-25 23:51:00+00:00,33,1,18720,2793.5,2794.0,2793.5,2794.0,32,ES.v.0
2019-02-25 23:52:00+00:00,33,1,18720,2793.75,2794.0,2793.75,2794.0,5,ES.v.0
2019-02-25 23:53:00+00:00,33,1,18720,2793.75,2794.0,2793.75,2794.0,8,ES.v.0
2019-02-25 23:54:00+00:00,33,1,18720,2793.75,2794.0,2793.75,2794.0,86,ES.v.0
2019-02-25 23:55:00+00:00,33,1,18720,2794.0,2794.25,2794.0,2794.0,49,ES.v.0
2019-02-25 23:56:00+00:00,33,1,18720,2794.25,2794.25,2794.0,2794.0,9,ES.v.0
2019-02-25 23:57:00+00:00,33,1,18720,2794.25,2794.25,2794.0,2794.0,12,ES.v.0
2019-02-25 23:58:00+00:00,33,1,18720,2794.25,2794.25,2794.0,2794.25,11,ES.v.0
2019-02-25 23:59:00+00:00,33,1,18720,2794.25,2794.5,2794.0,2794.5,123,ES.v.0
2019-02-26 00:00:00+00:00,33,1,18720,2794.5,2794.5,2794.25,2794.5,139,ES.v.0
2019-02-26 00:01:00+00:00,33,1,18720,2794.5,2795.0,2794.5,2795.0,145,ES.v.0
2019-02-26 00:02:00+00:00,33,1,18720,2794.75,2795.5,2794.75,2794.75,508,ES.v.0
2019-02-26 00:03:00+00:00,33,1,18720,2794.75,2794.75,2794.75,2794.75,58,ES.v.0
2019-02-26 00:04:00+00:00,33,1,18720,2794.75,2794.75,2794.5,2794.5,187,ES.v.0
2019-02-26 00:05:00+00:00,33,1,18720,2794.5,2795.0,2794.5,2795.0,330,ES.v.0
2019-02-26 00:06:00+00:00,33,1,18720,2795.0,2795.0,2794.5,2794.5,78,ES.v.0
2019-02-26 00:07:00+00:00,33,1,18720,2794.5,2795.0,2794.5,2794.75,463,ES.v.0
2019-02-26 00:08:00+00:00,33,1,18720,2794.75,2794.75,2794.5,2794.5,701,ES.v.0
2019-02-26 00:09:00+00:00,33,1,18720,2794.5,2794.75,2794.25,2794.75,843,ES.v.0
2019-02-26 00:10:00+00:00,33,1,18720,2794.5,2794.75,2794.5,2794.5,8,ES.v.0
2019-02-26 00:11:00+00:00,33,1,18720,2794.75,2794.75,2794.5,2794.75,486,ES.v.0
2019-02-26 00:12:00+00:00,33,1,18720,2794.75,2794.75,2794.5,2794.5,661,ES.v.0
2019-02-26 00:13:00+00:00,33,1,18720,2794.5,2794.75,2794.5,2794.5,115,ES.v.0
2019-02-26 00:14:00+00:00,33,1,18720,2794.5,2794.75,2794.5,2794.5,477,ES.v.0
2019-02-26 00:15:00+00:00,33,1,18720,2794.5,2794.75,2794.0,2794.25,228,ES.v.0
2019-02-26 00:16:00+00:00,33,1,18720,2794.0,2794.0,2793.5,2793.5,1143,ES.v.0
2019-02-26 00:17:00+00:00,33,1,18720,2793.5,2794.0,2793.5,2793.75,198,ES.v.0
2019-02-26 00:18:00+00:00,33,1,18720,2793.75,2794.0,2793.75,2794.0,414,ES.v.0
2019-02-26 00:19:00+00:00,33,1,18720,2794.0,2794.25,2794.0,2794.25,92,ES.v.0
2019-02-26 00:20:00+00:00,33,1,18720,2794.0,2794.5,2794.0,2794.5,710,ES.v.0
2019-02-26 00:21:00+00:00,33,1,18720,2794.25,2794.5,2794.25,2794.5,92,ES.v.0
2019-02-26 00:22:00+00:00,33,1,18720,2794.25,2794.5,2794.25,2794.25,69,ES.v.0
2019-02-26 00:23:00+00:00,33,1,18720,2794.25,2795.0,2794.25,2795.0,786,ES.v.0
2019-02-26 00:24:00+00:00,33,1,18720,2794.75,2795.25,2794.75,2795.0,125,ES.v.0
2019-02-26 00:25:00+00:00,33,1,18720,2795.0,2795.75,2795.0,2795.75,170,ES.v.0
2019-02-26 00:26:00+00:00,33,1,18720,2795.5,2795.75,2795.0,2795.25,453,ES.v.0
2019-02-26 00:27:00+00:00,33,1,18720,2795.25,2795.25,2794.75,2794.75,960,ES.v.0
2019-02-26 00:28:00+00:00,33,1,18720,2794.75,2795.0,2794.75,2794.75,60,ES.v.0
2019-02-26 00:29:00+00:00,33,1,18720,2794.75,2794.75,2793.25,2793.5,1291,ES.v.0
2019-02-26 00:30:00+00:00,33,1,18720,2793.25,2793.5,2793.0,2793.25,240,ES.v.0
2019-02-26 00:31:00+00:00,33,1,18720,2793.0,2793.25,2793.0,2793.25,281,ES.v.0
2019-02-26 00:32:00+00:00,33,1,18720,2793.25,2793.5,2793.0,2793.5,472,ES.v.0
2019-02-26 00:33:00+00:00,33,1,18720,2793.5,2793.5,2793.25,2793.5,363,ES.v.0
2019-02-26 00:34:00+00:00,33,1,18720,2793.5,2793.75,2793.25,2793.75,199,ES.v.0
2019-02-26 00:35:00+00:00,33,1,18720,2793.75,2793.75,2793.5,2793.75,441,ES.v.0
2019-02-26 00:36:00+00:00,33,1,18720,2793.75,2794.0,2793.75,2794.0,20,ES.v.0
2019-02-26 00:37:00+00:00,33,1,18720,2793.75,2794.0,2793.5,2793.75,787,ES.v.0
2019-02-26 00:38:00+00:00,33,1,18720,2793.75,2794.0,2793.75,2794.0,251,ES.v.0
2019-02-26 00:39:00+00:00,33,1,18720,2793.75,2794.0,2793.75,2794.0,213,ES.v.0
2019-02-26 00:40:00+00:00,33,1,18720,2794.0,2794.0,2793.75,2793.75,21,ES.v.0
2019-02-26 00:41:00+00:00,33,1,18720,2794.0,2794.25,2793.75,2794.0,96,ES.v.0
2019-02-26 00:42:00+00:00,33,1,18720,2794.0,2794.5,2794.0,2794.25,264,ES.v.0
2019-02-26 00:43:00+00:00,33,1,18720,2794.5,2794.5,2794.0,2794.0,368,ES.v.0
2019-02-26 00:44:00+00:00,33,1,18720,2794.25,2794.25,2794.0,2794.0,338,ES.v.0
2019-02-26 00:45:00+00:00,33,1,18720,2794.0,2794.25,2794.0,2794.0,177,ES.v.0
2019-02-26 00:46:00+00:00,33,1,18720,2794.0,2794.5,2794.0,2794.5,178,ES.v.0
2019-02-26 00:47:00+00:00,33,1,18720,2794.25,2794.25,2794.0,2794.0,111,ES.v.0
2019-02-26 00:48:00+00:00,33,1,18720,2794.0,2794.25,2793.75,2794.25,290,ES.v.0
2019-02-26 00:49:00+00:00,33,1,18720,2794.0,2794.25,2794.0,2794.25,12,ES.v.0
2019-02-26 00:50:00+00:00,33,1,18720,2794.0,2794.25,2794.0,2794.25,216,ES.v.0
2019-02-26 00:51:00+00:00,33,1,18720,2794.25,2794.25,2794.0,2794.0,282,ES.v.0
2019-02-26 00:52:00+00:00,33,1,18720,2794.0,2794.0,2793.5,2793.5,97,ES.v.0
2019-02-26 00:53:00+00:00,33,1,18720,2793.75,2793.75,2792.75,2793.0,537,ES.v.0
2019-02-26 00:54:00+00:00,33,1,18720,2793.0,2793.0,2793.0,2793.0,129,ES.v.0
2019-02-26 00:55:00+00:00,33,1,18720,2793.0,2793.0,2792.5,2792.75,212,ES.v.0
2019-02-26 00:56:00+00:00,33,1,18720,2792.75,2793.25,2792.75,2793.0,152,ES.v.0
2019-02-26 00:57:00+00:00,33,1,18720,2793.0,2793.0,2792.75,2792.75,105,ES.v.0
2019-02-26 00:58:00+00:00,33,1,18720,2792.75,2792.75,2792.25,2792.5,524,ES.v.0
2019-02-26 00:59:00+00:00,33,1,18720,2792.5,2792.5,2792.25,2792.5,183,ES.v.0
2019-02-26 01:00:00+00:00,33,1,18720,2792.25,2793.25,2792.25,2793.25,256,ES.v.0
2019-02-26 01:01:00+00:00,33,1,18720,2793.5,2793.5,2793.0,2793.25,152,ES.v.0
2019-02-26 01:02:00+00:00,33,1,18720,2793.25,2793.25,2792.75,2793.0,264,ES.v.0
2019-02-26 01:03:00+00:00,33,1,18720,2793.0,2793.0,2793.0,2793.0,216,ES.v.0
2019-02-26 01:04:00+00:00,33,1,18720,2793.0,2793.25,2792.75,2793.25,292,ES.v.0
2019-02-26 01:05:00+00:00,33,1,18720,2793.0,2793.25,2793.0,2793.25,185,ES.v.0
2019-02-26 01:06:00+00:00,33,1,18720,2793.0,2793.25,2792.75,2793.0,111,ES.v.0
2019-02-26 01:07:00+00:00,33,1,18720,2793.0,2793.25,2792.75,2792.75,114,ES.v.0
2019-02-26 01:08:00+00:00,33,1,18720,2792.75,2793.5,2792.75,2793.5,201,ES.v.0
2019-02-26 01:09:00+00:00,33,1,18720,2793.25,2793.5,2793.25,2793.5,60,ES.v.0
2019-02-26 01:10:00+00:00,33,1,18720,2793.5,2793.5,2792.75,2792.75,274,ES.v.0
2019-02-26 01:11:00+00:00,33,1,18720,2793.0,2793.5,2793.0,2793.5,57,ES.v.0
2019-02-26 01:12:00+00:00,33,1,18720,2793.5,2793.75,2793.5,2793.5,108,ES.v.0
2019-02-26 01:13:00+00:00,33,1,18720,2793.5,2793.75,2793.5,2793.75,55,ES.v.0
2019-02-26 01:14:00+00:00,33,1,18720,2793.75,2793.75,2793.5,2793.75,38,ES.v.0
2019-02-26 01:15:00+00:00,33,1,18720,2793.75,2794.25,2793.75,2793.75,500,ES.v.0
2019-02-26 01:16:00+00:00,33,1,18720,2793.75,2794.0,2793.25,2793.5,189,ES.v.0
2019-02-26 01:17:00+00:00,33,1,18720,2793.5,2794.0,2793.5,2793.5,137,ES.v.0
2019-02-26 01:18:00+00:00,33,1,18720,2793.5,2793.75,2793.5,2793.75,62,ES.v.0
2019-02-26 01:19:00+00:00,33,1,18720,2793.75,2793.75,2793.5,2793.75,38,ES.v.0
2019-02-26 01:20:00+00:00,33,1,18720,2793.75,2793.75,2793.5,2793.5,125,ES.v.0
2019-02-26 01:21:00+00:00,33,1,18720,2793.5,2793.5,2793.25,2793.25,84,ES.v.0
2019-02-26 01:22:00+00:00,33,1,18720,2793.5,2793.5,2793.25,2793.5,69,ES.v.0
2019-02-26 01:23:00+00:00,33,1,18720,2793.5,2793.5,2793.25,2793.25,91,ES.v.0
2019-02-26 01:24:00+00:00,33,1,18720,2793.0,2793.0,2792.25,2792.25,325,ES.v.0
2019-02-26 01:25:00+00:00,33,1,18720,2792.25,2792.25,2792.0,2792.0,258,ES.v.0
2019-02-26 01:26:00+00:00,33,1,18720,2792.0,2792.25,2791.75,2792.0,96,ES.v.0
2019-02-26 01:27:00+00:00,33,1,18720,2792.0,2792.0,2791.5,2791.75,317,ES.v.0
2019-02-26 01:28:00+00:00,33,1,18720,2792.0,2792.25,2791.5,2791.5,408,ES.v.0
2019-02-26 01:29:00+00:00,33,1,18720,2791.75,2792.0,2789.25,2790.0,1923,ES.v.0
2019-02-26 01:30:00+00:00,33,1,18720,2790.0,2790.0,2786.25,2787.25,3574,ES.v.0
2019-02-26 01:31:00+00:00,33,1,18720,2787.25,2787.5,2786.5,2787.0,930,ES.v.0
2019-02-26 01:32:00+00:00,33,1,18720,2787.0,2787.25,2786.5,2787.25,667,ES.v.0
2019-02-26 01:33:00+00:00,33,1,18720,2787.25,2787.5,2786.25,2787.25,1158,ES.v.0
2019-02-26 01:34:00+00:00,33,1,18720,2787.5,2787.75,2787.0,2787.5,532,ES.v.0
2019-02-26 01:35:00+00:00,33,1,18720,2787.5,2788.25,2787.25,2788.25,517,ES.v.0
2019-02-26 01:36:00+00:00,33,1,18720,2788.0,2788.75,2788.0,2788.75,506,ES.v.0
2019-02-26 01:37:00+00:00,33,1,18720,2789.0,2789.25,2788.75,2789.0,246,ES.v.0
2019-02-26 01:38:00+00:00,33,1,18720,2789.0,2789.25,2788.5,2789.0,509,ES.v.0
2019-02-26 01:39:00+00:00,33,1,18720,2789.0,2789.0,2788.75,2788.75,194,ES.v.0
2019-02-26 01:40:00+00:00,33,1,18720,2788.75,2789.0,2788.75,2788.75,232,ES.v.0
2019-02-26 01:41:00+00:00,33,1,18720,2788.75,2789.25,2788.75,2788.75,360,ES.v.0
2019-02-26 01:42:00+00:00,33,1,18720,2788.75,2788.75,2787.75,2788.5,387,ES.v.0
2019-02-26 01:43:00+00:00,33,1,18720,2788.25,2788.25,2787.75,2788.0,295,ES.v.0
2019-02-26 01:44:00+00:00,33,1,18720,2788.0,2788.5,2787.75,2787.75,276,ES.v.0
2019-02-26 01:45:00+00:00,33,1,18720,2788.0,2788.5,2787.25,2788.25,537,ES.v.0
2019-02-26 01:46:00+00:00,33,1,18720,2788.25,2788.75,2788.0,2788.25,163,ES.v.0
2019-02-26 01:47:00+00:00,33,1,18720,2788.0,2788.5,2788.0,2788.25,320,ES.v.0
2019-02-26 01:48:00+00:00,33,1,18720,2788.0,2788.0,2787.5,2787.5,325,ES.v.0
2019-02-26 01:49:00+00:00,33,1,18720,2787.25,2787.5,2787.0,2787.5,209,ES.v.0
2019-02-26 01:50:00+00:00,33,1,18720,2787.5,2787.75,2787.25,2787.25,207,ES.v.0
2019-02-26 01:51:00+00:00,33,1,18720,2787.25,2788.0,2787.25,2787.75,188,ES.v.0
2019-02-26 01:52:00+00:00,33,1,18720,2787.75,2787.75,2787.25,2787.25,229,ES.v.0
2019-02-26 01:53:00+00:00,33,1,18720,2787.5,2788.0,2787.5,2787.75,218,ES.v.0
2019-02-26 01:54:00+00:00,33,1,18720,2787.75,2788.0,2787.5,2787.75,127,ES.v.0
2019-02-26 01:55:00+00:00,33,1,18720,2787.75,2787.75,2787.25,2787.25,307,ES.v.0
2019-02-26 01:56:00+00:00,33,1,18720,2787.25,2787.5,2786.75,2787.5,516,ES.v.0
2019-02-26 01:57:00+00:00,33,1,18720,2787.5,2787.5,2786.5,2787.25,553,ES.v.0
2019-02-26 01:58:00+00:00,33,1,18720,2787.5,2787.5,2787.25,2787.5,276,ES.v.0
2019-02-26 01:59:00+00:00,33,1,18720,2787.5,2787.5,2787.25,2787.25,320,ES.v.0
2019-02-26 02:00:00+00:00,33,1,18720,2787.25,2787.5,2787.0,2787.25,319,ES.v.0
2019-02-26 02:01:00+00:00,33,1,18720,2787.25,2787.5,2787.0,2787.0,273,ES.v.0
2019-02-26 02:02:00+00:00,33,1,18720,2787.0,2787.25,2786.5,2786.75,257,ES.v.0
2019-02-26 02:03:00+00:00,33,1,18720,2786.75,2786.75,2786.5,2786.75,94,ES.v.0
2019-02-26 02:04:00+00:00,33,1,18720,2786.75,2787.5,2786.5,2787.25,375,ES.v.0
2019-02-26 02:05:00+00:00,33,1,18720,2787.25,2787.5,2787.25,2787.5,227,ES.v.0
2019-02-26 02:06:00+00:00,33,1,18720,2787.5,2787.5,2787.0,2787.5,102,ES.v.0
2019-02-26 02:07:00+00:00,33,1,18720,2787.5,2787.5,2787.25,2787.5,234,ES.v.0
2019-02-26 02:08:00+00:00,33,1,18720,2787.5,2787.5,2786.5,2787.0,167,ES.v.0
2019-02-26 02:09:00+00:00,33,1,18720,2786.75,2786.75,2786.0,2786.25,312,ES.v.0
2019-02-26 02:10:00+00:00,33,1,18720,2786.25,2787.25,2786.0,2787.25,188,ES.v.0
2019-02-26 02:11:00+00:00,33,1,18720,2787.25,2787.5,2787.0,2787.25,441,ES.v.0
2019-02-26 02:12:00+00:00,33,1,18720,2787.5,2787.5,2787.25,2787.5,126,ES.v.0
2019-02-26 02:13:00+00:00,33,1,18720,2787.25,2787.5,2787.0,2787.5,225,ES.v.0
2019-02-26 02:14:00+00:00,33,1,18720,2787.5,2788.25,2787.25,2788.0,680,ES.v.0
2019-02-26 02:15:00+00:00,33,1,18720,2788.0,2788.25,2787.75,2787.75,303,ES.v.0
2019-02-26 02:16:00+00:00,33,1,18720,2787.75,2787.75,2787.25,2787.5,93,ES.v.0
2019-02-26 02:17:00+00:00,33,1,18720,2787.5,2787.75,2787.25,2787.5,143,ES.v.0
2019-02-26 02:18:00+00:00,33,1,18720,2787.5,2787.75,2787.25,2787.5,182,ES.v.0
2019-02-26 02:19:00+00:00,33,1,18720,2787.5,2787.5,2787.0,2787.0,66,ES.v.0
2019-02-26 02:20:00+00:00,33,1,18720,2787.25,2787.5,2787.0,2787.25,80,ES.v.0
2019-02-26 02:21:00+00:00,33,1,18720,2787.25,2787.25,2787.0,2787.0,114,ES.v.0
2019-02-26 02:22:00+00:00,33,1,18720,2787.25,2787.25,2787.0,2787.0,70,ES.v.0
2019-02-26 02:23:00+00:00,33,1,18720,2787.0,2787.25,2787.0,2787.25,22,ES.v.0
2019-02-26 02:24:00+00:00,33,1,18720,2787.0,2787.0,2786.25,2786.5,141,ES.v.0
2019-02-26 02:25:00+00:00,33,1,18720,2786.25,2786.5,2786.0,2786.5,104,ES.v.0
2019-02-26 02:26:00+00:00,33,1,18720,2786.5,2786.75,2786.25,2786.25,114,ES.v.0
2019-02-26 02:27:00+00:00,33,1,18720,2786.25,2786.25,2785.0,2785.75,1184,ES.v.0
2019-02-26 02:28:00+00:00,33,1,18720,2785.5,2785.75,2785.0,2785.0,457,ES.v.0
2019-02-26 02:29:00+00:00,33,1,18720,2785.25,2785.75,2785.0,2785.75,340,ES.v.0
2019-02-26 02:30:00+00:00,33,1,18720,2785.75,2786.0,2785.5,2785.75,81,ES.v.0
2019-02-26 02:31:00+00:00,33,1,18720,2785.75,2786.0,2785.75,2786.0,109,ES.v.0
2019-02-26 02:32:00+00:00,33,1,18720,2786.0,2786.25,2785.75,2786.0,189,ES.v.0
2019-02-26 02:33:00+00:00,33,1,18720,2786.0,2786.25,2785.5,2785.5,194,ES.v.0
2019-02-26 02:34:00+00:00,33,1,18720,2785.5,2785.5,2785.0,2785.0,189,ES.v.0
2019-02-26 02:35:00+00:00,33,1,18720,2785.0,2785.25,2785.0,2785.0,371,ES.v.0
2019-02-26 02:36:00+00:00,33,1,18720,2785.25,2785.25,2784.5,2784.5,380,ES.v.0
2019-02-26 02:37:00+00:00,33,1,18720,2784.5,2785.0,2784.25,2784.75,501,ES.v.0
2019-02-26 02:38:00+00:00,33,1,18720,2784.75,2785.25,2784.5,2785.0,496,ES.v.0
2019-02-26 02:39:00+00:00,33,1,18720,2785.25,2785.25,2783.75,2784.0,582,ES.v.0
2019-02-26 02:40:00+00:00,33,1,18720,2784.0,2785.0,2784.0,2785.0,294,ES.v.0
2019-02-26 02:41:00+00:00,33,1,18720,2784.75,2785.0,2784.25,2785.0,261,ES.v.0
2019-02-26 02:42:00+00:00,33,1,18720,2784.75,2784.75,2784.0,2784.5,183,ES.v.0
2019-02-26 02:43:00+00:00,33,1,18720,2784.25,2784.25,2783.75,2784.0,560,ES.v.0
2019-02-26 02:44:00+00:00,33,1,18720,2784.0,2784.5,2784.0,2784.5,167,ES.v.0
2019-02-26 02:45:00+00:00,33,1,18720,2784.25,2784.25,2783.25,2784.0,1037,ES.v.0
2019-02-26 02:46:00+00:00,33,1,18720,2783.75,2784.75,2783.75,2784.75,342,ES.v.0
2019-02-26 02:47:00+00:00,33,1,18720,2784.75,2784.75,2784.25,2784.75,194,ES.v.0
2019-02-26 02:48:00+00:00,33,1,18720,2784.5,2785.25,2784.25,2785.25,234,ES.v.0
2019-02-26 02:49:00+00:00,33,1,18720,2785.0,2785.25,2785.0,2785.25,294,ES.v.0
2019-02-26 02:50:00+00:00,33,1,18720,2785.0,2785.0,2784.5,2785.0,302,ES.v.0
2019-02-26 02:51:00+00:00,33,1,18720,2785.0,2785.0,2784.75,2785.0,76,ES.v.0
2019-02-26 02:52:00+00:00,33,1,18720,2785.25,2785.25,2784.75,2785.0,326,ES.v.0
2019-02-26 02:53:00+00:00,33,1,18720,2785.0,2785.0,2784.75,2785.0,60,ES.v.0
2019-02-26 02:54:00+00:00,33,1,18720,2785.0,2785.25,2784.75,2785.0,90,ES.v.0
2019-02-26 02:55:00+00:00,33,1,18720,2785.25,2785.25,2785.0,2785.25,9,ES.v.0
2019-02-26 02:56:00+00:00,33,1,18720,2785.25,2785.25,2785.0,2785.0,19,ES.v.0
2019-02-26 02:57:00+00:00,33,1,18720,2785.0,2785.25,2785.0,2785.25,78,ES.v.0
2019-02-26 02:58:00+00:00,33,1,18720,2785.25,2785.25,2784.75,2785.0,131,ES.v.0
2019-02-26 02:59:00+00:00,33,1,18720,2785.25,2785.25,2784.75,2785.0,212,ES.v.0
2019-02-26 03:00:00+00:00,33,1,18720,2784.75,2785.0,2784.75,2785.0,108,ES.v.0
2019-02-26 03:01:00+00:00,33,1,18720,2784.75,2784.75,2784.75,2784.75,67,ES.v.0
2019-02-26 03:02:00+00:00,33,1,18720,2784.75,2785.25,2784.75,2785.25,73,ES.v.0
2019-02-26 03:03:00+00:00,33,1,18720,2785.0,2785.75,2785.0,2785.75,198,ES.v.0
2019-02-26 03:04:00+00:00,33,1,18720,2785.75,2786.25,2785.5,2785.75,399,ES.v.0
2019-02-26 03:05:00+00:00,33,1,18720,2785.75,2786.0,2785.75,2786.0,88,ES.v.0
2019-02-26 03:06:00+00:00,33,1,18720,2786.0,2786.0,2785.75,2786.0,64,ES.v.0
2019-02-26 03:07:00+00:00,33,1,18720,2786.0,2786.0,2785.75,2785.75,160,ES.v.0
2019-02-26 03:08:00+00:00,33,1,18720,2786.0,2786.0,2785.5,2785.75,67,ES.v.0
2019-02-26 03:09:00+00:00,33,1,18720,2785.75,2785.75,2785.25,2785.5,73,ES.v.0
2019-02-26 03:10:00+00:00,33,1,18720,2785.25,2785.5,2785.0,2785.5,143,ES.v.0
2019-02-26 03:11:00+00:00,33,1,18720,2785.25,2785.75,2785.25,2785.25,177,ES.v.0
2019-02-26 03:12:00+00:00,33,1,18720,2785.25,2785.5,2785.25,2785.5,91,ES.v.0
2019-02-26 03:13:00+00:00,33,1,18720,2785.5,2785.5,2785.25,2785.25,47,ES.v.0
2019-02-26 03:14:00+00:00,33,1,18720,2785.5,2785.5,2785.0,2785.25,142,ES.v.0
2019-02-26 03:15:00+00:00,33,1,18720,2785.25,2785.5,2785.25,2785.5,32,ES.v.0
2019-02-26 03:16:00+00:00,33,1,18720,2785.25,2785.75,2785.25,2785.75,48,ES.v.0
2019-02-26 03:17:00+00:00,33,1,18720,2785.5,2785.5,2785.5,2785.5,132,ES.v.0
2019-02-26 03:18:00+00:00,33,1,18720,2785.5,2785.75,2785.5,2785.75,44,ES.v.0
2019-02-26 03:19:00+00:00,33,1,18720,2786.0,2786.0,2786.0,2786.0,203,ES.v.0
2019-02-26 03:20:00+00:00,33,1,18720,2786.0,2786.25,2786.0,2786.25,130,ES.v.0
2019-02-26 03:21:00+00:00,33,1,18720,2786.5,2786.5,2786.0,2786.25,73,ES.v.0
2019-02-26 03:22:00+00:00,33,1,18720,2786.25,2786.25,2786.0,2786.0,164,ES.v.0
2019-02-26 03:23:00+00:00,33,1,18720,2786.0,2786.25,2785.75,2786.0,180,ES.v.0
2019-02-26 03:24:00+00:00,33,1,18720,2786.25,2786.5,2786.0,2786.0,219,ES.v.0
2019-02-26 03:25:00+00:00,33,1,18720,2786.0,2786.25,2785.75,2786.0,138,ES.v.0
2019-02-26 03:26:00+00:00,33,1,18720,2786.25,2786.25,2785.75,2786.25,124,ES.v.0
2019-02-26 03:27:00+00:00,33,1,18720,2786.25,2786.25,2785.75,2786.0,67,ES.v.0
2019-02-26 03:28:00+00:00,33,1,18720,2786.0,2786.25,2786.0,2786.0,53,ES.v.0
2019-02-26 03:29:00+00:00,33,1,18720,2786.25,2786.5,2786.0,2786.25,85,ES.v.0
2019-02-26 03:30:00+00:00,33,1,18720,2786.0,2786.0,2785.5,2785.75,425,ES.v.0
2019-02-26 03:31:00+00:00,33,1,18720,2785.75,2786.0,2785.75,2786.0,56,ES.v.0
2019-02-26 03:32:00+00:00,33,1,18720,2786.0,2786.0,2786.0,2786.0,30,ES.v.0
2019-02-26 03:33:00+00:00,33,1,18720,2786.0,2786.5,2786.0,2786.25,134,ES.v.0
2019-02-26 03:34:00+00:00,33,1,18720,2786.5,2786.75,2786.25,2786.75,257,ES.v.0
2019-02-26 03:35:00+00:00,33,1,18720,2787.0,2787.0,2786.75,2787.0,124,ES.v.0
2019-02-26 03:36:00+00:00,33,1,18720,2787.0,2787.0,2786.75,2787.0,92,ES.v.0
2019-02-26 03:37:00+00:00,33,1,18720,2787.0,2787.0,2786.75,2787.0,129,ES.v.0
2019-02-26 03:38:00+00:00,33,1,18720,2786.75,2786.75,2786.25,2786.25,256,ES.v.0
2019-02-26 03:39:00+00:00,33,1,18720,2786.25,2786.5,2786.0,2786.0,62,ES.v.0
2019-02-26 03:40:00+00:00,33,1,18720,2786.25,2786.5,2786.25,2786.5,105,ES.v.0
2019-02-26 03:41:00+00:00,33,1,18720,2786.5,2786.5,2786.25,2786.25,96,ES.v.0
2019-02-26 03:42:00+00:00,33,1,18720,2786.5,2786.5,2786.0,2786.25,73,ES.v.0
2019-02-26 03:43:00+00:00,33,1,18720,2786.25,2786.25,2786.0,2786.0,136,ES.v.0
2019-02-26 03:44:00+00:00,33,1,18720,2786.0,2786.0,2786.0,2786.0,59,ES.v.0
2019-02-26 03:45:00+00:00,33,1,18720,2786.0,2786.75,2785.75,2786.5,156,ES.v.0
2019-02-26 03:46:00+00:00,33,1,18720,2786.5,2786.5,2786.25,2786.25,47,ES.v.0
2019-02-26 03:47:00+00:00,33,1,18720,2786.25,2786.5,2786.25,2786.5,80,ES.v.0
2019-02-26 03:48:00+00:00,33,1,18720,2786.75,2787.0,2786.75,2786.75,120,ES.v.0
2019-02-26 03:49:00+00:00,33,1,18720,2786.5,2786.5,2786.25,2786.25,164,ES.v.0
2019-02-26 03:50:00+00:00,33,1,18720,2786.25,2786.5,2786.25,2786.5,150,ES.v.0
2019-02-26 03:51:00+00:00,33,1,18720,2786.25,2786.25,2786.0,2786.0,248,ES.v.0
2019-02-26 03:52:00+00:00,33,1,18720,2786.0,2786.25,2786.0,2786.0,5,ES.v.0
2019-02-26 03:53:00+00:00,33,1,18720,2786.0,2786.0,2785.75,2785.75,40,ES.v.0
2019-02-26 03:54:00+00:00,33,1,18720,2785.75,2786.25,2785.75,2786.25,87,ES.v.0
2019-02-26 03:55:00+00:00,33,1,18720,2786.25,2786.5,2786.0,2786.5,80,ES.v.0
2019-02-26 03:56:00+00:00,33,1,18720,2786.5,2786.75,2786.5,2786.75,63,ES.v.0
2019-02-26 03:57:00+00:00,33,1,18720,2786.75,2787.0,2786.75,2786.75,144,ES.v.0
2019-02-26 03:58:00+00:00,33,1,18720,2786.5,2786.75,2786.5,2786.5,13,ES.v.0
2019-02-26 03:59:00+00:00,33,1,18720,2786.75,2786.75,2786.5,2786.5,31,ES.v.0
2019-02-26 04:00:00+00:00,33,1,18720,2786.75,2787.0,2786.75,2787.0,39,ES.v.0
2019-02-26 04:01:00+00:00,33,1,18720,2787.0,2787.0,2786.75,2787.0,40,ES.v.0
2019-02-26 04:02:00+00:00,33,1,18720,2787.0,2787.0,2786.75,2787.0,26,ES.v.0
2019-02-26 04:03:00+00:00,33,1,18720,2786.75,2787.0,2786.75,2787.0,71,ES.v.0
2019-02-26 04:04:00+00:00,33,1,18720,2786.75,2786.75,2786.75,2786.75,5,ES.v.0
2019-02-26 04:05:00+00:00,33,1,18720,2787.0,2787.0,2786.75,2786.75,2,ES.v.0
2019-02-26 04:06:00+00:00,33,1,18720,2786.75,2786.75,2786.75,2786.75,80,ES.v.0
2019-02-26 04:07:00+00:00,33,1,18720,2786.75,2787.0,2786.75,2786.75,30,ES.v.0
2019-02-26 04:08:00+00:00,33,1,18720,2786.75,2787.0,2786.75,2786.75,51,ES.v.0
2019-02-26 04:09:00+00:00,33,1,18720,2786.75,2787.0,2786.75,2786.75,21,ES.v.0
2019-02-26 04:10:00+00:00,33,1,18720,2786.75,2787.0,2786.75,2786.75,79,ES.v.0
2019-02-26 04:11:00+00:00,33,1,18720,2786.75,2786.75,2786.5,2786.75,10,ES.v.0
2019-02-26 04:12:00+00:00,33,1,18720,2786.5,2786.5,2786.25,2786.5,103,ES.v.0
2019-02-26 04:13:00+00:00,33,1,18720,2786.25,2786.25,2785.25,2785.5,426,ES.v.0
2019-02-26 04:14:00+00:00,33,1,18720,2785.25,2785.25,2784.75,2785.0,513,ES.v.0
2019-02-26 04:15:00+00:00,33,1,18720,2785.0,2785.5,2784.75,2784.75,151,ES.v.0
2019-02-26 04:16:00+00:00,33,1,18720,2784.75,2785.5,2784.75,2785.25,245,ES.v.0
2019-02-26 04:17:00+00:00,33,1,18720,2785.25,2785.25,2784.75,2784.75,73,ES.v.0
2019-02-26 04:18:00+00:00,33,1,18720,2784.75,2785.0,2784.75,2784.75,59,ES.v.0
2019-02-26 04:19:00+00:00,33,1,18720,2784.5,2785.0,2784.25,2784.75,561,ES.v.0
2019-02-26 04:20:00+00:00,33,1,18720,2784.75,2785.5,2784.5,2785.5,227,ES.v.0
2019-02-26 04:21:00+00:00,33,1,18720,2785.5,2785.5,2785.25,2785.25,138,ES.v.0
2019-02-26 04:22:00+00:00,33,1,18720,2785.5,2785.75,2785.25,2785.75,130,ES.v.0
2019-02-26 04:23:00+00:00,33,1,18720,2785.75,2786.0,2785.75,2786.0,86,ES.v.0
2019-02-26 04:24:00+00:00,33,1,18720,2786.0,2786.0,2785.75,2785.75,13,ES.v.0
2019-02-26 04:25:00+00:00,33,1,18720,2785.75,2786.0,2785.75,2786.0,73,ES.v.0
2019-02-26 04:26:00+00:00,33,1,18720,2786.0,2786.0,2785.75,2786.0,34,ES.v.0
2019-02-26 04:27:00+00:00,33,1,18720,2786.0,2786.25,2785.75,2786.0,26,ES.v.0
2019-02-26 04:28:00+00:00,33,1,18720,2786.25,2786.25,2786.0,2786.25,55,ES.v.0
2019-02-26 04:29:00+00:00,33,1,18720,2786.25,2786.5,2786.0,2786.25,43,ES.v.0
2019-02-26 04:30:00+00:00,33,1,18720,2786.25,2786.25,2786.0,2786.0,98,ES.v.0
2019-02-26 04:31:00+00:00,33,1,18720,2786.0,2786.0,2785.75,2786.0,30,ES.v.0
2019-02-26 04:32:00+00:00,33,1,18720,2786.25,2786.25,2786.0,2786.0,111,ES.v.0
2019-02-26 04:33:00+00:00,33,1,18720,2786.0,2786.0,2786.0,2786.0,24,ES.v.0
2019-02-26 04:34:00+00:00,33,1,18720,2786.0,2786.0,2785.75,2785.75,4,ES.v.0
2019-02-26 04:35:00+00:00,33,1,18720,2786.0,2786.25,2786.0,2786.25,74,ES.v.0
2019-02-26 04:36:00+00:00,33,1,18720,2786.25,2786.25,2786.25,2786.25,43,ES.v.0
2019-02-26 04:37:00+00:00,33,1,18720,2786.25,2786.25,2786.25,2786.25,21,ES.v.0
2019-02-26 04:38:00+00:00,33,1,18720,2786.25,2786.25,2786.0,2786.25,74,ES.v.0
2019-02-26 04:39:00+00:00,33,1,18720,2786.5,2786.5,2786.25,2786.5,14,ES.v.0
2019-02-26 04:40:00+00:00,33,1,18720,2786.25,2786.5,2786.25,2786.25,12,ES.v.0
2019-02-26 04:41:00+00:00,33,1,18720,2786.5,2786.5,2786.25,2786.5,25,ES.v.0
2019-02-26 04:42:00+00:00,33,1,18720,2786.5,2786.5,2786.25,2786.25,52,ES.v.0
2019-02-26 04:43:00+00:00,33,1,18720,2786.25,2786.5,2786.25,2786.5,7,ES.v.0
2019-02-26 04:44:00+00:00,33,1,18720,2786.5,2786.75,2786.5,2786.75,54,ES.v.0
2019-02-26 04:45:00+00:00,33,1,18720,2786.75,2786.75,2786.75,2786.75,10,ES.v.0
2019-02-26 04:46:00+00:00,33,1,18720,2786.75,2786.75,2786.5,2786.75,10,ES.v.0
2019-02-26 04:47:00+00:00,33,1,18720,2786.75,2786.75,2786.75,2786.75,11,ES.v.0
2019-02-26 04:48:00+00:00,33,1,18720,2786.75,2786.75,2786.25,2786.25,47,ES.v.0
2019-02-26 04:49:00+00:00,33,1,18720,2786.25,2786.25,2786.25,2786.25,76,ES.v.0
2019-02-26 04:50:00+00:00,33,1,18720,2786.5,2786.5,2786.25,2786.5,147,ES.v.0
2019-02-26 04:51:00+00:00,33,1,18720,2786.5,2786.5,2786.5,2786.5,2,ES.v.0
2019-02-26 04:52:00+00:00,33,1,18720,2786.25,2786.25,2786.25,2786.25,62,ES.v.0
2019-02-26 04:53:00+00:00,33,1,18720,2786.25,2786.25,2786.25,2786.25,30,ES.v.0
2019-02-26 04:54:00+00:00,33,1,18720,2786.5,2786.5,2786.5,2786.5,16,ES.v.0
2019-02-26 04:55:00+00:00,33,1,18720,2786.25,2786.5,2786.25,2786.5,102,ES.v.0
2019-02-26 04:56:00+00:00,33,1,18720,2786.75,2786.75,2786.75,2786.75,53,ES.v.0
2019-02-26 04:57:00+00:00,33,1,18720,2786.75,2787.0,2786.75,2787.0,49,ES.v.0
2019-02-26 04:58:00+00:00,33,1,18720,2787.0,2787.0,2786.75,2786.75,70,ES.v.0
2019-02-26 04:59:00+00:00,33,1,18720,2786.75,2786.75,2786.5,2786.75,69,ES.v.0
2019-02-26 05:00:00+00:00,33,1,18720,2786.75,2787.5,2786.75,2787.5,247,ES.v.0
2019-02-26 05:01:00+00:00,33,1,18720,2787.5,2787.75,2787.25,2787.5,258,ES.v.0
2019-02-26 05:02:00+00:00,33,1,18720,2787.5,2787.75,2787.5,2787.5,245,ES.v.0
2019-02-26 05:03:00+00:00,33,1,18720,2787.5,2787.5,2787.0,2787.25,67,ES.v.0
2019-02-26 05:04:00+00:00,33,1,18720,2787.0,2787.0,2787.0,2787.0,115,ES.v.0
2019-02-26 05:05:00+00:00,33,1,18720,2787.0,2787.25,2787.0,2787.0,59,ES.v.0
2019-02-26 05:06:00+00:00,33,1,18720,2787.0,2787.0,2786.25,2786.25,279,ES.v.0
2019-02-26 05:07:00+00:00,33,1,18720,2786.5,2786.75,2786.25,2786.5,120,ES.v.0
2019-02-26 05:08:00+00:00,33,1,18720,2786.5,2786.75,2786.5,2786.75,125,ES.v.0
2019-02-26 05:09:00+00:00,33,1,18720,2787.0,2787.25,2787.0,2787.25,189,ES.v.0
2019-02-26 05:10:00+00:00,33,1,18720,2787.5,2787.75,2787.5,2787.5,128,ES.v.0
2019-02-26 05:11:00+00:00,33,1,18720,2787.5,2788.0,2787.5,2788.0,186,ES.v.0
2019-02-26 05:12:00+00:00,33,1,18720,2788.0,2788.0,2787.75,2788.0,75,ES.v.0
2019-02-26 05:13:00+00:00,33,1,18720,2788.0,2788.0,2787.75,2788.0,168,ES.v.0
2019-02-26 05:14:00+00:00,33,1,18720,2787.75,2788.0,2787.25,2787.5,169,ES.v.0
2019-02-26 05:15:00+00:00,33,1,18720,2787.5,2787.75,2787.5,2787.75,40,ES.v.0
2019-02-26 05:16:00+00:00,33,1,18720,2787.5,2787.75,2787.5,2787.5,78,ES.v.0
2019-02-26 05:17:00+00:00,33,1,18720,2787.5,2787.75,2787.25,2787.75,184,ES.v.0
2019-02-26 05:18:00+00:00,33,1,18720,2788.0,2788.5,2788.0,2788.5,256,ES.v.0
2019-02-26 05:19:00+00:00,33,1,18720,2788.5,2788.75,2788.0,2788.0,156,ES.v.0
2019-02-26 05:20:00+00:00,33,1,18720,2788.25,2788.25,2788.0,2788.25,56,ES.v.0
2019-02-26 05:21:00+00:00,33,1,18720,2788.25,2788.5,2788.0,2788.5,46,ES.v.0
2019-02-26 05:22:00+00:00,33,1,18720,2788.25,2788.5,2788.0,2788.25,158,ES.v.0
2019-02-26 05:23:00+00:00,33,1,18720,2788.0,2788.25,2788.0,2788.25,144,ES.v.0
2019-02-26 05:24:00+00:00,33,1,18720,2788.0,2788.0,2787.75,2788.0,265,ES.v.0
2019-02-26 05:25:00+00:00,33,1,18720,2787.5,2787.75,2787.5,2787.75,87,ES.v.0
2019-02-26 05:26:00+00:00,33,1,18720,2788.0,2788.0,2787.75,2787.75,110,ES.v.0
2019-02-26 05:27:00+00:00,33,1,18720,2788.0,2788.0,2787.5,2787.5,94,ES.v.0
2019-02-26 05:28:00+00:00,33,1,18720,2787.75,2787.75,2787.25,2787.5,117,ES.v.0
2019-02-26 05:29:00+00:00,33,1,18720,2787.75,2787.75,2787.5,2787.5,35,ES.v.0
2019-02-26 05:30:00+00:00,33,1,18720,2787.75,2788.25,2787.5,2787.75,287,ES.v.0
2019-02-26 05:31:00+00:00,33,1,18720,2787.75,2787.75,2787.5,2787.5,304,ES.v.0
2019-02-26 05:32:00+00:00,33,1,18720,2787.5,2787.75,2787.5,2787.5,55,ES.v.0
2019-02-26 05:33:00+00:00,33,1,18720,2787.5,2787.75,2787.5,2787.75,20,ES.v.0
2019-02-26 05:34:00+00:00,33,1,18720,2787.5,2787.5,2787.5,2787.5,79,ES.v.0
2019-02-26 05:35:00+00:00,33,1,18720,2787.5,2788.0,2787.5,2788.0,241,ES.v.0
2019-02-26 05:36:00+00:00,33,1,18720,2787.75,2788.0,2787.25,2787.25,141,ES.v.0
2019-02-26 05:37:00+00:00,33,1,18720,2787.0,2787.5,2787.0,2787.25,144,ES.v.0
2019-02-26 05:38:00+00:00,33,1,18720,2787.0,2787.0,2786.5,2786.75,364,ES.v.0
2019-02-26 05:39:00+00:00,33,1,18720,2786.75,2787.0,2786.5,2786.75,185,ES.v.0
2019-02-26 05:40:00+00:00,33,1,18720,2786.75,2787.0,2786.5,2786.75,105,ES.v.0
2019-02-26 05:41:00+00:00,33,1,18720,2786.75,2787.25,2786.75,2787.25,428,ES.v.0
2019-02-26 05:42:00+00:00,33,1,18720,2787.0,2787.5,2787.0,2787.0,106,ES.v.0
2019-02-26 05:43:00+00:00,33,1,18720,2787.0,2787.0,2786.75,2787.0,79,ES.v.0
2019-02-26 05:44:00+00:00,33,1,18720,2787.0,2787.0,2787.0,2787.0,79,ES.v.0
2019-02-26 05:45:00+00:00,33,1,18720,2787.0,2787.25,2787.0,2787.0,20,ES.v.0
2019-02-26 05:46:00+00:00,33,1,18720,2787.25,2787.25,2787.0,2787.0,61,ES.v.0
2019-02-26 05:47:00+00:00,33,1,18720,2787.0,2787.0,2786.75,2786.75,37,ES.v.0
2019-02-26 05:48:00+00:00,33,1,18720,2786.75,2786.75,2786.75,2786.75,100,ES.v.0
2019-02-26 05:49:00+00:00,33,1,18720,2787.0,2787.75,2787.0,2787.75,183,ES.v.0
2019-02-26 05:50:00+00:00,33,1,18720,2787.5,2787.75,2787.5,2787.75,26,ES.v.0
2019-02-26 05:51:00+00:00,33,1,18720,2788.0,2788.0,2787.5,2787.5,40,ES.v.0
2019-02-26 05:52:00+00:00,33,1,18720,2787.5,2787.5,2787.25,2787.5,73,ES.v.0
2019-02-26 05:53:00+00:00,33,1,18720,2787.25,2787.25,2786.75,2787.25,95,ES.v.0
2019-02-26 05:54:00+00:00,33,1,18720,2787.25,2787.25,2787.0,2787.0,227,ES.v.0
2019-02-26 05:55:00+00:00,33,1,18720,2787.0,2787.25,2787.0,2787.0,27,ES.v.0
2019-02-26 05:56:00+00:00,33,1,18720,2787.0,2787.25,2787.0,2787.25,48,ES.v.0
2019-02-26 05:57:00+00:00,33,1,18720,2787.25,2787.25,2786.5,2786.75,313,ES.v.0
2019-02-26 05:58:00+00:00,33,1,18720,2786.5,2787.25,2786.5,2787.25,310,ES.v.0
2019-02-26 05:59:00+00:00,33,1,18720,2787.25,2787.25,2787.0,2787.25,159,ES.v.0
2019-02-26 06:00:00+00:00,33,1,18720,2787.25,2787.5,2787.25,2787.5,309,ES.v.0
2019-02-26 06:01:00+00:00,33,1,18720,2787.75,2788.25,2787.75,2788.25,94,ES.v.0
2019-02-26 06:02:00+00:00,33,1,18720,2788.25,2788.25,2787.75,2787.75,253,ES.v.0
2019-02-26 06:03:00+00:00,33,1,18720,2787.75,2788.0,2787.75,2787.75,123,ES.v.0
2019-02-26 06:04:00+00:00,33,1,18720,2788.0,2788.0,2787.75,2787.75,144,ES.v.0
2019-02-26 06:05:00+00:00,33,1,18720,2788.0,2788.5,2788.0,2788.25,101,ES.v.0
2019-02-26 06:06:00+00:00,33,1,18720,2788.25,2788.5,2788.0,2788.5,114,ES.v.0
2019-02-26 06:07:00+00:00,33,1,18720,2788.5,2788.75,2788.25,2788.5,103,ES.v.0
2019-02-26 06:08:00+00:00,33,1,18720,2788.5,2788.5,2788.25,2788.5,79,ES.v.0
2019-02-26 06:09:00+00:00,33,1,18720,2788.5,2788.75,2788.25,2788.25,150,ES.v.0
2019-02-26 06:10:00+00:00,33,1,18720,2788.5,2788.75,2788.5,2788.5,208,ES.v.0
2019-02-26 06:11:00+00:00,33,1,18720,2788.5,2788.75,2788.5,2788.5,105,ES.v.0
2019-02-26 06:12:00+00:00,33,1,18720,2788.5,2788.5,2788.25,2788.5,94,ES.v.0
2019-02-26 06:13:00+00:00,33,1,18720,2788.5,2788.5,2788.0,2788.0,71,ES.v.0
2019-02-26 06:14:00+00:00,33,1,18720,2788.0,2788.5,2788.0,2788.5,44,ES.v.0
2019-02-26 06:15:00+00:00,33,1,18720,2788.5,2788.5,2788.25,2788.5,24,ES.v.0
2019-02-26 06:16:00+00:00,33,1,18720,2788.5,2788.5,2788.25,2788.5,55,ES.v.0
2019-02-26 06:17:00+00:00,33,1,18720,2788.5,2788.75,2788.5,2788.75,46,ES.v.0
2019-02-26 06:18:00+00:00,33,1,18720,2788.5,2788.75,2788.5,2788.75,54,ES.v.0
2019-02-26 06:19:00+00:00,33,1,18720,2788.75,2789.0,2788.75,2789.0,66,ES.v.0
2019-02-26 06:20:00+00:00,33,1,18720,2788.75,2789.25,2788.5,2788.75,357,ES.v.0
2019-02-26 06:21:00+00:00,33,1,18720,2789.0,2789.0,2788.5,2788.5,277,ES.v.0
2019-02-26 06:22:00+00:00,33,1,18720,2788.5,2788.75,2788.5,2788.75,66,ES.v.0
2019-02-26 06:23:00+00:00,33,1,18720,2788.5,2788.75,2788.5,2788.75,9,ES.v.0
2019-02-26 06:24:00+00:00,33,1,18720,2788.5,2788.75,2788.25,2788.25,121,ES.v.0
2019-02-26 06:25:00+00:00,33,1,18720,2788.25,2788.25,2788.0,2788.0,53,ES.v.0
2019-02-26 06:26:00+00:00,33,1,18720,2788.25,2788.25,2788.0,2788.0,149,ES.v.0
2019-02-26 06:27:00+00:00,33,1,18720,2788.0,2788.0,2787.75,2788.0,38,ES.v.0
2019-02-26 06:28:00+00:00,33,1,18720,2787.75,2787.75,2787.5,2787.5,153,ES.v.0
2019-02-26 06:29:00+00:00,33,1,18720,2787.5,2787.75,2787.5,2787.75,264,ES.v.0
2019-02-26 06:30:00+00:00,33,1,18720,2787.5,2787.75,2787.5,2787.5,62,ES.v.0
2019-02-26 06:31:00+00:00,33,1,18720,2787.5,2787.75,2787.25,2787.75,278,ES.v.0
2019-02-26 06:32:00+00:00,33,1,18720,2787.75,2787.75,2786.75,2787.25,270,ES.v.0
2019-02-26 06:33:00+00:00,33,1,18720,2787.0,2787.25,2786.75,2786.75,259,ES.v.0
2019-02-26 06:34:00+00:00,33,1,18720,2786.75,2787.25,2786.75,2787.25,146,ES.v.0
2019-02-26 06:35:00+00:00,33,1,18720,2787.25,2787.25,2787.0,2787.25,18,ES.v.0
2019-02-26 06:36:00+00:00,33,1,18720,2787.25,2787.5,2787.0,2787.5,124,ES.v.0
2019-02-26 06:37:00+00:00,33,1,18720,2787.25,2787.75,2787.25,2787.75,77,ES.v.0
2019-02-26 06:38:00+00:00,33,1,18720,2787.5,2788.0,2787.5,2787.75,104,ES.v.0
2019-02-26 06:39:00+00:00,33,1,18720,2787.75,2787.75,2787.5,2787.75,63,ES.v.0
2019-02-26 06:40:00+00:00,33,1,18720,2787.5,2787.5,2787.25,2787.25,103,ES.v.0
2019-02-26 06:41:00+00:00,33,1,18720,2787.5,2787.5,2787.25,2787.25,32,ES.v.0
2019-02-26 06:42:00+00:00,33,1,18720,2787.5,2787.5,2787.5,2787.5,40,ES.v.0
2019-02-26 06:43:00+00:00,33,1,18720,2787.5,2787.5,2787.25,2787.25,74,ES.v.0
2019-02-26 06:44:00+00:00,33,1,18720,2787.0,2787.5,2787.0,2787.5,45,ES.v.0
2019-02-26 06:45:00+00:00,33,1,18720,2787.25,2787.25,2787.0,2787.25,91,ES.v.0
2019-02-26 06:46:00+00:00,33,1,18720,2787.25,2787.25,2787.0,2787.0,35,ES.v.0
2019-02-26 06:47:00+00:00,33,1,18720,2787.0,2787.25,2787.0,2787.25,8,ES.v.0
2019-02-26 06:48:00+00:00,33,1,18720,2787.0,2787.0,2786.75,2786.75,96,ES.v.0
2019-02-26 06:49:00+00:00,33,1,18720,2786.75,2786.75,2786.5,2786.75,137,ES.v.0
2019-02-26 06:50:00+00:00,33,1,18720,2786.75,2787.25,2786.5,2787.0,125,ES.v.0
2019-02-26 06:51:00+00:00,33,1,18720,2787.25,2787.25,2787.0,2787.25,161,ES.v.0
2019-02-26 06:52:00+00:00,33,1,18720,2787.25,2787.5,2787.0,2787.5,28,ES.v.0
2019-02-26 06:53:00+00:00,33,1,18720,2787.5,2787.5,2787.5,2787.5,1,ES.v.0
2019-02-26 06:54:00+00:00,33,1,18720,2787.5,2787.5,2787.25,2787.25,6,ES.v.0
2019-02-26 06:55:00+00:00,33,1,18720,2787.5,2787.75,2787.5,2787.5,164,ES.v.0
2019-02-26 06:56:00+00:00,33,1,18720,2787.5,2787.75,2787.5,2787.5,71,ES.v.0
2019-02-26 06:57:00+00:00,33,1,18720,2787.5,2787.5,2787.25,2787.5,101,ES.v.0
2019-02-26 06:58:00+00:00,33,1,18720,2787.25,2787.5,2787.0,2787.5,206,ES.v.0
2019-02-26 06:59:00+00:00,33,1,18720,2787.5,2787.5,2786.75,2787.5,254,ES.v.0
2019-02-26 07:00:00+00:00,33,1,18720,2787.25,2788.5,2787.25,2788.5,291,ES.v.0
2019-02-26 07:01:00+00:00,33,1,18720,2788.25,2788.5,2788.0,2788.0,270,ES.v.0
2019-02-26 07:02:00+00:00,33,1,18720,2788.25,2788.25,2788.0,2788.25,27,ES.v.0
2019-02-26 07:03:00+00:00,33,1,18720,2788.25,2788.75,2788.25,2788.5,228,ES.v.0
2019-02-26 07:04:00+00:00,33,1,18720,2788.25,2788.75,2788.25,2788.5,339,ES.v.0
2019-02-26 07:05:00+00:00,33,1,18720,2788.5,2788.5,2788.0,2788.5,84,ES.v.0
2019-02-26 07:06:00+00:00,33,1,18720,2788.5,2788.75,2788.5,2788.5,147,ES.v.0
2019-02-26 07:07:00+00:00,33,1,18720,2788.5,2788.5,2787.5,2787.5,473,ES.v.0
2019-02-26 07:08:00+00:00,33,1,18720,2787.75,2787.75,2787.25,2787.25,152,ES.v.0
2019-02-26 07:09:00+00:00,33,1,18720,2787.25,2787.5,2787.0,2787.0,156,ES.v.0
2019-02-26 07:10:00+00:00,33,1,18720,2787.25,2787.75,2787.0,2787.75,241,ES.v.0
2019-02-26 07:11:00+00:00,33,1,18720,2787.75,2788.0,2787.75,2788.0,139,ES.v.0
2019-02-26 07:12:00+00:00,33,1,18720,2788.0,2788.5,2788.0,2788.25,83,ES.v.0
2019-02-26 07:13:00+00:00,33,1,18720,2788.5,2788.5,2788.25,2788.5,19,ES.v.0
2019-02-26 07:14:00+00:00,33,1,18720,2788.5,2788.5,2788.0,2788.0,109,ES.v.0
2019-02-26 07:15:00+00:00,33,1,18720,2788.25,2788.75,2788.0,2788.75,128,ES.v.0
2019-02-26 07:16:00+00:00,33,1,18720,2788.75,2789.0,2788.5,2788.75,281,ES.v.0
2019-02-26 07:17:00+00:00,33,1,18720,2788.75,2789.0,2788.75,2789.0,138,ES.v.0
2019-02-26 07:18:00+00:00,33,1,18720,2789.0,2789.0,2788.5,2788.75,66,ES.v.0
2019-02-26 07:19:00+00:00,33,1,18720,2788.75,2789.0,2788.5,2788.75,173,ES.v.0
2019-02-26 07:20:00+00:00,33,1,18720,2788.75,2789.25,2788.75,2789.25,79,ES.v.0
2019-02-26 07:21:00+00:00,33,1,18720,2789.0,2789.5,2789.0,2789.25,197,ES.v.0
2019-02-26 07:22:00+00:00,33,1,18720,2789.25,2789.25,2789.0,2789.25,134,ES.v.0
2019-02-26 07:23:00+00:00,33,1,18720,2789.0,2789.0,2788.75,2788.75,27,ES.v.0
2019-02-26 07:24:00+00:00,33,1,18720,2789.0,2789.0,2788.75,2789.0,22,ES.v.0
2019-02-26 07:25:00+00:00,33,1,18720,2789.0,2789.0,2788.5,2788.5,91,ES.v.0
2019-02-26 07:26:00+00:00,33,1,18720,2788.75,2789.25,2788.75,2788.75,205,ES.v.0
2019-02-26 07:27:00+00:00,33,1,18720,2789.0,2789.0,2788.5,2788.5,50,ES.v.0
2019-02-26 07:28:00+00:00,33,1,18720,2788.75,2788.75,2788.5,2788.75,93,ES.v.0
2019-02-26 07:29:00+00:00,33,1,18720,2788.75,2789.0,2788.75,2789.0,83,ES.v.0
2019-02-26 07:30:00+00:00,33,1,18720,2789.0,2789.0,2788.75,2789.0,121,ES.v.0
2019-02-26 07:31:00+00:00,33,1,18720,2789.25,2789.5,2789.25,2789.5,148,ES.v.0
2019-02-26 07:32:00+00:00,33,1,18720,2789.5,2790.25,2789.25,2789.5,543,ES.v.0
2019-02-26 07:33:00+00:00,33,1,18720,2789.5,2790.0,2789.5,2789.5,96,ES.v.0
2019-02-26 07:34:00+00:00,33,1,18720,2789.5,2789.75,2789.5,2789.75,276,ES.v.0
2019-02-26 07:35:00+00:00,33,1,18720,2789.75,2790.0,2789.5,2789.5,120,ES.v.0
2019-02-26 07:36:00+00:00,33,1,18720,2789.5,2789.75,2789.5,2789.75,51,ES.v.0
2019-02-26 07:37:00+00:00,33,1,18720,2789.75,2789.75,2789.5,2789.5,51,ES.v.0
2019-02-26 07:38:00+00:00,33,1,18720,2789.75,2790.0,2789.5,2789.75,69,ES.v.0
2019-02-26 07:39:00+00:00,33,1,18720,2789.75,2790.0,2789.75,2790.0,75,ES.v.0
2019-02-26 07:40:00+00:00,33,1,18720,2789.75,2789.75,2789.5,2789.5,36,ES.v.0
2019-02-26 07:41:00+00:00,33,1,18720,2789.5,2789.75,2789.5,2789.5,31,ES.v.0
2019-02-26 07:42:00+00:00,33,1,18720,2789.5,2790.0,2789.5,2789.75,85,ES.v.0
2019-02-26 07:43:00+00:00,33,1,18720,2790.0,2790.0,2789.75,2789.75,19,ES.v.0
2019-02-26 07:44:00+00:00,33,1,18720,2790.0,2790.0,2789.75,2789.75,27,ES.v.0
2019-02-26 07:45:00+00:00,33,1,18720,2789.75,2790.0,2789.75,2790.0,68,ES.v.0
2019-02-26 07:46:00+00:00,33,1,18720,2790.0,2790.0,2790.0,2790.0,42,ES.v.0
2019-02-26 07:47:00+00:00,33,1,18720,2790.0,2790.5,2790.0,2790.25,204,ES.v.0
2019-02-26 07:48:00+00:00,33,1,18720,2790.25,2790.25,2790.0,2790.25,184,ES.v.0
2019-02-26 07:49:00+00:00,33,1,18720,2790.25,2790.5,2790.0,2790.25,131,ES.v.0
2019-02-26 07:50:00+00:00,33,1,18720,2790.0,2790.25,2790.0,2790.0,184,ES.v.0
2019-02-26 07:51:00+00:00,33,1,18720,2790.0,2790.0,2789.5,2789.5,53,ES.v.0
2019-02-26 07:52:00+00:00,33,1,18720,2789.5,2789.75,2789.5,2789.5,15,ES.v.0
2019-02-26 07:53:00+00:00,33,1,18720,2789.5,2789.5,2789.25,2789.25,82,ES.v.0
2019-02-26 07:54:00+00:00,33,1,18720,2789.25,2789.5,2789.25,2789.25,10,ES.v.0
2019-02-26 07:55:00+00:00,33,1,18720,2789.25,2789.75,2789.25,2789.75,123,ES.v.0
2019-02-26 07:56:00+00:00,33,1,18720,2789.75,2790.25,2789.5,2790.0,276,ES.v.0
2019-02-26 07:57:00+00:00,33,1,18720,2790.0,2790.5,2790.0,2790.5,177,ES.v.0
2019-02-26 07:58:00+00:00,33,1,18720,2790.25,2790.5,2790.0,2790.0,149,ES.v.0
2019-02-26 07:59:00+00:00,33,1,18720,2790.0,2790.25,2789.75,2790.25,207,ES.v.0
2019-02-26 08:00:00+00:00,33,1,18720,2790.0,2790.5,2789.25,2790.25,526,ES.v.0
2019-02-26 08:01:00+00:00,33,1,18720,2790.0,2790.25,2789.5,2789.75,258,ES.v.0
2019-02-26 08:02:00+00:00,33,1,18720,2789.75,2790.25,2789.75,2789.75,281,ES.v.0
2019-02-26 08:03:00+00:00,33,1,18720,2789.5,2789.75,2789.25,2789.5,250,ES.v.0
2019-02-26 08:04:00+00:00,33,1,18720,2789.5,2789.75,2789.25,2789.5,268,ES.v.0
2019-02-26 08:05:00+00:00,33,1,18720,2789.5,2789.75,2789.5,2789.5,151,ES.v.0
2019-02-26 08:06:00+00:00,33,1,18720,2789.75,2790.25,2789.5,2790.0,367,ES.v.0
2019-02-26 08:07:00+00:00,33,1,18720,2790.0,2790.0,2789.5,2789.75,102,ES.v.0
2019-02-26 08:08:00+00:00,33,1,18720,2790.0,2790.0,2789.25,2789.5,254,ES.v.0
2019-02-26 08:09:00+00:00,33,1,18720,2789.25,2789.75,2789.25,2789.5,249,ES.v.0
2019-02-26 08:10:00+00:00,33,1,18720,2789.75,2790.0,2789.5,2789.75,202,ES.v.0
2019-02-26 08:11:00+00:00,33,1,18720,2789.5,2789.75,2789.25,2789.5,296,ES.v.0
2019-02-26 08:12:00+00:00,33,1,18720,2789.25,2789.5,2789.25,2789.25,294,ES.v.0
2019-02-26 08:13:00+00:00,33,1,18720,2789.25,2789.5,2788.75,2789.0,596,ES.v.0
2019-02-26 08:14:00+00:00,33,1,18720,2789.25,2789.25,2788.5,2788.75,437,ES.v.0
2019-02-26 08:15:00+00:00,33,1,18720,2789.0,2789.25,2789.0,2789.0,193,ES.v.0
2019-02-26 08:16:00+00:00,33,1,18720,2789.25,2789.25,2788.75,2788.75,114,ES.v.0
2019-02-26 08:17:00+00:00,33,1,18720,2788.75,2789.0,2788.5,2788.75,207,ES.v.0
2019-02-26 08:18:00+00:00,33,1,18720,2788.75,2789.75,2788.5,2789.75,472,ES.v.0
2019-02-26 08:19:00+00:00,33,1,18720,2789.75,2789.75,2789.5,2789.5,245,ES.v.0
2019-02-26 08:20:00+00:00,33,1,18720,2789.5,2789.75,2789.5,2789.75,133,ES.v.0
2019-02-26 08:21:00+00:00,33,1,18720,2789.75,2790.25,2789.75,2790.25,93,ES.v.0
2019-02-26 08:22:00+00:00,33,1,18720,2790.25,2790.25,2790.0,2790.0,117,ES.v.0
2019-02-26 08:23:00+00:00,33,1,18720,2790.25,2790.5,2790.25,2790.25,136,ES.v.0
2019-02-26 08:24:00+00:00,33,1,18720,2790.25,2791.0,2790.25,2790.5,408,ES.v.0
2019-02-26 08:25:00+00:00,33,1,18720,2790.5,2790.5,2790.25,2790.5,253,ES.v.0
2019-02-26 08:26:00+00:00,33,1,18720,2790.5,2790.75,2790.25,2790.5,173,ES.v.0
2019-02-26 08:27:00+00:00,33,1,18720,2790.5,2790.75,2790.5,2790.5,133,ES.v.0
2019-02-26 08:28:00+00:00,33,1,18720,2790.75,2791.0,2790.25,2790.75,279,ES.v.0
2019-02-26 08:29:00+00:00,33,1,18720,2791.0,2791.0,2790.5,2790.5,81,ES.v.0
2019-02-26 08:30:00+00:00,33,1,18720,2790.75,2791.0,2790.75,2791.0,270,ES.v.0
2019-02-26 08:31:00+00:00,33,1,18720,2791.0,2791.0,2790.75,2791.0,102,ES.v.0
2019-02-26 08:32:00+00:00,33,1,18720,2791.25,2791.5,2791.0,2791.25,312,ES.v.0
2019-02-26 08:33:00+00:00,33,1,18720,2791.5,2791.5,2791.25,2791.25,386,ES.v.0
2019-02-26 08:34:00+00:00,33,1,18720,2791.5,2791.5,2791.25,2791.25,203,ES.v.0
2019-02-26 08:35:00+00:00,33,1,18720,2791.5,2791.5,2791.0,2791.25,297,ES.v.0
2019-02-26 08:36:00+00:00,33,1,18720,2791.25,2791.25,2790.75,2791.0,240,ES.v.0
2019-02-26 08:37:00+00:00,33,1,18720,2791.25,2791.25,2790.75,2790.75,91,ES.v.0
2019-02-26 08:38:00+00:00,33,1,18720,2791.0,2791.0,2790.75,2791.0,132,ES.v.0
2019-02-26 08:39:00+00:00,33,1,18720,2791.0,2791.25,2790.75,2790.75,204,ES.v.0
2019-02-26 08:40:00+00:00,33,1,18720,2790.75,2791.0,2790.5,2790.5,265,ES.v.0
2019-02-26 08:41:00+00:00,33,1,18720,2790.5,2791.0,2790.5,2790.75,159,ES.v.0
2019-02-26 08:42:00+00:00,33,1,18720,2791.0,2791.0,2790.5,2790.75,285,ES.v.0
2019-02-26 08:43:00+00:00,33,1,18720,2790.5,2790.75,2790.5,2790.5,64,ES.v.0
2019-02-26 08:44:00+00:00,33,1,18720,2790.5,2791.0,2790.5,2791.0,364,ES.v.0
2019-02-26 08:45:00+00:00,33,1,18720,2791.25,2791.5,2790.75,2791.25,426,ES.v.0
2019-02-26 08:46:00+00:00,33,1,18720,2791.0,2791.25,2790.75,2790.75,115,ES.v.0
2019-02-26 08:47:00+00:00,33,1,18720,2790.75,2790.75,2790.25,2790.25,151,ES.v.0
2019-02-26 08:48:00+00:00,33,1,18720,2790.5,2790.75,2790.5,2790.75,197,ES.v.0
2019-02-26 08:49:00+00:00,33,1,18720,2790.75,2790.75,2790.5,2790.5,52,ES.v.0
2019-02-26 08:50:00+00:00,33,1,18720,2790.5,2790.75,2790.25,2790.5,179,ES.v.0
2019-02-26 08:51:00+00:00,33,1,18720,2790.5,2790.5,2790.0,2790.0,317,ES.v.0
2019-02-26 08:52:00+00:00,33,1,18720,2790.0,2790.25,2789.75,2790.25,197,ES.v.0
2019-02-26 08:53:00+00:00,33,1,18720,2790.0,2790.5,2790.0,2790.25,259,ES.v.0
2019-02-26 08:54:00+00:00,33,1,18720,2790.25,2790.5,2790.0,2790.25,658,ES.v.0
2019-02-26 08:55:00+00:00,33,1,18720,2790.0,2790.0,2789.25,2789.5,432,ES.v.0
2019-02-26 08:56:00+00:00,33,1,18720,2789.75,2789.75,2789.25,2789.25,209,ES.v.0
2019-02-26 08:57:00+00:00,33,1,18720,2789.25,2789.25,2789.0,2789.0,290,ES.v.0
2019-02-26 08:58:00+00:00,33,1,18720,2789.0,2789.25,2788.5,2789.0,301,ES.v.0
2019-02-26 08:59:00+00:00,33,1,18720,2789.0,2789.5,2789.0,2789.25,299,ES.v.0
2019-02-26 09:00:00+00:00,33,1,18720,2789.25,2789.5,2789.0,2789.25,288,ES.v.0
2019-02-26 09:01:00+00:00,33,1,18720,2789.25,2789.25,2789.25,2789.25,230,ES.v.0
2019-02-26 09:02:00+00:00,33,1,18720,2789.25,2789.5,2789.0,2789.0,101,ES.v.0
2019-02-26 09:03:00+00:00,33,1,18720,2789.25,2789.5,2789.0,2789.5,153,ES.v.0
2019-02-26 09:04:00+00:00,33,1,18720,2789.25,2789.5,2788.75,2789.0,383,ES.v.0
2019-02-26 09:05:00+00:00,33,1,18720,2789.0,2789.25,2788.75,2789.0,353,ES.v.0
2019-02-26 09:06:00+00:00,33,1,18720,2789.0,2789.25,2788.75,2789.0,122,ES.v.0
2019-02-26 09:07:00+00:00,33,1,18720,2789.25,2789.75,2789.25,2789.75,440,ES.v.0
2019-02-26 09:08:00+00:00,33,1,18720,2789.5,2790.25,2789.5,2790.0,438,ES.v.0
2019-02-26 09:09:00+00:00,33,1,18720,2790.0,2790.0,2789.75,2790.0,116,ES.v.0
2019-02-26 09:10:00+00:00,33,1,18720,2789.75,2790.0,2789.75,2790.0,217,ES.v.0
2019-02-26 09:11:00+00:00,33,1,18720,2790.0,2790.25,2789.75,2790.0,402,ES.v.0
2019-02-26 09:12:00+00:00,33,1,18720,2790.0,2790.25,2789.75,2790.0,409,ES.v.0
2019-02-26 09:13:00+00:00,33,1,18720,2789.75,2789.75,2789.5,2789.5,175,ES.v.0
2019-02-26 09:14:00+00:00,33,1,18720,2789.75,2790.0,2789.25,2790.0,1324,ES.v.0
2019-02-26 09:15:00+00:00,33,1,18720,2790.0,2790.0,2789.25,2789.25,442,ES.v.0
2019-02-26 09:16:00+00:00,33,1,18720,2789.25,2789.25,2788.75,2788.75,219,ES.v.0
2019-02-26 09:17:00+00:00,33,1,18720,2788.75,2788.75,2787.5,2787.5,689,ES.v.0
2019-02-26 09:18:00+00:00,33,1,18720,2787.5,2788.0,2787.5,2788.0,417,ES.v.0
2019-02-26 09:19:00+00:00,33,1,18720,2788.0,2788.0,2787.5,2787.75,154,ES.v.0
2019-02-26 09:20:00+00:00,33,1,18720,2787.75,2788.0,2787.5,2787.5,324,ES.v.0
2019-02-26 09:21:00+00:00,33,1,18720,2787.25,2787.75,2787.25,2787.5,157,ES.v.0
2019-02-26 09:22:00+00:00,33,1,18720,2787.5,2787.5,2787.25,2787.5,98,ES.v.0
2019-02-26 09:23:00+00:00,33,1,18720,2787.25,2787.25,2786.25,2786.25,594,ES.v.0
2019-02-26 09:24:00+00:00,33,1,18720,2786.5,2786.75,2786.25,2786.25,519,ES.v.0
2019-02-26 09:25:00+00:00,33,1,18720,2786.5,2786.5,2786.0,2786.25,320,ES.v.0
2019-02-26 09:26:00+00:00,33,1,18720,2786.0,2786.25,2785.25,2785.5,879,ES.v.0
2019-02-26 09:27:00+00:00,33,1,18720,2785.5,2786.0,2785.5,2785.75,362,ES.v.0
2019-02-26 09:28:00+00:00,33,1,18720,2785.75,2785.75,2785.25,2785.25,103,ES.v.0
2019-02-26 09:29:00+00:00,33,1,18720,2785.5,2785.75,2785.0,2785.5,320,ES.v.0
2019-02-26 09:30:00+00:00,33,1,18720,2785.5,2785.75,2785.5,2785.5,239,ES.v.0
2019-02-26 09:31:00+00:00,33,1,18720,2785.5,2786.25,2785.0,2785.75,1379,ES.v.0
2019-02-26 09:32:00+00:00,33,1,18720,2785.5,2786.25,2785.25,2785.75,690,ES.v.0
2019-02-26 09:33:00+00:00,33,1,18720,2785.75,2786.25,2785.5,2786.0,647,ES.v.0
2019-02-26 09:34:00+00:00,33,1,18720,2786.25,2787.5,2786.25,2787.25,1061,ES.v.0
2019-02-26 09:35:00+00:00,33,1,18720,2787.25,2787.75,2787.0,2787.25,417,ES.v.0
2019-02-26 09:36:00+00:00,33,1,18720,2787.25,2787.75,2786.75,2787.5,244,ES.v.0
2019-02-26 09:37:00+00:00,33,1,18720,2787.25,2787.5,2787.25,2787.5,104,ES.v.0
2019-02-26 09:38:00+00:00,33,1,18720,2787.25,2788.0,2787.25,2787.75,136,ES.v.0
2019-02-26 09:39:00+00:00,33,1,18720,2788.0,2788.0,2787.5,2787.5,33,ES.v.0
2019-02-26 09:40:00+00:00,33,1,18720,2787.75,2788.0,2787.75,2788.0,169,ES.v.0
2019-02-26 09:41:00+00:00,33,1,18720,2787.75,2788.5,2787.75,2788.25,238,ES.v.0
2019-02-26 09:42:00+00:00,33,1,18720,2788.25,2788.5,2788.0,2788.0,83,ES.v.0
2019-02-26 09:43:00+00:00,33,1,18720,2788.0,2788.25,2788.0,2788.25,119,ES.v.0
2019-02-26 09:44:00+00:00,33,1,18720,2788.25,2788.25,2788.0,2788.25,112,ES.v.0
2019-02-26 09:45:00+00:00,33,1,18720,2788.25,2788.75,2788.25,2788.5,215,ES.v.0
2019-02-26 09:46:00+00:00,33,1,18720,2788.5,2789.0,2788.25,2788.25,272,ES.v.0
2019-02-26 09:47:00+00:00,33,1,18720,2788.5,2788.5,2788.0,2788.0,101,ES.v.0
2019-02-26 09:48:00+00:00,33,1,18720,2788.25,2788.25,2788.0,2788.25,129,ES.v.0
2019-02-26 09:49:00+00:00,33,1,18720,2788.5,2788.75,2788.25,2788.75,191,ES.v.0
2019-02-26 09:50:00+00:00,33,1,18720,2788.5,2788.75,2788.5,2788.5,180,ES.v.0
2019-02-26 09:51:00+00:00,33,1,18720,2788.5,2788.5,2788.0,2788.5,322,ES.v.0
2019-02-26 09:52:00+00:00,33,1,18720,2788.25,2788.5,2788.25,2788.5,248,ES.v.0
2019-02-26 09:53:00+00:00,33,1,18720,2788.5,2788.75,2788.25,2788.5,287,ES.v.0
2019-02-26 09:54:00+00:00,33,1,18720,2788.5,2788.5,2788.25,2788.25,154,ES.v.0
2019-02-26 09:55:00+00:00,33,1,18720,2788.5,2789.0,2788.25,2789.0,162,ES.v.0
2019-02-26 09:56:00+00:00,33,1,18720,2789.0,2789.75,2789.0,2789.75,338,ES.v.0
2019-02-26 09:57:00+00:00,33,1,18720,2789.75,2790.0,2789.5,2790.0,212,ES.v.0
2019-02-26 09:58:00+00:00,33,1,18720,2790.0,2790.75,2789.75,2790.5,257,ES.v.0
2019-02-26 09:59:00+00:00,33,1,18720,2790.5,2790.5,2790.0,2790.25,221,ES.v.0
2019-02-26 10:00:00+00:00,33,1,18720,2790.25,2790.5,2789.75,2790.0,416,ES.v.0
2019-02-26 10:01:00+00:00,33,1,18720,2790.0,2790.5,2790.0,2790.25,131,ES.v.0
2019-02-26 10:02:00+00:00,33,1,18720,2790.0,2790.5,2790.0,2790.25,147,ES.v.0
2019-02-26 10:03:00+00:00,33,1,18720,2790.25,2790.5,2790.0,2790.5,105,ES.v.0
2019-02-26 10:04:00+00:00,33,1,18720,2790.5,2790.75,2790.5,2790.75,160,ES.v.0
2019-02-26 10:05:00+00:00,33,1,18720,2790.75,2790.75,2790.5,2790.5,121,ES.v.0
2019-02-26 10:06:00+00:00,33,1,18720,2790.5,2790.5,2789.5,2789.75,534,ES.v.0
2019-02-26 10:07:00+00:00,33,1,18720,2790.0,2790.25,2789.5,2790.0,567,ES.v.0
2019-02-26 10:08:00+00:00,33,1,18720,2790.0,2790.25,2789.75,2789.75,243,ES.v.0
2019-02-26 10:09:00+00:00,33,1,18720,2789.75,2790.0,2789.75,2789.75,172,ES.v.0
2019-02-26 10:10:00+00:00,33,1,18720,2789.75,2790.0,2789.25,2789.75,413,ES.v.0
2019-02-26 10:11:00+00:00,33,1,18720,2789.75,2790.25,2789.5,2789.75,227,ES.v.0
2019-02-26 10:12:00+00:00,33,1,18720,2789.75,2789.75,2789.5,2789.5,48,ES.v.0
2019-02-26 10:13:00+00:00,33,1,18720,2789.5,2790.0,2789.5,2790.0,58,ES.v.0
2019-02-26 10:14:00+00:00,33,1,18720,2790.0,2790.25,2790.0,2790.25,174,ES.v.0
2019-02-26 10:15:00+00:00,33,1,18720,2790.25,2790.25,2790.0,2790.0,117,ES.v.0
2019-02-26 10:16:00+00:00,33,1,18720,2790.0,2790.25,2790.0,2790.0,50,ES.v.0
2019-02-26 10:17:00+00:00,33,1,18720,2790.0,2790.0,2789.5,2789.75,104,ES.v.0
2019-02-26 10:18:00+00:00,33,1,18720,2789.75,2789.75,2789.75,2789.75,26,ES.v.0
2019-02-26 10:19:00+00:00,33,1,18720,2789.75,2789.75,2789.5,2789.75,33,ES.v.0
2019-02-26 10:20:00+00:00,33,1,18720,2789.5,2789.75,2789.5,2789.75,131,ES.v.0
2019-02-26 10:21:00+00:00,33,1,18720,2789.75,2790.0,2789.5,2789.5,134,ES.v.0
2019-02-26 10:22:00+00:00,33,1,18720,2789.5,2789.5,2789.25,2789.5,100,ES.v.0
2019-02-26 10:23:00+00:00,33,1,18720,2789.5,2789.5,2789.25,2789.5,199,ES.v.0
2019-02-26 10:24:00+00:00,33,1,18720,2789.5,2789.75,2789.5,2789.5,22,ES.v.0
2019-02-26 10:25:00+00:00,33,1,18720,2789.25,2789.75,2789.25,2789.75,81,ES.v.0
2019-02-26 10:26:00+00:00,33,1,18720,2789.75,2789.75,2789.5,2789.5,144,ES.v.0
2019-02-26 10:27:00+00:00,33,1,18720,2789.75,2790.0,2789.5,2789.75,87,ES.v.0
2019-02-26 10:28:00+00:00,33,1,18720,2789.75,2789.75,2789.75,2789.75,112,ES.v.0
2019-02-26 10:29:00+00:00,33,1,18720,2789.75,2789.75,2789.0,2789.5,264,ES.v.0
2019-02-26 10:30:00+00:00,33,1,18720,2789.5,2790.0,2789.5,2789.75,365,ES.v.0
2019-02-26 10:31:00+00:00,33,1,18720,2789.5,2789.75,2789.25,2789.5,124,ES.v.0
2019-02-26 10:32:00+00:00,33,1,18720,2789.75,2790.0,2789.5,2790.0,114,ES.v.0
2019-02-26 10:33:00+00:00,33,1,18720,2790.0,2790.25,2790.0,2790.25,116,ES.v.0
2019-02-26 10:34:00+00:00,33,1,18720,2790.25,2790.5,2790.25,2790.25,142,ES.v.0
2019-02-26 10:35:00+00:00,33,1,18720,2790.25,2790.25,2790.0,2790.25,143,ES.v.0
2019-02-26 10:36:00+00:00,33,1,18720,2790.0,2790.25,2790.0,2790.0,185,ES.v.0
2019-02-26 10:37:00+00:00,33,1,18720,2790.0,2790.0,2789.75,2789.75,115,ES.v.0
2019-02-26 10:38:00+00:00,33,1,18720,2789.75,2790.0,2789.75,2789.75,52,ES.v.0
2019-02-26 10:39:00+00:00,33,1,18720,2789.75,2790.0,2789.75,2790.0,158,ES.v.0
2019-02-26 10:40:00+00:00,33,1,18720,2790.25,2790.25,2789.75,2789.75,102,ES.v.0
2019-02-26 10:41:00+00:00,33,1,18720,2789.75,2790.0,2789.75,2790.0,108,ES.v.0
2019-02-26 10:42:00+00:00,33,1,18720,2790.0,2790.0,2790.0,2790.0,65,ES.v.0
2019-02-26 10:43:00+00:00,33,1,18720,2790.25,2790.5,2790.0,2790.25,129,ES.v.0
2019-02-26 10:44:00+00:00,33,1,18720,2790.5,2791.0,2790.5,2791.0,239,ES.v.0
2019-02-26 10:45:00+00:00,33,1,18720,2791.0,2791.75,2791.0,2791.75,343,ES.v.0
2019-02-26 10:46:00+00:00,33,1,18720,2791.75,2792.0,2791.5,2791.75,489,ES.v.0
2019-02-26 10:47:00+00:00,33,1,18720,2791.5,2791.5,2791.25,2791.25,299,ES.v.0
2019-02-26 10:48:00+00:00,33,1,18720,2791.25,2791.25,2791.0,2791.25,81,ES.v.0
2019-02-26 10:49:00+00:00,33,1,18720,2791.5,2791.5,2791.25,2791.25,127,ES.v.0
2019-02-26 10:50:00+00:00,33,1,18720,2791.25,2791.5,2791.0,2791.25,150,ES.v.0
2019-02-26 10:51:00+00:00,33,1,18720,2791.0,2791.25,2790.75,2791.0,293,ES.v.0
2019-02-26 10:52:00+00:00,33,1,18720,2791.0,2791.0,2790.75,2791.0,76,ES.v.0
2019-02-26 10:53:00+00:00,33,1,18720,2791.0,2791.5,2791.0,2791.0,158,ES.v.0
2019-02-26 10:54:00+00:00,33,1,18720,2791.0,2791.5,2791.0,2791.25,71,ES.v.0
2019-02-26 10:55:00+00:00,33,1,18720,2791.25,2791.5,2791.25,2791.25,69,ES.v.0
2019-02-26 10:56:00+00:00,33,1,18720,2791.25,2791.5,2791.25,2791.25,89,ES.v.0
2019-02-26 10:57:00+00:00,33,1,18720,2791.5,2791.75,2791.5,2791.75,47,ES.v.0
2019-02-26 10:58:00+00:00,33,1,18720,2791.5,2792.0,2791.5,2792.0,130,ES.v.0
2019-02-26 10:59:00+00:00,33,1,18720,2792.0,2792.0,2791.5,2791.5,43,ES.v.0
2019-02-26 11:00:00+00:00,33,1,18720,2791.5,2791.5,2791.0,2791.0,278,ES.v.0
2019-02-26 11:01:00+00:00,33,1,18720,2791.0,2792.0,2790.75,2792.0,1672,ES.v.0
2019-02-26 11:02:00+00:00,33,1,18720,2791.75,2792.0,2791.5,2791.5,395,ES.v.0
2019-02-26 11:03:00+00:00,33,1,18720,2791.75,2791.75,2790.75,2790.75,200,ES.v.0
2019-02-26 11:04:00+00:00,33,1,18720,2790.75,2791.0,2790.5,2790.5,245,ES.v.0
2019-02-26 11:05:00+00:00,33,1,18720,2790.5,2791.0,2790.5,2791.0,102,ES.v.0
2019-02-26 11:06:00+00:00,33,1,18720,2791.0,2791.0,2789.75,2790.5,1150,ES.v.0
2019-02-26 11:07:00+00:00,33,1,18720,2790.75,2790.75,2790.0,2790.0,307,ES.v.0
2019-02-26 11:08:00+00:00,33,1,18720,2790.0,2790.25,2789.5,2789.5,288,ES.v.0
2019-02-26 11:09:00+00:00,33,1,18720,2789.75,2790.5,2789.5,2790.25,357,ES.v.0
2019-02-26 11:10:00+00:00,33,1,18720,2790.5,2790.5,2790.25,2790.5,81,ES.v.0
2019-02-26 11:11:00+00:00,33,1,18720,2790.5,2790.5,2790.25,2790.25,52,ES.v.0
2019-02-26 11:12:00+00:00,33,1,18720,2790.5,2791.0,2790.25,2791.0,134,ES.v.0
2019-02-26 11:13:00+00:00,33,1,18720,2791.0,2791.25,2791.0,2791.25,195,ES.v.0
2019-02-26 11:14:00+00:00,33,1,18720,2791.25,2791.25,2791.0,2791.25,176,ES.v.0
2019-02-26 11:15:00+00:00,33,1,18720,2791.25,2791.75,2791.0,2791.75,330,ES.v.0
2019-02-26 11:16:00+00:00,33,1,18720,2791.75,2792.0,2791.0,2791.0,739,ES.v.0
2019-02-26 11:17:00+00:00,33,1,18720,2791.0,2791.0,2790.25,2790.5,564,ES.v.0
2019-02-26 11:18:00+00:00,33,1,18720,2790.5,2790.5,2789.75,2789.75,270,ES.v.0
2019-02-26 11:19:00+00:00,33,1,18720,2790.0,2790.0,2789.25,2789.25,301,ES.v.0
2019-02-26 11:20:00+00:00,33,1,18720,2789.5,2790.0,2789.25,2789.75,361,ES.v.0
2019-02-26 11:21:00+00:00,33,1,18720,2790.0,2790.0,2789.5,2789.5,133,ES.v.0
2019-02-26 11:22:00+00:00,33,1,18720,2789.5,2790.0,2789.5,2789.75,161,ES.v.0
2019-02-26 11:23:00+00:00,33,1,18720,2789.75,2789.75,2789.5,2789.5,36,ES.v.0
2019-02-26 11:24:00+00:00,33,1,18720,2789.75,2790.0,2789.5,2789.75,155,ES.v.0
2019-02-26 11:25:00+00:00,33,1,18720,2789.5,2790.0,2789.5,2789.75,140,ES.v.0
2019-02-26 11:26:00+00:00,33,1,18720,2790.0,2790.0,2789.75,2789.75,69,ES.v.0
2019-02-26 11:27:00+00:00,33,1,18720,2789.75,2789.75,2789.5,2789.5,175,ES.v.0
2019-02-26 11:28:00+00:00,33,1,18720,2789.25,2789.5,2789.0,2789.25,157,ES.v.0
2019-02-26 11:29:00+00:00,33,1,18720,2789.25,2789.5,2789.25,2789.25,64,ES.v.0
2019-02-26 11:30:00+00:00,33,1,18720,2789.25,2789.5,2788.75,2789.0,290,ES.v.0
2019-02-26 11:31:00+00:00,33,1,18720,2788.75,2789.25,2788.75,2789.25,155,ES.v.0
2019-02-26 11:32:00+00:00,33,1,18720,2789.0,2789.0,2788.75,2789.0,116,ES.v.0
2019-02-26 11:33:00+00:00,33,1,18720,2789.0,2789.0,2788.25,2788.25,328,ES.v.0
2019-02-26 11:34:00+00:00,33,1,18720,2788.5,2788.5,2787.75,2788.0,433,ES.v.0
2019-02-26 11:35:00+00:00,33,1,18720,2787.75,2788.25,2787.75,2788.0,251,ES.v.0
2019-02-26 11:36:00+00:00,33,1,18720,2788.0,2788.5,2787.75,2788.5,200,ES.v.0
2019-02-26 11:37:00+00:00,33,1,18720,2788.5,2788.5,2787.75,2788.0,303,ES.v.0
2019-02-26 11:38:00+00:00,33,1,18720,2787.75,2788.25,2787.5,2788.25,180,ES.v.0
2019-02-26 11:39:00+00:00,33,1,18720,2788.0,2788.75,2788.0,2788.75,266,ES.v.0
2019-02-26 11:40:00+00:00,33,1,18720,2788.75,2788.75,2788.5,2788.75,156,ES.v.0
2019-02-26 11:41:00+00:00,33,1,18720,2788.75,2789.25,2788.5,2789.25,143,ES.v.0
2019-02-26 11:42:00+00:00,33,1,18720,2789.25,2789.5,2789.0,2789.25,180,ES.v.0
2019-02-26 11:43:00+00:00,33,1,18720,2789.0,2789.25,2789.0,2789.25,120,ES.v.0
2019-02-26 11:44:00+00:00,33,1,18720,2789.0,2789.25,2789.0,2789.25,128,ES.v.0
2019-02-26 11:45:00+00:00,33,1,18720,2789.0,2789.25,2789.0,2789.0,97,ES.v.0
2019-02-26 11:46:00+00:00,33,1,18720,2789.0,2789.25,2789.0,2789.0,56,ES.v.0
2019-02-26 11:47:00+00:00,33,1,18720,2789.25,2790.25,2789.25,2790.25,341,ES.v.0
2019-02-26 11:48:00+00:00,33,1,18720,2790.0,2790.5,2789.75,2789.75,203,ES.v.0
2019-02-26 11:49:00+00:00,33,1,18720,2789.5,2790.0,2789.25,2789.5,276,ES.v.0
2019-02-26 11:50:00+00:00,33,1,18720,2789.75,2790.0,2789.75,2790.0,114,ES.v.0
2019-02-26 11:51:00+00:00,33,1,18720,2790.0,2790.25,2789.75,2790.0,92,ES.v.0
2019-02-26 11:52:00+00:00,33,1,18720,2790.0,2790.0,2789.75,2789.75,49,ES.v.0
2019-02-26 11:53:00+00:00,33,1,18720,2790.0,2790.0,2789.5,2789.5,79,ES.v.0
2019-02-26 11:54:00+00:00,33,1,18720,2789.5,2789.5,2788.75,2789.0,268,ES.v.0
2019-02-26 11:55:00+00:00,33,1,18720,2788.75,2789.5,2788.75,2789.25,87,ES.v.0
2019-02-26 11:56:00+00:00,33,1,18720,2789.5,2789.75,2789.0,2789.25,129,ES.v.0
2019-02-26 11:57:00+00:00,33,1,18720,2789.25,2789.75,2789.0,2789.75,127,ES.v.0
2019-02-26 11:58:00+00:00,33,1,18720,2789.75,2790.5,2789.75,2790.25,239,ES.v.0
2019-02-26 11:59:00+00:00,33,1,18720,2790.5,2791.25,2790.5,2791.0,534,ES.v.0
2019-02-26 12:00:00+00:00,33,1,18720,2791.0,2791.0,2790.25,2790.75,223,ES.v.0
2019-02-26 12:01:00+00:00,33,1,18720,2790.75,2791.0,2790.5,2791.0,141,ES.v.0
2019-02-26 12:02:00+00:00,33,1,18720,2791.0,2791.25,2790.75,2791.25,115,ES.v.0
2019-02-26 12:03:00+00:00,33,1,18720,2791.25,2791.5,2791.0,2791.5,241,ES.v.0
2019-02-26 12:04:00+00:00,33,1,18720,2791.5,2791.5,2791.25,2791.25,172,ES.v.0
2019-02-26 12:05:00+00:00,33,1,18720,2791.0,2791.25,2790.75,2791.25,130,ES.v.0
2019-02-26 12:06:00+00:00,33,1,18720,2791.0,2791.25,2791.0,2791.0,67,ES.v.0
2019-02-26 12:07:00+00:00,33,1,18720,2791.25,2791.25,2791.0,2791.0,77,ES.v.0
2019-02-26 12:08:00+00:00,33,1,18720,2791.0,2791.25,2790.75,2791.25,77,ES.v.0
2019-02-26 12:09:00+00:00,33,1,18720,2791.0,2791.5,2791.0,2791.5,205,ES.v.0
2019-02-26 12:10:00+00:00,33,1,18720,2791.5,2791.5,2791.25,2791.5,272,ES.v.0
2019-02-26 12:11:00+00:00,33,1,18720,2791.25,2791.75,2791.25,2791.75,115,ES.v.0
2019-02-26 12:12:00+00:00,33,1,18720,2791.75,2791.75,2791.25,2791.5,120,ES.v.0
2019-02-26 12:13:00+00:00,33,1,18720,2791.5,2791.5,2791.25,2791.25,100,ES.v.0
2019-02-26 12:14:00+00:00,33,1,18720,2791.0,2791.25,2791.0,2791.25,134,ES.v.0
2019-02-26 12:15:00+00:00,33,1,18720,2791.25,2791.5,2791.0,2791.5,129,ES.v.0
2019-02-26 12:16:00+00:00,33,1,18720,2791.5,2791.5,2791.25,2791.25,311,ES.v.0
2019-02-26 12:17:00+00:00,33,1,18720,2791.0,2791.5,2790.75,2791.5,120,ES.v.0
2019-02-26 12:18:00+00:00,33,1,18720,2791.5,2791.75,2791.25,2791.25,225,ES.v.0
2019-02-26 12:19:00+00:00,33,1,18720,2791.25,2791.5,2791.0,2791.5,48,ES.v.0
2019-02-26 12:20:00+00:00,33,1,18720,2791.5,2791.75,2791.5,2791.75,104,ES.v.0
2019-02-26 12:21:00+00:00,33,1,18720,2791.75,2792.0,2791.5,2791.75,443,ES.v.0
2019-02-26 12:22:00+00:00,33,1,18720,2791.75,2791.75,2791.25,2791.75,130,ES.v.0
2019-02-26 12:23:00+00:00,33,1,18720,2791.75,2791.75,2791.5,2791.5,208,ES.v.0
2019-02-26 12:24:00+00:00,33,1,18720,2791.75,2791.75,2791.5,2791.75,117,ES.v.0
2019-02-26 12:25:00+00:00,33,1,18720,2791.75,2792.0,2791.5,2792.0,174,ES.v.0
2019-02-26 12:26:00+00:00,33,1,18720,2792.0,2793.0,2792.0,2793.0,1274,ES.v.0
2019-02-26 12:27:00+00:00,33,1,18720,2793.0,2793.25,2792.75,2793.0,383,ES.v.0
2019-02-26 12:28:00+00:00,33,1,18720,2792.75,2793.0,2792.5,2792.75,418,ES.v.0
2019-02-26 12:29:00+00:00,33,1,18720,2792.75,2793.0,2792.75,2793.0,206,ES.v.0
2019-02-26 12:30:00+00:00,33,1,18720,2793.0,2793.0,2792.5,2792.75,255,ES.v.0
2019-02-26 12:31:00+00:00,33,1,18720,2792.75,2792.75,2792.5,2792.5,157,ES.v.0
2019-02-26 12:32:00+00:00,33,1,18720,2792.75,2792.75,2792.0,2792.25,305,ES.v.0
2019-02-26 12:33:00+00:00,33,1,18720,2792.25,2792.75,2792.25,2792.75,103,ES.v.0
2019-02-26 12:34:00+00:00,33,1,18720,2792.5,2792.75,2792.25,2792.75,114,ES.v.0
2019-02-26 12:35:00+00:00,33,1,18720,2792.5,2792.75,2792.25,2792.5,160,ES.v.0
2019-02-26 12:36:00+00:00,33,1,18720,2792.5,2792.75,2792.5,2792.5,91,ES.v.0
2019-02-26 12:37:00+00:00,33,1,18720,2792.75,2792.75,2792.25,2792.25,73,ES.v.0
2019-02-26 12:38:00+00:00,33,1,18720,2792.5,2792.5,2792.25,2792.25,94,ES.v.0
2019-02-26 12:39:00+00:00,33,1,18720,2792.5,2792.75,2792.25,2792.75,108,ES.v.0
2019-02-26 12:40:00+00:00,33,1,18720,2792.5,2793.25,2792.5,2793.0,263,ES.v.0
2019-02-26 12:41:00+00:00,33,1,18720,2793.0,2793.25,2793.0,2793.25,51,ES.v.0
2019-02-26 12:42:00+00:00,33,1,18720,2793.25,2793.25,2792.75,2793.0,512,ES.v.0
2019-02-26 12:43:00+00:00,33,1,18720,2793.0,2793.0,2792.5,2792.5,107,ES.v.0
2019-02-26 12:44:00+00:00,33,1,18720,2792.75,2792.75,2792.25,2792.25,278,ES.v.0
2019-02-26 12:45:00+00:00,33,1,18720,2792.25,2792.5,2792.25,2792.5,216,ES.v.0
2019-02-26 12:46:00+00:00,33,1,18720,2792.5,2792.5,2792.0,2792.0,243,ES.v.0
2019-02-26 12:47:00+00:00,33,1,18720,2792.25,2792.25,2791.5,2791.75,462,ES.v.0
2019-02-26 12:48:00+00:00,33,1,18720,2791.75,2792.0,2791.5,2791.5,198,ES.v.0
2019-02-26 12:49:00+00:00,33,1,18720,2791.5,2793.0,2791.5,2792.5,820,ES.v.0
2019-02-26 12:50:00+00:00,33,1,18720,2792.5,2792.75,2792.25,2792.25,98,ES.v.0
2019-02-26 12:51:00+00:00,33,1,18720,2792.5,2792.5,2792.0,2792.0,88,ES.v.0
2019-02-26 12:52:00+00:00,33,1,18720,2792.0,2792.25,2791.75,2791.75,209,ES.v.0
2019-02-26 12:53:00+00:00,33,1,18720,2792.0,2792.25,2792.0,2792.25,296,ES.v.0
2019-02-26 12:54:00+00:00,33,1,18720,2792.25,2793.0,2792.0,2792.75,149,ES.v.0
2019-02-26 12:55:00+00:00,33,1,18720,2792.75,2793.0,2792.75,2792.75,408,ES.v.0
2019-02-26 12:56:00+00:00,33,1,18720,2792.75,2792.75,2792.5,2792.5,79,ES.v.0
2019-02-26 12:57:00+00:00,33,1,18720,2792.5,2793.0,2792.5,2793.0,112,ES.v.0
2019-02-26 12:58:00+00:00,33,1,18720,2793.0,2793.0,2792.75,2792.75,132,ES.v.0
2019-02-26 12:59:00+00:00,33,1,18720,2792.75,2792.75,2792.25,2792.25,195,ES.v.0
2019-02-26 13:00:00+00:00,33,1,18720,2792.25,2792.5,2792.25,2792.25,226,ES.v.0
2019-02-26 13:01:00+00:00,33,1,18720,2792.25,2792.25,2791.5,2791.75,330,ES.v.0
2019-02-26 13:02:00+00:00,33,1,18720,2791.5,2792.0,2791.5,2791.75,211,ES.v.0
2019-02-26 13:03:00+00:00,33,1,18720,2791.75,2792.25,2791.75,2792.0,232,ES.v.0
2019-02-26 13:04:00+00:00,33,1,18720,2792.0,2792.25,2791.5,2791.75,335,ES.v.0
2019-02-26 13:05:00+00:00,33,1,18720,2791.75,2792.25,2791.75,2792.25,366,ES.v.0
2019-02-26 13:06:00+00:00,33,1,18720,2792.25,2792.5,2792.25,2792.5,84,ES.v.0
2019-02-26 13:07:00+00:00,33,1,18720,2792.25,2792.5,2792.0,2792.25,267,ES.v.0
2019-02-26 13:08:00+00:00,33,1,18720,2792.0,2792.25,2791.75,2791.75,261,ES.v.0
2019-02-26 13:09:00+00:00,33,1,18720,2791.75,2792.25,2791.75,2792.0,189,ES.v.0
2019-02-26 13:10:00+00:00,33,1,18720,2791.75,2792.0,2791.75,2792.0,100,ES.v.0
2019-02-26 13:11:00+00:00,33,1,18720,2792.0,2792.0,2791.75,2791.75,148,ES.v.0
2019-02-26 13:12:00+00:00,33,1,18720,2791.75,2791.75,2791.25,2791.25,263,ES.v.0
2019-02-26 13:13:00+00:00,33,1,18720,2791.0,2791.25,2790.5,2790.75,814,ES.v.0
2019-02-26 13:14:00+00:00,33,1,18720,2790.75,2791.0,2790.75,2791.0,254,ES.v.0
2019-02-26 13:15:00+00:00,33,1,18720,2791.0,2791.25,2790.75,2791.25,487,ES.v.0
2019-02-26 13:16:00+00:00,33,1,18720,2791.25,2792.0,2791.25,2792.0,528,ES.v.0
2019-02-26 13:17:00+00:00,33,1,18720,2792.25,2792.25,2792.0,2792.25,161,ES.v.0
2019-02-26 13:18:00+00:00,33,1,18720,2792.0,2792.5,2792.0,2792.5,243,ES.v.0
2019-02-26 13:19:00+00:00,33,1,18720,2792.5,2792.5,2792.25,2792.5,64,ES.v.0
2019-02-26 13:20:00+00:00,33,1,18720,2792.25,2792.5,2791.75,2791.75,482,ES.v.0
2019-02-26 13:21:00+00:00,33,1,18720,2792.0,2792.25,2791.75,2792.25,65,ES.v.0
2019-02-26 13:22:00+00:00,33,1,18720,2792.0,2792.25,2792.0,2792.0,101,ES.v.0
2019-02-26 13:23:00+00:00,33,1,18720,2792.0,2792.0,2791.5,2791.5,124,ES.v.0
2019-02-26 13:24:00+00:00,33,1,18720,2791.5,2791.75,2791.5,2791.5,177,ES.v.0
2019-02-26 13:25:00+00:00,33,1,18720,2791.5,2792.0,2791.25,2791.75,314,ES.v.0
2019-02-26 13:26:00+00:00,33,1,18720,2792.0,2792.0,2791.75,2792.0,63,ES.v.0
2019-02-26 13:27:00+00:00,33,1,18720,2792.0,2792.0,2791.5,2791.75,99,ES.v.0
2019-02-26 13:28:00+00:00,33,1,18720,2791.75,2792.25,2791.5,2792.25,170,ES.v.0
2019-02-26 13:29:00+00:00,33,1,18720,2792.0,2792.25,2792.0,2792.0,137,ES.v.0
2019-02-26 13:30:00+00:00,33,1,18720,2792.0,2792.0,2791.25,2792.0,751,ES.v.0
2019-02-26 13:31:00+00:00,33,1,18720,2791.75,2792.5,2791.75,2792.5,309,ES.v.0
2019-02-26 13:32:00+00:00,33,1,18720,2792.25,2792.5,2791.75,2791.75,403,ES.v.0
2019-02-26 13:33:00+00:00,33,1,18720,2791.75,2791.75,2791.0,2791.0,401,ES.v.0
2019-02-26 13:34:00+00:00,33,1,18720,2791.0,2791.0,2790.25,2790.75,1274,ES.v.0
2019-02-26 13:35:00+00:00,33,1,18720,2790.75,2790.75,2789.75,2790.25,808,ES.v.0
2019-02-26 13:36:00+00:00,33,1,18720,2790.0,2790.25,2789.5,2789.75,656,ES.v.0
2019-02-26 13:37:00+00:00,33,1,18720,2789.75,2790.25,2789.75,2790.25,230,ES.v.0
2019-02-26 13:38:00+00:00,33,1,18720,2790.25,2790.5,2790.0,2790.0,343,ES.v.0
2019-02-26 13:39:00+00:00,33,1,18720,2790.0,2790.5,2790.0,2790.5,514,ES.v.0
2019-02-26 13:40:00+00:00,33,1,18720,2790.25,2790.5,2790.25,2790.25,247,ES.v.0
2019-02-26 13:41:00+00:00,33,1,18720,2790.5,2790.5,2790.25,2790.25,205,ES.v.0
2019-02-26 13:42:00+00:00,33,1,18720,2790.25,2790.5,2790.25,2790.5,98,ES.v.0
2019-02-26 13:43:00+00:00,33,1,18720,2790.5,2791.0,2790.5,2791.0,297,ES.v.0
2019-02-26 13:44:00+00:00,33,1,18720,2791.0,2791.0,2790.0,2790.25,409,ES.v.0
2019-02-26 13:45:00+00:00,33,1,18720,2790.0,2790.0,2789.5,2789.75,809,ES.v.0
2019-02-26 13:46:00+00:00,33,1,18720,2789.75,2790.0,2789.25,2789.75,439,ES.v.0
2019-02-26 13:47:00+00:00,33,1,18720,2789.75,2790.25,2789.5,2790.0,633,ES.v.0
2019-02-26 13:48:00+00:00,33,1,18720,2790.25,2790.25,2789.75,2789.75,127,ES.v.0
2019-02-26 13:49:00+00:00,33,1,18720,2789.75,2790.0,2789.75,2789.75,164,ES.v.0
2019-02-26 13:50:00+00:00,33,1,18720,2789.75,2790.25,2789.75,2790.25,286,ES.v.0
2019-02-26 13:51:00+00:00,33,1,18720,2790.25,2790.25,2789.75,2789.75,126,ES.v.0
2019-02-26 13:52:00+00:00,33,1,18720,2789.75,2790.5,2789.75,2790.5,205,ES.v.0
2019-02-26 13:53:00+00:00,33,1,18720,2790.25,2790.5,2790.25,2790.5,31,ES.v.0
2019-02-26 13:54:00+00:00,33,1,18720,2790.5,2790.5,2790.0,2790.25,286,ES.v.0
2019-02-26 13:55:00+00:00,33,1,18720,2790.25,2790.5,2790.0,2790.25,111,ES.v.0
2019-02-26 13:56:00+00:00,33,1,18720,2790.25,2790.25,2789.0,2789.25,857,ES.v.0
2019-02-26 13:57:00+00:00,33,1,18720,2789.25,2789.5,2788.75,2788.75,286,ES.v.0
2019-02-26 13:58:00+00:00,33,1,18720,2789.0,2789.0,2788.0,2788.0,726,ES.v.0
2019-02-26 13:59:00+00:00,33,1,18720,2788.0,2788.5,2788.0,2788.5,654,ES.v.0
2019-02-26 14:00:00+00:00,33,1,18720,2788.5,2789.5,2788.5,2789.5,527,ES.v.0
2019-02-26 14:01:00+00:00,33,1,18720,2789.5,2790.0,2789.5,2789.75,239,ES.v.0
2019-02-26 14:02:00+00:00,33,1,18720,2789.5,2789.75,2789.25,2789.5,296,ES.v.0
2019-02-26 14:03:00+00:00,33,1,18720,2789.75,2789.75,2789.25,2789.5,325,ES.v.0
2019-02-26 14:04:00+00:00,33,1,18720,2789.5,2789.5,2789.25,2789.5,186,ES.v.0
2019-02-26 14:05:00+00:00,33,1,18720,2789.25,2789.75,2789.25,2789.5,97,ES.v.0
2019-02-26 14:06:00+00:00,33,1,18720,2789.75,2789.75,2789.5,2789.75,111,ES.v.0
2019-02-26 14:07:00+00:00,33,1,18720,2790.0,2790.5,2789.5,2790.25,582,ES.v.0
2019-02-26 14:08:00+00:00,33,1,18720,2790.5,2790.5,2790.25,2790.5,378,ES.v.0
2019-02-26 14:09:00+00:00,33,1,18720,2790.25,2791.0,2790.25,2791.0,460,ES.v.0
2019-02-26 14:10:00+00:00,33,1,18720,2790.75,2791.0,2790.5,2791.0,579,ES.v.0
2019-02-26 14:11:00+00:00,33,1,18720,2791.0,2791.25,2790.75,2791.0,536,ES.v.0
2019-02-26 14:12:00+00:00,33,1,18720,2791.0,2792.25,2791.0,2792.25,2401,ES.v.0
2019-02-26 14:13:00+00:00,33,1,18720,2792.0,2792.25,2791.5,2791.75,867,ES.v.0
2019-02-26 14:14:00+00:00,33,1,18720,2791.75,2792.0,2791.25,2791.75,1166,ES.v.0
2019-02-26 14:15:00+00:00,33,1,18720,2791.75,2791.75,2791.5,2791.5,269,ES.v.0
2019-02-26 14:16:00+00:00,33,1,18720,2791.5,2791.75,2791.0,2791.25,584,ES.v.0
2019-02-26 14:17:00+00:00,33,1,18720,2791.25,2791.25,2791.0,2791.0,479,ES.v.0
2019-02-26 14:18:00+00:00,33,1,18720,2791.0,2791.25,2791.0,2791.25,584,ES.v.0
2019-02-26 14:19:00+00:00,33,1,18720,2791.25,2791.75,2791.25,2791.5,826,ES.v.0
2019-02-26 14:20:00+00:00,33,1,18720,2791.75,2791.75,2791.25,2791.5,160,ES.v.0
2019-02-26 14:21:00+00:00,33,1,18720,2791.5,2791.75,2791.25,2791.25,290,ES.v.0
2019-02-26 14:22:00+00:00,33,1,18720,2791.5,2791.5,2791.0,2791.25,448,ES.v.0
2019-02-26 14:23:00+00:00,33,1,18720,2791.25,2791.5,2791.0,2791.0,459,ES.v.0
2019-02-26 14:24:00+00:00,33,1,18720,2791.25,2791.25,2791.0,2791.25,156,ES.v.0
2019-02-26 14:25:00+00:00,33,1,18720,2791.0,2791.75,2790.75,2791.5,933,ES.v.0
2019-02-26 14:26:00+00:00,33,1,18720,2791.5,2791.5,2791.0,2791.0,350,ES.v.0
2019-02-26 14:27:00+00:00,33,1,18720,2791.0,2791.75,2791.0,2791.5,1114,ES.v.0
2019-02-26 14:28:00+00:00,33,1,18720,2791.5,2791.5,2791.25,2791.5,333,ES.v.0
2019-02-26 14:29:00+00:00,33,1,18720,2791.25,2791.75,2791.0,2791.5,1585,ES.v.0
2019-02-26 14:30:00+00:00,33,1,18720,2791.5,2793.5,2791.25,2792.5,12865,ES.v.0
2019-02-26 14:31:00+00:00,33,1,18720,2792.5,2792.75,2790.25,2790.75,7368,ES.v.0
2019-02-26 14:32:00+00:00,33,1,18720,2790.75,2791.25,2790.0,2790.25,7844,ES.v.0
2019-02-26 14:33:00+00:00,33,1,18720,2790.25,2791.5,2790.0,2791.0,8301,ES.v.0
2019-02-26 14:34:00+00:00,33,1,18720,2791.0,2791.75,2790.25,2790.5,8617,ES.v.0
2019-02-26 14:35:00+00:00,33,1,18720,2790.75,2791.5,2790.0,2791.25,6510,ES.v.0
2019-02-26 14:36:00+00:00,33,1,18720,2791.5,2793.25,2791.5,2793.0,9364,ES.v.0
2019-02-26 14:37:00+00:00,33,1,18720,2792.75,2794.5,2792.75,2794.5,11391,ES.v.0
2019-02-26 14:38:00+00:00,33,1,18720,2794.5,2795.0,2793.5,2793.5,5593,ES.v.0
2019-02-26 14:39:00+00:00,33,1,18720,2793.5,2793.75,2792.75,2793.0,4166,ES.v.0
2019-02-26 14:40:00+00:00,33,1,18720,2793.0,2793.25,2792.0,2793.0,3596,ES.v.0
2019-02-26 14:41:00+00:00,33,1,18720,2793.0,2793.5,2792.5,2793.25,3922,ES.v.0
2019-02-26 14:42:00+00:00,33,1,18720,2793.25,2793.5,2792.75,2792.75,3650,ES.v.0
2019-02-26 14:43:00+00:00,33,1,18720,2793.0,2793.75,2792.75,2793.75,3130,ES.v.0
2019-02-26 14:44:00+00:00,33,1,18720,2793.5,2793.75,2792.25,2793.25,3575,ES.v.0
2019-02-26 14:45:00+00:00,33,1,18720,2793.0,2793.25,2790.5,2791.0,7438,ES.v.0
2019-02-26 14:46:00+00:00,33,1,18720,2791.0,2793.0,2791.0,2792.0,6648,ES.v.0
2019-02-26 14:47:00+00:00,33,1,18720,2791.75,2792.0,2791.0,2791.25,4336,ES.v.0
2019-02-26 14:48:00+00:00,33,1,18720,2791.5,2791.5,2790.5,2790.5,8885,ES.v.0
2019-02-26 14:49:00+00:00,33,1,18720,2790.5,2790.75,2790.0,2790.5,3769,ES.v.0
2019-02-26 14:50:00+00:00,33,1,18720,2790.25,2792.25,2790.0,2792.0,6229,ES.v.0
2019-02-26 14:51:00+00:00,33,1,18720,2792.0,2793.0,2792.0,2792.0,3402,ES.v.0
2019-02-26 14:52:00+00:00,33,1,18720,2792.0,2793.25,2791.25,2792.75,6252,ES.v.0
2019-02-26 14:53:00+00:00,33,1,18720,2792.75,2793.0,2792.0,2792.5,2673,ES.v.0
2019-02-26 14:54:00+00:00,33,1,18720,2792.5,2793.25,2792.0,2793.0,2981,ES.v.0
2019-02-26 14:55:00+00:00,33,1,18720,2793.0,2795.0,2792.75,2794.5,6051,ES.v.0
2019-02-26 14:56:00+00:00,33,1,18720,2794.5,2795.0,2793.75,2794.75,2788,ES.v.0
2019-02-26 14:57:00+00:00,33,1,18720,2795.0,2795.0,2794.0,2794.25,1734,ES.v.0
2019-02-26 14:58:00+00:00,33,1,18720,2794.5,2794.5,2793.5,2794.0,2184,ES.v.0
2019-02-26 14:59:00+00:00,33,1,18720,2794.25,2794.25,2793.25,2793.5,1081,ES.v.0
2019-02-26 15:00:00+00:00,33,1,18720,2793.25,2795.75,2792.5,2795.75,7201,ES.v.0
2019-02-26 15:01:00+00:00,33,1,18720,2795.75,2798.25,2795.0,2798.25,11129,ES.v.0
2019-02-26 15:02:00+00:00,33,1,18720,2798.0,2799.0,2797.5,2798.75,7671,ES.v.0
2019-02-26 15:03:00+00:00,33,1,18720,2798.75,2799.0,2798.0,2798.25,2903,ES.v.0
2019-02-26 15:04:00+00:00,33,1,18720,2798.25,2799.5,2797.75,2799.25,4338,ES.v.0
2019-02-26 15:05:00+00:00,33,1,18720,2799.0,2800.0,2798.5,2798.75,4744,ES.v.0
2019-02-26 15:06:00+00:00,33,1,18720,2798.75,2798.75,2797.5,2798.0,3855,ES.v.0
2019-02-26 15:07:00+00:00,33,1,18720,2798.0,2798.25,2797.5,2797.75,2909,ES.v.0
2019-02-26 15:08:00+00:00,33,1,18720,2797.75,2797.75,2796.75,2797.0,2603,ES.v.0
2019-02-26 15:09:00+00:00,33,1,18720,2797.0,2797.5,2796.0,2796.75,4034,ES.v.0
2019-02-26 15:10:00+00:00,33,1,18720,2797.0,2797.5,2796.25,2797.5,3592,ES.v.0
2019-02-26 15:11:00+00:00,33,1,18720,2797.5,2797.75,2796.75,2797.5,2164,ES.v.0
2019-02-26 15:12:00+00:00,33,1,18720,2797.25,2798.25,2796.75,2798.25,2812,ES.v.0
2019-02-26 15:13:00+00:00,33,1,18720,2798.25,2798.5,2797.5,2798.25,1911,ES.v.0
2019-02-26 15:14:00+00:00,33,1,18720,2798.25,2798.75,2797.5,2797.5,2699,ES.v.0
2019-02-26 15:15:00+00:00,33,1,18720,2797.5,2798.25,2797.25,2798.0,2792,ES.v.0
2019-02-26 15:16:00+00:00,33,1,18720,2798.0,2799.5,2798.0,2799.5,2705,ES.v.0
2019-02-26 15:17:00+00:00,33,1,18720,2799.5,2799.5,2796.75,2797.25,4261,ES.v.0
2019-02-26 15:18:00+00:00,33,1,18720,2797.25,2798.25,2796.75,2798.25,2446,ES.v.0
2019-02-26 15:19:00+00:00,33,1,18720,2798.25,2798.75,2797.25,2797.25,2280,ES.v.0
2019-02-26 15:20:00+00:00,33,1,18720,2797.5,2798.25,2796.75,2797.0,2908,ES.v.0
2019-02-26 15:21:00+00:00,33,1,18720,2797.0,2798.5,2797.0,2798.25,2116,ES.v.0
2019-02-26 15:22:00+00:00,33,1,18720,2798.25,2799.75,2798.25,2799.0,2945,ES.v.0
2019-02-26 15:23:00+00:00,33,1,18720,2799.25,2799.25,2798.5,2798.75,2010,ES.v.0
2019-02-26 15:24:00+00:00,33,1,18720,2798.5,2798.75,2798.0,2798.5,2857,ES.v.0
2019-02-26 15:25:00+00:00,33,1,18720,2798.5,2798.75,2798.0,2798.25,2066,ES.v.0
2019-02-26 15:26:00+00:00,33,1,18720,2798.25,2799.75,2797.5,2799.75,6551,ES.v.0
2019-02-26 15:27:00+00:00,33,1,18720,2799.75,2800.25,2798.0,2798.0,8175,ES.v.0
2019-02-26 15:28:00+00:00,33,1,18720,2798.25,2798.25,2796.75,2797.25,4014,ES.v.0
2019-02-26 15:29:00+00:00,33,1,18720,2797.25,2797.75,2796.75,2797.0,2456,ES.v.0
2019-02-26 15:30:00+00:00,33,1,18720,2797.0,2797.0,2796.25,2797.0,2728,ES.v.0
2019-02-26 15:31:00+00:00,33,1,18720,2797.0,2797.75,2796.5,2797.0,3383,ES.v.0
2019-02-26 15:32:00+00:00,33,1,18720,2797.0,2797.5,2796.25,2796.5,2289,ES.v.0
2019-02-26 15:33:00+00:00,33,1,18720,2796.75,2798.0,2796.5,2798.0,2109,ES.v.0
2019-02-26 15:34:00+00:00,33,1,18720,2798.0,2798.75,2797.75,2798.5,3041,ES.v.0
2019-02-26 15:35:00+00:00,33,1,18720,2798.5,2798.75,2797.25,2797.75,3067,ES.v.0
2019-02-26 15:36:00+00:00,33,1,18720,2798.0,2798.0,2797.0,2797.25,1624,ES.v.0
2019-02-26 15:37:00+00:00,33,1,18720,2797.0,2797.75,2796.5,2796.75,1917,ES.v.0
2019-02-26 15:38:00+00:00,33,1,18720,2796.5,2797.25,2796.5,2797.25,2144,ES.v.0
2019-02-26 15:39:00+00:00,33,1,18720,2797.25,2798.0,2797.25,2797.5,1611,ES.v.0
2019-02-26 15:40:00+00:00,33,1,18720,2797.5,2798.75,2797.0,2798.25,3011,ES.v.0
2019-02-26 15:41:00+00:00,33,1,18720,2798.0,2799.25,2798.0,2798.5,3086,ES.v.0
2019-02-26 15:42:00+00:00,33,1,18720,2798.5,2798.5,2798.0,2798.25,4426,ES.v.0
2019-02-26 15:43:00+00:00,33,1,18720,2798.25,2798.5,2797.25,2797.75,3053,ES.v.0
2019-02-26 15:44:00+00:00,33,1,18720,2798.0,2798.25,2797.0,2797.25,2719,ES.v.0
2019-02-26 15:45:00+00:00,33,1,18720,2797.0,2798.0,2796.25,2797.75,2824,ES.v.0
2019-02-26 15:46:00+00:00,33,1,18720,2797.5,2798.25,2797.0,2798.0,1852,ES.v.0
2019-02-26 15:47:00+00:00,33,1,18720,2797.75,2797.75,2797.25,2797.5,1445,ES.v.0
2019-02-26 15:48:00+00:00,33,1,18720,2797.25,2797.5,2796.25,2797.0,2109,ES.v.0
2019-02-26 15:49:00+00:00,33,1,18720,2796.75,2796.75,2796.0,2796.25,2343,ES.v.0
2019-02-26 15:50:00+00:00,33,1,18720,2796.0,2796.25,2794.5,2794.75,4941,ES.v.0
2019-02-26 15:51:00+00:00,33,1,18720,2794.5,2795.0,2793.25,2793.25,3797,ES.v.0
2019-02-26 15:52:00+00:00,33,1,18720,2793.25,2794.0,2793.25,2794.0,4015,ES.v.0
2019-02-26 15:53:00+00:00,33,1,18720,2793.75,2794.25,2792.5,2793.0,5283,ES.v.0
2019-02-26 15:54:00+00:00,33,1,18720,2793.0,2793.75,2792.5,2793.5,3891,ES.v.0
2019-02-26 15:55:00+00:00,33,1,18720,2793.25,2793.25,2792.0,2792.75,3165,ES.v.0
2019-02-26 15:56:00+00:00,33,1,18720,2792.75,2792.75,2792.0,2792.25,2714,ES.v.0
2019-02-26 15:57:00+00:00,33,1,18720,2792.0,2792.5,2791.0,2791.75,3937,ES.v.0
2019-02-26 15:58:00+00:00,33,1,18720,2791.75,2792.25,2791.5,2791.75,3066,ES.v.0
2019-02-26 15:59:00+00:00,33,1,18720,2791.5,2791.75,2790.25,2790.25,4011,ES.v.0
2019-02-26 16:00:00+00:00,33,1,18720,2790.25,2791.5,2789.5,2791.25,6928,ES.v.0
2019-02-26 16:01:00+00:00,33,1,18720,2791.25,2792.5,2791.25,2792.25,3895,ES.v.0
2019-02-26 16:02:00+00:00,33,1,18720,2792.0,2792.5,2791.75,2792.5,3718,ES.v.0
2019-02-26 16:03:00+00:00,33,1,18720,2792.25,2792.75,2792.25,2792.5,2446,ES.v.0
2019-02-26 16:04:00+00:00,33,1,18720,2792.5,2793.25,2792.25,2792.5,2180,ES.v.0
2019-02-26 16:05:00+00:00,33,1,18720,2792.25,2793.5,2792.25,2793.5,2739,ES.v.0
2019-02-26 16:06:00+00:00,33,1,18720,2793.25,2793.5,2792.75,2793.5,1980,ES.v.0
2019-02-26 16:07:00+00:00,33,1,18720,2793.5,2794.25,2793.25,2794.25,3635,ES.v.0
2019-02-26 16:08:00+00:00,33,1,18720,2794.25,2795.25,2794.0,2795.0,3336,ES.v.0
2019-02-26 16:09:00+00:00,33,1,18720,2795.0,2795.75,2794.75,2795.25,1717,ES.v.0
2019-02-26 16:10:00+00:00,33,1,18720,2795.25,2795.75,2795.0,2795.5,2733,ES.v.0
2019-02-26 16:11:00+00:00,33,1,18720,2795.5,2797.75,2795.5,2797.5,5712,ES.v.0
2019-02-26 16:12:00+00:00,33,1,18720,2797.5,2797.75,2796.5,2797.0,2968,ES.v.0
2019-02-26 16:13:00+00:00,33,1,18720,2797.0,2797.75,2796.75,2797.75,2204,ES.v.0
2019-02-26 16:14:00+00:00,33,1,18720,2797.5,2800.25,2797.5,2799.75,8527,ES.v.0
2019-02-26 16:15:00+00:00,33,1,18720,2799.75,2801.75,2799.75,2801.5,8486,ES.v.0
2019-02-26 16:16:00+00:00,33,1,18720,2801.25,2802.25,2800.75,2801.0,3752,ES.v.0
2019-02-26 16:17:00+00:00,33,1,18720,2800.75,2801.25,2800.0,2801.0,4053,ES.v.0
2019-02-26 16:18:00+00:00,33,1,18720,2800.75,2801.75,2800.75,2801.0,3088,ES.v.0
2019-02-26 16:19:00+00:00,33,1,18720,2800.75,2801.25,2800.75,2801.0,2782,ES.v.0
2019-02-26 16:20:00+00:00,33,1,18720,2801.0,2801.5,2800.25,2800.75,2062,ES.v.0
2019-02-26 16:21:00+00:00,33,1,18720,2800.5,2800.75,2799.75,2800.0,2217,ES.v.0
2019-02-26 16:22:00+00:00,33,1,18720,2799.75,2800.0,2799.25,2799.25,3884,ES.v.0
2019-02-26 16:23:00+00:00,33,1,18720,2799.25,2800.0,2799.25,2800.0,1560,ES.v.0
2019-02-26 16:24:00+00:00,33,1,18720,2799.75,2800.25,2799.5,2799.5,1835,ES.v.0
2019-02-26 16:25:00+00:00,33,1,18720,2799.25,2799.5,2798.75,2799.5,1707,ES.v.0
2019-02-26 16:26:00+00:00,33,1,18720,2799.25,2800.0,2798.75,2799.0,2525,ES.v.0
2019-02-26 16:27:00+00:00,33,1,18720,2798.75,2799.75,2798.5,2799.25,1983,ES.v.0
2019-02-26 16:28:00+00:00,33,1,18720,2799.25,2800.25,2799.25,2800.0,2611,ES.v.0
2019-02-26 16:29:00+00:00,33,1,18720,2799.75,2800.25,2799.25,2800.25,2364,ES.v.0
2019-02-26 16:30:00+00:00,33,1,18720,2800.25,2801.25,2800.0,2801.25,2597,ES.v.0
2019-02-26 16:31:00+00:00,33,1,18720,2801.25,2803.25,2801.0,2802.0,6791,ES.v.0
2019-02-26 16:32:00+00:00,33,1,18720,2802.0,2802.0,2800.5,2801.0,3527,ES.v.0
2019-02-26 16:33:00+00:00,33,1,18720,2801.0,2801.0,2800.25,2800.5,1953,ES.v.0
2019-02-26 16:34:00+00:00,33,1,18720,2800.75,2800.75,2799.75,2800.0,2308,ES.v.0
2019-02-26 16:35:00+00:00,33,1,18720,2800.0,2800.25,2798.5,2799.5,4591,ES.v.0
2019-02-26 16:36:00+00:00,33,1,18720,2799.75,2799.75,2799.0,2799.25,1637,ES.v.0
2019-02-26 16:37:00+00:00,33,1,18720,2799.5,2799.5,2798.5,2798.5,1225,ES.v.0
2019-02-26 16:38:00+00:00,33,1,18720,2798.75,2799.25,2798.25,2799.0,2040,ES.v.0
2019-02-26 16:39:00+00:00,33,1,18720,2799.0,2799.25,2797.5,2797.75,2371,ES.v.0
2019-02-26 16:40:00+00:00,33,1,18720,2797.75,2799.0,2797.75,2798.75,2745,ES.v.0
2019-02-26 16:41:00+00:00,33,1,18720,2798.75,2798.75,2798.0,2798.0,1424,ES.v.0
2019-02-26 16:42:00+00:00,33,1,18720,2798.0,2798.25,2796.5,2797.25,3242,ES.v.0
2019-02-26 16:43:00+00:00,33,1,18720,2797.0,2797.75,2797.0,2797.5,2278,ES.v.0
2019-02-26 16:44:00+00:00,33,1,18720,2797.5,2798.0,2797.25,2797.75,1384,ES.v.0
2019-02-26 16:45:00+00:00,33,1,18720,2797.5,2797.75,2796.75,2797.5,1562,ES.v.0
2019-02-26 16:46:00+00:00,33,1,18720,2797.5,2798.5,2797.5,2798.5,1526,ES.v.0
2019-02-26 16:47:00+00:00,33,1,18720,2798.5,2799.0,2798.5,2798.75,923,ES.v.0
2019-02-26 16:48:00+00:00,33,1,18720,2798.75,2799.5,2798.5,2799.0,1816,ES.v.0
2019-02-26 16:49:00+00:00,33,1,18720,2799.25,2799.25,2798.5,2799.25,668,ES.v.0
2019-02-26 16:50:00+00:00,33,1,18720,2799.25,2799.5,2798.5,2798.75,1150,ES.v.0
2019-02-26 16:51:00+00:00,33,1,18720,2799.0,2799.5,2798.5,2799.5,846,ES.v.0
2019-02-26 16:52:00+00:00,33,1,18720,2799.25,2800.0,2798.75,2798.75,3797,ES.v.0
2019-02-26 16:53:00+00:00,33,1,18720,2798.75,2799.25,2798.75,2799.0,1831,ES.v.0
2019-02-26 16:54:00+00:00,33,1,18720,2799.25,2799.75,2798.25,2799.5,1146,ES.v.0
2019-02-26 16:55:00+00:00,33,1,18720,2799.75,2799.75,2799.25,2799.5,693,ES.v.0
2019-02-26 16:56:00+00:00,33,1,18720,2799.75,2800.0,2799.0,2799.0,959,ES.v.0
2019-02-26 16:57:00+00:00,33,1,18720,2799.0,2799.25,2798.0,2798.75,1191,ES.v.0
2019-02-26 16:58:00+00:00,33,1,18720,2798.75,2798.75,2797.75,2797.75,798,ES.v.0
2019-02-26 16:59:00+00:00,33,1,18720,2797.75,2797.75,2797.25,2797.5,1430,ES.v.0
2019-02-26 17:00:00+00:00,33,1,18720,2797.75,2798.25,2797.25,2798.0,1760,ES.v.0
2019-02-26 17:01:00+00:00,33,1,18720,2798.0,2798.25,2797.5,2798.0,791,ES.v.0
2019-02-26 17:02:00+00:00,33,1,18720,2798.25,2798.25,2797.5,2797.75,2098,ES.v.0
2019-02-26 17:03:00+00:00,33,1,18720,2797.75,2798.25,2797.5,2797.5,975,ES.v.0
2019-02-26 17:04:00+00:00,33,1,18720,2797.25,2798.0,2796.75,2797.75,1535,ES.v.0
2019-02-26 17:05:00+00:00,33,1,18720,2797.75,2797.75,2796.75,2797.25,845,ES.v.0
2019-02-26 17:06:00+00:00,33,1,18720,2797.0,2797.5,2796.75,2797.0,830,ES.v.0
2019-02-26 17:07:00+00:00,33,1,18720,2797.0,2797.25,2796.75,2797.25,741,ES.v.0
2019-02-26 17:08:00+00:00,33,1,18720,2797.0,2797.5,2796.75,2797.25,1255,ES.v.0
2019-02-26 17:09:00+00:00,33,1,18720,2797.25,2797.25,2796.25,2796.75,1188,ES.v.0
2019-02-26 17:10:00+00:00,33,1,18720,2796.5,2796.5,2795.25,2796.0,2376,ES.v.0
2019-02-26 17:11:00+00:00,33,1,18720,2796.0,2797.0,2796.0,2796.25,1553,ES.v.0
2019-02-26 17:12:00+00:00,33,1,18720,2796.5,2797.0,2796.25,2796.75,1397,ES.v.0
2019-02-26 17:13:00+00:00,33,1,18720,2796.75,2797.5,2796.75,2797.25,1049,ES.v.0
2019-02-26 17:14:00+00:00,33,1,18720,2797.25,2797.25,2796.5,2796.5,1093,ES.v.0
2019-02-26 17:15:00+00:00,33,1,18720,2796.5,2797.25,2796.5,2796.75,1229,ES.v.0
2019-02-26 17:16:00+00:00,33,1,18720,2796.75,2797.0,2796.5,2797.0,465,ES.v.0
2019-02-26 17:17:00+00:00,33,1,18720,2797.0,2797.75,2796.75,2797.75,827,ES.v.0
2019-02-26 17:18:00+00:00,33,1,18720,2797.75,2797.75,2797.25,2797.25,1008,ES.v.0
2019-02-26 17:19:00+00:00,33,1,18720,2797.5,2797.75,2797.25,2797.75,1182,ES.v.0
2019-02-26 17:20:00+00:00,33,1,18720,2797.75,2798.25,2797.0,2797.5,2158,ES.v.0
2019-02-26 17:21:00+00:00,33,1,18720,2797.5,2797.75,2797.25,2797.5,756,ES.v.0
2019-02-26 17:22:00+00:00,33,1,18720,2797.75,2798.25,2797.5,2798.25,920,ES.v.0
2019-02-26 17:23:00+00:00,33,1,18720,2798.0,2799.0,2798.0,2798.75,1249,ES.v.0
2019-02-26 17:24:00+00:00,33,1,18720,2798.75,2799.0,2798.5,2798.75,892,ES.v.0
2019-02-26 17:25:00+00:00,33,1,18720,2798.75,2798.75,2798.25,2798.5,917,ES.v.0
2019-02-26 17:26:00+00:00,33,1,18720,2798.5,2798.5,2798.0,2798.0,608,ES.v.0
2019-02-26 17:27:00+00:00,33,1,18720,2798.0,2798.25,2797.25,2797.75,1464,ES.v.0
2019-02-26 17:28:00+00:00,33,1,18720,2797.5,2797.75,2797.0,2797.0,1046,ES.v.0
2019-02-26 17:29:00+00:00,33,1,18720,2797.0,2797.25,2796.5,2796.75,1105,ES.v.0
2019-02-26 17:30:00+00:00,33,1,18720,2796.75,2797.5,2796.75,2797.25,1298,ES.v.0
2019-02-26 17:31:00+00:00,33,1,18720,2797.25,2797.25,2796.5,2796.5,854,ES.v.0
2019-02-26 17:32:00+00:00,33,1,18720,2796.75,2796.75,2796.0,2796.0,980,ES.v.0
2019-02-26 17:33:00+00:00,33,1,18720,2796.0,2796.25,2794.5,2795.0,2854,ES.v.0
2019-02-26 17:34:00+00:00,33,1,18720,2795.0,2795.5,2794.75,2795.0,1106,ES.v.0
2019-02-26 17:35:00+00:00,33,1,18720,2794.75,2794.75,2794.0,2794.0,1493,ES.v.0
2019-02-26 17:36:00+00:00,33,1,18720,2794.0,2794.25,2793.25,2794.25,2068,ES.v.0
2019-02-26 17:37:00+00:00,33,1,18720,2794.0,2794.75,2794.0,2794.75,1336,ES.v.0
2019-02-26 17:38:00+00:00,33,1,18720,2794.75,2794.75,2794.0,2794.25,610,ES.v.0
2019-02-26 17:39:00+00:00,33,1,18720,2794.25,2794.5,2793.75,2794.5,780,ES.v.0
2019-02-26 17:40:00+00:00,33,1,18720,2794.5,2795.0,2794.0,2795.0,1320,ES.v.0
2019-02-26 17:41:00+00:00,33,1,18720,2795.0,2795.5,2794.75,2795.5,1204,ES.v.0
2019-02-26 17:42:00+00:00,33,1,18720,2795.25,2795.25,2794.75,2795.25,679,ES.v.0
2019-02-26 17:43:00+00:00,33,1,18720,2795.25,2795.5,2795.25,2795.25,644,ES.v.0
2019-02-26 17:44:00+00:00,33,1,18720,2795.25,2795.5,2795.25,2795.25,1347,ES.v.0
2019-02-26 17:45:00+00:00,33,1,18720,2795.25,2795.5,2795.25,2795.25,500,ES.v.0
2019-02-26 17:46:00+00:00,33,1,18720,2795.0,2795.25,2794.0,2794.0,1298,ES.v.0
2019-02-26 17:47:00+00:00,33,1,18720,2794.0,2794.5,2793.0,2793.5,2307,ES.v.0
2019-02-26 17:48:00+00:00,33,1,18720,2793.5,2794.5,2793.5,2794.25,1039,ES.v.0
2019-02-26 17:49:00+00:00,33,1,18720,2794.0,2794.75,2793.75,2794.75,881,ES.v.0
2019-02-26 17:50:00+00:00,33,1,18720,2794.75,2795.25,2794.5,2795.0,1694,ES.v.0
2019-02-26 17:51:00+00:00,33,1,18720,2795.0,2795.0,2794.25,2794.25,1163,ES.v.0
2019-02-26 17:52:00+00:00,33,1,18720,2794.25,2795.0,2794.25,2794.5,913,ES.v.0
2019-02-26 17:53:00+00:00,33,1,18720,2794.5,2794.5,2793.75,2794.0,987,ES.v.0
2019-02-26 17:54:00+00:00,33,1,18720,2794.0,2794.5,2794.0,2794.25,427,ES.v.0
2019-02-26 17:55:00+00:00,33,1,18720,2794.0,2794.25,2793.5,2793.75,713,ES.v.0
2019-02-26 17:56:00+00:00,33,1,18720,2793.75,2794.0,2793.25,2794.0,822,ES.v.0
2019-02-26 17:57:00+00:00,33,1,18720,2794.0,2794.25,2793.75,2794.0,813,ES.v.0
2019-02-26 17:58:00+00:00,33,1,18720,2794.0,2794.25,2793.75,2794.0,752,ES.v.0
2019-02-26 17:59:00+00:00,33,1,18720,2793.75,2794.25,2793.5,2793.75,798,ES.v.0
2019-02-26 18:00:00+00:00,33,1,18720,2793.75,2795.75,2793.5,2795.25,2034,ES.v.0
2019-02-26 18:01:00+00:00,33,1,18720,2795.25,2796.25,2795.0,2795.5,1294,ES.v.0
2019-02-26 18:02:00+00:00,33,1,18720,2795.75,2796.0,2795.0,2795.5,1222,ES.v.0
2019-02-26 18:03:00+00:00,33,1,18720,2795.25,2795.5,2794.5,2794.75,885,ES.v.0
2019-02-26 18:04:00+00:00,33,1,18720,2794.75,2795.0,2794.5,2795.0,676,ES.v.0
2019-02-26 18:05:00+00:00,33,1,18720,2794.75,2795.0,2793.0,2793.75,1810,ES.v.0
2019-02-26 18:06:00+00:00,33,1,18720,2793.75,2794.75,2793.5,2794.25,1308,ES.v.0
2019-02-26 18:07:00+00:00,33,1,18720,2794.25,2794.5,2793.75,2794.25,523,ES.v.0
2019-02-26 18:08:00+00:00,33,1,18720,2794.25,2794.75,2794.25,2794.25,601,ES.v.0
2019-02-26 18:09:00+00:00,33,1,18720,2794.25,2794.5,2794.25,2794.25,229,ES.v.0
2019-02-26 18:10:00+00:00,33,1,18720,2794.0,2795.0,2794.0,2794.5,1008,ES.v.0
2019-02-26 18:11:00+00:00,33,1,18720,2794.5,2795.25,2794.5,2795.0,572,ES.v.0
2019-02-26 18:12:00+00:00,33,1,18720,2795.0,2795.5,2794.75,2795.25,1095,ES.v.0
2019-02-26 18:13:00+00:00,33,1,18720,2795.0,2795.25,2794.5,2794.75,830,ES.v.0
2019-02-26 18:14:00+00:00,33,1,18720,2794.75,2795.75,2794.75,2795.25,614,ES.v.0
2019-02-26 18:15:00+00:00,33,1,18720,2795.5,2797.0,2795.5,2796.75,2271,ES.v.0
2019-02-26 18:16:00+00:00,33,1,18720,2796.75,2797.0,2796.25,2796.25,1079,ES.v.0
2019-02-26 18:17:00+00:00,33,1,18720,2796.25,2797.0,2796.25,2797.0,545,ES.v.0
2019-02-26 18:18:00+00:00,33,1,18720,2797.0,2797.0,2796.25,2796.25,473,ES.v.0
2019-02-26 18:19:00+00:00,33,1,18720,2796.25,2796.75,2796.25,2796.5,519,ES.v.0
2019-02-26 18:20:00+00:00,33,1,18720,2796.5,2796.75,2796.25,2796.75,557,ES.v.0
2019-02-26 18:21:00+00:00,33,1,18720,2796.5,2797.0,2796.5,2796.75,491,ES.v.0
2019-02-26 18:22:00+00:00,33,1,18720,2796.5,2796.75,2796.25,2796.5,841,ES.v.0
2019-02-26 18:23:00+00:00,33,1,18720,2796.5,2796.75,2796.5,2796.5,240,ES.v.0
2019-02-26 18:24:00+00:00,33,1,18720,2796.25,2796.75,2796.0,2796.75,453,ES.v.0
2019-02-26 18:25:00+00:00,33,1,18720,2796.5,2796.5,2796.0,2796.0,548,ES.v.0
2019-02-26 18:26:00+00:00,33,1,18720,2795.75,2796.5,2795.5,2795.5,842,ES.v.0
2019-02-26 18:27:00+00:00,33,1,18720,2795.5,2796.0,2795.25,2795.75,1138,ES.v.0
2019-02-26 18:28:00+00:00,33,1,18720,2795.75,2796.25,2795.75,2796.25,672,ES.v.0
2019-02-26 18:29:00+00:00,33,1,18720,2796.25,2796.5,2795.25,2795.25,887,ES.v.0
2019-02-26 18:30:00+00:00,33,1,18720,2795.5,2795.75,2794.25,2794.5,1535,ES.v.0
2019-02-26 18:31:00+00:00,33,1,18720,2794.25,2794.75,2794.25,2794.25,966,ES.v.0
2019-02-26 18:32:00+00:00,33,1,18720,2794.25,2794.5,2793.5,2793.75,944,ES.v.0
2019-02-26 18:33:00+00:00,33,1,18720,2793.5,2794.25,2793.25,2794.0,1577,ES.v.0
2019-02-26 18:34:00+00:00,33,1,18720,2794.0,2794.25,2793.75,2794.25,857,ES.v.0
2019-02-26 18:35:00+00:00,33,1,18720,2794.25,2794.5,2793.75,2794.0,759,ES.v.0
2019-02-26 18:36:00+00:00,33,1,18720,2794.0,2794.25,2793.75,2794.0,400,ES.v.0
2019-02-26 18:37:00+00:00,33,1,18720,2794.0,2794.25,2794.0,2794.25,135,ES.v.0
2019-02-26 18:38:00+00:00,33,1,18720,2794.25,2794.25,2793.75,2794.25,603,ES.v.0
2019-02-26 18:39:00+00:00,33,1,18720,2794.25,2794.25,2793.5,2793.75,674,ES.v.0
2019-02-26 18:40:00+00:00,33,1,18720,2794.0,2794.5,2794.0,2794.25,963,ES.v.0
2019-02-26 18:41:00+00:00,33,1,18720,2794.5,2794.5,2793.5,2793.5,966,ES.v.0
2019-02-26 18:42:00+00:00,33,1,18720,2793.5,2794.75,2793.5,2794.0,1839,ES.v.0
2019-02-26 18:43:00+00:00,33,1,18720,2794.0,2794.25,2793.5,2794.0,995,ES.v.0
2019-02-26 18:44:00+00:00,33,1,18720,2793.75,2794.5,2793.75,2794.5,888,ES.v.0
2019-02-26 18:45:00+00:00,33,1,18720,2794.5,2795.75,2794.0,2795.25,1804,ES.v.0
2019-02-26 18:46:00+00:00,33,1,18720,2795.25,2795.75,2795.0,2795.5,1099,ES.v.0
2019-02-26 18:47:00+00:00,33,1,18720,2795.25,2795.75,2795.0,2795.5,1554,ES.v.0
2019-02-26 18:48:00+00:00,33,1,18720,2795.25,2795.75,2795.0,2795.0,794,ES.v.0
2019-02-26 18:49:00+00:00,33,1,18720,2795.25,2795.5,2794.75,2795.25,500,ES.v.0
2019-02-26 18:50:00+00:00,33,1,18720,2795.25,2796.0,2795.0,2795.5,1086,ES.v.0
2019-02-26 18:51:00+00:00,33,1,18720,2795.5,2795.75,2795.0,2795.5,1216,ES.v.0
2019-02-26 18:52:00+00:00,33,1,18720,2795.5,2795.5,2794.75,2795.0,406,ES.v.0
2019-02-26 18:53:00+00:00,33,1,18720,2795.0,2795.5,2794.5,2795.0,1145,ES.v.0
2019-02-26 18:54:00+00:00,33,1,18720,2794.75,2795.25,2794.5,2795.25,420,ES.v.0
2019-02-26 18:55:00+00:00,33,1,18720,2795.0,2795.75,2795.0,2795.25,1153,ES.v.0
2019-02-26 18:56:00+00:00,33,1,18720,2795.25,2795.5,2794.75,2794.75,597,ES.v.0
2019-02-26 18:57:00+00:00,33,1,18720,2794.75,2795.25,2794.5,2795.0,985,ES.v.0
2019-02-26 18:58:00+00:00,33,1,18720,2795.0,2795.25,2794.5,2794.75,889,ES.v.0
2019-02-26 18:59:00+00:00,33,1,18720,2794.75,2795.0,2794.25,2795.0,1517,ES.v.0
2019-02-26 19:00:00+00:00,33,1,18720,2795.0,2796.5,2795.0,2796.5,4251,ES.v.0
2019-02-26 19:01:00+00:00,33,1,18720,2796.5,2797.5,2796.25,2797.0,2925,ES.v.0
2019-02-26 19:02:00+00:00,33,1,18720,2796.75,2797.5,2796.25,2797.25,2724,ES.v.0
2019-02-26 19:03:00+00:00,33,1,18720,2797.25,2797.25,2796.75,2796.75,421,ES.v.0
2019-02-26 19:04:00+00:00,33,1,18720,2796.75,2797.25,2796.25,2796.25,1599,ES.v.0
2019-02-26 19:05:00+00:00,33,1,18720,2796.25,2797.0,2796.25,2797.0,592,ES.v.0
2019-02-26 19:06:00+00:00,33,1,18720,2796.75,2797.0,2796.5,2796.75,560,ES.v.0
2019-02-26 19:07:00+00:00,33,1,18720,2796.75,2796.75,2796.0,2796.25,1105,ES.v.0
2019-02-26 19:08:00+00:00,33,1,18720,2796.25,2796.25,2795.0,2795.0,1629,ES.v.0
2019-02-26 19:09:00+00:00,33,1,18720,2795.25,2795.75,2795.0,2795.5,817,ES.v.0
2019-02-26 19:10:00+00:00,33,1,18720,2795.5,2796.0,2795.25,2795.75,479,ES.v.0
2019-02-26 19:11:00+00:00,33,1,18720,2796.0,2796.25,2795.5,2795.75,806,ES.v.0
2019-02-26 19:12:00+00:00,33,1,18720,2796.0,2796.0,2795.75,2795.75,528,ES.v.0
2019-02-26 19:13:00+00:00,33,1,18720,2795.75,2796.5,2795.75,2796.0,739,ES.v.0
2019-02-26 19:14:00+00:00,33,1,18720,2796.0,2796.25,2795.75,2796.0,830,ES.v.0
2019-02-26 19:15:00+00:00,33,1,18720,2796.25,2796.25,2795.25,2795.5,950,ES.v.0
2019-02-26 19:16:00+00:00,33,1,18720,2795.25,2796.0,2795.25,2795.5,578,ES.v.0
2019-02-26 19:17:00+00:00,33,1,18720,2795.5,2795.75,2795.5,2795.75,288,ES.v.0
2019-02-26 19:18:00+00:00,33,1,18720,2795.75,2796.0,2795.25,2795.5,428,ES.v.0
2019-02-26 19:19:00+00:00,33,1,18720,2795.5,2796.25,2795.0,2796.25,1006,ES.v.0
2019-02-26 19:20:00+00:00,33,1,18720,2796.25,2796.5,2796.0,2796.25,533,ES.v.0
2019-02-26 19:21:00+00:00,33,1,18720,2796.0,2796.25,2795.25,2795.5,1583,ES.v.0
2019-02-26 19:22:00+00:00,33,1,18720,2795.5,2795.75,2795.25,2795.5,874,ES.v.0
2019-02-26 19:23:00+00:00,33,1,18720,2795.25,2795.25,2793.75,2795.0,2104,ES.v.0
2019-02-26 19:24:00+00:00,33,1,18720,2794.75,2795.25,2794.75,2795.0,520,ES.v.0
2019-02-26 19:25:00+00:00,33,1,18720,2795.0,2795.0,2794.5,2794.75,1095,ES.v.0
2019-02-26 19:26:00+00:00,33,1,18720,2794.75,2795.0,2794.25,2794.75,859,ES.v.0
2019-02-26 19:27:00+00:00,33,1,18720,2794.5,2795.0,2794.5,2795.0,1000,ES.v.0
2019-02-26 19:28:00+00:00,33,1,18720,2795.0,2795.5,2794.75,2795.25,619,ES.v.0
2019-02-26 19:29:00+00:00,33,1,18720,2795.25,2795.5,2794.75,2795.25,736,ES.v.0
2019-02-26 19:30:00+00:00,33,1,18720,2795.25,2795.75,2795.0,2795.5,1167,ES.v.0
2019-02-26 19:31:00+00:00,33,1,18720,2795.75,2796.25,2795.75,2796.0,888,ES.v.0
2019-02-26 19:32:00+00:00,33,1,18720,2796.0,2796.25,2795.75,2795.75,506,ES.v.0
2019-02-26 19:33:00+00:00,33,1,18720,2796.0,2796.5,2795.75,2796.0,1052,ES.v.0
2019-02-26 19:34:00+00:00,33,1,18720,2796.25,2797.0,2796.0,2797.0,1073,ES.v.0
2019-02-26 19:35:00+00:00,33,1,18720,2797.0,2797.75,2796.5,2797.5,2413,ES.v.0
2019-02-26 19:36:00+00:00,33,1,18720,2797.5,2798.0,2797.5,2797.75,2205,ES.v.0
2019-02-26 19:37:00+00:00,33,1,18720,2797.5,2798.0,2797.5,2798.0,499,ES.v.0
2019-02-26 19:38:00+00:00,33,1,18720,2798.0,2798.5,2797.75,2798.0,1914,ES.v.0
2019-02-26 19:39:00+00:00,33,1,18720,2798.25,2798.75,2798.0,2798.75,1095,ES.v.0
2019-02-26 19:40:00+00:00,33,1,18720,2798.75,2799.0,2798.5,2799.0,1383,ES.v.0
2019-02-26 19:41:00+00:00,33,1,18720,2798.75,2799.5,2798.75,2799.5,1552,ES.v.0
2019-02-26 19:42:00+00:00,33,1,18720,2799.5,2800.0,2799.0,2799.25,2595,ES.v.0
2019-02-26 19:43:00+00:00,33,1,18720,2799.25,2799.5,2798.5,2798.75,2535,ES.v.0
2019-02-26 19:44:00+00:00,33,1,18720,2798.5,2798.75,2798.25,2798.5,1361,ES.v.0
2019-02-26 19:45:00+00:00,33,1,18720,2798.5,2799.0,2798.5,2798.5,2205,ES.v.0
2019-02-26 19:46:00+00:00,33,1,18720,2798.5,2799.0,2798.5,2799.0,585,ES.v.0
2019-02-26 19:47:00+00:00,33,1,18720,2799.0,2799.0,2798.5,2798.75,476,ES.v.0
2019-02-26 19:48:00+00:00,33,1,18720,2798.75,2799.0,2798.5,2798.5,1431,ES.v.0
2019-02-26 19:49:00+00:00,33,1,18720,2798.5,2799.25,2798.5,2799.25,1107,ES.v.0
2019-02-26 19:50:00+00:00,33,1,18720,2799.5,2799.5,2799.0,2799.25,784,ES.v.0
2019-02-26 19:51:00+00:00,33,1,18720,2799.5,2800.0,2798.75,2799.0,1524,ES.v.0
2019-02-26 19:52:00+00:00,33,1,18720,2798.75,2799.25,2798.5,2799.25,899,ES.v.0
2019-02-26 19:53:00+00:00,33,1,18720,2799.25,2800.25,2799.0,2799.75,1665,ES.v.0
2019-02-26 19:54:00+00:00,33,1,18720,2799.75,2800.25,2799.5,2800.25,1945,ES.v.0
2019-02-26 19:55:00+00:00,33,1,18720,2800.25,2800.75,2800.0,2800.25,1439,ES.v.0
2019-02-26 19:56:00+00:00,33,1,18720,2800.5,2800.5,2799.25,2799.5,1520,ES.v.0
2019-02-26 19:57:00+00:00,33,1,18720,2799.75,2800.25,2799.5,2799.75,1295,ES.v.0
2019-02-26 19:58:00+00:00,33,1,18720,2799.75,2800.0,2799.25,2799.5,1164,ES.v.0
2019-02-26 19:59:00+00:00,33,1,18720,2799.25,2800.0,2799.25,2799.75,1139,ES.v.0
2019-02-26 20:00:00+00:00,33,1,18720,2800.0,2800.5,2799.75,2800.25,1290,ES.v.0
2019-02-26 20:01:00+00:00,33,1,18720,2800.25,2801.25,2800.0,2800.75,1440,ES.v.0
2019-02-26 20:02:00+00:00,33,1,18720,2800.5,2801.25,2800.25,2801.0,2230,ES.v.0
2019-02-26 20:03:00+00:00,33,1,18720,2801.0,2802.0,2801.0,2801.75,2887,ES.v.0
2019-02-26 20:04:00+00:00,33,1,18720,2801.75,2802.75,2801.75,2802.0,3710,ES.v.0
2019-02-26 20:05:00+00:00,33,1,18720,2801.75,2802.25,2801.0,2801.0,1966,ES.v.0
2019-02-26 20:06:00+00:00,33,1,18720,2801.0,2802.25,2801.0,2802.0,1491,ES.v.0
2019-02-26 20:07:00+00:00,33,1,18720,2802.0,2802.25,2801.5,2802.0,1654,ES.v.0
2019-02-26 20:08:00+00:00,33,1,18720,2802.0,2802.5,2801.5,2801.75,1079,ES.v.0
2019-02-26 20:09:00+00:00,33,1,18720,2802.0,2802.25,2801.0,2801.25,1615,ES.v.0
2019-02-26 20:10:00+00:00,33,1,18720,2801.5,2801.75,2801.25,2801.25,1648,ES.v.0
2019-02-26 20:11:00+00:00,33,1,18720,2801.25,2801.5,2800.0,2800.25,3836,ES.v.0
2019-02-26 20:12:00+00:00,33,1,18720,2800.5,2801.25,2800.25,2800.75,1600,ES.v.0
2019-02-26 20:13:00+00:00,33,1,18720,2800.75,2801.0,2800.5,2800.5,2544,ES.v.0
2019-02-26 20:14:00+00:00,33,1,18720,2800.75,2801.0,2800.5,2800.5,939,ES.v.0
2019-02-26 20:15:00+00:00,33,1,18720,2800.75,2801.0,2800.5,2801.0,890,ES.v.0
2019-02-26 20:16:00+00:00,33,1,18720,2801.0,2802.25,2800.75,2802.0,3875,ES.v.0
2019-02-26 20:17:00+00:00,33,1,18720,2802.25,2803.5,2802.0,2803.25,7932,ES.v.0
2019-02-26 20:18:00+00:00,33,1,18720,2803.25,2803.25,2801.5,2801.75,2989,ES.v.0
2019-02-26 20:19:00+00:00,33,1,18720,2802.0,2802.0,2801.25,2801.5,1699,ES.v.0
2019-02-26 20:20:00+00:00,33,1,18720,2801.25,2801.5,2801.0,2801.5,807,ES.v.0
2019-02-26 20:21:00+00:00,33,1,18720,2801.5,2802.75,2801.0,2802.25,4633,ES.v.0
2019-02-26 20:22:00+00:00,33,1,18720,2802.5,2802.5,2801.75,2802.0,757,ES.v.0
2019-02-26 20:23:00+00:00,33,1,18720,2801.75,2802.0,2801.0,2801.25,406,ES.v.0
2019-02-26 20:24:00+00:00,33,1,18720,2801.25,2801.5,2801.0,2801.5,1102,ES.v.0
2019-02-26 20:25:00+00:00,33,1,18720,2801.5,2801.5,2800.75,2800.75,825,ES.v.0
2019-02-26 20:26:00+00:00,33,1,18720,2800.75,2801.0,2800.5,2800.5,1458,ES.v.0
2019-02-26 20:27:00+00:00,33,1,18720,2800.5,2800.5,2799.5,2799.75,2380,ES.v.0
2019-02-26 20:28:00+00:00,33,1,18720,2799.75,2800.5,2799.75,2800.0,1235,ES.v.0
2019-02-26 20:29:00+00:00,33,1,18720,2799.75,2800.0,2799.75,2799.75,579,ES.v.0
2019-02-26 20:30:00+00:00,33,1,18720,2799.75,2800.25,2799.0,2800.25,2340,ES.v.0
2019-02-26 20:31:00+00:00,33,1,18720,2800.25,2801.5,2800.0,2801.25,1674,ES.v.0
2019-02-26 20:32:00+00:00,33,1,18720,2801.25,2802.0,2801.0,2801.75,3060,ES.v.0
2019-02-26 20:33:00+00:00,33,1,18720,2801.5,2801.5,2801.0,2801.25,1189,ES.v.0
2019-02-26 20:34:00+00:00,33,1,18720,2801.25,2802.0,2800.25,2800.75,2253,ES.v.0
2019-02-26 20:35:00+00:00,33,1,18720,2800.5,2800.5,2800.0,2800.25,787,ES.v.0
2019-02-26 20:36:00+00:00,33,1,18720,2800.0,2800.25,2799.75,2800.0,796,ES.v.0
2019-02-26 20:37:00+00:00,33,1,18720,2799.75,2800.0,2798.75,2799.0,1849,ES.v.0
2019-02-26 20:38:00+00:00,33,1,18720,2799.0,2799.25,2798.25,2798.75,3759,ES.v.0
2019-02-26 20:39:00+00:00,33,1,18720,2798.75,2799.0,2798.25,2798.5,1903,ES.v.0
2019-02-26 20:40:00+00:00,33,1,18720,2798.75,2799.5,2798.5,2799.0,1227,ES.v.0
2019-02-26 20:41:00+00:00,33,1,18720,2799.25,2800.0,2799.0,2799.75,734,ES.v.0
2019-02-26 20:42:00+00:00,33,1,18720,2799.5,2800.0,2799.0,2799.0,1275,ES.v.0
2019-02-26 20:43:00+00:00,33,1,18720,2799.0,2799.0,2798.0,2798.0,2871,ES.v.0
2019-02-26 20:44:00+00:00,33,1,18720,2798.0,2798.25,2797.5,2797.75,2917,ES.v.0
2019-02-26 20:45:00+00:00,33,1,18720,2797.5,2797.75,2796.75,2797.75,3395,ES.v.0
2019-02-26 20:46:00+00:00,33,1,18720,2797.75,2798.25,2797.5,2798.0,1579,ES.v.0
2019-02-26 20:47:00+00:00,33,1,18720,2798.0,2798.0,2797.0,2797.0,1936,ES.v.0
2019-02-26 20:48:00+00:00,33,1,18720,2797.25,2797.5,2797.0,2797.5,969,ES.v.0
2019-02-26 20:49:00+00:00,33,1,18720,2797.25,2797.5,2796.25,2796.5,1649,ES.v.0
2019-02-26 20:50:00+00:00,33,1,18720,2796.5,2797.25,2796.25,2796.75,2115,ES.v.0
2019-02-26 20:51:00+00:00,33,1,18720,2796.75,2796.75,2795.5,2796.0,4437,ES.v.0
2019-02-26 20:52:00+00:00,33,1,18720,2796.0,2796.25,2795.5,2795.5,2090,ES.v.0
2019-02-26 20:53:00+00:00,33,1,18720,2795.75,2796.0,2794.75,2795.75,3823,ES.v.0
2019-02-26 20:54:00+00:00,33,1,18720,2795.75,2796.5,2795.75,2796.25,4513,ES.v.0
2019-02-26 20:55:00+00:00,33,1,18720,2796.25,2797.25,2796.0,2796.0,5126,ES.v.0
2019-02-26 20:56:00+00:00,33,1,18720,2796.0,2796.25,2794.75,2794.75,2763,ES.v.0
2019-02-26 20:57:00+00:00,33,1,18720,2794.75,2795.25,2794.5,2794.75,3429,ES.v.0
2019-02-26 20:58:00+00:00,33,1,18720,2794.75,2795.5,2794.5,2795.5,4016,ES.v.0
2019-02-26 20:59:00+00:00,33,1,18720,2795.25,2795.25,2793.25,2793.75,27977,ES.v.0
2019-02-26 21:00:00+00:00,33,1,18720,2794.25,2794.25,2792.0,2792.25,12300,ES.v.0
2019-02-26 21:01:00+00:00,33,1,18720,2792.5,2794.5,2792.25,2794.25,6200,ES.v.0
2019-02-26 21:02:00+00:00,33,1,18720,2794.25,2794.25,2793.5,2793.75,1997,ES.v.0
2019-02-26 21:03:00+00:00,33,1,18720,2793.75,2794.0,2793.5,2793.75,1803,ES.v.0
2019-02-26 21:04:00+00:00,33,1,18720,2793.5,2794.25,2793.25,2793.5,2121,ES.v.0
2019-02-26 21:05:00+00:00,33,1,18720,2793.25,2793.5,2792.0,2792.0,2271,ES.v.0
2019-02-26 21:06:00+00:00,33,1,18720,2792.0,2792.5,2792.0,2792.0,1475,ES.v.0
2019-02-26 21:07:00+00:00,33,1,18720,2792.25,2792.5,2792.0,2792.25,1535,ES.v.0
2019-02-26 21:08:00+00:00,33,1,18720,2792.25,2792.75,2792.0,2792.5,864,ES.v.0
2019-02-26 21:09:00+00:00,33,1,18720,2792.25,2792.25,2791.25,2791.25,2279,ES.v.0
2019-02-26 21:10:00+00:00,33,1,18720,2791.5,2792.25,2791.25,2791.75,1859,ES.v.0
2019-02-26 21:11:00+00:00,33,1,18720,2791.75,2792.0,2791.5,2791.75,1211,ES.v.0
2019-02-26 21:12:00+00:00,33,1,18720,2791.75,2792.25,2791.5,2792.0,942,ES.v.0
2019-02-26 21:13:00+00:00,33,1,18720,2792.25,2793.0,2792.0,2792.25,1067,ES.v.0
2019-02-26 21:14:00+00:00,33,1,18720,2792.5,2792.5,2791.0,2791.5,3748,ES.v.0
2019-02-26 21:30:00+00:00,33,1,18720,2791.5,2791.75,2790.75,2791.75,1003,ES.v.0
2019-02-26 21:31:00+00:00,33,1,18720,2791.5,2791.5,2791.25,2791.25,187,ES.v.0
2019-02-26 21:32:00+00:00,33,1,18720,2791.5,2791.5,2790.75,2791.0,479,ES.v.0
2019-02-26 21:33:00+00:00,33,1,18720,2791.25,2791.25,2791.0,2791.0,112,ES.v.0
2019-02-26 21:34:00+00:00,33,1,18720,2791.25,2791.25,2791.0,2791.0,157,ES.v.0
2019-02-26 21:35:00+00:00,33,1,18720,2791.25,2791.25,2790.5,2790.5,565,ES.v.0
2019-02-26 21:36:00+00:00,33,1,18720,2790.5,2790.75,2790.25,2790.5,330,ES.v.0
2019-02-26 21:37:00+00:00,33,1,18720,2790.5,2790.75,2790.25,2790.75,227,ES.v.0
2019-02-26 21:38:00+00:00,33,1,18720,2790.5,2790.75,2790.25,2790.25,131,ES.v.0
2019-02-26 21:39:00+00:00,33,1,18720,2790.5,2791.0,2790.5,2790.75,188,ES.v.0
2019-02-26 21:40:00+00:00,33,1,18720,2791.0,2791.0,2790.5,2790.5,278,ES.v.0
2019-02-26 21:41:00+00:00,33,1,18720,2790.75,2790.75,2790.5,2790.75,92,ES.v.0
2019-02-26 21:42:00+00:00,33,1,18720,2790.75,2791.0,2790.5,2791.0,127,ES.v.0
2019-02-26 21:43:00+00:00,33,1,18720,2791.0,2791.0,2790.5,2790.5,110,ES.v.0
2019-02-26 21:44:00+00:00,33,1,18720,2790.75,2791.0,2790.5,2791.0,156,ES.v.0
2019-02-26 21:45:00+00:00,33,1,18720,2791.0,2791.25,2791.0,2791.0,226,ES.v.0
2019-02-26 21:46:00+00:00,33,1,18720,2791.25,2791.25,2791.0,2791.25,142,ES.v.0
2019-02-26 21:47:00+00:00,33,1,18720,2791.25,2791.25,2791.0,2791.0,96,ES.v.0
2019-02-26 21:48:00+00:00,33,1,18720,2791.25,2791.25,2791.0,2791.0,86,ES.v.0
2019-02-26 21:49:00+00:00,33,1,18720,2791.25,2791.25,2791.0,2791.25,50,ES.v.0
2019-02-26 21:50:00+00:00,33,1,18720,2791.25,2791.5,2791.0,2791.25,57,ES.v.0
2019-02-26 21:51:00+00:00,33,1,18720,2791.25,2791.25,2791.0,2791.25,27,ES.v.0
2019-02-26 21:52:00+00:00,33,1,18720,2791.25,2791.25,2790.5,2791.0,283,ES.v.0
2019-02-26 21:53:00+00:00,33,1,18720,2791.0,2791.25,2790.75,2791.25,235,ES.v.0
2019-02-26 21:54:00+00:00,33,1,18720,2791.0,2791.0,2790.75,2790.75,84,ES.v.0
2019-02-26 21:55:00+00:00,33,1,18720,2791.0,2791.0,2790.75,2790.75,101,ES.v.0
2019-02-26 21:56:00+00:00,33,1,18720,2790.75,2790.75,2790.5,2790.5,82,ES.v.0
2019-02-26 21:57:00+00:00,33,1,18720,2790.75,2790.75,2789.5,2789.5,982,ES.v.0
2019-02-26 21:58:00+00:00,33,1,18720,2789.75,2790.0,2789.25,2789.5,523,ES.v.0
2019-02-26 21:59:00+00:00,33,1,18720,2789.25,2789.5,2788.75,2789.0,832,ES.v.0
2019-02-26 23:00:00+00:00,33,1,18720,2788.0,2788.0,2786.75,2787.0,1675,ES.v.0
2019-02-26 23:01:00+00:00,33,1,18720,2787.25,2788.0,2787.25,2787.5,295,ES.v.0
2019-02-26 23:02:00+00:00,33,1,18720,2787.75,2788.0,2787.5,2787.75,145,ES.v.0
2019-02-26 23:03:00+00:00,33,1,18720,2787.5,2788.0,2786.5,2788.0,584,ES.v.0
2019-02-26 23:04:00+00:00,33,1,18720,2788.0,2788.5,2787.75,2788.25,260,ES.v.0
2019-02-26 23:05:00+00:00,33,1,18720,2788.5,2788.5,2788.25,2788.25,61,ES.v.0
2019-02-26 23:06:00+00:00,33,1,18720,2788.0,2788.25,2787.75,2788.25,260,ES.v.0
2019-02-26 23:07:00+00:00,33,1,18720,2788.25,2788.5,2788.0,2788.25,274,ES.v.0
2019-02-26 23:08:00+00:00,33,1,18720,2788.0,2788.25,2787.75,2788.0,125,ES.v.0
2019-02-26 23:09:00+00:00,33,1,18720,2788.0,2788.25,2788.0,2788.0,150,ES.v.0
2019-02-26 23:10:00+00:00,33,1,18720,2788.0,2788.0,2787.5,2787.5,63,ES.v.0
2019-02-26 23:11:00+00:00,33,1,18720,2787.75,2788.5,2787.5,2788.25,251,ES.v.0
2019-02-26 23:12:00+00:00,33,1,18720,2788.25,2789.0,2788.25,2788.75,243,ES.v.0
2019-02-26 23:13:00+00:00,33,1,18720,2788.75,2789.0,2788.5,2788.75,70,ES.v.0
2019-02-26 23:14:00+00:00,33,1,18720,2788.5,2788.75,2788.5,2788.75,47,ES.v.0
2019-02-26 23:15:00+00:00,33,1,18720,2788.75,2789.0,2788.5,2788.75,100,ES.v.0
2019-02-26 23:16:00+00:00,33,1,18720,2789.0,2789.25,2789.0,2789.0,105,ES.v.0
2019-02-26 23:17:00+00:00,33,1,18720,2789.0,2789.25,2789.0,2789.25,52,ES.v.0
2019-02-26 23:18:00+00:00,33,1,18720,2789.0,2789.25,2789.0,2789.25,147,ES.v.0
2019-02-26 23:19:00+00:00,33,1,18720,2789.25,2789.25,2788.75,2789.0,123,ES.v.0
2019-02-26 23:20:00+00:00,33,1,18720,2788.75,2789.25,2788.75,2789.25,128,ES.v.0
2019-02-26 23:21:00+00:00,33,1,18720,2789.25,2789.25,2789.0,2789.25,30,ES.v.0
2019-02-26 23:22:00+00:00,33,1,18720,2789.25,2789.75,2789.25,2789.5,275,ES.v.0
2019-02-26 23:23:00+00:00,33,1,18720,2789.5,2789.75,2789.25,2789.25,53,ES.v.0
2019-02-26 23:24:00+00:00,33,1,18720,2789.5,2789.5,2789.5,2789.5,21,ES.v.0
2019-02-26 23:25:00+00:00,33,1,18720,2789.5,2789.5,2789.25,2789.25,17,ES.v.0
2019-02-26 23:26:00+00:00,33,1,18720,2789.5,2789.5,2789.5,2789.5,10,ES.v.0
2019-02-26 23:27:00+00:00,33,1,18720,2789.75,2790.25,2789.5,2790.25,190,ES.v.0
2019-02-26 23:28:00+00:00,33,1,18720,2790.25,2790.25,2790.0,2790.0,62,ES.v.0
2019-02-26 23:29:00+00:00,33,1,18720,2790.25,2790.25,2789.75,2789.75,63,ES.v.0
2019-02-26 23:30:00+00:00,33,1,18720,2790.0,2790.5,2790.0,2790.5,128,ES.v.0
2019-02-26 23:31:00+00:00,33,1,18720,2790.25,2790.5,2790.0,2790.5,234,ES.v.0
2019-02-26 23:32:00+00:00,33,1,18720,2790.5,2790.5,2790.0,2790.25,63,ES.v.0
2019-02-26 23:33:00+00:00,33,1,18720,2790.25,2791.25,2790.25,2791.0,445,ES.v.0
2019-02-26 23:34:00+00:00,33,1,18720,2791.0,2791.0,2790.5,2790.5,59,ES.v.0
2019-02-26 23:35:00+00:00,33,1,18720,2790.5,2790.75,2790.5,2790.5,27,ES.v.0
2019-02-26 23:36:00+00:00,33,1,18720,2790.25,2790.25,2789.75,2790.25,140,ES.v.0
2019-02-26 23:37:00+00:00,33,1,18720,2790.25,2790.25,2790.25,2790.25,39,ES.v.0
2019-02-26 23:38:00+00:00,33,1,18720,2790.25,2790.5,2790.0,2790.25,67,ES.v.0
2019-02-26 23:39:00+00:00,33,1,18720,2790.25,2790.25,2789.75,2790.0,60,ES.v.0
2019-02-26 23:40:00+00:00,33,1,18720,2790.0,2790.0,2789.5,2789.75,183,ES.v.0
2019-02-26 23:41:00+00:00,33,1,18720,2789.75,2789.75,2788.75,2788.75,336,ES.v.0
2019-02-26 23:42:00+00:00,33,1,18720,2788.75,2789.25,2788.75,2789.25,73,ES.v.0
2019-02-26 23:43:00+00:00,33,1,18720,2789.25,2789.75,2789.0,2789.5,127,ES.v.0
2019-02-26 23:44:00+00:00,33,1,18720,2789.5,2790.0,2789.5,2789.75,56,ES.v.0
2019-02-26 23:45:00+00:00,33,1,18720,2789.75,2790.0,2789.75,2789.75,50,ES.v.0
2019-02-26 23:46:00+00:00,33,1,18720,2789.75,2789.75,2789.5,2789.75,88,ES.v.0
2019-02-26 23:47:00+00:00,33,1,18720,2789.75,2789.75,2789.0,2789.0,152,ES.v.0
2019-02-26 23:48:00+00:00,33,1,18720,2789.0,2789.25,2789.0,2789.25,50,ES.v.0
2019-02-26 23:49:00+00:00,33,1,18720,2789.25,2789.25,2789.0,2789.0,62,ES.v.0
2019-02-26 23:50:00+00:00,33,1,18720,2789.0,2789.0,2789.0,2789.0,232,ES.v.0
2019-02-26 23:51:00+00:00,33,1,18720,2788.75,2789.0,2788.75,2788.75,55,ES.v.0
2019-02-26 23:52:00+00:00,33,1,18720,2788.75,2788.75,2788.5,2788.75,125,ES.v.0
2019-02-26 23:53:00+00:00,33,1,18720,2788.5,2788.75,2788.5,2788.75,109,ES.v.0
2019-02-26 23:54:00+00:00,33,1,18720,2789.0,2789.0,2788.75,2789.0,18,ES.v.0
2019-02-26 23:55:00+00:00,33,1,18720,2788.75,2789.75,2788.75,2789.5,227,ES.v.0
2019-02-26 23:56:00+00:00,33,1,18720,2789.5,2789.75,2789.0,2789.0,261,ES.v.0
2019-02-26 23:57:00+00:00,33,1,18720,2789.0,2789.25,2789.0,2789.0,37,ES.v.0
2019-02-26 23:58:00+00:00,33,1,18720,2789.25,2789.25,2789.0,2789.25,4,ES.v.0
2019-02-26 23:59:00+00:00,33,1,18720,2789.25,2789.25,2788.75,2788.75,74,ES.v.0
2019-02-27 00:00:00+00:00,33,1,18720,2789.0,2789.0,2788.75,2789.0,159,ES.v.0
2019-02-27 00:01:00+00:00,33,1,18720,2789.0,2789.5,2788.75,2789.5,123,ES.v.0
2019-02-27 00:02:00+00:00,33,1,18720,2789.5,2789.75,2789.25,2789.5,241,ES.v.0
2019-02-27 00:03:00+00:00,33,1,18720,2789.25,2789.25,2789.0,2789.0,118,ES.v.0
2019-02-27 00:04:00+00:00,33,1,18720,2789.0,2789.25,2788.75,2789.25,196,ES.v.0
2019-02-27 00:05:00+00:00,33,1,18720,2789.25,2790.25,2789.0,2790.0,198,ES.v.0
2019-02-27 00:06:00+00:00,33,1,18720,2790.0,2790.25,2789.5,2789.75,246,ES.v.0
2019-02-27 00:07:00+00:00,33,1,18720,2789.75,2790.0,2789.75,2790.0,95,ES.v.0
2019-02-27 00:08:00+00:00,33,1,18720,2790.0,2790.25,2789.5,2789.5,99,ES.v.0
2019-02-27 00:09:00+00:00,33,1,18720,2789.5,2789.75,2789.25,2789.5,115,ES.v.0
2019-02-27 00:10:00+00:00,33,1,18720,2789.5,2790.25,2789.5,2790.0,93,ES.v.0
2019-02-27 00:11:00+00:00,33,1,18720,2790.0,2790.0,2789.5,2789.75,91,ES.v.0
2019-02-27 00:12:00+00:00,33,1,18720,2789.75,2790.25,2789.75,2790.0,80,ES.v.0
2019-02-27 00:13:00+00:00,33,1,18720,2790.25,2790.25,2790.0,2790.25,199,ES.v.0
2019-02-27 00:14:00+00:00,33,1,18720,2790.25,2790.25,2789.75,2790.0,143,ES.v.0
2019-02-27 00:15:00+00:00,33,1,18720,2790.0,2790.5,2790.0,2790.5,61,ES.v.0
2019-02-27 00:16:00+00:00,33,1,18720,2790.5,2790.75,2790.25,2790.25,396,ES.v.0
2019-02-27 00:17:00+00:00,33,1,18720,2790.25,2790.75,2790.25,2790.75,78,ES.v.0
2019-02-27 00:18:00+00:00,33,1,18720,2790.5,2790.5,2790.0,2790.0,176,ES.v.0
2019-02-27 00:19:00+00:00,33,1,18720,2790.0,2790.25,2790.0,2790.0,11,ES.v.0
2019-02-27 00:20:00+00:00,33,1,18720,2790.0,2790.25,2789.75,2790.25,236,ES.v.0
2019-02-27 00:21:00+00:00,33,1,18720,2790.25,2790.75,2790.25,2790.75,220,ES.v.0
2019-02-27 00:22:00+00:00,33,1,18720,2790.5,2791.0,2790.5,2791.0,134,ES.v.0
2019-02-27 00:23:00+00:00,33,1,18720,2791.0,2791.25,2790.75,2791.0,164,ES.v.0
2019-02-27 00:24:00+00:00,33,1,18720,2790.75,2790.75,2790.25,2790.25,136,ES.v.0
2019-02-27 00:25:00+00:00,33,1,18720,2790.25,2790.25,2790.25,2790.25,57,ES.v.0
2019-02-27 00:26:00+00:00,33,1,18720,2790.25,2790.5,2790.0,2790.5,39,ES.v.0
2019-02-27 00:27:00+00:00,33,1,18720,2790.5,2790.5,2790.25,2790.25,41,ES.v.0
2019-02-27 00:28:00+00:00,33,1,18720,2790.25,2790.25,2790.0,2790.0,39,ES.v.0
2019-02-27 00:29:00+00:00,33,1,18720,2790.0,2790.25,2790.0,2790.25,43,ES.v.0
2019-02-27 00:30:00+00:00,33,1,18720,2790.25,2790.5,2790.25,2790.25,42,ES.v.0
2019-02-27 00:31:00+00:00,33,1,18720,2790.5,2790.75,2790.5,2790.5,55,ES.v.0
2019-02-27 00:32:00+00:00,33,1,18720,2790.5,2790.75,2790.5,2790.5,48,ES.v.0
2019-02-27 00:33:00+00:00,33,1,18720,2790.5,2790.5,2790.5,2790.5,38,ES.v.0
2019-02-27 00:34:00+00:00,33,1,18720,2790.5,2790.75,2790.5,2790.5,29,ES.v.0
2019-02-27 00:35:00+00:00,33,1,18720,2790.25,2790.5,2790.25,2790.25,90,ES.v.0
2019-02-27 00:36:00+00:00,33,1,18720,2790.5,2790.5,2790.0,2790.0,38,ES.v.0
2019-02-27 00:37:00+00:00,33,1,18720,2790.0,2790.25,2790.0,2790.0,20,ES.v.0
2019-02-27 00:38:00+00:00,33,1,18720,2790.0,2790.0,2789.75,2789.75,66,ES.v.0
2019-02-27 00:39:00+00:00,33,1,18720,2789.75,2789.75,2789.75,2789.75,2,ES.v.0
2019-02-27 00:40:00+00:00,33,1,18720,2789.75,2789.75,2789.75,2789.75,4,ES.v.0
2019-02-27 03:45:00+00:00,33,1,18720,2789.75,2793.0,2789.75,2791.5,1101,ES.v.0
2019-02-27 03:46:00+00:00,33,1,18720,2791.5,2792.0,2791.0,2792.0,410,ES.v.0
2019-02-27 03:47:00+00:00,33,1,18720,2792.0,2792.25,2791.75,2791.75,111,ES.v.0
2019-02-27 03:48:00+00:00,33,1,18720,2791.75,2791.75,2791.25,2791.5,203,ES.v.0
2019-02-27 03:49:00+00:00,33,1,18720,2791.25,2791.25,2790.75,2790.75,322,ES.v.0
2019-02-27 03:50:00+00:00,33,1,18720,2790.75,2791.5,2790.75,2791.5,241,ES.v.0
2019-02-27 03:51:00+00:00,33,1,18720,2791.25,2791.75,2791.25,2791.25,104,ES.v.0
2019-02-27 03:52:00+00:00,33,1,18720,2791.25,2791.5,2790.75,2791.0,127,ES.v.0
2019-02-27 03:53:00+00:00,33,1,18720,2791.0,2791.75,2791.0,2791.5,450,ES.v.0
2019-02-27 03:54:00+00:00,33,1,18720,2791.25,2791.5,2791.0,2791.0,74,ES.v.0
2019-02-27 03:55:00+00:00,33,1,18720,2791.0,2791.25,2790.75,2791.0,94,ES.v.0
2019-02-27 03:56:00+00:00,33,1,18720,2791.25,2791.5,2791.0,2791.25,134,ES.v.0
2019-02-27 03:57:00+00:00,33,1,18720,2791.25,2791.25,2791.0,2791.0,39,ES.v.0
2019-02-27 03:58:00+00:00,33,1,18720,2791.25,2791.25,2791.0,2791.25,32,ES.v.0
2019-02-27 03:59:00+00:00,33,1,18720,2791.0,2791.5,2791.0,2791.5,30,ES.v.0
2019-02-27 04:00:00+00:00,33,1,18720,2791.25,2791.5,2791.25,2791.5,44,ES.v.0
2019-02-27 04:01:00+00:00,33,1,18720,2791.5,2791.5,2790.75,2791.0,71,ES.v.0
2019-02-27 04:02:00+00:00,33,1,18720,2790.75,2791.0,2790.5,2790.75,178,ES.v.0
2019-02-27 04:03:00+00:00,33,1,18720,2791.0,2791.0,2790.5,2790.5,75,ES.v.0
2019-02-27 04:04:00+00:00,33,1,18720,2790.75,2790.75,2789.75,2789.75,117,ES.v.0
2019-02-27 04:05:00+00:00,33,1,18720,2790.0,2790.0,2788.75,2789.5,512,ES.v.0
2019-02-27 04:06:00+00:00,33,1,18720,2789.75,2790.0,2789.5,2790.0,107,ES.v.0
2019-02-27 04:07:00+00:00,33,1,18720,2789.75,2790.0,2789.5,2790.0,128,ES.v.0
2019-02-27 04:08:00+00:00,33,1,18720,2790.0,2790.5,2789.75,2790.5,147,ES.v.0
2019-02-27 04:09:00+00:00,33,1,18720,2790.5,2790.5,2790.0,2790.0,64,ES.v.0
2019-02-27 04:10:00+00:00,33,1,18720,2790.0,2790.25,2790.0,2790.25,59,ES.v.0
2019-02-27 04:11:00+00:00,33,1,18720,2790.25,2790.25,2790.0,2790.0,52,ES.v.0
2019-02-27 04:12:00+00:00,33,1,18720,2790.0,2790.25,2789.75,2790.0,48,ES.v.0
2019-02-27 04:13:00+00:00,33,1,18720,2790.0,2790.0,2790.0,2790.0,23,ES.v.0
2019-02-27 04:14:00+00:00,33,1,18720,2790.25,2790.25,2790.0,2790.25,13,ES.v.0
2019-02-27 04:15:00+00:00,33,1,18720,2790.25,2790.5,2789.25,2789.5,184,ES.v.0
2019-02-27 04:16:00+00:00,33,1,18720,2789.75,2789.75,2789.5,2789.75,40,ES.v.0
2019-02-27 04:17:00+00:00,33,1,18720,2789.75,2790.0,2789.5,2789.5,34,ES.v.0
2019-02-27 04:18:00+00:00,33,1,18720,2789.5,2789.75,2789.5,2789.5,38,ES.v.0
2019-02-27 04:19:00+00:00,33,1,18720,2789.75,2789.75,2789.5,2789.75,68,ES.v.0
2019-02-27 04:20:00+00:00,33,1,18720,2789.5,2790.0,2789.0,2789.25,274,ES.v.0
2019-02-27 04:21:00+00:00,33,1,18720,2789.5,2789.5,2789.5,2789.5,30,ES.v.0
2019-02-27 04:22:00+00:00,33,1,18720,2789.75,2789.75,2789.5,2789.5,79,ES.v.0
2019-02-27 04:23:00+00:00,33,1,18720,2789.5,2790.0,2789.5,2790.0,22,ES.v.0
2019-02-27 04:24:00+00:00,33,1,18720,2790.0,2790.0,2789.5,2789.5,20,ES.v.0
2019-02-27 04:25:00+00:00,33,1,18720,2789.5,2789.75,2789.5,2789.75,18,ES.v.0
2019-02-27 04:26:00+00:00,33,1,18720,2789.75,2789.75,2789.75,2789.75,15,ES.v.0
2019-02-27 04:27:00+00:00,33,1,18720,2790.0,2790.0,2790.0,2790.0,12,ES.v.0
2019-02-27 04:28:00+00:00,33,1,18720,2790.0,2790.0,2789.75,2789.75,28,ES.v.0
2019-02-27 04:29:00+00:00,33,1,18720,2790.0,2790.25,2789.75,2790.25,77,ES.v.0
2019-02-27 04:30:00+00:00,33,1,18720,2790.0,2790.25,2789.75,2790.25,70,ES.v.0
2019-02-27 04:31:00+00:00,33,1,18720,2790.0,2790.25,2790.0,2790.0,153,ES.v.0
2019-02-27 04:32:00+00:00,33,1,18720,2790.25,2790.25,2790.0,2790.0,18,ES.v.0
2019-02-27 04:33:00+00:00,33,1,18720,2790.0,2790.25,2790.0,2790.0,95,ES.v.0
2019-02-27 04:34:00+00:00,33,1,18720,2790.0,2790.25,2790.0,2790.25,164,ES.v.0
2019-02-27 04:35:00+00:00,33,1,18720,2790.25,2790.25,2790.0,2790.0,192,ES.v.0
2019-02-27 04:36:00+00:00,33,1,18720,2790.25,2790.25,2790.0,2790.0,37,ES.v.0
2019-02-27 04:37:00+00:00,33,1,18720,2790.25,2790.25,2789.25,2789.5,246,ES.v.0
2019-02-27 04:38:00+00:00,33,1,18720,2789.5,2789.5,2789.5,2789.5,2,ES.v.0
2019-02-27 04:39:00+00:00,33,1,18720,2789.5,2789.75,2789.5,2789.75,48,ES.v.0
2019-02-27 04:40:00+00:00,33,1,18720,2789.75,2790.0,2789.75,2790.0,3,ES.v.0
2019-02-27 04:41:00+00:00,33,1,18720,2789.75,2790.0,2789.75,2790.0,57,ES.v.0
2019-02-27 04:42:00+00:00,33,1,18720,2790.0,2790.25,2790.0,2790.0,156,ES.v.0
2019-02-27 04:43:00+00:00,33,1,18720,2790.25,2790.5,2790.25,2790.25,75,ES.v.0
2019-02-27 04:44:00+00:00,33,1,18720,2790.25,2790.25,2790.0,2790.0,44,ES.v.0
2019-02-27 04:45:00+00:00,33,1,18720,2790.0,2790.0,2789.75,2790.0,79,ES.v.0
2019-02-27 04:46:00+00:00,33,1,18720,2790.0,2790.25,2789.75,2790.0,147,ES.v.0
2019-02-27 04:47:00+00:00,33,1,18720,2790.0,2790.0,2789.75,2789.75,42,ES.v.0
2019-02-27 04:48:00+00:00,33,1,18720,2789.75,2789.75,2789.75,2789.75,1,ES.v.0
2019-02-27 04:49:00+00:00,33,1,18720,2790.0,2790.0,2789.75,2789.75,66,ES.v.0
2019-02-27 04:50:00+00:00,33,1,18720,2790.0,2790.25,2790.0,2790.0,51,ES.v.0
2019-02-27 04:51:00+00:00,33,1,18720,2790.0,2790.0,2790.0,2790.0,1,ES.v.0
2019-02-27 04:52:00+00:00,33,1,18720,2790.25,2790.25,2790.0,2790.0,91,ES.v.0
2019-02-27 04:53:00+00:00,33,1,18720,2790.25,2790.5,2790.0,2790.25,111,ES.v.0
2019-02-27 04:54:00+00:00,33,1,18720,2790.25,2790.5,2790.25,2790.25,58,ES.v.0
2019-02-27 04:55:00+00:00,33,1,18720,2790.25,2790.5,2790.25,2790.25,30,ES.v.0
2019-02-27 04:56:00+00:00,33,1,18720,2790.25,2790.75,2790.25,2790.5,122,ES.v.0
2019-02-27 04:57:00+00:00,33,1,18720,2790.5,2790.75,2790.5,2790.75,80,ES.v.0
2019-02-27 04:58:00+00:00,33,1,18720,2791.0,2791.0,2790.75,2791.0,12,ES.v.0
2019-02-27 04:59:00+00:00,33,1,18720,2791.0,2791.25,2790.75,2790.75,445,ES.v.0
2019-02-27 05:00:00+00:00,33,1,18720,2790.75,2791.0,2790.75,2790.75,494,ES.v.0
2019-02-27 05:01:00+00:00,33,1,18720,2790.75,2791.0,2790.5,2791.0,414,ES.v.0
2019-02-27 05:02:00+00:00,33,1,18720,2790.75,2791.25,2790.75,2791.0,382,ES.v.0
2019-02-27 05:03:00+00:00,33,1,18720,2791.25,2791.5,2791.0,2791.5,132,ES.v.0
2019-02-27 05:04:00+00:00,33,1,18720,2791.25,2791.5,2791.25,2791.25,80,ES.v.0
2019-02-27 05:05:00+00:00,33,1,18720,2791.0,2791.0,2791.0,2791.0,222,ES.v.0
2019-02-27 05:06:00+00:00,33,1,18720,2790.75,2790.75,2790.5,2790.75,224,ES.v.0
2019-02-27 05:07:00+00:00,33,1,18720,2790.75,2790.75,2790.25,2790.25,139,ES.v.0
2019-02-27 05:08:00+00:00,33,1,18720,2790.5,2791.0,2790.5,2790.75,42,ES.v.0
2019-02-27 05:09:00+00:00,33,1,18720,2791.0,2791.0,2790.75,2790.75,140,ES.v.0
2019-02-27 05:10:00+00:00,33,1,18720,2790.75,2791.0,2790.75,2790.75,44,ES.v.0
2019-02-27 05:11:00+00:00,33,1,18720,2791.0,2791.0,2791.0,2791.0,19,ES.v.0
2019-02-27 05:12:00+00:00,33,1,18720,2791.0,2791.25,2791.0,2791.25,126,ES.v.0
2019-02-27 05:13:00+00:00,33,1,18720,2791.0,2791.0,2790.75,2791.0,199,ES.v.0
2019-02-27 05:14:00+00:00,33,1,18720,2791.0,2791.0,2791.0,2791.0,65,ES.v.0
2019-02-27 05:15:00+00:00,33,1,18720,2791.25,2791.25,2791.25,2791.25,15,ES.v.0
2019-02-27 05:16:00+00:00,33,1,18720,2791.25,2791.25,2791.0,2791.25,106,ES.v.0
2019-02-27 05:17:00+00:00,33,1,18720,2791.25,2791.25,2790.75,2791.0,153,ES.v.0
2019-02-27 05:18:00+00:00,33,1,18720,2791.0,2791.25,2791.0,2791.0,47,ES.v.0
2019-02-27 05:19:00+00:00,33,1,18720,2791.25,2791.25,2791.25,2791.25,4,ES.v.0
2019-02-27 05:20:00+00:00,33,1,18720,2791.25,2791.5,2791.0,2791.25,359,ES.v.0
2019-02-27 05:21:00+00:00,33,1,18720,2791.25,2791.5,2791.25,2791.5,194,ES.v.0
2019-02-27 05:22:00+00:00,33,1,18720,2791.5,2791.5,2791.5,2791.5,1,ES.v.0
2019-02-27 05:23:00+00:00,33,1,18720,2791.25,2792.25,2791.25,2792.25,355,ES.v.0
2019-02-27 05:24:00+00:00,33,1,18720,2792.0,2792.25,2791.75,2792.0,184,ES.v.0
2019-02-27 05:25:00+00:00,33,1,18720,2792.0,2793.0,2792.0,2792.75,558,ES.v.0
2019-02-27 05:26:00+00:00,33,1,18720,2792.75,2793.0,2792.5,2792.75,453,ES.v.0
2019-02-27 05:27:00+00:00,33,1,18720,2792.5,2793.0,2792.5,2792.75,86,ES.v.0
2019-02-27 05:28:00+00:00,33,1,18720,2792.75,2793.0,2792.5,2793.0,46,ES.v.0
2019-02-27 05:29:00+00:00,33,1,18720,2792.75,2793.25,2792.75,2792.75,271,ES.v.0
2019-02-27 05:30:00+00:00,33,1,18720,2792.75,2793.0,2792.25,2792.5,279,ES.v.0
2019-02-27 05:31:00+00:00,33,1,18720,2792.5,2792.75,2792.5,2792.75,164,ES.v.0
2019-02-27 05:32:00+00:00,33,1,18720,2793.0,2793.0,2792.75,2792.75,36,ES.v.0
2019-02-27 05:33:00+00:00,33,1,18720,2792.75,2793.0,2792.75,2792.75,115,ES.v.0
2019-02-27 05:34:00+00:00,33,1,18720,2792.75,2792.75,2792.5,2792.75,108,ES.v.0
2019-02-27 05:35:00+00:00,33,1,18720,2792.75,2792.75,2792.5,2792.5,84,ES.v.0
2019-02-27 05:36:00+00:00,33,1,18720,2792.5,2792.75,2792.5,2792.5,99,ES.v.0
2019-02-27 05:37:00+00:00,33,1,18720,2792.5,2792.75,2792.5,2792.5,55,ES.v.0
2019-02-27 05:38:00+00:00,33,1,18720,2792.5,2792.75,2792.25,2792.5,45,ES.v.0
2019-02-27 05:39:00+00:00,33,1,18720,2792.5,2792.75,2792.5,2792.75,124,ES.v.0
2019-02-27 05:40:00+00:00,33,1,18720,2792.5,2793.0,2792.5,2792.75,234,ES.v.0
2019-02-27 05:41:00+00:00,33,1,18720,2792.5,2792.75,2792.5,2792.75,137,ES.v.0
2019-02-27 05:42:00+00:00,33,1,18720,2792.5,2792.5,2792.0,2792.25,167,ES.v.0
2019-02-27 05:43:00+00:00,33,1,18720,2792.0,2792.5,2792.0,2792.25,67,ES.v.0
2019-02-27 05:44:00+00:00,33,1,18720,2792.5,2792.5,2792.25,2792.25,64,ES.v.0
2019-02-27 05:45:00+00:00,33,1,18720,2792.5,2792.5,2792.0,2792.25,33,ES.v.0
2019-02-27 05:46:00+00:00,33,1,18720,2792.25,2792.75,2792.0,2792.75,169,ES.v.0
2019-02-27 05:47:00+00:00,33,1,18720,2792.5,2792.5,2792.0,2792.0,227,ES.v.0
2019-02-27 05:48:00+00:00,33,1,18720,2792.25,2792.25,2791.75,2791.75,44,ES.v.0
2019-02-27 05:49:00+00:00,33,1,18720,2791.75,2792.0,2791.75,2791.75,90,ES.v.0
2019-02-27 05:50:00+00:00,33,1,18720,2792.0,2792.0,2791.75,2792.0,60,ES.v.0
2019-02-27 05:51:00+00:00,33,1,18720,2791.75,2791.75,2791.5,2791.75,63,ES.v.0
2019-02-27 05:52:00+00:00,33,1,18720,2791.75,2792.0,2791.75,2791.75,263,ES.v.0
2019-02-27 05:53:00+00:00,33,1,18720,2791.75,2792.0,2791.75,2792.0,52,ES.v.0
2019-02-27 05:54:00+00:00,33,1,18720,2791.75,2792.0,2791.5,2792.0,135,ES.v.0
2019-02-27 05:55:00+00:00,33,1,18720,2792.0,2792.0,2791.75,2791.75,126,ES.v.0
2019-02-27 05:56:00+00:00,33,1,18720,2791.75,2792.0,2791.75,2791.75,328,ES.v.0
2019-02-27 05:57:00+00:00,33,1,18720,2791.75,2791.75,2791.75,2791.75,74,ES.v.0
2019-02-27 05:58:00+00:00,33,1,18720,2792.0,2792.0,2791.25,2791.5,279,ES.v.0
2019-02-27 05:59:00+00:00,33,1,18720,2791.75,2791.75,2791.5,2791.75,98,ES.v.0
2019-02-27 06:00:00+00:00,33,1,18720,2791.75,2792.0,2791.75,2791.75,59,ES.v.0
2019-02-27 06:01:00+00:00,33,1,18720,2791.75,2792.0,2791.5,2791.5,225,ES.v.0
2019-02-27 06:02:00+00:00,33,1,18720,2791.5,2791.5,2791.5,2791.5,1,ES.v.0
2019-02-27 06:03:00+00:00,33,1,18720,2791.5,2791.5,2791.25,2791.5,207,ES.v.0
2019-02-27 06:04:00+00:00,33,1,18720,2791.25,2791.25,2791.0,2791.25,227,ES.v.0
2019-02-27 06:05:00+00:00,33,1,18720,2791.0,2791.0,2790.75,2791.0,97,ES.v.0
2019-02-27 06:06:00+00:00,33,1,18720,2791.0,2791.25,2791.0,2791.25,18,ES.v.0
2019-02-27 06:07:00+00:00,33,1,18720,2791.25,2791.5,2791.25,2791.5,223,ES.v.0
2019-02-27 06:08:00+00:00,33,1,18720,2791.25,2791.5,2791.25,2791.5,151,ES.v.0
2019-02-27 06:09:00+00:00,33,1,18720,2791.75,2791.75,2791.75,2791.75,3,ES.v.0
2019-02-27 06:10:00+00:00,33,1,18720,2791.75,2792.0,2791.75,2791.75,75,ES.v.0
2019-02-27 06:11:00+00:00,33,1,18720,2791.5,2791.5,2791.5,2791.5,45,ES.v.0
2019-02-27 06:12:00+00:00,33,1,18720,2791.25,2791.25,2791.25,2791.25,5,ES.v.0
2019-02-27 06:13:00+00:00,33,1,18720,2791.25,2791.5,2791.25,2791.25,54,ES.v.0
2019-02-27 06:14:00+00:00,33,1,18720,2791.25,2791.25,2791.25,2791.25,30,ES.v.0
2019-02-27 06:15:00+00:00,33,1,18720,2791.0,2791.0,2790.75,2791.0,87,ES.v.0
2019-02-27 06:16:00+00:00,33,1,18720,2791.0,2791.0,2791.0,2791.0,30,ES.v.0
2019-02-27 06:17:00+00:00,33,1,18720,2790.75,2790.75,2790.25,2790.75,291,ES.v.0
2019-02-27 06:18:00+00:00,33,1,18720,2790.75,2790.75,2790.75,2790.75,24,ES.v.0
2019-02-27 06:19:00+00:00,33,1,18720,2790.75,2790.75,2790.25,2790.25,58,ES.v.0
2019-02-27 06:20:00+00:00,33,1,18720,2790.25,2790.25,2789.75,2789.75,253,ES.v.0
2019-02-27 06:21:00+00:00,33,1,18720,2789.75,2789.75,2789.0,2789.25,414,ES.v.0
2019-02-27 06:22:00+00:00,33,1,18720,2789.5,2789.75,2789.0,2789.5,328,ES.v.0
2019-02-27 06:23:00+00:00,33,1,18720,2789.5,2789.5,2788.25,2788.25,349,ES.v.0
2019-02-27 06:24:00+00:00,33,1,18720,2788.25,2788.5,2787.75,2787.75,611,ES.v.0
2019-02-27 06:25:00+00:00,33,1,18720,2787.75,2788.25,2787.75,2788.0,147,ES.v.0
2019-02-27 06:26:00+00:00,33,1,18720,2788.0,2788.5,2788.0,2788.5,101,ES.v.0
2019-02-27 06:27:00+00:00,33,1,18720,2788.5,2788.75,2788.5,2788.75,291,ES.v.0
2019-02-27 06:28:00+00:00,33,1,18720,2788.75,2788.75,2788.25,2788.25,212,ES.v.0
2019-02-27 06:29:00+00:00,33,1,18720,2788.5,2788.5,2788.25,2788.5,61,ES.v.0
2019-02-27 06:30:00+00:00,33,1,18720,2788.25,2788.5,2788.0,2788.25,135,ES.v.0
2019-02-27 06:31:00+00:00,33,1,18720,2788.25,2788.25,2787.75,2787.75,137,ES.v.0
2019-02-27 06:32:00+00:00,33,1,18720,2787.5,2788.0,2787.5,2787.5,265,ES.v.0
2019-02-27 06:33:00+00:00,33,1,18720,2787.5,2787.75,2787.0,2787.0,253,ES.v.0
2019-02-27 06:34:00+00:00,33,1,18720,2787.25,2787.25,2786.75,2787.0,349,ES.v.0
2019-02-27 06:35:00+00:00,33,1,18720,2786.75,2787.25,2786.75,2787.0,496,ES.v.0
2019-02-27 06:36:00+00:00,33,1,18720,2786.75,2787.0,2786.25,2786.5,470,ES.v.0
2019-02-27 06:37:00+00:00,33,1,18720,2786.5,2786.5,2786.25,2786.25,191,ES.v.0
2019-02-27 06:38:00+00:00,33,1,18720,2786.5,2786.5,2785.25,2785.75,537,ES.v.0
2019-02-27 06:39:00+00:00,33,1,18720,2785.5,2785.75,2785.25,2785.5,232,ES.v.0
2019-02-27 06:40:00+00:00,33,1,18720,2785.5,2785.5,2784.75,2784.75,748,ES.v.0
2019-02-27 06:41:00+00:00,33,1,18720,2784.75,2785.25,2784.0,2784.0,528,ES.v.0
2019-02-27 06:42:00+00:00,33,1,18720,2784.0,2784.0,2783.5,2783.75,781,ES.v.0
2019-02-27 06:43:00+00:00,33,1,18720,2784.0,2784.75,2783.75,2784.0,625,ES.v.0
2019-02-27 06:44:00+00:00,33,1,18720,2784.0,2784.5,2784.0,2784.5,98,ES.v.0
2019-02-27 06:45:00+00:00,33,1,18720,2784.5,2785.0,2784.25,2784.75,176,ES.v.0
2019-02-27 06:46:00+00:00,33,1,18720,2785.0,2785.25,2784.5,2785.0,492,ES.v.0
2019-02-27 06:47:00+00:00,33,1,18720,2785.0,2785.25,2784.75,2785.25,80,ES.v.0
2019-02-27 06:48:00+00:00,33,1,18720,2785.25,2785.75,2785.25,2785.5,301,ES.v.0
2019-02-27 06:49:00+00:00,33,1,18720,2785.5,2785.75,2785.0,2785.5,154,ES.v.0
2019-02-27 06:50:00+00:00,33,1,18720,2785.25,2785.5,2785.25,2785.5,189,ES.v.0
2019-02-27 06:51:00+00:00,33,1,18720,2785.5,2785.75,2785.25,2785.5,113,ES.v.0
2019-02-27 06:52:00+00:00,33,1,18720,2785.75,2785.75,2785.25,2785.5,152,ES.v.0
2019-02-27 06:53:00+00:00,33,1,18720,2785.25,2785.25,2785.0,2785.25,88,ES.v.0
2019-02-27 06:54:00+00:00,33,1,18720,2785.25,2785.25,2785.0,2785.25,61,ES.v.0
2019-02-27 06:55:00+00:00,33,1,18720,2785.25,2786.0,2785.25,2785.75,151,ES.v.0
2019-02-27 06:56:00+00:00,33,1,18720,2785.75,2785.75,2785.5,2785.5,99,ES.v.0
2019-02-27 06:57:00+00:00,33,1,18720,2785.75,2786.0,2785.5,2785.75,107,ES.v.0
2019-02-27 06:58:00+00:00,33,1,18720,2786.0,2786.0,2785.5,2785.5,91,ES.v.0
2019-02-27 06:59:00+00:00,33,1,18720,2785.5,2785.5,2785.25,2785.5,194,ES.v.0
2019-02-27 07:00:00+00:00,33,1,18720,2785.5,2786.5,2785.5,2786.5,443,ES.v.0
2019-02-27 07:01:00+00:00,33,1,18720,2786.25,2786.25,2786.0,2786.25,295,ES.v.0
2019-02-27 07:02:00+00:00,33,1,18720,2786.25,2786.5,2785.25,2785.5,406,ES.v.0
2019-02-27 07:03:00+00:00,33,1,18720,2785.25,2785.5,2784.0,2784.0,411,ES.v.0
2019-02-27 07:04:00+00:00,33,1,18720,2784.25,2785.0,2784.0,2784.75,231,ES.v.0
2019-02-27 07:05:00+00:00,33,1,18720,2784.5,2784.75,2784.25,2784.5,84,ES.v.0
2019-02-27 07:06:00+00:00,33,1,18720,2784.5,2785.0,2784.5,2784.5,201,ES.v.0
2019-02-27 07:07:00+00:00,33,1,18720,2784.75,2784.75,2784.5,2784.5,156,ES.v.0
2019-02-27 07:08:00+00:00,33,1,18720,2784.5,2784.75,2784.25,2784.75,107,ES.v.0
2019-02-27 07:09:00+00:00,33,1,18720,2784.75,2785.0,2784.75,2785.0,7,ES.v.0
2019-02-27 07:10:00+00:00,33,1,18720,2784.75,2785.25,2784.75,2785.0,42,ES.v.0
2019-02-27 07:11:00+00:00,33,1,18720,2785.0,2785.5,2784.75,2785.0,101,ES.v.0
2019-02-27 07:12:00+00:00,33,1,18720,2784.75,2785.25,2784.75,2785.0,36,ES.v.0
2019-02-27 07:13:00+00:00,33,1,18720,2785.25,2785.25,2785.0,2785.0,65,ES.v.0
2019-02-27 07:14:00+00:00,33,1,18720,2785.0,2785.25,2784.75,2785.0,103,ES.v.0
2019-02-27 07:15:00+00:00,33,1,18720,2785.25,2785.5,2785.0,2785.5,127,ES.v.0
2019-02-27 07:16:00+00:00,33,1,18720,2785.5,2785.75,2785.25,2785.25,186,ES.v.0
2019-02-27 07:17:00+00:00,33,1,18720,2785.25,2785.25,2785.0,2785.0,92,ES.v.0
2019-02-27 07:18:00+00:00,33,1,18720,2785.0,2785.25,2785.0,2785.0,94,ES.v.0
2019-02-27 07:19:00+00:00,33,1,18720,2785.0,2785.0,2785.0,2785.0,129,ES.v.0
2019-02-27 07:20:00+00:00,33,1,18720,2785.0,2785.0,2784.25,2784.25,162,ES.v.0
2019-02-27 07:21:00+00:00,33,1,18720,2784.25,2784.5,2784.0,2784.25,233,ES.v.0
2019-02-27 07:22:00+00:00,33,1,18720,2784.25,2784.5,2784.0,2784.5,193,ES.v.0
2019-02-27 07:23:00+00:00,33,1,18720,2784.5,2784.75,2782.75,2783.0,792,ES.v.0
2019-02-27 07:24:00+00:00,33,1,18720,2783.0,2784.0,2783.0,2783.75,368,ES.v.0
2019-02-27 07:25:00+00:00,33,1,18720,2784.0,2784.5,2783.75,2784.0,158,ES.v.0
2019-02-27 07:26:00+00:00,33,1,18720,2784.0,2784.5,2784.0,2784.0,243,ES.v.0
2019-02-27 07:27:00+00:00,33,1,18720,2784.25,2785.5,2784.0,2785.5,883,ES.v.0
2019-02-27 07:28:00+00:00,33,1,18720,2785.5,2785.5,2784.75,2784.75,225,ES.v.0
2019-02-27 07:29:00+00:00,33,1,18720,2785.0,2785.0,2784.5,2784.75,95,ES.v.0
2019-02-27 07:30:00+00:00,33,1,18720,2784.75,2785.75,2784.75,2785.5,196,ES.v.0
2019-02-27 07:31:00+00:00,33,1,18720,2785.75,2785.75,2785.5,2785.75,94,ES.v.0
2019-02-27 07:32:00+00:00,33,1,18720,2786.0,2786.25,2785.5,2786.0,306,ES.v.0
2019-02-27 07:33:00+00:00,33,1,18720,2786.0,2786.0,2785.25,2785.5,313,ES.v.0
2019-02-27 07:34:00+00:00,33,1,18720,2785.5,2786.0,2785.5,2786.0,143,ES.v.0
2019-02-27 07:35:00+00:00,33,1,18720,2785.75,2786.25,2785.75,2786.0,113,ES.v.0
2019-02-27 07:36:00+00:00,33,1,18720,2786.0,2786.25,2785.75,2786.0,137,ES.v.0
2019-02-27 07:37:00+00:00,33,1,18720,2786.25,2786.25,2786.0,2786.25,184,ES.v.0
2019-02-27 07:38:00+00:00,33,1,18720,2786.25,2786.5,2786.0,2786.25,132,ES.v.0
2019-02-27 07:39:00+00:00,33,1,18720,2786.0,2786.0,2785.75,2786.0,121,ES.v.0
2019-02-27 07:40:00+00:00,33,1,18720,2786.0,2786.0,2785.5,2785.75,101,ES.v.0
2019-02-27 07:41:00+00:00,33,1,18720,2786.0,2786.0,2785.75,2785.75,51,ES.v.0
2019-02-27 07:42:00+00:00,33,1,18720,2785.5,2785.5,2785.25,2785.5,269,ES.v.0
2019-02-27 07:43:00+00:00,33,1,18720,2785.5,2785.5,2785.25,2785.25,133,ES.v.0
2019-02-27 07:44:00+00:00,33,1,18720,2785.25,2785.5,2785.25,2785.25,115,ES.v.0
2019-02-27 07:45:00+00:00,33,1,18720,2785.25,2785.5,2785.0,2785.5,201,ES.v.0
2019-02-27 07:46:00+00:00,33,1,18720,2785.5,2785.5,2785.0,2785.0,50,ES.v.0
2019-02-27 07:47:00+00:00,33,1,18720,2785.25,2785.25,2785.0,2785.25,221,ES.v.0
2019-02-27 07:48:00+00:00,33,1,18720,2785.25,2785.5,2785.25,2785.25,28,ES.v.0
2019-02-27 07:49:00+00:00,33,1,18720,2785.25,2785.75,2785.25,2785.75,114,ES.v.0
2019-02-27 07:50:00+00:00,33,1,18720,2785.75,2786.0,2785.25,2785.25,156,ES.v.0
2019-02-27 07:51:00+00:00,33,1,18720,2785.25,2786.0,2785.25,2786.0,94,ES.v.0
2019-02-27 07:52:00+00:00,33,1,18720,2785.75,2786.25,2785.5,2786.0,176,ES.v.0
2019-02-27 07:53:00+00:00,33,1,18720,2786.0,2786.0,2785.25,2785.25,128,ES.v.0
2019-02-27 07:54:00+00:00,33,1,18720,2785.5,2785.75,2785.5,2785.75,214,ES.v.0
2019-02-27 07:55:00+00:00,33,1,18720,2785.5,2785.75,2785.5,2785.75,169,ES.v.0
2019-02-27 07:56:00+00:00,33,1,18720,2785.75,2786.0,2785.75,2786.0,67,ES.v.0
2019-02-27 07:57:00+00:00,33,1,18720,2786.0,2786.0,2785.75,2785.75,39,ES.v.0
2019-02-27 07:58:00+00:00,33,1,18720,2786.0,2786.5,2786.0,2786.25,343,ES.v.0
2019-02-27 07:59:00+00:00,33,1,18720,2786.25,2786.5,2785.5,2785.5,93,ES.v.0
2019-02-27 08:00:00+00:00,33,1,18720,2785.75,2785.75,2784.75,2785.5,550,ES.v.0
2019-02-27 08:01:00+00:00,33,1,18720,2785.25,2786.25,2785.25,2785.75,366,ES.v.0
2019-02-27 08:02:00+00:00,33,1,18720,2785.75,2786.25,2785.0,2785.0,468,ES.v.0
2019-02-27 08:03:00+00:00,33,1,18720,2785.0,2785.25,2785.0,2785.0,265,ES.v.0
2019-02-27 08:04:00+00:00,33,1,18720,2785.0,2785.75,2785.0,2785.75,247,ES.v.0
2019-02-27 08:05:00+00:00,33,1,18720,2785.75,2785.75,2784.75,2785.0,449,ES.v.0
2019-02-27 08:06:00+00:00,33,1,18720,2784.75,2785.25,2784.75,2785.0,352,ES.v.0
2019-02-27 08:07:00+00:00,33,1,18720,2785.0,2785.5,2784.75,2785.5,207,ES.v.0
2019-02-27 08:08:00+00:00,33,1,18720,2785.5,2786.0,2785.25,2785.75,293,ES.v.0
2019-02-27 08:09:00+00:00,33,1,18720,2785.5,2786.5,2785.5,2786.25,296,ES.v.0
2019-02-27 08:10:00+00:00,33,1,18720,2786.5,2787.25,2786.5,2787.0,843,ES.v.0
2019-02-27 08:11:00+00:00,33,1,18720,2787.25,2787.25,2786.75,2786.75,365,ES.v.0
2019-02-27 08:12:00+00:00,33,1,18720,2786.75,2787.25,2786.5,2787.25,364,ES.v.0
2019-02-27 08:13:00+00:00,33,1,18720,2787.25,2787.25,2786.25,2786.75,232,ES.v.0
2019-02-27 08:14:00+00:00,33,1,18720,2786.75,2786.75,2786.25,2786.25,87,ES.v.0
2019-02-27 08:15:00+00:00,33,1,18720,2786.25,2786.25,2785.75,2786.0,405,ES.v.0
2019-02-27 08:16:00+00:00,33,1,18720,2786.0,2786.5,2786.0,2786.25,337,ES.v.0
2019-02-27 08:17:00+00:00,33,1,18720,2786.0,2786.0,2785.5,2785.5,196,ES.v.0
2019-02-27 08:18:00+00:00,33,1,18720,2785.75,2786.0,2785.5,2785.75,70,ES.v.0
2019-02-27 08:19:00+00:00,33,1,18720,2785.5,2785.5,2784.75,2785.0,311,ES.v.0
2019-02-27 08:20:00+00:00,33,1,18720,2785.0,2785.5,2785.0,2785.5,348,ES.v.0
2019-02-27 08:21:00+00:00,33,1,18720,2785.25,2786.0,2785.25,2785.75,151,ES.v.0
2019-02-27 08:22:00+00:00,33,1,18720,2786.0,2786.5,2786.0,2786.25,342,ES.v.0
2019-02-27 08:23:00+00:00,33,1,18720,2786.5,2786.5,2785.0,2785.0,188,ES.v.0
2019-02-27 08:24:00+00:00,33,1,18720,2785.0,2785.75,2785.0,2785.25,361,ES.v.0
2019-02-27 08:25:00+00:00,33,1,18720,2785.25,2785.25,2785.0,2785.0,110,ES.v.0
2019-02-27 08:26:00+00:00,33,1,18720,2785.25,2785.5,2785.25,2785.5,73,ES.v.0
2019-02-27 08:27:00+00:00,33,1,18720,2785.5,2786.25,2785.5,2785.5,158,ES.v.0
2019-02-27 08:28:00+00:00,33,1,18720,2785.25,2785.5,2785.25,2785.25,64,ES.v.0
2019-02-27 08:29:00+00:00,33,1,18720,2785.25,2785.5,2784.5,2784.5,321,ES.v.0
2019-02-27 08:30:00+00:00,33,1,18720,2784.5,2785.0,2784.5,2785.0,266,ES.v.0
2019-02-27 08:31:00+00:00,33,1,18720,2785.0,2785.25,2784.75,2785.0,111,ES.v.0
2019-02-27 08:32:00+00:00,33,1,18720,2785.0,2785.0,2784.5,2784.5,335,ES.v.0
2019-02-27 08:33:00+00:00,33,1,18720,2784.5,2784.75,2784.5,2784.5,187,ES.v.0
2019-02-27 08:34:00+00:00,33,1,18720,2784.75,2784.75,2784.5,2784.5,256,ES.v.0
2019-02-27 08:35:00+00:00,33,1,18720,2784.5,2784.5,2783.75,2784.0,437,ES.v.0
2019-02-27 08:36:00+00:00,33,1,18720,2784.0,2784.75,2784.0,2784.75,223,ES.v.0
2019-02-27 08:37:00+00:00,33,1,18720,2784.75,2786.0,2784.75,2785.75,434,ES.v.0
2019-02-27 08:38:00+00:00,33,1,18720,2785.75,2786.0,2785.5,2785.5,90,ES.v.0
2019-02-27 08:39:00+00:00,33,1,18720,2785.5,2785.75,2785.25,2785.75,86,ES.v.0
2019-02-27 08:40:00+00:00,33,1,18720,2785.75,2785.75,2785.75,2785.75,98,ES.v.0
2019-02-27 08:41:00+00:00,33,1,18720,2786.0,2786.0,2785.5,2785.5,147,ES.v.0
2019-02-27 08:42:00+00:00,33,1,18720,2785.75,2785.75,2785.25,2785.25,62,ES.v.0
2019-02-27 08:43:00+00:00,33,1,18720,2785.25,2785.25,2784.5,2784.5,174,ES.v.0
2019-02-27 08:44:00+00:00,33,1,18720,2784.75,2785.25,2784.5,2785.0,106,ES.v.0
2019-02-27 08:45:00+00:00,33,1,18720,2785.0,2785.25,2784.75,2785.0,168,ES.v.0
2019-02-27 08:46:00+00:00,33,1,18720,2785.0,2785.0,2784.75,2784.75,215,ES.v.0
2019-02-27 08:47:00+00:00,33,1,18720,2784.75,2785.0,2784.5,2784.75,41,ES.v.0
2019-02-27 08:48:00+00:00,33,1,18720,2784.5,2784.75,2784.0,2784.5,202,ES.v.0
2019-02-27 08:49:00+00:00,33,1,18720,2784.5,2784.5,2784.0,2784.0,161,ES.v.0
2019-02-27 08:50:00+00:00,33,1,18720,2783.75,2784.5,2783.75,2784.25,244,ES.v.0
2019-02-27 08:51:00+00:00,33,1,18720,2784.25,2784.5,2784.0,2784.5,84,ES.v.0
2019-02-27 08:52:00+00:00,33,1,18720,2784.5,2784.75,2784.25,2784.25,102,ES.v.0
2019-02-27 08:53:00+00:00,33,1,18720,2784.25,2784.5,2784.25,2784.25,150,ES.v.0
2019-02-27 08:54:00+00:00,33,1,18720,2784.0,2784.0,2783.25,2783.25,454,ES.v.0
2019-02-27 08:55:00+00:00,33,1,18720,2783.25,2783.5,2783.0,2783.25,153,ES.v.0
2019-02-27 08:56:00+00:00,33,1,18720,2783.5,2783.5,2782.75,2782.75,271,ES.v.0
2019-02-27 08:57:00+00:00,33,1,18720,2782.75,2783.0,2781.0,2781.0,2009,ES.v.0
2019-02-27 08:58:00+00:00,33,1,18720,2781.0,2782.25,2781.0,2781.75,1227,ES.v.0
2019-02-27 08:59:00+00:00,33,1,18720,2781.75,2781.75,2780.5,2781.0,918,ES.v.0
2019-02-27 09:00:00+00:00,33,1,18720,2781.25,2781.75,2781.0,2781.5,252,ES.v.0
2019-02-27 09:01:00+00:00,33,1,18720,2781.5,2782.25,2781.5,2782.25,165,ES.v.0
2019-02-27 09:02:00+00:00,33,1,18720,2782.25,2782.5,2782.0,2782.5,203,ES.v.0
2019-02-27 09:03:00+00:00,33,1,18720,2782.5,2783.0,2781.75,2782.0,417,ES.v.0
2019-02-27 09:04:00+00:00,33,1,18720,2782.0,2782.25,2781.75,2782.25,72,ES.v.0
2019-02-27 09:05:00+00:00,33,1,18720,2782.0,2782.5,2782.0,2782.5,137,ES.v.0
2019-02-27 09:06:00+00:00,33,1,18720,2782.5,2782.75,2782.0,2782.0,169,ES.v.0
2019-02-27 09:07:00+00:00,33,1,18720,2782.25,2782.25,2782.0,2782.0,87,ES.v.0
2019-02-27 09:08:00+00:00,33,1,18720,2782.0,2782.0,2781.75,2781.75,214,ES.v.0
2019-02-27 09:09:00+00:00,33,1,18720,2781.75,2781.75,2781.0,2781.0,262,ES.v.0
2019-02-27 09:10:00+00:00,33,1,18720,2781.0,2781.25,2780.75,2781.25,228,ES.v.0
2019-02-27 09:11:00+00:00,33,1,18720,2781.0,2781.25,2781.0,2781.25,90,ES.v.0
2019-02-27 09:12:00+00:00,33,1,18720,2781.25,2782.0,2781.25,2781.75,295,ES.v.0
2019-02-27 09:13:00+00:00,33,1,18720,2781.75,2782.25,2781.5,2781.5,249,ES.v.0
2019-02-27 09:14:00+00:00,33,1,18720,2781.75,2781.75,2781.25,2781.25,126,ES.v.0
2019-02-27 09:15:00+00:00,33,1,18720,2781.5,2781.5,2781.0,2781.25,125,ES.v.0
2019-02-27 09:16:00+00:00,33,1,18720,2781.25,2782.0,2781.25,2781.75,174,ES.v.0
2019-02-27 09:17:00+00:00,33,1,18720,2781.5,2782.0,2781.5,2781.75,108,ES.v.0
2019-02-27 09:18:00+00:00,33,1,18720,2781.75,2782.25,2781.75,2782.25,205,ES.v.0
2019-02-27 09:19:00+00:00,33,1,18720,2782.0,2782.25,2781.75,2782.0,229,ES.v.0
2019-02-27 09:20:00+00:00,33,1,18720,2782.25,2782.25,2781.75,2782.0,166,ES.v.0
2019-02-27 09:21:00+00:00,33,1,18720,2782.0,2783.0,2782.0,2783.0,290,ES.v.0
2019-02-27 09:22:00+00:00,33,1,18720,2783.0,2783.25,2782.75,2783.0,190,ES.v.0
2019-02-27 09:23:00+00:00,33,1,18720,2783.0,2783.25,2782.75,2783.25,93,ES.v.0
2019-02-27 09:24:00+00:00,33,1,18720,2783.5,2783.5,2783.0,2783.25,369,ES.v.0
2019-02-27 09:25:00+00:00,33,1,18720,2783.25,2783.5,2782.75,2783.0,166,ES.v.0
2019-02-27 09:26:00+00:00,33,1,18720,2782.75,2783.0,2782.75,2783.0,132,ES.v.0
2019-02-27 09:27:00+00:00,33,1,18720,2783.0,2783.25,2783.0,2783.25,111,ES.v.0
2019-02-27 09:28:00+00:00,33,1,18720,2783.0,2783.5,2783.0,2783.0,92,ES.v.0
2019-02-27 09:29:00+00:00,33,1,18720,2783.0,2783.25,2783.0,2783.25,129,ES.v.0
2019-02-27 09:30:00+00:00,33,1,18720,2783.25,2783.75,2783.25,2783.5,202,ES.v.0
2019-02-27 09:31:00+00:00,33,1,18720,2783.5,2783.5,2783.0,2783.0,78,ES.v.0
2019-02-27 09:32:00+00:00,33,1,18720,2783.0,2783.0,2781.75,2781.75,561,ES.v.0
2019-02-27 09:33:00+00:00,33,1,18720,2781.75,2782.75,2781.5,2782.75,520,ES.v.0
2019-02-27 09:34:00+00:00,33,1,18720,2782.75,2782.75,2782.5,2782.5,28,ES.v.0
2019-02-27 09:35:00+00:00,33,1,18720,2782.5,2783.25,2782.5,2783.25,167,ES.v.0
2019-02-27 09:36:00+00:00,33,1,18720,2783.25,2783.5,2783.25,2783.5,114,ES.v.0
2019-02-27 09:37:00+00:00,33,1,18720,2783.5,2783.5,2783.0,2783.25,163,ES.v.0
2019-02-27 09:38:00+00:00,33,1,18720,2783.0,2783.0,2782.75,2783.0,338,ES.v.0
2019-02-27 09:39:00+00:00,33,1,18720,2782.75,2783.0,2782.25,2782.25,431,ES.v.0
2019-02-27 09:40:00+00:00,33,1,18720,2782.25,2782.5,2781.75,2782.0,267,ES.v.0
2019-02-27 09:41:00+00:00,33,1,18720,2782.0,2782.75,2782.0,2782.5,219,ES.v.0
2019-02-27 09:42:00+00:00,33,1,18720,2782.25,2782.5,2782.25,2782.5,143,ES.v.0
2019-02-27 09:43:00+00:00,33,1,18720,2782.25,2782.25,2781.75,2781.75,233,ES.v.0
2019-02-27 09:44:00+00:00,33,1,18720,2781.5,2781.75,2781.5,2781.5,199,ES.v.0
2019-02-27 09:45:00+00:00,33,1,18720,2781.75,2782.0,2781.75,2781.75,202,ES.v.0
2019-02-27 09:46:00+00:00,33,1,18720,2782.0,2782.25,2782.0,2782.25,81,ES.v.0
2019-02-27 09:47:00+00:00,33,1,18720,2782.25,2782.5,2782.25,2782.5,83,ES.v.0
2019-02-27 09:48:00+00:00,33,1,18720,2782.5,2782.75,2782.25,2782.75,516,ES.v.0
2019-02-27 09:49:00+00:00,33,1,18720,2782.5,2782.5,2781.75,2782.0,862,ES.v.0
2019-02-27 09:50:00+00:00,33,1,18720,2782.0,2782.0,2781.75,2782.0,67,ES.v.0
2019-02-27 09:51:00+00:00,33,1,18720,2782.25,2782.5,2782.25,2782.25,116,ES.v.0
2019-02-27 09:52:00+00:00,33,1,18720,2782.5,2782.5,2781.75,2781.75,79,ES.v.0
2019-02-27 09:53:00+00:00,33,1,18720,2781.75,2782.0,2781.75,2782.0,5,ES.v.0
2019-02-27 09:54:00+00:00,33,1,18720,2781.75,2782.0,2781.25,2781.5,250,ES.v.0
2019-02-27 09:55:00+00:00,33,1,18720,2781.5,2782.0,2781.5,2782.0,98,ES.v.0
2019-02-27 09:56:00+00:00,33,1,18720,2782.0,2782.5,2782.0,2782.5,240,ES.v.0
2019-02-27 09:57:00+00:00,33,1,18720,2782.5,2782.5,2782.25,2782.5,177,ES.v.0
2019-02-27 09:58:00+00:00,33,1,18720,2782.75,2783.0,2782.5,2782.75,194,ES.v.0
2019-02-27 09:59:00+00:00,33,1,18720,2782.75,2783.25,2782.75,2783.25,161,ES.v.0
2019-02-27 10:00:00+00:00,33,1,18720,2783.25,2783.25,2782.5,2782.5,311,ES.v.0
2019-02-27 10:01:00+00:00,33,1,18720,2782.75,2783.0,2782.5,2782.75,358,ES.v.0
2019-02-27 10:02:00+00:00,33,1,18720,2782.5,2783.0,2782.5,2782.75,285,ES.v.0
2019-02-27 10:03:00+00:00,33,1,18720,2782.75,2783.0,2782.5,2782.75,116,ES.v.0
2019-02-27 10:04:00+00:00,33,1,18720,2782.5,2782.75,2782.25,2782.5,140,ES.v.0
2019-02-27 10:05:00+00:00,33,1,18720,2782.5,2783.25,2782.5,2783.25,282,ES.v.0
2019-02-27 10:06:00+00:00,33,1,18720,2783.25,2783.25,2783.0,2783.25,182,ES.v.0
2019-02-27 10:07:00+00:00,33,1,18720,2783.25,2783.25,2782.5,2782.75,158,ES.v.0
2019-02-27 10:08:00+00:00,33,1,18720,2782.75,2782.75,2782.5,2782.5,170,ES.v.0
2019-02-27 10:09:00+00:00,33,1,18720,2782.25,2782.75,2782.25,2782.75,194,ES.v.0
2019-02-27 10:10:00+00:00,33,1,18720,2782.75,2783.0,2782.75,2783.0,60,ES.v.0
2019-02-27 10:11:00+00:00,33,1,18720,2783.0,2783.0,2782.25,2782.25,162,ES.v.0
2019-02-27 10:12:00+00:00,33,1,18720,2782.25,2782.25,2782.0,2782.25,152,ES.v.0
2019-02-27 10:13:00+00:00,33,1,18720,2782.25,2783.0,2782.25,2782.75,120,ES.v.0
2019-02-27 10:14:00+00:00,33,1,18720,2783.0,2783.25,2783.0,2783.0,118,ES.v.0
2019-02-27 10:15:00+00:00,33,1,18720,2783.25,2783.5,2783.25,2783.25,158,ES.v.0
2019-02-27 10:16:00+00:00,33,1,18720,2783.25,2783.25,2782.75,2783.0,124,ES.v.0
2019-02-27 10:17:00+00:00,33,1,18720,2783.0,2783.25,2782.75,2783.25,120,ES.v.0
2019-02-27 10:18:00+00:00,33,1,18720,2783.25,2783.5,2783.25,2783.25,141,ES.v.0
2019-02-27 10:19:00+00:00,33,1,18720,2783.25,2783.75,2783.25,2783.5,98,ES.v.0
2019-02-27 10:20:00+00:00,33,1,18720,2783.5,2783.5,2783.25,2783.25,103,ES.v.0
2019-02-27 10:21:00+00:00,33,1,18720,2783.25,2783.25,2783.0,2783.0,76,ES.v.0
2019-02-27 10:22:00+00:00,33,1,18720,2783.25,2783.25,2783.0,2783.0,84,ES.v.0
2019-02-27 10:23:00+00:00,33,1,18720,2783.25,2783.25,2783.0,2783.0,138,ES.v.0
2019-02-27 10:24:00+00:00,33,1,18720,2782.75,2782.75,2782.5,2782.75,160,ES.v.0
2019-02-27 10:25:00+00:00,33,1,18720,2782.75,2783.0,2782.75,2782.75,138,ES.v.0
2019-02-27 10:26:00+00:00,33,1,18720,2782.75,2783.0,2782.75,2783.0,214,ES.v.0
2019-02-27 10:27:00+00:00,33,1,18720,2782.75,2783.25,2782.75,2783.25,89,ES.v.0
2019-02-27 10:28:00+00:00,33,1,18720,2783.25,2783.5,2783.0,2783.5,227,ES.v.0
2019-02-27 10:29:00+00:00,33,1,18720,2783.5,2783.75,2783.25,2783.75,78,ES.v.0
2019-02-27 10:30:00+00:00,33,1,18720,2783.75,2784.0,2783.5,2783.5,430,ES.v.0
2019-02-27 10:31:00+00:00,33,1,18720,2783.5,2783.75,2783.25,2783.25,104,ES.v.0
2019-02-27 10:32:00+00:00,33,1,18720,2783.25,2783.25,2783.0,2783.25,227,ES.v.0
2019-02-27 10:33:00+00:00,33,1,18720,2783.25,2783.5,2783.25,2783.25,167,ES.v.0
2019-02-27 10:34:00+00:00,33,1,18720,2783.5,2784.0,2783.25,2783.75,296,ES.v.0
2019-02-27 10:35:00+00:00,33,1,18720,2783.75,2784.0,2783.75,2783.75,177,ES.v.0
2019-02-27 10:36:00+00:00,33,1,18720,2783.75,2784.25,2783.75,2784.25,207,ES.v.0
2019-02-27 10:37:00+00:00,33,1,18720,2784.5,2784.5,2783.75,2784.0,149,ES.v.0
2019-02-27 10:38:00+00:00,33,1,18720,2784.0,2784.5,2784.0,2784.25,260,ES.v.0
2019-02-27 10:39:00+00:00,33,1,18720,2784.25,2784.5,2784.25,2784.5,216,ES.v.0
2019-02-27 10:40:00+00:00,33,1,18720,2784.5,2785.25,2784.5,2785.25,550,ES.v.0
2019-02-27 10:41:00+00:00,33,1,18720,2785.25,2785.75,2785.25,2785.5,698,ES.v.0
2019-02-27 10:42:00+00:00,33,1,18720,2785.5,2785.5,2785.0,2785.0,177,ES.v.0
2019-02-27 10:43:00+00:00,33,1,18720,2785.25,2785.5,2785.0,2785.5,174,ES.v.0
2019-02-27 10:44:00+00:00,33,1,18720,2785.5,2785.75,2785.5,2785.75,129,ES.v.0
2019-02-27 10:45:00+00:00,33,1,18720,2785.5,2785.75,2785.25,2785.5,43,ES.v.0
2019-02-27 10:46:00+00:00,33,1,18720,2785.25,2785.5,2785.0,2785.25,154,ES.v.0
2019-02-27 10:47:00+00:00,33,1,18720,2785.25,2785.25,2785.0,2785.0,110,ES.v.0
2019-02-27 10:48:00+00:00,33,1,18720,2785.0,2785.5,2785.0,2785.5,91,ES.v.0
2019-02-27 10:49:00+00:00,33,1,18720,2785.5,2785.75,2785.25,2785.75,92,ES.v.0
2019-02-27 10:50:00+00:00,33,1,18720,2785.5,2785.75,2785.25,2785.5,143,ES.v.0
2019-02-27 10:51:00+00:00,33,1,18720,2785.5,2786.0,2785.5,2785.75,212,ES.v.0
2019-02-27 10:52:00+00:00,33,1,18720,2785.5,2785.75,2785.25,2785.5,68,ES.v.0
2019-02-27 10:53:00+00:00,33,1,18720,2785.5,2785.75,2785.25,2785.25,110,ES.v.0
2019-02-27 10:54:00+00:00,33,1,18720,2785.5,2785.5,2785.25,2785.25,33,ES.v.0
2019-02-27 10:55:00+00:00,33,1,18720,2785.25,2785.25,2785.0,2785.25,105,ES.v.0
2019-02-27 10:56:00+00:00,33,1,18720,2785.5,2785.5,2785.25,2785.25,30,ES.v.0
2019-02-27 10:57:00+00:00,33,1,18720,2785.25,2785.25,2785.0,2785.0,28,ES.v.0
2019-02-27 10:58:00+00:00,33,1,18720,2785.0,2785.0,2784.75,2785.0,102,ES.v.0
2019-02-27 10:59:00+00:00,33,1,18720,2785.0,2785.5,2785.0,2785.25,126,ES.v.0
2019-02-27 11:00:00+00:00,33,1,18720,2785.25,2785.5,2785.25,2785.5,23,ES.v.0
2019-02-27 11:01:00+00:00,33,1,18720,2785.25,2785.75,2785.25,2785.5,220,ES.v.0
2019-02-27 11:02:00+00:00,33,1,18720,2785.25,2785.5,2785.0,2785.5,114,ES.v.0
2019-02-27 11:03:00+00:00,33,1,18720,2785.25,2785.5,2785.0,2785.25,31,ES.v.0
2019-02-27 11:04:00+00:00,33,1,18720,2785.25,2785.5,2785.25,2785.25,41,ES.v.0
2019-02-27 11:05:00+00:00,33,1,18720,2785.25,2785.25,2785.25,2785.25,36,ES.v.0
2019-02-27 11:06:00+00:00,33,1,18720,2785.5,2785.5,2785.25,2785.25,28,ES.v.0
2019-02-27 11:07:00+00:00,33,1,18720,2785.25,2785.5,2784.75,2784.75,156,ES.v.0
2019-02-27 11:08:00+00:00,33,1,18720,2784.75,2784.75,2784.5,2784.5,287,ES.v.0
2019-02-27 11:09:00+00:00,33,1,18720,2784.5,2785.0,2784.5,2784.75,96,ES.v.0
2019-02-27 11:10:00+00:00,33,1,18720,2784.75,2784.75,2784.75,2784.75,140,ES.v.0
2019-02-27 11:11:00+00:00,33,1,18720,2785.0,2785.0,2784.5,2784.75,331,ES.v.0
2019-02-27 11:12:00+00:00,33,1,18720,2784.75,2784.75,2784.75,2784.75,17,ES.v.0
2019-02-27 11:13:00+00:00,33,1,18720,2784.5,2784.75,2784.5,2784.5,80,ES.v.0
2019-02-27 11:14:00+00:00,33,1,18720,2784.75,2785.0,2784.75,2785.0,128,ES.v.0
2019-02-27 11:15:00+00:00,33,1,18720,2785.25,2785.25,2784.75,2784.75,95,ES.v.0
2019-02-27 11:16:00+00:00,33,1,18720,2784.75,2785.5,2784.75,2785.0,180,ES.v.0
2019-02-27 11:17:00+00:00,33,1,18720,2785.0,2785.5,2785.0,2785.25,59,ES.v.0
2019-02-27 11:18:00+00:00,33,1,18720,2785.5,2785.5,2785.25,2785.5,55,ES.v.0
2019-02-27 11:19:00+00:00,33,1,18720,2785.5,2785.75,2785.5,2785.75,145,ES.v.0
2019-02-27 11:20:00+00:00,33,1,18720,2785.75,2785.75,2785.5,2785.5,24,ES.v.0
2019-02-27 11:21:00+00:00,33,1,18720,2785.75,2785.75,2785.5,2785.5,119,ES.v.0
2019-02-27 11:22:00+00:00,33,1,18720,2785.75,2785.75,2785.5,2785.75,91,ES.v.0
2019-02-27 11:23:00+00:00,33,1,18720,2785.75,2785.75,2785.5,2785.75,21,ES.v.0
2019-02-27 11:24:00+00:00,33,1,18720,2785.5,2785.5,2785.25,2785.5,147,ES.v.0
2019-02-27 11:25:00+00:00,33,1,18720,2785.25,2785.25,2784.75,2785.0,172,ES.v.0
2019-02-27 11:26:00+00:00,33,1,18720,2785.0,2785.25,2784.75,2785.0,150,ES.v.0
2019-02-27 11:27:00+00:00,33,1,18720,2785.25,2785.25,2784.75,2784.75,86,ES.v.0
2019-02-27 11:28:00+00:00,33,1,18720,2784.75,2785.0,2784.75,2785.0,64,ES.v.0
2019-02-27 11:29:00+00:00,33,1,18720,2785.0,2785.0,2784.5,2784.5,120,ES.v.0
2019-02-27 11:30:00+00:00,33,1,18720,2784.5,2784.75,2784.25,2784.75,179,ES.v.0
2019-02-27 11:31:00+00:00,33,1,18720,2784.75,2785.25,2784.75,2785.25,81,ES.v.0
2019-02-27 11:32:00+00:00,33,1,18720,2785.25,2785.75,2785.0,2785.75,76,ES.v.0
2019-02-27 11:33:00+00:00,33,1,18720,2785.75,2785.75,2785.25,2785.5,113,ES.v.0
2019-02-27 11:34:00+00:00,33,1,18720,2785.75,2786.0,2785.75,2785.75,268,ES.v.0
2019-02-27 11:35:00+00:00,33,1,18720,2785.75,2786.0,2785.5,2785.75,180,ES.v.0
2019-02-27 11:36:00+00:00,33,1,18720,2785.5,2785.75,2785.5,2785.75,286,ES.v.0
2019-02-27 11:37:00+00:00,33,1,18720,2785.75,2785.75,2785.5,2785.5,66,ES.v.0
2019-02-27 11:38:00+00:00,33,1,18720,2785.5,2786.0,2785.5,2785.75,82,ES.v.0
2019-02-27 11:39:00+00:00,33,1,18720,2785.75,2786.0,2785.5,2785.5,101,ES.v.0
2019-02-27 11:40:00+00:00,33,1,18720,2785.75,2785.75,2785.5,2785.5,159,ES.v.0
2019-02-27 11:41:00+00:00,33,1,18720,2785.5,2786.0,2785.5,2786.0,128,ES.v.0
2019-02-27 11:42:00+00:00,33,1,18720,2785.75,2786.0,2785.0,2785.0,333,ES.v.0
2019-02-27 11:43:00+00:00,33,1,18720,2785.0,2785.25,2785.0,2785.25,101,ES.v.0
2019-02-27 11:44:00+00:00,33,1,18720,2785.25,2785.25,2785.0,2785.0,341,ES.v.0
2019-02-27 11:45:00+00:00,33,1,18720,2784.75,2784.75,2784.5,2784.75,110,ES.v.0
2019-02-27 11:46:00+00:00,33,1,18720,2785.0,2785.25,2785.0,2785.25,172,ES.v.0
2019-02-27 11:47:00+00:00,33,1,18720,2785.0,2785.0,2785.0,2785.0,46,ES.v.0
2019-02-27 11:48:00+00:00,33,1,18720,2785.0,2785.25,2785.0,2785.25,119,ES.v.0
2019-02-27 11:49:00+00:00,33,1,18720,2785.25,2785.25,2785.0,2785.25,108,ES.v.0
2019-02-27 11:50:00+00:00,33,1,18720,2785.5,2785.5,2785.25,2785.25,67,ES.v.0
2019-02-27 11:51:00+00:00,33,1,18720,2785.0,2785.25,2785.0,2785.25,162,ES.v.0
2019-02-27 11:52:00+00:00,33,1,18720,2785.0,2785.0,2785.0,2785.0,50,ES.v.0
2019-02-27 11:53:00+00:00,33,1,18720,2785.0,2785.25,2784.75,2785.25,22,ES.v.0
2019-02-27 11:54:00+00:00,33,1,18720,2785.25,2785.5,2785.0,2785.25,80,ES.v.0
2019-02-27 11:55:00+00:00,33,1,18720,2785.25,2785.25,2785.0,2785.0,52,ES.v.0
2019-02-27 11:56:00+00:00,33,1,18720,2785.25,2785.25,2785.0,2785.25,27,ES.v.0
2019-02-27 11:57:00+00:00,33,1,18720,2785.25,2785.25,2785.25,2785.25,34,ES.v.0
2019-02-27 11:58:00+00:00,33,1,18720,2785.25,2785.25,2785.0,2785.25,10,ES.v.0
2019-02-27 11:59:00+00:00,33,1,18720,2785.0,2785.25,2784.75,2784.75,156,ES.v.0
2019-02-27 12:00:00+00:00,33,1,18720,2785.0,2785.0,2784.5,2785.0,173,ES.v.0
2019-02-27 12:01:00+00:00,33,1,18720,2784.75,2785.75,2784.75,2785.75,485,ES.v.0
2019-02-27 12:02:00+00:00,33,1,18720,2785.5,2786.0,2785.5,2785.75,249,ES.v.0
2019-02-27 12:03:00+00:00,33,1,18720,2786.0,2786.75,2786.0,2786.5,484,ES.v.0
2019-02-27 12:04:00+00:00,33,1,18720,2786.75,2787.25,2786.25,2786.25,557,ES.v.0
2019-02-27 12:05:00+00:00,33,1,18720,2786.5,2786.5,2786.0,2786.25,375,ES.v.0
2019-02-27 12:06:00+00:00,33,1,18720,2786.25,2786.5,2786.0,2786.25,161,ES.v.0
2019-02-27 12:07:00+00:00,33,1,18720,2786.25,2786.25,2786.0,2786.0,51,ES.v.0
2019-02-27 12:08:00+00:00,33,1,18720,2786.25,2786.25,2786.0,2786.25,189,ES.v.0
2019-02-27 12:09:00+00:00,33,1,18720,2786.5,2786.5,2786.25,2786.25,122,ES.v.0
2019-02-27 12:10:00+00:00,33,1,18720,2786.25,2786.25,2785.5,2785.75,254,ES.v.0
2019-02-27 12:11:00+00:00,33,1,18720,2785.75,2786.0,2785.75,2785.75,181,ES.v.0
2019-02-27 12:12:00+00:00,33,1,18720,2785.75,2786.25,2785.75,2786.0,104,ES.v.0
2019-02-27 12:13:00+00:00,33,1,18720,2786.25,2786.5,2786.0,2786.0,113,ES.v.0
2019-02-27 12:14:00+00:00,33,1,18720,2786.0,2786.25,2786.0,2786.25,92,ES.v.0
2019-02-27 12:15:00+00:00,33,1,18720,2786.25,2786.5,2786.0,2786.25,90,ES.v.0
2019-02-27 12:16:00+00:00,33,1,18720,2786.0,2786.5,2786.0,2786.25,123,ES.v.0
2019-02-27 12:17:00+00:00,33,1,18720,2786.0,2786.25,2786.0,2786.0,149,ES.v.0
2019-02-27 12:18:00+00:00,33,1,18720,2786.0,2786.0,2785.75,2786.0,108,ES.v.0
2019-02-27 12:19:00+00:00,33,1,18720,2785.75,2786.0,2785.5,2785.5,173,ES.v.0
2019-02-27 12:20:00+00:00,33,1,18720,2785.75,2786.0,2785.75,2786.0,60,ES.v.0
2019-02-27 12:21:00+00:00,33,1,18720,2785.75,2785.75,2785.5,2785.5,89,ES.v.0
2019-02-27 12:22:00+00:00,33,1,18720,2785.75,2785.75,2785.25,2785.5,108,ES.v.0
2019-02-27 12:23:00+00:00,33,1,18720,2785.25,2785.75,2785.25,2785.75,132,ES.v.0
2019-02-27 12:24:00+00:00,33,1,18720,2785.5,2786.25,2785.5,2786.0,200,ES.v.0
2019-02-27 12:25:00+00:00,33,1,18720,2786.25,2786.5,2786.0,2786.25,142,ES.v.0
2019-02-27 12:26:00+00:00,33,1,18720,2786.5,2786.5,2786.0,2786.25,36,ES.v.0
2019-02-27 12:27:00+00:00,33,1,18720,2786.25,2786.5,2786.0,2786.25,71,ES.v.0
2019-02-27 12:28:00+00:00,33,1,18720,2786.5,2786.5,2786.0,2786.5,95,ES.v.0
2019-02-27 12:29:00+00:00,33,1,18720,2786.5,2786.5,2786.25,2786.25,67,ES.v.0
2019-02-27 12:30:00+00:00,33,1,18720,2786.5,2786.5,2786.25,2786.5,119,ES.v.0
2019-02-27 12:31:00+00:00,33,1,18720,2786.5,2787.0,2786.5,2787.0,295,ES.v.0
2019-02-27 12:32:00+00:00,33,1,18720,2787.0,2787.25,2786.75,2787.0,178,ES.v.0
2019-02-27 12:33:00+00:00,33,1,18720,2786.75,2787.0,2786.5,2786.75,229,ES.v.0
2019-02-27 12:34:00+00:00,33,1,18720,2787.0,2787.0,2786.75,2787.0,162,ES.v.0
2019-02-27 12:35:00+00:00,33,1,18720,2787.0,2787.0,2786.75,2787.0,244,ES.v.0
2019-02-27 12:36:00+00:00,33,1,18720,2787.0,2787.25,2787.0,2787.0,77,ES.v.0
2019-02-27 12:37:00+00:00,33,1,18720,2787.0,2787.0,2786.75,2787.0,247,ES.v.0
2019-02-27 12:38:00+00:00,33,1,18720,2787.0,2787.25,2787.0,2787.25,325,ES.v.0
2019-02-27 12:39:00+00:00,33,1,18720,2787.0,2787.25,2786.75,2786.75,365,ES.v.0
2019-02-27 12:40:00+00:00,33,1,18720,2786.75,2786.75,2786.5,2786.5,164,ES.v.0
2019-02-27 12:41:00+00:00,33,1,18720,2786.5,2786.75,2786.5,2786.75,74,ES.v.0
2019-02-27 12:42:00+00:00,33,1,18720,2786.75,2786.75,2786.5,2786.75,107,ES.v.0
2019-02-27 12:43:00+00:00,33,1,18720,2787.0,2787.25,2787.0,2787.0,119,ES.v.0
2019-02-27 12:44:00+00:00,33,1,18720,2787.25,2787.25,2786.75,2787.0,223,ES.v.0
2019-02-27 12:45:00+00:00,33,1,18720,2786.75,2787.0,2786.5,2787.0,61,ES.v.0
2019-02-27 12:46:00+00:00,33,1,18720,2787.0,2787.5,2786.75,2787.5,328,ES.v.0
2019-02-27 12:47:00+00:00,33,1,18720,2787.25,2787.5,2787.0,2787.0,281,ES.v.0
2019-02-27 12:48:00+00:00,33,1,18720,2787.0,2787.0,2786.5,2786.75,149,ES.v.0
2019-02-27 12:49:00+00:00,33,1,18720,2786.75,2786.75,2786.5,2786.75,178,ES.v.0
2019-02-27 12:50:00+00:00,33,1,18720,2786.75,2786.75,2786.5,2786.5,64,ES.v.0
2019-02-27 12:51:00+00:00,33,1,18720,2786.5,2786.75,2786.5,2786.5,42,ES.v.0
2019-02-27 12:52:00+00:00,33,1,18720,2786.5,2786.75,2786.25,2786.25,178,ES.v.0
2019-02-27 12:53:00+00:00,33,1,18720,2786.25,2786.5,2786.25,2786.5,64,ES.v.0
2019-02-27 12:54:00+00:00,33,1,18720,2786.5,2786.5,2786.0,2786.0,166,ES.v.0
2019-02-27 12:55:00+00:00,33,1,18720,2786.25,2786.5,2786.25,2786.5,50,ES.v.0
2019-02-27 12:56:00+00:00,33,1,18720,2786.5,2786.75,2786.25,2786.25,192,ES.v.0
2019-02-27 12:57:00+00:00,33,1,18720,2786.25,2786.5,2786.25,2786.5,18,ES.v.0
2019-02-27 12:58:00+00:00,33,1,18720,2786.25,2786.5,2786.25,2786.5,62,ES.v.0
2019-02-27 12:59:00+00:00,33,1,18720,2786.25,2786.5,2786.0,2786.0,205,ES.v.0
2019-02-27 13:00:00+00:00,33,1,18720,2786.0,2786.0,2785.0,2785.5,631,ES.v.0
2019-02-27 13:01:00+00:00,33,1,18720,2785.25,2785.5,2785.0,2785.0,179,ES.v.0
2019-02-27 13:02:00+00:00,33,1,18720,2785.0,2785.0,2784.0,2784.0,705,ES.v.0
2019-02-27 13:03:00+00:00,33,1,18720,2784.0,2785.25,2783.75,2785.25,1078,ES.v.0
2019-02-27 13:04:00+00:00,33,1,18720,2785.25,2785.25,2784.75,2785.0,179,ES.v.0
2019-02-27 13:05:00+00:00,33,1,18720,2785.0,2785.5,2785.0,2785.25,233,ES.v.0
2019-02-27 13:06:00+00:00,33,1,18720,2785.0,2785.25,2785.0,2785.25,213,ES.v.0
2019-02-27 13:07:00+00:00,33,1,18720,2785.25,2785.5,2785.25,2785.25,303,ES.v.0
2019-02-27 13:08:00+00:00,33,1,18720,2785.25,2785.5,2785.25,2785.5,51,ES.v.0
2019-02-27 13:09:00+00:00,33,1,18720,2785.5,2785.75,2785.25,2785.5,227,ES.v.0
2019-02-27 13:10:00+00:00,33,1,18720,2785.25,2785.25,2784.75,2785.25,361,ES.v.0
2019-02-27 13:11:00+00:00,33,1,18720,2785.5,2786.0,2785.25,2785.75,384,ES.v.0
2019-02-27 13:12:00+00:00,33,1,18720,2785.5,2785.75,2785.5,2785.75,13,ES.v.0
2019-02-27 13:13:00+00:00,33,1,18720,2785.75,2786.25,2785.75,2786.25,385,ES.v.0
2019-02-27 13:14:00+00:00,33,1,18720,2786.25,2786.25,2785.5,2786.0,447,ES.v.0
2019-02-27 13:15:00+00:00,33,1,18720,2786.0,2786.0,2785.5,2785.75,148,ES.v.0
2019-02-27 13:16:00+00:00,33,1,18720,2786.0,2786.25,2785.75,2786.0,147,ES.v.0
2019-02-27 13:17:00+00:00,33,1,18720,2786.0,2786.75,2786.0,2786.25,418,ES.v.0
2019-02-27 13:18:00+00:00,33,1,18720,2786.5,2786.75,2786.25,2786.5,348,ES.v.0
2019-02-27 13:19:00+00:00,33,1,18720,2786.25,2786.5,2786.25,2786.25,122,ES.v.0
2019-02-27 13:20:00+00:00,33,1,18720,2786.0,2786.5,2786.0,2786.25,182,ES.v.0
2019-02-27 13:21:00+00:00,33,1,18720,2786.25,2786.5,2786.0,2786.5,112,ES.v.0
2019-02-27 13:22:00+00:00,33,1,18720,2786.25,2786.75,2786.25,2786.25,100,ES.v.0
2019-02-27 13:23:00+00:00,33,1,18720,2786.25,2786.5,2785.5,2785.75,462,ES.v.0
2019-02-27 13:24:00+00:00,33,1,18720,2785.5,2785.75,2785.0,2785.0,803,ES.v.0
2019-02-27 13:25:00+00:00,33,1,18720,2785.0,2785.25,2784.75,2784.75,670,ES.v.0
2019-02-27 13:26:00+00:00,33,1,18720,2784.75,2785.5,2784.75,2785.5,299,ES.v.0
2019-02-27 13:27:00+00:00,33,1,18720,2785.25,2785.25,2785.0,2785.0,139,ES.v.0
2019-02-27 13:28:00+00:00,33,1,18720,2785.0,2785.5,2785.0,2785.25,72,ES.v.0
2019-02-27 13:29:00+00:00,33,1,18720,2785.25,2786.0,2785.25,2786.0,315,ES.v.0
2019-02-27 13:30:00+00:00,33,1,18720,2786.0,2786.0,2785.25,2785.5,472,ES.v.0
2019-02-27 13:31:00+00:00,33,1,18720,2785.25,2786.25,2785.25,2786.0,508,ES.v.0
2019-02-27 13:32:00+00:00,33,1,18720,2786.0,2786.0,2785.5,2785.75,436,ES.v.0
2019-02-27 13:33:00+00:00,33,1,18720,2785.75,2786.0,2785.5,2785.5,651,ES.v.0
2019-02-27 13:34:00+00:00,33,1,18720,2785.75,2786.25,2785.75,2786.25,182,ES.v.0
2019-02-27 13:35:00+00:00,33,1,18720,2786.25,2786.5,2786.0,2786.25,180,ES.v.0
2019-02-27 13:36:00+00:00,33,1,18720,2786.5,2787.5,2786.5,2787.5,850,ES.v.0
2019-02-27 13:37:00+00:00,33,1,18720,2787.5,2787.5,2787.0,2787.25,418,ES.v.0
2019-02-27 13:38:00+00:00,33,1,18720,2787.0,2787.75,2787.0,2787.25,664,ES.v.0
2019-02-27 13:39:00+00:00,33,1,18720,2787.25,2787.75,2787.25,2787.5,600,ES.v.0
2019-02-27 13:40:00+00:00,33,1,18720,2787.5,2787.5,2787.0,2787.25,417,ES.v.0
2019-02-27 13:41:00+00:00,33,1,18720,2787.25,2787.25,2786.75,2786.75,596,ES.v.0
2019-02-27 13:42:00+00:00,33,1,18720,2786.75,2787.0,2786.5,2786.5,255,ES.v.0
2019-02-27 13:43:00+00:00,33,1,18720,2786.5,2786.75,2786.5,2786.5,95,ES.v.0
2019-02-27 13:44:00+00:00,33,1,18720,2786.5,2786.75,2786.25,2786.5,481,ES.v.0
2019-02-27 13:45:00+00:00,33,1,18720,2786.75,2787.0,2786.5,2787.0,101,ES.v.0
2019-02-27 13:46:00+00:00,33,1,18720,2787.0,2787.25,2786.75,2787.0,279,ES.v.0
2019-02-27 13:47:00+00:00,33,1,18720,2786.75,2787.0,2786.5,2787.0,364,ES.v.0
2019-02-27 13:48:00+00:00,33,1,18720,2787.0,2787.25,2786.75,2787.0,382,ES.v.0
2019-02-27 13:49:00+00:00,33,1,18720,2787.0,2787.0,2786.75,2786.75,149,ES.v.0
2019-02-27 13:50:00+00:00,33,1,18720,2786.75,2786.75,2786.25,2786.5,288,ES.v.0
2019-02-27 13:51:00+00:00,33,1,18720,2786.5,2786.5,2786.25,2786.25,106,ES.v.0
2019-02-27 13:52:00+00:00,33,1,18720,2786.25,2786.25,2785.75,2785.75,231,ES.v.0
2019-02-27 13:53:00+00:00,33,1,18720,2786.0,2786.0,2785.5,2785.75,715,ES.v.0
2019-02-27 13:54:00+00:00,33,1,18720,2785.75,2785.75,2785.25,2785.75,406,ES.v.0
2019-02-27 13:55:00+00:00,33,1,18720,2785.5,2785.5,2785.25,2785.5,160,ES.v.0
2019-02-27 13:56:00+00:00,33,1,18720,2785.5,2785.5,2785.25,2785.5,284,ES.v.0
2019-02-27 13:57:00+00:00,33,1,18720,2785.75,2785.75,2785.5,2785.5,64,ES.v.0
2019-02-27 13:58:00+00:00,33,1,18720,2785.5,2785.75,2785.0,2785.25,918,ES.v.0
2019-02-27 13:59:00+00:00,33,1,18720,2785.5,2785.5,2785.0,2785.0,764,ES.v.0
2019-02-27 14:00:00+00:00,33,1,18720,2785.25,2785.25,2785.0,2785.0,542,ES.v.0
2019-02-27 14:01:00+00:00,33,1,18720,2785.0,2785.75,2785.0,2785.5,1046,ES.v.0
2019-02-27 14:02:00+00:00,33,1,18720,2785.5,2786.0,2785.5,2785.75,659,ES.v.0
2019-02-27 14:03:00+00:00,33,1,18720,2786.0,2786.75,2786.0,2786.5,852,ES.v.0
2019-02-27 14:04:00+00:00,33,1,18720,2786.5,2787.0,2786.25,2787.0,623,ES.v.0
2019-02-27 14:05:00+00:00,33,1,18720,2786.75,2787.25,2786.5,2787.25,623,ES.v.0
2019-02-27 14:06:00+00:00,33,1,18720,2787.25,2787.25,2786.5,2786.75,362,ES.v.0
2019-02-27 14:07:00+00:00,33,1,18720,2786.75,2787.0,2786.5,2786.75,184,ES.v.0
2019-02-27 14:08:00+00:00,33,1,18720,2786.75,2787.0,2786.75,2786.75,129,ES.v.0
2019-02-27 14:09:00+00:00,33,1,18720,2786.75,2787.25,2786.5,2787.0,467,ES.v.0
2019-02-27 14:10:00+00:00,33,1,18720,2787.25,2787.25,2787.0,2787.0,174,ES.v.0
2019-02-27 14:11:00+00:00,33,1,18720,2787.25,2787.25,2786.5,2786.75,331,ES.v.0
2019-02-27 14:12:00+00:00,33,1,18720,2786.5,2787.0,2786.5,2786.75,428,ES.v.0
2019-02-27 14:13:00+00:00,33,1,18720,2786.5,2787.25,2786.5,2786.75,602,ES.v.0
2019-02-27 14:14:00+00:00,33,1,18720,2787.0,2787.5,2786.75,2787.25,804,ES.v.0
2019-02-27 14:15:00+00:00,33,1,18720,2787.25,2787.25,2786.5,2787.0,556,ES.v.0
2019-02-27 14:16:00+00:00,33,1,18720,2786.75,2786.75,2786.25,2786.25,592,ES.v.0
2019-02-27 14:17:00+00:00,33,1,18720,2786.5,2786.5,2786.25,2786.25,566,ES.v.0
2019-02-27 14:18:00+00:00,33,1,18720,2786.25,2786.75,2786.25,2786.25,263,ES.v.0
2019-02-27 14:19:00+00:00,33,1,18720,2786.25,2786.5,2786.25,2786.25,100,ES.v.0
2019-02-27 14:20:00+00:00,33,1,18720,2786.25,2786.75,2786.0,2786.5,357,ES.v.0
2019-02-27 14:21:00+00:00,33,1,18720,2786.5,2786.75,2786.5,2786.5,168,ES.v.0
2019-02-27 14:22:00+00:00,33,1,18720,2786.5,2787.0,2786.5,2786.75,139,ES.v.0
2019-02-27 14:23:00+00:00,33,1,18720,2786.75,2786.75,2785.5,2785.75,909,ES.v.0
2019-02-27 14:24:00+00:00,33,1,18720,2785.75,2786.0,2785.5,2785.75,413,ES.v.0
2019-02-27 14:25:00+00:00,33,1,18720,2785.5,2785.5,2784.75,2785.5,1198,ES.v.0
2019-02-27 14:26:00+00:00,33,1,18720,2785.5,2786.0,2785.25,2785.75,708,ES.v.0
2019-02-27 14:27:00+00:00,33,1,18720,2785.75,2786.0,2785.5,2786.0,345,ES.v.0
2019-02-27 14:28:00+00:00,33,1,18720,2785.75,2786.25,2785.25,2785.5,1034,ES.v.0
2019-02-27 14:29:00+00:00,33,1,18720,2785.5,2785.75,2785.0,2785.5,1859,ES.v.0
2019-02-27 14:30:00+00:00,33,1,18720,2785.5,2788.25,2785.5,2788.0,12035,ES.v.0
2019-02-27 14:31:00+00:00,33,1,18720,2788.25,2789.0,2787.75,2788.0,4740,ES.v.0
2019-02-27 14:32:00+00:00,33,1,18720,2788.0,2789.5,2787.5,2789.25,5735,ES.v.0
2019-02-27 14:33:00+00:00,33,1,18720,2789.25,2789.5,2787.5,2788.0,4496,ES.v.0
2019-02-27 14:34:00+00:00,33,1,18720,2788.0,2789.0,2788.0,2788.25,2793,ES.v.0
2019-02-27 14:35:00+00:00,33,1,18720,2788.5,2788.5,2787.75,2788.25,2822,ES.v.0
2019-02-27 14:36:00+00:00,33,1,18720,2788.0,2789.25,2788.0,2789.25,3071,ES.v.0
2019-02-27 14:37:00+00:00,33,1,18720,2789.25,2790.5,2788.75,2790.25,5406,ES.v.0
2019-02-27 14:38:00+00:00,33,1,18720,2790.25,2790.75,2790.0,2790.25,4535,ES.v.0
2019-02-27 14:39:00+00:00,33,1,18720,2790.5,2791.25,2790.5,2791.0,2878,ES.v.0
2019-02-27 14:40:00+00:00,33,1,18720,2791.0,2792.25,2790.75,2792.0,5979,ES.v.0
2019-02-27 14:41:00+00:00,33,1,18720,2791.75,2792.5,2791.5,2792.25,3828,ES.v.0
2019-02-27 14:42:00+00:00,33,1,18720,2792.25,2792.5,2791.25,2791.25,4046,ES.v.0
2019-02-27 14:43:00+00:00,33,1,18720,2791.25,2792.0,2791.25,2791.5,4494,ES.v.0
2019-02-27 14:44:00+00:00,33,1,18720,2791.75,2791.75,2791.0,2791.5,3457,ES.v.0
2019-02-27 14:45:00+00:00,33,1,18720,2791.5,2792.25,2791.0,2791.25,3219,ES.v.0
2019-02-27 14:46:00+00:00,33,1,18720,2791.5,2791.5,2790.5,2791.0,3897,ES.v.0
2019-02-27 14:47:00+00:00,33,1,18720,2790.75,2791.75,2790.25,2791.5,4182,ES.v.0
2019-02-27 14:48:00+00:00,33,1,18720,2791.5,2792.0,2791.25,2791.25,4161,ES.v.0
2019-02-27 14:49:00+00:00,33,1,18720,2791.25,2791.5,2790.0,2790.5,5507,ES.v.0
2019-02-27 14:50:00+00:00,33,1,18720,2790.75,2790.75,2789.25,2789.75,4849,ES.v.0
2019-02-27 14:51:00+00:00,33,1,18720,2789.75,2790.0,2789.25,2789.5,3020,ES.v.0
2019-02-27 14:52:00+00:00,33,1,18720,2789.25,2789.5,2788.5,2789.25,3075,ES.v.0
2019-02-27 14:53:00+00:00,33,1,18720,2789.0,2789.25,2788.5,2789.0,1858,ES.v.0
2019-02-27 14:54:00+00:00,33,1,18720,2789.0,2789.0,2788.25,2788.25,2349,ES.v.0
2019-02-27 14:55:00+00:00,33,1,18720,2788.5,2788.5,2787.5,2787.75,3211,ES.v.0
2019-02-27 14:56:00+00:00,33,1,18720,2788.0,2788.0,2786.0,2786.5,5136,ES.v.0
2019-02-27 14:57:00+00:00,33,1,18720,2786.75,2786.75,2786.25,2786.5,2546,ES.v.0
2019-02-27 14:58:00+00:00,33,1,18720,2786.5,2787.5,2786.5,2787.25,2438,ES.v.0
2019-02-27 14:59:00+00:00,33,1,18720,2787.0,2788.25,2787.0,2787.75,1969,ES.v.0
2019-02-27 15:00:00+00:00,33,1,18720,2787.5,2789.0,2786.75,2788.75,5243,ES.v.0
2019-02-27 15:01:00+00:00,33,1,18720,2788.75,2788.75,2787.5,2787.75,1889,ES.v.0
2019-02-27 15:02:00+00:00,33,1,18720,2787.75,2788.0,2785.75,2785.75,4443,ES.v.0
2019-02-27 15:03:00+00:00,33,1,18720,2786.0,2786.0,2784.5,2784.5,5542,ES.v.0
2019-02-27 15:04:00+00:00,33,1,18720,2784.5,2785.5,2784.25,2785.5,3608,ES.v.0
2019-02-27 15:05:00+00:00,33,1,18720,2785.5,2786.5,2785.0,2785.0,4524,ES.v.0
2019-02-27 15:06:00+00:00,33,1,18720,2785.0,2786.25,2785.0,2786.0,3232,ES.v.0
2019-02-27 15:07:00+00:00,33,1,18720,2786.0,2786.25,2785.5,2785.75,2530,ES.v.0
2019-02-27 15:08:00+00:00,33,1,18720,2785.75,2787.0,2784.75,2786.0,5958,ES.v.0
2019-02-27 15:09:00+00:00,33,1,18720,2785.75,2787.25,2785.5,2787.0,2584,ES.v.0
2019-02-27 15:10:00+00:00,33,1,18720,2787.25,2787.25,2782.75,2784.25,17994,ES.v.0
2019-02-27 15:11:00+00:00,33,1,18720,2784.0,2784.5,2782.0,2783.25,11449,ES.v.0
2019-02-27 15:12:00+00:00,33,1,18720,2783.25,2783.25,2777.0,2778.75,23111,ES.v.0
2019-02-27 15:13:00+00:00,33,1,18720,2778.75,2779.25,2776.75,2778.0,14515,ES.v.0
2019-02-27 15:14:00+00:00,33,1,18720,2777.75,2780.0,2776.5,2779.5,11954,ES.v.0
2019-02-27 15:15:00+00:00,33,1,18720,2779.5,2779.5,2777.25,2778.75,6885,ES.v.0
2019-02-27 15:16:00+00:00,33,1,18720,2778.75,2780.5,2778.5,2780.25,6629,ES.v.0
2019-02-27 15:17:00+00:00,33,1,18720,2780.25,2781.0,2779.25,2780.5,6353,ES.v.0
2019-02-27 15:18:00+00:00,33,1,18720,2780.5,2781.5,2779.75,2781.5,6023,ES.v.0
2019-02-27 15:19:00+00:00,33,1,18720,2781.5,2782.25,2781.0,2781.75,4488,ES.v.0
2019-02-27 15:20:00+00:00,33,1,18720,2781.5,2781.5,2780.5,2781.0,4545,ES.v.0
2019-02-27 15:21:00+00:00,33,1,18720,2781.0,2781.25,2780.0,2780.75,5261,ES.v.0
2019-02-27 15:22:00+00:00,33,1,18720,2780.75,2780.75,2779.5,2780.25,4405,ES.v.0
2019-02-27 15:23:00+00:00,33,1,18720,2780.25,2780.25,2778.5,2778.75,5174,ES.v.0
2019-02-27 15:24:00+00:00,33,1,18720,2778.5,2779.5,2777.75,2779.0,5357,ES.v.0
2019-02-27 15:25:00+00:00,33,1,18720,2779.0,2779.25,2777.75,2777.75,3210,ES.v.0
2019-02-27 15:26:00+00:00,33,1,18720,2777.75,2779.5,2777.25,2778.75,3366,ES.v.0
2019-02-27 15:27:00+00:00,33,1,18720,2778.5,2779.0,2776.0,2776.25,6175,ES.v.0
2019-02-27 15:28:00+00:00,33,1,18720,2776.5,2778.0,2775.0,2777.5,11319,ES.v.0
2019-02-27 15:29:00+00:00,33,1,18720,2777.5,2778.75,2777.0,2778.5,5634,ES.v.0
2019-02-27 15:30:00+00:00,33,1,18720,2778.5,2779.75,2777.75,2779.75,7181,ES.v.0
2019-02-27 15:31:00+00:00,33,1,18720,2779.5,2779.5,2778.0,2778.25,4457,ES.v.0
2019-02-27 15:32:00+00:00,33,1,18720,2778.0,2778.5,2777.75,2778.0,4504,ES.v.0
2019-02-27 15:33:00+00:00,33,1,18720,2778.0,2779.25,2777.0,2779.0,4014,ES.v.0
2019-02-27 15:34:00+00:00,33,1,18720,2779.0,2779.0,2776.75,2778.25,3265,ES.v.0
2019-02-27 15:35:00+00:00,33,1,18720,2778.25,2778.75,2777.75,2778.5,2499,ES.v.0
2019-02-27 15:36:00+00:00,33,1,18720,2778.5,2779.25,2776.75,2779.25,4409,ES.v.0
2019-02-27 15:37:00+00:00,33,1,18720,2779.25,2781.25,2778.75,2780.75,6575,ES.v.0
2019-02-27 15:38:00+00:00,33,1,18720,2780.75,2780.75,2779.75,2780.0,3080,ES.v.0
2019-02-27 15:39:00+00:00,33,1,18720,2780.0,2781.25,2779.25,2780.75,3478,ES.v.0
2019-02-27 15:40:00+00:00,33,1,18720,2781.0,2782.5,2780.75,2782.25,5324,ES.v.0
2019-02-27 15:41:00+00:00,33,1,18720,2782.0,2782.25,2781.25,2781.75,2386,ES.v.0
2019-02-27 15:42:00+00:00,33,1,18720,2781.5,2782.0,2781.0,2782.0,1857,ES.v.0
2019-02-27 15:43:00+00:00,33,1,18720,2782.0,2782.5,2781.75,2782.25,1821,ES.v.0
2019-02-27 15:44:00+00:00,33,1,18720,2782.0,2783.5,2782.0,2782.75,4844,ES.v.0
2019-02-27 15:45:00+00:00,33,1,18720,2782.75,2783.25,2781.5,2781.75,4158,ES.v.0
2019-02-27 15:46:00+00:00,33,1,18720,2781.75,2782.0,2781.0,2781.25,2675,ES.v.0
2019-02-27 15:47:00+00:00,33,1,18720,2781.25,2781.5,2780.5,2781.0,2193,ES.v.0
2019-02-27 15:48:00+00:00,33,1,18720,2781.0,2781.5,2780.25,2781.5,1693,ES.v.0
2019-02-27 15:49:00+00:00,33,1,18720,2781.5,2782.5,2781.0,2782.25,1922,ES.v.0
2019-02-27 15:50:00+00:00,33,1,18720,2782.25,2782.25,2780.5,2781.0,2105,ES.v.0
2019-02-27 15:51:00+00:00,33,1,18720,2780.75,2782.5,2780.75,2781.0,4895,ES.v.0
2019-02-27 15:52:00+00:00,33,1,18720,2781.0,2781.5,2780.75,2781.5,1221,ES.v.0
2019-02-27 15:53:00+00:00,33,1,18720,2781.25,2782.5,2781.25,2781.25,2459,ES.v.0
2019-02-27 15:54:00+00:00,33,1,18720,2781.25,2781.25,2780.0,2780.75,3202,ES.v.0
2019-02-27 15:55:00+00:00,33,1,18720,2780.75,2781.0,2779.75,2780.0,2196,ES.v.0
2019-02-27 15:56:00+00:00,33,1,18720,2780.0,2780.25,2779.25,2779.5,3072,ES.v.0
2019-02-27 15:57:00+00:00,33,1,18720,2779.5,2781.0,2779.25,2780.5,2843,ES.v.0
2019-02-27 15:58:00+00:00,33,1,18720,2780.25,2781.0,2780.0,2781.0,1744,ES.v.0
2019-02-27 15:59:00+00:00,33,1,18720,2781.0,2781.5,2780.75,2781.25,1581,ES.v.0
2019-02-27 16:00:00+00:00,33,1,18720,2781.0,2783.0,2780.75,2783.0,3558,ES.v.0
2019-02-27 16:01:00+00:00,33,1,18720,2782.75,2783.5,2782.0,2782.0,3708,ES.v.0
2019-02-27 16:02:00+00:00,33,1,18720,2782.0,2782.25,2781.25,2781.25,1387,ES.v.0
2019-02-27 16:03:00+00:00,33,1,18720,2781.25,2781.5,2780.0,2781.25,3281,ES.v.0
2019-02-27 16:04:00+00:00,33,1,18720,2781.25,2782.25,2781.0,2781.25,2048,ES.v.0
2019-02-27 16:05:00+00:00,33,1,18720,2781.5,2782.5,2781.25,2782.0,1345,ES.v.0
2019-02-27 16:06:00+00:00,33,1,18720,2782.0,2782.0,2781.0,2781.5,1460,ES.v.0
2019-02-27 16:07:00+00:00,33,1,18720,2781.25,2781.5,2780.25,2780.75,2220,ES.v.0
2019-02-27 16:08:00+00:00,33,1,18720,2780.75,2781.0,2780.25,2780.5,1804,ES.v.0
2019-02-27 16:09:00+00:00,33,1,18720,2780.5,2784.5,2780.5,2784.25,4627,ES.v.0
2019-02-27 16:10:00+00:00,33,1,18720,2784.25,2784.75,2783.25,2783.75,5911,ES.v.0
2019-02-27 16:11:00+00:00,33,1,18720,2783.5,2784.25,2783.25,2783.5,2273,ES.v.0
2019-02-27 16:12:00+00:00,33,1,18720,2783.5,2783.5,2782.5,2782.5,3112,ES.v.0
2019-02-27 16:13:00+00:00,33,1,18720,2782.5,2783.0,2782.25,2783.0,4160,ES.v.0
2019-02-27 16:14:00+00:00,33,1,18720,2783.0,2784.5,2782.75,2783.0,3724,ES.v.0
2019-02-27 16:15:00+00:00,33,1,18720,2783.25,2783.25,2782.25,2782.5,1812,ES.v.0
2019-02-27 16:16:00+00:00,33,1,18720,2782.5,2782.75,2782.25,2782.25,956,ES.v.0
2019-02-27 16:17:00+00:00,33,1,18720,2782.25,2782.25,2781.5,2782.0,2931,ES.v.0
2019-02-27 16:18:00+00:00,33,1,18720,2782.0,2782.0,2781.25,2781.75,3675,ES.v.0
2019-02-27 16:19:00+00:00,33,1,18720,2781.75,2783.25,2781.5,2782.5,3267,ES.v.0
2019-02-27 16:20:00+00:00,33,1,18720,2782.5,2784.0,2782.5,2783.5,2957,ES.v.0
2019-02-27 16:21:00+00:00,33,1,18720,2783.5,2784.5,2783.0,2784.25,2866,ES.v.0
2019-02-27 16:22:00+00:00,33,1,18720,2784.25,2784.75,2783.75,2784.75,2681,ES.v.0
2019-02-27 16:23:00+00:00,33,1,18720,2784.75,2784.75,2784.0,2784.0,1584,ES.v.0
2019-02-27 16:24:00+00:00,33,1,18720,2784.0,2785.0,2784.0,2785.0,1679,ES.v.0
2019-02-27 16:25:00+00:00,33,1,18720,2785.0,2786.25,2785.0,2785.25,5386,ES.v.0
2019-02-27 16:26:00+00:00,33,1,18720,2785.25,2785.25,2784.25,2785.0,1846,ES.v.0
2019-02-27 16:27:00+00:00,33,1,18720,2785.0,2785.75,2784.75,2785.5,1383,ES.v.0
2019-02-27 16:28:00+00:00,33,1,18720,2785.5,2786.75,2785.25,2786.25,4188,ES.v.0
2019-02-27 16:29:00+00:00,33,1,18720,2786.5,2786.5,2785.0,2785.25,2379,ES.v.0
2019-02-27 16:30:00+00:00,33,1,18720,2785.25,2785.5,2784.75,2785.5,2087,ES.v.0
2019-02-27 16:31:00+00:00,33,1,18720,2785.5,2786.0,2785.25,2785.25,1634,ES.v.0
2019-02-27 16:32:00+00:00,33,1,18720,2785.25,2785.25,2784.5,2784.75,1288,ES.v.0
2019-02-27 16:33:00+00:00,33,1,18720,2784.5,2784.75,2784.25,2784.25,1297,ES.v.0
2019-02-27 16:34:00+00:00,33,1,18720,2784.25,2785.0,2784.25,2784.75,3047,ES.v.0
2019-02-27 16:35:00+00:00,33,1,18720,2784.75,2785.75,2784.25,2785.75,3376,ES.v.0
2019-02-27 16:36:00+00:00,33,1,18720,2785.75,2786.5,2785.0,2785.5,1916,ES.v.0
2019-02-27 16:37:00+00:00,33,1,18720,2785.5,2785.5,2784.75,2785.25,1414,ES.v.0
2019-02-27 16:38:00+00:00,33,1,18720,2785.25,2786.0,2785.25,2785.75,996,ES.v.0
2019-02-27 16:39:00+00:00,33,1,18720,2785.75,2787.0,2785.25,2786.25,3969,ES.v.0
2019-02-27 16:40:00+00:00,33,1,18720,2786.25,2787.0,2786.0,2787.0,1857,ES.v.0
2019-02-27 16:41:00+00:00,33,1,18720,2787.0,2787.25,2786.5,2786.5,1672,ES.v.0
2019-02-27 16:42:00+00:00,33,1,18720,2786.5,2786.75,2786.0,2786.25,1735,ES.v.0
2019-02-27 16:43:00+00:00,33,1,18720,2786.5,2786.5,2785.75,2785.75,1108,ES.v.0
2019-02-27 16:44:00+00:00,33,1,18720,2785.75,2786.25,2785.75,2786.0,1036,ES.v.0
2019-02-27 16:45:00+00:00,33,1,18720,2785.75,2786.25,2785.5,2786.0,1144,ES.v.0
2019-02-27 16:46:00+00:00,33,1,18720,2785.75,2786.0,2785.5,2785.5,1313,ES.v.0
2019-02-27 16:47:00+00:00,33,1,18720,2785.75,2785.75,2784.75,2785.5,2423,ES.v.0
2019-02-27 16:48:00+00:00,33,1,18720,2785.25,2786.25,2785.25,2786.25,1787,ES.v.0
2019-02-27 16:49:00+00:00,33,1,18720,2786.25,2787.0,2786.0,2786.75,1304,ES.v.0
2019-02-27 16:50:00+00:00,33,1,18720,2786.75,2787.5,2786.5,2787.25,2158,ES.v.0
2019-02-27 16:51:00+00:00,33,1,18720,2787.5,2788.0,2787.25,2787.5,3196,ES.v.0
2019-02-27 16:52:00+00:00,33,1,18720,2787.5,2787.75,2787.0,2787.5,1299,ES.v.0
2019-02-27 16:53:00+00:00,33,1,18720,2787.5,2787.5,2787.0,2787.5,922,ES.v.0
2019-02-27 16:54:00+00:00,33,1,18720,2787.25,2787.75,2787.25,2787.75,1062,ES.v.0
2019-02-27 16:55:00+00:00,33,1,18720,2787.75,2788.0,2787.5,2788.0,1761,ES.v.0
2019-02-27 16:56:00+00:00,33,1,18720,2788.0,2788.25,2787.5,2787.75,1369,ES.v.0
2019-02-27 16:57:00+00:00,33,1,18720,2788.0,2788.25,2787.25,2787.25,1232,ES.v.0
2019-02-27 16:58:00+00:00,33,1,18720,2787.25,2787.5,2787.0,2787.25,1126,ES.v.0
2019-02-27 16:59:00+00:00,33,1,18720,2787.0,2787.25,2786.75,2786.75,1999,ES.v.0
2019-02-27 17:00:00+00:00,33,1,18720,2787.0,2787.5,2786.5,2787.0,1927,ES.v.0
2019-02-27 17:01:00+00:00,33,1,18720,2787.0,2787.5,2787.0,2787.25,1342,ES.v.0
2019-02-27 17:02:00+00:00,33,1,18720,2787.25,2788.0,2787.0,2787.75,1650,ES.v.0
2019-02-27 17:03:00+00:00,33,1,18720,2787.5,2788.0,2787.5,2787.75,331,ES.v.0
2019-02-27 17:04:00+00:00,33,1,18720,2787.75,2788.75,2787.5,2788.5,3547,ES.v.0
2019-02-27 17:05:00+00:00,33,1,18720,2788.5,2789.0,2788.0,2788.25,1568,ES.v.0
2019-02-27 17:06:00+00:00,33,1,18720,2788.25,2788.25,2787.5,2787.75,1361,ES.v.0
2019-02-27 17:07:00+00:00,33,1,18720,2787.75,2788.25,2787.75,2788.0,921,ES.v.0
2019-02-27 17:08:00+00:00,33,1,18720,2788.0,2788.25,2788.0,2788.0,419,ES.v.0
2019-02-27 17:09:00+00:00,33,1,18720,2788.0,2789.0,2787.75,2788.75,1770,ES.v.0
2019-02-27 17:10:00+00:00,33,1,18720,2788.75,2788.75,2788.0,2788.0,867,ES.v.0
2019-02-27 17:11:00+00:00,33,1,18720,2788.0,2788.25,2787.75,2787.75,930,ES.v.0
2019-02-27 17:12:00+00:00,33,1,18720,2788.0,2788.0,2787.5,2787.5,1081,ES.v.0
2019-02-27 17:13:00+00:00,33,1,18720,2787.75,2789.0,2787.75,2788.75,1878,ES.v.0
2019-02-27 17:14:00+00:00,33,1,18720,2788.75,2789.0,2788.25,2789.0,587,ES.v.0
2019-02-27 17:15:00+00:00,33,1,18720,2789.0,2789.5,2788.5,2789.0,1918,ES.v.0
2019-02-27 17:16:00+00:00,33,1,18720,2789.0,2789.5,2788.75,2789.0,2412,ES.v.0
2019-02-27 17:17:00+00:00,33,1,18720,2789.0,2789.75,2788.75,2788.75,1163,ES.v.0
2019-02-27 17:18:00+00:00,33,1,18720,2788.75,2788.75,2788.25,2788.5,1419,ES.v.0
2019-02-27 17:19:00+00:00,33,1,18720,2788.25,2788.75,2788.25,2788.75,217,ES.v.0
2019-02-27 17:20:00+00:00,33,1,18720,2788.5,2789.0,2788.5,2788.75,867,ES.v.0
2019-02-27 17:21:00+00:00,33,1,18720,2788.5,2788.75,2788.5,2788.5,533,ES.v.0
2019-02-27 17:22:00+00:00,33,1,18720,2788.5,2788.75,2787.75,2787.75,1566,ES.v.0
2019-02-27 17:23:00+00:00,33,1,18720,2788.0,2788.5,2787.75,2788.25,1399,ES.v.0
2019-02-27 17:24:00+00:00,33,1,18720,2788.5,2789.25,2788.25,2788.5,1383,ES.v.0
2019-02-27 17:25:00+00:00,33,1,18720,2788.5,2789.25,2788.5,2789.25,776,ES.v.0
2019-02-27 17:26:00+00:00,33,1,18720,2789.25,2790.25,2789.25,2789.5,2915,ES.v.0
2019-02-27 17:27:00+00:00,33,1,18720,2789.5,2789.75,2789.25,2789.25,801,ES.v.0
2019-02-27 17:28:00+00:00,33,1,18720,2789.5,2789.75,2789.25,2789.25,1177,ES.v.0
2019-02-27 17:29:00+00:00,33,1,18720,2789.5,2789.5,2789.0,2789.0,445,ES.v.0
2019-02-27 17:30:00+00:00,33,1,18720,2789.25,2789.75,2789.25,2789.5,874,ES.v.0
2019-02-27 17:31:00+00:00,33,1,18720,2789.5,2789.75,2789.5,2789.5,521,ES.v.0
2019-02-27 17:32:00+00:00,33,1,18720,2789.5,2790.75,2789.25,2790.5,2330,ES.v.0
2019-02-27 17:33:00+00:00,33,1,18720,2790.5,2790.5,2790.0,2790.0,1282,ES.v.0
2019-02-27 17:34:00+00:00,33,1,18720,2789.75,2790.0,2789.5,2790.0,1095,ES.v.0
2019-02-27 17:35:00+00:00,33,1,18720,2790.0,2790.0,2789.5,2789.75,1102,ES.v.0
2019-02-27 17:36:00+00:00,33,1,18720,2790.0,2790.25,2789.5,2789.5,1012,ES.v.0
2019-02-27 17:37:00+00:00,33,1,18720,2789.5,2789.75,2789.25,2789.5,756,ES.v.0
2019-02-27 17:38:00+00:00,33,1,18720,2789.75,2790.0,2789.5,2789.5,1025,ES.v.0
2019-02-27 17:39:00+00:00,33,1,18720,2789.5,2790.0,2789.5,2789.75,911,ES.v.0
2019-02-27 17:40:00+00:00,33,1,18720,2789.75,2790.5,2789.75,2790.5,523,ES.v.0
2019-02-27 17:41:00+00:00,33,1,18720,2790.25,2791.0,2790.25,2790.5,1498,ES.v.0
2019-02-27 17:42:00+00:00,33,1,18720,2790.75,2791.0,2790.25,2790.25,1605,ES.v.0
2019-02-27 17:43:00+00:00,33,1,18720,2790.25,2790.5,2789.75,2789.75,1091,ES.v.0
2019-02-27 17:44:00+00:00,33,1,18720,2789.75,2790.0,2789.5,2789.75,1430,ES.v.0
2019-02-27 17:45:00+00:00,33,1,18720,2789.5,2790.0,2789.25,2790.0,1015,ES.v.0
2019-02-27 17:46:00+00:00,33,1,18720,2790.0,2790.0,2789.5,2789.75,594,ES.v.0
2019-02-27 17:47:00+00:00,33,1,18720,2790.0,2790.25,2789.75,2789.75,594,ES.v.0
2019-02-27 17:48:00+00:00,33,1,18720,2789.75,2790.25,2789.75,2790.0,464,ES.v.0
2019-02-27 17:49:00+00:00,33,1,18720,2790.25,2790.25,2789.75,2790.25,296,ES.v.0
2019-02-27 17:50:00+00:00,33,1,18720,2790.25,2790.5,2790.0,2790.25,1109,ES.v.0
2019-02-27 17:51:00+00:00,33,1,18720,2790.0,2790.25,2789.75,2790.25,990,ES.v.0
2019-02-27 17:52:00+00:00,33,1,18720,2790.0,2790.25,2789.5,2789.75,532,ES.v.0
2019-02-27 17:53:00+00:00,33,1,18720,2789.75,2790.0,2789.25,2789.5,902,ES.v.0
2019-02-27 17:54:00+00:00,33,1,18720,2789.25,2789.75,2789.0,2789.0,1187,ES.v.0
2019-02-27 17:55:00+00:00,33,1,18720,2789.0,2789.25,2789.0,2789.0,507,ES.v.0
2019-02-27 17:56:00+00:00,33,1,18720,2789.0,2789.5,2789.0,2789.5,578,ES.v.0
2019-02-27 17:57:00+00:00,33,1,18720,2789.5,2789.5,2789.25,2789.5,515,ES.v.0
2019-02-27 17:58:00+00:00,33,1,18720,2789.25,2789.25,2788.5,2788.75,1475,ES.v.0
2019-02-27 17:59:00+00:00,33,1,18720,2788.75,2789.25,2788.75,2789.0,510,ES.v.0
2019-02-27 18:00:00+00:00,33,1,18720,2789.0,2789.5,2789.0,2789.5,1563,ES.v.0
2019-02-27 18:01:00+00:00,33,1,18720,2789.5,2790.0,2789.25,2789.5,650,ES.v.0
2019-02-27 18:02:00+00:00,33,1,18720,2789.75,2789.75,2789.0,2789.25,909,ES.v.0
2019-02-27 18:03:00+00:00,33,1,18720,2789.25,2789.75,2789.25,2789.5,415,ES.v.0
2019-02-27 18:04:00+00:00,33,1,18720,2789.5,2789.5,2789.25,2789.5,491,ES.v.0
2019-02-27 18:05:00+00:00,33,1,18720,2789.75,2790.5,2789.75,2790.5,1819,ES.v.0
2019-02-27 18:06:00+00:00,33,1,18720,2790.5,2791.25,2790.5,2790.5,1595,ES.v.0
2019-02-27 18:07:00+00:00,33,1,18720,2790.75,2791.0,2790.5,2791.0,730,ES.v.0
2019-02-27 18:08:00+00:00,33,1,18720,2791.0,2791.25,2790.75,2791.25,695,ES.v.0
2019-02-27 18:09:00+00:00,33,1,18720,2791.25,2791.25,2791.0,2791.25,979,ES.v.0
2019-02-27 18:10:00+00:00,33,1,18720,2791.25,2791.5,2791.0,2791.25,965,ES.v.0
2019-02-27 18:11:00+00:00,33,1,18720,2791.25,2791.25,2791.0,2791.0,385,ES.v.0
2019-02-27 18:12:00+00:00,33,1,18720,2791.0,2791.75,2791.0,2791.5,717,ES.v.0
2019-02-27 18:13:00+00:00,33,1,18720,2791.25,2791.5,2791.0,2791.25,1133,ES.v.0
2019-02-27 18:14:00+00:00,33,1,18720,2791.25,2793.0,2791.25,2793.0,4334,ES.v.0
2019-02-27 18:15:00+00:00,33,1,18720,2793.0,2793.5,2792.25,2793.0,4384,ES.v.0
2019-02-27 18:16:00+00:00,33,1,18720,2793.0,2793.0,2792.25,2792.5,1730,ES.v.0
2019-02-27 18:17:00+00:00,33,1,18720,2792.5,2793.0,2792.25,2792.75,1608,ES.v.0
2019-02-27 18:18:00+00:00,33,1,18720,2792.5,2793.0,2792.5,2792.75,2392,ES.v.0
2019-02-27 18:19:00+00:00,33,1,18720,2792.75,2792.75,2792.25,2792.25,2833,ES.v.0
2019-02-27 18:20:00+00:00,33,1,18720,2792.5,2793.0,2792.25,2792.75,878,ES.v.0
2019-02-27 18:21:00+00:00,33,1,18720,2793.0,2793.25,2792.5,2793.0,2364,ES.v.0
2019-02-27 18:22:00+00:00,33,1,18720,2793.0,2793.5,2792.75,2793.5,1303,ES.v.0
2019-02-27 18:23:00+00:00,33,1,18720,2793.25,2795.0,2793.25,2795.0,4373,ES.v.0
2019-02-27 18:24:00+00:00,33,1,18720,2794.75,2795.0,2794.25,2794.75,2962,ES.v.0
2019-02-27 18:25:00+00:00,33,1,18720,2794.75,2794.75,2794.0,2794.5,1531,ES.v.0
2019-02-27 18:26:00+00:00,33,1,18720,2794.25,2794.5,2794.0,2794.25,761,ES.v.0
2019-02-27 18:27:00+00:00,33,1,18720,2794.25,2794.5,2793.5,2793.5,1922,ES.v.0
2019-02-27 18:28:00+00:00,33,1,18720,2793.5,2794.0,2793.0,2793.0,2297,ES.v.0
2019-02-27 18:29:00+00:00,33,1,18720,2793.0,2793.5,2793.0,2793.25,1888,ES.v.0
2019-02-27 18:30:00+00:00,33,1,18720,2793.25,2793.75,2793.25,2793.75,296,ES.v.0
2019-02-27 18:31:00+00:00,33,1,18720,2793.5,2793.5,2792.75,2792.75,1287,ES.v.0
2019-02-27 18:32:00+00:00,33,1,18720,2793.0,2793.25,2792.5,2792.75,1111,ES.v.0
2019-02-27 18:33:00+00:00,33,1,18720,2793.0,2793.0,2792.5,2792.5,590,ES.v.0
2019-02-27 18:34:00+00:00,33,1,18720,2792.75,2792.75,2792.25,2792.5,803,ES.v.0
2019-02-27 18:35:00+00:00,33,1,18720,2792.5,2792.75,2792.25,2792.5,370,ES.v.0
2019-02-27 18:36:00+00:00,33,1,18720,2792.25,2792.5,2792.0,2792.25,538,ES.v.0
2019-02-27 18:37:00+00:00,33,1,18720,2792.25,2792.5,2791.75,2792.5,1388,ES.v.0
2019-02-27 18:38:00+00:00,33,1,18720,2792.5,2792.5,2792.25,2792.25,410,ES.v.0
2019-02-27 18:39:00+00:00,33,1,18720,2792.25,2792.75,2791.25,2791.5,1933,ES.v.0
2019-02-27 18:40:00+00:00,33,1,18720,2791.5,2792.0,2791.5,2791.5,1244,ES.v.0
2019-02-27 18:41:00+00:00,33,1,18720,2791.5,2791.5,2790.5,2790.75,2034,ES.v.0
2019-02-27 18:42:00+00:00,33,1,18720,2790.75,2791.0,2790.25,2790.5,1625,ES.v.0
2019-02-27 18:43:00+00:00,33,1,18720,2790.75,2790.75,2790.5,2790.75,750,ES.v.0
2019-02-27 18:44:00+00:00,33,1,18720,2790.5,2791.0,2790.5,2790.75,652,ES.v.0
2019-02-27 18:45:00+00:00,33,1,18720,2790.5,2790.75,2790.25,2790.75,594,ES.v.0
2019-02-27 18:46:00+00:00,33,1,18720,2790.75,2791.0,2790.5,2790.75,799,ES.v.0
2019-02-27 18:47:00+00:00,33,1,18720,2790.75,2791.5,2790.75,2791.25,935,ES.v.0
2019-02-27 18:48:00+00:00,33,1,18720,2791.25,2791.75,2791.25,2791.75,1051,ES.v.0
2019-02-27 18:49:00+00:00,33,1,18720,2791.75,2792.0,2791.25,2791.75,1290,ES.v.0
2019-02-27 18:50:00+00:00,33,1,18720,2791.75,2792.0,2791.5,2792.0,654,ES.v.0
2019-02-27 18:51:00+00:00,33,1,18720,2791.75,2792.25,2791.75,2792.25,633,ES.v.0
2019-02-27 18:52:00+00:00,33,1,18720,2792.25,2792.5,2791.0,2791.75,2153,ES.v.0
2019-02-27 18:53:00+00:00,33,1,18720,2791.5,2792.0,2791.5,2791.5,561,ES.v.0
2019-02-27 18:54:00+00:00,33,1,18720,2791.5,2792.25,2791.5,2792.25,1397,ES.v.0
2019-02-27 18:55:00+00:00,33,1,18720,2792.25,2793.0,2792.0,2792.0,1870,ES.v.0
2019-02-27 18:56:00+00:00,33,1,18720,2792.25,2792.25,2791.75,2791.75,247,ES.v.0
2019-02-27 18:57:00+00:00,33,1,18720,2791.75,2792.25,2791.75,2792.0,682,ES.v.0
2019-02-27 18:58:00+00:00,33,1,18720,2792.25,2792.25,2791.75,2792.0,616,ES.v.0
2019-02-27 18:59:00+00:00,33,1,18720,2792.0,2792.25,2791.5,2792.0,1663,ES.v.0
2019-02-27 19:00:00+00:00,33,1,18720,2792.25,2792.25,2791.5,2791.75,1142,ES.v.0
2019-02-27 19:01:00+00:00,33,1,18720,2791.75,2792.0,2791.5,2792.0,540,ES.v.0
2019-02-27 19:02:00+00:00,33,1,18720,2792.0,2792.0,2790.75,2791.0,1939,ES.v.0
2019-02-27 19:03:00+00:00,33,1,18720,2791.0,2792.25,2791.0,2792.0,1493,ES.v.0
2019-02-27 19:04:00+00:00,33,1,18720,2792.25,2792.75,2791.75,2792.75,816,ES.v.0
2019-02-27 19:05:00+00:00,33,1,18720,2792.75,2792.75,2792.0,2792.25,582,ES.v.0
2019-02-27 19:06:00+00:00,33,1,18720,2792.25,2792.25,2791.75,2791.75,332,ES.v.0
2019-02-27 19:07:00+00:00,33,1,18720,2791.75,2792.0,2791.5,2791.5,1308,ES.v.0
2019-02-27 19:08:00+00:00,33,1,18720,2791.5,2791.75,2791.25,2791.5,1439,ES.v.0
2019-02-27 19:09:00+00:00,33,1,18720,2791.75,2791.75,2791.5,2791.75,567,ES.v.0
2019-02-27 19:10:00+00:00,33,1,18720,2791.5,2792.5,2791.25,2792.5,1917,ES.v.0
2019-02-27 19:11:00+00:00,33,1,18720,2792.25,2793.0,2792.25,2792.75,758,ES.v.0
2019-02-27 19:12:00+00:00,33,1,18720,2792.75,2793.5,2792.5,2793.5,1801,ES.v.0
2019-02-27 19:13:00+00:00,33,1,18720,2793.5,2794.0,2793.25,2793.75,2503,ES.v.0
2019-02-27 19:14:00+00:00,33,1,18720,2793.75,2794.0,2793.5,2793.75,1063,ES.v.0
2019-02-27 19:15:00+00:00,33,1,18720,2793.5,2794.5,2793.5,2794.0,1068,ES.v.0
2019-02-27 19:16:00+00:00,33,1,18720,2794.0,2794.25,2793.25,2793.75,1178,ES.v.0
2019-02-27 19:17:00+00:00,33,1,18720,2793.75,2794.5,2793.5,2794.25,630,ES.v.0
2019-02-27 19:18:00+00:00,33,1,18720,2794.5,2794.5,2794.0,2794.25,377,ES.v.0
2019-02-27 19:19:00+00:00,33,1,18720,2794.25,2794.5,2793.75,2794.0,570,ES.v.0
2019-02-27 19:20:00+00:00,33,1,18720,2794.25,2794.5,2793.25,2793.25,1033,ES.v.0
2019-02-27 19:21:00+00:00,33,1,18720,2793.25,2793.75,2793.25,2793.5,669,ES.v.0
2019-02-27 19:22:00+00:00,33,1,18720,2793.75,2793.75,2793.0,2793.25,883,ES.v.0
2019-02-27 19:23:00+00:00,33,1,18720,2793.25,2793.25,2792.75,2793.0,1243,ES.v.0
2019-02-27 19:24:00+00:00,33,1,18720,2792.75,2793.0,2792.5,2792.75,1187,ES.v.0
2019-02-27 19:25:00+00:00,33,1,18720,2792.75,2793.0,2792.25,2792.25,677,ES.v.0
2019-02-27 19:26:00+00:00,33,1,18720,2792.25,2792.5,2792.0,2792.0,711,ES.v.0
2019-02-27 19:27:00+00:00,33,1,18720,2792.0,2792.75,2792.0,2792.75,566,ES.v.0
2019-02-27 19:28:00+00:00,33,1,18720,2792.75,2793.0,2792.5,2793.0,714,ES.v.0
2019-02-27 19:29:00+00:00,33,1,18720,2792.75,2793.25,2792.25,2792.75,1410,ES.v.0
2019-02-27 19:30:00+00:00,33,1,18720,2792.75,2793.75,2792.5,2793.5,1484,ES.v.0
2019-02-27 19:31:00+00:00,33,1,18720,2793.25,2794.0,2793.0,2793.0,1005,ES.v.0
2019-02-27 19:32:00+00:00,33,1,18720,2793.0,2793.0,2792.75,2792.75,727,ES.v.0
2019-02-27 19:33:00+00:00,33,1,18720,2792.75,2793.5,2792.75,2793.0,756,ES.v.0
2019-02-27 19:34:00+00:00,33,1,18720,2793.0,2794.75,2793.0,2794.25,1851,ES.v.0
2019-02-27 19:35:00+00:00,33,1,18720,2794.5,2794.75,2794.0,2794.25,1086,ES.v.0
2019-02-27 19:36:00+00:00,33,1,18720,2794.25,2794.5,2794.25,2794.5,884,ES.v.0
2019-02-27 19:37:00+00:00,33,1,18720,2794.5,2794.5,2794.0,2794.0,370,ES.v.0
2019-02-27 19:38:00+00:00,33,1,18720,2794.25,2794.5,2794.0,2794.25,366,ES.v.0
2019-02-27 19:39:00+00:00,33,1,18720,2794.25,2794.25,2794.0,2794.0,537,ES.v.0
2019-02-27 19:40:00+00:00,33,1,18720,2794.0,2794.25,2793.5,2793.5,576,ES.v.0
2019-02-27 19:41:00+00:00,33,1,18720,2793.5,2794.25,2793.5,2794.25,1262,ES.v.0
2019-02-27 19:42:00+00:00,33,1,18720,2794.0,2796.25,2794.0,2796.0,5326,ES.v.0
2019-02-27 19:43:00+00:00,33,1,18720,2796.0,2796.0,2794.25,2795.0,2671,ES.v.0
2019-02-27 19:44:00+00:00,33,1,18720,2795.0,2795.0,2794.25,2794.25,1250,ES.v.0
2019-02-27 19:45:00+00:00,33,1,18720,2794.5,2794.5,2794.25,2794.25,745,ES.v.0
2019-02-27 19:46:00+00:00,33,1,18720,2794.25,2794.75,2794.25,2794.25,843,ES.v.0
2019-02-27 19:47:00+00:00,33,1,18720,2794.25,2794.25,2793.5,2793.5,1068,ES.v.0
2019-02-27 19:48:00+00:00,33,1,18720,2793.5,2793.75,2793.25,2793.5,1057,ES.v.0
2019-02-27 19:49:00+00:00,33,1,18720,2793.75,2794.25,2793.5,2794.25,831,ES.v.0
2019-02-27 19:50:00+00:00,33,1,18720,2794.0,2794.5,2794.0,2794.25,367,ES.v.0
2019-02-27 19:51:00+00:00,33,1,18720,2794.5,2794.75,2793.0,2793.25,1922,ES.v.0
2019-02-27 19:52:00+00:00,33,1,18720,2793.25,2793.75,2793.25,2793.25,843,ES.v.0
2019-02-27 19:53:00+00:00,33,1,18720,2793.25,2793.5,2792.75,2793.25,1155,ES.v.0
2019-02-27 19:54:00+00:00,33,1,18720,2793.25,2793.5,2791.75,2792.25,3401,ES.v.0
2019-02-27 19:55:00+00:00,33,1,18720,2792.25,2792.75,2792.0,2792.5,1984,ES.v.0
2019-02-27 19:56:00+00:00,33,1,18720,2792.5,2792.75,2792.0,2792.5,690,ES.v.0
2019-02-27 19:57:00+00:00,33,1,18720,2792.5,2793.0,2792.25,2792.5,501,ES.v.0
2019-02-27 19:58:00+00:00,33,1,18720,2792.75,2793.0,2792.25,2792.75,677,ES.v.0
2019-02-27 19:59:00+00:00,33,1,18720,2793.0,2793.75,2792.75,2793.25,1592,ES.v.0
2019-02-27 20:00:00+00:00,33,1,18720,2793.25,2793.5,2792.25,2792.25,1208,ES.v.0
2019-02-27 20:01:00+00:00,33,1,18720,2792.25,2793.75,2792.25,2793.5,1146,ES.v.0
2019-02-27 20:02:00+00:00,33,1,18720,2793.75,2794.25,2793.5,2793.75,890,ES.v.0
2019-02-27 20:03:00+00:00,33,1,18720,2794.0,2794.5,2793.25,2793.25,1520,ES.v.0
2019-02-27 20:04:00+00:00,33,1,18720,2793.25,2793.5,2792.0,2792.25,1885,ES.v.0
2019-02-27 20:05:00+00:00,33,1,18720,2792.25,2793.25,2792.25,2793.0,1259,ES.v.0
2019-02-27 20:06:00+00:00,33,1,18720,2793.0,2793.25,2792.5,2793.0,764,ES.v.0
2019-02-27 20:07:00+00:00,33,1,18720,2792.75,2793.25,2792.5,2793.25,850,ES.v.0
2019-02-27 20:08:00+00:00,33,1,18720,2793.0,2793.5,2793.0,2793.25,542,ES.v.0
2019-02-27 20:09:00+00:00,33,1,18720,2793.25,2794.25,2793.25,2793.75,1011,ES.v.0
2019-02-27 20:10:00+00:00,33,1,18720,2794.0,2794.0,2793.5,2793.75,705,ES.v.0
2019-02-27 20:11:00+00:00,33,1,18720,2793.75,2793.75,2793.25,2793.75,662,ES.v.0
2019-02-27 20:12:00+00:00,33,1,18720,2793.5,2795.0,2793.25,2795.0,2795,ES.v.0
2019-02-27 20:13:00+00:00,33,1,18720,2794.75,2795.75,2794.75,2794.75,2804,ES.v.0
2019-02-27 20:14:00+00:00,33,1,18720,2794.75,2794.75,2794.0,2794.25,1164,ES.v.0
2019-02-27 20:15:00+00:00,33,1,18720,2794.0,2794.5,2794.0,2794.25,1004,ES.v.0
2019-02-27 20:16:00+00:00,33,1,18720,2794.25,2794.25,2794.0,2794.25,1543,ES.v.0
2019-02-27 20:17:00+00:00,33,1,18720,2794.25,2795.0,2794.25,2794.75,1463,ES.v.0
2019-02-27 20:18:00+00:00,33,1,18720,2794.75,2794.75,2794.0,2794.0,705,ES.v.0
2019-02-27 20:19:00+00:00,33,1,18720,2794.0,2794.25,2793.5,2793.5,1228,ES.v.0
2019-02-27 20:20:00+00:00,33,1,18720,2793.75,2793.75,2793.0,2793.0,1483,ES.v.0
2019-02-27 20:21:00+00:00,33,1,18720,2793.0,2793.75,2792.75,2793.25,1521,ES.v.0
2019-02-27 20:22:00+00:00,33,1,18720,2793.0,2793.25,2792.75,2793.0,805,ES.v.0
2019-02-27 20:23:00+00:00,33,1,18720,2793.0,2793.5,2792.75,2793.5,602,ES.v.0
2019-02-27 20:24:00+00:00,33,1,18720,2793.5,2793.5,2792.0,2793.25,2453,ES.v.0
2019-02-27 20:25:00+00:00,33,1,18720,2793.0,2793.75,2793.0,2793.5,1307,ES.v.0
2019-02-27 20:26:00+00:00,33,1,18720,2793.5,2793.75,2793.0,2793.25,521,ES.v.0
2019-02-27 20:27:00+00:00,33,1,18720,2793.25,2793.25,2792.5,2792.5,1051,ES.v.0
2019-02-27 20:28:00+00:00,33,1,18720,2792.5,2792.5,2791.75,2792.0,1139,ES.v.0
2019-02-27 20:29:00+00:00,33,1,18720,2792.0,2792.25,2791.0,2791.25,2719,ES.v.0
2019-02-27 20:30:00+00:00,33,1,18720,2791.25,2791.5,2790.5,2791.25,2515,ES.v.0
2019-02-27 20:31:00+00:00,33,1,18720,2791.5,2792.25,2791.25,2792.0,2329,ES.v.0
2019-02-27 20:32:00+00:00,33,1,18720,2792.0,2792.25,2791.5,2792.25,1251,ES.v.0
2019-02-27 20:33:00+00:00,33,1,18720,2792.25,2792.5,2791.5,2791.75,1056,ES.v.0
2019-02-27 20:34:00+00:00,33,1,18720,2791.75,2792.5,2791.5,2792.0,1185,ES.v.0
2019-02-27 20:35:00+00:00,33,1,18720,2791.75,2792.5,2791.5,2792.25,1031,ES.v.0
2019-02-27 20:36:00+00:00,33,1,18720,2792.25,2793.75,2792.0,2793.0,3215,ES.v.0
2019-02-27 20:37:00+00:00,33,1,18720,2793.0,2793.25,2792.25,2792.25,1456,ES.v.0
2019-02-27 20:38:00+00:00,33,1,18720,2792.5,2793.25,2792.5,2793.0,1343,ES.v.0
2019-02-27 20:39:00+00:00,33,1,18720,2793.0,2793.25,2792.75,2793.25,1925,ES.v.0
2019-02-27 20:40:00+00:00,33,1,18720,2793.25,2793.25,2792.25,2792.25,2345,ES.v.0
2019-02-27 20:41:00+00:00,33,1,18720,2792.25,2792.5,2791.0,2791.0,2123,ES.v.0
2019-02-27 20:42:00+00:00,33,1,18720,2791.0,2791.25,2790.75,2790.75,2019,ES.v.0
2019-02-27 20:43:00+00:00,33,1,18720,2790.75,2791.5,2790.5,2791.5,1813,ES.v.0
2019-02-27 20:44:00+00:00,33,1,18720,2791.5,2791.5,2791.0,2791.0,807,ES.v.0
2019-02-27 20:45:00+00:00,33,1,18720,2791.25,2791.25,2790.25,2791.0,3641,ES.v.0
2019-02-27 20:46:00+00:00,33,1,18720,2790.75,2791.0,2790.5,2791.0,916,ES.v.0
2019-02-27 20:47:00+00:00,33,1,18720,2791.0,2791.25,2790.5,2791.25,1213,ES.v.0
2019-02-27 20:48:00+00:00,33,1,18720,2791.0,2791.25,2790.75,2791.25,1073,ES.v.0
2019-02-27 20:49:00+00:00,33,1,18720,2791.25,2792.0,2790.75,2792.0,1662,ES.v.0
2019-02-27 20:50:00+00:00,33,1,18720,2791.75,2792.5,2791.25,2791.25,1598,ES.v.0
2019-02-27 20:51:00+00:00,33,1,18720,2791.5,2791.5,2790.25,2790.5,1794,ES.v.0
2019-02-27 20:52:00+00:00,33,1,18720,2790.5,2791.0,2790.25,2790.5,2098,ES.v.0
2019-02-27 20:53:00+00:00,33,1,18720,2790.5,2790.5,2789.25,2790.0,2940,ES.v.0
2019-02-27 20:54:00+00:00,33,1,18720,2789.75,2792.0,2789.75,2791.25,6334,ES.v.0
2019-02-27 20:55:00+00:00,33,1,18720,2791.0,2792.25,2791.0,2792.0,4587,ES.v.0
2019-02-27 20:56:00+00:00,33,1,18720,2792.0,2792.25,2791.25,2792.25,2725,ES.v.0
2019-02-27 20:57:00+00:00,33,1,18720,2792.25,2792.5,2791.5,2792.25,2518,ES.v.0
2019-02-27 20:58:00+00:00,33,1,18720,2792.25,2792.5,2791.75,2792.5,4698,ES.v.0
2019-02-27 20:59:00+00:00,33,1,18720,2792.5,2792.75,2791.25,2792.75,25074,ES.v.0
2019-02-27 21:00:00+00:00,33,1,18720,2792.75,2794.75,2791.75,2794.25,15615,ES.v.0
2019-02-27 21:01:00+00:00,33,1,18720,2794.25,2794.5,2793.5,2793.75,3533,ES.v.0
2019-02-27 21:02:00+00:00,33,1,18720,2793.75,2794.0,2793.5,2793.75,2183,ES.v.0
2019-02-27 21:03:00+00:00,33,1,18720,2793.75,2794.25,2793.5,2794.0,1863,ES.v.0
2019-02-27 21:04:00+00:00,33,1,18720,2794.0,2794.25,2793.75,2794.0,1454,ES.v.0
2019-02-27 21:05:00+00:00,33,1,18720,2794.0,2794.25,2793.75,2794.0,1558,ES.v.0
2019-02-27 21:06:00+00:00,33,1,18720,2794.25,2794.75,2794.0,2794.0,1900,ES.v.0
2019-02-27 21:07:00+00:00,33,1,18720,2793.75,2795.5,2793.75,2794.25,3348,ES.v.0
2019-02-27 21:08:00+00:00,33,1,18720,2794.25,2794.5,2794.0,2794.0,577,ES.v.0
2019-02-27 21:09:00+00:00,33,1,18720,2794.0,2794.25,2794.0,2794.25,1340,ES.v.0
2019-02-27 21:10:00+00:00,33,1,18720,2794.25,2794.25,2793.75,2793.75,1383,ES.v.0
2019-02-27 21:11:00+00:00,33,1,18720,2793.75,2794.25,2793.75,2794.25,881,ES.v.0
2019-02-27 21:12:00+00:00,33,1,18720,2794.25,2794.75,2793.75,2794.5,1848,ES.v.0
2019-02-27 21:13:00+00:00,33,1,18720,2794.75,2794.75,2794.0,2794.5,1343,ES.v.0
2019-02-27 21:14:00+00:00,33,1,18720,2794.5,2795.5,2794.0,2795.0,4893,ES.v.0
2019-02-27 21:30:00+00:00,33,1,18720,2795.0,2795.75,2794.75,2795.5,663,ES.v.0
2019-02-27 21:31:00+00:00,33,1,18720,2795.5,2796.0,2795.5,2795.75,510,ES.v.0
2019-02-27 21:32:00+00:00,33,1,18720,2795.75,2797.25,2795.75,2796.75,1292,ES.v.0
2019-02-27 21:33:00+00:00,33,1,18720,2796.5,2796.75,2796.25,2796.25,582,ES.v.0
2019-02-27 21:34:00+00:00,33,1,18720,2796.0,2796.25,2795.75,2796.0,393,ES.v.0
2019-02-27 21:35:00+00:00,33,1,18720,2796.0,2796.5,2795.75,2796.0,370,ES.v.0
2019-02-27 21:36:00+00:00,33,1,18720,2796.0,2796.25,2795.75,2796.25,151,ES.v.0
2019-02-27 21:37:00+00:00,33,1,18720,2796.0,2796.25,2796.0,2796.0,48,ES.v.0
2019-02-27 21:38:00+00:00,33,1,18720,2796.0,2796.0,2795.75,2795.75,95,ES.v.0
2019-02-27 21:39:00+00:00,33,1,18720,2795.75,2796.25,2795.75,2796.25,155,ES.v.0
2019-02-27 21:40:00+00:00,33,1,18720,2796.25,2796.5,2796.0,2796.5,165,ES.v.0
2019-02-27 21:41:00+00:00,33,1,18720,2796.25,2796.5,2796.25,2796.5,30,ES.v.0
2019-02-27 21:42:00+00:00,33,1,18720,2796.25,2796.75,2796.25,2796.75,346,ES.v.0
2019-02-27 21:43:00+00:00,33,1,18720,2796.5,2796.75,2796.25,2796.5,122,ES.v.0
2019-02-27 21:44:00+00:00,33,1,18720,2796.5,2796.75,2796.5,2796.75,32,ES.v.0
2019-02-27 21:45:00+00:00,33,1,18720,2796.75,2796.75,2796.5,2796.75,174,ES.v.0
2019-02-27 21:46:00+00:00,33,1,18720,2796.75,2796.75,2796.5,2796.75,247,ES.v.0
2019-02-27 21:47:00+00:00,33,1,18720,2796.75,2797.0,2796.5,2796.75,124,ES.v.0
2019-02-27 21:48:00+00:00,33,1,18720,2796.75,2797.0,2796.5,2796.5,121,ES.v.0
2019-02-27 21:49:00+00:00,33,1,18720,2796.5,2796.5,2796.25,2796.25,238,ES.v.0
2019-02-27 21:50:00+00:00,33,1,18720,2796.25,2796.75,2796.25,2796.75,109,ES.v.0
2019-02-27 21:51:00+00:00,33,1,18720,2796.5,2796.75,2796.5,2796.75,18,ES.v.0
2019-02-27 21:52:00+00:00,33,1,18720,2796.5,2796.75,2796.5,2796.75,28,ES.v.0
2019-02-27 21:53:00+00:00,33,1,18720,2796.5,2797.0,2796.5,2796.75,593,ES.v.0
2019-02-27 21:54:00+00:00,33,1,18720,2796.75,2797.0,2796.5,2796.75,265,ES.v.0
2019-02-27 21:55:00+00:00,33,1,18720,2796.75,2797.0,2796.25,2796.25,307,ES.v.0
2019-02-27 21:56:00+00:00,33,1,18720,2796.25,2796.5,2796.25,2796.5,212,ES.v.0
2019-02-27 21:57:00+00:00,33,1,18720,2796.5,2796.5,2796.25,2796.25,87,ES.v.0
2019-02-27 21:58:00+00:00,33,1,18720,2796.25,2796.5,2796.25,2796.5,207,ES.v.0
2019-02-27 21:59:00+00:00,33,1,18720,2796.75,2796.75,2796.25,2796.5,663,ES.v.0
2019-02-27 23:00:00+00:00,33,1,18720,2795.25,2795.75,2794.25,2794.5,1336,ES.v.0
2019-02-27 23:01:00+00:00,33,1,18720,2794.5,2794.75,2794.0,2794.25,402,ES.v.0
2019-02-27 23:02:00+00:00,33,1,18720,2794.5,2795.0,2794.25,2794.5,294,ES.v.0
2019-02-27 23:03:00+00:00,33,1,18720,2794.75,2795.0,2794.5,2795.0,277,ES.v.0
2019-02-27 23:04:00+00:00,33,1,18720,2794.75,2795.25,2794.75,2795.0,203,ES.v.0
2019-02-27 23:05:00+00:00,33,1,18720,2795.0,2795.25,2795.0,2795.25,155,ES.v.0
2019-02-27 23:06:00+00:00,33,1,18720,2795.0,2795.25,2794.5,2794.75,197,ES.v.0
2019-02-27 23:07:00+00:00,33,1,18720,2794.75,2795.0,2794.5,2795.0,113,ES.v.0
2019-02-27 23:08:00+00:00,33,1,18720,2794.75,2795.0,2794.75,2795.0,40,ES.v.0
2019-02-27 23:09:00+00:00,33,1,18720,2794.75,2795.0,2794.75,2795.0,18,ES.v.0
2019-02-27 23:10:00+00:00,33,1,18720,2795.0,2795.5,2795.0,2795.5,112,ES.v.0
2019-02-27 23:11:00+00:00,33,1,18720,2795.5,2795.75,2795.5,2795.5,112,ES.v.0
2019-02-27 23:12:00+00:00,33,1,18720,2795.5,2795.75,2795.0,2795.5,174,ES.v.0
2019-02-27 23:13:00+00:00,33,1,18720,2795.5,2795.5,2795.25,2795.5,64,ES.v.0
2019-02-27 23:14:00+00:00,33,1,18720,2795.25,2795.5,2795.25,2795.5,92,ES.v.0
2019-02-27 23:15:00+00:00,33,1,18720,2795.25,2795.75,2795.25,2795.5,89,ES.v.0
2019-02-27 23:16:00+00:00,33,1,18720,2795.5,2795.5,2795.0,2795.25,153,ES.v.0
2019-02-27 23:17:00+00:00,33,1,18720,2795.0,2795.25,2794.75,2795.0,85,ES.v.0
2019-02-27 23:18:00+00:00,33,1,18720,2795.0,2795.0,2794.75,2795.0,44,ES.v.0
2019-02-27 23:19:00+00:00,33,1,18720,2795.0,2795.25,2795.0,2795.0,40,ES.v.0
2019-02-27 23:20:00+00:00,33,1,18720,2795.25,2795.25,2795.0,2795.0,24,ES.v.0
2019-02-27 23:21:00+00:00,33,1,18720,2795.0,2795.0,2794.75,2794.75,77,ES.v.0
2019-02-27 23:22:00+00:00,33,1,18720,2794.75,2794.75,2794.25,2794.25,191,ES.v.0
2019-02-27 23:23:00+00:00,33,1,18720,2794.25,2794.5,2794.0,2794.5,196,ES.v.0
2019-02-27 23:24:00+00:00,33,1,18720,2794.5,2794.75,2794.5,2794.75,97,ES.v.0
2019-02-27 23:25:00+00:00,33,1,18720,2794.75,2794.75,2794.25,2794.5,121,ES.v.0
2019-02-27 23:26:00+00:00,33,1,18720,2794.5,2795.0,2794.5,2794.5,85,ES.v.0
2019-02-27 23:27:00+00:00,33,1,18720,2794.75,2794.75,2794.25,2794.75,143,ES.v.0
2019-02-27 23:28:00+00:00,33,1,18720,2794.75,2794.75,2794.5,2794.5,52,ES.v.0
2019-02-27 23:29:00+00:00,33,1,18720,2794.5,2794.75,2794.5,2794.75,87,ES.v.0
2019-02-27 23:30:00+00:00,33,1,18720,2794.75,2795.0,2794.75,2795.0,40,ES.v.0
2019-02-27 23:31:00+00:00,33,1,18720,2795.0,2795.0,2794.25,2794.5,105,ES.v.0
2019-02-27 23:32:00+00:00,33,1,18720,2794.25,2794.25,2794.0,2794.0,70,ES.v.0
2019-02-27 23:33:00+00:00,33,1,18720,2794.0,2794.0,2793.75,2794.0,98,ES.v.0
2019-02-27 23:34:00+00:00,33,1,18720,2793.75,2794.25,2793.75,2794.0,68,ES.v.0
2019-02-27 23:35:00+00:00,33,1,18720,2794.0,2794.25,2794.0,2794.0,17,ES.v.0
2019-02-27 23:36:00+00:00,33,1,18720,2794.0,2794.5,2794.0,2794.0,185,ES.v.0
2019-02-27 23:37:00+00:00,33,1,18720,2794.0,2794.0,2794.0,2794.0,6,ES.v.0
2019-02-27 23:38:00+00:00,33,1,18720,2794.25,2794.25,2794.0,2794.0,34,ES.v.0
2019-02-27 23:39:00+00:00,33,1,18720,2794.25,2794.25,2794.0,2794.0,6,ES.v.0
2019-02-27 23:40:00+00:00,33,1,18720,2794.0,2794.25,2794.0,2794.25,4,ES.v.0
2019-02-27 23:41:00+00:00,33,1,18720,2794.25,2794.5,2794.0,2794.5,73,ES.v.0
2019-02-27 23:42:00+00:00,33,1,18720,2794.25,2794.5,2794.25,2794.25,14,ES.v.0
2019-02-27 23:43:00+00:00,33,1,18720,2794.5,2795.0,2794.5,2795.0,137,ES.v.0
2019-02-27 23:44:00+00:00,33,1,18720,2795.0,2795.0,2794.75,2794.75,31,ES.v.0
2019-02-27 23:45:00+00:00,33,1,18720,2794.75,2795.0,2794.5,2794.75,132,ES.v.0
2019-02-27 23:46:00+00:00,33,1,18720,2794.75,2794.75,2794.5,2794.5,98,ES.v.0
2019-02-27 23:47:00+00:00,33,1,18720,2794.5,2794.5,2794.25,2794.25,24,ES.v.0
2019-02-27 23:48:00+00:00,33,1,18720,2794.25,2794.25,2794.25,2794.25,9,ES.v.0
2019-02-27 23:49:00+00:00,33,1,18720,2794.25,2794.25,2794.0,2794.25,104,ES.v.0
2019-02-27 23:50:00+00:00,33,1,18720,2794.25,2794.25,2794.0,2794.0,27,ES.v.0
2019-02-27 23:51:00+00:00,33,1,18720,2794.0,2794.0,2793.75,2794.0,100,ES.v.0
2019-02-27 23:52:00+00:00,33,1,18720,2794.0,2794.0,2793.75,2794.0,96,ES.v.0
2019-02-27 23:53:00+00:00,33,1,18720,2794.0,2794.0,2794.0,2794.0,2,ES.v.0
2019-02-27 23:54:00+00:00,33,1,18720,2794.25,2794.5,2794.25,2794.5,27,ES.v.0
2019-02-27 23:55:00+00:00,33,1,18720,2794.5,2794.5,2794.25,2794.5,115,ES.v.0
2019-02-27 23:56:00+00:00,33,1,18720,2794.5,2794.75,2794.5,2794.5,75,ES.v.0
2019-02-27 23:57:00+00:00,33,1,18720,2794.75,2794.75,2794.5,2794.5,73,ES.v.0
2019-02-27 23:58:00+00:00,33,1,18720,2794.75,2794.75,2794.5,2794.5,9,ES.v.0
2019-02-27 23:59:00+00:00,33,1,18720,2794.75,2794.75,2794.5,2794.75,32,ES.v.0
2019-02-28 00:00:00+00:00,33,1,18720,2794.75,2794.75,2793.75,2794.0,294,ES.v.0
2019-02-28 00:01:00+00:00,33,1,18720,2794.0,2794.0,2792.75,2793.0,644,ES.v.0
2019-02-28 00:02:00+00:00,33,1,18720,2793.0,2793.25,2792.25,2792.25,408,ES.v.0
2019-02-28 00:03:00+00:00,33,1,18720,2792.25,2793.0,2792.25,2793.0,194,ES.v.0
2019-02-28 00:04:00+00:00,33,1,18720,2793.0,2793.0,2792.25,2792.5,155,ES.v.0
2019-02-28 00:05:00+00:00,33,1,18720,2792.75,2792.75,2792.25,2792.5,220,ES.v.0
2019-02-28 00:06:00+00:00,33,1,18720,2792.5,2792.75,2792.25,2792.75,176,ES.v.0
2019-02-28 00:07:00+00:00,33,1,18720,2792.75,2792.75,2792.0,2792.5,409,ES.v.0
2019-02-28 00:08:00+00:00,33,1,18720,2792.75,2792.75,2792.25,2792.5,144,ES.v.0
2019-02-28 00:09:00+00:00,33,1,18720,2792.5,2792.5,2792.0,2792.25,98,ES.v.0
2019-02-28 00:10:00+00:00,33,1,18720,2792.5,2792.5,2792.0,2792.25,90,ES.v.0
2019-02-28 00:11:00+00:00,33,1,18720,2792.25,2792.25,2791.75,2791.75,162,ES.v.0
2019-02-28 00:12:00+00:00,33,1,18720,2792.0,2792.75,2792.0,2792.75,176,ES.v.0
2019-02-28 00:13:00+00:00,33,1,18720,2792.75,2792.75,2792.0,2792.25,227,ES.v.0
2019-02-28 00:14:00+00:00,33,1,18720,2792.5,2792.5,2792.25,2792.25,18,ES.v.0
2019-02-28 00:15:00+00:00,33,1,18720,2792.25,2792.25,2791.75,2792.0,148,ES.v.0
2019-02-28 00:16:00+00:00,33,1,18720,2792.0,2792.25,2791.75,2792.0,173,ES.v.0
2019-02-28 00:17:00+00:00,33,1,18720,2792.0,2792.0,2791.75,2792.0,202,ES.v.0
2019-02-28 00:18:00+00:00,33,1,18720,2792.0,2792.25,2791.75,2792.0,161,ES.v.0
2019-02-28 00:19:00+00:00,33,1,18720,2792.0,2792.0,2791.5,2791.75,175,ES.v.0
2019-02-28 00:20:00+00:00,33,1,18720,2791.75,2792.0,2791.5,2791.5,85,ES.v.0
2019-02-28 00:21:00+00:00,33,1,18720,2791.75,2791.75,2791.25,2791.5,306,ES.v.0
2019-02-28 00:22:00+00:00,33,1,18720,2791.5,2791.75,2791.5,2791.75,102,ES.v.0
2019-02-28 00:23:00+00:00,33,1,18720,2791.75,2793.0,2791.75,2792.5,450,ES.v.0
2019-02-28 00:24:00+00:00,33,1,18720,2792.5,2792.75,2792.25,2792.25,74,ES.v.0
2019-02-28 00:25:00+00:00,33,1,18720,2792.25,2792.25,2792.0,2792.25,132,ES.v.0
2019-02-28 00:26:00+00:00,33,1,18720,2792.25,2792.5,2792.25,2792.5,34,ES.v.0
2019-02-28 00:27:00+00:00,33,1,18720,2792.5,2792.75,2792.5,2792.75,104,ES.v.0
2019-02-28 00:28:00+00:00,33,1,18720,2792.75,2792.75,2792.0,2792.25,177,ES.v.0
2019-02-28 00:29:00+00:00,33,1,18720,2792.5,2792.75,2792.25,2792.5,48,ES.v.0
2019-02-28 00:30:00+00:00,33,1,18720,2792.25,2793.25,2792.25,2792.75,313,ES.v.0
2019-02-28 00:31:00+00:00,33,1,18720,2792.75,2792.75,2792.25,2792.75,215,ES.v.0
2019-02-28 00:32:00+00:00,33,1,18720,2793.0,2793.0,2792.5,2792.75,68,ES.v.0
2019-02-28 00:33:00+00:00,33,1,18720,2793.0,2793.0,2792.75,2792.75,79,ES.v.0
2019-02-28 00:34:00+00:00,33,1,18720,2792.75,2793.0,2792.5,2792.5,81,ES.v.0
2019-02-28 00:35:00+00:00,33,1,18720,2792.5,2792.5,2792.5,2792.5,64,ES.v.0
2019-02-28 00:36:00+00:00,33,1,18720,2792.5,2792.5,2792.5,2792.5,26,ES.v.0
2019-02-28 00:37:00+00:00,33,1,18720,2792.75,2792.75,2792.5,2792.5,41,ES.v.0
2019-02-28 00:38:00+00:00,33,1,18720,2792.5,2792.5,2791.75,2792.0,255,ES.v.0
2019-02-28 00:39:00+00:00,33,1,18720,2792.0,2792.25,2791.75,2791.75,274,ES.v.0
2019-02-28 00:40:00+00:00,33,1,18720,2792.0,2792.25,2791.75,2792.0,45,ES.v.0
2019-02-28 00:41:00+00:00,33,1,18720,2792.0,2792.0,2791.75,2791.75,7,ES.v.0
2019-02-28 00:42:00+00:00,33,1,18720,2792.0,2792.0,2791.5,2791.5,179,ES.v.0
2019-02-28 00:43:00+00:00,33,1,18720,2791.5,2791.75,2791.25,2791.25,183,ES.v.0
2019-02-28 00:44:00+00:00,33,1,18720,2791.5,2791.5,2791.0,2791.5,227,ES.v.0
2019-02-28 00:45:00+00:00,33,1,18720,2791.5,2791.5,2791.0,2791.0,136,ES.v.0
2019-02-28 00:46:00+00:00,33,1,18720,2791.25,2791.75,2791.0,2791.75,42,ES.v.0
2019-02-28 00:47:00+00:00,33,1,18720,2791.75,2791.75,2791.5,2791.5,38,ES.v.0
2019-02-28 00:48:00+00:00,33,1,18720,2791.75,2791.75,2791.5,2791.5,14,ES.v.0
2019-02-28 00:49:00+00:00,33,1,18720,2791.75,2791.75,2791.5,2791.5,74,ES.v.0
2019-02-28 00:50:00+00:00,33,1,18720,2791.5,2791.75,2791.5,2791.5,67,ES.v.0
2019-02-28 00:51:00+00:00,33,1,18720,2791.5,2791.5,2791.25,2791.25,13,ES.v.0
2019-02-28 00:52:00+00:00,33,1,18720,2791.25,2791.5,2791.25,2791.5,15,ES.v.0
2019-02-28 00:53:00+00:00,33,1,18720,2791.5,2791.5,2791.25,2791.25,25,ES.v.0
2019-02-28 00:54:00+00:00,33,1,18720,2791.5,2791.75,2791.5,2791.75,153,ES.v.0
2019-02-28 00:55:00+00:00,33,1,18720,2792.0,2792.0,2791.5,2791.5,138,ES.v.0
2019-02-28 00:56:00+00:00,33,1,18720,2791.75,2792.0,2791.75,2792.0,52,ES.v.0
2019-02-28 00:57:00+00:00,33,1,18720,2792.0,2792.25,2792.0,2792.25,101,ES.v.0
2019-02-28 00:58:00+00:00,33,1,18720,2792.25,2792.25,2792.25,2792.25,13,ES.v.0
2019-02-28 00:59:00+00:00,33,1,18720,2792.25,2792.25,2790.75,2791.0,765,ES.v.0
2019-02-28 01:00:00+00:00,33,1,18720,2791.0,2791.0,2790.0,2791.0,777,ES.v.0
2019-02-28 01:01:00+00:00,33,1,18720,2791.0,2792.0,2791.0,2791.75,338,ES.v.0
2019-02-28 01:02:00+00:00,33,1,18720,2792.0,2792.75,2792.0,2792.0,559,ES.v.0
2019-02-28 01:03:00+00:00,33,1,18720,2792.25,2792.25,2791.5,2792.0,243,ES.v.0
2019-02-28 01:04:00+00:00,33,1,18720,2792.0,2792.0,2791.0,2791.25,133,ES.v.0
2019-02-28 01:05:00+00:00,33,1,18720,2791.5,2792.0,2791.5,2792.0,91,ES.v.0
2019-02-28 01:06:00+00:00,33,1,18720,2792.0,2792.75,2792.0,2792.5,134,ES.v.0
2019-02-28 01:07:00+00:00,33,1,18720,2792.75,2792.75,2792.25,2792.25,76,ES.v.0
2019-02-28 01:08:00+00:00,33,1,18720,2792.5,2792.75,2792.25,2792.5,112,ES.v.0
2019-02-28 01:09:00+00:00,33,1,18720,2792.5,2792.5,2792.25,2792.25,55,ES.v.0
2019-02-28 01:10:00+00:00,33,1,18720,2792.25,2792.5,2792.25,2792.5,34,ES.v.0
2019-02-28 01:11:00+00:00,33,1,18720,2792.5,2792.75,2792.5,2792.75,82,ES.v.0
2019-02-28 01:12:00+00:00,33,1,18720,2792.75,2792.75,2792.25,2792.5,154,ES.v.0
2019-02-28 01:13:00+00:00,33,1,18720,2792.5,2793.0,2792.5,2793.0,103,ES.v.0
2019-02-28 01:14:00+00:00,33,1,18720,2793.0,2793.0,2792.25,2792.25,63,ES.v.0
2019-02-28 01:15:00+00:00,33,1,18720,2792.5,2792.5,2792.0,2792.25,230,ES.v.0
2019-02-28 01:16:00+00:00,33,1,18720,2792.25,2793.0,2792.0,2792.75,357,ES.v.0
2019-02-28 01:17:00+00:00,33,1,18720,2792.75,2792.75,2792.25,2792.25,111,ES.v.0
2019-02-28 01:18:00+00:00,33,1,18720,2792.25,2792.5,2792.0,2792.25,142,ES.v.0
2019-02-28 01:19:00+00:00,33,1,18720,2792.25,2792.75,2791.75,2792.5,237,ES.v.0
2019-02-28 01:20:00+00:00,33,1,18720,2792.5,2792.75,2792.0,2792.25,182,ES.v.0
2019-02-28 01:21:00+00:00,33,1,18720,2792.5,2792.5,2792.0,2792.5,69,ES.v.0
2019-02-28 01:22:00+00:00,33,1,18720,2792.5,2792.5,2791.5,2791.75,221,ES.v.0
2019-02-28 01:23:00+00:00,33,1,18720,2791.75,2792.25,2791.5,2792.0,183,ES.v.0
2019-02-28 01:24:00+00:00,33,1,18720,2792.25,2792.25,2791.75,2791.75,200,ES.v.0
2019-02-28 01:25:00+00:00,33,1,18720,2791.75,2792.0,2791.5,2791.75,211,ES.v.0
2019-02-28 01:26:00+00:00,33,1,18720,2791.75,2791.75,2791.0,2791.75,244,ES.v.0
2019-02-28 01:27:00+00:00,33,1,18720,2792.0,2792.0,2791.0,2791.25,151,ES.v.0
2019-02-28 01:28:00+00:00,33,1,18720,2791.0,2791.5,2790.75,2791.5,211,ES.v.0
2019-02-28 01:29:00+00:00,33,1,18720,2791.25,2791.5,2791.25,2791.25,59,ES.v.0
2019-02-28 01:30:00+00:00,33,1,18720,2791.25,2792.0,2791.25,2791.5,225,ES.v.0
2019-02-28 01:31:00+00:00,33,1,18720,2791.5,2792.25,2791.5,2792.0,137,ES.v.0
2019-02-28 01:32:00+00:00,33,1,18720,2792.0,2792.0,2791.75,2791.75,182,ES.v.0
2019-02-28 01:33:00+00:00,33,1,18720,2791.75,2792.25,2791.75,2792.25,90,ES.v.0
2019-02-28 01:34:00+00:00,33,1,18720,2792.25,2792.75,2792.25,2792.5,173,ES.v.0
2019-02-28 01:35:00+00:00,33,1,18720,2792.5,2792.75,2792.5,2792.75,124,ES.v.0
2019-02-28 01:36:00+00:00,33,1,18720,2792.75,2792.75,2792.0,2792.25,173,ES.v.0
2019-02-28 01:37:00+00:00,33,1,18720,2792.25,2792.25,2791.75,2791.75,210,ES.v.0
2019-02-28 01:38:00+00:00,33,1,18720,2791.75,2791.75,2791.25,2791.25,46,ES.v.0
2019-02-28 01:39:00+00:00,33,1,18720,2791.5,2791.5,2791.25,2791.25,73,ES.v.0
2019-02-28 01:40:00+00:00,33,1,18720,2791.5,2792.5,2791.5,2792.25,243,ES.v.0
2019-02-28 01:41:00+00:00,33,1,18720,2792.0,2792.25,2791.75,2791.75,80,ES.v.0
2019-02-28 01:42:00+00:00,33,1,18720,2791.75,2792.0,2791.5,2792.0,72,ES.v.0
2019-02-28 01:43:00+00:00,33,1,18720,2792.25,2792.25,2792.0,2792.25,86,ES.v.0
2019-02-28 01:44:00+00:00,33,1,18720,2792.25,2792.25,2791.5,2791.75,77,ES.v.0
2019-02-28 01:45:00+00:00,33,1,18720,2791.75,2792.75,2791.75,2792.75,214,ES.v.0
2019-02-28 01:46:00+00:00,33,1,18720,2792.75,2792.75,2792.0,2792.0,113,ES.v.0
2019-02-28 01:47:00+00:00,33,1,18720,2792.0,2792.25,2791.75,2791.75,94,ES.v.0
2019-02-28 01:48:00+00:00,33,1,18720,2792.0,2792.0,2791.75,2791.75,40,ES.v.0
2019-02-28 01:49:00+00:00,33,1,18720,2791.75,2792.5,2791.5,2792.5,93,ES.v.0
2019-02-28 01:50:00+00:00,33,1,18720,2792.25,2792.75,2792.25,2792.75,111,ES.v.0
2019-02-28 01:51:00+00:00,33,1,18720,2792.75,2793.0,2792.75,2792.75,85,ES.v.0
2019-02-28 01:52:00+00:00,33,1,18720,2793.0,2793.25,2792.75,2793.0,133,ES.v.0
2019-02-28 01:53:00+00:00,33,1,18720,2792.75,2792.75,2792.25,2792.75,84,ES.v.0
2019-02-28 01:54:00+00:00,33,1,18720,2792.75,2792.75,2792.5,2792.5,46,ES.v.0
2019-02-28 01:55:00+00:00,33,1,18720,2792.75,2792.75,2792.25,2792.5,47,ES.v.0
2019-02-28 01:56:00+00:00,33,1,18720,2792.5,2793.0,2792.5,2792.75,68,ES.v.0
2019-02-28 01:57:00+00:00,33,1,18720,2792.75,2793.0,2792.75,2793.0,28,ES.v.0
2019-02-28 01:58:00+00:00,33,1,18720,2793.0,2793.25,2792.75,2793.25,152,ES.v.0
2019-02-28 01:59:00+00:00,33,1,18720,2793.25,2793.75,2793.25,2793.5,210,ES.v.0
2019-02-28 02:00:00+00:00,33,1,18720,2793.75,2793.75,2793.0,2793.25,155,ES.v.0
2019-02-28 02:01:00+00:00,33,1,18720,2793.25,2793.25,2792.75,2792.75,168,ES.v.0
2019-02-28 02:02:00+00:00,33,1,18720,2792.75,2793.0,2792.5,2792.75,72,ES.v.0
2019-02-28 02:03:00+00:00,33,1,18720,2792.5,2792.5,2792.5,2792.5,60,ES.v.0
2019-02-28 02:04:00+00:00,33,1,18720,2792.25,2792.75,2792.25,2792.5,59,ES.v.0
2019-02-28 02:05:00+00:00,33,1,18720,2792.75,2793.25,2792.75,2793.0,152,ES.v.0
2019-02-28 02:06:00+00:00,33,1,18720,2792.75,2792.75,2792.75,2792.75,20,ES.v.0
2019-02-28 02:07:00+00:00,33,1,18720,2793.0,2793.25,2793.0,2793.25,38,ES.v.0
2019-02-28 02:08:00+00:00,33,1,18720,2793.25,2793.25,2792.75,2792.75,52,ES.v.0
2019-02-28 02:09:00+00:00,33,1,18720,2792.75,2793.25,2792.75,2793.25,71,ES.v.0
2019-02-28 02:10:00+00:00,33,1,18720,2793.25,2793.5,2793.25,2793.25,78,ES.v.0
2019-02-28 02:11:00+00:00,33,1,18720,2793.25,2793.25,2793.0,2793.25,33,ES.v.0
2019-02-28 02:12:00+00:00,33,1,18720,2793.25,2793.25,2793.25,2793.25,74,ES.v.0
2019-02-28 02:13:00+00:00,33,1,18720,2793.0,2793.25,2793.0,2793.25,12,ES.v.0
2019-02-28 02:14:00+00:00,33,1,18720,2793.25,2793.75,2793.25,2793.75,81,ES.v.0
2019-02-28 02:15:00+00:00,33,1,18720,2793.75,2794.0,2793.75,2793.75,189,ES.v.0
2019-02-28 02:16:00+00:00,33,1,18720,2793.75,2794.0,2793.75,2794.0,77,ES.v.0
2019-02-28 02:17:00+00:00,33,1,18720,2794.0,2794.0,2793.75,2794.0,32,ES.v.0
2019-02-28 02:18:00+00:00,33,1,18720,2794.0,2794.0,2793.75,2794.0,110,ES.v.0
2019-02-28 02:19:00+00:00,33,1,18720,2794.0,2794.25,2793.75,2794.0,312,ES.v.0
2019-02-28 02:20:00+00:00,33,1,18720,2794.0,2794.0,2793.75,2794.0,35,ES.v.0
2019-02-28 02:21:00+00:00,33,1,18720,2794.0,2794.0,2793.75,2794.0,67,ES.v.0
2019-02-28 02:22:00+00:00,33,1,18720,2794.0,2794.0,2793.25,2793.25,253,ES.v.0
2019-02-28 02:23:00+00:00,33,1,18720,2793.25,2793.75,2793.25,2793.75,46,ES.v.0
2019-02-28 02:24:00+00:00,33,1,18720,2793.75,2794.0,2793.75,2794.0,91,ES.v.0
2019-02-28 02:25:00+00:00,33,1,18720,2794.0,2794.5,2794.0,2794.25,164,ES.v.0
2019-02-28 02:26:00+00:00,33,1,18720,2794.25,2794.25,2794.0,2794.0,58,ES.v.0
2019-02-28 02:27:00+00:00,33,1,18720,2794.25,2794.25,2794.0,2794.25,149,ES.v.0
2019-02-28 02:28:00+00:00,33,1,18720,2794.25,2794.5,2794.0,2794.0,24,ES.v.0
2019-02-28 02:29:00+00:00,33,1,18720,2794.0,2794.25,2794.0,2794.25,174,ES.v.0
2019-02-28 02:30:00+00:00,33,1,18720,2794.25,2794.25,2793.75,2793.75,264,ES.v.0
2019-02-28 02:31:00+00:00,33,1,18720,2794.0,2794.0,2793.5,2793.75,231,ES.v.0
2019-02-28 02:32:00+00:00,33,1,18720,2794.0,2794.0,2793.5,2793.5,75,ES.v.0
2019-02-28 02:33:00+00:00,33,1,18720,2793.5,2793.5,2792.75,2793.0,606,ES.v.0
2019-02-28 02:34:00+00:00,33,1,18720,2793.0,2793.0,2792.25,2792.5,441,ES.v.0
2019-02-28 02:35:00+00:00,33,1,18720,2792.5,2793.0,2792.5,2792.75,71,ES.v.0
2019-02-28 02:36:00+00:00,33,1,18720,2792.75,2792.75,2792.5,2792.75,47,ES.v.0
2019-02-28 02:37:00+00:00,33,1,18720,2792.75,2793.25,2792.75,2792.75,79,ES.v.0
2019-02-28 02:38:00+00:00,33,1,18720,2793.0,2793.0,2792.75,2793.0,37,ES.v.0
2019-02-28 02:39:00+00:00,33,1,18720,2793.0,2793.5,2793.0,2793.5,101,ES.v.0
2019-02-28 02:40:00+00:00,33,1,18720,2793.5,2793.5,2793.5,2793.5,48,ES.v.0
2019-02-28 02:41:00+00:00,33,1,18720,2793.5,2793.5,2793.5,2793.5,45,ES.v.0
2019-02-28 02:42:00+00:00,33,1,18720,2793.5,2793.5,2793.25,2793.5,43,ES.v.0
2019-02-28 02:43:00+00:00,33,1,18720,2793.75,2793.75,2793.0,2793.0,96,ES.v.0
2019-02-28 02:44:00+00:00,33,1,18720,2793.0,2793.25,2793.0,2793.25,57,ES.v.0
2019-02-28 02:45:00+00:00,33,1,18720,2793.5,2794.25,2793.5,2794.25,175,ES.v.0
2019-02-28 02:46:00+00:00,33,1,18720,2794.0,2794.0,2793.75,2793.75,77,ES.v.0
2019-02-28 02:47:00+00:00,33,1,18720,2794.0,2794.0,2793.0,2793.25,141,ES.v.0
2019-02-28 02:48:00+00:00,33,1,18720,2793.0,2793.0,2792.75,2793.0,312,ES.v.0
2019-02-28 02:49:00+00:00,33,1,18720,2793.0,2793.25,2793.0,2793.0,74,ES.v.0
2019-02-28 02:50:00+00:00,33,1,18720,2793.0,2793.0,2793.0,2793.0,28,ES.v.0
2019-02-28 02:51:00+00:00,33,1,18720,2793.0,2793.0,2792.75,2793.0,86,ES.v.0
2019-02-28 02:52:00+00:00,33,1,18720,2793.0,2793.25,2793.0,2793.25,26,ES.v.0
2019-02-28 02:53:00+00:00,33,1,18720,2793.25,2793.25,2793.25,2793.25,45,ES.v.0
2019-02-28 02:54:00+00:00,33,1,18720,2793.25,2793.25,2793.0,2793.0,36,ES.v.0
2019-02-28 02:55:00+00:00,33,1,18720,2793.25,2793.25,2792.75,2792.75,81,ES.v.0
2019-02-28 02:56:00+00:00,33,1,18720,2792.75,2793.0,2792.5,2792.75,68,ES.v.0
2019-02-28 02:57:00+00:00,33,1,18720,2792.75,2792.75,2792.5,2792.75,82,ES.v.0
2019-02-28 02:58:00+00:00,33,1,18720,2792.75,2792.75,2792.25,2792.25,46,ES.v.0
2019-02-28 02:59:00+00:00,33,1,18720,2792.25,2792.75,2792.25,2792.5,99,ES.v.0
2019-02-28 03:00:00+00:00,33,1,18720,2792.75,2792.75,2792.5,2792.5,69,ES.v.0
2019-02-28 03:01:00+00:00,33,1,18720,2792.75,2792.75,2792.75,2792.75,40,ES.v.0
2019-02-28 03:02:00+00:00,33,1,18720,2793.0,2793.0,2792.75,2792.75,58,ES.v.0
2019-02-28 03:03:00+00:00,33,1,18720,2792.75,2792.75,2792.5,2792.75,85,ES.v.0
2019-02-28 03:04:00+00:00,33,1,18720,2792.75,2792.75,2792.5,2792.5,13,ES.v.0
2019-02-28 03:05:00+00:00,33,1,18720,2792.5,2792.75,2792.5,2792.5,81,ES.v.0
2019-02-28 03:06:00+00:00,33,1,18720,2792.5,2792.5,2792.0,2792.0,40,ES.v.0
2019-02-28 03:07:00+00:00,33,1,18720,2792.25,2792.25,2792.0,2792.25,102,ES.v.0
2019-02-28 03:08:00+00:00,33,1,18720,2792.25,2792.5,2792.0,2792.0,137,ES.v.0
2019-02-28 03:09:00+00:00,33,1,18720,2792.0,2792.5,2792.0,2792.5,26,ES.v.0
2019-02-28 03:10:00+00:00,33,1,18720,2792.5,2792.5,2792.0,2792.25,69,ES.v.0
2019-02-28 03:11:00+00:00,33,1,18720,2792.25,2792.5,2792.0,2792.5,22,ES.v.0
2019-02-28 03:12:00+00:00,33,1,18720,2792.25,2792.5,2792.25,2792.25,87,ES.v.0
2019-02-28 03:13:00+00:00,33,1,18720,2792.5,2792.5,2792.25,2792.25,163,ES.v.0
2019-02-28 03:14:00+00:00,33,1,18720,2792.25,2792.25,2792.0,2792.0,39,ES.v.0
2019-02-28 03:15:00+00:00,33,1,18720,2792.0,2792.0,2791.75,2791.75,103,ES.v.0
2019-02-28 03:16:00+00:00,33,1,18720,2791.75,2792.25,2791.5,2792.0,167,ES.v.0
2019-02-28 03:17:00+00:00,33,1,18720,2791.75,2792.0,2791.75,2791.75,107,ES.v.0
2019-02-28 03:18:00+00:00,33,1,18720,2791.75,2792.0,2791.25,2792.0,172,ES.v.0
2019-02-28 03:19:00+00:00,33,1,18720,2791.75,2791.75,2791.75,2791.75,31,ES.v.0
2019-02-28 03:20:00+00:00,33,1,18720,2791.75,2792.0,2791.75,2792.0,89,ES.v.0
2019-02-28 03:21:00+00:00,33,1,18720,2792.0,2792.5,2792.0,2792.5,83,ES.v.0
2019-02-28 03:22:00+00:00,33,1,18720,2792.5,2792.5,2792.5,2792.5,124,ES.v.0
2019-02-28 03:23:00+00:00,33,1,18720,2792.5,2792.5,2792.5,2792.5,58,ES.v.0
2019-02-28 03:24:00+00:00,33,1,18720,2792.25,2792.25,2792.25,2792.25,54,ES.v.0
2019-02-28 03:25:00+00:00,33,1,18720,2792.25,2792.5,2792.25,2792.25,40,ES.v.0
2019-02-28 03:26:00+00:00,33,1,18720,2792.25,2792.5,2792.25,2792.25,24,ES.v.0
2019-02-28 03:27:00+00:00,33,1,18720,2792.25,2792.25,2792.25,2792.25,7,ES.v.0
2019-02-28 03:28:00+00:00,33,1,18720,2792.25,2792.25,2792.0,2792.0,14,ES.v.0
2019-02-28 03:29:00+00:00,33,1,18720,2792.0,2792.0,2791.75,2791.75,38,ES.v.0
2019-02-28 03:30:00+00:00,33,1,18720,2792.0,2792.0,2791.75,2791.75,108,ES.v.0
2019-02-28 03:31:00+00:00,33,1,18720,2791.75,2792.0,2791.75,2792.0,19,ES.v.0
2019-02-28 03:32:00+00:00,33,1,18720,2792.0,2792.25,2792.0,2792.25,58,ES.v.0
2019-02-28 03:33:00+00:00,33,1,18720,2792.0,2792.25,2792.0,2792.25,7,ES.v.0
2019-02-28 03:34:00+00:00,33,1,18720,2792.25,2792.25,2792.0,2792.25,19,ES.v.0
2019-02-28 03:35:00+00:00,33,1,18720,2792.25,2792.25,2792.0,2792.25,68,ES.v.0
2019-02-28 03:36:00+00:00,33,1,18720,2792.25,2792.25,2792.25,2792.25,1,ES.v.0
2019-02-28 03:37:00+00:00,33,1,18720,2792.25,2792.25,2792.0,2792.0,40,ES.v.0
2019-02-28 03:38:00+00:00,33,1,18720,2792.0,2792.0,2791.75,2792.0,17,ES.v.0
2019-02-28 03:39:00+00:00,33,1,18720,2792.0,2792.0,2792.0,2792.0,5,ES.v.0
2019-02-28 03:40:00+00:00,33,1,18720,2792.0,2792.0,2792.0,2792.0,12,ES.v.0
2019-02-28 03:41:00+00:00,33,1,18720,2791.75,2792.0,2791.75,2791.75,29,ES.v.0
2019-02-28 03:42:00+00:00,33,1,18720,2791.75,2791.75,2791.5,2791.75,5,ES.v.0
2019-02-28 03:43:00+00:00,33,1,18720,2791.5,2791.75,2791.5,2791.75,14,ES.v.0
2019-02-28 03:44:00+00:00,33,1,18720,2791.5,2792.0,2791.5,2792.0,61,ES.v.0
2019-02-28 03:45:00+00:00,33,1,18720,2791.75,2792.0,2791.75,2792.0,8,ES.v.0
2019-02-28 03:46:00+00:00,33,1,18720,2792.0,2792.0,2791.75,2792.0,20,ES.v.0
2019-02-28 03:47:00+00:00,33,1,18720,2792.0,2792.0,2792.0,2792.0,2,ES.v.0
2019-02-28 03:48:00+00:00,33,1,18720,2792.0,2792.0,2791.75,2792.0,13,ES.v.0
2019-02-28 03:49:00+00:00,33,1,18720,2792.0,2792.0,2792.0,2792.0,10,ES.v.0
2019-02-28 03:50:00+00:00,33,1,18720,2792.0,2792.0,2792.0,2792.0,17,ES.v.0
2019-02-28 03:51:00+00:00,33,1,18720,2792.0,2792.0,2791.75,2792.0,18,ES.v.0
2019-02-28 03:52:00+00:00,33,1,18720,2792.0,2792.25,2792.0,2792.25,70,ES.v.0
2019-02-28 03:53:00+00:00,33,1,18720,2792.25,2792.25,2792.25,2792.25,90,ES.v.0
2019-02-28 03:54:00+00:00,33,1,18720,2792.25,2792.25,2792.25,2792.25,10,ES.v.0
2019-02-28 03:55:00+00:00,33,1,18720,2792.25,2792.5,2792.25,2792.5,45,ES.v.0
2019-02-28 03:56:00+00:00,33,1,18720,2792.25,2792.5,2792.25,2792.25,63,ES.v.0
2019-02-28 03:57:00+00:00,33,1,18720,2792.5,2792.5,2792.25,2792.5,15,ES.v.0
2019-02-28 03:58:00+00:00,33,1,18720,2792.25,2792.5,2792.25,2792.5,11,ES.v.0
2019-02-28 03:59:00+00:00,33,1,18720,2792.5,2792.5,2792.5,2792.5,4,ES.v.0
2019-02-28 04:00:00+00:00,33,1,18720,2792.5,2792.5,2792.5,2792.5,15,ES.v.0
2019-02-28 04:01:00+00:00,33,1,18720,2792.5,2792.5,2792.5,2792.5,157,ES.v.0
2019-02-28 04:02:00+00:00,33,1,18720,2792.5,2792.5,2792.25,2792.25,174,ES.v.0
2019-02-28 04:03:00+00:00,33,1,18720,2792.0,2792.25,2791.75,2792.25,167,ES.v.0
2019-02-28 04:04:00+00:00,33,1,18720,2792.25,2792.5,2792.0,2792.5,57,ES.v.0
2019-02-28 04:05:00+00:00,33,1,18720,2792.5,2792.75,2792.5,2792.75,57,ES.v.0
2019-02-28 04:06:00+00:00,33,1,18720,2792.75,2792.75,2792.75,2792.75,69,ES.v.0
2019-02-28 04:07:00+00:00,33,1,18720,2792.75,2792.75,2792.75,2792.75,16,ES.v.0
2019-02-28 04:08:00+00:00,33,1,18720,2792.5,2792.5,2792.25,2792.5,104,ES.v.0
2019-02-28 04:09:00+00:00,33,1,18720,2792.25,2792.25,2792.0,2792.0,16,ES.v.0
2019-02-28 04:10:00+00:00,33,1,18720,2792.0,2792.0,2791.75,2791.75,187,ES.v.0
2019-02-28 04:11:00+00:00,33,1,18720,2791.5,2791.75,2791.5,2791.5,20,ES.v.0
2019-02-28 04:12:00+00:00,33,1,18720,2791.5,2791.75,2791.5,2791.75,164,ES.v.0
2019-02-28 04:13:00+00:00,33,1,18720,2791.75,2791.75,2791.5,2791.75,19,ES.v.0
2019-02-28 04:14:00+00:00,33,1,18720,2791.75,2791.75,2791.5,2791.5,63,ES.v.0
2019-02-28 04:15:00+00:00,33,1,18720,2791.75,2791.75,2791.5,2791.75,20,ES.v.0
2019-02-28 04:16:00+00:00,33,1,18720,2791.5,2791.5,2791.25,2791.25,55,ES.v.0
2019-02-28 04:17:00+00:00,33,1,18720,2791.25,2791.5,2791.25,2791.25,5,ES.v.0
2019-02-28 04:18:00+00:00,33,1,18720,2791.5,2791.5,2791.25,2791.25,11,ES.v.0
2019-02-28 04:19:00+00:00,33,1,18720,2791.25,2791.5,2791.25,2791.5,17,ES.v.0
2019-02-28 04:20:00+00:00,33,1,18720,2791.5,2791.5,2791.5,2791.5,18,ES.v.0
2019-02-28 04:21:00+00:00,33,1,18720,2791.5,2791.75,2791.5,2791.75,58,ES.v.0
2019-02-28 04:22:00+00:00,33,1,18720,2791.75,2791.75,2791.5,2791.75,13,ES.v.0
2019-02-28 04:23:00+00:00,33,1,18720,2791.75,2791.75,2791.25,2791.25,91,ES.v.0
2019-02-28 04:24:00+00:00,33,1,18720,2791.5,2791.5,2791.0,2791.25,120,ES.v.0
2019-02-28 04:25:00+00:00,33,1,18720,2791.0,2791.25,2791.0,2791.25,12,ES.v.0
2019-02-28 04:26:00+00:00,33,1,18720,2791.25,2791.25,2791.0,2791.0,60,ES.v.0
2019-02-28 04:27:00+00:00,33,1,18720,2791.0,2791.25,2791.0,2791.25,70,ES.v.0
2019-02-28 04:28:00+00:00,33,1,18720,2791.0,2791.25,2791.0,2791.25,26,ES.v.0
2019-02-28 04:29:00+00:00,33,1,18720,2791.0,2791.25,2791.0,2791.25,11,ES.v.0
2019-02-28 04:30:00+00:00,33,1,18720,2791.25,2791.25,2791.0,2791.25,8,ES.v.0
2019-02-28 04:31:00+00:00,33,1,18720,2791.25,2791.5,2791.0,2791.5,66,ES.v.0
2019-02-28 04:32:00+00:00,33,1,18720,2791.5,2791.5,2791.5,2791.5,11,ES.v.0
2019-02-28 04:33:00+00:00,33,1,18720,2791.5,2791.5,2791.5,2791.5,13,ES.v.0
2019-02-28 04:34:00+00:00,33,1,18720,2791.5,2791.5,2791.5,2791.5,5,ES.v.0
2019-02-28 04:35:00+00:00,33,1,18720,2791.5,2791.5,2791.5,2791.5,9,ES.v.0
2019-02-28 04:36:00+00:00,33,1,18720,2791.25,2791.5,2791.25,2791.25,45,ES.v.0
2019-02-28 04:37:00+00:00,33,1,18720,2791.25,2791.5,2791.25,2791.5,14,ES.v.0
2019-02-28 04:38:00+00:00,33,1,18720,2791.25,2791.5,2791.25,2791.25,11,ES.v.0
2019-02-28 04:39:00+00:00,33,1,18720,2791.5,2791.5,2791.25,2791.5,23,ES.v.0
2019-02-28 04:40:00+00:00,33,1,18720,2791.5,2791.5,2791.5,2791.5,5,ES.v.0
2019-02-28 04:41:00+00:00,33,1,18720,2791.5,2791.5,2791.25,2791.25,6,ES.v.0
2019-02-28 04:42:00+00:00,33,1,18720,2791.5,2791.5,2791.5,2791.5,7,ES.v.0
2019-02-28 04:43:00+00:00,33,1,18720,2791.5,2791.5,2791.25,2791.5,8,ES.v.0
2019-02-28 04:44:00+00:00,33,1,18720,2791.5,2791.5,2791.5,2791.5,3,ES.v.0
2019-02-28 04:45:00+00:00,33,1,18720,2791.5,2791.5,2791.5,2791.5,12,ES.v.0
2019-02-28 04:46:00+00:00,33,1,18720,2791.5,2791.5,2791.25,2791.5,12,ES.v.0
2019-02-28 04:47:00+00:00,33,1,18720,2791.5,2791.75,2791.5,2791.5,86,ES.v.0
2019-02-28 04:48:00+00:00,33,1,18720,2791.5,2791.75,2791.5,2791.75,18,ES.v.0
2019-02-28 04:49:00+00:00,33,1,18720,2791.75,2791.75,2791.5,2791.75,14,ES.v.0
2019-02-28 04:50:00+00:00,33,1,18720,2791.75,2791.75,2791.5,2791.75,45,ES.v.0
2019-02-28 04:51:00+00:00,33,1,18720,2791.75,2791.75,2791.5,2791.5,6,ES.v.0
2019-02-28 04:52:00+00:00,33,1,18720,2791.75,2791.75,2791.5,2791.5,54,ES.v.0
2019-02-28 04:53:00+00:00,33,1,18720,2791.25,2791.5,2791.25,2791.5,103,ES.v.0
2019-02-28 04:54:00+00:00,33,1,18720,2791.25,2791.5,2791.25,2791.25,34,ES.v.0
2019-02-28 04:55:00+00:00,33,1,18720,2791.5,2791.5,2791.5,2791.5,6,ES.v.0
2019-02-28 04:56:00+00:00,33,1,18720,2791.25,2791.5,2791.25,2791.5,3,ES.v.0
2019-02-28 04:57:00+00:00,33,1,18720,2791.5,2791.5,2791.5,2791.5,3,ES.v.0
2019-02-28 04:58:00+00:00,33,1,18720,2791.5,2791.5,2791.25,2791.5,10,ES.v.0
2019-02-28 04:59:00+00:00,33,1,18720,2791.5,2791.5,2791.25,2791.25,59,ES.v.0
2019-02-28 05:00:00+00:00,33,1,18720,2791.25,2791.25,2791.0,2791.25,26,ES.v.0
2019-02-28 05:01:00+00:00,33,1,18720,2791.0,2791.25,2791.0,2791.25,74,ES.v.0
2019-02-28 05:02:00+00:00,33,1,18720,2791.5,2791.5,2791.5,2791.5,6,ES.v.0
2019-02-28 05:03:00+00:00,33,1,18720,2791.5,2791.5,2791.25,2791.5,88,ES.v.0
2019-02-28 05:04:00+00:00,33,1,18720,2791.5,2791.5,2791.5,2791.5,86,ES.v.0
2019-02-28 05:05:00+00:00,33,1,18720,2791.5,2791.5,2791.25,2791.5,6,ES.v.0
2019-02-28 05:06:00+00:00,33,1,18720,2791.25,2791.25,2791.25,2791.25,1,ES.v.0
2019-02-28 05:07:00+00:00,33,1,18720,2791.5,2791.75,2791.5,2791.5,125,ES.v.0
2019-02-28 05:08:00+00:00,33,1,18720,2791.75,2791.75,2791.5,2791.75,117,ES.v.0
2019-02-28 05:09:00+00:00,33,1,18720,2791.75,2791.75,2791.75,2791.75,91,ES.v.0
2019-02-28 05:10:00+00:00,33,1,18720,2791.75,2791.75,2791.5,2791.75,151,ES.v.0
2019-02-28 05:11:00+00:00,33,1,18720,2791.75,2791.75,2791.5,2791.75,555,ES.v.0
2019-02-28 05:12:00+00:00,33,1,18720,2791.75,2791.75,2791.5,2791.75,8,ES.v.0
2019-02-28 05:13:00+00:00,33,1,18720,2791.75,2791.75,2791.5,2791.75,11,ES.v.0
2019-02-28 05:14:00+00:00,33,1,18720,2791.5,2791.75,2791.5,2791.75,12,ES.v.0
2019-02-28 05:15:00+00:00,33,1,18720,2791.75,2791.75,2791.5,2791.5,11,ES.v.0
2019-02-28 05:16:00+00:00,33,1,18720,2791.5,2791.75,2791.5,2791.5,151,ES.v.0
2019-02-28 05:17:00+00:00,33,1,18720,2791.5,2791.75,2791.5,2791.75,217,ES.v.0
2019-02-28 05:18:00+00:00,33,1,18720,2791.75,2792.0,2791.5,2792.0,355,ES.v.0
2019-02-28 05:19:00+00:00,33,1,18720,2792.0,2792.0,2791.75,2792.0,324,ES.v.0
2019-02-28 05:20:00+00:00,33,1,18720,2792.0,2792.0,2791.5,2791.5,258,ES.v.0
2019-02-28 05:21:00+00:00,33,1,18720,2791.25,2791.5,2791.25,2791.5,337,ES.v.0
2019-02-28 05:22:00+00:00,33,1,18720,2791.5,2791.5,2791.5,2791.5,50,ES.v.0
2019-02-28 05:23:00+00:00,33,1,18720,2791.25,2791.5,2791.25,2791.5,4,ES.v.0
2019-02-28 05:24:00+00:00,33,1,18720,2791.5,2791.5,2791.5,2791.5,8,ES.v.0
2019-02-28 05:25:00+00:00,33,1,18720,2791.5,2791.5,2791.5,2791.5,27,ES.v.0
2019-02-28 05:26:00+00:00,33,1,18720,2791.5,2791.75,2791.5,2791.75,76,ES.v.0
2019-02-28 05:27:00+00:00,33,1,18720,2791.5,2791.5,2790.75,2790.75,425,ES.v.0
2019-02-28 05:28:00+00:00,33,1,18720,2790.75,2791.0,2790.75,2790.75,322,ES.v.0
2019-02-28 05:29:00+00:00,33,1,18720,2791.0,2791.0,2791.0,2791.0,131,ES.v.0
2019-02-28 05:30:00+00:00,33,1,18720,2791.0,2791.0,2790.75,2790.75,32,ES.v.0
2019-02-28 05:31:00+00:00,33,1,18720,2790.75,2790.75,2790.75,2790.75,40,ES.v.0
2019-02-28 05:32:00+00:00,33,1,18720,2790.75,2791.0,2790.75,2791.0,163,ES.v.0
2019-02-28 05:33:00+00:00,33,1,18720,2790.75,2790.75,2790.75,2790.75,3,ES.v.0
2019-02-28 05:34:00+00:00,33,1,18720,2791.0,2791.0,2790.75,2790.75,133,ES.v.0
2019-02-28 05:35:00+00:00,33,1,18720,2790.75,2790.75,2790.5,2790.75,160,ES.v.0
2019-02-28 05:36:00+00:00,33,1,18720,2790.75,2790.75,2790.5,2790.75,75,ES.v.0
2019-02-28 05:37:00+00:00,33,1,18720,2790.5,2790.75,2790.5,2790.5,117,ES.v.0
2019-02-28 05:38:00+00:00,33,1,18720,2790.5,2790.5,2790.5,2790.5,5,ES.v.0
2019-02-28 05:39:00+00:00,33,1,18720,2790.5,2790.75,2790.5,2790.5,21,ES.v.0
2019-02-28 05:40:00+00:00,33,1,18720,2790.75,2790.75,2790.5,2790.5,87,ES.v.0
2019-02-28 05:41:00+00:00,33,1,18720,2790.5,2790.5,2790.25,2790.25,306,ES.v.0
2019-02-28 05:42:00+00:00,33,1,18720,2790.25,2790.25,2790.0,2790.25,207,ES.v.0
2019-02-28 05:43:00+00:00,33,1,18720,2790.25,2790.25,2790.0,2790.25,60,ES.v.0
2019-02-28 05:44:00+00:00,33,1,18720,2790.25,2790.25,2790.0,2790.0,127,ES.v.0
2019-02-28 05:45:00+00:00,33,1,18720,2790.25,2790.25,2790.0,2790.25,78,ES.v.0
2019-02-28 05:46:00+00:00,33,1,18720,2790.25,2790.25,2790.0,2790.0,40,ES.v.0
2019-02-28 05:47:00+00:00,33,1,18720,2790.25,2790.25,2790.0,2790.25,120,ES.v.0
2019-02-28 05:48:00+00:00,33,1,18720,2790.25,2790.25,2790.25,2790.25,9,ES.v.0
2019-02-28 05:49:00+00:00,33,1,18720,2790.25,2790.25,2790.25,2790.25,9,ES.v.0
2019-02-28 05:50:00+00:00,33,1,18720,2790.25,2790.25,2790.0,2790.25,68,ES.v.0
2019-02-28 05:51:00+00:00,33,1,18720,2790.25,2790.25,2790.0,2790.0,66,ES.v.0
2019-02-28 05:52:00+00:00,33,1,18720,2790.0,2790.0,2787.5,2788.25,2402,ES.v.0
2019-02-28 05:53:00+00:00,33,1,18720,2788.0,2788.75,2787.75,2788.25,282,ES.v.0
2019-02-28 05:54:00+00:00,33,1,18720,2788.25,2788.5,2788.0,2788.0,155,ES.v.0
2019-02-28 05:55:00+00:00,33,1,18720,2788.0,2788.0,2787.0,2787.5,299,ES.v.0
2019-02-28 05:56:00+00:00,33,1,18720,2787.5,2787.5,2787.0,2787.25,181,ES.v.0
2019-02-28 05:57:00+00:00,33,1,18720,2787.5,2787.75,2787.25,2787.75,268,ES.v.0
2019-02-28 05:58:00+00:00,33,1,18720,2787.5,2787.5,2787.25,2787.25,211,ES.v.0
2019-02-28 05:59:00+00:00,33,1,18720,2787.0,2787.25,2786.5,2786.5,299,ES.v.0
2019-02-28 06:00:00+00:00,33,1,18720,2786.5,2787.75,2786.5,2787.75,342,ES.v.0
2019-02-28 06:01:00+00:00,33,1,18720,2787.75,2788.5,2787.25,2788.5,303,ES.v.0
2019-02-28 06:02:00+00:00,33,1,18720,2788.5,2788.5,2787.75,2787.75,388,ES.v.0
2019-02-28 06:03:00+00:00,33,1,18720,2787.75,2788.0,2787.5,2787.75,86,ES.v.0
2019-02-28 06:04:00+00:00,33,1,18720,2788.0,2788.0,2787.75,2787.75,61,ES.v.0
2019-02-28 06:05:00+00:00,33,1,18720,2787.75,2788.0,2787.5,2787.75,41,ES.v.0
2019-02-28 06:06:00+00:00,33,1,18720,2787.75,2788.0,2787.5,2787.75,123,ES.v.0
2019-02-28 06:07:00+00:00,33,1,18720,2787.5,2787.5,2787.25,2787.5,136,ES.v.0
2019-02-28 06:08:00+00:00,33,1,18720,2787.5,2787.75,2786.75,2787.5,331,ES.v.0
2019-02-28 06:09:00+00:00,33,1,18720,2787.5,2788.0,2787.5,2787.75,53,ES.v.0
2019-02-28 06:10:00+00:00,33,1,18720,2787.75,2787.75,2787.25,2787.5,60,ES.v.0
2019-02-28 06:11:00+00:00,33,1,18720,2787.5,2787.75,2787.25,2787.5,77,ES.v.0
2019-02-28 06:12:00+00:00,33,1,18720,2787.5,2788.0,2787.5,2787.75,83,ES.v.0
2019-02-28 06:13:00+00:00,33,1,18720,2787.5,2787.5,2787.0,2787.25,202,ES.v.0
2019-02-28 06:14:00+00:00,33,1,18720,2787.5,2787.5,2786.75,2787.0,179,ES.v.0
2019-02-28 06:15:00+00:00,33,1,18720,2787.0,2787.0,2786.5,2786.5,129,ES.v.0
2019-02-28 06:16:00+00:00,33,1,18720,2786.75,2787.0,2786.5,2786.75,186,ES.v.0
2019-02-28 06:17:00+00:00,33,1,18720,2786.75,2786.75,2786.5,2786.75,91,ES.v.0
2019-02-28 06:18:00+00:00,33,1,18720,2786.75,2786.75,2786.0,2786.25,187,ES.v.0
2019-02-28 06:19:00+00:00,33,1,18720,2786.25,2786.5,2786.0,2786.0,60,ES.v.0
2019-02-28 06:20:00+00:00,33,1,18720,2786.0,2786.25,2785.75,2786.25,250,ES.v.0
2019-02-28 06:21:00+00:00,33,1,18720,2786.25,2786.25,2785.75,2786.25,73,ES.v.0
2019-02-28 06:22:00+00:00,33,1,18720,2786.25,2786.5,2786.25,2786.5,358,ES.v.0
2019-02-28 06:23:00+00:00,33,1,18720,2786.25,2786.25,2785.75,2785.75,160,ES.v.0
2019-02-28 06:24:00+00:00,33,1,18720,2785.75,2786.0,2785.5,2785.75,192,ES.v.0
2019-02-28 06:25:00+00:00,33,1,18720,2785.5,2786.0,2785.5,2785.5,439,ES.v.0
2019-02-28 06:26:00+00:00,33,1,18720,2785.75,2785.75,2784.25,2784.5,1026,ES.v.0
2019-02-28 06:27:00+00:00,33,1,18720,2784.25,2784.75,2783.75,2784.0,651,ES.v.0
2019-02-28 06:28:00+00:00,33,1,18720,2784.0,2784.25,2783.75,2784.25,479,ES.v.0
2019-02-28 06:29:00+00:00,33,1,18720,2784.25,2785.25,2784.25,2785.0,312,ES.v.0
2019-02-28 06:30:00+00:00,33,1,18720,2785.0,2785.0,2784.25,2784.25,351,ES.v.0
2019-02-28 06:31:00+00:00,33,1,18720,2784.25,2785.25,2784.25,2785.25,129,ES.v.0
2019-02-28 06:32:00+00:00,33,1,18720,2785.25,2785.25,2785.0,2785.25,76,ES.v.0
2019-02-28 06:33:00+00:00,33,1,18720,2785.25,2785.25,2784.5,2784.75,69,ES.v.0
2019-02-28 06:34:00+00:00,33,1,18720,2784.75,2785.0,2784.5,2784.75,221,ES.v.0
2019-02-28 06:35:00+00:00,33,1,18720,2784.5,2784.75,2784.0,2784.25,356,ES.v.0
2019-02-28 06:36:00+00:00,33,1,18720,2784.25,2785.5,2784.0,2785.0,515,ES.v.0
2019-02-28 06:37:00+00:00,33,1,18720,2785.25,2785.75,2785.0,2785.0,224,ES.v.0
2019-02-28 06:38:00+00:00,33,1,18720,2785.0,2786.0,2785.0,2786.0,233,ES.v.0
2019-02-28 06:39:00+00:00,33,1,18720,2786.0,2786.0,2785.5,2785.75,83,ES.v.0
2019-02-28 06:40:00+00:00,33,1,18720,2785.75,2785.75,2785.5,2785.75,25,ES.v.0
2019-02-28 06:41:00+00:00,33,1,18720,2785.5,2785.5,2785.0,2785.25,101,ES.v.0
2019-02-28 06:42:00+00:00,33,1,18720,2785.0,2785.5,2785.0,2785.25,33,ES.v.0
2019-02-28 06:43:00+00:00,33,1,18720,2785.5,2785.5,2785.5,2785.5,10,ES.v.0
2019-02-28 06:44:00+00:00,33,1,18720,2785.25,2785.5,2785.25,2785.25,37,ES.v.0
2019-02-28 06:45:00+00:00,33,1,18720,2785.5,2785.5,2785.0,2785.5,124,ES.v.0
2019-02-28 06:46:00+00:00,33,1,18720,2785.5,2785.5,2785.0,2785.0,150,ES.v.0
2019-02-28 06:47:00+00:00,33,1,18720,2784.75,2785.5,2784.75,2785.5,134,ES.v.0
2019-02-28 06:48:00+00:00,33,1,18720,2785.25,2785.75,2785.25,2785.75,24,ES.v.0
2019-02-28 06:49:00+00:00,33,1,18720,2785.5,2785.75,2785.5,2785.75,78,ES.v.0
2019-02-28 06:50:00+00:00,33,1,18720,2786.0,2786.0,2785.75,2786.0,22,ES.v.0
2019-02-28 06:51:00+00:00,33,1,18720,2785.75,2786.0,2785.75,2785.75,112,ES.v.0
2019-02-28 06:52:00+00:00,33,1,18720,2785.75,2785.75,2785.5,2785.75,108,ES.v.0
2019-02-28 06:53:00+00:00,33,1,18720,2785.75,2785.75,2785.5,2785.5,49,ES.v.0
2019-02-28 06:54:00+00:00,33,1,18720,2785.5,2786.0,2785.5,2785.75,110,ES.v.0
2019-02-28 06:55:00+00:00,33,1,18720,2785.75,2785.75,2785.25,2785.5,112,ES.v.0
2019-02-28 06:56:00+00:00,33,1,18720,2785.25,2785.75,2785.25,2785.5,89,ES.v.0
2019-02-28 06:57:00+00:00,33,1,18720,2785.5,2785.75,2785.25,2785.75,80,ES.v.0
2019-02-28 06:58:00+00:00,33,1,18720,2785.75,2786.0,2785.5,2785.5,147,ES.v.0
2019-02-28 06:59:00+00:00,33,1,18720,2785.5,2785.5,2785.0,2785.0,92,ES.v.0
2019-02-28 07:00:00+00:00,33,1,18720,2785.0,2786.5,2785.0,2786.25,293,ES.v.0
2019-02-28 07:01:00+00:00,33,1,18720,2786.0,2786.25,2783.5,2783.5,725,ES.v.0
2019-02-28 07:02:00+00:00,33,1,18720,2783.5,2784.5,2782.25,2782.5,1442,ES.v.0
2019-02-28 07:03:00+00:00,33,1,18720,2782.5,2782.75,2781.75,2782.25,1169,ES.v.0
2019-02-28 07:04:00+00:00,33,1,18720,2782.25,2783.5,2782.0,2783.0,802,ES.v.0
2019-02-28 07:05:00+00:00,33,1,18720,2783.25,2783.5,2783.0,2783.5,299,ES.v.0
2019-02-28 07:06:00+00:00,33,1,18720,2783.75,2784.0,2783.5,2784.0,281,ES.v.0
2019-02-28 07:07:00+00:00,33,1,18720,2783.75,2784.25,2783.5,2784.0,434,ES.v.0
2019-02-28 07:08:00+00:00,33,1,18720,2784.0,2784.25,2783.5,2783.5,262,ES.v.0
2019-02-28 07:09:00+00:00,33,1,18720,2783.75,2784.5,2783.75,2784.25,420,ES.v.0
2019-02-28 07:10:00+00:00,33,1,18720,2784.25,2784.5,2784.0,2784.0,186,ES.v.0
2019-02-28 07:11:00+00:00,33,1,18720,2784.0,2784.75,2784.0,2784.5,216,ES.v.0
2019-02-28 07:12:00+00:00,33,1,18720,2784.5,2784.5,2784.0,2784.0,135,ES.v.0
2019-02-28 07:13:00+00:00,33,1,18720,2783.75,2784.25,2783.75,2784.0,98,ES.v.0
2019-02-28 07:14:00+00:00,33,1,18720,2784.25,2784.75,2784.0,2784.5,176,ES.v.0
2019-02-28 07:15:00+00:00,33,1,18720,2784.5,2784.75,2784.0,2784.5,425,ES.v.0
2019-02-28 07:16:00+00:00,33,1,18720,2784.5,2784.75,2784.5,2784.75,221,ES.v.0
2019-02-28 07:17:00+00:00,33,1,18720,2784.75,2784.75,2783.5,2783.75,456,ES.v.0
2019-02-28 07:18:00+00:00,33,1,18720,2783.75,2785.0,2783.5,2784.5,358,ES.v.0
2019-02-28 07:19:00+00:00,33,1,18720,2784.75,2785.0,2784.5,2784.5,114,ES.v.0
2019-02-28 07:20:00+00:00,33,1,18720,2784.5,2784.75,2783.5,2783.75,386,ES.v.0
2019-02-28 07:21:00+00:00,33,1,18720,2783.75,2784.0,2783.25,2783.5,324,ES.v.0
2019-02-28 07:22:00+00:00,33,1,18720,2783.5,2784.25,2783.5,2784.0,218,ES.v.0
2019-02-28 07:23:00+00:00,33,1,18720,2784.25,2784.5,2784.0,2784.25,130,ES.v.0
2019-02-28 07:24:00+00:00,33,1,18720,2784.25,2784.25,2783.0,2783.25,584,ES.v.0
2019-02-28 07:25:00+00:00,33,1,18720,2783.0,2783.75,2783.0,2783.75,278,ES.v.0
2019-02-28 07:26:00+00:00,33,1,18720,2783.75,2783.75,2783.5,2783.75,132,ES.v.0
2019-02-28 07:27:00+00:00,33,1,18720,2784.0,2784.0,2783.75,2783.75,140,ES.v.0
2019-02-28 07:28:00+00:00,33,1,18720,2783.75,2784.0,2783.75,2784.0,122,ES.v.0
2019-02-28 07:29:00+00:00,33,1,18720,2784.0,2784.0,2783.5,2783.75,151,ES.v.0
2019-02-28 07:30:00+00:00,33,1,18720,2784.0,2784.0,2783.0,2783.25,268,ES.v.0
2019-02-28 07:31:00+00:00,33,1,18720,2783.25,2783.5,2783.0,2783.5,163,ES.v.0
2019-02-28 07:32:00+00:00,33,1,18720,2783.5,2783.75,2783.5,2783.5,216,ES.v.0
2019-02-28 07:33:00+00:00,33,1,18720,2783.5,2783.5,2782.75,2782.75,128,ES.v.0
2019-02-28 07:34:00+00:00,33,1,18720,2782.75,2783.25,2782.5,2783.0,265,ES.v.0
2019-02-28 07:35:00+00:00,33,1,18720,2783.0,2783.75,2783.0,2783.75,256,ES.v.0
2019-02-28 07:36:00+00:00,33,1,18720,2783.75,2784.0,2783.5,2783.75,138,ES.v.0
2019-02-28 07:37:00+00:00,33,1,18720,2783.75,2784.0,2783.5,2784.0,113,ES.v.0
2019-02-28 07:38:00+00:00,33,1,18720,2784.0,2784.0,2783.5,2783.75,82,ES.v.0
2019-02-28 07:39:00+00:00,33,1,18720,2783.75,2784.0,2783.5,2784.0,109,ES.v.0
2019-02-28 07:40:00+00:00,33,1,18720,2784.0,2784.0,2783.75,2783.75,72,ES.v.0
2019-02-28 07:41:00+00:00,33,1,18720,2784.0,2784.25,2784.0,2784.25,68,ES.v.0
2019-02-28 07:42:00+00:00,33,1,18720,2784.25,2784.25,2783.75,2784.0,251,ES.v.0
2019-02-28 07:43:00+00:00,33,1,18720,2784.0,2784.5,2784.0,2784.0,134,ES.v.0
2019-02-28 07:44:00+00:00,33,1,18720,2784.0,2784.25,2784.0,2784.25,93,ES.v.0
2019-02-28 07:45:00+00:00,33,1,18720,2784.0,2784.25,2784.0,2784.0,103,ES.v.0
2019-02-28 07:46:00+00:00,33,1,18720,2784.0,2784.0,2783.25,2783.5,259,ES.v.0
2019-02-28 07:47:00+00:00,33,1,18720,2783.75,2784.0,2783.5,2784.0,79,ES.v.0
2019-02-28 07:48:00+00:00,33,1,18720,2783.75,2784.0,2783.5,2783.75,133,ES.v.0
2019-02-28 07:49:00+00:00,33,1,18720,2784.0,2784.0,2783.25,2783.25,128,ES.v.0
2019-02-28 07:50:00+00:00,33,1,18720,2783.25,2783.75,2783.25,2783.75,129,ES.v.0
2019-02-28 07:51:00+00:00,33,1,18720,2783.75,2783.75,2783.5,2783.5,75,ES.v.0
2019-02-28 07:52:00+00:00,33,1,18720,2783.25,2783.5,2783.25,2783.5,267,ES.v.0
2019-02-28 07:53:00+00:00,33,1,18720,2783.5,2783.5,2783.0,2783.0,223,ES.v.0
2019-02-28 07:54:00+00:00,33,1,18720,2783.25,2783.25,2782.5,2783.0,258,ES.v.0
2019-02-28 07:55:00+00:00,33,1,18720,2783.0,2783.0,2782.5,2782.75,249,ES.v.0
2019-02-28 07:56:00+00:00,33,1,18720,2782.75,2783.0,2782.5,2782.75,104,ES.v.0
2019-02-28 07:57:00+00:00,33,1,18720,2783.0,2783.25,2783.0,2783.0,61,ES.v.0
2019-02-28 07:58:00+00:00,33,1,18720,2783.0,2783.25,2783.0,2783.25,127,ES.v.0
2019-02-28 07:59:00+00:00,33,1,18720,2783.25,2783.25,2782.75,2782.75,80,ES.v.0
2019-02-28 08:00:00+00:00,33,1,18720,2782.75,2783.75,2782.25,2783.5,888,ES.v.0
2019-02-28 08:01:00+00:00,33,1,18720,2783.5,2783.75,2783.25,2783.75,506,ES.v.0
2019-02-28 08:02:00+00:00,33,1,18720,2784.0,2784.0,2783.25,2783.25,574,ES.v.0
2019-02-28 08:03:00+00:00,33,1,18720,2783.5,2783.5,2782.25,2782.5,779,ES.v.0
2019-02-28 08:04:00+00:00,33,1,18720,2782.25,2783.25,2782.0,2783.0,491,ES.v.0
2019-02-28 08:05:00+00:00,33,1,18720,2783.0,2783.0,2782.5,2782.75,272,ES.v.0
2019-02-28 08:06:00+00:00,33,1,18720,2782.75,2782.75,2782.25,2782.75,315,ES.v.0
2019-02-28 08:07:00+00:00,33,1,18720,2782.75,2782.75,2781.75,2782.0,656,ES.v.0
2019-02-28 08:08:00+00:00,33,1,18720,2782.0,2783.0,2782.0,2783.0,567,ES.v.0
2019-02-28 08:09:00+00:00,33,1,18720,2783.0,2783.25,2782.75,2783.0,285,ES.v.0
2019-02-28 08:10:00+00:00,33,1,18720,2783.25,2783.75,2783.25,2783.5,412,ES.v.0
2019-02-28 08:11:00+00:00,33,1,18720,2783.5,2784.0,2783.5,2783.75,311,ES.v.0
2019-02-28 08:12:00+00:00,33,1,18720,2783.75,2784.0,2783.5,2783.5,158,ES.v.0
2019-02-28 08:13:00+00:00,33,1,18720,2783.5,2784.0,2783.5,2784.0,158,ES.v.0
2019-02-28 08:14:00+00:00,33,1,18720,2783.75,2784.25,2783.75,2784.25,255,ES.v.0
2019-02-28 08:15:00+00:00,33,1,18720,2784.25,2784.25,2783.0,2783.5,536,ES.v.0
2019-02-28 08:16:00+00:00,33,1,18720,2783.75,2783.75,2783.25,2783.75,151,ES.v.0
2019-02-28 08:17:00+00:00,33,1,18720,2783.75,2784.25,2783.75,2784.25,192,ES.v.0
2019-02-28 08:18:00+00:00,33,1,18720,2784.0,2785.0,2784.0,2784.5,554,ES.v.0
2019-02-28 08:19:00+00:00,33,1,18720,2784.75,2785.0,2784.5,2785.0,266,ES.v.0
2019-02-28 08:20:00+00:00,33,1,18720,2785.0,2785.25,2784.75,2784.75,358,ES.v.0
2019-02-28 08:21:00+00:00,33,1,18720,2784.75,2785.0,2784.5,2785.0,134,ES.v.0
2019-02-28 08:22:00+00:00,33,1,18720,2785.0,2785.0,2784.75,2785.0,162,ES.v.0
2019-02-28 08:23:00+00:00,33,1,18720,2784.75,2785.0,2784.5,2785.0,332,ES.v.0
2019-02-28 08:24:00+00:00,33,1,18720,2785.0,2785.0,2784.75,2785.0,183,ES.v.0
2019-02-28 08:25:00+00:00,33,1,18720,2785.0,2785.0,2784.75,2784.75,111,ES.v.0
2019-02-28 08:26:00+00:00,33,1,18720,2784.75,2785.0,2784.75,2784.75,240,ES.v.0
2019-02-28 08:27:00+00:00,33,1,18720,2784.75,2785.0,2784.5,2784.75,361,ES.v.0
2019-02-28 08:28:00+00:00,33,1,18720,2785.0,2785.25,2784.5,2785.25,184,ES.v.0
2019-02-28 08:29:00+00:00,33,1,18720,2785.25,2785.25,2784.5,2784.75,206,ES.v.0
2019-02-28 08:30:00+00:00,33,1,18720,2784.5,2785.5,2784.5,2785.25,486,ES.v.0
2019-02-28 08:31:00+00:00,33,1,18720,2785.25,2785.5,2785.0,2785.25,268,ES.v.0
2019-02-28 08:32:00+00:00,33,1,18720,2785.25,2785.25,2785.0,2785.0,147,ES.v.0
2019-02-28 08:33:00+00:00,33,1,18720,2785.25,2785.75,2785.25,2785.75,245,ES.v.0
2019-02-28 08:34:00+00:00,33,1,18720,2785.5,2785.75,2785.25,2785.5,202,ES.v.0
2019-02-28 08:35:00+00:00,33,1,18720,2785.25,2785.5,2785.0,2785.0,181,ES.v.0
2019-02-28 08:36:00+00:00,33,1,18720,2785.0,2785.75,2785.0,2785.75,291,ES.v.0
2019-02-28 08:37:00+00:00,33,1,18720,2785.75,2786.0,2785.5,2785.5,244,ES.v.0
2019-02-28 08:38:00+00:00,33,1,18720,2785.5,2785.75,2785.25,2785.5,336,ES.v.0
2019-02-28 08:39:00+00:00,33,1,18720,2785.5,2786.0,2785.5,2786.0,194,ES.v.0
2019-02-28 08:40:00+00:00,33,1,18720,2786.0,2786.0,2785.5,2785.75,75,ES.v.0
2019-02-28 08:41:00+00:00,33,1,18720,2785.75,2786.25,2785.75,2786.25,267,ES.v.0
2019-02-28 08:42:00+00:00,33,1,18720,2786.25,2786.5,2786.0,2786.25,250,ES.v.0
2019-02-28 08:43:00+00:00,33,1,18720,2786.25,2786.5,2786.25,2786.5,54,ES.v.0
2019-02-28 08:44:00+00:00,33,1,18720,2786.25,2786.5,2786.25,2786.5,351,ES.v.0
2019-02-28 08:45:00+00:00,33,1,18720,2786.5,2787.0,2786.5,2786.75,400,ES.v.0
2019-02-28 08:46:00+00:00,33,1,18720,2786.75,2786.75,2786.25,2786.25,241,ES.v.0
2019-02-28 08:47:00+00:00,33,1,18720,2786.5,2786.5,2786.25,2786.25,136,ES.v.0
2019-02-28 08:48:00+00:00,33,1,18720,2786.25,2786.25,2785.75,2786.0,179,ES.v.0
2019-02-28 08:49:00+00:00,33,1,18720,2786.0,2786.0,2785.5,2785.75,178,ES.v.0
2019-02-28 08:50:00+00:00,33,1,18720,2785.75,2786.0,2785.75,2786.0,52,ES.v.0
2019-02-28 08:51:00+00:00,33,1,18720,2785.75,2786.25,2785.75,2786.25,200,ES.v.0
2019-02-28 08:52:00+00:00,33,1,18720,2786.25,2786.25,2786.0,2786.25,241,ES.v.0
2019-02-28 08:53:00+00:00,33,1,18720,2786.25,2786.25,2786.0,2786.25,184,ES.v.0
2019-02-28 08:54:00+00:00,33,1,18720,2786.25,2786.75,2786.25,2786.75,517,ES.v.0
2019-02-28 08:55:00+00:00,33,1,18720,2786.75,2787.0,2786.75,2786.75,119,ES.v.0
2019-02-28 08:56:00+00:00,33,1,18720,2786.5,2787.0,2786.5,2787.0,370,ES.v.0
2019-02-28 08:57:00+00:00,33,1,18720,2786.75,2787.0,2786.5,2786.5,296,ES.v.0
2019-02-28 08:58:00+00:00,33,1,18720,2786.5,2786.75,2786.25,2786.5,287,ES.v.0
2019-02-28 08:59:00+00:00,33,1,18720,2786.25,2786.75,2786.25,2786.5,239,ES.v.0
2019-02-28 09:00:00+00:00,33,1,18720,2786.75,2786.75,2786.25,2786.25,254,ES.v.0
2019-02-28 09:01:00+00:00,33,1,18720,2786.25,2786.5,2786.25,2786.25,234,ES.v.0
2019-02-28 09:02:00+00:00,33,1,18720,2786.25,2786.75,2786.25,2786.5,143,ES.v.0
2019-02-28 09:03:00+00:00,33,1,18720,2786.5,2786.75,2786.25,2786.5,294,ES.v.0
2019-02-28 09:04:00+00:00,33,1,18720,2786.5,2786.75,2786.25,2786.5,119,ES.v.0
2019-02-28 09:05:00+00:00,33,1,18720,2786.25,2786.5,2786.25,2786.25,99,ES.v.0
2019-02-28 09:06:00+00:00,33,1,18720,2786.5,2786.75,2786.5,2786.5,189,ES.v.0
2019-02-28 09:07:00+00:00,33,1,18720,2786.5,2786.5,2786.5,2786.5,346,ES.v.0
2019-02-28 09:08:00+00:00,33,1,18720,2786.5,2786.75,2786.5,2786.5,48,ES.v.0
2019-02-28 09:09:00+00:00,33,1,18720,2786.5,2787.0,2786.5,2786.75,62,ES.v.0
2019-02-28 09:10:00+00:00,33,1,18720,2786.75,2786.75,2786.25,2786.5,112,ES.v.0
2019-02-28 09:11:00+00:00,33,1,18720,2786.5,2786.75,2786.25,2786.75,115,ES.v.0
2019-02-28 09:12:00+00:00,33,1,18720,2786.75,2787.0,2786.5,2786.5,260,ES.v.0
2019-02-28 09:13:00+00:00,33,1,18720,2786.75,2787.5,2786.75,2787.25,173,ES.v.0
2019-02-28 09:14:00+00:00,33,1,18720,2787.5,2787.5,2787.0,2787.25,184,ES.v.0
2019-02-28 09:15:00+00:00,33,1,18720,2787.25,2787.25,2786.75,2787.0,205,ES.v.0
2019-02-28 09:16:00+00:00,33,1,18720,2787.0,2787.0,2786.5,2786.5,368,ES.v.0
2019-02-28 09:17:00+00:00,33,1,18720,2786.5,2786.5,2786.25,2786.5,84,ES.v.0
2019-02-28 09:18:00+00:00,33,1,18720,2786.75,2787.0,2786.5,2787.0,103,ES.v.0
2019-02-28 09:19:00+00:00,33,1,18720,2787.0,2787.0,2787.0,2787.0,72,ES.v.0
2019-02-28 09:20:00+00:00,33,1,18720,2787.0,2788.0,2787.0,2787.5,357,ES.v.0
2019-02-28 09:21:00+00:00,33,1,18720,2787.5,2787.75,2787.5,2787.5,146,ES.v.0
2019-02-28 09:22:00+00:00,33,1,18720,2787.5,2787.75,2787.0,2787.0,297,ES.v.0
2019-02-28 09:23:00+00:00,33,1,18720,2787.0,2787.25,2786.75,2787.25,155,ES.v.0
2019-02-28 09:24:00+00:00,33,1,18720,2787.25,2787.25,2787.0,2787.0,102,ES.v.0
2019-02-28 09:25:00+00:00,33,1,18720,2787.0,2787.0,2787.0,2787.0,38,ES.v.0
2019-02-28 09:26:00+00:00,33,1,18720,2787.25,2787.75,2787.0,2787.75,97,ES.v.0
2019-02-28 09:27:00+00:00,33,1,18720,2787.5,2787.5,2787.25,2787.25,196,ES.v.0
2019-02-28 09:28:00+00:00,33,1,18720,2787.25,2787.25,2787.0,2787.25,201,ES.v.0
2019-02-28 09:29:00+00:00,33,1,18720,2787.0,2787.25,2787.0,2787.25,355,ES.v.0
2019-02-28 09:30:00+00:00,33,1,18720,2787.0,2787.0,2786.75,2786.75,115,ES.v.0
2019-02-28 09:31:00+00:00,33,1,18720,2786.75,2787.0,2786.75,2786.75,144,ES.v.0
2019-02-28 09:32:00+00:00,33,1,18720,2786.75,2786.75,2786.5,2786.5,199,ES.v.0
2019-02-28 09:33:00+00:00,33,1,18720,2786.5,2786.75,2786.5,2786.5,12,ES.v.0
2019-02-28 09:34:00+00:00,33,1,18720,2786.5,2786.75,2786.5,2786.5,14,ES.v.0
2019-02-28 09:35:00+00:00,33,1,18720,2786.5,2786.5,2786.25,2786.25,254,ES.v.0
2019-02-28 09:36:00+00:00,33,1,18720,2786.25,2786.75,2786.0,2786.5,474,ES.v.0
2019-02-28 09:37:00+00:00,33,1,18720,2786.25,2787.25,2786.25,2787.25,293,ES.v.0
2019-02-28 09:38:00+00:00,33,1,18720,2787.25,2787.25,2787.0,2787.25,84,ES.v.0
2019-02-28 09:39:00+00:00,33,1,18720,2787.25,2787.5,2787.25,2787.5,243,ES.v.0
2019-02-28 09:40:00+00:00,33,1,18720,2787.5,2787.5,2787.25,2787.5,80,ES.v.0
2019-02-28 09:41:00+00:00,33,1,18720,2787.5,2788.25,2787.25,2788.25,405,ES.v.0
2019-02-28 09:42:00+00:00,33,1,18720,2788.25,2788.25,2787.75,2788.0,238,ES.v.0
2019-02-28 09:43:00+00:00,33,1,18720,2788.0,2788.0,2787.5,2787.75,252,ES.v.0
2019-02-28 09:44:00+00:00,33,1,18720,2787.75,2787.75,2787.5,2787.5,142,ES.v.0
2019-02-28 09:45:00+00:00,33,1,18720,2787.5,2787.75,2787.5,2787.5,129,ES.v.0
2019-02-28 09:46:00+00:00,33,1,18720,2787.75,2787.75,2787.5,2787.75,114,ES.v.0
2019-02-28 09:47:00+00:00,33,1,18720,2787.75,2788.25,2787.75,2788.0,226,ES.v.0
2019-02-28 09:48:00+00:00,33,1,18720,2788.0,2788.0,2787.75,2788.0,186,ES.v.0
2019-02-28 09:49:00+00:00,33,1,18720,2787.75,2787.75,2787.25,2787.5,185,ES.v.0
2019-02-28 09:50:00+00:00,33,1,18720,2787.75,2787.75,2787.5,2787.5,142,ES.v.0
2019-02-28 09:51:00+00:00,33,1,18720,2787.75,2788.0,2787.5,2788.0,149,ES.v.0
2019-02-28 09:52:00+00:00,33,1,18720,2788.0,2788.0,2787.75,2788.0,108,ES.v.0
2019-02-28 09:53:00+00:00,33,1,18720,2788.0,2788.25,2787.5,2787.75,152,ES.v.0
2019-02-28 09:54:00+00:00,33,1,18720,2787.75,2787.75,2787.25,2787.5,188,ES.v.0
2019-02-28 09:55:00+00:00,33,1,18720,2787.5,2787.5,2787.5,2787.5,64,ES.v.0
2019-02-28 09:56:00+00:00,33,1,18720,2787.75,2787.75,2787.5,2787.5,33,ES.v.0
2019-02-28 09:57:00+00:00,33,1,18720,2787.5,2787.5,2787.25,2787.25,91,ES.v.0
2019-02-28 09:58:00+00:00,33,1,18720,2787.25,2787.5,2787.0,2787.5,56,ES.v.0
2019-02-28 09:59:00+00:00,33,1,18720,2787.25,2787.5,2787.25,2787.5,129,ES.v.0
2019-02-28 10:00:00+00:00,33,1,18720,2787.5,2787.5,2787.25,2787.25,76,ES.v.0
2019-02-28 10:01:00+00:00,33,1,18720,2787.5,2787.5,2786.75,2787.0,237,ES.v.0
2019-02-28 10:02:00+00:00,33,1,18720,2787.0,2787.0,2786.5,2786.75,169,ES.v.0
2019-02-28 10:03:00+00:00,33,1,18720,2787.0,2787.0,2786.25,2786.25,252,ES.v.0
2019-02-28 10:04:00+00:00,33,1,18720,2786.5,2786.75,2786.5,2786.5,503,ES.v.0
2019-02-28 10:05:00+00:00,33,1,18720,2786.5,2786.5,2786.25,2786.25,271,ES.v.0
2019-02-28 10:06:00+00:00,33,1,18720,2786.25,2786.25,2785.75,2785.75,187,ES.v.0
2019-02-28 10:07:00+00:00,33,1,18720,2785.75,2786.0,2785.75,2785.75,155,ES.v.0
2019-02-28 10:08:00+00:00,33,1,18720,2786.0,2786.5,2786.0,2786.5,510,ES.v.0
2019-02-28 10:09:00+00:00,33,1,18720,2786.75,2786.75,2786.5,2786.75,204,ES.v.0
2019-02-28 10:10:00+00:00,33,1,18720,2786.75,2786.75,2786.25,2786.5,108,ES.v.0
2019-02-28 10:11:00+00:00,33,1,18720,2786.25,2786.5,2786.0,2786.25,287,ES.v.0
2019-02-28 10:12:00+00:00,33,1,18720,2786.5,2786.5,2786.25,2786.5,55,ES.v.0
2019-02-28 10:13:00+00:00,33,1,18720,2786.5,2786.5,2786.0,2786.0,142,ES.v.0
2019-02-28 10:14:00+00:00,33,1,18720,2786.0,2786.5,2786.0,2786.25,124,ES.v.0
2019-02-28 10:15:00+00:00,33,1,18720,2786.25,2786.5,2786.25,2786.25,94,ES.v.0
2019-02-28 10:16:00+00:00,33,1,18720,2786.5,2786.75,2786.25,2786.5,169,ES.v.0
2019-02-28 10:17:00+00:00,33,1,18720,2786.5,2786.5,2786.0,2786.0,162,ES.v.0
2019-02-28 10:18:00+00:00,33,1,18720,2786.0,2786.0,2785.75,2786.0,95,ES.v.0
2019-02-28 10:19:00+00:00,33,1,18720,2785.75,2786.0,2785.5,2785.5,169,ES.v.0
2019-02-28 10:20:00+00:00,33,1,18720,2785.5,2786.0,2785.5,2786.0,294,ES.v.0
2019-02-28 10:21:00+00:00,33,1,18720,2786.0,2786.0,2785.75,2785.75,204,ES.v.0
2019-02-28 10:22:00+00:00,33,1,18720,2786.0,2786.5,2785.75,2786.25,391,ES.v.0
2019-02-28 10:23:00+00:00,33,1,18720,2786.0,2786.5,2786.0,2786.5,157,ES.v.0
2019-02-28 10:24:00+00:00,33,1,18720,2786.25,2786.75,2786.25,2786.25,125,ES.v.0
2019-02-28 10:25:00+00:00,33,1,18720,2786.25,2786.5,2786.0,2786.25,144,ES.v.0
2019-02-28 10:26:00+00:00,33,1,18720,2786.5,2786.5,2786.25,2786.25,147,ES.v.0
2019-02-28 10:27:00+00:00,33,1,18720,2786.25,2786.5,2786.0,2786.5,157,ES.v.0
2019-02-28 10:28:00+00:00,33,1,18720,2786.75,2786.75,2786.5,2786.5,148,ES.v.0
2019-02-28 10:29:00+00:00,33,1,18720,2786.5,2786.75,2786.5,2786.75,216,ES.v.0
2019-02-28 10:30:00+00:00,33,1,18720,2786.75,2786.75,2786.75,2786.75,197,ES.v.0
2019-02-28 10:31:00+00:00,33,1,18720,2786.75,2787.0,2786.75,2786.75,159,ES.v.0
2019-02-28 10:32:00+00:00,33,1,18720,2786.75,2787.25,2786.75,2787.0,112,ES.v.0
2019-02-28 10:33:00+00:00,33,1,18720,2787.0,2787.25,2787.0,2787.0,342,ES.v.0
2019-02-28 10:34:00+00:00,33,1,18720,2787.0,2787.25,2787.0,2787.0,88,ES.v.0
2019-02-28 10:35:00+00:00,33,1,18720,2787.0,2787.25,2787.0,2787.25,94,ES.v.0
2019-02-28 10:36:00+00:00,33,1,18720,2787.25,2787.25,2787.0,2787.0,65,ES.v.0
2019-02-28 10:37:00+00:00,33,1,18720,2787.0,2787.25,2787.0,2787.0,77,ES.v.0
2019-02-28 10:38:00+00:00,33,1,18720,2787.0,2787.25,2787.0,2787.0,85,ES.v.0
2019-02-28 10:39:00+00:00,33,1,18720,2787.0,2787.25,2787.0,2787.25,47,ES.v.0
2019-02-28 10:40:00+00:00,33,1,18720,2787.25,2787.25,2787.25,2787.25,63,ES.v.0
2019-02-28 10:41:00+00:00,33,1,18720,2787.25,2787.5,2787.25,2787.25,48,ES.v.0
2019-02-28 10:42:00+00:00,33,1,18720,2787.25,2787.25,2787.25,2787.25,111,ES.v.0
2019-02-28 10:43:00+00:00,33,1,18720,2787.25,2787.5,2787.25,2787.5,122,ES.v.0
2019-02-28 10:44:00+00:00,33,1,18720,2787.5,2787.5,2787.25,2787.25,168,ES.v.0
2019-02-28 10:45:00+00:00,33,1,18720,2787.25,2787.25,2787.0,2787.0,16,ES.v.0
2019-02-28 10:46:00+00:00,33,1,18720,2787.25,2787.5,2787.25,2787.5,177,ES.v.0
2019-02-28 10:47:00+00:00,33,1,18720,2787.5,2787.75,2787.25,2787.25,237,ES.v.0
2019-02-28 10:48:00+00:00,33,1,18720,2787.25,2787.5,2787.25,2787.25,14,ES.v.0
2019-02-28 10:49:00+00:00,33,1,18720,2787.25,2787.25,2787.0,2787.25,45,ES.v.0
2019-02-28 10:50:00+00:00,33,1,18720,2787.0,2787.5,2787.0,2787.25,157,ES.v.0
2019-02-28 10:51:00+00:00,33,1,18720,2787.25,2787.5,2787.25,2787.5,2,ES.v.0
2019-02-28 10:52:00+00:00,33,1,18720,2787.25,2787.25,2787.25,2787.25,140,ES.v.0
2019-02-28 10:53:00+00:00,33,1,18720,2787.25,2787.5,2787.0,2787.25,53,ES.v.0
2019-02-28 10:54:00+00:00,33,1,18720,2787.5,2787.5,2787.0,2787.25,65,ES.v.0
2019-02-28 10:55:00+00:00,33,1,18720,2787.25,2787.25,2787.0,2787.0,110,ES.v.0
2019-02-28 10:56:00+00:00,33,1,18720,2787.25,2787.25,2787.25,2787.25,30,ES.v.0
2019-02-28 10:57:00+00:00,33,1,18720,2787.25,2787.25,2786.75,2786.75,148,ES.v.0
2019-02-28 10:58:00+00:00,33,1,18720,2787.0,2787.0,2786.75,2786.75,118,ES.v.0
2019-02-28 10:59:00+00:00,33,1,18720,2787.0,2787.0,2786.75,2786.75,239,ES.v.0
2019-02-28 11:00:00+00:00,33,1,18720,2786.75,2787.0,2786.75,2787.0,109,ES.v.0
2019-02-28 11:01:00+00:00,33,1,18720,2787.0,2787.0,2787.0,2787.0,36,ES.v.0
2019-02-28 11:02:00+00:00,33,1,18720,2787.25,2787.25,2786.75,2787.25,112,ES.v.0
2019-02-28 11:03:00+00:00,33,1,18720,2787.0,2787.25,2786.75,2786.75,159,ES.v.0
2019-02-28 11:04:00+00:00,33,1,18720,2786.75,2786.75,2786.5,2786.5,41,ES.v.0
2019-02-28 11:05:00+00:00,33,1,18720,2786.75,2786.75,2786.25,2786.5,87,ES.v.0
2019-02-28 11:06:00+00:00,33,1,18720,2786.5,2786.5,2785.75,2786.0,323,ES.v.0
2019-02-28 11:07:00+00:00,33,1,18720,2786.0,2786.25,2786.0,2786.0,192,ES.v.0
2019-02-28 11:08:00+00:00,33,1,18720,2786.25,2786.5,2786.0,2786.25,197,ES.v.0
2019-02-28 11:09:00+00:00,33,1,18720,2786.25,2786.5,2786.25,2786.25,485,ES.v.0
2019-02-28 11:10:00+00:00,33,1,18720,2786.5,2787.25,2786.25,2787.25,287,ES.v.0
2019-02-28 11:11:00+00:00,33,1,18720,2787.25,2787.25,2786.75,2786.75,313,ES.v.0
2019-02-28 11:12:00+00:00,33,1,18720,2787.0,2787.0,2786.5,2786.75,163,ES.v.0
2019-02-28 11:13:00+00:00,33,1,18720,2786.5,2786.75,2786.5,2786.5,127,ES.v.0
2019-02-28 11:14:00+00:00,33,1,18720,2786.75,2787.0,2786.5,2786.75,133,ES.v.0
2019-02-28 11:15:00+00:00,33,1,18720,2787.0,2787.5,2787.0,2787.25,118,ES.v.0
2019-02-28 11:16:00+00:00,33,1,18720,2787.25,2788.75,2787.25,2788.5,614,ES.v.0
2019-02-28 11:17:00+00:00,33,1,18720,2788.75,2788.75,2788.0,2788.75,414,ES.v.0
2019-02-28 11:18:00+00:00,33,1,18720,2788.75,2788.75,2788.25,2788.25,166,ES.v.0
2019-02-28 11:19:00+00:00,33,1,18720,2788.5,2788.5,2788.0,2788.0,405,ES.v.0
2019-02-28 11:20:00+00:00,33,1,18720,2788.0,2788.25,2788.0,2788.25,25,ES.v.0
2019-02-28 11:21:00+00:00,33,1,18720,2788.0,2788.25,2787.75,2788.0,245,ES.v.0
2019-02-28 11:22:00+00:00,33,1,18720,2788.25,2788.25,2787.75,2787.75,56,ES.v.0
2019-02-28 11:23:00+00:00,33,1,18720,2788.0,2788.0,2787.75,2788.0,15,ES.v.0
2019-02-28 11:24:00+00:00,33,1,18720,2788.0,2788.0,2787.5,2787.5,96,ES.v.0
2019-02-28 11:25:00+00:00,33,1,18720,2787.5,2787.75,2787.25,2787.75,105,ES.v.0
2019-02-28 11:26:00+00:00,33,1,18720,2787.5,2787.75,2787.5,2787.75,307,ES.v.0
2019-02-28 11:27:00+00:00,33,1,18720,2787.75,2787.75,2787.5,2787.75,59,ES.v.0
2019-02-28 11:28:00+00:00,33,1,18720,2787.75,2787.75,2787.5,2787.75,123,ES.v.0
2019-02-28 11:29:00+00:00,33,1,18720,2787.5,2787.75,2787.5,2787.75,108,ES.v.0
2019-02-28 11:30:00+00:00,33,1,18720,2787.75,2788.0,2787.5,2787.5,62,ES.v.0
2019-02-28 11:31:00+00:00,33,1,18720,2787.5,2787.5,2787.25,2787.25,116,ES.v.0
2019-02-28 11:32:00+00:00,33,1,18720,2787.25,2787.25,2787.0,2787.25,200,ES.v.0
2019-02-28 11:33:00+00:00,33,1,18720,2787.25,2787.25,2787.0,2787.25,85,ES.v.0
2019-02-28 11:34:00+00:00,33,1,18720,2787.25,2787.5,2787.0,2787.0,138,ES.v.0
2019-02-28 11:35:00+00:00,33,1,18720,2786.75,2787.25,2786.75,2787.25,155,ES.v.0
2019-02-28 11:36:00+00:00,33,1,18720,2787.0,2787.25,2787.0,2787.0,58,ES.v.0
2019-02-28 11:37:00+00:00,33,1,18720,2787.25,2787.25,2787.0,2787.0,84,ES.v.0
2019-02-28 11:38:00+00:00,33,1,18720,2787.0,2787.75,2787.0,2787.75,173,ES.v.0
2019-02-28 11:39:00+00:00,33,1,18720,2787.5,2787.75,2787.25,2787.5,180,ES.v.0
2019-02-28 11:40:00+00:00,33,1,18720,2787.5,2787.75,2787.25,2787.75,122,ES.v.0
2019-02-28 11:41:00+00:00,33,1,18720,2787.75,2787.75,2787.5,2787.75,129,ES.v.0
2019-02-28 11:42:00+00:00,33,1,18720,2787.75,2788.0,2787.5,2787.5,243,ES.v.0
2019-02-28 11:43:00+00:00,33,1,18720,2787.75,2787.75,2787.0,2787.0,357,ES.v.0
2019-02-28 11:44:00+00:00,33,1,18720,2787.0,2787.25,2786.5,2787.0,582,ES.v.0
2019-02-28 11:45:00+00:00,33,1,18720,2786.75,2787.5,2786.75,2787.25,383,ES.v.0
2019-02-28 11:46:00+00:00,33,1,18720,2787.25,2787.75,2787.25,2787.5,189,ES.v.0
2019-02-28 11:47:00+00:00,33,1,18720,2787.5,2787.75,2787.25,2787.75,156,ES.v.0
2019-02-28 11:48:00+00:00,33,1,18720,2787.5,2788.25,2787.5,2787.75,393,ES.v.0
2019-02-28 11:49:00+00:00,33,1,18720,2788.0,2788.0,2787.75,2788.0,83,ES.v.0
2019-02-28 11:50:00+00:00,33,1,18720,2788.0,2788.25,2787.25,2787.25,667,ES.v.0
2019-02-28 11:51:00+00:00,33,1,18720,2787.5,2787.5,2786.75,2787.25,554,ES.v.0
2019-02-28 11:52:00+00:00,33,1,18720,2787.25,2788.0,2787.25,2788.0,714,ES.v.0
2019-02-28 11:53:00+00:00,33,1,18720,2787.75,2788.0,2787.75,2787.75,354,ES.v.0
2019-02-28 11:54:00+00:00,33,1,18720,2788.0,2788.0,2787.75,2787.75,115,ES.v.0
2019-02-28 11:55:00+00:00,33,1,18720,2787.75,2788.0,2787.75,2788.0,276,ES.v.0
2019-02-28 11:56:00+00:00,33,1,18720,2787.75,2788.0,2787.75,2788.0,46,ES.v.0
2019-02-28 11:57:00+00:00,33,1,18720,2787.75,2788.0,2787.5,2787.75,185,ES.v.0
2019-02-28 11:58:00+00:00,33,1,18720,2787.75,2788.0,2787.75,2788.0,124,ES.v.0
2019-02-28 11:59:00+00:00,33,1,18720,2788.0,2788.25,2787.75,2788.0,117,ES.v.0
2019-02-28 12:00:00+00:00,33,1,18720,2788.25,2788.25,2787.75,2788.0,302,ES.v.0
2019-02-28 12:01:00+00:00,33,1,18720,2788.25,2788.5,2788.0,2788.25,163,ES.v.0
2019-02-28 12:02:00+00:00,33,1,18720,2788.25,2788.75,2788.0,2788.5,553,ES.v.0
2019-02-28 12:03:00+00:00,33,1,18720,2788.5,2788.75,2788.25,2788.25,233,ES.v.0
2019-02-28 12:04:00+00:00,33,1,18720,2788.25,2788.25,2788.0,2788.0,97,ES.v.0
2019-02-28 12:05:00+00:00,33,1,18720,2788.0,2788.25,2788.0,2788.0,23,ES.v.0
2019-02-28 12:06:00+00:00,33,1,18720,2788.0,2788.25,2787.5,2787.5,170,ES.v.0
2019-02-28 12:07:00+00:00,33,1,18720,2787.5,2787.75,2787.0,2787.25,390,ES.v.0
2019-02-28 12:08:00+00:00,33,1,18720,2787.0,2787.25,2786.75,2787.0,443,ES.v.0
2019-02-28 12:09:00+00:00,33,1,18720,2787.0,2787.25,2787.0,2787.0,82,ES.v.0
2019-02-28 12:10:00+00:00,33,1,18720,2787.0,2787.25,2786.75,2787.25,344,ES.v.0
2019-02-28 12:11:00+00:00,33,1,18720,2787.25,2788.0,2787.25,2787.5,367,ES.v.0
2019-02-28 12:12:00+00:00,33,1,18720,2787.5,2787.5,2787.25,2787.25,101,ES.v.0
2019-02-28 12:13:00+00:00,33,1,18720,2787.5,2787.5,2787.25,2787.5,160,ES.v.0
2019-02-28 12:14:00+00:00,33,1,18720,2787.25,2787.5,2787.25,2787.5,19,ES.v.0
2019-02-28 12:15:00+00:00,33,1,18720,2787.25,2787.25,2787.0,2787.25,181,ES.v.0
2019-02-28 12:16:00+00:00,33,1,18720,2787.25,2787.5,2787.25,2787.25,54,ES.v.0
2019-02-28 12:17:00+00:00,33,1,18720,2787.5,2787.75,2787.5,2787.75,161,ES.v.0
2019-02-28 12:18:00+00:00,33,1,18720,2788.0,2788.75,2788.0,2788.5,555,ES.v.0
2019-02-28 12:19:00+00:00,33,1,18720,2788.25,2788.75,2788.25,2788.5,351,ES.v.0
2019-02-28 12:20:00+00:00,33,1,18720,2788.5,2789.25,2788.5,2789.0,1114,ES.v.0
2019-02-28 12:21:00+00:00,33,1,18720,2789.25,2789.25,2788.75,2788.75,268,ES.v.0
2019-02-28 12:22:00+00:00,33,1,18720,2788.75,2789.0,2788.75,2788.75,150,ES.v.0
2019-02-28 12:23:00+00:00,33,1,18720,2788.75,2789.0,2788.5,2788.75,371,ES.v.0
2019-02-28 12:24:00+00:00,33,1,18720,2788.5,2789.25,2788.5,2789.25,373,ES.v.0
2019-02-28 12:25:00+00:00,33,1,18720,2789.0,2789.25,2789.0,2789.25,94,ES.v.0
2019-02-28 12:26:00+00:00,33,1,18720,2789.0,2789.25,2788.75,2788.75,124,ES.v.0
2019-02-28 12:27:00+00:00,33,1,18720,2789.0,2789.0,2788.5,2788.5,171,ES.v.0
2019-02-28 12:28:00+00:00,33,1,18720,2788.5,2788.5,2788.5,2788.5,37,ES.v.0
2019-02-28 12:29:00+00:00,33,1,18720,2788.75,2789.0,2788.5,2788.5,457,ES.v.0
2019-02-28 12:30:00+00:00,33,1,18720,2788.5,2788.75,2788.5,2788.5,138,ES.v.0
2019-02-28 12:31:00+00:00,33,1,18720,2788.5,2788.75,2788.5,2788.75,47,ES.v.0
2019-02-28 12:32:00+00:00,33,1,18720,2788.75,2788.75,2788.25,2788.25,221,ES.v.0
2019-02-28 12:33:00+00:00,33,1,18720,2788.25,2788.5,2788.25,2788.25,355,ES.v.0
2019-02-28 12:34:00+00:00,33,1,18720,2788.0,2788.0,2787.5,2787.5,377,ES.v.0
2019-02-28 12:35:00+00:00,33,1,18720,2787.75,2789.25,2787.75,2789.25,623,ES.v.0
2019-02-28 12:36:00+00:00,33,1,18720,2789.0,2789.5,2789.0,2789.25,563,ES.v.0
2019-02-28 12:37:00+00:00,33,1,18720,2789.25,2789.75,2789.25,2789.75,453,ES.v.0
2019-02-28 12:38:00+00:00,33,1,18720,2789.75,2791.25,2789.5,2791.0,2474,ES.v.0
2019-02-28 12:39:00+00:00,33,1,18720,2791.0,2791.25,2790.5,2790.75,854,ES.v.0
2019-02-28 12:40:00+00:00,33,1,18720,2790.75,2791.0,2790.5,2791.0,228,ES.v.0
2019-02-28 12:41:00+00:00,33,1,18720,2791.0,2791.0,2790.5,2790.5,129,ES.v.0
2019-02-28 12:42:00+00:00,33,1,18720,2790.5,2790.75,2790.25,2790.75,264,ES.v.0
2019-02-28 12:43:00+00:00,33,1,18720,2790.75,2790.75,2790.25,2790.5,178,ES.v.0
2019-02-28 12:44:00+00:00,33,1,18720,2790.25,2790.75,2790.25,2790.75,287,ES.v.0
2019-02-28 12:45:00+00:00,33,1,18720,2790.5,2790.75,2790.25,2790.75,174,ES.v.0
2019-02-28 12:46:00+00:00,33,1,18720,2790.5,2790.75,2790.5,2790.5,216,ES.v.0
2019-02-28 12:47:00+00:00,33,1,18720,2790.75,2791.0,2790.5,2790.75,104,ES.v.0
2019-02-28 12:48:00+00:00,33,1,18720,2790.5,2790.5,2790.25,2790.5,170,ES.v.0
2019-02-28 12:49:00+00:00,33,1,18720,2790.5,2790.5,2790.25,2790.5,188,ES.v.0
2019-02-28 12:50:00+00:00,33,1,18720,2790.5,2790.5,2790.0,2790.0,96,ES.v.0
2019-02-28 12:51:00+00:00,33,1,18720,2790.0,2790.5,2790.0,2790.5,165,ES.v.0
2019-02-28 12:52:00+00:00,33,1,18720,2790.5,2790.75,2790.25,2790.75,257,ES.v.0
2019-02-28 12:53:00+00:00,33,1,18720,2790.75,2791.0,2790.5,2790.5,363,ES.v.0
2019-02-28 12:54:00+00:00,33,1,18720,2790.5,2790.75,2790.25,2790.25,379,ES.v.0
2019-02-28 12:55:00+00:00,33,1,18720,2790.5,2790.5,2790.25,2790.25,70,ES.v.0
2019-02-28 12:56:00+00:00,33,1,18720,2790.0,2790.25,2789.25,2789.5,1211,ES.v.0
2019-02-28 12:57:00+00:00,33,1,18720,2789.5,2789.75,2789.5,2789.5,315,ES.v.0
2019-02-28 12:58:00+00:00,33,1,18720,2789.25,2789.75,2789.25,2789.5,290,ES.v.0
2019-02-28 12:59:00+00:00,33,1,18720,2789.5,2790.5,2789.5,2790.0,321,ES.v.0
2019-02-28 13:00:00+00:00,33,1,18720,2790.0,2790.5,2790.0,2790.5,468,ES.v.0
2019-02-28 13:01:00+00:00,33,1,18720,2790.25,2790.5,2789.75,2790.0,207,ES.v.0
2019-02-28 13:02:00+00:00,33,1,18720,2789.75,2790.0,2789.75,2789.75,243,ES.v.0
2019-02-28 13:03:00+00:00,33,1,18720,2789.75,2790.0,2789.75,2789.75,188,ES.v.0
2019-02-28 13:04:00+00:00,33,1,18720,2789.75,2789.75,2789.75,2789.75,240,ES.v.0
2019-02-28 13:05:00+00:00,33,1,18720,2789.75,2790.0,2789.75,2790.0,304,ES.v.0
2019-02-28 13:06:00+00:00,33,1,18720,2789.75,2790.0,2789.5,2789.5,168,ES.v.0
2019-02-28 13:07:00+00:00,33,1,18720,2789.5,2789.5,2789.5,2789.5,10,ES.v.0
2019-02-28 13:08:00+00:00,33,1,18720,2789.75,2790.25,2789.5,2789.75,321,ES.v.0
2019-02-28 13:09:00+00:00,33,1,18720,2789.75,2789.75,2789.25,2789.25,401,ES.v.0
2019-02-28 13:10:00+00:00,33,1,18720,2789.25,2789.5,2789.25,2789.25,435,ES.v.0
2019-02-28 13:11:00+00:00,33,1,18720,2789.25,2789.5,2789.0,2789.0,282,ES.v.0
2019-02-28 13:12:00+00:00,33,1,18720,2789.25,2789.75,2789.0,2789.25,582,ES.v.0
2019-02-28 13:13:00+00:00,33,1,18720,2789.25,2789.25,2788.5,2788.75,379,ES.v.0
2019-02-28 13:14:00+00:00,33,1,18720,2788.5,2788.75,2788.25,2788.5,297,ES.v.0
2019-02-28 13:15:00+00:00,33,1,18720,2788.5,2788.75,2788.25,2788.25,258,ES.v.0
2019-02-28 13:16:00+00:00,33,1,18720,2788.25,2788.75,2788.25,2788.25,368,ES.v.0
2019-02-28 13:17:00+00:00,33,1,18720,2788.25,2788.5,2788.25,2788.25,87,ES.v.0
2019-02-28 13:18:00+00:00,33,1,18720,2788.5,2788.75,2788.25,2788.25,126,ES.v.0
2019-02-28 13:19:00+00:00,33,1,18720,2788.5,2788.5,2788.25,2788.5,381,ES.v.0
2019-02-28 13:20:00+00:00,33,1,18720,2788.25,2788.75,2788.25,2788.25,264,ES.v.0
2019-02-28 13:21:00+00:00,33,1,18720,2788.25,2788.5,2787.75,2787.75,330,ES.v.0
2019-02-28 13:22:00+00:00,33,1,18720,2788.0,2788.0,2787.5,2787.75,254,ES.v.0
2019-02-28 13:23:00+00:00,33,1,18720,2787.5,2787.5,2787.25,2787.5,589,ES.v.0
2019-02-28 13:24:00+00:00,33,1,18720,2787.5,2787.5,2787.25,2787.25,69,ES.v.0
2019-02-28 13:25:00+00:00,33,1,18720,2787.5,2787.75,2787.5,2787.75,345,ES.v.0
2019-02-28 13:26:00+00:00,33,1,18720,2787.5,2788.25,2787.5,2788.25,325,ES.v.0
2019-02-28 13:27:00+00:00,33,1,18720,2788.25,2788.75,2788.25,2788.25,171,ES.v.0
2019-02-28 13:28:00+00:00,33,1,18720,2788.5,2788.5,2788.0,2788.25,208,ES.v.0
2019-02-28 13:29:00+00:00,33,1,18720,2788.5,2789.0,2788.25,2788.75,218,ES.v.0
2019-02-28 13:30:00+00:00,33,1,18720,2788.75,2792.0,2788.5,2790.25,2883,ES.v.0
2019-02-28 13:31:00+00:00,33,1,18720,2790.5,2790.5,2789.5,2790.25,816,ES.v.0
2019-02-28 13:32:00+00:00,33,1,18720,2790.0,2790.25,2788.75,2789.0,933,ES.v.0
2019-02-28 13:33:00+00:00,33,1,18720,2789.0,2789.75,2789.0,2789.75,656,ES.v.0
2019-02-28 13:34:00+00:00,33,1,18720,2789.75,2790.5,2789.25,2790.25,798,ES.v.0
2019-02-28 13:35:00+00:00,33,1,18720,2790.0,2790.25,2789.5,2790.0,820,ES.v.0
2019-02-28 13:36:00+00:00,33,1,18720,2789.75,2790.25,2789.75,2790.25,75,ES.v.0
2019-02-28 13:37:00+00:00,33,1,18720,2790.25,2790.5,2790.0,2790.5,592,ES.v.0
2019-02-28 13:38:00+00:00,33,1,18720,2790.75,2790.75,2790.25,2790.75,642,ES.v.0
2019-02-28 13:39:00+00:00,33,1,18720,2790.75,2792.25,2790.75,2792.25,1452,ES.v.0
2019-02-28 13:40:00+00:00,33,1,18720,2792.25,2792.5,2791.25,2792.5,1406,ES.v.0
2019-02-28 13:41:00+00:00,33,1,18720,2792.25,2792.5,2792.0,2792.25,810,ES.v.0
2019-02-28 13:42:00+00:00,33,1,18720,2792.0,2792.25,2791.75,2792.25,390,ES.v.0
2019-02-28 13:43:00+00:00,33,1,18720,2792.25,2792.25,2791.75,2791.75,452,ES.v.0
2019-02-28 13:44:00+00:00,33,1,18720,2791.75,2792.0,2791.25,2791.5,454,ES.v.0
2019-02-28 13:45:00+00:00,33,1,18720,2791.5,2791.5,2790.75,2791.0,891,ES.v.0
2019-02-28 13:46:00+00:00,33,1,18720,2791.0,2791.25,2790.75,2791.0,402,ES.v.0
2019-02-28 13:47:00+00:00,33,1,18720,2790.75,2790.75,2790.0,2790.75,812,ES.v.0
2019-02-28 13:48:00+00:00,33,1,18720,2790.75,2791.25,2790.75,2791.0,343,ES.v.0
2019-02-28 13:49:00+00:00,33,1,18720,2790.75,2791.0,2790.25,2790.25,457,ES.v.0
2019-02-28 13:50:00+00:00,33,1,18720,2790.0,2790.0,2789.25,2789.25,893,ES.v.0
2019-02-28 13:51:00+00:00,33,1,18720,2789.25,2790.25,2789.25,2790.0,823,ES.v.0
2019-02-28 13:52:00+00:00,33,1,18720,2790.25,2791.0,2790.25,2790.75,629,ES.v.0
2019-02-28 13:53:00+00:00,33,1,18720,2790.75,2791.0,2790.5,2790.75,485,ES.v.0
2019-02-28 13:54:00+00:00,33,1,18720,2790.75,2790.75,2790.25,2790.25,461,ES.v.0
2019-02-28 13:55:00+00:00,33,1,18720,2790.0,2790.25,2789.5,2789.5,421,ES.v.0
2019-02-28 13:56:00+00:00,33,1,18720,2789.5,2790.0,2789.25,2789.75,580,ES.v.0
2019-02-28 13:57:00+00:00,33,1,18720,2789.75,2790.25,2789.75,2790.0,335,ES.v.0
2019-02-28 13:58:00+00:00,33,1,18720,2790.0,2790.5,2789.75,2790.25,474,ES.v.0
2019-02-28 13:59:00+00:00,33,1,18720,2790.25,2790.5,2790.0,2790.25,313,ES.v.0
2019-02-28 14:00:00+00:00,33,1,18720,2790.25,2790.5,2790.0,2790.5,321,ES.v.0
2019-02-28 14:01:00+00:00,33,1,18720,2790.5,2790.5,2789.5,2790.0,708,ES.v.0
2019-02-28 14:02:00+00:00,33,1,18720,2790.0,2790.25,2789.25,2789.5,749,ES.v.0
2019-02-28 14:03:00+00:00,33,1,18720,2789.5,2789.5,2789.25,2789.5,612,ES.v.0
2019-02-28 14:04:00+00:00,33,1,18720,2789.25,2790.0,2788.75,2789.5,1530,ES.v.0
2019-02-28 14:05:00+00:00,33,1,18720,2789.5,2790.0,2789.5,2789.75,296,ES.v.0
2019-02-28 14:06:00+00:00,33,1,18720,2790.0,2790.0,2789.5,2789.5,351,ES.v.0
2019-02-28 14:07:00+00:00,33,1,18720,2789.75,2790.75,2789.75,2790.5,594,ES.v.0
2019-02-28 14:08:00+00:00,33,1,18720,2790.25,2790.75,2790.25,2790.25,485,ES.v.0
2019-02-28 14:09:00+00:00,33,1,18720,2790.25,2790.25,2789.75,2790.0,370,ES.v.0
2019-02-28 14:10:00+00:00,33,1,18720,2790.0,2790.25,2789.75,2790.0,218,ES.v.0
2019-02-28 14:11:00+00:00,33,1,18720,2790.0,2790.0,2789.0,2789.0,492,ES.v.0
2019-02-28 14:12:00+00:00,33,1,18720,2789.0,2789.5,2788.75,2789.5,419,ES.v.0
2019-02-28 14:13:00+00:00,33,1,18720,2789.25,2790.0,2789.25,2790.0,318,ES.v.0
2019-02-28 14:14:00+00:00,33,1,18720,2789.75,2790.25,2789.75,2790.0,364,ES.v.0
2019-02-28 14:15:00+00:00,33,1,18720,2790.0,2790.25,2789.75,2790.0,128,ES.v.0
2019-02-28 14:16:00+00:00,33,1,18720,2790.0,2790.0,2789.25,2789.5,580,ES.v.0
2019-02-28 14:17:00+00:00,33,1,18720,2789.5,2789.5,2789.25,2789.25,96,ES.v.0
2019-02-28 14:18:00+00:00,33,1,18720,2789.25,2789.75,2789.25,2789.5,421,ES.v.0
2019-02-28 14:19:00+00:00,33,1,18720,2789.75,2789.75,2789.5,2789.75,121,ES.v.0
2019-02-28 14:20:00+00:00,33,1,18720,2789.75,2790.0,2789.25,2789.25,131,ES.v.0
2019-02-28 14:21:00+00:00,33,1,18720,2789.5,2789.75,2789.0,2789.75,613,ES.v.0
2019-02-28 14:22:00+00:00,33,1,18720,2789.5,2789.75,2789.25,2789.5,308,ES.v.0
2019-02-28 14:23:00+00:00,33,1,18720,2789.75,2789.75,2789.5,2789.5,312,ES.v.0
2019-02-28 14:24:00+00:00,33,1,18720,2789.75,2790.0,2789.5,2789.75,247,ES.v.0
2019-02-28 14:25:00+00:00,33,1,18720,2789.75,2790.0,2789.5,2789.5,332,ES.v.0
2019-02-28 14:26:00+00:00,33,1,18720,2789.5,2789.75,2789.0,2789.0,270,ES.v.0
2019-02-28 14:27:00+00:00,33,1,18720,2789.0,2789.75,2789.0,2789.5,504,ES.v.0
2019-02-28 14:28:00+00:00,33,1,18720,2789.5,2789.5,2788.5,2789.0,1103,ES.v.0
2019-02-28 14:29:00+00:00,33,1,18720,2789.25,2789.5,2789.0,2789.25,1024,ES.v.0
2019-02-28 14:30:00+00:00,33,1,18720,2789.25,2789.75,2787.25,2789.75,11100,ES.v.0
2019-02-28 14:31:00+00:00,33,1,18720,2789.75,2790.5,2788.5,2789.0,6178,ES.v.0
2019-02-28 14:32:00+00:00,33,1,18720,2788.75,2789.5,2788.0,2788.75,4485,ES.v.0
2019-02-28 14:33:00+00:00,33,1,18720,2788.5,2790.0,2788.5,2789.5,6427,ES.v.0
2019-02-28 14:34:00+00:00,33,1,18720,2789.5,2789.75,2787.75,2787.75,5446,ES.v.0
2019-02-28 14:35:00+00:00,33,1,18720,2788.0,2789.0,2787.25,2787.25,5580,ES.v.0
2019-02-28 14:36:00+00:00,33,1,18720,2787.25,2788.0,2786.75,2787.5,5113,ES.v.0
2019-02-28 14:37:00+00:00,33,1,18720,2787.5,2788.5,2787.0,2788.25,3622,ES.v.0
2019-02-28 14:38:00+00:00,33,1,18720,2788.25,2788.75,2787.0,2787.25,3447,ES.v.0
2019-02-28 14:39:00+00:00,33,1,18720,2787.25,2789.5,2787.0,2789.25,5959,ES.v.0
2019-02-28 14:40:00+00:00,33,1,18720,2789.0,2789.75,2788.5,2789.5,2919,ES.v.0
2019-02-28 14:41:00+00:00,33,1,18720,2789.5,2790.25,2789.25,2789.5,2923,ES.v.0
2019-02-28 14:42:00+00:00,33,1,18720,2789.5,2791.25,2789.5,2790.25,4543,ES.v.0
2019-02-28 14:43:00+00:00,33,1,18720,2790.25,2790.5,2788.75,2788.75,4651,ES.v.0
2019-02-28 14:44:00+00:00,33,1,18720,2788.75,2790.75,2788.25,2790.25,3198,ES.v.0
2019-02-28 14:45:00+00:00,33,1,18720,2790.5,2792.75,2790.25,2792.25,7547,ES.v.0
2019-02-28 14:46:00+00:00,33,1,18720,2792.0,2792.75,2791.25,2792.25,4426,ES.v.0
2019-02-28 14:47:00+00:00,33,1,18720,2792.0,2793.25,2791.25,2791.5,5170,ES.v.0
2019-02-28 14:48:00+00:00,33,1,18720,2791.25,2791.5,2790.75,2791.0,3718,ES.v.0
2019-02-28 14:49:00+00:00,33,1,18720,2791.0,2791.25,2790.25,2790.75,2910,ES.v.0
2019-02-28 14:50:00+00:00,33,1,18720,2791.0,2791.5,2790.75,2791.0,2172,ES.v.0
2019-02-28 14:51:00+00:00,33,1,18720,2791.0,2792.0,2790.5,2790.5,3256,ES.v.0
2019-02-28 14:52:00+00:00,33,1,18720,2790.5,2791.5,2790.25,2790.25,2107,ES.v.0
2019-02-28 14:53:00+00:00,33,1,18720,2790.25,2791.5,2790.0,2791.25,3738,ES.v.0
2019-02-28 14:54:00+00:00,33,1,18720,2791.25,2791.25,2790.5,2791.0,1349,ES.v.0
2019-02-28 14:55:00+00:00,33,1,18720,2791.0,2792.0,2791.0,2791.75,2350,ES.v.0
2019-02-28 14:56:00+00:00,33,1,18720,2791.5,2791.75,2790.5,2790.75,1445,ES.v.0
2019-02-28 14:57:00+00:00,33,1,18720,2790.75,2791.0,2790.0,2790.0,2733,ES.v.0
2019-02-28 14:58:00+00:00,33,1,18720,2790.25,2790.5,2789.75,2790.25,2598,ES.v.0
2019-02-28 14:59:00+00:00,33,1,18720,2790.25,2791.5,2790.25,2790.5,1917,ES.v.0
2019-02-28 15:00:00+00:00,33,1,18720,2790.5,2790.5,2789.0,2789.5,2895,ES.v.0
2019-02-28 15:01:00+00:00,33,1,18720,2789.5,2789.75,2788.25,2788.75,3094,ES.v.0
2019-02-28 15:02:00+00:00,33,1,18720,2789.0,2789.0,2787.75,2788.5,3371,ES.v.0
2019-02-28 15:03:00+00:00,33,1,18720,2788.5,2789.25,2787.5,2787.75,5871,ES.v.0
2019-02-28 15:04:00+00:00,33,1,18720,2787.75,2788.75,2787.5,2788.5,8299,ES.v.0
2019-02-28 15:05:00+00:00,33,1,18720,2788.5,2788.75,2786.5,2786.75,10454,ES.v.0
2019-02-28 15:06:00+00:00,33,1,18720,2786.5,2786.75,2785.0,2786.0,9001,ES.v.0
2019-02-28 15:07:00+00:00,33,1,18720,2785.75,2786.0,2785.0,2785.5,4124,ES.v.0
2019-02-28 15:08:00+00:00,33,1,18720,2785.25,2786.25,2785.0,2785.25,3942,ES.v.0
2019-02-28 15:09:00+00:00,33,1,18720,2785.25,2785.75,2784.5,2785.0,4103,ES.v.0
2019-02-28 15:10:00+00:00,33,1,18720,2785.0,2786.5,2784.25,2786.5,6798,ES.v.0
2019-02-28 15:11:00+00:00,33,1,18720,2786.5,2787.0,2785.5,2785.75,4613,ES.v.0
2019-02-28 15:12:00+00:00,33,1,18720,2785.5,2786.25,2785.0,2785.5,2462,ES.v.0
2019-02-28 15:13:00+00:00,33,1,18720,2785.5,2789.75,2785.5,2788.25,13945,ES.v.0
2019-02-28 15:14:00+00:00,33,1,18720,2788.0,2789.5,2787.0,2787.75,4027,ES.v.0
2019-02-28 15:15:00+00:00,33,1,18720,2787.5,2788.5,2787.25,2787.75,2823,ES.v.0
2019-02-28 15:16:00+00:00,33,1,18720,2787.75,2788.0,2787.0,2787.75,1633,ES.v.0
2019-02-28 15:17:00+00:00,33,1,18720,2787.5,2789.0,2787.25,2789.0,3595,ES.v.0
2019-02-28 15:18:00+00:00,33,1,18720,2789.25,2789.25,2788.0,2788.25,1813,ES.v.0
2019-02-28 15:19:00+00:00,33,1,18720,2788.25,2788.5,2787.75,2788.25,1348,ES.v.0
2019-02-28 15:20:00+00:00,33,1,18720,2788.25,2788.75,2787.75,2788.0,2189,ES.v.0
2019-02-28 15:21:00+00:00,33,1,18720,2788.0,2788.25,2787.25,2787.5,1653,ES.v.0
2019-02-28 15:22:00+00:00,33,1,18720,2787.25,2788.0,2787.0,2787.75,1846,ES.v.0
2019-02-28 15:23:00+00:00,33,1,18720,2788.0,2788.0,2786.0,2786.0,2220,ES.v.0
2019-02-28 15:24:00+00:00,33,1,18720,2786.0,2786.5,2785.75,2786.0,3183,ES.v.0
2019-02-28 15:25:00+00:00,33,1,18720,2785.75,2786.25,2785.5,2786.0,2205,ES.v.0
2019-02-28 15:26:00+00:00,33,1,18720,2786.0,2786.75,2785.0,2785.0,3304,ES.v.0
2019-02-28 15:27:00+00:00,33,1,18720,2785.0,2785.5,2784.25,2785.25,3191,ES.v.0
2019-02-28 15:28:00+00:00,33,1,18720,2785.25,2786.75,2785.0,2786.5,2772,ES.v.0
2019-02-28 15:29:00+00:00,33,1,18720,2786.25,2788.0,2786.25,2787.0,3506,ES.v.0
2019-02-28 15:30:00+00:00,33,1,18720,2787.0,2789.0,2787.0,2788.5,3493,ES.v.0
2019-02-28 15:31:00+00:00,33,1,18720,2788.25,2788.5,2787.75,2788.0,3332,ES.v.0
2019-02-28 15:32:00+00:00,33,1,18720,2787.75,2788.5,2787.75,2788.5,1558,ES.v.0
2019-02-28 15:33:00+00:00,33,1,18720,2788.5,2788.75,2788.0,2788.5,2109,ES.v.0
2019-02-28 15:34:00+00:00,33,1,18720,2788.25,2789.5,2788.25,2789.0,3347,ES.v.0
2019-02-28 15:35:00+00:00,33,1,18720,2789.0,2790.5,2788.75,2790.0,3618,ES.v.0
2019-02-28 15:36:00+00:00,33,1,18720,2790.25,2790.25,2789.5,2789.75,2464,ES.v.0
2019-02-28 15:37:00+00:00,33,1,18720,2789.5,2789.75,2788.75,2789.75,2886,ES.v.0
2019-02-28 15:38:00+00:00,33,1,18720,2789.75,2789.75,2788.75,2789.0,3115,ES.v.0
2019-02-28 15:39:00+00:00,33,1,18720,2789.0,2789.25,2788.75,2789.0,1784,ES.v.0
2019-02-28 15:40:00+00:00,33,1,18720,2789.25,2789.5,2788.0,2789.0,4650,ES.v.0
2019-02-28 15:41:00+00:00,33,1,18720,2789.0,2789.0,2787.5,2787.5,4647,ES.v.0
2019-02-28 15:42:00+00:00,33,1,18720,2787.25,2789.5,2786.25,2788.25,11594,ES.v.0
2019-02-28 15:43:00+00:00,33,1,18720,2788.0,2788.5,2787.75,2788.25,1932,ES.v.0
2019-02-28 15:44:00+00:00,33,1,18720,2788.25,2788.25,2786.75,2786.75,1585,ES.v.0
2019-02-28 15:45:00+00:00,33,1,18720,2786.75,2787.5,2786.5,2787.25,2862,ES.v.0
2019-02-28 15:46:00+00:00,33,1,18720,2787.0,2787.5,2786.25,2786.5,1822,ES.v.0
2019-02-28 15:47:00+00:00,33,1,18720,2786.5,2787.5,2786.5,2786.75,1861,ES.v.0
2019-02-28 15:48:00+00:00,33,1,18720,2786.5,2787.75,2786.0,2787.5,3013,ES.v.0
2019-02-28 15:49:00+00:00,33,1,18720,2787.5,2787.75,2786.75,2786.75,1481,ES.v.0
2019-02-28 15:50:00+00:00,33,1,18720,2787.0,2787.0,2784.25,2784.5,4986,ES.v.0
2019-02-28 15:51:00+00:00,33,1,18720,2784.25,2785.5,2783.5,2785.25,5897,ES.v.0
2019-02-28 15:52:00+00:00,33,1,18720,2785.25,2785.25,2784.5,2784.75,3069,ES.v.0
2019-02-28 15:53:00+00:00,33,1,18720,2784.5,2785.25,2784.5,2785.25,3184,ES.v.0
2019-02-28 15:54:00+00:00,33,1,18720,2785.25,2786.75,2785.25,2786.25,3154,ES.v.0
2019-02-28 15:55:00+00:00,33,1,18720,2786.0,2786.5,2786.0,2786.25,1861,ES.v.0
2019-02-28 15:56:00+00:00,33,1,18720,2786.25,2788.25,2786.25,2788.0,2713,ES.v.0
2019-02-28 15:57:00+00:00,33,1,18720,2788.0,2788.0,2787.0,2787.0,2033,ES.v.0
2019-02-28 15:58:00+00:00,33,1,18720,2787.0,2787.5,2786.25,2787.0,1521,ES.v.0
2019-02-28 15:59:00+00:00,33,1,18720,2786.75,2787.25,2786.5,2786.75,1552,ES.v.0
2019-02-28 16:00:00+00:00,33,1,18720,2786.5,2787.5,2785.75,2787.0,2480,ES.v.0
2019-02-28 16:01:00+00:00,33,1,18720,2786.75,2787.0,2785.75,2786.25,1851,ES.v.0
2019-02-28 16:02:00+00:00,33,1,18720,2786.25,2788.0,2786.25,2787.75,2638,ES.v.0
2019-02-28 16:03:00+00:00,33,1,18720,2787.75,2788.0,2787.0,2787.25,2092,ES.v.0
2019-02-28 16:04:00+00:00,33,1,18720,2787.25,2787.25,2786.25,2786.5,1990,ES.v.0
2019-02-28 16:05:00+00:00,33,1,18720,2786.75,2787.0,2786.25,2786.75,1185,ES.v.0
2019-02-28 16:06:00+00:00,33,1,18720,2786.75,2787.0,2784.75,2784.75,3321,ES.v.0
2019-02-28 16:07:00+00:00,33,1,18720,2785.0,2785.0,2784.0,2784.0,2860,ES.v.0
2019-02-28 16:08:00+00:00,33,1,18720,2784.0,2785.0,2784.0,2784.0,1692,ES.v.0
2019-02-28 16:09:00+00:00,33,1,18720,2784.0,2784.75,2783.75,2784.5,1872,ES.v.0
2019-02-28 16:10:00+00:00,33,1,18720,2784.25,2785.5,2784.25,2785.5,2491,ES.v.0
2019-02-28 16:11:00+00:00,33,1,18720,2785.5,2785.75,2784.5,2785.0,1661,ES.v.0
2019-02-28 16:12:00+00:00,33,1,18720,2785.25,2785.5,2784.75,2785.0,1950,ES.v.0
2019-02-28 16:13:00+00:00,33,1,18720,2785.0,2785.25,2783.75,2784.0,1587,ES.v.0
2019-02-28 16:14:00+00:00,33,1,18720,2784.0,2785.5,2783.75,2785.5,1595,ES.v.0
2019-02-28 16:15:00+00:00,33,1,18720,2785.25,2786.25,2785.0,2786.25,1489,ES.v.0
2019-02-28 16:16:00+00:00,33,1,18720,2786.0,2786.5,2785.75,2786.0,1697,ES.v.0
2019-02-28 16:17:00+00:00,33,1,18720,2786.25,2786.75,2786.0,2786.25,1538,ES.v.0
2019-02-28 16:18:00+00:00,33,1,18720,2786.25,2787.75,2786.25,2787.5,2633,ES.v.0
2019-02-28 16:19:00+00:00,33,1,18720,2787.5,2788.25,2787.25,2788.25,1630,ES.v.0
2019-02-28 16:20:00+00:00,33,1,18720,2788.25,2789.25,2787.75,2788.75,4458,ES.v.0
2019-02-28 16:21:00+00:00,33,1,18720,2789.0,2789.25,2788.5,2788.75,2287,ES.v.0
2019-02-28 16:22:00+00:00,33,1,18720,2788.75,2789.5,2788.75,2789.0,2354,ES.v.0
2019-02-28 16:23:00+00:00,33,1,18720,2789.25,2790.0,2789.0,2789.5,2135,ES.v.0
2019-02-28 16:24:00+00:00,33,1,18720,2789.75,2789.75,2789.0,2789.0,1380,ES.v.0
2019-02-28 16:25:00+00:00,33,1,18720,2789.0,2789.75,2789.0,2789.5,1470,ES.v.0
2019-02-28 16:26:00+00:00,33,1,18720,2789.5,2790.5,2789.5,2790.0,2513,ES.v.0
2019-02-28 16:27:00+00:00,33,1,18720,2790.0,2790.0,2788.75,2788.75,2385,ES.v.0
2019-02-28 16:28:00+00:00,33,1,18720,2789.0,2789.25,2788.75,2789.25,957,ES.v.0
2019-02-28 16:29:00+00:00,33,1,18720,2789.25,2789.5,2788.5,2788.75,2320,ES.v.0
2019-02-28 16:30:00+00:00,33,1,18720,2788.75,2789.25,2788.25,2789.25,2508,ES.v.0
2019-02-28 16:31:00+00:00,33,1,18720,2789.0,2790.0,2789.0,2789.75,2123,ES.v.0
2019-02-28 16:32:00+00:00,33,1,18720,2789.75,2790.25,2789.5,2790.0,2014,ES.v.0
2019-02-28 16:33:00+00:00,33,1,18720,2790.25,2790.5,2789.75,2790.0,3232,ES.v.0
2019-02-28 16:34:00+00:00,33,1,18720,2790.0,2791.25,2789.25,2790.5,4703,ES.v.0
2019-02-28 16:35:00+00:00,33,1,18720,2790.75,2790.75,2790.0,2790.5,1848,ES.v.0
2019-02-28 16:36:00+00:00,33,1,18720,2790.5,2791.25,2790.5,2791.0,2154,ES.v.0
2019-02-28 16:37:00+00:00,33,1,18720,2791.0,2791.25,2790.75,2790.75,2026,ES.v.0
2019-02-28 16:38:00+00:00,33,1,18720,2790.5,2791.25,2790.5,2790.75,1285,ES.v.0
2019-02-28 16:39:00+00:00,33,1,18720,2790.75,2792.0,2790.5,2792.0,3773,ES.v.0
2019-02-28 16:40:00+00:00,33,1,18720,2791.75,2792.0,2791.0,2791.75,2583,ES.v.0
2019-02-28 16:41:00+00:00,33,1,18720,2791.75,2792.0,2791.25,2792.0,1256,ES.v.0
2019-02-28 16:42:00+00:00,33,1,18720,2791.75,2792.5,2791.5,2791.5,1962,ES.v.0
2019-02-28 16:43:00+00:00,33,1,18720,2791.5,2791.75,2790.75,2791.25,2990,ES.v.0
2019-02-28 16:44:00+00:00,33,1,18720,2791.5,2791.5,2790.75,2790.75,819,ES.v.0
2019-02-28 16:45:00+00:00,33,1,18720,2791.0,2791.5,2790.75,2791.25,1112,ES.v.0
2019-02-28 16:46:00+00:00,33,1,18720,2791.25,2792.0,2791.25,2792.0,1439,ES.v.0
2019-02-28 16:47:00+00:00,33,1,18720,2792.0,2792.25,2791.5,2791.5,1069,ES.v.0
2019-02-28 16:48:00+00:00,33,1,18720,2791.5,2791.75,2791.0,2791.25,1804,ES.v.0
2019-02-28 16:49:00+00:00,33,1,18720,2791.25,2791.25,2790.5,2790.75,1188,ES.v.0
2019-02-28 16:50:00+00:00,33,1,18720,2791.0,2791.0,2790.75,2790.75,762,ES.v.0
2019-02-28 16:51:00+00:00,33,1,18720,2790.75,2791.0,2790.0,2790.75,1732,ES.v.0
2019-02-28 16:52:00+00:00,33,1,18720,2791.0,2792.0,2791.0,2791.75,1587,ES.v.0
2019-02-28 16:53:00+00:00,33,1,18720,2792.0,2792.5,2791.75,2791.75,2416,ES.v.0
2019-02-28 16:54:00+00:00,33,1,18720,2791.75,2792.0,2790.5,2791.25,2068,ES.v.0
2019-02-28 16:55:00+00:00,33,1,18720,2791.25,2791.75,2791.25,2791.5,1276,ES.v.0
2019-02-28 16:56:00+00:00,33,1,18720,2791.25,2792.0,2791.25,2791.5,620,ES.v.0
2019-02-28 16:57:00+00:00,33,1,18720,2791.5,2791.75,2791.25,2791.5,1025,ES.v.0
2019-02-28 16:58:00+00:00,33,1,18720,2791.25,2791.25,2790.25,2790.5,1415,ES.v.0
2019-02-28 16:59:00+00:00,33,1,18720,2790.25,2790.5,2790.0,2790.25,1500,ES.v.0
2019-02-28 17:00:00+00:00,33,1,18720,2790.5,2790.75,2789.5,2790.0,2270,ES.v.0
2019-02-28 17:01:00+00:00,33,1,18720,2790.0,2790.5,2789.5,2789.5,841,ES.v.0
2019-02-28 17:02:00+00:00,33,1,18720,2789.75,2790.25,2789.5,2790.0,1302,ES.v.0
2019-02-28 17:03:00+00:00,33,1,18720,2790.25,2790.5,2790.0,2790.25,1056,ES.v.0
2019-02-28 17:04:00+00:00,33,1,18720,2790.25,2790.5,2789.75,2790.0,1669,ES.v.0
2019-02-28 17:05:00+00:00,33,1,18720,2790.0,2790.5,2789.75,2790.25,817,ES.v.0
2019-02-28 17:06:00+00:00,33,1,18720,2790.25,2790.5,2790.0,2790.5,861,ES.v.0
2019-02-28 17:07:00+00:00,33,1,18720,2790.5,2790.75,2790.25,2790.25,983,ES.v.0
2019-02-28 17:08:00+00:00,33,1,18720,2790.5,2790.5,2790.0,2790.25,885,ES.v.0
2019-02-28 17:09:00+00:00,33,1,18720,2790.5,2790.5,2789.75,2789.75,959,ES.v.0
2019-02-28 17:10:00+00:00,33,1,18720,2789.75,2790.25,2789.75,2789.75,750,ES.v.0
2019-02-28 17:11:00+00:00,33,1,18720,2789.75,2790.5,2789.75,2790.5,819,ES.v.0
2019-02-28 17:12:00+00:00,33,1,18720,2790.5,2791.25,2790.5,2791.0,1292,ES.v.0
2019-02-28 17:13:00+00:00,33,1,18720,2791.25,2791.25,2790.5,2790.75,915,ES.v.0
2019-02-28 17:14:00+00:00,33,1,18720,2790.5,2791.0,2790.25,2790.5,615,ES.v.0
2019-02-28 17:15:00+00:00,33,1,18720,2790.5,2791.0,2790.0,2791.0,904,ES.v.0
2019-02-28 17:16:00+00:00,33,1,18720,2790.75,2791.5,2790.75,2791.5,1690,ES.v.0
2019-02-28 17:17:00+00:00,33,1,18720,2791.5,2792.25,2791.5,2791.75,2462,ES.v.0
2019-02-28 17:18:00+00:00,33,1,18720,2791.5,2792.0,2791.25,2791.75,911,ES.v.0
2019-02-28 17:19:00+00:00,33,1,18720,2791.75,2792.0,2791.75,2791.75,1004,ES.v.0
2019-02-28 17:20:00+00:00,33,1,18720,2791.75,2792.5,2791.75,2792.25,1263,ES.v.0
2019-02-28 17:21:00+00:00,33,1,18720,2792.25,2792.5,2792.25,2792.5,532,ES.v.0
2019-02-28 17:22:00+00:00,33,1,18720,2792.5,2793.75,2792.25,2793.5,5576,ES.v.0
2019-02-28 17:23:00+00:00,33,1,18720,2793.5,2794.0,2793.25,2793.5,2535,ES.v.0
2019-02-28 17:24:00+00:00,33,1,18720,2793.5,2794.0,2793.5,2793.75,1443,ES.v.0
2019-02-28 17:25:00+00:00,33,1,18720,2794.0,2794.25,2793.25,2793.25,3020,ES.v.0
2019-02-28 17:26:00+00:00,33,1,18720,2793.25,2793.5,2793.0,2793.25,1061,ES.v.0
2019-02-28 17:27:00+00:00,33,1,18720,2793.0,2793.5,2793.0,2793.25,614,ES.v.0
2019-02-28 17:28:00+00:00,33,1,18720,2793.25,2793.75,2793.25,2793.25,704,ES.v.0
2019-02-28 17:29:00+00:00,33,1,18720,2793.25,2793.5,2793.0,2793.25,1082,ES.v.0
2019-02-28 17:30:00+00:00,33,1,18720,2793.25,2793.5,2792.75,2792.75,865,ES.v.0
2019-02-28 17:31:00+00:00,33,1,18720,2792.75,2793.0,2792.5,2793.0,993,ES.v.0
2019-02-28 17:32:00+00:00,33,1,18720,2792.75,2793.0,2792.5,2792.75,570,ES.v.0
2019-02-28 17:33:00+00:00,33,1,18720,2792.75,2793.0,2792.5,2792.75,958,ES.v.0
2019-02-28 17:34:00+00:00,33,1,18720,2792.75,2793.25,2792.75,2793.0,1013,ES.v.0
2019-02-28 17:35:00+00:00,33,1,18720,2793.0,2793.25,2792.75,2793.0,567,ES.v.0
2019-02-28 17:36:00+00:00,33,1,18720,2792.75,2793.0,2792.0,2792.0,1882,ES.v.0
2019-02-28 17:37:00+00:00,33,1,18720,2792.0,2792.25,2791.75,2791.75,761,ES.v.0
2019-02-28 17:38:00+00:00,33,1,18720,2791.75,2792.75,2791.75,2792.75,1189,ES.v.0
2019-02-28 17:39:00+00:00,33,1,18720,2792.75,2793.0,2792.5,2792.75,1348,ES.v.0
2019-02-28 17:40:00+00:00,33,1,18720,2792.5,2793.25,2792.25,2793.0,1997,ES.v.0
2019-02-28 17:41:00+00:00,33,1,18720,2792.75,2793.0,2792.0,2792.25,1838,ES.v.0
2019-02-28 17:42:00+00:00,33,1,18720,2792.25,2792.5,2792.0,2792.0,692,ES.v.0
2019-02-28 17:43:00+00:00,33,1,18720,2792.0,2792.75,2792.0,2792.5,1969,ES.v.0
2019-02-28 17:44:00+00:00,33,1,18720,2792.5,2792.5,2792.0,2792.0,1002,ES.v.0
2019-02-28 17:45:00+00:00,33,1,18720,2792.25,2792.5,2792.0,2792.25,775,ES.v.0
2019-02-28 17:46:00+00:00,33,1,18720,2792.25,2792.5,2791.75,2791.75,604,ES.v.0
2019-02-28 17:47:00+00:00,33,1,18720,2791.75,2792.25,2791.5,2792.0,861,ES.v.0
2019-02-28 17:48:00+00:00,33,1,18720,2791.75,2792.0,2791.5,2791.5,768,ES.v.0
2019-02-28 17:49:00+00:00,33,1,18720,2791.75,2791.75,2791.5,2791.5,402,ES.v.0
2019-02-28 17:50:00+00:00,33,1,18720,2791.75,2792.0,2791.25,2791.5,941,ES.v.0
2019-02-28 17:51:00+00:00,33,1,18720,2791.75,2792.25,2791.75,2792.25,765,ES.v.0
2019-02-28 17:52:00+00:00,33,1,18720,2792.25,2792.25,2791.75,2791.75,509,ES.v.0
2019-02-28 17:53:00+00:00,33,1,18720,2791.5,2792.0,2791.5,2792.0,1217,ES.v.0
2019-02-28 17:54:00+00:00,33,1,18720,2792.0,2792.0,2791.75,2792.0,364,ES.v.0
2019-02-28 17:55:00+00:00,33,1,18720,2792.25,2792.5,2792.0,2792.5,1421,ES.v.0
2019-02-28 17:56:00+00:00,33,1,18720,2792.25,2792.75,2792.25,2792.75,442,ES.v.0
2019-02-28 17:57:00+00:00,33,1,18720,2792.75,2793.25,2792.5,2793.0,1629,ES.v.0
2019-02-28 17:58:00+00:00,33,1,18720,2793.25,2793.5,2792.75,2793.25,1273,ES.v.0
2019-02-28 17:59:00+00:00,33,1,18720,2793.5,2793.75,2793.25,2793.75,708,ES.v.0
2019-02-28 18:00:00+00:00,33,1,18720,2793.75,2794.0,2793.25,2793.5,1624,ES.v.0
2019-02-28 18:01:00+00:00,33,1,18720,2793.75,2793.75,2793.25,2793.75,531,ES.v.0
2019-02-28 18:02:00+00:00,33,1,18720,2793.5,2793.75,2793.25,2793.5,777,ES.v.0
2019-02-28 18:03:00+00:00,33,1,18720,2793.5,2793.75,2793.25,2793.25,619,ES.v.0
2019-02-28 18:04:00+00:00,33,1,18720,2793.5,2793.5,2792.5,2792.75,2176,ES.v.0
2019-02-28 18:05:00+00:00,33,1,18720,2793.0,2793.5,2792.75,2793.0,1031,ES.v.0
2019-02-28 18:06:00+00:00,33,1,18720,2793.0,2793.25,2792.25,2792.5,1511,ES.v.0
2019-02-28 18:07:00+00:00,33,1,18720,2792.5,2792.75,2792.25,2792.25,683,ES.v.0
2019-02-28 18:08:00+00:00,33,1,18720,2792.25,2792.75,2792.25,2792.5,765,ES.v.0
2019-02-28 18:09:00+00:00,33,1,18720,2792.5,2792.5,2792.0,2792.25,638,ES.v.0
2019-02-28 18:10:00+00:00,33,1,18720,2792.25,2792.5,2791.25,2791.5,1518,ES.v.0
2019-02-28 18:11:00+00:00,33,1,18720,2791.75,2791.75,2791.5,2791.75,245,ES.v.0
2019-02-28 18:12:00+00:00,33,1,18720,2791.75,2791.75,2791.25,2791.5,1555,ES.v.0
2019-02-28 18:13:00+00:00,33,1,18720,2791.5,2791.75,2791.0,2791.25,1259,ES.v.0
2019-02-28 18:14:00+00:00,33,1,18720,2791.25,2791.5,2791.25,2791.5,597,ES.v.0
2019-02-28 18:15:00+00:00,33,1,18720,2791.5,2791.5,2791.0,2791.5,903,ES.v.0
2019-02-28 18:16:00+00:00,33,1,18720,2791.5,2792.0,2791.5,2792.0,963,ES.v.0
2019-02-28 18:17:00+00:00,33,1,18720,2792.0,2792.25,2791.75,2792.25,1281,ES.v.0
2019-02-28 18:18:00+00:00,33,1,18720,2792.25,2792.25,2791.75,2792.0,1581,ES.v.0
2019-02-28 18:19:00+00:00,33,1,18720,2792.25,2792.25,2792.0,2792.25,353,ES.v.0
2019-02-28 18:20:00+00:00,33,1,18720,2792.25,2792.25,2791.75,2792.25,824,ES.v.0
2019-02-28 18:21:00+00:00,33,1,18720,2792.25,2792.5,2792.0,2792.0,545,ES.v.0
2019-02-28 18:22:00+00:00,33,1,18720,2792.0,2792.0,2791.5,2791.75,412,ES.v.0
2019-02-28 18:23:00+00:00,33,1,18720,2791.5,2791.5,2790.5,2791.0,1637,ES.v.0
2019-02-28 18:24:00+00:00,33,1,18720,2791.0,2791.25,2790.75,2791.0,633,ES.v.0
2019-02-28 18:25:00+00:00,33,1,18720,2791.0,2791.0,2790.75,2790.75,504,ES.v.0
2019-02-28 18:26:00+00:00,33,1,18720,2790.5,2791.0,2790.5,2790.5,793,ES.v.0
2019-02-28 18:27:00+00:00,33,1,18720,2790.75,2791.0,2790.5,2790.75,627,ES.v.0
2019-02-28 18:28:00+00:00,33,1,18720,2790.5,2790.75,2790.25,2790.5,1066,ES.v.0
2019-02-28 18:29:00+00:00,33,1,18720,2790.75,2791.0,2790.5,2790.75,390,ES.v.0
2019-02-28 18:30:00+00:00,33,1,18720,2790.75,2791.25,2790.75,2791.25,1011,ES.v.0
2019-02-28 18:31:00+00:00,33,1,18720,2791.25,2791.5,2791.0,2791.25,860,ES.v.0
2019-02-28 18:32:00+00:00,33,1,18720,2791.25,2791.5,2791.0,2791.25,979,ES.v.0
2019-02-28 18:33:00+00:00,33,1,18720,2791.5,2791.5,2791.25,2791.5,109,ES.v.0
2019-02-28 18:34:00+00:00,33,1,18720,2791.5,2791.75,2791.25,2791.75,1217,ES.v.0
2019-02-28 18:35:00+00:00,33,1,18720,2791.75,2792.0,2791.5,2792.0,637,ES.v.0
2019-02-28 18:36:00+00:00,33,1,18720,2791.75,2792.75,2791.75,2792.75,2427,ES.v.0
2019-02-28 18:37:00+00:00,33,1,18720,2792.5,2792.75,2792.25,2792.5,761,ES.v.0
2019-02-28 18:38:00+00:00,33,1,18720,2792.25,2792.5,2792.25,2792.5,213,ES.v.0
2019-02-28 18:39:00+00:00,33,1,18720,2792.5,2792.75,2792.25,2792.5,908,ES.v.0
2019-02-28 18:40:00+00:00,33,1,18720,2792.75,2793.0,2792.25,2792.5,1454,ES.v.0
2019-02-28 18:41:00+00:00,33,1,18720,2792.5,2792.75,2792.25,2792.5,759,ES.v.0
2019-02-28 18:42:00+00:00,33,1,18720,2792.5,2792.5,2792.0,2792.0,790,ES.v.0
2019-02-28 18:43:00+00:00,33,1,18720,2792.25,2792.25,2792.0,2792.25,402,ES.v.0
2019-02-28 18:44:00+00:00,33,1,18720,2792.0,2792.25,2791.5,2791.75,1211,ES.v.0
2019-02-28 18:45:00+00:00,33,1,18720,2791.75,2792.25,2791.25,2791.25,846,ES.v.0
2019-02-28 18:46:00+00:00,33,1,18720,2791.25,2791.5,2790.5,2790.75,1176,ES.v.0
2019-02-28 18:47:00+00:00,33,1,18720,2790.75,2791.0,2789.75,2790.25,2490,ES.v.0
2019-02-28 18:48:00+00:00,33,1,18720,2790.25,2790.5,2790.0,2790.25,1576,ES.v.0
2019-02-28 18:49:00+00:00,33,1,18720,2790.5,2791.0,2790.5,2790.75,1056,ES.v.0
2019-02-28 18:50:00+00:00,33,1,18720,2790.75,2791.25,2790.75,2790.75,796,ES.v.0
2019-02-28 18:51:00+00:00,33,1,18720,2790.75,2791.0,2790.75,2791.0,74,ES.v.0
2019-02-28 18:52:00+00:00,33,1,18720,2790.75,2791.0,2790.75,2791.0,517,ES.v.0
2019-02-28 18:53:00+00:00,33,1,18720,2791.0,2791.5,2790.75,2790.75,623,ES.v.0
2019-02-28 18:54:00+00:00,33,1,18720,2790.75,2791.5,2790.75,2791.0,715,ES.v.0
2019-02-28 18:55:00+00:00,33,1,18720,2791.25,2791.5,2791.0,2791.0,540,ES.v.0
2019-02-28 18:56:00+00:00,33,1,18720,2791.0,2791.25,2790.75,2791.25,1081,ES.v.0
2019-02-28 18:57:00+00:00,33,1,18720,2791.5,2791.5,2791.0,2791.0,697,ES.v.0
2019-02-28 18:58:00+00:00,33,1,18720,2791.25,2791.25,2790.5,2791.0,690,ES.v.0
2019-02-28 18:59:00+00:00,33,1,18720,2791.25,2791.25,2790.75,2791.0,1410,ES.v.0
2019-02-28 19:00:00+00:00,33,1,18720,2791.25,2791.25,2790.25,2790.25,1221,ES.v.0
2019-02-28 19:01:00+00:00,33,1,18720,2790.25,2792.5,2790.25,2791.5,4046,ES.v.0
2019-02-28 19:02:00+00:00,33,1,18720,2791.5,2791.75,2790.5,2790.5,1524,ES.v.0
2019-02-28 19:03:00+00:00,33,1,18720,2790.5,2790.75,2789.5,2790.25,2580,ES.v.0
2019-02-28 19:04:00+00:00,33,1,18720,2790.25,2791.5,2790.25,2790.75,2643,ES.v.0
2019-02-28 19:05:00+00:00,33,1,18720,2791.0,2791.0,2790.5,2790.5,763,ES.v.0
2019-02-28 19:06:00+00:00,33,1,18720,2790.5,2791.0,2790.5,2791.0,328,ES.v.0
2019-02-28 19:07:00+00:00,33,1,18720,2791.0,2791.0,2790.5,2790.5,850,ES.v.0
2019-02-28 19:08:00+00:00,33,1,18720,2790.5,2790.75,2790.25,2790.25,812,ES.v.0
2019-02-28 19:09:00+00:00,33,1,18720,2790.25,2790.25,2789.75,2790.0,1382,ES.v.0
2019-02-28 19:10:00+00:00,33,1,18720,2790.0,2790.25,2789.0,2789.0,1696,ES.v.0
2019-02-28 19:11:00+00:00,33,1,18720,2789.0,2789.75,2789.0,2789.25,1442,ES.v.0
2019-02-28 19:12:00+00:00,33,1,18720,2789.25,2790.25,2789.25,2790.25,2192,ES.v.0
2019-02-28 19:13:00+00:00,33,1,18720,2790.25,2790.25,2789.75,2790.0,1899,ES.v.0
2019-02-28 19:14:00+00:00,33,1,18720,2789.75,2790.25,2789.75,2790.0,915,ES.v.0
2019-02-28 19:15:00+00:00,33,1,18720,2790.25,2790.25,2789.0,2789.5,1647,ES.v.0
2019-02-28 19:16:00+00:00,33,1,18720,2789.5,2789.75,2789.25,2789.5,552,ES.v.0
2019-02-28 19:17:00+00:00,33,1,18720,2789.5,2789.75,2789.5,2789.5,499,ES.v.0
2019-02-28 19:18:00+00:00,33,1,18720,2789.75,2790.0,2789.5,2789.75,849,ES.v.0
2019-02-28 19:19:00+00:00,33,1,18720,2790.0,2790.25,2789.5,2790.25,1345,ES.v.0
2019-02-28 19:20:00+00:00,33,1,18720,2790.25,2790.5,2789.75,2790.25,1215,ES.v.0
2019-02-28 19:21:00+00:00,33,1,18720,2790.25,2790.75,2790.25,2790.5,1765,ES.v.0
2019-02-28 19:22:00+00:00,33,1,18720,2790.5,2791.0,2790.25,2790.5,1223,ES.v.0
2019-02-28 19:23:00+00:00,33,1,18720,2790.25,2790.75,2790.0,2790.75,820,ES.v.0
2019-02-28 19:24:00+00:00,33,1,18720,2790.5,2791.0,2790.5,2790.75,943,ES.v.0
2019-02-28 19:25:00+00:00,33,1,18720,2791.0,2791.5,2790.75,2791.25,2149,ES.v.0
2019-02-28 19:26:00+00:00,33,1,18720,2791.0,2791.5,2791.0,2791.5,1086,ES.v.0
2019-02-28 19:27:00+00:00,33,1,18720,2791.5,2791.5,2791.0,2791.5,964,ES.v.0
2019-02-28 19:28:00+00:00,33,1,18720,2791.5,2791.75,2791.25,2791.75,1026,ES.v.0
2019-02-28 19:29:00+00:00,33,1,18720,2791.5,2791.75,2791.5,2791.5,1034,ES.v.0
2019-02-28 19:30:00+00:00,33,1,18720,2791.5,2791.5,2790.5,2790.75,1886,ES.v.0
2019-02-28 19:31:00+00:00,33,1,18720,2791.0,2791.0,2790.0,2790.0,1795,ES.v.0
2019-02-28 19:32:00+00:00,33,1,18720,2790.0,2790.25,2789.75,2789.75,701,ES.v.0
2019-02-28 19:33:00+00:00,33,1,18720,2789.75,2789.75,2788.0,2788.25,4870,ES.v.0
2019-02-28 19:34:00+00:00,33,1,18720,2788.25,2788.75,2787.5,2788.0,2408,ES.v.0
2019-02-28 19:35:00+00:00,33,1,18720,2788.25,2788.5,2788.0,2788.25,1962,ES.v.0
2019-02-28 19:36:00+00:00,33,1,18720,2788.25,2788.75,2788.25,2788.25,1728,ES.v.0
2019-02-28 19:37:00+00:00,33,1,18720,2788.0,2788.25,2787.25,2788.0,2145,ES.v.0
2019-02-28 19:38:00+00:00,33,1,18720,2788.25,2788.75,2788.0,2788.75,712,ES.v.0
2019-02-28 19:39:00+00:00,33,1,18720,2788.75,2788.75,2788.25,2788.25,1290,ES.v.0
2019-02-28 19:40:00+00:00,33,1,18720,2788.25,2788.75,2788.25,2788.5,559,ES.v.0
2019-02-28 19:41:00+00:00,33,1,18720,2788.75,2788.75,2788.25,2788.5,905,ES.v.0
2019-02-28 19:42:00+00:00,33,1,18720,2788.5,2788.5,2787.75,2788.0,749,ES.v.0
2019-02-28 19:43:00+00:00,33,1,18720,2788.0,2788.25,2788.0,2788.0,611,ES.v.0
2019-02-28 19:44:00+00:00,33,1,18720,2788.0,2788.75,2787.75,2788.5,1332,ES.v.0
2019-02-28 19:45:00+00:00,33,1,18720,2788.5,2788.5,2787.75,2788.0,648,ES.v.0
2019-02-28 19:46:00+00:00,33,1,18720,2787.75,2788.25,2787.25,2787.25,1140,ES.v.0
2019-02-28 19:47:00+00:00,33,1,18720,2787.5,2788.0,2787.25,2787.75,1097,ES.v.0
2019-02-28 19:48:00+00:00,33,1,18720,2788.0,2788.0,2787.25,2787.5,1070,ES.v.0
2019-02-28 19:49:00+00:00,33,1,18720,2787.5,2787.75,2787.25,2787.75,653,ES.v.0
2019-02-28 19:50:00+00:00,33,1,18720,2787.75,2788.0,2787.25,2787.5,934,ES.v.0
2019-02-28 19:51:00+00:00,33,1,18720,2787.25,2787.5,2786.5,2787.25,2421,ES.v.0
2019-02-28 19:52:00+00:00,33,1,18720,2787.25,2787.5,2787.25,2787.5,780,ES.v.0
2019-02-28 19:53:00+00:00,33,1,18720,2787.5,2787.5,2786.75,2786.75,1500,ES.v.0
2019-02-28 19:54:00+00:00,33,1,18720,2786.75,2787.5,2786.75,2787.0,1174,ES.v.0
2019-02-28 19:55:00+00:00,33,1,18720,2787.25,2788.0,2786.25,2788.0,1965,ES.v.0
2019-02-28 19:56:00+00:00,33,1,18720,2787.75,2788.75,2787.5,2788.5,2079,ES.v.0
2019-02-28 19:57:00+00:00,33,1,18720,2788.5,2789.25,2788.0,2788.5,3296,ES.v.0
2019-02-28 19:58:00+00:00,33,1,18720,2788.5,2788.5,2787.5,2787.5,1191,ES.v.0
2019-02-28 19:59:00+00:00,33,1,18720,2787.5,2788.25,2787.5,2788.0,1265,ES.v.0
2019-02-28 20:00:00+00:00,33,1,18720,2788.0,2788.25,2787.25,2787.75,1288,ES.v.0
2019-02-28 20:01:00+00:00,33,1,18720,2787.75,2788.75,2787.25,2788.5,2274,ES.v.0
2019-02-28 20:02:00+00:00,33,1,18720,2788.25,2788.75,2788.0,2788.25,1239,ES.v.0
2019-02-28 20:03:00+00:00,33,1,18720,2788.25,2788.75,2788.25,2788.5,492,ES.v.0
2019-02-28 20:04:00+00:00,33,1,18720,2788.5,2789.0,2788.0,2788.25,1918,ES.v.0
2019-02-28 20:05:00+00:00,33,1,18720,2788.25,2788.25,2787.5,2787.5,1190,ES.v.0
2019-02-28 20:06:00+00:00,33,1,18720,2787.5,2788.0,2787.25,2787.75,1289,ES.v.0
2019-02-28 20:07:00+00:00,33,1,18720,2787.75,2788.0,2787.25,2787.5,1076,ES.v.0
2019-02-28 20:08:00+00:00,33,1,18720,2787.5,2788.5,2787.25,2788.5,918,ES.v.0
2019-02-28 20:09:00+00:00,33,1,18720,2788.5,2788.5,2787.75,2788.25,1054,ES.v.0
2019-02-28 20:10:00+00:00,33,1,18720,2788.25,2788.25,2787.75,2787.75,629,ES.v.0
2019-02-28 20:11:00+00:00,33,1,18720,2787.75,2788.75,2787.75,2788.75,1614,ES.v.0
2019-02-28 20:12:00+00:00,33,1,18720,2788.75,2789.5,2788.5,2788.75,1712,ES.v.0
2019-02-28 20:13:00+00:00,33,1,18720,2789.0,2789.0,2788.25,2788.5,1480,ES.v.0
2019-02-28 20:14:00+00:00,33,1,18720,2788.75,2788.75,2787.75,2788.0,1680,ES.v.0
2019-02-28 20:15:00+00:00,33,1,18720,2788.0,2788.75,2788.0,2788.5,1014,ES.v.0
2019-02-28 20:16:00+00:00,33,1,18720,2788.25,2788.5,2787.25,2787.25,1780,ES.v.0
2019-02-28 20:17:00+00:00,33,1,18720,2787.0,2787.75,2786.5,2787.75,2284,ES.v.0
2019-02-28 20:18:00+00:00,33,1,18720,2787.75,2788.25,2787.5,2788.25,1745,ES.v.0
2019-02-28 20:19:00+00:00,33,1,18720,2788.25,2788.5,2788.0,2788.25,908,ES.v.0
2019-02-28 20:20:00+00:00,33,1,18720,2788.25,2789.0,2788.25,2788.75,1626,ES.v.0
2019-02-28 20:21:00+00:00,33,1,18720,2789.0,2789.0,2787.75,2788.75,1668,ES.v.0
2019-02-28 20:22:00+00:00,33,1,18720,2788.75,2789.0,2787.5,2787.75,5568,ES.v.0
2019-02-28 20:23:00+00:00,33,1,18720,2787.75,2789.0,2787.5,2788.0,3555,ES.v.0
2019-02-28 20:24:00+00:00,33,1,18720,2788.0,2788.0,2787.0,2787.25,1741,ES.v.0
2019-02-28 20:25:00+00:00,33,1,18720,2787.5,2788.5,2787.5,2788.25,2104,ES.v.0
2019-02-28 20:26:00+00:00,33,1,18720,2788.25,2789.0,2788.0,2788.5,3479,ES.v.0
2019-02-28 20:27:00+00:00,33,1,18720,2788.5,2788.5,2788.0,2788.0,894,ES.v.0
2019-02-28 20:28:00+00:00,33,1,18720,2788.0,2789.5,2788.0,2789.5,2254,ES.v.0
2019-02-28 20:29:00+00:00,33,1,18720,2789.5,2789.5,2788.75,2788.75,1732,ES.v.0
2019-02-28 20:30:00+00:00,33,1,18720,2789.0,2789.5,2788.25,2789.25,2392,ES.v.0
2019-02-28 20:31:00+00:00,33,1,18720,2789.25,2789.75,2788.75,2789.5,1055,ES.v.0
2019-02-28 20:32:00+00:00,33,1,18720,2789.75,2790.5,2789.5,2790.25,2100,ES.v.0
2019-02-28 20:33:00+00:00,33,1,18720,2790.25,2790.75,2789.75,2790.25,2576,ES.v.0
2019-02-28 20:34:00+00:00,33,1,18720,2790.5,2790.75,2790.0,2790.5,1730,ES.v.0
2019-02-28 20:35:00+00:00,33,1,18720,2790.25,2790.5,2789.75,2789.75,1714,ES.v.0
2019-02-28 20:36:00+00:00,33,1,18720,2789.75,2790.25,2789.75,2790.0,1567,ES.v.0
2019-02-28 20:37:00+00:00,33,1,18720,2790.0,2791.5,2789.75,2791.5,4380,ES.v.0
2019-02-28 20:38:00+00:00,33,1,18720,2791.5,2791.75,2789.25,2789.5,7003,ES.v.0
2019-02-28 20:39:00+00:00,33,1,18720,2789.75,2790.0,2789.0,2790.0,1724,ES.v.0
2019-02-28 20:40:00+00:00,33,1,18720,2789.75,2790.0,2788.75,2788.75,3352,ES.v.0
2019-02-28 20:41:00+00:00,33,1,18720,2788.75,2789.25,2787.5,2787.75,7120,ES.v.0
2019-02-28 20:42:00+00:00,33,1,18720,2787.5,2788.0,2787.25,2788.0,1734,ES.v.0
2019-02-28 20:43:00+00:00,33,1,18720,2788.0,2788.5,2787.5,2788.25,1637,ES.v.0
2019-02-28 20:44:00+00:00,33,1,18720,2788.5,2788.75,2787.0,2787.0,3623,ES.v.0
2019-02-28 20:45:00+00:00,33,1,18720,2787.0,2787.0,2785.0,2785.5,9772,ES.v.0
2019-02-28 20:46:00+00:00,33,1,18720,2785.5,2786.5,2785.5,2786.25,2402,ES.v.0
2019-02-28 20:47:00+00:00,33,1,18720,2786.0,2787.0,2786.0,2786.75,3942,ES.v.0
2019-02-28 20:48:00+00:00,33,1,18720,2786.5,2787.25,2786.25,2786.75,3570,ES.v.0
2019-02-28 20:49:00+00:00,33,1,18720,2786.5,2787.0,2786.25,2786.5,1864,ES.v.0
2019-02-28 20:50:00+00:00,33,1,18720,2786.5,2787.75,2785.5,2786.0,6210,ES.v.0
2019-02-28 20:51:00+00:00,33,1,18720,2785.75,2786.5,2785.5,2786.5,4112,ES.v.0
2019-02-28 20:52:00+00:00,33,1,18720,2786.25,2786.5,2785.5,2785.5,2150,ES.v.0
2019-02-28 20:53:00+00:00,33,1,18720,2785.5,2786.5,2785.5,2786.5,3612,ES.v.0
2019-02-28 20:54:00+00:00,33,1,18720,2786.25,2786.75,2785.25,2785.25,4115,ES.v.0
2019-02-28 20:55:00+00:00,33,1,18720,2785.25,2785.25,2783.75,2784.5,11854,ES.v.0
2019-02-28 20:56:00+00:00,33,1,18720,2784.5,2785.25,2783.5,2784.5,9784,ES.v.0
2019-02-28 20:57:00+00:00,33,1,18720,2784.25,2784.5,2782.75,2783.25,10733,ES.v.0
2019-02-28 20:58:00+00:00,33,1,18720,2783.0,2785.25,2783.0,2785.0,25115,ES.v.0
2019-02-28 20:59:00+00:00,33,1,18720,2785.0,2786.75,2783.25,2785.0,116334,ES.v.0
2019-02-28 21:00:00+00:00,33,1,18720,2785.0,2786.5,2784.5,2785.75,45473,ES.v.0
2019-02-28 21:01:00+00:00,33,1,18720,2785.75,2786.5,2785.25,2785.75,7267,ES.v.0
2019-02-28 21:02:00+00:00,33,1,18720,2785.75,2787.0,2785.75,2787.0,8517,ES.v.0
2019-02-28 21:03:00+00:00,33,1,18720,2787.0,2787.75,2786.5,2786.5,7275,ES.v.0
2019-02-28 21:04:00+00:00,33,1,18720,2786.5,2787.75,2786.25,2787.5,8323,ES.v.0
2019-02-28 21:05:00+00:00,33,1,18720,2787.75,2787.75,2786.25,2786.5,2136,ES.v.0
2019-02-28 21:06:00+00:00,33,1,18720,2786.25,2786.5,2786.0,2786.5,1577,ES.v.0
2019-02-28 21:07:00+00:00,33,1,18720,2786.25,2786.5,2785.5,2785.75,1796,ES.v.0
2019-02-28 21:08:00+00:00,33,1,18720,2785.75,2786.5,2785.5,2786.5,2251,ES.v.0
2019-02-28 21:09:00+00:00,33,1,18720,2786.25,2787.0,2786.25,2786.5,1459,ES.v.0
2019-02-28 21:10:00+00:00,33,1,18720,2786.75,2787.0,2786.5,2786.75,804,ES.v.0
2019-02-28 21:11:00+00:00,33,1,18720,2787.0,2788.0,2786.75,2788.0,1748,ES.v.0
2019-02-28 21:12:00+00:00,33,1,18720,2788.0,2788.0,2787.75,2788.0,1182,ES.v.0
2019-02-28 21:13:00+00:00,33,1,18720,2788.0,2789.5,2787.75,2789.25,4689,ES.v.0
2019-02-28 21:14:00+00:00,33,1,18720,2789.0,2789.75,2788.75,2789.0,6458,ES.v.0
2019-02-28 21:30:00+00:00,33,1,18720,2788.75,2788.75,2787.5,2788.0,1787,ES.v.0
2019-02-28 21:31:00+00:00,33,1,18720,2788.0,2788.5,2788.0,2788.5,123,ES.v.0
2019-02-28 21:32:00+00:00,33,1,18720,2788.5,2788.75,2788.25,2788.75,253,ES.v.0
2019-02-28 21:33:00+00:00,33,1,18720,2788.75,2789.25,2788.75,2789.0,131,ES.v.0
2019-02-28 21:34:00+00:00,33,1,18720,2789.0,2789.25,2788.5,2788.75,498,ES.v.0
2019-02-28 21:35:00+00:00,33,1,18720,2788.75,2789.0,2788.5,2788.5,212,ES.v.0
2019-02-28 21:36:00+00:00,33,1,18720,2788.5,2789.0,2788.5,2789.0,65,ES.v.0
2019-02-28 21:37:00+00:00,33,1,18720,2789.0,2789.0,2788.75,2788.75,82,ES.v.0
2019-02-28 21:38:00+00:00,33,1,18720,2789.0,2789.0,2788.75,2789.0,99,ES.v.0
2019-02-28 21:39:00+00:00,33,1,18720,2788.75,2789.0,2788.75,2789.0,51,ES.v.0
2019-02-28 21:40:00+00:00,33,1,18720,2789.0,2789.5,2788.5,2789.0,616,ES.v.0
2019-02-28 21:41:00+00:00,33,1,18720,2789.25,2789.25,2788.75,2788.75,170,ES.v.0
2019-02-28 21:42:00+00:00,33,1,18720,2789.0,2789.0,2788.5,2788.5,272,ES.v.0
2019-02-28 21:43:00+00:00,33,1,18720,2788.5,2788.75,2788.5,2788.5,166,ES.v.0
2019-02-28 21:44:00+00:00,33,1,18720,2788.5,2788.75,2788.5,2788.5,280,ES.v.0
2019-02-28 21:45:00+00:00,33,1,18720,2788.5,2788.75,2788.5,2788.5,118,ES.v.0
2019-02-28 21:46:00+00:00,33,1,18720,2788.5,2789.0,2788.25,2788.75,308,ES.v.0
2019-02-28 21:47:00+00:00,33,1,18720,2788.75,2789.0,2788.5,2788.5,168,ES.v.0
2019-02-28 21:48:00+00:00,33,1,18720,2788.5,2788.5,2788.25,2788.5,262,ES.v.0
2019-02-28 21:49:00+00:00,33,1,18720,2788.5,2788.5,2787.75,2788.0,336,ES.v.0
2019-02-28 21:50:00+00:00,33,1,18720,2787.75,2788.25,2787.75,2788.0,114,ES.v.0
2019-02-28 21:51:00+00:00,33,1,18720,2788.0,2788.0,2787.75,2787.75,32,ES.v.0
2019-02-28 21:52:00+00:00,33,1,18720,2788.0,2788.5,2788.0,2788.25,519,ES.v.0
2019-02-28 21:53:00+00:00,33,1,18720,2788.25,2788.5,2788.25,2788.5,100,ES.v.0
2019-02-28 21:54:00+00:00,33,1,18720,2788.5,2788.75,2788.5,2788.5,55,ES.v.0
2019-02-28 21:55:00+00:00,33,1,18720,2788.75,2788.75,2788.5,2788.5,397,ES.v.0
2019-02-28 21:56:00+00:00,33,1,18720,2788.5,2788.5,2787.75,2788.0,198,ES.v.0
2019-02-28 21:57:00+00:00,33,1,18720,2788.0,2788.0,2787.75,2787.75,66,ES.v.0
2019-02-28 21:58:00+00:00,33,1,18720,2787.5,2787.5,2787.0,2787.25,353,ES.v.0
2019-02-28 21:59:00+00:00,33,1,18720,2787.0,2787.5,2786.75,2787.0,337,ES.v.0
2019-02-28 23:00:00+00:00,33,1,18720,2785.25,2786.25,2785.0,2785.5,1214,ES.v.0
2019-02-28 23:01:00+00:00,33,1,18720,2785.5,2786.0,2785.5,2785.75,188,ES.v.0
2019-02-28 23:02:00+00:00,33,1,18720,2785.75,2786.25,2785.75,2786.0,181,ES.v.0
2019-02-28 23:03:00+00:00,33,1,18720,2786.25,2786.5,2786.0,2786.25,183,ES.v.0
2019-02-28 23:04:00+00:00,33,1,18720,2786.25,2786.25,2786.0,2786.25,35,ES.v.0
2019-02-28 23:05:00+00:00,33,1,18720,2786.25,2786.25,2785.75,2785.75,213,ES.v.0
2019-02-28 23:06:00+00:00,33,1,18720,2786.0,2786.0,2785.75,2786.0,87,ES.v.0
2019-02-28 23:07:00+00:00,33,1,18720,2786.0,2786.25,2785.75,2786.0,90,ES.v.0
2019-02-28 23:08:00+00:00,33,1,18720,2785.75,2786.0,2785.0,2785.25,300,ES.v.0
2019-02-28 23:09:00+00:00,33,1,18720,2785.25,2785.5,2785.0,2785.25,249,ES.v.0
2019-02-28 23:10:00+00:00,33,1,18720,2785.25,2785.5,2784.5,2785.0,306,ES.v.0
2019-02-28 23:11:00+00:00,33,1,18720,2785.0,2785.0,2784.25,2784.75,300,ES.v.0
2019-02-28 23:12:00+00:00,33,1,18720,2784.75,2784.75,2784.5,2784.75,44,ES.v.0
2019-02-28 23:13:00+00:00,33,1,18720,2784.75,2785.0,2784.5,2784.75,206,ES.v.0
2019-02-28 23:14:00+00:00,33,1,18720,2784.75,2785.25,2784.5,2785.0,145,ES.v.0
2019-02-28 23:15:00+00:00,33,1,18720,2785.0,2785.0,2784.0,2784.0,181,ES.v.0
2019-02-28 23:16:00+00:00,33,1,18720,2784.0,2784.25,2783.5,2783.75,388,ES.v.0
2019-02-28 23:17:00+00:00,33,1,18720,2783.75,2784.0,2783.5,2784.0,50,ES.v.0
2019-02-28 23:18:00+00:00,33,1,18720,2784.0,2784.0,2783.5,2783.75,94,ES.v.0
2019-02-28 23:19:00+00:00,33,1,18720,2783.75,2783.75,2783.25,2783.25,108,ES.v.0
2019-02-28 23:20:00+00:00,33,1,18720,2783.25,2783.5,2783.0,2783.0,83,ES.v.0
2019-02-28 23:21:00+00:00,33,1,18720,2783.25,2783.5,2783.0,2783.25,145,ES.v.0
2019-02-28 23:22:00+00:00,33,1,18720,2783.5,2784.25,2783.5,2784.25,180,ES.v.0
2019-02-28 23:23:00+00:00,33,1,18720,2784.25,2784.25,2784.0,2784.0,97,ES.v.0
2019-02-28 23:24:00+00:00,33,1,18720,2784.25,2784.25,2784.0,2784.0,45,ES.v.0
2019-02-28 23:25:00+00:00,33,1,18720,2784.0,2784.25,2784.0,2784.0,6,ES.v.0
2019-02-28 23:26:00+00:00,33,1,18720,2784.25,2784.25,2784.0,2784.25,41,ES.v.0
2019-02-28 23:27:00+00:00,33,1,18720,2784.25,2784.75,2784.25,2784.5,87,ES.v.0
2019-02-28 23:28:00+00:00,33,1,18720,2784.5,2784.5,2784.25,2784.25,39,ES.v.0
2019-02-28 23:29:00+00:00,33,1,18720,2784.5,2784.75,2784.5,2784.5,76,ES.v.0
2019-02-28 23:30:00+00:00,33,1,18720,2784.5,2785.0,2784.5,2785.0,45,ES.v.0
2019-02-28 23:31:00+00:00,33,1,18720,2784.75,2785.0,2784.75,2785.0,26,ES.v.0
2019-02-28 23:32:00+00:00,33,1,18720,2785.0,2785.25,2785.0,2785.0,159,ES.v.0
2019-02-28 23:33:00+00:00,33,1,18720,2785.0,2785.5,2785.0,2785.25,58,ES.v.0
2019-02-28 23:34:00+00:00,33,1,18720,2785.25,2785.5,2785.0,2785.25,45,ES.v.0
2019-02-28 23:35:00+00:00,33,1,18720,2785.25,2785.75,2785.25,2785.75,142,ES.v.0
2019-02-28 23:36:00+00:00,33,1,18720,2785.5,2785.75,2785.25,2785.75,204,ES.v.0
2019-02-28 23:37:00+00:00,33,1,18720,2785.75,2785.75,2785.5,2785.75,10,ES.v.0
2019-02-28 23:38:00+00:00,33,1,18720,2785.75,2785.75,2785.5,2785.75,62,ES.v.0
2019-02-28 23:39:00+00:00,33,1,18720,2785.75,2786.0,2785.75,2785.75,52,ES.v.0
2019-02-28 23:40:00+00:00,33,1,18720,2785.75,2786.0,2785.75,2786.0,62,ES.v.0
2019-02-28 23:41:00+00:00,33,1,18720,2786.0,2786.0,2785.75,2785.75,8,ES.v.0
2019-02-28 23:42:00+00:00,33,1,18720,2786.0,2786.25,2786.0,2786.25,142,ES.v.0
2019-02-28 23:43:00+00:00,33,1,18720,2786.0,2786.25,2785.75,2786.0,99,ES.v.0
2019-02-28 23:44:00+00:00,33,1,18720,2786.0,2786.0,2785.75,2786.0,15,ES.v.0
2019-02-28 23:45:00+00:00,33,1,18720,2786.0,2786.0,2785.75,2785.75,140,ES.v.0
2019-02-28 23:46:00+00:00,33,1,18720,2785.75,2785.75,2785.5,2785.75,52,ES.v.0
2019-02-28 23:47:00+00:00,33,1,18720,2785.75,2785.75,2785.5,2785.5,54,ES.v.0
2019-02-28 23:48:00+00:00,33,1,18720,2785.5,2785.75,2785.25,2785.5,46,ES.v.0
2019-02-28 23:49:00+00:00,33,1,18720,2785.5,2786.0,2785.5,2785.75,56,ES.v.0
2019-02-28 23:50:00+00:00,33,1,18720,2785.75,2786.0,2785.75,2785.75,24,ES.v.0
2019-02-28 23:51:00+00:00,33,1,18720,2785.5,2785.5,2785.5,2785.5,72,ES.v.0
2019-02-28 23:52:00+00:00,33,1,18720,2785.25,2785.5,2785.25,2785.25,45,ES.v.0
2019-02-28 23:53:00+00:00,33,1,18720,2785.25,2785.25,2785.0,2785.25,79,ES.v.0
2019-02-28 23:54:00+00:00,33,1,18720,2785.25,2785.5,2785.0,2785.5,156,ES.v.0
2019-02-28 23:55:00+00:00,33,1,18720,2785.25,2785.5,2785.25,2785.5,26,ES.v.0
2019-02-28 23:56:00+00:00,33,1,18720,2785.5,2785.5,2785.25,2785.5,14,ES.v.0
2019-02-28 23:57:00+00:00,33,1,18720,2785.5,2785.5,2785.5,2785.5,100,ES.v.0
2019-02-28 23:58:00+00:00,33,1,18720,2785.25,2785.5,2785.25,2785.5,16,ES.v.0
2019-02-28 23:59:00+00:00,33,1,18720,2785.5,2785.5,2785.25,2785.25,88,ES.v.0
2019-03-01 00:00:00+00:00,33,1,18720,2785.25,2785.5,2785.0,2785.5,183,ES.v.0
2019-03-01 00:01:00+00:00,33,1,18720,2785.5,2786.75,2785.25,2786.75,278,ES.v.0
2019-03-01 00:02:00+00:00,33,1,18720,2786.5,2787.5,2786.5,2787.5,352,ES.v.0
2019-03-01 00:03:00+00:00,33,1,18720,2787.25,2787.5,2786.75,2787.0,188,ES.v.0
2019-03-01 00:04:00+00:00,33,1,18720,2787.25,2787.25,2786.75,2786.75,55,ES.v.0
2019-03-01 00:05:00+00:00,33,1,18720,2786.75,2787.5,2786.75,2787.25,231,ES.v.0
2019-03-01 00:06:00+00:00,33,1,18720,2787.25,2787.25,2787.0,2787.0,77,ES.v.0
2019-03-01 00:07:00+00:00,33,1,18720,2787.25,2787.5,2786.25,2786.5,465,ES.v.0
2019-03-01 00:08:00+00:00,33,1,18720,2786.5,2786.75,2786.25,2786.5,186,ES.v.0
2019-03-01 00:09:00+00:00,33,1,18720,2786.5,2786.75,2786.25,2786.5,102,ES.v.0
2019-03-01 00:10:00+00:00,33,1,18720,2786.25,2786.5,2786.25,2786.5,202,ES.v.0
2019-03-01 00:11:00+00:00,33,1,18720,2786.25,2786.5,2786.25,2786.25,64,ES.v.0
2019-03-01 00:12:00+00:00,33,1,18720,2786.5,2786.5,2786.25,2786.25,15,ES.v.0
2019-03-01 00:13:00+00:00,33,1,18720,2786.5,2786.75,2786.25,2786.75,245,ES.v.0
2019-03-01 00:14:00+00:00,33,1,18720,2786.5,2786.5,2786.5,2786.5,70,ES.v.0
2019-03-01 00:15:00+00:00,33,1,18720,2786.5,2786.75,2786.5,2786.75,49,ES.v.0
2019-03-01 00:16:00+00:00,33,1,18720,2786.5,2786.75,2786.5,2786.75,83,ES.v.0
2019-03-01 00:17:00+00:00,33,1,18720,2787.0,2787.0,2786.75,2786.75,14,ES.v.0
2019-03-01 00:18:00+00:00,33,1,18720,2786.75,2787.0,2786.5,2786.5,84,ES.v.0
2019-03-01 00:19:00+00:00,33,1,18720,2786.5,2786.5,2786.25,2786.25,58,ES.v.0
2019-03-01 00:20:00+00:00,33,1,18720,2786.5,2786.5,2786.25,2786.25,28,ES.v.0
2019-03-01 00:21:00+00:00,33,1,18720,2786.25,2786.5,2786.25,2786.25,33,ES.v.0
2019-03-01 00:22:00+00:00,33,1,18720,2786.5,2786.5,2786.0,2786.0,96,ES.v.0
2019-03-01 00:23:00+00:00,33,1,18720,2786.0,2786.5,2786.0,2786.5,105,ES.v.0
2019-03-01 00:24:00+00:00,33,1,18720,2786.5,2786.5,2786.0,2786.25,71,ES.v.0
2019-03-01 00:25:00+00:00,33,1,18720,2786.0,2786.25,2786.0,2786.0,61,ES.v.0
2019-03-01 00:26:00+00:00,33,1,18720,2786.0,2786.0,2785.75,2786.0,117,ES.v.0
2019-03-01 00:27:00+00:00,33,1,18720,2786.0,2786.0,2786.0,2786.0,71,ES.v.0
2019-03-01 00:28:00+00:00,33,1,18720,2786.25,2786.5,2786.25,2786.5,26,ES.v.0
2019-03-01 00:29:00+00:00,33,1,18720,2786.5,2786.75,2786.5,2786.75,107,ES.v.0
2019-03-01 00:30:00+00:00,33,1,18720,2786.75,2786.75,2786.5,2786.75,26,ES.v.0
2019-03-01 00:31:00+00:00,33,1,18720,2786.5,2786.75,2786.5,2786.75,21,ES.v.0
2019-03-01 00:32:00+00:00,33,1,18720,2786.75,2786.75,2786.5,2786.75,15,ES.v.0
2019-03-01 00:33:00+00:00,33,1,18720,2786.5,2786.75,2786.5,2786.75,25,ES.v.0
2019-03-01 00:34:00+00:00,33,1,18720,2786.75,2787.25,2786.75,2787.25,88,ES.v.0
2019-03-01 00:35:00+00:00,33,1,18720,2787.25,2787.5,2787.0,2787.25,55,ES.v.0
2019-03-01 00:36:00+00:00,33,1,18720,2787.5,2787.5,2787.25,2787.5,21,ES.v.0
2019-03-01 00:37:00+00:00,33,1,18720,2787.5,2787.5,2787.5,2787.5,35,ES.v.0
2019-03-01 00:38:00+00:00,33,1,18720,2787.75,2787.75,2786.75,2787.0,256,ES.v.0
2019-03-01 00:39:00+00:00,33,1,18720,2787.0,2787.25,2787.0,2787.0,64,ES.v.0
2019-03-01 00:40:00+00:00,33,1,18720,2786.75,2786.75,2786.75,2786.75,58,ES.v.0
2019-03-01 00:41:00+00:00,33,1,18720,2786.75,2786.75,2786.75,2786.75,37,ES.v.0
2019-03-01 00:42:00+00:00,33,1,18720,2787.0,2787.0,2787.0,2787.0,21,ES.v.0
2019-03-01 00:43:00+00:00,33,1,18720,2786.75,2786.75,2786.75,2786.75,2,ES.v.0
2019-03-01 00:44:00+00:00,33,1,18720,2786.75,2787.25,2786.75,2787.25,146,ES.v.0
2019-03-01 00:45:00+00:00,33,1,18720,2787.0,2787.25,2786.75,2787.25,117,ES.v.0
2019-03-01 00:46:00+00:00,33,1,18720,2787.25,2787.5,2787.25,2787.5,75,ES.v.0
2019-03-01 00:47:00+00:00,33,1,18720,2787.5,2787.75,2787.5,2787.5,51,ES.v.0
2019-03-01 00:48:00+00:00,33,1,18720,2787.75,2788.25,2787.75,2788.25,186,ES.v.0
2019-03-01 00:49:00+00:00,33,1,18720,2788.25,2788.25,2787.5,2787.5,154,ES.v.0
2019-03-01 00:50:00+00:00,33,1,18720,2787.75,2787.75,2787.5,2787.75,38,ES.v.0
2019-03-01 00:51:00+00:00,33,1,18720,2787.75,2787.75,2787.75,2787.75,26,ES.v.0
2019-03-01 00:52:00+00:00,33,1,18720,2787.75,2787.75,2787.5,2787.75,15,ES.v.0
2019-03-01 00:53:00+00:00,33,1,18720,2787.75,2788.0,2787.75,2788.0,79,ES.v.0
2019-03-01 00:54:00+00:00,33,1,18720,2787.75,2787.75,2787.5,2787.5,39,ES.v.0
2019-03-01 00:55:00+00:00,33,1,18720,2787.75,2787.75,2787.75,2787.75,35,ES.v.0
2019-03-01 00:56:00+00:00,33,1,18720,2788.0,2788.0,2787.75,2787.75,8,ES.v.0
2019-03-01 00:57:00+00:00,33,1,18720,2787.75,2787.75,2787.75,2787.75,37,ES.v.0
2019-03-01 00:58:00+00:00,33,1,18720,2787.75,2787.75,2787.25,2787.5,91,ES.v.0
2019-03-01 00:59:00+00:00,33,1,18720,2787.5,2787.5,2787.25,2787.5,63,ES.v.0
2019-03-01 01:00:00+00:00,33,1,18720,2787.5,2788.0,2787.5,2787.75,89,ES.v.0
2019-03-01 01:01:00+00:00,33,1,18720,2787.5,2788.0,2787.5,2788.0,128,ES.v.0
2019-03-01 01:02:00+00:00,33,1,18720,2788.0,2788.0,2788.0,2788.0,33,ES.v.0
2019-03-01 01:03:00+00:00,33,1,18720,2788.25,2788.5,2788.0,2788.5,101,ES.v.0
2019-03-01 01:04:00+00:00,33,1,18720,2788.25,2788.5,2788.25,2788.5,80,ES.v.0
2019-03-01 01:05:00+00:00,33,1,18720,2788.5,2788.75,2788.25,2788.5,162,ES.v.0
2019-03-01 01:06:00+00:00,33,1,18720,2788.5,2788.75,2788.5,2788.5,30,ES.v.0
2019-03-01 01:07:00+00:00,33,1,18720,2788.5,2788.75,2788.5,2788.75,175,ES.v.0
2019-03-01 01:08:00+00:00,33,1,18720,2788.5,2788.75,2788.5,2788.75,30,ES.v.0
2019-03-01 01:09:00+00:00,33,1,18720,2788.75,2789.0,2788.75,2789.0,155,ES.v.0
2019-03-01 01:10:00+00:00,33,1,18720,2789.25,2789.25,2789.0,2789.0,121,ES.v.0
2019-03-01 01:11:00+00:00,33,1,18720,2789.25,2790.5,2789.0,2790.5,833,ES.v.0
2019-03-01 01:12:00+00:00,33,1,18720,2790.25,2791.25,2790.25,2790.75,778,ES.v.0
2019-03-01 01:13:00+00:00,33,1,18720,2790.75,2791.5,2790.5,2791.5,501,ES.v.0
2019-03-01 01:14:00+00:00,33,1,18720,2791.75,2792.0,2791.0,2791.0,514,ES.v.0
2019-03-01 01:15:00+00:00,33,1,18720,2791.25,2792.0,2791.25,2791.25,303,ES.v.0
2019-03-01 01:16:00+00:00,33,1,18720,2791.5,2791.5,2791.0,2791.0,52,ES.v.0
2019-03-01 01:17:00+00:00,33,1,18720,2791.25,2791.25,2790.75,2790.75,269,ES.v.0
2019-03-01 01:18:00+00:00,33,1,18720,2791.0,2791.0,2790.75,2790.75,89,ES.v.0
2019-03-01 01:19:00+00:00,33,1,18720,2790.5,2790.75,2790.5,2790.75,29,ES.v.0
2019-03-01 01:20:00+00:00,33,1,18720,2790.75,2791.0,2790.75,2791.0,69,ES.v.0
2019-03-01 01:21:00+00:00,33,1,18720,2791.0,2791.0,2790.75,2790.75,73,ES.v.0
2019-03-01 01:22:00+00:00,33,1,18720,2790.75,2791.0,2790.25,2791.0,180,ES.v.0
2019-03-01 01:23:00+00:00,33,1,18720,2790.75,2790.75,2790.5,2790.75,30,ES.v.0
2019-03-01 01:24:00+00:00,33,1,18720,2790.5,2790.75,2790.0,2790.25,267,ES.v.0
2019-03-01 01:25:00+00:00,33,1,18720,2790.25,2790.25,2790.0,2790.25,179,ES.v.0
2019-03-01 01:26:00+00:00,33,1,18720,2790.5,2790.5,2790.5,2790.5,136,ES.v.0
2019-03-01 01:27:00+00:00,33,1,18720,2790.5,2791.0,2790.5,2790.75,105,ES.v.0
2019-03-01 01:28:00+00:00,33,1,18720,2790.5,2790.75,2789.75,2789.75,378,ES.v.0
2019-03-01 01:29:00+00:00,33,1,18720,2790.0,2790.25,2789.75,2790.25,84,ES.v.0
2019-03-01 01:30:00+00:00,33,1,18720,2790.25,2790.75,2790.25,2790.25,329,ES.v.0
2019-03-01 01:31:00+00:00,33,1,18720,2790.5,2790.5,2790.25,2790.5,116,ES.v.0
2019-03-01 01:32:00+00:00,33,1,18720,2790.25,2790.25,2790.0,2790.0,121,ES.v.0
2019-03-01 01:33:00+00:00,33,1,18720,2790.0,2790.0,2789.25,2790.0,305,ES.v.0
2019-03-01 01:34:00+00:00,33,1,18720,2790.0,2790.75,2790.0,2790.75,145,ES.v.0
2019-03-01 01:35:00+00:00,33,1,18720,2790.75,2790.75,2790.5,2790.5,171,ES.v.0
2019-03-01 01:36:00+00:00,33,1,18720,2790.5,2790.5,2789.5,2789.5,143,ES.v.0
2019-03-01 01:37:00+00:00,33,1,18720,2789.75,2790.5,2789.75,2790.25,254,ES.v.0
2019-03-01 01:38:00+00:00,33,1,18720,2790.0,2790.25,2790.0,2790.0,158,ES.v.0
2019-03-01 01:39:00+00:00,33,1,18720,2790.0,2790.25,2789.75,2789.75,104,ES.v.0
2019-03-01 01:40:00+00:00,33,1,18720,2790.0,2790.75,2789.75,2790.75,181,ES.v.0
2019-03-01 01:41:00+00:00,33,1,18720,2790.75,2791.25,2790.5,2791.25,180,ES.v.0
2019-03-01 01:42:00+00:00,33,1,18720,2791.0,2791.0,2790.5,2790.75,169,ES.v.0
2019-03-01 01:43:00+00:00,33,1,18720,2790.5,2790.5,2790.25,2790.25,52,ES.v.0
2019-03-01 01:44:00+00:00,33,1,18720,2790.5,2791.0,2790.5,2790.75,131,ES.v.0
2019-03-01 01:45:00+00:00,33,1,18720,2791.0,2795.5,2791.0,2793.5,3936,ES.v.0
2019-03-01 01:46:00+00:00,33,1,18720,2793.5,2793.75,2792.5,2792.5,869,ES.v.0
2019-03-01 01:47:00+00:00,33,1,18720,2792.75,2793.25,2792.5,2792.75,480,ES.v.0
2019-03-01 01:48:00+00:00,33,1,18720,2792.75,2793.0,2792.25,2792.75,787,ES.v.0
2019-03-01 01:49:00+00:00,33,1,18720,2792.75,2793.25,2792.5,2793.0,417,ES.v.0
2019-03-01 01:50:00+00:00,33,1,18720,2793.0,2794.0,2792.75,2793.5,428,ES.v.0
2019-03-01 01:51:00+00:00,33,1,18720,2793.75,2793.75,2793.25,2793.5,191,ES.v.0
2019-03-01 01:52:00+00:00,33,1,18720,2793.5,2793.5,2792.25,2792.25,482,ES.v.0
2019-03-01 01:53:00+00:00,33,1,18720,2792.25,2792.25,2791.75,2791.75,655,ES.v.0
2019-03-01 01:54:00+00:00,33,1,18720,2791.5,2792.25,2791.5,2792.25,243,ES.v.0
2019-03-01 01:55:00+00:00,33,1,18720,2792.25,2792.25,2791.75,2792.0,162,ES.v.0
2019-03-01 01:56:00+00:00,33,1,18720,2792.0,2792.0,2791.5,2791.5,124,ES.v.0
2019-03-01 01:57:00+00:00,33,1,18720,2791.5,2791.75,2791.5,2791.5,113,ES.v.0
2019-03-01 01:58:00+00:00,33,1,18720,2791.5,2792.0,2791.5,2792.0,166,ES.v.0
2019-03-01 01:59:00+00:00,33,1,18720,2792.0,2792.0,2791.75,2792.0,89,ES.v.0
2019-03-01 02:00:00+00:00,33,1,18720,2792.25,2792.25,2791.75,2792.0,120,ES.v.0
2019-03-01 02:01:00+00:00,33,1,18720,2792.0,2792.0,2791.5,2791.75,207,ES.v.0
2019-03-01 02:02:00+00:00,33,1,18720,2791.75,2791.75,2791.5,2791.75,43,ES.v.0
2019-03-01 02:03:00+00:00,33,1,18720,2791.75,2791.75,2791.5,2791.75,64,ES.v.0
2019-03-01 02:04:00+00:00,33,1,18720,2791.5,2791.75,2791.5,2791.5,161,ES.v.0
2019-03-01 02:05:00+00:00,33,1,18720,2791.5,2792.0,2791.5,2792.0,63,ES.v.0
2019-03-01 02:06:00+00:00,33,1,18720,2792.0,2792.25,2791.75,2792.0,123,ES.v.0
2019-03-01 02:07:00+00:00,33,1,18720,2792.0,2792.0,2791.25,2791.25,203,ES.v.0
2019-03-01 02:08:00+00:00,33,1,18720,2791.25,2791.5,2791.25,2791.25,76,ES.v.0
2019-03-01 02:09:00+00:00,33,1,18720,2791.5,2791.5,2791.25,2791.25,127,ES.v.0
2019-03-01 02:10:00+00:00,33,1,18720,2791.25,2791.75,2791.25,2791.5,160,ES.v.0
2019-03-01 02:11:00+00:00,33,1,18720,2791.75,2792.5,2791.5,2792.5,244,ES.v.0
2019-03-01 02:12:00+00:00,33,1,18720,2792.5,2792.75,2792.0,2792.0,221,ES.v.0
2019-03-01 02:13:00+00:00,33,1,18720,2792.25,2792.25,2792.0,2792.25,82,ES.v.0
2019-03-01 02:14:00+00:00,33,1,18720,2792.25,2792.5,2792.25,2792.25,128,ES.v.0
2019-03-01 02:15:00+00:00,33,1,18720,2792.5,2792.75,2792.25,2792.5,136,ES.v.0
2019-03-01 02:16:00+00:00,33,1,18720,2792.5,2792.75,2792.25,2792.5,27,ES.v.0
2019-03-01 02:17:00+00:00,33,1,18720,2792.5,2792.5,2792.25,2792.5,32,ES.v.0
2019-03-01 02:18:00+00:00,33,1,18720,2792.5,2792.75,2792.5,2792.5,70,ES.v.0
2019-03-01 02:19:00+00:00,33,1,18720,2792.5,2792.75,2792.25,2792.25,309,ES.v.0
2019-03-01 02:20:00+00:00,33,1,18720,2792.25,2792.5,2792.25,2792.25,110,ES.v.0
2019-03-01 02:21:00+00:00,33,1,18720,2792.25,2792.25,2791.25,2791.5,391,ES.v.0
2019-03-01 02:22:00+00:00,33,1,18720,2791.5,2791.5,2791.5,2791.5,32,ES.v.0
2019-03-01 02:23:00+00:00,33,1,18720,2791.75,2791.75,2791.5,2791.5,15,ES.v.0
2019-03-01 02:24:00+00:00,33,1,18720,2791.75,2792.0,2791.75,2791.75,114,ES.v.0
2019-03-01 02:25:00+00:00,33,1,18720,2791.5,2792.0,2791.5,2792.0,58,ES.v.0
2019-03-01 02:26:00+00:00,33,1,18720,2791.75,2792.0,2791.75,2792.0,21,ES.v.0
2019-03-01 02:27:00+00:00,33,1,18720,2791.75,2792.25,2791.75,2792.25,70,ES.v.0
2019-03-01 02:28:00+00:00,33,1,18720,2792.0,2792.0,2791.75,2792.0,103,ES.v.0
2019-03-01 02:29:00+00:00,33,1,18720,2791.75,2792.0,2791.75,2791.75,43,ES.v.0
2019-03-01 02:30:00+00:00,33,1,18720,2792.0,2792.5,2792.0,2792.25,98,ES.v.0
2019-03-01 02:31:00+00:00,33,1,18720,2792.25,2792.5,2792.25,2792.25,14,ES.v.0
2019-03-01 02:32:00+00:00,33,1,18720,2792.25,2792.5,2792.0,2792.25,153,ES.v.0
2019-03-01 02:33:00+00:00,33,1,18720,2792.5,2793.0,2792.5,2793.0,114,ES.v.0
2019-03-01 02:34:00+00:00,33,1,18720,2792.75,2793.0,2792.25,2792.25,239,ES.v.0
2019-03-01 02:35:00+00:00,33,1,18720,2792.25,2792.25,2792.25,2792.25,62,ES.v.0
2019-03-01 02:36:00+00:00,33,1,18720,2792.25,2792.5,2792.0,2792.0,75,ES.v.0
2019-03-01 02:37:00+00:00,33,1,18720,2792.25,2792.5,2792.25,2792.5,149,ES.v.0
2019-03-01 02:38:00+00:00,33,1,18720,2792.5,2792.5,2792.0,2792.25,128,ES.v.0
2019-03-01 02:39:00+00:00,33,1,18720,2792.5,2792.5,2792.0,2792.25,183,ES.v.0
2019-03-01 02:40:00+00:00,33,1,18720,2792.25,2792.5,2792.0,2792.5,116,ES.v.0
2019-03-01 02:41:00+00:00,33,1,18720,2792.5,2793.25,2792.5,2793.25,178,ES.v.0
2019-03-01 02:42:00+00:00,33,1,18720,2793.0,2793.25,2793.0,2793.0,175,ES.v.0
2019-03-01 02:43:00+00:00,33,1,18720,2793.0,2793.25,2793.0,2793.0,167,ES.v.0
2019-03-01 02:44:00+00:00,33,1,18720,2793.0,2793.5,2793.0,2793.25,289,ES.v.0
2019-03-01 02:45:00+00:00,33,1,18720,2793.5,2793.75,2793.0,2793.25,150,ES.v.0
2019-03-01 02:46:00+00:00,33,1,18720,2793.25,2793.5,2793.0,2793.0,164,ES.v.0
2019-03-01 02:47:00+00:00,33,1,18720,2793.0,2793.25,2792.75,2793.25,96,ES.v.0
2019-03-01 02:48:00+00:00,33,1,18720,2793.25,2793.25,2793.0,2793.25,85,ES.v.0
2019-03-01 02:49:00+00:00,33,1,18720,2793.25,2793.75,2793.25,2793.75,166,ES.v.0
2019-03-01 02:50:00+00:00,33,1,18720,2793.75,2794.0,2793.5,2793.5,132,ES.v.0
2019-03-01 02:51:00+00:00,33,1,18720,2793.5,2793.75,2793.25,2793.5,100,ES.v.0
2019-03-01 02:52:00+00:00,33,1,18720,2793.25,2794.0,2793.25,2793.75,69,ES.v.0
2019-03-01 02:53:00+00:00,33,1,18720,2794.0,2794.25,2793.75,2794.25,95,ES.v.0
2019-03-01 02:54:00+00:00,33,1,18720,2794.0,2794.5,2793.75,2794.5,172,ES.v.0
2019-03-01 02:55:00+00:00,33,1,18720,2794.25,2794.75,2794.25,2794.25,268,ES.v.0
2019-03-01 02:56:00+00:00,33,1,18720,2794.5,2794.75,2794.25,2794.5,133,ES.v.0
2019-03-01 02:57:00+00:00,33,1,18720,2794.5,2794.75,2794.5,2794.5,78,ES.v.0
2019-03-01 02:58:00+00:00,33,1,18720,2794.5,2794.75,2794.5,2794.5,141,ES.v.0
2019-03-01 02:59:00+00:00,33,1,18720,2794.5,2794.75,2794.5,2794.75,115,ES.v.0
2019-03-01 03:00:00+00:00,33,1,18720,2794.5,2794.75,2794.25,2794.25,148,ES.v.0
2019-03-01 03:01:00+00:00,33,1,18720,2794.25,2794.5,2794.25,2794.25,104,ES.v.0
2019-03-01 03:02:00+00:00,33,1,18720,2794.5,2798.0,2794.5,2797.75,1672,ES.v.0
2019-03-01 03:03:00+00:00,33,1,18720,2797.5,2797.75,2796.25,2796.25,773,ES.v.0
2019-03-01 03:04:00+00:00,33,1,18720,2796.5,2797.0,2796.25,2796.75,226,ES.v.0
2019-03-01 03:05:00+00:00,33,1,18720,2797.0,2797.75,2796.75,2797.5,431,ES.v.0
2019-03-01 03:06:00+00:00,33,1,18720,2797.75,2798.0,2797.25,2797.5,400,ES.v.0
2019-03-01 03:07:00+00:00,33,1,18720,2797.75,2798.5,2797.75,2798.0,439,ES.v.0
2019-03-01 03:08:00+00:00,33,1,18720,2798.25,2798.5,2798.0,2798.0,268,ES.v.0
2019-03-01 03:09:00+00:00,33,1,18720,2798.25,2798.25,2797.75,2797.75,188,ES.v.0
2019-03-01 03:10:00+00:00,33,1,18720,2797.75,2798.25,2797.75,2798.0,272,ES.v.0
2019-03-01 03:11:00+00:00,33,1,18720,2798.25,2798.25,2796.75,2797.0,618,ES.v.0
2019-03-01 03:12:00+00:00,33,1,18720,2797.0,2797.0,2796.75,2796.75,386,ES.v.0
2019-03-01 03:13:00+00:00,33,1,18720,2796.75,2797.0,2796.5,2796.75,458,ES.v.0
2019-03-01 03:14:00+00:00,33,1,18720,2796.75,2797.0,2796.5,2796.5,221,ES.v.0
2019-03-01 03:15:00+00:00,33,1,18720,2796.75,2796.75,2796.25,2796.5,227,ES.v.0
2019-03-01 03:16:00+00:00,33,1,18720,2796.5,2797.0,2796.5,2796.75,136,ES.v.0
2019-03-01 03:17:00+00:00,33,1,18720,2796.5,2797.0,2796.25,2796.5,185,ES.v.0
2019-03-01 03:18:00+00:00,33,1,18720,2796.25,2796.5,2796.0,2796.25,161,ES.v.0
2019-03-01 03:19:00+00:00,33,1,18720,2796.25,2796.75,2796.25,2796.25,36,ES.v.0
2019-03-01 03:20:00+00:00,33,1,18720,2796.25,2796.5,2796.25,2796.5,50,ES.v.0
2019-03-01 03:21:00+00:00,33,1,18720,2796.5,2796.75,2796.5,2796.75,135,ES.v.0
2019-03-01 03:22:00+00:00,33,1,18720,2796.75,2796.75,2796.5,2796.75,157,ES.v.0
2019-03-01 03:23:00+00:00,33,1,18720,2796.5,2796.75,2796.5,2796.75,123,ES.v.0
2019-03-01 03:24:00+00:00,33,1,18720,2796.5,2796.75,2796.5,2796.75,17,ES.v.0
2019-03-01 03:25:00+00:00,33,1,18720,2796.75,2796.75,2796.5,2796.75,10,ES.v.0
2019-03-01 03:26:00+00:00,33,1,18720,2796.5,2797.0,2796.5,2796.75,65,ES.v.0
2019-03-01 03:27:00+00:00,33,1,18720,2796.75,2797.25,2796.75,2797.25,111,ES.v.0
2019-03-01 03:28:00+00:00,33,1,18720,2797.25,2797.25,2797.0,2797.25,88,ES.v.0
2019-03-01 03:29:00+00:00,33,1,18720,2797.0,2797.0,2796.75,2797.0,78,ES.v.0
2019-03-01 03:30:00+00:00,33,1,18720,2796.75,2797.25,2796.75,2797.0,137,ES.v.0
2019-03-01 03:31:00+00:00,33,1,18720,2797.0,2797.0,2796.5,2796.5,205,ES.v.0
2019-03-01 03:32:00+00:00,33,1,18720,2796.75,2796.75,2796.5,2796.5,4,ES.v.0
2019-03-01 03:33:00+00:00,33,1,18720,2796.5,2796.75,2796.5,2796.5,130,ES.v.0
2019-03-01 03:34:00+00:00,33,1,18720,2796.5,2796.5,2796.5,2796.5,63,ES.v.0
2019-03-01 03:35:00+00:00,33,1,18720,2796.5,2796.5,2796.25,2796.5,60,ES.v.0
2019-03-01 03:36:00+00:00,33,1,18720,2796.5,2796.75,2796.5,2796.75,25,ES.v.0
2019-03-01 03:37:00+00:00,33,1,18720,2796.75,2797.0,2796.75,2796.75,46,ES.v.0
2019-03-01 03:38:00+00:00,33,1,18720,2797.0,2797.0,2797.0,2797.0,189,ES.v.0
2019-03-01 03:39:00+00:00,33,1,18720,2796.75,2797.0,2796.75,2796.75,77,ES.v.0
2019-03-01 03:40:00+00:00,33,1,18720,2797.0,2797.25,2796.75,2797.25,63,ES.v.0
2019-03-01 03:41:00+00:00,33,1,18720,2797.25,2797.75,2797.25,2797.75,237,ES.v.0
2019-03-01 03:42:00+00:00,33,1,18720,2797.5,2797.75,2797.0,2797.25,140,ES.v.0
2019-03-01 03:43:00+00:00,33,1,18720,2797.25,2797.25,2797.0,2797.25,44,ES.v.0
2019-03-01 03:44:00+00:00,33,1,18720,2797.25,2797.25,2797.0,2797.25,67,ES.v.0
2019-03-01 03:45:00+00:00,33,1,18720,2797.0,2797.0,2796.75,2796.75,33,ES.v.0
2019-03-01 03:46:00+00:00,33,1,18720,2797.0,2797.0,2796.75,2797.0,8,ES.v.0
2019-03-01 03:47:00+00:00,33,1,18720,2797.0,2797.0,2796.75,2796.75,72,ES.v.0
2019-03-01 03:48:00+00:00,33,1,18720,2796.75,2796.75,2796.5,2796.5,49,ES.v.0
2019-03-01 03:49:00+00:00,33,1,18720,2796.5,2796.5,2796.5,2796.5,5,ES.v.0
2019-03-01 03:50:00+00:00,33,1,18720,2796.5,2796.75,2796.5,2796.5,24,ES.v.0
2019-03-01 03:51:00+00:00,33,1,18720,2796.5,2796.75,2796.5,2796.5,30,ES.v.0
2019-03-01 03:52:00+00:00,33,1,18720,2796.75,2796.75,2796.5,2796.5,21,ES.v.0
2019-03-01 03:53:00+00:00,33,1,18720,2796.75,2796.75,2796.5,2796.5,61,ES.v.0
2019-03-01 03:54:00+00:00,33,1,18720,2796.75,2796.75,2796.5,2796.75,21,ES.v.0
2019-03-01 03:55:00+00:00,33,1,18720,2797.0,2797.25,2796.75,2797.25,42,ES.v.0
2019-03-01 03:56:00+00:00,33,1,18720,2797.25,2797.25,2797.0,2797.0,53,ES.v.0
2019-03-01 03:57:00+00:00,33,1,18720,2797.0,2797.0,2796.75,2797.0,80,ES.v.0
2019-03-01 03:58:00+00:00,33,1,18720,2797.0,2797.0,2796.75,2797.0,8,ES.v.0
2019-03-01 03:59:00+00:00,33,1,18720,2796.75,2796.75,2796.75,2796.75,12,ES.v.0
2019-03-01 04:00:00+00:00,33,1,18720,2796.75,2797.0,2796.75,2796.75,120,ES.v.0
2019-03-01 04:01:00+00:00,33,1,18720,2796.75,2797.0,2796.75,2796.75,85,ES.v.0
2019-03-01 04:02:00+00:00,33,1,18720,2796.75,2797.0,2796.5,2796.5,74,ES.v.0
2019-03-01 04:03:00+00:00,33,1,18720,2796.5,2796.5,2796.5,2796.5,23,ES.v.0
2019-03-01 04:04:00+00:00,33,1,18720,2796.5,2796.5,2796.25,2796.25,71,ES.v.0
2019-03-01 04:05:00+00:00,33,1,18720,2796.25,2796.5,2796.25,2796.25,97,ES.v.0
2019-03-01 04:06:00+00:00,33,1,18720,2796.5,2796.5,2796.25,2796.25,17,ES.v.0
2019-03-01 04:07:00+00:00,33,1,18720,2796.5,2796.5,2796.25,2796.25,74,ES.v.0
2019-03-01 04:08:00+00:00,33,1,18720,2796.25,2796.5,2796.25,2796.5,36,ES.v.0
2019-03-01 04:09:00+00:00,33,1,18720,2796.5,2796.5,2796.25,2796.25,69,ES.v.0
2019-03-01 04:10:00+00:00,33,1,18720,2796.25,2796.5,2796.25,2796.25,10,ES.v.0
2019-03-01 04:11:00+00:00,33,1,18720,2796.25,2796.5,2796.0,2796.0,375,ES.v.0
2019-03-01 04:12:00+00:00,33,1,18720,2796.0,2796.25,2796.0,2796.0,26,ES.v.0
2019-03-01 04:13:00+00:00,33,1,18720,2796.25,2796.25,2795.75,2795.75,152,ES.v.0
2019-03-01 04:14:00+00:00,33,1,18720,2796.0,2796.0,2796.0,2796.0,122,ES.v.0
2019-03-01 04:15:00+00:00,33,1,18720,2796.25,2796.25,2796.0,2796.25,170,ES.v.0
2019-03-01 04:16:00+00:00,33,1,18720,2796.25,2796.25,2796.25,2796.25,39,ES.v.0
2019-03-01 04:17:00+00:00,33,1,18720,2796.0,2796.25,2796.0,2796.25,5,ES.v.0
2019-03-01 04:18:00+00:00,33,1,18720,2796.25,2796.25,2796.0,2796.0,26,ES.v.0
2019-03-01 04:19:00+00:00,33,1,18720,2796.0,2796.25,2796.0,2796.0,131,ES.v.0
2019-03-01 04:20:00+00:00,33,1,18720,2796.0,2796.25,2796.0,2796.25,35,ES.v.0
2019-03-01 04:21:00+00:00,33,1,18720,2796.25,2796.25,2796.0,2796.25,25,ES.v.0
2019-03-01 04:22:00+00:00,33,1,18720,2796.0,2796.25,2796.0,2796.0,15,ES.v.0
2019-03-01 04:23:00+00:00,33,1,18720,2796.25,2796.5,2796.25,2796.5,31,ES.v.0
2019-03-01 04:24:00+00:00,33,1,18720,2796.5,2796.5,2796.25,2796.25,12,ES.v.0
2019-03-01 04:25:00+00:00,33,1,18720,2796.25,2796.5,2796.25,2796.5,40,ES.v.0
2019-03-01 04:26:00+00:00,33,1,18720,2796.25,2796.75,2796.25,2796.5,119,ES.v.0
2019-03-01 04:27:00+00:00,33,1,18720,2796.5,2796.5,2796.25,2796.25,39,ES.v.0
2019-03-01 04:28:00+00:00,33,1,18720,2796.25,2796.5,2796.25,2796.25,23,ES.v.0
2019-03-01 04:29:00+00:00,33,1,18720,2796.25,2796.5,2796.0,2796.0,49,ES.v.0
2019-03-01 04:30:00+00:00,33,1,18720,2796.0,2796.25,2796.0,2796.0,87,ES.v.0
2019-03-01 04:31:00+00:00,33,1,18720,2796.0,2796.25,2796.0,2796.0,22,ES.v.0
2019-03-01 04:32:00+00:00,33,1,18720,2796.25,2796.25,2796.0,2796.0,30,ES.v.0
2019-03-01 04:33:00+00:00,33,1,18720,2796.25,2796.25,2796.0,2796.0,68,ES.v.0
2019-03-01 04:34:00+00:00,33,1,18720,2796.0,2796.0,2795.75,2796.0,104,ES.v.0
2019-03-01 04:35:00+00:00,33,1,18720,2796.0,2796.25,2796.0,2796.0,77,ES.v.0
2019-03-01 04:36:00+00:00,33,1,18720,2796.0,2796.0,2795.75,2795.75,26,ES.v.0
2019-03-01 04:37:00+00:00,33,1,18720,2795.75,2796.0,2795.75,2796.0,32,ES.v.0
2019-03-01 04:38:00+00:00,33,1,18720,2796.0,2796.25,2795.75,2796.0,43,ES.v.0
2019-03-01 04:39:00+00:00,33,1,18720,2796.0,2796.5,2796.0,2796.5,76,ES.v.0
2019-03-01 04:40:00+00:00,33,1,18720,2796.25,2796.25,2796.0,2796.0,80,ES.v.0
2019-03-01 04:41:00+00:00,33,1,18720,2796.0,2796.25,2796.0,2796.25,30,ES.v.0
2019-03-01 04:42:00+00:00,33,1,18720,2796.0,2796.5,2796.0,2796.25,61,ES.v.0
2019-03-01 04:43:00+00:00,33,1,18720,2796.25,2796.5,2796.25,2796.5,81,ES.v.0
2019-03-01 04:44:00+00:00,33,1,18720,2796.75,2796.75,2796.5,2796.5,24,ES.v.0
2019-03-01 04:45:00+00:00,33,1,18720,2796.5,2796.75,2796.5,2796.5,23,ES.v.0
2019-03-01 04:46:00+00:00,33,1,18720,2796.5,2796.75,2796.25,2796.25,48,ES.v.0
2019-03-01 04:47:00+00:00,33,1,18720,2796.25,2796.5,2796.0,2796.0,150,ES.v.0
2019-03-01 04:48:00+00:00,33,1,18720,2796.25,2796.25,2796.0,2796.0,49,ES.v.0
2019-03-01 04:49:00+00:00,33,1,18720,2796.0,2796.0,2795.75,2795.75,28,ES.v.0
2019-03-01 04:50:00+00:00,33,1,18720,2795.75,2795.75,2795.5,2795.5,160,ES.v.0
2019-03-01 04:51:00+00:00,33,1,18720,2795.5,2795.75,2795.0,2795.25,281,ES.v.0
2019-03-01 04:52:00+00:00,33,1,18720,2795.25,2795.75,2795.25,2795.5,96,ES.v.0
2019-03-01 04:53:00+00:00,33,1,18720,2795.5,2795.75,2795.25,2795.5,146,ES.v.0
2019-03-01 04:54:00+00:00,33,1,18720,2795.5,2795.75,2795.5,2795.75,82,ES.v.0
2019-03-01 04:55:00+00:00,33,1,18720,2795.75,2795.75,2795.5,2795.5,79,ES.v.0
2019-03-01 04:56:00+00:00,33,1,18720,2795.75,2795.75,2795.5,2795.5,20,ES.v.0
2019-03-01 04:57:00+00:00,33,1,18720,2795.5,2795.75,2795.5,2795.5,25,ES.v.0
2019-03-01 04:58:00+00:00,33,1,18720,2795.5,2795.75,2795.5,2795.75,18,ES.v.0
2019-03-01 04:59:00+00:00,33,1,18720,2795.5,2795.75,2795.5,2795.5,27,ES.v.0
2019-03-01 05:00:00+00:00,33,1,18720,2795.75,2795.75,2795.5,2795.5,85,ES.v.0
2019-03-01 05:01:00+00:00,33,1,18720,2795.5,2795.5,2795.5,2795.5,345,ES.v.0
2019-03-01 05:02:00+00:00,33,1,18720,2795.5,2795.5,2795.5,2795.5,35,ES.v.0
2019-03-01 05:03:00+00:00,33,1,18720,2795.75,2795.75,2795.25,2795.5,136,ES.v.0
2019-03-01 05:04:00+00:00,33,1,18720,2795.5,2795.75,2795.5,2795.5,91,ES.v.0
2019-03-01 05:05:00+00:00,33,1,18720,2795.5,2795.75,2795.0,2795.5,323,ES.v.0
2019-03-01 05:06:00+00:00,33,1,18720,2795.5,2795.75,2795.25,2795.5,264,ES.v.0
2019-03-01 05:07:00+00:00,33,1,18720,2795.5,2795.5,2795.25,2795.5,24,ES.v.0
2019-03-01 05:08:00+00:00,33,1,18720,2795.25,2795.5,2795.25,2795.25,28,ES.v.0
2019-03-01 05:09:00+00:00,33,1,18720,2795.25,2795.5,2795.0,2795.25,234,ES.v.0
2019-03-01 05:10:00+00:00,33,1,18720,2795.5,2796.0,2795.25,2796.0,172,ES.v.0
2019-03-01 05:11:00+00:00,33,1,18720,2795.75,2795.75,2795.5,2795.5,125,ES.v.0
2019-03-01 05:12:00+00:00,33,1,18720,2795.5,2795.5,2795.25,2795.5,161,ES.v.0
2019-03-01 05:13:00+00:00,33,1,18720,2795.25,2795.5,2795.25,2795.5,64,ES.v.0
2019-03-01 05:14:00+00:00,33,1,18720,2795.5,2795.5,2795.25,2795.5,138,ES.v.0
2019-03-01 05:15:00+00:00,33,1,18720,2795.5,2795.75,2795.5,2795.75,15,ES.v.0
2019-03-01 05:16:00+00:00,33,1,18720,2795.75,2795.75,2795.25,2795.25,162,ES.v.0
2019-03-01 05:17:00+00:00,33,1,18720,2795.5,2795.75,2795.25,2795.75,104,ES.v.0
2019-03-01 05:18:00+00:00,33,1,18720,2795.75,2795.75,2795.5,2795.5,81,ES.v.0
2019-03-01 05:19:00+00:00,33,1,18720,2795.5,2795.75,2795.5,2795.75,39,ES.v.0
2019-03-01 05:20:00+00:00,33,1,18720,2795.75,2796.0,2795.75,2796.0,120,ES.v.0
2019-03-01 05:21:00+00:00,33,1,18720,2796.0,2796.25,2795.75,2796.0,60,ES.v.0
2019-03-01 05:22:00+00:00,33,1,18720,2796.25,2796.25,2796.0,2796.25,48,ES.v.0
2019-03-01 05:23:00+00:00,33,1,18720,2796.25,2796.5,2796.25,2796.5,86,ES.v.0
2019-03-01 05:24:00+00:00,33,1,18720,2796.5,2796.75,2796.5,2796.75,76,ES.v.0
2019-03-01 05:25:00+00:00,33,1,18720,2796.5,2796.75,2796.25,2796.25,85,ES.v.0
2019-03-01 05:26:00+00:00,33,1,18720,2796.25,2796.5,2796.25,2796.5,21,ES.v.0
2019-03-01 05:27:00+00:00,33,1,18720,2796.5,2796.5,2796.5,2796.5,3,ES.v.0
2019-03-01 05:28:00+00:00,33,1,18720,2796.5,2796.5,2796.25,2796.5,14,ES.v.0
2019-03-01 05:29:00+00:00,33,1,18720,2796.5,2796.5,2796.25,2796.25,64,ES.v.0
2019-03-01 05:30:00+00:00,33,1,18720,2796.5,2796.5,2796.5,2796.5,4,ES.v.0
2019-03-01 05:31:00+00:00,33,1,18720,2796.25,2796.5,2796.25,2796.5,33,ES.v.0
2019-03-01 05:32:00+00:00,33,1,18720,2796.5,2796.5,2796.25,2796.25,42,ES.v.0
2019-03-01 05:33:00+00:00,33,1,18720,2796.25,2796.5,2796.25,2796.25,36,ES.v.0
2019-03-01 05:34:00+00:00,33,1,18720,2796.5,2796.75,2796.5,2796.5,43,ES.v.0
2019-03-01 05:35:00+00:00,33,1,18720,2796.25,2796.5,2796.25,2796.5,5,ES.v.0
2019-03-01 05:36:00+00:00,33,1,18720,2796.25,2796.5,2796.25,2796.5,125,ES.v.0
2019-03-01 05:37:00+00:00,33,1,18720,2796.5,2796.75,2796.5,2796.5,35,ES.v.0
2019-03-01 05:38:00+00:00,33,1,18720,2796.5,2796.5,2796.25,2796.25,4,ES.v.0
2019-03-01 05:39:00+00:00,33,1,18720,2796.5,2796.5,2796.5,2796.5,3,ES.v.0
2019-03-01 05:40:00+00:00,33,1,18720,2796.5,2796.5,2796.25,2796.5,65,ES.v.0
2019-03-01 05:41:00+00:00,33,1,18720,2796.25,2796.5,2796.25,2796.5,8,ES.v.0
2019-03-01 05:42:00+00:00,33,1,18720,2796.25,2796.25,2796.0,2796.0,127,ES.v.0
2019-03-01 05:43:00+00:00,33,1,18720,2796.0,2796.25,2796.0,2796.0,10,ES.v.0
2019-03-01 05:44:00+00:00,33,1,18720,2796.0,2796.0,2796.0,2796.0,3,ES.v.0
2019-03-01 05:45:00+00:00,33,1,18720,2796.0,2796.25,2796.0,2796.25,79,ES.v.0
2019-03-01 05:46:00+00:00,33,1,18720,2796.25,2796.5,2796.25,2796.5,46,ES.v.0
2019-03-01 05:47:00+00:00,33,1,18720,2796.25,2796.25,2796.25,2796.25,1,ES.v.0
2019-03-01 05:48:00+00:00,33,1,18720,2796.25,2796.5,2796.25,2796.25,4,ES.v.0
2019-03-01 05:49:00+00:00,33,1,18720,2796.25,2796.5,2796.25,2796.25,41,ES.v.0
2019-03-01 05:50:00+00:00,33,1,18720,2796.25,2796.25,2796.25,2796.25,7,ES.v.0
2019-03-01 05:51:00+00:00,33,1,18720,2796.5,2796.75,2796.5,2796.5,104,ES.v.0
2019-03-01 05:52:00+00:00,33,1,18720,2796.5,2796.75,2796.5,2796.75,30,ES.v.0
2019-03-01 05:53:00+00:00,33,1,18720,2796.75,2796.75,2796.75,2796.75,2,ES.v.0
2019-03-01 05:54:00+00:00,33,1,18720,2796.75,2796.75,2796.5,2796.75,68,ES.v.0
2019-03-01 05:55:00+00:00,33,1,18720,2796.75,2796.75,2796.75,2796.75,17,ES.v.0
2019-03-01 05:56:00+00:00,33,1,18720,2797.0,2797.0,2796.5,2796.5,93,ES.v.0
2019-03-01 05:57:00+00:00,33,1,18720,2796.5,2796.75,2796.5,2796.5,14,ES.v.0
2019-03-01 05:58:00+00:00,33,1,18720,2796.5,2796.75,2796.5,2796.5,4,ES.v.0
2019-03-01 05:59:00+00:00,33,1,18720,2796.5,2796.5,2796.25,2796.5,88,ES.v.0
2019-03-01 06:00:00+00:00,33,1,18720,2796.5,2796.5,2796.0,2796.25,372,ES.v.0
2019-03-01 06:01:00+00:00,33,1,18720,2796.25,2796.5,2796.0,2796.5,36,ES.v.0
2019-03-01 06:02:00+00:00,33,1,18720,2796.5,2796.75,2796.5,2796.5,70,ES.v.0
2019-03-01 06:03:00+00:00,33,1,18720,2796.5,2796.75,2796.5,2796.5,138,ES.v.0
2019-03-01 06:04:00+00:00,33,1,18720,2796.5,2796.5,2796.25,2796.25,31,ES.v.0
2019-03-01 06:05:00+00:00,33,1,18720,2796.25,2796.5,2796.25,2796.5,8,ES.v.0
2019-03-01 06:06:00+00:00,33,1,18720,2796.25,2796.5,2796.25,2796.5,27,ES.v.0
2019-03-01 06:07:00+00:00,33,1,18720,2796.25,2796.25,2796.25,2796.25,1,ES.v.0
2019-03-01 06:08:00+00:00,33,1,18720,2796.25,2796.25,2796.25,2796.25,12,ES.v.0
2019-03-01 06:09:00+00:00,33,1,18720,2796.5,2797.0,2796.5,2796.75,204,ES.v.0
2019-03-01 06:10:00+00:00,33,1,18720,2797.0,2797.25,2796.75,2796.75,176,ES.v.0
2019-03-01 06:11:00+00:00,33,1,18720,2796.75,2797.0,2796.75,2797.0,59,ES.v.0
2019-03-01 06:12:00+00:00,33,1,18720,2797.25,2797.5,2797.0,2797.5,140,ES.v.0
2019-03-01 06:13:00+00:00,33,1,18720,2797.25,2797.5,2796.75,2796.75,234,ES.v.0
2019-03-01 06:14:00+00:00,33,1,18720,2796.75,2796.75,2796.75,2796.75,50,ES.v.0
2019-03-01 06:15:00+00:00,33,1,18720,2796.75,2796.75,2796.5,2796.5,236,ES.v.0
2019-03-01 06:16:00+00:00,33,1,18720,2796.5,2796.75,2796.5,2796.75,176,ES.v.0
2019-03-01 06:17:00+00:00,33,1,18720,2797.0,2797.25,2797.0,2797.25,123,ES.v.0
2019-03-01 06:18:00+00:00,33,1,18720,2797.0,2797.25,2796.75,2797.0,88,ES.v.0
2019-03-01 06:19:00+00:00,33,1,18720,2797.0,2797.0,2797.0,2797.0,9,ES.v.0
2019-03-01 06:20:00+00:00,33,1,18720,2797.0,2797.25,2797.0,2797.25,57,ES.v.0
2019-03-01 06:21:00+00:00,33,1,18720,2797.0,2797.25,2797.0,2797.25,55,ES.v.0
2019-03-01 06:22:00+00:00,33,1,18720,2797.25,2797.25,2797.0,2797.0,65,ES.v.0
2019-03-01 06:23:00+00:00,33,1,18720,2796.75,2797.0,2796.75,2796.75,23,ES.v.0
2019-03-01 06:24:00+00:00,33,1,18720,2796.75,2796.75,2796.75,2796.75,22,ES.v.0
2019-03-01 06:25:00+00:00,33,1,18720,2797.0,2797.0,2796.75,2796.75,70,ES.v.0
2019-03-01 06:26:00+00:00,33,1,18720,2796.75,2796.75,2796.5,2796.5,26,ES.v.0
2019-03-01 06:27:00+00:00,33,1,18720,2796.75,2796.75,2796.75,2796.75,15,ES.v.0
2019-03-01 06:28:00+00:00,33,1,18720,2797.0,2797.25,2797.0,2797.0,37,ES.v.0
2019-03-01 06:29:00+00:00,33,1,18720,2797.25,2797.25,2797.0,2797.0,21,ES.v.0
2019-03-01 06:30:00+00:00,33,1,18720,2797.25,2797.25,2796.75,2796.75,146,ES.v.0
2019-03-01 06:31:00+00:00,33,1,18720,2796.75,2797.0,2796.75,2797.0,70,ES.v.0
2019-03-01 06:32:00+00:00,33,1,18720,2797.0,2797.25,2797.0,2797.25,31,ES.v.0
2019-03-01 06:33:00+00:00,33,1,18720,2797.0,2797.25,2797.0,2797.0,64,ES.v.0
2019-03-01 06:34:00+00:00,33,1,18720,2797.0,2797.0,2796.75,2796.75,57,ES.v.0
2019-03-01 06:35:00+00:00,33,1,18720,2796.5,2797.5,2796.5,2797.0,131,ES.v.0
2019-03-01 06:36:00+00:00,33,1,18720,2797.0,2797.5,2797.0,2797.5,27,ES.v.0
2019-03-01 06:37:00+00:00,33,1,18720,2797.5,2798.5,2797.25,2798.0,1223,ES.v.0
2019-03-01 06:38:00+00:00,33,1,18720,2798.0,2798.25,2797.75,2797.75,161,ES.v.0
2019-03-01 06:39:00+00:00,33,1,18720,2798.0,2798.0,2797.75,2797.75,165,ES.v.0
2019-03-01 06:40:00+00:00,33,1,18720,2797.75,2797.75,2797.5,2797.5,99,ES.v.0
2019-03-01 06:41:00+00:00,33,1,18720,2797.5,2797.75,2797.25,2797.75,147,ES.v.0
2019-03-01 06:42:00+00:00,33,1,18720,2797.5,2797.75,2797.5,2797.5,90,ES.v.0
2019-03-01 06:43:00+00:00,33,1,18720,2797.5,2797.75,2797.25,2797.5,153,ES.v.0
2019-03-01 06:44:00+00:00,33,1,18720,2797.25,2797.75,2797.25,2797.75,27,ES.v.0
2019-03-01 06:45:00+00:00,33,1,18720,2797.75,2797.75,2797.25,2797.5,51,ES.v.0
2019-03-01 06:46:00+00:00,33,1,18720,2797.5,2797.75,2797.25,2797.5,11,ES.v.0
2019-03-01 06:47:00+00:00,33,1,18720,2797.5,2797.75,2797.5,2797.5,76,ES.v.0
2019-03-01 06:48:00+00:00,33,1,18720,2797.5,2797.75,2797.5,2797.75,10,ES.v.0
2019-03-01 06:49:00+00:00,33,1,18720,2797.5,2797.75,2797.5,2797.75,35,ES.v.0
2019-03-01 06:50:00+00:00,33,1,18720,2797.5,2797.75,2797.5,2797.75,47,ES.v.0
2019-03-01 06:51:00+00:00,33,1,18720,2797.75,2798.0,2797.75,2797.75,110,ES.v.0
2019-03-01 06:52:00+00:00,33,1,18720,2798.0,2798.0,2797.75,2798.0,63,ES.v.0
2019-03-01 06:53:00+00:00,33,1,18720,2797.75,2797.75,2797.5,2797.5,36,ES.v.0
2019-03-01 06:54:00+00:00,33,1,18720,2797.5,2797.75,2797.5,2797.75,56,ES.v.0
2019-03-01 06:55:00+00:00,33,1,18720,2797.75,2798.0,2797.5,2798.0,91,ES.v.0
2019-03-01 06:56:00+00:00,33,1,18720,2797.75,2798.0,2797.75,2797.75,133,ES.v.0
2019-03-01 06:57:00+00:00,33,1,18720,2798.0,2798.25,2797.75,2798.25,70,ES.v.0
2019-03-01 06:58:00+00:00,33,1,18720,2798.0,2798.0,2797.75,2797.75,73,ES.v.0
2019-03-01 06:59:00+00:00,33,1,18720,2798.0,2798.0,2797.75,2797.75,20,ES.v.0
2019-03-01 07:00:00+00:00,33,1,18720,2798.0,2798.25,2797.5,2797.75,471,ES.v.0
2019-03-01 07:01:00+00:00,33,1,18720,2797.75,2798.25,2797.75,2798.25,346,ES.v.0
2019-03-01 07:02:00+00:00,33,1,18720,2798.0,2798.25,2797.5,2798.0,276,ES.v.0
2019-03-01 07:03:00+00:00,33,1,18720,2798.0,2798.25,2798.0,2798.0,71,ES.v.0
2019-03-01 07:04:00+00:00,33,1,18720,2798.0,2798.0,2797.75,2798.0,111,ES.v.0
2019-03-01 07:05:00+00:00,33,1,18720,2797.75,2797.75,2797.25,2797.5,74,ES.v.0
2019-03-01 07:06:00+00:00,33,1,18720,2797.5,2797.5,2797.25,2797.5,64,ES.v.0
2019-03-01 07:07:00+00:00,33,1,18720,2797.25,2797.5,2797.25,2797.5,84,ES.v.0
2019-03-01 07:08:00+00:00,33,1,18720,2797.5,2797.5,2797.25,2797.5,67,ES.v.0
2019-03-01 07:09:00+00:00,33,1,18720,2797.5,2798.0,2797.5,2797.75,112,ES.v.0
2019-03-01 07:10:00+00:00,33,1,18720,2798.0,2798.0,2797.75,2797.75,86,ES.v.0
2019-03-01 07:11:00+00:00,33,1,18720,2798.0,2798.0,2797.5,2797.5,121,ES.v.0
2019-03-01 07:12:00+00:00,33,1,18720,2797.75,2797.75,2797.5,2797.5,79,ES.v.0
2019-03-01 07:13:00+00:00,33,1,18720,2797.5,2797.5,2797.5,2797.5,121,ES.v.0
2019-03-01 07:14:00+00:00,33,1,18720,2797.5,2797.75,2797.5,2797.75,60,ES.v.0
2019-03-01 07:15:00+00:00,33,1,18720,2798.0,2798.25,2798.0,2798.0,196,ES.v.0
2019-03-01 07:16:00+00:00,33,1,18720,2798.0,2798.25,2798.0,2798.0,134,ES.v.0
2019-03-01 07:17:00+00:00,33,1,18720,2798.25,2798.25,2798.0,2798.25,90,ES.v.0
2019-03-01 07:18:00+00:00,33,1,18720,2798.25,2798.5,2798.0,2798.0,108,ES.v.0
2019-03-01 07:19:00+00:00,33,1,18720,2798.0,2798.25,2798.0,2798.25,102,ES.v.0
2019-03-01 07:20:00+00:00,33,1,18720,2798.0,2798.0,2797.5,2797.75,214,ES.v.0
2019-03-01 07:21:00+00:00,33,1,18720,2797.75,2797.75,2797.5,2797.5,66,ES.v.0
2019-03-01 07:22:00+00:00,33,1,18720,2797.5,2797.5,2797.25,2797.5,233,ES.v.0
2019-03-01 07:23:00+00:00,33,1,18720,2797.5,2797.75,2797.25,2797.25,131,ES.v.0
2019-03-01 07:24:00+00:00,33,1,18720,2797.25,2797.5,2797.25,2797.5,39,ES.v.0
2019-03-01 07:25:00+00:00,33,1,18720,2797.5,2797.5,2797.25,2797.25,118,ES.v.0
2019-03-01 07:26:00+00:00,33,1,18720,2797.5,2797.5,2797.25,2797.25,16,ES.v.0
2019-03-01 07:27:00+00:00,33,1,18720,2797.25,2797.5,2797.25,2797.25,80,ES.v.0
2019-03-01 07:28:00+00:00,33,1,18720,2797.25,2797.5,2797.25,2797.25,35,ES.v.0
2019-03-01 07:29:00+00:00,33,1,18720,2797.5,2797.5,2797.25,2797.5,6,ES.v.0
2019-03-01 07:30:00+00:00,33,1,18720,2797.25,2797.25,2797.0,2797.25,201,ES.v.0
2019-03-01 07:31:00+00:00,33,1,18720,2797.25,2797.25,2797.0,2797.0,277,ES.v.0
2019-03-01 07:32:00+00:00,33,1,18720,2797.25,2797.5,2797.25,2797.5,77,ES.v.0
2019-03-01 07:33:00+00:00,33,1,18720,2797.5,2797.5,2797.25,2797.25,142,ES.v.0
2019-03-01 07:34:00+00:00,33,1,18720,2797.25,2797.25,2797.0,2797.0,27,ES.v.0
2019-03-01 07:35:00+00:00,33,1,18720,2797.25,2797.25,2797.0,2797.0,137,ES.v.0
2019-03-01 07:36:00+00:00,33,1,18720,2796.75,2797.0,2796.75,2796.75,25,ES.v.0
2019-03-01 07:37:00+00:00,33,1,18720,2796.75,2796.75,2796.75,2796.75,89,ES.v.0
2019-03-01 07:38:00+00:00,33,1,18720,2796.75,2796.75,2796.25,2796.25,180,ES.v.0
2019-03-01 07:39:00+00:00,33,1,18720,2796.5,2796.5,2796.0,2796.25,430,ES.v.0
2019-03-01 07:40:00+00:00,33,1,18720,2796.5,2796.5,2796.5,2796.5,13,ES.v.0
2019-03-01 07:41:00+00:00,33,1,18720,2796.25,2796.25,2796.25,2796.25,71,ES.v.0
2019-03-01 07:42:00+00:00,33,1,18720,2796.5,2796.5,2796.0,2796.25,192,ES.v.0
2019-03-01 07:43:00+00:00,33,1,18720,2796.5,2796.5,2796.25,2796.5,183,ES.v.0
2019-03-01 07:44:00+00:00,33,1,18720,2796.75,2796.75,2796.5,2796.75,156,ES.v.0
2019-03-01 07:45:00+00:00,33,1,18720,2797.0,2797.0,2796.75,2796.75,134,ES.v.0
2019-03-01 07:46:00+00:00,33,1,18720,2796.75,2797.25,2796.75,2797.0,239,ES.v.0
2019-03-01 07:47:00+00:00,33,1,18720,2797.0,2797.5,2797.0,2797.25,71,ES.v.0
2019-03-01 07:48:00+00:00,33,1,18720,2797.25,2797.75,2797.25,2797.75,99,ES.v.0
2019-03-01 07:49:00+00:00,33,1,18720,2797.75,2797.75,2797.25,2797.25,174,ES.v.0
2019-03-01 07:50:00+00:00,33,1,18720,2797.25,2797.5,2797.25,2797.5,76,ES.v.0
2019-03-01 07:51:00+00:00,33,1,18720,2797.5,2797.75,2797.5,2797.5,73,ES.v.0
2019-03-01 07:52:00+00:00,33,1,18720,2797.5,2797.5,2797.25,2797.25,52,ES.v.0
2019-03-01 07:53:00+00:00,33,1,18720,2797.25,2797.5,2797.25,2797.5,73,ES.v.0
2019-03-01 07:54:00+00:00,33,1,18720,2797.25,2797.5,2797.25,2797.5,94,ES.v.0
2019-03-01 07:55:00+00:00,33,1,18720,2797.5,2797.75,2797.5,2797.75,100,ES.v.0
2019-03-01 07:56:00+00:00,33,1,18720,2797.75,2797.75,2797.25,2797.5,127,ES.v.0
2019-03-01 07:57:00+00:00,33,1,18720,2797.5,2797.75,2797.25,2797.75,20,ES.v.0
2019-03-01 07:58:00+00:00,33,1,18720,2797.75,2797.75,2797.5,2797.5,3,ES.v.0
2019-03-01 07:59:00+00:00,33,1,18720,2797.5,2798.25,2797.5,2798.25,255,ES.v.0
2019-03-01 08:00:00+00:00,33,1,18720,2798.25,2798.25,2796.75,2796.75,909,ES.v.0
2019-03-01 08:01:00+00:00,33,1,18720,2796.75,2797.25,2796.75,2797.0,397,ES.v.0
2019-03-01 08:02:00+00:00,33,1,18720,2796.75,2797.0,2796.5,2796.75,253,ES.v.0
2019-03-01 08:03:00+00:00,33,1,18720,2796.75,2797.0,2796.5,2796.75,225,ES.v.0
2019-03-01 08:04:00+00:00,33,1,18720,2796.5,2797.0,2796.25,2797.0,384,ES.v.0
2019-03-01 08:05:00+00:00,33,1,18720,2796.75,2797.25,2796.75,2797.0,514,ES.v.0
2019-03-01 08:06:00+00:00,33,1,18720,2797.0,2797.25,2796.5,2796.75,370,ES.v.0
2019-03-01 08:07:00+00:00,33,1,18720,2796.5,2796.5,2796.0,2796.25,368,ES.v.0
2019-03-01 08:08:00+00:00,33,1,18720,2796.25,2796.5,2796.0,2796.25,196,ES.v.0
2019-03-01 08:09:00+00:00,33,1,18720,2796.0,2796.25,2796.0,2796.25,276,ES.v.0
2019-03-01 08:10:00+00:00,33,1,18720,2796.25,2796.25,2796.0,2796.25,133,ES.v.0
2019-03-01 08:11:00+00:00,33,1,18720,2796.0,2796.25,2795.75,2796.0,425,ES.v.0
2019-03-01 08:12:00+00:00,33,1,18720,2795.75,2796.0,2795.5,2796.0,372,ES.v.0
2019-03-01 08:13:00+00:00,33,1,18720,2796.0,2796.0,2795.75,2796.0,199,ES.v.0
2019-03-01 08:14:00+00:00,33,1,18720,2795.75,2796.25,2795.75,2795.75,111,ES.v.0
2019-03-01 08:15:00+00:00,33,1,18720,2795.75,2796.0,2795.5,2795.5,608,ES.v.0
2019-03-01 08:16:00+00:00,33,1,18720,2795.5,2795.75,2795.25,2795.5,286,ES.v.0
2019-03-01 08:17:00+00:00,33,1,18720,2795.25,2796.25,2795.25,2796.0,653,ES.v.0
2019-03-01 08:18:00+00:00,33,1,18720,2796.0,2796.25,2795.75,2795.75,239,ES.v.0
2019-03-01 08:19:00+00:00,33,1,18720,2795.75,2796.25,2795.75,2796.0,292,ES.v.0
2019-03-01 08:20:00+00:00,33,1,18720,2796.25,2796.5,2796.0,2796.5,477,ES.v.0
2019-03-01 08:21:00+00:00,33,1,18720,2796.5,2796.75,2796.25,2796.75,335,ES.v.0
2019-03-01 08:22:00+00:00,33,1,18720,2796.75,2797.25,2796.5,2796.5,454,ES.v.0
2019-03-01 08:23:00+00:00,33,1,18720,2796.75,2797.0,2796.5,2796.75,286,ES.v.0
2019-03-01 08:24:00+00:00,33,1,18720,2796.75,2797.0,2796.5,2797.0,99,ES.v.0
2019-03-01 08:25:00+00:00,33,1,18720,2796.75,2797.0,2796.75,2796.75,276,ES.v.0
2019-03-01 08:26:00+00:00,33,1,18720,2796.75,2796.75,2796.5,2796.75,170,ES.v.0
2019-03-01 08:27:00+00:00,33,1,18720,2796.75,2796.75,2796.5,2796.5,140,ES.v.0
2019-03-01 08:28:00+00:00,33,1,18720,2796.5,2796.75,2796.0,2796.25,544,ES.v.0
2019-03-01 08:29:00+00:00,33,1,18720,2796.25,2796.5,2796.25,2796.5,56,ES.v.0
2019-03-01 08:30:00+00:00,33,1,18720,2796.5,2797.5,2796.5,2797.5,625,ES.v.0
2019-03-01 08:31:00+00:00,33,1,18720,2797.5,2797.5,2797.25,2797.25,54,ES.v.0
2019-03-01 08:32:00+00:00,33,1,18720,2797.25,2797.5,2797.25,2797.25,289,ES.v.0
2019-03-01 08:33:00+00:00,33,1,18720,2797.25,2797.75,2797.25,2797.5,131,ES.v.0
2019-03-01 08:34:00+00:00,33,1,18720,2797.5,2797.5,2797.25,2797.5,139,ES.v.0
2019-03-01 08:35:00+00:00,33,1,18720,2797.25,2797.5,2797.0,2797.5,211,ES.v.0
2019-03-01 08:36:00+00:00,33,1,18720,2797.25,2797.25,2797.25,2797.25,51,ES.v.0
2019-03-01 08:37:00+00:00,33,1,18720,2797.0,2797.0,2796.75,2796.75,707,ES.v.0
2019-03-01 08:38:00+00:00,33,1,18720,2796.75,2796.75,2796.5,2796.75,91,ES.v.0
2019-03-01 08:39:00+00:00,33,1,18720,2796.5,2796.75,2796.25,2796.5,269,ES.v.0
2019-03-01 08:40:00+00:00,33,1,18720,2796.5,2797.0,2796.5,2797.0,173,ES.v.0
2019-03-01 08:41:00+00:00,33,1,18720,2797.0,2797.25,2797.0,2797.0,208,ES.v.0
2019-03-01 08:42:00+00:00,33,1,18720,2797.0,2797.25,2797.0,2797.25,125,ES.v.0
2019-03-01 08:43:00+00:00,33,1,18720,2797.0,2797.5,2797.0,2797.5,177,ES.v.0
2019-03-01 08:44:00+00:00,33,1,18720,2797.5,2798.0,2797.5,2798.0,434,ES.v.0
2019-03-01 08:45:00+00:00,33,1,18720,2798.25,2799.25,2798.0,2798.75,1246,ES.v.0
2019-03-01 08:46:00+00:00,33,1,18720,2798.75,2799.5,2798.75,2799.25,361,ES.v.0
2019-03-01 08:47:00+00:00,33,1,18720,2799.0,2799.5,2799.0,2799.25,338,ES.v.0
2019-03-01 08:48:00+00:00,33,1,18720,2799.5,2801.0,2799.5,2800.5,2021,ES.v.0
2019-03-01 08:49:00+00:00,33,1,18720,2800.5,2801.25,2800.5,2800.5,633,ES.v.0
2019-03-01 08:50:00+00:00,33,1,18720,2800.75,2801.25,2800.5,2801.0,457,ES.v.0
2019-03-01 08:51:00+00:00,33,1,18720,2801.25,2801.25,2800.75,2801.0,538,ES.v.0
2019-03-01 08:52:00+00:00,33,1,18720,2801.25,2801.5,2801.0,2801.25,496,ES.v.0
2019-03-01 08:53:00+00:00,33,1,18720,2801.25,2801.5,2801.0,2801.0,299,ES.v.0
2019-03-01 08:54:00+00:00,33,1,18720,2801.0,2801.25,2800.75,2801.0,505,ES.v.0
2019-03-01 08:55:00+00:00,33,1,18720,2801.0,2801.0,2800.5,2800.5,270,ES.v.0
2019-03-01 08:56:00+00:00,33,1,18720,2800.75,2800.75,2800.5,2800.5,111,ES.v.0
2019-03-01 08:57:00+00:00,33,1,18720,2800.75,2801.25,2800.75,2801.0,302,ES.v.0
2019-03-01 08:58:00+00:00,33,1,18720,2801.0,2801.0,2800.75,2800.75,295,ES.v.0
2019-03-01 08:59:00+00:00,33,1,18720,2800.75,2800.75,2800.5,2800.5,148,ES.v.0
2019-03-01 09:00:00+00:00,33,1,18720,2800.75,2801.5,2800.5,2801.25,489,ES.v.0
2019-03-01 09:01:00+00:00,33,1,18720,2801.25,2801.25,2800.75,2801.0,145,ES.v.0
2019-03-01 09:02:00+00:00,33,1,18720,2801.0,2801.25,2800.75,2801.0,372,ES.v.0
2019-03-01 09:03:00+00:00,33,1,18720,2800.75,2801.0,2800.75,2801.0,145,ES.v.0
2019-03-01 09:04:00+00:00,33,1,18720,2800.75,2800.75,2800.25,2800.25,243,ES.v.0
2019-03-01 09:05:00+00:00,33,1,18720,2800.25,2800.75,2800.0,2800.75,340,ES.v.0
2019-03-01 09:06:00+00:00,33,1,18720,2800.5,2801.0,2800.5,2801.0,307,ES.v.0
2019-03-01 09:07:00+00:00,33,1,18720,2801.0,2801.0,2800.75,2800.75,60,ES.v.0
2019-03-01 09:08:00+00:00,33,1,18720,2800.75,2801.0,2800.5,2800.75,322,ES.v.0
2019-03-01 09:09:00+00:00,33,1,18720,2800.75,2801.25,2800.75,2801.0,153,ES.v.0
2019-03-01 09:10:00+00:00,33,1,18720,2801.0,2801.0,2800.5,2800.5,159,ES.v.0
2019-03-01 09:11:00+00:00,33,1,18720,2800.75,2801.0,2800.75,2801.0,47,ES.v.0
2019-03-01 09:12:00+00:00,33,1,18720,2801.0,2801.25,2801.0,2801.25,89,ES.v.0
2019-03-01 09:13:00+00:00,33,1,18720,2801.25,2801.25,2800.75,2801.0,196,ES.v.0
2019-03-01 09:14:00+00:00,33,1,18720,2800.75,2801.0,2800.5,2800.75,288,ES.v.0
2019-03-01 09:15:00+00:00,33,1,18720,2801.0,2801.25,2800.5,2801.0,249,ES.v.0
2019-03-01 09:16:00+00:00,33,1,18720,2801.0,2801.25,2801.0,2801.25,337,ES.v.0
2019-03-01 09:17:00+00:00,33,1,18720,2801.25,2801.5,2801.0,2801.0,316,ES.v.0
2019-03-01 09:18:00+00:00,33,1,18720,2801.25,2801.25,2800.75,2800.75,177,ES.v.0
2019-03-01 09:19:00+00:00,33,1,18720,2800.75,2801.0,2800.5,2800.5,69,ES.v.0
2019-03-01 09:20:00+00:00,33,1,18720,2800.5,2801.0,2800.5,2801.0,231,ES.v.0
2019-03-01 09:21:00+00:00,33,1,18720,2801.0,2801.0,2801.0,2801.0,92,ES.v.0
2019-03-01 09:22:00+00:00,33,1,18720,2800.75,2801.25,2800.75,2801.0,249,ES.v.0
2019-03-01 09:23:00+00:00,33,1,18720,2801.0,2801.5,2801.0,2801.0,360,ES.v.0
2019-03-01 09:24:00+00:00,33,1,18720,2801.25,2801.25,2801.0,2801.0,118,ES.v.0
2019-03-01 09:25:00+00:00,33,1,18720,2801.0,2801.25,2800.75,2801.25,137,ES.v.0
2019-03-01 09:26:00+00:00,33,1,18720,2801.25,2801.5,2801.25,2801.5,246,ES.v.0
2019-03-01 09:27:00+00:00,33,1,18720,2801.5,2801.75,2801.25,2801.5,218,ES.v.0
2019-03-01 09:28:00+00:00,33,1,18720,2801.75,2801.75,2801.25,2801.25,305,ES.v.0
2019-03-01 09:29:00+00:00,33,1,18720,2801.25,2801.75,2801.25,2801.75,249,ES.v.0
2019-03-01 09:30:00+00:00,33,1,18720,2801.75,2801.75,2801.5,2801.5,553,ES.v.0
2019-03-01 09:31:00+00:00,33,1,18720,2801.75,2802.5,2801.5,2802.0,2185,ES.v.0
2019-03-01 09:32:00+00:00,33,1,18720,2802.0,2802.25,2801.75,2802.25,329,ES.v.0
2019-03-01 09:33:00+00:00,33,1,18720,2802.5,2802.5,2802.0,2802.0,153,ES.v.0
2019-03-01 09:34:00+00:00,33,1,18720,2802.25,2802.25,2802.0,2802.0,100,ES.v.0
2019-03-01 09:35:00+00:00,33,1,18720,2802.0,2802.0,2801.5,2801.75,318,ES.v.0
2019-03-01 09:36:00+00:00,33,1,18720,2801.75,2802.0,2801.5,2801.75,338,ES.v.0
2019-03-01 09:37:00+00:00,33,1,18720,2801.75,2802.25,2801.75,2802.0,164,ES.v.0
2019-03-01 09:38:00+00:00,33,1,18720,2802.0,2802.0,2801.75,2802.0,132,ES.v.0
2019-03-01 09:39:00+00:00,33,1,18720,2801.75,2802.0,2801.5,2801.75,232,ES.v.0
2019-03-01 09:40:00+00:00,33,1,18720,2801.5,2801.75,2801.5,2801.5,143,ES.v.0
2019-03-01 09:41:00+00:00,33,1,18720,2801.75,2802.0,2801.75,2801.75,144,ES.v.0
2019-03-01 09:42:00+00:00,33,1,18720,2801.75,2801.75,2801.5,2801.75,269,ES.v.0
2019-03-01 09:43:00+00:00,33,1,18720,2801.75,2801.75,2801.5,2801.5,281,ES.v.0
2019-03-01 09:44:00+00:00,33,1,18720,2801.5,2801.75,2801.25,2801.5,859,ES.v.0
2019-03-01 09:45:00+00:00,33,1,18720,2801.5,2801.75,2801.25,2801.5,136,ES.v.0
2019-03-01 09:46:00+00:00,33,1,18720,2801.5,2801.5,2800.75,2801.25,263,ES.v.0
2019-03-01 09:47:00+00:00,33,1,18720,2801.0,2801.25,2800.75,2801.25,338,ES.v.0
2019-03-01 09:48:00+00:00,33,1,18720,2801.25,2801.5,2801.25,2801.5,139,ES.v.0
2019-03-01 09:49:00+00:00,33,1,18720,2801.75,2802.0,2801.5,2801.5,390,ES.v.0
2019-03-01 09:50:00+00:00,33,1,18720,2801.75,2801.75,2801.0,2801.25,171,ES.v.0
2019-03-01 09:51:00+00:00,33,1,18720,2801.25,2801.25,2800.75,2800.75,189,ES.v.0
2019-03-01 09:52:00+00:00,33,1,18720,2801.0,2801.0,2800.5,2800.75,275,ES.v.0
2019-03-01 09:53:00+00:00,33,1,18720,2800.75,2800.75,2800.5,2800.5,248,ES.v.0
2019-03-01 09:54:00+00:00,33,1,18720,2800.25,2800.5,2800.25,2800.5,259,ES.v.0
2019-03-01 09:55:00+00:00,33,1,18720,2800.5,2800.5,2800.25,2800.25,111,ES.v.0
2019-03-01 09:56:00+00:00,33,1,18720,2800.25,2800.75,2800.0,2800.75,284,ES.v.0
2019-03-01 09:57:00+00:00,33,1,18720,2800.75,2801.0,2800.75,2801.0,105,ES.v.0
2019-03-01 09:58:00+00:00,33,1,18720,2801.0,2801.0,2800.5,2800.5,140,ES.v.0
2019-03-01 09:59:00+00:00,33,1,18720,2800.75,2800.75,2800.25,2800.5,203,ES.v.0
2019-03-01 10:00:00+00:00,33,1,18720,2800.75,2800.75,2800.25,2800.75,116,ES.v.0
2019-03-01 10:01:00+00:00,33,1,18720,2800.75,2801.0,2800.75,2800.75,202,ES.v.0
2019-03-01 10:02:00+00:00,33,1,18720,2800.75,2801.0,2800.5,2800.5,183,ES.v.0
2019-03-01 10:03:00+00:00,33,1,18720,2800.25,2801.0,2800.25,2801.0,374,ES.v.0
2019-03-01 10:04:00+00:00,33,1,18720,2801.0,2801.0,2800.75,2801.0,171,ES.v.0
2019-03-01 10:05:00+00:00,33,1,18720,2801.0,2801.0,2800.5,2800.5,247,ES.v.0
2019-03-01 10:06:00+00:00,33,1,18720,2800.5,2800.5,2800.25,2800.5,195,ES.v.0
2019-03-01 10:07:00+00:00,33,1,18720,2800.75,2801.0,2800.75,2801.0,77,ES.v.0
2019-03-01 10:08:00+00:00,33,1,18720,2801.0,2801.0,2801.0,2801.0,115,ES.v.0
2019-03-01 10:09:00+00:00,33,1,18720,2801.0,2801.25,2800.5,2801.0,234,ES.v.0
2019-03-01 10:10:00+00:00,33,1,18720,2800.75,2801.0,2800.75,2801.0,66,ES.v.0
2019-03-01 10:11:00+00:00,33,1,18720,2800.75,2801.0,2800.75,2801.0,172,ES.v.0
2019-03-01 10:12:00+00:00,33,1,18720,2801.0,2801.0,2800.75,2801.0,55,ES.v.0
2019-03-01 10:13:00+00:00,33,1,18720,2801.0,2801.0,2800.5,2800.75,156,ES.v.0
2019-03-01 10:14:00+00:00,33,1,18720,2800.75,2800.75,2800.0,2800.25,276,ES.v.0
2019-03-01 10:15:00+00:00,33,1,18720,2800.5,2800.5,2800.25,2800.5,132,ES.v.0
2019-03-01 10:16:00+00:00,33,1,18720,2800.5,2800.5,2800.0,2800.25,145,ES.v.0
2019-03-01 10:17:00+00:00,33,1,18720,2800.25,2800.5,2800.25,2800.5,123,ES.v.0
2019-03-01 10:18:00+00:00,33,1,18720,2800.75,2800.75,2800.5,2800.5,248,ES.v.0
2019-03-01 10:19:00+00:00,33,1,18720,2800.75,2801.0,2800.5,2800.75,170,ES.v.0
2019-03-01 10:20:00+00:00,33,1,18720,2800.75,2800.75,2800.25,2800.5,170,ES.v.0
2019-03-01 10:21:00+00:00,33,1,18720,2800.5,2801.0,2800.25,2801.0,666,ES.v.0
2019-03-01 10:22:00+00:00,33,1,18720,2800.75,2801.0,2800.75,2801.0,64,ES.v.0
2019-03-01 10:23:00+00:00,33,1,18720,2801.0,2801.25,2801.0,2801.25,83,ES.v.0
2019-03-01 10:24:00+00:00,33,1,18720,2801.25,2801.25,2800.75,2801.0,135,ES.v.0
2019-03-01 10:25:00+00:00,33,1,18720,2800.75,2801.0,2800.75,2800.75,65,ES.v.0
2019-03-01 10:26:00+00:00,33,1,18720,2800.5,2801.0,2800.5,2800.75,87,ES.v.0
2019-03-01 10:27:00+00:00,33,1,18720,2800.5,2800.75,2800.5,2800.5,173,ES.v.0
2019-03-01 10:28:00+00:00,33,1,18720,2800.75,2801.0,2800.75,2801.0,195,ES.v.0
2019-03-01 10:29:00+00:00,33,1,18720,2801.25,2801.25,2801.0,2801.0,131,ES.v.0
2019-03-01 10:30:00+00:00,33,1,18720,2801.0,2801.0,2800.75,2801.0,86,ES.v.0
2019-03-01 10:31:00+00:00,33,1,18720,2801.0,2801.25,2800.75,2801.25,79,ES.v.0
2019-03-01 10:32:00+00:00,33,1,18720,2801.25,2801.25,2800.5,2800.5,183,ES.v.0
2019-03-01 10:33:00+00:00,33,1,18720,2800.75,2800.75,2800.5,2800.5,101,ES.v.0
2019-03-01 10:34:00+00:00,33,1,18720,2800.75,2800.75,2800.75,2800.75,98,ES.v.0
2019-03-01 10:35:00+00:00,33,1,18720,2800.75,2800.75,2800.25,2800.25,125,ES.v.0
2019-03-01 10:36:00+00:00,33,1,18720,2800.5,2800.5,2800.0,2800.0,60,ES.v.0
2019-03-01 10:37:00+00:00,33,1,18720,2800.25,2800.25,2799.75,2799.75,129,ES.v.0
2019-03-01 10:38:00+00:00,33,1,18720,2799.75,2799.75,2799.5,2799.75,269,ES.v.0
2019-03-01 10:39:00+00:00,33,1,18720,2799.75,2800.25,2799.75,2800.25,223,ES.v.0
2019-03-01 10:40:00+00:00,33,1,18720,2800.25,2800.5,2800.25,2800.5,79,ES.v.0
2019-03-01 10:41:00+00:00,33,1,18720,2800.5,2800.5,2800.25,2800.5,230,ES.v.0
2019-03-01 10:42:00+00:00,33,1,18720,2800.25,2800.5,2800.25,2800.5,84,ES.v.0
2019-03-01 10:43:00+00:00,33,1,18720,2800.25,2800.5,2800.25,2800.5,141,ES.v.0
2019-03-01 10:44:00+00:00,33,1,18720,2800.5,2801.0,2800.5,2800.75,234,ES.v.0
2019-03-01 10:45:00+00:00,33,1,18720,2800.5,2800.75,2800.5,2800.75,186,ES.v.0
2019-03-01 10:46:00+00:00,33,1,18720,2800.5,2801.0,2800.5,2801.0,130,ES.v.0
2019-03-01 10:47:00+00:00,33,1,18720,2801.0,2801.0,2800.75,2801.0,80,ES.v.0
2019-03-01 10:48:00+00:00,33,1,18720,2800.75,2801.0,2800.75,2800.75,88,ES.v.0
2019-03-01 10:49:00+00:00,33,1,18720,2800.75,2801.0,2800.75,2800.75,196,ES.v.0
2019-03-01 10:50:00+00:00,33,1,18720,2800.75,2801.0,2800.75,2801.0,166,ES.v.0
2019-03-01 10:51:00+00:00,33,1,18720,2801.25,2801.5,2801.0,2801.25,325,ES.v.0
2019-03-01 10:52:00+00:00,33,1,18720,2801.25,2801.25,2801.0,2801.25,218,ES.v.0
2019-03-01 10:53:00+00:00,33,1,18720,2801.0,2801.25,2801.0,2801.0,83,ES.v.0
2019-03-01 10:54:00+00:00,33,1,18720,2801.0,2801.0,2800.5,2800.5,575,ES.v.0
2019-03-01 10:55:00+00:00,33,1,18720,2800.75,2800.75,2800.5,2800.5,30,ES.v.0
2019-03-01 10:56:00+00:00,33,1,18720,2800.5,2800.75,2800.5,2800.75,247,ES.v.0
2019-03-01 10:57:00+00:00,33,1,18720,2800.75,2801.0,2800.5,2800.75,219,ES.v.0
2019-03-01 10:58:00+00:00,33,1,18720,2800.5,2801.25,2800.5,2801.25,322,ES.v.0
2019-03-01 10:59:00+00:00,33,1,18720,2801.25,2801.25,2801.0,2801.0,73,ES.v.0
2019-03-01 11:00:00+00:00,33,1,18720,2801.0,2801.25,2800.75,2801.0,158,ES.v.0
2019-03-01 11:01:00+00:00,33,1,18720,2801.0,2801.0,2800.5,2800.5,325,ES.v.0
2019-03-01 11:02:00+00:00,33,1,18720,2800.5,2800.75,2800.5,2800.5,39,ES.v.0
2019-03-01 11:03:00+00:00,33,1,18720,2800.75,2800.75,2800.5,2800.75,111,ES.v.0
2019-03-01 11:04:00+00:00,33,1,18720,2800.5,2800.75,2800.25,2800.5,333,ES.v.0
2019-03-01 11:05:00+00:00,33,1,18720,2800.25,2800.5,2800.0,2800.5,319,ES.v.0
2019-03-01 11:06:00+00:00,33,1,18720,2800.5,2800.5,2800.0,2800.25,446,ES.v.0
2019-03-01 11:07:00+00:00,33,1,18720,2800.25,2800.5,2800.25,2800.25,106,ES.v.0
2019-03-01 11:08:00+00:00,33,1,18720,2800.25,2800.5,2800.25,2800.25,390,ES.v.0
2019-03-01 11:09:00+00:00,33,1,18720,2800.25,2800.5,2800.25,2800.5,119,ES.v.0
2019-03-01 11:10:00+00:00,33,1,18720,2800.25,2800.5,2800.25,2800.5,11,ES.v.0
2019-03-01 11:11:00+00:00,33,1,18720,2800.5,2801.0,2800.5,2800.5,265,ES.v.0
2019-03-01 11:12:00+00:00,33,1,18720,2800.5,2801.0,2800.5,2800.75,127,ES.v.0
2019-03-01 11:13:00+00:00,33,1,18720,2801.0,2801.0,2800.75,2801.0,186,ES.v.0
2019-03-01 11:14:00+00:00,33,1,18720,2800.75,2801.0,2800.5,2801.0,184,ES.v.0
2019-03-01 11:15:00+00:00,33,1,18720,2800.75,2800.75,2800.75,2800.75,52,ES.v.0
2019-03-01 11:16:00+00:00,33,1,18720,2800.5,2800.75,2800.5,2800.5,49,ES.v.0
2019-03-01 11:17:00+00:00,33,1,18720,2800.5,2800.75,2800.5,2800.75,71,ES.v.0
2019-03-01 11:18:00+00:00,33,1,18720,2801.0,2801.25,2801.0,2801.25,472,ES.v.0
2019-03-01 11:19:00+00:00,33,1,18720,2801.25,2801.25,2801.0,2801.25,62,ES.v.0
2019-03-01 11:20:00+00:00,33,1,18720,2801.25,2801.25,2801.0,2801.25,70,ES.v.0
2019-03-01 11:21:00+00:00,33,1,18720,2801.25,2801.25,2801.0,2801.0,147,ES.v.0
2019-03-01 11:22:00+00:00,33,1,18720,2801.0,2801.5,2801.0,2801.25,387,ES.v.0
2019-03-01 11:23:00+00:00,33,1,18720,2801.5,2801.5,2801.25,2801.5,393,ES.v.0
2019-03-01 11:24:00+00:00,33,1,18720,2801.5,2801.5,2801.25,2801.5,216,ES.v.0
2019-03-01 11:25:00+00:00,33,1,18720,2801.5,2801.5,2801.5,2801.5,205,ES.v.0
2019-03-01 11:26:00+00:00,33,1,18720,2801.5,2801.5,2801.0,2801.0,385,ES.v.0
2019-03-01 11:27:00+00:00,33,1,18720,2800.75,2801.0,2800.75,2801.0,331,ES.v.0
2019-03-01 11:28:00+00:00,33,1,18720,2801.25,2801.25,2801.0,2801.0,51,ES.v.0
2019-03-01 11:29:00+00:00,33,1,18720,2801.0,2801.25,2801.0,2801.0,231,ES.v.0
2019-03-01 11:30:00+00:00,33,1,18720,2801.25,2801.25,2801.25,2801.25,70,ES.v.0
2019-03-01 11:31:00+00:00,33,1,18720,2801.0,2801.5,2801.0,2801.5,197,ES.v.0
2019-03-01 11:32:00+00:00,33,1,18720,2801.5,2801.75,2801.5,2801.75,139,ES.v.0
2019-03-01 11:33:00+00:00,33,1,18720,2801.75,2801.75,2801.25,2801.5,102,ES.v.0
2019-03-01 11:34:00+00:00,33,1,18720,2801.5,2801.5,2801.25,2801.5,124,ES.v.0
2019-03-01 11:35:00+00:00,33,1,18720,2801.25,2801.25,2801.25,2801.25,156,ES.v.0
2019-03-01 11:36:00+00:00,33,1,18720,2801.25,2801.5,2801.0,2801.0,273,ES.v.0
2019-03-01 11:37:00+00:00,33,1,18720,2801.25,2801.25,2801.0,2801.0,46,ES.v.0
2019-03-01 11:38:00+00:00,33,1,18720,2801.25,2801.25,2801.0,2801.25,110,ES.v.0
2019-03-01 11:39:00+00:00,33,1,18720,2801.25,2801.5,2801.25,2801.25,478,ES.v.0
2019-03-01 11:40:00+00:00,33,1,18720,2801.5,2801.5,2801.25,2801.25,133,ES.v.0
2019-03-01 11:41:00+00:00,33,1,18720,2801.25,2801.5,2801.25,2801.5,82,ES.v.0
2019-03-01 11:42:00+00:00,33,1,18720,2801.75,2801.75,2801.5,2801.75,350,ES.v.0
2019-03-01 11:43:00+00:00,33,1,18720,2801.5,2801.75,2801.5,2801.5,347,ES.v.0
2019-03-01 11:44:00+00:00,33,1,18720,2801.75,2801.75,2801.5,2801.5,185,ES.v.0
2019-03-01 11:45:00+00:00,33,1,18720,2801.5,2801.75,2801.5,2801.75,179,ES.v.0
2019-03-01 11:46:00+00:00,33,1,18720,2801.75,2801.75,2801.75,2801.75,6,ES.v.0
2019-03-01 11:47:00+00:00,33,1,18720,2801.5,2801.75,2801.5,2801.5,179,ES.v.0
2019-03-01 11:48:00+00:00,33,1,18720,2801.5,2801.75,2801.5,2801.75,135,ES.v.0
2019-03-01 11:49:00+00:00,33,1,18720,2801.75,2802.0,2801.75,2802.0,203,ES.v.0
2019-03-01 11:50:00+00:00,33,1,18720,2801.75,2802.0,2801.75,2802.0,400,ES.v.0
2019-03-01 11:51:00+00:00,33,1,18720,2802.0,2802.0,2801.75,2802.0,39,ES.v.0
2019-03-01 11:52:00+00:00,33,1,18720,2802.0,2802.0,2801.75,2802.0,13,ES.v.0
2019-03-01 11:53:00+00:00,33,1,18720,2802.0,2802.25,2801.75,2801.75,793,ES.v.0
2019-03-01 11:54:00+00:00,33,1,18720,2801.75,2802.0,2801.75,2802.0,58,ES.v.0
2019-03-01 11:55:00+00:00,33,1,18720,2802.0,2802.0,2801.75,2802.0,332,ES.v.0
2019-03-01 11:56:00+00:00,33,1,18720,2802.0,2802.0,2801.75,2802.0,152,ES.v.0
2019-03-01 11:57:00+00:00,33,1,18720,2802.0,2802.0,2801.75,2801.75,181,ES.v.0
2019-03-01 11:58:00+00:00,33,1,18720,2801.75,2802.0,2801.5,2802.0,219,ES.v.0
2019-03-01 11:59:00+00:00,33,1,18720,2802.0,2802.0,2801.75,2802.0,102,ES.v.0
2019-03-01 12:00:00+00:00,33,1,18720,2801.75,2802.0,2801.75,2801.75,389,ES.v.0
2019-03-01 12:01:00+00:00,33,1,18720,2801.75,2802.0,2801.5,2801.75,277,ES.v.0
2019-03-01 12:02:00+00:00,33,1,18720,2801.75,2802.25,2801.75,2802.25,228,ES.v.0
2019-03-01 12:03:00+00:00,33,1,18720,2802.25,2802.5,2802.0,2802.5,596,ES.v.0
2019-03-01 12:04:00+00:00,33,1,18720,2802.5,2802.5,2802.25,2802.25,211,ES.v.0
2019-03-01 12:05:00+00:00,33,1,18720,2802.25,2802.5,2802.25,2802.5,163,ES.v.0
2019-03-01 12:06:00+00:00,33,1,18720,2802.75,2802.75,2802.5,2802.75,316,ES.v.0
2019-03-01 12:07:00+00:00,33,1,18720,2802.75,2803.0,2802.5,2802.75,470,ES.v.0
2019-03-01 12:08:00+00:00,33,1,18720,2803.0,2803.25,2802.75,2803.25,256,ES.v.0
2019-03-01 12:09:00+00:00,33,1,18720,2803.0,2803.25,2802.75,2803.0,259,ES.v.0
2019-03-01 12:10:00+00:00,33,1,18720,2802.75,2803.0,2802.25,2802.25,1444,ES.v.0
2019-03-01 12:11:00+00:00,33,1,18720,2802.25,2802.25,2801.75,2801.75,294,ES.v.0
2019-03-01 12:12:00+00:00,33,1,18720,2801.75,2802.5,2801.75,2802.5,710,ES.v.0
2019-03-01 12:13:00+00:00,33,1,18720,2802.5,2802.5,2802.25,2802.5,101,ES.v.0
2019-03-01 12:14:00+00:00,33,1,18720,2802.5,2802.5,2802.0,2802.0,374,ES.v.0
2019-03-01 12:15:00+00:00,33,1,18720,2802.0,2802.0,2801.75,2802.0,231,ES.v.0
2019-03-01 12:16:00+00:00,33,1,18720,2802.0,2802.25,2801.5,2801.75,353,ES.v.0
2019-03-01 12:17:00+00:00,33,1,18720,2801.75,2801.75,2801.5,2801.5,153,ES.v.0
2019-03-01 12:18:00+00:00,33,1,18720,2801.75,2801.75,2801.25,2801.5,255,ES.v.0
2019-03-01 12:19:00+00:00,33,1,18720,2801.5,2801.75,2801.5,2801.75,72,ES.v.0
2019-03-01 12:20:00+00:00,33,1,18720,2801.75,2801.75,2801.5,2801.5,196,ES.v.0
2019-03-01 12:21:00+00:00,33,1,18720,2801.75,2802.0,2801.5,2802.0,88,ES.v.0
2019-03-01 12:22:00+00:00,33,1,18720,2801.75,2802.0,2801.75,2802.0,10,ES.v.0
2019-03-01 12:23:00+00:00,33,1,18720,2802.0,2802.25,2802.0,2802.25,129,ES.v.0
2019-03-01 12:24:00+00:00,33,1,18720,2802.25,2802.25,2802.0,2802.25,22,ES.v.0
2019-03-01 12:25:00+00:00,33,1,18720,2802.25,2802.5,2802.25,2802.5,117,ES.v.0
2019-03-01 12:26:00+00:00,33,1,18720,2802.5,2802.5,2802.25,2802.5,335,ES.v.0
2019-03-01 12:27:00+00:00,33,1,18720,2802.5,2802.5,2802.25,2802.5,71,ES.v.0
2019-03-01 12:28:00+00:00,33,1,18720,2802.5,2802.5,2802.0,2802.25,387,ES.v.0
2019-03-01 12:29:00+00:00,33,1,18720,2802.25,2802.25,2801.75,2801.75,174,ES.v.0
2019-03-01 12:30:00+00:00,33,1,18720,2801.75,2802.0,2801.5,2801.75,131,ES.v.0
2019-03-01 12:31:00+00:00,33,1,18720,2802.0,2802.25,2801.75,2802.25,378,ES.v.0
2019-03-01 12:32:00+00:00,33,1,18720,2802.25,2802.25,2802.0,2802.25,216,ES.v.0
2019-03-01 12:33:00+00:00,33,1,18720,2802.25,2802.5,2802.0,2802.5,219,ES.v.0
2019-03-01 12:34:00+00:00,33,1,18720,2802.5,2802.5,2802.25,2802.5,35,ES.v.0
2019-03-01 12:35:00+00:00,33,1,18720,2802.5,2802.75,2802.25,2802.75,150,ES.v.0
2019-03-01 12:36:00+00:00,33,1,18720,2802.75,2802.75,2802.5,2802.75,215,ES.v.0
2019-03-01 12:37:00+00:00,33,1,18720,2803.0,2803.0,2802.5,2802.5,143,ES.v.0
2019-03-01 12:38:00+00:00,33,1,18720,2802.5,2802.75,2802.5,2802.5,261,ES.v.0
2019-03-01 12:39:00+00:00,33,1,18720,2802.5,2802.75,2802.5,2802.5,184,ES.v.0
2019-03-01 12:40:00+00:00,33,1,18720,2802.5,2802.75,2802.5,2802.5,420,ES.v.0
2019-03-01 12:41:00+00:00,33,1,18720,2802.5,2802.5,2802.25,2802.5,247,ES.v.0
2019-03-01 12:42:00+00:00,33,1,18720,2802.5,2802.5,2802.0,2802.0,131,ES.v.0
2019-03-01 12:43:00+00:00,33,1,18720,2802.25,2802.5,2801.75,2802.5,237,ES.v.0
2019-03-01 12:44:00+00:00,33,1,18720,2802.5,2802.5,2802.0,2802.5,1238,ES.v.0
2019-03-01 12:45:00+00:00,33,1,18720,2802.5,2802.5,2802.25,2802.25,216,ES.v.0
2019-03-01 12:46:00+00:00,33,1,18720,2802.5,2802.75,2802.5,2802.75,177,ES.v.0
2019-03-01 12:47:00+00:00,33,1,18720,2802.75,2802.75,2802.25,2802.25,86,ES.v.0
2019-03-01 12:48:00+00:00,33,1,18720,2802.25,2803.25,2802.25,2803.25,473,ES.v.0
2019-03-01 12:49:00+00:00,33,1,18720,2803.25,2803.25,2802.5,2802.75,745,ES.v.0
2019-03-01 12:50:00+00:00,33,1,18720,2802.5,2802.5,2802.0,2802.0,321,ES.v.0
2019-03-01 12:51:00+00:00,33,1,18720,2802.0,2802.0,2801.75,2801.75,94,ES.v.0
2019-03-01 12:52:00+00:00,33,1,18720,2802.0,2802.75,2802.0,2802.75,676,ES.v.0
2019-03-01 12:53:00+00:00,33,1,18720,2802.75,2802.75,2802.5,2802.75,137,ES.v.0
2019-03-01 12:54:00+00:00,33,1,18720,2802.75,2802.75,2802.25,2802.25,302,ES.v.0
2019-03-01 12:55:00+00:00,33,1,18720,2802.25,2802.5,2802.25,2802.25,283,ES.v.0
2019-03-01 12:56:00+00:00,33,1,18720,2802.25,2802.25,2802.0,2802.25,171,ES.v.0
2019-03-01 12:57:00+00:00,33,1,18720,2802.25,2802.5,2802.25,2802.25,673,ES.v.0
2019-03-01 12:58:00+00:00,33,1,18720,2802.5,2802.5,2802.25,2802.5,156,ES.v.0
2019-03-01 12:59:00+00:00,33,1,18720,2802.5,2802.5,2802.25,2802.5,42,ES.v.0
2019-03-01 13:00:00+00:00,33,1,18720,2802.25,2802.5,2802.0,2802.25,621,ES.v.0
2019-03-01 13:01:00+00:00,33,1,18720,2802.5,2802.5,2802.25,2802.25,168,ES.v.0
2019-03-01 13:02:00+00:00,33,1,18720,2802.25,2802.5,2802.25,2802.5,270,ES.v.0
2019-03-01 13:03:00+00:00,33,1,18720,2802.5,2802.75,2802.25,2802.75,243,ES.v.0
2019-03-01 13:04:00+00:00,33,1,18720,2802.75,2802.75,2802.5,2802.75,177,ES.v.0
2019-03-01 13:05:00+00:00,33,1,18720,2802.5,2802.75,2802.25,2802.75,600,ES.v.0
2019-03-01 13:06:00+00:00,33,1,18720,2802.75,2803.0,2802.75,2802.75,132,ES.v.0
2019-03-01 13:07:00+00:00,33,1,18720,2802.75,2803.25,2802.75,2803.25,240,ES.v.0
2019-03-01 13:08:00+00:00,33,1,18720,2803.0,2803.25,2802.25,2802.5,1104,ES.v.0
2019-03-01 13:09:00+00:00,33,1,18720,2802.5,2802.5,2802.0,2802.25,652,ES.v.0
2019-03-01 13:10:00+00:00,33,1,18720,2802.0,2802.25,2801.5,2801.75,355,ES.v.0
2019-03-01 13:11:00+00:00,33,1,18720,2802.0,2802.5,2801.75,2802.5,781,ES.v.0
2019-03-01 13:12:00+00:00,33,1,18720,2802.25,2802.25,2801.75,2802.0,250,ES.v.0
2019-03-01 13:13:00+00:00,33,1,18720,2802.0,2802.25,2801.75,2802.25,106,ES.v.0
2019-03-01 13:14:00+00:00,33,1,18720,2802.25,2802.5,2802.0,2802.25,263,ES.v.0
2019-03-01 13:15:00+00:00,33,1,18720,2802.0,2802.0,2801.25,2801.5,581,ES.v.0
2019-03-01 13:16:00+00:00,33,1,18720,2801.75,2801.75,2801.25,2801.25,293,ES.v.0
2019-03-01 13:17:00+00:00,33,1,18720,2801.25,2801.5,2801.0,2801.0,370,ES.v.0
2019-03-01 13:18:00+00:00,33,1,18720,2801.25,2801.25,2800.25,2800.25,1190,ES.v.0
2019-03-01 13:19:00+00:00,33,1,18720,2800.25,2800.5,2800.0,2800.0,670,ES.v.0
2019-03-01 13:20:00+00:00,33,1,18720,2800.0,2800.5,2800.0,2800.25,385,ES.v.0
2019-03-01 13:21:00+00:00,33,1,18720,2800.25,2800.5,2800.25,2800.25,289,ES.v.0
2019-03-01 13:22:00+00:00,33,1,18720,2800.25,2800.75,2800.0,2800.75,402,ES.v.0
2019-03-01 13:23:00+00:00,33,1,18720,2800.5,2800.75,2800.25,2800.5,543,ES.v.0
2019-03-01 13:24:00+00:00,33,1,18720,2800.5,2800.75,2800.5,2800.5,334,ES.v.0
2019-03-01 13:25:00+00:00,33,1,18720,2800.75,2801.0,2800.5,2801.0,414,ES.v.0
2019-03-01 13:26:00+00:00,33,1,18720,2801.0,2801.0,2800.5,2800.5,280,ES.v.0
2019-03-01 13:27:00+00:00,33,1,18720,2800.5,2800.5,2799.75,2800.25,533,ES.v.0
2019-03-01 13:28:00+00:00,33,1,18720,2800.0,2800.5,2800.0,2800.5,356,ES.v.0
2019-03-01 13:29:00+00:00,33,1,18720,2800.5,2800.75,2800.25,2800.25,325,ES.v.0
2019-03-01 13:30:00+00:00,33,1,18720,2800.25,2800.75,2800.0,2800.0,950,ES.v.0
2019-03-01 13:31:00+00:00,33,1,18720,2800.0,2801.0,2800.0,2801.0,907,ES.v.0
2019-03-01 13:32:00+00:00,33,1,18720,2801.0,2801.75,2800.75,2800.75,1033,ES.v.0
2019-03-01 13:33:00+00:00,33,1,18720,2800.75,2801.5,2800.75,2801.25,294,ES.v.0
2019-03-01 13:34:00+00:00,33,1,18720,2801.5,2801.5,2801.0,2801.0,437,ES.v.0
2019-03-01 13:35:00+00:00,33,1,18720,2801.0,2801.25,2801.0,2801.25,28,ES.v.0
2019-03-01 13:36:00+00:00,33,1,18720,2801.25,2801.25,2800.75,2801.0,400,ES.v.0
2019-03-01 13:37:00+00:00,33,1,18720,2800.75,2801.0,2800.75,2801.0,173,ES.v.0
2019-03-01 13:38:00+00:00,33,1,18720,2800.75,2801.0,2800.5,2800.75,303,ES.v.0
2019-03-01 13:39:00+00:00,33,1,18720,2800.75,2800.75,2800.25,2800.25,240,ES.v.0
2019-03-01 13:40:00+00:00,33,1,18720,2800.5,2800.5,2799.75,2800.5,273,ES.v.0
2019-03-01 13:41:00+00:00,33,1,18720,2800.5,2800.5,2800.0,2800.25,158,ES.v.0
2019-03-01 13:42:00+00:00,33,1,18720,2800.0,2800.5,2800.0,2800.25,151,ES.v.0
2019-03-01 13:43:00+00:00,33,1,18720,2800.5,2800.5,2799.75,2800.0,372,ES.v.0
2019-03-01 13:44:00+00:00,33,1,18720,2800.0,2800.25,2800.0,2800.0,211,ES.v.0
2019-03-01 13:45:00+00:00,33,1,18720,2800.25,2800.75,2800.0,2800.25,484,ES.v.0
2019-03-01 13:46:00+00:00,33,1,18720,2800.25,2800.5,2800.0,2800.25,276,ES.v.0
2019-03-01 13:47:00+00:00,33,1,18720,2800.0,2800.25,2799.75,2799.75,378,ES.v.0
2019-03-01 13:48:00+00:00,33,1,18720,2799.75,2800.5,2799.75,2800.0,378,ES.v.0
2019-03-01 13:49:00+00:00,33,1,18720,2799.75,2800.5,2799.75,2800.5,417,ES.v.0
2019-03-01 13:50:00+00:00,33,1,18720,2800.75,2800.75,2800.25,2800.5,221,ES.v.0
2019-03-01 13:51:00+00:00,33,1,18720,2800.5,2800.75,2800.25,2800.5,73,ES.v.0
2019-03-01 13:52:00+00:00,33,1,18720,2800.75,2801.0,2800.25,2800.25,281,ES.v.0
2019-03-01 13:53:00+00:00,33,1,18720,2800.5,2800.5,2800.25,2800.5,425,ES.v.0
2019-03-01 13:54:00+00:00,33,1,18720,2800.5,2801.0,2800.5,2801.0,127,ES.v.0
2019-03-01 13:55:00+00:00,33,1,18720,2801.0,2801.0,2800.5,2800.5,253,ES.v.0
2019-03-01 13:56:00+00:00,33,1,18720,2800.5,2800.75,2800.25,2800.5,170,ES.v.0
2019-03-01 13:57:00+00:00,33,1,18720,2800.5,2801.0,2800.5,2800.75,590,ES.v.0
2019-03-01 13:58:00+00:00,33,1,18720,2800.75,2801.0,2800.5,2801.0,379,ES.v.0
2019-03-01 13:59:00+00:00,33,1,18720,2801.0,2801.25,2800.75,2801.0,623,ES.v.0
2019-03-01 14:00:00+00:00,33,1,18720,2801.0,2801.25,2800.75,2801.25,156,ES.v.0
2019-03-01 14:01:00+00:00,33,1,18720,2801.25,2801.5,2801.0,2801.5,411,ES.v.0
2019-03-01 14:02:00+00:00,33,1,18720,2801.5,2801.5,2801.25,2801.25,74,ES.v.0
2019-03-01 14:03:00+00:00,33,1,18720,2801.25,2801.5,2801.25,2801.5,28,ES.v.0
2019-03-01 14:04:00+00:00,33,1,18720,2801.5,2801.5,2801.25,2801.5,74,ES.v.0
2019-03-01 14:05:00+00:00,33,1,18720,2801.25,2801.5,2801.0,2801.25,623,ES.v.0
2019-03-01 14:06:00+00:00,33,1,18720,2801.25,2801.25,2801.0,2801.0,387,ES.v.0
2019-03-01 14:07:00+00:00,33,1,18720,2801.0,2801.25,2801.0,2801.0,143,ES.v.0
2019-03-01 14:08:00+00:00,33,1,18720,2801.0,2801.0,2800.75,2801.0,188,ES.v.0
2019-03-01 14:09:00+00:00,33,1,18720,2800.75,2801.25,2800.5,2801.25,338,ES.v.0
2019-03-01 14:10:00+00:00,33,1,18720,2801.25,2801.25,2800.75,2800.75,124,ES.v.0
2019-03-01 14:11:00+00:00,33,1,18720,2800.75,2801.0,2800.5,2800.75,384,ES.v.0
2019-03-01 14:12:00+00:00,33,1,18720,2800.75,2801.0,2800.75,2801.0,309,ES.v.0
2019-03-01 14:13:00+00:00,33,1,18720,2801.0,2801.0,2800.75,2800.75,128,ES.v.0
2019-03-01 14:14:00+00:00,33,1,18720,2800.75,2801.0,2800.75,2800.75,399,ES.v.0
2019-03-01 14:15:00+00:00,33,1,18720,2801.0,2801.75,2800.75,2801.75,1366,ES.v.0
2019-03-01 14:16:00+00:00,33,1,18720,2801.75,2802.75,2801.75,2802.75,892,ES.v.0
2019-03-01 14:17:00+00:00,33,1,18720,2802.75,2802.75,2802.25,2802.25,388,ES.v.0
2019-03-01 14:18:00+00:00,33,1,18720,2802.25,2802.5,2802.0,2802.0,425,ES.v.0
2019-03-01 14:19:00+00:00,33,1,18720,2802.0,2802.25,2802.0,2802.0,619,ES.v.0
2019-03-01 14:20:00+00:00,33,1,18720,2802.25,2802.5,2802.0,2802.25,475,ES.v.0
2019-03-01 14:21:00+00:00,33,1,18720,2802.5,2802.5,2802.25,2802.25,152,ES.v.0
2019-03-01 14:22:00+00:00,33,1,18720,2802.5,2803.0,2802.5,2803.0,545,ES.v.0
2019-03-01 14:23:00+00:00,33,1,18720,2803.0,2804.0,2802.75,2803.5,1698,ES.v.0
2019-03-01 14:24:00+00:00,33,1,18720,2803.5,2804.5,2803.5,2804.25,1308,ES.v.0
2019-03-01 14:25:00+00:00,33,1,18720,2804.5,2804.5,2803.75,2804.0,1068,ES.v.0
2019-03-01 14:26:00+00:00,33,1,18720,2804.0,2804.5,2804.0,2804.0,1306,ES.v.0
2019-03-01 14:27:00+00:00,33,1,18720,2804.0,2804.25,2803.75,2804.25,613,ES.v.0
2019-03-01 14:28:00+00:00,33,1,18720,2804.0,2804.25,2803.75,2803.75,1034,ES.v.0
2019-03-01 14:29:00+00:00,33,1,18720,2803.75,2804.0,2803.75,2804.0,913,ES.v.0
2019-03-01 14:30:00+00:00,33,1,18720,2803.75,2806.5,2803.5,2806.0,17630,ES.v.0
2019-03-01 14:31:00+00:00,33,1,18720,2806.0,2806.25,2804.75,2805.25,9135,ES.v.0
2019-03-01 14:32:00+00:00,33,1,18720,2805.25,2806.0,2805.0,2806.0,5260,ES.v.0
2019-03-01 14:33:00+00:00,33,1,18720,2805.75,2806.5,2805.25,2806.0,7403,ES.v.0
2019-03-01 14:34:00+00:00,33,1,18720,2806.0,2806.25,2805.25,2805.5,4471,ES.v.0
2019-03-01 14:35:00+00:00,33,1,18720,2805.75,2806.25,2805.25,2805.75,6003,ES.v.0
2019-03-01 14:36:00+00:00,33,1,18720,2805.75,2806.0,2804.75,2805.0,5476,ES.v.0
2019-03-01 14:37:00+00:00,33,1,18720,2805.0,2805.5,2804.75,2805.0,3697,ES.v.0
2019-03-01 14:38:00+00:00,33,1,18720,2805.25,2806.25,2804.75,2805.25,5889,ES.v.0
2019-03-01 14:39:00+00:00,33,1,18720,2805.5,2806.5,2805.25,2806.5,4578,ES.v.0
2019-03-01 14:40:00+00:00,33,1,18720,2806.5,2807.25,2805.75,2806.75,11141,ES.v.0
2019-03-01 14:41:00+00:00,33,1,18720,2806.75,2807.5,2806.75,2807.25,4608,ES.v.0
2019-03-01 14:42:00+00:00,33,1,18720,2807.5,2808.0,2805.75,2806.0,7045,ES.v.0
2019-03-01 14:43:00+00:00,33,1,18720,2806.25,2807.0,2806.0,2806.5,4375,ES.v.0
2019-03-01 14:44:00+00:00,33,1,18720,2806.75,2807.5,2806.5,2807.0,5378,ES.v.0
2019-03-01 14:45:00+00:00,33,1,18720,2807.0,2808.25,2806.75,2808.25,5522,ES.v.0
2019-03-01 14:46:00+00:00,33,1,18720,2808.0,2808.25,2807.0,2807.5,3003,ES.v.0
2019-03-01 14:47:00+00:00,33,1,18720,2807.5,2807.75,2806.75,2806.75,3041,ES.v.0
2019-03-01 14:48:00+00:00,33,1,18720,2807.0,2808.25,2806.5,2807.75,10991,ES.v.0
2019-03-01 14:49:00+00:00,33,1,18720,2807.5,2808.0,2807.0,2807.0,4339,ES.v.0
2019-03-01 14:50:00+00:00,33,1,18720,2807.0,2808.0,2807.0,2807.75,2399,ES.v.0
2019-03-01 14:51:00+00:00,33,1,18720,2807.75,2808.25,2807.5,2807.5,2443,ES.v.0
2019-03-01 14:52:00+00:00,33,1,18720,2807.5,2808.25,2807.25,2808.0,3040,ES.v.0
2019-03-01 14:53:00+00:00,33,1,18720,2808.0,2808.25,2807.0,2807.25,3240,ES.v.0
2019-03-01 14:54:00+00:00,33,1,18720,2807.5,2807.75,2807.0,2807.0,2692,ES.v.0
2019-03-01 14:55:00+00:00,33,1,18720,2807.0,2807.25,2806.25,2806.75,3704,ES.v.0
2019-03-01 14:56:00+00:00,33,1,18720,2806.5,2806.75,2806.25,2806.75,2430,ES.v.0
2019-03-01 14:57:00+00:00,33,1,18720,2806.75,2807.25,2806.25,2807.0,2047,ES.v.0
2019-03-01 14:58:00+00:00,33,1,18720,2806.75,2808.0,2806.75,2807.25,2610,ES.v.0
2019-03-01 14:59:00+00:00,33,1,18720,2807.5,2807.75,2807.0,2807.25,701,ES.v.0
2019-03-01 15:00:00+00:00,33,1,18720,2807.25,2807.25,2804.0,2806.0,12764,ES.v.0
2019-03-01 15:01:00+00:00,33,1,18720,2805.75,2806.0,2802.75,2802.75,10480,ES.v.0
2019-03-01 15:02:00+00:00,33,1,18720,2803.0,2804.0,2802.75,2804.0,8676,ES.v.0
2019-03-01 15:03:00+00:00,33,1,18720,2804.0,2805.5,2803.75,2804.75,5412,ES.v.0
2019-03-01 15:04:00+00:00,33,1,18720,2804.75,2805.5,2804.25,2805.5,4988,ES.v.0
2019-03-01 15:05:00+00:00,33,1,18720,2805.25,2806.0,2804.25,2804.75,3448,ES.v.0
2019-03-01 15:06:00+00:00,33,1,18720,2804.5,2805.5,2804.0,2804.75,3351,ES.v.0
2019-03-01 15:07:00+00:00,33,1,18720,2804.5,2804.75,2804.0,2804.0,2431,ES.v.0
2019-03-01 15:08:00+00:00,33,1,18720,2804.0,2804.25,2803.0,2803.25,4836,ES.v.0
2019-03-01 15:09:00+00:00,33,1,18720,2803.25,2804.75,2803.25,2804.0,3597,ES.v.0
2019-03-01 15:10:00+00:00,33,1,18720,2804.0,2804.75,2803.75,2804.0,2588,ES.v.0
2019-03-01 15:11:00+00:00,33,1,18720,2804.0,2804.0,2802.5,2803.25,5117,ES.v.0
2019-03-01 15:12:00+00:00,33,1,18720,2803.0,2803.75,2803.0,2803.0,3303,ES.v.0
2019-03-01 15:13:00+00:00,33,1,18720,2803.0,2803.0,2801.5,2801.5,5468,ES.v.0
2019-03-01 15:14:00+00:00,33,1,18720,2801.5,2802.25,2801.5,2801.75,3044,ES.v.0
2019-03-01 15:15:00+00:00,33,1,18720,2802.0,2802.0,2798.75,2799.5,14093,ES.v.0
2019-03-01 15:16:00+00:00,33,1,18720,2799.5,2800.25,2799.0,2800.0,6062,ES.v.0
2019-03-01 15:17:00+00:00,33,1,18720,2800.0,2800.75,2799.75,2800.25,3340,ES.v.0
2019-03-01 15:18:00+00:00,33,1,18720,2800.25,2801.0,2800.25,2800.75,2628,ES.v.0
2019-03-01 15:19:00+00:00,33,1,18720,2800.5,2800.75,2800.25,2800.5,2457,ES.v.0
2019-03-01 15:20:00+00:00,33,1,18720,2800.5,2800.75,2798.75,2799.5,4870,ES.v.0
2019-03-01 15:21:00+00:00,33,1,18720,2799.5,2799.75,2797.5,2797.75,5912,ES.v.0
2019-03-01 15:22:00+00:00,33,1,18720,2797.75,2798.25,2796.75,2797.25,5612,ES.v.0
2019-03-01 15:23:00+00:00,33,1,18720,2797.0,2797.25,2795.5,2796.0,5587,ES.v.0
2019-03-01 15:24:00+00:00,33,1,18720,2796.0,2796.5,2795.5,2795.75,5599,ES.v.0
2019-03-01 15:25:00+00:00,33,1,18720,2796.0,2796.0,2795.0,2795.25,5314,ES.v.0
2019-03-01 15:26:00+00:00,33,1,18720,2795.5,2797.0,2795.25,2797.0,6074,ES.v.0
2019-03-01 15:27:00+00:00,33,1,18720,2796.75,2797.25,2796.25,2796.25,4979,ES.v.0
2019-03-01 15:28:00+00:00,33,1,18720,2796.25,2797.25,2796.25,2797.0,4946,ES.v.0
2019-03-01 15:29:00+00:00,33,1,18720,2797.0,2797.25,2796.25,2796.75,2726,ES.v.0
2019-03-01 15:30:00+00:00,33,1,18720,2797.0,2797.0,2795.75,2796.0,3686,ES.v.0
2019-03-01 15:31:00+00:00,33,1,18720,2796.25,2797.25,2794.75,2795.0,6201,ES.v.0
2019-03-01 15:32:00+00:00,33,1,18720,2795.0,2796.0,2794.75,2795.75,3050,ES.v.0
2019-03-01 15:33:00+00:00,33,1,18720,2796.0,2796.0,2794.5,2796.0,5479,ES.v.0
2019-03-01 15:34:00+00:00,33,1,18720,2796.0,2797.25,2795.5,2796.75,4668,ES.v.0
2019-03-01 15:35:00+00:00,33,1,18720,2796.75,2796.75,2795.5,2796.0,3939,ES.v.0
2019-03-01 15:36:00+00:00,33,1,18720,2795.75,2796.75,2795.25,2796.75,4727,ES.v.0
2019-03-01 15:37:00+00:00,33,1,18720,2796.75,2797.25,2795.75,2795.75,3904,ES.v.0
2019-03-01 15:38:00+00:00,33,1,18720,2795.5,2797.25,2795.5,2797.25,3015,ES.v.0
2019-03-01 15:39:00+00:00,33,1,18720,2797.0,2797.25,2796.0,2796.0,1294,ES.v.0
2019-03-01 15:40:00+00:00,33,1,18720,2796.0,2796.5,2795.25,2795.75,3207,ES.v.0
2019-03-01 15:41:00+00:00,33,1,18720,2795.75,2797.0,2795.75,2797.0,2807,ES.v.0
2019-03-01 15:42:00+00:00,33,1,18720,2797.0,2798.0,2797.0,2797.25,3143,ES.v.0
2019-03-01 15:43:00+00:00,33,1,18720,2797.5,2798.5,2797.5,2798.25,3770,ES.v.0
2019-03-01 15:44:00+00:00,33,1,18720,2798.25,2798.75,2798.0,2798.75,2248,ES.v.0
2019-03-01 15:45:00+00:00,33,1,18720,2798.75,2798.75,2797.75,2798.0,2737,ES.v.0
2019-03-01 15:46:00+00:00,33,1,18720,2798.0,2798.25,2797.5,2798.0,1908,ES.v.0
2019-03-01 15:47:00+00:00,33,1,18720,2798.25,2798.5,2797.75,2798.0,2509,ES.v.0
2019-03-01 15:48:00+00:00,33,1,18720,2798.0,2798.25,2797.0,2797.5,1902,ES.v.0
2019-03-01 15:49:00+00:00,33,1,18720,2797.75,2798.0,2797.5,2797.75,1987,ES.v.0
2019-03-01 15:50:00+00:00,33,1,18720,2797.5,2797.75,2796.75,2796.75,1819,ES.v.0
2019-03-01 15:51:00+00:00,33,1,18720,2796.75,2797.0,2795.75,2796.75,2768,ES.v.0
2019-03-01 15:52:00+00:00,33,1,18720,2796.75,2796.75,2795.5,2796.5,3423,ES.v.0
2019-03-01 15:53:00+00:00,33,1,18720,2796.5,2797.25,2796.25,2797.0,2099,ES.v.0
2019-03-01 15:54:00+00:00,33,1,18720,2796.75,2798.0,2796.75,2798.0,2602,ES.v.0
2019-03-01 15:55:00+00:00,33,1,18720,2797.75,2798.5,2797.0,2797.5,2648,ES.v.0
2019-03-01 15:56:00+00:00,33,1,18720,2797.5,2797.5,2797.0,2797.5,1318,ES.v.0
2019-03-01 15:57:00+00:00,33,1,18720,2797.25,2798.0,2797.25,2798.0,1143,ES.v.0
2019-03-01 15:58:00+00:00,33,1,18720,2798.0,2798.0,2797.5,2798.0,1014,ES.v.0
2019-03-01 15:59:00+00:00,33,1,18720,2797.75,2798.0,2797.25,2797.5,1166,ES.v.0
2019-03-01 16:00:00+00:00,33,1,18720,2797.5,2798.25,2796.25,2796.75,3871,ES.v.0
2019-03-01 16:01:00+00:00,33,1,18720,2796.5,2797.25,2796.0,2797.0,2389,ES.v.0
2019-03-01 16:02:00+00:00,33,1,18720,2797.0,2798.75,2796.75,2798.25,4155,ES.v.0
2019-03-01 16:03:00+00:00,33,1,18720,2798.25,2798.5,2797.0,2797.25,1868,ES.v.0
2019-03-01 16:04:00+00:00,33,1,18720,2797.25,2797.25,2796.0,2796.75,2876,ES.v.0
2019-03-01 16:05:00+00:00,33,1,18720,2796.75,2796.75,2796.25,2796.25,1260,ES.v.0
2019-03-01 16:06:00+00:00,33,1,18720,2796.5,2796.75,2795.25,2795.75,3062,ES.v.0
2019-03-01 16:07:00+00:00,33,1,18720,2796.0,2796.5,2794.5,2794.5,2714,ES.v.0
2019-03-01 16:08:00+00:00,33,1,18720,2794.75,2795.25,2794.5,2794.5,2231,ES.v.0
2019-03-01 16:09:00+00:00,33,1,18720,2794.5,2795.75,2794.25,2795.5,2570,ES.v.0
2019-03-01 16:10:00+00:00,33,1,18720,2795.25,2795.25,2794.25,2794.25,2289,ES.v.0
2019-03-01 16:11:00+00:00,33,1,18720,2794.25,2794.25,2793.0,2793.0,6611,ES.v.0
2019-03-01 16:12:00+00:00,33,1,18720,2793.0,2793.25,2792.25,2793.25,4575,ES.v.0
2019-03-01 16:13:00+00:00,33,1,18720,2793.25,2793.75,2792.75,2793.0,3459,ES.v.0
2019-03-01 16:14:00+00:00,33,1,18720,2793.0,2794.0,2793.0,2793.75,2061,ES.v.0
2019-03-01 16:15:00+00:00,33,1,18720,2793.75,2793.75,2792.75,2793.0,3963,ES.v.0
2019-03-01 16:16:00+00:00,33,1,18720,2793.0,2794.75,2792.75,2793.75,4324,ES.v.0
2019-03-01 16:17:00+00:00,33,1,18720,2793.5,2794.0,2792.75,2793.5,2902,ES.v.0
2019-03-01 16:18:00+00:00,33,1,18720,2793.5,2794.75,2793.25,2794.25,2924,ES.v.0
2019-03-01 16:19:00+00:00,33,1,18720,2794.25,2795.25,2794.0,2794.5,3184,ES.v.0
2019-03-01 16:20:00+00:00,33,1,18720,2794.25,2794.75,2793.75,2794.0,2145,ES.v.0
2019-03-01 16:21:00+00:00,33,1,18720,2794.0,2794.25,2792.5,2792.5,2109,ES.v.0
2019-03-01 16:22:00+00:00,33,1,18720,2792.5,2793.5,2792.5,2792.5,1886,ES.v.0
2019-03-01 16:23:00+00:00,33,1,18720,2792.5,2792.75,2791.75,2792.0,4114,ES.v.0
2019-03-01 16:24:00+00:00,33,1,18720,2791.75,2792.75,2791.75,2792.5,2530,ES.v.0
2019-03-01 16:25:00+00:00,33,1,18720,2792.5,2793.0,2792.25,2792.75,1539,ES.v.0
2019-03-01 16:26:00+00:00,33,1,18720,2792.5,2793.0,2792.5,2792.75,1407,ES.v.0
2019-03-01 16:27:00+00:00,33,1,18720,2792.5,2793.25,2791.75,2793.25,2311,ES.v.0
2019-03-01 16:28:00+00:00,33,1,18720,2793.25,2793.75,2792.75,2793.5,1753,ES.v.0
2019-03-01 16:29:00+00:00,33,1,18720,2793.25,2793.5,2792.75,2793.25,1048,ES.v.0
2019-03-01 16:30:00+00:00,33,1,18720,2793.25,2794.0,2792.75,2793.0,1839,ES.v.0
2019-03-01 16:31:00+00:00,33,1,18720,2793.0,2793.5,2792.5,2793.0,2595,ES.v.0
2019-03-01 16:32:00+00:00,33,1,18720,2792.75,2793.0,2792.0,2792.75,2061,ES.v.0
2019-03-01 16:33:00+00:00,33,1,18720,2792.5,2793.25,2791.25,2791.75,3342,ES.v.0
2019-03-01 16:34:00+00:00,33,1,18720,2791.75,2792.5,2791.5,2792.25,2150,ES.v.0
2019-03-01 16:35:00+00:00,33,1,18720,2792.25,2792.75,2791.75,2791.75,1871,ES.v.0
2019-03-01 16:36:00+00:00,33,1,18720,2791.75,2792.75,2791.5,2792.25,1719,ES.v.0
2019-03-01 16:37:00+00:00,33,1,18720,2792.5,2793.25,2792.5,2793.0,1904,ES.v.0
2019-03-01 16:38:00+00:00,33,1,18720,2793.25,2794.5,2793.25,2794.25,3363,ES.v.0
2019-03-01 16:39:00+00:00,33,1,18720,2794.25,2794.75,2794.0,2794.25,3040,ES.v.0
2019-03-01 16:40:00+00:00,33,1,18720,2794.25,2794.5,2793.25,2793.25,1400,ES.v.0
2019-03-01 16:41:00+00:00,33,1,18720,2793.25,2793.5,2792.75,2793.25,1855,ES.v.0
2019-03-01 16:42:00+00:00,33,1,18720,2793.0,2793.5,2793.0,2793.25,664,ES.v.0
2019-03-01 16:43:00+00:00,33,1,18720,2793.25,2793.25,2792.5,2793.0,1017,ES.v.0
2019-03-01 16:44:00+00:00,33,1,18720,2793.0,2793.25,2792.0,2792.5,1195,ES.v.0
2019-03-01 16:45:00+00:00,33,1,18720,2792.5,2793.5,2792.25,2792.25,1687,ES.v.0
2019-03-01 16:46:00+00:00,33,1,18720,2792.5,2792.5,2791.25,2791.25,2706,ES.v.0
2019-03-01 16:47:00+00:00,33,1,18720,2791.25,2792.0,2790.5,2791.75,4013,ES.v.0
2019-03-01 16:48:00+00:00,33,1,18720,2791.75,2792.0,2791.0,2791.25,2059,ES.v.0
2019-03-01 16:49:00+00:00,33,1,18720,2791.25,2791.5,2790.25,2790.25,3620,ES.v.0
2019-03-01 16:50:00+00:00,33,1,18720,2790.25,2790.75,2789.75,2790.5,3788,ES.v.0
2019-03-01 16:51:00+00:00,33,1,18720,2790.5,2791.0,2789.75,2789.75,2823,ES.v.0
2019-03-01 16:52:00+00:00,33,1,18720,2789.75,2789.75,2788.25,2788.75,6348,ES.v.0
2019-03-01 16:53:00+00:00,33,1,18720,2788.75,2788.75,2787.75,2788.25,3599,ES.v.0
2019-03-01 16:54:00+00:00,33,1,18720,2788.0,2789.0,2787.75,2788.5,4798,ES.v.0
2019-03-01 16:55:00+00:00,33,1,18720,2788.25,2788.5,2788.0,2788.25,2267,ES.v.0
2019-03-01 16:56:00+00:00,33,1,18720,2788.25,2789.0,2787.5,2788.75,2990,ES.v.0
2019-03-01 16:57:00+00:00,33,1,18720,2788.75,2790.0,2788.75,2789.5,3048,ES.v.0
2019-03-01 16:58:00+00:00,33,1,18720,2789.25,2790.25,2789.25,2790.25,1624,ES.v.0
2019-03-01 16:59:00+00:00,33,1,18720,2790.25,2790.75,2790.0,2790.5,1955,ES.v.0
2019-03-01 17:00:00+00:00,33,1,18720,2790.25,2791.0,2789.75,2790.25,2356,ES.v.0
2019-03-01 17:01:00+00:00,33,1,18720,2790.5,2791.0,2789.75,2790.5,2839,ES.v.0
2019-03-01 17:02:00+00:00,33,1,18720,2790.5,2790.75,2790.0,2790.25,1103,ES.v.0
2019-03-01 17:03:00+00:00,33,1,18720,2790.5,2791.0,2790.0,2790.0,2142,ES.v.0
2019-03-01 17:04:00+00:00,33,1,18720,2790.0,2790.75,2790.0,2790.75,2262,ES.v.0
2019-03-01 17:05:00+00:00,33,1,18720,2790.75,2791.75,2790.5,2791.5,2629,ES.v.0
2019-03-01 17:06:00+00:00,33,1,18720,2791.5,2791.75,2791.25,2791.5,1039,ES.v.0
2019-03-01 17:07:00+00:00,33,1,18720,2791.25,2792.25,2791.25,2792.0,1927,ES.v.0
2019-03-01 17:08:00+00:00,33,1,18720,2792.0,2792.25,2791.25,2791.25,1779,ES.v.0
2019-03-01 17:09:00+00:00,33,1,18720,2791.25,2792.0,2791.25,2791.5,1486,ES.v.0
2019-03-01 17:10:00+00:00,33,1,18720,2791.5,2791.5,2791.0,2791.0,1359,ES.v.0
2019-03-01 17:11:00+00:00,33,1,18720,2791.25,2791.5,2790.75,2791.0,1250,ES.v.0
2019-03-01 17:12:00+00:00,33,1,18720,2791.25,2791.25,2790.75,2791.25,1730,ES.v.0
2019-03-01 17:13:00+00:00,33,1,18720,2791.25,2792.75,2791.25,2792.5,2119,ES.v.0
2019-03-01 17:14:00+00:00,33,1,18720,2792.25,2792.75,2792.25,2792.5,1705,ES.v.0
2019-03-01 17:15:00+00:00,33,1,18720,2792.75,2792.75,2791.75,2792.5,1208,ES.v.0
2019-03-01 17:16:00+00:00,33,1,18720,2792.5,2792.5,2792.0,2792.25,882,ES.v.0
2019-03-01 17:17:00+00:00,33,1,18720,2792.25,2792.75,2792.0,2792.5,1167,ES.v.0
2019-03-01 17:18:00+00:00,33,1,18720,2792.25,2792.5,2792.0,2792.25,1004,ES.v.0
2019-03-01 17:19:00+00:00,33,1,18720,2792.25,2793.25,2792.25,2792.75,1630,ES.v.0
2019-03-01 17:20:00+00:00,33,1,18720,2792.75,2793.25,2792.5,2792.75,1691,ES.v.0
2019-03-01 17:21:00+00:00,33,1,18720,2792.75,2792.75,2792.5,2792.75,796,ES.v.0
2019-03-01 17:22:00+00:00,33,1,18720,2792.75,2793.0,2792.5,2792.5,1262,ES.v.0
2019-03-01 17:23:00+00:00,33,1,18720,2792.75,2793.5,2792.25,2793.25,1652,ES.v.0
2019-03-01 17:24:00+00:00,33,1,18720,2793.0,2793.5,2793.0,2793.5,1233,ES.v.0
2019-03-01 17:25:00+00:00,33,1,18720,2793.5,2794.25,2793.5,2794.0,2782,ES.v.0
2019-03-01 17:26:00+00:00,33,1,18720,2794.0,2794.5,2793.75,2794.0,1666,ES.v.0
2019-03-01 17:27:00+00:00,33,1,18720,2794.25,2794.25,2794.0,2794.0,703,ES.v.0
2019-03-01 17:28:00+00:00,33,1,18720,2794.25,2794.75,2794.0,2794.75,2091,ES.v.0
2019-03-01 17:29:00+00:00,33,1,18720,2794.75,2794.75,2794.25,2794.5,1010,ES.v.0
2019-03-01 17:30:00+00:00,33,1,18720,2794.5,2794.75,2794.25,2794.75,2409,ES.v.0
2019-03-01 17:31:00+00:00,33,1,18720,2794.5,2795.25,2794.5,2795.0,2206,ES.v.0
2019-03-01 17:32:00+00:00,33,1,18720,2794.75,2795.0,2794.75,2794.75,980,ES.v.0
2019-03-01 17:33:00+00:00,33,1,18720,2794.75,2795.0,2794.5,2794.75,397,ES.v.0
2019-03-01 17:34:00+00:00,33,1,18720,2794.5,2795.0,2794.0,2794.75,2055,ES.v.0
2019-03-01 17:35:00+00:00,33,1,18720,2794.75,2795.0,2794.75,2794.75,903,ES.v.0
2019-03-01 17:36:00+00:00,33,1,18720,2795.0,2795.0,2794.0,2794.25,1841,ES.v.0
2019-03-01 17:37:00+00:00,33,1,18720,2794.25,2794.5,2793.5,2793.75,1421,ES.v.0
2019-03-01 17:38:00+00:00,33,1,18720,2793.5,2794.25,2793.5,2794.25,1101,ES.v.0
2019-03-01 17:39:00+00:00,33,1,18720,2794.25,2794.25,2793.5,2793.5,864,ES.v.0
2019-03-01 17:40:00+00:00,33,1,18720,2793.5,2794.0,2793.25,2793.5,1623,ES.v.0
2019-03-01 17:41:00+00:00,33,1,18720,2793.5,2794.0,2793.5,2793.75,833,ES.v.0
2019-03-01 17:42:00+00:00,33,1,18720,2793.75,2794.5,2793.5,2794.5,973,ES.v.0
2019-03-01 17:43:00+00:00,33,1,18720,2794.5,2795.0,2794.25,2795.0,1057,ES.v.0
2019-03-01 17:44:00+00:00,33,1,18720,2795.0,2795.5,2794.75,2795.25,1963,ES.v.0
2019-03-01 17:45:00+00:00,33,1,18720,2795.0,2795.25,2794.75,2795.0,859,ES.v.0
2019-03-01 17:46:00+00:00,33,1,18720,2795.0,2795.25,2794.75,2795.0,889,ES.v.0
2019-03-01 17:47:00+00:00,33,1,18720,2795.0,2795.25,2794.5,2795.0,998,ES.v.0
2019-03-01 17:48:00+00:00,33,1,18720,2795.25,2795.75,2795.25,2795.25,1649,ES.v.0
2019-03-01 17:49:00+00:00,33,1,18720,2795.5,2796.0,2795.25,2795.75,2451,ES.v.0
2019-03-01 17:50:00+00:00,33,1,18720,2795.75,2796.0,2795.5,2795.5,1060,ES.v.0
2019-03-01 17:51:00+00:00,33,1,18720,2795.5,2795.75,2795.0,2795.0,688,ES.v.0
2019-03-01 17:52:00+00:00,33,1,18720,2795.0,2796.25,2795.0,2796.0,1361,ES.v.0
2019-03-01 17:53:00+00:00,33,1,18720,2795.75,2796.75,2795.75,2796.75,2146,ES.v.0
2019-03-01 17:54:00+00:00,33,1,18720,2796.5,2797.0,2796.5,2796.75,1857,ES.v.0
2019-03-01 17:55:00+00:00,33,1,18720,2796.5,2796.75,2796.0,2796.0,1646,ES.v.0
2019-03-01 17:56:00+00:00,33,1,18720,2796.0,2796.25,2796.0,2796.0,763,ES.v.0
2019-03-01 17:57:00+00:00,33,1,18720,2796.0,2796.5,2796.0,2796.0,823,ES.v.0
2019-03-01 17:58:00+00:00,33,1,18720,2796.25,2796.5,2796.0,2796.0,600,ES.v.0
2019-03-01 17:59:00+00:00,33,1,18720,2796.25,2796.5,2796.0,2796.25,710,ES.v.0
2019-03-01 18:00:00+00:00,33,1,18720,2796.25,2796.5,2796.0,2796.25,1341,ES.v.0
2019-03-01 18:01:00+00:00,33,1,18720,2796.25,2796.5,2795.75,2795.75,964,ES.v.0
2019-03-01 18:02:00+00:00,33,1,18720,2795.75,2796.0,2795.75,2796.0,323,ES.v.0
2019-03-01 18:03:00+00:00,33,1,18720,2795.75,2796.25,2795.75,2796.0,772,ES.v.0
2019-03-01 18:04:00+00:00,33,1,18720,2796.0,2796.25,2795.75,2796.0,521,ES.v.0
2019-03-01 18:05:00+00:00,33,1,18720,2796.0,2796.25,2795.75,2795.75,303,ES.v.0
2019-03-01 18:06:00+00:00,33,1,18720,2795.75,2796.5,2795.5,2796.25,999,ES.v.0
2019-03-01 18:07:00+00:00,33,1,18720,2796.5,2797.5,2796.25,2797.0,2759,ES.v.0
2019-03-01 18:08:00+00:00,33,1,18720,2797.25,2797.5,2797.0,2797.5,1037,ES.v.0
2019-03-01 18:09:00+00:00,33,1,18720,2797.5,2797.5,2796.75,2797.0,2406,ES.v.0
2019-03-01 18:10:00+00:00,33,1,18720,2797.0,2797.5,2796.75,2797.0,2320,ES.v.0
2019-03-01 18:11:00+00:00,33,1,18720,2797.0,2797.5,2797.0,2797.25,1261,ES.v.0
2019-03-01 18:12:00+00:00,33,1,18720,2797.5,2797.75,2797.25,2797.5,913,ES.v.0
2019-03-01 18:13:00+00:00,33,1,18720,2797.25,2798.0,2797.25,2798.0,2472,ES.v.0
2019-03-01 18:14:00+00:00,33,1,18720,2798.0,2798.25,2797.75,2798.25,1264,ES.v.0
2019-03-01 18:15:00+00:00,33,1,18720,2798.0,2798.25,2797.5,2797.5,1939,ES.v.0
2019-03-01 18:16:00+00:00,33,1,18720,2797.75,2797.75,2797.25,2797.5,1422,ES.v.0
2019-03-01 18:17:00+00:00,33,1,18720,2797.5,2797.5,2796.75,2797.0,1592,ES.v.0
2019-03-01 18:18:00+00:00,33,1,18720,2797.0,2797.25,2796.75,2796.75,389,ES.v.0
2019-03-01 18:19:00+00:00,33,1,18720,2796.75,2797.0,2796.5,2796.75,1297,ES.v.0
2019-03-01 18:20:00+00:00,33,1,18720,2797.0,2797.25,2796.5,2796.5,690,ES.v.0
2019-03-01 18:21:00+00:00,33,1,18720,2796.5,2796.75,2796.25,2796.25,358,ES.v.0
2019-03-01 18:22:00+00:00,33,1,18720,2796.25,2796.5,2796.25,2796.25,765,ES.v.0
2019-03-01 18:23:00+00:00,33,1,18720,2796.25,2796.5,2796.0,2796.25,778,ES.v.0
2019-03-01 18:24:00+00:00,33,1,18720,2796.5,2796.5,2796.0,2796.0,725,ES.v.0
2019-03-01 18:25:00+00:00,33,1,18720,2796.25,2796.75,2796.0,2796.5,467,ES.v.0
2019-03-01 18:26:00+00:00,33,1,18720,2796.25,2796.75,2796.25,2796.5,296,ES.v.0
2019-03-01 18:27:00+00:00,33,1,18720,2796.5,2796.75,2796.25,2796.75,334,ES.v.0
2019-03-01 18:28:00+00:00,33,1,18720,2796.75,2796.75,2796.5,2796.75,794,ES.v.0
2019-03-01 18:29:00+00:00,33,1,18720,2796.75,2796.75,2796.25,2796.5,851,ES.v.0
2019-03-01 18:30:00+00:00,33,1,18720,2796.25,2797.0,2796.25,2796.75,549,ES.v.0
2019-03-01 18:31:00+00:00,33,1,18720,2797.0,2797.0,2796.5,2796.75,286,ES.v.0
2019-03-01 18:32:00+00:00,33,1,18720,2796.75,2797.0,2796.5,2797.0,524,ES.v.0
2019-03-01 18:33:00+00:00,33,1,18720,2796.75,2797.5,2796.75,2797.5,1144,ES.v.0
2019-03-01 18:34:00+00:00,33,1,18720,2797.5,2797.75,2797.25,2797.5,1043,ES.v.0
2019-03-01 18:35:00+00:00,33,1,18720,2797.5,2797.5,2796.75,2797.0,565,ES.v.0
2019-03-01 18:36:00+00:00,33,1,18720,2796.75,2797.25,2796.75,2797.25,676,ES.v.0
2019-03-01 18:37:00+00:00,33,1,18720,2797.25,2797.5,2797.0,2797.5,364,ES.v.0
2019-03-01 18:38:00+00:00,33,1,18720,2797.5,2797.5,2797.25,2797.25,249,ES.v.0
2019-03-01 18:39:00+00:00,33,1,18720,2797.0,2797.5,2796.75,2796.75,1231,ES.v.0
2019-03-01 18:40:00+00:00,33,1,18720,2796.75,2797.25,2796.75,2797.0,612,ES.v.0
2019-03-01 18:41:00+00:00,33,1,18720,2797.25,2797.5,2797.25,2797.5,1208,ES.v.0
2019-03-01 18:42:00+00:00,33,1,18720,2797.75,2797.75,2797.25,2797.5,787,ES.v.0
2019-03-01 18:43:00+00:00,33,1,18720,2797.5,2797.75,2797.25,2797.75,1361,ES.v.0
2019-03-01 18:44:00+00:00,33,1,18720,2797.75,2798.0,2797.5,2797.5,953,ES.v.0
2019-03-01 18:45:00+00:00,33,1,18720,2797.75,2798.25,2797.5,2798.25,1052,ES.v.0
2019-03-01 18:46:00+00:00,33,1,18720,2798.25,2798.25,2797.0,2797.25,972,ES.v.0
2019-03-01 18:47:00+00:00,33,1,18720,2797.0,2797.5,2797.0,2797.5,452,ES.v.0
2019-03-01 18:48:00+00:00,33,1,18720,2797.5,2797.75,2797.25,2797.5,566,ES.v.0
2019-03-01 18:49:00+00:00,33,1,18720,2797.75,2798.0,2797.5,2797.5,1780,ES.v.0
2019-03-01 18:50:00+00:00,33,1,18720,2797.75,2797.75,2796.75,2796.75,1023,ES.v.0
2019-03-01 18:51:00+00:00,33,1,18720,2797.0,2797.25,2796.75,2797.0,708,ES.v.0
2019-03-01 18:52:00+00:00,33,1,18720,2797.0,2797.25,2796.75,2797.0,1013,ES.v.0
2019-03-01 18:53:00+00:00,33,1,18720,2797.0,2797.25,2796.75,2797.0,441,ES.v.0
2019-03-01 18:54:00+00:00,33,1,18720,2797.0,2797.0,2796.5,2796.75,570,ES.v.0
2019-03-01 18:55:00+00:00,33,1,18720,2796.75,2797.0,2796.5,2796.75,370,ES.v.0
2019-03-01 18:56:00+00:00,33,1,18720,2796.75,2797.25,2796.5,2797.25,531,ES.v.0
2019-03-01 18:57:00+00:00,33,1,18720,2797.0,2797.5,2797.0,2797.25,507,ES.v.0
2019-03-01 18:58:00+00:00,33,1,18720,2797.25,2797.25,2796.5,2796.5,514,ES.v.0
2019-03-01 18:59:00+00:00,33,1,18720,2796.75,2797.0,2796.5,2796.75,559,ES.v.0
2019-03-01 19:00:00+00:00,33,1,18720,2796.75,2797.5,2796.5,2797.25,935,ES.v.0
2019-03-01 19:01:00+00:00,33,1,18720,2797.25,2797.5,2796.75,2797.25,911,ES.v.0
2019-03-01 19:02:00+00:00,33,1,18720,2797.25,2798.0,2797.25,2797.5,2533,ES.v.0
2019-03-01 19:03:00+00:00,33,1,18720,2797.5,2797.5,2796.75,2797.0,727,ES.v.0
2019-03-01 19:04:00+00:00,33,1,18720,2797.0,2797.25,2796.5,2796.5,1028,ES.v.0
2019-03-01 19:05:00+00:00,33,1,18720,2796.75,2797.0,2796.25,2796.75,943,ES.v.0
2019-03-01 19:06:00+00:00,33,1,18720,2796.75,2797.0,2796.75,2796.75,545,ES.v.0
2019-03-01 19:07:00+00:00,33,1,18720,2796.75,2797.0,2796.75,2797.0,447,ES.v.0
2019-03-01 19:08:00+00:00,33,1,18720,2797.0,2797.5,2797.0,2797.5,248,ES.v.0
2019-03-01 19:09:00+00:00,33,1,18720,2797.5,2798.25,2797.25,2798.25,1188,ES.v.0
2019-03-01 19:10:00+00:00,33,1,18720,2798.25,2799.0,2798.25,2798.5,2773,ES.v.0
2019-03-01 19:11:00+00:00,33,1,18720,2798.5,2798.75,2798.25,2798.75,1164,ES.v.0
2019-03-01 19:12:00+00:00,33,1,18720,2798.75,2799.0,2798.5,2799.0,899,ES.v.0
2019-03-01 19:13:00+00:00,33,1,18720,2799.0,2799.0,2798.25,2798.75,1981,ES.v.0
2019-03-01 19:14:00+00:00,33,1,18720,2798.5,2798.75,2798.25,2798.75,872,ES.v.0
2019-03-01 19:15:00+00:00,33,1,18720,2798.75,2798.75,2798.5,2798.5,544,ES.v.0
2019-03-01 19:16:00+00:00,33,1,18720,2798.75,2798.75,2798.25,2798.5,1195,ES.v.0
2019-03-01 19:17:00+00:00,33,1,18720,2798.5,2798.75,2798.25,2798.5,699,ES.v.0
2019-03-01 19:18:00+00:00,33,1,18720,2798.75,2799.75,2798.5,2799.75,3739,ES.v.0
2019-03-01 19:19:00+00:00,33,1,18720,2799.75,2799.75,2798.75,2799.25,2341,ES.v.0
2019-03-01 19:20:00+00:00,33,1,18720,2799.25,2799.75,2799.0,2799.5,848,ES.v.0
2019-03-01 19:21:00+00:00,33,1,18720,2799.75,2800.25,2799.5,2800.0,2119,ES.v.0
2019-03-01 19:22:00+00:00,33,1,18720,2799.75,2801.0,2799.75,2800.75,3044,ES.v.0
2019-03-01 19:23:00+00:00,33,1,18720,2800.75,2801.75,2800.5,2801.5,2648,ES.v.0
2019-03-01 19:24:00+00:00,33,1,18720,2801.75,2803.0,2801.5,2803.0,5327,ES.v.0
2019-03-01 19:25:00+00:00,33,1,18720,2803.0,2803.25,2802.5,2802.5,4356,ES.v.0
2019-03-01 19:26:00+00:00,33,1,18720,2802.5,2803.0,2802.25,2802.5,2664,ES.v.0
2019-03-01 19:27:00+00:00,33,1,18720,2802.5,2803.5,2802.25,2803.25,4354,ES.v.0
2019-03-01 19:28:00+00:00,33,1,18720,2803.25,2803.5,2802.75,2803.0,3516,ES.v.0
2019-03-01 19:29:00+00:00,33,1,18720,2803.0,2803.75,2802.75,2803.75,3314,ES.v.0
2019-03-01 19:30:00+00:00,33,1,18720,2803.75,2804.0,2803.25,2803.75,2827,ES.v.0
2019-03-01 19:31:00+00:00,33,1,18720,2803.5,2803.75,2803.25,2803.25,1312,ES.v.0
2019-03-01 19:32:00+00:00,33,1,18720,2803.25,2803.5,2803.0,2803.0,2136,ES.v.0
2019-03-01 19:33:00+00:00,33,1,18720,2803.0,2803.25,2802.5,2802.5,2066,ES.v.0
2019-03-01 19:34:00+00:00,33,1,18720,2802.5,2803.0,2802.25,2802.75,3210,ES.v.0
2019-03-01 19:35:00+00:00,33,1,18720,2803.0,2803.5,2802.75,2803.0,1820,ES.v.0
2019-03-01 19:36:00+00:00,33,1,18720,2803.25,2803.5,2802.75,2803.0,1008,ES.v.0
2019-03-01 19:37:00+00:00,33,1,18720,2803.0,2803.25,2802.75,2803.0,741,ES.v.0
2019-03-01 19:38:00+00:00,33,1,18720,2803.0,2803.0,2802.5,2802.75,446,ES.v.0
2019-03-01 19:39:00+00:00,33,1,18720,2803.0,2803.5,2802.75,2802.75,1939,ES.v.0
2019-03-01 19:40:00+00:00,33,1,18720,2803.0,2803.25,2802.75,2803.0,1407,ES.v.0
2019-03-01 19:41:00+00:00,33,1,18720,2803.0,2803.0,2802.75,2803.0,174,ES.v.0
2019-03-01 19:42:00+00:00,33,1,18720,2802.75,2803.25,2802.75,2803.25,1163,ES.v.0
2019-03-01 19:43:00+00:00,33,1,18720,2803.0,2804.0,2803.0,2803.5,2762,ES.v.0
2019-03-01 19:44:00+00:00,33,1,18720,2803.5,2804.0,2803.25,2803.5,1454,ES.v.0
2019-03-01 19:45:00+00:00,33,1,18720,2803.75,2803.75,2803.0,2803.0,1937,ES.v.0
2019-03-01 19:46:00+00:00,33,1,18720,2803.25,2803.25,2802.0,2802.25,2129,ES.v.0
2019-03-01 19:47:00+00:00,33,1,18720,2802.25,2802.5,2801.75,2801.75,1183,ES.v.0
2019-03-01 19:48:00+00:00,33,1,18720,2801.75,2802.0,2801.0,2801.25,2330,ES.v.0
2019-03-01 19:49:00+00:00,33,1,18720,2801.5,2801.5,2801.0,2801.25,1535,ES.v.0
2019-03-01 19:50:00+00:00,33,1,18720,2801.5,2802.25,2801.25,2802.0,1362,ES.v.0
2019-03-01 19:51:00+00:00,33,1,18720,2801.75,2802.25,2801.75,2802.0,800,ES.v.0
2019-03-01 19:52:00+00:00,33,1,18720,2802.0,2802.25,2801.5,2801.75,1279,ES.v.0
2019-03-01 19:53:00+00:00,33,1,18720,2801.75,2802.25,2801.75,2802.25,545,ES.v.0
2019-03-01 19:54:00+00:00,33,1,18720,2802.25,2802.5,2801.75,2802.5,1539,ES.v.0
2019-03-01 19:55:00+00:00,33,1,18720,2802.25,2802.75,2802.25,2802.75,1052,ES.v.0
2019-03-01 19:56:00+00:00,33,1,18720,2802.5,2803.0,2802.25,2802.25,1035,ES.v.0
2019-03-01 19:57:00+00:00,33,1,18720,2802.5,2802.75,2802.25,2802.75,554,ES.v.0
2019-03-01 19:58:00+00:00,33,1,18720,2802.75,2803.0,2802.5,2802.5,484,ES.v.0
2019-03-01 19:59:00+00:00,33,1,18720,2802.75,2802.75,2802.0,2802.75,1133,ES.v.0
2019-03-01 20:00:00+00:00,33,1,18720,2802.75,2803.0,2801.75,2802.0,2380,ES.v.0
2019-03-01 20:01:00+00:00,33,1,18720,2802.0,2802.0,2801.25,2801.25,1415,ES.v.0
2019-03-01 20:02:00+00:00,33,1,18720,2801.5,2801.5,2801.25,2801.5,954,ES.v.0
2019-03-01 20:03:00+00:00,33,1,18720,2801.5,2801.75,2800.75,2801.75,1714,ES.v.0
2019-03-01 20:04:00+00:00,33,1,18720,2801.75,2802.0,2801.5,2801.75,953,ES.v.0
2019-03-01 20:05:00+00:00,33,1,18720,2801.75,2802.0,2801.25,2801.75,857,ES.v.0
2019-03-01 20:06:00+00:00,33,1,18720,2802.0,2802.75,2802.0,2802.75,1367,ES.v.0
2019-03-01 20:07:00+00:00,33,1,18720,2802.75,2802.75,2802.0,2802.5,890,ES.v.0
2019-03-01 20:08:00+00:00,33,1,18720,2802.5,2802.75,2802.0,2802.5,972,ES.v.0
2019-03-01 20:09:00+00:00,33,1,18720,2802.5,2802.5,2802.0,2802.25,1115,ES.v.0
2019-03-01 20:10:00+00:00,33,1,18720,2802.25,2802.25,2801.5,2802.0,1641,ES.v.0
2019-03-01 20:11:00+00:00,33,1,18720,2802.0,2802.25,2801.5,2802.0,1254,ES.v.0
2019-03-01 20:12:00+00:00,33,1,18720,2802.0,2802.0,2801.0,2801.0,1432,ES.v.0
2019-03-01 20:13:00+00:00,33,1,18720,2801.0,2801.25,2800.75,2801.25,1198,ES.v.0
2019-03-01 20:14:00+00:00,33,1,18720,2801.25,2801.5,2801.0,2801.25,663,ES.v.0
2019-03-01 20:15:00+00:00,33,1,18720,2801.25,2801.5,2800.75,2801.0,1485,ES.v.0
2019-03-01 20:16:00+00:00,33,1,18720,2800.75,2801.25,2800.5,2801.0,1715,ES.v.0
2019-03-01 20:17:00+00:00,33,1,18720,2801.0,2801.75,2801.0,2801.5,1100,ES.v.0
2019-03-01 20:18:00+00:00,33,1,18720,2801.5,2801.5,2801.0,2801.25,669,ES.v.0
2019-03-01 20:19:00+00:00,33,1,18720,2801.0,2801.25,2800.75,2800.75,1169,ES.v.0
2019-03-01 20:20:00+00:00,33,1,18720,2801.0,2801.5,2800.75,2801.5,562,ES.v.0
2019-03-01 20:21:00+00:00,33,1,18720,2801.25,2801.5,2801.0,2801.0,1424,ES.v.0
2019-03-01 20:22:00+00:00,33,1,18720,2801.25,2801.25,2801.0,2801.0,474,ES.v.0
2019-03-01 20:23:00+00:00,33,1,18720,2801.25,2801.25,2800.25,2800.5,2079,ES.v.0
2019-03-01 20:24:00+00:00,33,1,18720,2800.75,2801.0,2800.5,2801.0,1673,ES.v.0
2019-03-01 20:25:00+00:00,33,1,18720,2801.0,2801.25,2800.75,2801.25,561,ES.v.0
2019-03-01 20:26:00+00:00,33,1,18720,2801.25,2801.25,2800.25,2800.25,831,ES.v.0
2019-03-01 20:27:00+00:00,33,1,18720,2800.5,2801.0,2800.0,2801.0,1859,ES.v.0
2019-03-01 20:28:00+00:00,33,1,18720,2801.25,2801.75,2801.25,2801.5,1504,ES.v.0
2019-03-01 20:29:00+00:00,33,1,18720,2801.5,2802.25,2801.0,2802.0,3585,ES.v.0
2019-03-01 20:30:00+00:00,33,1,18720,2802.0,2802.75,2801.25,2801.75,4303,ES.v.0
2019-03-01 20:31:00+00:00,33,1,18720,2801.75,2802.0,2801.25,2801.5,1235,ES.v.0
2019-03-01 20:32:00+00:00,33,1,18720,2801.5,2802.0,2801.25,2801.75,835,ES.v.0
2019-03-01 20:33:00+00:00,33,1,18720,2801.75,2802.25,2801.25,2801.25,1193,ES.v.0
2019-03-01 20:34:00+00:00,33,1,18720,2801.25,2801.25,2800.75,2801.25,1732,ES.v.0
2019-03-01 20:35:00+00:00,33,1,18720,2801.25,2801.5,2801.0,2801.5,793,ES.v.0
2019-03-01 20:36:00+00:00,33,1,18720,2801.5,2802.5,2801.5,2802.5,1267,ES.v.0
2019-03-01 20:37:00+00:00,33,1,18720,2802.5,2803.75,2802.5,2803.5,3622,ES.v.0
2019-03-01 20:38:00+00:00,33,1,18720,2803.5,2803.75,2803.25,2803.25,1708,ES.v.0
2019-03-01 20:39:00+00:00,33,1,18720,2803.0,2803.5,2802.75,2803.25,1156,ES.v.0
2019-03-01 20:40:00+00:00,33,1,18720,2803.25,2804.0,2803.0,2803.75,1920,ES.v.0
2019-03-01 20:41:00+00:00,33,1,18720,2804.0,2804.25,2803.75,2804.25,2541,ES.v.0
2019-03-01 20:42:00+00:00,33,1,18720,2804.25,2804.5,2803.75,2804.25,2152,ES.v.0
2019-03-01 20:43:00+00:00,33,1,18720,2804.5,2804.75,2804.25,2804.5,1855,ES.v.0
2019-03-01 20:44:00+00:00,33,1,18720,2804.5,2806.5,2804.5,2806.25,7148,ES.v.0
2019-03-01 20:45:00+00:00,33,1,18720,2806.25,2807.0,2806.25,2806.5,3706,ES.v.0
2019-03-01 20:46:00+00:00,33,1,18720,2806.5,2806.75,2806.25,2806.25,1991,ES.v.0
2019-03-01 20:47:00+00:00,33,1,18720,2806.25,2806.25,2804.5,2805.0,4254,ES.v.0
2019-03-01 20:48:00+00:00,33,1,18720,2805.0,2805.0,2804.0,2804.5,2925,ES.v.0
2019-03-01 20:49:00+00:00,33,1,18720,2804.5,2804.75,2804.25,2804.75,1803,ES.v.0
2019-03-01 20:50:00+00:00,33,1,18720,2804.75,2804.75,2803.75,2804.5,2608,ES.v.0
2019-03-01 20:51:00+00:00,33,1,18720,2804.5,2804.5,2803.25,2803.5,1613,ES.v.0
2019-03-01 20:52:00+00:00,33,1,18720,2803.25,2803.5,2803.0,2803.25,2515,ES.v.0
2019-03-01 20:53:00+00:00,33,1,18720,2803.25,2804.0,2803.0,2804.0,2769,ES.v.0
2019-03-01 20:54:00+00:00,33,1,18720,2804.0,2805.0,2803.25,2803.5,5080,ES.v.0
2019-03-01 20:55:00+00:00,33,1,18720,2803.25,2804.5,2802.75,2803.5,8100,ES.v.0
2019-03-01 20:56:00+00:00,33,1,18720,2803.5,2804.0,2803.25,2803.25,3051,ES.v.0
2019-03-01 20:57:00+00:00,33,1,18720,2803.5,2804.25,2803.25,2804.0,3607,ES.v.0
2019-03-01 20:58:00+00:00,33,1,18720,2804.0,2804.75,2804.0,2804.5,6024,ES.v.0
2019-03-01 20:59:00+00:00,33,1,18720,2804.5,2804.75,2802.75,2804.5,44217,ES.v.0
2019-03-01 21:00:00+00:00,33,1,18720,2804.25,2804.75,2803.25,2804.5,16903,ES.v.0
2019-03-01 21:01:00+00:00,33,1,18720,2804.25,2805.0,2804.0,2804.75,4155,ES.v.0
2019-03-01 21:02:00+00:00,33,1,18720,2804.75,2805.0,2804.5,2804.75,2027,ES.v.0
2019-03-01 21:03:00+00:00,33,1,18720,2804.75,2805.0,2804.25,2804.5,2154,ES.v.0
2019-03-01 21:04:00+00:00,33,1,18720,2804.5,2805.5,2804.25,2805.25,2299,ES.v.0
2019-03-01 21:05:00+00:00,33,1,18720,2805.25,2805.5,2804.75,2805.25,2110,ES.v.0
2019-03-01 21:06:00+00:00,33,1,18720,2805.0,2805.25,2804.5,2804.75,1090,ES.v.0
2019-03-01 21:07:00+00:00,33,1,18720,2804.75,2805.25,2804.75,2804.75,698,ES.v.0
2019-03-01 21:08:00+00:00,33,1,18720,2805.0,2805.0,2804.75,2805.0,588,ES.v.0
2019-03-01 21:09:00+00:00,33,1,18720,2805.0,2805.25,2804.75,2805.0,591,ES.v.0
2019-03-01 21:10:00+00:00,33,1,18720,2805.0,2805.25,2804.5,2805.0,1396,ES.v.0
2019-03-01 21:11:00+00:00,33,1,18720,2805.0,2805.25,2805.0,2805.0,554,ES.v.0
2019-03-01 21:12:00+00:00,33,1,18720,2804.75,2805.25,2804.75,2805.25,767,ES.v.0
2019-03-01 21:13:00+00:00,33,1,18720,2805.0,2805.5,2804.75,2805.25,1704,ES.v.0
2019-03-01 21:14:00+00:00,33,1,18720,2805.0,2805.25,2804.5,2805.25,5434,ES.v.0
2019-03-01 21:15:00+00:00,33,1,18720,2805.25,2805.25,2805.25,2805.25,4,ES.v.0
2019-03-01 21:30:00+00:00,33,1,18720,2805.25,2805.75,2805.25,2805.5,1120,ES.v.0
2019-03-01 21:31:00+00:00,33,1,18720,2805.5,2805.75,2805.5,2805.75,114,ES.v.0
2019-03-01 21:32:00+00:00,33,1,18720,2805.75,2806.75,2805.5,2805.75,1600,ES.v.0
2019-03-01 21:33:00+00:00,33,1,18720,2805.75,2806.25,2805.75,2806.25,217,ES.v.0
2019-03-01 21:34:00+00:00,33,1,18720,2806.25,2806.5,2805.75,2806.5,207,ES.v.0
2019-03-01 21:35:00+00:00,33,1,18720,2806.5,2806.75,2806.25,2806.75,132,ES.v.0
2019-03-01 21:36:00+00:00,33,1,18720,2806.75,2806.75,2806.5,2806.5,87,ES.v.0
2019-03-01 21:37:00+00:00,33,1,18720,2806.5,2806.75,2806.0,2806.0,102,ES.v.0
2019-03-01 21:38:00+00:00,33,1,18720,2806.25,2806.5,2806.0,2806.0,169,ES.v.0
2019-03-01 21:39:00+00:00,33,1,18720,2806.25,2806.25,2806.0,2806.0,30,ES.v.0
2019-03-01 21:40:00+00:00,33,1,18720,2806.0,2806.25,2806.0,2806.25,128,ES.v.0
2019-03-01 21:41:00+00:00,33,1,18720,2806.25,2806.25,2806.0,2806.0,10,ES.v.0
2019-03-01 21:42:00+00:00,33,1,18720,2806.0,2806.25,2806.0,2806.25,273,ES.v.0
2019-03-01 21:43:00+00:00,33,1,18720,2806.25,2807.0,2806.25,2806.5,444,ES.v.0
2019-03-01 21:44:00+00:00,33,1,18720,2806.5,2806.5,2806.0,2806.25,160,ES.v.0
2019-03-01 21:45:00+00:00,33,1,18720,2806.5,2806.5,2806.0,2806.5,124,ES.v.0
2019-03-01 21:46:00+00:00,33,1,18720,2806.5,2806.75,2806.5,2806.5,140,ES.v.0
2019-03-01 21:47:00+00:00,33,1,18720,2806.5,2806.75,2806.25,2806.5,98,ES.v.0
2019-03-01 21:48:00+00:00,33,1,18720,2806.25,2806.75,2806.25,2806.75,100,ES.v.0
2019-03-01 21:49:00+00:00,33,1,18720,2806.5,2806.75,2806.5,2806.75,51,ES.v.0
2019-03-01 21:50:00+00:00,33,1,18720,2806.75,2806.75,2806.5,2806.75,89,ES.v.0
2019-03-01 21:51:00+00:00,33,1,18720,2806.75,2807.25,2806.25,2806.75,552,ES.v.0
2019-03-01 21:52:00+00:00,33,1,18720,2806.75,2806.75,2806.25,2806.25,153,ES.v.0
2019-03-01 21:53:00+00:00,33,1,18720,2806.5,2806.75,2806.25,2806.5,127,ES.v.0
2019-03-01 21:54:00+00:00,33,1,18720,2806.5,2807.5,2806.25,2806.75,705,ES.v.0
2019-03-01 21:55:00+00:00,33,1,18720,2807.0,2807.0,2806.75,2806.75,109,ES.v.0
2019-03-01 21:56:00+00:00,33,1,18720,2806.75,2807.25,2806.75,2807.25,181,ES.v.0
2019-03-01 21:57:00+00:00,33,1,18720,2807.0,2807.25,2806.5,2806.5,179,ES.v.0
2019-03-01 21:58:00+00:00,33,1,18720,2806.75,2806.75,2806.25,2806.5,301,ES.v.0
2019-03-01 21:59:00+00:00,33,1,18720,2806.25,2807.0,2806.25,2807.0,576,ES.v.0
2019-03-03 23:00:00+00:00,33,1,18720,2814.0,2814.0,2812.5,2814.0,4440,ES.v.0
2019-03-03 23:01:00+00:00,33,1,18720,2813.75,2814.0,2811.75,2813.0,1804,ES.v.0
2019-03-03 23:02:00+00:00,33,1,18720,2813.0,2813.0,2812.5,2812.5,572,ES.v.0
2019-03-03 23:03:00+00:00,33,1,18720,2812.75,2814.0,2812.75,2814.0,686,ES.v.0
2019-03-03 23:04:00+00:00,33,1,18720,2814.0,2818.5,2814.0,2816.25,3609,ES.v.0
2019-03-03 23:05:00+00:00,33,1,18720,2816.5,2818.5,2816.5,2817.0,1354,ES.v.0
2019-03-03 23:06:00+00:00,33,1,18720,2816.75,2818.0,2816.75,2817.75,386,ES.v.0
2019-03-03 23:07:00+00:00,33,1,18720,2818.0,2819.75,2817.75,2819.0,1035,ES.v.0
2019-03-03 23:08:00+00:00,33,1,18720,2819.0,2819.5,2818.5,2818.5,496,ES.v.0
2019-03-03 23:09:00+00:00,33,1,18720,2818.5,2819.25,2818.25,2818.75,711,ES.v.0
2019-03-03 23:10:00+00:00,33,1,18720,2818.5,2819.0,2818.0,2818.75,440,ES.v.0
2019-03-03 23:11:00+00:00,33,1,18720,2818.75,2819.25,2818.0,2818.25,248,ES.v.0
2019-03-03 23:12:00+00:00,33,1,18720,2818.25,2818.75,2818.0,2818.75,295,ES.v.0
2019-03-03 23:13:00+00:00,33,1,18720,2818.5,2818.75,2818.25,2818.5,393,ES.v.0
2019-03-03 23:14:00+00:00,33,1,18720,2818.75,2818.75,2818.25,2818.25,107,ES.v.0
2019-03-03 23:15:00+00:00,33,1,18720,2818.25,2818.75,2818.25,2818.5,105,ES.v.0
2019-03-03 23:16:00+00:00,33,1,18720,2818.5,2818.75,2818.5,2818.5,113,ES.v.0
2019-03-03 23:17:00+00:00,33,1,18720,2818.75,2819.0,2818.5,2818.5,466,ES.v.0
2019-03-03 23:18:00+00:00,33,1,18720,2818.5,2818.5,2817.75,2817.75,236,ES.v.0
2019-03-03 23:19:00+00:00,33,1,18720,2817.75,2818.25,2817.75,2817.75,84,ES.v.0
2019-03-03 23:20:00+00:00,33,1,18720,2817.75,2818.0,2817.5,2817.75,159,ES.v.0
2019-03-03 23:21:00+00:00,33,1,18720,2817.5,2817.75,2817.5,2817.5,216,ES.v.0
2019-03-03 23:22:00+00:00,33,1,18720,2817.5,2818.25,2817.5,2817.75,142,ES.v.0
2019-03-03 23:23:00+00:00,33,1,18720,2818.0,2818.75,2817.75,2818.5,233,ES.v.0
2019-03-03 23:24:00+00:00,33,1,18720,2818.25,2818.5,2817.75,2818.0,158,ES.v.0
2019-03-03 23:25:00+00:00,33,1,18720,2817.75,2818.0,2817.5,2818.0,87,ES.v.0
2019-03-03 23:26:00+00:00,33,1,18720,2817.75,2818.0,2817.75,2817.75,36,ES.v.0
2019-03-03 23:27:00+00:00,33,1,18720,2817.75,2818.0,2817.25,2817.5,265,ES.v.0
2019-03-03 23:28:00+00:00,33,1,18720,2817.25,2817.5,2817.25,2817.25,68,ES.v.0
2019-03-03 23:29:00+00:00,33,1,18720,2817.5,2817.75,2817.25,2817.25,284,ES.v.0
2019-03-03 23:30:00+00:00,33,1,18720,2817.5,2817.5,2817.25,2817.25,99,ES.v.0
2019-03-03 23:31:00+00:00,33,1,18720,2817.25,2817.5,2817.25,2817.25,246,ES.v.0
2019-03-03 23:32:00+00:00,33,1,18720,2817.0,2817.25,2817.0,2817.25,129,ES.v.0
2019-03-03 23:33:00+00:00,33,1,18720,2817.0,2817.25,2817.0,2817.0,100,ES.v.0
2019-03-03 23:34:00+00:00,33,1,18720,2817.0,2817.5,2817.0,2817.25,116,ES.v.0
2019-03-03 23:35:00+00:00,33,1,18720,2817.5,2817.5,2817.25,2817.5,126,ES.v.0
2019-03-03 23:36:00+00:00,33,1,18720,2817.25,2817.25,2817.0,2817.0,75,ES.v.0
2019-03-03 23:37:00+00:00,33,1,18720,2817.0,2817.25,2817.0,2817.0,130,ES.v.0
2019-03-03 23:38:00+00:00,33,1,18720,2817.25,2817.25,2817.0,2817.0,25,ES.v.0
2019-03-03 23:39:00+00:00,33,1,18720,2817.25,2817.25,2817.0,2817.25,130,ES.v.0
2019-03-03 23:40:00+00:00,33,1,18720,2817.0,2817.5,2817.0,2817.25,60,ES.v.0
2019-03-03 23:41:00+00:00,33,1,18720,2817.5,2817.5,2817.25,2817.25,13,ES.v.0
2019-03-03 23:42:00+00:00,33,1,18720,2817.5,2817.75,2817.5,2817.5,231,ES.v.0
2019-03-03 23:43:00+00:00,33,1,18720,2817.75,2817.75,2817.0,2817.0,199,ES.v.0
2019-03-03 23:44:00+00:00,33,1,18720,2817.0,2817.25,2817.0,2817.0,42,ES.v.0
2019-03-03 23:45:00+00:00,33,1,18720,2817.0,2817.25,2816.75,2817.25,391,ES.v.0
2019-03-03 23:46:00+00:00,33,1,18720,2817.25,2817.75,2817.25,2817.5,186,ES.v.0
2019-03-03 23:47:00+00:00,33,1,18720,2817.5,2817.5,2817.0,2817.0,130,ES.v.0
2019-03-03 23:48:00+00:00,33,1,18720,2817.0,2817.25,2817.0,2817.0,33,ES.v.0
2019-03-03 23:49:00+00:00,33,1,18720,2817.25,2817.25,2817.0,2817.25,42,ES.v.0
2019-03-03 23:50:00+00:00,33,1,18720,2817.0,2817.5,2817.0,2817.5,187,ES.v.0
2019-03-03 23:51:00+00:00,33,1,18720,2817.5,2817.75,2817.5,2817.5,136,ES.v.0
2019-03-03 23:52:00+00:00,33,1,18720,2817.5,2817.75,2817.25,2817.25,118,ES.v.0
2019-03-03 23:53:00+00:00,33,1,18720,2817.25,2817.5,2817.25,2817.25,29,ES.v.0
2019-03-03 23:54:00+00:00,33,1,18720,2817.5,2817.5,2817.25,2817.25,25,ES.v.0
2019-03-03 23:55:00+00:00,33,1,18720,2817.5,2817.5,2817.25,2817.5,153,ES.v.0
2019-03-03 23:56:00+00:00,33,1,18720,2817.5,2817.75,2817.25,2817.25,61,ES.v.0
2019-03-03 23:57:00+00:00,33,1,18720,2817.5,2817.75,2817.5,2817.75,71,ES.v.0
2019-03-03 23:58:00+00:00,33,1,18720,2817.75,2817.75,2817.25,2817.5,281,ES.v.0
2019-03-03 23:59:00+00:00,33,1,18720,2817.5,2817.5,2817.5,2817.5,23,ES.v.0
