timestamp,rtype,publisher_id,instrument_id,open,high,low,close,volume,symbol
2024-09-20 00:00:00+00:00,33,1,106364,20047.5,20054.0,20044.5,20053.75,143,NQ.v.0
2024-09-20 00:01:00+00:00,33,1,106364,20052.0,20053.25,20046.5,20050.0,39,NQ.v.0
2024-09-20 00:02:00+00:00,33,1,106364,20049.5,20054.25,20046.75,20047.75,41,NQ.v.0
2024-09-20 00:03:00+00:00,33,1,106364,20048.25,20052.0,20044.75,20051.5,54,NQ.v.0
2024-09-20 00:04:00+00:00,33,1,106364,20052.75,20053.0,20050.25,20053.0,20,NQ.v.0
2024-09-20 00:05:00+00:00,33,1,106364,20053.0,20055.75,20052.75,20054.75,55,NQ.v.0
2024-09-20 00:06:00+00:00,33,1,106364,20054.25,20056.75,20043.25,20043.5,97,NQ.v.0
2024-09-20 00:07:00+00:00,33,1,106364,20043.5,20045.75,20033.0,20043.75,185,NQ.v.0
2024-09-20 00:08:00+00:00,33,1,106364,20044.5,20049.0,20043.0,20047.0,51,NQ.v.0
2024-09-20 00:09:00+00:00,33,1,106364,20047.5,20047.5,20040.75,20043.5,55,NQ.v.0
2024-09-20 00:10:00+00:00,33,1,106364,20043.5,20043.75,20039.75,20039.75,32,NQ.v.0
2024-09-20 00:11:00+00:00,33,1,106364,20039.75,20040.75,20037.25,20037.25,43,NQ.v.0
2024-09-20 00:12:00+00:00,33,1,106364,20036.25,20037.25,20023.5,20025.25,282,NQ.v.0
2024-09-20 00:13:00+00:00,33,1,106364,20026.0,20033.75,20022.25,20030.25,227,NQ.v.0
2024-09-20 00:14:00+00:00,33,1,106364,20030.5,20036.0,20030.5,20033.75,76,NQ.v.0
2024-09-20 00:15:00+00:00,33,1,106364,20031.75,20036.0,20031.0,20036.0,71,NQ.v.0
2024-09-20 00:16:00+00:00,33,1,106364,20036.5,20039.5,20033.25,20038.75,88,NQ.v.0
2024-09-20 00:17:00+00:00,33,1,106364,20039.5,20041.5,20035.75,20039.75,101,NQ.v.0
2024-09-20 00:18:00+00:00,33,1,106364,20039.0,20039.75,20035.5,20037.25,26,NQ.v.0
2024-09-20 00:19:00+00:00,33,1,106364,20036.75,20040.25,20035.75,20037.5,48,NQ.v.0
2024-09-20 00:20:00+00:00,33,1,106364,20038.25,20038.25,20034.0,20034.25,37,NQ.v.0
2024-09-20 00:21:00+00:00,33,1,106364,20034.25,20037.0,20030.25,20036.75,109,NQ.v.0
2024-09-20 00:22:00+00:00,33,1,106364,20035.75,20039.75,20030.25,20037.25,81,NQ.v.0
2024-09-20 00:23:00+00:00,33,1,106364,20039.0,20040.0,20037.25,20037.25,37,NQ.v.0
2024-09-20 00:24:00+00:00,33,1,106364,20036.0,20038.5,20035.0,20037.25,23,NQ.v.0
2024-09-20 00:25:00+00:00,33,1,106364,20038.0,20043.75,20037.0,20043.75,66,NQ.v.0
2024-09-20 00:26:00+00:00,33,1,106364,20043.5,20048.0,20042.5,20045.0,80,NQ.v.0
2024-09-20 00:27:00+00:00,33,1,106364,20045.25,20045.25,20040.5,20042.0,38,NQ.v.0
2024-09-20 00:28:00+00:00,33,1,106364,20042.0,20044.0,20035.5,20035.75,45,NQ.v.0
2024-09-20 00:29:00+00:00,33,1,106364,20036.5,20043.75,20034.0,20042.5,54,NQ.v.0
2024-09-20 00:30:00+00:00,33,1,106364,20043.25,20043.5,20032.75,20037.25,79,NQ.v.0
2024-09-20 00:31:00+00:00,33,1,106364,20037.0,20037.0,20031.75,20034.75,27,NQ.v.0
2024-09-20 00:32:00+00:00,33,1,106364,20034.0,20035.75,20033.25,20034.5,26,NQ.v.0
2024-09-20 00:33:00+00:00,33,1,106364,20034.5,20035.75,20032.25,20033.75,68,NQ.v.0
2024-09-20 00:34:00+00:00,33,1,106364,20033.75,20035.0,20032.0,20033.0,28,NQ.v.0
2024-09-20 00:35:00+00:00,33,1,106364,20031.75,20037.0,20031.0,20032.0,33,NQ.v.0
2024-09-20 00:36:00+00:00,33,1,106364,20033.0,20033.75,20030.25,20032.75,32,NQ.v.0
2024-09-20 00:37:00+00:00,33,1,106364,20033.0,20037.5,20032.25,20034.5,33,NQ.v.0
2024-09-20 00:38:00+00:00,33,1,106364,20035.25,20040.5,20035.25,20040.25,55,NQ.v.0
2024-09-20 00:39:00+00:00,33,1,106364,20040.5,20040.75,20037.75,20040.25,30,NQ.v.0
2024-09-20 00:40:00+00:00,33,1,106364,20040.25,20041.0,20036.25,20036.25,27,NQ.v.0
2024-09-20 00:41:00+00:00,33,1,106364,20038.0,20038.0,20037.25,20037.5,4,NQ.v.0
2024-09-20 00:42:00+00:00,33,1,106364,20037.25,20040.25,20037.25,20038.25,17,NQ.v.0
2024-09-20 00:43:00+00:00,33,1,106364,20038.25,20038.5,20033.0,20036.5,55,NQ.v.0
2024-09-20 00:44:00+00:00,33,1,106364,20036.25,20036.5,20034.25,20034.25,11,NQ.v.0
2024-09-20 00:45:00+00:00,33,1,106364,20033.0,20036.0,20031.0,20036.0,35,NQ.v.0
2024-09-20 00:46:00+00:00,33,1,106364,20036.25,20037.75,20034.75,20036.75,30,NQ.v.0
2024-09-20 00:47:00+00:00,33,1,106364,20037.25,20037.5,20035.25,20036.5,40,NQ.v.0
2024-09-20 00:48:00+00:00,33,1,106364,20038.0,20039.5,20036.0,20036.25,49,NQ.v.0
2024-09-20 00:49:00+00:00,33,1,106364,20037.25,20037.25,20033.75,20036.0,48,NQ.v.0
2024-09-20 00:50:00+00:00,33,1,106364,20035.75,20037.0,20032.25,20032.25,17,NQ.v.0
2024-09-20 00:51:00+00:00,33,1,106364,20033.25,20033.5,20031.0,20031.0,16,NQ.v.0
2024-09-20 00:52:00+00:00,33,1,106364,20031.0,20033.25,20030.0,20033.25,72,NQ.v.0
2024-09-20 00:53:00+00:00,33,1,106364,20032.5,20034.5,20032.0,20033.5,16,NQ.v.0
2024-09-20 00:54:00+00:00,33,1,106364,20033.25,20039.25,20033.0,20037.0,66,NQ.v.0
2024-09-20 00:55:00+00:00,33,1,106364,20038.0,20041.0,20038.0,20041.0,55,NQ.v.0
2024-09-20 00:56:00+00:00,33,1,106364,20040.75,20042.0,20038.25,20038.75,62,NQ.v.0
2024-09-20 00:57:00+00:00,33,1,106364,20040.0,20040.0,20032.25,20034.0,72,NQ.v.0
2024-09-20 00:58:00+00:00,33,1,106364,20033.25,20036.25,20031.25,20034.25,52,NQ.v.0
2024-09-20 00:59:00+00:00,33,1,106364,20034.75,20037.5,20034.25,20036.0,34,NQ.v.0
2024-09-20 01:00:00+00:00,33,1,106364,20035.5,20039.0,20034.5,20039.0,35,NQ.v.0
2024-09-20 01:01:00+00:00,33,1,106364,20039.5,20044.0,20038.25,20043.75,59,NQ.v.0
2024-09-20 01:02:00+00:00,33,1,106364,20044.0,20048.0,20043.25,20046.5,82,NQ.v.0
2024-09-20 01:03:00+00:00,33,1,106364,20046.5,20046.75,20039.75,20042.25,98,NQ.v.0
2024-09-20 01:04:00+00:00,33,1,106364,20042.0,20044.5,20038.5,20039.0,70,NQ.v.0
2024-09-20 01:05:00+00:00,33,1,106364,20039.25,20043.5,20038.25,20042.0,55,NQ.v.0
2024-09-20 01:06:00+00:00,33,1,106364,20042.75,20044.0,20041.5,20043.25,31,NQ.v.0
2024-09-20 01:07:00+00:00,33,1,106364,20042.25,20043.5,20041.5,20042.5,18,NQ.v.0
2024-09-20 01:08:00+00:00,33,1,106364,20042.5,20042.5,20040.5,20042.0,15,NQ.v.0
2024-09-20 01:09:00+00:00,33,1,106364,20040.5,20041.25,20039.0,20041.25,31,NQ.v.0
2024-09-20 01:10:00+00:00,33,1,106364,20041.0,20041.0,20036.75,20039.0,47,NQ.v.0
2024-09-20 01:11:00+00:00,33,1,106364,20039.5,20040.5,20037.75,20037.75,13,NQ.v.0
2024-09-20 01:12:00+00:00,33,1,106364,20038.5,20043.0,20038.5,20042.25,31,NQ.v.0
2024-09-20 01:13:00+00:00,33,1,106364,20042.0,20045.75,20042.0,20044.5,39,NQ.v.0
2024-09-20 01:14:00+00:00,33,1,106364,20045.75,20046.75,20044.0,20044.75,46,NQ.v.0
2024-09-20 01:15:00+00:00,33,1,106364,20044.25,20045.0,20042.0,20042.5,41,NQ.v.0
2024-09-20 01:16:00+00:00,33,1,106364,20042.0,20042.5,20037.5,20040.5,93,NQ.v.0
2024-09-20 01:17:00+00:00,33,1,106364,20040.75,20041.25,20040.25,20040.5,13,NQ.v.0
2024-09-20 01:18:00+00:00,33,1,106364,20040.0,20043.0,20039.75,20043.0,20,NQ.v.0
2024-09-20 01:19:00+00:00,33,1,106364,20042.25,20043.25,20038.5,20038.5,31,NQ.v.0
2024-09-20 01:20:00+00:00,33,1,106364,20039.0,20040.0,20038.0,20038.0,22,NQ.v.0
2024-09-20 01:21:00+00:00,33,1,106364,20039.75,20039.75,20038.5,20038.5,4,NQ.v.0
2024-09-20 01:22:00+00:00,33,1,106364,20037.75,20040.5,20037.75,20040.5,11,NQ.v.0
2024-09-20 01:23:00+00:00,33,1,106364,20039.25,20040.75,20038.5,20038.5,22,NQ.v.0
2024-09-20 01:24:00+00:00,33,1,106364,20038.0,20039.25,20036.5,20039.25,31,NQ.v.0
2024-09-20 01:25:00+00:00,33,1,106364,20038.5,20041.5,20036.75,20038.5,37,NQ.v.0
2024-09-20 01:26:00+00:00,33,1,106364,20038.25,20039.0,20035.75,20037.75,34,NQ.v.0
2024-09-20 01:27:00+00:00,33,1,106364,20038.0,20042.75,20037.75,20039.75,65,NQ.v.0
2024-09-20 01:28:00+00:00,33,1,106364,20039.5,20042.5,20036.75,20036.75,80,NQ.v.0
2024-09-20 01:29:00+00:00,33,1,106364,20036.25,20038.0,20036.25,20037.25,33,NQ.v.0
2024-09-20 01:30:00+00:00,33,1,106364,20037.75,20044.5,20037.5,20041.5,69,NQ.v.0
2024-09-20 01:31:00+00:00,33,1,106364,20041.25,20042.25,20037.25,20038.5,36,NQ.v.0
2024-09-20 01:32:00+00:00,33,1,106364,20038.5,20043.0,20038.25,20043.0,28,NQ.v.0
2024-09-20 01:33:00+00:00,33,1,106364,20043.0,20044.25,20040.0,20040.0,68,NQ.v.0
2024-09-20 01:34:00+00:00,33,1,106364,20039.75,20041.25,20038.0,20038.75,53,NQ.v.0
2024-09-20 01:35:00+00:00,33,1,106364,20039.0,20042.25,20037.5,20041.0,38,NQ.v.0
2024-09-20 01:36:00+00:00,33,1,106364,20041.0,20042.5,20041.0,20042.5,11,NQ.v.0
2024-09-20 01:37:00+00:00,33,1,106364,20041.25,20044.25,20041.25,20043.5,26,NQ.v.0
2024-09-20 01:38:00+00:00,33,1,106364,20042.75,20044.75,20042.0,20042.75,39,NQ.v.0
2024-09-20 01:39:00+00:00,33,1,106364,20043.25,20043.25,20040.0,20040.0,20,NQ.v.0
2024-09-20 01:40:00+00:00,33,1,106364,20039.5,20040.0,20032.0,20039.25,146,NQ.v.0
2024-09-20 01:41:00+00:00,33,1,106364,20039.0,20039.75,20037.5,20037.5,26,NQ.v.0
2024-09-20 01:42:00+00:00,33,1,106364,20037.5,20040.0,20036.75,20039.75,13,NQ.v.0
2024-09-20 01:43:00+00:00,33,1,106364,20039.75,20044.5,20039.75,20043.0,85,NQ.v.0
2024-09-20 01:44:00+00:00,33,1,106364,20042.5,20044.25,20041.25,20041.5,23,NQ.v.0
2024-09-20 01:45:00+00:00,33,1,106364,20042.0,20043.0,20040.75,20043.0,36,NQ.v.0
2024-09-20 01:46:00+00:00,33,1,106364,20043.5,20048.0,20042.5,20045.0,125,NQ.v.0
2024-09-20 01:47:00+00:00,33,1,106364,20045.0,20049.75,20045.0,20048.5,96,NQ.v.0
2024-09-20 01:48:00+00:00,33,1,106364,20048.75,20050.0,20046.75,20047.5,66,NQ.v.0
2024-09-20 01:49:00+00:00,33,1,106364,20048.0,20049.25,20046.75,20048.25,54,NQ.v.0
2024-09-20 01:50:00+00:00,33,1,106364,20048.0,20051.75,20047.25,20049.25,156,NQ.v.0
2024-09-20 01:51:00+00:00,33,1,106364,20049.25,20050.5,20048.0,20050.0,63,NQ.v.0
2024-09-20 01:52:00+00:00,33,1,106364,20049.25,20051.5,20048.0,20050.0,70,NQ.v.0
2024-09-20 01:53:00+00:00,33,1,106364,20049.75,20051.5,20049.5,20050.0,32,NQ.v.0
2024-09-20 01:54:00+00:00,33,1,106364,20050.0,20056.5,20050.0,20055.25,147,NQ.v.0
2024-09-20 01:55:00+00:00,33,1,106364,20055.0,20061.25,20053.5,20054.5,208,NQ.v.0
2024-09-20 01:56:00+00:00,33,1,106364,20053.75,20054.0,20049.5,20050.5,92,NQ.v.0
2024-09-20 01:57:00+00:00,33,1,106364,20051.0,20052.75,20045.75,20051.5,137,NQ.v.0
2024-09-20 01:58:00+00:00,33,1,106364,20051.5,20053.5,20051.5,20053.25,22,NQ.v.0
2024-09-20 01:59:00+00:00,33,1,106364,20053.75,20056.0,20053.5,20055.75,35,NQ.v.0
2024-09-20 02:00:00+00:00,33,1,106364,20055.0,20057.0,20052.75,20055.0,67,NQ.v.0
2024-09-20 02:01:00+00:00,33,1,106364,20055.25,20059.75,20054.75,20058.0,55,NQ.v.0
2024-09-20 02:02:00+00:00,33,1,106364,20058.25,20061.5,20057.5,20061.5,48,NQ.v.0
2024-09-20 02:03:00+00:00,33,1,106364,20060.75,20070.0,20060.75,20070.0,240,NQ.v.0
2024-09-20 02:04:00+00:00,33,1,106364,20069.5,20070.5,20064.5,20065.5,142,NQ.v.0
2024-09-20 02:05:00+00:00,33,1,106364,20065.25,20066.0,20060.5,20062.0,120,NQ.v.0
2024-09-20 02:06:00+00:00,33,1,106364,20061.25,20062.0,20057.75,20058.75,85,NQ.v.0
2024-09-20 02:07:00+00:00,33,1,106364,20059.25,20061.75,20058.5,20059.5,52,NQ.v.0
2024-09-20 02:08:00+00:00,33,1,106364,20059.5,20060.25,20057.5,20059.75,32,NQ.v.0
2024-09-20 02:09:00+00:00,33,1,106364,20059.0,20059.0,20050.0,20051.75,141,NQ.v.0
2024-09-20 02:10:00+00:00,33,1,106364,20050.5,20051.5,20048.5,20050.5,48,NQ.v.0
2024-09-20 02:11:00+00:00,33,1,106364,20050.5,20053.5,20049.75,20051.0,77,NQ.v.0
2024-09-20 02:12:00+00:00,33,1,106364,20051.5,20054.25,20049.0,20051.0,37,NQ.v.0
2024-09-20 02:13:00+00:00,33,1,106364,20051.0,20056.0,20050.5,20055.75,42,NQ.v.0
2024-09-20 02:14:00+00:00,33,1,106364,20054.75,20057.75,20054.0,20057.0,96,NQ.v.0
2024-09-20 02:15:00+00:00,33,1,106364,20056.75,20056.75,20054.25,20055.75,52,NQ.v.0
2024-09-20 02:16:00+00:00,33,1,106364,20056.75,20059.25,20056.25,20057.0,63,NQ.v.0
2024-09-20 02:17:00+00:00,33,1,106364,20057.25,20057.25,20052.75,20053.5,69,NQ.v.0
2024-09-20 02:18:00+00:00,33,1,106364,20053.75,20054.25,20048.75,20049.5,67,NQ.v.0
2024-09-20 02:19:00+00:00,33,1,106364,20049.25,20049.25,20044.25,20045.0,81,NQ.v.0
2024-09-20 02:20:00+00:00,33,1,106364,20044.75,20047.0,20042.0,20043.25,113,NQ.v.0
2024-09-20 02:21:00+00:00,33,1,106364,20042.5,20045.5,20039.0,20039.0,172,NQ.v.0
2024-09-20 02:22:00+00:00,33,1,106364,20040.5,20043.75,20039.75,20042.75,32,NQ.v.0
2024-09-20 02:23:00+00:00,33,1,106364,20043.0,20044.0,20040.75,20041.5,35,NQ.v.0
2024-09-20 02:24:00+00:00,33,1,106364,20041.5,20044.0,20040.75,20043.75,23,NQ.v.0
2024-09-20 02:25:00+00:00,33,1,106364,20043.25,20045.5,20042.25,20045.25,62,NQ.v.0
2024-09-20 02:26:00+00:00,33,1,106364,20044.25,20044.25,20042.25,20044.0,25,NQ.v.0
2024-09-20 02:27:00+00:00,33,1,106364,20044.0,20046.5,20043.0,20045.5,30,NQ.v.0
2024-09-20 02:28:00+00:00,33,1,106364,20046.75,20047.5,20043.75,20043.75,54,NQ.v.0
2024-09-20 02:29:00+00:00,33,1,106364,20043.5,20045.5,20043.25,20044.75,19,NQ.v.0
2024-09-20 02:30:00+00:00,33,1,106364,20045.0,20046.25,20042.5,20045.5,23,NQ.v.0
2024-09-20 02:31:00+00:00,33,1,106364,20046.25,20048.75,20044.5,20044.5,49,NQ.v.0
2024-09-20 02:32:00+00:00,33,1,106364,20045.25,20048.75,20044.25,20046.25,55,NQ.v.0
2024-09-20 02:33:00+00:00,33,1,106364,20047.0,20047.25,20043.25,20045.75,21,NQ.v.0
2024-09-20 02:34:00+00:00,33,1,106364,20046.5,20049.0,20045.5,20045.75,40,NQ.v.0
2024-09-20 02:35:00+00:00,33,1,106364,20045.0,20045.25,20043.5,20044.25,31,NQ.v.0
2024-09-20 02:36:00+00:00,33,1,106364,20043.5,20043.5,20039.75,20040.0,48,NQ.v.0
2024-09-20 02:37:00+00:00,33,1,106364,20039.75,20042.5,20039.0,20042.5,48,NQ.v.0
2024-09-20 02:38:00+00:00,33,1,106364,20041.5,20043.25,20040.25,20041.25,27,NQ.v.0
2024-09-20 02:39:00+00:00,33,1,106364,20041.25,20041.25,20038.5,20040.25,33,NQ.v.0
2024-09-20 02:40:00+00:00,33,1,106364,20041.0,20043.0,20040.0,20042.75,31,NQ.v.0
2024-09-20 02:41:00+00:00,33,1,106364,20042.0,20042.0,20040.75,20041.5,12,NQ.v.0
2024-09-20 02:42:00+00:00,33,1,106364,20041.0,20041.0,20035.25,20035.25,93,NQ.v.0
2024-09-20 02:43:00+00:00,33,1,106364,20035.75,20039.75,20035.75,20039.5,40,NQ.v.0
2024-09-20 02:44:00+00:00,33,1,106364,20039.5,20040.0,20038.25,20039.25,14,NQ.v.0
2024-09-20 02:45:00+00:00,33,1,106364,20039.0,20039.0,20037.75,20039.0,16,NQ.v.0
2024-09-20 02:46:00+00:00,33,1,106364,20039.5,20042.0,20039.25,20042.0,24,NQ.v.0
2024-09-20 02:47:00+00:00,33,1,106364,20041.0,20041.25,20040.5,20040.75,11,NQ.v.0
2024-09-20 02:48:00+00:00,33,1,106364,20040.0,20040.0,20033.5,20035.0,144,NQ.v.0
2024-09-20 02:49:00+00:00,33,1,106364,20034.75,20034.75,20029.5,20029.75,104,NQ.v.0
2024-09-20 02:50:00+00:00,33,1,106364,20030.0,20031.0,20025.5,20025.75,88,NQ.v.0
2024-09-20 02:51:00+00:00,33,1,106364,20026.75,20028.0,20025.5,20026.25,63,NQ.v.0
2024-09-20 02:52:00+00:00,33,1,106364,20026.25,20028.0,20023.5,20024.75,83,NQ.v.0
2024-09-20 02:53:00+00:00,33,1,106364,20024.75,20027.25,20022.5,20025.75,64,NQ.v.0
2024-09-20 02:54:00+00:00,33,1,106364,20027.5,20028.75,20024.0,20027.75,65,NQ.v.0
2024-09-20 02:55:00+00:00,33,1,106364,20028.75,20030.0,20026.0,20028.75,31,NQ.v.0
2024-09-20 02:56:00+00:00,33,1,106364,20029.0,20029.0,20026.25,20027.5,41,NQ.v.0
2024-09-20 02:57:00+00:00,33,1,106364,20027.25,20029.0,20025.5,20029.0,18,NQ.v.0
2024-09-20 02:58:00+00:00,33,1,106364,20027.75,20027.75,20020.75,20022.5,107,NQ.v.0
2024-09-20 02:59:00+00:00,33,1,106364,20022.5,20028.0,20022.25,20027.5,28,NQ.v.0
2024-09-20 03:00:00+00:00,33,1,106364,20027.75,20030.5,20026.5,20026.75,69,NQ.v.0
2024-09-20 03:01:00+00:00,33,1,106364,20028.25,20029.25,20026.5,20027.5,37,NQ.v.0
2024-09-20 03:02:00+00:00,33,1,106364,20028.5,20030.25,20027.5,20028.75,24,NQ.v.0
2024-09-20 03:03:00+00:00,33,1,106364,20028.5,20032.75,20027.75,20031.0,39,NQ.v.0
2024-09-20 03:04:00+00:00,33,1,106364,20031.75,20033.0,20029.0,20029.5,70,NQ.v.0
2024-09-20 03:05:00+00:00,33,1,106364,20029.5,20031.0,20026.25,20027.0,80,NQ.v.0
2024-09-20 03:06:00+00:00,33,1,106364,20027.75,20028.5,20024.25,20024.25,39,NQ.v.0
2024-09-20 03:07:00+00:00,33,1,106364,20024.25,20029.25,20021.25,20029.25,145,NQ.v.0
2024-09-20 03:08:00+00:00,33,1,106364,20028.75,20030.5,20028.25,20030.5,15,NQ.v.0
2024-09-20 03:09:00+00:00,33,1,106364,20029.5,20033.5,20029.5,20032.5,53,NQ.v.0
2024-09-20 03:10:00+00:00,33,1,106364,20031.5,20034.25,20031.25,20034.0,48,NQ.v.0
2024-09-20 03:11:00+00:00,33,1,106364,20033.5,20034.75,20031.75,20032.0,61,NQ.v.0
2024-09-20 03:12:00+00:00,33,1,106364,20032.75,20034.75,20029.75,20029.75,47,NQ.v.0
2024-09-20 03:13:00+00:00,33,1,106364,20030.0,20033.0,20030.0,20031.75,25,NQ.v.0
2024-09-20 03:14:00+00:00,33,1,106364,20032.5,20033.0,20030.5,20032.0,20,NQ.v.0
2024-09-20 03:15:00+00:00,33,1,106364,20031.75,20037.0,20031.75,20033.25,92,NQ.v.0
2024-09-20 03:16:00+00:00,33,1,106364,20034.0,20035.75,20033.25,20035.5,29,NQ.v.0
2024-09-20 03:17:00+00:00,33,1,106364,20034.5,20038.25,20034.0,20038.25,33,NQ.v.0
2024-09-20 03:18:00+00:00,33,1,106364,20037.5,20041.75,20037.0,20041.75,62,NQ.v.0
2024-09-20 03:19:00+00:00,33,1,106364,20041.75,20042.75,20040.25,20041.75,54,NQ.v.0
2024-09-20 03:20:00+00:00,33,1,106364,20042.5,20042.5,20039.0,20039.75,29,NQ.v.0
2024-09-20 03:21:00+00:00,33,1,106364,20039.75,20040.0,20038.5,20038.75,14,NQ.v.0
2024-09-20 03:22:00+00:00,33,1,106364,20038.0,20038.25,20034.25,20035.0,63,NQ.v.0
2024-09-20 03:23:00+00:00,33,1,106364,20034.75,20034.75,20032.5,20033.25,46,NQ.v.0
2024-09-20 03:24:00+00:00,33,1,106364,20033.75,20036.25,20032.0,20036.25,26,NQ.v.0
2024-09-20 03:25:00+00:00,33,1,106364,20036.75,20039.0,20034.25,20034.25,32,NQ.v.0
2024-09-20 03:26:00+00:00,33,1,106364,20034.25,20039.0,20034.0,20037.5,39,NQ.v.0
2024-09-20 03:27:00+00:00,33,1,106364,20036.5,20039.5,20036.5,20039.0,27,NQ.v.0
2024-09-20 03:28:00+00:00,33,1,106364,20039.0,20040.5,20037.75,20037.75,22,NQ.v.0
2024-09-20 03:29:00+00:00,33,1,106364,20037.5,20040.5,20037.5,20040.5,26,NQ.v.0
2024-09-20 03:30:00+00:00,33,1,106364,20040.5,20044.75,20039.0,20044.0,59,NQ.v.0
2024-09-20 03:31:00+00:00,33,1,106364,20043.5,20048.0,20043.5,20045.75,87,NQ.v.0
2024-09-20 03:32:00+00:00,33,1,106364,20045.25,20047.0,20044.25,20046.75,82,NQ.v.0
2024-09-20 03:33:00+00:00,33,1,106364,20046.75,20048.0,20046.0,20046.75,33,NQ.v.0
2024-09-20 03:34:00+00:00,33,1,106364,20047.0,20047.25,20045.25,20045.5,28,NQ.v.0
2024-09-20 03:35:00+00:00,33,1,106364,20045.75,20046.0,20043.0,20046.0,28,NQ.v.0
2024-09-20 03:36:00+00:00,33,1,106364,20046.75,20049.25,20046.75,20048.5,52,NQ.v.0
2024-09-20 03:37:00+00:00,33,1,106364,20048.75,20049.25,20047.0,20047.25,29,NQ.v.0
2024-09-20 03:38:00+00:00,33,1,106364,20048.0,20055.0,20047.25,20054.0,134,NQ.v.0
2024-09-20 03:39:00+00:00,33,1,106364,20053.25,20054.25,20051.0,20051.0,40,NQ.v.0
2024-09-20 03:40:00+00:00,33,1,106364,20051.0,20054.0,20050.0,20051.0,73,NQ.v.0
2024-09-20 03:41:00+00:00,33,1,106364,20050.0,20050.25,20047.5,20050.25,38,NQ.v.0
2024-09-20 03:42:00+00:00,33,1,106364,20050.0,20050.5,20048.25,20049.5,23,NQ.v.0
2024-09-20 03:43:00+00:00,33,1,106364,20049.25,20050.5,20049.0,20050.25,43,NQ.v.0
2024-09-20 03:44:00+00:00,33,1,106364,20049.75,20051.25,20049.0,20050.0,29,NQ.v.0
2024-09-20 03:45:00+00:00,33,1,106364,20050.0,20052.75,20050.0,20051.25,22,NQ.v.0
2024-09-20 03:46:00+00:00,33,1,106364,20051.5,20051.5,20048.25,20048.25,22,NQ.v.0
2024-09-20 03:47:00+00:00,33,1,106364,20048.0,20049.25,20047.75,20049.0,16,NQ.v.0
2024-09-20 03:48:00+00:00,33,1,106364,20048.0,20051.5,20047.75,20048.5,23,NQ.v.0
2024-09-20 03:49:00+00:00,33,1,106364,20048.5,20049.25,20047.0,20049.0,40,NQ.v.0
2024-09-20 03:50:00+00:00,33,1,106364,20049.25,20050.5,20049.25,20049.75,38,NQ.v.0
2024-09-20 03:51:00+00:00,33,1,106364,20049.75,20049.75,20047.75,20049.0,13,NQ.v.0
2024-09-20 03:52:00+00:00,33,1,106364,20048.5,20049.5,20048.25,20048.25,13,NQ.v.0
2024-09-20 03:53:00+00:00,33,1,106364,20049.5,20050.5,20049.5,20050.25,10,NQ.v.0
2024-09-20 03:54:00+00:00,33,1,106364,20049.75,20049.75,20047.75,20049.25,22,NQ.v.0
2024-09-20 03:55:00+00:00,33,1,106364,20048.0,20049.0,20047.25,20048.75,13,NQ.v.0
2024-09-20 03:56:00+00:00,33,1,106364,20048.75,20052.0,20048.5,20052.0,21,NQ.v.0
2024-09-20 03:57:00+00:00,33,1,106364,20052.25,20054.5,20052.25,20052.75,77,NQ.v.0
2024-09-20 03:58:00+00:00,33,1,106364,20052.25,20053.25,20050.75,20050.75,35,NQ.v.0
2024-09-20 03:59:00+00:00,33,1,106364,20051.5,20051.75,20050.5,20051.25,37,NQ.v.0
2024-09-20 04:00:00+00:00,33,1,106364,20051.5,20052.5,20049.5,20049.75,52,NQ.v.0
2024-09-20 04:01:00+00:00,33,1,106364,20049.25,20052.0,20047.25,20052.0,89,NQ.v.0
2024-09-20 04:02:00+00:00,33,1,106364,20050.75,20050.75,20047.5,20050.0,46,NQ.v.0
2024-09-20 04:03:00+00:00,33,1,106364,20050.0,20053.75,20049.0,20050.5,58,NQ.v.0
2024-09-20 04:04:00+00:00,33,1,106364,20050.75,20050.75,20046.0,20049.25,71,NQ.v.0
2024-09-20 04:05:00+00:00,33,1,106364,20049.0,20049.0,20045.25,20047.75,53,NQ.v.0
2024-09-20 04:06:00+00:00,33,1,106364,20046.75,20048.5,20045.75,20048.5,34,NQ.v.0
2024-09-20 04:07:00+00:00,33,1,106364,20048.25,20050.75,20047.5,20050.75,48,NQ.v.0
2024-09-20 04:08:00+00:00,33,1,106364,20050.25,20052.75,20049.5,20050.25,35,NQ.v.0
2024-09-20 04:09:00+00:00,33,1,106364,20051.25,20053.75,20050.75,20053.0,27,NQ.v.0
2024-09-20 04:10:00+00:00,33,1,106364,20052.25,20052.75,20051.25,20051.75,25,NQ.v.0
2024-09-20 04:11:00+00:00,33,1,106364,20052.0,20054.5,20050.25,20054.25,69,NQ.v.0
2024-09-20 04:12:00+00:00,33,1,106364,20054.5,20057.0,20054.5,20055.0,56,NQ.v.0
2024-09-20 04:13:00+00:00,33,1,106364,20055.5,20056.0,20054.25,20055.75,16,NQ.v.0
2024-09-20 04:14:00+00:00,33,1,106364,20056.5,20057.75,20055.5,20055.75,81,NQ.v.0
2024-09-20 04:15:00+00:00,33,1,106364,20055.0,20055.75,20052.25,20052.75,67,NQ.v.0
2024-09-20 04:16:00+00:00,33,1,106364,20052.0,20052.0,20043.75,20043.75,158,NQ.v.0
2024-09-20 04:17:00+00:00,33,1,106364,20043.5,20046.0,20042.25,20044.0,50,NQ.v.0
2024-09-20 04:18:00+00:00,33,1,106364,20043.0,20046.0,20042.75,20043.25,26,NQ.v.0
2024-09-20 04:19:00+00:00,33,1,106364,20044.25,20047.5,20044.25,20045.5,27,NQ.v.0
2024-09-20 04:20:00+00:00,33,1,106364,20046.5,20050.25,20046.5,20049.75,57,NQ.v.0
2024-09-20 04:21:00+00:00,33,1,106364,20049.75,20054.75,20049.75,20052.75,58,NQ.v.0
2024-09-20 04:22:00+00:00,33,1,106364,20053.0,20053.0,20050.25,20051.25,23,NQ.v.0
2024-09-20 04:23:00+00:00,33,1,106364,20052.75,20052.75,20050.75,20052.5,29,NQ.v.0
2024-09-20 04:24:00+00:00,33,1,106364,20052.0,20052.25,20050.75,20052.25,15,NQ.v.0
2024-09-20 04:25:00+00:00,33,1,106364,20053.0,20053.0,20051.5,20051.5,11,NQ.v.0
2024-09-20 04:26:00+00:00,33,1,106364,20051.5,20053.25,20050.5,20053.25,18,NQ.v.0
2024-09-20 04:27:00+00:00,33,1,106364,20053.25,20055.5,20053.0,20055.5,42,NQ.v.0
2024-09-20 04:28:00+00:00,33,1,106364,20055.75,20056.75,20053.5,20054.5,39,NQ.v.0
2024-09-20 04:29:00+00:00,33,1,106364,20054.75,20057.0,20054.75,20056.5,38,NQ.v.0
2024-09-20 04:30:00+00:00,33,1,106364,20056.75,20060.0,20056.75,20059.5,112,NQ.v.0
2024-09-20 04:31:00+00:00,33,1,106364,20059.5,20061.5,20058.25,20060.0,60,NQ.v.0
2024-09-20 04:32:00+00:00,33,1,106364,20059.75,20060.5,20058.5,20058.5,16,NQ.v.0
2024-09-20 04:33:00+00:00,33,1,106364,20059.25,20061.5,20059.25,20059.75,36,NQ.v.0
2024-09-20 04:34:00+00:00,33,1,106364,20059.25,20059.5,20058.5,20059.5,25,NQ.v.0
2024-09-20 04:35:00+00:00,33,1,106364,20058.5,20060.0,20057.75,20059.75,40,NQ.v.0
2024-09-20 04:36:00+00:00,33,1,106364,20060.75,20060.75,20059.0,20059.5,23,NQ.v.0
2024-09-20 04:37:00+00:00,33,1,106364,20059.5,20062.25,20059.5,20061.0,21,NQ.v.0
2024-09-20 04:38:00+00:00,33,1,106364,20061.25,20063.5,20060.5,20061.0,45,NQ.v.0
2024-09-20 04:39:00+00:00,33,1,106364,20060.75,20061.5,20060.0,20060.0,17,NQ.v.0
2024-09-20 04:40:00+00:00,33,1,106364,20060.25,20060.75,20059.75,20060.0,19,NQ.v.0
2024-09-20 04:41:00+00:00,33,1,106364,20060.25,20060.25,20058.25,20058.25,18,NQ.v.0
2024-09-20 04:42:00+00:00,33,1,106364,20059.0,20061.75,20058.75,20058.75,21,NQ.v.0
2024-09-20 04:43:00+00:00,33,1,106364,20059.75,20059.75,20057.25,20059.0,28,NQ.v.0
2024-09-20 04:44:00+00:00,33,1,106364,20059.25,20060.25,20058.75,20059.5,40,NQ.v.0
2024-09-20 04:45:00+00:00,33,1,106364,20059.5,20061.25,20059.5,20060.25,13,NQ.v.0
2024-09-20 04:46:00+00:00,33,1,106364,20060.0,20060.0,20058.0,20058.5,28,NQ.v.0
2024-09-20 04:47:00+00:00,33,1,106364,20058.0,20059.25,20058.0,20058.5,13,NQ.v.0
2024-09-20 04:48:00+00:00,33,1,106364,20057.5,20061.75,20057.5,20061.75,11,NQ.v.0
2024-09-20 04:49:00+00:00,33,1,106364,20061.75,20061.75,20061.25,20061.25,3,NQ.v.0
2024-09-20 04:50:00+00:00,33,1,106364,20061.75,20062.25,20060.25,20060.25,21,NQ.v.0
2024-09-20 04:51:00+00:00,33,1,106364,20060.25,20060.75,20059.75,20060.75,17,NQ.v.0
2024-09-20 04:52:00+00:00,33,1,106364,20059.5,20060.25,20058.0,20060.0,40,NQ.v.0
2024-09-20 04:53:00+00:00,33,1,106364,20060.5,20061.25,20059.0,20060.0,21,NQ.v.0
2024-09-20 04:54:00+00:00,33,1,106364,20059.5,20059.75,20057.25,20058.5,14,NQ.v.0
2024-09-20 04:55:00+00:00,33,1,106364,20057.75,20059.75,20057.5,20059.25,15,NQ.v.0
2024-09-20 04:56:00+00:00,33,1,106364,20058.75,20060.5,20058.5,20059.75,11,NQ.v.0
2024-09-20 04:57:00+00:00,33,1,106364,20060.0,20060.5,20056.0,20056.5,47,NQ.v.0
2024-09-20 04:58:00+00:00,33,1,106364,20056.25,20058.25,20056.25,20058.0,22,NQ.v.0
2024-09-20 04:59:00+00:00,33,1,106364,20058.0,20058.25,20056.5,20057.75,15,NQ.v.0
2024-09-20 05:00:00+00:00,33,1,106364,20057.25,20057.25,20055.5,20057.0,24,NQ.v.0
2024-09-20 05:01:00+00:00,33,1,106364,20056.5,20056.5,20053.25,20054.5,73,NQ.v.0
2024-09-20 05:02:00+00:00,33,1,106364,20054.25,20055.25,20051.25,20051.5,24,NQ.v.0
2024-09-20 05:03:00+00:00,33,1,106364,20052.25,20053.5,20050.0,20051.5,54,NQ.v.0
2024-09-20 05:04:00+00:00,33,1,106364,20052.0,20052.0,20048.75,20048.75,33,NQ.v.0
2024-09-20 05:05:00+00:00,33,1,106364,20050.0,20050.25,20046.75,20047.5,42,NQ.v.0
2024-09-20 05:06:00+00:00,33,1,106364,20047.75,20049.0,20044.75,20046.0,47,NQ.v.0
2024-09-20 05:07:00+00:00,33,1,106364,20046.5,20046.75,20041.0,20044.0,82,NQ.v.0
2024-09-20 05:08:00+00:00,33,1,106364,20043.5,20046.75,20043.25,20043.5,46,NQ.v.0
2024-09-20 05:09:00+00:00,33,1,106364,20043.0,20046.25,20040.75,20042.5,45,NQ.v.0
2024-09-20 05:10:00+00:00,33,1,106364,20041.5,20045.25,20039.5,20043.5,82,NQ.v.0
2024-09-20 05:11:00+00:00,33,1,106364,20045.25,20047.0,20044.25,20045.0,50,NQ.v.0
2024-09-20 05:12:00+00:00,33,1,106364,20044.5,20046.75,20042.5,20044.75,26,NQ.v.0
2024-09-20 05:13:00+00:00,33,1,106364,20044.5,20045.25,20044.0,20044.0,21,NQ.v.0
2024-09-20 05:14:00+00:00,33,1,106364,20045.0,20045.5,20044.0,20044.0,12,NQ.v.0
2024-09-20 05:15:00+00:00,33,1,106364,20044.75,20044.75,20042.5,20044.25,26,NQ.v.0
2024-09-20 05:16:00+00:00,33,1,106364,20043.5,20043.5,20041.25,20041.75,31,NQ.v.0
2024-09-20 05:17:00+00:00,33,1,106364,20041.25,20042.75,20040.75,20042.0,24,NQ.v.0
2024-09-20 05:18:00+00:00,33,1,106364,20043.0,20043.25,20040.5,20041.75,12,NQ.v.0
2024-09-20 05:19:00+00:00,33,1,106364,20041.0,20043.25,20041.0,20043.25,11,NQ.v.0
2024-09-20 05:20:00+00:00,33,1,106364,20042.5,20043.0,20041.25,20042.25,10,NQ.v.0
2024-09-20 05:21:00+00:00,33,1,106364,20042.75,20042.75,20038.25,20041.25,49,NQ.v.0
2024-09-20 05:22:00+00:00,33,1,106364,20040.5,20042.0,20038.25,20038.25,42,NQ.v.0
2024-09-20 05:23:00+00:00,33,1,106364,20038.0,20038.5,20033.0,20034.25,149,NQ.v.0
2024-09-20 05:24:00+00:00,33,1,106364,20034.75,20036.75,20033.75,20034.75,33,NQ.v.0
2024-09-20 05:25:00+00:00,33,1,106364,20035.0,20036.75,20034.75,20035.75,27,NQ.v.0
2024-09-20 05:26:00+00:00,33,1,106364,20037.25,20039.75,20037.25,20039.25,19,NQ.v.0
2024-09-20 05:27:00+00:00,33,1,106364,20039.75,20043.0,20039.5,20042.5,56,NQ.v.0
2024-09-20 05:28:00+00:00,33,1,106364,20042.5,20042.5,20037.0,20038.0,39,NQ.v.0
2024-09-20 05:29:00+00:00,33,1,106364,20037.75,20039.0,20037.75,20039.0,8,NQ.v.0
2024-09-20 05:30:00+00:00,33,1,106364,20039.75,20039.75,20035.25,20036.0,27,NQ.v.0
2024-09-20 05:31:00+00:00,33,1,106364,20035.75,20035.75,20033.25,20033.5,40,NQ.v.0
2024-09-20 05:32:00+00:00,33,1,106364,20033.25,20034.25,20030.25,20034.25,51,NQ.v.0
2024-09-20 05:33:00+00:00,33,1,106364,20033.25,20034.0,20030.5,20031.5,17,NQ.v.0
2024-09-20 05:34:00+00:00,33,1,106364,20033.0,20034.75,20031.75,20032.75,22,NQ.v.0
2024-09-20 05:35:00+00:00,33,1,106364,20033.0,20033.0,20031.5,20031.75,23,NQ.v.0
2024-09-20 05:36:00+00:00,33,1,106364,20033.0,20035.25,20032.0,20035.0,32,NQ.v.0
2024-09-20 05:37:00+00:00,33,1,106364,20034.0,20034.75,20032.0,20032.25,18,NQ.v.0
2024-09-20 05:38:00+00:00,33,1,106364,20032.0,20033.75,20031.75,20033.25,15,NQ.v.0
2024-09-20 05:39:00+00:00,33,1,106364,20033.25,20034.0,20030.75,20033.0,25,NQ.v.0
2024-09-20 05:40:00+00:00,33,1,106364,20033.25,20037.0,20032.25,20036.5,21,NQ.v.0
2024-09-20 05:41:00+00:00,33,1,106364,20036.0,20038.75,20035.0,20035.0,41,NQ.v.0
2024-09-20 05:42:00+00:00,33,1,106364,20035.75,20037.5,20033.0,20035.25,30,NQ.v.0
2024-09-20 05:43:00+00:00,33,1,106364,20035.75,20039.25,20035.0,20036.25,32,NQ.v.0
2024-09-20 05:44:00+00:00,33,1,106364,20036.5,20036.5,20034.0,20035.0,32,NQ.v.0
2024-09-20 05:45:00+00:00,33,1,106364,20034.25,20034.25,20028.25,20031.5,148,NQ.v.0
2024-09-20 05:46:00+00:00,33,1,106364,20031.75,20035.25,20030.75,20035.0,65,NQ.v.0
2024-09-20 05:47:00+00:00,33,1,106364,20034.75,20039.0,20034.25,20038.0,34,NQ.v.0
2024-09-20 05:48:00+00:00,33,1,106364,20038.75,20042.25,20038.75,20038.75,92,NQ.v.0
2024-09-20 05:49:00+00:00,33,1,106364,20039.75,20040.25,20036.5,20037.75,27,NQ.v.0
2024-09-20 05:50:00+00:00,33,1,106364,20038.75,20040.25,20037.0,20039.0,67,NQ.v.0
2024-09-20 05:51:00+00:00,33,1,106364,20039.0,20046.5,20039.0,20046.5,73,NQ.v.0
2024-09-20 05:52:00+00:00,33,1,106364,20046.0,20048.0,20045.25,20046.0,59,NQ.v.0
2024-09-20 05:53:00+00:00,33,1,106364,20045.5,20047.75,20045.0,20045.75,48,NQ.v.0
2024-09-20 05:54:00+00:00,33,1,106364,20045.25,20048.75,20045.25,20047.0,32,NQ.v.0
2024-09-20 05:55:00+00:00,33,1,106364,20047.0,20048.75,20045.0,20047.25,51,NQ.v.0
2024-09-20 05:56:00+00:00,33,1,106364,20047.5,20049.25,20046.75,20046.75,30,NQ.v.0
2024-09-20 05:57:00+00:00,33,1,106364,20047.0,20049.25,20047.0,20047.25,27,NQ.v.0
2024-09-20 05:58:00+00:00,33,1,106364,20048.0,20049.5,20047.5,20048.0,28,NQ.v.0
2024-09-20 05:59:00+00:00,33,1,106364,20047.5,20049.0,20045.25,20047.0,48,NQ.v.0
2024-09-20 06:00:00+00:00,33,1,106364,20047.25,20052.75,20046.75,20050.0,205,NQ.v.0
2024-09-20 06:01:00+00:00,33,1,106364,20050.0,20053.75,20047.0,20053.75,145,NQ.v.0
2024-09-20 06:02:00+00:00,33,1,106364,20052.75,20054.75,20051.0,20052.75,60,NQ.v.0
2024-09-20 06:03:00+00:00,33,1,106364,20052.25,20054.5,20049.5,20049.5,95,NQ.v.0
2024-09-20 06:04:00+00:00,33,1,106364,20049.5,20051.0,20046.5,20049.25,96,NQ.v.0
2024-09-20 06:05:00+00:00,33,1,106364,20048.75,20050.75,20045.0,20050.75,103,NQ.v.0
2024-09-20 06:06:00+00:00,33,1,106364,20049.0,20049.0,20044.75,20045.0,38,NQ.v.0
2024-09-20 06:07:00+00:00,33,1,106364,20045.0,20049.5,20043.0,20049.5,56,NQ.v.0
2024-09-20 06:08:00+00:00,33,1,106364,20045.0,20048.0,20044.75,20048.0,20,NQ.v.0
2024-09-20 06:09:00+00:00,33,1,106364,20049.0,20051.75,20049.0,20049.5,30,NQ.v.0
2024-09-20 06:10:00+00:00,33,1,106364,20051.0,20053.0,20049.0,20050.5,63,NQ.v.0
2024-09-20 06:11:00+00:00,33,1,106364,20050.25,20052.25,20047.0,20047.0,42,NQ.v.0
2024-09-20 06:12:00+00:00,33,1,106364,20046.5,20046.75,20041.0,20041.5,73,NQ.v.0
2024-09-20 06:13:00+00:00,33,1,106364,20041.25,20041.5,20038.0,20041.0,65,NQ.v.0
2024-09-20 06:14:00+00:00,33,1,106364,20041.25,20047.5,20041.25,20046.75,74,NQ.v.0
2024-09-20 06:15:00+00:00,33,1,106364,20046.25,20046.5,20042.5,20043.0,31,NQ.v.0
2024-09-20 06:16:00+00:00,33,1,106364,20042.5,20043.75,20040.5,20042.5,37,NQ.v.0
2024-09-20 06:17:00+00:00,33,1,106364,20043.25,20046.5,20043.0,20045.0,104,NQ.v.0
2024-09-20 06:18:00+00:00,33,1,106364,20044.75,20049.0,20044.75,20047.5,42,NQ.v.0
2024-09-20 06:19:00+00:00,33,1,106364,20048.0,20052.5,20047.0,20051.25,80,NQ.v.0
2024-09-20 06:20:00+00:00,33,1,106364,20050.75,20053.5,20049.0,20049.0,65,NQ.v.0
2024-09-20 06:21:00+00:00,33,1,106364,20048.5,20048.5,20040.75,20042.75,101,NQ.v.0
2024-09-20 06:22:00+00:00,33,1,106364,20042.25,20046.75,20041.25,20045.25,47,NQ.v.0
2024-09-20 06:23:00+00:00,33,1,106364,20046.25,20046.5,20041.0,20043.0,35,NQ.v.0
2024-09-20 06:24:00+00:00,33,1,106364,20042.75,20046.0,20042.25,20043.75,46,NQ.v.0
2024-09-20 06:25:00+00:00,33,1,106364,20045.0,20047.0,20044.75,20045.75,24,NQ.v.0
2024-09-20 06:26:00+00:00,33,1,106364,20045.0,20046.0,20043.75,20044.5,20,NQ.v.0
2024-09-20 06:27:00+00:00,33,1,106364,20044.25,20046.25,20044.0,20045.75,38,NQ.v.0
2024-09-20 06:28:00+00:00,33,1,106364,20045.75,20048.75,20045.0,20046.25,32,NQ.v.0
2024-09-20 06:29:00+00:00,33,1,106364,20046.25,20046.25,20043.75,20044.75,26,NQ.v.0
2024-09-20 06:30:00+00:00,33,1,106364,20044.25,20045.25,20037.75,20037.75,79,NQ.v.0
2024-09-20 06:31:00+00:00,33,1,106364,20038.0,20038.75,20034.75,20035.0,107,NQ.v.0
2024-09-20 06:32:00+00:00,33,1,106364,20035.0,20039.75,20033.5,20039.75,73,NQ.v.0
2024-09-20 06:33:00+00:00,33,1,106364,20038.75,20040.0,20035.25,20037.5,46,NQ.v.0
2024-09-20 06:34:00+00:00,33,1,106364,20038.75,20041.0,20037.75,20039.75,44,NQ.v.0
2024-09-20 06:35:00+00:00,33,1,106364,20039.5,20041.75,20038.75,20041.25,66,NQ.v.0
2024-09-20 06:36:00+00:00,33,1,106364,20042.0,20042.25,20038.5,20039.5,34,NQ.v.0
2024-09-20 06:37:00+00:00,33,1,106364,20040.25,20041.25,20038.75,20041.25,58,NQ.v.0
2024-09-20 06:38:00+00:00,33,1,106364,20042.0,20042.75,20039.5,20041.25,42,NQ.v.0
2024-09-20 06:39:00+00:00,33,1,106364,20041.25,20045.0,20041.25,20043.75,111,NQ.v.0
2024-09-20 06:40:00+00:00,33,1,106364,20043.5,20044.0,20042.75,20044.0,31,NQ.v.0
2024-09-20 06:41:00+00:00,33,1,106364,20043.25,20043.5,20042.0,20042.0,21,NQ.v.0
2024-09-20 06:42:00+00:00,33,1,106364,20042.5,20042.5,20039.75,20040.5,58,NQ.v.0
2024-09-20 06:43:00+00:00,33,1,106364,20040.25,20042.75,20039.5,20040.0,82,NQ.v.0
2024-09-20 06:44:00+00:00,33,1,106364,20041.0,20043.75,20041.0,20041.25,58,NQ.v.0
2024-09-20 06:45:00+00:00,33,1,106364,20042.5,20043.0,20040.5,20040.5,26,NQ.v.0
2024-09-20 06:46:00+00:00,33,1,106364,20040.5,20040.75,20038.0,20038.5,75,NQ.v.0
2024-09-20 06:47:00+00:00,33,1,106364,20039.75,20041.5,20037.0,20037.0,52,NQ.v.0
2024-09-20 06:48:00+00:00,33,1,106364,20036.5,20037.25,20032.75,20034.25,71,NQ.v.0
2024-09-20 06:49:00+00:00,33,1,106364,20034.25,20038.75,20034.25,20037.5,29,NQ.v.0
2024-09-20 06:50:00+00:00,33,1,106364,20037.25,20038.5,20035.0,20038.0,44,NQ.v.0
2024-09-20 06:51:00+00:00,33,1,106364,20038.5,20038.5,20034.0,20034.0,38,NQ.v.0
2024-09-20 06:52:00+00:00,33,1,106364,20034.25,20037.0,20030.0,20036.25,187,NQ.v.0
2024-09-20 06:53:00+00:00,33,1,106364,20036.25,20037.0,20034.25,20037.0,42,NQ.v.0
2024-09-20 06:54:00+00:00,33,1,106364,20036.5,20040.5,20035.5,20037.5,54,NQ.v.0
2024-09-20 06:55:00+00:00,33,1,106364,20037.25,20042.0,20036.25,20041.5,54,NQ.v.0
2024-09-20 06:56:00+00:00,33,1,106364,20040.0,20040.0,20033.25,20033.5,71,NQ.v.0
2024-09-20 06:57:00+00:00,33,1,106364,20032.75,20036.25,20032.75,20034.0,33,NQ.v.0
2024-09-20 06:58:00+00:00,33,1,106364,20034.0,20034.75,20027.0,20029.0,207,NQ.v.0
2024-09-20 06:59:00+00:00,33,1,106364,20028.25,20032.5,20028.0,20031.25,78,NQ.v.0
2024-09-20 07:00:00+00:00,33,1,106364,20031.75,20033.25,20024.75,20025.5,146,NQ.v.0
2024-09-20 07:01:00+00:00,33,1,106364,20025.0,20032.0,20023.75,20032.0,110,NQ.v.0
2024-09-20 07:02:00+00:00,33,1,106364,20031.0,20040.75,20030.75,20040.5,108,NQ.v.0
2024-09-20 07:03:00+00:00,33,1,106364,20039.25,20039.25,20033.5,20035.0,83,NQ.v.0
2024-09-20 07:04:00+00:00,33,1,106364,20035.0,20039.25,20034.5,20037.75,98,NQ.v.0
2024-09-20 07:05:00+00:00,33,1,106364,20039.0,20044.25,20035.5,20042.5,226,NQ.v.0
2024-09-20 07:06:00+00:00,33,1,106364,20042.75,20046.25,20039.0,20040.0,156,NQ.v.0
2024-09-20 07:07:00+00:00,33,1,106364,20040.0,20040.5,20037.0,20039.5,57,NQ.v.0
2024-09-20 07:08:00+00:00,33,1,106364,20038.25,20040.5,20037.25,20038.5,34,NQ.v.0
2024-09-20 07:09:00+00:00,33,1,106364,20037.5,20037.5,20031.25,20031.5,133,NQ.v.0
2024-09-20 07:10:00+00:00,33,1,106364,20031.5,20031.5,20028.25,20029.25,92,NQ.v.0
2024-09-20 07:11:00+00:00,33,1,106364,20029.75,20031.75,20027.25,20028.25,80,NQ.v.0
2024-09-20 07:12:00+00:00,33,1,106364,20027.75,20041.0,20026.0,20041.0,229,NQ.v.0
2024-09-20 07:13:00+00:00,33,1,106364,20041.25,20050.75,20041.25,20049.75,160,NQ.v.0
2024-09-20 07:14:00+00:00,33,1,106364,20049.5,20052.25,20047.0,20051.0,215,NQ.v.0
2024-09-20 07:15:00+00:00,33,1,106364,20050.5,20052.5,20046.0,20051.0,174,NQ.v.0
2024-09-20 07:16:00+00:00,33,1,106364,20050.5,20053.25,20048.5,20051.75,91,NQ.v.0
2024-09-20 07:17:00+00:00,33,1,106364,20053.0,20053.0,20050.5,20053.0,37,NQ.v.0
2024-09-20 07:18:00+00:00,33,1,106364,20053.25,20054.5,20050.0,20051.0,76,NQ.v.0
2024-09-20 07:19:00+00:00,33,1,106364,20050.75,20053.0,20046.75,20050.75,95,NQ.v.0
2024-09-20 07:20:00+00:00,33,1,106364,20051.25,20055.0,20051.25,20053.5,72,NQ.v.0
2024-09-20 07:21:00+00:00,33,1,106364,20053.75,20053.75,20048.25,20049.5,77,NQ.v.0
2024-09-20 07:22:00+00:00,33,1,106364,20049.25,20051.0,20045.75,20047.75,90,NQ.v.0
2024-09-20 07:23:00+00:00,33,1,106364,20047.75,20048.25,20044.0,20046.25,85,NQ.v.0
2024-09-20 07:24:00+00:00,33,1,106364,20046.25,20047.0,20039.75,20041.0,130,NQ.v.0
2024-09-20 07:25:00+00:00,33,1,106364,20040.5,20044.75,20040.25,20044.5,112,NQ.v.0
2024-09-20 07:26:00+00:00,33,1,106364,20044.25,20045.0,20040.75,20044.0,49,NQ.v.0
2024-09-20 07:27:00+00:00,33,1,106364,20043.25,20043.75,20039.5,20042.75,71,NQ.v.0
2024-09-20 07:28:00+00:00,33,1,106364,20042.75,20045.25,20038.0,20040.75,159,NQ.v.0
2024-09-20 07:29:00+00:00,33,1,106364,20042.5,20043.5,20040.0,20041.75,49,NQ.v.0
2024-09-20 07:30:00+00:00,33,1,106364,20042.75,20050.0,20040.25,20047.75,183,NQ.v.0
2024-09-20 07:31:00+00:00,33,1,106364,20047.5,20050.5,20046.75,20048.25,122,NQ.v.0
2024-09-20 07:32:00+00:00,33,1,106364,20048.25,20062.0,20048.25,20060.5,591,NQ.v.0
2024-09-20 07:33:00+00:00,33,1,106364,20060.25,20061.25,20055.0,20057.5,140,NQ.v.0
2024-09-20 07:34:00+00:00,33,1,106364,20057.75,20057.75,20053.25,20056.25,72,NQ.v.0
2024-09-20 07:35:00+00:00,33,1,106364,20054.0,20055.5,20051.5,20052.25,65,NQ.v.0
2024-09-20 07:36:00+00:00,33,1,106364,20052.0,20053.0,20050.0,20052.25,95,NQ.v.0
2024-09-20 07:37:00+00:00,33,1,106364,20051.75,20051.75,20047.75,20050.25,116,NQ.v.0
2024-09-20 07:38:00+00:00,33,1,106364,20051.0,20053.75,20050.75,20051.75,48,NQ.v.0
2024-09-20 07:39:00+00:00,33,1,106364,20052.75,20053.5,20048.75,20052.75,64,NQ.v.0
2024-09-20 07:40:00+00:00,33,1,106364,20052.25,20055.75,20051.0,20055.5,73,NQ.v.0
2024-09-20 07:41:00+00:00,33,1,106364,20054.75,20058.0,20054.75,20055.5,63,NQ.v.0
2024-09-20 07:42:00+00:00,33,1,106364,20055.75,20057.75,20053.5,20055.25,57,NQ.v.0
2024-09-20 07:43:00+00:00,33,1,106364,20056.25,20060.25,20055.0,20058.75,97,NQ.v.0
2024-09-20 07:44:00+00:00,33,1,106364,20057.5,20061.75,20056.5,20060.25,113,NQ.v.0
2024-09-20 07:45:00+00:00,33,1,106364,20060.75,20060.75,20055.0,20055.0,38,NQ.v.0
2024-09-20 07:46:00+00:00,33,1,106364,20055.0,20057.5,20055.0,20057.0,21,NQ.v.0
2024-09-20 07:47:00+00:00,33,1,106364,20057.5,20059.5,20055.5,20059.25,59,NQ.v.0
2024-09-20 07:48:00+00:00,33,1,106364,20058.5,20062.5,20057.75,20062.0,49,NQ.v.0
2024-09-20 07:49:00+00:00,33,1,106364,20060.25,20066.5,20059.25,20064.5,163,NQ.v.0
2024-09-20 07:50:00+00:00,33,1,106364,20065.75,20067.25,20063.0,20063.75,120,NQ.v.0
2024-09-20 07:51:00+00:00,33,1,106364,20063.5,20067.75,20063.5,20067.0,105,NQ.v.0
2024-09-20 07:52:00+00:00,33,1,106364,20065.5,20069.75,20062.5,20062.5,142,NQ.v.0
2024-09-20 07:53:00+00:00,33,1,106364,20062.75,20067.0,20058.75,20065.5,81,NQ.v.0
2024-09-20 07:54:00+00:00,33,1,106364,20065.0,20069.25,20064.25,20068.25,326,NQ.v.0
2024-09-20 07:55:00+00:00,33,1,106364,20069.5,20069.75,20066.0,20066.0,45,NQ.v.0
2024-09-20 07:56:00+00:00,33,1,106364,20066.75,20067.25,20064.0,20065.0,78,NQ.v.0
2024-09-20 07:57:00+00:00,33,1,106364,20065.25,20066.5,20062.5,20062.75,116,NQ.v.0
2024-09-20 07:58:00+00:00,33,1,106364,20062.75,20065.5,20061.0,20061.5,104,NQ.v.0
2024-09-20 07:59:00+00:00,33,1,106364,20062.0,20062.25,20055.75,20058.5,102,NQ.v.0
2024-09-20 08:00:00+00:00,33,1,106364,20059.0,20063.75,20059.0,20059.25,90,NQ.v.0
2024-09-20 08:01:00+00:00,33,1,106364,20059.0,20059.75,20055.0,20058.25,104,NQ.v.0
2024-09-20 08:02:00+00:00,33,1,106364,20057.75,20058.0,20050.25,20050.25,186,NQ.v.0
2024-09-20 08:03:00+00:00,33,1,106364,20051.0,20051.25,20047.75,20049.25,138,NQ.v.0
2024-09-20 08:04:00+00:00,33,1,106364,20049.5,20050.5,20043.75,20045.75,242,NQ.v.0
2024-09-20 08:05:00+00:00,33,1,106364,20045.25,20054.0,20045.25,20052.0,237,NQ.v.0
2024-09-20 08:06:00+00:00,33,1,106364,20050.75,20059.75,20049.5,20058.5,136,NQ.v.0
2024-09-20 08:07:00+00:00,33,1,106364,20059.0,20059.0,20052.0,20053.0,114,NQ.v.0
2024-09-20 08:08:00+00:00,33,1,106364,20052.25,20055.0,20049.25,20054.5,98,NQ.v.0
2024-09-20 08:09:00+00:00,33,1,106364,20054.75,20058.75,20053.75,20054.75,100,NQ.v.0
2024-09-20 08:10:00+00:00,33,1,106364,20054.0,20056.5,20050.25,20051.0,79,NQ.v.0
2024-09-20 08:11:00+00:00,33,1,106364,20050.5,20050.5,20044.5,20046.5,96,NQ.v.0
2024-09-20 08:12:00+00:00,33,1,106364,20046.5,20047.25,20040.25,20043.5,128,NQ.v.0
2024-09-20 08:13:00+00:00,33,1,106364,20042.25,20045.75,20041.75,20042.5,78,NQ.v.0
2024-09-20 08:14:00+00:00,33,1,106364,20042.5,20042.5,20039.0,20040.75,99,NQ.v.0
2024-09-20 08:15:00+00:00,33,1,106364,20041.0,20045.5,20039.25,20044.25,142,NQ.v.0
2024-09-20 08:16:00+00:00,33,1,106364,20043.75,20047.5,20042.0,20042.75,138,NQ.v.0
2024-09-20 08:17:00+00:00,33,1,106364,20043.5,20045.25,20041.75,20043.75,105,NQ.v.0
2024-09-20 08:18:00+00:00,33,1,106364,20044.25,20045.75,20042.25,20043.5,86,NQ.v.0
2024-09-20 08:19:00+00:00,33,1,106364,20044.0,20048.5,20043.75,20046.25,64,NQ.v.0
2024-09-20 08:20:00+00:00,33,1,106364,20046.25,20046.5,20042.0,20044.0,134,NQ.v.0
2024-09-20 08:21:00+00:00,33,1,106364,20045.0,20045.0,20038.0,20038.0,122,NQ.v.0
2024-09-20 08:22:00+00:00,33,1,106364,20037.75,20037.75,20032.5,20033.5,106,NQ.v.0
2024-09-20 08:23:00+00:00,33,1,106364,20034.75,20036.0,20031.5,20032.25,75,NQ.v.0
2024-09-20 08:24:00+00:00,33,1,106364,20033.25,20033.75,20024.0,20026.25,301,NQ.v.0
2024-09-20 08:25:00+00:00,33,1,106364,20026.5,20029.5,20025.5,20028.0,87,NQ.v.0
2024-09-20 08:26:00+00:00,33,1,106364,20027.75,20028.5,20025.5,20026.5,68,NQ.v.0
2024-09-20 08:27:00+00:00,33,1,106364,20027.25,20028.0,20021.25,20021.25,217,NQ.v.0
2024-09-20 08:28:00+00:00,33,1,106364,20021.75,20022.25,20019.25,20020.5,171,NQ.v.0
2024-09-20 08:29:00+00:00,33,1,106364,20020.0,20020.25,20012.25,20013.75,325,NQ.v.0
2024-09-20 08:30:00+00:00,33,1,106364,20013.5,20014.0,20007.5,20008.75,514,NQ.v.0
2024-09-20 08:31:00+00:00,33,1,106364,20009.75,20016.0,20007.25,20016.0,274,NQ.v.0
2024-09-20 08:32:00+00:00,33,1,106364,20016.0,20022.0,20014.75,20017.5,202,NQ.v.0
2024-09-20 08:33:00+00:00,33,1,106364,20017.5,20017.75,20013.0,20013.25,130,NQ.v.0
2024-09-20 08:34:00+00:00,33,1,106364,20013.5,20014.0,20010.0,20010.5,104,NQ.v.0
2024-09-20 08:35:00+00:00,33,1,106364,20011.25,20018.5,20011.25,20015.25,100,NQ.v.0
2024-09-20 08:36:00+00:00,33,1,106364,20015.5,20020.0,20015.0,20020.0,103,NQ.v.0
2024-09-20 08:37:00+00:00,33,1,106364,20019.5,20022.5,20017.75,20020.5,133,NQ.v.0
2024-09-20 08:38:00+00:00,33,1,106364,20021.25,20021.75,20016.25,20020.25,149,NQ.v.0
2024-09-20 08:39:00+00:00,33,1,106364,20020.0,20024.0,20019.75,20022.75,69,NQ.v.0
2024-09-20 08:40:00+00:00,33,1,106364,20022.25,20023.0,20020.25,20022.5,132,NQ.v.0
2024-09-20 08:41:00+00:00,33,1,106364,20022.0,20027.25,20022.0,20026.0,132,NQ.v.0
2024-09-20 08:42:00+00:00,33,1,106364,20026.25,20026.5,20023.0,20024.25,50,NQ.v.0
2024-09-20 08:43:00+00:00,33,1,106364,20024.5,20025.25,20021.0,20022.5,107,NQ.v.0
2024-09-20 08:44:00+00:00,33,1,106364,20023.25,20024.0,20021.0,20024.0,110,NQ.v.0
2024-09-20 08:45:00+00:00,33,1,106364,20024.5,20027.75,20024.25,20027.5,74,NQ.v.0
2024-09-20 08:46:00+00:00,33,1,106364,20027.25,20030.75,20026.75,20027.5,141,NQ.v.0
2024-09-20 08:47:00+00:00,33,1,106364,20027.5,20027.5,20024.0,20025.5,91,NQ.v.0
2024-09-20 08:48:00+00:00,33,1,106364,20025.75,20028.25,20024.5,20025.75,118,NQ.v.0
2024-09-20 08:49:00+00:00,33,1,106364,20025.25,20026.0,20023.25,20024.25,89,NQ.v.0
2024-09-20 08:50:00+00:00,33,1,106364,20026.0,20026.5,20017.75,20019.75,138,NQ.v.0
2024-09-20 08:51:00+00:00,33,1,106364,20019.75,20024.0,20019.75,20024.0,50,NQ.v.0
2024-09-20 08:52:00+00:00,33,1,106364,20024.5,20031.5,20024.5,20025.5,163,NQ.v.0
2024-09-20 08:53:00+00:00,33,1,106364,20025.25,20027.75,20021.25,20021.75,94,NQ.v.0
2024-09-20 08:54:00+00:00,33,1,106364,20021.75,20022.25,20017.5,20017.75,82,NQ.v.0
2024-09-20 08:55:00+00:00,33,1,106364,20018.0,20021.25,20018.0,20020.25,27,NQ.v.0
2024-09-20 08:56:00+00:00,33,1,106364,20020.0,20022.0,20019.75,20021.25,33,NQ.v.0
2024-09-20 08:57:00+00:00,33,1,106364,20021.25,20021.5,20017.5,20019.0,135,NQ.v.0
2024-09-20 08:58:00+00:00,33,1,106364,20018.25,20023.5,20017.75,20022.5,62,NQ.v.0
2024-09-20 08:59:00+00:00,33,1,106364,20022.5,20026.0,20021.25,20021.75,47,NQ.v.0
2024-09-20 09:00:00+00:00,33,1,106364,20021.75,20022.0,20018.75,20021.5,47,NQ.v.0
2024-09-20 09:01:00+00:00,33,1,106364,20020.75,20025.0,20019.0,20023.5,48,NQ.v.0
2024-09-20 09:02:00+00:00,33,1,106364,20024.25,20028.5,20024.25,20026.5,56,NQ.v.0
2024-09-20 09:03:00+00:00,33,1,106364,20027.0,20033.25,20026.5,20032.0,136,NQ.v.0
2024-09-20 09:04:00+00:00,33,1,106364,20033.25,20033.25,20028.25,20031.25,141,NQ.v.0
2024-09-20 09:05:00+00:00,33,1,106364,20030.5,20032.5,20029.25,20031.5,55,NQ.v.0
2024-09-20 09:06:00+00:00,33,1,106364,20030.5,20033.75,20030.5,20031.25,63,NQ.v.0
2024-09-20 09:07:00+00:00,33,1,106364,20030.75,20034.5,20030.75,20034.25,60,NQ.v.0
2024-09-20 09:08:00+00:00,33,1,106364,20033.75,20034.5,20031.0,20031.25,58,NQ.v.0
2024-09-20 09:09:00+00:00,33,1,106364,20029.75,20031.0,20029.25,20029.75,41,NQ.v.0
2024-09-20 09:10:00+00:00,33,1,106364,20030.25,20032.0,20025.75,20027.0,108,NQ.v.0
2024-09-20 09:11:00+00:00,33,1,106364,20027.75,20030.5,20026.0,20030.0,43,NQ.v.0
2024-09-20 09:12:00+00:00,33,1,106364,20030.0,20034.5,20029.25,20033.75,75,NQ.v.0
2024-09-20 09:13:00+00:00,33,1,106364,20033.75,20036.25,20032.25,20036.25,95,NQ.v.0
2024-09-20 09:14:00+00:00,33,1,106364,20036.0,20036.0,20031.5,20032.5,43,NQ.v.0
2024-09-20 09:15:00+00:00,33,1,106364,20032.0,20035.75,20032.0,20033.25,46,NQ.v.0
2024-09-20 09:16:00+00:00,33,1,106364,20033.0,20034.75,20031.0,20034.5,62,NQ.v.0
2024-09-20 09:17:00+00:00,33,1,106364,20035.5,20037.5,20035.0,20035.75,84,NQ.v.0
2024-09-20 09:18:00+00:00,33,1,106364,20036.75,20041.0,20034.75,20038.5,170,NQ.v.0
2024-09-20 09:19:00+00:00,33,1,106364,20037.75,20041.0,20034.75,20040.75,112,NQ.v.0
2024-09-20 09:20:00+00:00,33,1,106364,20041.0,20041.0,20033.25,20033.25,127,NQ.v.0
2024-09-20 09:21:00+00:00,33,1,106364,20034.0,20034.25,20029.5,20030.5,120,NQ.v.0
2024-09-20 09:22:00+00:00,33,1,106364,20029.75,20033.0,20029.75,20031.75,49,NQ.v.0
2024-09-20 09:23:00+00:00,33,1,106364,20031.25,20034.75,20028.25,20029.25,75,NQ.v.0
2024-09-20 09:24:00+00:00,33,1,106364,20029.5,20031.75,20028.25,20031.25,40,NQ.v.0
2024-09-20 09:25:00+00:00,33,1,106364,20032.0,20033.5,20031.5,20033.0,48,NQ.v.0
2024-09-20 09:26:00+00:00,33,1,106364,20031.0,20031.25,20026.25,20028.5,38,NQ.v.0
2024-09-20 09:27:00+00:00,33,1,106364,20028.75,20034.25,20027.75,20034.25,81,NQ.v.0
2024-09-20 09:28:00+00:00,33,1,106364,20033.5,20034.75,20032.25,20034.0,44,NQ.v.0
2024-09-20 09:29:00+00:00,33,1,106364,20032.5,20034.5,20024.0,20024.75,163,NQ.v.0
2024-09-20 09:30:00+00:00,33,1,106364,20025.0,20025.75,20020.5,20020.5,127,NQ.v.0
2024-09-20 09:31:00+00:00,33,1,106364,20021.0,20023.5,20019.75,20019.75,77,NQ.v.0
2024-09-20 09:32:00+00:00,33,1,106364,20019.75,20021.25,20018.25,20020.0,102,NQ.v.0
2024-09-20 09:33:00+00:00,33,1,106364,20019.25,20020.5,20014.75,20017.75,140,NQ.v.0
2024-09-20 09:34:00+00:00,33,1,106364,20018.25,20020.25,20016.0,20016.75,62,NQ.v.0
2024-09-20 09:35:00+00:00,33,1,106364,20016.0,20019.25,20015.5,20019.25,65,NQ.v.0
2024-09-20 09:36:00+00:00,33,1,106364,20018.75,20019.75,20017.0,20017.75,50,NQ.v.0
2024-09-20 09:37:00+00:00,33,1,106364,20018.25,20019.5,20015.25,20016.0,85,NQ.v.0
2024-09-20 09:38:00+00:00,33,1,106364,20015.75,20017.75,20014.5,20016.75,45,NQ.v.0
2024-09-20 09:39:00+00:00,33,1,106364,20016.0,20017.25,20013.0,20015.0,83,NQ.v.0
2024-09-20 09:40:00+00:00,33,1,106364,20015.0,20015.5,20012.5,20014.75,70,NQ.v.0
2024-09-20 09:41:00+00:00,33,1,106364,20014.0,20014.75,20012.0,20013.75,47,NQ.v.0
2024-09-20 09:42:00+00:00,33,1,106364,20012.75,20015.75,20011.75,20015.5,35,NQ.v.0
2024-09-20 09:43:00+00:00,33,1,106364,20015.75,20016.75,20014.75,20016.0,73,NQ.v.0
2024-09-20 09:44:00+00:00,33,1,106364,20015.5,20015.75,20012.5,20013.25,43,NQ.v.0
2024-09-20 09:45:00+00:00,33,1,106364,20013.25,20013.75,20010.5,20010.75,79,NQ.v.0
2024-09-20 09:46:00+00:00,33,1,106364,20010.5,20011.0,20008.0,20008.75,74,NQ.v.0
2024-09-20 09:47:00+00:00,33,1,106364,20008.25,20013.5,20008.0,20013.5,109,NQ.v.0
2024-09-20 09:48:00+00:00,33,1,106364,20013.75,20018.25,20012.5,20017.75,153,NQ.v.0
2024-09-20 09:49:00+00:00,33,1,106364,20017.75,20020.5,20016.25,20018.75,86,NQ.v.0
2024-09-20 09:50:00+00:00,33,1,106364,20017.75,20019.25,20016.5,20019.25,77,NQ.v.0
2024-09-20 09:51:00+00:00,33,1,106364,20019.0,20023.0,20018.75,20021.25,107,NQ.v.0
2024-09-20 09:52:00+00:00,33,1,106364,20020.5,20021.25,20017.75,20019.5,43,NQ.v.0
2024-09-20 09:53:00+00:00,33,1,106364,20019.5,20020.5,20016.0,20016.25,84,NQ.v.0
2024-09-20 09:54:00+00:00,33,1,106364,20016.5,20018.0,20014.0,20017.25,64,NQ.v.0
2024-09-20 09:55:00+00:00,33,1,106364,20018.25,20019.0,20013.5,20018.5,86,NQ.v.0
2024-09-20 09:56:00+00:00,33,1,106364,20017.75,20019.25,20014.75,20017.5,47,NQ.v.0
2024-09-20 09:57:00+00:00,33,1,106364,20018.5,20018.5,20015.25,20016.0,30,NQ.v.0
2024-09-20 09:58:00+00:00,33,1,106364,20015.75,20015.75,20009.0,20009.0,121,NQ.v.0
2024-09-20 09:59:00+00:00,33,1,106364,20008.5,20012.0,20008.25,20012.0,102,NQ.v.0
2024-09-20 10:00:00+00:00,33,1,106364,20012.25,20013.0,20007.75,20008.75,105,NQ.v.0
2024-09-20 10:01:00+00:00,33,1,106364,20008.25,20012.25,20008.0,20008.75,80,NQ.v.0
2024-09-20 10:02:00+00:00,33,1,106364,20007.75,20015.75,20007.75,20013.75,102,NQ.v.0
2024-09-20 10:03:00+00:00,33,1,106364,20014.25,20014.5,20010.5,20010.5,41,NQ.v.0
2024-09-20 10:04:00+00:00,33,1,106364,20010.25,20012.5,20005.25,20005.5,158,NQ.v.0
2024-09-20 10:05:00+00:00,33,1,106364,20006.5,20011.5,20005.25,20010.0,256,NQ.v.0
2024-09-20 10:06:00+00:00,33,1,106364,20010.5,20013.25,20009.5,20010.5,62,NQ.v.0
2024-09-20 10:07:00+00:00,33,1,106364,20010.25,20010.25,20002.25,20003.25,252,NQ.v.0
2024-09-20 10:08:00+00:00,33,1,106364,20003.0,20008.0,20002.0,20006.75,167,NQ.v.0
2024-09-20 10:09:00+00:00,33,1,106364,20006.75,20009.0,20005.75,20007.0,86,NQ.v.0
2024-09-20 10:10:00+00:00,33,1,106364,20006.5,20009.75,20004.0,20007.5,157,NQ.v.0
2024-09-20 10:11:00+00:00,33,1,106364,20007.25,20018.0,20006.0,20015.5,362,NQ.v.0
2024-09-20 10:12:00+00:00,33,1,106364,20014.75,20015.75,20011.75,20012.0,71,NQ.v.0
2024-09-20 10:13:00+00:00,33,1,106364,20012.5,20015.0,20012.25,20014.5,98,NQ.v.0
2024-09-20 10:14:00+00:00,33,1,106364,20013.75,20014.25,20012.25,20014.25,37,NQ.v.0
2024-09-20 10:15:00+00:00,33,1,106364,20015.0,20015.0,20011.0,20012.0,55,NQ.v.0
2024-09-20 10:16:00+00:00,33,1,106364,20012.5,20016.0,20010.5,20014.75,78,NQ.v.0
2024-09-20 10:17:00+00:00,33,1,106364,20015.0,20016.25,20011.5,20014.5,111,NQ.v.0
2024-09-20 10:18:00+00:00,33,1,106364,20014.0,20016.0,20013.25,20015.5,56,NQ.v.0
2024-09-20 10:19:00+00:00,33,1,106364,20016.25,20017.25,20012.25,20012.25,84,NQ.v.0
2024-09-20 10:20:00+00:00,33,1,106364,20012.5,20015.5,20011.75,20014.75,54,NQ.v.0
2024-09-20 10:21:00+00:00,33,1,106364,20015.0,20017.75,20013.75,20014.75,80,NQ.v.0
2024-09-20 10:22:00+00:00,33,1,106364,20015.0,20017.75,20013.75,20015.75,56,NQ.v.0
2024-09-20 10:23:00+00:00,33,1,106364,20016.0,20019.25,20016.0,20019.25,59,NQ.v.0
2024-09-20 10:24:00+00:00,33,1,106364,20018.5,20020.75,20017.0,20020.0,81,NQ.v.0
2024-09-20 10:25:00+00:00,33,1,106364,20020.5,20021.25,20019.25,20019.5,75,NQ.v.0
2024-09-20 10:26:00+00:00,33,1,106364,20019.5,20021.0,20017.75,20020.0,60,NQ.v.0
2024-09-20 10:27:00+00:00,33,1,106364,20020.75,20021.5,20017.75,20019.5,66,NQ.v.0
2024-09-20 10:28:00+00:00,33,1,106364,20019.0,20019.0,20015.75,20016.75,81,NQ.v.0
2024-09-20 10:29:00+00:00,33,1,106364,20017.25,20018.0,20015.0,20015.5,68,NQ.v.0
2024-09-20 10:30:00+00:00,33,1,106364,20015.25,20016.5,20012.5,20014.0,162,NQ.v.0
2024-09-20 10:31:00+00:00,33,1,106364,20014.0,20014.0,20007.0,20007.25,183,NQ.v.0
2024-09-20 10:32:00+00:00,33,1,106364,20007.5,20010.5,20005.25,20008.0,101,NQ.v.0
2024-09-20 10:33:00+00:00,33,1,106364,20008.0,20011.75,20007.5,20011.75,57,NQ.v.0
2024-09-20 10:34:00+00:00,33,1,106364,20011.75,20011.75,20009.75,20010.75,26,NQ.v.0
2024-09-20 10:35:00+00:00,33,1,106364,20011.5,20011.75,20007.75,20007.75,54,NQ.v.0
2024-09-20 10:36:00+00:00,33,1,106364,20007.75,20015.75,20007.25,20015.25,151,NQ.v.0
2024-09-20 10:37:00+00:00,33,1,106364,20016.0,20016.75,20010.5,20011.25,100,NQ.v.0
2024-09-20 10:38:00+00:00,33,1,106364,20012.0,20013.5,20008.25,20008.25,61,NQ.v.0
2024-09-20 10:39:00+00:00,33,1,106364,20008.5,20011.25,20008.5,20011.0,33,NQ.v.0
2024-09-20 10:40:00+00:00,33,1,106364,20010.75,20014.25,20008.75,20014.25,62,NQ.v.0
2024-09-20 10:41:00+00:00,33,1,106364,20013.25,20014.0,20009.75,20010.75,68,NQ.v.0
2024-09-20 10:42:00+00:00,33,1,106364,20011.25,20013.0,20010.75,20010.75,25,NQ.v.0
2024-09-20 10:43:00+00:00,33,1,106364,20011.0,20012.0,20009.75,20009.75,53,NQ.v.0
2024-09-20 10:44:00+00:00,33,1,106364,20009.5,20011.5,20006.75,20006.75,95,NQ.v.0
2024-09-20 10:45:00+00:00,33,1,106364,20007.25,20007.75,19997.0,19999.5,369,NQ.v.0
2024-09-20 10:46:00+00:00,33,1,106364,19998.5,20001.0,19997.5,19997.75,104,NQ.v.0
2024-09-20 10:47:00+00:00,33,1,106364,19998.0,19999.25,19995.5,19996.5,137,NQ.v.0
2024-09-20 10:48:00+00:00,33,1,106364,19996.75,19998.0,19994.0,19994.5,185,NQ.v.0
2024-09-20 10:49:00+00:00,33,1,106364,19994.75,19996.5,19993.5,19993.75,137,NQ.v.0
2024-09-20 10:50:00+00:00,33,1,106364,19994.0,19996.25,19991.75,19994.0,145,NQ.v.0
2024-09-20 10:51:00+00:00,33,1,106364,19994.75,19995.0,19987.0,19990.0,420,NQ.v.0
2024-09-20 10:52:00+00:00,33,1,106364,19989.75,19996.0,19989.75,19995.5,184,NQ.v.0
2024-09-20 10:53:00+00:00,33,1,106364,19994.75,19994.75,19985.5,19986.0,157,NQ.v.0
2024-09-20 10:54:00+00:00,33,1,106364,19986.0,19987.75,19984.25,19984.5,150,NQ.v.0
2024-09-20 10:55:00+00:00,33,1,106364,19984.5,19987.0,19982.5,19983.75,191,NQ.v.0
2024-09-20 10:56:00+00:00,33,1,106364,19984.0,19985.25,19981.0,19983.25,220,NQ.v.0
2024-09-20 10:57:00+00:00,33,1,106364,19983.5,19988.0,19983.5,19986.0,115,NQ.v.0
2024-09-20 10:58:00+00:00,33,1,106364,19985.25,19990.5,19985.25,19990.0,89,NQ.v.0
2024-09-20 10:59:00+00:00,33,1,106364,19990.25,19993.25,19987.5,19992.25,380,NQ.v.0
2024-09-20 11:00:00+00:00,33,1,106364,19992.25,20002.5,19992.25,19996.75,481,NQ.v.0
2024-09-20 11:01:00+00:00,33,1,106364,19996.5,19998.75,19993.25,19998.75,174,NQ.v.0
2024-09-20 11:02:00+00:00,33,1,106364,19999.0,20004.25,19998.5,20000.0,157,NQ.v.0
2024-09-20 11:03:00+00:00,33,1,106364,20000.0,20002.25,19998.0,20002.25,64,NQ.v.0
2024-09-20 11:04:00+00:00,33,1,106364,20001.75,20001.75,19997.75,19999.25,69,NQ.v.0
2024-09-20 11:05:00+00:00,33,1,106364,19999.5,20000.75,19993.75,19997.0,128,NQ.v.0
2024-09-20 11:06:00+00:00,33,1,106364,19996.5,19998.0,19995.25,19996.5,83,NQ.v.0
2024-09-20 11:07:00+00:00,33,1,106364,19996.25,19998.0,19995.75,19996.5,48,NQ.v.0
2024-09-20 11:08:00+00:00,33,1,106364,19996.75,19997.75,19990.75,19990.75,88,NQ.v.0
2024-09-20 11:09:00+00:00,33,1,106364,19991.5,19992.0,19987.0,19991.0,132,NQ.v.0
2024-09-20 11:10:00+00:00,33,1,106364,19990.5,19991.5,19986.0,19989.25,78,NQ.v.0
2024-09-20 11:11:00+00:00,33,1,106364,19988.25,19991.25,19988.25,19990.5,62,NQ.v.0
2024-09-20 11:12:00+00:00,33,1,106364,19991.25,19992.5,19982.25,19984.0,217,NQ.v.0
2024-09-20 11:13:00+00:00,33,1,106364,19984.25,19987.75,19983.5,19987.75,100,NQ.v.0
2024-09-20 11:14:00+00:00,33,1,106364,19987.75,19994.25,19987.75,19991.0,171,NQ.v.0
2024-09-20 11:15:00+00:00,33,1,106364,19990.75,19994.5,19989.75,19993.75,117,NQ.v.0
2024-09-20 11:16:00+00:00,33,1,106364,19993.25,19998.5,19992.5,19997.25,162,NQ.v.0
2024-09-20 11:17:00+00:00,33,1,106364,19997.75,19999.25,19993.5,19993.75,110,NQ.v.0
2024-09-20 11:18:00+00:00,33,1,106364,19995.0,19998.75,19993.5,19998.0,74,NQ.v.0
2024-09-20 11:19:00+00:00,33,1,106364,19998.0,20001.75,19997.25,20001.0,139,NQ.v.0
2024-09-20 11:20:00+00:00,33,1,106364,20000.5,20005.25,20000.25,20003.75,134,NQ.v.0
2024-09-20 11:21:00+00:00,33,1,106364,20002.5,20002.75,19996.75,19997.75,150,NQ.v.0
2024-09-20 11:22:00+00:00,33,1,106364,19998.25,19998.5,19995.5,19996.25,53,NQ.v.0
2024-09-20 11:23:00+00:00,33,1,106364,19995.75,19997.75,19995.25,19996.75,59,NQ.v.0
2024-09-20 11:24:00+00:00,33,1,106364,19997.25,19998.0,19995.75,19996.25,53,NQ.v.0
2024-09-20 11:25:00+00:00,33,1,106364,19996.5,19999.25,19996.5,19998.75,53,NQ.v.0
2024-09-20 11:26:00+00:00,33,1,106364,19998.75,20000.75,19996.0,19998.0,70,NQ.v.0
2024-09-20 11:27:00+00:00,33,1,106364,19998.5,19999.25,19997.5,19998.75,36,NQ.v.0
2024-09-20 11:28:00+00:00,33,1,106364,19998.75,19999.25,19993.5,19994.25,77,NQ.v.0
2024-09-20 11:29:00+00:00,33,1,106364,19994.25,19996.25,19992.75,19994.5,78,NQ.v.0
2024-09-20 11:30:00+00:00,33,1,106364,19995.0,19995.0,19991.0,19993.75,99,NQ.v.0
2024-09-20 11:31:00+00:00,33,1,106364,19994.0,19998.25,19992.5,19996.25,92,NQ.v.0
2024-09-20 11:32:00+00:00,33,1,106364,19996.75,19999.5,19995.5,19997.25,59,NQ.v.0
2024-09-20 11:33:00+00:00,33,1,106364,19997.75,19999.75,19997.5,19997.75,59,NQ.v.0
2024-09-20 11:34:00+00:00,33,1,106364,19997.5,19999.25,19992.25,19992.5,87,NQ.v.0
2024-09-20 11:35:00+00:00,33,1,106364,19991.5,19993.0,19990.25,19992.25,101,NQ.v.0
2024-09-20 11:36:00+00:00,33,1,106364,19991.5,19994.5,19991.25,19994.5,50,NQ.v.0
2024-09-20 11:37:00+00:00,33,1,106364,19993.5,19995.5,19992.75,19994.75,65,NQ.v.0
2024-09-20 11:38:00+00:00,33,1,106364,19994.75,19996.25,19992.5,19995.75,70,NQ.v.0
2024-09-20 11:39:00+00:00,33,1,106364,19995.75,19997.25,19994.5,19996.75,74,NQ.v.0
2024-09-20 11:40:00+00:00,33,1,106364,19997.5,20001.5,19997.5,20000.75,125,NQ.v.0
2024-09-20 11:41:00+00:00,33,1,106364,20000.5,20003.25,20000.0,20001.0,98,NQ.v.0
2024-09-20 11:42:00+00:00,33,1,106364,20001.25,20005.25,20000.25,20004.25,91,NQ.v.0
2024-09-20 11:43:00+00:00,33,1,106364,20004.25,20008.75,20004.0,20005.0,151,NQ.v.0
2024-09-20 11:44:00+00:00,33,1,106364,20005.5,20006.75,20003.5,20005.25,71,NQ.v.0
2024-09-20 11:45:00+00:00,33,1,106364,20004.75,20005.0,20000.5,20002.0,201,NQ.v.0
2024-09-20 11:46:00+00:00,33,1,106364,20002.0,20005.75,20001.25,20004.0,72,NQ.v.0
2024-09-20 11:47:00+00:00,33,1,106364,20004.25,20009.0,20003.0,20007.5,142,NQ.v.0
2024-09-20 11:48:00+00:00,33,1,106364,20007.75,20008.75,20005.5,20008.0,65,NQ.v.0
2024-09-20 11:49:00+00:00,33,1,106364,20006.5,20009.75,20006.25,20007.0,83,NQ.v.0
2024-09-20 11:50:00+00:00,33,1,106364,20006.5,20012.25,20006.25,20011.0,215,NQ.v.0
2024-09-20 11:51:00+00:00,33,1,106364,20010.75,20010.75,20005.5,20006.5,147,NQ.v.0
2024-09-20 11:52:00+00:00,33,1,106364,20006.0,20008.25,20004.25,20006.75,66,NQ.v.0
2024-09-20 11:53:00+00:00,33,1,106364,20005.75,20007.75,20004.0,20005.0,141,NQ.v.0
2024-09-20 11:54:00+00:00,33,1,106364,20004.75,20006.5,20002.75,20005.0,75,NQ.v.0
2024-09-20 11:55:00+00:00,33,1,106364,20005.0,20011.75,20005.0,20011.0,99,NQ.v.0
2024-09-20 11:56:00+00:00,33,1,106364,20011.0,20013.75,20010.0,20013.0,124,NQ.v.0
2024-09-20 11:57:00+00:00,33,1,106364,20013.25,20016.25,20012.25,20014.5,131,NQ.v.0
2024-09-20 11:58:00+00:00,33,1,106364,20015.0,20019.25,20014.5,20016.0,244,NQ.v.0
2024-09-20 11:59:00+00:00,33,1,106364,20016.25,20020.25,20015.25,20018.0,113,NQ.v.0
2024-09-20 12:00:00+00:00,33,1,106364,20018.5,20021.0,20014.25,20019.0,389,NQ.v.0
2024-09-20 12:01:00+00:00,33,1,106364,20019.25,20024.5,20018.25,20024.0,441,NQ.v.0
2024-09-20 12:02:00+00:00,33,1,106364,20024.5,20026.25,20021.75,20025.75,272,NQ.v.0
2024-09-20 12:03:00+00:00,33,1,106364,20026.25,20027.75,20025.25,20027.25,138,NQ.v.0
2024-09-20 12:04:00+00:00,33,1,106364,20027.5,20034.5,20026.25,20033.5,234,NQ.v.0
2024-09-20 12:05:00+00:00,33,1,106364,20034.0,20036.0,20033.25,20035.0,256,NQ.v.0
2024-09-20 12:06:00+00:00,33,1,106364,20034.75,20036.0,20028.0,20035.0,371,NQ.v.0
2024-09-20 12:07:00+00:00,33,1,106364,20034.25,20037.5,20033.0,20036.5,250,NQ.v.0
2024-09-20 12:08:00+00:00,33,1,106364,20036.5,20040.0,20036.25,20038.5,176,NQ.v.0
2024-09-20 12:09:00+00:00,33,1,106364,20038.5,20042.25,20036.75,20041.0,240,NQ.v.0
2024-09-20 12:10:00+00:00,33,1,106364,20041.25,20043.5,20039.75,20041.25,301,NQ.v.0
2024-09-20 12:11:00+00:00,33,1,106364,20041.5,20045.0,20039.75,20043.0,182,NQ.v.0
2024-09-20 12:12:00+00:00,33,1,106364,20043.25,20044.75,20040.5,20042.5,137,NQ.v.0
2024-09-20 12:13:00+00:00,33,1,106364,20042.5,20043.0,20038.5,20042.0,107,NQ.v.0
2024-09-20 12:14:00+00:00,33,1,106364,20042.25,20045.5,20041.5,20043.75,217,NQ.v.0
2024-09-20 12:15:00+00:00,33,1,106364,20044.25,20052.5,20043.5,20050.0,368,NQ.v.0
2024-09-20 12:16:00+00:00,33,1,106364,20050.25,20054.0,20048.25,20049.25,281,NQ.v.0
2024-09-20 12:17:00+00:00,33,1,106364,20048.5,20052.25,20047.5,20047.5,115,NQ.v.0
2024-09-20 12:18:00+00:00,33,1,106364,20047.25,20048.25,20038.0,20038.75,376,NQ.v.0
2024-09-20 12:19:00+00:00,33,1,106364,20039.0,20042.5,20037.0,20041.25,238,NQ.v.0
2024-09-20 12:20:00+00:00,33,1,106364,20041.5,20042.0,20037.5,20039.75,168,NQ.v.0
2024-09-20 12:21:00+00:00,33,1,106364,20039.75,20043.0,20038.75,20042.5,112,NQ.v.0
2024-09-20 12:22:00+00:00,33,1,106364,20042.5,20046.0,20039.0,20046.0,178,NQ.v.0
2024-09-20 12:23:00+00:00,33,1,106364,20046.5,20050.75,20045.75,20049.5,254,NQ.v.0
2024-09-20 12:24:00+00:00,33,1,106364,20049.25,20052.75,20046.75,20047.5,220,NQ.v.0
2024-09-20 12:25:00+00:00,33,1,106364,20047.25,20051.25,20045.75,20051.0,147,NQ.v.0
2024-09-20 12:26:00+00:00,33,1,106364,20051.0,20051.25,20047.0,20050.0,184,NQ.v.0
2024-09-20 12:27:00+00:00,33,1,106364,20050.0,20052.5,20049.0,20049.0,147,NQ.v.0
2024-09-20 12:28:00+00:00,33,1,106364,20048.75,20050.0,20044.5,20045.25,138,NQ.v.0
2024-09-20 12:29:00+00:00,33,1,106364,20045.75,20054.0,20045.0,20052.5,192,NQ.v.0
2024-09-20 12:30:00+00:00,33,1,106364,20053.25,20056.75,20047.5,20054.75,459,NQ.v.0
2024-09-20 12:31:00+00:00,33,1,106364,20054.75,20055.5,20049.75,20051.25,268,NQ.v.0
2024-09-20 12:32:00+00:00,33,1,106364,20051.75,20059.5,20048.25,20059.0,403,NQ.v.0
2024-09-20 12:33:00+00:00,33,1,106364,20059.5,20065.5,20057.75,20058.25,503,NQ.v.0
2024-09-20 12:34:00+00:00,33,1,106364,20057.75,20063.0,20056.25,20058.75,282,NQ.v.0
2024-09-20 12:35:00+00:00,33,1,106364,20058.75,20059.25,20050.5,20055.75,270,NQ.v.0
2024-09-20 12:36:00+00:00,33,1,106364,20055.25,20058.5,20053.0,20057.25,262,NQ.v.0
2024-09-20 12:37:00+00:00,33,1,106364,20057.0,20060.25,20056.5,20057.75,241,NQ.v.0
2024-09-20 12:38:00+00:00,33,1,106364,20057.25,20062.25,20057.0,20061.75,163,NQ.v.0
2024-09-20 12:39:00+00:00,33,1,106364,20061.0,20064.75,20061.0,20062.0,227,NQ.v.0
2024-09-20 12:40:00+00:00,33,1,106364,20061.5,20066.5,20061.0,20066.5,188,NQ.v.0
2024-09-20 12:41:00+00:00,33,1,106364,20066.0,20067.0,20065.0,20066.25,165,NQ.v.0
2024-09-20 12:42:00+00:00,33,1,106364,20065.75,20069.5,20065.5,20069.25,271,NQ.v.0
2024-09-20 12:43:00+00:00,33,1,106364,20069.25,20073.25,20068.5,20072.25,318,NQ.v.0
2024-09-20 12:44:00+00:00,33,1,106364,20072.75,20073.5,20069.0,20071.0,318,NQ.v.0
2024-09-20 12:45:00+00:00,33,1,106364,20070.5,20071.75,20064.75,20067.0,419,NQ.v.0
2024-09-20 12:46:00+00:00,33,1,106364,20066.75,20071.25,20066.0,20071.25,166,NQ.v.0
2024-09-20 12:47:00+00:00,33,1,106364,20071.0,20071.75,20069.5,20070.5,152,NQ.v.0
2024-09-20 12:48:00+00:00,33,1,106364,20070.5,20073.75,20069.5,20072.75,224,NQ.v.0
2024-09-20 12:49:00+00:00,33,1,106364,20072.75,20075.0,20070.0,20073.25,275,NQ.v.0
2024-09-20 12:50:00+00:00,33,1,106364,20074.0,20074.75,20069.0,20069.0,302,NQ.v.0
2024-09-20 12:51:00+00:00,33,1,106364,20068.75,20068.75,20061.0,20062.25,495,NQ.v.0
2024-09-20 12:52:00+00:00,33,1,106364,20062.0,20067.25,20058.5,20065.0,402,NQ.v.0
2024-09-20 12:53:00+00:00,33,1,106364,20064.5,20066.75,20060.75,20064.75,172,NQ.v.0
2024-09-20 12:54:00+00:00,33,1,106364,20064.5,20065.5,20057.0,20058.25,347,NQ.v.0
2024-09-20 12:55:00+00:00,33,1,106364,20058.25,20064.0,20057.25,20063.25,351,NQ.v.0
2024-09-20 12:56:00+00:00,33,1,106364,20063.75,20065.25,20061.75,20062.0,159,NQ.v.0
2024-09-20 12:57:00+00:00,33,1,106364,20061.75,20062.75,20058.75,20058.75,193,NQ.v.0
2024-09-20 12:58:00+00:00,33,1,106364,20058.5,20063.0,20058.0,20061.75,192,NQ.v.0
2024-09-20 12:59:00+00:00,33,1,106364,20061.75,20066.75,20061.25,20064.0,190,NQ.v.0
2024-09-20 13:00:00+00:00,33,1,106364,20063.5,20065.75,20060.5,20064.0,290,NQ.v.0
2024-09-20 13:01:00+00:00,33,1,106364,20064.25,20064.25,20053.25,20054.25,561,NQ.v.0
2024-09-20 13:02:00+00:00,33,1,106364,20054.5,20054.75,20049.5,20052.25,405,NQ.v.0
2024-09-20 13:03:00+00:00,33,1,106364,20052.25,20052.25,20047.0,20048.0,369,NQ.v.0
2024-09-20 13:04:00+00:00,33,1,106364,20047.75,20049.25,20040.0,20040.25,754,NQ.v.0
2024-09-20 13:05:00+00:00,33,1,106364,20040.75,20041.5,20033.5,20040.0,835,NQ.v.0
2024-09-20 13:06:00+00:00,33,1,106364,20040.25,20041.75,20036.25,20037.75,401,NQ.v.0
2024-09-20 13:07:00+00:00,33,1,106364,20037.25,20037.5,20017.75,20021.0,856,NQ.v.0
2024-09-20 13:08:00+00:00,33,1,106364,20021.5,20024.25,20018.25,20023.25,758,NQ.v.0
2024-09-20 13:09:00+00:00,33,1,106364,20023.5,20024.0,20012.75,20022.5,839,NQ.v.0
2024-09-20 13:10:00+00:00,33,1,106364,20022.0,20028.75,20021.5,20027.75,435,NQ.v.0
2024-09-20 13:11:00+00:00,33,1,106364,20027.5,20028.0,20012.75,20023.0,600,NQ.v.0
2024-09-20 13:12:00+00:00,33,1,106364,20023.5,20029.0,20021.5,20027.75,332,NQ.v.0
2024-09-20 13:13:00+00:00,33,1,106364,20028.0,20036.5,20027.75,20033.25,541,NQ.v.0
2024-09-20 13:14:00+00:00,33,1,106364,20033.25,20036.0,20029.5,20035.25,219,NQ.v.0
2024-09-20 13:15:00+00:00,33,1,106364,20034.75,20035.0,20021.75,20025.75,448,NQ.v.0
2024-09-20 13:16:00+00:00,33,1,106364,20025.5,20027.25,20021.75,20024.5,259,NQ.v.0
2024-09-20 13:17:00+00:00,33,1,106364,20024.0,20029.75,20021.0,20024.5,380,NQ.v.0
2024-09-20 13:18:00+00:00,33,1,106364,20024.0,20028.75,20023.25,20026.0,255,NQ.v.0
2024-09-20 13:19:00+00:00,33,1,106364,20026.75,20031.25,20025.25,20025.75,150,NQ.v.0
2024-09-20 13:20:00+00:00,33,1,106364,20025.0,20029.25,20024.25,20027.0,195,NQ.v.0
2024-09-20 13:21:00+00:00,33,1,106364,20026.75,20031.0,20023.0,20024.75,355,NQ.v.0
2024-09-20 13:22:00+00:00,33,1,106364,20024.25,20028.75,20023.75,20026.25,193,NQ.v.0
2024-09-20 13:23:00+00:00,33,1,106364,20026.0,20030.0,20021.25,20021.75,340,NQ.v.0
2024-09-20 13:24:00+00:00,33,1,106364,20023.0,20032.25,20022.0,20025.0,493,NQ.v.0
2024-09-20 13:25:00+00:00,33,1,106364,20025.25,20038.25,20025.0,20030.0,1205,NQ.v.0
2024-09-20 13:26:00+00:00,33,1,106364,20030.5,20035.25,20028.0,20033.75,332,NQ.v.0
2024-09-20 13:27:00+00:00,33,1,106364,20034.0,20035.0,20021.0,20032.5,1121,NQ.v.0
2024-09-20 13:28:00+00:00,33,1,106364,20031.5,20039.0,20030.5,20037.0,853,NQ.v.0
2024-09-20 13:29:00+00:00,33,1,106364,20037.5,20041.75,20034.0,20035.0,1485,NQ.v.0
2024-09-20 13:30:00+00:00,33,1,106364,20035.0,20057.0,20032.0,20043.75,3612,NQ.v.0
2024-09-20 13:31:00+00:00,33,1,106364,20042.75,20066.25,20038.25,20064.75,2664,NQ.v.0
2024-09-20 13:32:00+00:00,33,1,106364,20064.75,20076.0,20037.0,20040.5,2937,NQ.v.0
2024-09-20 13:33:00+00:00,33,1,106364,20041.0,20049.75,20030.75,20045.25,2096,NQ.v.0
2024-09-20 13:34:00+00:00,33,1,106364,20046.25,20069.5,20046.25,20058.25,1698,NQ.v.0
2024-09-20 13:35:00+00:00,33,1,106364,20057.75,20072.5,20053.25,20069.5,1489,NQ.v.0
2024-09-20 13:36:00+00:00,33,1,106364,20070.0,20076.0,20058.5,20063.5,1822,NQ.v.0
2024-09-20 13:37:00+00:00,33,1,106364,20063.0,20075.5,20055.75,20064.25,1436,NQ.v.0
2024-09-20 13:38:00+00:00,33,1,106364,20064.0,20082.5,20061.5,20069.0,1541,NQ.v.0
2024-09-20 13:39:00+00:00,33,1,106364,20068.75,20072.0,20049.25,20053.0,1758,NQ.v.0
2024-09-20 13:40:00+00:00,33,1,106364,20053.25,20062.0,20042.25,20045.25,1905,NQ.v.0
2024-09-20 13:41:00+00:00,33,1,106364,20045.5,20050.0,20035.75,20040.75,1578,NQ.v.0
2024-09-20 13:42:00+00:00,33,1,106364,20040.25,20052.0,20033.0,20048.5,1481,NQ.v.0
2024-09-20 13:43:00+00:00,33,1,106364,20049.25,20064.75,20043.0,20063.5,1443,NQ.v.0
2024-09-20 13:44:00+00:00,33,1,106364,20063.75,20065.75,20045.0,20045.5,1488,NQ.v.0
2024-09-20 13:45:00+00:00,33,1,106364,20044.75,20052.75,20039.75,20050.0,1420,NQ.v.0
2024-09-20 13:46:00+00:00,33,1,106364,20049.25,20058.75,20045.75,20048.75,1232,NQ.v.0
2024-09-20 13:47:00+00:00,33,1,106364,20049.5,20059.0,20037.75,20058.5,1605,NQ.v.0
2024-09-20 13:48:00+00:00,33,1,106364,20059.0,20067.25,20040.0,20043.75,1806,NQ.v.0
2024-09-20 13:49:00+00:00,33,1,106364,20044.0,20051.0,20031.25,20036.25,1471,NQ.v.0
2024-09-20 13:50:00+00:00,33,1,106364,20036.75,20067.25,20034.5,20065.25,1768,NQ.v.0
2024-09-20 13:51:00+00:00,33,1,106364,20065.75,20073.75,20048.75,20050.5,1735,NQ.v.0
2024-09-20 13:52:00+00:00,33,1,106364,20050.0,20053.0,20035.75,20043.25,1495,NQ.v.0
2024-09-20 13:53:00+00:00,33,1,106364,20044.0,20045.5,20031.75,20035.75,1224,NQ.v.0
2024-09-20 13:54:00+00:00,33,1,106364,20035.5,20041.0,20026.5,20035.25,1292,NQ.v.0
2024-09-20 13:55:00+00:00,33,1,106364,20035.0,20042.0,20030.0,20035.25,1058,NQ.v.0
2024-09-20 13:56:00+00:00,33,1,106364,20034.25,20036.5,20022.0,20025.25,1229,NQ.v.0
2024-09-20 13:57:00+00:00,33,1,106364,20024.25,20032.25,20019.0,20021.0,1278,NQ.v.0
2024-09-20 13:58:00+00:00,33,1,106364,20020.75,20024.5,19995.25,20007.0,2839,NQ.v.0
2024-09-20 13:59:00+00:00,33,1,106364,20007.0,20013.0,19991.25,20001.75,1619,NQ.v.0
2024-09-20 14:00:00+00:00,33,1,106364,20001.0,20011.0,19983.5,19987.0,2177,NQ.v.0
2024-09-20 14:01:00+00:00,33,1,106364,19987.25,20010.0,19985.0,20007.5,1471,NQ.v.0
2024-09-20 14:02:00+00:00,33,1,106364,20007.25,20011.5,19991.75,19995.5,1250,NQ.v.0
2024-09-20 14:03:00+00:00,33,1,106364,19996.0,20021.25,19994.75,20017.75,1438,NQ.v.0
2024-09-20 14:04:00+00:00,33,1,106364,20018.5,20023.25,20012.75,20019.25,1089,NQ.v.0
2024-09-20 14:05:00+00:00,33,1,106364,20018.5,20026.0,20012.5,20015.25,1021,NQ.v.0
2024-09-20 14:06:00+00:00,33,1,106364,20014.75,20020.75,20006.5,20017.0,919,NQ.v.0
2024-09-20 14:07:00+00:00,33,1,106364,20017.25,20025.0,20005.25,20011.5,1161,NQ.v.0
2024-09-20 14:08:00+00:00,33,1,106364,20012.5,20022.0,20010.0,20021.25,783,NQ.v.0
2024-09-20 14:09:00+00:00,33,1,106364,20021.25,20021.75,20002.25,20008.75,1322,NQ.v.0
2024-09-20 14:10:00+00:00,33,1,106364,20008.5,20015.75,19989.5,19994.5,1593,NQ.v.0
2024-09-20 14:11:00+00:00,33,1,106364,19993.5,20003.25,19986.0,19988.75,1357,NQ.v.0
2024-09-20 14:12:00+00:00,33,1,106364,19989.0,19995.75,19978.0,19984.25,1779,NQ.v.0
2024-09-20 14:13:00+00:00,33,1,106364,19984.0,19987.25,19972.25,19978.5,1990,NQ.v.0
2024-09-20 14:14:00+00:00,33,1,106364,19979.25,19993.0,19977.5,19989.25,1020,NQ.v.0
2024-09-20 14:15:00+00:00,33,1,106364,19989.25,19999.25,19978.25,19979.5,1151,NQ.v.0
2024-09-20 14:16:00+00:00,33,1,106364,19979.5,19989.25,19977.0,19980.5,611,NQ.v.0
2024-09-20 14:17:00+00:00,33,1,106364,19980.25,19991.75,19980.0,19989.0,730,NQ.v.0
2024-09-20 14:18:00+00:00,33,1,106364,19988.5,20012.5,19987.75,19996.5,1950,NQ.v.0
2024-09-20 14:19:00+00:00,33,1,106364,19997.0,19997.25,19984.0,19990.25,1099,NQ.v.0
2024-09-20 14:20:00+00:00,33,1,106364,19991.0,19997.0,19984.75,19992.75,1101,NQ.v.0
2024-09-20 14:21:00+00:00,33,1,106364,19992.5,19994.5,19981.75,19982.5,895,NQ.v.0
2024-09-20 14:22:00+00:00,33,1,106364,19983.75,19987.0,19975.0,19979.75,1284,NQ.v.0
2024-09-20 14:23:00+00:00,33,1,106364,19980.25,19998.5,19978.5,19993.75,1232,NQ.v.0
2024-09-20 14:24:00+00:00,33,1,106364,19995.25,20008.0,19993.25,20006.5,1212,NQ.v.0
2024-09-20 14:25:00+00:00,33,1,106364,20006.0,20020.25,20003.0,20003.5,1616,NQ.v.0
2024-09-20 14:26:00+00:00,33,1,106364,20004.25,20011.75,19996.25,20007.25,1122,NQ.v.0
2024-09-20 14:27:00+00:00,33,1,106364,20007.5,20010.0,19998.0,20001.75,702,NQ.v.0
2024-09-20 14:28:00+00:00,33,1,106364,20002.0,20011.0,19995.25,20007.75,832,NQ.v.0
2024-09-20 14:29:00+00:00,33,1,106364,20007.25,20009.5,19998.0,20000.75,537,NQ.v.0
2024-09-20 14:30:00+00:00,33,1,106364,20000.75,20003.5,19988.0,19989.25,1041,NQ.v.0
2024-09-20 14:31:00+00:00,33,1,106364,19989.25,19989.25,19976.75,19981.0,1169,NQ.v.0
2024-09-20 14:32:00+00:00,33,1,106364,19980.5,19983.0,19974.0,19981.25,941,NQ.v.0
2024-09-20 14:33:00+00:00,33,1,106364,19981.0,19984.25,19967.5,19981.0,1892,NQ.v.0
2024-09-20 14:34:00+00:00,33,1,106364,19981.25,19998.5,19981.25,19992.0,1273,NQ.v.0
2024-09-20 14:35:00+00:00,33,1,106364,19991.5,19992.25,19977.25,19978.75,909,NQ.v.0
2024-09-20 14:36:00+00:00,33,1,106364,19977.75,19990.75,19974.0,19984.75,1311,NQ.v.0
2024-09-20 14:37:00+00:00,33,1,106364,19986.0,20004.75,19985.75,20002.25,1319,NQ.v.0
2024-09-20 14:38:00+00:00,33,1,106364,20002.75,20008.5,19997.0,20007.25,975,NQ.v.0
2024-09-20 14:39:00+00:00,33,1,106364,20006.5,20017.0,20006.5,20009.0,1249,NQ.v.0
2024-09-20 14:40:00+00:00,33,1,106364,20008.75,20008.75,19999.75,20000.25,1240,NQ.v.0
2024-09-20 14:41:00+00:00,33,1,106364,20001.25,20001.5,19986.5,19988.0,993,NQ.v.0
2024-09-20 14:42:00+00:00,33,1,106364,19987.75,19997.5,19979.0,19996.25,840,NQ.v.0
2024-09-20 14:43:00+00:00,33,1,106364,19996.5,20000.75,19991.75,19992.0,607,NQ.v.0
2024-09-20 14:44:00+00:00,33,1,106364,19991.5,19995.5,19985.0,19993.75,623,NQ.v.0
2024-09-20 14:45:00+00:00,33,1,106364,19993.5,19995.0,19987.75,19992.5,495,NQ.v.0
2024-09-20 14:46:00+00:00,33,1,106364,19992.75,19994.25,19978.75,19981.75,811,NQ.v.0
2024-09-20 14:47:00+00:00,33,1,106364,19982.25,19985.5,19976.0,19978.25,545,NQ.v.0
2024-09-20 14:48:00+00:00,33,1,106364,19978.0,19983.5,19965.25,19981.5,1801,NQ.v.0
2024-09-20 14:49:00+00:00,33,1,106364,19981.5,19981.5,19970.75,19970.75,683,NQ.v.0
2024-09-20 14:50:00+00:00,33,1,106364,19971.0,19983.5,19969.5,19972.0,936,NQ.v.0
2024-09-20 14:51:00+00:00,33,1,106364,19971.75,19975.5,19962.0,19971.75,1353,NQ.v.0
2024-09-20 14:52:00+00:00,33,1,106364,19971.5,19974.25,19942.5,19953.0,2448,NQ.v.0
2024-09-20 14:53:00+00:00,33,1,106364,19952.75,19956.5,19943.5,19948.5,1108,NQ.v.0
2024-09-20 14:54:00+00:00,33,1,106364,19948.75,19948.75,19933.75,19941.5,1559,NQ.v.0
2024-09-20 14:55:00+00:00,33,1,106364,19942.0,19944.25,19933.25,19937.5,1214,NQ.v.0
2024-09-20 14:56:00+00:00,33,1,106364,19937.0,19947.0,19935.5,19943.5,943,NQ.v.0
2024-09-20 14:57:00+00:00,33,1,106364,19944.0,19952.75,19940.0,19950.0,895,NQ.v.0
2024-09-20 14:58:00+00:00,33,1,106364,19950.25,19951.25,19940.0,19944.25,728,NQ.v.0
2024-09-20 14:59:00+00:00,33,1,106364,19944.25,19944.25,19934.5,19942.25,760,NQ.v.0
2024-09-20 15:00:00+00:00,33,1,106364,19942.0,19943.0,19929.0,19933.25,1249,NQ.v.0
2024-09-20 15:01:00+00:00,33,1,106364,19932.0,19937.75,19925.75,19934.75,1295,NQ.v.0
2024-09-20 15:02:00+00:00,33,1,106364,19934.5,19935.75,19922.25,19926.0,1955,NQ.v.0
2024-09-20 15:03:00+00:00,33,1,106364,19926.75,19934.5,19923.25,19924.75,741,NQ.v.0
2024-09-20 15:04:00+00:00,33,1,106364,19925.0,19930.25,19921.0,19926.75,607,NQ.v.0
2024-09-20 15:05:00+00:00,33,1,106364,19926.5,19931.5,19924.25,19930.5,637,NQ.v.0
2024-09-20 15:06:00+00:00,33,1,106364,19930.75,19934.25,19924.5,19933.0,834,NQ.v.0
2024-09-20 15:07:00+00:00,33,1,106364,19932.75,19932.75,19921.25,19924.5,753,NQ.v.0
2024-09-20 15:08:00+00:00,33,1,106364,19925.25,19928.5,19918.75,19919.75,1110,NQ.v.0
2024-09-20 15:09:00+00:00,33,1,106364,19920.0,19926.5,19917.5,19922.75,937,NQ.v.0
2024-09-20 15:10:00+00:00,33,1,106364,19922.25,19929.75,19921.0,19928.0,715,NQ.v.0
2024-09-20 15:11:00+00:00,33,1,106364,19927.75,19927.75,19905.75,19909.75,2023,NQ.v.0
2024-09-20 15:12:00+00:00,33,1,106364,19909.75,19921.75,19907.5,19910.0,966,NQ.v.0
2024-09-20 15:13:00+00:00,33,1,106364,19910.5,19910.75,19891.25,19891.5,2955,NQ.v.0
2024-09-20 15:14:00+00:00,33,1,106364,19891.5,19895.0,19885.5,19894.5,1441,NQ.v.0
2024-09-20 15:15:00+00:00,33,1,106364,19894.75,19896.0,19866.25,19871.75,2971,NQ.v.0
2024-09-20 15:16:00+00:00,33,1,106364,19872.0,19873.25,19860.0,19862.0,2055,NQ.v.0
2024-09-20 15:17:00+00:00,33,1,106364,19862.25,19876.5,19860.75,19875.0,1405,NQ.v.0
2024-09-20 15:18:00+00:00,33,1,106364,19875.5,19895.0,19875.0,19893.0,2126,NQ.v.0
2024-09-20 15:19:00+00:00,33,1,106364,19894.0,19899.5,19887.25,19895.25,1655,NQ.v.0
2024-09-20 15:20:00+00:00,33,1,106364,19895.0,19920.75,19894.5,19917.25,2743,NQ.v.0
2024-09-20 15:21:00+00:00,33,1,106364,19917.0,19919.0,19905.25,19909.25,1204,NQ.v.0
2024-09-20 15:22:00+00:00,33,1,106364,19909.0,19911.5,19905.0,19909.25,523,NQ.v.0
2024-09-20 15:23:00+00:00,33,1,106364,19910.0,19918.75,19908.0,19917.5,812,NQ.v.0
2024-09-20 15:24:00+00:00,33,1,106364,19917.0,19918.75,19908.5,19912.5,811,NQ.v.0
2024-09-20 15:25:00+00:00,33,1,106364,19912.75,19917.75,19906.5,19910.0,1004,NQ.v.0
2024-09-20 15:26:00+00:00,33,1,106364,19910.75,19925.25,19910.75,19914.75,1716,NQ.v.0
2024-09-20 15:27:00+00:00,33,1,106364,19915.0,19917.5,19909.75,19913.75,756,NQ.v.0
2024-09-20 15:28:00+00:00,33,1,106364,19914.0,19915.0,19905.5,19909.75,689,NQ.v.0
2024-09-20 15:29:00+00:00,33,1,106364,19910.0,19916.75,19906.5,19906.75,502,NQ.v.0
2024-09-20 15:30:00+00:00,33,1,106364,19906.5,19913.25,19900.5,19911.0,1105,NQ.v.0
2024-09-20 15:31:00+00:00,33,1,106364,19911.25,19914.5,19905.0,19907.0,478,NQ.v.0
2024-09-20 15:32:00+00:00,33,1,106364,19907.25,19923.0,19906.75,19920.5,963,NQ.v.0
2024-09-20 15:33:00+00:00,33,1,106364,19920.5,19932.0,19917.75,19930.25,1212,NQ.v.0
2024-09-20 15:34:00+00:00,33,1,106364,19930.25,19951.5,19929.5,19946.0,2966,NQ.v.0
2024-09-20 15:35:00+00:00,33,1,106364,19946.75,19958.0,19945.25,19946.5,1889,NQ.v.0
2024-09-20 15:36:00+00:00,33,1,106364,19946.75,19949.25,19934.75,19943.0,1423,NQ.v.0
2024-09-20 15:37:00+00:00,33,1,106364,19942.5,19943.25,19932.5,19938.75,749,NQ.v.0
2024-09-20 15:38:00+00:00,33,1,106364,19938.5,19943.5,19930.75,19940.75,729,NQ.v.0
2024-09-20 15:39:00+00:00,33,1,106364,19940.75,19951.75,19937.25,19951.75,968,NQ.v.0
2024-09-20 15:40:00+00:00,33,1,106364,19951.5,19953.25,19938.75,19947.5,854,NQ.v.0
2024-09-20 15:41:00+00:00,33,1,106364,19948.0,19968.75,19947.75,19963.75,3021,NQ.v.0
2024-09-20 15:42:00+00:00,33,1,106364,19964.25,19978.0,19962.75,19972.0,1897,NQ.v.0
2024-09-20 15:43:00+00:00,33,1,106364,19971.25,19984.0,19968.75,19980.25,1559,NQ.v.0
2024-09-20 15:44:00+00:00,33,1,106364,19979.75,19982.75,19970.25,19974.5,1117,NQ.v.0
2024-09-20 15:45:00+00:00,33,1,106364,19974.5,19978.75,19961.0,19964.5,1394,NQ.v.0
2024-09-20 15:46:00+00:00,33,1,106364,19964.5,19975.5,19959.25,19974.0,1028,NQ.v.0
2024-09-20 15:47:00+00:00,33,1,106364,19974.5,19980.75,19973.25,19975.75,796,NQ.v.0
2024-09-20 15:48:00+00:00,33,1,106364,19977.0,19985.5,19975.25,19977.75,741,NQ.v.0
2024-09-20 15:49:00+00:00,33,1,106364,19978.25,19978.5,19971.25,19974.75,815,NQ.v.0
2024-09-20 15:50:00+00:00,33,1,106364,19974.75,19979.25,19968.25,19970.0,685,NQ.v.0
2024-09-20 15:51:00+00:00,33,1,106364,19969.75,19976.25,19965.5,19972.0,847,NQ.v.0
2024-09-20 15:52:00+00:00,33,1,106364,19971.5,19974.5,19952.5,19958.5,1406,NQ.v.0
2024-09-20 15:53:00+00:00,33,1,106364,19957.75,19962.75,19951.25,19959.75,737,NQ.v.0
2024-09-20 15:54:00+00:00,33,1,106364,19959.0,19965.75,19958.0,19959.25,438,NQ.v.0
2024-09-20 15:55:00+00:00,33,1,106364,19960.0,19983.25,19960.0,19979.25,2238,NQ.v.0
2024-09-20 15:56:00+00:00,33,1,106364,19979.25,19987.5,19974.25,19985.75,1882,NQ.v.0
2024-09-20 15:57:00+00:00,33,1,106364,19985.0,19988.0,19972.0,19975.75,841,NQ.v.0
2024-09-20 15:58:00+00:00,33,1,106364,19974.75,19981.25,19974.25,19978.5,445,NQ.v.0
2024-09-20 15:59:00+00:00,33,1,106364,19979.25,19981.0,19969.5,19973.75,510,NQ.v.0
2024-09-20 16:00:00+00:00,33,1,106364,19974.25,19977.25,19969.75,19972.75,551,NQ.v.0
2024-09-20 16:01:00+00:00,33,1,106364,19973.5,19979.5,19967.75,19976.5,589,NQ.v.0
2024-09-20 16:02:00+00:00,33,1,106364,19976.0,19986.75,19971.5,19985.5,697,NQ.v.0
2024-09-20 16:03:00+00:00,33,1,106364,19986.25,19991.5,19984.0,19991.25,701,NQ.v.0
2024-09-20 16:04:00+00:00,33,1,106364,19991.0,19991.5,19982.5,19988.0,759,NQ.v.0
2024-09-20 16:05:00+00:00,33,1,106364,19988.5,19996.25,19982.5,19983.75,983,NQ.v.0
2024-09-20 16:06:00+00:00,33,1,106364,19983.25,19988.75,19980.25,19987.25,642,NQ.v.0
2024-09-20 16:07:00+00:00,33,1,106364,19985.5,19990.5,19979.25,19989.25,409,NQ.v.0
2024-09-20 16:08:00+00:00,33,1,106364,19990.0,19996.75,19986.25,19995.0,790,NQ.v.0
2024-09-20 16:09:00+00:00,33,1,106364,19995.25,20003.5,19994.5,19996.25,1363,NQ.v.0
2024-09-20 16:10:00+00:00,33,1,106364,19996.25,20000.25,19992.75,19993.25,693,NQ.v.0
2024-09-20 16:11:00+00:00,33,1,106364,19993.75,19994.0,19985.75,19987.0,864,NQ.v.0
2024-09-20 16:12:00+00:00,33,1,106364,19987.0,19991.0,19983.0,19985.0,537,NQ.v.0
2024-09-20 16:13:00+00:00,33,1,106364,19985.75,19995.5,19985.75,19992.5,550,NQ.v.0
2024-09-20 16:14:00+00:00,33,1,106364,19992.0,19992.0,19985.25,19988.5,578,NQ.v.0
2024-09-20 16:15:00+00:00,33,1,106364,19988.5,19996.25,19982.0,19996.25,684,NQ.v.0
2024-09-20 16:16:00+00:00,33,1,106364,19995.75,19996.0,19985.0,19987.0,490,NQ.v.0
2024-09-20 16:17:00+00:00,33,1,106364,19987.0,19989.5,19981.25,19985.0,569,NQ.v.0
2024-09-20 16:18:00+00:00,33,1,106364,19984.25,19987.0,19979.5,19983.75,631,NQ.v.0
2024-09-20 16:19:00+00:00,33,1,106364,19984.0,19997.75,19983.75,19994.25,702,NQ.v.0
2024-09-20 16:20:00+00:00,33,1,106364,19993.75,19997.5,19989.0,19992.25,429,NQ.v.0
2024-09-20 16:21:00+00:00,33,1,106364,19992.5,19994.25,19987.25,19993.25,309,NQ.v.0
2024-09-20 16:22:00+00:00,33,1,106364,19992.5,20005.0,19990.25,20002.75,796,NQ.v.0
2024-09-20 16:23:00+00:00,33,1,106364,20003.25,20008.5,20000.25,20006.0,934,NQ.v.0
2024-09-20 16:24:00+00:00,33,1,106364,20005.0,20013.75,20000.5,20013.0,1160,NQ.v.0
2024-09-20 16:25:00+00:00,33,1,106364,20012.75,20015.75,20008.75,20011.5,679,NQ.v.0
2024-09-20 16:26:00+00:00,33,1,106364,20011.25,20019.0,20009.25,20017.0,778,NQ.v.0
2024-09-20 16:27:00+00:00,33,1,106364,20016.5,20017.5,20007.75,20011.25,730,NQ.v.0
2024-09-20 16:28:00+00:00,33,1,106364,20011.0,20016.25,20007.75,20014.5,523,NQ.v.0
2024-09-20 16:29:00+00:00,33,1,106364,20015.5,20020.0,20014.75,20016.0,466,NQ.v.0
2024-09-20 16:30:00+00:00,33,1,106364,20015.75,20021.0,20011.25,20020.0,856,NQ.v.0
2024-09-20 16:31:00+00:00,33,1,106364,20020.25,20021.25,20010.25,20010.25,816,NQ.v.0
2024-09-20 16:32:00+00:00,33,1,106364,20010.25,20014.25,20009.0,20013.5,487,NQ.v.0
2024-09-20 16:33:00+00:00,33,1,106364,20013.0,20015.5,20007.0,20008.75,418,NQ.v.0
2024-09-20 16:34:00+00:00,33,1,106364,20008.25,20009.0,20002.0,20007.25,741,NQ.v.0
2024-09-20 16:35:00+00:00,33,1,106364,20007.25,20013.0,20006.5,20008.25,486,NQ.v.0
2024-09-20 16:36:00+00:00,33,1,106364,20008.5,20008.75,20004.25,20006.0,391,NQ.v.0
2024-09-20 16:37:00+00:00,33,1,106364,20005.75,20016.25,20003.5,20014.0,627,NQ.v.0
2024-09-20 16:38:00+00:00,33,1,106364,20014.5,20020.5,20011.0,20019.5,543,NQ.v.0
2024-09-20 16:39:00+00:00,33,1,106364,20020.0,20024.5,20017.0,20018.25,727,NQ.v.0
2024-09-20 16:40:00+00:00,33,1,106364,20018.5,20021.5,20014.5,20016.75,424,NQ.v.0
2024-09-20 16:41:00+00:00,33,1,106364,20017.5,20022.25,20017.25,20018.75,418,NQ.v.0
2024-09-20 16:42:00+00:00,33,1,106364,20018.5,20022.75,20016.0,20021.75,357,NQ.v.0
2024-09-20 16:43:00+00:00,33,1,106364,20022.25,20022.5,20016.5,20017.5,265,NQ.v.0
2024-09-20 16:44:00+00:00,33,1,106364,20018.5,20020.75,20014.25,20014.75,362,NQ.v.0
2024-09-20 16:45:00+00:00,33,1,106364,20015.25,20020.25,20012.5,20014.25,508,NQ.v.0
2024-09-20 16:46:00+00:00,33,1,106364,20014.25,20026.0,20013.75,20019.25,620,NQ.v.0
2024-09-20 16:47:00+00:00,33,1,106364,20019.5,20023.5,20016.25,20021.5,390,NQ.v.0
2024-09-20 16:48:00+00:00,33,1,106364,20021.75,20023.5,20016.5,20021.75,391,NQ.v.0
2024-09-20 16:49:00+00:00,33,1,106364,20021.75,20027.5,20021.25,20026.5,442,NQ.v.0
2024-09-20 16:50:00+00:00,33,1,106364,20026.75,20033.5,20026.0,20031.0,813,NQ.v.0
2024-09-20 16:51:00+00:00,33,1,106364,20030.5,20035.25,20027.75,20029.25,604,NQ.v.0
2024-09-20 16:52:00+00:00,33,1,106364,20029.25,20031.75,20027.0,20031.75,404,NQ.v.0
2024-09-20 16:53:00+00:00,33,1,106364,20031.75,20036.25,20029.5,20031.0,455,NQ.v.0
2024-09-20 16:54:00+00:00,33,1,106364,20030.75,20031.5,20020.5,20021.75,807,NQ.v.0
2024-09-20 16:55:00+00:00,33,1,106364,20021.5,20026.25,20018.5,20025.0,405,NQ.v.0
2024-09-20 16:56:00+00:00,33,1,106364,20025.5,20026.0,20017.25,20021.5,554,NQ.v.0
2024-09-20 16:57:00+00:00,33,1,106364,20022.75,20027.5,20021.5,20025.75,453,NQ.v.0
2024-09-20 16:58:00+00:00,33,1,106364,20025.5,20029.25,20023.5,20023.75,315,NQ.v.0
2024-09-20 16:59:00+00:00,33,1,106364,20024.25,20024.25,20016.75,20018.75,563,NQ.v.0
2024-09-20 17:00:00+00:00,33,1,106364,20019.0,20024.75,20017.25,20022.0,552,NQ.v.0
2024-09-20 17:01:00+00:00,33,1,106364,20022.0,20030.5,20020.75,20028.0,571,NQ.v.0
2024-09-20 17:02:00+00:00,33,1,106364,20028.25,20029.75,20009.75,20014.75,917,NQ.v.0
2024-09-20 17:03:00+00:00,33,1,106364,20014.25,20019.5,20011.5,20015.25,551,NQ.v.0
2024-09-20 17:04:00+00:00,33,1,106364,20014.75,20015.5,19998.0,20004.5,1074,NQ.v.0
2024-09-20 17:05:00+00:00,33,1,106364,20004.0,20009.5,20001.25,20004.25,733,NQ.v.0
2024-09-20 17:06:00+00:00,33,1,106364,20003.75,20015.25,20000.0,20015.0,748,NQ.v.0
2024-09-20 17:07:00+00:00,33,1,106364,20015.5,20023.5,20015.25,20021.5,675,NQ.v.0
2024-09-20 17:08:00+00:00,33,1,106364,20021.75,20022.5,20008.5,20010.75,501,NQ.v.0
2024-09-20 17:09:00+00:00,33,1,106364,20011.0,20011.5,20003.25,20003.75,506,NQ.v.0
2024-09-20 17:10:00+00:00,33,1,106364,20004.0,20008.5,20001.25,20002.5,471,NQ.v.0
2024-09-20 17:11:00+00:00,33,1,106364,20002.5,20005.5,19998.75,20005.0,449,NQ.v.0
2024-09-20 17:12:00+00:00,33,1,106364,20005.75,20013.0,20003.25,20011.75,496,NQ.v.0
2024-09-20 17:13:00+00:00,33,1,106364,20012.0,20015.5,20004.5,20014.75,582,NQ.v.0
2024-09-20 17:14:00+00:00,33,1,106364,20014.25,20020.5,20013.75,20017.25,491,NQ.v.0
2024-09-20 17:15:00+00:00,33,1,106364,20017.75,20023.25,20012.75,20020.5,710,NQ.v.0
2024-09-20 17:16:00+00:00,33,1,106364,20021.0,20022.0,20015.0,20017.0,291,NQ.v.0
2024-09-20 17:17:00+00:00,33,1,106364,20017.0,20018.75,20012.25,20018.25,380,NQ.v.0
2024-09-20 17:18:00+00:00,33,1,106364,20018.5,20021.5,20016.0,20018.5,308,NQ.v.0
2024-09-20 17:19:00+00:00,33,1,106364,20019.0,20022.75,20011.5,20017.75,577,NQ.v.0
2024-09-20 17:20:00+00:00,33,1,106364,20017.75,20019.0,20009.0,20013.5,605,NQ.v.0
2024-09-20 17:21:00+00:00,33,1,106364,20013.25,20018.75,20012.5,20015.5,245,NQ.v.0
2024-09-20 17:22:00+00:00,33,1,106364,20015.5,20015.75,20006.25,20008.0,417,NQ.v.0
2024-09-20 17:23:00+00:00,33,1,106364,20008.5,20011.5,20004.25,20006.0,451,NQ.v.0
2024-09-20 17:24:00+00:00,33,1,106364,20006.5,20006.5,19993.0,19997.0,1055,NQ.v.0
2024-09-20 17:25:00+00:00,33,1,106364,19997.25,20013.25,19996.5,20012.5,702,NQ.v.0
2024-09-20 17:26:00+00:00,33,1,106364,20012.25,20013.0,20001.0,20004.0,493,NQ.v.0
2024-09-20 17:27:00+00:00,33,1,106364,20003.75,20003.75,19991.0,19994.25,740,NQ.v.0
2024-09-20 17:28:00+00:00,33,1,106364,19993.75,20004.5,19993.0,20000.75,628,NQ.v.0
2024-09-20 17:29:00+00:00,33,1,106364,20001.75,20004.5,19998.5,20003.25,338,NQ.v.0
2024-09-20 17:30:00+00:00,33,1,106364,20003.25,20014.5,20001.5,20013.25,643,NQ.v.0
2024-09-20 17:31:00+00:00,33,1,106364,20013.5,20016.5,20009.75,20011.75,460,NQ.v.0
2024-09-20 17:32:00+00:00,33,1,106364,20011.5,20025.0,20011.5,20020.75,636,NQ.v.0
2024-09-20 17:33:00+00:00,33,1,106364,20020.5,20023.5,20019.0,20021.5,467,NQ.v.0
2024-09-20 17:34:00+00:00,33,1,106364,20021.5,20026.25,20020.75,20022.5,486,NQ.v.0
2024-09-20 17:35:00+00:00,33,1,106364,20022.25,20027.0,20021.0,20023.25,280,NQ.v.0
2024-09-20 17:36:00+00:00,33,1,106364,20023.5,20029.5,20023.0,20028.75,512,NQ.v.0
2024-09-20 17:37:00+00:00,33,1,106364,20028.75,20028.75,20021.75,20023.25,360,NQ.v.0
2024-09-20 17:38:00+00:00,33,1,106364,20022.75,20023.75,20014.25,20019.0,688,NQ.v.0
2024-09-20 17:39:00+00:00,33,1,106364,20018.75,20021.5,20013.5,20021.25,388,NQ.v.0
2024-09-20 17:40:00+00:00,33,1,106364,20021.25,20022.0,20014.5,20019.25,332,NQ.v.0
2024-09-20 17:41:00+00:00,33,1,106364,20020.0,20024.75,20018.0,20022.25,276,NQ.v.0
2024-09-20 17:42:00+00:00,33,1,106364,20022.0,20023.75,20018.5,20021.0,209,NQ.v.0
2024-09-20 17:43:00+00:00,33,1,106364,20021.75,20023.0,20015.75,20016.75,307,NQ.v.0
2024-09-20 17:44:00+00:00,33,1,106364,20017.5,20017.5,20005.0,20006.25,628,NQ.v.0
2024-09-20 17:45:00+00:00,33,1,106364,20006.25,20012.5,20002.5,20011.0,378,NQ.v.0
2024-09-20 17:46:00+00:00,33,1,106364,20010.5,20012.0,20004.0,20010.75,229,NQ.v.0
2024-09-20 17:47:00+00:00,33,1,106364,20010.5,20013.5,20007.25,20008.0,185,NQ.v.0
2024-09-20 17:48:00+00:00,33,1,106364,20007.5,20007.5,19999.25,20003.5,690,NQ.v.0
2024-09-20 17:49:00+00:00,33,1,106364,20003.75,20011.25,20002.75,20008.0,325,NQ.v.0
2024-09-20 17:50:00+00:00,33,1,106364,20008.0,20010.75,19999.25,20004.0,374,NQ.v.0
2024-09-20 17:51:00+00:00,33,1,106364,20003.5,20004.25,19996.25,20001.75,417,NQ.v.0
2024-09-20 17:52:00+00:00,33,1,106364,20001.25,20006.75,20001.0,20006.0,315,NQ.v.0
2024-09-20 17:53:00+00:00,33,1,106364,20006.0,20006.0,19995.75,20000.5,302,NQ.v.0
2024-09-20 17:54:00+00:00,33,1,106364,20000.0,20004.25,19996.25,19998.0,342,NQ.v.0
2024-09-20 17:55:00+00:00,33,1,106364,19997.25,20002.0,19992.25,19997.0,648,NQ.v.0
2024-09-20 17:56:00+00:00,33,1,106364,19996.75,20004.25,19996.0,19997.0,323,NQ.v.0
2024-09-20 17:57:00+00:00,33,1,106364,19997.25,19997.25,19988.5,19994.0,595,NQ.v.0
2024-09-20 17:58:00+00:00,33,1,106364,19993.25,19999.0,19991.5,19995.5,366,NQ.v.0
2024-09-20 17:59:00+00:00,33,1,106364,19995.5,20000.0,19993.75,19995.25,274,NQ.v.0
2024-09-20 18:00:00+00:00,33,1,106364,19995.0,19998.75,19991.75,19996.5,361,NQ.v.0
2024-09-20 18:01:00+00:00,33,1,106364,19996.75,19999.0,19979.25,19984.0,1169,NQ.v.0
2024-09-20 18:02:00+00:00,33,1,106364,19983.75,19991.25,19976.25,19984.25,909,NQ.v.0
2024-09-20 18:03:00+00:00,33,1,106364,19984.25,19987.0,19955.25,19959.5,1352,NQ.v.0
2024-09-20 18:04:00+00:00,33,1,106364,19960.0,19968.5,19956.0,19965.25,1453,NQ.v.0
2024-09-20 18:05:00+00:00,33,1,106364,19964.75,19973.5,19957.0,19972.5,1074,NQ.v.0
2024-09-20 18:06:00+00:00,33,1,106364,19971.75,19973.75,19960.5,19963.25,616,NQ.v.0
2024-09-20 18:07:00+00:00,33,1,106364,19963.0,19971.0,19961.5,19966.25,441,NQ.v.0
2024-09-20 18:08:00+00:00,33,1,106364,19966.5,19967.25,19956.0,19959.75,590,NQ.v.0
2024-09-20 18:09:00+00:00,33,1,106364,19960.25,19961.25,19946.5,19955.25,971,NQ.v.0
2024-09-20 18:10:00+00:00,33,1,106364,19954.25,19954.75,19946.75,19949.25,586,NQ.v.0
2024-09-20 18:11:00+00:00,33,1,106364,19948.25,19949.5,19938.0,19947.5,1046,NQ.v.0
2024-09-20 18:12:00+00:00,33,1,106364,19948.0,19969.25,19947.5,19967.25,1141,NQ.v.0
2024-09-20 18:13:00+00:00,33,1,106364,19967.75,19973.25,19963.0,19965.5,785,NQ.v.0
2024-09-20 18:14:00+00:00,33,1,106364,19964.25,19967.0,19960.5,19961.75,476,NQ.v.0
2024-09-20 18:15:00+00:00,33,1,106364,19961.5,19968.25,19959.5,19966.5,490,NQ.v.0
2024-09-20 18:16:00+00:00,33,1,106364,19966.75,19971.5,19960.5,19964.5,458,NQ.v.0
2024-09-20 18:17:00+00:00,33,1,106364,19964.5,19969.75,19961.0,19961.0,361,NQ.v.0
2024-09-20 18:18:00+00:00,33,1,106364,19960.75,19970.5,19960.0,19967.0,499,NQ.v.0
2024-09-20 18:19:00+00:00,33,1,106364,19967.5,19969.75,19960.5,19963.0,290,NQ.v.0
2024-09-20 18:20:00+00:00,33,1,106364,19962.25,19964.5,19951.75,19963.75,701,NQ.v.0
2024-09-20 18:21:00+00:00,33,1,106364,19964.25,19967.5,19958.75,19962.5,481,NQ.v.0
2024-09-20 18:22:00+00:00,33,1,106364,19963.0,19965.0,19954.25,19956.25,310,NQ.v.0
2024-09-20 18:23:00+00:00,33,1,106364,19955.5,19958.0,19947.25,19955.5,517,NQ.v.0
2024-09-20 18:24:00+00:00,33,1,106364,19955.0,19959.5,19952.0,19955.5,327,NQ.v.0
2024-09-20 18:25:00+00:00,33,1,106364,19955.25,19956.5,19948.25,19951.75,378,NQ.v.0
2024-09-20 18:26:00+00:00,33,1,106364,19952.0,19957.25,19951.5,19954.75,225,NQ.v.0
2024-09-20 18:27:00+00:00,33,1,106364,19954.5,19961.0,19952.75,19955.75,297,NQ.v.0
2024-09-20 18:28:00+00:00,33,1,106364,19955.0,19959.0,19950.0,19954.25,393,NQ.v.0
2024-09-20 18:29:00+00:00,33,1,106364,19955.0,19959.75,19952.0,19954.5,491,NQ.v.0
2024-09-20 18:30:00+00:00,33,1,106364,19953.5,19955.25,19940.25,19943.75,858,NQ.v.0
2024-09-20 18:31:00+00:00,33,1,106364,19944.5,19955.5,19941.5,19952.75,706,NQ.v.0
2024-09-20 18:32:00+00:00,33,1,106364,19951.75,19957.0,19946.25,19953.5,618,NQ.v.0
2024-09-20 18:33:00+00:00,33,1,106364,19954.0,19955.75,19947.25,19954.5,324,NQ.v.0
2024-09-20 18:34:00+00:00,33,1,106364,19953.5,19956.25,19938.25,19940.25,691,NQ.v.0
2024-09-20 18:35:00+00:00,33,1,106364,19940.25,19948.0,19938.25,19947.0,554,NQ.v.0
2024-09-20 18:36:00+00:00,33,1,106364,19947.0,19952.0,19945.5,19946.25,360,NQ.v.0
2024-09-20 18:37:00+00:00,33,1,106364,19946.25,19950.0,19943.75,19946.25,271,NQ.v.0
2024-09-20 18:38:00+00:00,33,1,106364,19946.5,19949.5,19934.25,19949.0,774,NQ.v.0
2024-09-20 18:39:00+00:00,33,1,106364,19949.25,19956.0,19948.25,19952.75,626,NQ.v.0
2024-09-20 18:40:00+00:00,33,1,106364,19953.0,19953.0,19944.5,19948.5,454,NQ.v.0
2024-09-20 18:41:00+00:00,33,1,106364,19947.75,19950.75,19943.75,19944.75,247,NQ.v.0
2024-09-20 18:42:00+00:00,33,1,106364,19945.75,19952.5,19942.0,19950.0,293,NQ.v.0
2024-09-20 18:43:00+00:00,33,1,106364,19948.5,19955.0,19946.5,19953.75,385,NQ.v.0
2024-09-20 18:44:00+00:00,33,1,106364,19953.5,19959.75,19947.75,19949.0,843,NQ.v.0
2024-09-20 18:45:00+00:00,33,1,106364,19948.75,19953.25,19945.25,19950.25,393,NQ.v.0
2024-09-20 18:46:00+00:00,33,1,106364,19950.75,19954.0,19947.0,19953.5,268,NQ.v.0
2024-09-20 18:47:00+00:00,33,1,106364,19953.25,19964.5,19953.25,19954.5,800,NQ.v.0
2024-09-20 18:48:00+00:00,33,1,106364,19954.75,19958.0,19952.0,19958.0,349,NQ.v.0
2024-09-20 18:49:00+00:00,33,1,106364,19957.25,19964.0,19955.0,19957.5,463,NQ.v.0
2024-09-20 18:50:00+00:00,33,1,106364,19957.25,19963.0,19955.75,19957.75,424,NQ.v.0
2024-09-20 18:51:00+00:00,33,1,106364,19958.25,19968.5,19957.0,19967.0,604,NQ.v.0
2024-09-20 18:52:00+00:00,33,1,106364,19966.75,19974.25,19965.75,19968.5,707,NQ.v.0
2024-09-20 18:53:00+00:00,33,1,106364,19968.75,19985.25,19968.0,19978.0,1270,NQ.v.0
2024-09-20 18:54:00+00:00,33,1,106364,19978.5,19985.75,19976.0,19982.5,777,NQ.v.0
2024-09-20 18:55:00+00:00,33,1,106364,19983.0,19983.5,19978.5,19981.25,518,NQ.v.0
2024-09-20 18:56:00+00:00,33,1,106364,19982.25,19999.0,19981.5,19990.5,1250,NQ.v.0
2024-09-20 18:57:00+00:00,33,1,106364,19990.25,19995.25,19988.0,19992.75,676,NQ.v.0
2024-09-20 18:58:00+00:00,33,1,106364,19993.0,19999.75,19992.0,19999.5,564,NQ.v.0
2024-09-20 18:59:00+00:00,33,1,106364,19999.5,20004.0,19996.25,19998.25,810,NQ.v.0
2024-09-20 19:00:00+00:00,33,1,106364,19997.75,20001.0,19990.25,19995.25,859,NQ.v.0
2024-09-20 19:01:00+00:00,33,1,106364,19994.75,20005.5,19994.75,20000.25,711,NQ.v.0
2024-09-20 19:02:00+00:00,33,1,106364,20000.75,20005.0,19998.5,20003.75,517,NQ.v.0
2024-09-20 19:03:00+00:00,33,1,106364,20004.5,20007.5,20002.5,20005.25,493,NQ.v.0
2024-09-20 19:04:00+00:00,33,1,106364,20005.0,20006.5,20001.25,20006.5,365,NQ.v.0
2024-09-20 19:05:00+00:00,33,1,106364,20006.25,20006.5,19997.25,19998.0,613,NQ.v.0
2024-09-20 19:06:00+00:00,33,1,106364,19998.25,20002.75,19996.0,19998.75,408,NQ.v.0
2024-09-20 19:07:00+00:00,33,1,106364,19998.75,20000.5,19988.25,19988.75,812,NQ.v.0
2024-09-20 19:08:00+00:00,33,1,106364,19988.5,19993.0,19981.5,19993.0,1061,NQ.v.0
2024-09-20 19:09:00+00:00,33,1,106364,19992.0,19998.0,19991.0,19997.0,526,NQ.v.0
2024-09-20 19:10:00+00:00,33,1,106364,19996.5,20001.75,19996.25,20000.0,685,NQ.v.0
2024-09-20 19:11:00+00:00,33,1,106364,20000.25,20005.0,19999.25,20003.0,423,NQ.v.0
2024-09-20 19:12:00+00:00,33,1,106364,20003.25,20004.25,19998.0,20002.0,368,NQ.v.0
2024-09-20 19:13:00+00:00,33,1,106364,20002.0,20002.25,19997.0,19998.75,482,NQ.v.0
2024-09-20 19:14:00+00:00,33,1,106364,19998.75,20010.5,19998.5,20007.75,957,NQ.v.0
2024-09-20 19:15:00+00:00,33,1,106364,20007.25,20010.0,20002.0,20004.75,655,NQ.v.0
2024-09-20 19:16:00+00:00,33,1,106364,20005.0,20009.75,20001.25,20004.5,662,NQ.v.0
2024-09-20 19:17:00+00:00,33,1,106364,20003.5,20012.75,20003.25,20008.0,791,NQ.v.0
2024-09-20 19:18:00+00:00,33,1,106364,20008.25,20025.5,20008.0,20021.0,1344,NQ.v.0
2024-09-20 19:19:00+00:00,33,1,106364,20021.5,20021.75,20011.25,20015.0,702,NQ.v.0
2024-09-20 19:20:00+00:00,33,1,106364,20015.25,20027.25,20012.0,20027.0,790,NQ.v.0
2024-09-20 19:21:00+00:00,33,1,106364,20026.75,20051.25,20026.75,20037.5,2482,NQ.v.0
2024-09-20 19:22:00+00:00,33,1,106364,20037.5,20038.5,20019.75,20021.0,1024,NQ.v.0
2024-09-20 19:23:00+00:00,33,1,106364,20020.5,20028.25,20018.5,20023.0,958,NQ.v.0
2024-09-20 19:24:00+00:00,33,1,106364,20022.75,20024.5,20013.25,20022.5,809,NQ.v.0
2024-09-20 19:25:00+00:00,33,1,106364,20022.25,20029.75,20019.5,20029.25,609,NQ.v.0
2024-09-20 19:26:00+00:00,33,1,106364,20029.25,20030.0,20022.0,20024.25,568,NQ.v.0
2024-09-20 19:27:00+00:00,33,1,106364,20024.25,20035.25,20023.5,20033.5,498,NQ.v.0
2024-09-20 19:28:00+00:00,33,1,106364,20033.75,20042.0,20030.0,20039.75,584,NQ.v.0
2024-09-20 19:29:00+00:00,33,1,106364,20040.25,20042.0,20035.25,20037.5,632,NQ.v.0
2024-09-20 19:30:00+00:00,33,1,106364,20037.75,20040.25,20033.0,20035.25,710,NQ.v.0
2024-09-20 19:31:00+00:00,33,1,106364,20034.75,20038.0,20030.5,20032.75,561,NQ.v.0
2024-09-20 19:32:00+00:00,33,1,106364,20032.5,20036.5,20025.75,20034.0,551,NQ.v.0
2024-09-20 19:33:00+00:00,33,1,106364,20033.75,20043.75,20033.25,20036.0,435,NQ.v.0
2024-09-20 19:34:00+00:00,33,1,106364,20037.0,20047.0,20036.5,20046.0,483,NQ.v.0
2024-09-20 19:35:00+00:00,33,1,106364,20046.25,20046.75,20039.5,20043.5,544,NQ.v.0
2024-09-20 19:36:00+00:00,33,1,106364,20044.0,20056.5,20044.0,20046.25,1525,NQ.v.0
2024-09-20 19:37:00+00:00,33,1,106364,20046.25,20050.0,20043.5,20047.25,394,NQ.v.0
2024-09-20 19:38:00+00:00,33,1,106364,20048.0,20082.0,20047.5,20078.25,2141,NQ.v.0
2024-09-20 19:39:00+00:00,33,1,106364,20077.75,20084.0,20067.0,20071.25,1717,NQ.v.0
2024-09-20 19:40:00+00:00,33,1,106364,20071.0,20073.0,20062.25,20068.25,1231,NQ.v.0
2024-09-20 19:41:00+00:00,33,1,106364,20067.75,20074.25,20067.0,20071.0,894,NQ.v.0
2024-09-20 19:42:00+00:00,33,1,106364,20070.75,20078.0,20068.5,20075.0,632,NQ.v.0
2024-09-20 19:43:00+00:00,33,1,106364,20074.75,20078.25,20067.0,20073.75,658,NQ.v.0
2024-09-20 19:44:00+00:00,33,1,106364,20073.5,20076.0,20067.5,20069.25,720,NQ.v.0
2024-09-20 19:45:00+00:00,33,1,106364,20068.75,20075.0,20061.0,20064.75,982,NQ.v.0
2024-09-20 19:46:00+00:00,33,1,106364,20064.25,20065.25,20052.0,20057.25,1128,NQ.v.0
2024-09-20 19:47:00+00:00,33,1,106364,20057.25,20057.5,20042.5,20045.75,1131,NQ.v.0
2024-09-20 19:48:00+00:00,33,1,106364,20045.25,20056.0,20044.25,20050.5,1040,NQ.v.0
2024-09-20 19:49:00+00:00,33,1,106364,20050.5,20053.75,20042.75,20044.75,679,NQ.v.0
2024-09-20 19:50:00+00:00,33,1,106364,20044.0,20053.0,20021.5,20034.75,2975,NQ.v.0
2024-09-20 19:51:00+00:00,33,1,106364,20035.25,20047.25,20034.0,20044.5,1159,NQ.v.0
2024-09-20 19:52:00+00:00,33,1,106364,20044.75,20047.5,20035.5,20038.0,857,NQ.v.0
2024-09-20 19:53:00+00:00,33,1,106364,20037.75,20046.5,20032.75,20039.5,1100,NQ.v.0
2024-09-20 19:54:00+00:00,33,1,106364,20039.5,20052.5,20035.75,20044.75,1424,NQ.v.0
2024-09-20 19:55:00+00:00,33,1,106364,20044.0,20051.75,20032.5,20033.25,2117,NQ.v.0
2024-09-20 19:56:00+00:00,33,1,106364,20033.25,20037.75,20024.0,20028.0,1187,NQ.v.0
2024-09-20 19:57:00+00:00,33,1,106364,20028.75,20036.0,20025.25,20026.5,1432,NQ.v.0
2024-09-20 19:58:00+00:00,33,1,106364,20026.75,20033.75,20021.75,20031.25,1687,NQ.v.0
2024-09-20 19:59:00+00:00,33,1,106364,20031.5,20035.75,20022.25,20032.75,7579,NQ.v.0
2024-09-20 20:00:00+00:00,33,1,106364,20033.0,20035.5,20025.75,20033.75,2746,NQ.v.0
2024-09-20 20:01:00+00:00,33,1,106364,20033.5,20036.5,20029.0,20035.0,994,NQ.v.0
2024-09-20 20:02:00+00:00,33,1,106364,20035.0,20035.5,20029.0,20034.0,653,NQ.v.0
2024-09-20 20:03:00+00:00,33,1,106364,20034.25,20037.25,20030.25,20030.5,374,NQ.v.0
2024-09-20 20:04:00+00:00,33,1,106364,20030.5,20032.0,20028.25,20029.25,295,NQ.v.0
2024-09-20 20:05:00+00:00,33,1,106364,20029.0,20030.0,20019.75,20024.75,610,NQ.v.0
2024-09-20 20:06:00+00:00,33,1,106364,20025.0,20025.0,20015.75,20016.75,515,NQ.v.0
2024-09-20 20:07:00+00:00,33,1,106364,20017.25,20021.5,20014.0,20020.25,379,NQ.v.0
2024-09-20 20:08:00+00:00,33,1,106364,20020.0,20020.75,20015.25,20018.5,294,NQ.v.0
2024-09-20 20:09:00+00:00,33,1,106364,20018.5,20021.0,20015.75,20018.25,198,NQ.v.0
2024-09-20 20:10:00+00:00,33,1,106364,20018.25,20018.5,20011.25,20013.5,322,NQ.v.0
2024-09-20 20:11:00+00:00,33,1,106364,20013.5,20015.25,20011.75,20012.0,235,NQ.v.0
2024-09-20 20:12:00+00:00,33,1,106364,20012.0,20014.0,20007.25,20008.25,508,NQ.v.0
2024-09-20 20:13:00+00:00,33,1,106364,20008.0,20010.5,20006.75,20008.25,304,NQ.v.0
2024-09-20 20:14:00+00:00,33,1,106364,20009.25,20010.25,20004.25,20009.25,461,NQ.v.0
2024-09-20 20:15:00+00:00,33,1,106364,20009.0,20010.0,20007.25,20010.0,213,NQ.v.0
2024-09-20 20:16:00+00:00,33,1,106364,20009.5,20014.0,20009.0,20013.0,179,NQ.v.0
2024-09-20 20:17:00+00:00,33,1,106364,20013.0,20015.75,20010.5,20011.0,195,NQ.v.0
2024-09-20 20:18:00+00:00,33,1,106364,20011.25,20012.25,20009.0,20010.25,91,NQ.v.0
2024-09-20 20:19:00+00:00,33,1,106364,20010.0,20012.25,20009.0,20011.5,126,NQ.v.0
2024-09-20 20:20:00+00:00,33,1,106364,20011.5,20013.0,20009.75,20010.0,179,NQ.v.0
2024-09-20 20:21:00+00:00,33,1,106364,20009.75,20011.25,20007.25,20008.0,244,NQ.v.0
2024-09-20 20:22:00+00:00,33,1,106364,20008.25,20008.25,20006.25,20006.5,161,NQ.v.0
2024-09-20 20:23:00+00:00,33,1,106364,20006.25,20008.5,20006.25,20007.25,96,NQ.v.0
2024-09-20 20:24:00+00:00,33,1,106364,20007.25,20010.75,20005.25,20010.0,148,NQ.v.0
2024-09-20 20:25:00+00:00,33,1,106364,20010.5,20013.25,20010.25,20013.0,147,NQ.v.0
2024-09-20 20:26:00+00:00,33,1,106364,20013.0,20013.0,20009.25,20009.25,42,NQ.v.0
2024-09-20 20:27:00+00:00,33,1,106364,20009.5,20010.5,20007.0,20008.0,85,NQ.v.0
2024-09-20 20:28:00+00:00,33,1,106364,20007.75,20009.75,20007.75,20009.5,53,NQ.v.0
2024-09-20 20:29:00+00:00,33,1,106364,20009.5,20009.5,20003.0,20005.0,414,NQ.v.0
2024-09-20 20:30:00+00:00,33,1,106364,20004.75,20005.5,20000.75,20001.0,170,NQ.v.0
2024-09-20 20:31:00+00:00,33,1,106364,20001.0,20001.5,19996.25,19997.25,325,NQ.v.0
2024-09-20 20:32:00+00:00,33,1,106364,19997.25,19997.75,19995.5,19997.25,140,NQ.v.0
2024-09-20 20:33:00+00:00,33,1,106364,19998.0,20001.0,19997.5,20000.0,92,NQ.v.0
2024-09-20 20:34:00+00:00,33,1,106364,20000.5,20002.25,19999.0,20000.0,83,NQ.v.0
2024-09-20 20:35:00+00:00,33,1,106364,20000.25,20006.75,20000.25,20004.0,201,NQ.v.0
2024-09-20 20:36:00+00:00,33,1,106364,20004.25,20005.75,20003.75,20004.25,56,NQ.v.0
2024-09-20 20:37:00+00:00,33,1,106364,20004.5,20006.75,20003.75,20006.0,83,NQ.v.0
2024-09-20 20:38:00+00:00,33,1,106364,20006.25,20009.25,20006.25,20009.25,50,NQ.v.0
2024-09-20 20:39:00+00:00,33,1,106364,20008.5,20014.25,20008.5,20014.25,193,NQ.v.0
2024-09-20 20:40:00+00:00,33,1,106364,20015.0,20022.75,20013.75,20022.5,273,NQ.v.0
2024-09-20 20:41:00+00:00,33,1,106364,20022.25,20023.0,20012.75,20014.0,167,NQ.v.0
2024-09-20 20:42:00+00:00,33,1,106364,20013.25,20014.5,20010.0,20013.5,200,NQ.v.0
2024-09-20 20:43:00+00:00,33,1,106364,20014.0,20015.75,20013.0,20014.0,131,NQ.v.0
2024-09-20 20:44:00+00:00,33,1,106364,20013.25,20014.75,20012.0,20013.25,72,NQ.v.0
2024-09-20 20:45:00+00:00,33,1,106364,20012.75,20013.25,20010.0,20013.0,155,NQ.v.0
2024-09-20 20:46:00+00:00,33,1,106364,20013.5,20016.25,20012.0,20016.0,70,NQ.v.0
2024-09-20 20:47:00+00:00,33,1,106364,20016.25,20020.75,20016.25,20019.25,164,NQ.v.0
2024-09-20 20:48:00+00:00,33,1,106364,20019.75,20024.75,20018.75,20019.0,206,NQ.v.0
2024-09-20 20:49:00+00:00,33,1,106364,20018.75,20019.0,20016.0,20016.25,55,NQ.v.0
2024-09-20 20:50:00+00:00,33,1,106364,20017.0,20017.0,20015.25,20016.75,52,NQ.v.0
2024-09-20 20:51:00+00:00,33,1,106364,20016.5,20016.75,20014.5,20014.75,62,NQ.v.0
2024-09-20 20:52:00+00:00,33,1,106364,20015.0,20015.0,20013.0,20014.0,92,NQ.v.0
2024-09-20 20:53:00+00:00,33,1,106364,20013.25,20014.5,20011.5,20011.5,32,NQ.v.0
2024-09-20 20:54:00+00:00,33,1,106364,20012.0,20016.5,20012.0,20014.75,90,NQ.v.0
2024-09-20 20:55:00+00:00,33,1,106364,20015.0,20016.0,20013.5,20013.75,108,NQ.v.0
2024-09-20 20:56:00+00:00,33,1,106364,20013.75,20015.75,20013.75,20015.5,28,NQ.v.0
2024-09-20 20:57:00+00:00,33,1,106364,20015.25,20017.25,20012.25,20012.25,56,NQ.v.0
2024-09-20 20:58:00+00:00,33,1,106364,20012.25,20015.75,20012.0,20015.75,96,NQ.v.0
2024-09-20 20:59:00+00:00,33,1,106364,20015.25,20016.75,20014.75,20015.5,86,NQ.v.0
2024-09-22 22:00:00+00:00,33,1,106364,20040.0,20049.0,20014.0,20020.0,505,NQ.v.0
2024-09-22 22:01:00+00:00,33,1,106364,20019.25,20019.25,20005.75,20008.5,183,NQ.v.0
2024-09-22 22:02:00+00:00,33,1,106364,20008.0,20009.5,20006.0,20006.0,56,NQ.v.0
2024-09-22 22:03:00+00:00,33,1,106364,20007.75,20009.75,20005.0,20008.75,62,NQ.v.0
2024-09-22 22:04:00+00:00,33,1,106364,20009.0,20013.0,20008.25,20010.75,116,NQ.v.0
2024-09-22 22:05:00+00:00,33,1,106364,20010.25,20010.25,20000.0,20000.0,152,NQ.v.0
2024-09-22 22:06:00+00:00,33,1,106364,20000.25,20004.75,19996.25,20004.75,128,NQ.v.0
2024-09-22 22:07:00+00:00,33,1,106364,20005.0,20008.75,20003.75,20008.75,54,NQ.v.0
2024-09-22 22:08:00+00:00,33,1,106364,20009.0,20010.25,20002.0,20004.5,84,NQ.v.0
2024-09-22 22:09:00+00:00,33,1,106364,20003.0,20003.5,20002.0,20003.0,11,NQ.v.0
2024-09-22 22:10:00+00:00,33,1,106364,20003.0,20009.25,20002.5,20008.5,53,NQ.v.0
2024-09-22 22:11:00+00:00,33,1,106364,20007.75,20008.25,20003.0,20004.25,38,NQ.v.0
2024-09-22 22:12:00+00:00,33,1,106364,20004.75,20006.75,20004.75,20006.0,25,NQ.v.0
2024-09-22 22:13:00+00:00,33,1,106364,20007.0,20007.75,20002.25,20003.25,54,NQ.v.0
2024-09-22 22:14:00+00:00,33,1,106364,20004.25,20011.25,20004.0,20009.75,74,NQ.v.0
2024-09-22 22:15:00+00:00,33,1,106364,20010.75,20014.5,20010.5,20014.5,95,NQ.v.0
2024-09-22 22:16:00+00:00,33,1,106364,20014.75,20014.75,20011.25,20012.5,45,NQ.v.0
2024-09-22 22:17:00+00:00,33,1,106364,20011.5,20012.25,20008.75,20008.75,53,NQ.v.0
2024-09-22 22:18:00+00:00,33,1,106364,20010.0,20012.75,20009.5,20011.25,40,NQ.v.0
2024-09-22 22:19:00+00:00,33,1,106364,20011.25,20013.75,20011.25,20011.75,22,NQ.v.0
2024-09-22 22:20:00+00:00,33,1,106364,20012.25,20019.5,20012.25,20013.25,203,NQ.v.0
2024-09-22 22:21:00+00:00,33,1,106364,20012.75,20018.0,20010.5,20015.5,93,NQ.v.0
2024-09-22 22:22:00+00:00,33,1,106364,20014.0,20019.25,20013.5,20017.5,37,NQ.v.0
2024-09-22 22:23:00+00:00,33,1,106364,20018.0,20022.75,20018.0,20021.5,162,NQ.v.0
2024-09-22 22:24:00+00:00,33,1,106364,20022.75,20031.75,20021.5,20029.0,103,NQ.v.0
2024-09-22 22:25:00+00:00,33,1,106364,20028.5,20030.25,20026.0,20029.75,47,NQ.v.0
2024-09-22 22:26:00+00:00,33,1,106364,20029.75,20037.0,20027.0,20032.0,113,NQ.v.0
2024-09-22 22:27:00+00:00,33,1,106364,20033.5,20038.25,20032.0,20038.25,54,NQ.v.0
2024-09-22 22:28:00+00:00,33,1,106364,20037.0,20037.0,20029.25,20030.25,128,NQ.v.0
2024-09-22 22:29:00+00:00,33,1,106364,20031.75,20034.25,20030.75,20031.75,40,NQ.v.0
2024-09-22 22:30:00+00:00,33,1,106364,20031.0,20035.25,20031.0,20035.0,35,NQ.v.0
2024-09-22 22:31:00+00:00,33,1,106364,20035.5,20036.25,20032.5,20034.75,47,NQ.v.0
2024-09-22 22:32:00+00:00,33,1,106364,20033.5,20033.5,20030.0,20030.0,35,NQ.v.0
2024-09-22 22:33:00+00:00,33,1,106364,20030.0,20037.5,20027.75,20033.25,97,NQ.v.0
2024-09-22 22:34:00+00:00,33,1,106364,20034.75,20037.75,20034.0,20035.0,28,NQ.v.0
2024-09-22 22:35:00+00:00,33,1,106364,20036.5,20039.5,20036.5,20039.5,31,NQ.v.0
2024-09-22 22:36:00+00:00,33,1,106364,20039.0,20040.5,20035.5,20036.5,50,NQ.v.0
2024-09-22 22:37:00+00:00,33,1,106364,20035.75,20037.5,20034.0,20037.25,47,NQ.v.0
2024-09-22 22:38:00+00:00,33,1,106364,20036.0,20037.75,20033.0,20033.0,41,NQ.v.0
2024-09-22 22:39:00+00:00,33,1,106364,20032.5,20035.0,20032.5,20035.0,13,NQ.v.0
2024-09-22 22:40:00+00:00,33,1,106364,20033.75,20038.25,20033.75,20037.25,33,NQ.v.0
2024-09-22 22:41:00+00:00,33,1,106364,20036.25,20038.25,20036.25,20038.0,32,NQ.v.0
2024-09-22 22:42:00+00:00,33,1,106364,20037.75,20043.0,20034.25,20035.75,107,NQ.v.0
2024-09-22 22:43:00+00:00,33,1,106364,20035.5,20037.75,20035.5,20037.75,16,NQ.v.0
2024-09-22 22:44:00+00:00,33,1,106364,20038.0,20039.0,20036.0,20038.0,28,NQ.v.0
2024-09-22 22:45:00+00:00,33,1,106364,20039.25,20039.75,20035.0,20035.0,26,NQ.v.0
2024-09-22 22:46:00+00:00,33,1,106364,20036.75,20038.25,20036.75,20038.25,8,NQ.v.0
2024-09-22 22:47:00+00:00,33,1,106364,20039.0,20040.75,20039.0,20039.75,13,NQ.v.0
2024-09-22 22:48:00+00:00,33,1,106364,20040.0,20041.5,20039.75,20040.0,23,NQ.v.0
2024-09-22 22:49:00+00:00,33,1,106364,20040.5,20041.0,20039.0,20039.75,18,NQ.v.0
2024-09-22 22:50:00+00:00,33,1,106364,20039.0,20044.0,20038.75,20040.5,48,NQ.v.0
2024-09-22 22:51:00+00:00,33,1,106364,20041.0,20043.25,20035.5,20037.75,106,NQ.v.0
2024-09-22 22:52:00+00:00,33,1,106364,20038.0,20041.25,20036.5,20040.5,48,NQ.v.0
2024-09-22 22:53:00+00:00,33,1,106364,20040.75,20041.5,20037.5,20038.25,39,NQ.v.0
2024-09-22 22:54:00+00:00,33,1,106364,20039.5,20040.25,20035.75,20037.75,36,NQ.v.0
2024-09-22 22:55:00+00:00,33,1,106364,20037.75,20037.75,20035.0,20036.75,32,NQ.v.0
2024-09-22 22:56:00+00:00,33,1,106364,20037.0,20039.75,20037.0,20038.5,11,NQ.v.0
2024-09-22 22:57:00+00:00,33,1,106364,20038.0,20039.5,20023.5,20039.5,350,NQ.v.0
2024-09-22 22:58:00+00:00,33,1,106364,20038.5,20043.0,20038.25,20042.75,51,NQ.v.0
2024-09-22 22:59:00+00:00,33,1,106364,20043.0,20044.0,20037.0,20037.0,37,NQ.v.0
2024-09-22 23:00:00+00:00,33,1,106364,20038.25,20039.75,20032.75,20037.75,66,NQ.v.0
2024-09-22 23:01:00+00:00,33,1,106364,20038.0,20042.0,20038.0,20040.25,56,NQ.v.0
2024-09-22 23:02:00+00:00,33,1,106364,20041.5,20042.0,20038.5,20038.5,14,NQ.v.0
2024-09-22 23:03:00+00:00,33,1,106364,20038.5,20040.5,20038.25,20038.25,19,NQ.v.0
2024-09-22 23:04:00+00:00,33,1,106364,20038.25,20038.25,20028.0,20033.25,143,NQ.v.0
2024-09-22 23:05:00+00:00,33,1,106364,20033.0,20033.0,20025.5,20028.5,69,NQ.v.0
2024-09-22 23:06:00+00:00,33,1,106364,20029.25,20033.5,20028.75,20033.5,41,NQ.v.0
2024-09-22 23:07:00+00:00,33,1,106364,20034.0,20039.25,20034.0,20039.25,78,NQ.v.0
2024-09-22 23:08:00+00:00,33,1,106364,20039.25,20040.5,20035.75,20038.0,43,NQ.v.0
2024-09-22 23:09:00+00:00,33,1,106364,20038.0,20038.75,20037.5,20037.5,6,NQ.v.0
2024-09-22 23:10:00+00:00,33,1,106364,20036.75,20038.25,20033.75,20034.75,29,NQ.v.0
2024-09-22 23:11:00+00:00,33,1,106364,20033.5,20033.5,20025.0,20028.0,97,NQ.v.0
2024-09-22 23:12:00+00:00,33,1,106364,20028.0,20029.75,20024.75,20024.75,50,NQ.v.0
2024-09-22 23:13:00+00:00,33,1,106364,20026.0,20030.0,20026.0,20028.75,31,NQ.v.0
2024-09-22 23:14:00+00:00,33,1,106364,20028.75,20031.75,20027.5,20031.25,26,NQ.v.0
2024-09-22 23:15:00+00:00,33,1,106364,20029.5,20029.5,20027.0,20029.5,23,NQ.v.0
2024-09-22 23:16:00+00:00,33,1,106364,20029.0,20031.0,20028.25,20030.5,11,NQ.v.0
2024-09-22 23:17:00+00:00,33,1,106364,20029.0,20029.75,20029.0,20029.75,3,NQ.v.0
2024-09-22 23:18:00+00:00,33,1,106364,20028.25,20032.25,20028.25,20031.5,23,NQ.v.0
2024-09-22 23:19:00+00:00,33,1,106364,20031.5,20033.5,20031.5,20033.0,21,NQ.v.0
2024-09-22 23:20:00+00:00,33,1,106364,20033.25,20033.5,20031.25,20031.25,18,NQ.v.0
2024-09-22 23:21:00+00:00,33,1,106364,20031.75,20033.0,20031.75,20033.0,8,NQ.v.0
2024-09-22 23:22:00+00:00,33,1,106364,20033.0,20034.0,20032.25,20032.75,11,NQ.v.0
2024-09-22 23:23:00+00:00,33,1,106364,20033.0,20033.25,20032.5,20032.5,13,NQ.v.0
2024-09-22 23:24:00+00:00,33,1,106364,20032.5,20032.5,20029.0,20029.5,23,NQ.v.0
2024-09-22 23:25:00+00:00,33,1,106364,20030.25,20031.25,20029.75,20031.25,10,NQ.v.0
2024-09-22 23:26:00+00:00,33,1,106364,20030.25,20030.25,20027.5,20028.25,20,NQ.v.0
2024-09-22 23:27:00+00:00,33,1,106364,20028.75,20030.5,20028.5,20029.25,13,NQ.v.0
2024-09-22 23:28:00+00:00,33,1,106364,20029.75,20031.0,20029.0,20031.0,9,NQ.v.0
2024-09-22 23:29:00+00:00,33,1,106364,20031.5,20032.0,20031.0,20031.25,17,NQ.v.0
2024-09-22 23:30:00+00:00,33,1,106364,20031.0,20034.5,20030.75,20034.5,23,NQ.v.0
2024-09-22 23:31:00+00:00,33,1,106364,20034.5,20034.5,20030.5,20030.5,22,NQ.v.0
2024-09-22 23:32:00+00:00,33,1,106364,20032.0,20038.5,20031.25,20036.5,65,NQ.v.0
2024-09-22 23:33:00+00:00,33,1,106364,20037.5,20040.75,20036.25,20038.75,158,NQ.v.0
2024-09-22 23:34:00+00:00,33,1,106364,20038.25,20038.25,20035.5,20036.75,28,NQ.v.0
2024-09-22 23:35:00+00:00,33,1,106364,20036.75,20037.25,20034.5,20035.25,27,NQ.v.0
2024-09-22 23:36:00+00:00,33,1,106364,20035.25,20039.0,20035.25,20039.0,20,NQ.v.0
2024-09-22 23:37:00+00:00,33,1,106364,20039.75,20039.75,20039.0,20039.0,5,NQ.v.0
2024-09-22 23:38:00+00:00,33,1,106364,20039.0,20046.0,20038.75,20045.75,129,NQ.v.0
2024-09-22 23:39:00+00:00,33,1,106364,20045.25,20049.75,20044.25,20046.25,162,NQ.v.0
2024-09-22 23:40:00+00:00,33,1,106364,20046.5,20048.75,20045.5,20045.5,59,NQ.v.0
2024-09-22 23:41:00+00:00,33,1,106364,20046.0,20047.75,20046.0,20047.25,32,NQ.v.0
2024-09-22 23:42:00+00:00,33,1,106364,20046.75,20047.75,20046.5,20047.0,10,NQ.v.0
2024-09-22 23:43:00+00:00,33,1,106364,20047.5,20059.5,20047.25,20056.75,198,NQ.v.0
2024-09-22 23:44:00+00:00,33,1,106364,20056.75,20059.5,20056.75,20058.0,84,NQ.v.0
2024-09-22 23:45:00+00:00,33,1,106364,20058.25,20061.75,20056.5,20059.5,124,NQ.v.0
2024-09-22 23:46:00+00:00,33,1,106364,20059.0,20061.25,20059.0,20059.5,44,NQ.v.0
2024-09-22 23:47:00+00:00,33,1,106364,20059.75,20063.5,20059.0,20062.25,56,NQ.v.0
2024-09-22 23:48:00+00:00,33,1,106364,20063.5,20064.5,20061.25,20063.25,53,NQ.v.0
2024-09-22 23:49:00+00:00,33,1,106364,20063.5,20064.0,20061.25,20062.75,32,NQ.v.0
2024-09-22 23:50:00+00:00,33,1,106364,20062.75,20062.75,20059.5,20061.0,53,NQ.v.0
2024-09-22 23:51:00+00:00,33,1,106364,20060.5,20063.5,20060.5,20062.25,36,NQ.v.0
2024-09-22 23:52:00+00:00,33,1,106364,20062.25,20063.5,20062.0,20062.0,10,NQ.v.0
2024-09-22 23:53:00+00:00,33,1,106364,20062.5,20066.0,20062.25,20062.5,56,NQ.v.0
2024-09-22 23:54:00+00:00,33,1,106364,20063.25,20066.0,20063.25,20064.75,43,NQ.v.0
2024-09-22 23:55:00+00:00,33,1,106364,20065.75,20066.5,20062.0,20062.75,68,NQ.v.0
2024-09-22 23:56:00+00:00,33,1,106364,20062.75,20062.75,20060.75,20060.75,18,NQ.v.0
2024-09-22 23:57:00+00:00,33,1,106364,20060.75,20063.75,20060.75,20063.25,28,NQ.v.0
2024-09-22 23:58:00+00:00,33,1,106364,20062.5,20062.5,20061.0,20061.5,20,NQ.v.0
2024-09-22 23:59:00+00:00,33,1,106364,20062.25,20062.5,20062.25,20062.25,5,NQ.v.0
2024-09-23 00:00:00+00:00,33,1,106364,20063.0,20073.5,20063.0,20066.25,329,NQ.v.0
2024-09-23 00:01:00+00:00,33,1,106364,20066.75,20073.0,20066.0,20070.5,169,NQ.v.0
2024-09-23 00:02:00+00:00,33,1,106364,20070.5,20072.0,20068.0,20069.0,88,NQ.v.0
2024-09-23 00:03:00+00:00,33,1,106364,20068.0,20070.25,20067.25,20069.5,58,NQ.v.0
2024-09-23 00:04:00+00:00,33,1,106364,20068.75,20068.75,20063.75,20065.75,78,NQ.v.0
2024-09-23 00:05:00+00:00,33,1,106364,20065.0,20065.0,20057.75,20061.25,216,NQ.v.0
2024-09-23 00:06:00+00:00,33,1,106364,20060.75,20062.0,20058.75,20058.75,46,NQ.v.0
2024-09-23 00:07:00+00:00,33,1,106364,20058.75,20060.25,20058.25,20060.25,38,NQ.v.0
2024-09-23 00:08:00+00:00,33,1,106364,20059.5,20065.75,20059.5,20064.75,64,NQ.v.0
2024-09-23 00:09:00+00:00,33,1,106364,20065.75,20067.5,20063.0,20065.0,65,NQ.v.0
2024-09-23 00:10:00+00:00,33,1,106364,20064.25,20064.75,20061.0,20061.25,39,NQ.v.0
2024-09-23 00:11:00+00:00,33,1,106364,20062.0,20066.0,20060.75,20065.0,54,NQ.v.0
2024-09-23 00:12:00+00:00,33,1,106364,20065.5,20066.5,20063.25,20066.0,33,NQ.v.0
2024-09-23 00:13:00+00:00,33,1,106364,20065.0,20067.0,20064.0,20067.0,31,NQ.v.0
2024-09-23 00:14:00+00:00,33,1,106364,20066.5,20066.5,20060.5,20060.75,46,NQ.v.0
2024-09-23 00:15:00+00:00,33,1,106364,20061.75,20061.75,20055.25,20060.25,124,NQ.v.0
2024-09-23 00:16:00+00:00,33,1,106364,20060.5,20062.5,20059.0,20060.25,43,NQ.v.0
2024-09-23 00:17:00+00:00,33,1,106364,20060.25,20061.75,20060.0,20061.5,26,NQ.v.0
2024-09-23 00:18:00+00:00,33,1,106364,20062.5,20062.75,20061.0,20061.5,17,NQ.v.0
2024-09-23 00:19:00+00:00,33,1,106364,20062.0,20066.0,20062.0,20064.5,43,NQ.v.0
2024-09-23 00:20:00+00:00,33,1,106364,20064.0,20065.5,20061.25,20064.5,69,NQ.v.0
2024-09-23 00:21:00+00:00,33,1,106364,20063.75,20070.0,20063.75,20069.75,86,NQ.v.0
2024-09-23 00:22:00+00:00,33,1,106364,20069.75,20076.5,20069.25,20073.5,144,NQ.v.0
2024-09-23 00:23:00+00:00,33,1,106364,20075.75,20080.5,20075.5,20079.75,127,NQ.v.0
2024-09-23 00:24:00+00:00,33,1,106364,20079.5,20080.0,20076.25,20079.75,71,NQ.v.0
2024-09-23 00:25:00+00:00,33,1,106364,20080.0,20080.0,20077.0,20077.0,53,NQ.v.0
2024-09-23 00:26:00+00:00,33,1,106364,20077.25,20077.25,20074.5,20077.0,48,NQ.v.0
2024-09-23 00:27:00+00:00,33,1,106364,20077.0,20080.0,20076.75,20078.75,71,NQ.v.0
2024-09-23 00:28:00+00:00,33,1,106364,20079.0,20085.25,20075.75,20081.0,299,NQ.v.0
2024-09-23 00:29:00+00:00,33,1,106364,20080.25,20085.0,20078.0,20083.25,106,NQ.v.0
2024-09-23 00:30:00+00:00,33,1,106364,20084.25,20094.75,20084.25,20093.25,347,NQ.v.0
2024-09-23 00:31:00+00:00,33,1,106364,20094.0,20107.5,20093.75,20105.75,358,NQ.v.0
2024-09-23 00:32:00+00:00,33,1,106364,20106.0,20110.75,20103.0,20108.5,158,NQ.v.0
2024-09-23 00:33:00+00:00,33,1,106364,20108.5,20108.75,20099.25,20102.0,213,NQ.v.0
2024-09-23 00:34:00+00:00,33,1,106364,20102.25,20104.0,20100.75,20102.0,97,NQ.v.0
2024-09-23 00:35:00+00:00,33,1,106364,20102.0,20103.75,20099.5,20103.0,191,NQ.v.0
2024-09-23 00:36:00+00:00,33,1,106364,20102.25,20103.0,20098.5,20099.25,53,NQ.v.0
2024-09-23 00:37:00+00:00,33,1,106364,20099.25,20103.75,20099.25,20102.5,69,NQ.v.0
2024-09-23 00:38:00+00:00,33,1,106364,20103.25,20105.25,20102.25,20103.5,62,NQ.v.0
2024-09-23 00:39:00+00:00,33,1,106364,20104.0,20104.5,20102.0,20104.0,60,NQ.v.0
2024-09-23 00:40:00+00:00,33,1,106364,20104.0,20105.75,20103.25,20104.25,55,NQ.v.0
2024-09-23 00:41:00+00:00,33,1,106364,20104.5,20108.0,20103.75,20106.75,83,NQ.v.0
2024-09-23 00:42:00+00:00,33,1,106364,20107.0,20108.0,20105.0,20105.0,71,NQ.v.0
2024-09-23 00:43:00+00:00,33,1,106364,20105.0,20109.0,20105.0,20106.25,73,NQ.v.0
2024-09-23 00:44:00+00:00,33,1,106364,20106.25,20106.75,20104.25,20105.25,38,NQ.v.0
2024-09-23 00:45:00+00:00,33,1,106364,20106.0,20109.25,20106.0,20108.75,64,NQ.v.0
2024-09-23 00:46:00+00:00,33,1,106364,20109.5,20112.5,20108.75,20109.25,98,NQ.v.0
2024-09-23 00:47:00+00:00,33,1,106364,20109.0,20111.5,20108.0,20111.5,46,NQ.v.0
2024-09-23 00:48:00+00:00,33,1,106364,20111.5,20127.75,20111.5,20124.0,670,NQ.v.0
2024-09-23 00:49:00+00:00,33,1,106364,20124.0,20127.25,20115.75,20116.5,175,NQ.v.0
2024-09-23 00:50:00+00:00,33,1,106364,20117.5,20120.5,20115.75,20119.0,103,NQ.v.0
2024-09-23 00:51:00+00:00,33,1,106364,20119.25,20120.0,20117.25,20117.75,34,NQ.v.0
2024-09-23 00:52:00+00:00,33,1,106364,20118.0,20119.25,20115.75,20118.25,34,NQ.v.0
2024-09-23 00:53:00+00:00,33,1,106364,20119.5,20123.25,20117.25,20121.25,89,NQ.v.0
2024-09-23 00:54:00+00:00,33,1,106364,20120.0,20130.0,20119.5,20128.0,266,NQ.v.0
2024-09-23 00:55:00+00:00,33,1,106364,20129.0,20136.0,20125.75,20131.25,305,NQ.v.0
2024-09-23 00:56:00+00:00,33,1,106364,20131.25,20133.25,20125.0,20126.0,85,NQ.v.0
2024-09-23 00:57:00+00:00,33,1,106364,20125.0,20133.25,20123.5,20131.5,263,NQ.v.0
2024-09-23 00:58:00+00:00,33,1,106364,20131.75,20136.0,20131.5,20133.5,80,NQ.v.0
2024-09-23 00:59:00+00:00,33,1,106364,20133.0,20133.5,20129.0,20132.0,84,NQ.v.0
2024-09-23 01:00:00+00:00,33,1,106364,20132.25,20134.5,20130.0,20132.5,117,NQ.v.0
2024-09-23 01:01:00+00:00,33,1,106364,20132.25,20140.75,20132.25,20137.0,335,NQ.v.0
2024-09-23 01:02:00+00:00,33,1,106364,20137.75,20139.5,20135.0,20136.75,96,NQ.v.0
2024-09-23 01:03:00+00:00,33,1,106364,20137.5,20137.5,20131.5,20131.5,68,NQ.v.0
2024-09-23 01:04:00+00:00,33,1,106364,20130.25,20130.5,20126.0,20130.25,129,NQ.v.0
2024-09-23 01:05:00+00:00,33,1,106364,20130.25,20132.0,20129.5,20130.0,72,NQ.v.0
2024-09-23 01:06:00+00:00,33,1,106364,20130.25,20134.75,20128.25,20132.75,108,NQ.v.0
2024-09-23 01:07:00+00:00,33,1,106364,20133.75,20139.5,20133.75,20137.25,114,NQ.v.0
2024-09-23 01:08:00+00:00,33,1,106364,20137.0,20137.0,20132.75,20135.25,58,NQ.v.0
2024-09-23 01:09:00+00:00,33,1,106364,20134.75,20140.25,20134.75,20137.75,75,NQ.v.0
2024-09-23 01:10:00+00:00,33,1,106364,20138.0,20139.25,20133.0,20135.75,85,NQ.v.0
2024-09-23 01:11:00+00:00,33,1,106364,20136.75,20139.0,20136.0,20136.0,47,NQ.v.0
2024-09-23 01:12:00+00:00,33,1,106364,20136.25,20137.25,20134.75,20136.0,128,NQ.v.0
2024-09-23 01:13:00+00:00,33,1,106364,20136.75,20137.0,20133.25,20136.75,44,NQ.v.0
2024-09-23 01:14:00+00:00,33,1,106364,20135.25,20137.0,20131.0,20131.25,69,NQ.v.0
2024-09-23 01:15:00+00:00,33,1,106364,20131.5,20133.0,20128.25,20130.5,200,NQ.v.0
2024-09-23 01:16:00+00:00,33,1,106364,20130.75,20131.0,20126.75,20129.25,158,NQ.v.0
2024-09-23 01:17:00+00:00,33,1,106364,20128.25,20129.25,20127.75,20127.75,41,NQ.v.0
2024-09-23 01:18:00+00:00,33,1,106364,20127.75,20129.25,20126.75,20129.25,46,NQ.v.0
2024-09-23 01:19:00+00:00,33,1,106364,20128.75,20135.5,20128.25,20135.0,82,NQ.v.0
2024-09-23 01:20:00+00:00,33,1,106364,20135.5,20140.0,20135.25,20137.75,97,NQ.v.0
2024-09-23 01:21:00+00:00,33,1,106364,20139.0,20142.5,20137.0,20137.25,145,NQ.v.0
2024-09-23 01:22:00+00:00,33,1,106364,20138.0,20139.0,20137.0,20139.0,31,NQ.v.0
2024-09-23 01:23:00+00:00,33,1,106364,20139.5,20141.5,20139.25,20139.25,34,NQ.v.0
2024-09-23 01:24:00+00:00,33,1,106364,20138.75,20138.75,20135.0,20136.0,33,NQ.v.0
2024-09-23 01:25:00+00:00,33,1,106364,20135.75,20136.75,20133.5,20134.0,79,NQ.v.0
2024-09-23 01:26:00+00:00,33,1,106364,20133.5,20136.0,20133.25,20134.75,44,NQ.v.0
2024-09-23 01:27:00+00:00,33,1,106364,20135.0,20135.75,20134.25,20135.75,14,NQ.v.0
2024-09-23 01:28:00+00:00,33,1,106364,20135.25,20136.25,20134.5,20135.0,22,NQ.v.0
2024-09-23 01:29:00+00:00,33,1,106364,20136.0,20136.0,20134.5,20135.0,25,NQ.v.0
2024-09-23 01:30:00+00:00,33,1,106364,20135.0,20136.75,20130.75,20133.75,84,NQ.v.0
2024-09-23 01:31:00+00:00,33,1,106364,20134.5,20140.25,20134.5,20140.25,118,NQ.v.0
2024-09-23 01:32:00+00:00,33,1,106364,20140.5,20146.5,20140.0,20144.25,167,NQ.v.0
2024-09-23 01:33:00+00:00,33,1,106364,20143.25,20143.5,20140.75,20142.0,47,NQ.v.0
2024-09-23 01:34:00+00:00,33,1,106364,20141.25,20143.5,20137.25,20142.75,123,NQ.v.0
2024-09-23 01:35:00+00:00,33,1,106364,20141.5,20142.0,20140.0,20141.5,26,NQ.v.0
2024-09-23 01:36:00+00:00,33,1,106364,20140.75,20144.25,20139.5,20142.75,73,NQ.v.0
2024-09-23 01:37:00+00:00,33,1,106364,20142.75,20143.0,20141.0,20142.25,24,NQ.v.0
2024-09-23 01:38:00+00:00,33,1,106364,20142.75,20144.0,20141.0,20141.5,30,NQ.v.0
2024-09-23 01:39:00+00:00,33,1,106364,20143.5,20149.0,20143.0,20143.0,128,NQ.v.0
2024-09-23 01:40:00+00:00,33,1,106364,20142.75,20147.5,20142.75,20144.0,58,NQ.v.0
2024-09-23 01:41:00+00:00,33,1,106364,20144.0,20147.5,20143.0,20143.0,67,NQ.v.0
2024-09-23 01:42:00+00:00,33,1,106364,20142.5,20145.5,20138.25,20140.25,106,NQ.v.0
2024-09-23 01:43:00+00:00,33,1,106364,20140.25,20140.5,20137.75,20138.5,57,NQ.v.0
2024-09-23 01:44:00+00:00,33,1,106364,20138.0,20140.0,20137.0,20139.0,68,NQ.v.0
2024-09-23 01:45:00+00:00,33,1,106364,20139.75,20140.25,20135.75,20137.75,60,NQ.v.0
2024-09-23 01:46:00+00:00,33,1,106364,20137.25,20138.5,20136.5,20137.5,37,NQ.v.0
2024-09-23 01:47:00+00:00,33,1,106364,20138.75,20140.0,20133.5,20134.5,110,NQ.v.0
2024-09-23 01:48:00+00:00,33,1,106364,20134.0,20134.75,20132.25,20134.5,64,NQ.v.0
2024-09-23 01:49:00+00:00,33,1,106364,20134.25,20138.25,20134.25,20135.0,38,NQ.v.0
2024-09-23 01:50:00+00:00,33,1,106364,20135.5,20138.5,20134.25,20138.0,55,NQ.v.0
2024-09-23 01:51:00+00:00,33,1,106364,20138.5,20141.25,20136.0,20138.5,97,NQ.v.0
2024-09-23 01:52:00+00:00,33,1,106364,20138.25,20140.25,20136.75,20137.25,58,NQ.v.0
2024-09-23 01:53:00+00:00,33,1,106364,20137.75,20138.5,20130.5,20131.75,160,NQ.v.0
2024-09-23 01:54:00+00:00,33,1,106364,20132.25,20133.5,20125.75,20126.0,189,NQ.v.0
2024-09-23 01:55:00+00:00,33,1,106364,20126.25,20129.75,20126.25,20128.0,93,NQ.v.0
2024-09-23 01:56:00+00:00,33,1,106364,20128.25,20130.5,20128.0,20129.5,21,NQ.v.0
2024-09-23 01:57:00+00:00,33,1,106364,20129.75,20133.5,20129.5,20133.5,42,NQ.v.0
2024-09-23 01:58:00+00:00,33,1,106364,20133.25,20134.0,20130.5,20130.5,45,NQ.v.0
2024-09-23 01:59:00+00:00,33,1,106364,20130.75,20131.75,20130.0,20131.0,36,NQ.v.0
2024-09-23 02:00:00+00:00,33,1,106364,20130.25,20131.5,20126.0,20130.0,66,NQ.v.0
2024-09-23 02:01:00+00:00,33,1,106364,20130.75,20134.0,20130.75,20131.75,44,NQ.v.0
2024-09-23 02:02:00+00:00,33,1,106364,20131.25,20132.5,20130.5,20131.75,19,NQ.v.0
2024-09-23 02:03:00+00:00,33,1,106364,20131.75,20134.75,20131.75,20134.25,25,NQ.v.0
2024-09-23 02:04:00+00:00,33,1,106364,20134.75,20136.75,20133.75,20134.0,61,NQ.v.0
2024-09-23 02:05:00+00:00,33,1,106364,20133.0,20133.25,20126.0,20128.0,102,NQ.v.0
2024-09-23 02:06:00+00:00,33,1,106364,20127.5,20131.0,20126.5,20130.25,59,NQ.v.0
2024-09-23 02:07:00+00:00,33,1,106364,20131.25,20134.5,20130.75,20132.0,88,NQ.v.0
2024-09-23 02:08:00+00:00,33,1,106364,20133.0,20133.25,20129.5,20133.25,71,NQ.v.0
2024-09-23 02:09:00+00:00,33,1,106364,20133.5,20137.0,20131.75,20135.5,58,NQ.v.0
2024-09-23 02:10:00+00:00,33,1,106364,20135.75,20140.5,20133.75,20134.25,189,NQ.v.0
2024-09-23 02:11:00+00:00,33,1,106364,20135.75,20138.25,20134.75,20136.0,27,NQ.v.0
2024-09-23 02:12:00+00:00,33,1,106364,20135.25,20135.25,20131.25,20131.25,39,NQ.v.0
2024-09-23 02:13:00+00:00,33,1,106364,20132.0,20133.5,20131.25,20132.75,33,NQ.v.0
2024-09-23 02:14:00+00:00,33,1,106364,20133.5,20137.75,20132.75,20136.0,55,NQ.v.0
2024-09-23 02:15:00+00:00,33,1,106364,20135.5,20135.5,20134.0,20134.0,15,NQ.v.0
2024-09-23 02:16:00+00:00,33,1,106364,20134.0,20134.25,20132.25,20133.25,22,NQ.v.0
2024-09-23 02:17:00+00:00,33,1,106364,20133.75,20136.0,20133.75,20136.0,43,NQ.v.0
2024-09-23 02:18:00+00:00,33,1,106364,20135.75,20137.0,20134.5,20135.75,15,NQ.v.0
2024-09-23 02:19:00+00:00,33,1,106364,20136.0,20141.5,20136.0,20140.25,99,NQ.v.0
2024-09-23 02:20:00+00:00,33,1,106364,20140.25,20142.0,20139.5,20142.0,48,NQ.v.0
2024-09-23 02:21:00+00:00,33,1,106364,20142.0,20143.25,20141.0,20142.5,44,NQ.v.0
2024-09-23 02:22:00+00:00,33,1,106364,20143.25,20147.0,20142.0,20146.5,72,NQ.v.0
2024-09-23 02:23:00+00:00,33,1,106364,20147.0,20147.5,20145.0,20147.25,68,NQ.v.0
2024-09-23 02:24:00+00:00,33,1,106364,20147.5,20152.25,20147.5,20149.25,210,NQ.v.0
2024-09-23 02:25:00+00:00,33,1,106364,20150.0,20153.0,20150.0,20152.25,74,NQ.v.0
2024-09-23 02:26:00+00:00,33,1,106364,20152.25,20155.0,20151.25,20154.0,84,NQ.v.0
2024-09-23 02:27:00+00:00,33,1,106364,20154.5,20154.5,20150.25,20152.0,105,NQ.v.0
2024-09-23 02:28:00+00:00,33,1,106364,20152.0,20152.0,20148.5,20150.25,74,NQ.v.0
2024-09-23 02:29:00+00:00,33,1,106364,20151.0,20152.5,20149.0,20151.25,49,NQ.v.0
2024-09-23 02:30:00+00:00,33,1,106364,20150.5,20153.0,20150.0,20151.5,63,NQ.v.0
2024-09-23 02:31:00+00:00,33,1,106364,20151.75,20151.75,20150.5,20151.25,26,NQ.v.0
2024-09-23 02:32:00+00:00,33,1,106364,20151.25,20151.25,20142.0,20142.25,176,NQ.v.0
2024-09-23 02:33:00+00:00,33,1,106364,20142.0,20145.25,20139.5,20140.0,144,NQ.v.0
2024-09-23 02:34:00+00:00,33,1,106364,20140.75,20141.75,20139.25,20141.25,59,NQ.v.0
2024-09-23 02:35:00+00:00,33,1,106364,20141.75,20142.25,20139.75,20140.25,44,NQ.v.0
2024-09-23 02:36:00+00:00,33,1,106364,20140.75,20145.0,20140.75,20144.5,46,NQ.v.0
2024-09-23 02:37:00+00:00,33,1,106364,20144.0,20147.75,20144.0,20146.75,56,NQ.v.0
2024-09-23 02:38:00+00:00,33,1,106364,20145.75,20149.5,20145.75,20149.5,48,NQ.v.0
2024-09-23 02:39:00+00:00,33,1,106364,20149.25,20150.5,20149.0,20149.75,42,NQ.v.0
2024-09-23 02:40:00+00:00,33,1,106364,20150.5,20151.0,20149.0,20149.75,53,NQ.v.0
2024-09-23 02:41:00+00:00,33,1,106364,20150.0,20154.25,20150.0,20152.5,146,NQ.v.0
2024-09-23 02:42:00+00:00,33,1,106364,20153.0,20154.0,20152.0,20153.5,34,NQ.v.0
2024-09-23 02:43:00+00:00,33,1,106364,20153.75,20157.0,20153.5,20154.5,87,NQ.v.0
2024-09-23 02:44:00+00:00,33,1,106364,20154.5,20157.5,20154.5,20156.25,48,NQ.v.0
2024-09-23 02:45:00+00:00,33,1,106364,20155.5,20156.5,20153.75,20155.0,56,NQ.v.0
2024-09-23 02:46:00+00:00,33,1,106364,20155.25,20160.5,20155.25,20158.5,195,NQ.v.0
2024-09-23 02:47:00+00:00,33,1,106364,20158.5,20159.0,20156.75,20158.25,80,NQ.v.0
2024-09-23 02:48:00+00:00,33,1,106364,20158.0,20158.0,20154.0,20157.0,71,NQ.v.0
2024-09-23 02:49:00+00:00,33,1,106364,20156.75,20157.25,20154.25,20157.25,42,NQ.v.0
2024-09-23 02:50:00+00:00,33,1,106364,20157.5,20160.25,20157.25,20160.25,55,NQ.v.0
2024-09-23 02:51:00+00:00,33,1,106364,20160.5,20160.5,20158.25,20158.25,93,NQ.v.0
2024-09-23 02:52:00+00:00,33,1,106364,20158.75,20159.5,20157.75,20159.5,48,NQ.v.0
2024-09-23 02:53:00+00:00,33,1,106364,20159.25,20159.25,20155.75,20156.75,67,NQ.v.0
2024-09-23 02:54:00+00:00,33,1,106364,20157.0,20158.25,20155.25,20157.5,72,NQ.v.0
2024-09-23 02:55:00+00:00,33,1,106364,20156.75,20156.75,20153.5,20153.5,54,NQ.v.0
2024-09-23 02:56:00+00:00,33,1,106364,20153.5,20154.75,20151.0,20151.5,59,NQ.v.0
2024-09-23 02:57:00+00:00,33,1,106364,20151.25,20155.75,20150.75,20153.75,47,NQ.v.0
2024-09-23 02:58:00+00:00,33,1,106364,20153.0,20154.5,20152.25,20152.25,40,NQ.v.0
2024-09-23 02:59:00+00:00,33,1,106364,20152.0,20152.75,20148.75,20149.75,110,NQ.v.0
2024-09-23 03:00:00+00:00,33,1,106364,20149.75,20151.25,20148.5,20149.25,41,NQ.v.0
2024-09-23 03:01:00+00:00,33,1,106364,20149.25,20152.0,20149.25,20150.75,28,NQ.v.0
2024-09-23 03:02:00+00:00,33,1,106364,20150.75,20151.75,20147.75,20148.25,59,NQ.v.0
2024-09-23 03:03:00+00:00,33,1,106364,20149.25,20152.5,20149.25,20152.25,33,NQ.v.0
2024-09-23 03:04:00+00:00,33,1,106364,20152.0,20153.0,20151.25,20151.75,22,NQ.v.0
2024-09-23 03:05:00+00:00,33,1,106364,20151.0,20151.0,20146.5,20149.25,72,NQ.v.0
2024-09-23 03:06:00+00:00,33,1,106364,20149.0,20149.0,20146.25,20147.25,69,NQ.v.0
2024-09-23 03:07:00+00:00,33,1,106364,20148.25,20150.75,20147.25,20149.25,61,NQ.v.0
2024-09-23 03:08:00+00:00,33,1,106364,20149.0,20151.25,20149.0,20151.25,23,NQ.v.0
2024-09-23 03:09:00+00:00,33,1,106364,20151.5,20153.5,20151.5,20152.0,41,NQ.v.0
2024-09-23 03:10:00+00:00,33,1,106364,20151.75,20154.5,20151.75,20153.75,55,NQ.v.0
2024-09-23 03:11:00+00:00,33,1,106364,20154.0,20155.75,20149.75,20152.5,111,NQ.v.0
2024-09-23 03:12:00+00:00,33,1,106364,20152.0,20154.0,20151.75,20154.0,18,NQ.v.0
2024-09-23 03:13:00+00:00,33,1,106364,20154.0,20155.0,20154.0,20154.75,23,NQ.v.0
2024-09-23 03:14:00+00:00,33,1,106364,20154.25,20157.5,20154.0,20157.5,40,NQ.v.0
2024-09-23 03:15:00+00:00,33,1,106364,20157.5,20163.5,20157.25,20162.75,149,NQ.v.0
2024-09-23 03:16:00+00:00,33,1,106364,20163.25,20164.0,20156.75,20157.25,118,NQ.v.0
2024-09-23 03:17:00+00:00,33,1,106364,20158.25,20159.5,20157.75,20159.0,70,NQ.v.0
2024-09-23 03:18:00+00:00,33,1,106364,20158.75,20161.0,20156.5,20158.0,70,NQ.v.0
2024-09-23 03:19:00+00:00,33,1,106364,20158.0,20158.75,20151.5,20152.75,100,NQ.v.0
2024-09-23 03:20:00+00:00,33,1,106364,20152.75,20153.75,20151.25,20151.75,20,NQ.v.0
2024-09-23 03:21:00+00:00,33,1,106364,20152.25,20155.0,20152.25,20154.5,47,NQ.v.0
2024-09-23 03:22:00+00:00,33,1,106364,20154.5,20158.5,20153.5,20157.5,50,NQ.v.0
2024-09-23 03:23:00+00:00,33,1,106364,20158.0,20160.0,20157.25,20157.5,35,NQ.v.0
2024-09-23 03:24:00+00:00,33,1,106364,20157.75,20158.0,20156.0,20157.25,21,NQ.v.0
2024-09-23 03:25:00+00:00,33,1,106364,20156.75,20157.75,20153.25,20155.25,91,NQ.v.0
2024-09-23 03:26:00+00:00,33,1,106364,20155.5,20159.0,20155.25,20158.25,39,NQ.v.0
2024-09-23 03:27:00+00:00,33,1,106364,20158.75,20158.75,20155.25,20157.0,27,NQ.v.0
2024-09-23 03:28:00+00:00,33,1,106364,20156.5,20158.5,20153.5,20154.25,55,NQ.v.0
2024-09-23 03:29:00+00:00,33,1,106364,20153.75,20157.75,20153.75,20157.75,20,NQ.v.0
2024-09-23 03:30:00+00:00,33,1,106364,20157.0,20159.75,20156.25,20159.5,46,NQ.v.0
2024-09-23 03:31:00+00:00,33,1,106364,20158.25,20158.75,20155.0,20155.25,32,NQ.v.0
2024-09-23 03:32:00+00:00,33,1,106364,20155.0,20157.0,20153.0,20156.0,46,NQ.v.0
2024-09-23 03:33:00+00:00,33,1,106364,20155.75,20158.0,20155.5,20158.0,19,NQ.v.0
2024-09-23 03:34:00+00:00,33,1,106364,20157.75,20157.75,20152.0,20155.25,617,NQ.v.0
2024-09-23 03:35:00+00:00,33,1,106364,20154.5,20158.0,20152.25,20158.0,216,NQ.v.0
2024-09-23 03:36:00+00:00,33,1,106364,20158.75,20159.25,20154.75,20155.0,33,NQ.v.0
2024-09-23 03:37:00+00:00,33,1,106364,20154.0,20154.25,20152.0,20153.75,36,NQ.v.0
2024-09-23 03:38:00+00:00,33,1,106364,20155.0,20157.5,20155.0,20156.5,22,NQ.v.0
2024-09-23 03:39:00+00:00,33,1,106364,20155.75,20156.25,20155.75,20155.75,6,NQ.v.0
2024-09-23 03:40:00+00:00,33,1,106364,20157.75,20159.0,20156.75,20158.5,29,NQ.v.0
2024-09-23 03:41:00+00:00,33,1,106364,20157.5,20158.25,20157.5,20157.5,5,NQ.v.0
2024-09-23 03:42:00+00:00,33,1,106364,20157.0,20158.0,20156.5,20158.0,7,NQ.v.0
2024-09-23 03:43:00+00:00,33,1,106364,20158.0,20159.75,20158.0,20159.25,43,NQ.v.0
2024-09-23 03:44:00+00:00,33,1,106364,20159.25,20162.0,20159.25,20161.0,93,NQ.v.0
2024-09-23 03:45:00+00:00,33,1,106364,20161.25,20162.0,20158.0,20158.75,70,NQ.v.0
2024-09-23 03:46:00+00:00,33,1,106364,20159.0,20160.5,20159.0,20159.25,26,NQ.v.0
2024-09-23 03:47:00+00:00,33,1,106364,20158.25,20158.5,20155.25,20158.25,45,NQ.v.0
2024-09-23 03:48:00+00:00,33,1,106364,20157.25,20157.5,20155.75,20156.5,23,NQ.v.0
2024-09-23 03:49:00+00:00,33,1,106364,20156.25,20156.5,20154.75,20155.5,26,NQ.v.0
2024-09-23 03:50:00+00:00,33,1,106364,20155.0,20155.5,20153.5,20155.0,18,NQ.v.0
2024-09-23 03:51:00+00:00,33,1,106364,20154.25,20155.0,20154.0,20154.5,17,NQ.v.0
2024-09-23 03:52:00+00:00,33,1,106364,20155.0,20156.5,20153.5,20153.5,21,NQ.v.0
2024-09-23 03:53:00+00:00,33,1,106364,20153.5,20154.25,20153.25,20153.75,11,NQ.v.0
2024-09-23 03:54:00+00:00,33,1,106364,20153.75,20154.0,20152.25,20152.25,21,NQ.v.0
2024-09-23 03:55:00+00:00,33,1,106364,20152.0,20152.25,20149.0,20149.0,81,NQ.v.0
2024-09-23 03:56:00+00:00,33,1,106364,20149.0,20151.5,20149.0,20150.0,19,NQ.v.0
2024-09-23 03:57:00+00:00,33,1,106364,20148.5,20148.5,20147.25,20147.5,24,NQ.v.0
2024-09-23 03:58:00+00:00,33,1,106364,20148.5,20148.5,20143.0,20145.25,130,NQ.v.0
2024-09-23 03:59:00+00:00,33,1,106364,20144.25,20145.5,20143.75,20145.5,16,NQ.v.0
2024-09-23 04:00:00+00:00,33,1,106364,20145.5,20145.75,20143.0,20143.5,25,NQ.v.0
2024-09-23 04:01:00+00:00,33,1,106364,20143.75,20148.0,20143.75,20147.0,46,NQ.v.0
2024-09-23 04:02:00+00:00,33,1,106364,20147.75,20149.75,20147.5,20149.25,137,NQ.v.0
2024-09-23 04:03:00+00:00,33,1,106364,20149.0,20151.75,20149.0,20150.25,101,NQ.v.0
2024-09-23 04:04:00+00:00,33,1,106364,20150.5,20150.5,20146.75,20148.0,26,NQ.v.0
2024-09-23 04:05:00+00:00,33,1,106364,20148.25,20149.75,20148.25,20148.5,21,NQ.v.0
2024-09-23 04:06:00+00:00,33,1,106364,20147.5,20149.25,20146.75,20147.5,24,NQ.v.0
2024-09-23 04:07:00+00:00,33,1,106364,20148.0,20148.0,20146.0,20146.25,21,NQ.v.0
2024-09-23 04:08:00+00:00,33,1,106364,20146.0,20147.25,20144.5,20147.25,19,NQ.v.0
2024-09-23 04:09:00+00:00,33,1,106364,20147.0,20155.0,20146.5,20150.25,122,NQ.v.0
2024-09-23 04:10:00+00:00,33,1,106364,20151.25,20151.75,20148.0,20149.0,29,NQ.v.0
2024-09-23 04:11:00+00:00,33,1,106364,20150.0,20152.0,20149.75,20151.25,19,NQ.v.0
2024-09-23 04:12:00+00:00,33,1,106364,20150.0,20150.75,20147.25,20148.75,30,NQ.v.0
2024-09-23 04:13:00+00:00,33,1,106364,20148.5,20151.0,20148.25,20150.5,20,NQ.v.0
2024-09-23 04:14:00+00:00,33,1,106364,20151.0,20152.0,20150.0,20151.25,32,NQ.v.0
2024-09-23 04:15:00+00:00,33,1,106364,20150.75,20150.75,20149.5,20150.0,10,NQ.v.0
2024-09-23 04:16:00+00:00,33,1,106364,20150.0,20150.0,20147.75,20150.0,27,NQ.v.0
2024-09-23 04:17:00+00:00,33,1,106364,20150.25,20152.75,20150.0,20152.75,18,NQ.v.0
2024-09-23 04:18:00+00:00,33,1,106364,20152.75,20152.75,20151.0,20151.5,17,NQ.v.0
2024-09-23 04:19:00+00:00,33,1,106364,20151.5,20152.25,20151.5,20152.25,3,NQ.v.0
2024-09-23 04:20:00+00:00,33,1,106364,20152.25,20153.25,20151.75,20153.0,12,NQ.v.0
2024-09-23 04:21:00+00:00,33,1,106364,20151.0,20151.0,20150.5,20150.75,4,NQ.v.0
2024-09-23 04:22:00+00:00,33,1,106364,20150.75,20151.0,20149.75,20151.0,6,NQ.v.0
2024-09-23 04:23:00+00:00,33,1,106364,20151.25,20151.25,20148.5,20149.75,19,NQ.v.0
2024-09-23 04:24:00+00:00,33,1,106364,20149.25,20149.25,20147.0,20148.25,28,NQ.v.0
2024-09-23 04:25:00+00:00,33,1,106364,20149.0,20149.25,20147.5,20147.5,15,NQ.v.0
2024-09-23 04:26:00+00:00,33,1,106364,20146.75,20147.25,20146.25,20147.25,10,NQ.v.0
2024-09-23 04:27:00+00:00,33,1,106364,20148.25,20148.75,20147.75,20148.75,9,NQ.v.0
2024-09-23 04:28:00+00:00,33,1,106364,20149.75,20150.0,20149.0,20149.5,10,NQ.v.0
2024-09-23 04:29:00+00:00,33,1,106364,20149.25,20149.25,20147.5,20148.0,10,NQ.v.0
2024-09-23 04:30:00+00:00,33,1,106364,20149.0,20150.25,20148.5,20150.25,14,NQ.v.0
2024-09-23 04:31:00+00:00,33,1,106364,20150.25,20152.0,20149.75,20151.75,19,NQ.v.0
2024-09-23 04:32:00+00:00,33,1,106364,20151.75,20152.5,20150.25,20150.25,20,NQ.v.0
2024-09-23 04:33:00+00:00,33,1,106364,20150.25,20150.25,20147.25,20147.25,18,NQ.v.0
2024-09-23 04:34:00+00:00,33,1,106364,20147.25,20148.75,20146.25,20147.25,26,NQ.v.0
2024-09-23 04:35:00+00:00,33,1,106364,20147.0,20149.0,20147.0,20149.0,8,NQ.v.0
2024-09-23 04:36:00+00:00,33,1,106364,20149.5,20150.5,20149.0,20150.25,15,NQ.v.0
2024-09-23 04:37:00+00:00,33,1,106364,20150.25,20151.5,20149.5,20151.0,21,NQ.v.0
2024-09-23 04:38:00+00:00,33,1,106364,20151.5,20156.75,20150.5,20155.0,74,NQ.v.0
2024-09-23 04:39:00+00:00,33,1,106364,20155.75,20157.75,20153.25,20153.25,49,NQ.v.0
2024-09-23 04:40:00+00:00,33,1,106364,20153.5,20155.25,20150.0,20150.75,55,NQ.v.0
2024-09-23 04:41:00+00:00,33,1,106364,20150.25,20151.75,20146.5,20146.5,53,NQ.v.0
2024-09-23 04:42:00+00:00,33,1,106364,20146.25,20150.0,20144.0,20149.0,79,NQ.v.0
2024-09-23 04:43:00+00:00,33,1,106364,20149.0,20151.75,20148.5,20149.5,48,NQ.v.0
2024-09-23 04:44:00+00:00,33,1,106364,20149.0,20150.0,20147.5,20147.5,26,NQ.v.0
2024-09-23 04:45:00+00:00,33,1,106364,20148.5,20150.0,20148.0,20148.0,17,NQ.v.0
2024-09-23 04:46:00+00:00,33,1,106364,20147.5,20148.0,20144.0,20144.5,41,NQ.v.0
2024-09-23 04:47:00+00:00,33,1,106364,20145.0,20145.0,20143.0,20143.25,35,NQ.v.0
2024-09-23 04:48:00+00:00,33,1,106364,20143.25,20144.0,20138.5,20143.25,93,NQ.v.0
2024-09-23 04:49:00+00:00,33,1,106364,20143.25,20145.5,20143.0,20144.5,30,NQ.v.0
2024-09-23 04:50:00+00:00,33,1,106364,20144.75,20145.75,20142.25,20142.5,21,NQ.v.0
2024-09-23 04:51:00+00:00,33,1,106364,20143.75,20144.75,20143.0,20143.0,11,NQ.v.0
2024-09-23 04:52:00+00:00,33,1,106364,20144.25,20144.25,20140.75,20142.25,33,NQ.v.0
2024-09-23 04:53:00+00:00,33,1,106364,20142.75,20143.0,20141.75,20143.0,10,NQ.v.0
2024-09-23 04:54:00+00:00,33,1,106364,20143.5,20145.75,20143.25,20144.75,20,NQ.v.0
2024-09-23 04:55:00+00:00,33,1,106364,20144.0,20144.5,20142.75,20144.0,15,NQ.v.0
2024-09-23 04:56:00+00:00,33,1,106364,20144.0,20146.75,20144.0,20146.5,37,NQ.v.0
2024-09-23 04:57:00+00:00,33,1,106364,20145.75,20145.75,20145.75,20145.75,2,NQ.v.0
2024-09-23 04:58:00+00:00,33,1,106364,20146.5,20146.75,20144.0,20144.0,13,NQ.v.0
2024-09-23 04:59:00+00:00,33,1,106364,20144.75,20145.0,20142.0,20142.0,21,NQ.v.0
2024-09-23 05:00:00+00:00,33,1,106364,20143.5,20144.25,20141.5,20141.5,54,NQ.v.0
2024-09-23 05:01:00+00:00,33,1,106364,20141.5,20141.5,20136.25,20138.0,108,NQ.v.0
2024-09-23 05:02:00+00:00,33,1,106364,20139.0,20139.25,20132.25,20133.5,92,NQ.v.0
2024-09-23 05:03:00+00:00,33,1,106364,20134.0,20135.0,20132.75,20133.75,31,NQ.v.0
2024-09-23 05:04:00+00:00,33,1,106364,20133.75,20134.75,20130.25,20132.5,83,NQ.v.0
2024-09-23 05:05:00+00:00,33,1,106364,20132.0,20134.75,20132.0,20132.75,48,NQ.v.0
2024-09-23 05:06:00+00:00,33,1,106364,20134.0,20135.5,20133.0,20133.0,25,NQ.v.0
2024-09-23 05:07:00+00:00,33,1,106364,20133.25,20135.25,20132.0,20134.25,94,NQ.v.0
2024-09-23 05:08:00+00:00,33,1,106364,20135.75,20135.75,20132.75,20132.75,17,NQ.v.0
2024-09-23 05:09:00+00:00,33,1,106364,20132.75,20132.75,20127.25,20128.25,124,NQ.v.0
2024-09-23 05:10:00+00:00,33,1,106364,20128.75,20131.25,20128.5,20129.0,55,NQ.v.0
2024-09-23 05:11:00+00:00,33,1,106364,20129.5,20131.5,20129.0,20129.25,38,NQ.v.0
2024-09-23 05:12:00+00:00,33,1,106364,20128.5,20132.25,20128.5,20131.75,20,NQ.v.0
2024-09-23 05:13:00+00:00,33,1,106364,20131.0,20131.0,20125.25,20125.25,83,NQ.v.0
2024-09-23 05:14:00+00:00,33,1,106364,20125.0,20125.0,20117.0,20119.25,202,NQ.v.0
2024-09-23 05:15:00+00:00,33,1,106364,20119.75,20123.0,20118.0,20121.25,91,NQ.v.0
2024-09-23 05:16:00+00:00,33,1,106364,20121.25,20121.25,20118.75,20119.0,65,NQ.v.0
2024-09-23 05:17:00+00:00,33,1,106364,20118.5,20120.0,20115.75,20118.75,104,NQ.v.0
2024-09-23 05:18:00+00:00,33,1,106364,20120.75,20124.25,20119.5,20123.0,74,NQ.v.0
2024-09-23 05:19:00+00:00,33,1,106364,20123.25,20124.25,20119.75,20124.25,74,NQ.v.0
2024-09-23 05:20:00+00:00,33,1,106364,20124.5,20124.75,20122.25,20123.0,29,NQ.v.0
2024-09-23 05:21:00+00:00,33,1,106364,20123.25,20123.5,20121.75,20122.25,30,NQ.v.0
2024-09-23 05:22:00+00:00,33,1,106364,20122.0,20122.5,20120.25,20121.25,18,NQ.v.0
2024-09-23 05:23:00+00:00,33,1,106364,20121.25,20123.25,20121.25,20122.75,15,NQ.v.0
2024-09-23 05:24:00+00:00,33,1,106364,20123.0,20123.0,20122.0,20122.5,20,NQ.v.0
2024-09-23 05:25:00+00:00,33,1,106364,20123.0,20123.25,20122.25,20122.5,8,NQ.v.0
2024-09-23 05:26:00+00:00,33,1,106364,20122.5,20125.0,20122.0,20124.0,23,NQ.v.0
2024-09-23 05:27:00+00:00,33,1,106364,20123.5,20124.5,20122.5,20124.25,23,NQ.v.0
2024-09-23 05:28:00+00:00,33,1,106364,20124.5,20124.5,20122.75,20122.75,27,NQ.v.0
2024-09-23 05:29:00+00:00,33,1,106364,20122.75,20126.75,20121.25,20126.0,68,NQ.v.0
2024-09-23 05:30:00+00:00,33,1,106364,20125.5,20126.5,20124.5,20125.0,48,NQ.v.0
2024-09-23 05:31:00+00:00,33,1,106364,20124.5,20126.0,20124.0,20125.25,16,NQ.v.0
2024-09-23 05:32:00+00:00,33,1,106364,20125.5,20127.5,20125.0,20126.25,31,NQ.v.0
2024-09-23 05:33:00+00:00,33,1,106364,20125.75,20126.5,20125.25,20125.5,17,NQ.v.0
2024-09-23 05:34:00+00:00,33,1,106364,20125.5,20125.5,20122.75,20123.25,27,NQ.v.0
2024-09-23 05:35:00+00:00,33,1,106364,20124.25,20126.5,20124.0,20124.25,34,NQ.v.0
2024-09-23 05:36:00+00:00,33,1,106364,20123.5,20125.25,20122.75,20123.5,28,NQ.v.0
2024-09-23 05:37:00+00:00,33,1,106364,20123.5,20125.25,20122.0,20122.25,35,NQ.v.0
2024-09-23 05:38:00+00:00,33,1,106364,20122.0,20124.25,20119.75,20123.25,39,NQ.v.0
2024-09-23 05:39:00+00:00,33,1,106364,20124.0,20125.75,20123.5,20124.25,20,NQ.v.0
2024-09-23 05:40:00+00:00,33,1,106364,20124.5,20124.5,20122.0,20123.0,26,NQ.v.0
2024-09-23 05:41:00+00:00,33,1,106364,20124.25,20125.0,20123.0,20125.0,13,NQ.v.0
2024-09-23 05:42:00+00:00,33,1,106364,20125.75,20126.0,20125.5,20125.75,8,NQ.v.0
2024-09-23 05:43:00+00:00,33,1,106364,20125.5,20125.5,20119.75,20120.0,23,NQ.v.0
2024-09-23 05:44:00+00:00,33,1,106364,20120.5,20120.5,20114.0,20117.0,88,NQ.v.0
2024-09-23 05:45:00+00:00,33,1,106364,20116.25,20121.0,20115.5,20121.0,57,NQ.v.0
2024-09-23 05:46:00+00:00,33,1,106364,20120.75,20122.25,20119.0,20122.0,25,NQ.v.0
2024-09-23 05:47:00+00:00,33,1,106364,20122.75,20125.75,20122.75,20125.75,35,NQ.v.0
2024-09-23 05:48:00+00:00,33,1,106364,20125.75,20126.25,20122.25,20123.5,36,NQ.v.0
2024-09-23 05:49:00+00:00,33,1,106364,20123.0,20124.5,20122.5,20124.25,10,NQ.v.0
2024-09-23 05:50:00+00:00,33,1,106364,20124.25,20124.75,20121.75,20122.0,11,NQ.v.0
2024-09-23 05:51:00+00:00,33,1,106364,20122.5,20122.5,20117.25,20117.5,46,NQ.v.0
2024-09-23 05:52:00+00:00,33,1,106364,20118.0,20120.75,20118.0,20120.75,27,NQ.v.0
2024-09-23 05:53:00+00:00,33,1,106364,20120.0,20120.0,20117.25,20118.0,57,NQ.v.0
2024-09-23 05:54:00+00:00,33,1,106364,20117.0,20117.5,20112.0,20115.5,100,NQ.v.0
2024-09-23 05:55:00+00:00,33,1,106364,20115.5,20115.75,20111.25,20112.75,91,NQ.v.0
2024-09-23 05:56:00+00:00,33,1,106364,20111.5,20112.0,20107.25,20107.75,164,NQ.v.0
2024-09-23 05:57:00+00:00,33,1,106364,20108.0,20110.25,20107.75,20109.25,58,NQ.v.0
2024-09-23 05:58:00+00:00,33,1,106364,20109.25,20109.75,20104.0,20104.0,87,NQ.v.0
2024-09-23 05:59:00+00:00,33,1,106364,20105.0,20107.25,20104.25,20106.25,94,NQ.v.0
2024-09-23 06:00:00+00:00,33,1,106364,20107.25,20108.25,20094.0,20095.0,395,NQ.v.0
2024-09-23 06:01:00+00:00,33,1,106364,20095.5,20099.75,20092.25,20098.25,135,NQ.v.0
2024-09-23 06:02:00+00:00,33,1,106364,20099.25,20100.75,20095.0,20096.0,93,NQ.v.0
2024-09-23 06:03:00+00:00,33,1,106364,20096.5,20100.0,20096.0,20097.75,79,NQ.v.0
2024-09-23 06:04:00+00:00,33,1,106364,20098.5,20099.0,20093.25,20097.75,118,NQ.v.0
2024-09-23 06:05:00+00:00,33,1,106364,20096.75,20098.5,20095.5,20097.75,36,NQ.v.0
2024-09-23 06:06:00+00:00,33,1,106364,20097.75,20097.75,20093.25,20094.0,62,NQ.v.0
2024-09-23 06:07:00+00:00,33,1,106364,20094.5,20096.0,20091.0,20095.5,61,NQ.v.0
2024-09-23 06:08:00+00:00,33,1,106364,20095.0,20100.5,20092.75,20100.0,100,NQ.v.0
2024-09-23 06:09:00+00:00,33,1,106364,20100.5,20100.5,20092.75,20095.25,105,NQ.v.0
2024-09-23 06:10:00+00:00,33,1,106364,20095.75,20095.75,20088.25,20089.5,130,NQ.v.0
2024-09-23 06:11:00+00:00,33,1,106364,20090.75,20092.0,20086.25,20091.0,135,NQ.v.0
2024-09-23 06:12:00+00:00,33,1,106364,20090.5,20092.75,20090.25,20092.5,39,NQ.v.0
2024-09-23 06:13:00+00:00,33,1,106364,20092.5,20095.75,20092.0,20094.0,39,NQ.v.0
2024-09-23 06:14:00+00:00,33,1,106364,20094.0,20097.0,20093.75,20095.0,58,NQ.v.0
2024-09-23 06:15:00+00:00,33,1,106364,20096.0,20096.75,20093.75,20094.0,43,NQ.v.0
2024-09-23 06:16:00+00:00,33,1,106364,20093.75,20093.75,20090.75,20092.75,42,NQ.v.0
2024-09-23 06:17:00+00:00,33,1,106364,20092.75,20094.75,20092.75,20094.25,21,NQ.v.0
2024-09-23 06:18:00+00:00,33,1,106364,20093.5,20095.0,20091.0,20091.25,49,NQ.v.0
2024-09-23 06:19:00+00:00,33,1,106364,20091.5,20092.75,20091.0,20091.0,22,NQ.v.0
2024-09-23 06:20:00+00:00,33,1,106364,20093.0,20096.25,20091.25,20095.25,31,NQ.v.0
2024-09-23 06:21:00+00:00,33,1,106364,20095.25,20098.5,20095.25,20096.75,101,NQ.v.0
2024-09-23 06:22:00+00:00,33,1,106364,20097.75,20102.25,20088.25,20092.0,358,NQ.v.0
2024-09-23 06:23:00+00:00,33,1,106364,20092.5,20095.0,20084.75,20087.25,187,NQ.v.0
2024-09-23 06:24:00+00:00,33,1,106364,20087.0,20089.5,20084.5,20088.0,105,NQ.v.0
2024-09-23 06:25:00+00:00,33,1,106364,20087.0,20091.25,20085.75,20089.75,68,NQ.v.0
2024-09-23 06:26:00+00:00,33,1,106364,20091.25,20091.25,20088.75,20090.0,18,NQ.v.0
2024-09-23 06:27:00+00:00,33,1,106364,20090.75,20091.25,20089.75,20091.0,31,NQ.v.0
2024-09-23 06:28:00+00:00,33,1,106364,20090.75,20096.5,20090.75,20095.0,34,NQ.v.0
2024-09-23 06:29:00+00:00,33,1,106364,20096.0,20097.25,20093.25,20097.25,30,NQ.v.0
2024-09-23 06:30:00+00:00,33,1,106364,20097.5,20099.5,20097.25,20097.5,83,NQ.v.0
2024-09-23 06:31:00+00:00,33,1,106364,20098.0,20098.75,20095.5,20098.5,42,NQ.v.0
2024-09-23 06:32:00+00:00,33,1,106364,20098.25,20099.0,20096.5,20098.0,25,NQ.v.0
2024-09-23 06:33:00+00:00,33,1,106364,20098.75,20101.75,20096.5,20099.5,98,NQ.v.0
2024-09-23 06:34:00+00:00,33,1,106364,20098.75,20099.25,20097.5,20099.25,18,NQ.v.0
2024-09-23 06:35:00+00:00,33,1,106364,20099.25,20101.0,20095.5,20095.5,56,NQ.v.0
2024-09-23 06:36:00+00:00,33,1,106364,20096.0,20096.0,20088.75,20093.25,139,NQ.v.0
2024-09-23 06:37:00+00:00,33,1,106364,20094.0,20096.25,20092.5,20096.25,19,NQ.v.0
2024-09-23 06:38:00+00:00,33,1,106364,20096.25,20096.5,20093.25,20093.5,17,NQ.v.0
2024-09-23 06:39:00+00:00,33,1,106364,20093.75,20094.75,20093.0,20093.25,23,NQ.v.0
2024-09-23 06:40:00+00:00,33,1,106364,20094.0,20097.25,20094.0,20096.75,30,NQ.v.0
2024-09-23 06:41:00+00:00,33,1,106364,20097.25,20097.75,20095.25,20095.75,39,NQ.v.0
2024-09-23 06:42:00+00:00,33,1,106364,20096.75,20097.5,20095.75,20096.75,12,NQ.v.0
2024-09-23 06:43:00+00:00,33,1,106364,20096.75,20098.5,20096.0,20096.0,25,NQ.v.0
2024-09-23 06:44:00+00:00,33,1,106364,20096.75,20098.25,20096.0,20098.25,36,NQ.v.0
2024-09-23 06:45:00+00:00,33,1,106364,20098.5,20101.5,20098.5,20101.25,42,NQ.v.0
2024-09-23 06:46:00+00:00,33,1,106364,20100.5,20102.0,20100.0,20100.5,47,NQ.v.0
2024-09-23 06:47:00+00:00,33,1,106364,20100.25,20100.25,20097.75,20098.0,41,NQ.v.0
2024-09-23 06:48:00+00:00,33,1,106364,20099.0,20099.5,20096.0,20096.5,22,NQ.v.0
2024-09-23 06:49:00+00:00,33,1,106364,20096.25,20099.25,20095.75,20097.75,25,NQ.v.0
2024-09-23 06:50:00+00:00,33,1,106364,20097.5,20097.5,20094.75,20095.25,31,NQ.v.0
2024-09-23 06:51:00+00:00,33,1,106364,20095.5,20096.75,20093.0,20093.5,48,NQ.v.0
2024-09-23 06:52:00+00:00,33,1,106364,20094.5,20094.75,20093.0,20094.75,17,NQ.v.0
2024-09-23 06:53:00+00:00,33,1,106364,20093.75,20097.0,20093.0,20095.25,38,NQ.v.0
2024-09-23 06:54:00+00:00,33,1,106364,20095.75,20096.0,20094.25,20094.25,49,NQ.v.0
2024-09-23 06:55:00+00:00,33,1,106364,20094.5,20094.5,20089.25,20089.5,30,NQ.v.0
2024-09-23 06:56:00+00:00,33,1,106364,20089.25,20091.25,20088.25,20088.25,21,NQ.v.0
2024-09-23 06:57:00+00:00,33,1,106364,20088.75,20090.25,20087.75,20089.5,39,NQ.v.0
2024-09-23 06:58:00+00:00,33,1,106364,20090.25,20091.0,20087.5,20088.0,27,NQ.v.0
2024-09-23 06:59:00+00:00,33,1,106364,20088.0,20088.0,20082.5,20086.75,169,NQ.v.0
2024-09-23 07:00:00+00:00,33,1,106364,20086.75,20088.5,20072.75,20076.0,465,NQ.v.0
2024-09-23 07:01:00+00:00,33,1,106364,20076.25,20083.0,20068.25,20070.75,269,NQ.v.0
2024-09-23 07:02:00+00:00,33,1,106364,20070.75,20071.25,20051.0,20056.75,562,NQ.v.0
2024-09-23 07:03:00+00:00,33,1,106364,20056.25,20063.0,20054.75,20058.0,217,NQ.v.0
2024-09-23 07:04:00+00:00,33,1,106364,20057.5,20058.0,20048.25,20055.75,190,NQ.v.0
2024-09-23 07:05:00+00:00,33,1,106364,20056.25,20056.75,20037.5,20049.75,635,NQ.v.0
2024-09-23 07:06:00+00:00,33,1,106364,20050.75,20051.25,20041.25,20044.25,218,NQ.v.0
2024-09-23 07:07:00+00:00,33,1,106364,20045.25,20046.5,20038.5,20039.5,114,NQ.v.0
2024-09-23 07:08:00+00:00,33,1,106364,20040.25,20053.0,20038.25,20049.25,192,NQ.v.0
2024-09-23 07:09:00+00:00,33,1,106364,20048.0,20048.25,20040.25,20043.0,84,NQ.v.0
2024-09-23 07:10:00+00:00,33,1,106364,20042.25,20044.25,20030.0,20032.25,330,NQ.v.0
2024-09-23 07:11:00+00:00,33,1,106364,20032.0,20032.25,20023.5,20027.5,294,NQ.v.0
2024-09-23 07:12:00+00:00,33,1,106364,20028.0,20028.0,20021.25,20024.25,176,NQ.v.0
2024-09-23 07:13:00+00:00,33,1,106364,20023.25,20032.0,20021.5,20029.5,88,NQ.v.0
2024-09-23 07:14:00+00:00,33,1,106364,20030.25,20030.5,20021.75,20025.75,220,NQ.v.0
2024-09-23 07:15:00+00:00,33,1,106364,20024.75,20024.75,19976.75,19990.5,1412,NQ.v.0
2024-09-23 07:16:00+00:00,33,1,106364,19989.0,19989.0,19970.0,19970.25,478,NQ.v.0
2024-09-23 07:17:00+00:00,33,1,106364,19971.25,19983.75,19968.75,19980.0,443,NQ.v.0
2024-09-23 07:18:00+00:00,33,1,106364,19981.25,19981.25,19955.25,19976.25,507,NQ.v.0
2024-09-23 07:19:00+00:00,33,1,106364,19976.25,19976.25,19966.5,19970.75,234,NQ.v.0
2024-09-23 07:20:00+00:00,33,1,106364,19970.25,19975.25,19962.0,19965.25,386,NQ.v.0
2024-09-23 07:21:00+00:00,33,1,106364,19964.75,19978.0,19961.5,19973.0,371,NQ.v.0
2024-09-23 07:22:00+00:00,33,1,106364,19971.5,19986.0,19967.0,19980.75,247,NQ.v.0
2024-09-23 07:23:00+00:00,33,1,106364,19980.75,19987.5,19979.75,19980.75,202,NQ.v.0
2024-09-23 07:24:00+00:00,33,1,106364,19981.25,19982.5,19973.75,19979.0,125,NQ.v.0
2024-09-23 07:25:00+00:00,33,1,106364,19978.75,19996.0,19978.0,19993.75,252,NQ.v.0
2024-09-23 07:26:00+00:00,33,1,106364,19994.0,19996.5,19990.5,19995.0,132,NQ.v.0
2024-09-23 07:27:00+00:00,33,1,106364,19994.25,19996.75,19993.25,19995.75,68,NQ.v.0
2024-09-23 07:28:00+00:00,33,1,106364,19994.25,20006.0,19993.75,20006.0,176,NQ.v.0
2024-09-23 07:29:00+00:00,33,1,106364,20006.0,20014.25,20006.0,20008.75,323,NQ.v.0
2024-09-23 07:30:00+00:00,33,1,106364,20008.5,20008.5,19995.25,20006.0,347,NQ.v.0
2024-09-23 07:31:00+00:00,33,1,106364,20006.0,20019.75,20006.0,20017.75,293,NQ.v.0
2024-09-23 07:32:00+00:00,33,1,106364,20016.5,20023.5,20016.0,20022.5,183,NQ.v.0
2024-09-23 07:33:00+00:00,33,1,106364,20022.25,20026.25,20015.5,20017.0,242,NQ.v.0
2024-09-23 07:34:00+00:00,33,1,106364,20015.75,20017.25,20003.75,20003.75,223,NQ.v.0
2024-09-23 07:35:00+00:00,33,1,106364,20005.0,20011.25,20002.75,20008.5,165,NQ.v.0
2024-09-23 07:36:00+00:00,33,1,106364,20008.75,20019.75,20008.75,20016.25,140,NQ.v.0
2024-09-23 07:37:00+00:00,33,1,106364,20016.0,20022.75,20015.0,20021.25,114,NQ.v.0
2024-09-23 07:38:00+00:00,33,1,106364,20021.0,20026.5,20019.5,20024.75,82,NQ.v.0
2024-09-23 07:39:00+00:00,33,1,106364,20024.75,20036.0,20023.5,20034.5,208,NQ.v.0
2024-09-23 07:40:00+00:00,33,1,106364,20034.5,20045.25,20034.5,20040.25,489,NQ.v.0
2024-09-23 07:41:00+00:00,33,1,106364,20040.0,20040.5,20034.75,20034.75,214,NQ.v.0
2024-09-23 07:42:00+00:00,33,1,106364,20035.0,20037.0,20030.0,20033.25,133,NQ.v.0
2024-09-23 07:43:00+00:00,33,1,106364,20032.0,20042.75,20031.25,20039.75,151,NQ.v.0
2024-09-23 07:44:00+00:00,33,1,106364,20039.5,20046.5,20037.25,20043.0,155,NQ.v.0
2024-09-23 07:45:00+00:00,33,1,106364,20044.25,20046.0,20041.5,20042.75,148,NQ.v.0
2024-09-23 07:46:00+00:00,33,1,106364,20041.5,20042.75,20037.25,20041.75,92,NQ.v.0
2024-09-23 07:47:00+00:00,33,1,106364,20040.5,20050.0,20040.5,20047.75,108,NQ.v.0
2024-09-23 07:48:00+00:00,33,1,106364,20047.25,20049.0,20043.25,20047.0,78,NQ.v.0
2024-09-23 07:49:00+00:00,33,1,106364,20048.0,20049.25,20045.0,20045.0,74,NQ.v.0
2024-09-23 07:50:00+00:00,33,1,106364,20045.5,20047.5,20043.25,20047.5,51,NQ.v.0
2024-09-23 07:51:00+00:00,33,1,106364,20047.75,20057.0,20046.5,20046.5,399,NQ.v.0
2024-09-23 07:52:00+00:00,33,1,106364,20046.0,20052.25,20044.75,20050.75,146,NQ.v.0
2024-09-23 07:53:00+00:00,33,1,106364,20051.25,20053.75,20047.25,20048.25,65,NQ.v.0
2024-09-23 07:54:00+00:00,33,1,106364,20049.0,20056.75,20048.5,20055.5,119,NQ.v.0
2024-09-23 07:55:00+00:00,33,1,106364,20055.75,20059.0,20054.5,20057.5,113,NQ.v.0
2024-09-23 07:56:00+00:00,33,1,106364,20058.5,20058.5,20053.75,20055.5,69,NQ.v.0
2024-09-23 07:57:00+00:00,33,1,106364,20056.5,20059.75,20056.0,20057.25,97,NQ.v.0
2024-09-23 07:58:00+00:00,33,1,106364,20057.5,20062.0,20057.5,20062.0,119,NQ.v.0
2024-09-23 07:59:00+00:00,33,1,106364,20061.0,20063.0,20059.25,20060.25,98,NQ.v.0
2024-09-23 08:00:00+00:00,33,1,106364,20061.0,20070.0,20056.0,20066.5,387,NQ.v.0
2024-09-23 08:01:00+00:00,33,1,106364,20068.0,20072.5,20063.5,20068.25,339,NQ.v.0
2024-09-23 08:02:00+00:00,33,1,106364,20069.0,20072.75,20059.5,20061.0,173,NQ.v.0
2024-09-23 08:03:00+00:00,33,1,106364,20061.0,20061.0,20052.0,20056.0,243,NQ.v.0
2024-09-23 08:04:00+00:00,33,1,106364,20056.0,20058.0,20052.0,20052.0,140,NQ.v.0
2024-09-23 08:05:00+00:00,33,1,106364,20053.0,20058.0,20051.0,20052.0,186,NQ.v.0
2024-09-23 08:06:00+00:00,33,1,106364,20053.75,20056.25,20047.0,20056.25,192,NQ.v.0
2024-09-23 08:07:00+00:00,33,1,106364,20056.5,20059.5,20054.0,20055.5,97,NQ.v.0
2024-09-23 08:08:00+00:00,33,1,106364,20056.25,20058.0,20052.0,20054.0,100,NQ.v.0
2024-09-23 08:09:00+00:00,33,1,106364,20054.25,20055.75,20047.25,20049.0,134,NQ.v.0
2024-09-23 08:10:00+00:00,33,1,106364,20048.75,20050.5,20046.75,20047.75,136,NQ.v.0
2024-09-23 08:11:00+00:00,33,1,106364,20049.0,20058.5,20042.5,20058.25,334,NQ.v.0
2024-09-23 08:12:00+00:00,33,1,106364,20057.25,20057.25,20047.0,20047.25,118,NQ.v.0
2024-09-23 08:13:00+00:00,33,1,106364,20047.25,20047.5,20033.25,20039.5,386,NQ.v.0
2024-09-23 08:14:00+00:00,33,1,106364,20040.0,20043.0,20038.0,20038.0,119,NQ.v.0
2024-09-23 08:15:00+00:00,33,1,106364,20039.0,20044.25,20037.5,20040.25,140,NQ.v.0
2024-09-23 08:16:00+00:00,33,1,106364,20040.75,20043.0,20037.5,20038.25,98,NQ.v.0
2024-09-23 08:17:00+00:00,33,1,106364,20037.5,20038.0,20032.0,20032.0,166,NQ.v.0
2024-09-23 08:18:00+00:00,33,1,106364,20032.5,20037.0,20026.25,20034.75,234,NQ.v.0
2024-09-23 08:19:00+00:00,33,1,106364,20035.25,20047.25,20035.25,20045.0,216,NQ.v.0
2024-09-23 08:20:00+00:00,33,1,106364,20046.25,20051.25,20042.5,20043.0,132,NQ.v.0
2024-09-23 08:21:00+00:00,33,1,106364,20044.0,20050.0,20043.0,20047.75,65,NQ.v.0
2024-09-23 08:22:00+00:00,33,1,106364,20049.0,20053.0,20045.0,20051.0,73,NQ.v.0
2024-09-23 08:23:00+00:00,33,1,106364,20051.0,20055.0,20050.75,20052.25,98,NQ.v.0
2024-09-23 08:24:00+00:00,33,1,106364,20051.0,20054.5,20049.75,20052.25,83,NQ.v.0
2024-09-23 08:25:00+00:00,33,1,106364,20053.75,20059.5,20053.5,20056.0,126,NQ.v.0
2024-09-23 08:26:00+00:00,33,1,106364,20057.25,20062.25,20057.0,20061.5,113,NQ.v.0
2024-09-23 08:27:00+00:00,33,1,106364,20061.0,20066.75,20059.5,20064.75,158,NQ.v.0
2024-09-23 08:28:00+00:00,33,1,106364,20064.75,20068.0,20061.0,20061.5,128,NQ.v.0
2024-09-23 08:29:00+00:00,33,1,106364,20063.0,20063.5,20058.25,20058.75,52,NQ.v.0
2024-09-23 08:30:00+00:00,33,1,106364,20058.5,20065.5,20057.0,20062.5,143,NQ.v.0
2024-09-23 08:31:00+00:00,33,1,106364,20063.75,20063.75,20057.25,20057.25,54,NQ.v.0
2024-09-23 08:32:00+00:00,33,1,106364,20057.5,20058.0,20038.25,20042.5,321,NQ.v.0
2024-09-23 08:33:00+00:00,33,1,106364,20042.25,20046.25,20038.25,20041.5,146,NQ.v.0
2024-09-23 08:34:00+00:00,33,1,106364,20042.5,20045.5,20037.5,20044.5,138,NQ.v.0
2024-09-23 08:35:00+00:00,33,1,106364,20045.0,20048.5,20044.5,20046.25,75,NQ.v.0
2024-09-23 08:36:00+00:00,33,1,106364,20049.5,20050.75,20039.5,20042.0,182,NQ.v.0
2024-09-23 08:37:00+00:00,33,1,106364,20042.0,20043.25,20033.25,20035.25,205,NQ.v.0
2024-09-23 08:38:00+00:00,33,1,106364,20035.0,20038.75,20031.0,20036.0,134,NQ.v.0
2024-09-23 08:39:00+00:00,33,1,106364,20036.75,20040.0,20032.25,20033.5,109,NQ.v.0
2024-09-23 08:40:00+00:00,33,1,106364,20034.0,20034.75,20020.75,20022.25,342,NQ.v.0
2024-09-23 08:41:00+00:00,33,1,106364,20023.0,20029.0,20023.0,20028.75,127,NQ.v.0
2024-09-23 08:42:00+00:00,33,1,106364,20029.25,20036.25,20026.0,20026.0,235,NQ.v.0
2024-09-23 08:43:00+00:00,33,1,106364,20027.0,20029.25,20021.5,20023.75,196,NQ.v.0
2024-09-23 08:44:00+00:00,33,1,106364,20025.0,20034.0,20025.0,20034.0,113,NQ.v.0
2024-09-23 08:45:00+00:00,33,1,106364,20031.0,20032.0,20016.25,20017.25,203,NQ.v.0
2024-09-23 08:46:00+00:00,33,1,106364,20016.75,20022.5,20016.25,20021.5,244,NQ.v.0
2024-09-23 08:47:00+00:00,33,1,106364,20021.0,20031.0,20021.0,20028.5,122,NQ.v.0
2024-09-23 08:48:00+00:00,33,1,106364,20029.0,20033.75,20029.0,20031.75,67,NQ.v.0
2024-09-23 08:49:00+00:00,33,1,106364,20031.0,20037.25,20028.75,20036.5,119,NQ.v.0
2024-09-23 08:50:00+00:00,33,1,106364,20036.75,20043.5,20036.75,20042.0,129,NQ.v.0
2024-09-23 08:51:00+00:00,33,1,106364,20043.25,20047.75,20038.75,20047.75,130,NQ.v.0
2024-09-23 08:52:00+00:00,33,1,106364,20047.25,20050.25,20041.75,20042.25,110,NQ.v.0
2024-09-23 08:53:00+00:00,33,1,106364,20042.0,20044.25,20039.5,20041.0,104,NQ.v.0
2024-09-23 08:54:00+00:00,33,1,106364,20042.25,20048.75,20042.0,20047.75,105,NQ.v.0
2024-09-23 08:55:00+00:00,33,1,106364,20046.75,20050.0,20045.5,20046.0,94,NQ.v.0
2024-09-23 08:56:00+00:00,33,1,106364,20047.5,20049.5,20044.0,20046.0,117,NQ.v.0
2024-09-23 08:57:00+00:00,33,1,106364,20045.75,20049.25,20045.0,20047.25,53,NQ.v.0
2024-09-23 08:58:00+00:00,33,1,106364,20048.75,20052.0,20048.0,20050.5,60,NQ.v.0
2024-09-23 08:59:00+00:00,33,1,106364,20051.5,20054.5,20044.75,20045.5,115,NQ.v.0
2024-09-23 09:00:00+00:00,33,1,106364,20047.0,20051.5,20043.75,20048.75,100,NQ.v.0
2024-09-23 09:01:00+00:00,33,1,106364,20050.25,20051.25,20047.5,20050.5,58,NQ.v.0
2024-09-23 09:02:00+00:00,33,1,106364,20050.75,20054.25,20049.0,20051.0,58,NQ.v.0
2024-09-23 09:03:00+00:00,33,1,106364,20051.75,20055.5,20049.5,20052.0,82,NQ.v.0
2024-09-23 09:04:00+00:00,33,1,106364,20051.75,20051.75,20045.75,20047.75,70,NQ.v.0
2024-09-23 09:05:00+00:00,33,1,106364,20047.5,20047.5,20042.25,20043.25,66,NQ.v.0
2024-09-23 09:06:00+00:00,33,1,106364,20043.0,20052.0,20042.0,20051.5,116,NQ.v.0
2024-09-23 09:07:00+00:00,33,1,106364,20052.0,20053.0,20050.5,20050.5,58,NQ.v.0
2024-09-23 09:08:00+00:00,33,1,106364,20051.25,20058.0,20050.5,20058.0,105,NQ.v.0
2024-09-23 09:09:00+00:00,33,1,106364,20058.5,20059.75,20053.25,20055.25,111,NQ.v.0
2024-09-23 09:10:00+00:00,33,1,106364,20056.5,20057.5,20054.25,20057.25,41,NQ.v.0
2024-09-23 09:11:00+00:00,33,1,106364,20057.5,20059.75,20056.0,20057.25,79,NQ.v.0
2024-09-23 09:12:00+00:00,33,1,106364,20057.75,20059.0,20054.0,20056.25,66,NQ.v.0
2024-09-23 09:13:00+00:00,33,1,106364,20057.0,20057.25,20047.25,20048.5,133,NQ.v.0
2024-09-23 09:14:00+00:00,33,1,106364,20048.5,20053.5,20046.0,20049.25,60,NQ.v.0
2024-09-23 09:15:00+00:00,33,1,106364,20051.5,20052.0,20046.5,20049.75,51,NQ.v.0
2024-09-23 09:16:00+00:00,33,1,106364,20049.5,20051.0,20045.75,20046.5,69,NQ.v.0
2024-09-23 09:17:00+00:00,33,1,106364,20046.0,20046.75,20037.75,20037.75,152,NQ.v.0
2024-09-23 09:18:00+00:00,33,1,106364,20037.75,20042.5,20036.75,20038.5,148,NQ.v.0
2024-09-23 09:19:00+00:00,33,1,106364,20039.25,20041.0,20035.0,20036.5,99,NQ.v.0
2024-09-23 09:20:00+00:00,33,1,106364,20036.0,20040.25,20026.0,20039.0,216,NQ.v.0
2024-09-23 09:21:00+00:00,33,1,106364,20040.0,20048.5,20040.0,20047.0,112,NQ.v.0
2024-09-23 09:22:00+00:00,33,1,106364,20047.25,20053.25,20046.5,20052.25,89,NQ.v.0
2024-09-23 09:23:00+00:00,33,1,106364,20052.0,20058.0,20051.75,20057.5,131,NQ.v.0
2024-09-23 09:24:00+00:00,33,1,106364,20057.0,20062.0,20056.0,20058.0,114,NQ.v.0
2024-09-23 09:25:00+00:00,33,1,106364,20057.75,20058.25,20051.5,20053.5,215,NQ.v.0
2024-09-23 09:26:00+00:00,33,1,106364,20052.75,20061.25,20052.75,20060.75,61,NQ.v.0
2024-09-23 09:27:00+00:00,33,1,106364,20060.5,20060.5,20056.0,20057.25,49,NQ.v.0
2024-09-23 09:28:00+00:00,33,1,106364,20057.25,20059.75,20057.25,20058.75,35,NQ.v.0
2024-09-23 09:29:00+00:00,33,1,106364,20059.75,20061.75,20059.0,20061.0,37,NQ.v.0
2024-09-23 09:30:00+00:00,33,1,106364,20060.5,20061.75,20057.5,20058.0,100,NQ.v.0
2024-09-23 09:31:00+00:00,33,1,106364,20058.25,20063.5,20057.75,20063.25,102,NQ.v.0
2024-09-23 09:32:00+00:00,33,1,106364,20063.5,20064.25,20059.0,20060.25,45,NQ.v.0
2024-09-23 09:33:00+00:00,33,1,106364,20060.0,20060.75,20055.5,20058.0,67,NQ.v.0
2024-09-23 09:34:00+00:00,33,1,106364,20058.0,20062.25,20056.0,20061.5,89,NQ.v.0
2024-09-23 09:35:00+00:00,33,1,106364,20061.75,20062.25,20058.5,20060.75,61,NQ.v.0
2024-09-23 09:36:00+00:00,33,1,106364,20061.5,20061.5,20057.25,20059.75,64,NQ.v.0
2024-09-23 09:37:00+00:00,33,1,106364,20060.0,20062.0,20055.25,20057.5,68,NQ.v.0
2024-09-23 09:38:00+00:00,33,1,106364,20058.25,20061.0,20057.0,20060.0,56,NQ.v.0
2024-09-23 09:39:00+00:00,33,1,106364,20060.0,20062.25,20057.25,20061.0,43,NQ.v.0
2024-09-23 09:40:00+00:00,33,1,106364,20060.0,20061.5,20057.5,20059.5,90,NQ.v.0
2024-09-23 09:41:00+00:00,33,1,106364,20060.5,20062.25,20057.75,20059.25,53,NQ.v.0
2024-09-23 09:42:00+00:00,33,1,106364,20059.0,20061.0,20057.75,20060.0,25,NQ.v.0
2024-09-23 09:43:00+00:00,33,1,106364,20060.0,20061.25,20054.5,20061.25,60,NQ.v.0
2024-09-23 09:44:00+00:00,33,1,106364,20060.5,20070.0,20060.0,20067.75,257,NQ.v.0
2024-09-23 09:45:00+00:00,33,1,106364,20067.5,20070.0,20067.0,20069.5,123,NQ.v.0
2024-09-23 09:46:00+00:00,33,1,106364,20070.0,20076.5,20070.0,20075.0,362,NQ.v.0
2024-09-23 09:47:00+00:00,33,1,106364,20075.0,20077.0,20072.25,20075.5,176,NQ.v.0
2024-09-23 09:48:00+00:00,33,1,106364,20076.0,20076.5,20072.75,20073.75,101,NQ.v.0
2024-09-23 09:49:00+00:00,33,1,106364,20074.25,20082.75,20073.75,20078.0,264,NQ.v.0
2024-09-23 09:50:00+00:00,33,1,106364,20078.75,20082.75,20075.75,20077.5,184,NQ.v.0
2024-09-23 09:51:00+00:00,33,1,106364,20077.5,20081.25,20077.5,20080.5,76,NQ.v.0
2024-09-23 09:52:00+00:00,33,1,106364,20080.5,20082.0,20076.75,20080.0,85,NQ.v.0
2024-09-23 09:53:00+00:00,33,1,106364,20079.75,20080.5,20076.0,20079.0,238,NQ.v.0
2024-09-23 09:54:00+00:00,33,1,106364,20077.75,20079.5,20077.25,20077.5,40,NQ.v.0
2024-09-23 09:55:00+00:00,33,1,106364,20077.25,20081.5,20076.25,20081.0,65,NQ.v.0
2024-09-23 09:56:00+00:00,33,1,106364,20081.0,20081.75,20078.25,20079.5,46,NQ.v.0
2024-09-23 09:57:00+00:00,33,1,106364,20079.0,20079.75,20078.25,20079.5,39,NQ.v.0
2024-09-23 09:58:00+00:00,33,1,106364,20079.0,20079.0,20076.75,20077.5,38,NQ.v.0
2024-09-23 09:59:00+00:00,33,1,106364,20077.75,20079.5,20077.0,20078.5,39,NQ.v.0
2024-09-23 10:00:00+00:00,33,1,106364,20078.5,20084.5,20078.0,20082.75,108,NQ.v.0
2024-09-23 10:01:00+00:00,33,1,106364,20083.5,20089.0,20083.0,20088.0,166,NQ.v.0
2024-09-23 10:02:00+00:00,33,1,106364,20088.0,20089.0,20080.75,20082.25,110,NQ.v.0
2024-09-23 10:03:00+00:00,33,1,106364,20082.0,20085.0,20078.25,20081.0,74,NQ.v.0
2024-09-23 10:04:00+00:00,33,1,106364,20081.0,20082.75,20079.0,20079.0,48,NQ.v.0
2024-09-23 10:05:00+00:00,33,1,106364,20079.75,20084.75,20079.0,20079.0,81,NQ.v.0
2024-09-23 10:06:00+00:00,33,1,106364,20078.5,20083.5,20076.25,20076.5,201,NQ.v.0
2024-09-23 10:07:00+00:00,33,1,106364,20075.75,20079.0,20073.5,20075.25,194,NQ.v.0
2024-09-23 10:08:00+00:00,33,1,106364,20074.5,20079.5,20074.25,20075.5,108,NQ.v.0
2024-09-23 10:09:00+00:00,33,1,106364,20074.5,20075.5,20073.0,20074.0,83,NQ.v.0
2024-09-23 10:10:00+00:00,33,1,106364,20074.0,20076.75,20074.0,20075.0,60,NQ.v.0
2024-09-23 10:11:00+00:00,33,1,106364,20074.75,20079.75,20071.5,20078.5,145,NQ.v.0
2024-09-23 10:12:00+00:00,33,1,106364,20077.75,20078.5,20075.25,20076.5,68,NQ.v.0
2024-09-23 10:13:00+00:00,33,1,106364,20078.0,20078.0,20070.5,20071.5,94,NQ.v.0
2024-09-23 10:14:00+00:00,33,1,106364,20072.25,20074.25,20070.5,20072.25,59,NQ.v.0
2024-09-23 10:15:00+00:00,33,1,106364,20072.25,20077.5,20071.75,20076.0,85,NQ.v.0
2024-09-23 10:16:00+00:00,33,1,106364,20076.5,20076.75,20073.0,20075.25,96,NQ.v.0
2024-09-23 10:17:00+00:00,33,1,106364,20074.5,20076.0,20074.5,20076.0,18,NQ.v.0
2024-09-23 10:18:00+00:00,33,1,106364,20075.0,20076.0,20072.0,20076.0,73,NQ.v.0
2024-09-23 10:19:00+00:00,33,1,106364,20075.25,20079.25,20075.0,20078.5,59,NQ.v.0
2024-09-23 10:20:00+00:00,33,1,106364,20078.0,20081.5,20077.5,20081.0,54,NQ.v.0
2024-09-23 10:21:00+00:00,33,1,106364,20079.75,20081.75,20079.0,20079.0,39,NQ.v.0
2024-09-23 10:22:00+00:00,33,1,106364,20078.0,20079.25,20075.5,20078.25,53,NQ.v.0
2024-09-23 10:23:00+00:00,33,1,106364,20078.5,20079.25,20072.0,20073.25,86,NQ.v.0
2024-09-23 10:24:00+00:00,33,1,106364,20073.75,20076.25,20073.75,20075.75,69,NQ.v.0
2024-09-23 10:25:00+00:00,33,1,106364,20076.0,20076.25,20074.0,20074.25,32,NQ.v.0
2024-09-23 10:26:00+00:00,33,1,106364,20075.25,20079.25,20074.5,20078.25,40,NQ.v.0
2024-09-23 10:27:00+00:00,33,1,106364,20078.5,20082.0,20078.5,20080.5,37,NQ.v.0
2024-09-23 10:28:00+00:00,33,1,106364,20081.5,20083.5,20080.0,20081.25,45,NQ.v.0
2024-09-23 10:29:00+00:00,33,1,106364,20079.75,20080.75,20078.25,20078.25,17,NQ.v.0
2024-09-23 10:30:00+00:00,33,1,106364,20078.5,20082.25,20078.0,20081.5,77,NQ.v.0
2024-09-23 10:31:00+00:00,33,1,106364,20081.0,20083.75,20079.5,20082.0,41,NQ.v.0
2024-09-23 10:32:00+00:00,33,1,106364,20082.0,20082.5,20080.0,20081.0,39,NQ.v.0
2024-09-23 10:33:00+00:00,33,1,106364,20080.75,20082.0,20079.25,20080.0,25,NQ.v.0
2024-09-23 10:34:00+00:00,33,1,106364,20080.0,20082.75,20078.25,20080.25,33,NQ.v.0
2024-09-23 10:35:00+00:00,33,1,106364,20079.5,20086.25,20077.5,20086.25,87,NQ.v.0
2024-09-23 10:36:00+00:00,33,1,106364,20086.25,20087.0,20085.25,20086.0,45,NQ.v.0
2024-09-23 10:37:00+00:00,33,1,106364,20085.5,20087.5,20084.0,20084.25,40,NQ.v.0
2024-09-23 10:38:00+00:00,33,1,106364,20084.5,20086.0,20083.5,20083.5,44,NQ.v.0
2024-09-23 10:39:00+00:00,33,1,106364,20083.5,20088.0,20083.5,20088.0,70,NQ.v.0
2024-09-23 10:40:00+00:00,33,1,106364,20086.75,20089.75,20086.75,20088.75,99,NQ.v.0
2024-09-23 10:41:00+00:00,33,1,106364,20089.25,20090.5,20088.25,20089.0,83,NQ.v.0
2024-09-23 10:42:00+00:00,33,1,106364,20088.0,20088.0,20084.0,20085.5,58,NQ.v.0
2024-09-23 10:43:00+00:00,33,1,106364,20085.5,20086.75,20082.5,20085.75,77,NQ.v.0
2024-09-23 10:44:00+00:00,33,1,106364,20085.5,20085.5,20080.75,20082.5,88,NQ.v.0
2024-09-23 10:45:00+00:00,33,1,106364,20083.0,20084.5,20081.0,20082.5,44,NQ.v.0
2024-09-23 10:46:00+00:00,33,1,106364,20082.5,20083.75,20077.5,20083.5,83,NQ.v.0
2024-09-23 10:47:00+00:00,33,1,106364,20083.25,20083.25,20080.0,20081.0,44,NQ.v.0
2024-09-23 10:48:00+00:00,33,1,106364,20080.75,20081.0,20079.0,20081.0,55,NQ.v.0
2024-09-23 10:49:00+00:00,33,1,106364,20080.75,20082.0,20079.75,20080.25,46,NQ.v.0
2024-09-23 10:50:00+00:00,33,1,106364,20081.0,20083.75,20081.0,20082.75,38,NQ.v.0
2024-09-23 10:51:00+00:00,33,1,106364,20083.25,20083.25,20078.5,20080.0,62,NQ.v.0
2024-09-23 10:52:00+00:00,33,1,106364,20079.5,20080.75,20078.25,20078.5,37,NQ.v.0
2024-09-23 10:53:00+00:00,33,1,106364,20078.0,20078.25,20070.25,20073.25,219,NQ.v.0
2024-09-23 10:54:00+00:00,33,1,106364,20073.5,20075.75,20072.0,20073.75,80,NQ.v.0
2024-09-23 10:55:00+00:00,33,1,106364,20073.75,20074.0,20071.5,20074.0,42,NQ.v.0
2024-09-23 10:56:00+00:00,33,1,106364,20074.5,20077.75,20074.0,20077.0,73,NQ.v.0
2024-09-23 10:57:00+00:00,33,1,106364,20077.75,20078.25,20071.25,20072.0,68,NQ.v.0
2024-09-23 10:58:00+00:00,33,1,106364,20071.25,20075.0,20071.0,20074.75,73,NQ.v.0
2024-09-23 10:59:00+00:00,33,1,106364,20074.75,20074.75,20070.5,20072.25,55,NQ.v.0
2024-09-23 11:00:00+00:00,33,1,106364,20071.5,20075.0,20064.5,20065.0,303,NQ.v.0
2024-09-23 11:01:00+00:00,33,1,106364,20065.75,20073.25,20065.75,20071.25,116,NQ.v.0
2024-09-23 11:02:00+00:00,33,1,106364,20071.5,20071.5,20067.25,20068.25,55,NQ.v.0
2024-09-23 11:03:00+00:00,33,1,106364,20068.0,20069.25,20066.25,20066.25,79,NQ.v.0
2024-09-23 11:04:00+00:00,33,1,106364,20065.0,20065.0,20055.75,20056.75,310,NQ.v.0
2024-09-23 11:05:00+00:00,33,1,106364,20058.0,20058.5,20047.75,20049.5,196,NQ.v.0
2024-09-23 11:06:00+00:00,33,1,106364,20050.0,20055.75,20050.0,20055.75,138,NQ.v.0
2024-09-23 11:07:00+00:00,33,1,106364,20055.75,20060.5,20055.25,20059.5,105,NQ.v.0
2024-09-23 11:08:00+00:00,33,1,106364,20059.25,20060.75,20055.0,20056.25,146,NQ.v.0
2024-09-23 11:09:00+00:00,33,1,106364,20056.0,20060.5,20055.0,20058.0,110,NQ.v.0
2024-09-23 11:10:00+00:00,33,1,106364,20057.25,20065.0,20057.0,20062.75,123,NQ.v.0
2024-09-23 11:11:00+00:00,33,1,106364,20063.25,20067.5,20062.75,20063.75,88,NQ.v.0
2024-09-23 11:12:00+00:00,33,1,106364,20062.75,20066.75,20062.5,20066.5,39,NQ.v.0
2024-09-23 11:13:00+00:00,33,1,106364,20067.25,20067.75,20062.75,20063.5,56,NQ.v.0
2024-09-23 11:14:00+00:00,33,1,106364,20062.5,20062.5,20058.0,20058.0,77,NQ.v.0
2024-09-23 11:15:00+00:00,33,1,106364,20057.75,20062.5,20056.75,20059.25,56,NQ.v.0
2024-09-23 11:16:00+00:00,33,1,106364,20059.25,20062.5,20059.0,20062.5,29,NQ.v.0
2024-09-23 11:17:00+00:00,33,1,106364,20062.5,20062.75,20060.75,20061.75,22,NQ.v.0
2024-09-23 11:18:00+00:00,33,1,106364,20063.25,20065.0,20061.5,20064.75,23,NQ.v.0
2024-09-23 11:19:00+00:00,33,1,106364,20065.25,20065.25,20061.0,20063.5,35,NQ.v.0
2024-09-23 11:20:00+00:00,33,1,106364,20064.5,20071.75,20064.5,20070.75,110,NQ.v.0
2024-09-23 11:21:00+00:00,33,1,106364,20071.0,20073.25,20070.0,20072.0,102,NQ.v.0
2024-09-23 11:22:00+00:00,33,1,106364,20070.75,20073.5,20069.5,20072.75,63,NQ.v.0
2024-09-23 11:23:00+00:00,33,1,106364,20072.25,20072.25,20067.5,20067.5,91,NQ.v.0
2024-09-23 11:24:00+00:00,33,1,106364,20067.5,20069.5,20063.5,20064.75,74,NQ.v.0
2024-09-23 11:25:00+00:00,33,1,106364,20063.75,20066.25,20056.25,20057.75,106,NQ.v.0
2024-09-23 11:26:00+00:00,33,1,106364,20056.75,20057.0,20044.5,20052.75,313,NQ.v.0
2024-09-23 11:27:00+00:00,33,1,106364,20052.25,20055.0,20051.0,20053.5,134,NQ.v.0
2024-09-23 11:28:00+00:00,33,1,106364,20052.75,20055.0,20051.0,20055.0,65,NQ.v.0
2024-09-23 11:29:00+00:00,33,1,106364,20056.0,20059.75,20054.75,20059.75,108,NQ.v.0
2024-09-23 11:30:00+00:00,33,1,106364,20060.25,20063.75,20058.0,20059.25,131,NQ.v.0
2024-09-23 11:31:00+00:00,33,1,106364,20058.0,20060.5,20055.0,20056.75,72,NQ.v.0
2024-09-23 11:32:00+00:00,33,1,106364,20058.0,20058.25,20055.5,20056.25,41,NQ.v.0
2024-09-23 11:33:00+00:00,33,1,106364,20056.0,20061.0,20055.5,20056.75,65,NQ.v.0
2024-09-23 11:34:00+00:00,33,1,106364,20056.25,20060.0,20056.25,20059.75,25,NQ.v.0
2024-09-23 11:35:00+00:00,33,1,106364,20059.25,20059.25,20056.0,20056.25,54,NQ.v.0
2024-09-23 11:36:00+00:00,33,1,106364,20055.5,20057.75,20052.0,20056.5,197,NQ.v.0
2024-09-23 11:37:00+00:00,33,1,106364,20057.0,20062.0,20056.0,20061.25,95,NQ.v.0
2024-09-23 11:38:00+00:00,33,1,106364,20061.5,20067.25,20061.25,20061.75,158,NQ.v.0
2024-09-23 11:39:00+00:00,33,1,106364,20062.0,20068.25,20062.0,20065.5,96,NQ.v.0
2024-09-23 11:40:00+00:00,33,1,106364,20065.75,20066.75,20061.75,20063.0,92,NQ.v.0
2024-09-23 11:41:00+00:00,33,1,106364,20062.75,20064.75,20061.75,20061.75,38,NQ.v.0
2024-09-23 11:42:00+00:00,33,1,106364,20061.75,20067.75,20061.75,20066.25,52,NQ.v.0
2024-09-23 11:43:00+00:00,33,1,106364,20065.5,20072.25,20065.25,20071.0,83,NQ.v.0
2024-09-23 11:44:00+00:00,33,1,106364,20071.5,20073.0,20070.75,20071.5,88,NQ.v.0
2024-09-23 11:45:00+00:00,33,1,106364,20071.25,20074.5,20071.25,20071.75,132,NQ.v.0
2024-09-23 11:46:00+00:00,33,1,106364,20071.5,20072.0,20068.75,20069.75,98,NQ.v.0
2024-09-23 11:47:00+00:00,33,1,106364,20070.25,20071.75,20069.75,20070.75,36,NQ.v.0
2024-09-23 11:48:00+00:00,33,1,106364,20071.25,20074.5,20068.75,20074.5,123,NQ.v.0
2024-09-23 11:49:00+00:00,33,1,106364,20074.75,20075.25,20072.5,20074.25,81,NQ.v.0
2024-09-23 11:50:00+00:00,33,1,106364,20074.0,20076.0,20073.25,20075.75,124,NQ.v.0
2024-09-23 11:51:00+00:00,33,1,106364,20075.0,20076.75,20074.25,20075.5,106,NQ.v.0
2024-09-23 11:52:00+00:00,33,1,106364,20075.75,20075.75,20066.0,20069.75,161,NQ.v.0
2024-09-23 11:53:00+00:00,33,1,106364,20069.25,20072.5,20067.75,20072.5,77,NQ.v.0
2024-09-23 11:54:00+00:00,33,1,106364,20072.5,20076.0,20069.25,20076.0,111,NQ.v.0
2024-09-23 11:55:00+00:00,33,1,106364,20075.25,20078.0,20072.5,20078.0,87,NQ.v.0
2024-09-23 11:56:00+00:00,33,1,106364,20077.5,20079.5,20076.75,20078.0,104,NQ.v.0
2024-09-23 11:57:00+00:00,33,1,106364,20077.5,20084.0,20077.5,20081.25,140,NQ.v.0
2024-09-23 11:58:00+00:00,33,1,106364,20081.5,20081.75,20077.25,20077.25,99,NQ.v.0
2024-09-23 11:59:00+00:00,33,1,106364,20077.0,20079.5,20076.25,20078.75,81,NQ.v.0
2024-09-23 12:00:00+00:00,33,1,106364,20078.5,20078.5,20072.25,20076.5,298,NQ.v.0
2024-09-23 12:01:00+00:00,33,1,106364,20076.25,20076.25,20065.75,20066.25,271,NQ.v.0
2024-09-23 12:02:00+00:00,33,1,106364,20066.25,20070.0,20065.25,20068.5,183,NQ.v.0
2024-09-23 12:03:00+00:00,33,1,106364,20068.5,20074.25,20068.5,20074.0,100,NQ.v.0
2024-09-23 12:04:00+00:00,33,1,106364,20074.75,20075.25,20071.25,20072.0,76,NQ.v.0
2024-09-23 12:05:00+00:00,33,1,106364,20072.75,20079.75,20072.0,20079.0,93,NQ.v.0
2024-09-23 12:06:00+00:00,33,1,106364,20078.5,20081.75,20078.25,20080.75,103,NQ.v.0
2024-09-23 12:07:00+00:00,33,1,106364,20080.0,20084.75,20078.75,20083.75,268,NQ.v.0
2024-09-23 12:08:00+00:00,33,1,106364,20084.5,20088.25,20083.5,20085.75,233,NQ.v.0
2024-09-23 12:09:00+00:00,33,1,106364,20086.5,20086.5,20081.0,20083.5,138,NQ.v.0
2024-09-23 12:10:00+00:00,33,1,106364,20083.0,20085.0,20077.0,20081.0,208,NQ.v.0
2024-09-23 12:11:00+00:00,33,1,106364,20080.25,20081.75,20075.25,20076.75,126,NQ.v.0
2024-09-23 12:12:00+00:00,33,1,106364,20076.25,20076.25,20072.25,20072.75,141,NQ.v.0
2024-09-23 12:13:00+00:00,33,1,106364,20072.75,20074.25,20068.75,20071.5,170,NQ.v.0
2024-09-23 12:14:00+00:00,33,1,106364,20072.25,20073.75,20071.0,20072.25,92,NQ.v.0
2024-09-23 12:15:00+00:00,33,1,106364,20073.75,20077.5,20073.0,20077.25,123,NQ.v.0
2024-09-23 12:16:00+00:00,33,1,106364,20077.0,20077.0,20073.75,20075.0,73,NQ.v.0
2024-09-23 12:17:00+00:00,33,1,106364,20075.25,20075.25,20068.75,20073.75,177,NQ.v.0
2024-09-23 12:18:00+00:00,33,1,106364,20073.75,20073.75,20066.25,20067.25,107,NQ.v.0
2024-09-23 12:19:00+00:00,33,1,106364,20067.25,20067.5,20061.25,20064.25,230,NQ.v.0
2024-09-23 12:20:00+00:00,33,1,106364,20063.0,20069.0,20059.5,20067.0,230,NQ.v.0
2024-09-23 12:21:00+00:00,33,1,106364,20067.75,20072.0,20067.0,20070.5,96,NQ.v.0
2024-09-23 12:22:00+00:00,33,1,106364,20070.25,20074.0,20069.0,20073.25,63,NQ.v.0
2024-09-23 12:23:00+00:00,33,1,106364,20073.5,20080.5,20073.5,20079.5,153,NQ.v.0
2024-09-23 12:24:00+00:00,33,1,106364,20080.0,20080.75,20078.25,20079.0,54,NQ.v.0
2024-09-23 12:25:00+00:00,33,1,106364,20079.0,20081.75,20077.25,20080.0,82,NQ.v.0
2024-09-23 12:26:00+00:00,33,1,106364,20079.75,20081.75,20079.25,20081.0,48,NQ.v.0
2024-09-23 12:27:00+00:00,33,1,106364,20080.25,20083.5,20080.25,20081.5,80,NQ.v.0
2024-09-23 12:28:00+00:00,33,1,106364,20080.75,20084.0,20079.0,20084.0,82,NQ.v.0
2024-09-23 12:29:00+00:00,33,1,106364,20083.75,20086.0,20080.75,20083.25,121,NQ.v.0
2024-09-23 12:30:00+00:00,33,1,106364,20084.25,20084.5,20080.5,20082.0,98,NQ.v.0
2024-09-23 12:31:00+00:00,33,1,106364,20081.25,20082.0,20079.5,20080.75,85,NQ.v.0
2024-09-23 12:32:00+00:00,33,1,106364,20080.25,20083.25,20079.5,20080.5,144,NQ.v.0
2024-09-23 12:33:00+00:00,33,1,106364,20080.25,20084.0,20080.0,20080.5,95,NQ.v.0
2024-09-23 12:34:00+00:00,33,1,106364,20080.75,20082.25,20080.0,20081.25,45,NQ.v.0
2024-09-23 12:35:00+00:00,33,1,106364,20081.75,20084.0,20081.5,20083.25,68,NQ.v.0
2024-09-23 12:36:00+00:00,33,1,106364,20082.75,20086.0,20082.5,20086.0,108,NQ.v.0
2024-09-23 12:37:00+00:00,33,1,106364,20086.25,20091.0,20086.0,20087.25,266,NQ.v.0
2024-09-23 12:38:00+00:00,33,1,106364,20087.5,20088.5,20083.75,20086.75,160,NQ.v.0
2024-09-23 12:39:00+00:00,33,1,106364,20086.5,20086.75,20081.25,20081.25,113,NQ.v.0
2024-09-23 12:40:00+00:00,33,1,106364,20081.75,20085.75,20081.75,20084.75,101,NQ.v.0
2024-09-23 12:41:00+00:00,33,1,106364,20085.25,20087.25,20082.5,20086.75,64,NQ.v.0
2024-09-23 12:42:00+00:00,33,1,106364,20086.0,20097.25,20086.0,20093.5,669,NQ.v.0
2024-09-23 12:43:00+00:00,33,1,106364,20093.0,20096.0,20090.75,20091.0,208,NQ.v.0
2024-09-23 12:44:00+00:00,33,1,106364,20090.75,20091.0,20085.0,20085.0,186,NQ.v.0
2024-09-23 12:45:00+00:00,33,1,106364,20085.0,20085.0,20080.5,20082.5,137,NQ.v.0
2024-09-23 12:46:00+00:00,33,1,106364,20082.25,20083.25,20081.0,20081.75,97,NQ.v.0
2024-09-23 12:47:00+00:00,33,1,106364,20082.0,20084.25,20079.5,20084.0,157,NQ.v.0
2024-09-23 12:48:00+00:00,33,1,106364,20084.0,20084.25,20079.5,20081.75,100,NQ.v.0
2024-09-23 12:49:00+00:00,33,1,106364,20081.75,20081.75,20075.25,20075.5,204,NQ.v.0
2024-09-23 12:50:00+00:00,33,1,106364,20075.25,20076.0,20072.0,20073.0,173,NQ.v.0
2024-09-23 12:51:00+00:00,33,1,106364,20073.0,20075.0,20071.5,20074.75,161,NQ.v.0
2024-09-23 12:52:00+00:00,33,1,106364,20074.5,20076.0,20069.25,20073.5,167,NQ.v.0
2024-09-23 12:53:00+00:00,33,1,106364,20072.75,20082.75,20072.25,20081.0,242,NQ.v.0
2024-09-23 12:54:00+00:00,33,1,106364,20080.5,20080.5,20077.0,20079.0,96,NQ.v.0
2024-09-23 12:55:00+00:00,33,1,106364,20079.25,20079.5,20077.25,20077.25,30,NQ.v.0
2024-09-23 12:56:00+00:00,33,1,106364,20077.5,20077.5,20068.0,20076.25,195,NQ.v.0
2024-09-23 12:57:00+00:00,33,1,106364,20076.5,20090.0,20076.5,20089.5,306,NQ.v.0
2024-09-23 12:58:00+00:00,33,1,106364,20089.75,20094.0,20089.5,20092.25,226,NQ.v.0
2024-09-23 12:59:00+00:00,33,1,106364,20091.25,20094.25,20085.25,20087.5,268,NQ.v.0
2024-09-23 13:00:00+00:00,33,1,106364,20087.5,20095.0,20087.25,20092.25,235,NQ.v.0
2024-09-23 13:01:00+00:00,33,1,106364,20093.0,20096.0,20092.75,20094.75,181,NQ.v.0
2024-09-23 13:02:00+00:00,33,1,106364,20094.5,20099.25,20093.0,20096.75,239,NQ.v.0
2024-09-23 13:03:00+00:00,33,1,106364,20097.0,20098.0,20093.5,20097.25,202,NQ.v.0
2024-09-23 13:04:00+00:00,33,1,106364,20097.5,20098.75,20091.0,20092.5,195,NQ.v.0
2024-09-23 13:05:00+00:00,33,1,106364,20092.25,20097.0,20092.0,20095.75,221,NQ.v.0
2024-09-23 13:06:00+00:00,33,1,106364,20096.0,20097.0,20091.75,20092.75,134,NQ.v.0
2024-09-23 13:07:00+00:00,33,1,106364,20093.25,20093.25,20086.5,20088.25,147,NQ.v.0
2024-09-23 13:08:00+00:00,33,1,106364,20088.75,20089.75,20084.5,20088.5,292,NQ.v.0
2024-09-23 13:09:00+00:00,33,1,106364,20088.25,20088.75,20081.75,20082.5,449,NQ.v.0
2024-09-23 13:10:00+00:00,33,1,106364,20082.25,20084.5,20080.75,20084.5,104,NQ.v.0
2024-09-23 13:11:00+00:00,33,1,106364,20084.0,20085.75,20080.0,20080.5,130,NQ.v.0
2024-09-23 13:12:00+00:00,33,1,106364,20080.75,20081.5,20071.25,20071.5,362,NQ.v.0
2024-09-23 13:13:00+00:00,33,1,106364,20072.0,20075.75,20068.75,20071.75,366,NQ.v.0
2024-09-23 13:14:00+00:00,33,1,106364,20071.75,20072.25,20066.0,20066.5,236,NQ.v.0
2024-09-23 13:15:00+00:00,33,1,106364,20067.0,20069.25,20064.0,20066.5,329,NQ.v.0
2024-09-23 13:16:00+00:00,33,1,106364,20067.0,20071.75,20067.0,20069.75,219,NQ.v.0
2024-09-23 13:17:00+00:00,33,1,106364,20069.5,20070.0,20066.25,20069.25,158,NQ.v.0
2024-09-23 13:18:00+00:00,33,1,106364,20069.5,20069.5,20065.25,20067.25,120,NQ.v.0
2024-09-23 13:19:00+00:00,33,1,106364,20066.75,20067.25,20062.0,20064.25,189,NQ.v.0
2024-09-23 13:20:00+00:00,33,1,106364,20064.25,20071.0,20063.5,20070.0,172,NQ.v.0
2024-09-23 13:21:00+00:00,33,1,106364,20070.25,20071.5,20066.75,20068.25,202,NQ.v.0
2024-09-23 13:22:00+00:00,33,1,106364,20068.5,20068.75,20065.5,20066.0,123,NQ.v.0
2024-09-23 13:23:00+00:00,33,1,106364,20066.5,20067.75,20063.75,20066.25,132,NQ.v.0
2024-09-23 13:24:00+00:00,33,1,106364,20066.0,20067.75,20064.0,20067.25,175,NQ.v.0
2024-09-23 13:25:00+00:00,33,1,106364,20067.0,20067.0,20054.5,20064.75,1161,NQ.v.0
2024-09-23 13:26:00+00:00,33,1,106364,20065.0,20065.5,20061.5,20061.5,165,NQ.v.0
2024-09-23 13:27:00+00:00,33,1,106364,20061.75,20071.5,20060.0,20068.75,515,NQ.v.0
2024-09-23 13:28:00+00:00,33,1,106364,20069.25,20080.0,20069.25,20078.5,668,NQ.v.0
2024-09-23 13:29:00+00:00,33,1,106364,20078.0,20080.5,20074.5,20076.75,445,NQ.v.0
2024-09-23 13:30:00+00:00,33,1,106364,20077.25,20081.75,20061.5,20077.75,3040,NQ.v.0
2024-09-23 13:31:00+00:00,33,1,106364,20077.75,20085.75,20068.5,20075.0,2184,NQ.v.0
2024-09-23 13:32:00+00:00,33,1,106364,20074.75,20076.0,20041.5,20042.25,2818,NQ.v.0
2024-09-23 13:33:00+00:00,33,1,106364,20041.25,20063.5,20035.25,20062.5,2794,NQ.v.0
2024-09-23 13:34:00+00:00,33,1,106364,20061.5,20065.0,20050.0,20052.5,1574,NQ.v.0
2024-09-23 13:35:00+00:00,33,1,106364,20052.75,20054.25,20031.25,20036.25,2073,NQ.v.0
2024-09-23 13:36:00+00:00,33,1,106364,20036.5,20056.0,20035.25,20048.75,1560,NQ.v.0
2024-09-23 13:37:00+00:00,33,1,106364,20049.25,20061.75,20044.75,20055.0,1277,NQ.v.0
2024-09-23 13:38:00+00:00,33,1,106364,20054.5,20066.5,20049.25,20056.25,1235,NQ.v.0
2024-09-23 13:39:00+00:00,33,1,106364,20056.5,20061.25,20047.5,20050.75,952,NQ.v.0
2024-09-23 13:40:00+00:00,33,1,106364,20051.5,20063.75,20049.75,20054.25,1178,NQ.v.0
2024-09-23 13:41:00+00:00,33,1,106364,20054.25,20055.75,20033.5,20045.25,1534,NQ.v.0
2024-09-23 13:42:00+00:00,33,1,106364,20046.25,20053.5,20044.5,20051.25,655,NQ.v.0
2024-09-23 13:43:00+00:00,33,1,106364,20051.25,20064.5,20050.25,20057.5,1006,NQ.v.0
2024-09-23 13:44:00+00:00,33,1,106364,20056.25,20063.0,20050.75,20060.25,448,NQ.v.0
2024-09-23 13:45:00+00:00,33,1,106364,20060.25,20076.5,20037.0,20064.25,2147,NQ.v.0
2024-09-23 13:46:00+00:00,33,1,106364,20065.0,20067.75,20042.0,20046.25,1621,NQ.v.0
2024-09-23 13:47:00+00:00,33,1,106364,20046.75,20073.25,20041.25,20065.5,1348,NQ.v.0
2024-09-23 13:48:00+00:00,33,1,106364,20066.5,20087.5,20065.5,20082.0,1932,NQ.v.0
2024-09-23 13:49:00+00:00,33,1,106364,20082.5,20100.5,20077.5,20100.25,1707,NQ.v.0
2024-09-23 13:50:00+00:00,33,1,106364,20100.25,20105.0,20089.75,20095.25,1868,NQ.v.0
2024-09-23 13:51:00+00:00,33,1,106364,20095.0,20103.75,20067.25,20069.75,2176,NQ.v.0
2024-09-23 13:52:00+00:00,33,1,106364,20069.75,20089.5,20060.0,20087.5,1632,NQ.v.0
2024-09-23 13:53:00+00:00,33,1,106364,20088.0,20088.75,20071.75,20077.0,824,NQ.v.0
2024-09-23 13:54:00+00:00,33,1,106364,20077.5,20087.0,20070.5,20079.25,932,NQ.v.0
2024-09-23 13:55:00+00:00,33,1,106364,20079.25,20091.5,20073.0,20077.25,989,NQ.v.0
2024-09-23 13:56:00+00:00,33,1,106364,20077.0,20087.0,20071.25,20080.0,985,NQ.v.0
2024-09-23 13:57:00+00:00,33,1,106364,20079.25,20089.25,20069.0,20086.25,948,NQ.v.0
2024-09-23 13:58:00+00:00,33,1,106364,20087.25,20092.75,20081.25,20083.0,918,NQ.v.0
2024-09-23 13:59:00+00:00,33,1,106364,20082.5,20086.75,20064.5,20066.0,1314,NQ.v.0
2024-09-23 14:00:00+00:00,33,1,106364,20066.5,20072.75,20044.0,20072.0,2372,NQ.v.0
2024-09-23 14:01:00+00:00,33,1,106364,20072.25,20093.5,20072.0,20083.25,1808,NQ.v.0
2024-09-23 14:02:00+00:00,33,1,106364,20082.75,20094.75,20078.75,20089.5,1013,NQ.v.0
2024-09-23 14:03:00+00:00,33,1,106364,20090.25,20095.0,20083.0,20084.25,812,NQ.v.0
2024-09-23 14:04:00+00:00,33,1,106364,20085.0,20086.25,20072.0,20080.0,722,NQ.v.0
2024-09-23 14:05:00+00:00,33,1,106364,20079.75,20082.25,20068.0,20077.0,745,NQ.v.0
2024-09-23 14:06:00+00:00,33,1,106364,20077.25,20086.75,20072.25,20084.5,786,NQ.v.0
2024-09-23 14:07:00+00:00,33,1,106364,20085.0,20090.0,20073.75,20083.25,751,NQ.v.0
2024-09-23 14:08:00+00:00,33,1,106364,20083.25,20093.0,20074.75,20091.5,772,NQ.v.0
2024-09-23 14:09:00+00:00,33,1,106364,20090.5,20103.25,20082.5,20085.5,1457,NQ.v.0
2024-09-23 14:10:00+00:00,33,1,106364,20086.0,20089.25,20066.75,20070.75,1361,NQ.v.0
2024-09-23 14:11:00+00:00,33,1,106364,20069.75,20091.0,20061.0,20090.0,1213,NQ.v.0
2024-09-23 14:12:00+00:00,33,1,106364,20089.75,20099.5,20081.25,20083.0,991,NQ.v.0
2024-09-23 14:13:00+00:00,33,1,106364,20082.0,20085.5,20065.25,20072.0,911,NQ.v.0
2024-09-23 14:14:00+00:00,33,1,106364,20071.75,20076.5,20054.0,20060.25,1305,NQ.v.0
2024-09-23 14:15:00+00:00,33,1,106364,20058.5,20063.5,20046.75,20062.5,1474,NQ.v.0
2024-09-23 14:16:00+00:00,33,1,106364,20062.25,20066.5,20050.0,20063.25,877,NQ.v.0
2024-09-23 14:17:00+00:00,33,1,106364,20063.75,20074.25,20058.0,20062.25,835,NQ.v.0
2024-09-23 14:18:00+00:00,33,1,106364,20063.0,20079.75,20061.25,20078.75,795,NQ.v.0
2024-09-23 14:19:00+00:00,33,1,106364,20078.25,20093.0,20077.0,20081.25,1282,NQ.v.0
2024-09-23 14:20:00+00:00,33,1,106364,20082.25,20100.75,20073.0,20078.5,2205,NQ.v.0
2024-09-23 14:21:00+00:00,33,1,106364,20078.5,20089.75,20078.0,20087.0,643,NQ.v.0
2024-09-23 14:22:00+00:00,33,1,106364,20087.0,20101.5,20085.75,20101.5,1285,NQ.v.0
2024-09-23 14:23:00+00:00,33,1,106364,20101.25,20120.25,20096.25,20109.25,2830,NQ.v.0
2024-09-23 14:24:00+00:00,33,1,106364,20109.0,20112.0,20103.75,20104.75,978,NQ.v.0
2024-09-23 14:25:00+00:00,33,1,106364,20105.0,20107.5,20092.5,20095.75,1457,NQ.v.0
2024-09-23 14:26:00+00:00,33,1,106364,20096.25,20103.0,20079.5,20092.75,1333,NQ.v.0
2024-09-23 14:27:00+00:00,33,1,106364,20092.0,20094.5,20083.5,20086.0,700,NQ.v.0
2024-09-23 14:28:00+00:00,33,1,106364,20086.25,20098.75,20078.75,20097.0,916,NQ.v.0
2024-09-23 14:29:00+00:00,33,1,106364,20097.25,20102.0,20090.25,20100.75,816,NQ.v.0
2024-09-23 14:30:00+00:00,33,1,106364,20100.5,20104.75,20094.75,20099.25,1043,NQ.v.0
2024-09-23 14:31:00+00:00,33,1,106364,20099.25,20100.0,20088.0,20093.5,667,NQ.v.0
2024-09-23 14:32:00+00:00,33,1,106364,20094.0,20102.0,20090.25,20100.25,667,NQ.v.0
2024-09-23 14:33:00+00:00,33,1,106364,20099.5,20102.5,20088.25,20088.25,609,NQ.v.0
2024-09-23 14:34:00+00:00,33,1,106364,20089.0,20089.0,20074.5,20086.75,1423,NQ.v.0
2024-09-23 14:35:00+00:00,33,1,106364,20087.0,20089.75,20071.75,20073.5,1133,NQ.v.0
2024-09-23 14:36:00+00:00,33,1,106364,20073.5,20089.5,20068.5,20089.0,1743,NQ.v.0
2024-09-23 14:37:00+00:00,33,1,106364,20089.0,20097.25,20085.0,20086.25,1183,NQ.v.0
2024-09-23 14:38:00+00:00,33,1,106364,20087.0,20087.5,20070.0,20075.5,1089,NQ.v.0
2024-09-23 14:39:00+00:00,33,1,106364,20075.5,20079.0,20057.0,20061.25,1926,NQ.v.0
2024-09-23 14:40:00+00:00,33,1,106364,20061.0,20074.25,20059.75,20072.25,1172,NQ.v.0
2024-09-23 14:41:00+00:00,33,1,106364,20072.25,20082.75,20070.25,20080.75,974,NQ.v.0
2024-09-23 14:42:00+00:00,33,1,106364,20080.25,20087.75,20067.5,20086.25,1321,NQ.v.0
2024-09-23 14:43:00+00:00,33,1,106364,20086.5,20101.75,20086.25,20097.0,1428,NQ.v.0
2024-09-23 14:44:00+00:00,33,1,106364,20097.0,20106.75,20093.5,20105.25,985,NQ.v.0
2024-09-23 14:45:00+00:00,33,1,106364,20104.5,20107.5,20095.0,20099.25,1094,NQ.v.0
2024-09-23 14:46:00+00:00,33,1,106364,20099.5,20105.0,20097.75,20101.25,574,NQ.v.0
2024-09-23 14:47:00+00:00,33,1,106364,20100.75,20114.25,20098.75,20114.0,1132,NQ.v.0
2024-09-23 14:48:00+00:00,33,1,106364,20114.25,20114.75,20104.25,20105.25,973,NQ.v.0
2024-09-23 14:49:00+00:00,33,1,106364,20105.5,20109.5,20098.75,20104.75,726,NQ.v.0
2024-09-23 14:50:00+00:00,33,1,106364,20105.5,20107.0,20094.5,20100.0,762,NQ.v.0
2024-09-23 14:51:00+00:00,33,1,106364,20100.0,20108.0,20098.5,20106.75,547,NQ.v.0
2024-09-23 14:52:00+00:00,33,1,106364,20106.75,20108.75,20093.5,20104.75,945,NQ.v.0
2024-09-23 14:53:00+00:00,33,1,106364,20104.25,20126.75,20103.5,20123.75,1769,NQ.v.0
2024-09-23 14:54:00+00:00,33,1,106364,20125.0,20125.75,20108.25,20110.0,1465,NQ.v.0
2024-09-23 14:55:00+00:00,33,1,106364,20109.75,20111.0,20095.0,20103.5,1098,NQ.v.0
2024-09-23 14:56:00+00:00,33,1,106364,20102.25,20103.75,20087.0,20087.25,1227,NQ.v.0
2024-09-23 14:57:00+00:00,33,1,106364,20087.75,20100.0,20085.25,20095.25,1062,NQ.v.0
2024-09-23 14:58:00+00:00,33,1,106364,20095.75,20111.75,20095.25,20101.25,994,NQ.v.0
2024-09-23 14:59:00+00:00,33,1,106364,20100.75,20105.5,20095.75,20096.5,455,NQ.v.0
2024-09-23 15:00:00+00:00,33,1,106364,20097.0,20098.5,20088.25,20089.75,684,NQ.v.0
2024-09-23 15:01:00+00:00,33,1,106364,20090.75,20094.25,20076.25,20084.0,1448,NQ.v.0
2024-09-23 15:02:00+00:00,33,1,106364,20084.0,20084.5,20073.75,20079.25,880,NQ.v.0
2024-09-23 15:03:00+00:00,33,1,106364,20078.75,20079.25,20061.5,20079.25,2142,NQ.v.0
2024-09-23 15:04:00+00:00,33,1,106364,20079.25,20080.25,20068.5,20071.75,855,NQ.v.0
2024-09-23 15:05:00+00:00,33,1,106364,20072.0,20072.0,20052.5,20061.0,1960,NQ.v.0
2024-09-23 15:06:00+00:00,33,1,106364,20061.0,20063.0,20049.75,20060.25,1157,NQ.v.0
2024-09-23 15:07:00+00:00,33,1,106364,20061.0,20068.25,20047.25,20061.5,1481,NQ.v.0
2024-09-23 15:08:00+00:00,33,1,106364,20061.25,20062.75,20052.5,20057.0,836,NQ.v.0
2024-09-23 15:09:00+00:00,33,1,106364,20057.75,20075.5,20056.0,20073.5,933,NQ.v.0
2024-09-23 15:10:00+00:00,33,1,106364,20075.0,20081.25,20068.25,20075.5,1015,NQ.v.0
2024-09-23 15:11:00+00:00,33,1,106364,20075.75,20076.75,20068.0,20072.5,644,NQ.v.0
2024-09-23 15:12:00+00:00,33,1,106364,20072.75,20079.0,20069.0,20076.75,457,NQ.v.0
2024-09-23 15:13:00+00:00,33,1,106364,20076.5,20083.5,20072.5,20077.25,621,NQ.v.0
2024-09-23 15:14:00+00:00,33,1,106364,20077.0,20080.25,20072.25,20073.0,632,NQ.v.0
2024-09-23 15:15:00+00:00,33,1,106364,20072.75,20076.75,20065.0,20072.75,850,NQ.v.0
2024-09-23 15:16:00+00:00,33,1,106364,20072.5,20079.75,20059.25,20059.25,849,NQ.v.0
2024-09-23 15:17:00+00:00,33,1,106364,20059.75,20067.0,20057.25,20063.5,693,NQ.v.0
2024-09-23 15:18:00+00:00,33,1,106364,20063.5,20066.25,20055.75,20061.25,821,NQ.v.0
2024-09-23 15:19:00+00:00,33,1,106364,20061.25,20066.25,20053.5,20058.0,570,NQ.v.0
2024-09-23 15:20:00+00:00,33,1,106364,20057.75,20070.25,20054.25,20070.25,709,NQ.v.0
2024-09-23 15:21:00+00:00,33,1,106364,20070.25,20081.0,20067.75,20072.75,893,NQ.v.0
2024-09-23 15:22:00+00:00,33,1,106364,20072.75,20078.5,20071.75,20074.75,381,NQ.v.0
2024-09-23 15:23:00+00:00,33,1,106364,20074.25,20074.25,20066.5,20073.25,551,NQ.v.0
2024-09-23 15:24:00+00:00,33,1,106364,20072.5,20084.0,20072.5,20081.5,870,NQ.v.0
2024-09-23 15:25:00+00:00,33,1,106364,20081.5,20089.25,20078.5,20079.5,1032,NQ.v.0
2024-09-23 15:26:00+00:00,33,1,106364,20079.5,20086.0,20074.5,20084.25,732,NQ.v.0
2024-09-23 15:27:00+00:00,33,1,106364,20083.75,20083.75,20071.0,20078.25,614,NQ.v.0
2024-09-23 15:28:00+00:00,33,1,106364,20078.25,20097.25,20074.5,20096.0,1112,NQ.v.0
2024-09-23 15:29:00+00:00,33,1,106364,20095.25,20097.25,20087.25,20094.0,655,NQ.v.0
2024-09-23 15:30:00+00:00,33,1,106364,20094.0,20100.75,20091.0,20098.5,939,NQ.v.0
2024-09-23 15:31:00+00:00,33,1,106364,20099.0,20102.5,20092.75,20098.0,582,NQ.v.0
2024-09-23 15:32:00+00:00,33,1,106364,20098.0,20104.25,20098.0,20098.5,624,NQ.v.0
2024-09-23 15:33:00+00:00,33,1,106364,20099.0,20104.0,20098.25,20102.5,579,NQ.v.0
2024-09-23 15:34:00+00:00,33,1,106364,20102.25,20105.5,20098.0,20102.75,488,NQ.v.0
2024-09-23 15:35:00+00:00,33,1,106364,20102.0,20106.75,20098.75,20105.5,486,NQ.v.0
2024-09-23 15:36:00+00:00,33,1,106364,20105.25,20110.25,20098.75,20103.25,802,NQ.v.0
2024-09-23 15:37:00+00:00,33,1,106364,20103.75,20109.0,20099.0,20101.0,671,NQ.v.0
2024-09-23 15:38:00+00:00,33,1,106364,20101.5,20111.0,20101.0,20108.0,636,NQ.v.0
2024-09-23 15:39:00+00:00,33,1,106364,20108.25,20113.0,20105.0,20112.0,744,NQ.v.0
2024-09-23 15:40:00+00:00,33,1,106364,20112.5,20114.25,20099.0,20100.75,861,NQ.v.0
2024-09-23 15:41:00+00:00,33,1,106364,20100.25,20112.75,20098.75,20112.5,830,NQ.v.0
2024-09-23 15:42:00+00:00,33,1,106364,20112.75,20114.25,20108.0,20110.75,463,NQ.v.0
2024-09-23 15:43:00+00:00,33,1,106364,20111.0,20116.25,20110.0,20111.0,609,NQ.v.0
2024-09-23 15:44:00+00:00,33,1,106364,20110.25,20111.5,20102.75,20106.75,604,NQ.v.0
2024-09-23 15:45:00+00:00,33,1,106364,20106.5,20113.75,20106.5,20113.75,510,NQ.v.0
2024-09-23 15:46:00+00:00,33,1,106364,20113.5,20119.75,20110.5,20115.5,1200,NQ.v.0
2024-09-23 15:47:00+00:00,33,1,106364,20115.25,20118.5,20110.25,20112.0,605,NQ.v.0
2024-09-23 15:48:00+00:00,33,1,106364,20112.0,20114.0,20108.25,20111.5,459,NQ.v.0
2024-09-23 15:49:00+00:00,33,1,106364,20112.25,20114.0,20104.5,20106.0,411,NQ.v.0
2024-09-23 15:50:00+00:00,33,1,106364,20105.5,20113.25,20104.75,20110.25,402,NQ.v.0
2024-09-23 15:51:00+00:00,33,1,106364,20110.5,20120.25,20109.5,20119.0,711,NQ.v.0
2024-09-23 15:52:00+00:00,33,1,106364,20120.0,20125.0,20115.75,20117.0,756,NQ.v.0
2024-09-23 15:53:00+00:00,33,1,106364,20117.5,20122.75,20117.0,20120.75,390,NQ.v.0
2024-09-23 15:54:00+00:00,33,1,106364,20120.5,20123.5,20115.75,20120.0,500,NQ.v.0
2024-09-23 15:55:00+00:00,33,1,106364,20120.0,20121.75,20114.0,20117.25,618,NQ.v.0
2024-09-23 15:56:00+00:00,33,1,106364,20117.25,20121.25,20114.0,20117.25,389,NQ.v.0
2024-09-23 15:57:00+00:00,33,1,106364,20117.25,20125.75,20116.0,20116.75,565,NQ.v.0
2024-09-23 15:58:00+00:00,33,1,106364,20117.25,20118.0,20107.5,20108.75,907,NQ.v.0
2024-09-23 15:59:00+00:00,33,1,106364,20108.75,20108.75,20094.0,20105.25,1321,NQ.v.0
2024-09-23 16:00:00+00:00,33,1,106364,20105.25,20107.25,20092.75,20102.5,1008,NQ.v.0
2024-09-23 16:01:00+00:00,33,1,106364,20102.5,20108.0,20096.5,20103.5,572,NQ.v.0
2024-09-23 16:02:00+00:00,33,1,106364,20103.0,20103.5,20097.5,20102.75,406,NQ.v.0
2024-09-23 16:03:00+00:00,33,1,106364,20102.25,20104.75,20095.25,20097.0,419,NQ.v.0
2024-09-23 16:04:00+00:00,33,1,106364,20097.0,20105.0,20094.0,20103.25,645,NQ.v.0
2024-09-23 16:05:00+00:00,33,1,106364,20103.25,20106.5,20099.5,20101.75,371,NQ.v.0
2024-09-23 16:06:00+00:00,33,1,106364,20101.5,20107.0,20099.25,20103.0,291,NQ.v.0
2024-09-23 16:07:00+00:00,33,1,106364,20101.75,20104.5,20100.5,20102.25,238,NQ.v.0
2024-09-23 16:08:00+00:00,33,1,106364,20102.25,20104.0,20093.25,20094.25,618,NQ.v.0
2024-09-23 16:09:00+00:00,33,1,106364,20093.75,20095.25,20086.75,20088.75,648,NQ.v.0
2024-09-23 16:10:00+00:00,33,1,106364,20088.0,20089.75,20079.0,20086.5,931,NQ.v.0
2024-09-23 16:11:00+00:00,33,1,106364,20086.5,20088.75,20079.5,20084.5,340,NQ.v.0
2024-09-23 16:12:00+00:00,33,1,106364,20084.5,20090.25,20063.0,20066.5,1311,NQ.v.0
2024-09-23 16:13:00+00:00,33,1,106364,20067.5,20076.5,20052.75,20070.5,2202,NQ.v.0
2024-09-23 16:14:00+00:00,33,1,106364,20071.25,20073.0,20063.5,20064.75,757,NQ.v.0
2024-09-23 16:15:00+00:00,33,1,106364,20064.5,20064.75,20039.5,20046.5,2533,NQ.v.0
2024-09-23 16:16:00+00:00,33,1,106364,20046.25,20065.0,20044.75,20058.5,1317,NQ.v.0
2024-09-23 16:17:00+00:00,33,1,106364,20058.0,20080.0,20058.0,20079.25,1137,NQ.v.0
2024-09-23 16:18:00+00:00,33,1,106364,20079.25,20080.5,20065.5,20068.5,787,NQ.v.0
2024-09-23 16:19:00+00:00,33,1,106364,20068.25,20068.25,20057.25,20062.25,669,NQ.v.0
2024-09-23 16:20:00+00:00,33,1,106364,20061.25,20062.75,20053.75,20061.25,847,NQ.v.0
2024-09-23 16:21:00+00:00,33,1,106364,20061.5,20067.5,20055.75,20061.5,593,NQ.v.0
2024-09-23 16:22:00+00:00,33,1,106364,20061.0,20071.0,20059.0,20069.0,607,NQ.v.0
2024-09-23 16:23:00+00:00,33,1,106364,20069.5,20076.0,20068.75,20072.0,613,NQ.v.0
2024-09-23 16:24:00+00:00,33,1,106364,20071.25,20074.5,20067.0,20073.0,326,NQ.v.0
2024-09-23 16:25:00+00:00,33,1,106364,20073.25,20074.0,20066.5,20072.75,425,NQ.v.0
2024-09-23 16:26:00+00:00,33,1,106364,20072.25,20078.5,20069.75,20073.75,439,NQ.v.0
2024-09-23 16:27:00+00:00,33,1,106364,20074.25,20076.75,20070.75,20074.0,376,NQ.v.0
2024-09-23 16:28:00+00:00,33,1,106364,20071.75,20074.5,20068.75,20070.75,324,NQ.v.0
2024-09-23 16:29:00+00:00,33,1,106364,20071.5,20071.75,20063.25,20066.0,774,NQ.v.0
2024-09-23 16:30:00+00:00,33,1,106364,20065.75,20071.25,20062.0,20063.5,551,NQ.v.0
2024-09-23 16:31:00+00:00,33,1,106364,20063.25,20068.0,20059.25,20063.25,432,NQ.v.0
2024-09-23 16:32:00+00:00,33,1,106364,20063.5,20065.5,20047.0,20052.25,1136,NQ.v.0
2024-09-23 16:33:00+00:00,33,1,106364,20053.25,20062.75,20050.5,20062.75,714,NQ.v.0
2024-09-23 16:34:00+00:00,33,1,106364,20062.75,20075.5,20062.0,20073.75,854,NQ.v.0
2024-09-23 16:35:00+00:00,33,1,106364,20073.5,20077.75,20065.5,20068.0,550,NQ.v.0
2024-09-23 16:36:00+00:00,33,1,106364,20067.75,20074.0,20058.75,20059.0,606,NQ.v.0
2024-09-23 16:37:00+00:00,33,1,106364,20058.75,20058.75,20043.75,20054.0,1167,NQ.v.0
2024-09-23 16:38:00+00:00,33,1,106364,20053.75,20058.5,20046.5,20058.25,754,NQ.v.0
2024-09-23 16:39:00+00:00,33,1,106364,20058.5,20059.75,20050.5,20051.0,379,NQ.v.0
2024-09-23 16:40:00+00:00,33,1,106364,20051.0,20062.0,20049.75,20060.5,365,NQ.v.0
2024-09-23 16:41:00+00:00,33,1,106364,20060.25,20063.75,20056.5,20060.75,416,NQ.v.0
2024-09-23 16:42:00+00:00,33,1,106364,20060.5,20067.5,20060.25,20063.5,330,NQ.v.0
2024-09-23 16:43:00+00:00,33,1,106364,20063.0,20064.0,20059.5,20062.25,187,NQ.v.0
2024-09-23 16:44:00+00:00,33,1,106364,20061.25,20064.0,20054.25,20055.5,383,NQ.v.0
2024-09-23 16:45:00+00:00,33,1,106364,20056.25,20057.0,20043.5,20056.5,1257,NQ.v.0
2024-09-23 16:46:00+00:00,33,1,106364,20056.0,20058.75,20044.75,20048.25,561,NQ.v.0
2024-09-23 16:47:00+00:00,33,1,106364,20048.25,20051.75,20039.0,20042.5,909,NQ.v.0
2024-09-23 16:48:00+00:00,33,1,106364,20042.0,20053.75,20041.0,20053.5,716,NQ.v.0
2024-09-23 16:49:00+00:00,33,1,106364,20053.75,20061.5,20053.5,20060.5,579,NQ.v.0
2024-09-23 16:50:00+00:00,33,1,106364,20060.0,20066.25,20052.5,20053.0,686,NQ.v.0
2024-09-23 16:51:00+00:00,33,1,106364,20052.75,20055.25,20048.75,20050.75,394,NQ.v.0
2024-09-23 16:52:00+00:00,33,1,106364,20050.75,20052.25,20036.0,20038.5,781,NQ.v.0
2024-09-23 16:53:00+00:00,33,1,106364,20038.0,20047.5,20038.0,20042.25,432,NQ.v.0
2024-09-23 16:54:00+00:00,33,1,106364,20042.25,20053.0,20042.0,20051.5,321,NQ.v.0
2024-09-23 16:55:00+00:00,33,1,106364,20051.5,20052.0,20035.25,20039.5,644,NQ.v.0
2024-09-23 16:56:00+00:00,33,1,106364,20039.25,20044.0,20036.25,20042.5,285,NQ.v.0
2024-09-23 16:57:00+00:00,33,1,106364,20042.5,20044.25,20038.5,20042.25,302,NQ.v.0
2024-09-23 16:58:00+00:00,33,1,106364,20041.75,20047.25,20037.75,20046.25,363,NQ.v.0
2024-09-23 16:59:00+00:00,33,1,106364,20046.0,20052.75,20045.0,20046.25,576,NQ.v.0
2024-09-23 17:00:00+00:00,33,1,106364,20045.75,20047.25,20032.0,20034.0,1009,NQ.v.0
2024-09-23 17:01:00+00:00,33,1,106364,20034.0,20035.5,20018.75,20030.5,1810,NQ.v.0
2024-09-23 17:02:00+00:00,33,1,106364,20029.75,20035.25,20026.5,20029.75,614,NQ.v.0
2024-09-23 17:03:00+00:00,33,1,106364,20030.0,20039.0,20028.5,20039.0,380,NQ.v.0
2024-09-23 17:04:00+00:00,33,1,106364,20039.0,20046.0,20035.75,20038.25,692,NQ.v.0
2024-09-23 17:05:00+00:00,33,1,106364,20038.0,20039.0,20030.25,20037.0,440,NQ.v.0
2024-09-23 17:06:00+00:00,33,1,106364,20037.0,20038.75,20030.75,20032.25,316,NQ.v.0
2024-09-23 17:07:00+00:00,33,1,106364,20032.0,20038.5,20028.5,20038.25,433,NQ.v.0
2024-09-23 17:08:00+00:00,33,1,106364,20037.75,20040.0,20031.75,20034.0,265,NQ.v.0
2024-09-23 17:09:00+00:00,33,1,106364,20033.25,20042.75,20027.5,20042.0,665,NQ.v.0
2024-09-23 17:10:00+00:00,33,1,106364,20040.75,20043.5,20034.0,20042.75,539,NQ.v.0
2024-09-23 17:11:00+00:00,33,1,106364,20042.0,20044.5,20037.75,20041.75,424,NQ.v.0
2024-09-23 17:12:00+00:00,33,1,106364,20042.0,20046.5,20041.0,20043.25,401,NQ.v.0
2024-09-23 17:13:00+00:00,33,1,106364,20043.25,20051.5,20038.75,20040.5,1006,NQ.v.0
2024-09-23 17:14:00+00:00,33,1,106364,20040.75,20045.0,20036.25,20038.0,431,NQ.v.0
2024-09-23 17:15:00+00:00,33,1,106364,20037.75,20040.75,20032.25,20040.0,485,NQ.v.0
2024-09-23 17:16:00+00:00,33,1,106364,20039.0,20042.5,20028.25,20032.75,616,NQ.v.0
2024-09-23 17:17:00+00:00,33,1,106364,20032.5,20042.5,20032.25,20039.75,373,NQ.v.0
2024-09-23 17:18:00+00:00,33,1,106364,20040.0,20043.75,20037.5,20042.75,270,NQ.v.0
2024-09-23 17:19:00+00:00,33,1,106364,20042.25,20053.5,20041.0,20051.5,735,NQ.v.0
2024-09-23 17:20:00+00:00,33,1,106364,20051.5,20058.5,20050.5,20054.5,736,NQ.v.0
2024-09-23 17:21:00+00:00,33,1,106364,20054.75,20055.75,20045.5,20049.0,427,NQ.v.0
2024-09-23 17:22:00+00:00,33,1,106364,20048.5,20051.75,20047.5,20051.0,230,NQ.v.0
2024-09-23 17:23:00+00:00,33,1,106364,20052.0,20052.0,20036.5,20041.5,725,NQ.v.0
2024-09-23 17:24:00+00:00,33,1,106364,20041.25,20042.25,20035.25,20040.0,288,NQ.v.0
2024-09-23 17:25:00+00:00,33,1,106364,20039.5,20043.75,20037.0,20042.0,226,NQ.v.0
2024-09-23 17:26:00+00:00,33,1,106364,20042.0,20043.5,20033.25,20042.5,541,NQ.v.0
2024-09-23 17:27:00+00:00,33,1,106364,20042.25,20046.5,20040.0,20040.25,324,NQ.v.0
2024-09-23 17:28:00+00:00,33,1,106364,20040.5,20042.0,20033.5,20037.25,322,NQ.v.0
2024-09-23 17:29:00+00:00,33,1,106364,20037.0,20042.75,20035.0,20042.75,190,NQ.v.0
2024-09-23 17:30:00+00:00,33,1,106364,20042.25,20047.5,20039.5,20041.5,470,NQ.v.0
2024-09-23 17:31:00+00:00,33,1,106364,20040.75,20046.0,20036.75,20043.0,296,NQ.v.0
2024-09-23 17:32:00+00:00,33,1,106364,20042.5,20053.25,20041.25,20049.25,447,NQ.v.0
2024-09-23 17:33:00+00:00,33,1,106364,20049.75,20057.0,20049.5,20055.25,479,NQ.v.0
2024-09-23 17:34:00+00:00,33,1,106364,20055.0,20061.75,20054.75,20060.5,605,NQ.v.0
2024-09-23 17:35:00+00:00,33,1,106364,20060.75,20065.0,20055.75,20058.25,777,NQ.v.0
2024-09-23 17:36:00+00:00,33,1,106364,20058.0,20059.25,20041.25,20041.75,777,NQ.v.0
2024-09-23 17:37:00+00:00,33,1,106364,20041.0,20051.5,20031.25,20048.0,890,NQ.v.0
2024-09-23 17:38:00+00:00,33,1,106364,20048.25,20052.5,20046.25,20050.5,411,NQ.v.0
2024-09-23 17:39:00+00:00,33,1,106364,20050.0,20050.75,20042.75,20047.5,377,NQ.v.0
2024-09-23 17:40:00+00:00,33,1,106364,20047.25,20058.5,20046.25,20057.25,601,NQ.v.0
2024-09-23 17:41:00+00:00,33,1,106364,20057.5,20060.5,20056.5,20057.5,389,NQ.v.0
2024-09-23 17:42:00+00:00,33,1,106364,20057.75,20061.5,20054.75,20060.25,313,NQ.v.0
2024-09-23 17:43:00+00:00,33,1,106364,20060.25,20060.5,20054.25,20054.5,249,NQ.v.0
2024-09-23 17:44:00+00:00,33,1,106364,20054.25,20056.0,20047.5,20048.5,406,NQ.v.0
2024-09-23 17:45:00+00:00,33,1,106364,20048.75,20057.0,20047.75,20055.0,328,NQ.v.0
2024-09-23 17:46:00+00:00,33,1,106364,20055.5,20060.5,20052.75,20060.5,314,NQ.v.0
2024-09-23 17:47:00+00:00,33,1,106364,20060.25,20067.25,20058.5,20059.0,628,NQ.v.0
2024-09-23 17:48:00+00:00,33,1,106364,20059.5,20063.5,20056.75,20059.75,317,NQ.v.0
2024-09-23 17:49:00+00:00,33,1,106364,20059.0,20059.25,20055.0,20056.5,360,NQ.v.0
2024-09-23 17:50:00+00:00,33,1,106364,20057.25,20072.0,20056.75,20067.5,785,NQ.v.0
2024-09-23 17:51:00+00:00,33,1,106364,20067.5,20069.0,20061.25,20061.25,427,NQ.v.0
2024-09-23 17:52:00+00:00,33,1,106364,20062.25,20069.5,20062.0,20069.0,268,NQ.v.0
2024-09-23 17:53:00+00:00,33,1,106364,20068.75,20072.0,20067.0,20070.25,313,NQ.v.0
2024-09-23 17:54:00+00:00,33,1,106364,20070.5,20073.75,20067.0,20072.0,465,NQ.v.0
2024-09-23 17:55:00+00:00,33,1,106364,20071.75,20072.5,20067.75,20071.5,311,NQ.v.0
2024-09-23 17:56:00+00:00,33,1,106364,20071.25,20078.5,20069.0,20070.5,633,NQ.v.0
2024-09-23 17:57:00+00:00,33,1,106364,20070.25,20076.25,20070.25,20073.0,342,NQ.v.0
2024-09-23 17:58:00+00:00,33,1,106364,20073.25,20073.75,20069.25,20070.0,164,NQ.v.0
2024-09-23 17:59:00+00:00,33,1,106364,20070.25,20075.25,20070.0,20073.5,585,NQ.v.0
2024-09-23 18:00:00+00:00,33,1,106364,20073.25,20080.5,20070.75,20073.0,954,NQ.v.0
2024-09-23 18:01:00+00:00,33,1,106364,20073.0,20073.5,20068.0,20071.75,461,NQ.v.0
2024-09-23 18:02:00+00:00,33,1,106364,20073.25,20073.5,20063.5,20067.5,678,NQ.v.0
2024-09-23 18:03:00+00:00,33,1,106364,20067.25,20070.75,20063.25,20067.5,469,NQ.v.0
2024-09-23 18:04:00+00:00,33,1,106364,20067.75,20069.75,20065.5,20066.25,290,NQ.v.0
2024-09-23 18:05:00+00:00,33,1,106364,20065.75,20069.25,20056.75,20066.25,819,NQ.v.0
2024-09-23 18:06:00+00:00,33,1,106364,20066.75,20071.5,20063.0,20069.75,384,NQ.v.0
2024-09-23 18:07:00+00:00,33,1,106364,20069.5,20073.5,20067.5,20073.0,256,NQ.v.0
2024-09-23 18:08:00+00:00,33,1,106364,20073.0,20077.5,20073.0,20074.5,522,NQ.v.0
2024-09-23 18:09:00+00:00,33,1,106364,20075.0,20078.75,20073.75,20077.5,361,NQ.v.0
2024-09-23 18:10:00+00:00,33,1,106364,20078.0,20081.25,20076.75,20080.75,526,NQ.v.0
2024-09-23 18:11:00+00:00,33,1,106364,20080.25,20083.5,20076.75,20077.25,393,NQ.v.0
2024-09-23 18:12:00+00:00,33,1,106364,20077.5,20080.5,20074.25,20076.5,249,NQ.v.0
2024-09-23 18:13:00+00:00,33,1,106364,20077.0,20077.25,20069.5,20071.25,607,NQ.v.0
2024-09-23 18:14:00+00:00,33,1,106364,20071.25,20074.5,20070.25,20071.5,197,NQ.v.0
2024-09-23 18:15:00+00:00,33,1,106364,20070.75,20072.25,20067.5,20070.5,385,NQ.v.0
2024-09-23 18:16:00+00:00,33,1,106364,20070.25,20072.5,20065.0,20067.0,468,NQ.v.0
2024-09-23 18:17:00+00:00,33,1,106364,20067.5,20072.25,20065.0,20068.0,381,NQ.v.0
2024-09-23 18:18:00+00:00,33,1,106364,20068.0,20072.5,20063.25,20071.0,357,NQ.v.0
2024-09-23 18:19:00+00:00,33,1,106364,20071.25,20074.75,20069.5,20072.0,317,NQ.v.0
2024-09-23 18:20:00+00:00,33,1,106364,20071.5,20073.25,20070.0,20072.25,198,NQ.v.0
2024-09-23 18:21:00+00:00,33,1,106364,20072.75,20079.0,20069.5,20077.75,441,NQ.v.0
2024-09-23 18:22:00+00:00,33,1,106364,20077.5,20081.75,20076.75,20079.0,509,NQ.v.0
2024-09-23 18:23:00+00:00,33,1,106364,20079.25,20084.0,20078.75,20079.5,380,NQ.v.0
2024-09-23 18:24:00+00:00,33,1,106364,20079.0,20081.75,20077.0,20077.75,301,NQ.v.0
2024-09-23 18:25:00+00:00,33,1,106364,20078.25,20081.5,20072.25,20072.75,323,NQ.v.0
2024-09-23 18:26:00+00:00,33,1,106364,20072.25,20072.75,20057.0,20068.75,954,NQ.v.0
2024-09-23 18:27:00+00:00,33,1,106364,20068.75,20073.25,20066.25,20071.0,351,NQ.v.0
2024-09-23 18:28:00+00:00,33,1,106364,20070.5,20073.0,20068.75,20071.25,204,NQ.v.0
2024-09-23 18:29:00+00:00,33,1,106364,20071.0,20073.25,20066.5,20067.5,248,NQ.v.0
2024-09-23 18:30:00+00:00,33,1,106364,20067.25,20073.75,20064.5,20071.75,508,NQ.v.0
2024-09-23 18:31:00+00:00,33,1,106364,20072.0,20074.25,20068.25,20068.5,249,NQ.v.0
2024-09-23 18:32:00+00:00,33,1,106364,20069.0,20071.0,20066.0,20070.5,286,NQ.v.0
2024-09-23 18:33:00+00:00,33,1,106364,20070.0,20075.5,20069.25,20074.0,312,NQ.v.0
2024-09-23 18:34:00+00:00,33,1,106364,20074.5,20078.0,20071.5,20071.75,343,NQ.v.0
2024-09-23 18:35:00+00:00,33,1,106364,20072.0,20073.0,20067.75,20071.0,267,NQ.v.0
2024-09-23 18:36:00+00:00,33,1,106364,20071.5,20071.5,20065.75,20066.0,347,NQ.v.0
2024-09-23 18:37:00+00:00,33,1,106364,20065.5,20068.0,20063.0,20068.0,499,NQ.v.0
2024-09-23 18:38:00+00:00,33,1,106364,20068.0,20073.75,20068.0,20072.5,482,NQ.v.0
2024-09-23 18:39:00+00:00,33,1,106364,20071.75,20072.75,20068.0,20068.5,267,NQ.v.0
2024-09-23 18:40:00+00:00,33,1,106364,20069.0,20073.25,20067.0,20073.25,258,NQ.v.0
2024-09-23 18:41:00+00:00,33,1,106364,20073.25,20077.0,20071.25,20072.0,357,NQ.v.0
2024-09-23 18:42:00+00:00,33,1,106364,20072.25,20077.75,20072.25,20075.75,271,NQ.v.0
2024-09-23 18:43:00+00:00,33,1,106364,20075.75,20076.75,20068.75,20071.5,331,NQ.v.0
2024-09-23 18:44:00+00:00,33,1,106364,20071.25,20073.75,20069.75,20070.0,263,NQ.v.0
2024-09-23 18:45:00+00:00,33,1,106364,20071.25,20072.0,20066.5,20068.5,272,NQ.v.0
2024-09-23 18:46:00+00:00,33,1,106364,20069.0,20073.25,20068.75,20071.0,257,NQ.v.0
2024-09-23 18:47:00+00:00,33,1,106364,20071.0,20073.5,20067.0,20068.5,173,NQ.v.0
2024-09-23 18:48:00+00:00,33,1,106364,20068.75,20070.75,20063.0,20068.5,436,NQ.v.0
2024-09-23 18:49:00+00:00,33,1,106364,20068.25,20076.0,20068.0,20074.5,364,NQ.v.0
2024-09-23 18:50:00+00:00,33,1,106364,20074.75,20080.25,20072.5,20076.25,538,NQ.v.0
2024-09-23 18:51:00+00:00,33,1,106364,20076.75,20078.0,20069.5,20073.0,305,NQ.v.0
2024-09-23 18:52:00+00:00,33,1,106364,20073.0,20076.5,20072.0,20075.5,197,NQ.v.0
2024-09-23 18:53:00+00:00,33,1,106364,20075.75,20075.75,20072.75,20074.75,215,NQ.v.0
2024-09-23 18:54:00+00:00,33,1,106364,20075.0,20075.5,20070.75,20072.5,220,NQ.v.0
2024-09-23 18:55:00+00:00,33,1,106364,20073.0,20077.0,20069.25,20074.25,325,NQ.v.0
2024-09-23 18:56:00+00:00,33,1,106364,20074.0,20080.75,20074.0,20079.5,375,NQ.v.0
2024-09-23 18:57:00+00:00,33,1,106364,20079.5,20085.75,20079.5,20083.25,586,NQ.v.0
2024-09-23 18:58:00+00:00,33,1,106364,20082.5,20085.0,20079.5,20081.75,453,NQ.v.0
2024-09-23 18:59:00+00:00,33,1,106364,20082.0,20082.75,20078.25,20081.25,260,NQ.v.0
2024-09-23 19:00:00+00:00,33,1,106364,20081.0,20085.0,20076.25,20077.25,787,NQ.v.0
2024-09-23 19:01:00+00:00,33,1,106364,20078.0,20079.75,20075.0,20077.0,371,NQ.v.0
2024-09-23 19:02:00+00:00,33,1,106364,20077.0,20079.25,20075.75,20078.5,173,NQ.v.0
2024-09-23 19:03:00+00:00,33,1,106364,20078.75,20087.0,20078.25,20083.75,372,NQ.v.0
2024-09-23 19:04:00+00:00,33,1,106364,20084.0,20085.5,20082.25,20083.25,199,NQ.v.0
2024-09-23 19:05:00+00:00,33,1,106364,20083.5,20087.0,20080.75,20081.0,405,NQ.v.0
2024-09-23 19:06:00+00:00,33,1,106364,20080.75,20081.0,20076.25,20077.25,387,NQ.v.0
2024-09-23 19:07:00+00:00,33,1,106364,20078.0,20078.0,20070.0,20073.5,485,NQ.v.0
2024-09-23 19:08:00+00:00,33,1,106364,20073.25,20074.75,20071.25,20072.5,295,NQ.v.0
2024-09-23 19:09:00+00:00,33,1,106364,20072.25,20074.0,20066.25,20068.5,471,NQ.v.0
2024-09-23 19:10:00+00:00,33,1,106364,20068.0,20069.75,20062.5,20069.25,545,NQ.v.0
2024-09-23 19:11:00+00:00,33,1,106364,20069.0,20071.25,20066.0,20066.75,283,NQ.v.0
2024-09-23 19:12:00+00:00,33,1,106364,20066.75,20069.75,20057.0,20068.75,708,NQ.v.0
2024-09-23 19:13:00+00:00,33,1,106364,20069.25,20070.75,20067.25,20068.5,194,NQ.v.0
2024-09-23 19:14:00+00:00,33,1,106364,20069.0,20069.75,20059.75,20060.5,475,NQ.v.0
2024-09-23 19:15:00+00:00,33,1,106364,20060.25,20067.75,20057.75,20064.25,601,NQ.v.0
2024-09-23 19:16:00+00:00,33,1,106364,20064.75,20070.0,20063.5,20067.5,335,NQ.v.0
2024-09-23 19:17:00+00:00,33,1,106364,20067.25,20070.0,20066.5,20067.0,211,NQ.v.0
2024-09-23 19:18:00+00:00,33,1,106364,20067.0,20075.75,20066.25,20072.0,449,NQ.v.0
2024-09-23 19:19:00+00:00,33,1,106364,20072.25,20078.75,20071.5,20075.5,476,NQ.v.0
2024-09-23 19:20:00+00:00,33,1,106364,20076.25,20081.25,20073.5,20074.0,582,NQ.v.0
2024-09-23 19:21:00+00:00,33,1,106364,20073.75,20075.75,20070.5,20074.5,289,NQ.v.0
2024-09-23 19:22:00+00:00,33,1,106364,20075.0,20078.0,20074.75,20077.0,258,NQ.v.0
2024-09-23 19:23:00+00:00,33,1,106364,20077.25,20077.75,20074.25,20074.25,265,NQ.v.0
2024-09-23 19:24:00+00:00,33,1,106364,20074.25,20077.75,20074.25,20074.75,282,NQ.v.0
2024-09-23 19:25:00+00:00,33,1,106364,20074.5,20081.0,20073.75,20078.75,440,NQ.v.0
2024-09-23 19:26:00+00:00,33,1,106364,20079.0,20084.0,20076.5,20076.75,461,NQ.v.0
2024-09-23 19:27:00+00:00,33,1,106364,20077.75,20083.0,20076.75,20080.75,324,NQ.v.0
2024-09-23 19:28:00+00:00,33,1,106364,20080.25,20080.75,20074.0,20074.25,234,NQ.v.0
2024-09-23 19:29:00+00:00,33,1,106364,20074.0,20077.0,20071.75,20075.0,317,NQ.v.0
2024-09-23 19:30:00+00:00,33,1,106364,20075.25,20077.0,20065.25,20069.5,770,NQ.v.0
2024-09-23 19:31:00+00:00,33,1,106364,20069.25,20075.0,20067.75,20072.75,456,NQ.v.0
2024-09-23 19:32:00+00:00,33,1,106364,20072.75,20078.0,20071.25,20072.75,373,NQ.v.0
2024-09-23 19:33:00+00:00,33,1,106364,20072.75,20076.5,20070.0,20075.75,433,NQ.v.0
2024-09-23 19:34:00+00:00,33,1,106364,20075.25,20081.5,20074.25,20078.25,719,NQ.v.0
2024-09-23 19:35:00+00:00,33,1,106364,20078.25,20081.0,20073.0,20075.5,457,NQ.v.0
2024-09-23 19:36:00+00:00,33,1,106364,20075.0,20077.25,20071.75,20076.5,379,NQ.v.0
2024-09-23 19:37:00+00:00,33,1,106364,20076.25,20083.75,20076.25,20077.5,770,NQ.v.0
2024-09-23 19:38:00+00:00,33,1,106364,20076.75,20076.75,20071.25,20074.0,362,NQ.v.0
2024-09-23 19:39:00+00:00,33,1,106364,20074.5,20076.5,20072.5,20074.75,329,NQ.v.0
2024-09-23 19:40:00+00:00,33,1,106364,20074.75,20082.25,20071.75,20081.75,488,NQ.v.0
2024-09-23 19:41:00+00:00,33,1,106364,20081.5,20083.0,20074.0,20076.0,413,NQ.v.0
2024-09-23 19:42:00+00:00,33,1,106364,20075.75,20076.75,20071.5,20072.25,338,NQ.v.0
2024-09-23 19:43:00+00:00,33,1,106364,20072.75,20073.5,20066.25,20069.75,458,NQ.v.0
2024-09-23 19:44:00+00:00,33,1,106364,20069.75,20069.75,20055.25,20060.25,1110,NQ.v.0
2024-09-23 19:45:00+00:00,33,1,106364,20060.25,20062.75,20054.0,20062.75,1076,NQ.v.0
2024-09-23 19:46:00+00:00,33,1,106364,20063.0,20070.75,20062.25,20068.0,742,NQ.v.0
2024-09-23 19:47:00+00:00,33,1,106364,20068.5,20076.75,20068.5,20072.25,738,NQ.v.0
2024-09-23 19:48:00+00:00,33,1,106364,20072.5,20080.25,20069.5,20079.0,569,NQ.v.0
2024-09-23 19:49:00+00:00,33,1,106364,20079.5,20086.75,20078.5,20085.25,583,NQ.v.0
2024-09-23 19:50:00+00:00,33,1,106364,20084.75,20087.0,20070.25,20072.0,1210,NQ.v.0
2024-09-23 19:51:00+00:00,33,1,106364,20072.75,20077.25,20070.5,20074.25,563,NQ.v.0
2024-09-23 19:52:00+00:00,33,1,106364,20074.5,20081.25,20072.75,20074.25,673,NQ.v.0
2024-09-23 19:53:00+00:00,33,1,106364,20074.75,20076.0,20066.5,20067.25,1131,NQ.v.0
2024-09-23 19:54:00+00:00,33,1,106364,20067.5,20076.5,20065.0,20075.5,980,NQ.v.0
2024-09-23 19:55:00+00:00,33,1,106364,20075.5,20078.5,20067.75,20073.0,1099,NQ.v.0
2024-09-23 19:56:00+00:00,33,1,106364,20073.5,20077.25,20070.25,20076.5,611,NQ.v.0
2024-09-23 19:57:00+00:00,33,1,106364,20076.5,20081.5,20073.5,20080.75,824,NQ.v.0
2024-09-23 19:58:00+00:00,33,1,106364,20081.0,20082.75,20074.0,20075.0,966,NQ.v.0
2024-09-23 19:59:00+00:00,33,1,106364,20074.75,20089.25,20073.25,20076.5,5540,NQ.v.0
2024-09-23 20:00:00+00:00,33,1,106364,20076.25,20085.75,20073.25,20084.0,1851,NQ.v.0
2024-09-23 20:01:00+00:00,33,1,106364,20084.25,20085.25,20081.0,20081.5,476,NQ.v.0
2024-09-23 20:02:00+00:00,33,1,106364,20081.25,20081.75,20076.75,20078.5,470,NQ.v.0
2024-09-23 20:03:00+00:00,33,1,106364,20078.5,20079.5,20076.75,20077.25,575,NQ.v.0
2024-09-23 20:04:00+00:00,33,1,106364,20077.0,20078.25,20074.5,20077.5,411,NQ.v.0
2024-09-23 20:05:00+00:00,33,1,106364,20077.5,20077.75,20074.5,20076.25,208,NQ.v.0
2024-09-23 20:06:00+00:00,33,1,106364,20075.5,20077.25,20075.0,20075.25,181,NQ.v.0
2024-09-23 20:07:00+00:00,33,1,106364,20075.0,20076.75,20066.75,20067.25,672,NQ.v.0
2024-09-23 20:08:00+00:00,33,1,106364,20067.0,20068.75,20064.5,20067.75,304,NQ.v.0
2024-09-23 20:09:00+00:00,33,1,106364,20067.5,20067.75,20063.25,20065.0,239,NQ.v.0
2024-09-23 20:10:00+00:00,33,1,106364,20065.0,20065.25,20062.0,20064.0,202,NQ.v.0
2024-09-23 20:11:00+00:00,33,1,106364,20063.75,20064.25,20061.75,20063.75,139,NQ.v.0
2024-09-23 20:12:00+00:00,33,1,106364,20063.5,20067.5,20063.0,20067.5,192,NQ.v.0
2024-09-23 20:13:00+00:00,33,1,106364,20067.25,20071.0,20067.25,20070.5,175,NQ.v.0
2024-09-23 20:14:00+00:00,33,1,106364,20070.5,20073.0,20070.25,20072.25,138,NQ.v.0
2024-09-23 20:15:00+00:00,33,1,106364,20072.5,20073.25,20069.5,20070.5,95,NQ.v.0
2024-09-23 20:16:00+00:00,33,1,106364,20070.75,20071.5,20067.75,20068.25,101,NQ.v.0
2024-09-23 20:17:00+00:00,33,1,106364,20067.75,20068.0,20066.0,20067.0,77,NQ.v.0
2024-09-23 20:18:00+00:00,33,1,106364,20066.75,20067.5,20065.25,20065.5,76,NQ.v.0
2024-09-23 20:19:00+00:00,33,1,106364,20065.5,20065.5,20063.0,20063.5,65,NQ.v.0
2024-09-23 20:20:00+00:00,33,1,106364,20063.5,20063.75,20055.5,20057.25,254,NQ.v.0
2024-09-23 20:21:00+00:00,33,1,106364,20057.5,20060.5,20057.0,20060.25,133,NQ.v.0
2024-09-23 20:22:00+00:00,33,1,106364,20060.25,20064.0,20060.0,20064.0,94,NQ.v.0
2024-09-23 20:23:00+00:00,33,1,106364,20063.75,20064.25,20062.5,20063.0,40,NQ.v.0
2024-09-23 20:24:00+00:00,33,1,106364,20063.25,20063.25,20062.0,20062.0,34,NQ.v.0
2024-09-23 20:25:00+00:00,33,1,106364,20062.25,20062.5,20058.0,20060.0,109,NQ.v.0
2024-09-23 20:26:00+00:00,33,1,106364,20059.75,20060.5,20059.0,20060.0,32,NQ.v.0
2024-09-23 20:27:00+00:00,33,1,106364,20061.25,20061.25,20058.5,20060.0,35,NQ.v.0
2024-09-23 20:28:00+00:00,33,1,106364,20060.25,20061.0,20059.0,20059.5,35,NQ.v.0
2024-09-23 20:29:00+00:00,33,1,106364,20059.25,20060.5,20059.25,20060.0,26,NQ.v.0
2024-09-23 20:30:00+00:00,33,1,106364,20060.0,20061.5,20059.0,20061.0,57,NQ.v.0
2024-09-23 20:31:00+00:00,33,1,106364,20060.5,20060.5,20059.25,20060.25,59,NQ.v.0
2024-09-23 20:32:00+00:00,33,1,106364,20060.25,20060.25,20058.25,20060.0,40,NQ.v.0
2024-09-23 20:33:00+00:00,33,1,106364,20059.5,20061.5,20059.5,20061.25,31,NQ.v.0
2024-09-23 20:34:00+00:00,33,1,106364,20061.25,20062.25,20060.0,20060.5,48,NQ.v.0
2024-09-23 20:35:00+00:00,33,1,106364,20060.5,20060.5,20058.75,20059.0,25,NQ.v.0
2024-09-23 20:36:00+00:00,33,1,106364,20059.0,20059.25,20058.25,20058.75,33,NQ.v.0
2024-09-23 20:37:00+00:00,33,1,106364,20058.25,20058.5,20056.25,20056.75,69,NQ.v.0
2024-09-23 20:38:00+00:00,33,1,106364,20056.5,20058.5,20056.25,20057.75,110,NQ.v.0
2024-09-23 20:39:00+00:00,33,1,106364,20057.5,20057.5,20057.0,20057.0,7,NQ.v.0
2024-09-23 20:40:00+00:00,33,1,106364,20057.25,20059.25,20057.0,20057.5,45,NQ.v.0
2024-09-23 20:41:00+00:00,33,1,106364,20058.0,20058.25,20056.75,20057.5,36,NQ.v.0
2024-09-23 20:42:00+00:00,33,1,106364,20057.25,20058.25,20056.75,20058.0,24,NQ.v.0
2024-09-23 20:43:00+00:00,33,1,106364,20057.75,20059.5,20057.75,20059.25,63,NQ.v.0
2024-09-23 20:44:00+00:00,33,1,106364,20059.25,20059.75,20058.5,20058.75,60,NQ.v.0
2024-09-23 20:45:00+00:00,33,1,106364,20058.75,20059.75,20056.25,20056.25,126,NQ.v.0
2024-09-23 20:46:00+00:00,33,1,106364,20056.0,20057.5,20055.0,20057.5,113,NQ.v.0
2024-09-23 20:47:00+00:00,33,1,106364,20057.25,20060.25,20057.25,20058.75,51,NQ.v.0
2024-09-23 20:48:00+00:00,33,1,106364,20058.25,20058.75,20057.75,20058.0,37,NQ.v.0
2024-09-23 20:49:00+00:00,33,1,106364,20057.75,20060.0,20057.25,20059.5,87,NQ.v.0
2024-09-23 20:50:00+00:00,33,1,106364,20060.0,20061.0,20059.0,20059.5,57,NQ.v.0
2024-09-23 20:51:00+00:00,33,1,106364,20059.5,20060.25,20057.75,20060.25,69,NQ.v.0
2024-09-23 20:52:00+00:00,33,1,106364,20060.75,20061.5,20060.25,20061.5,35,NQ.v.0
2024-09-23 20:53:00+00:00,33,1,106364,20061.75,20062.0,20060.5,20061.0,28,NQ.v.0
2024-09-23 20:54:00+00:00,33,1,106364,20060.75,20061.0,20059.25,20059.75,34,NQ.v.0
2024-09-23 20:55:00+00:00,33,1,106364,20060.0,20061.25,20059.5,20060.0,49,NQ.v.0
2024-09-23 20:56:00+00:00,33,1,106364,20060.25,20061.75,20060.0,20060.0,38,NQ.v.0
2024-09-23 20:57:00+00:00,33,1,106364,20060.25,20060.5,20059.25,20059.75,20,NQ.v.0
2024-09-23 20:58:00+00:00,33,1,106364,20059.25,20060.75,20057.75,20058.75,77,NQ.v.0
2024-09-23 20:59:00+00:00,33,1,106364,20059.0,20064.0,20059.0,20063.25,85,NQ.v.0
2024-09-23 22:00:00+00:00,33,1,106364,20063.25,20066.5,20058.25,20060.75,116,NQ.v.0
2024-09-23 22:01:00+00:00,33,1,106364,20059.5,20060.25,20057.0,20058.0,47,NQ.v.0
2024-09-23 22:02:00+00:00,33,1,106364,20059.25,20063.25,20059.25,20063.25,23,NQ.v.0
2024-09-23 22:03:00+00:00,33,1,106364,20061.5,20065.75,20061.5,20065.5,43,NQ.v.0
2024-09-23 22:04:00+00:00,33,1,106364,20064.5,20065.5,20062.0,20062.0,28,NQ.v.0
2024-09-23 22:05:00+00:00,33,1,106364,20061.5,20062.25,20058.25,20059.5,52,NQ.v.0
2024-09-23 22:06:00+00:00,33,1,106364,20058.5,20058.5,20052.0,20054.25,123,NQ.v.0
2024-09-23 22:07:00+00:00,33,1,106364,20054.5,20055.0,20048.0,20048.0,82,NQ.v.0
2024-09-23 22:08:00+00:00,33,1,106364,20048.0,20050.5,20047.0,20047.75,50,NQ.v.0
2024-09-23 22:09:00+00:00,33,1,106364,20047.25,20050.25,20045.25,20048.5,55,NQ.v.0
2024-09-23 22:10:00+00:00,33,1,106364,20049.0,20052.25,20048.0,20051.5,34,NQ.v.0
2024-09-23 22:11:00+00:00,33,1,106364,20051.25,20052.75,20050.5,20052.0,19,NQ.v.0
2024-09-23 22:12:00+00:00,33,1,106364,20052.25,20053.25,20051.75,20052.5,21,NQ.v.0
2024-09-23 22:13:00+00:00,33,1,106364,20051.5,20051.5,20049.5,20049.75,25,NQ.v.0
2024-09-23 22:14:00+00:00,33,1,106364,20049.75,20051.5,20049.75,20050.5,13,NQ.v.0
2024-09-23 22:15:00+00:00,33,1,106364,20050.75,20055.25,20050.25,20054.0,43,NQ.v.0
2024-09-23 22:16:00+00:00,33,1,106364,20053.75,20056.0,20052.0,20052.75,31,NQ.v.0
2024-09-23 22:17:00+00:00,33,1,106364,20053.0,20056.0,20053.0,20056.0,32,NQ.v.0
2024-09-23 22:18:00+00:00,33,1,106364,20056.0,20056.75,20053.5,20054.25,29,NQ.v.0
2024-09-23 22:19:00+00:00,33,1,106364,20053.5,20053.5,20051.0,20052.0,25,NQ.v.0
2024-09-23 22:20:00+00:00,33,1,106364,20051.0,20052.75,20050.5,20052.0,32,NQ.v.0
2024-09-23 22:21:00+00:00,33,1,106364,20052.25,20053.5,20051.5,20053.0,31,NQ.v.0
2024-09-23 22:22:00+00:00,33,1,106364,20053.5,20053.5,20051.5,20051.75,14,NQ.v.0
2024-09-23 22:23:00+00:00,33,1,106364,20052.25,20052.25,20051.0,20051.25,9,NQ.v.0
2024-09-23 22:24:00+00:00,33,1,106364,20052.0,20054.5,20052.0,20053.0,17,NQ.v.0
2024-09-23 22:25:00+00:00,33,1,106364,20052.75,20053.75,20051.25,20051.25,23,NQ.v.0
2024-09-23 22:26:00+00:00,33,1,106364,20051.75,20053.75,20051.75,20053.75,15,NQ.v.0
2024-09-23 22:27:00+00:00,33,1,106364,20054.25,20055.5,20054.25,20054.75,24,NQ.v.0
2024-09-23 22:28:00+00:00,33,1,106364,20053.75,20053.75,20053.0,20053.75,9,NQ.v.0
2024-09-23 22:29:00+00:00,33,1,106364,20053.5,20053.5,20051.5,20052.5,10,NQ.v.0
2024-09-23 22:30:00+00:00,33,1,106364,20053.0,20055.5,20053.0,20055.25,37,NQ.v.0
2024-09-23 22:31:00+00:00,33,1,106364,20055.5,20055.5,20051.0,20053.5,40,NQ.v.0
2024-09-23 22:32:00+00:00,33,1,106364,20054.0,20055.25,20054.0,20055.25,14,NQ.v.0
2024-09-23 22:33:00+00:00,33,1,106364,20055.25,20056.25,20053.0,20054.5,36,NQ.v.0
2024-09-23 22:34:00+00:00,33,1,106364,20054.75,20055.5,20054.75,20055.0,3,NQ.v.0
2024-09-23 22:35:00+00:00,33,1,106364,20055.75,20056.25,20055.5,20055.75,8,NQ.v.0
2024-09-23 22:36:00+00:00,33,1,106364,20055.5,20056.0,20054.5,20055.25,18,NQ.v.0
2024-09-23 22:37:00+00:00,33,1,106364,20055.5,20055.75,20052.5,20053.5,21,NQ.v.0
2024-09-23 22:38:00+00:00,33,1,106364,20053.5,20053.5,20051.75,20051.75,24,NQ.v.0
2024-09-23 22:39:00+00:00,33,1,106364,20052.0,20052.0,20047.0,20048.5,100,NQ.v.0
2024-09-23 22:40:00+00:00,33,1,106364,20047.75,20050.0,20046.75,20049.5,40,NQ.v.0
2024-09-23 22:41:00+00:00,33,1,106364,20049.0,20051.5,20049.0,20050.0,19,NQ.v.0
2024-09-23 22:42:00+00:00,33,1,106364,20050.25,20050.75,20048.5,20049.0,19,NQ.v.0
2024-09-23 22:43:00+00:00,33,1,106364,20049.0,20049.0,20046.25,20047.75,41,NQ.v.0
2024-09-23 22:44:00+00:00,33,1,106364,20047.25,20048.25,20047.25,20048.25,5,NQ.v.0
2024-09-23 22:45:00+00:00,33,1,106364,20049.25,20052.25,20049.25,20051.25,31,NQ.v.0
2024-09-23 22:46:00+00:00,33,1,106364,20051.25,20051.25,20048.25,20049.0,29,NQ.v.0
2024-09-23 22:47:00+00:00,33,1,106364,20049.25,20051.25,20049.25,20051.25,22,NQ.v.0
2024-09-23 22:48:00+00:00,33,1,106364,20051.5,20051.75,20050.75,20050.75,6,NQ.v.0
2024-09-23 22:49:00+00:00,33,1,106364,20051.5,20052.0,20050.75,20050.75,16,NQ.v.0
2024-09-23 22:50:00+00:00,33,1,106364,20050.25,20050.25,20047.75,20048.25,17,NQ.v.0
2024-09-23 22:51:00+00:00,33,1,106364,20047.25,20048.25,20046.0,20048.0,14,NQ.v.0
2024-09-23 22:52:00+00:00,33,1,106364,20047.75,20050.25,20047.25,20049.75,15,NQ.v.0
2024-09-23 22:53:00+00:00,33,1,106364,20049.75,20050.25,20049.0,20050.0,15,NQ.v.0
2024-09-23 22:54:00+00:00,33,1,106364,20050.25,20052.25,20050.25,20050.75,33,NQ.v.0
2024-09-23 22:55:00+00:00,33,1,106364,20050.75,20051.25,20050.0,20051.25,10,NQ.v.0
2024-09-23 22:56:00+00:00,33,1,106364,20051.25,20052.75,20050.25,20051.25,29,NQ.v.0
2024-09-23 22:57:00+00:00,33,1,106364,20051.25,20052.25,20051.25,20051.75,7,NQ.v.0
2024-09-23 22:58:00+00:00,33,1,106364,20051.75,20052.0,20050.5,20050.75,25,NQ.v.0
2024-09-23 22:59:00+00:00,33,1,106364,20051.5,20052.25,20050.25,20050.75,21,NQ.v.0
2024-09-23 23:00:00+00:00,33,1,106364,20052.25,20052.25,20049.75,20050.5,33,NQ.v.0
2024-09-23 23:01:00+00:00,33,1,106364,20050.25,20050.5,20048.0,20048.0,18,NQ.v.0
2024-09-23 23:02:00+00:00,33,1,106364,20048.0,20050.75,20046.75,20049.5,34,NQ.v.0
2024-09-23 23:03:00+00:00,33,1,106364,20049.25,20050.0,20049.25,20050.0,15,NQ.v.0
2024-09-23 23:04:00+00:00,33,1,106364,20050.0,20051.5,20050.0,20051.5,27,NQ.v.0
2024-09-23 23:05:00+00:00,33,1,106364,20051.5,20052.75,20050.25,20052.5,21,NQ.v.0
2024-09-23 23:06:00+00:00,33,1,106364,20053.0,20054.5,20052.5,20052.75,72,NQ.v.0
2024-09-23 23:07:00+00:00,33,1,106364,20052.5,20052.75,20048.75,20049.75,30,NQ.v.0
2024-09-23 23:08:00+00:00,33,1,106364,20050.0,20050.5,20050.0,20050.25,6,NQ.v.0
2024-09-23 23:09:00+00:00,33,1,106364,20049.25,20050.75,20048.5,20050.0,66,NQ.v.0
2024-09-23 23:10:00+00:00,33,1,106364,20051.0,20051.25,20049.75,20050.0,10,NQ.v.0
2024-09-23 23:11:00+00:00,33,1,106364,20050.5,20051.75,20050.5,20051.75,16,NQ.v.0
2024-09-23 23:12:00+00:00,33,1,106364,20052.0,20052.5,20051.75,20051.75,13,NQ.v.0
2024-09-23 23:13:00+00:00,33,1,106364,20051.0,20052.0,20050.25,20051.5,18,NQ.v.0
2024-09-23 23:14:00+00:00,33,1,106364,20050.75,20051.25,20050.75,20051.25,3,NQ.v.0
2024-09-23 23:15:00+00:00,33,1,106364,20050.5,20050.5,20049.25,20050.5,15,NQ.v.0
2024-09-23 23:16:00+00:00,33,1,106364,20050.25,20052.5,20050.25,20052.0,18,NQ.v.0
2024-09-23 23:17:00+00:00,33,1,106364,20051.25,20051.25,20050.5,20051.0,6,NQ.v.0
2024-09-23 23:18:00+00:00,33,1,106364,20051.25,20051.25,20051.0,20051.0,3,NQ.v.0
2024-09-23 23:19:00+00:00,33,1,106364,20051.5,20051.5,20050.75,20051.0,9,NQ.v.0
2024-09-23 23:20:00+00:00,33,1,106364,20051.5,20051.5,20050.0,20050.25,14,NQ.v.0
2024-09-23 23:21:00+00:00,33,1,106364,20050.75,20052.0,20050.75,20052.0,12,NQ.v.0
2024-09-23 23:22:00+00:00,33,1,106364,20051.75,20053.5,20051.75,20052.25,16,NQ.v.0
2024-09-23 23:23:00+00:00,33,1,106364,20052.75,20052.75,20052.0,20052.0,2,NQ.v.0
2024-09-23 23:24:00+00:00,33,1,106364,20051.25,20052.0,20051.0,20052.0,6,NQ.v.0
2024-09-23 23:25:00+00:00,33,1,106364,20051.5,20051.5,20043.0,20046.75,125,NQ.v.0
2024-09-23 23:26:00+00:00,33,1,106364,20047.75,20048.75,20045.25,20048.75,36,NQ.v.0
2024-09-23 23:27:00+00:00,33,1,106364,20048.25,20053.25,20048.25,20052.5,91,NQ.v.0
2024-09-23 23:28:00+00:00,33,1,106364,20052.25,20054.0,20052.0,20052.5,70,NQ.v.0
2024-09-23 23:29:00+00:00,33,1,106364,20052.5,20052.5,20050.0,20051.25,29,NQ.v.0
2024-09-23 23:30:00+00:00,33,1,106364,20050.75,20051.75,20050.25,20051.25,15,NQ.v.0
2024-09-23 23:31:00+00:00,33,1,106364,20051.75,20054.0,20051.75,20054.0,25,NQ.v.0
2024-09-23 23:32:00+00:00,33,1,106364,20054.0,20058.75,20054.0,20058.25,65,NQ.v.0
2024-09-23 23:33:00+00:00,33,1,106364,20058.5,20058.75,20057.0,20057.0,26,NQ.v.0
2024-09-23 23:34:00+00:00,33,1,106364,20057.0,20057.5,20056.25,20057.25,18,NQ.v.0
2024-09-23 23:35:00+00:00,33,1,106364,20057.25,20061.25,20057.25,20060.25,78,NQ.v.0
2024-09-23 23:36:00+00:00,33,1,106364,20060.0,20065.25,20060.0,20064.5,78,NQ.v.0
2024-09-23 23:37:00+00:00,33,1,106364,20064.75,20065.75,20062.75,20064.0,64,NQ.v.0
2024-09-23 23:38:00+00:00,33,1,106364,20063.5,20064.75,20062.5,20064.25,25,NQ.v.0
2024-09-23 23:39:00+00:00,33,1,106364,20063.0,20064.25,20061.25,20061.25,44,NQ.v.0
2024-09-23 23:40:00+00:00,33,1,106364,20061.25,20061.5,20052.75,20056.25,119,NQ.v.0
2024-09-23 23:41:00+00:00,33,1,106364,20056.5,20058.5,20056.25,20057.75,39,NQ.v.0
2024-09-23 23:42:00+00:00,33,1,106364,20057.25,20057.25,20056.25,20056.75,12,NQ.v.0
2024-09-23 23:43:00+00:00,33,1,106364,20057.0,20060.0,20057.0,20060.0,15,NQ.v.0
2024-09-23 23:44:00+00:00,33,1,106364,20059.75,20061.25,20059.25,20061.0,26,NQ.v.0
2024-09-23 23:45:00+00:00,33,1,106364,20061.25,20072.25,20061.25,20071.0,178,NQ.v.0
2024-09-23 23:46:00+00:00,33,1,106364,20071.5,20073.0,20069.0,20071.0,90,NQ.v.0
2024-09-23 23:47:00+00:00,33,1,106364,20071.0,20071.75,20067.0,20067.0,71,NQ.v.0
2024-09-23 23:48:00+00:00,33,1,106364,20067.5,20071.25,20067.0,20071.25,34,NQ.v.0
2024-09-23 23:49:00+00:00,33,1,106364,20071.0,20071.0,20068.5,20069.0,25,NQ.v.0
2024-09-23 23:50:00+00:00,33,1,106364,20069.5,20071.5,20067.75,20068.0,30,NQ.v.0
2024-09-23 23:51:00+00:00,33,1,106364,20068.0,20071.0,20068.0,20070.0,31,NQ.v.0
2024-09-23 23:52:00+00:00,33,1,106364,20070.5,20072.25,20069.25,20070.5,29,NQ.v.0
2024-09-23 23:53:00+00:00,33,1,106364,20070.5,20071.0,20068.75,20070.0,17,NQ.v.0
2024-09-23 23:54:00+00:00,33,1,106364,20070.0,20070.5,20069.75,20069.75,5,NQ.v.0
2024-09-23 23:55:00+00:00,33,1,106364,20069.75,20070.25,20068.5,20069.75,21,NQ.v.0
2024-09-23 23:56:00+00:00,33,1,106364,20070.5,20070.75,20069.75,20070.25,18,NQ.v.0
2024-09-23 23:57:00+00:00,33,1,106364,20070.0,20070.0,20068.0,20069.75,21,NQ.v.0
2024-09-23 23:58:00+00:00,33,1,106364,20070.25,20070.5,20069.5,20069.5,8,NQ.v.0
2024-09-23 23:59:00+00:00,33,1,106364,20069.75,20070.25,20068.5,20069.0,25,NQ.v.0
2024-09-24 00:00:00+00:00,33,1,106364,20068.25,20069.0,20065.0,20068.25,119,NQ.v.0
2024-09-24 00:01:00+00:00,33,1,106364,20069.0,20069.5,20063.0,20066.0,97,NQ.v.0
2024-09-24 00:02:00+00:00,33,1,106364,20066.25,20068.0,20062.75,20065.75,68,NQ.v.0
2024-09-24 00:03:00+00:00,33,1,106364,20065.25,20066.75,20063.5,20065.0,36,NQ.v.0
2024-09-24 00:04:00+00:00,33,1,106364,20064.5,20066.25,20061.75,20064.75,40,NQ.v.0
2024-09-24 00:05:00+00:00,33,1,106364,20064.75,20065.5,20057.5,20062.5,89,NQ.v.0
2024-09-24 00:06:00+00:00,33,1,106364,20062.5,20064.75,20058.25,20063.75,60,NQ.v.0
2024-09-24 00:07:00+00:00,33,1,106364,20063.75,20066.0,20062.25,20065.75,32,NQ.v.0
2024-09-24 00:08:00+00:00,33,1,106364,20064.25,20064.75,20062.0,20063.25,40,NQ.v.0
2024-09-24 00:09:00+00:00,33,1,106364,20063.0,20065.75,20059.75,20063.75,36,NQ.v.0
2024-09-24 00:10:00+00:00,33,1,106364,20063.0,20064.25,20061.5,20064.25,17,NQ.v.0
2024-09-24 00:11:00+00:00,33,1,106364,20064.25,20067.25,20062.75,20067.25,34,NQ.v.0
2024-09-24 00:12:00+00:00,33,1,106364,20066.75,20066.75,20064.5,20064.5,27,NQ.v.0
2024-09-24 00:13:00+00:00,33,1,106364,20064.25,20069.5,20064.25,20069.5,69,NQ.v.0
2024-09-24 00:14:00+00:00,33,1,106364,20069.75,20071.25,20067.75,20069.25,79,NQ.v.0
2024-09-24 00:15:00+00:00,33,1,106364,20069.25,20072.75,20069.0,20072.0,68,NQ.v.0
2024-09-24 00:16:00+00:00,33,1,106364,20072.5,20078.5,20071.5,20074.0,159,NQ.v.0
2024-09-24 00:17:00+00:00,33,1,106364,20075.5,20076.0,20073.25,20075.25,43,NQ.v.0
2024-09-24 00:18:00+00:00,33,1,106364,20075.0,20075.75,20066.0,20066.5,84,NQ.v.0
2024-09-24 00:19:00+00:00,33,1,106364,20067.0,20070.5,20067.0,20070.0,36,NQ.v.0
2024-09-24 00:20:00+00:00,33,1,106364,20069.5,20070.5,20065.25,20067.0,36,NQ.v.0
2024-09-24 00:21:00+00:00,33,1,106364,20066.0,20066.75,20064.25,20065.25,26,NQ.v.0
2024-09-24 00:22:00+00:00,33,1,106364,20065.25,20066.0,20064.0,20065.0,37,NQ.v.0
2024-09-24 00:23:00+00:00,33,1,106364,20065.5,20069.0,20064.75,20067.25,28,NQ.v.0
2024-09-24 00:24:00+00:00,33,1,106364,20067.5,20069.0,20067.5,20068.25,25,NQ.v.0
2024-09-24 00:25:00+00:00,33,1,106364,20068.25,20074.75,20067.75,20074.0,64,NQ.v.0
2024-09-24 00:26:00+00:00,33,1,106364,20074.25,20075.0,20073.25,20074.0,43,NQ.v.0
2024-09-24 00:27:00+00:00,33,1,106364,20073.5,20073.5,20070.25,20072.25,37,NQ.v.0
2024-09-24 00:28:00+00:00,33,1,106364,20073.0,20073.0,20070.75,20072.0,27,NQ.v.0
2024-09-24 00:29:00+00:00,33,1,106364,20072.0,20072.0,20069.75,20070.0,25,NQ.v.0
2024-09-24 00:30:00+00:00,33,1,106364,20069.75,20071.75,20066.5,20066.5,61,NQ.v.0
2024-09-24 00:31:00+00:00,33,1,106364,20066.25,20069.25,20065.0,20066.5,45,NQ.v.0
2024-09-24 00:32:00+00:00,33,1,106364,20066.25,20069.75,20066.25,20069.25,26,NQ.v.0
2024-09-24 00:33:00+00:00,33,1,106364,20068.0,20068.0,20067.25,20068.0,9,NQ.v.0
2024-09-24 00:34:00+00:00,33,1,106364,20068.0,20068.75,20065.75,20066.0,25,NQ.v.0
2024-09-24 00:35:00+00:00,33,1,106364,20066.0,20067.25,20065.0,20065.75,31,NQ.v.0
2024-09-24 00:36:00+00:00,33,1,106364,20065.5,20066.0,20058.75,20058.75,72,NQ.v.0
2024-09-24 00:37:00+00:00,33,1,106364,20059.5,20059.5,20039.5,20055.0,484,NQ.v.0
2024-09-24 00:38:00+00:00,33,1,106364,20054.5,20055.25,20048.75,20055.25,104,NQ.v.0
2024-09-24 00:39:00+00:00,33,1,106364,20054.75,20056.25,20052.0,20052.25,56,NQ.v.0
2024-09-24 00:40:00+00:00,33,1,106364,20052.25,20054.25,20051.5,20052.5,35,NQ.v.0
2024-09-24 00:41:00+00:00,33,1,106364,20051.75,20052.0,20047.75,20049.25,66,NQ.v.0
2024-09-24 00:42:00+00:00,33,1,106364,20049.75,20049.75,20046.25,20049.5,49,NQ.v.0
2024-09-24 00:43:00+00:00,33,1,106364,20050.0,20055.5,20049.5,20054.5,62,NQ.v.0
2024-09-24 00:44:00+00:00,33,1,106364,20054.25,20055.25,20052.5,20053.0,39,NQ.v.0
2024-09-24 00:45:00+00:00,33,1,106364,20054.25,20055.75,20052.0,20054.5,61,NQ.v.0
2024-09-24 00:46:00+00:00,33,1,106364,20055.0,20058.75,20054.0,20056.5,48,NQ.v.0
2024-09-24 00:47:00+00:00,33,1,106364,20056.5,20057.0,20053.0,20053.5,47,NQ.v.0
2024-09-24 00:48:00+00:00,33,1,106364,20053.75,20054.25,20052.0,20052.5,27,NQ.v.0
2024-09-24 00:49:00+00:00,33,1,106364,20051.25,20053.0,20050.75,20052.25,21,NQ.v.0
2024-09-24 00:50:00+00:00,33,1,106364,20051.25,20053.5,20051.25,20053.5,10,NQ.v.0
2024-09-24 00:51:00+00:00,33,1,106364,20053.0,20055.0,20052.0,20054.0,22,NQ.v.0
2024-09-24 00:52:00+00:00,33,1,106364,20054.25,20055.75,20054.25,20055.0,21,NQ.v.0
2024-09-24 00:53:00+00:00,33,1,106364,20056.0,20056.0,20053.25,20053.25,24,NQ.v.0
2024-09-24 00:54:00+00:00,33,1,106364,20053.5,20057.0,20053.25,20056.0,27,NQ.v.0
2024-09-24 00:55:00+00:00,33,1,106364,20057.0,20060.0,20055.75,20059.25,37,NQ.v.0
2024-09-24 00:56:00+00:00,33,1,106364,20058.5,20058.5,20056.0,20057.5,41,NQ.v.0
2024-09-24 00:57:00+00:00,33,1,106364,20057.5,20058.5,20055.75,20058.5,23,NQ.v.0
2024-09-24 00:58:00+00:00,33,1,106364,20057.5,20057.75,20056.0,20056.75,28,NQ.v.0
2024-09-24 00:59:00+00:00,33,1,106364,20057.25,20058.0,20056.75,20058.0,15,NQ.v.0
2024-09-24 01:00:00+00:00,33,1,106364,20058.25,20064.25,20058.25,20064.25,77,NQ.v.0
2024-09-24 01:01:00+00:00,33,1,106364,20064.0,20066.25,20064.0,20066.0,62,NQ.v.0
2024-09-24 01:02:00+00:00,33,1,106364,20065.25,20070.25,20065.25,20067.75,78,NQ.v.0
2024-09-24 01:03:00+00:00,33,1,106364,20068.0,20068.25,20064.75,20067.5,43,NQ.v.0
2024-09-24 01:04:00+00:00,33,1,106364,20066.5,20074.0,20066.25,20074.0,90,NQ.v.0
2024-09-24 01:05:00+00:00,33,1,106364,20074.0,20074.75,20067.25,20068.0,121,NQ.v.0
2024-09-24 01:06:00+00:00,33,1,106364,20069.0,20076.5,20069.0,20074.25,154,NQ.v.0
2024-09-24 01:07:00+00:00,33,1,106364,20074.0,20086.25,20073.75,20077.75,530,NQ.v.0
2024-09-24 01:08:00+00:00,33,1,106364,20079.0,20079.5,20072.25,20076.0,128,NQ.v.0
2024-09-24 01:09:00+00:00,33,1,106364,20075.75,20080.5,20075.5,20075.75,86,NQ.v.0
2024-09-24 01:10:00+00:00,33,1,106364,20075.75,20080.0,20074.0,20077.5,64,NQ.v.0
2024-09-24 01:11:00+00:00,33,1,106364,20078.75,20083.5,20078.75,20083.5,103,NQ.v.0
2024-09-24 01:12:00+00:00,33,1,106364,20083.5,20089.75,20082.25,20089.0,162,NQ.v.0
2024-09-24 01:13:00+00:00,33,1,106364,20090.0,20092.0,20086.0,20086.5,119,NQ.v.0
2024-09-24 01:14:00+00:00,33,1,106364,20087.25,20090.5,20086.25,20086.75,65,NQ.v.0
2024-09-24 01:15:00+00:00,33,1,106364,20087.5,20091.0,20086.75,20088.5,113,NQ.v.0
2024-09-24 01:16:00+00:00,33,1,106364,20089.25,20094.0,20087.25,20091.0,144,NQ.v.0
2024-09-24 01:17:00+00:00,33,1,106364,20091.75,20093.0,20090.0,20090.75,52,NQ.v.0
2024-09-24 01:18:00+00:00,33,1,106364,20091.5,20091.75,20089.25,20091.5,44,NQ.v.0
2024-09-24 01:19:00+00:00,33,1,106364,20090.75,20095.75,20087.75,20088.5,183,NQ.v.0
2024-09-24 01:20:00+00:00,33,1,106364,20089.75,20090.75,20083.0,20084.0,127,NQ.v.0
2024-09-24 01:21:00+00:00,33,1,106364,20083.75,20086.25,20081.75,20083.25,62,NQ.v.0
2024-09-24 01:22:00+00:00,33,1,106364,20082.75,20086.0,20082.75,20084.5,53,NQ.v.0
2024-09-24 01:23:00+00:00,33,1,106364,20084.0,20086.0,20082.25,20084.75,56,NQ.v.0
2024-09-24 01:24:00+00:00,33,1,106364,20083.75,20083.75,20081.0,20083.0,53,NQ.v.0
2024-09-24 01:25:00+00:00,33,1,106364,20081.75,20082.0,20077.0,20079.5,71,NQ.v.0
2024-09-24 01:26:00+00:00,33,1,106364,20078.25,20080.5,20077.5,20078.75,26,NQ.v.0
2024-09-24 01:27:00+00:00,33,1,106364,20079.0,20079.0,20073.5,20076.25,107,NQ.v.0
2024-09-24 01:28:00+00:00,33,1,106364,20075.75,20078.5,20073.5,20078.0,57,NQ.v.0
2024-09-24 01:29:00+00:00,33,1,106364,20077.25,20080.75,20077.0,20079.0,42,NQ.v.0
2024-09-24 01:30:00+00:00,33,1,106364,20078.5,20080.5,20075.5,20075.5,40,NQ.v.0
2024-09-24 01:31:00+00:00,33,1,106364,20075.25,20079.0,20075.25,20078.5,31,NQ.v.0
2024-09-24 01:32:00+00:00,33,1,106364,20077.25,20077.25,20073.5,20073.75,34,NQ.v.0
2024-09-24 01:33:00+00:00,33,1,106364,20073.25,20075.75,20071.5,20075.5,47,NQ.v.0
2024-09-24 01:34:00+00:00,33,1,106364,20076.0,20081.5,20076.0,20080.75,54,NQ.v.0
2024-09-24 01:35:00+00:00,33,1,106364,20080.5,20081.0,20073.0,20074.75,63,NQ.v.0
2024-09-24 01:36:00+00:00,33,1,106364,20074.25,20077.5,20074.0,20077.5,156,NQ.v.0
2024-09-24 01:37:00+00:00,33,1,106364,20078.0,20079.75,20076.75,20078.75,39,NQ.v.0
2024-09-24 01:38:00+00:00,33,1,106364,20079.5,20081.75,20078.75,20079.75,63,NQ.v.0
2024-09-24 01:39:00+00:00,33,1,106364,20079.5,20079.75,20073.25,20074.75,84,NQ.v.0
2024-09-24 01:40:00+00:00,33,1,106364,20075.0,20075.75,20073.0,20075.75,39,NQ.v.0
2024-09-24 01:41:00+00:00,33,1,106364,20075.75,20081.25,20075.75,20080.25,86,NQ.v.0
2024-09-24 01:42:00+00:00,33,1,106364,20080.5,20082.0,20077.0,20078.25,45,NQ.v.0
2024-09-24 01:43:00+00:00,33,1,106364,20079.0,20080.0,20075.5,20078.0,66,NQ.v.0
2024-09-24 01:44:00+00:00,33,1,106364,20076.0,20077.5,20075.25,20077.0,19,NQ.v.0
2024-09-24 01:45:00+00:00,33,1,106364,20077.25,20078.5,20076.0,20078.0,15,NQ.v.0
2024-09-24 01:46:00+00:00,33,1,106364,20079.75,20080.75,20077.5,20077.5,35,NQ.v.0
2024-09-24 01:47:00+00:00,33,1,106364,20078.0,20078.0,20075.5,20075.75,33,NQ.v.0
2024-09-24 01:48:00+00:00,33,1,106364,20075.5,20075.75,20065.25,20066.0,207,NQ.v.0
2024-09-24 01:49:00+00:00,33,1,106364,20066.75,20067.25,20054.25,20054.25,246,NQ.v.0
2024-09-24 01:50:00+00:00,33,1,106364,20055.0,20061.75,20046.0,20059.0,317,NQ.v.0
2024-09-24 01:51:00+00:00,33,1,106364,20059.75,20060.0,20057.0,20058.0,52,NQ.v.0
2024-09-24 01:52:00+00:00,33,1,106364,20059.5,20063.25,20055.0,20055.5,77,NQ.v.0
2024-09-24 01:53:00+00:00,33,1,106364,20055.25,20057.75,20051.75,20054.0,79,NQ.v.0
2024-09-24 01:54:00+00:00,33,1,106364,20054.5,20057.5,20053.0,20057.25,41,NQ.v.0
2024-09-24 01:55:00+00:00,33,1,106364,20057.75,20059.0,20055.5,20055.5,24,NQ.v.0
2024-09-24 01:56:00+00:00,33,1,106364,20056.75,20057.5,20054.0,20054.75,31,NQ.v.0
2024-09-24 01:57:00+00:00,33,1,106364,20054.0,20055.25,20052.0,20052.0,24,NQ.v.0
2024-09-24 01:58:00+00:00,33,1,106364,20055.25,20055.75,20053.25,20055.75,18,NQ.v.0
2024-09-24 01:59:00+00:00,33,1,106364,20054.25,20055.5,20051.0,20051.0,40,NQ.v.0
2024-09-24 02:00:00+00:00,33,1,106364,20050.75,20050.75,20042.0,20048.25,234,NQ.v.0
2024-09-24 02:01:00+00:00,33,1,106364,20046.75,20051.75,20045.0,20051.75,73,NQ.v.0
2024-09-24 02:02:00+00:00,33,1,106364,20051.5,20052.25,20045.5,20045.5,94,NQ.v.0
2024-09-24 02:03:00+00:00,33,1,106364,20046.5,20047.25,20045.5,20046.5,19,NQ.v.0
2024-09-24 02:04:00+00:00,33,1,106364,20046.25,20048.75,20045.0,20048.25,35,NQ.v.0
2024-09-24 02:05:00+00:00,33,1,106364,20048.75,20051.75,20047.75,20048.5,79,NQ.v.0
2024-09-24 02:06:00+00:00,33,1,106364,20048.75,20049.5,20043.5,20044.25,71,NQ.v.0
2024-09-24 02:07:00+00:00,33,1,106364,20043.0,20043.0,20032.5,20035.75,341,NQ.v.0
2024-09-24 02:08:00+00:00,33,1,106364,20035.5,20037.0,20027.5,20030.25,212,NQ.v.0
2024-09-24 02:09:00+00:00,33,1,106364,20031.0,20031.75,20027.25,20031.5,86,NQ.v.0
2024-09-24 02:10:00+00:00,33,1,106364,20030.25,20033.0,20022.5,20029.25,199,NQ.v.0
2024-09-24 02:11:00+00:00,33,1,106364,20029.0,20035.5,20027.5,20034.25,65,NQ.v.0
2024-09-24 02:12:00+00:00,33,1,106364,20033.75,20034.5,20031.0,20031.75,36,NQ.v.0
2024-09-24 02:13:00+00:00,33,1,106364,20032.5,20039.5,20032.0,20038.25,103,NQ.v.0
2024-09-24 02:14:00+00:00,33,1,106364,20038.75,20039.25,20035.25,20038.0,25,NQ.v.0
2024-09-24 02:15:00+00:00,33,1,106364,20037.5,20038.25,20035.75,20036.5,32,NQ.v.0
2024-09-24 02:16:00+00:00,33,1,106364,20038.0,20038.5,20033.5,20035.5,82,NQ.v.0
2024-09-24 02:17:00+00:00,33,1,106364,20035.5,20036.75,20034.0,20034.75,21,NQ.v.0
2024-09-24 02:18:00+00:00,33,1,106364,20034.25,20037.25,20034.25,20034.5,41,NQ.v.0
2024-09-24 02:19:00+00:00,33,1,106364,20033.75,20036.25,20033.5,20033.75,35,NQ.v.0
2024-09-24 02:20:00+00:00,33,1,106364,20033.0,20037.0,20031.0,20031.75,48,NQ.v.0
2024-09-24 02:21:00+00:00,33,1,106364,20031.25,20034.25,20030.5,20032.0,34,NQ.v.0
2024-09-24 02:22:00+00:00,33,1,106364,20030.75,20034.0,20026.25,20031.25,101,NQ.v.0
2024-09-24 02:23:00+00:00,33,1,106364,20031.5,20031.5,20029.25,20029.25,30,NQ.v.0
2024-09-24 02:24:00+00:00,33,1,106364,20029.75,20029.75,20027.75,20029.25,26,NQ.v.0
2024-09-24 02:25:00+00:00,33,1,106364,20028.75,20028.75,20023.5,20028.0,75,NQ.v.0
2024-09-24 02:26:00+00:00,33,1,106364,20027.25,20035.75,20026.75,20033.25,102,NQ.v.0
2024-09-24 02:27:00+00:00,33,1,106364,20033.25,20034.25,20031.75,20032.5,46,NQ.v.0
2024-09-24 02:28:00+00:00,33,1,106364,20032.0,20032.0,20027.25,20029.25,55,NQ.v.0
2024-09-24 02:29:00+00:00,33,1,106364,20029.75,20031.5,20028.75,20031.5,30,NQ.v.0
2024-09-24 02:30:00+00:00,33,1,106364,20031.5,20036.0,20030.5,20036.0,67,NQ.v.0
2024-09-24 02:31:00+00:00,33,1,106364,20036.0,20037.75,20034.0,20036.0,50,NQ.v.0
2024-09-24 02:32:00+00:00,33,1,106364,20035.75,20036.75,20033.75,20035.0,59,NQ.v.0
2024-09-24 02:33:00+00:00,33,1,106364,20035.5,20038.75,20035.25,20035.75,55,NQ.v.0
2024-09-24 02:34:00+00:00,33,1,106364,20035.0,20035.0,20032.0,20032.75,28,NQ.v.0
2024-09-24 02:35:00+00:00,33,1,106364,20033.0,20033.0,20031.5,20031.5,23,NQ.v.0
2024-09-24 02:36:00+00:00,33,1,106364,20031.5,20033.25,20028.75,20031.5,45,NQ.v.0
2024-09-24 02:37:00+00:00,33,1,106364,20031.25,20032.0,20029.5,20031.75,23,NQ.v.0
2024-09-24 02:38:00+00:00,33,1,106364,20032.0,20035.75,20032.0,20035.25,30,NQ.v.0
2024-09-24 02:39:00+00:00,33,1,106364,20034.25,20034.25,20031.0,20032.5,12,NQ.v.0
2024-09-24 02:40:00+00:00,33,1,106364,20032.5,20039.5,20032.5,20038.0,46,NQ.v.0
2024-09-24 02:41:00+00:00,33,1,106364,20038.0,20039.0,20035.25,20035.75,47,NQ.v.0
2024-09-24 02:42:00+00:00,33,1,106364,20035.25,20037.5,20034.25,20036.25,25,NQ.v.0
2024-09-24 02:43:00+00:00,33,1,106364,20035.5,20036.5,20033.0,20036.5,27,NQ.v.0
2024-09-24 02:44:00+00:00,33,1,106364,20037.0,20038.75,20033.25,20033.5,86,NQ.v.0
2024-09-24 02:45:00+00:00,33,1,106364,20034.75,20034.75,20031.75,20033.5,41,NQ.v.0
2024-09-24 02:46:00+00:00,33,1,106364,20034.0,20034.75,20032.0,20033.75,21,NQ.v.0
2024-09-24 02:47:00+00:00,33,1,106364,20034.25,20036.75,20033.75,20036.75,31,NQ.v.0
2024-09-24 02:48:00+00:00,33,1,106364,20037.0,20037.5,20033.5,20036.0,30,NQ.v.0
2024-09-24 02:49:00+00:00,33,1,106364,20036.25,20036.25,20031.25,20033.0,46,NQ.v.0
2024-09-24 02:50:00+00:00,33,1,106364,20034.0,20034.5,20031.0,20033.0,24,NQ.v.0
2024-09-24 02:51:00+00:00,33,1,106364,20032.75,20033.5,20030.25,20031.25,29,NQ.v.0
2024-09-24 02:52:00+00:00,33,1,106364,20031.5,20033.5,20031.0,20033.5,12,NQ.v.0
2024-09-24 02:53:00+00:00,33,1,106364,20033.25,20033.25,20031.5,20031.5,10,NQ.v.0
2024-09-24 02:54:00+00:00,33,1,106364,20030.75,20035.75,20030.0,20035.5,46,NQ.v.0
2024-09-24 02:55:00+00:00,33,1,106364,20035.75,20038.25,20034.25,20036.25,44,NQ.v.0
2024-09-24 02:56:00+00:00,33,1,106364,20037.0,20041.0,20036.25,20036.25,66,NQ.v.0
2024-09-24 02:57:00+00:00,33,1,106364,20037.5,20041.0,20036.5,20040.0,56,NQ.v.0
2024-09-24 02:58:00+00:00,33,1,106364,20039.5,20044.75,20039.5,20043.5,59,NQ.v.0
2024-09-24 02:59:00+00:00,33,1,106364,20043.5,20045.25,20041.0,20045.0,80,NQ.v.0
2024-09-24 03:00:00+00:00,33,1,106364,20044.0,20047.75,20044.0,20044.75,108,NQ.v.0
2024-09-24 03:01:00+00:00,33,1,106364,20044.25,20045.75,20043.25,20044.5,27,NQ.v.0
2024-09-24 03:02:00+00:00,33,1,106364,20045.75,20046.25,20042.75,20044.75,46,NQ.v.0
2024-09-24 03:03:00+00:00,33,1,106364,20045.0,20046.75,20045.0,20046.25,30,NQ.v.0
2024-09-24 03:04:00+00:00,33,1,106364,20046.5,20048.5,20046.0,20046.25,29,NQ.v.0
2024-09-24 03:05:00+00:00,33,1,106364,20045.0,20045.0,20040.25,20043.25,71,NQ.v.0
2024-09-24 03:06:00+00:00,33,1,106364,20042.75,20044.5,20042.25,20043.25,30,NQ.v.0
2024-09-24 03:07:00+00:00,33,1,106364,20043.75,20045.5,20043.0,20045.25,16,NQ.v.0
2024-09-24 03:08:00+00:00,33,1,106364,20045.75,20046.75,20044.75,20045.0,39,NQ.v.0
2024-09-24 03:09:00+00:00,33,1,106364,20045.5,20046.5,20043.75,20045.5,23,NQ.v.0
2024-09-24 03:10:00+00:00,33,1,106364,20046.75,20048.5,20045.75,20045.75,34,NQ.v.0
2024-09-24 03:11:00+00:00,33,1,106364,20047.0,20047.5,20045.0,20046.5,20,NQ.v.0
2024-09-24 03:12:00+00:00,33,1,106364,20046.25,20046.75,20043.5,20044.25,32,NQ.v.0
2024-09-24 03:13:00+00:00,33,1,106364,20043.75,20044.25,20042.5,20044.25,12,NQ.v.0
2024-09-24 03:14:00+00:00,33,1,106364,20043.75,20044.75,20043.0,20043.5,14,NQ.v.0
2024-09-24 03:15:00+00:00,33,1,106364,20042.0,20045.0,20042.0,20044.75,23,NQ.v.0
2024-09-24 03:16:00+00:00,33,1,106364,20043.75,20044.5,20042.75,20044.5,8,NQ.v.0
2024-09-24 03:17:00+00:00,33,1,106364,20043.5,20043.75,20043.25,20043.75,4,NQ.v.0
2024-09-24 03:18:00+00:00,33,1,106364,20044.0,20044.75,20042.5,20043.5,17,NQ.v.0
2024-09-24 03:19:00+00:00,33,1,106364,20043.5,20048.25,20043.5,20047.0,34,NQ.v.0
2024-09-24 03:20:00+00:00,33,1,106364,20047.0,20048.25,20046.75,20047.25,16,NQ.v.0
2024-09-24 03:21:00+00:00,33,1,106364,20046.0,20046.0,20043.0,20044.25,15,NQ.v.0
2024-09-24 03:22:00+00:00,33,1,106364,20043.0,20043.5,20041.75,20042.75,13,NQ.v.0
2024-09-24 03:23:00+00:00,33,1,106364,20043.5,20045.0,20042.5,20044.0,25,NQ.v.0
2024-09-24 03:24:00+00:00,33,1,106364,20043.0,20045.5,20043.0,20044.0,16,NQ.v.0
2024-09-24 03:25:00+00:00,33,1,106364,20044.0,20044.75,20043.5,20043.75,9,NQ.v.0
2024-09-24 03:26:00+00:00,33,1,106364,20043.75,20043.75,20042.25,20042.75,17,NQ.v.0
2024-09-24 03:27:00+00:00,33,1,106364,20042.25,20043.25,20040.75,20043.25,22,NQ.v.0
2024-09-24 03:28:00+00:00,33,1,106364,20043.25,20043.25,20040.25,20041.5,17,NQ.v.0
2024-09-24 03:29:00+00:00,33,1,106364,20040.75,20044.75,20040.75,20044.75,35,NQ.v.0
2024-09-24 03:30:00+00:00,33,1,106364,20044.5,20046.5,20044.0,20045.25,33,NQ.v.0
2024-09-24 03:31:00+00:00,33,1,106364,20046.0,20046.25,20042.5,20042.5,17,NQ.v.0
2024-09-24 03:32:00+00:00,33,1,106364,20042.25,20043.5,20040.25,20042.25,26,NQ.v.0
2024-09-24 03:33:00+00:00,33,1,106364,20042.75,20045.0,20042.5,20043.5,15,NQ.v.0
2024-09-24 03:34:00+00:00,33,1,106364,20043.0,20043.75,20041.5,20041.5,8,NQ.v.0
2024-09-24 03:35:00+00:00,33,1,106364,20040.75,20040.75,20032.5,20036.75,137,NQ.v.0
2024-09-24 03:36:00+00:00,33,1,106364,20038.5,20042.75,20038.0,20042.75,43,NQ.v.0
2024-09-24 03:37:00+00:00,33,1,106364,20042.75,20044.25,20042.25,20043.0,22,NQ.v.0
2024-09-24 03:38:00+00:00,33,1,106364,20042.0,20044.25,20041.75,20043.0,12,NQ.v.0
2024-09-24 03:39:00+00:00,33,1,106364,20042.5,20046.0,20041.75,20045.75,26,NQ.v.0
2024-09-24 03:40:00+00:00,33,1,106364,20046.25,20047.0,20044.25,20045.75,62,NQ.v.0
2024-09-24 03:41:00+00:00,33,1,106364,20045.25,20046.25,20044.5,20045.25,15,NQ.v.0
2024-09-24 03:42:00+00:00,33,1,106364,20046.25,20049.0,20046.25,20048.5,58,NQ.v.0
2024-09-24 03:43:00+00:00,33,1,106364,20048.0,20049.5,20048.0,20049.0,26,NQ.v.0
2024-09-24 03:44:00+00:00,33,1,106364,20048.75,20049.75,20048.5,20049.25,32,NQ.v.0
2024-09-24 03:45:00+00:00,33,1,106364,20048.5,20051.25,20048.5,20049.5,44,NQ.v.0
2024-09-24 03:46:00+00:00,33,1,106364,20049.75,20051.0,20049.0,20049.5,29,NQ.v.0
2024-09-24 03:47:00+00:00,33,1,106364,20049.25,20053.25,20049.0,20051.75,55,NQ.v.0
2024-09-24 03:48:00+00:00,33,1,106364,20051.25,20055.25,20050.5,20052.0,90,NQ.v.0
2024-09-24 03:49:00+00:00,33,1,106364,20052.0,20053.25,20051.25,20052.0,21,NQ.v.0
2024-09-24 03:50:00+00:00,33,1,106364,20052.75,20054.5,20052.5,20054.5,37,NQ.v.0
2024-09-24 03:51:00+00:00,33,1,106364,20054.75,20056.25,20053.75,20056.0,61,NQ.v.0
2024-09-24 03:52:00+00:00,33,1,106364,20055.75,20055.75,20052.75,20053.25,37,NQ.v.0
2024-09-24 03:53:00+00:00,33,1,106364,20052.0,20052.5,20051.5,20052.0,24,NQ.v.0
2024-09-24 03:54:00+00:00,33,1,106364,20052.0,20053.0,20050.25,20050.5,20,NQ.v.0
2024-09-24 03:55:00+00:00,33,1,106364,20050.0,20051.0,20049.75,20050.25,21,NQ.v.0
2024-09-24 03:56:00+00:00,33,1,106364,20050.0,20051.5,20048.5,20050.5,28,NQ.v.0
2024-09-24 03:57:00+00:00,33,1,106364,20050.5,20051.0,20050.0,20050.75,12,NQ.v.0
2024-09-24 03:58:00+00:00,33,1,106364,20050.75,20050.75,20049.5,20050.0,5,NQ.v.0
2024-09-24 03:59:00+00:00,33,1,106364,20050.0,20050.5,20050.0,20050.25,10,NQ.v.0
2024-09-24 04:00:00+00:00,33,1,106364,20050.25,20054.75,20050.25,20054.75,54,NQ.v.0
2024-09-24 04:01:00+00:00,33,1,106364,20054.5,20054.5,20051.25,20052.5,25,NQ.v.0
2024-09-24 04:02:00+00:00,33,1,106364,20052.0,20053.5,20052.0,20052.75,21,NQ.v.0
2024-09-24 04:03:00+00:00,33,1,106364,20052.5,20053.25,20051.0,20052.25,16,NQ.v.0
2024-09-24 04:04:00+00:00,33,1,106364,20051.75,20051.75,20047.25,20048.0,58,NQ.v.0
2024-09-24 04:05:00+00:00,33,1,106364,20048.5,20049.0,20047.0,20047.0,29,NQ.v.0
2024-09-24 04:06:00+00:00,33,1,106364,20046.75,20047.75,20045.5,20047.75,30,NQ.v.0
2024-09-24 04:07:00+00:00,33,1,106364,20047.5,20050.75,20047.25,20050.0,26,NQ.v.0
2024-09-24 04:08:00+00:00,33,1,106364,20049.25,20050.0,20048.0,20048.25,29,NQ.v.0
2024-09-24 04:09:00+00:00,33,1,106364,20048.25,20049.0,20046.0,20047.25,26,NQ.v.0
2024-09-24 04:10:00+00:00,33,1,106364,20046.25,20046.75,20045.75,20046.75,12,NQ.v.0
2024-09-24 04:11:00+00:00,33,1,106364,20045.75,20049.0,20045.0,20049.0,24,NQ.v.0
2024-09-24 04:12:00+00:00,33,1,106364,20048.75,20051.0,20048.5,20051.0,14,NQ.v.0
2024-09-24 04:13:00+00:00,33,1,106364,20051.25,20052.75,20049.5,20049.5,43,NQ.v.0
2024-09-24 04:14:00+00:00,33,1,106364,20050.0,20051.5,20049.0,20050.25,23,NQ.v.0
2024-09-24 04:15:00+00:00,33,1,106364,20050.0,20050.0,20048.5,20049.75,30,NQ.v.0
2024-09-24 04:16:00+00:00,33,1,106364,20049.75,20049.75,20048.75,20048.75,4,NQ.v.0
2024-09-24 04:17:00+00:00,33,1,106364,20049.0,20050.0,20048.0,20050.0,20,NQ.v.0
2024-09-24 04:18:00+00:00,33,1,106364,20049.5,20051.0,20049.25,20050.0,17,NQ.v.0
2024-09-24 04:19:00+00:00,33,1,106364,20050.25,20050.25,20048.75,20049.25,21,NQ.v.0
2024-09-24 04:20:00+00:00,33,1,106364,20048.5,20049.0,20046.5,20048.75,32,NQ.v.0
2024-09-24 04:21:00+00:00,33,1,106364,20048.75,20051.25,20048.75,20051.0,14,NQ.v.0
2024-09-24 04:22:00+00:00,33,1,106364,20050.75,20054.5,20049.5,20053.75,62,NQ.v.0
2024-09-24 04:23:00+00:00,33,1,106364,20053.75,20054.5,20053.0,20054.0,31,NQ.v.0
2024-09-24 04:24:00+00:00,33,1,106364,20054.0,20055.75,20053.75,20055.25,25,NQ.v.0
2024-09-24 04:25:00+00:00,33,1,106364,20055.25,20060.5,20054.75,20059.0,107,NQ.v.0
2024-09-24 04:26:00+00:00,33,1,106364,20058.5,20059.75,20057.5,20058.5,31,NQ.v.0
2024-09-24 04:27:00+00:00,33,1,106364,20058.25,20058.75,20057.5,20058.0,21,NQ.v.0
2024-09-24 04:28:00+00:00,33,1,106364,20058.0,20061.75,20058.0,20060.5,80,NQ.v.0
2024-09-24 04:29:00+00:00,33,1,106364,20060.75,20067.0,20060.25,20065.75,201,NQ.v.0
2024-09-24 04:30:00+00:00,33,1,106364,20066.25,20072.75,20066.25,20071.75,216,NQ.v.0
2024-09-24 04:31:00+00:00,33,1,106364,20070.5,20073.0,20069.25,20069.5,75,NQ.v.0
2024-09-24 04:32:00+00:00,33,1,106364,20070.0,20072.25,20068.0,20069.0,29,NQ.v.0
2024-09-24 04:33:00+00:00,33,1,106364,20069.0,20069.0,20066.0,20066.5,34,NQ.v.0
2024-09-24 04:34:00+00:00,33,1,106364,20066.75,20071.0,20066.25,20070.5,68,NQ.v.0
2024-09-24 04:35:00+00:00,33,1,106364,20070.25,20070.75,20069.0,20069.75,17,NQ.v.0
2024-09-24 04:36:00+00:00,33,1,106364,20070.0,20070.25,20068.25,20070.0,19,NQ.v.0
2024-09-24 04:37:00+00:00,33,1,106364,20069.0,20070.75,20068.5,20069.25,14,NQ.v.0
2024-09-24 04:38:00+00:00,33,1,106364,20068.5,20072.25,20068.5,20072.25,29,NQ.v.0
2024-09-24 04:39:00+00:00,33,1,106364,20072.25,20072.75,20070.0,20071.75,27,NQ.v.0
2024-09-24 04:40:00+00:00,33,1,106364,20070.75,20074.25,20070.0,20072.5,56,NQ.v.0
2024-09-24 04:41:00+00:00,33,1,106364,20073.25,20073.25,20069.0,20069.0,24,NQ.v.0
2024-09-24 04:42:00+00:00,33,1,106364,20069.0,20069.0,20067.0,20067.5,54,NQ.v.0
2024-09-24 04:43:00+00:00,33,1,106364,20067.75,20069.0,20067.0,20069.0,23,NQ.v.0
2024-09-24 04:44:00+00:00,33,1,106364,20069.0,20069.5,20068.25,20068.75,17,NQ.v.0
2024-09-24 04:45:00+00:00,33,1,106364,20068.0,20072.0,20067.25,20071.5,34,NQ.v.0
2024-09-24 04:46:00+00:00,33,1,106364,20072.0,20073.0,20071.5,20072.0,31,NQ.v.0
2024-09-24 04:47:00+00:00,33,1,106364,20073.0,20073.25,20071.75,20072.0,19,NQ.v.0
2024-09-24 04:48:00+00:00,33,1,106364,20072.0,20073.0,20070.5,20071.5,18,NQ.v.0
2024-09-24 04:49:00+00:00,33,1,106364,20072.0,20072.75,20071.0,20072.0,19,NQ.v.0
2024-09-24 04:50:00+00:00,33,1,106364,20071.25,20072.25,20071.0,20071.0,16,NQ.v.0
2024-09-24 04:51:00+00:00,33,1,106364,20071.75,20073.75,20071.75,20073.75,12,NQ.v.0
2024-09-24 04:52:00+00:00,33,1,106364,20072.5,20074.0,20072.5,20074.0,5,NQ.v.0
2024-09-24 04:53:00+00:00,33,1,106364,20073.5,20074.25,20072.75,20073.5,16,NQ.v.0
2024-09-24 04:54:00+00:00,33,1,106364,20074.25,20074.5,20070.5,20072.25,30,NQ.v.0
2024-09-24 04:55:00+00:00,33,1,106364,20073.0,20073.0,20071.25,20072.75,16,NQ.v.0
2024-09-24 04:56:00+00:00,33,1,106364,20072.5,20073.25,20072.0,20073.25,4,NQ.v.0
2024-09-24 04:57:00+00:00,33,1,106364,20071.5,20072.75,20070.5,20071.5,17,NQ.v.0
2024-09-24 04:58:00+00:00,33,1,106364,20072.5,20073.0,20072.5,20073.0,2,NQ.v.0
2024-09-24 04:59:00+00:00,33,1,106364,20073.0,20074.75,20073.0,20073.25,34,NQ.v.0
2024-09-24 05:00:00+00:00,33,1,106364,20074.25,20084.25,20074.25,20083.0,273,NQ.v.0
2024-09-24 05:01:00+00:00,33,1,106364,20082.75,20084.0,20081.5,20083.0,56,NQ.v.0
2024-09-24 05:02:00+00:00,33,1,106364,20082.25,20083.25,20081.0,20082.0,42,NQ.v.0
2024-09-24 05:03:00+00:00,33,1,106364,20081.75,20083.0,20078.0,20079.0,31,NQ.v.0
2024-09-24 05:04:00+00:00,33,1,106364,20078.25,20083.25,20078.0,20081.75,61,NQ.v.0
2024-09-24 05:05:00+00:00,33,1,106364,20080.75,20081.75,20080.0,20081.25,29,NQ.v.0
2024-09-24 05:06:00+00:00,33,1,106364,20081.5,20084.75,20081.5,20083.5,40,NQ.v.0
2024-09-24 05:07:00+00:00,33,1,106364,20084.25,20085.75,20082.75,20082.75,40,NQ.v.0
2024-09-24 05:08:00+00:00,33,1,106364,20083.5,20092.0,20083.5,20089.5,260,NQ.v.0
2024-09-24 05:09:00+00:00,33,1,106364,20089.5,20095.25,20089.5,20095.0,164,NQ.v.0
2024-09-24 05:10:00+00:00,33,1,106364,20094.25,20102.0,20090.0,20094.75,310,NQ.v.0
2024-09-24 05:11:00+00:00,33,1,106364,20094.25,20098.25,20094.25,20095.75,60,NQ.v.0
2024-09-24 05:12:00+00:00,33,1,106364,20095.75,20098.75,20094.75,20097.0,86,NQ.v.0
2024-09-24 05:13:00+00:00,33,1,106364,20096.25,20096.25,20091.75,20093.0,47,NQ.v.0
2024-09-24 05:14:00+00:00,33,1,106364,20094.25,20096.0,20094.0,20095.0,35,NQ.v.0
2024-09-24 05:15:00+00:00,33,1,106364,20095.25,20097.0,20093.0,20095.0,65,NQ.v.0
2024-09-24 05:16:00+00:00,33,1,106364,20095.0,20096.0,20091.25,20092.0,23,NQ.v.0
2024-09-24 05:17:00+00:00,33,1,106364,20092.5,20094.75,20091.75,20094.25,25,NQ.v.0
2024-09-24 05:18:00+00:00,33,1,106364,20095.0,20095.75,20093.5,20094.25,43,NQ.v.0
2024-09-24 05:19:00+00:00,33,1,106364,20092.75,20093.5,20091.75,20092.25,34,NQ.v.0
2024-09-24 05:20:00+00:00,33,1,106364,20091.5,20093.25,20091.0,20091.0,58,NQ.v.0
2024-09-24 05:21:00+00:00,33,1,106364,20091.25,20092.0,20089.25,20089.75,67,NQ.v.0
2024-09-24 05:22:00+00:00,33,1,106364,20089.25,20090.5,20087.75,20090.25,53,NQ.v.0
2024-09-24 05:23:00+00:00,33,1,106364,20089.75,20090.75,20088.5,20089.0,28,NQ.v.0
2024-09-24 05:24:00+00:00,33,1,106364,20088.5,20090.0,20087.0,20088.0,37,NQ.v.0
2024-09-24 05:25:00+00:00,33,1,106364,20088.75,20091.0,20087.75,20089.75,37,NQ.v.0
2024-09-24 05:26:00+00:00,33,1,106364,20090.75,20092.75,20089.5,20091.75,31,NQ.v.0
2024-09-24 05:27:00+00:00,33,1,106364,20091.75,20094.75,20091.75,20093.25,91,NQ.v.0
2024-09-24 05:28:00+00:00,33,1,106364,20093.0,20093.75,20091.5,20091.75,15,NQ.v.0
2024-09-24 05:29:00+00:00,33,1,106364,20091.75,20093.75,20091.5,20093.75,25,NQ.v.0
2024-09-24 05:30:00+00:00,33,1,106364,20094.0,20096.25,20092.75,20093.75,82,NQ.v.0
2024-09-24 05:31:00+00:00,33,1,106364,20092.5,20092.5,20089.75,20090.5,48,NQ.v.0
2024-09-24 05:32:00+00:00,33,1,106364,20091.5,20091.5,20088.75,20090.0,42,NQ.v.0
2024-09-24 05:33:00+00:00,33,1,106364,20091.0,20093.5,20091.0,20091.25,25,NQ.v.0
2024-09-24 05:34:00+00:00,33,1,106364,20090.75,20091.0,20088.75,20089.75,34,NQ.v.0
2024-09-24 05:35:00+00:00,33,1,106364,20089.75,20092.25,20087.0,20087.75,77,NQ.v.0
2024-09-24 05:36:00+00:00,33,1,106364,20088.25,20089.5,20085.75,20086.75,39,NQ.v.0
2024-09-24 05:37:00+00:00,33,1,106364,20086.25,20088.25,20086.0,20088.25,16,NQ.v.0
2024-09-24 05:38:00+00:00,33,1,106364,20088.75,20092.0,20088.75,20091.5,29,NQ.v.0
2024-09-24 05:39:00+00:00,33,1,106364,20091.25,20091.25,20087.5,20090.0,31,NQ.v.0
2024-09-24 05:40:00+00:00,33,1,106364,20090.0,20091.75,20086.25,20086.75,68,NQ.v.0
2024-09-24 05:41:00+00:00,33,1,106364,20087.5,20090.0,20084.75,20089.5,41,NQ.v.0
2024-09-24 05:42:00+00:00,33,1,106364,20090.0,20091.75,20088.75,20090.0,43,NQ.v.0
2024-09-24 05:43:00+00:00,33,1,106364,20090.75,20094.0,20089.75,20093.25,37,NQ.v.0
2024-09-24 05:44:00+00:00,33,1,106364,20092.0,20094.0,20092.0,20092.75,38,NQ.v.0
2024-09-24 05:45:00+00:00,33,1,106364,20093.25,20094.25,20090.75,20091.5,52,NQ.v.0
2024-09-24 05:46:00+00:00,33,1,106364,20092.5,20098.0,20092.5,20094.75,78,NQ.v.0
2024-09-24 05:47:00+00:00,33,1,106364,20095.0,20098.25,20094.75,20097.5,41,NQ.v.0
2024-09-24 05:48:00+00:00,33,1,106364,20097.5,20100.25,20096.0,20098.0,115,NQ.v.0
2024-09-24 05:49:00+00:00,33,1,106364,20097.75,20100.0,20096.25,20098.5,38,NQ.v.0
2024-09-24 05:50:00+00:00,33,1,106364,20098.5,20098.5,20096.0,20097.0,28,NQ.v.0
2024-09-24 05:51:00+00:00,33,1,106364,20097.5,20098.5,20095.75,20097.0,19,NQ.v.0
2024-09-24 05:52:00+00:00,33,1,106364,20098.0,20104.75,20097.5,20102.75,148,NQ.v.0
2024-09-24 05:53:00+00:00,33,1,106364,20103.75,20109.25,20102.75,20108.25,208,NQ.v.0
2024-09-24 05:54:00+00:00,33,1,106364,20108.25,20110.0,20104.75,20106.75,132,NQ.v.0
2024-09-24 05:55:00+00:00,33,1,106364,20107.5,20109.0,20106.25,20106.75,82,NQ.v.0
2024-09-24 05:56:00+00:00,33,1,106364,20106.0,20108.25,20105.0,20106.75,72,NQ.v.0
2024-09-24 05:57:00+00:00,33,1,106364,20107.25,20108.5,20101.25,20103.0,84,NQ.v.0
2024-09-24 05:58:00+00:00,33,1,106364,20103.0,20105.25,20102.0,20104.5,62,NQ.v.0
2024-09-24 05:59:00+00:00,33,1,106364,20104.75,20106.0,20103.75,20104.25,53,NQ.v.0
2024-09-24 06:00:00+00:00,33,1,106364,20105.0,20106.25,20100.5,20105.0,138,NQ.v.0
2024-09-24 06:01:00+00:00,33,1,106364,20106.0,20106.25,20102.5,20104.5,79,NQ.v.0
2024-09-24 06:02:00+00:00,33,1,106364,20105.0,20105.5,20099.5,20103.25,82,NQ.v.0
2024-09-24 06:03:00+00:00,33,1,106364,20103.25,20107.0,20103.25,20103.75,82,NQ.v.0
2024-09-24 06:04:00+00:00,33,1,106364,20104.25,20105.5,20100.75,20105.25,91,NQ.v.0
2024-09-24 06:05:00+00:00,33,1,106364,20105.25,20106.0,20102.0,20103.0,65,NQ.v.0
2024-09-24 06:06:00+00:00,33,1,106364,20103.5,20104.25,20098.75,20099.75,52,NQ.v.0
2024-09-24 06:07:00+00:00,33,1,106364,20099.25,20100.25,20095.25,20100.25,86,NQ.v.0
2024-09-24 06:08:00+00:00,33,1,106364,20100.5,20104.5,20099.5,20101.5,65,NQ.v.0
2024-09-24 06:09:00+00:00,33,1,106364,20102.0,20102.25,20099.5,20101.25,71,NQ.v.0
2024-09-24 06:10:00+00:00,33,1,106364,20100.75,20102.0,20097.0,20101.25,64,NQ.v.0
2024-09-24 06:11:00+00:00,33,1,106364,20101.0,20102.75,20100.25,20100.75,32,NQ.v.0
2024-09-24 06:12:00+00:00,33,1,106364,20100.75,20106.5,20100.75,20104.0,63,NQ.v.0
2024-09-24 06:13:00+00:00,33,1,106364,20104.75,20105.25,20102.75,20104.0,30,NQ.v.0
2024-09-24 06:14:00+00:00,33,1,106364,20104.25,20106.25,20104.0,20104.75,39,NQ.v.0
2024-09-24 06:15:00+00:00,33,1,106364,20104.75,20106.25,20101.25,20102.0,31,NQ.v.0
2024-09-24 06:16:00+00:00,33,1,106364,20103.0,20105.5,20102.0,20103.75,48,NQ.v.0
2024-09-24 06:17:00+00:00,33,1,106364,20103.5,20106.0,20102.75,20104.5,24,NQ.v.0
2024-09-24 06:18:00+00:00,33,1,106364,20104.5,20105.5,20104.25,20104.5,13,NQ.v.0
2024-09-24 06:19:00+00:00,33,1,106364,20104.5,20105.5,20102.75,20104.75,59,NQ.v.0
2024-09-24 06:20:00+00:00,33,1,106364,20104.75,20107.75,20104.5,20107.5,95,NQ.v.0
2024-09-24 06:21:00+00:00,33,1,106364,20107.75,20107.75,20104.5,20107.25,59,NQ.v.0
2024-09-24 06:22:00+00:00,33,1,106364,20107.75,20110.0,20106.25,20108.5,93,NQ.v.0
2024-09-24 06:23:00+00:00,33,1,106364,20108.25,20108.25,20106.5,20107.5,33,NQ.v.0
2024-09-24 06:24:00+00:00,33,1,106364,20108.0,20110.0,20105.5,20107.0,50,NQ.v.0
2024-09-24 06:25:00+00:00,33,1,106364,20107.25,20110.0,20107.0,20108.75,42,NQ.v.0
2024-09-24 06:26:00+00:00,33,1,106364,20108.5,20110.0,20107.75,20107.75,66,NQ.v.0
2024-09-24 06:27:00+00:00,33,1,106364,20109.25,20109.5,20106.75,20107.25,43,NQ.v.0
2024-09-24 06:28:00+00:00,33,1,106364,20106.5,20106.5,20104.0,20104.0,39,NQ.v.0
2024-09-24 06:29:00+00:00,33,1,106364,20103.75,20104.75,20103.0,20104.5,90,NQ.v.0
2024-09-24 06:30:00+00:00,33,1,106364,20104.0,20105.0,20103.0,20103.25,37,NQ.v.0
2024-09-24 06:31:00+00:00,33,1,106364,20103.25,20104.0,20101.75,20102.5,40,NQ.v.0
2024-09-24 06:32:00+00:00,33,1,106364,20102.5,20108.75,20102.5,20107.25,97,NQ.v.0
2024-09-24 06:33:00+00:00,33,1,106364,20107.75,20115.75,20107.75,20111.5,299,NQ.v.0
2024-09-24 06:34:00+00:00,33,1,106364,20111.5,20114.0,20111.25,20113.25,64,NQ.v.0
2024-09-24 06:35:00+00:00,33,1,106364,20114.25,20114.25,20111.25,20112.75,42,NQ.v.0
2024-09-24 06:36:00+00:00,33,1,106364,20113.0,20115.5,20111.75,20113.75,106,NQ.v.0
2024-09-24 06:37:00+00:00,33,1,106364,20113.25,20114.75,20112.5,20112.5,25,NQ.v.0
2024-09-24 06:38:00+00:00,33,1,106364,20112.0,20112.25,20109.5,20111.5,68,NQ.v.0
2024-09-24 06:39:00+00:00,33,1,106364,20111.5,20113.75,20111.25,20112.5,31,NQ.v.0
2024-09-24 06:40:00+00:00,33,1,106364,20112.75,20112.75,20110.5,20110.75,33,NQ.v.0
2024-09-24 06:41:00+00:00,33,1,106364,20111.0,20111.0,20109.75,20109.75,32,NQ.v.0
2024-09-24 06:42:00+00:00,33,1,106364,20110.0,20111.5,20108.5,20111.5,57,NQ.v.0
2024-09-24 06:43:00+00:00,33,1,106364,20111.0,20111.0,20107.75,20110.0,30,NQ.v.0
2024-09-24 06:44:00+00:00,33,1,106364,20111.5,20113.75,20110.5,20113.5,49,NQ.v.0
2024-09-24 06:45:00+00:00,33,1,106364,20113.5,20117.5,20113.25,20116.25,148,NQ.v.0
2024-09-24 06:46:00+00:00,33,1,106364,20116.0,20117.25,20115.75,20115.75,31,NQ.v.0
2024-09-24 06:47:00+00:00,33,1,106364,20116.75,20118.5,20116.25,20118.0,41,NQ.v.0
2024-09-24 06:48:00+00:00,33,1,106364,20118.5,20122.25,20118.0,20120.75,110,NQ.v.0
2024-09-24 06:49:00+00:00,33,1,106364,20119.75,20121.5,20118.25,20120.25,80,NQ.v.0
2024-09-24 06:50:00+00:00,33,1,106364,20120.0,20120.25,20118.5,20120.0,40,NQ.v.0
2024-09-24 06:51:00+00:00,33,1,106364,20120.25,20122.75,20119.25,20119.25,59,NQ.v.0
2024-09-24 06:52:00+00:00,33,1,106364,20119.25,20127.75,20119.0,20125.25,217,NQ.v.0
2024-09-24 06:53:00+00:00,33,1,106364,20125.25,20127.0,20124.5,20127.0,69,NQ.v.0
2024-09-24 06:54:00+00:00,33,1,106364,20126.75,20129.25,20125.5,20126.5,154,NQ.v.0
2024-09-24 06:55:00+00:00,33,1,106364,20127.25,20137.25,20127.25,20134.25,552,NQ.v.0
2024-09-24 06:56:00+00:00,33,1,106364,20134.75,20140.0,20134.75,20136.5,216,NQ.v.0
2024-09-24 06:57:00+00:00,33,1,106364,20136.75,20137.25,20132.0,20132.5,91,NQ.v.0
2024-09-24 06:58:00+00:00,33,1,106364,20132.5,20132.5,20126.25,20129.0,129,NQ.v.0
2024-09-24 06:59:00+00:00,33,1,106364,20129.25,20130.25,20127.0,20128.0,70,NQ.v.0
2024-09-24 07:00:00+00:00,33,1,106364,20128.75,20135.0,20127.75,20132.25,195,NQ.v.0
2024-09-24 07:01:00+00:00,33,1,106364,20132.75,20133.25,20127.75,20129.0,97,NQ.v.0
2024-09-24 07:02:00+00:00,33,1,106364,20129.5,20132.0,20127.0,20129.75,62,NQ.v.0
2024-09-24 07:03:00+00:00,33,1,106364,20129.25,20132.75,20127.0,20128.0,74,NQ.v.0
2024-09-24 07:04:00+00:00,33,1,106364,20127.75,20128.5,20125.25,20127.5,67,NQ.v.0
2024-09-24 07:05:00+00:00,33,1,106364,20128.25,20136.25,20128.25,20135.0,168,NQ.v.0
2024-09-24 07:06:00+00:00,33,1,106364,20136.0,20136.25,20132.75,20135.25,102,NQ.v.0
2024-09-24 07:07:00+00:00,33,1,106364,20134.5,20136.5,20132.75,20134.75,68,NQ.v.0
2024-09-24 07:08:00+00:00,33,1,106364,20134.5,20134.5,20130.75,20133.5,58,NQ.v.0
2024-09-24 07:09:00+00:00,33,1,106364,20134.0,20136.25,20130.0,20130.25,127,NQ.v.0
2024-09-24 07:10:00+00:00,33,1,106364,20131.0,20133.75,20128.25,20129.25,115,NQ.v.0
2024-09-24 07:11:00+00:00,33,1,106364,20128.5,20129.25,20126.5,20126.75,75,NQ.v.0
2024-09-24 07:12:00+00:00,33,1,106364,20127.75,20129.25,20125.25,20126.5,92,NQ.v.0
2024-09-24 07:13:00+00:00,33,1,106364,20126.75,20127.25,20125.0,20126.75,100,NQ.v.0
2024-09-24 07:14:00+00:00,33,1,106364,20126.5,20129.25,20126.5,20128.0,96,NQ.v.0
2024-09-24 07:15:00+00:00,33,1,106364,20127.5,20127.5,20125.0,20125.75,109,NQ.v.0
2024-09-24 07:16:00+00:00,33,1,106364,20125.75,20129.0,20125.0,20129.0,65,NQ.v.0
2024-09-24 07:17:00+00:00,33,1,106364,20129.0,20130.0,20127.5,20129.25,27,NQ.v.0
2024-09-24 07:18:00+00:00,33,1,106364,20128.75,20130.0,20127.5,20127.5,33,NQ.v.0
2024-09-24 07:19:00+00:00,33,1,106364,20128.25,20129.0,20126.0,20128.25,49,NQ.v.0
2024-09-24 07:20:00+00:00,33,1,106364,20128.25,20131.0,20127.75,20129.5,40,NQ.v.0
2024-09-24 07:21:00+00:00,33,1,106364,20129.5,20129.75,20125.0,20125.75,45,NQ.v.0
2024-09-24 07:22:00+00:00,33,1,106364,20125.75,20127.25,20119.0,20127.25,243,NQ.v.0
2024-09-24 07:23:00+00:00,33,1,106364,20127.0,20127.0,20120.75,20121.0,65,NQ.v.0
2024-09-24 07:24:00+00:00,33,1,106364,20121.5,20122.75,20118.25,20119.0,54,NQ.v.0
2024-09-24 07:25:00+00:00,33,1,106364,20119.25,20121.25,20117.25,20120.0,95,NQ.v.0
2024-09-24 07:26:00+00:00,33,1,106364,20119.5,20123.0,20111.5,20114.5,173,NQ.v.0
2024-09-24 07:27:00+00:00,33,1,106364,20114.75,20118.25,20114.75,20115.75,87,NQ.v.0
2024-09-24 07:28:00+00:00,33,1,106364,20115.0,20115.0,20102.0,20105.5,246,NQ.v.0
2024-09-24 07:29:00+00:00,33,1,106364,20105.75,20107.75,20100.0,20105.25,140,NQ.v.0
2024-09-24 07:30:00+00:00,33,1,106364,20106.25,20107.0,20099.0,20100.0,156,NQ.v.0
2024-09-24 07:31:00+00:00,33,1,106364,20100.25,20101.75,20096.75,20098.75,151,NQ.v.0
2024-09-24 07:32:00+00:00,33,1,106364,20098.75,20100.25,20096.0,20099.75,70,NQ.v.0
2024-09-24 07:33:00+00:00,33,1,106364,20099.25,20100.5,20094.25,20095.25,117,NQ.v.0
2024-09-24 07:34:00+00:00,33,1,106364,20094.75,20100.0,20093.0,20099.25,92,NQ.v.0
2024-09-24 07:35:00+00:00,33,1,106364,20099.25,20108.5,20099.25,20108.5,136,NQ.v.0
2024-09-24 07:36:00+00:00,33,1,106364,20108.75,20109.75,20107.0,20109.5,46,NQ.v.0
2024-09-24 07:37:00+00:00,33,1,106364,20109.5,20109.5,20105.25,20107.25,76,NQ.v.0
2024-09-24 07:38:00+00:00,33,1,106364,20107.5,20112.75,20106.5,20110.75,100,NQ.v.0
2024-09-24 07:39:00+00:00,33,1,106364,20110.75,20114.25,20110.5,20110.75,65,NQ.v.0
2024-09-24 07:40:00+00:00,33,1,106364,20110.5,20111.5,20107.25,20109.25,143,NQ.v.0
2024-09-24 07:41:00+00:00,33,1,106364,20108.25,20109.25,20104.0,20106.75,86,NQ.v.0
2024-09-24 07:42:00+00:00,33,1,106364,20106.5,20109.5,20106.0,20109.5,52,NQ.v.0
2024-09-24 07:43:00+00:00,33,1,106364,20110.0,20117.0,20110.0,20117.0,101,NQ.v.0
2024-09-24 07:44:00+00:00,33,1,106364,20116.25,20118.5,20114.5,20116.5,73,NQ.v.0
2024-09-24 07:45:00+00:00,33,1,106364,20116.25,20124.75,20115.75,20122.75,202,NQ.v.0
2024-09-24 07:46:00+00:00,33,1,106364,20122.75,20130.5,20122.75,20130.0,141,NQ.v.0
2024-09-24 07:47:00+00:00,33,1,106364,20129.0,20131.25,20126.25,20126.25,124,NQ.v.0
2024-09-24 07:48:00+00:00,33,1,106364,20126.75,20128.5,20122.0,20123.25,85,NQ.v.0
2024-09-24 07:49:00+00:00,33,1,106364,20124.0,20125.75,20122.75,20125.25,51,NQ.v.0
2024-09-24 07:50:00+00:00,33,1,106364,20126.25,20130.25,20125.0,20129.0,132,NQ.v.0
2024-09-24 07:51:00+00:00,33,1,106364,20128.5,20132.25,20128.0,20132.25,81,NQ.v.0
2024-09-24 07:52:00+00:00,33,1,106364,20132.5,20140.0,20131.75,20139.5,254,NQ.v.0
2024-09-24 07:53:00+00:00,33,1,106364,20139.0,20142.75,20138.25,20139.5,112,NQ.v.0
2024-09-24 07:54:00+00:00,33,1,106364,20140.0,20143.75,20139.25,20141.75,138,NQ.v.0
2024-09-24 07:55:00+00:00,33,1,106364,20141.75,20142.75,20138.0,20141.5,93,NQ.v.0
2024-09-24 07:56:00+00:00,33,1,106364,20141.5,20145.75,20140.75,20141.75,142,NQ.v.0
2024-09-24 07:57:00+00:00,33,1,106364,20142.0,20143.5,20140.75,20142.75,81,NQ.v.0
2024-09-24 07:58:00+00:00,33,1,106364,20143.0,20153.0,20143.0,20149.75,382,NQ.v.0
2024-09-24 07:59:00+00:00,33,1,106364,20150.0,20153.75,20148.5,20152.5,199,NQ.v.0
2024-09-24 08:00:00+00:00,33,1,106364,20151.75,20151.75,20134.25,20137.25,413,NQ.v.0
2024-09-24 08:01:00+00:00,33,1,106364,20136.75,20142.0,20135.0,20137.5,156,NQ.v.0
2024-09-24 08:02:00+00:00,33,1,106364,20137.5,20142.5,20136.0,20138.75,124,NQ.v.0
2024-09-24 08:03:00+00:00,33,1,106364,20137.75,20144.75,20137.75,20143.0,137,NQ.v.0
2024-09-24 08:04:00+00:00,33,1,106364,20142.25,20147.75,20141.0,20147.0,109,NQ.v.0
2024-09-24 08:05:00+00:00,33,1,106364,20148.0,20152.0,20147.5,20148.0,167,NQ.v.0
2024-09-24 08:06:00+00:00,33,1,106364,20148.25,20153.0,20146.5,20152.75,151,NQ.v.0
2024-09-24 08:07:00+00:00,33,1,106364,20152.25,20152.5,20138.25,20140.75,389,NQ.v.0
2024-09-24 08:08:00+00:00,33,1,106364,20141.0,20146.5,20139.5,20145.5,242,NQ.v.0
2024-09-24 08:09:00+00:00,33,1,106364,20146.5,20154.25,20146.5,20148.25,214,NQ.v.0
2024-09-24 08:10:00+00:00,33,1,106364,20148.75,20153.0,20147.75,20151.0,98,NQ.v.0
2024-09-24 08:11:00+00:00,33,1,106364,20151.25,20157.0,20150.25,20154.75,249,NQ.v.0
2024-09-24 08:12:00+00:00,33,1,106364,20155.25,20156.25,20151.25,20152.25,131,NQ.v.0
2024-09-24 08:13:00+00:00,33,1,106364,20152.75,20156.5,20151.5,20152.75,96,NQ.v.0
2024-09-24 08:14:00+00:00,33,1,106364,20153.25,20162.75,20153.25,20157.75,435,NQ.v.0
2024-09-24 08:15:00+00:00,33,1,106364,20157.5,20160.5,20157.25,20159.5,149,NQ.v.0
2024-09-24 08:16:00+00:00,33,1,106364,20160.0,20166.25,20157.5,20158.0,447,NQ.v.0
2024-09-24 08:17:00+00:00,33,1,106364,20158.5,20162.25,20157.5,20158.75,167,NQ.v.0
2024-09-24 08:18:00+00:00,33,1,106364,20159.25,20170.75,20159.25,20169.5,364,NQ.v.0
2024-09-24 08:19:00+00:00,33,1,106364,20169.0,20172.75,20167.0,20169.0,272,NQ.v.0
2024-09-24 08:20:00+00:00,33,1,106364,20169.25,20171.5,20166.5,20168.5,251,NQ.v.0
2024-09-24 08:21:00+00:00,33,1,106364,20169.25,20175.75,20166.25,20175.75,207,NQ.v.0
2024-09-24 08:22:00+00:00,33,1,106364,20176.0,20177.5,20174.75,20175.75,152,NQ.v.0
2024-09-24 08:23:00+00:00,33,1,106364,20176.0,20178.25,20175.25,20177.5,110,NQ.v.0
2024-09-24 08:24:00+00:00,33,1,106364,20177.75,20179.25,20173.5,20174.0,125,NQ.v.0
2024-09-24 08:25:00+00:00,33,1,106364,20174.25,20174.5,20167.5,20169.25,111,NQ.v.0
2024-09-24 08:26:00+00:00,33,1,106364,20170.0,20173.0,20170.0,20173.0,110,NQ.v.0
2024-09-24 08:27:00+00:00,33,1,106364,20173.5,20175.75,20169.75,20172.25,154,NQ.v.0
2024-09-24 08:28:00+00:00,33,1,106364,20172.5,20176.25,20172.5,20174.25,111,NQ.v.0
2024-09-24 08:29:00+00:00,33,1,106364,20174.75,20176.0,20173.75,20175.0,87,NQ.v.0
2024-09-24 08:30:00+00:00,33,1,106364,20175.5,20176.5,20167.0,20167.25,153,NQ.v.0
2024-09-24 08:31:00+00:00,33,1,106364,20167.25,20168.25,20163.0,20164.75,127,NQ.v.0
2024-09-24 08:32:00+00:00,33,1,106364,20164.0,20167.5,20164.0,20166.25,115,NQ.v.0
2024-09-24 08:33:00+00:00,33,1,106364,20166.75,20166.75,20160.0,20160.5,96,NQ.v.0
2024-09-24 08:34:00+00:00,33,1,106364,20160.5,20163.5,20159.25,20163.5,101,NQ.v.0
2024-09-24 08:35:00+00:00,33,1,106364,20162.5,20168.5,20161.25,20168.5,152,NQ.v.0
2024-09-24 08:36:00+00:00,33,1,106364,20168.75,20170.5,20167.25,20167.25,127,NQ.v.0
2024-09-24 08:37:00+00:00,33,1,106364,20167.75,20167.75,20162.5,20163.25,94,NQ.v.0
2024-09-24 08:38:00+00:00,33,1,106364,20163.5,20164.75,20161.5,20162.75,34,NQ.v.0
2024-09-24 08:39:00+00:00,33,1,106364,20161.75,20164.75,20156.5,20157.25,152,NQ.v.0
2024-09-24 08:40:00+00:00,33,1,106364,20157.25,20159.75,20154.25,20156.5,174,NQ.v.0
2024-09-24 08:41:00+00:00,33,1,106364,20157.75,20159.25,20154.0,20157.25,69,NQ.v.0
2024-09-24 08:42:00+00:00,33,1,106364,20156.25,20158.75,20155.25,20157.5,48,NQ.v.0
2024-09-24 08:43:00+00:00,33,1,106364,20157.75,20157.75,20155.5,20156.5,52,NQ.v.0
2024-09-24 08:44:00+00:00,33,1,106364,20156.25,20160.5,20151.75,20152.75,159,NQ.v.0
2024-09-24 08:45:00+00:00,33,1,106364,20153.25,20154.0,20149.5,20153.25,128,NQ.v.0
2024-09-24 08:46:00+00:00,33,1,106364,20153.25,20154.5,20150.75,20153.0,79,NQ.v.0
2024-09-24 08:47:00+00:00,33,1,106364,20152.0,20157.25,20151.75,20155.5,95,NQ.v.0
2024-09-24 08:48:00+00:00,33,1,106364,20156.5,20161.0,20156.5,20159.25,60,NQ.v.0
2024-09-24 08:49:00+00:00,33,1,106364,20160.5,20164.25,20160.0,20164.25,90,NQ.v.0
2024-09-24 08:50:00+00:00,33,1,106364,20163.5,20163.75,20161.25,20162.25,52,NQ.v.0
2024-09-24 08:51:00+00:00,33,1,106364,20162.5,20169.5,20162.5,20164.5,116,NQ.v.0
2024-09-24 08:52:00+00:00,33,1,106364,20164.25,20164.25,20158.0,20162.75,102,NQ.v.0
2024-09-24 08:53:00+00:00,33,1,106364,20162.5,20162.75,20159.75,20162.0,54,NQ.v.0
2024-09-24 08:54:00+00:00,33,1,106364,20162.5,20166.25,20161.25,20161.5,67,NQ.v.0
2024-09-24 08:55:00+00:00,33,1,106364,20162.0,20163.75,20161.75,20162.25,47,NQ.v.0
2024-09-24 08:56:00+00:00,33,1,106364,20161.5,20162.0,20159.0,20161.75,57,NQ.v.0
2024-09-24 08:57:00+00:00,33,1,106364,20161.75,20166.25,20160.25,20164.75,76,NQ.v.0
2024-09-24 08:58:00+00:00,33,1,106364,20164.25,20167.5,20161.25,20162.25,89,NQ.v.0
2024-09-24 08:59:00+00:00,33,1,106364,20162.25,20165.25,20161.5,20164.5,47,NQ.v.0
2024-09-24 09:00:00+00:00,33,1,106364,20164.75,20165.25,20162.0,20163.75,38,NQ.v.0
2024-09-24 09:01:00+00:00,33,1,106364,20162.5,20165.5,20160.0,20160.5,45,NQ.v.0
2024-09-24 09:02:00+00:00,33,1,106364,20160.5,20161.5,20159.0,20160.75,38,NQ.v.0
2024-09-24 09:03:00+00:00,33,1,106364,20161.5,20164.0,20160.25,20163.5,34,NQ.v.0
2024-09-24 09:04:00+00:00,33,1,106364,20163.25,20164.75,20158.75,20158.75,39,NQ.v.0
2024-09-24 09:05:00+00:00,33,1,106364,20159.75,20159.75,20153.25,20158.5,127,NQ.v.0
2024-09-24 09:06:00+00:00,33,1,106364,20158.25,20158.5,20155.0,20156.5,79,NQ.v.0
2024-09-24 09:07:00+00:00,33,1,106364,20156.75,20156.75,20154.25,20155.25,24,NQ.v.0
2024-09-24 09:08:00+00:00,33,1,106364,20155.5,20158.5,20153.0,20154.25,38,NQ.v.0
2024-09-24 09:09:00+00:00,33,1,106364,20156.75,20161.5,20156.25,20161.5,53,NQ.v.0
2024-09-24 09:10:00+00:00,33,1,106364,20161.25,20161.25,20158.25,20160.5,25,NQ.v.0
2024-09-24 09:11:00+00:00,33,1,106364,20160.25,20161.0,20155.0,20155.5,46,NQ.v.0
2024-09-24 09:12:00+00:00,33,1,106364,20156.0,20156.25,20153.25,20153.75,41,NQ.v.0
2024-09-24 09:13:00+00:00,33,1,106364,20153.25,20154.5,20152.0,20154.5,114,NQ.v.0
2024-09-24 09:14:00+00:00,33,1,106364,20154.0,20155.5,20148.75,20151.0,144,NQ.v.0
2024-09-24 09:15:00+00:00,33,1,106364,20151.25,20152.5,20148.0,20150.0,86,NQ.v.0
2024-09-24 09:16:00+00:00,33,1,106364,20149.0,20152.5,20149.0,20151.5,65,NQ.v.0
2024-09-24 09:17:00+00:00,33,1,106364,20151.0,20151.0,20146.75,20147.25,67,NQ.v.0
2024-09-24 09:18:00+00:00,33,1,106364,20147.25,20149.0,20144.75,20146.75,112,NQ.v.0
2024-09-24 09:19:00+00:00,33,1,106364,20146.5,20147.25,20143.75,20144.75,96,NQ.v.0
2024-09-24 09:20:00+00:00,33,1,106364,20144.25,20144.25,20132.5,20136.5,342,NQ.v.0
2024-09-24 09:21:00+00:00,33,1,106364,20136.5,20139.5,20135.5,20138.0,104,NQ.v.0
2024-09-24 09:22:00+00:00,33,1,106364,20137.75,20139.75,20134.5,20139.25,105,NQ.v.0
2024-09-24 09:23:00+00:00,33,1,106364,20140.0,20141.75,20135.0,20140.75,135,NQ.v.0
2024-09-24 09:24:00+00:00,33,1,106364,20141.25,20142.0,20139.75,20141.5,40,NQ.v.0
2024-09-24 09:25:00+00:00,33,1,106364,20142.25,20143.0,20135.75,20137.0,117,NQ.v.0
2024-09-24 09:26:00+00:00,33,1,106364,20137.5,20141.5,20135.75,20141.5,74,NQ.v.0
2024-09-24 09:27:00+00:00,33,1,106364,20141.0,20146.25,20141.0,20145.75,107,NQ.v.0
2024-09-24 09:28:00+00:00,33,1,106364,20146.0,20148.25,20141.0,20141.0,120,NQ.v.0
2024-09-24 09:29:00+00:00,33,1,106364,20141.25,20144.0,20138.0,20139.25,115,NQ.v.0
2024-09-24 09:30:00+00:00,33,1,106364,20140.0,20142.25,20137.0,20141.25,66,NQ.v.0
2024-09-24 09:31:00+00:00,33,1,106364,20141.5,20143.5,20139.75,20142.25,50,NQ.v.0
2024-09-24 09:32:00+00:00,33,1,106364,20142.25,20147.25,20142.0,20145.25,92,NQ.v.0
2024-09-24 09:33:00+00:00,33,1,106364,20146.0,20147.5,20143.25,20147.5,68,NQ.v.0
2024-09-24 09:34:00+00:00,33,1,106364,20147.25,20151.0,20145.75,20148.5,341,NQ.v.0
2024-09-24 09:35:00+00:00,33,1,106364,20148.25,20148.5,20142.25,20142.25,328,NQ.v.0
2024-09-24 09:36:00+00:00,33,1,106364,20142.5,20144.75,20138.25,20141.25,153,NQ.v.0
2024-09-24 09:37:00+00:00,33,1,106364,20141.5,20144.25,20138.75,20139.0,663,NQ.v.0
2024-09-24 09:38:00+00:00,33,1,106364,20138.75,20140.0,20136.5,20138.5,206,NQ.v.0
2024-09-24 09:39:00+00:00,33,1,106364,20137.75,20139.75,20135.75,20138.0,330,NQ.v.0
2024-09-24 09:40:00+00:00,33,1,106364,20137.5,20140.25,20133.75,20134.75,266,NQ.v.0
2024-09-24 09:41:00+00:00,33,1,106364,20135.0,20136.0,20132.25,20134.75,126,NQ.v.0
2024-09-24 09:42:00+00:00,33,1,106364,20135.0,20137.25,20134.5,20137.0,64,NQ.v.0
2024-09-24 09:43:00+00:00,33,1,106364,20136.5,20136.5,20127.5,20135.5,247,NQ.v.0
2024-09-24 09:44:00+00:00,33,1,106364,20135.75,20139.25,20134.5,20139.25,91,NQ.v.0
2024-09-24 09:45:00+00:00,33,1,106364,20139.25,20141.5,20132.5,20133.0,241,NQ.v.0
2024-09-24 09:46:00+00:00,33,1,106364,20133.25,20134.5,20129.25,20130.25,123,NQ.v.0
2024-09-24 09:47:00+00:00,33,1,106364,20131.25,20136.75,20128.0,20136.75,215,NQ.v.0
2024-09-24 09:48:00+00:00,33,1,106364,20137.0,20137.75,20134.25,20135.5,70,NQ.v.0
2024-09-24 09:49:00+00:00,33,1,106364,20135.75,20138.0,20135.25,20138.0,50,NQ.v.0
2024-09-24 09:50:00+00:00,33,1,106364,20137.75,20139.75,20132.25,20132.5,71,NQ.v.0
2024-09-24 09:51:00+00:00,33,1,106364,20132.0,20137.25,20132.0,20136.0,32,NQ.v.0
2024-09-24 09:52:00+00:00,33,1,106364,20136.25,20140.25,20136.0,20138.25,38,NQ.v.0
2024-09-24 09:53:00+00:00,33,1,106364,20138.5,20138.5,20136.25,20137.0,20,NQ.v.0
2024-09-24 09:54:00+00:00,33,1,106364,20137.5,20139.0,20134.25,20134.5,56,NQ.v.0
2024-09-24 09:55:00+00:00,33,1,106364,20135.5,20135.5,20130.5,20135.0,393,NQ.v.0
2024-09-24 09:56:00+00:00,33,1,106364,20134.25,20134.25,20128.0,20128.0,398,NQ.v.0
2024-09-24 09:57:00+00:00,33,1,106364,20128.0,20130.0,20122.25,20128.25,190,NQ.v.0
2024-09-24 09:58:00+00:00,33,1,106364,20127.75,20130.25,20127.25,20128.5,77,NQ.v.0
2024-09-24 09:59:00+00:00,33,1,106364,20128.25,20132.0,20127.5,20131.5,50,NQ.v.0
2024-09-24 10:00:00+00:00,33,1,106364,20131.5,20131.5,20124.75,20126.5,168,NQ.v.0
2024-09-24 10:01:00+00:00,33,1,106364,20126.0,20127.75,20124.0,20127.75,68,NQ.v.0
2024-09-24 10:02:00+00:00,33,1,106364,20127.5,20127.75,20124.0,20127.25,96,NQ.v.0
2024-09-24 10:03:00+00:00,33,1,106364,20127.75,20130.0,20125.25,20128.75,482,NQ.v.0
2024-09-24 10:04:00+00:00,33,1,106364,20129.25,20131.75,20127.75,20130.5,106,NQ.v.0
2024-09-24 10:05:00+00:00,33,1,106364,20129.5,20132.0,20126.0,20128.75,87,NQ.v.0
2024-09-24 10:06:00+00:00,33,1,106364,20129.25,20136.5,20128.5,20135.75,82,NQ.v.0
2024-09-24 10:07:00+00:00,33,1,106364,20135.0,20137.0,20133.0,20135.0,80,NQ.v.0
2024-09-24 10:08:00+00:00,33,1,106364,20133.75,20134.75,20131.5,20133.75,89,NQ.v.0
2024-09-24 10:09:00+00:00,33,1,106364,20133.75,20136.25,20133.75,20136.0,90,NQ.v.0
2024-09-24 10:10:00+00:00,33,1,106364,20135.5,20138.5,20135.5,20137.75,62,NQ.v.0
2024-09-24 10:11:00+00:00,33,1,106364,20137.5,20138.0,20136.25,20137.75,38,NQ.v.0
2024-09-24 10:12:00+00:00,33,1,106364,20138.25,20139.75,20136.5,20139.25,84,NQ.v.0
2024-09-24 10:13:00+00:00,33,1,106364,20139.5,20139.5,20136.5,20136.5,36,NQ.v.0
2024-09-24 10:14:00+00:00,33,1,106364,20136.75,20139.5,20136.0,20138.75,46,NQ.v.0
2024-09-24 10:15:00+00:00,33,1,106364,20138.5,20141.25,20138.0,20141.0,99,NQ.v.0
2024-09-24 10:16:00+00:00,33,1,106364,20141.0,20144.0,20140.75,20144.0,154,NQ.v.0
2024-09-24 10:17:00+00:00,33,1,106364,20144.25,20144.25,20141.25,20142.75,64,NQ.v.0
2024-09-24 10:18:00+00:00,33,1,106364,20142.75,20143.5,20141.0,20141.0,39,NQ.v.0
2024-09-24 10:19:00+00:00,33,1,106364,20141.75,20144.0,20140.25,20140.5,36,NQ.v.0
2024-09-24 10:20:00+00:00,33,1,106364,20140.75,20145.25,20140.75,20143.25,81,NQ.v.0
2024-09-24 10:21:00+00:00,33,1,106364,20143.25,20145.5,20143.0,20145.0,39,NQ.v.0
2024-09-24 10:22:00+00:00,33,1,106364,20144.5,20145.75,20143.0,20144.75,72,NQ.v.0
2024-09-24 10:23:00+00:00,33,1,106364,20143.5,20144.75,20143.25,20143.75,36,NQ.v.0
2024-09-24 10:24:00+00:00,33,1,106364,20144.25,20144.25,20142.0,20143.75,39,NQ.v.0
2024-09-24 10:25:00+00:00,33,1,106364,20144.0,20144.5,20141.25,20142.75,58,NQ.v.0
2024-09-24 10:26:00+00:00,33,1,106364,20142.0,20142.0,20138.0,20140.0,82,NQ.v.0
2024-09-24 10:27:00+00:00,33,1,106364,20140.0,20142.5,20138.25,20139.0,65,NQ.v.0
2024-09-24 10:28:00+00:00,33,1,106364,20139.25,20140.75,20135.75,20139.75,75,NQ.v.0
2024-09-24 10:29:00+00:00,33,1,106364,20139.5,20141.25,20138.25,20141.0,36,NQ.v.0
2024-09-24 10:30:00+00:00,33,1,106364,20141.5,20143.5,20140.0,20140.0,66,NQ.v.0
2024-09-24 10:31:00+00:00,33,1,106364,20139.75,20140.5,20137.25,20137.75,61,NQ.v.0
2024-09-24 10:32:00+00:00,33,1,106364,20138.5,20141.0,20137.25,20137.5,84,NQ.v.0
2024-09-24 10:33:00+00:00,33,1,106364,20138.0,20141.5,20138.0,20141.25,20,NQ.v.0
2024-09-24 10:34:00+00:00,33,1,106364,20141.5,20143.5,20141.5,20143.25,54,NQ.v.0
2024-09-24 10:35:00+00:00,33,1,106364,20142.25,20144.5,20141.25,20142.5,33,NQ.v.0
2024-09-24 10:36:00+00:00,33,1,106364,20143.25,20145.0,20142.25,20142.75,58,NQ.v.0
2024-09-24 10:37:00+00:00,33,1,106364,20142.25,20145.75,20141.5,20145.0,38,NQ.v.0
2024-09-24 10:38:00+00:00,33,1,106364,20145.25,20147.0,20143.25,20146.75,75,NQ.v.0
2024-09-24 10:39:00+00:00,33,1,106364,20146.75,20150.0,20146.5,20149.25,127,NQ.v.0
2024-09-24 10:40:00+00:00,33,1,106364,20149.25,20150.75,20148.0,20148.25,71,NQ.v.0
2024-09-24 10:41:00+00:00,33,1,106364,20148.0,20151.5,20147.75,20151.5,61,NQ.v.0
2024-09-24 10:42:00+00:00,33,1,106364,20151.5,20154.0,20151.25,20152.75,97,NQ.v.0
2024-09-24 10:43:00+00:00,33,1,106364,20152.25,20155.5,20150.0,20151.75,184,NQ.v.0
2024-09-24 10:44:00+00:00,33,1,106364,20151.75,20153.25,20151.25,20151.75,106,NQ.v.0
2024-09-24 10:45:00+00:00,33,1,106364,20152.25,20154.0,20147.75,20147.75,77,NQ.v.0
2024-09-24 10:46:00+00:00,33,1,106364,20147.75,20148.5,20141.25,20142.5,170,NQ.v.0
2024-09-24 10:47:00+00:00,33,1,106364,20141.75,20141.75,20127.0,20128.5,278,NQ.v.0
2024-09-24 10:48:00+00:00,33,1,106364,20128.25,20139.0,20126.0,20137.25,179,NQ.v.0
2024-09-24 10:49:00+00:00,33,1,106364,20138.0,20138.0,20133.25,20135.25,83,NQ.v.0
2024-09-24 10:50:00+00:00,33,1,106364,20134.0,20134.0,20129.25,20129.5,106,NQ.v.0
2024-09-24 10:51:00+00:00,33,1,106364,20130.0,20133.25,20125.0,20127.75,161,NQ.v.0
2024-09-24 10:52:00+00:00,33,1,106364,20127.75,20132.25,20127.5,20128.0,67,NQ.v.0
2024-09-24 10:53:00+00:00,33,1,106364,20128.0,20133.75,20128.0,20131.0,116,NQ.v.0
2024-09-24 10:54:00+00:00,33,1,106364,20131.25,20132.25,20129.75,20132.0,49,NQ.v.0
2024-09-24 10:55:00+00:00,33,1,106364,20130.5,20133.75,20130.0,20133.25,45,NQ.v.0
2024-09-24 10:56:00+00:00,33,1,106364,20132.5,20133.5,20129.5,20132.25,39,NQ.v.0
2024-09-24 10:57:00+00:00,33,1,106364,20132.25,20135.25,20131.0,20135.0,58,NQ.v.0
2024-09-24 10:58:00+00:00,33,1,106364,20134.0,20134.25,20131.25,20132.0,54,NQ.v.0
2024-09-24 10:59:00+00:00,33,1,106364,20132.25,20133.5,20113.25,20116.25,436,NQ.v.0
2024-09-24 11:00:00+00:00,33,1,106364,20116.25,20121.5,20110.0,20110.5,558,NQ.v.0
2024-09-24 11:01:00+00:00,33,1,106364,20109.25,20109.75,20095.0,20098.0,582,NQ.v.0
2024-09-24 11:02:00+00:00,33,1,106364,20097.5,20099.25,20086.0,20093.0,555,NQ.v.0
2024-09-24 11:03:00+00:00,33,1,106364,20091.75,20093.0,20071.75,20074.25,662,NQ.v.0
2024-09-24 11:04:00+00:00,33,1,106364,20074.25,20080.5,20069.75,20071.0,454,NQ.v.0
2024-09-24 11:05:00+00:00,33,1,106364,20070.25,20078.75,20062.25,20078.0,698,NQ.v.0
2024-09-24 11:06:00+00:00,33,1,106364,20077.75,20080.25,20070.0,20072.0,388,NQ.v.0
2024-09-24 11:07:00+00:00,33,1,106364,20072.0,20075.25,20064.5,20068.0,212,NQ.v.0
2024-09-24 11:08:00+00:00,33,1,106364,20068.5,20068.75,20056.0,20061.5,438,NQ.v.0
2024-09-24 11:09:00+00:00,33,1,106364,20061.0,20061.75,20057.5,20058.5,234,NQ.v.0
2024-09-24 11:10:00+00:00,33,1,106364,20059.25,20066.0,20050.75,20065.0,626,NQ.v.0
2024-09-24 11:11:00+00:00,33,1,106364,20065.0,20068.25,20061.25,20065.0,202,NQ.v.0
2024-09-24 11:12:00+00:00,33,1,106364,20064.0,20071.75,20061.75,20065.0,323,NQ.v.0
2024-09-24 11:13:00+00:00,33,1,106364,20065.25,20067.5,20062.0,20066.5,204,NQ.v.0
2024-09-24 11:14:00+00:00,33,1,106364,20066.5,20066.5,20056.5,20059.75,246,NQ.v.0
2024-09-24 11:15:00+00:00,33,1,106364,20059.25,20068.75,20057.25,20067.0,256,NQ.v.0
2024-09-24 11:16:00+00:00,33,1,106364,20067.75,20074.25,20066.75,20072.75,322,NQ.v.0
2024-09-24 11:17:00+00:00,33,1,106364,20071.75,20073.0,20068.5,20069.5,107,NQ.v.0
2024-09-24 11:18:00+00:00,33,1,106364,20069.5,20072.25,20066.75,20069.5,97,NQ.v.0
2024-09-24 11:19:00+00:00,33,1,106364,20067.5,20070.75,20067.5,20069.75,48,NQ.v.0
2024-09-24 11:20:00+00:00,33,1,106364,20070.0,20075.0,20069.5,20073.75,150,NQ.v.0
2024-09-24 11:21:00+00:00,33,1,106364,20074.25,20074.25,20068.0,20073.0,100,NQ.v.0
2024-09-24 11:22:00+00:00,33,1,106364,20072.75,20080.0,20072.75,20078.5,161,NQ.v.0
2024-09-24 11:23:00+00:00,33,1,106364,20079.25,20083.0,20076.75,20082.5,202,NQ.v.0
2024-09-24 11:24:00+00:00,33,1,106364,20081.75,20084.5,20080.0,20081.5,117,NQ.v.0
2024-09-24 11:25:00+00:00,33,1,106364,20080.25,20081.0,20077.0,20079.5,178,NQ.v.0
2024-09-24 11:26:00+00:00,33,1,106364,20079.75,20083.25,20079.0,20083.25,95,NQ.v.0
2024-09-24 11:27:00+00:00,33,1,106364,20083.75,20085.5,20082.0,20084.75,97,NQ.v.0
2024-09-24 11:28:00+00:00,33,1,106364,20085.0,20089.5,20084.25,20089.0,149,NQ.v.0
2024-09-24 11:29:00+00:00,33,1,106364,20088.75,20091.25,20087.25,20091.0,229,NQ.v.0
2024-09-24 11:30:00+00:00,33,1,106364,20090.75,20093.75,20089.0,20092.75,218,NQ.v.0
2024-09-24 11:31:00+00:00,33,1,106364,20092.25,20108.0,20092.0,20103.25,733,NQ.v.0
2024-09-24 11:32:00+00:00,33,1,106364,20103.75,20110.25,20103.75,20107.25,251,NQ.v.0
2024-09-24 11:33:00+00:00,33,1,106364,20107.5,20111.75,20105.5,20108.5,156,NQ.v.0
2024-09-24 11:34:00+00:00,33,1,106364,20108.75,20111.5,20104.75,20108.5,193,NQ.v.0
2024-09-24 11:35:00+00:00,33,1,106364,20108.5,20114.25,20107.0,20113.0,156,NQ.v.0
2024-09-24 11:36:00+00:00,33,1,106364,20113.75,20115.75,20112.5,20114.5,204,NQ.v.0
2024-09-24 11:37:00+00:00,33,1,106364,20115.0,20118.25,20114.25,20117.0,114,NQ.v.0
2024-09-24 11:38:00+00:00,33,1,106364,20116.75,20120.25,20116.5,20119.0,125,NQ.v.0
2024-09-24 11:39:00+00:00,33,1,106364,20119.0,20120.75,20117.0,20119.25,115,NQ.v.0
2024-09-24 11:40:00+00:00,33,1,106364,20119.5,20120.25,20116.25,20117.25,109,NQ.v.0
2024-09-24 11:41:00+00:00,33,1,106364,20117.0,20122.0,20112.0,20121.75,301,NQ.v.0
2024-09-24 11:42:00+00:00,33,1,106364,20121.25,20126.75,20121.0,20123.75,239,NQ.v.0
2024-09-24 11:43:00+00:00,33,1,106364,20123.5,20125.0,20120.0,20121.75,90,NQ.v.0
2024-09-24 11:44:00+00:00,33,1,106364,20122.0,20122.5,20115.5,20116.75,207,NQ.v.0
2024-09-24 11:45:00+00:00,33,1,106364,20116.75,20120.5,20116.5,20117.5,202,NQ.v.0
2024-09-24 11:46:00+00:00,33,1,106364,20117.0,20118.5,20112.5,20116.25,154,NQ.v.0
2024-09-24 11:47:00+00:00,33,1,106364,20116.25,20120.0,20115.75,20117.75,118,NQ.v.0
2024-09-24 11:48:00+00:00,33,1,106364,20117.75,20117.75,20113.0,20113.25,98,NQ.v.0
2024-09-24 11:49:00+00:00,33,1,106364,20113.0,20118.75,20112.5,20118.25,94,NQ.v.0
2024-09-24 11:50:00+00:00,33,1,106364,20117.5,20117.5,20115.0,20116.25,70,NQ.v.0
2024-09-24 11:51:00+00:00,33,1,106364,20116.75,20117.0,20113.5,20113.75,66,NQ.v.0
2024-09-24 11:52:00+00:00,33,1,106364,20113.25,20113.5,20109.5,20111.75,165,NQ.v.0
2024-09-24 11:53:00+00:00,33,1,106364,20111.75,20113.75,20111.25,20113.0,55,NQ.v.0
2024-09-24 11:54:00+00:00,33,1,106364,20113.0,20114.5,20108.5,20109.75,127,NQ.v.0
2024-09-24 11:55:00+00:00,33,1,106364,20109.0,20110.5,20104.0,20107.5,140,NQ.v.0
2024-09-24 11:56:00+00:00,33,1,106364,20107.5,20108.25,20101.5,20101.5,258,NQ.v.0
2024-09-24 11:57:00+00:00,33,1,106364,20101.75,20105.0,20099.5,20102.0,182,NQ.v.0
2024-09-24 11:58:00+00:00,33,1,106364,20102.25,20106.0,20102.0,20103.0,108,NQ.v.0
2024-09-24 11:59:00+00:00,33,1,106364,20103.0,20106.0,20103.0,20105.75,76,NQ.v.0
2024-09-24 12:00:00+00:00,33,1,106364,20106.0,20110.75,20104.5,20110.5,187,NQ.v.0
2024-09-24 12:01:00+00:00,33,1,106364,20110.75,20111.75,20105.0,20108.25,197,NQ.v.0
2024-09-24 12:02:00+00:00,33,1,106364,20108.5,20112.5,20105.75,20111.0,329,NQ.v.0
2024-09-24 12:03:00+00:00,33,1,106364,20111.0,20113.5,20109.5,20112.25,110,NQ.v.0
2024-09-24 12:04:00+00:00,33,1,106364,20113.75,20117.5,20111.0,20114.25,229,NQ.v.0
2024-09-24 12:05:00+00:00,33,1,106364,20114.0,20115.0,20108.25,20109.25,118,NQ.v.0
2024-09-24 12:06:00+00:00,33,1,106364,20108.25,20115.75,20106.75,20114.5,183,NQ.v.0
2024-09-24 12:07:00+00:00,33,1,106364,20115.0,20120.25,20114.5,20119.75,163,NQ.v.0
2024-09-24 12:08:00+00:00,33,1,106364,20120.5,20120.75,20113.5,20113.75,145,NQ.v.0
2024-09-24 12:09:00+00:00,33,1,106364,20113.5,20115.25,20110.75,20111.75,97,NQ.v.0
2024-09-24 12:10:00+00:00,33,1,106364,20111.75,20113.0,20098.0,20101.0,484,NQ.v.0
2024-09-24 12:11:00+00:00,33,1,106364,20101.0,20106.25,20099.25,20104.75,175,NQ.v.0
2024-09-24 12:12:00+00:00,33,1,106364,20104.25,20110.5,20103.25,20109.5,176,NQ.v.0
2024-09-24 12:13:00+00:00,33,1,106364,20109.5,20113.75,20109.0,20112.25,128,NQ.v.0
2024-09-24 12:14:00+00:00,33,1,106364,20112.5,20115.75,20110.25,20113.75,225,NQ.v.0
2024-09-24 12:15:00+00:00,33,1,106364,20113.25,20115.25,20110.5,20111.75,104,NQ.v.0
2024-09-24 12:16:00+00:00,33,1,106364,20111.0,20111.75,20108.0,20110.75,134,NQ.v.0
2024-09-24 12:17:00+00:00,33,1,106364,20112.0,20113.75,20109.25,20109.5,73,NQ.v.0
2024-09-24 12:18:00+00:00,33,1,106364,20109.75,20115.25,20109.75,20113.5,77,NQ.v.0
2024-09-24 12:19:00+00:00,33,1,106364,20114.0,20121.5,20114.0,20120.25,200,NQ.v.0
2024-09-24 12:20:00+00:00,33,1,106364,20120.25,20123.75,20119.5,20121.25,172,NQ.v.0
2024-09-24 12:21:00+00:00,33,1,106364,20121.5,20122.75,20120.0,20121.0,82,NQ.v.0
2024-09-24 12:22:00+00:00,33,1,106364,20121.5,20124.5,20120.0,20122.5,79,NQ.v.0
2024-09-24 12:23:00+00:00,33,1,106364,20122.0,20124.75,20116.0,20117.0,145,NQ.v.0
2024-09-24 12:24:00+00:00,33,1,106364,20117.0,20118.25,20113.5,20117.75,158,NQ.v.0
2024-09-24 12:25:00+00:00,33,1,106364,20117.5,20117.5,20112.25,20112.75,85,NQ.v.0
2024-09-24 12:26:00+00:00,33,1,106364,20113.0,20113.0,20108.75,20110.25,132,NQ.v.0
2024-09-24 12:27:00+00:00,33,1,106364,20110.75,20111.0,20105.75,20108.0,167,NQ.v.0
2024-09-24 12:28:00+00:00,33,1,106364,20108.5,20110.25,20104.25,20106.0,185,NQ.v.0
2024-09-24 12:29:00+00:00,33,1,106364,20105.75,20109.75,20105.75,20109.5,83,NQ.v.0
2024-09-24 12:30:00+00:00,33,1,106364,20109.5,20109.75,20103.75,20108.0,160,NQ.v.0
2024-09-24 12:31:00+00:00,33,1,106364,20108.0,20111.25,20106.0,20108.25,154,NQ.v.0
2024-09-24 12:32:00+00:00,33,1,106364,20108.0,20108.0,20096.0,20099.0,447,NQ.v.0
2024-09-24 12:33:00+00:00,33,1,106364,20098.0,20099.5,20093.75,20095.0,251,NQ.v.0
2024-09-24 12:34:00+00:00,33,1,106364,20095.5,20098.25,20092.5,20096.25,191,NQ.v.0
2024-09-24 12:35:00+00:00,33,1,106364,20096.0,20099.5,20095.0,20096.25,166,NQ.v.0
2024-09-24 12:36:00+00:00,33,1,106364,20095.75,20095.75,20087.0,20090.75,400,NQ.v.0
2024-09-24 12:37:00+00:00,33,1,106364,20090.25,20095.75,20085.75,20094.5,224,NQ.v.0
2024-09-24 12:38:00+00:00,33,1,106364,20094.75,20098.5,20093.5,20098.5,141,NQ.v.0
2024-09-24 12:39:00+00:00,33,1,106364,20097.75,20098.0,20093.0,20096.0,158,NQ.v.0
2024-09-24 12:40:00+00:00,33,1,106364,20096.25,20096.75,20094.0,20095.0,100,NQ.v.0
2024-09-24 12:41:00+00:00,33,1,106364,20094.75,20098.0,20093.5,20095.75,95,NQ.v.0
2024-09-24 12:42:00+00:00,33,1,106364,20097.0,20101.0,20096.0,20101.0,119,NQ.v.0
2024-09-24 12:43:00+00:00,33,1,106364,20101.0,20102.0,20099.25,20100.25,128,NQ.v.0
2024-09-24 12:44:00+00:00,33,1,106364,20101.0,20105.0,20100.25,20103.0,277,NQ.v.0
2024-09-24 12:45:00+00:00,33,1,106364,20102.75,20103.75,20100.75,20103.5,78,NQ.v.0
2024-09-24 12:46:00+00:00,33,1,106364,20103.5,20106.25,20102.75,20103.5,103,NQ.v.0
2024-09-24 12:47:00+00:00,33,1,106364,20102.5,20106.0,20101.75,20104.25,97,NQ.v.0
2024-09-24 12:48:00+00:00,33,1,106364,20104.5,20109.25,20103.25,20109.25,113,NQ.v.0
2024-09-24 12:49:00+00:00,33,1,106364,20108.5,20113.0,20108.5,20110.25,171,NQ.v.0
2024-09-24 12:50:00+00:00,33,1,106364,20110.5,20113.0,20110.0,20111.0,101,NQ.v.0
2024-09-24 12:51:00+00:00,33,1,106364,20111.25,20117.5,20111.0,20117.25,146,NQ.v.0
2024-09-24 12:52:00+00:00,33,1,106364,20116.5,20118.75,20115.75,20117.5,120,NQ.v.0
2024-09-24 12:53:00+00:00,33,1,106364,20117.5,20118.0,20110.0,20112.0,150,NQ.v.0
2024-09-24 12:54:00+00:00,33,1,106364,20111.5,20114.5,20107.5,20109.5,198,NQ.v.0
2024-09-24 12:55:00+00:00,33,1,106364,20109.5,20113.5,20107.25,20113.5,136,NQ.v.0
2024-09-24 12:56:00+00:00,33,1,106364,20112.25,20115.5,20112.0,20114.5,84,NQ.v.0
2024-09-24 12:57:00+00:00,33,1,106364,20114.75,20119.0,20113.25,20117.75,111,NQ.v.0
2024-09-24 12:58:00+00:00,33,1,106364,20117.5,20119.0,20114.25,20114.75,118,NQ.v.0
2024-09-24 12:59:00+00:00,33,1,106364,20115.25,20116.5,20112.0,20113.25,158,NQ.v.0
2024-09-24 13:00:00+00:00,33,1,106364,20112.25,20118.75,20112.25,20116.5,202,NQ.v.0
2024-09-24 13:01:00+00:00,33,1,106364,20116.25,20119.75,20113.75,20114.75,157,NQ.v.0
2024-09-24 13:02:00+00:00,33,1,106364,20115.0,20119.75,20114.75,20119.75,79,NQ.v.0
2024-09-24 13:03:00+00:00,33,1,106364,20119.5,20121.0,20118.0,20119.25,125,NQ.v.0
2024-09-24 13:04:00+00:00,33,1,106364,20119.5,20124.25,20118.25,20124.25,213,NQ.v.0
2024-09-24 13:05:00+00:00,33,1,106364,20123.25,20123.75,20119.0,20120.0,178,NQ.v.0
2024-09-24 13:06:00+00:00,33,1,106364,20120.25,20123.5,20118.0,20119.75,160,NQ.v.0
2024-09-24 13:07:00+00:00,33,1,106364,20119.75,20127.25,20119.5,20126.0,264,NQ.v.0
2024-09-24 13:08:00+00:00,33,1,106364,20125.5,20132.0,20124.75,20130.25,390,NQ.v.0
2024-09-24 13:09:00+00:00,33,1,106364,20129.75,20133.0,20128.5,20132.5,274,NQ.v.0
2024-09-24 13:10:00+00:00,33,1,106364,20132.75,20139.0,20131.75,20134.5,496,NQ.v.0
2024-09-24 13:11:00+00:00,33,1,106364,20134.0,20134.25,20129.0,20129.25,272,NQ.v.0
2024-09-24 13:12:00+00:00,33,1,106364,20129.75,20133.25,20129.25,20132.75,183,NQ.v.0
2024-09-24 13:13:00+00:00,33,1,106364,20132.5,20132.5,20126.75,20128.75,196,NQ.v.0
2024-09-24 13:14:00+00:00,33,1,106364,20129.5,20132.0,20129.0,20130.0,120,NQ.v.0
2024-09-24 13:15:00+00:00,33,1,106364,20130.25,20136.25,20129.5,20134.5,236,NQ.v.0
2024-09-24 13:16:00+00:00,33,1,106364,20134.25,20137.0,20133.0,20135.25,165,NQ.v.0
2024-09-24 13:17:00+00:00,33,1,106364,20135.75,20136.25,20131.25,20133.0,146,NQ.v.0
2024-09-24 13:18:00+00:00,33,1,106364,20132.75,20136.5,20132.75,20133.25,148,NQ.v.0
2024-09-24 13:19:00+00:00,33,1,106364,20133.75,20133.75,20130.0,20131.0,125,NQ.v.0
2024-09-24 13:20:00+00:00,33,1,106364,20131.75,20141.0,20131.75,20140.25,383,NQ.v.0
2024-09-24 13:21:00+00:00,33,1,106364,20140.25,20143.5,20136.25,20136.5,297,NQ.v.0
2024-09-24 13:22:00+00:00,33,1,106364,20136.25,20139.0,20136.0,20136.25,148,NQ.v.0
2024-09-24 13:23:00+00:00,33,1,106364,20136.0,20140.0,20135.75,20139.75,160,NQ.v.0
2024-09-24 13:24:00+00:00,33,1,106364,20140.0,20141.0,20136.0,20137.75,207,NQ.v.0
2024-09-24 13:25:00+00:00,33,1,106364,20137.75,20138.0,20133.0,20136.75,474,NQ.v.0
2024-09-24 13:26:00+00:00,33,1,106364,20137.25,20139.5,20135.75,20136.75,167,NQ.v.0
2024-09-24 13:27:00+00:00,33,1,106364,20136.25,20143.25,20132.75,20142.0,563,NQ.v.0
2024-09-24 13:28:00+00:00,33,1,106364,20142.0,20144.25,20135.5,20139.75,619,NQ.v.0
2024-09-24 13:29:00+00:00,33,1,106364,20140.0,20140.25,20131.0,20134.25,799,NQ.v.0
2024-09-24 13:30:00+00:00,33,1,106364,20135.0,20154.0,20132.0,20142.0,2887,NQ.v.0
2024-09-24 13:31:00+00:00,33,1,106364,20142.0,20144.25,20120.25,20122.5,2690,NQ.v.0
2024-09-24 13:32:00+00:00,33,1,106364,20122.0,20127.5,20107.5,20118.5,2446,NQ.v.0
2024-09-24 13:33:00+00:00,33,1,106364,20117.75,20125.75,20109.5,20111.0,1383,NQ.v.0
2024-09-24 13:34:00+00:00,33,1,106364,20111.75,20122.5,20101.0,20119.5,1834,NQ.v.0
2024-09-24 13:35:00+00:00,33,1,106364,20119.25,20123.0,20099.75,20113.25,1796,NQ.v.0
2024-09-24 13:36:00+00:00,33,1,106364,20113.5,20119.75,20106.75,20106.75,1086,NQ.v.0
2024-09-24 13:37:00+00:00,33,1,106364,20107.25,20124.25,20106.0,20124.0,1069,NQ.v.0
2024-09-24 13:38:00+00:00,33,1,106364,20124.0,20127.25,20116.5,20118.5,999,NQ.v.0
2024-09-24 13:39:00+00:00,33,1,106364,20118.5,20129.5,20115.75,20119.0,1168,NQ.v.0
2024-09-24 13:40:00+00:00,33,1,106364,20119.25,20120.25,20103.0,20103.75,1516,NQ.v.0
2024-09-24 13:41:00+00:00,33,1,106364,20104.0,20113.75,20095.0,20105.0,1427,NQ.v.0
2024-09-24 13:42:00+00:00,33,1,106364,20104.25,20112.5,20099.5,20109.75,778,NQ.v.0
2024-09-24 13:43:00+00:00,33,1,106364,20109.5,20113.25,20103.75,20109.5,640,NQ.v.0
2024-09-24 13:44:00+00:00,33,1,106364,20109.5,20114.5,20100.25,20105.75,793,NQ.v.0
2024-09-24 13:45:00+00:00,33,1,106364,20105.5,20115.75,20100.5,20113.25,950,NQ.v.0
2024-09-24 13:46:00+00:00,33,1,106364,20113.75,20123.75,20113.0,20119.5,1263,NQ.v.0
2024-09-24 13:47:00+00:00,33,1,106364,20119.75,20122.0,20111.5,20120.0,840,NQ.v.0
2024-09-24 13:48:00+00:00,33,1,106364,20119.75,20120.0,20110.5,20111.25,599,NQ.v.0
2024-09-24 13:49:00+00:00,33,1,106364,20110.25,20112.25,20096.0,20102.25,1382,NQ.v.0
2024-09-24 13:50:00+00:00,33,1,106364,20102.5,20107.5,20082.0,20101.75,2276,NQ.v.0
2024-09-24 13:51:00+00:00,33,1,106364,20102.25,20119.5,20100.5,20116.0,1025,NQ.v.0
2024-09-24 13:52:00+00:00,33,1,106364,20115.75,20120.0,20103.5,20105.0,1043,NQ.v.0
2024-09-24 13:53:00+00:00,33,1,106364,20105.25,20107.5,20099.0,20101.75,749,NQ.v.0
2024-09-24 13:54:00+00:00,33,1,106364,20101.5,20103.0,20095.0,20100.5,845,NQ.v.0
2024-09-24 13:55:00+00:00,33,1,106364,20100.0,20109.75,20098.75,20103.75,878,NQ.v.0
2024-09-24 13:56:00+00:00,33,1,106364,20103.5,20108.25,20100.5,20101.5,417,NQ.v.0
2024-09-24 13:57:00+00:00,33,1,106364,20101.75,20105.5,20092.5,20094.5,681,NQ.v.0
2024-09-24 13:58:00+00:00,33,1,106364,20095.25,20101.0,20091.0,20095.5,636,NQ.v.0
2024-09-24 13:59:00+00:00,33,1,106364,20094.75,20095.75,20083.0,20089.25,984,NQ.v.0
2024-09-24 14:00:00+00:00,33,1,106364,20091.0,20093.25,20034.25,20038.75,4959,NQ.v.0
2024-09-24 14:01:00+00:00,33,1,106364,20039.25,20047.5,20034.25,20042.0,2897,NQ.v.0
2024-09-24 14:02:00+00:00,33,1,106364,20042.25,20043.0,20025.0,20025.0,2612,NQ.v.0
2024-09-24 14:03:00+00:00,33,1,106364,20025.0,20025.0,19985.0,20007.5,5241,NQ.v.0
2024-09-24 14:04:00+00:00,33,1,106364,20006.5,20014.75,19998.75,20003.5,1939,NQ.v.0
2024-09-24 14:05:00+00:00,33,1,106364,20003.75,20015.5,20000.5,20006.25,1793,NQ.v.0
2024-09-24 14:06:00+00:00,33,1,106364,20007.0,20007.0,19987.0,20002.5,2095,NQ.v.0
2024-09-24 14:07:00+00:00,33,1,106364,20003.0,20018.0,19997.25,20016.5,1661,NQ.v.0
2024-09-24 14:08:00+00:00,33,1,106364,20017.0,20019.75,20008.0,20009.25,1101,NQ.v.0
2024-09-24 14:09:00+00:00,33,1,106364,20010.25,20026.75,20004.75,20012.0,2125,NQ.v.0
2024-09-24 14:10:00+00:00,33,1,106364,20011.75,20034.75,20009.5,20034.5,1304,NQ.v.0
2024-09-24 14:11:00+00:00,33,1,106364,20034.5,20045.5,20031.75,20041.25,2344,NQ.v.0
2024-09-24 14:12:00+00:00,33,1,106364,20041.5,20047.75,20036.0,20041.5,1433,NQ.v.0
2024-09-24 14:13:00+00:00,33,1,106364,20041.0,20044.5,20029.25,20033.75,1355,NQ.v.0
2024-09-24 14:14:00+00:00,33,1,106364,20034.0,20037.25,20020.75,20022.5,1253,NQ.v.0
2024-09-24 14:15:00+00:00,33,1,106364,20022.75,20030.5,20016.5,20024.75,1562,NQ.v.0
2024-09-24 14:16:00+00:00,33,1,106364,20024.5,20032.0,20015.75,20019.5,1276,NQ.v.0
2024-09-24 14:17:00+00:00,33,1,106364,20020.25,20030.75,20016.5,20020.25,1072,NQ.v.0
2024-09-24 14:18:00+00:00,33,1,106364,20020.0,20029.25,20008.25,20025.75,1537,NQ.v.0
2024-09-24 14:19:00+00:00,33,1,106364,20027.0,20032.0,20009.0,20010.5,1232,NQ.v.0
2024-09-24 14:20:00+00:00,33,1,106364,20010.25,20019.25,20004.75,20018.0,949,NQ.v.0
2024-09-24 14:21:00+00:00,33,1,106364,20017.0,20025.0,20011.25,20018.0,677,NQ.v.0
2024-09-24 14:22:00+00:00,33,1,106364,20017.5,20019.0,19988.5,19990.0,2084,NQ.v.0
2024-09-24 14:23:00+00:00,33,1,106364,19990.75,19990.75,19964.0,19975.5,3826,NQ.v.0
2024-09-24 14:24:00+00:00,33,1,106364,19976.25,20003.5,19972.0,20002.25,1684,NQ.v.0
2024-09-24 14:25:00+00:00,33,1,106364,20001.75,20011.5,19988.75,19991.75,1466,NQ.v.0
2024-09-24 14:26:00+00:00,33,1,106364,19991.5,19999.5,19991.25,19998.5,858,NQ.v.0
2024-09-24 14:27:00+00:00,33,1,106364,19999.25,20004.25,19995.25,20000.5,878,NQ.v.0
2024-09-24 14:28:00+00:00,33,1,106364,20000.25,20006.25,19984.75,19988.0,988,NQ.v.0
2024-09-24 14:29:00+00:00,33,1,106364,19987.5,19994.0,19981.75,19987.0,1253,NQ.v.0
2024-09-24 14:30:00+00:00,33,1,106364,19987.5,19998.0,19980.75,19982.5,1645,NQ.v.0
2024-09-24 14:31:00+00:00,33,1,106364,19983.0,20012.0,19983.0,20005.5,1558,NQ.v.0
2024-09-24 14:32:00+00:00,33,1,106364,20005.75,20008.0,19991.25,19995.25,1032,NQ.v.0
2024-09-24 14:33:00+00:00,33,1,106364,19994.75,20008.25,19993.75,20003.75,943,NQ.v.0
2024-09-24 14:34:00+00:00,33,1,106364,20004.0,20004.5,19991.0,19995.0,823,NQ.v.0
2024-09-24 14:35:00+00:00,33,1,106364,19995.25,20003.5,19988.5,19994.5,1337,NQ.v.0
2024-09-24 14:36:00+00:00,33,1,106364,19994.5,19995.5,19977.75,19985.25,1670,NQ.v.0
2024-09-24 14:37:00+00:00,33,1,106364,19984.75,19995.75,19974.0,19981.25,1553,NQ.v.0
2024-09-24 14:38:00+00:00,33,1,106364,19980.75,19995.75,19978.25,19991.5,1028,NQ.v.0
2024-09-24 14:39:00+00:00,33,1,106364,19991.0,19991.5,19970.25,19971.75,1172,NQ.v.0
2024-09-24 14:40:00+00:00,33,1,106364,19971.0,19978.0,19958.5,19966.5,2654,NQ.v.0
2024-09-24 14:41:00+00:00,33,1,106364,19965.5,19972.75,19953.0,19962.75,1636,NQ.v.0
2024-09-24 14:42:00+00:00,33,1,106364,19963.0,19981.75,19954.5,19980.0,1358,NQ.v.0
2024-09-24 14:43:00+00:00,33,1,106364,19979.25,19988.25,19976.25,19985.0,1026,NQ.v.0
2024-09-24 14:44:00+00:00,33,1,106364,19984.0,19993.25,19983.5,19988.75,948,NQ.v.0
2024-09-24 14:45:00+00:00,33,1,106364,19988.0,20004.5,19987.75,20000.25,1758,NQ.v.0
2024-09-24 14:46:00+00:00,33,1,106364,20000.5,20021.75,19996.5,20021.25,2110,NQ.v.0
2024-09-24 14:47:00+00:00,33,1,106364,20020.5,20026.0,20011.5,20013.5,1556,NQ.v.0
2024-09-24 14:48:00+00:00,33,1,106364,20014.0,20019.25,20010.0,20016.5,797,NQ.v.0
2024-09-24 14:49:00+00:00,33,1,106364,20017.5,20020.75,20009.0,20018.25,736,NQ.v.0
2024-09-24 14:50:00+00:00,33,1,106364,20018.25,20037.5,20018.25,20035.5,2178,NQ.v.0
2024-09-24 14:51:00+00:00,33,1,106364,20036.0,20037.0,20027.25,20033.5,971,NQ.v.0
2024-09-24 14:52:00+00:00,33,1,106364,20033.5,20053.75,20032.25,20044.75,2399,NQ.v.0
2024-09-24 14:53:00+00:00,33,1,106364,20044.75,20050.0,20040.5,20047.5,988,NQ.v.0
2024-09-24 14:54:00+00:00,33,1,106364,20047.75,20059.0,20046.5,20048.75,1524,NQ.v.0
2024-09-24 14:55:00+00:00,33,1,106364,20049.0,20056.0,20046.5,20048.0,1035,NQ.v.0
2024-09-24 14:56:00+00:00,33,1,106364,20048.0,20062.75,20047.75,20059.5,1234,NQ.v.0
2024-09-24 14:57:00+00:00,33,1,106364,20059.75,20074.5,20059.5,20067.75,2032,NQ.v.0
2024-09-24 14:58:00+00:00,33,1,106364,20067.75,20072.75,20064.25,20065.25,941,NQ.v.0
2024-09-24 14:59:00+00:00,33,1,106364,20065.25,20076.75,20065.25,20074.5,1289,NQ.v.0
2024-09-24 15:00:00+00:00,33,1,106364,20074.0,20083.25,20072.0,20077.0,1664,NQ.v.0
2024-09-24 15:01:00+00:00,33,1,106364,20076.5,20078.5,20068.75,20074.0,1007,NQ.v.0
2024-09-24 15:02:00+00:00,33,1,106364,20074.0,20078.75,20069.25,20071.5,765,NQ.v.0
2024-09-24 15:03:00+00:00,33,1,106364,20071.25,20085.5,20070.25,20074.5,1238,NQ.v.0
2024-09-24 15:04:00+00:00,33,1,106364,20075.0,20087.75,20073.25,20086.0,1015,NQ.v.0
2024-09-24 15:05:00+00:00,33,1,106364,20085.75,20087.0,20074.0,20075.5,859,NQ.v.0
2024-09-24 15:06:00+00:00,33,1,106364,20075.25,20083.0,20073.5,20082.25,612,NQ.v.0
2024-09-24 15:07:00+00:00,33,1,106364,20082.75,20088.0,20081.75,20083.75,935,NQ.v.0
2024-09-24 15:08:00+00:00,33,1,106364,20084.25,20088.75,20080.0,20083.5,697,NQ.v.0
2024-09-24 15:09:00+00:00,33,1,106364,20083.75,20089.5,20081.25,20085.75,790,NQ.v.0
2024-09-24 15:10:00+00:00,33,1,106364,20085.5,20094.25,20083.5,20087.25,1154,NQ.v.0
2024-09-24 15:11:00+00:00,33,1,106364,20087.5,20109.25,20083.25,20098.75,2579,NQ.v.0
2024-09-24 15:12:00+00:00,33,1,106364,20098.0,20108.75,20096.75,20107.75,1128,NQ.v.0
2024-09-24 15:13:00+00:00,33,1,106364,20108.0,20109.0,20097.25,20100.25,856,NQ.v.0
2024-09-24 15:14:00+00:00,33,1,106364,20100.75,20104.25,20092.25,20104.25,1115,NQ.v.0
2024-09-24 15:15:00+00:00,33,1,106364,20103.75,20111.5,20099.0,20102.75,1781,NQ.v.0
2024-09-24 15:16:00+00:00,33,1,106364,20103.25,20114.75,20101.25,20113.5,1000,NQ.v.0
2024-09-24 15:17:00+00:00,33,1,106364,20113.5,20115.25,20100.75,20101.5,1144,NQ.v.0
2024-09-24 15:18:00+00:00,33,1,106364,20102.0,20106.0,20096.5,20102.0,983,NQ.v.0
2024-09-24 15:19:00+00:00,33,1,106364,20102.5,20107.0,20101.75,20105.75,457,NQ.v.0
2024-09-24 15:20:00+00:00,33,1,106364,20106.0,20107.5,20099.5,20101.25,673,NQ.v.0
2024-09-24 15:21:00+00:00,33,1,106364,20101.0,20106.25,20098.75,20101.5,435,NQ.v.0
2024-09-24 15:22:00+00:00,33,1,106364,20101.75,20112.5,20097.0,20105.5,979,NQ.v.0
2024-09-24 15:23:00+00:00,33,1,106364,20106.5,20111.0,20101.25,20106.0,646,NQ.v.0
2024-09-24 15:24:00+00:00,33,1,106364,20106.25,20117.0,20105.75,20113.0,1411,NQ.v.0
2024-09-24 15:25:00+00:00,33,1,106364,20113.25,20124.75,20111.25,20123.5,1363,NQ.v.0
2024-09-24 15:26:00+00:00,33,1,106364,20123.0,20125.75,20111.25,20112.25,1202,NQ.v.0
2024-09-24 15:27:00+00:00,33,1,106364,20112.75,20115.5,20109.25,20110.25,672,NQ.v.0
2024-09-24 15:28:00+00:00,33,1,106364,20110.0,20113.0,20106.0,20108.25,917,NQ.v.0
2024-09-24 15:29:00+00:00,33,1,106364,20108.25,20116.5,20108.25,20115.0,610,NQ.v.0
2024-09-24 15:30:00+00:00,33,1,106364,20115.25,20123.5,20114.25,20118.5,940,NQ.v.0
2024-09-24 15:31:00+00:00,33,1,106364,20118.75,20128.0,20116.5,20119.75,1301,NQ.v.0
2024-09-24 15:32:00+00:00,33,1,106364,20120.5,20133.75,20120.0,20132.75,1307,NQ.v.0
2024-09-24 15:33:00+00:00,33,1,106364,20132.75,20137.25,20124.75,20125.5,922,NQ.v.0
2024-09-24 15:34:00+00:00,33,1,106364,20125.75,20128.0,20121.25,20123.5,629,NQ.v.0
2024-09-24 15:35:00+00:00,33,1,106364,20123.5,20129.25,20122.25,20126.25,514,NQ.v.0
2024-09-24 15:36:00+00:00,33,1,106364,20126.5,20127.5,20116.25,20120.0,948,NQ.v.0
2024-09-24 15:37:00+00:00,33,1,106364,20120.0,20120.25,20113.25,20113.25,889,NQ.v.0
2024-09-24 15:38:00+00:00,33,1,106364,20113.5,20122.0,20112.5,20118.0,589,NQ.v.0
2024-09-24 15:39:00+00:00,33,1,106364,20118.0,20131.25,20117.25,20127.75,987,NQ.v.0
2024-09-24 15:40:00+00:00,33,1,106364,20127.5,20137.25,20127.25,20130.75,1338,NQ.v.0
2024-09-24 15:41:00+00:00,33,1,106364,20130.25,20131.25,20125.0,20131.25,692,NQ.v.0
2024-09-24 15:42:00+00:00,33,1,106364,20131.0,20133.5,20126.5,20133.25,423,NQ.v.0
2024-09-24 15:43:00+00:00,33,1,106364,20132.75,20143.0,20132.5,20138.75,1226,NQ.v.0
2024-09-24 15:44:00+00:00,33,1,106364,20138.25,20147.0,20132.0,20145.25,1067,NQ.v.0
2024-09-24 15:45:00+00:00,33,1,106364,20144.75,20156.5,20144.0,20147.25,3004,NQ.v.0
2024-09-24 15:46:00+00:00,33,1,106364,20147.25,20160.75,20146.75,20156.0,1279,NQ.v.0
2024-09-24 15:47:00+00:00,33,1,106364,20156.0,20156.75,20143.75,20145.0,1144,NQ.v.0
2024-09-24 15:48:00+00:00,33,1,106364,20144.75,20152.75,20142.5,20152.0,1233,NQ.v.0
2024-09-24 15:49:00+00:00,33,1,106364,20152.75,20166.0,20151.75,20163.5,1111,NQ.v.0
2024-09-24 15:50:00+00:00,33,1,106364,20163.75,20171.25,20161.5,20162.5,1647,NQ.v.0
2024-09-24 15:51:00+00:00,33,1,106364,20163.5,20172.0,20163.5,20167.25,1406,NQ.v.0
2024-09-24 15:52:00+00:00,33,1,106364,20167.75,20183.5,20166.5,20181.0,2532,NQ.v.0
2024-09-24 15:53:00+00:00,33,1,106364,20181.75,20195.25,20181.5,20193.0,2449,NQ.v.0
2024-09-24 15:54:00+00:00,33,1,106364,20193.25,20207.5,20192.5,20204.25,2904,NQ.v.0
2024-09-24 15:55:00+00:00,33,1,106364,20205.0,20214.75,20202.25,20204.5,2665,NQ.v.0
2024-09-24 15:56:00+00:00,33,1,106364,20204.25,20207.25,20200.5,20202.75,1381,NQ.v.0
2024-09-24 15:57:00+00:00,33,1,106364,20203.25,20205.25,20191.0,20192.25,1727,NQ.v.0
2024-09-24 15:58:00+00:00,33,1,106364,20192.5,20194.25,20183.25,20192.5,1723,NQ.v.0
2024-09-24 15:59:00+00:00,33,1,106364,20193.0,20193.75,20182.5,20187.0,928,NQ.v.0
2024-09-24 16:00:00+00:00,33,1,106364,20187.5,20201.5,20187.0,20196.0,1858,NQ.v.0
2024-09-24 16:01:00+00:00,33,1,106364,20196.0,20204.0,20195.0,20202.25,850,NQ.v.0
2024-09-24 16:02:00+00:00,33,1,106364,20202.0,20209.75,20201.5,20207.5,1088,NQ.v.0
2024-09-24 16:03:00+00:00,33,1,106364,20207.5,20210.75,20200.75,20203.0,997,NQ.v.0
2024-09-24 16:04:00+00:00,33,1,106364,20203.25,20210.75,20201.5,20209.5,656,NQ.v.0
2024-09-24 16:05:00+00:00,33,1,106364,20209.5,20214.25,20205.75,20209.75,953,NQ.v.0
2024-09-24 16:06:00+00:00,33,1,106364,20209.75,20211.25,20202.0,20204.5,782,NQ.v.0
2024-09-24 16:07:00+00:00,33,1,106364,20204.25,20206.0,20195.75,20198.25,853,NQ.v.0
2024-09-24 16:08:00+00:00,33,1,106364,20198.0,20201.0,20192.25,20198.75,671,NQ.v.0
2024-09-24 16:09:00+00:00,33,1,106364,20199.5,20201.25,20191.75,20195.25,527,NQ.v.0
2024-09-24 16:10:00+00:00,33,1,106364,20194.75,20200.0,20186.0,20199.5,915,NQ.v.0
2024-09-24 16:11:00+00:00,33,1,106364,20199.5,20201.25,20195.75,20200.5,378,NQ.v.0
2024-09-24 16:12:00+00:00,33,1,106364,20200.5,20207.5,20200.5,20203.25,708,NQ.v.0
2024-09-24 16:13:00+00:00,33,1,106364,20203.5,20209.0,20195.0,20198.5,695,NQ.v.0
2024-09-24 16:14:00+00:00,33,1,106364,20198.25,20205.75,20196.5,20204.5,424,NQ.v.0
2024-09-24 16:15:00+00:00,33,1,106364,20205.25,20205.25,20193.75,20198.0,575,NQ.v.0
2024-09-24 16:16:00+00:00,33,1,106364,20198.25,20199.0,20187.5,20191.5,574,NQ.v.0
2024-09-24 16:17:00+00:00,33,1,106364,20191.25,20193.0,20188.0,20191.75,460,NQ.v.0
2024-09-24 16:18:00+00:00,33,1,106364,20191.75,20195.5,20190.25,20193.0,337,NQ.v.0
2024-09-24 16:19:00+00:00,33,1,106364,20192.25,20197.25,20192.25,20197.0,349,NQ.v.0
2024-09-24 16:20:00+00:00,33,1,106364,20196.75,20206.5,20195.75,20203.0,718,NQ.v.0
2024-09-24 16:21:00+00:00,33,1,106364,20202.25,20202.75,20192.5,20194.75,467,NQ.v.0
2024-09-24 16:22:00+00:00,33,1,106364,20195.0,20200.0,20195.0,20199.75,263,NQ.v.0
2024-09-24 16:23:00+00:00,33,1,106364,20199.25,20202.25,20192.25,20192.5,497,NQ.v.0
2024-09-24 16:24:00+00:00,33,1,106364,20193.0,20194.25,20179.25,20186.75,1284,NQ.v.0
2024-09-24 16:25:00+00:00,33,1,106364,20187.25,20192.75,20181.0,20183.5,611,NQ.v.0
2024-09-24 16:26:00+00:00,33,1,106364,20183.75,20185.75,20171.25,20173.0,1271,NQ.v.0
2024-09-24 16:27:00+00:00,33,1,106364,20173.25,20189.75,20171.75,20189.0,982,NQ.v.0
2024-09-24 16:28:00+00:00,33,1,106364,20189.0,20192.25,20180.75,20191.0,642,NQ.v.0
2024-09-24 16:29:00+00:00,33,1,106364,20191.25,20192.5,20186.25,20189.0,371,NQ.v.0
2024-09-24 16:30:00+00:00,33,1,106364,20189.25,20197.0,20181.75,20194.25,1058,NQ.v.0
2024-09-24 16:31:00+00:00,33,1,106364,20194.0,20198.25,20188.5,20192.25,595,NQ.v.0
2024-09-24 16:32:00+00:00,33,1,106364,20192.0,20196.0,20192.0,20194.5,258,NQ.v.0
2024-09-24 16:33:00+00:00,33,1,106364,20195.25,20200.75,20193.25,20196.5,499,NQ.v.0
2024-09-24 16:34:00+00:00,33,1,106364,20197.0,20199.75,20195.5,20197.0,275,NQ.v.0
2024-09-24 16:35:00+00:00,33,1,106364,20196.75,20204.0,20193.0,20194.0,678,NQ.v.0
2024-09-24 16:36:00+00:00,33,1,106364,20194.25,20196.75,20191.0,20195.5,362,NQ.v.0
2024-09-24 16:37:00+00:00,33,1,106364,20196.0,20199.25,20191.25,20193.25,399,NQ.v.0
2024-09-24 16:38:00+00:00,33,1,106364,20195.0,20196.5,20190.0,20192.5,275,NQ.v.0
2024-09-24 16:39:00+00:00,33,1,106364,20193.25,20197.75,20191.0,20195.25,323,NQ.v.0
2024-09-24 16:40:00+00:00,33,1,106364,20195.25,20198.75,20188.5,20190.0,496,NQ.v.0
2024-09-24 16:41:00+00:00,33,1,106364,20189.5,20198.0,20186.0,20196.0,732,NQ.v.0
2024-09-24 16:42:00+00:00,33,1,106364,20196.0,20198.75,20191.75,20193.0,291,NQ.v.0
2024-09-24 16:43:00+00:00,33,1,106364,20192.5,20194.75,20184.5,20194.25,721,NQ.v.0
2024-09-24 16:44:00+00:00,33,1,106364,20194.75,20200.75,20194.25,20200.0,467,NQ.v.0
2024-09-24 16:45:00+00:00,33,1,106364,20200.0,20212.5,20200.0,20209.0,1580,NQ.v.0
2024-09-24 16:46:00+00:00,33,1,106364,20209.0,20210.0,20197.75,20202.0,941,NQ.v.0
2024-09-24 16:47:00+00:00,33,1,106364,20202.0,20202.5,20191.25,20194.75,618,NQ.v.0
2024-09-24 16:48:00+00:00,33,1,106364,20194.75,20200.0,20189.0,20199.0,544,NQ.v.0
2024-09-24 16:49:00+00:00,33,1,106364,20199.0,20200.25,20193.5,20195.0,235,NQ.v.0
2024-09-24 16:50:00+00:00,33,1,106364,20195.25,20195.5,20186.25,20192.0,651,NQ.v.0
2024-09-24 16:51:00+00:00,33,1,106364,20192.25,20198.5,20192.25,20193.75,411,NQ.v.0
2024-09-24 16:52:00+00:00,33,1,106364,20194.75,20197.25,20192.25,20193.75,250,NQ.v.0
2024-09-24 16:53:00+00:00,33,1,106364,20194.0,20200.0,20191.25,20191.75,427,NQ.v.0
2024-09-24 16:54:00+00:00,33,1,106364,20191.0,20191.0,20179.5,20183.75,866,NQ.v.0
2024-09-24 16:55:00+00:00,33,1,106364,20183.75,20186.0,20179.0,20180.25,623,NQ.v.0
2024-09-24 16:56:00+00:00,33,1,106364,20180.0,20183.25,20168.5,20173.0,1299,NQ.v.0
2024-09-24 16:57:00+00:00,33,1,106364,20172.5,20177.0,20168.5,20175.5,599,NQ.v.0
2024-09-24 16:58:00+00:00,33,1,106364,20175.5,20178.5,20166.75,20169.5,632,NQ.v.0
2024-09-24 16:59:00+00:00,33,1,106364,20169.5,20173.25,20160.25,20162.0,1152,NQ.v.0
2024-09-24 17:00:00+00:00,33,1,106364,20162.5,20170.0,20151.0,20169.5,1386,NQ.v.0
2024-09-24 17:01:00+00:00,33,1,106364,20169.5,20171.25,20162.5,20164.0,437,NQ.v.0
2024-09-24 17:02:00+00:00,33,1,106364,20164.0,20172.0,20162.5,20171.5,478,NQ.v.0
2024-09-24 17:03:00+00:00,33,1,106364,20171.25,20172.75,20162.0,20171.75,663,NQ.v.0
2024-09-24 17:04:00+00:00,33,1,106364,20171.25,20175.25,20163.0,20164.5,692,NQ.v.0
2024-09-24 17:05:00+00:00,33,1,106364,20164.0,20169.5,20164.0,20169.0,316,NQ.v.0
2024-09-24 17:06:00+00:00,33,1,106364,20169.25,20177.25,20168.25,20174.75,483,NQ.v.0
2024-09-24 17:07:00+00:00,33,1,106364,20175.0,20182.5,20174.25,20179.0,863,NQ.v.0
2024-09-24 17:08:00+00:00,33,1,106364,20179.5,20181.0,20171.0,20173.0,534,NQ.v.0
2024-09-24 17:09:00+00:00,33,1,106364,20172.75,20177.25,20167.5,20171.25,733,NQ.v.0
2024-09-24 17:10:00+00:00,33,1,106364,20171.25,20174.0,20165.0,20172.0,513,NQ.v.0
2024-09-24 17:11:00+00:00,33,1,106364,20172.0,20179.5,20168.25,20178.25,394,NQ.v.0
2024-09-24 17:12:00+00:00,33,1,106364,20179.75,20181.0,20175.75,20179.75,315,NQ.v.0
2024-09-24 17:13:00+00:00,33,1,106364,20179.25,20180.0,20170.75,20171.75,352,NQ.v.0
2024-09-24 17:14:00+00:00,33,1,106364,20172.5,20182.75,20172.5,20180.25,511,NQ.v.0
2024-09-24 17:15:00+00:00,33,1,106364,20180.25,20186.0,20177.5,20185.5,545,NQ.v.0
2024-09-24 17:16:00+00:00,33,1,106364,20185.5,20187.5,20181.25,20185.75,557,NQ.v.0
2024-09-24 17:17:00+00:00,33,1,106364,20185.25,20192.25,20184.5,20191.0,572,NQ.v.0
2024-09-24 17:18:00+00:00,33,1,106364,20190.25,20191.0,20180.5,20183.75,492,NQ.v.0
2024-09-24 17:19:00+00:00,33,1,106364,20183.5,20189.75,20183.25,20188.5,309,NQ.v.0
2024-09-24 17:20:00+00:00,33,1,106364,20187.0,20187.25,20176.75,20179.5,513,NQ.v.0
2024-09-24 17:21:00+00:00,33,1,106364,20179.5,20181.25,20173.5,20180.75,526,NQ.v.0
2024-09-24 17:22:00+00:00,33,1,106364,20181.5,20182.0,20174.25,20175.75,346,NQ.v.0
2024-09-24 17:23:00+00:00,33,1,106364,20175.25,20175.25,20167.75,20173.0,568,NQ.v.0
2024-09-24 17:24:00+00:00,33,1,106364,20173.25,20179.25,20171.25,20177.5,393,NQ.v.0
2024-09-24 17:25:00+00:00,33,1,106364,20177.5,20183.0,20175.0,20180.5,408,NQ.v.0
2024-09-24 17:26:00+00:00,33,1,106364,20179.75,20183.75,20179.5,20180.5,307,NQ.v.0
2024-09-24 17:27:00+00:00,33,1,106364,20180.5,20184.75,20176.75,20179.75,315,NQ.v.0
2024-09-24 17:28:00+00:00,33,1,106364,20179.0,20179.5,20171.75,20173.0,384,NQ.v.0
2024-09-24 17:29:00+00:00,33,1,106364,20172.0,20181.5,20169.75,20172.5,549,NQ.v.0
2024-09-24 17:30:00+00:00,33,1,106364,20172.5,20182.0,20170.75,20181.75,415,NQ.v.0
2024-09-24 17:31:00+00:00,33,1,106364,20181.25,20183.5,20170.25,20177.5,544,NQ.v.0
2024-09-24 17:32:00+00:00,33,1,106364,20177.0,20180.5,20176.5,20179.25,270,NQ.v.0
2024-09-24 17:33:00+00:00,33,1,106364,20180.25,20185.25,20180.25,20182.25,352,NQ.v.0
2024-09-24 17:34:00+00:00,33,1,106364,20182.75,20188.25,20182.5,20187.75,340,NQ.v.0
2024-09-24 17:35:00+00:00,33,1,106364,20187.5,20193.0,20186.75,20189.25,869,NQ.v.0
2024-09-24 17:36:00+00:00,33,1,106364,20189.0,20189.5,20182.0,20182.5,328,NQ.v.0
2024-09-24 17:37:00+00:00,33,1,106364,20182.0,20184.0,20178.0,20182.25,425,NQ.v.0
2024-09-24 17:38:00+00:00,33,1,106364,20181.5,20181.5,20174.75,20177.25,245,NQ.v.0
2024-09-24 17:39:00+00:00,33,1,106364,20176.5,20184.25,20174.75,20184.0,338,NQ.v.0
2024-09-24 17:40:00+00:00,33,1,106364,20183.25,20186.25,20178.5,20182.0,473,NQ.v.0
2024-09-24 17:41:00+00:00,33,1,106364,20182.25,20182.25,20173.0,20180.25,634,NQ.v.0
2024-09-24 17:42:00+00:00,33,1,106364,20180.0,20188.25,20178.25,20187.25,457,NQ.v.0
2024-09-24 17:43:00+00:00,33,1,106364,20186.75,20193.5,20185.75,20189.0,591,NQ.v.0
2024-09-24 17:44:00+00:00,33,1,106364,20189.5,20192.5,20187.0,20187.75,277,NQ.v.0
2024-09-24 17:45:00+00:00,33,1,106364,20187.25,20188.25,20184.0,20185.75,320,NQ.v.0
2024-09-24 17:46:00+00:00,33,1,106364,20185.75,20187.0,20176.75,20177.75,436,NQ.v.0
2024-09-24 17:47:00+00:00,33,1,106364,20177.25,20182.0,20176.0,20181.0,350,NQ.v.0
2024-09-24 17:48:00+00:00,33,1,106364,20180.5,20182.0,20177.25,20177.25,240,NQ.v.0
2024-09-24 17:49:00+00:00,33,1,106364,20177.0,20177.5,20168.25,20169.25,726,NQ.v.0
2024-09-24 17:50:00+00:00,33,1,106364,20169.5,20172.5,20166.75,20169.25,531,NQ.v.0
2024-09-24 17:51:00+00:00,33,1,106364,20169.25,20177.5,20167.5,20175.0,510,NQ.v.0
2024-09-24 17:52:00+00:00,33,1,106364,20175.0,20180.5,20173.75,20179.5,357,NQ.v.0
2024-09-24 17:53:00+00:00,33,1,106364,20178.75,20180.75,20167.0,20179.75,601,NQ.v.0
2024-09-24 17:54:00+00:00,33,1,106364,20179.5,20183.0,20178.5,20181.25,415,NQ.v.0
2024-09-24 17:55:00+00:00,33,1,106364,20181.0,20181.0,20168.0,20172.75,446,NQ.v.0
2024-09-24 17:56:00+00:00,33,1,106364,20173.25,20175.5,20171.5,20174.25,338,NQ.v.0
2024-09-24 17:57:00+00:00,33,1,106364,20174.0,20174.0,20166.0,20168.75,423,NQ.v.0
2024-09-24 17:58:00+00:00,33,1,106364,20169.75,20171.75,20167.75,20169.5,249,NQ.v.0
2024-09-24 17:59:00+00:00,33,1,106364,20169.75,20169.75,20162.25,20165.5,499,NQ.v.0
2024-09-24 18:00:00+00:00,33,1,106364,20165.25,20166.25,20157.0,20159.5,951,NQ.v.0
2024-09-24 18:01:00+00:00,33,1,106364,20159.75,20168.5,20157.75,20164.25,642,NQ.v.0
2024-09-24 18:02:00+00:00,33,1,106364,20164.5,20172.25,20164.25,20171.0,485,NQ.v.0
2024-09-24 18:03:00+00:00,33,1,106364,20170.75,20175.75,20169.25,20170.0,534,NQ.v.0
2024-09-24 18:04:00+00:00,33,1,106364,20170.0,20174.75,20163.75,20166.5,464,NQ.v.0
2024-09-24 18:05:00+00:00,33,1,106364,20166.75,20169.25,20163.75,20169.0,298,NQ.v.0
2024-09-24 18:06:00+00:00,33,1,106364,20169.25,20174.25,20164.5,20166.75,424,NQ.v.0
2024-09-24 18:07:00+00:00,33,1,106364,20166.75,20175.25,20166.0,20168.25,355,NQ.v.0
2024-09-24 18:08:00+00:00,33,1,106364,20167.75,20169.75,20162.75,20164.5,311,NQ.v.0
2024-09-24 18:09:00+00:00,33,1,106364,20164.75,20169.25,20161.75,20163.75,275,NQ.v.0
2024-09-24 18:10:00+00:00,33,1,106364,20163.75,20166.0,20160.0,20164.75,483,NQ.v.0
2024-09-24 18:11:00+00:00,33,1,106364,20164.5,20165.25,20158.5,20161.25,281,NQ.v.0
2024-09-24 18:12:00+00:00,33,1,106364,20161.0,20162.0,20155.25,20156.0,618,NQ.v.0
2024-09-24 18:13:00+00:00,33,1,106364,20156.0,20160.25,20141.5,20149.75,1672,NQ.v.0
2024-09-24 18:14:00+00:00,33,1,106364,20151.0,20157.25,20150.5,20155.25,615,NQ.v.0
2024-09-24 18:15:00+00:00,33,1,106364,20156.0,20159.0,20149.5,20150.75,610,NQ.v.0
2024-09-24 18:16:00+00:00,33,1,106364,20151.0,20156.25,20148.5,20153.5,378,NQ.v.0
2024-09-24 18:17:00+00:00,33,1,106364,20153.25,20153.25,20144.75,20148.0,590,NQ.v.0
2024-09-24 18:18:00+00:00,33,1,106364,20148.0,20156.75,20146.25,20156.75,583,NQ.v.0
2024-09-24 18:19:00+00:00,33,1,106364,20156.5,20161.5,20155.5,20159.0,619,NQ.v.0
2024-09-24 18:20:00+00:00,33,1,106364,20159.25,20160.25,20156.25,20158.25,440,NQ.v.0
2024-09-24 18:21:00+00:00,33,1,106364,20157.75,20161.75,20152.0,20154.0,506,NQ.v.0
2024-09-24 18:22:00+00:00,33,1,106364,20154.75,20162.0,20154.25,20158.0,375,NQ.v.0
2024-09-24 18:23:00+00:00,33,1,106364,20157.5,20158.0,20150.25,20154.75,413,NQ.v.0
2024-09-24 18:24:00+00:00,33,1,106364,20155.25,20155.75,20151.5,20153.25,227,NQ.v.0
2024-09-24 18:25:00+00:00,33,1,106364,20153.75,20155.75,20147.5,20149.0,405,NQ.v.0
2024-09-24 18:26:00+00:00,33,1,106364,20148.75,20151.25,20145.0,20149.5,394,NQ.v.0
2024-09-24 18:27:00+00:00,33,1,106364,20150.75,20152.0,20146.75,20147.5,259,NQ.v.0
2024-09-24 18:28:00+00:00,33,1,106364,20147.25,20152.75,20140.5,20142.0,582,NQ.v.0
2024-09-24 18:29:00+00:00,33,1,106364,20141.75,20148.5,20135.0,20146.0,919,NQ.v.0
2024-09-24 18:30:00+00:00,33,1,106364,20146.5,20147.0,20108.75,20129.75,3259,NQ.v.0
2024-09-24 18:31:00+00:00,33,1,106364,20130.0,20138.25,20125.75,20135.75,947,NQ.v.0
2024-09-24 18:32:00+00:00,33,1,106364,20135.0,20135.25,20128.0,20132.25,729,NQ.v.0
2024-09-24 18:33:00+00:00,33,1,106364,20132.75,20142.75,20126.0,20139.75,914,NQ.v.0
2024-09-24 18:34:00+00:00,33,1,106364,20140.25,20145.5,20138.0,20142.0,664,NQ.v.0
2024-09-24 18:35:00+00:00,33,1,106364,20142.25,20148.25,20141.75,20147.0,683,NQ.v.0
2024-09-24 18:36:00+00:00,33,1,106364,20146.75,20148.5,20143.25,20147.0,397,NQ.v.0
2024-09-24 18:37:00+00:00,33,1,106364,20147.75,20148.25,20137.0,20141.5,568,NQ.v.0
2024-09-24 18:38:00+00:00,33,1,106364,20142.0,20150.5,20141.75,20147.75,408,NQ.v.0
2024-09-24 18:39:00+00:00,33,1,106364,20147.75,20156.5,20146.25,20155.75,538,NQ.v.0
2024-09-24 18:40:00+00:00,33,1,106364,20156.0,20158.75,20147.0,20147.75,928,NQ.v.0
2024-09-24 18:41:00+00:00,33,1,106364,20147.5,20151.25,20146.25,20147.25,456,NQ.v.0
2024-09-24 18:42:00+00:00,33,1,106364,20147.25,20149.0,20141.0,20144.25,489,NQ.v.0
2024-09-24 18:43:00+00:00,33,1,106364,20144.5,20146.0,20142.5,20143.5,294,NQ.v.0
2024-09-24 18:44:00+00:00,33,1,106364,20144.0,20149.75,20143.25,20148.25,341,NQ.v.0
2024-09-24 18:45:00+00:00,33,1,106364,20149.0,20149.25,20144.25,20146.5,261,NQ.v.0
2024-09-24 18:46:00+00:00,33,1,106364,20146.5,20147.0,20137.25,20140.25,493,NQ.v.0
2024-09-24 18:47:00+00:00,33,1,106364,20140.0,20146.75,20137.75,20146.0,499,NQ.v.0
2024-09-24 18:48:00+00:00,33,1,106364,20145.75,20145.75,20140.0,20141.0,234,NQ.v.0
2024-09-24 18:49:00+00:00,33,1,106364,20141.0,20141.25,20135.75,20137.25,455,NQ.v.0
2024-09-24 18:50:00+00:00,33,1,106364,20137.0,20147.75,20133.0,20146.75,970,NQ.v.0
2024-09-24 18:51:00+00:00,33,1,106364,20147.75,20151.75,20146.75,20148.5,577,NQ.v.0
2024-09-24 18:52:00+00:00,33,1,106364,20148.25,20155.0,20148.0,20149.75,533,NQ.v.0
2024-09-24 18:53:00+00:00,33,1,106364,20150.25,20154.0,20148.5,20153.0,310,NQ.v.0
2024-09-24 18:54:00+00:00,33,1,106364,20153.0,20156.5,20152.25,20156.25,473,NQ.v.0
2024-09-24 18:55:00+00:00,33,1,106364,20156.0,20159.25,20149.5,20150.25,644,NQ.v.0
2024-09-24 18:56:00+00:00,33,1,106364,20150.0,20157.25,20147.25,20155.75,497,NQ.v.0
2024-09-24 18:57:00+00:00,33,1,106364,20155.25,20155.75,20151.0,20155.25,369,NQ.v.0
2024-09-24 18:58:00+00:00,33,1,106364,20155.5,20155.75,20146.5,20147.0,373,NQ.v.0
2024-09-24 18:59:00+00:00,33,1,106364,20146.75,20148.75,20137.75,20147.75,915,NQ.v.0
2024-09-24 19:00:00+00:00,33,1,106364,20147.25,20150.75,20143.0,20145.75,821,NQ.v.0
2024-09-24 19:01:00+00:00,33,1,106364,20146.5,20147.75,20143.75,20145.25,291,NQ.v.0
2024-09-24 19:02:00+00:00,33,1,106364,20145.75,20152.0,20144.5,20149.5,330,NQ.v.0
2024-09-24 19:03:00+00:00,33,1,106364,20150.5,20150.75,20141.75,20146.5,391,NQ.v.0
2024-09-24 19:04:00+00:00,33,1,106364,20146.75,20152.5,20146.25,20151.25,340,NQ.v.0
2024-09-24 19:05:00+00:00,33,1,106364,20151.0,20152.75,20148.25,20152.25,319,NQ.v.0
2024-09-24 19:06:00+00:00,33,1,106364,20152.25,20157.5,20151.75,20156.0,477,NQ.v.0
2024-09-24 19:07:00+00:00,33,1,106364,20156.0,20156.0,20150.0,20154.25,434,NQ.v.0
2024-09-24 19:08:00+00:00,33,1,106364,20154.25,20161.25,20153.75,20158.0,599,NQ.v.0
2024-09-24 19:09:00+00:00,33,1,106364,20158.0,20158.25,20153.5,20153.5,365,NQ.v.0
2024-09-24 19:10:00+00:00,33,1,106364,20154.25,20159.25,20150.75,20157.5,539,NQ.v.0
2024-09-24 19:11:00+00:00,33,1,106364,20157.75,20158.25,20147.5,20149.75,567,NQ.v.0
2024-09-24 19:12:00+00:00,33,1,106364,20149.5,20150.0,20142.75,20148.5,649,NQ.v.0
2024-09-24 19:13:00+00:00,33,1,106364,20148.75,20150.25,20146.25,20148.25,220,NQ.v.0
2024-09-24 19:14:00+00:00,33,1,106364,20147.75,20152.75,20146.0,20149.5,450,NQ.v.0
2024-09-24 19:15:00+00:00,33,1,106364,20149.75,20157.75,20147.25,20155.25,646,NQ.v.0
2024-09-24 19:16:00+00:00,33,1,106364,20155.0,20156.5,20151.5,20155.0,320,NQ.v.0
2024-09-24 19:17:00+00:00,33,1,106364,20155.0,20155.0,20143.25,20146.5,624,NQ.v.0
2024-09-24 19:18:00+00:00,33,1,106364,20147.25,20149.5,20141.5,20145.75,472,NQ.v.0
2024-09-24 19:19:00+00:00,33,1,106364,20146.25,20153.25,20143.75,20151.5,318,NQ.v.0
2024-09-24 19:20:00+00:00,33,1,106364,20152.0,20154.0,20148.0,20153.5,324,NQ.v.0
2024-09-24 19:21:00+00:00,33,1,106364,20153.0,20157.5,20152.0,20155.25,394,NQ.v.0
2024-09-24 19:22:00+00:00,33,1,106364,20155.25,20156.5,20150.0,20154.0,296,NQ.v.0
2024-09-24 19:23:00+00:00,33,1,106364,20154.25,20154.5,20145.75,20148.0,391,NQ.v.0
2024-09-24 19:24:00+00:00,33,1,106364,20147.75,20156.5,20147.5,20152.75,502,NQ.v.0
2024-09-24 19:25:00+00:00,33,1,106364,20153.25,20156.0,20151.0,20152.5,279,NQ.v.0
2024-09-24 19:26:00+00:00,33,1,106364,20153.0,20157.0,20151.75,20153.5,230,NQ.v.0
2024-09-24 19:27:00+00:00,33,1,106364,20153.5,20157.5,20150.75,20153.75,278,NQ.v.0
2024-09-24 19:28:00+00:00,33,1,106364,20153.75,20155.0,20148.25,20154.0,333,NQ.v.0
2024-09-24 19:29:00+00:00,33,1,106364,20154.75,20156.75,20150.25,20151.75,270,NQ.v.0
2024-09-24 19:30:00+00:00,33,1,106364,20151.75,20152.25,20143.0,20146.75,766,NQ.v.0
2024-09-24 19:31:00+00:00,33,1,106364,20146.25,20151.5,20143.5,20145.5,451,NQ.v.0
2024-09-24 19:32:00+00:00,33,1,106364,20145.25,20153.75,20144.25,20151.0,467,NQ.v.0
2024-09-24 19:33:00+00:00,33,1,106364,20151.5,20151.5,20146.25,20148.0,292,NQ.v.0
2024-09-24 19:34:00+00:00,33,1,106364,20148.25,20150.75,20145.0,20149.5,231,NQ.v.0
2024-09-24 19:35:00+00:00,33,1,106364,20148.75,20149.25,20144.5,20148.75,380,NQ.v.0
2024-09-24 19:36:00+00:00,33,1,106364,20149.0,20153.5,20146.5,20149.0,371,NQ.v.0
2024-09-24 19:37:00+00:00,33,1,106364,20149.0,20155.25,20146.5,20154.25,378,NQ.v.0
2024-09-24 19:38:00+00:00,33,1,106364,20154.25,20159.0,20152.25,20154.5,569,NQ.v.0
2024-09-24 19:39:00+00:00,33,1,106364,20154.5,20162.25,20153.5,20160.5,547,NQ.v.0
2024-09-24 19:40:00+00:00,33,1,106364,20160.25,20163.75,20157.75,20161.5,673,NQ.v.0
2024-09-24 19:41:00+00:00,33,1,106364,20161.25,20173.0,20160.75,20167.75,1138,NQ.v.0
2024-09-24 19:42:00+00:00,33,1,106364,20167.5,20168.25,20162.5,20166.75,416,NQ.v.0
2024-09-24 19:43:00+00:00,33,1,106364,20167.5,20168.0,20159.5,20161.5,525,NQ.v.0
2024-09-24 19:44:00+00:00,33,1,106364,20161.75,20162.25,20156.5,20159.5,527,NQ.v.0
2024-09-24 19:45:00+00:00,33,1,106364,20159.5,20166.75,20158.25,20166.75,671,NQ.v.0
2024-09-24 19:46:00+00:00,33,1,106364,20166.5,20167.25,20162.25,20163.0,384,NQ.v.0
2024-09-24 19:47:00+00:00,33,1,106364,20162.75,20167.75,20160.0,20165.25,424,NQ.v.0
2024-09-24 19:48:00+00:00,33,1,106364,20165.25,20170.75,20164.0,20168.25,580,NQ.v.0
2024-09-24 19:49:00+00:00,33,1,106364,20168.25,20168.75,20163.0,20166.0,397,NQ.v.0
2024-09-24 19:50:00+00:00,33,1,106364,20166.25,20174.0,20162.5,20164.5,1081,NQ.v.0
2024-09-24 19:51:00+00:00,33,1,106364,20164.25,20171.75,20161.0,20168.25,859,NQ.v.0
2024-09-24 19:52:00+00:00,33,1,106364,20168.25,20169.25,20162.5,20168.0,626,NQ.v.0
2024-09-24 19:53:00+00:00,33,1,106364,20167.25,20169.5,20162.75,20167.75,588,NQ.v.0
2024-09-24 19:54:00+00:00,33,1,106364,20168.0,20168.0,20144.0,20148.0,1768,NQ.v.0
2024-09-24 19:55:00+00:00,33,1,106364,20148.25,20153.5,20138.75,20152.5,2258,NQ.v.0
2024-09-24 19:56:00+00:00,33,1,106364,20152.25,20155.75,20145.75,20151.75,949,NQ.v.0
2024-09-24 19:57:00+00:00,33,1,106364,20151.5,20154.0,20148.5,20151.0,743,NQ.v.0
2024-09-24 19:58:00+00:00,33,1,106364,20150.25,20156.0,20148.5,20152.75,988,NQ.v.0
2024-09-24 19:59:00+00:00,33,1,106364,20152.5,20174.25,20150.75,20170.25,5896,NQ.v.0
2024-09-24 20:00:00+00:00,33,1,106364,20170.5,20172.25,20163.75,20166.0,2582,NQ.v.0
2024-09-24 20:01:00+00:00,33,1,106364,20166.0,20169.0,20165.25,20167.5,753,NQ.v.0
2024-09-24 20:02:00+00:00,33,1,106364,20167.5,20170.25,20167.0,20169.75,675,NQ.v.0
2024-09-24 20:03:00+00:00,33,1,106364,20169.5,20175.25,20169.0,20174.75,603,NQ.v.0
2024-09-24 20:04:00+00:00,33,1,106364,20175.0,20178.0,20168.0,20170.25,984,NQ.v.0
2024-09-24 20:05:00+00:00,33,1,106364,20170.25,20172.5,20168.0,20170.75,409,NQ.v.0
2024-09-24 20:06:00+00:00,33,1,106364,20170.75,20172.0,20167.75,20168.25,132,NQ.v.0
2024-09-24 20:07:00+00:00,33,1,106364,20168.0,20171.0,20165.25,20170.5,366,NQ.v.0
2024-09-24 20:08:00+00:00,33,1,106364,20170.25,20170.25,20165.25,20165.25,148,NQ.v.0
2024-09-24 20:09:00+00:00,33,1,106364,20166.0,20166.25,20162.25,20164.5,238,NQ.v.0
2024-09-24 20:10:00+00:00,33,1,106364,20164.5,20164.75,20162.75,20164.25,230,NQ.v.0
2024-09-24 20:11:00+00:00,33,1,106364,20163.5,20168.75,20163.5,20168.0,170,NQ.v.0
2024-09-24 20:12:00+00:00,33,1,106364,20168.0,20176.5,20166.75,20176.5,303,NQ.v.0
2024-09-24 20:13:00+00:00,33,1,106364,20176.0,20177.0,20173.75,20175.0,213,NQ.v.0
2024-09-24 20:14:00+00:00,33,1,106364,20174.25,20178.75,20174.0,20178.0,367,NQ.v.0
2024-09-24 20:15:00+00:00,33,1,106364,20178.25,20184.0,20178.25,20183.25,359,NQ.v.0
2024-09-24 20:16:00+00:00,33,1,106364,20183.25,20185.75,20181.0,20181.75,308,NQ.v.0
2024-09-24 20:17:00+00:00,33,1,106364,20181.5,20183.5,20181.0,20182.75,115,NQ.v.0
2024-09-24 20:18:00+00:00,33,1,106364,20182.75,20183.75,20181.75,20182.75,107,NQ.v.0
2024-09-24 20:19:00+00:00,33,1,106364,20182.25,20184.75,20182.0,20183.75,100,NQ.v.0
2024-09-24 20:20:00+00:00,33,1,106364,20183.75,20184.25,20183.0,20183.75,59,NQ.v.0
2024-09-24 20:21:00+00:00,33,1,106364,20183.25,20184.0,20181.75,20182.0,61,NQ.v.0
2024-09-24 20:22:00+00:00,33,1,106364,20182.25,20184.0,20182.0,20183.5,77,NQ.v.0
2024-09-24 20:23:00+00:00,33,1,106364,20183.5,20183.5,20181.25,20182.25,52,NQ.v.0
2024-09-24 20:24:00+00:00,33,1,106364,20182.25,20186.5,20182.25,20186.25,182,NQ.v.0
2024-09-24 20:25:00+00:00,33,1,106364,20186.25,20186.25,20184.75,20185.5,74,NQ.v.0
2024-09-24 20:26:00+00:00,33,1,106364,20185.75,20185.75,20183.0,20183.75,89,NQ.v.0
2024-09-24 20:27:00+00:00,33,1,106364,20184.0,20185.0,20183.25,20184.5,98,NQ.v.0
2024-09-24 20:28:00+00:00,33,1,106364,20184.25,20186.0,20183.75,20185.0,96,NQ.v.0
2024-09-24 20:29:00+00:00,33,1,106364,20185.5,20187.5,20184.75,20187.25,119,NQ.v.0
2024-09-24 20:30:00+00:00,33,1,106364,20187.5,20187.5,20185.0,20185.75,114,NQ.v.0
2024-09-24 20:31:00+00:00,33,1,106364,20186.5,20187.0,20185.0,20185.75,61,NQ.v.0
2024-09-24 20:32:00+00:00,33,1,106364,20185.75,20186.25,20185.0,20185.5,38,NQ.v.0
2024-09-24 20:33:00+00:00,33,1,106364,20185.25,20186.0,20185.0,20185.75,42,NQ.v.0
2024-09-24 20:34:00+00:00,33,1,106364,20185.5,20187.25,20185.5,20187.25,36,NQ.v.0
2024-09-24 20:35:00+00:00,33,1,106364,20187.5,20188.5,20185.25,20187.5,139,NQ.v.0
2024-09-24 20:36:00+00:00,33,1,106364,20188.0,20188.5,20186.5,20186.75,80,NQ.v.0
2024-09-24 20:37:00+00:00,33,1,106364,20186.25,20187.0,20186.0,20187.0,44,NQ.v.0
2024-09-24 20:38:00+00:00,33,1,106364,20187.0,20187.25,20185.75,20186.25,83,NQ.v.0
2024-09-24 20:39:00+00:00,33,1,106364,20186.5,20187.0,20185.75,20186.5,164,NQ.v.0
2024-09-24 20:40:00+00:00,33,1,106364,20186.5,20187.25,20185.75,20185.75,402,NQ.v.0
2024-09-24 20:41:00+00:00,33,1,106364,20185.75,20187.0,20185.75,20187.0,96,NQ.v.0
2024-09-24 20:42:00+00:00,33,1,106364,20187.25,20187.5,20185.5,20187.0,245,NQ.v.0
2024-09-24 20:43:00+00:00,33,1,106364,20187.0,20188.75,20186.5,20186.75,112,NQ.v.0
2024-09-24 20:44:00+00:00,33,1,106364,20186.5,20188.0,20186.0,20187.0,136,NQ.v.0
2024-09-24 20:45:00+00:00,33,1,106364,20186.5,20187.25,20185.5,20186.25,245,NQ.v.0
2024-09-24 20:46:00+00:00,33,1,106364,20186.25,20187.0,20185.5,20186.0,88,NQ.v.0
2024-09-24 20:47:00+00:00,33,1,106364,20186.5,20187.25,20185.75,20187.25,46,NQ.v.0
2024-09-24 20:48:00+00:00,33,1,106364,20187.25,20187.25,20185.5,20186.5,86,NQ.v.0
2024-09-24 20:49:00+00:00,33,1,106364,20186.75,20188.0,20186.0,20188.0,159,NQ.v.0
2024-09-24 20:50:00+00:00,33,1,106364,20187.75,20188.0,20186.0,20187.5,60,NQ.v.0
2024-09-24 20:51:00+00:00,33,1,106364,20187.75,20189.5,20186.75,20189.25,91,NQ.v.0
2024-09-24 20:52:00+00:00,33,1,106364,20189.5,20189.5,20187.75,20187.75,39,NQ.v.0
2024-09-24 20:53:00+00:00,33,1,106364,20187.75,20188.75,20187.75,20188.5,31,NQ.v.0
2024-09-24 20:54:00+00:00,33,1,106364,20188.75,20189.0,20187.0,20189.0,63,NQ.v.0
2024-09-24 20:55:00+00:00,33,1,106364,20188.75,20189.25,20188.25,20189.0,72,NQ.v.0
2024-09-24 20:56:00+00:00,33,1,106364,20188.5,20188.75,20187.0,20187.0,37,NQ.v.0
2024-09-24 20:57:00+00:00,33,1,106364,20186.75,20187.25,20186.25,20187.0,24,NQ.v.0
2024-09-24 20:58:00+00:00,33,1,106364,20186.5,20187.0,20185.5,20185.5,120,NQ.v.0
2024-09-24 20:59:00+00:00,33,1,106364,20185.5,20186.75,20184.25,20185.25,187,NQ.v.0
2024-09-24 22:00:00+00:00,33,1,106364,20183.75,20187.0,20181.25,20183.5,175,NQ.v.0
2024-09-24 22:01:00+00:00,33,1,106364,20183.75,20186.0,20181.25,20185.25,60,NQ.v.0
2024-09-24 22:02:00+00:00,33,1,106364,20183.75,20185.0,20183.0,20185.0,14,NQ.v.0
2024-09-24 22:03:00+00:00,33,1,106364,20184.5,20185.5,20180.0,20181.0,38,NQ.v.0
2024-09-24 22:04:00+00:00,33,1,106364,20180.25,20182.0,20178.75,20179.5,50,NQ.v.0
2024-09-24 22:05:00+00:00,33,1,106364,20181.0,20181.5,20179.25,20181.25,34,NQ.v.0
2024-09-24 22:06:00+00:00,33,1,106364,20180.5,20181.5,20180.25,20180.25,9,NQ.v.0
2024-09-24 22:07:00+00:00,33,1,106364,20179.75,20182.75,20179.75,20181.5,23,NQ.v.0
2024-09-24 22:08:00+00:00,33,1,106364,20181.25,20182.5,20180.5,20180.75,28,NQ.v.0
2024-09-24 22:09:00+00:00,33,1,106364,20180.25,20183.0,20180.25,20183.0,41,NQ.v.0
2024-09-24 22:10:00+00:00,33,1,106364,20183.25,20186.5,20181.75,20185.75,83,NQ.v.0
2024-09-24 22:11:00+00:00,33,1,106364,20185.75,20187.25,20184.75,20184.75,39,NQ.v.0
2024-09-24 22:12:00+00:00,33,1,106364,20186.25,20187.25,20186.0,20187.25,15,NQ.v.0
2024-09-24 22:13:00+00:00,33,1,106364,20187.25,20187.5,20184.25,20185.75,37,NQ.v.0
2024-09-24 22:14:00+00:00,33,1,106364,20186.0,20187.25,20185.25,20186.25,28,NQ.v.0
2024-09-24 22:15:00+00:00,33,1,106364,20185.75,20186.75,20184.25,20184.5,55,NQ.v.0
2024-09-24 22:16:00+00:00,33,1,106364,20184.25,20185.25,20184.25,20184.25,27,NQ.v.0
2024-09-24 22:17:00+00:00,33,1,106364,20184.0,20184.75,20183.25,20183.25,14,NQ.v.0
2024-09-24 22:18:00+00:00,33,1,106364,20184.0,20184.75,20183.75,20184.5,20,NQ.v.0
2024-09-24 22:19:00+00:00,33,1,106364,20183.25,20183.25,20180.25,20182.0,32,NQ.v.0
2024-09-24 22:20:00+00:00,33,1,106364,20182.25,20184.25,20181.5,20181.75,29,NQ.v.0
2024-09-24 22:21:00+00:00,33,1,106364,20182.25,20184.0,20182.25,20183.0,30,NQ.v.0
2024-09-24 22:22:00+00:00,33,1,106364,20183.75,20184.25,20182.25,20182.25,21,NQ.v.0
2024-09-24 22:23:00+00:00,33,1,106364,20182.0,20182.0,20179.25,20180.5,30,NQ.v.0
2024-09-24 22:24:00+00:00,33,1,106364,20180.0,20181.0,20180.0,20181.0,14,NQ.v.0
2024-09-24 22:25:00+00:00,33,1,106364,20180.75,20183.5,20180.75,20181.5,21,NQ.v.0
2024-09-24 22:26:00+00:00,33,1,106364,20182.25,20182.25,20180.5,20180.5,8,NQ.v.0
2024-09-24 22:27:00+00:00,33,1,106364,20181.25,20181.25,20181.25,20181.25,2,NQ.v.0
2024-09-24 22:28:00+00:00,33,1,106364,20181.25,20182.0,20178.5,20179.5,29,NQ.v.0
2024-09-24 22:29:00+00:00,33,1,106364,20178.75,20179.25,20174.75,20176.75,86,NQ.v.0
2024-09-24 22:30:00+00:00,33,1,106364,20177.25,20177.25,20175.75,20176.25,26,NQ.v.0
2024-09-24 22:31:00+00:00,33,1,106364,20176.25,20177.75,20176.25,20177.75,18,NQ.v.0
2024-09-24 22:32:00+00:00,33,1,106364,20177.75,20179.25,20176.75,20179.0,23,NQ.v.0
2024-09-24 22:33:00+00:00,33,1,106364,20179.5,20180.0,20179.0,20179.75,17,NQ.v.0
2024-09-24 22:34:00+00:00,33,1,106364,20179.5,20180.25,20178.0,20178.0,29,NQ.v.0
2024-09-24 22:35:00+00:00,33,1,106364,20178.75,20179.25,20178.0,20178.25,12,NQ.v.0
2024-09-24 22:36:00+00:00,33,1,106364,20177.5,20178.5,20177.0,20177.5,24,NQ.v.0
2024-09-24 22:37:00+00:00,33,1,106364,20178.0,20178.0,20174.25,20174.5,87,NQ.v.0
2024-09-24 22:38:00+00:00,33,1,106364,20175.25,20176.0,20174.25,20176.0,22,NQ.v.0
2024-09-24 22:39:00+00:00,33,1,106364,20175.5,20177.75,20175.5,20177.75,17,NQ.v.0
2024-09-24 22:40:00+00:00,33,1,106364,20177.25,20177.25,20173.75,20175.5,24,NQ.v.0
2024-09-24 22:41:00+00:00,33,1,106364,20175.75,20176.5,20175.0,20176.5,11,NQ.v.0
2024-09-24 22:42:00+00:00,33,1,106364,20177.5,20179.5,20177.5,20177.75,26,NQ.v.0
2024-09-24 22:43:00+00:00,33,1,106364,20178.0,20182.25,20177.5,20182.25,43,NQ.v.0
2024-09-24 22:44:00+00:00,33,1,106364,20181.5,20184.0,20180.25,20182.75,66,NQ.v.0
2024-09-24 22:45:00+00:00,33,1,106364,20183.25,20186.5,20183.25,20184.75,57,NQ.v.0
2024-09-24 22:46:00+00:00,33,1,106364,20184.75,20184.75,20182.0,20182.75,41,NQ.v.0
2024-09-24 22:47:00+00:00,33,1,106364,20182.75,20184.0,20182.0,20182.0,17,NQ.v.0
2024-09-24 22:48:00+00:00,33,1,106364,20182.75,20184.0,20182.25,20184.0,10,NQ.v.0
2024-09-24 22:49:00+00:00,33,1,106364,20184.0,20184.25,20183.25,20184.0,20,NQ.v.0
2024-09-24 22:50:00+00:00,33,1,106364,20184.0,20185.75,20184.0,20185.75,33,NQ.v.0
2024-09-24 22:51:00+00:00,33,1,106364,20186.25,20186.25,20184.75,20185.75,21,NQ.v.0
2024-09-24 22:52:00+00:00,33,1,106364,20185.0,20186.0,20184.5,20184.75,18,NQ.v.0
2024-09-24 22:53:00+00:00,33,1,106364,20184.75,20185.5,20184.5,20185.5,23,NQ.v.0
2024-09-24 22:54:00+00:00,33,1,106364,20185.5,20187.0,20185.0,20187.0,18,NQ.v.0
2024-09-24 22:55:00+00:00,33,1,106364,20187.25,20189.0,20186.25,20186.25,47,NQ.v.0
2024-09-24 22:56:00+00:00,33,1,106364,20186.75,20187.25,20185.25,20185.25,12,NQ.v.0
2024-09-24 22:57:00+00:00,33,1,106364,20185.0,20186.5,20184.0,20185.0,24,NQ.v.0
2024-09-24 22:58:00+00:00,33,1,106364,20185.0,20185.25,20184.0,20185.0,16,NQ.v.0
2024-09-24 22:59:00+00:00,33,1,106364,20184.0,20186.25,20183.0,20186.25,33,NQ.v.0
2024-09-24 23:00:00+00:00,33,1,106364,20185.25,20188.25,20184.0,20186.25,52,NQ.v.0
2024-09-24 23:01:00+00:00,33,1,106364,20187.25,20188.75,20186.25,20187.25,28,NQ.v.0
2024-09-24 23:02:00+00:00,33,1,106364,20186.75,20187.25,20185.75,20186.5,17,NQ.v.0
2024-09-24 23:03:00+00:00,33,1,106364,20185.75,20187.5,20185.5,20185.5,23,NQ.v.0
2024-09-24 23:04:00+00:00,33,1,106364,20186.25,20186.25,20185.0,20186.0,18,NQ.v.0
2024-09-24 23:05:00+00:00,33,1,106364,20186.25,20186.25,20184.25,20185.25,18,NQ.v.0
2024-09-24 23:06:00+00:00,33,1,106364,20184.75,20186.75,20184.75,20186.75,12,NQ.v.0
2024-09-24 23:07:00+00:00,33,1,106364,20186.25,20187.25,20185.75,20187.0,32,NQ.v.0
2024-09-24 23:08:00+00:00,33,1,106364,20187.75,20191.5,20187.75,20188.75,90,NQ.v.0
2024-09-24 23:09:00+00:00,33,1,106364,20189.25,20192.25,20188.75,20191.5,86,NQ.v.0
2024-09-24 23:10:00+00:00,33,1,106364,20191.75,20191.75,20188.5,20189.5,89,NQ.v.0
2024-09-24 23:11:00+00:00,33,1,106364,20189.5,20189.5,20188.25,20188.5,18,NQ.v.0
2024-09-24 23:12:00+00:00,33,1,106364,20188.5,20189.5,20188.5,20189.5,6,NQ.v.0
2024-09-24 23:13:00+00:00,33,1,106364,20189.0,20189.75,20188.0,20188.25,36,NQ.v.0
2024-09-24 23:14:00+00:00,33,1,106364,20188.5,20189.75,20188.5,20189.75,21,NQ.v.0
2024-09-24 23:15:00+00:00,33,1,106364,20190.0,20190.5,20188.75,20190.0,45,NQ.v.0
2024-09-24 23:16:00+00:00,33,1,106364,20190.25,20190.25,20188.5,20188.75,25,NQ.v.0
2024-09-24 23:17:00+00:00,33,1,106364,20189.0,20190.25,20189.0,20189.25,20,NQ.v.0
2024-09-24 23:18:00+00:00,33,1,106364,20190.0,20191.0,20190.0,20190.0,15,NQ.v.0
2024-09-24 23:19:00+00:00,33,1,106364,20190.0,20190.0,20187.5,20189.0,39,NQ.v.0
2024-09-24 23:20:00+00:00,33,1,106364,20189.5,20190.25,20189.25,20189.5,17,NQ.v.0
2024-09-24 23:21:00+00:00,33,1,106364,20190.0,20190.0,20189.0,20189.5,16,NQ.v.0
2024-09-24 23:22:00+00:00,33,1,106364,20189.0,20189.5,20187.75,20188.75,21,NQ.v.0
2024-09-24 23:23:00+00:00,33,1,106364,20188.0,20188.0,20185.75,20186.0,34,NQ.v.0
2024-09-24 23:24:00+00:00,33,1,106364,20186.5,20187.0,20184.75,20186.0,56,NQ.v.0
2024-09-24 23:25:00+00:00,33,1,106364,20186.25,20187.75,20185.0,20186.0,38,NQ.v.0
2024-09-24 23:26:00+00:00,33,1,106364,20186.0,20186.5,20185.25,20185.75,17,NQ.v.0
2024-09-24 23:27:00+00:00,33,1,106364,20185.25,20186.75,20185.25,20185.75,15,NQ.v.0
2024-09-24 23:28:00+00:00,33,1,106364,20185.75,20188.0,20185.75,20187.5,24,NQ.v.0
2024-09-24 23:29:00+00:00,33,1,106364,20187.25,20187.25,20186.0,20186.0,13,NQ.v.0
2024-09-24 23:30:00+00:00,33,1,106364,20186.25,20187.0,20186.25,20186.5,8,NQ.v.0
2024-09-24 23:31:00+00:00,33,1,106364,20186.0,20186.75,20185.75,20186.25,11,NQ.v.0
2024-09-24 23:32:00+00:00,33,1,106364,20186.5,20186.75,20184.25,20184.5,19,NQ.v.0
2024-09-24 23:33:00+00:00,33,1,106364,20185.25,20185.25,20180.75,20182.5,67,NQ.v.0
2024-09-24 23:34:00+00:00,33,1,106364,20182.75,20184.5,20182.75,20183.0,38,NQ.v.0
2024-09-24 23:35:00+00:00,33,1,106364,20183.5,20184.0,20182.5,20182.5,16,NQ.v.0
2024-09-24 23:36:00+00:00,33,1,106364,20182.5,20183.25,20182.5,20183.25,14,NQ.v.0
2024-09-24 23:37:00+00:00,33,1,106364,20184.25,20186.5,20183.5,20185.75,66,NQ.v.0
2024-09-24 23:38:00+00:00,33,1,106364,20186.25,20187.5,20186.25,20186.5,18,NQ.v.0
2024-09-24 23:39:00+00:00,33,1,106364,20185.75,20186.0,20185.25,20186.0,14,NQ.v.0
2024-09-24 23:40:00+00:00,33,1,106364,20186.0,20187.0,20185.5,20186.75,20,NQ.v.0
2024-09-24 23:41:00+00:00,33,1,106364,20187.0,20187.5,20185.75,20187.5,30,NQ.v.0
2024-09-24 23:42:00+00:00,33,1,106364,20187.75,20187.75,20184.0,20184.25,45,NQ.v.0
2024-09-24 23:43:00+00:00,33,1,106364,20183.5,20184.5,20181.0,20181.5,55,NQ.v.0
2024-09-24 23:44:00+00:00,33,1,106364,20182.0,20184.25,20180.75,20181.5,39,NQ.v.0
2024-09-24 23:45:00+00:00,33,1,106364,20181.75,20182.75,20180.25,20180.5,32,NQ.v.0
2024-09-24 23:46:00+00:00,33,1,106364,20180.5,20180.75,20179.0,20180.5,45,NQ.v.0
2024-09-24 23:47:00+00:00,33,1,106364,20179.75,20182.0,20179.75,20181.5,27,NQ.v.0
2024-09-24 23:48:00+00:00,33,1,106364,20181.0,20181.75,20181.0,20181.0,8,NQ.v.0
2024-09-24 23:49:00+00:00,33,1,106364,20181.5,20181.5,20180.5,20181.0,11,NQ.v.0
2024-09-24 23:50:00+00:00,33,1,106364,20181.0,20181.0,20178.0,20179.25,44,NQ.v.0
2024-09-24 23:51:00+00:00,33,1,106364,20179.75,20180.0,20178.0,20178.75,27,NQ.v.0
2024-09-24 23:52:00+00:00,33,1,106364,20179.0,20180.5,20178.75,20180.5,17,NQ.v.0
2024-09-24 23:53:00+00:00,33,1,106364,20180.0,20180.5,20178.0,20178.75,24,NQ.v.0
2024-09-24 23:54:00+00:00,33,1,106364,20178.75,20181.5,20178.75,20180.5,55,NQ.v.0
2024-09-24 23:55:00+00:00,33,1,106364,20180.25,20180.25,20178.75,20178.75,15,NQ.v.0
2024-09-24 23:56:00+00:00,33,1,106364,20178.75,20180.5,20178.25,20180.5,23,NQ.v.0
2024-09-24 23:57:00+00:00,33,1,106364,20181.25,20181.25,20179.5,20180.0,13,NQ.v.0
2024-09-24 23:58:00+00:00,33,1,106364,20180.0,20181.0,20179.75,20181.0,11,NQ.v.0
2024-09-24 23:59:00+00:00,33,1,106364,20180.75,20181.5,20179.75,20179.75,23,NQ.v.0
2024-09-25 00:00:00+00:00,33,1,106364,20180.25,20183.0,20179.75,20182.0,110,NQ.v.0
2024-09-25 00:01:00+00:00,33,1,106364,20182.25,20183.0,20179.25,20180.75,52,NQ.v.0
2024-09-25 00:02:00+00:00,33,1,106364,20180.75,20181.0,20176.0,20176.0,70,NQ.v.0
2024-09-25 00:03:00+00:00,33,1,106364,20176.5,20177.75,20173.75,20177.25,84,NQ.v.0
2024-09-25 00:04:00+00:00,33,1,106364,20177.25,20179.5,20175.0,20176.25,53,NQ.v.0
2024-09-25 00:05:00+00:00,33,1,106364,20176.25,20177.5,20175.5,20176.0,40,NQ.v.0
2024-09-25 00:06:00+00:00,33,1,106364,20176.25,20176.25,20172.0,20173.75,79,NQ.v.0
2024-09-25 00:07:00+00:00,33,1,106364,20173.75,20173.75,20169.25,20171.25,121,NQ.v.0
2024-09-25 00:08:00+00:00,33,1,106364,20170.25,20172.25,20168.0,20172.25,74,NQ.v.0
2024-09-25 00:09:00+00:00,33,1,106364,20172.0,20172.25,20169.75,20171.25,37,NQ.v.0
2024-09-25 00:10:00+00:00,33,1,106364,20172.0,20172.0,20168.0,20168.0,66,NQ.v.0
2024-09-25 00:11:00+00:00,33,1,106364,20168.0,20169.0,20164.5,20165.0,130,NQ.v.0
2024-09-25 00:12:00+00:00,33,1,106364,20164.75,20165.5,20157.5,20159.5,259,NQ.v.0
2024-09-25 00:13:00+00:00,33,1,106364,20159.75,20165.0,20158.5,20162.75,116,NQ.v.0
2024-09-25 00:14:00+00:00,33,1,106364,20163.0,20163.0,20153.0,20154.0,128,NQ.v.0
2024-09-25 00:15:00+00:00,33,1,106364,20153.75,20159.25,20148.5,20159.25,269,NQ.v.0
2024-09-25 00:16:00+00:00,33,1,106364,20158.5,20158.75,20153.0,20155.75,145,NQ.v.0
2024-09-25 00:17:00+00:00,33,1,106364,20156.25,20157.0,20153.0,20156.25,121,NQ.v.0
2024-09-25 00:18:00+00:00,33,1,106364,20157.0,20157.0,20151.25,20152.5,54,NQ.v.0
2024-09-25 00:19:00+00:00,33,1,106364,20152.75,20155.25,20152.0,20153.25,31,NQ.v.0
2024-09-25 00:20:00+00:00,33,1,106364,20152.75,20155.0,20150.25,20153.75,57,NQ.v.0
2024-09-25 00:21:00+00:00,33,1,106364,20153.75,20154.0,20147.0,20149.5,120,NQ.v.0
2024-09-25 00:22:00+00:00,33,1,106364,20149.75,20154.25,20149.5,20150.75,93,NQ.v.0
2024-09-25 00:23:00+00:00,33,1,106364,20152.25,20153.25,20143.5,20144.75,191,NQ.v.0
2024-09-25 00:24:00+00:00,33,1,106364,20145.0,20151.5,20145.0,20151.5,161,NQ.v.0
2024-09-25 00:25:00+00:00,33,1,106364,20151.75,20155.75,20150.25,20151.0,144,NQ.v.0
2024-09-25 00:26:00+00:00,33,1,106364,20151.75,20153.5,20151.5,20152.5,54,NQ.v.0
2024-09-25 00:27:00+00:00,33,1,106364,20152.75,20152.75,20149.75,20152.0,43,NQ.v.0
2024-09-25 00:28:00+00:00,33,1,106364,20151.5,20156.25,20151.5,20154.25,95,NQ.v.0
2024-09-25 00:29:00+00:00,33,1,106364,20154.75,20155.5,20152.5,20152.5,30,NQ.v.0
2024-09-25 00:30:00+00:00,33,1,106364,20153.0,20153.5,20151.0,20152.5,39,NQ.v.0
2024-09-25 00:31:00+00:00,33,1,106364,20152.25,20155.75,20150.5,20151.0,82,NQ.v.0
2024-09-25 00:32:00+00:00,33,1,106364,20151.25,20153.25,20150.25,20153.25,59,NQ.v.0
2024-09-25 00:33:00+00:00,33,1,106364,20153.0,20153.25,20148.5,20150.0,112,NQ.v.0
2024-09-25 00:34:00+00:00,33,1,106364,20150.0,20150.0,20143.5,20148.25,189,NQ.v.0
2024-09-25 00:35:00+00:00,33,1,106364,20148.25,20148.5,20139.5,20141.5,134,NQ.v.0
2024-09-25 00:36:00+00:00,33,1,106364,20142.0,20147.25,20141.25,20147.25,84,NQ.v.0
2024-09-25 00:37:00+00:00,33,1,106364,20146.75,20146.75,20142.5,20146.25,47,NQ.v.0
2024-09-25 00:38:00+00:00,33,1,106364,20145.75,20150.75,20145.75,20149.5,51,NQ.v.0
2024-09-25 00:39:00+00:00,33,1,106364,20150.0,20153.5,20149.5,20150.0,71,NQ.v.0
2024-09-25 00:40:00+00:00,33,1,106364,20150.0,20151.0,20148.25,20150.0,40,NQ.v.0
2024-09-25 00:41:00+00:00,33,1,106364,20149.5,20149.5,20147.0,20148.25,18,NQ.v.0
2024-09-25 00:42:00+00:00,33,1,106364,20147.0,20148.0,20136.25,20141.25,190,NQ.v.0
2024-09-25 00:43:00+00:00,33,1,106364,20141.75,20146.5,20141.5,20145.25,73,NQ.v.0
2024-09-25 00:44:00+00:00,33,1,106364,20145.25,20148.0,20145.25,20148.0,25,NQ.v.0
2024-09-25 00:45:00+00:00,33,1,106364,20147.0,20147.0,20142.0,20143.75,57,NQ.v.0
2024-09-25 00:46:00+00:00,33,1,106364,20143.5,20146.0,20142.75,20144.25,75,NQ.v.0
2024-09-25 00:47:00+00:00,33,1,106364,20144.25,20148.25,20143.25,20148.0,57,NQ.v.0
2024-09-25 00:48:00+00:00,33,1,106364,20148.5,20151.5,20148.5,20151.5,37,NQ.v.0
2024-09-25 00:49:00+00:00,33,1,106364,20150.25,20151.25,20147.5,20147.5,47,NQ.v.0
2024-09-25 00:50:00+00:00,33,1,106364,20148.0,20149.25,20146.25,20147.75,24,NQ.v.0
2024-09-25 00:51:00+00:00,33,1,106364,20146.0,20146.5,20144.25,20145.0,38,NQ.v.0
2024-09-25 00:52:00+00:00,33,1,106364,20145.25,20147.75,20143.5,20145.5,38,NQ.v.0
2024-09-25 00:53:00+00:00,33,1,106364,20145.0,20146.25,20144.0,20146.25,21,NQ.v.0
2024-09-25 00:54:00+00:00,33,1,106364,20146.75,20148.0,20146.25,20146.5,17,NQ.v.0
2024-09-25 00:55:00+00:00,33,1,106364,20147.25,20149.25,20146.5,20148.25,24,NQ.v.0
2024-09-25 00:56:00+00:00,33,1,106364,20147.25,20148.0,20144.75,20145.5,30,NQ.v.0
2024-09-25 00:57:00+00:00,33,1,106364,20145.25,20146.5,20144.25,20144.75,20,NQ.v.0
2024-09-25 00:58:00+00:00,33,1,106364,20144.75,20145.75,20142.5,20142.5,56,NQ.v.0
2024-09-25 00:59:00+00:00,33,1,106364,20142.75,20144.75,20142.0,20142.25,43,NQ.v.0
2024-09-25 01:00:00+00:00,33,1,106364,20141.75,20144.25,20140.5,20142.5,88,NQ.v.0
2024-09-25 01:01:00+00:00,33,1,106364,20142.0,20142.75,20141.0,20141.5,34,NQ.v.0
2024-09-25 01:02:00+00:00,33,1,106364,20141.5,20144.25,20141.5,20144.0,23,NQ.v.0
2024-09-25 01:03:00+00:00,33,1,106364,20143.5,20145.0,20142.0,20143.75,31,NQ.v.0
2024-09-25 01:04:00+00:00,33,1,106364,20143.5,20146.0,20143.0,20145.5,37,NQ.v.0
2024-09-25 01:05:00+00:00,33,1,106364,20146.25,20150.25,20146.25,20150.0,98,NQ.v.0
2024-09-25 01:06:00+00:00,33,1,106364,20150.25,20152.0,20147.5,20149.25,75,NQ.v.0
2024-09-25 01:07:00+00:00,33,1,106364,20149.75,20155.75,20149.25,20154.5,85,NQ.v.0
2024-09-25 01:08:00+00:00,33,1,106364,20154.75,20155.75,20148.0,20152.5,152,NQ.v.0
2024-09-25 01:09:00+00:00,33,1,106364,20151.5,20151.5,20147.75,20150.0,59,NQ.v.0
2024-09-25 01:10:00+00:00,33,1,106364,20148.75,20151.75,20148.75,20150.75,24,NQ.v.0
2024-09-25 01:11:00+00:00,33,1,106364,20151.25,20155.0,20151.25,20151.75,55,NQ.v.0
2024-09-25 01:12:00+00:00,33,1,106364,20152.75,20154.25,20150.0,20152.0,47,NQ.v.0
2024-09-25 01:13:00+00:00,33,1,106364,20151.75,20152.0,20151.0,20151.75,21,NQ.v.0
2024-09-25 01:14:00+00:00,33,1,106364,20152.0,20153.5,20150.25,20150.25,38,NQ.v.0
2024-09-25 01:15:00+00:00,33,1,106364,20150.0,20150.5,20130.75,20134.75,384,NQ.v.0
2024-09-25 01:16:00+00:00,33,1,106364,20135.75,20142.0,20135.0,20138.0,157,NQ.v.0
2024-09-25 01:17:00+00:00,33,1,106364,20138.25,20139.5,20131.75,20134.5,91,NQ.v.0
2024-09-25 01:18:00+00:00,33,1,106364,20134.5,20135.25,20124.25,20126.0,246,NQ.v.0
2024-09-25 01:19:00+00:00,33,1,106364,20125.5,20128.75,20121.0,20125.75,279,NQ.v.0
2024-09-25 01:20:00+00:00,33,1,106364,20125.0,20127.75,20122.75,20126.75,103,NQ.v.0
2024-09-25 01:21:00+00:00,33,1,106364,20127.0,20129.5,20125.0,20127.0,89,NQ.v.0
2024-09-25 01:22:00+00:00,33,1,106364,20126.5,20129.5,20123.75,20128.0,78,NQ.v.0
2024-09-25 01:23:00+00:00,33,1,106364,20128.5,20134.5,20127.75,20132.5,215,NQ.v.0
2024-09-25 01:24:00+00:00,33,1,106364,20133.0,20135.5,20132.25,20134.0,78,NQ.v.0
2024-09-25 01:25:00+00:00,33,1,106364,20133.75,20134.0,20131.5,20133.25,47,NQ.v.0
2024-09-25 01:26:00+00:00,33,1,106364,20134.25,20134.5,20132.0,20132.0,31,NQ.v.0
2024-09-25 01:27:00+00:00,33,1,106364,20132.0,20133.25,20130.25,20131.75,50,NQ.v.0
2024-09-25 01:28:00+00:00,33,1,106364,20131.25,20134.25,20131.25,20133.25,26,NQ.v.0
2024-09-25 01:29:00+00:00,33,1,106364,20133.5,20133.5,20130.5,20132.5,33,NQ.v.0
2024-09-25 01:30:00+00:00,33,1,106364,20131.25,20132.0,20128.0,20131.0,92,NQ.v.0
2024-09-25 01:31:00+00:00,33,1,106364,20130.75,20131.25,20126.75,20126.75,52,NQ.v.0
2024-09-25 01:32:00+00:00,33,1,106364,20128.0,20131.25,20125.75,20127.25,68,NQ.v.0
2024-09-25 01:33:00+00:00,33,1,106364,20127.0,20128.0,20121.5,20121.5,149,NQ.v.0
2024-09-25 01:34:00+00:00,33,1,106364,20121.5,20126.0,20121.5,20125.0,62,NQ.v.0
2024-09-25 01:35:00+00:00,33,1,106364,20125.0,20128.0,20123.25,20126.5,71,NQ.v.0
2024-09-25 01:36:00+00:00,33,1,106364,20125.75,20126.75,20124.25,20126.5,27,NQ.v.0
2024-09-25 01:37:00+00:00,33,1,106364,20126.75,20128.0,20125.75,20126.75,48,NQ.v.0
2024-09-25 01:38:00+00:00,33,1,106364,20126.75,20128.0,20125.75,20128.0,57,NQ.v.0
2024-09-25 01:39:00+00:00,33,1,106364,20128.0,20128.0,20126.75,20127.25,11,NQ.v.0
2024-09-25 01:40:00+00:00,33,1,106364,20127.0,20133.25,20126.75,20133.25,132,NQ.v.0
2024-09-25 01:41:00+00:00,33,1,106364,20133.5,20134.25,20131.75,20133.5,39,NQ.v.0
2024-09-25 01:42:00+00:00,33,1,106364,20133.0,20137.75,20133.0,20137.25,81,NQ.v.0
2024-09-25 01:43:00+00:00,33,1,106364,20137.25,20138.25,20132.75,20134.0,63,NQ.v.0
2024-09-25 01:44:00+00:00,33,1,106364,20133.75,20134.5,20131.5,20133.75,34,NQ.v.0
2024-09-25 01:45:00+00:00,33,1,106364,20132.75,20132.75,20126.75,20127.75,73,NQ.v.0
2024-09-25 01:46:00+00:00,33,1,106364,20128.25,20129.5,20126.0,20129.0,41,NQ.v.0
2024-09-25 01:47:00+00:00,33,1,106364,20128.5,20133.5,20127.75,20133.0,64,NQ.v.0
2024-09-25 01:48:00+00:00,33,1,106364,20133.0,20133.5,20127.25,20127.5,37,NQ.v.0
2024-09-25 01:49:00+00:00,33,1,106364,20127.25,20127.75,20122.75,20125.0,83,NQ.v.0
2024-09-25 01:50:00+00:00,33,1,106364,20125.0,20127.75,20116.0,20125.5,221,NQ.v.0
2024-09-25 01:51:00+00:00,33,1,106364,20125.5,20127.25,20122.0,20124.0,74,NQ.v.0
2024-09-25 01:52:00+00:00,33,1,106364,20123.75,20125.5,20121.25,20123.5,33,NQ.v.0
2024-09-25 01:53:00+00:00,33,1,106364,20124.75,20127.75,20124.25,20126.5,53,NQ.v.0
2024-09-25 01:54:00+00:00,33,1,106364,20126.5,20126.5,20122.25,20124.25,38,NQ.v.0
2024-09-25 01:55:00+00:00,33,1,106364,20123.25,20123.5,20118.5,20121.0,90,NQ.v.0
2024-09-25 01:56:00+00:00,33,1,106364,20120.5,20122.25,20117.5,20119.5,104,NQ.v.0
2024-09-25 01:57:00+00:00,33,1,106364,20120.25,20123.25,20120.25,20122.75,33,NQ.v.0
2024-09-25 01:58:00+00:00,33,1,106364,20123.0,20124.75,20122.25,20124.5,34,NQ.v.0
2024-09-25 01:59:00+00:00,33,1,106364,20124.75,20127.25,20124.75,20125.5,26,NQ.v.0
2024-09-25 02:00:00+00:00,33,1,106364,20125.25,20129.5,20124.25,20127.0,93,NQ.v.0
2024-09-25 02:01:00+00:00,33,1,106364,20127.0,20128.5,20127.0,20127.5,21,NQ.v.0
2024-09-25 02:02:00+00:00,33,1,106364,20127.75,20130.75,20126.0,20130.25,35,NQ.v.0
2024-09-25 02:03:00+00:00,33,1,106364,20130.5,20136.75,20130.5,20136.25,176,NQ.v.0
2024-09-25 02:04:00+00:00,33,1,106364,20135.0,20136.5,20133.25,20136.0,47,NQ.v.0
2024-09-25 02:05:00+00:00,33,1,106364,20136.5,20137.0,20135.0,20135.75,35,NQ.v.0
2024-09-25 02:06:00+00:00,33,1,106364,20136.0,20136.25,20134.0,20135.25,45,NQ.v.0
2024-09-25 02:07:00+00:00,33,1,106364,20135.25,20136.5,20134.25,20134.25,35,NQ.v.0
2024-09-25 02:08:00+00:00,33,1,106364,20134.5,20135.0,20131.0,20133.25,63,NQ.v.0
2024-09-25 02:09:00+00:00,33,1,106364,20133.5,20133.75,20132.75,20132.75,27,NQ.v.0
2024-09-25 02:10:00+00:00,33,1,106364,20132.5,20133.0,20128.0,20130.25,66,NQ.v.0
2024-09-25 02:11:00+00:00,33,1,106364,20130.0,20132.25,20128.75,20130.5,33,NQ.v.0
2024-09-25 02:12:00+00:00,33,1,106364,20131.0,20131.25,20127.25,20127.5,44,NQ.v.0
2024-09-25 02:13:00+00:00,33,1,106364,20127.0,20130.5,20127.0,20130.5,41,NQ.v.0
2024-09-25 02:14:00+00:00,33,1,106364,20131.25,20132.0,20128.75,20131.5,55,NQ.v.0
2024-09-25 02:15:00+00:00,33,1,106364,20131.75,20132.5,20128.75,20130.0,20,NQ.v.0
2024-09-25 02:16:00+00:00,33,1,106364,20129.75,20135.25,20129.75,20135.25,28,NQ.v.0
2024-09-25 02:17:00+00:00,33,1,106364,20136.0,20137.0,20134.0,20134.0,75,NQ.v.0
2024-09-25 02:18:00+00:00,33,1,106364,20133.75,20136.25,20133.75,20135.25,15,NQ.v.0
2024-09-25 02:19:00+00:00,33,1,106364,20135.0,20135.0,20133.25,20133.5,11,NQ.v.0
2024-09-25 02:20:00+00:00,33,1,106364,20132.5,20136.25,20132.25,20134.25,40,NQ.v.0
2024-09-25 02:21:00+00:00,33,1,106364,20135.0,20135.0,20133.75,20135.0,12,NQ.v.0
2024-09-25 02:22:00+00:00,33,1,106364,20135.25,20137.0,20134.5,20134.5,16,NQ.v.0
2024-09-25 02:23:00+00:00,33,1,106364,20135.25,20136.0,20132.5,20132.5,26,NQ.v.0
2024-09-25 02:24:00+00:00,33,1,106364,20133.5,20135.0,20130.0,20130.0,57,NQ.v.0
2024-09-25 02:25:00+00:00,33,1,106364,20129.75,20129.75,20126.75,20126.75,61,NQ.v.0
2024-09-25 02:26:00+00:00,33,1,106364,20126.5,20127.75,20125.75,20126.75,29,NQ.v.0
2024-09-25 02:27:00+00:00,33,1,106364,20126.5,20127.25,20123.25,20124.0,33,NQ.v.0
2024-09-25 02:28:00+00:00,33,1,106364,20124.0,20127.75,20123.25,20126.75,23,NQ.v.0
2024-09-25 02:29:00+00:00,33,1,106364,20127.75,20132.25,20127.75,20131.0,47,NQ.v.0
2024-09-25 02:30:00+00:00,33,1,106364,20130.25,20130.75,20126.5,20126.75,23,NQ.v.0
2024-09-25 02:31:00+00:00,33,1,106364,20126.5,20127.75,20125.5,20127.75,17,NQ.v.0
2024-09-25 02:32:00+00:00,33,1,106364,20128.0,20130.5,20128.0,20130.25,17,NQ.v.0
2024-09-25 02:33:00+00:00,33,1,106364,20131.25,20131.25,20130.0,20130.0,22,NQ.v.0
2024-09-25 02:34:00+00:00,33,1,106364,20128.75,20130.0,20128.0,20129.0,22,NQ.v.0
2024-09-25 02:35:00+00:00,33,1,106364,20129.25,20130.75,20128.75,20129.75,21,NQ.v.0
2024-09-25 02:36:00+00:00,33,1,106364,20130.25,20131.75,20129.75,20130.25,45,NQ.v.0
2024-09-25 02:37:00+00:00,33,1,106364,20129.75,20133.75,20129.5,20132.25,29,NQ.v.0
2024-09-25 02:38:00+00:00,33,1,106364,20132.25,20136.25,20132.25,20135.25,35,NQ.v.0
2024-09-25 02:39:00+00:00,33,1,106364,20135.25,20135.25,20130.5,20131.0,25,NQ.v.0
2024-09-25 02:40:00+00:00,33,1,106364,20131.25,20131.75,20129.75,20131.5,18,NQ.v.0
2024-09-25 02:41:00+00:00,33,1,106364,20131.25,20132.5,20130.5,20131.5,13,NQ.v.0
2024-09-25 02:42:00+00:00,33,1,106364,20131.0,20134.75,20130.75,20133.75,20,NQ.v.0
2024-09-25 02:43:00+00:00,33,1,106364,20133.75,20134.75,20131.25,20131.5,16,NQ.v.0
2024-09-25 02:44:00+00:00,33,1,106364,20132.0,20132.5,20131.0,20131.0,8,NQ.v.0
2024-09-25 02:45:00+00:00,33,1,106364,20131.0,20133.5,20131.0,20133.0,13,NQ.v.0
2024-09-25 02:46:00+00:00,33,1,106364,20134.0,20134.25,20132.0,20132.0,20,NQ.v.0
2024-09-25 02:47:00+00:00,33,1,106364,20131.5,20132.0,20128.25,20129.0,21,NQ.v.0
2024-09-25 02:48:00+00:00,33,1,106364,20128.75,20129.5,20127.25,20128.75,27,NQ.v.0
2024-09-25 02:49:00+00:00,33,1,106364,20127.75,20128.5,20120.25,20121.0,76,NQ.v.0
2024-09-25 02:50:00+00:00,33,1,106364,20121.5,20123.75,20119.0,20122.5,105,NQ.v.0
2024-09-25 02:51:00+00:00,33,1,106364,20121.5,20123.5,20119.0,20122.25,46,NQ.v.0
2024-09-25 02:52:00+00:00,33,1,106364,20121.5,20126.75,20121.25,20126.75,48,NQ.v.0
2024-09-25 02:53:00+00:00,33,1,106364,20126.5,20129.0,20126.25,20126.5,65,NQ.v.0
2024-09-25 02:54:00+00:00,33,1,106364,20126.0,20126.25,20124.5,20125.75,12,NQ.v.0
2024-09-25 02:55:00+00:00,33,1,106364,20126.0,20127.25,20125.25,20125.5,14,NQ.v.0
2024-09-25 02:56:00+00:00,33,1,106364,20125.25,20127.5,20124.75,20127.5,30,NQ.v.0
2024-09-25 02:57:00+00:00,33,1,106364,20127.25,20127.25,20123.75,20123.75,18,NQ.v.0
2024-09-25 02:58:00+00:00,33,1,106364,20123.75,20124.0,20120.75,20123.0,49,NQ.v.0
2024-09-25 02:59:00+00:00,33,1,106364,20121.25,20122.5,20120.5,20122.5,27,NQ.v.0
2024-09-25 03:00:00+00:00,33,1,106364,20121.0,20122.25,20118.25,20120.0,61,NQ.v.0
2024-09-25 03:01:00+00:00,33,1,106364,20119.25,20119.25,20112.0,20115.75,231,NQ.v.0
2024-09-25 03:02:00+00:00,33,1,106364,20116.25,20121.25,20113.75,20119.0,112,NQ.v.0
2024-09-25 03:03:00+00:00,33,1,106364,20119.0,20121.5,20118.75,20120.0,63,NQ.v.0
2024-09-25 03:04:00+00:00,33,1,106364,20119.75,20120.5,20116.0,20116.5,30,NQ.v.0
2024-09-25 03:05:00+00:00,33,1,106364,20117.0,20119.0,20116.75,20119.0,25,NQ.v.0
2024-09-25 03:06:00+00:00,33,1,106364,20119.0,20119.75,20116.75,20119.25,35,NQ.v.0
2024-09-25 03:07:00+00:00,33,1,106364,20119.0,20119.0,20109.25,20112.75,162,NQ.v.0
2024-09-25 03:08:00+00:00,33,1,106364,20112.25,20114.5,20109.75,20112.25,101,NQ.v.0
2024-09-25 03:09:00+00:00,33,1,106364,20113.0,20117.0,20113.0,20117.0,43,NQ.v.0
2024-09-25 03:10:00+00:00,33,1,106364,20116.0,20116.5,20115.0,20115.0,26,NQ.v.0
2024-09-25 03:11:00+00:00,33,1,106364,20116.0,20119.75,20116.0,20118.25,66,NQ.v.0
2024-09-25 03:12:00+00:00,33,1,106364,20119.0,20121.25,20117.5,20120.75,57,NQ.v.0
2024-09-25 03:13:00+00:00,33,1,106364,20120.0,20124.75,20119.25,20123.25,68,NQ.v.0
2024-09-25 03:14:00+00:00,33,1,106364,20122.5,20129.75,20122.5,20126.75,152,NQ.v.0
2024-09-25 03:15:00+00:00,33,1,106364,20126.5,20129.75,20126.5,20129.0,39,NQ.v.0
2024-09-25 03:16:00+00:00,33,1,106364,20129.25,20130.0,20127.5,20129.0,99,NQ.v.0
2024-09-25 03:17:00+00:00,33,1,106364,20128.5,20132.75,20127.5,20130.75,77,NQ.v.0
2024-09-25 03:18:00+00:00,33,1,106364,20131.75,20133.25,20130.5,20130.5,71,NQ.v.0
2024-09-25 03:19:00+00:00,33,1,106364,20131.25,20131.75,20130.0,20130.5,29,NQ.v.0
2024-09-25 03:20:00+00:00,33,1,106364,20131.25,20132.0,20129.5,20130.5,50,NQ.v.0
2024-09-25 03:21:00+00:00,33,1,106364,20130.5,20133.0,20130.5,20132.5,18,NQ.v.0
2024-09-25 03:22:00+00:00,33,1,106364,20132.5,20135.0,20131.25,20132.25,110,NQ.v.0
2024-09-25 03:23:00+00:00,33,1,106364,20133.25,20136.0,20133.25,20134.75,49,NQ.v.0
2024-09-25 03:24:00+00:00,33,1,106364,20134.25,20134.25,20131.5,20132.75,21,NQ.v.0
2024-09-25 03:25:00+00:00,33,1,106364,20133.5,20133.5,20132.0,20133.5,13,NQ.v.0
2024-09-25 03:26:00+00:00,33,1,106364,20133.75,20133.75,20131.0,20131.75,17,NQ.v.0
2024-09-25 03:27:00+00:00,33,1,106364,20131.25,20134.25,20131.0,20134.0,21,NQ.v.0
2024-09-25 03:28:00+00:00,33,1,106364,20134.0,20135.5,20132.0,20133.75,41,NQ.v.0
2024-09-25 03:29:00+00:00,33,1,106364,20134.5,20139.0,20134.25,20138.5,121,NQ.v.0
2024-09-25 03:30:00+00:00,33,1,106364,20139.25,20141.0,20138.25,20140.0,151,NQ.v.0
2024-09-25 03:31:00+00:00,33,1,106364,20140.0,20142.25,20139.0,20141.25,85,NQ.v.0
2024-09-25 03:32:00+00:00,33,1,106364,20142.0,20142.0,20133.75,20136.25,109,NQ.v.0
2024-09-25 03:33:00+00:00,33,1,106364,20136.0,20136.75,20134.25,20134.25,44,NQ.v.0
2024-09-25 03:34:00+00:00,33,1,106364,20134.0,20134.0,20130.0,20131.75,100,NQ.v.0
2024-09-25 03:35:00+00:00,33,1,106364,20132.0,20132.5,20130.0,20130.75,43,NQ.v.0
2024-09-25 03:36:00+00:00,33,1,106364,20132.0,20133.0,20130.5,20131.0,28,NQ.v.0
2024-09-25 03:37:00+00:00,33,1,106364,20130.5,20133.0,20128.25,20131.75,57,NQ.v.0
2024-09-25 03:38:00+00:00,33,1,106364,20130.75,20131.0,20128.5,20128.5,31,NQ.v.0
2024-09-25 03:39:00+00:00,33,1,106364,20129.25,20130.0,20126.75,20127.25,28,NQ.v.0
2024-09-25 03:40:00+00:00,33,1,106364,20127.25,20127.75,20122.75,20126.0,103,NQ.v.0
2024-09-25 03:41:00+00:00,33,1,106364,20126.0,20129.25,20125.75,20125.75,47,NQ.v.0
2024-09-25 03:42:00+00:00,33,1,106364,20125.75,20125.75,20120.75,20122.75,59,NQ.v.0
2024-09-25 03:43:00+00:00,33,1,106364,20122.75,20124.25,20121.25,20122.5,37,NQ.v.0
2024-09-25 03:44:00+00:00,33,1,106364,20123.25,20124.5,20121.25,20121.25,36,NQ.v.0
2024-09-25 03:45:00+00:00,33,1,106364,20122.5,20125.75,20120.75,20121.0,77,NQ.v.0
2024-09-25 03:46:00+00:00,33,1,106364,20120.75,20122.0,20119.25,20121.0,43,NQ.v.0
2024-09-25 03:47:00+00:00,33,1,106364,20120.5,20124.25,20120.5,20121.5,40,NQ.v.0
2024-09-25 03:48:00+00:00,33,1,106364,20121.0,20123.25,20121.0,20122.0,20,NQ.v.0
2024-09-25 03:49:00+00:00,33,1,106364,20121.75,20125.25,20121.5,20125.0,36,NQ.v.0
2024-09-25 03:50:00+00:00,33,1,106364,20125.25,20125.25,20123.0,20123.75,24,NQ.v.0
2024-09-25 03:51:00+00:00,33,1,106364,20123.75,20124.5,20122.0,20122.0,30,NQ.v.0
2024-09-25 03:52:00+00:00,33,1,106364,20123.25,20123.25,20122.25,20122.5,17,NQ.v.0
2024-09-25 03:53:00+00:00,33,1,106364,20122.25,20122.5,20121.5,20121.5,15,NQ.v.0
2024-09-25 03:54:00+00:00,33,1,106364,20121.5,20124.0,20121.0,20123.75,36,NQ.v.0
2024-09-25 03:55:00+00:00,33,1,106364,20123.25,20124.5,20123.25,20124.25,31,NQ.v.0
2024-09-25 03:56:00+00:00,33,1,106364,20124.0,20124.0,20122.25,20122.25,21,NQ.v.0
2024-09-25 03:57:00+00:00,33,1,106364,20122.75,20127.0,20122.75,20126.75,28,NQ.v.0
2024-09-25 03:58:00+00:00,33,1,106364,20126.25,20127.5,20125.0,20125.0,51,NQ.v.0
2024-09-25 03:59:00+00:00,33,1,106364,20125.25,20128.25,20125.25,20127.75,20,NQ.v.0
2024-09-25 04:00:00+00:00,33,1,106364,20128.25,20130.5,20127.75,20130.25,57,NQ.v.0
2024-09-25 04:01:00+00:00,33,1,106364,20130.0,20130.0,20125.5,20128.0,41,NQ.v.0
2024-09-25 04:02:00+00:00,33,1,106364,20127.75,20129.5,20127.0,20129.5,17,NQ.v.0
2024-09-25 04:03:00+00:00,33,1,106364,20129.5,20129.75,20128.75,20129.5,20,NQ.v.0
2024-09-25 04:04:00+00:00,33,1,106364,20129.75,20133.0,20129.75,20132.75,46,NQ.v.0
2024-09-25 04:05:00+00:00,33,1,106364,20132.5,20133.5,20131.0,20131.25,23,NQ.v.0
2024-09-25 04:06:00+00:00,33,1,106364,20132.0,20132.0,20130.25,20130.25,19,NQ.v.0
2024-09-25 04:07:00+00:00,33,1,106364,20130.0,20132.5,20129.75,20131.0,18,NQ.v.0
2024-09-25 04:08:00+00:00,33,1,106364,20129.75,20131.0,20129.0,20131.0,23,NQ.v.0
2024-09-25 04:09:00+00:00,33,1,106364,20130.0,20131.0,20129.5,20130.5,15,NQ.v.0
2024-09-25 04:10:00+00:00,33,1,106364,20131.25,20132.75,20131.25,20131.75,18,NQ.v.0
2024-09-25 04:11:00+00:00,33,1,106364,20131.0,20133.0,20130.25,20132.5,16,NQ.v.0
2024-09-25 04:12:00+00:00,33,1,106364,20131.5,20132.0,20131.0,20131.0,5,NQ.v.0
2024-09-25 04:13:00+00:00,33,1,106364,20130.5,20131.25,20130.25,20130.75,14,NQ.v.0
2024-09-25 04:14:00+00:00,33,1,106364,20131.5,20131.5,20131.25,20131.25,4,NQ.v.0
2024-09-25 04:15:00+00:00,33,1,106364,20130.5,20131.5,20130.5,20131.5,6,NQ.v.0
2024-09-25 04:16:00+00:00,33,1,106364,20131.0,20131.0,20127.0,20128.0,43,NQ.v.0
2024-09-25 04:17:00+00:00,33,1,106364,20128.5,20128.5,20126.25,20126.75,27,NQ.v.0
2024-09-25 04:18:00+00:00,33,1,106364,20127.0,20130.0,20126.25,20128.25,22,NQ.v.0
2024-09-25 04:19:00+00:00,33,1,106364,20128.25,20128.25,20124.75,20126.75,39,NQ.v.0
2024-09-25 04:20:00+00:00,33,1,106364,20127.25,20128.0,20126.75,20127.0,14,NQ.v.0
2024-09-25 04:21:00+00:00,33,1,106364,20126.5,20128.0,20125.5,20128.0,19,NQ.v.0
2024-09-25 04:22:00+00:00,33,1,106364,20128.5,20130.25,20128.0,20129.0,34,NQ.v.0
2024-09-25 04:23:00+00:00,33,1,106364,20129.5,20129.5,20128.5,20129.5,11,NQ.v.0
2024-09-25 04:24:00+00:00,33,1,106364,20130.25,20132.0,20130.25,20130.75,25,NQ.v.0
2024-09-25 04:25:00+00:00,33,1,106364,20131.0,20135.0,20131.0,20134.75,51,NQ.v.0
2024-09-25 04:26:00+00:00,33,1,106364,20135.0,20135.25,20133.25,20134.0,28,NQ.v.0
2024-09-25 04:27:00+00:00,33,1,106364,20133.75,20133.75,20131.25,20132.75,45,NQ.v.0
2024-09-25 04:28:00+00:00,33,1,106364,20132.5,20132.5,20131.75,20132.5,9,NQ.v.0
2024-09-25 04:29:00+00:00,33,1,106364,20131.5,20132.25,20129.75,20131.25,61,NQ.v.0
2024-09-25 04:30:00+00:00,33,1,106364,20130.5,20131.5,20128.75,20128.75,12,NQ.v.0
2024-09-25 04:31:00+00:00,33,1,106364,20128.25,20131.0,20127.75,20130.0,23,NQ.v.0
2024-09-25 04:32:00+00:00,33,1,106364,20129.5,20131.25,20129.25,20131.0,29,NQ.v.0
2024-09-25 04:33:00+00:00,33,1,106364,20131.25,20131.25,20129.0,20129.5,8,NQ.v.0
2024-09-25 04:34:00+00:00,33,1,106364,20129.25,20129.25,20128.75,20128.75,6,NQ.v.0
2024-09-25 04:35:00+00:00,33,1,106364,20128.75,20130.25,20128.0,20129.5,20,NQ.v.0
2024-09-25 04:36:00+00:00,33,1,106364,20130.75,20131.0,20129.75,20129.75,9,NQ.v.0
2024-09-25 04:37:00+00:00,33,1,106364,20130.0,20130.0,20127.0,20127.0,13,NQ.v.0
2024-09-25 04:38:00+00:00,33,1,106364,20127.0,20131.75,20127.0,20131.75,25,NQ.v.0
2024-09-25 04:39:00+00:00,33,1,106364,20132.25,20133.25,20132.25,20133.25,35,NQ.v.0
2024-09-25 04:40:00+00:00,33,1,106364,20133.25,20133.75,20130.5,20130.5,26,NQ.v.0
2024-09-25 04:41:00+00:00,33,1,106364,20130.75,20131.75,20127.5,20128.0,30,NQ.v.0
2024-09-25 04:42:00+00:00,33,1,106364,20128.25,20129.0,20128.0,20128.5,10,NQ.v.0
2024-09-25 04:43:00+00:00,33,1,106364,20128.75,20130.5,20128.75,20129.0,23,NQ.v.0
2024-09-25 04:44:00+00:00,33,1,106364,20129.5,20130.0,20129.25,20129.25,10,NQ.v.0
2024-09-25 04:45:00+00:00,33,1,106364,20129.0,20131.25,20129.0,20131.25,13,NQ.v.0
2024-09-25 04:46:00+00:00,33,1,106364,20132.0,20134.5,20132.0,20133.75,34,NQ.v.0
2024-09-25 04:47:00+00:00,33,1,106364,20134.5,20136.0,20134.5,20135.5,22,NQ.v.0
2024-09-25 04:48:00+00:00,33,1,106364,20136.0,20138.5,20136.0,20138.5,29,NQ.v.0
2024-09-25 04:49:00+00:00,33,1,106364,20138.75,20140.0,20137.0,20139.0,45,NQ.v.0
2024-09-25 04:50:00+00:00,33,1,106364,20139.75,20140.0,20136.75,20137.5,47,NQ.v.0
2024-09-25 04:51:00+00:00,33,1,106364,20137.75,20138.25,20136.75,20137.0,19,NQ.v.0
2024-09-25 04:52:00+00:00,33,1,106364,20137.0,20137.0,20132.75,20134.75,62,NQ.v.0
2024-09-25 04:53:00+00:00,33,1,106364,20133.75,20135.5,20133.25,20134.0,19,NQ.v.0
2024-09-25 04:54:00+00:00,33,1,106364,20134.25,20134.25,20133.0,20134.0,12,NQ.v.0
2024-09-25 04:55:00+00:00,33,1,106364,20134.25,20134.25,20131.25,20133.75,47,NQ.v.0
2024-09-25 04:56:00+00:00,33,1,106364,20133.75,20133.75,20129.5,20131.0,58,NQ.v.0
2024-09-25 04:57:00+00:00,33,1,106364,20130.5,20130.5,20125.75,20126.25,97,NQ.v.0
2024-09-25 04:58:00+00:00,33,1,106364,20126.75,20127.0,20124.75,20126.0,34,NQ.v.0
2024-09-25 04:59:00+00:00,33,1,106364,20126.75,20130.5,20126.5,20129.25,49,NQ.v.0
2024-09-25 05:00:00+00:00,33,1,106364,20129.0,20129.0,20126.75,20127.0,16,NQ.v.0
2024-09-25 05:01:00+00:00,33,1,106364,20127.5,20129.5,20127.5,20128.0,12,NQ.v.0
2024-09-25 05:02:00+00:00,33,1,106364,20127.5,20129.5,20126.75,20128.5,16,NQ.v.0
2024-09-25 05:03:00+00:00,33,1,106364,20128.25,20132.0,20128.0,20131.25,46,NQ.v.0
2024-09-25 05:04:00+00:00,33,1,106364,20131.75,20133.5,20131.0,20133.5,61,NQ.v.0
2024-09-25 05:05:00+00:00,33,1,106364,20133.25,20137.25,20133.25,20136.5,60,NQ.v.0
2024-09-25 05:06:00+00:00,33,1,106364,20137.0,20137.5,20135.75,20136.75,21,NQ.v.0
2024-09-25 05:07:00+00:00,33,1,106364,20137.0,20138.75,20137.0,20138.25,36,NQ.v.0
2024-09-25 05:08:00+00:00,33,1,106364,20139.0,20139.75,20136.75,20138.5,82,NQ.v.0
2024-09-25 05:09:00+00:00,33,1,106364,20137.5,20137.5,20131.0,20131.0,66,NQ.v.0
2024-09-25 05:10:00+00:00,33,1,106364,20131.0,20134.75,20129.5,20134.5,66,NQ.v.0
2024-09-25 05:11:00+00:00,33,1,106364,20135.0,20135.0,20132.75,20132.75,31,NQ.v.0
2024-09-25 05:12:00+00:00,33,1,106364,20132.75,20134.75,20132.75,20134.25,9,NQ.v.0
2024-09-25 05:13:00+00:00,33,1,106364,20132.75,20135.0,20130.25,20134.25,136,NQ.v.0
2024-09-25 05:14:00+00:00,33,1,106364,20133.75,20133.75,20131.0,20131.75,43,NQ.v.0
2024-09-25 05:15:00+00:00,33,1,106364,20131.0,20133.0,20130.75,20133.0,33,NQ.v.0
2024-09-25 05:16:00+00:00,33,1,106364,20132.0,20132.0,20128.0,20128.5,52,NQ.v.0
2024-09-25 05:17:00+00:00,33,1,106364,20127.75,20128.0,20122.0,20127.75,155,NQ.v.0
2024-09-25 05:18:00+00:00,33,1,106364,20128.25,20129.0,20127.5,20127.75,25,NQ.v.0
2024-09-25 05:19:00+00:00,33,1,106364,20128.0,20129.25,20128.0,20129.25,13,NQ.v.0
2024-09-25 05:20:00+00:00,33,1,106364,20129.5,20132.25,20126.25,20126.25,58,NQ.v.0
2024-09-25 05:21:00+00:00,33,1,106364,20127.0,20127.75,20124.25,20126.5,53,NQ.v.0
2024-09-25 05:22:00+00:00,33,1,106364,20128.0,20128.75,20124.25,20125.0,35,NQ.v.0
2024-09-25 05:23:00+00:00,33,1,106364,20125.25,20127.0,20125.25,20126.25,20,NQ.v.0
2024-09-25 05:24:00+00:00,33,1,106364,20126.0,20127.5,20125.0,20125.0,14,NQ.v.0
2024-09-25 05:25:00+00:00,33,1,106364,20124.75,20125.0,20122.5,20125.0,36,NQ.v.0
2024-09-25 05:26:00+00:00,33,1,106364,20124.25,20125.25,20124.0,20124.75,16,NQ.v.0
2024-09-25 05:27:00+00:00,33,1,106364,20124.5,20125.25,20123.5,20125.25,21,NQ.v.0
2024-09-25 05:28:00+00:00,33,1,106364,20125.0,20127.5,20125.0,20126.75,21,NQ.v.0
2024-09-25 05:29:00+00:00,33,1,106364,20127.75,20128.0,20126.25,20127.75,33,NQ.v.0
2024-09-25 05:30:00+00:00,33,1,106364,20127.0,20132.5,20126.25,20132.5,69,NQ.v.0
2024-09-25 05:31:00+00:00,33,1,106364,20133.0,20134.25,20131.25,20131.75,60,NQ.v.0
2024-09-25 05:32:00+00:00,33,1,106364,20131.0,20133.75,20129.25,20132.25,48,NQ.v.0
2024-09-25 05:33:00+00:00,33,1,106364,20131.75,20133.0,20131.5,20132.0,14,NQ.v.0
2024-09-25 05:34:00+00:00,33,1,106364,20131.75,20133.0,20131.5,20132.5,13,NQ.v.0
2024-09-25 05:35:00+00:00,33,1,106364,20132.25,20132.5,20128.5,20129.5,27,NQ.v.0
2024-09-25 05:36:00+00:00,33,1,106364,20129.5,20130.25,20127.5,20129.25,31,NQ.v.0
2024-09-25 05:37:00+00:00,33,1,106364,20128.75,20128.75,20124.5,20124.75,24,NQ.v.0
2024-09-25 05:38:00+00:00,33,1,106364,20125.0,20127.75,20123.75,20127.25,25,NQ.v.0
2024-09-25 05:39:00+00:00,33,1,106364,20128.0,20128.5,20124.5,20124.75,21,NQ.v.0
2024-09-25 05:40:00+00:00,33,1,106364,20123.75,20124.75,20120.75,20121.25,71,NQ.v.0
2024-09-25 05:41:00+00:00,33,1,106364,20121.5,20122.0,20117.0,20118.75,110,NQ.v.0
2024-09-25 05:42:00+00:00,33,1,106364,20119.0,20121.5,20117.5,20117.5,47,NQ.v.0
2024-09-25 05:43:00+00:00,33,1,106364,20118.0,20119.25,20113.25,20114.0,80,NQ.v.0
2024-09-25 05:44:00+00:00,33,1,106364,20113.75,20116.0,20101.0,20105.25,372,NQ.v.0
2024-09-25 05:45:00+00:00,33,1,106364,20104.25,20107.5,20102.25,20104.0,111,NQ.v.0
2024-09-25 05:46:00+00:00,33,1,106364,20102.0,20103.75,20099.25,20102.0,310,NQ.v.0
2024-09-25 05:47:00+00:00,33,1,106364,20102.0,20103.25,20098.75,20101.25,68,NQ.v.0
2024-09-25 05:48:00+00:00,33,1,106364,20101.0,20101.0,20093.0,20095.25,238,NQ.v.0
2024-09-25 05:49:00+00:00,33,1,106364,20095.0,20095.5,20088.0,20092.5,172,NQ.v.0
2024-09-25 05:50:00+00:00,33,1,106364,20093.25,20098.0,20092.0,20096.5,125,NQ.v.0
2024-09-25 05:51:00+00:00,33,1,106364,20098.0,20100.0,20098.0,20099.75,53,NQ.v.0
2024-09-25 05:52:00+00:00,33,1,106364,20100.5,20104.5,20100.5,20104.0,83,NQ.v.0
2024-09-25 05:53:00+00:00,33,1,106364,20104.5,20108.0,20103.5,20108.0,90,NQ.v.0
2024-09-25 05:54:00+00:00,33,1,106364,20108.5,20109.25,20105.25,20107.75,59,NQ.v.0
2024-09-25 05:55:00+00:00,33,1,106364,20108.5,20108.75,20103.5,20103.5,69,NQ.v.0
2024-09-25 05:56:00+00:00,33,1,106364,20103.75,20105.5,20101.75,20103.25,71,NQ.v.0
2024-09-25 05:57:00+00:00,33,1,106364,20103.75,20107.5,20102.25,20102.75,53,NQ.v.0
2024-09-25 05:58:00+00:00,33,1,106364,20102.75,20103.5,20100.0,20103.5,36,NQ.v.0
2024-09-25 05:59:00+00:00,33,1,106364,20104.0,20104.0,20098.25,20099.0,51,NQ.v.0
2024-09-25 06:00:00+00:00,33,1,106364,20099.0,20099.0,20093.5,20097.5,126,NQ.v.0
2024-09-25 06:01:00+00:00,33,1,106364,20097.5,20104.25,20096.75,20100.25,104,NQ.v.0
2024-09-25 06:02:00+00:00,33,1,106364,20100.75,20104.75,20100.75,20104.25,37,NQ.v.0
2024-09-25 06:03:00+00:00,33,1,106364,20103.75,20104.75,20098.0,20098.5,69,NQ.v.0
2024-09-25 06:04:00+00:00,33,1,106364,20099.0,20102.25,20098.0,20100.5,69,NQ.v.0
2024-09-25 06:05:00+00:00,33,1,106364,20100.75,20102.75,20099.25,20102.5,53,NQ.v.0
2024-09-25 06:06:00+00:00,33,1,106364,20102.0,20102.0,20099.75,20100.5,30,NQ.v.0
2024-09-25 06:07:00+00:00,33,1,106364,20100.25,20101.75,20097.5,20101.75,59,NQ.v.0
2024-09-25 06:08:00+00:00,33,1,106364,20102.0,20102.0,20093.25,20094.5,90,NQ.v.0
2024-09-25 06:09:00+00:00,33,1,106364,20094.5,20102.0,20094.5,20101.75,66,NQ.v.0
2024-09-25 06:10:00+00:00,33,1,106364,20101.25,20103.25,20099.5,20101.5,38,NQ.v.0
2024-09-25 06:11:00+00:00,33,1,106364,20101.25,20102.0,20097.0,20097.75,58,NQ.v.0
2024-09-25 06:12:00+00:00,33,1,106364,20097.75,20097.75,20094.5,20096.25,57,NQ.v.0
2024-09-25 06:13:00+00:00,33,1,106364,20096.5,20096.5,20092.25,20094.0,78,NQ.v.0
2024-09-25 06:14:00+00:00,33,1,106364,20093.25,20094.0,20086.25,20088.0,153,NQ.v.0
2024-09-25 06:15:00+00:00,33,1,106364,20088.0,20092.0,20086.25,20088.5,136,NQ.v.0
2024-09-25 06:16:00+00:00,33,1,106364,20089.25,20089.25,20072.75,20078.75,543,NQ.v.0
2024-09-25 06:17:00+00:00,33,1,106364,20079.5,20084.75,20079.5,20082.75,135,NQ.v.0
2024-09-25 06:18:00+00:00,33,1,106364,20081.5,20083.0,20076.0,20081.5,71,NQ.v.0
2024-09-25 06:19:00+00:00,33,1,106364,20082.5,20091.0,20082.25,20090.25,96,NQ.v.0
2024-09-25 06:20:00+00:00,33,1,106364,20090.0,20091.25,20084.75,20084.75,89,NQ.v.0
2024-09-25 06:21:00+00:00,33,1,106364,20084.0,20086.0,20082.5,20086.0,52,NQ.v.0
2024-09-25 06:22:00+00:00,33,1,106364,20085.5,20087.25,20083.25,20087.25,38,NQ.v.0
2024-09-25 06:23:00+00:00,33,1,106364,20086.75,20087.25,20084.5,20086.5,70,NQ.v.0
2024-09-25 06:24:00+00:00,33,1,106364,20086.75,20090.5,20085.0,20089.75,72,NQ.v.0
2024-09-25 06:25:00+00:00,33,1,106364,20091.0,20091.0,20084.5,20084.75,52,NQ.v.0
2024-09-25 06:26:00+00:00,33,1,106364,20085.5,20086.25,20082.0,20085.25,62,NQ.v.0
2024-09-25 06:27:00+00:00,33,1,106364,20085.25,20085.5,20078.5,20080.25,58,NQ.v.0
2024-09-25 06:28:00+00:00,33,1,106364,20081.5,20082.0,20076.25,20078.25,80,NQ.v.0
2024-09-25 06:29:00+00:00,33,1,106364,20078.75,20081.75,20075.0,20078.0,66,NQ.v.0
2024-09-25 06:30:00+00:00,33,1,106364,20078.25,20082.5,20074.0,20078.5,117,NQ.v.0
2024-09-25 06:31:00+00:00,33,1,106364,20079.25,20079.5,20071.75,20076.5,156,NQ.v.0
2024-09-25 06:32:00+00:00,33,1,106364,20076.25,20077.25,20069.25,20073.5,201,NQ.v.0
2024-09-25 06:33:00+00:00,33,1,106364,20073.5,20084.5,20073.0,20081.75,165,NQ.v.0
2024-09-25 06:34:00+00:00,33,1,106364,20081.25,20081.5,20077.0,20078.75,100,NQ.v.0
2024-09-25 06:35:00+00:00,33,1,106364,20078.25,20082.75,20077.25,20082.25,67,NQ.v.0
2024-09-25 06:36:00+00:00,33,1,106364,20082.25,20083.5,20079.5,20080.0,58,NQ.v.0
2024-09-25 06:37:00+00:00,33,1,106364,20079.5,20082.25,20079.25,20082.0,44,NQ.v.0
2024-09-25 06:38:00+00:00,33,1,106364,20080.75,20081.75,20075.5,20078.5,67,NQ.v.0
2024-09-25 06:39:00+00:00,33,1,106364,20079.0,20080.0,20077.75,20077.75,20,NQ.v.0
2024-09-25 06:40:00+00:00,33,1,106364,20077.5,20078.5,20075.5,20076.75,46,NQ.v.0
2024-09-25 06:41:00+00:00,33,1,106364,20076.25,20082.5,20076.25,20082.5,59,NQ.v.0
2024-09-25 06:42:00+00:00,33,1,106364,20082.75,20089.75,20081.75,20089.75,109,NQ.v.0
2024-09-25 06:43:00+00:00,33,1,106364,20088.5,20088.75,20086.0,20088.75,90,NQ.v.0
2024-09-25 06:44:00+00:00,33,1,106364,20088.75,20089.75,20085.0,20086.75,106,NQ.v.0
2024-09-25 06:45:00+00:00,33,1,106364,20086.5,20086.5,20082.75,20084.0,44,NQ.v.0
2024-09-25 06:46:00+00:00,33,1,106364,20083.75,20086.75,20079.75,20080.25,92,NQ.v.0
2024-09-25 06:47:00+00:00,33,1,106364,20080.25,20080.5,20075.75,20078.5,77,NQ.v.0
2024-09-25 06:48:00+00:00,33,1,106364,20078.0,20081.0,20077.5,20080.5,49,NQ.v.0
2024-09-25 06:49:00+00:00,33,1,106364,20080.75,20084.0,20080.75,20083.0,35,NQ.v.0
2024-09-25 06:50:00+00:00,33,1,106364,20083.5,20083.5,20080.75,20080.75,32,NQ.v.0
2024-09-25 06:51:00+00:00,33,1,106364,20081.0,20081.0,20077.0,20078.25,31,NQ.v.0
2024-09-25 06:52:00+00:00,33,1,106364,20078.5,20081.75,20078.5,20081.5,51,NQ.v.0
2024-09-25 06:53:00+00:00,33,1,106364,20082.5,20083.0,20079.25,20079.75,39,NQ.v.0
2024-09-25 06:54:00+00:00,33,1,106364,20079.75,20079.75,20074.0,20079.75,89,NQ.v.0
2024-09-25 06:55:00+00:00,33,1,106364,20078.5,20081.5,20077.75,20077.75,33,NQ.v.0
2024-09-25 06:56:00+00:00,33,1,106364,20077.25,20081.25,20076.25,20080.25,43,NQ.v.0
2024-09-25 06:57:00+00:00,33,1,106364,20077.25,20078.0,20077.0,20077.0,14,NQ.v.0
2024-09-25 06:58:00+00:00,33,1,106364,20076.75,20078.0,20075.5,20077.5,47,NQ.v.0
2024-09-25 06:59:00+00:00,33,1,106364,20077.75,20077.75,20073.0,20073.25,74,NQ.v.0
2024-09-25 07:00:00+00:00,33,1,106364,20073.25,20085.0,20071.5,20082.75,211,NQ.v.0
2024-09-25 07:01:00+00:00,33,1,106364,20082.5,20085.0,20079.25,20080.75,114,NQ.v.0
2024-09-25 07:02:00+00:00,33,1,106364,20080.75,20080.75,20070.5,20077.75,115,NQ.v.0
2024-09-25 07:03:00+00:00,33,1,106364,20078.5,20080.25,20075.0,20078.75,104,NQ.v.0
2024-09-25 07:04:00+00:00,33,1,106364,20079.25,20081.0,20077.5,20078.5,51,NQ.v.0
2024-09-25 07:05:00+00:00,33,1,106364,20077.75,20080.5,20075.75,20078.75,132,NQ.v.0
2024-09-25 07:06:00+00:00,33,1,106364,20078.0,20087.0,20078.0,20085.25,106,NQ.v.0
2024-09-25 07:07:00+00:00,33,1,106364,20085.25,20095.75,20085.0,20092.25,274,NQ.v.0
2024-09-25 07:08:00+00:00,33,1,106364,20091.5,20091.5,20084.25,20087.75,189,NQ.v.0
2024-09-25 07:09:00+00:00,33,1,106364,20090.0,20090.0,20083.5,20085.75,81,NQ.v.0
2024-09-25 07:10:00+00:00,33,1,106364,20087.0,20088.0,20077.75,20080.0,163,NQ.v.0
2024-09-25 07:11:00+00:00,33,1,106364,20079.0,20079.75,20064.25,20072.5,474,NQ.v.0
2024-09-25 07:12:00+00:00,33,1,106364,20071.0,20080.0,20065.5,20077.75,132,NQ.v.0
2024-09-25 07:13:00+00:00,33,1,106364,20078.75,20085.0,20078.0,20079.5,135,NQ.v.0
2024-09-25 07:14:00+00:00,33,1,106364,20078.5,20081.75,20075.75,20080.25,51,NQ.v.0
2024-09-25 07:15:00+00:00,33,1,106364,20080.75,20084.0,20080.0,20082.0,58,NQ.v.0
2024-09-25 07:16:00+00:00,33,1,106364,20081.25,20089.5,20080.0,20089.5,168,NQ.v.0
2024-09-25 07:17:00+00:00,33,1,106364,20090.0,20093.5,20089.5,20092.25,114,NQ.v.0
2024-09-25 07:18:00+00:00,33,1,106364,20091.5,20099.0,20090.75,20097.5,199,NQ.v.0
2024-09-25 07:19:00+00:00,33,1,106364,20096.5,20096.5,20088.75,20089.5,109,NQ.v.0
2024-09-25 07:20:00+00:00,33,1,106364,20089.0,20089.5,20083.5,20087.5,87,NQ.v.0
2024-09-25 07:21:00+00:00,33,1,106364,20088.0,20095.0,20088.0,20092.5,120,NQ.v.0
2024-09-25 07:22:00+00:00,33,1,106364,20095.0,20096.75,20093.0,20096.0,82,NQ.v.0
2024-09-25 07:23:00+00:00,33,1,106364,20097.0,20099.5,20095.25,20098.75,119,NQ.v.0
2024-09-25 07:24:00+00:00,33,1,106364,20098.0,20105.75,20098.0,20104.75,132,NQ.v.0
2024-09-25 07:25:00+00:00,33,1,106364,20104.5,20109.0,20101.25,20102.5,150,NQ.v.0
2024-09-25 07:26:00+00:00,33,1,106364,20102.75,20107.0,20101.25,20106.25,89,NQ.v.0
2024-09-25 07:27:00+00:00,33,1,106364,20106.25,20108.5,20103.25,20104.25,63,NQ.v.0
2024-09-25 07:28:00+00:00,33,1,106364,20104.25,20107.5,20101.0,20107.5,78,NQ.v.0
2024-09-25 07:29:00+00:00,33,1,106364,20108.0,20109.75,20107.25,20108.5,69,NQ.v.0
2024-09-25 07:30:00+00:00,33,1,106364,20108.75,20110.5,20105.0,20106.5,131,NQ.v.0
2024-09-25 07:31:00+00:00,33,1,106364,20106.0,20114.75,20103.5,20111.75,197,NQ.v.0
2024-09-25 07:32:00+00:00,33,1,106364,20111.5,20116.25,20110.75,20113.0,158,NQ.v.0
2024-09-25 07:33:00+00:00,33,1,106364,20113.5,20113.75,20106.0,20106.5,122,NQ.v.0
2024-09-25 07:34:00+00:00,33,1,106364,20107.0,20110.25,20104.25,20108.75,92,NQ.v.0
2024-09-25 07:35:00+00:00,33,1,106364,20108.0,20113.25,20108.0,20111.5,195,NQ.v.0
2024-09-25 07:36:00+00:00,33,1,106364,20111.5,20112.25,20106.75,20106.75,58,NQ.v.0
2024-09-25 07:37:00+00:00,33,1,106364,20106.75,20108.75,20103.75,20105.75,74,NQ.v.0
2024-09-25 07:38:00+00:00,33,1,106364,20104.5,20106.75,20103.0,20106.0,101,NQ.v.0
2024-09-25 07:39:00+00:00,33,1,106364,20106.25,20110.75,20105.75,20110.75,69,NQ.v.0
2024-09-25 07:40:00+00:00,33,1,106364,20111.25,20112.75,20107.25,20109.5,64,NQ.v.0
2024-09-25 07:41:00+00:00,33,1,106364,20111.75,20112.5,20109.25,20110.75,56,NQ.v.0
2024-09-25 07:42:00+00:00,33,1,106364,20110.0,20112.5,20107.0,20108.25,52,NQ.v.0
2024-09-25 07:43:00+00:00,33,1,106364,20108.5,20115.5,20108.25,20111.5,149,NQ.v.0
2024-09-25 07:44:00+00:00,33,1,106364,20111.75,20113.0,20109.75,20110.25,29,NQ.v.0
2024-09-25 07:45:00+00:00,33,1,106364,20109.0,20112.75,20109.0,20111.5,31,NQ.v.0
2024-09-25 07:46:00+00:00,33,1,106364,20111.0,20111.25,20106.0,20106.0,41,NQ.v.0
2024-09-25 07:47:00+00:00,33,1,106364,20105.75,20105.75,20102.5,20105.5,86,NQ.v.0
2024-09-25 07:48:00+00:00,33,1,106364,20105.5,20108.0,20105.0,20108.0,43,NQ.v.0
2024-09-25 07:49:00+00:00,33,1,106364,20105.75,20109.25,20105.5,20108.75,25,NQ.v.0
2024-09-25 07:50:00+00:00,33,1,106364,20109.5,20110.75,20107.25,20109.0,43,NQ.v.0
2024-09-25 07:51:00+00:00,33,1,106364,20108.0,20108.5,20100.5,20103.0,61,NQ.v.0
2024-09-25 07:52:00+00:00,33,1,106364,20103.5,20103.75,20100.25,20103.75,48,NQ.v.0
2024-09-25 07:53:00+00:00,33,1,106364,20103.75,20105.25,20102.75,20104.25,51,NQ.v.0
2024-09-25 07:54:00+00:00,33,1,106364,20104.25,20107.5,20104.25,20107.0,43,NQ.v.0
2024-09-25 07:55:00+00:00,33,1,106364,20107.75,20111.75,20105.25,20109.25,106,NQ.v.0
2024-09-25 07:56:00+00:00,33,1,106364,20109.0,20110.25,20108.25,20109.75,33,NQ.v.0
2024-09-25 07:57:00+00:00,33,1,106364,20110.75,20111.5,20109.0,20109.25,45,NQ.v.0
2024-09-25 07:58:00+00:00,33,1,106364,20108.5,20109.5,20106.0,20107.25,33,NQ.v.0
2024-09-25 07:59:00+00:00,33,1,106364,20107.5,20110.5,20107.5,20108.0,33,NQ.v.0
2024-09-25 08:00:00+00:00,33,1,106364,20109.0,20110.0,20105.0,20106.5,191,NQ.v.0
2024-09-25 08:01:00+00:00,33,1,106364,20106.75,20109.5,20103.5,20108.25,122,NQ.v.0
2024-09-25 08:02:00+00:00,33,1,106364,20108.0,20110.25,20102.75,20106.5,135,NQ.v.0
2024-09-25 08:03:00+00:00,33,1,106364,20105.0,20110.25,20104.75,20110.0,72,NQ.v.0
2024-09-25 08:04:00+00:00,33,1,106364,20109.0,20113.75,20106.75,20111.0,154,NQ.v.0
2024-09-25 08:05:00+00:00,33,1,106364,20110.5,20110.5,20103.5,20104.75,127,NQ.v.0
2024-09-25 08:06:00+00:00,33,1,106364,20104.25,20104.75,20097.0,20102.0,213,NQ.v.0
2024-09-25 08:07:00+00:00,33,1,106364,20102.0,20106.75,20101.5,20103.75,119,NQ.v.0
2024-09-25 08:08:00+00:00,33,1,106364,20104.25,20104.75,20098.25,20101.5,115,NQ.v.0
2024-09-25 08:09:00+00:00,33,1,106364,20102.0,20102.5,20094.25,20099.0,161,NQ.v.0
2024-09-25 08:10:00+00:00,33,1,106364,20099.0,20110.0,20099.0,20108.75,201,NQ.v.0
2024-09-25 08:11:00+00:00,33,1,106364,20110.25,20112.5,20105.0,20108.0,96,NQ.v.0
2024-09-25 08:12:00+00:00,33,1,106364,20108.25,20108.75,20102.75,20104.75,79,NQ.v.0
2024-09-25 08:13:00+00:00,33,1,106364,20104.5,20105.25,20100.75,20104.75,63,NQ.v.0
2024-09-25 08:14:00+00:00,33,1,106364,20105.0,20107.25,20104.0,20106.75,64,NQ.v.0
2024-09-25 08:15:00+00:00,33,1,106364,20106.75,20110.75,20106.5,20108.25,108,NQ.v.0
2024-09-25 08:16:00+00:00,33,1,106364,20109.5,20110.0,20104.75,20107.25,46,NQ.v.0
2024-09-25 08:17:00+00:00,33,1,106364,20107.75,20110.0,20105.0,20107.75,95,NQ.v.0
2024-09-25 08:18:00+00:00,33,1,106364,20107.5,20110.75,20105.75,20109.25,136,NQ.v.0
2024-09-25 08:19:00+00:00,33,1,106364,20109.75,20115.0,20107.0,20108.25,174,NQ.v.0
2024-09-25 08:20:00+00:00,33,1,106364,20107.75,20107.75,20099.25,20099.75,121,NQ.v.0
2024-09-25 08:21:00+00:00,33,1,106364,20099.5,20104.75,20098.25,20104.25,116,NQ.v.0
2024-09-25 08:22:00+00:00,33,1,106364,20103.75,20107.5,20101.75,20103.75,45,NQ.v.0
2024-09-25 08:23:00+00:00,33,1,106364,20103.0,20104.0,20101.0,20104.0,39,NQ.v.0
2024-09-25 08:24:00+00:00,33,1,106364,20103.5,20103.5,20099.25,20102.75,89,NQ.v.0
2024-09-25 08:25:00+00:00,33,1,106364,20103.5,20103.75,20101.5,20103.25,41,NQ.v.0
2024-09-25 08:26:00+00:00,33,1,106364,20102.5,20102.5,20098.5,20099.25,29,NQ.v.0
2024-09-25 08:27:00+00:00,33,1,106364,20099.5,20102.75,20099.0,20101.5,57,NQ.v.0
2024-09-25 08:28:00+00:00,33,1,106364,20102.25,20104.25,20099.75,20100.0,72,NQ.v.0
2024-09-25 08:29:00+00:00,33,1,106364,20100.25,20102.75,20100.25,20101.75,89,NQ.v.0
2024-09-25 08:30:00+00:00,33,1,106364,20101.5,20104.0,20098.0,20100.0,55,NQ.v.0
2024-09-25 08:31:00+00:00,33,1,106364,20100.75,20102.75,20099.25,20099.25,71,NQ.v.0
2024-09-25 08:32:00+00:00,33,1,106364,20099.0,20100.5,20093.0,20093.0,134,NQ.v.0
2024-09-25 08:33:00+00:00,33,1,106364,20093.0,20100.0,20091.75,20099.0,98,NQ.v.0
2024-09-25 08:34:00+00:00,33,1,106364,20099.75,20100.25,20096.0,20097.0,58,NQ.v.0
2024-09-25 08:35:00+00:00,33,1,106364,20097.5,20101.5,20095.75,20100.5,86,NQ.v.0
2024-09-25 08:36:00+00:00,33,1,106364,20101.0,20104.75,20098.0,20104.5,90,NQ.v.0
2024-09-25 08:37:00+00:00,33,1,106364,20105.0,20107.0,20102.5,20103.5,74,NQ.v.0
2024-09-25 08:38:00+00:00,33,1,106364,20104.25,20105.75,20100.0,20100.75,41,NQ.v.0
2024-09-25 08:39:00+00:00,33,1,106364,20099.25,20100.5,20094.75,20096.25,58,NQ.v.0
2024-09-25 08:40:00+00:00,33,1,106364,20095.75,20097.5,20087.0,20092.25,210,NQ.v.0
2024-09-25 08:41:00+00:00,33,1,106364,20092.75,20094.0,20086.25,20091.75,142,NQ.v.0
2024-09-25 08:42:00+00:00,33,1,106364,20093.0,20094.5,20091.75,20092.75,62,NQ.v.0
2024-09-25 08:43:00+00:00,33,1,106364,20092.25,20092.75,20089.25,20089.25,54,NQ.v.0
2024-09-25 08:44:00+00:00,33,1,106364,20090.25,20093.75,20090.25,20092.25,61,NQ.v.0
2024-09-25 08:45:00+00:00,33,1,106364,20092.5,20097.75,20090.0,20096.75,105,NQ.v.0
2024-09-25 08:46:00+00:00,33,1,106364,20096.5,20102.0,20096.0,20100.25,145,NQ.v.0
2024-09-25 08:47:00+00:00,33,1,106364,20101.0,20103.0,20099.5,20101.0,105,NQ.v.0
2024-09-25 08:48:00+00:00,33,1,106364,20101.75,20102.0,20096.75,20097.75,63,NQ.v.0
2024-09-25 08:49:00+00:00,33,1,106364,20097.25,20100.25,20095.25,20100.0,87,NQ.v.0
2024-09-25 08:50:00+00:00,33,1,106364,20098.75,20100.75,20095.5,20095.75,41,NQ.v.0
2024-09-25 08:51:00+00:00,33,1,106364,20095.5,20098.5,20093.5,20098.0,69,NQ.v.0
2024-09-25 08:52:00+00:00,33,1,106364,20099.0,20104.0,20097.25,20097.25,75,NQ.v.0
2024-09-25 08:53:00+00:00,33,1,106364,20097.25,20101.0,20096.5,20097.25,44,NQ.v.0
2024-09-25 08:54:00+00:00,33,1,106364,20097.25,20097.5,20094.25,20096.75,90,NQ.v.0
2024-09-25 08:55:00+00:00,33,1,106364,20096.0,20097.5,20088.0,20088.75,93,NQ.v.0
2024-09-25 08:56:00+00:00,33,1,106364,20088.75,20091.5,20087.5,20089.0,70,NQ.v.0
2024-09-25 08:57:00+00:00,33,1,106364,20089.5,20094.0,20089.25,20093.75,102,NQ.v.0
2024-09-25 08:58:00+00:00,33,1,106364,20093.5,20096.75,20091.5,20095.0,66,NQ.v.0
2024-09-25 08:59:00+00:00,33,1,106364,20095.75,20097.0,20093.0,20096.25,39,NQ.v.0
2024-09-25 09:00:00+00:00,33,1,106364,20096.5,20096.5,20090.75,20094.5,70,NQ.v.0
2024-09-25 09:01:00+00:00,33,1,106364,20094.0,20094.5,20088.75,20090.75,47,NQ.v.0
2024-09-25 09:02:00+00:00,33,1,106364,20091.75,20093.0,20089.75,20093.0,37,NQ.v.0
2024-09-25 09:03:00+00:00,33,1,106364,20093.25,20097.25,20092.0,20096.5,72,NQ.v.0
2024-09-25 09:04:00+00:00,33,1,106364,20096.0,20098.5,20095.25,20095.5,53,NQ.v.0
2024-09-25 09:05:00+00:00,33,1,106364,20095.25,20095.25,20093.0,20095.25,53,NQ.v.0
2024-09-25 09:06:00+00:00,33,1,106364,20095.0,20095.0,20093.0,20094.75,63,NQ.v.0
2024-09-25 09:07:00+00:00,33,1,106364,20094.5,20096.5,20093.0,20095.75,42,NQ.v.0
2024-09-25 09:08:00+00:00,33,1,106364,20096.5,20099.75,20096.5,20099.75,42,NQ.v.0
2024-09-25 09:09:00+00:00,33,1,106364,20099.5,20102.5,20098.5,20098.5,70,NQ.v.0
2024-09-25 09:10:00+00:00,33,1,106364,20099.0,20100.75,20098.0,20100.0,52,NQ.v.0
2024-09-25 09:11:00+00:00,33,1,106364,20098.5,20099.5,20098.0,20099.0,22,NQ.v.0
2024-09-25 09:12:00+00:00,33,1,106364,20099.5,20099.75,20097.75,20097.75,14,NQ.v.0
2024-09-25 09:13:00+00:00,33,1,106364,20099.0,20102.5,20099.0,20102.5,44,NQ.v.0
2024-09-25 09:14:00+00:00,33,1,106364,20102.75,20103.25,20099.75,20100.75,41,NQ.v.0
2024-09-25 09:15:00+00:00,33,1,106364,20100.25,20100.25,20093.75,20094.0,60,NQ.v.0
2024-09-25 09:16:00+00:00,33,1,106364,20093.75,20093.75,20088.0,20088.5,168,NQ.v.0
2024-09-25 09:17:00+00:00,33,1,106364,20088.75,20091.5,20087.5,20090.5,82,NQ.v.0
2024-09-25 09:18:00+00:00,33,1,106364,20090.25,20090.75,20086.75,20090.5,59,NQ.v.0
2024-09-25 09:19:00+00:00,33,1,106364,20090.0,20091.25,20087.75,20087.75,50,NQ.v.0
2024-09-25 09:20:00+00:00,33,1,106364,20087.5,20088.75,20083.5,20088.75,171,NQ.v.0
2024-09-25 09:21:00+00:00,33,1,106364,20089.0,20093.25,20087.0,20087.25,176,NQ.v.0
2024-09-25 09:22:00+00:00,33,1,106364,20086.25,20086.75,20084.0,20085.75,68,NQ.v.0
2024-09-25 09:23:00+00:00,33,1,106364,20084.5,20085.25,20081.75,20082.75,85,NQ.v.0
2024-09-25 09:24:00+00:00,33,1,106364,20082.5,20085.25,20079.75,20083.75,145,NQ.v.0
2024-09-25 09:25:00+00:00,33,1,106364,20082.75,20089.0,20082.75,20086.25,91,NQ.v.0
2024-09-25 09:26:00+00:00,33,1,106364,20086.75,20089.5,20086.75,20088.25,56,NQ.v.0
2024-09-25 09:27:00+00:00,33,1,106364,20088.25,20092.5,20087.75,20090.75,62,NQ.v.0
2024-09-25 09:28:00+00:00,33,1,106364,20092.25,20093.75,20087.75,20088.0,198,NQ.v.0
2024-09-25 09:29:00+00:00,33,1,106364,20087.5,20090.0,20085.5,20090.0,61,NQ.v.0
2024-09-25 09:30:00+00:00,33,1,106364,20089.25,20091.25,20086.25,20091.25,90,NQ.v.0
2024-09-25 09:31:00+00:00,33,1,106364,20091.25,20097.75,20090.75,20095.75,77,NQ.v.0
2024-09-25 09:32:00+00:00,33,1,106364,20096.0,20101.25,20096.0,20100.25,76,NQ.v.0
2024-09-25 09:33:00+00:00,33,1,106364,20100.0,20105.0,20099.25,20105.0,144,NQ.v.0
2024-09-25 09:34:00+00:00,33,1,106364,20105.25,20106.5,20102.25,20105.5,87,NQ.v.0
2024-09-25 09:35:00+00:00,33,1,106364,20106.0,20107.0,20102.75,20103.75,100,NQ.v.0
2024-09-25 09:36:00+00:00,33,1,106364,20103.25,20106.5,20102.25,20105.25,54,NQ.v.0
2024-09-25 09:37:00+00:00,33,1,106364,20105.25,20106.25,20103.75,20105.75,37,NQ.v.0
2024-09-25 09:38:00+00:00,33,1,106364,20106.0,20109.0,20105.25,20109.0,62,NQ.v.0
2024-09-25 09:39:00+00:00,33,1,106364,20109.0,20110.5,20103.75,20105.0,158,NQ.v.0
2024-09-25 09:40:00+00:00,33,1,106364,20105.25,20107.75,20103.25,20104.5,39,NQ.v.0
2024-09-25 09:41:00+00:00,33,1,106364,20104.75,20111.0,20104.75,20110.75,63,NQ.v.0
2024-09-25 09:42:00+00:00,33,1,106364,20109.5,20111.0,20106.75,20106.75,40,NQ.v.0
2024-09-25 09:43:00+00:00,33,1,106364,20107.25,20107.75,20104.25,20105.25,28,NQ.v.0
2024-09-25 09:44:00+00:00,33,1,106364,20105.75,20106.75,20103.5,20105.75,85,NQ.v.0
2024-09-25 09:45:00+00:00,33,1,106364,20105.5,20106.75,20103.75,20104.25,102,NQ.v.0
2024-09-25 09:46:00+00:00,33,1,106364,20104.75,20106.5,20104.5,20105.75,37,NQ.v.0
2024-09-25 09:47:00+00:00,33,1,106364,20106.0,20106.75,20100.25,20106.5,113,NQ.v.0
2024-09-25 09:48:00+00:00,33,1,106364,20106.5,20108.0,20104.5,20104.5,72,NQ.v.0
2024-09-25 09:49:00+00:00,33,1,106364,20104.5,20106.0,20102.75,20104.0,39,NQ.v.0
2024-09-25 09:50:00+00:00,33,1,106364,20103.75,20105.5,20103.25,20105.25,49,NQ.v.0
2024-09-25 09:51:00+00:00,33,1,106364,20105.25,20106.5,20101.75,20102.75,50,NQ.v.0
2024-09-25 09:52:00+00:00,33,1,106364,20101.75,20104.75,20100.25,20102.25,81,NQ.v.0
2024-09-25 09:53:00+00:00,33,1,106364,20102.0,20104.0,20101.75,20104.0,22,NQ.v.0
2024-09-25 09:54:00+00:00,33,1,106364,20104.5,20105.75,20103.5,20105.0,50,NQ.v.0
2024-09-25 09:55:00+00:00,33,1,106364,20106.0,20106.5,20102.75,20103.75,56,NQ.v.0
2024-09-25 09:56:00+00:00,33,1,106364,20103.75,20105.5,20103.75,20105.0,20,NQ.v.0
2024-09-25 09:57:00+00:00,33,1,106364,20105.0,20106.0,20102.75,20106.0,25,NQ.v.0
2024-09-25 09:58:00+00:00,33,1,106364,20105.75,20106.75,20103.0,20106.75,35,NQ.v.0
2024-09-25 09:59:00+00:00,33,1,106364,20107.0,20112.5,20106.75,20109.5,183,NQ.v.0
2024-09-25 10:00:00+00:00,33,1,106364,20108.75,20113.75,20108.5,20113.5,112,NQ.v.0
2024-09-25 10:01:00+00:00,33,1,106364,20114.0,20123.25,20113.75,20121.0,485,NQ.v.0
2024-09-25 10:02:00+00:00,33,1,106364,20121.75,20128.5,20121.75,20126.0,299,NQ.v.0
2024-09-25 10:03:00+00:00,33,1,106364,20126.0,20129.5,20122.5,20129.0,178,NQ.v.0
2024-09-25 10:04:00+00:00,33,1,106364,20128.75,20128.75,20121.75,20121.75,156,NQ.v.0
2024-09-25 10:05:00+00:00,33,1,106364,20121.75,20128.25,20121.5,20128.0,98,NQ.v.0
2024-09-25 10:06:00+00:00,33,1,106364,20128.0,20128.5,20125.0,20125.25,78,NQ.v.0
2024-09-25 10:07:00+00:00,33,1,106364,20125.5,20129.0,20124.5,20128.0,63,NQ.v.0
2024-09-25 10:08:00+00:00,33,1,106364,20128.5,20130.0,20128.25,20128.5,62,NQ.v.0
2024-09-25 10:09:00+00:00,33,1,106364,20129.0,20129.5,20126.75,20129.25,58,NQ.v.0
2024-09-25 10:10:00+00:00,33,1,106364,20129.0,20129.5,20127.0,20128.0,46,NQ.v.0
2024-09-25 10:11:00+00:00,33,1,106364,20128.0,20129.75,20125.75,20127.5,61,NQ.v.0
2024-09-25 10:12:00+00:00,33,1,106364,20127.25,20131.25,20127.25,20129.5,89,NQ.v.0
2024-09-25 10:13:00+00:00,33,1,106364,20129.75,20131.75,20128.0,20131.5,59,NQ.v.0
2024-09-25 10:14:00+00:00,33,1,106364,20132.0,20135.25,20131.75,20134.0,169,NQ.v.0
2024-09-25 10:15:00+00:00,33,1,106364,20133.5,20136.25,20130.5,20131.0,130,NQ.v.0
2024-09-25 10:16:00+00:00,33,1,106364,20131.25,20134.75,20131.25,20134.0,40,NQ.v.0
2024-09-25 10:17:00+00:00,33,1,106364,20134.0,20136.0,20131.5,20134.25,50,NQ.v.0
2024-09-25 10:18:00+00:00,33,1,106364,20134.25,20134.75,20132.75,20132.75,34,NQ.v.0
2024-09-25 10:19:00+00:00,33,1,106364,20132.5,20133.75,20130.0,20131.25,54,NQ.v.0
2024-09-25 10:20:00+00:00,33,1,106364,20131.0,20131.5,20128.5,20130.5,94,NQ.v.0
2024-09-25 10:21:00+00:00,33,1,106364,20130.75,20131.75,20129.25,20131.25,46,NQ.v.0
2024-09-25 10:22:00+00:00,33,1,106364,20131.0,20131.75,20125.25,20128.0,345,NQ.v.0
2024-09-25 10:23:00+00:00,33,1,106364,20127.25,20128.5,20125.5,20128.0,188,NQ.v.0
2024-09-25 10:24:00+00:00,33,1,106364,20128.25,20131.0,20127.25,20128.75,305,NQ.v.0
2024-09-25 10:25:00+00:00,33,1,106364,20128.0,20129.5,20126.5,20128.0,235,NQ.v.0
2024-09-25 10:26:00+00:00,33,1,106364,20128.25,20128.5,20126.25,20127.0,41,NQ.v.0
2024-09-25 10:27:00+00:00,33,1,106364,20127.5,20130.0,20126.75,20129.0,76,NQ.v.0
2024-09-25 10:28:00+00:00,33,1,106364,20129.5,20130.25,20125.25,20128.5,430,NQ.v.0
2024-09-25 10:29:00+00:00,33,1,106364,20128.0,20128.5,20122.5,20124.0,137,NQ.v.0
2024-09-25 10:30:00+00:00,33,1,106364,20123.5,20127.75,20123.0,20127.0,164,NQ.v.0
2024-09-25 10:31:00+00:00,33,1,106364,20128.0,20130.75,20126.75,20130.0,165,NQ.v.0
2024-09-25 10:32:00+00:00,33,1,106364,20130.0,20132.25,20127.5,20128.5,235,NQ.v.0
2024-09-25 10:33:00+00:00,33,1,106364,20127.75,20128.0,20126.25,20127.5,42,NQ.v.0
2024-09-25 10:34:00+00:00,33,1,106364,20127.25,20128.75,20126.25,20126.25,41,NQ.v.0
2024-09-25 10:35:00+00:00,33,1,106364,20127.0,20127.0,20125.25,20126.0,45,NQ.v.0
2024-09-25 10:36:00+00:00,33,1,106364,20126.0,20128.0,20124.75,20126.5,198,NQ.v.0
2024-09-25 10:37:00+00:00,33,1,106364,20126.25,20126.5,20123.75,20126.5,45,NQ.v.0
2024-09-25 10:38:00+00:00,33,1,106364,20125.5,20126.0,20123.25,20123.75,56,NQ.v.0
2024-09-25 10:39:00+00:00,33,1,106364,20123.5,20123.75,20121.0,20123.5,212,NQ.v.0
2024-09-25 10:40:00+00:00,33,1,106364,20124.0,20125.75,20123.0,20123.0,293,NQ.v.0
2024-09-25 10:41:00+00:00,33,1,106364,20123.0,20124.0,20121.25,20121.25,60,NQ.v.0
2024-09-25 10:42:00+00:00,33,1,106364,20121.0,20122.5,20119.25,20120.25,116,NQ.v.0
2024-09-25 10:43:00+00:00,33,1,106364,20120.0,20120.0,20117.5,20119.5,109,NQ.v.0
2024-09-25 10:44:00+00:00,33,1,106364,20119.25,20120.25,20115.75,20117.0,102,NQ.v.0
2024-09-25 10:45:00+00:00,33,1,106364,20116.5,20117.25,20113.5,20114.5,107,NQ.v.0
2024-09-25 10:46:00+00:00,33,1,106364,20114.75,20117.5,20113.25,20113.25,61,NQ.v.0
2024-09-25 10:47:00+00:00,33,1,106364,20113.5,20114.75,20109.75,20109.75,132,NQ.v.0
2024-09-25 10:48:00+00:00,33,1,106364,20110.0,20115.5,20109.0,20115.5,114,NQ.v.0
2024-09-25 10:49:00+00:00,33,1,106364,20114.0,20116.75,20113.5,20116.75,70,NQ.v.0
2024-09-25 10:50:00+00:00,33,1,106364,20116.25,20120.75,20115.75,20120.5,114,NQ.v.0
2024-09-25 10:51:00+00:00,33,1,106364,20120.25,20122.5,20120.0,20121.25,109,NQ.v.0
2024-09-25 10:52:00+00:00,33,1,106364,20121.25,20121.25,20117.75,20118.25,65,NQ.v.0
2024-09-25 10:53:00+00:00,33,1,106364,20118.75,20118.75,20116.25,20117.0,65,NQ.v.0
2024-09-25 10:54:00+00:00,33,1,106364,20116.0,20122.25,20115.75,20121.75,87,NQ.v.0
2024-09-25 10:55:00+00:00,33,1,106364,20121.5,20124.0,20121.25,20123.75,65,NQ.v.0
2024-09-25 10:56:00+00:00,33,1,106364,20124.25,20124.5,20120.5,20120.75,63,NQ.v.0
2024-09-25 10:57:00+00:00,33,1,106364,20121.75,20122.5,20119.75,20121.5,90,NQ.v.0
2024-09-25 10:58:00+00:00,33,1,106364,20121.25,20123.25,20120.5,20122.75,34,NQ.v.0
2024-09-25 10:59:00+00:00,33,1,106364,20123.5,20131.75,20123.25,20130.75,189,NQ.v.0
2024-09-25 11:00:00+00:00,33,1,106364,20131.5,20138.5,20128.5,20128.5,362,NQ.v.0
2024-09-25 11:01:00+00:00,33,1,106364,20129.75,20134.0,20127.75,20133.0,177,NQ.v.0
2024-09-25 11:02:00+00:00,33,1,106364,20133.25,20133.5,20130.0,20132.25,94,NQ.v.0
2024-09-25 11:03:00+00:00,33,1,106364,20131.5,20137.5,20131.5,20135.0,113,NQ.v.0
2024-09-25 11:04:00+00:00,33,1,106364,20135.0,20137.75,20133.25,20133.75,107,NQ.v.0
2024-09-25 11:05:00+00:00,33,1,106364,20133.75,20134.25,20131.75,20132.75,59,NQ.v.0
2024-09-25 11:06:00+00:00,33,1,106364,20133.25,20136.5,20132.5,20135.75,51,NQ.v.0
2024-09-25 11:07:00+00:00,33,1,106364,20136.25,20138.75,20134.5,20135.75,113,NQ.v.0
2024-09-25 11:08:00+00:00,33,1,106364,20135.75,20136.75,20132.5,20134.25,47,NQ.v.0
2024-09-25 11:09:00+00:00,33,1,106364,20134.25,20136.75,20134.0,20135.75,58,NQ.v.0
2024-09-25 11:10:00+00:00,33,1,106364,20136.5,20138.5,20133.75,20133.75,85,NQ.v.0
2024-09-25 11:11:00+00:00,33,1,106364,20134.0,20134.5,20131.5,20133.25,89,NQ.v.0
2024-09-25 11:12:00+00:00,33,1,106364,20133.75,20136.0,20133.25,20135.5,65,NQ.v.0
2024-09-25 11:13:00+00:00,33,1,106364,20135.75,20135.75,20132.75,20133.75,47,NQ.v.0
2024-09-25 11:14:00+00:00,33,1,106364,20133.5,20133.5,20127.75,20128.0,101,NQ.v.0
2024-09-25 11:15:00+00:00,33,1,106364,20127.75,20134.0,20127.75,20134.0,83,NQ.v.0
2024-09-25 11:16:00+00:00,33,1,106364,20133.25,20135.5,20133.25,20135.5,59,NQ.v.0
2024-09-25 11:17:00+00:00,33,1,106364,20135.5,20137.0,20134.5,20136.0,39,NQ.v.0
2024-09-25 11:18:00+00:00,33,1,106364,20135.25,20139.0,20134.75,20137.75,88,NQ.v.0
2024-09-25 11:19:00+00:00,33,1,106364,20137.75,20137.75,20130.5,20131.5,73,NQ.v.0
2024-09-25 11:20:00+00:00,33,1,106364,20131.5,20132.5,20130.5,20132.0,50,NQ.v.0
2024-09-25 11:21:00+00:00,33,1,106364,20131.75,20132.5,20129.0,20132.5,65,NQ.v.0
2024-09-25 11:22:00+00:00,33,1,106364,20132.25,20132.25,20130.5,20132.0,31,NQ.v.0
2024-09-25 11:23:00+00:00,33,1,106364,20131.5,20131.5,20128.5,20129.25,25,NQ.v.0
2024-09-25 11:24:00+00:00,33,1,106364,20129.75,20131.0,20128.5,20128.5,46,NQ.v.0
2024-09-25 11:25:00+00:00,33,1,106364,20128.0,20132.0,20127.5,20131.75,63,NQ.v.0
2024-09-25 11:26:00+00:00,33,1,106364,20132.25,20133.25,20129.25,20130.5,89,NQ.v.0
2024-09-25 11:27:00+00:00,33,1,106364,20130.0,20131.0,20126.75,20128.0,66,NQ.v.0
2024-09-25 11:28:00+00:00,33,1,106364,20128.75,20129.0,20124.5,20127.75,104,NQ.v.0
2024-09-25 11:29:00+00:00,33,1,106364,20128.25,20131.25,20128.0,20129.75,43,NQ.v.0
2024-09-25 11:30:00+00:00,33,1,106364,20129.5,20130.0,20127.5,20129.0,60,NQ.v.0
2024-09-25 11:31:00+00:00,33,1,106364,20130.0,20130.75,20126.75,20127.75,56,NQ.v.0
2024-09-25 11:32:00+00:00,33,1,106364,20127.75,20130.0,20127.0,20129.25,32,NQ.v.0
2024-09-25 11:33:00+00:00,33,1,106364,20128.5,20130.0,20127.0,20128.5,51,NQ.v.0
2024-09-25 11:34:00+00:00,33,1,106364,20127.75,20131.5,20127.75,20131.5,38,NQ.v.0
2024-09-25 11:35:00+00:00,33,1,106364,20130.75,20130.75,20128.0,20129.0,38,NQ.v.0
2024-09-25 11:36:00+00:00,33,1,106364,20128.75,20128.75,20125.0,20125.75,38,NQ.v.0
2024-09-25 11:37:00+00:00,33,1,106364,20125.75,20128.25,20125.0,20128.0,70,NQ.v.0
2024-09-25 11:38:00+00:00,33,1,106364,20127.75,20128.0,20126.0,20127.5,19,NQ.v.0
2024-09-25 11:39:00+00:00,33,1,106364,20126.0,20126.5,20123.0,20124.25,73,NQ.v.0
2024-09-25 11:40:00+00:00,33,1,106364,20124.5,20124.75,20121.25,20122.5,74,NQ.v.0
2024-09-25 11:41:00+00:00,33,1,106364,20123.25,20127.5,20122.75,20127.5,69,NQ.v.0
2024-09-25 11:42:00+00:00,33,1,106364,20127.5,20127.5,20126.0,20126.0,36,NQ.v.0
2024-09-25 11:43:00+00:00,33,1,106364,20126.75,20129.0,20126.75,20127.5,51,NQ.v.0
2024-09-25 11:44:00+00:00,33,1,106364,20128.25,20129.5,20126.0,20126.5,52,NQ.v.0
2024-09-25 11:45:00+00:00,33,1,106364,20126.75,20128.75,20126.75,20128.75,32,NQ.v.0
2024-09-25 11:46:00+00:00,33,1,106364,20128.5,20130.25,20127.75,20127.75,64,NQ.v.0
2024-09-25 11:47:00+00:00,33,1,106364,20128.25,20129.5,20126.5,20126.5,50,NQ.v.0
2024-09-25 11:48:00+00:00,33,1,106364,20126.5,20127.75,20121.0,20122.5,117,NQ.v.0
2024-09-25 11:49:00+00:00,33,1,106364,20122.5,20126.25,20122.5,20125.25,75,NQ.v.0
2024-09-25 11:50:00+00:00,33,1,106364,20125.0,20127.25,20124.25,20126.25,37,NQ.v.0
2024-09-25 11:51:00+00:00,33,1,106364,20126.25,20128.5,20126.25,20128.0,22,NQ.v.0
2024-09-25 11:52:00+00:00,33,1,106364,20127.5,20132.75,20127.5,20132.75,65,NQ.v.0
2024-09-25 11:53:00+00:00,33,1,106364,20132.75,20138.0,20132.25,20138.0,156,NQ.v.0
2024-09-25 11:54:00+00:00,33,1,106364,20137.75,20139.75,20135.0,20136.75,151,NQ.v.0
2024-09-25 11:55:00+00:00,33,1,106364,20137.0,20139.0,20136.5,20138.5,51,NQ.v.0
2024-09-25 11:56:00+00:00,33,1,106364,20139.25,20139.5,20134.75,20135.75,52,NQ.v.0
2024-09-25 11:57:00+00:00,33,1,106364,20135.75,20141.5,20135.75,20138.25,109,NQ.v.0
2024-09-25 11:58:00+00:00,33,1,106364,20138.25,20139.5,20137.75,20137.75,69,NQ.v.0
2024-09-25 11:59:00+00:00,33,1,106364,20137.75,20141.0,20137.25,20141.0,74,NQ.v.0
2024-09-25 12:00:00+00:00,33,1,106364,20140.5,20141.75,20139.5,20140.25,149,NQ.v.0
2024-09-25 12:01:00+00:00,33,1,106364,20141.0,20142.0,20138.0,20141.75,87,NQ.v.0
2024-09-25 12:02:00+00:00,33,1,106364,20142.0,20142.0,20138.25,20138.25,76,NQ.v.0
2024-09-25 12:03:00+00:00,33,1,106364,20138.75,20139.75,20136.5,20139.25,99,NQ.v.0
2024-09-25 12:04:00+00:00,33,1,106364,20139.5,20139.5,20137.5,20137.5,46,NQ.v.0
2024-09-25 12:05:00+00:00,33,1,106364,20137.5,20138.75,20132.75,20133.25,116,NQ.v.0
2024-09-25 12:06:00+00:00,33,1,106364,20133.0,20134.5,20131.25,20132.5,98,NQ.v.0
2024-09-25 12:07:00+00:00,33,1,106364,20132.75,20135.25,20132.75,20133.75,85,NQ.v.0
2024-09-25 12:08:00+00:00,33,1,106364,20133.75,20136.0,20133.25,20135.25,40,NQ.v.0
2024-09-25 12:09:00+00:00,33,1,106364,20135.5,20135.75,20129.75,20130.0,89,NQ.v.0
2024-09-25 12:10:00+00:00,33,1,106364,20129.75,20131.25,20128.25,20129.75,64,NQ.v.0
2024-09-25 12:11:00+00:00,33,1,106364,20129.5,20131.5,20128.0,20130.0,63,NQ.v.0
2024-09-25 12:12:00+00:00,33,1,106364,20129.5,20129.75,20127.0,20127.25,107,NQ.v.0
2024-09-25 12:13:00+00:00,33,1,106364,20127.0,20131.0,20125.0,20130.25,115,NQ.v.0
2024-09-25 12:14:00+00:00,33,1,106364,20130.5,20132.25,20129.5,20130.5,58,NQ.v.0
2024-09-25 12:15:00+00:00,33,1,106364,20130.75,20135.25,20130.75,20134.5,80,NQ.v.0
2024-09-25 12:16:00+00:00,33,1,106364,20134.25,20137.5,20134.25,20136.75,151,NQ.v.0
2024-09-25 12:17:00+00:00,33,1,106364,20137.5,20139.75,20137.5,20138.75,79,NQ.v.0
2024-09-25 12:18:00+00:00,33,1,106364,20138.5,20142.5,20137.75,20139.5,193,NQ.v.0
2024-09-25 12:19:00+00:00,33,1,106364,20139.5,20140.25,20136.5,20139.0,114,NQ.v.0
2024-09-25 12:20:00+00:00,33,1,106364,20138.25,20140.25,20137.25,20140.0,74,NQ.v.0
2024-09-25 12:21:00+00:00,33,1,106364,20140.5,20143.75,20139.5,20143.25,200,NQ.v.0
2024-09-25 12:22:00+00:00,33,1,106364,20142.75,20146.75,20141.25,20142.0,277,NQ.v.0
2024-09-25 12:23:00+00:00,33,1,106364,20142.5,20143.75,20141.0,20142.5,49,NQ.v.0
2024-09-25 12:24:00+00:00,33,1,106364,20143.0,20143.75,20139.25,20143.5,134,NQ.v.0
2024-09-25 12:25:00+00:00,33,1,106364,20143.25,20146.75,20143.25,20145.0,162,NQ.v.0
2024-09-25 12:26:00+00:00,33,1,106364,20145.25,20146.75,20145.0,20145.75,136,NQ.v.0
2024-09-25 12:27:00+00:00,33,1,106364,20145.75,20147.0,20142.75,20144.5,140,NQ.v.0
2024-09-25 12:28:00+00:00,33,1,106364,20144.0,20147.0,20141.75,20142.25,206,NQ.v.0
2024-09-25 12:29:00+00:00,33,1,106364,20142.5,20142.75,20140.5,20141.75,92,NQ.v.0
2024-09-25 12:30:00+00:00,33,1,106364,20142.5,20146.25,20142.5,20145.5,141,NQ.v.0
2024-09-25 12:31:00+00:00,33,1,106364,20146.25,20150.25,20146.0,20149.0,259,NQ.v.0
2024-09-25 12:32:00+00:00,33,1,106364,20149.0,20149.75,20147.5,20149.75,72,NQ.v.0
2024-09-25 12:33:00+00:00,33,1,106364,20149.75,20149.75,20147.25,20149.0,104,NQ.v.0
2024-09-25 12:34:00+00:00,33,1,106364,20149.0,20151.75,20146.75,20147.0,412,NQ.v.0
2024-09-25 12:35:00+00:00,33,1,106364,20147.25,20148.5,20144.25,20144.75,252,NQ.v.0
2024-09-25 12:36:00+00:00,33,1,106364,20145.0,20147.0,20144.5,20146.5,98,NQ.v.0
2024-09-25 12:37:00+00:00,33,1,106364,20147.25,20150.5,20146.75,20148.0,155,NQ.v.0
2024-09-25 12:38:00+00:00,33,1,106364,20148.5,20150.5,20148.5,20149.5,153,NQ.v.0
2024-09-25 12:39:00+00:00,33,1,106364,20149.5,20151.75,20147.75,20149.25,214,NQ.v.0
2024-09-25 12:40:00+00:00,33,1,106364,20150.0,20154.0,20149.5,20152.5,124,NQ.v.0
2024-09-25 12:41:00+00:00,33,1,106364,20152.25,20153.0,20151.0,20152.5,68,NQ.v.0
2024-09-25 12:42:00+00:00,33,1,106364,20152.25,20154.75,20151.0,20154.0,123,NQ.v.0
2024-09-25 12:43:00+00:00,33,1,106364,20154.0,20158.0,20154.0,20154.25,213,NQ.v.0
2024-09-25 12:44:00+00:00,33,1,106364,20154.75,20155.25,20147.5,20149.0,186,NQ.v.0
2024-09-25 12:45:00+00:00,33,1,106364,20148.0,20148.5,20143.25,20147.5,220,NQ.v.0
2024-09-25 12:46:00+00:00,33,1,106364,20147.5,20147.5,20142.0,20143.75,138,NQ.v.0
2024-09-25 12:47:00+00:00,33,1,106364,20143.75,20145.5,20140.5,20141.0,107,NQ.v.0
2024-09-25 12:48:00+00:00,33,1,106364,20141.25,20143.25,20138.75,20142.0,207,NQ.v.0
2024-09-25 12:49:00+00:00,33,1,106364,20141.0,20143.5,20136.75,20143.0,175,NQ.v.0
2024-09-25 12:50:00+00:00,33,1,106364,20142.5,20146.0,20140.5,20145.5,115,NQ.v.0
2024-09-25 12:51:00+00:00,33,1,106364,20145.5,20147.5,20144.75,20146.0,106,NQ.v.0
2024-09-25 12:52:00+00:00,33,1,106364,20147.0,20150.5,20146.25,20149.5,106,NQ.v.0
2024-09-25 12:53:00+00:00,33,1,106364,20149.75,20150.25,20146.25,20148.0,74,NQ.v.0
2024-09-25 12:54:00+00:00,33,1,106364,20148.0,20149.5,20146.75,20149.0,58,NQ.v.0
2024-09-25 12:55:00+00:00,33,1,106364,20149.5,20150.5,20147.75,20148.25,90,NQ.v.0
2024-09-25 12:56:00+00:00,33,1,106364,20148.0,20148.0,20142.0,20142.0,95,NQ.v.0
2024-09-25 12:57:00+00:00,33,1,106364,20142.25,20146.75,20141.5,20146.75,126,NQ.v.0
2024-09-25 12:58:00+00:00,33,1,106364,20146.5,20152.0,20146.5,20149.25,160,NQ.v.0
2024-09-25 12:59:00+00:00,33,1,106364,20149.25,20150.25,20148.5,20149.25,58,NQ.v.0
2024-09-25 13:00:00+00:00,33,1,106364,20149.25,20150.25,20145.0,20147.75,121,NQ.v.0
2024-09-25 13:01:00+00:00,33,1,106364,20148.25,20150.5,20146.0,20146.5,83,NQ.v.0
2024-09-25 13:02:00+00:00,33,1,106364,20146.75,20147.25,20143.5,20146.25,109,NQ.v.0
2024-09-25 13:03:00+00:00,33,1,106364,20146.0,20149.0,20142.0,20142.0,154,NQ.v.0
2024-09-25 13:04:00+00:00,33,1,106364,20142.75,20144.75,20141.5,20143.0,112,NQ.v.0
2024-09-25 13:05:00+00:00,33,1,106364,20143.25,20143.75,20139.75,20141.0,185,NQ.v.0
2024-09-25 13:06:00+00:00,33,1,106364,20142.25,20144.75,20141.5,20144.75,62,NQ.v.0
2024-09-25 13:07:00+00:00,33,1,106364,20144.75,20146.5,20143.5,20143.5,84,NQ.v.0
2024-09-25 13:08:00+00:00,33,1,106364,20143.5,20147.25,20141.75,20147.25,73,NQ.v.0
2024-09-25 13:09:00+00:00,33,1,106364,20147.25,20151.25,20147.0,20150.5,153,NQ.v.0
2024-09-25 13:10:00+00:00,33,1,106364,20151.0,20151.5,20149.0,20149.0,181,NQ.v.0
2024-09-25 13:11:00+00:00,33,1,106364,20149.0,20151.0,20148.5,20151.0,161,NQ.v.0
2024-09-25 13:12:00+00:00,33,1,106364,20150.0,20150.5,20148.75,20148.75,68,NQ.v.0
2024-09-25 13:13:00+00:00,33,1,106364,20148.5,20150.0,20146.0,20146.75,74,NQ.v.0
2024-09-25 13:14:00+00:00,33,1,106364,20147.25,20150.25,20146.75,20149.0,79,NQ.v.0
2024-09-25 13:15:00+00:00,33,1,106364,20148.75,20149.75,20144.25,20146.0,122,NQ.v.0
2024-09-25 13:16:00+00:00,33,1,106364,20145.5,20148.0,20145.0,20148.0,64,NQ.v.0
2024-09-25 13:17:00+00:00,33,1,106364,20147.75,20148.0,20142.25,20145.0,103,NQ.v.0
2024-09-25 13:18:00+00:00,33,1,106364,20144.75,20147.5,20144.25,20146.25,87,NQ.v.0
2024-09-25 13:19:00+00:00,33,1,106364,20146.0,20147.75,20144.25,20146.25,84,NQ.v.0
2024-09-25 13:20:00+00:00,33,1,106364,20146.0,20147.75,20145.25,20146.25,98,NQ.v.0
2024-09-25 13:21:00+00:00,33,1,106364,20146.25,20146.5,20141.75,20144.0,115,NQ.v.0
2024-09-25 13:22:00+00:00,33,1,106364,20143.75,20145.75,20142.25,20144.0,92,NQ.v.0
2024-09-25 13:23:00+00:00,33,1,106364,20143.75,20144.0,20140.25,20142.75,147,NQ.v.0
2024-09-25 13:24:00+00:00,33,1,106364,20142.25,20143.0,20140.0,20141.0,119,NQ.v.0
2024-09-25 13:25:00+00:00,33,1,106364,20141.25,20146.5,20141.25,20145.25,428,NQ.v.0
2024-09-25 13:26:00+00:00,33,1,106364,20145.75,20147.0,20142.0,20146.25,288,NQ.v.0
2024-09-25 13:27:00+00:00,33,1,106364,20146.25,20150.25,20144.0,20147.5,550,NQ.v.0
2024-09-25 13:28:00+00:00,33,1,106364,20147.25,20147.25,20143.5,20145.0,374,NQ.v.0
2024-09-25 13:29:00+00:00,33,1,106364,20145.0,20147.25,20140.25,20141.0,499,NQ.v.0
2024-09-25 13:30:00+00:00,33,1,106364,20141.0,20166.25,20138.0,20160.75,3634,NQ.v.0
2024-09-25 13:31:00+00:00,33,1,106364,20160.75,20176.25,20156.5,20169.5,2592,NQ.v.0
2024-09-25 13:32:00+00:00,33,1,106364,20169.5,20173.0,20162.0,20164.25,2397,NQ.v.0
2024-09-25 13:33:00+00:00,33,1,106364,20164.0,20190.25,20162.0,20188.75,2714,NQ.v.0
2024-09-25 13:34:00+00:00,33,1,106364,20189.0,20193.5,20184.75,20185.25,1892,NQ.v.0
2024-09-25 13:35:00+00:00,33,1,106364,20185.0,20199.0,20183.0,20196.5,2293,NQ.v.0
2024-09-25 13:36:00+00:00,33,1,106364,20196.5,20206.0,20196.0,20201.25,2136,NQ.v.0
2024-09-25 13:37:00+00:00,33,1,106364,20202.5,20203.75,20193.5,20194.75,1550,NQ.v.0
2024-09-25 13:38:00+00:00,33,1,106364,20195.25,20196.0,20183.5,20184.25,1635,NQ.v.0
2024-09-25 13:39:00+00:00,33,1,106364,20184.25,20192.5,20181.25,20188.0,1274,NQ.v.0
2024-09-25 13:40:00+00:00,33,1,106364,20187.25,20189.25,20177.0,20185.75,1788,NQ.v.0
2024-09-25 13:41:00+00:00,33,1,106364,20185.25,20186.75,20158.75,20163.0,2109,NQ.v.0
2024-09-25 13:42:00+00:00,33,1,106364,20162.75,20164.0,20144.5,20153.75,3302,NQ.v.0
2024-09-25 13:43:00+00:00,33,1,106364,20153.25,20154.5,20144.5,20153.75,1153,NQ.v.0
2024-09-25 13:44:00+00:00,33,1,106364,20153.5,20180.25,20152.5,20177.0,2574,NQ.v.0
2024-09-25 13:45:00+00:00,33,1,106364,20176.75,20186.0,20174.5,20184.0,1653,NQ.v.0
2024-09-25 13:46:00+00:00,33,1,106364,20185.0,20190.5,20175.5,20184.75,1441,NQ.v.0
2024-09-25 13:47:00+00:00,33,1,106364,20185.25,20196.75,20184.25,20187.75,1456,NQ.v.0
2024-09-25 13:48:00+00:00,33,1,106364,20187.5,20193.5,20182.0,20192.25,870,NQ.v.0
2024-09-25 13:49:00+00:00,33,1,106364,20192.5,20204.5,20189.5,20191.5,1694,NQ.v.0
2024-09-25 13:50:00+00:00,33,1,106364,20191.75,20197.0,20184.0,20187.75,1107,NQ.v.0
2024-09-25 13:51:00+00:00,33,1,106364,20188.0,20188.25,20175.5,20181.0,1470,NQ.v.0
2024-09-25 13:52:00+00:00,33,1,106364,20181.5,20188.25,20180.0,20184.25,805,NQ.v.0
2024-09-25 13:53:00+00:00,33,1,106364,20183.75,20196.5,20181.5,20195.75,866,NQ.v.0
2024-09-25 13:54:00+00:00,33,1,106364,20195.25,20208.0,20192.75,20203.0,1446,NQ.v.0
2024-09-25 13:55:00+00:00,33,1,106364,20203.5,20205.75,20195.25,20199.0,952,NQ.v.0
2024-09-25 13:56:00+00:00,33,1,106364,20200.5,20221.5,20200.0,20220.5,2255,NQ.v.0
2024-09-25 13:57:00+00:00,33,1,106364,20220.25,20223.5,20212.75,20218.5,1494,NQ.v.0
2024-09-25 13:58:00+00:00,33,1,106364,20218.25,20221.25,20214.5,20217.75,712,NQ.v.0
2024-09-25 13:59:00+00:00,33,1,106364,20218.0,20234.0,20217.25,20232.0,1628,NQ.v.0
2024-09-25 14:00:00+00:00,33,1,106364,20231.5,20244.75,20230.0,20231.5,2666,NQ.v.0
2024-09-25 14:01:00+00:00,33,1,106364,20232.25,20235.25,20226.0,20232.75,1572,NQ.v.0
2024-09-25 14:02:00+00:00,33,1,106364,20233.0,20242.5,20233.0,20237.75,1117,NQ.v.0
2024-09-25 14:03:00+00:00,33,1,106364,20237.25,20239.25,20230.5,20232.0,834,NQ.v.0
2024-09-25 14:04:00+00:00,33,1,106364,20232.25,20236.75,20223.5,20232.0,1252,NQ.v.0
2024-09-25 14:05:00+00:00,33,1,106364,20231.75,20240.75,20226.25,20239.25,1029,NQ.v.0
2024-09-25 14:06:00+00:00,33,1,106364,20239.5,20243.25,20233.25,20235.75,1264,NQ.v.0
2024-09-25 14:07:00+00:00,33,1,106364,20235.0,20253.0,20231.75,20243.25,2154,NQ.v.0
2024-09-25 14:08:00+00:00,33,1,106364,20243.0,20250.75,20242.75,20250.0,778,NQ.v.0
2024-09-25 14:09:00+00:00,33,1,106364,20250.0,20251.5,20242.0,20245.5,925,NQ.v.0
2024-09-25 14:10:00+00:00,33,1,106364,20245.75,20251.5,20244.5,20245.0,1048,NQ.v.0
2024-09-25 14:11:00+00:00,33,1,106364,20245.0,20253.0,20240.25,20248.75,1099,NQ.v.0
2024-09-25 14:12:00+00:00,33,1,106364,20247.75,20256.75,20247.0,20253.5,1082,NQ.v.0
2024-09-25 14:13:00+00:00,33,1,106364,20252.5,20256.75,20249.5,20252.75,973,NQ.v.0
2024-09-25 14:14:00+00:00,33,1,106364,20252.75,20263.5,20245.25,20261.25,1409,NQ.v.0
2024-09-25 14:15:00+00:00,33,1,106364,20261.5,20267.75,20255.5,20256.75,2337,NQ.v.0
2024-09-25 14:16:00+00:00,33,1,106364,20256.75,20263.75,20254.75,20262.75,1212,NQ.v.0
2024-09-25 14:17:00+00:00,33,1,106364,20263.75,20270.25,20262.25,20264.75,1432,NQ.v.0
2024-09-25 14:18:00+00:00,33,1,106364,20264.5,20266.0,20259.5,20263.5,654,NQ.v.0
2024-09-25 14:19:00+00:00,33,1,106364,20263.0,20271.0,20262.5,20266.75,889,NQ.v.0
2024-09-25 14:20:00+00:00,33,1,106364,20267.0,20269.0,20260.0,20260.5,1094,NQ.v.0
2024-09-25 14:21:00+00:00,33,1,106364,20260.75,20262.75,20251.25,20252.5,1416,NQ.v.0
2024-09-25 14:22:00+00:00,33,1,106364,20252.75,20257.5,20242.0,20254.25,1484,NQ.v.0
2024-09-25 14:23:00+00:00,33,1,106364,20253.75,20261.75,20248.5,20250.25,1030,NQ.v.0
2024-09-25 14:24:00+00:00,33,1,106364,20250.5,20258.75,20250.5,20252.25,583,NQ.v.0
2024-09-25 14:25:00+00:00,33,1,106364,20252.25,20255.0,20243.0,20247.0,930,NQ.v.0
2024-09-25 14:26:00+00:00,33,1,106364,20247.0,20248.0,20227.0,20229.0,2308,NQ.v.0
2024-09-25 14:27:00+00:00,33,1,106364,20228.5,20247.25,20225.75,20246.0,1545,NQ.v.0
2024-09-25 14:28:00+00:00,33,1,106364,20246.25,20253.25,20245.5,20249.5,988,NQ.v.0
2024-09-25 14:29:00+00:00,33,1,106364,20249.5,20250.0,20224.5,20227.25,1330,NQ.v.0
2024-09-25 14:30:00+00:00,33,1,106364,20227.0,20231.75,20212.0,20227.0,2412,NQ.v.0
2024-09-25 14:31:00+00:00,33,1,106364,20227.0,20232.5,20222.0,20231.0,871,NQ.v.0
2024-09-25 14:32:00+00:00,33,1,106364,20231.25,20238.75,20225.75,20235.5,1112,NQ.v.0
2024-09-25 14:33:00+00:00,33,1,106364,20235.25,20238.75,20227.25,20232.75,963,NQ.v.0
2024-09-25 14:34:00+00:00,33,1,106364,20232.75,20241.5,20229.75,20241.0,650,NQ.v.0
2024-09-25 14:35:00+00:00,33,1,106364,20240.5,20242.75,20233.75,20238.75,764,NQ.v.0
2024-09-25 14:36:00+00:00,33,1,106364,20239.0,20243.75,20229.75,20239.25,893,NQ.v.0
2024-09-25 14:37:00+00:00,33,1,106364,20239.0,20244.25,20235.0,20239.5,642,NQ.v.0
2024-09-25 14:38:00+00:00,33,1,106364,20239.5,20249.75,20238.25,20239.25,1047,NQ.v.0
2024-09-25 14:39:00+00:00,33,1,106364,20239.75,20244.0,20234.5,20243.0,732,NQ.v.0
2024-09-25 14:40:00+00:00,33,1,106364,20242.0,20247.25,20240.75,20244.0,519,NQ.v.0
2024-09-25 14:41:00+00:00,33,1,106364,20244.25,20247.25,20235.25,20244.0,642,NQ.v.0
2024-09-25 14:42:00+00:00,33,1,106364,20243.5,20248.75,20228.5,20236.5,990,NQ.v.0
2024-09-25 14:43:00+00:00,33,1,106364,20236.25,20238.5,20224.75,20227.25,834,NQ.v.0
2024-09-25 14:44:00+00:00,33,1,106364,20227.75,20235.25,20221.25,20232.0,1041,NQ.v.0
2024-09-25 14:45:00+00:00,33,1,106364,20231.25,20237.5,20225.5,20227.25,664,NQ.v.0
2024-09-25 14:46:00+00:00,33,1,106364,20227.25,20232.0,20220.0,20232.0,828,NQ.v.0
2024-09-25 14:47:00+00:00,33,1,106364,20233.0,20236.75,20227.75,20228.25,591,NQ.v.0
2024-09-25 14:48:00+00:00,33,1,106364,20228.5,20228.5,20215.25,20218.5,1157,NQ.v.0
2024-09-25 14:49:00+00:00,33,1,106364,20218.5,20221.5,20206.0,20211.5,1297,NQ.v.0
2024-09-25 14:50:00+00:00,33,1,106364,20210.75,20231.5,20205.0,20226.0,1516,NQ.v.0
2024-09-25 14:51:00+00:00,33,1,106364,20227.0,20238.0,20224.0,20234.0,977,NQ.v.0
2024-09-25 14:52:00+00:00,33,1,106364,20233.5,20233.75,20215.0,20227.0,1190,NQ.v.0
2024-09-25 14:53:00+00:00,33,1,106364,20226.75,20229.25,20222.25,20222.5,482,NQ.v.0
2024-09-25 14:54:00+00:00,33,1,106364,20222.75,20230.75,20221.0,20224.0,584,NQ.v.0
2024-09-25 14:55:00+00:00,33,1,106364,20224.0,20228.75,20222.0,20227.5,409,NQ.v.0
2024-09-25 14:56:00+00:00,33,1,106364,20227.5,20231.75,20225.5,20230.75,435,NQ.v.0
2024-09-25 14:57:00+00:00,33,1,106364,20231.0,20234.25,20223.75,20225.75,689,NQ.v.0
2024-09-25 14:58:00+00:00,33,1,106364,20224.75,20230.5,20222.0,20226.75,412,NQ.v.0
2024-09-25 14:59:00+00:00,33,1,106364,20226.5,20233.5,20225.0,20229.5,409,NQ.v.0
2024-09-25 15:00:00+00:00,33,1,106364,20229.5,20230.75,20218.75,20226.75,797,NQ.v.0
2024-09-25 15:01:00+00:00,33,1,106364,20226.5,20228.75,20218.75,20226.5,712,NQ.v.0
2024-09-25 15:02:00+00:00,33,1,106364,20225.75,20230.75,20221.75,20230.75,372,NQ.v.0
2024-09-25 15:03:00+00:00,33,1,106364,20230.5,20239.75,20227.25,20229.5,1177,NQ.v.0
2024-09-25 15:04:00+00:00,33,1,106364,20229.0,20229.75,20223.75,20229.5,667,NQ.v.0
2024-09-25 15:05:00+00:00,33,1,106364,20229.0,20233.75,20225.0,20225.25,647,NQ.v.0
2024-09-25 15:06:00+00:00,33,1,106364,20225.5,20232.25,20219.75,20232.0,758,NQ.v.0
2024-09-25 15:07:00+00:00,33,1,106364,20231.25,20233.25,20224.5,20231.0,437,NQ.v.0
2024-09-25 15:08:00+00:00,33,1,106364,20232.0,20244.25,20229.75,20244.25,906,NQ.v.0
2024-09-25 15:09:00+00:00,33,1,106364,20243.75,20245.5,20239.0,20241.75,854,NQ.v.0
2024-09-25 15:10:00+00:00,33,1,106364,20241.25,20241.5,20228.5,20231.25,984,NQ.v.0
2024-09-25 15:11:00+00:00,33,1,106364,20230.5,20232.75,20220.75,20225.0,1131,NQ.v.0
2024-09-25 15:12:00+00:00,33,1,106364,20224.5,20226.25,20218.0,20222.25,709,NQ.v.0
2024-09-25 15:13:00+00:00,33,1,106364,20222.0,20227.75,20216.5,20224.75,720,NQ.v.0
2024-09-25 15:14:00+00:00,33,1,106364,20224.5,20225.0,20213.0,20220.75,848,NQ.v.0
2024-09-25 15:15:00+00:00,33,1,106364,20220.25,20222.25,20207.75,20210.0,781,NQ.v.0
2024-09-25 15:16:00+00:00,33,1,106364,20210.25,20219.5,20201.5,20205.0,1545,NQ.v.0
2024-09-25 15:17:00+00:00,33,1,106364,20205.25,20222.0,20203.25,20221.0,1174,NQ.v.0
2024-09-25 15:18:00+00:00,33,1,106364,20220.75,20228.75,20220.75,20224.5,859,NQ.v.0
2024-09-25 15:19:00+00:00,33,1,106364,20224.25,20232.25,20221.25,20230.0,625,NQ.v.0
2024-09-25 15:20:00+00:00,33,1,106364,20229.75,20231.75,20223.0,20223.5,709,NQ.v.0
2024-09-25 15:21:00+00:00,33,1,106364,20223.25,20226.75,20219.25,20224.0,512,NQ.v.0
2024-09-25 15:22:00+00:00,33,1,106364,20224.0,20228.25,20218.75,20225.0,548,NQ.v.0
2024-09-25 15:23:00+00:00,33,1,106364,20225.25,20229.5,20220.5,20222.75,606,NQ.v.0
2024-09-25 15:24:00+00:00,33,1,106364,20222.75,20222.75,20211.75,20212.5,560,NQ.v.0
2024-09-25 15:25:00+00:00,33,1,106364,20212.75,20216.75,20205.5,20211.0,1045,NQ.v.0
2024-09-25 15:26:00+00:00,33,1,106364,20211.25,20219.25,20210.5,20218.5,499,NQ.v.0
2024-09-25 15:27:00+00:00,33,1,106364,20218.75,20219.5,20212.75,20213.5,322,NQ.v.0
2024-09-25 15:28:00+00:00,33,1,106364,20214.0,20218.5,20202.5,20205.25,847,NQ.v.0
2024-09-25 15:29:00+00:00,33,1,106364,20204.5,20208.0,20200.5,20202.5,717,NQ.v.0
2024-09-25 15:30:00+00:00,33,1,106364,20202.25,20205.25,20193.75,20204.0,2008,NQ.v.0
2024-09-25 15:31:00+00:00,33,1,106364,20203.5,20211.25,20201.75,20206.25,695,NQ.v.0
2024-09-25 15:32:00+00:00,33,1,106364,20206.5,20213.75,20199.75,20203.5,759,NQ.v.0
2024-09-25 15:33:00+00:00,33,1,106364,20204.0,20204.25,20195.75,20202.75,779,NQ.v.0
2024-09-25 15:34:00+00:00,33,1,106364,20203.0,20209.75,20200.75,20208.25,541,NQ.v.0
2024-09-25 15:35:00+00:00,33,1,106364,20208.5,20215.75,20208.0,20215.75,636,NQ.v.0
2024-09-25 15:36:00+00:00,33,1,106364,20215.5,20224.0,20215.25,20223.25,986,NQ.v.0
2024-09-25 15:37:00+00:00,33,1,106364,20222.75,20233.0,20222.0,20230.0,1115,NQ.v.0
2024-09-25 15:38:00+00:00,33,1,106364,20230.0,20241.5,20228.5,20238.25,1243,NQ.v.0
2024-09-25 15:39:00+00:00,33,1,106364,20238.5,20239.0,20228.5,20232.25,883,NQ.v.0
2024-09-25 15:40:00+00:00,33,1,106364,20232.5,20242.0,20231.5,20240.0,787,NQ.v.0
2024-09-25 15:41:00+00:00,33,1,106364,20239.75,20239.75,20231.75,20232.25,598,NQ.v.0
2024-09-25 15:42:00+00:00,33,1,106364,20232.25,20235.0,20221.25,20221.5,774,NQ.v.0
2024-09-25 15:43:00+00:00,33,1,106364,20221.0,20221.25,20213.0,20218.25,1024,NQ.v.0
2024-09-25 15:44:00+00:00,33,1,106364,20218.0,20218.0,20207.25,20217.25,1246,NQ.v.0
2024-09-25 15:45:00+00:00,33,1,106364,20217.25,20220.0,20211.75,20216.0,687,NQ.v.0
2024-09-25 15:46:00+00:00,33,1,106364,20216.75,20217.0,20208.5,20208.5,521,NQ.v.0
2024-09-25 15:47:00+00:00,33,1,106364,20208.75,20214.25,20205.0,20207.75,742,NQ.v.0
2024-09-25 15:48:00+00:00,33,1,106364,20207.75,20207.75,20198.75,20201.25,1094,NQ.v.0
2024-09-25 15:49:00+00:00,33,1,106364,20202.25,20212.0,20202.25,20208.5,608,NQ.v.0
2024-09-25 15:50:00+00:00,33,1,106364,20207.75,20209.0,20200.5,20202.0,487,NQ.v.0
2024-09-25 15:51:00+00:00,33,1,106364,20202.25,20210.0,20199.75,20202.5,648,NQ.v.0
2024-09-25 15:52:00+00:00,33,1,106364,20203.0,20204.0,20182.75,20190.75,2438,NQ.v.0
2024-09-25 15:53:00+00:00,33,1,106364,20189.75,20197.25,20188.25,20191.0,797,NQ.v.0
2024-09-25 15:54:00+00:00,33,1,106364,20191.25,20193.0,20180.25,20192.75,1200,NQ.v.0
2024-09-25 15:55:00+00:00,33,1,106364,20192.75,20196.25,20188.75,20191.5,634,NQ.v.0
2024-09-25 15:56:00+00:00,33,1,106364,20191.25,20194.75,20181.5,20192.25,975,NQ.v.0
2024-09-25 15:57:00+00:00,33,1,106364,20192.25,20193.5,20179.0,20190.25,709,NQ.v.0
2024-09-25 15:58:00+00:00,33,1,106364,20189.75,20200.75,20187.75,20200.0,1065,NQ.v.0
2024-09-25 15:59:00+00:00,33,1,106364,20199.5,20208.75,20197.25,20206.75,1268,NQ.v.0
2024-09-25 16:00:00+00:00,33,1,106364,20206.5,20208.0,20196.25,20201.75,1002,NQ.v.0
2024-09-25 16:01:00+00:00,33,1,106364,20201.25,20203.5,20197.5,20202.25,408,NQ.v.0
2024-09-25 16:02:00+00:00,33,1,106364,20202.75,20204.0,20192.5,20193.0,547,NQ.v.0
2024-09-25 16:03:00+00:00,33,1,106364,20193.5,20199.25,20192.5,20196.25,424,NQ.v.0
2024-09-25 16:04:00+00:00,33,1,106364,20195.0,20199.75,20193.5,20199.25,366,NQ.v.0
2024-09-25 16:05:00+00:00,33,1,106364,20198.75,20199.0,20182.75,20184.0,911,NQ.v.0
2024-09-25 16:06:00+00:00,33,1,106364,20184.25,20184.5,20169.75,20184.0,1712,NQ.v.0
2024-09-25 16:07:00+00:00,33,1,106364,20183.5,20188.75,20179.25,20181.25,670,NQ.v.0
2024-09-25 16:08:00+00:00,33,1,106364,20181.5,20192.25,20179.75,20190.75,597,NQ.v.0
2024-09-25 16:09:00+00:00,33,1,106364,20191.25,20194.75,20188.75,20193.5,408,NQ.v.0
2024-09-25 16:10:00+00:00,33,1,106364,20193.0,20201.75,20191.75,20194.75,939,NQ.v.0
2024-09-25 16:11:00+00:00,33,1,106364,20195.25,20201.0,20192.0,20193.75,583,NQ.v.0
2024-09-25 16:12:00+00:00,33,1,106364,20193.5,20194.5,20185.75,20192.5,466,NQ.v.0
2024-09-25 16:13:00+00:00,33,1,106364,20192.0,20197.0,20188.5,20196.75,368,NQ.v.0
2024-09-25 16:14:00+00:00,33,1,106364,20197.5,20203.0,20194.5,20197.25,556,NQ.v.0
2024-09-25 16:15:00+00:00,33,1,106364,20197.0,20199.0,20194.25,20195.5,358,NQ.v.0
2024-09-25 16:16:00+00:00,33,1,106364,20196.25,20198.25,20190.5,20196.0,459,NQ.v.0
2024-09-25 16:17:00+00:00,33,1,106364,20196.0,20200.25,20194.75,20199.0,328,NQ.v.0
2024-09-25 16:18:00+00:00,33,1,106364,20198.5,20201.75,20195.75,20198.25,325,NQ.v.0
2024-09-25 16:19:00+00:00,33,1,106364,20198.75,20199.5,20192.75,20195.75,430,NQ.v.0
2024-09-25 16:20:00+00:00,33,1,106364,20197.0,20207.0,20196.75,20206.5,761,NQ.v.0
2024-09-25 16:21:00+00:00,33,1,106364,20206.5,20211.5,20204.5,20205.25,653,NQ.v.0
2024-09-25 16:22:00+00:00,33,1,106364,20204.5,20206.5,20200.0,20202.5,444,NQ.v.0
2024-09-25 16:23:00+00:00,33,1,106364,20202.75,20203.5,20199.0,20203.25,473,NQ.v.0
2024-09-25 16:24:00+00:00,33,1,106364,20203.5,20211.25,20203.0,20209.5,538,NQ.v.0
2024-09-25 16:25:00+00:00,33,1,106364,20209.75,20216.0,20209.0,20213.0,737,NQ.v.0
2024-09-25 16:26:00+00:00,33,1,106364,20213.25,20214.25,20205.25,20210.5,540,NQ.v.0
2024-09-25 16:27:00+00:00,33,1,106364,20210.5,20212.0,20205.25,20206.0,295,NQ.v.0
2024-09-25 16:28:00+00:00,33,1,106364,20206.25,20210.0,20204.25,20206.25,358,NQ.v.0
2024-09-25 16:29:00+00:00,33,1,106364,20206.25,20210.75,20205.5,20209.75,279,NQ.v.0
2024-09-25 16:30:00+00:00,33,1,106364,20209.75,20212.5,20206.5,20207.25,444,NQ.v.0
2024-09-25 16:31:00+00:00,33,1,106364,20206.75,20208.75,20200.25,20202.5,575,NQ.v.0
2024-09-25 16:32:00+00:00,33,1,106364,20203.75,20203.75,20194.0,20199.0,815,NQ.v.0
2024-09-25 16:33:00+00:00,33,1,106364,20198.0,20201.75,20190.25,20201.75,676,NQ.v.0
2024-09-25 16:34:00+00:00,33,1,106364,20201.75,20210.25,20200.5,20206.25,719,NQ.v.0
2024-09-25 16:35:00+00:00,33,1,106364,20206.5,20207.5,20196.25,20201.75,543,NQ.v.0
2024-09-25 16:36:00+00:00,33,1,106364,20201.75,20206.25,20201.75,20203.75,359,NQ.v.0
2024-09-25 16:37:00+00:00,33,1,106364,20203.75,20214.0,20202.5,20211.0,540,NQ.v.0
2024-09-25 16:38:00+00:00,33,1,106364,20211.5,20213.75,20207.5,20212.5,303,NQ.v.0
2024-09-25 16:39:00+00:00,33,1,106364,20212.25,20214.0,20203.75,20205.0,368,NQ.v.0
2024-09-25 16:40:00+00:00,33,1,106364,20205.25,20211.25,20205.0,20208.5,306,NQ.v.0
2024-09-25 16:41:00+00:00,33,1,106364,20207.5,20208.75,20198.75,20202.0,609,NQ.v.0
2024-09-25 16:42:00+00:00,33,1,106364,20201.5,20206.25,20197.5,20200.5,486,NQ.v.0
2024-09-25 16:43:00+00:00,33,1,106364,20199.25,20203.5,20193.0,20196.5,553,NQ.v.0
2024-09-25 16:44:00+00:00,33,1,106364,20196.25,20198.75,20193.25,20195.5,257,NQ.v.0
2024-09-25 16:45:00+00:00,33,1,106364,20195.75,20197.75,20192.75,20196.0,518,NQ.v.0
2024-09-25 16:46:00+00:00,33,1,106364,20194.75,20200.5,20183.5,20188.25,1118,NQ.v.0
2024-09-25 16:47:00+00:00,33,1,106364,20187.5,20191.0,20176.5,20189.75,921,NQ.v.0
2024-09-25 16:48:00+00:00,33,1,106364,20189.5,20189.75,20178.75,20183.5,505,NQ.v.0
2024-09-25 16:49:00+00:00,33,1,106364,20183.5,20184.0,20177.25,20181.25,627,NQ.v.0
2024-09-25 16:50:00+00:00,33,1,106364,20181.0,20189.75,20178.0,20188.5,499,NQ.v.0
2024-09-25 16:51:00+00:00,33,1,106364,20189.25,20194.5,20188.25,20192.5,486,NQ.v.0
2024-09-25 16:52:00+00:00,33,1,106364,20193.25,20198.75,20192.25,20196.0,640,NQ.v.0
2024-09-25 16:53:00+00:00,33,1,106364,20196.0,20199.5,20193.75,20197.5,397,NQ.v.0
2024-09-25 16:54:00+00:00,33,1,106364,20197.5,20200.25,20193.25,20194.0,415,NQ.v.0
2024-09-25 16:55:00+00:00,33,1,106364,20194.25,20197.0,20187.25,20187.25,547,NQ.v.0
2024-09-25 16:56:00+00:00,33,1,106364,20187.75,20192.0,20186.75,20189.75,349,NQ.v.0
2024-09-25 16:57:00+00:00,33,1,106364,20189.25,20191.75,20187.0,20189.0,260,NQ.v.0
2024-09-25 16:58:00+00:00,33,1,106364,20188.5,20189.75,20184.0,20186.5,501,NQ.v.0
2024-09-25 16:59:00+00:00,33,1,106364,20186.25,20187.0,20172.25,20178.5,1059,NQ.v.0
2024-09-25 17:00:00+00:00,33,1,106364,20178.75,20180.25,20135.5,20157.75,3572,NQ.v.0
2024-09-25 17:01:00+00:00,33,1,106364,20157.0,20168.5,20154.75,20164.0,1424,NQ.v.0
2024-09-25 17:02:00+00:00,33,1,106364,20164.0,20177.5,20164.0,20177.0,1053,NQ.v.0
2024-09-25 17:03:00+00:00,33,1,106364,20177.0,20177.5,20167.0,20170.25,711,NQ.v.0
2024-09-25 17:04:00+00:00,33,1,106364,20169.25,20175.75,20167.75,20169.25,399,NQ.v.0
2024-09-25 17:05:00+00:00,33,1,106364,20167.5,20170.25,20162.25,20169.5,616,NQ.v.0
2024-09-25 17:06:00+00:00,33,1,106364,20169.5,20178.75,20164.25,20177.25,578,NQ.v.0
2024-09-25 17:07:00+00:00,33,1,106364,20178.0,20188.75,20176.75,20184.75,1001,NQ.v.0
2024-09-25 17:08:00+00:00,33,1,106364,20185.0,20186.5,20177.75,20178.25,510,NQ.v.0
2024-09-25 17:09:00+00:00,33,1,106364,20178.5,20179.25,20170.5,20176.0,713,NQ.v.0
2024-09-25 17:10:00+00:00,33,1,106364,20175.5,20176.0,20161.75,20165.5,870,NQ.v.0
2024-09-25 17:11:00+00:00,33,1,106364,20165.75,20169.75,20157.5,20168.5,898,NQ.v.0
2024-09-25 17:12:00+00:00,33,1,106364,20169.0,20169.75,20162.75,20167.25,395,NQ.v.0
2024-09-25 17:13:00+00:00,33,1,106364,20167.5,20174.25,20164.5,20173.0,536,NQ.v.0
2024-09-25 17:14:00+00:00,33,1,106364,20172.5,20173.0,20163.5,20164.75,393,NQ.v.0
2024-09-25 17:15:00+00:00,33,1,106364,20164.25,20167.75,20161.5,20164.75,434,NQ.v.0
2024-09-25 17:16:00+00:00,33,1,106364,20164.25,20170.25,20157.75,20169.0,666,NQ.v.0
2024-09-25 17:17:00+00:00,33,1,106364,20168.5,20175.5,20165.25,20174.0,562,NQ.v.0
2024-09-25 17:18:00+00:00,33,1,106364,20174.0,20177.75,20170.5,20174.0,427,NQ.v.0
2024-09-25 17:19:00+00:00,33,1,106364,20174.0,20176.0,20171.5,20173.75,312,NQ.v.0
2024-09-25 17:20:00+00:00,33,1,106364,20173.5,20177.5,20170.75,20174.25,311,NQ.v.0
2024-09-25 17:21:00+00:00,33,1,106364,20174.5,20175.5,20169.75,20175.25,285,NQ.v.0
2024-09-25 17:22:00+00:00,33,1,106364,20174.25,20176.25,20169.25,20169.75,302,NQ.v.0
2024-09-25 17:23:00+00:00,33,1,106364,20169.0,20179.0,20168.75,20175.25,407,NQ.v.0
2024-09-25 17:24:00+00:00,33,1,106364,20175.25,20181.0,20169.75,20172.75,591,NQ.v.0
2024-09-25 17:25:00+00:00,33,1,106364,20173.25,20183.0,20172.0,20180.25,467,NQ.v.0
2024-09-25 17:26:00+00:00,33,1,106364,20180.25,20183.5,20176.5,20180.75,486,NQ.v.0
2024-09-25 17:27:00+00:00,33,1,106364,20180.5,20186.25,20176.25,20183.25,571,NQ.v.0
2024-09-25 17:28:00+00:00,33,1,106364,20183.5,20188.5,20177.0,20185.5,573,NQ.v.0
2024-09-25 17:29:00+00:00,33,1,106364,20185.25,20187.0,20181.0,20181.75,619,NQ.v.0
2024-09-25 17:30:00+00:00,33,1,106364,20181.0,20188.25,20176.0,20187.0,703,NQ.v.0
2024-09-25 17:31:00+00:00,33,1,106364,20187.25,20190.0,20181.0,20182.25,550,NQ.v.0
2024-09-25 17:32:00+00:00,33,1,106364,20182.25,20182.25,20173.5,20177.5,576,NQ.v.0
2024-09-25 17:33:00+00:00,33,1,106364,20178.0,20182.0,20175.75,20178.75,394,NQ.v.0
2024-09-25 17:34:00+00:00,33,1,106364,20179.0,20180.0,20165.5,20167.5,919,NQ.v.0
2024-09-25 17:35:00+00:00,33,1,106364,20167.75,20168.5,20145.0,20161.5,2635,NQ.v.0
2024-09-25 17:36:00+00:00,33,1,106364,20161.0,20172.25,20159.75,20169.0,801,NQ.v.0
2024-09-25 17:37:00+00:00,33,1,106364,20169.0,20180.5,20166.25,20178.25,610,NQ.v.0
2024-09-25 17:38:00+00:00,33,1,106364,20178.0,20179.5,20175.0,20176.5,417,NQ.v.0
2024-09-25 17:39:00+00:00,33,1,106364,20176.5,20181.0,20175.75,20176.5,303,NQ.v.0
2024-09-25 17:40:00+00:00,33,1,106364,20176.0,20176.25,20170.0,20171.25,450,NQ.v.0
2024-09-25 17:41:00+00:00,33,1,106364,20171.5,20171.5,20161.0,20165.75,838,NQ.v.0
2024-09-25 17:42:00+00:00,33,1,106364,20165.75,20167.25,20157.75,20159.5,686,NQ.v.0
2024-09-25 17:43:00+00:00,33,1,106364,20159.25,20168.5,20158.75,20163.0,470,NQ.v.0
2024-09-25 17:44:00+00:00,33,1,106364,20162.25,20169.5,20158.5,20159.0,479,NQ.v.0
2024-09-25 17:45:00+00:00,33,1,106364,20158.5,20161.75,20154.0,20157.0,610,NQ.v.0
2024-09-25 17:46:00+00:00,33,1,106364,20156.5,20157.75,20145.75,20148.5,678,NQ.v.0
2024-09-25 17:47:00+00:00,33,1,106364,20148.25,20149.0,20139.75,20146.0,1080,NQ.v.0
2024-09-25 17:48:00+00:00,33,1,106364,20146.25,20155.25,20146.0,20151.5,636,NQ.v.0
2024-09-25 17:49:00+00:00,33,1,106364,20151.0,20154.0,20143.0,20152.5,647,NQ.v.0
2024-09-25 17:50:00+00:00,33,1,106364,20153.0,20163.75,20149.0,20162.75,1083,NQ.v.0
2024-09-25 17:51:00+00:00,33,1,106364,20163.0,20167.5,20158.25,20166.0,788,NQ.v.0
2024-09-25 17:52:00+00:00,33,1,106364,20165.5,20171.0,20163.0,20170.75,726,NQ.v.0
2024-09-25 17:53:00+00:00,33,1,106364,20170.5,20182.5,20166.25,20177.5,1107,NQ.v.0
2024-09-25 17:54:00+00:00,33,1,106364,20177.75,20187.75,20177.5,20185.25,946,NQ.v.0
2024-09-25 17:55:00+00:00,33,1,106364,20185.25,20191.25,20181.5,20189.0,1066,NQ.v.0
2024-09-25 17:56:00+00:00,33,1,106364,20189.0,20198.25,20188.25,20192.0,943,NQ.v.0
2024-09-25 17:57:00+00:00,33,1,106364,20191.25,20194.0,20187.75,20193.0,498,NQ.v.0
2024-09-25 17:58:00+00:00,33,1,106364,20193.25,20197.5,20190.25,20196.75,457,NQ.v.0
2024-09-25 17:59:00+00:00,33,1,106364,20197.0,20203.0,20195.25,20200.75,912,NQ.v.0
2024-09-25 18:00:00+00:00,33,1,106364,20199.5,20206.5,20198.0,20200.0,1152,NQ.v.0
2024-09-25 18:01:00+00:00,33,1,106364,20200.5,20203.75,20190.75,20195.75,846,NQ.v.0
2024-09-25 18:02:00+00:00,33,1,106364,20195.25,20196.5,20189.75,20193.5,367,NQ.v.0
2024-09-25 18:03:00+00:00,33,1,106364,20194.25,20194.25,20187.5,20189.5,441,NQ.v.0
2024-09-25 18:04:00+00:00,33,1,106364,20189.75,20195.0,20188.25,20189.5,537,NQ.v.0
2024-09-25 18:05:00+00:00,33,1,106364,20189.5,20190.25,20184.25,20188.0,563,NQ.v.0
2024-09-25 18:06:00+00:00,33,1,106364,20188.0,20198.75,20186.75,20194.75,605,NQ.v.0
2024-09-25 18:07:00+00:00,33,1,106364,20195.25,20195.5,20187.75,20193.0,385,NQ.v.0
2024-09-25 18:08:00+00:00,33,1,106364,20192.25,20192.25,20172.25,20176.25,1376,NQ.v.0
2024-09-25 18:09:00+00:00,33,1,106364,20176.5,20182.5,20173.75,20179.5,513,NQ.v.0
2024-09-25 18:10:00+00:00,33,1,106364,20178.75,20182.0,20173.25,20178.75,414,NQ.v.0
2024-09-25 18:11:00+00:00,33,1,106364,20178.5,20181.75,20172.0,20177.25,452,NQ.v.0
2024-09-25 18:12:00+00:00,33,1,106364,20177.25,20179.25,20172.5,20176.5,371,NQ.v.0
2024-09-25 18:13:00+00:00,33,1,106364,20176.0,20177.75,20173.0,20174.75,251,NQ.v.0
2024-09-25 18:14:00+00:00,33,1,106364,20174.25,20176.0,20158.75,20163.5,1339,NQ.v.0
2024-09-25 18:15:00+00:00,33,1,106364,20163.25,20173.0,20145.0,20171.75,1985,NQ.v.0
2024-09-25 18:16:00+00:00,33,1,106364,20171.5,20174.0,20160.25,20167.5,791,NQ.v.0
2024-09-25 18:17:00+00:00,33,1,106364,20167.75,20176.75,20167.25,20174.0,478,NQ.v.0
2024-09-25 18:18:00+00:00,33,1,106364,20174.5,20179.0,20172.0,20175.5,367,NQ.v.0
2024-09-25 18:19:00+00:00,33,1,106364,20175.75,20177.0,20171.5,20175.0,368,NQ.v.0
2024-09-25 18:20:00+00:00,33,1,106364,20175.0,20176.25,20170.75,20176.25,305,NQ.v.0
2024-09-25 18:21:00+00:00,33,1,106364,20176.5,20178.75,20171.75,20178.75,378,NQ.v.0
2024-09-25 18:22:00+00:00,33,1,106364,20178.75,20180.25,20170.5,20171.0,492,NQ.v.0
2024-09-25 18:23:00+00:00,33,1,106364,20170.75,20176.25,20168.5,20174.5,328,NQ.v.0
2024-09-25 18:24:00+00:00,33,1,106364,20174.25,20180.25,20174.25,20178.0,379,NQ.v.0
2024-09-25 18:25:00+00:00,33,1,106364,20179.0,20183.75,20177.5,20180.75,460,NQ.v.0
2024-09-25 18:26:00+00:00,33,1,106364,20180.75,20187.75,20180.5,20185.25,469,NQ.v.0
2024-09-25 18:27:00+00:00,33,1,106364,20185.25,20189.5,20182.25,20189.0,375,NQ.v.0
2024-09-25 18:28:00+00:00,33,1,106364,20188.75,20192.75,20187.75,20190.25,598,NQ.v.0
2024-09-25 18:29:00+00:00,33,1,106364,20190.0,20199.0,20188.75,20198.75,472,NQ.v.0
2024-09-25 18:30:00+00:00,33,1,106364,20198.75,20199.25,20191.5,20195.5,516,NQ.v.0
2024-09-25 18:31:00+00:00,33,1,106364,20195.0,20196.25,20188.75,20192.5,500,NQ.v.0
2024-09-25 18:32:00+00:00,33,1,106364,20192.75,20193.75,20186.5,20192.25,498,NQ.v.0
2024-09-25 18:33:00+00:00,33,1,106364,20192.0,20192.0,20183.5,20187.0,466,NQ.v.0
2024-09-25 18:34:00+00:00,33,1,106364,20187.75,20191.0,20182.75,20191.0,450,NQ.v.0
2024-09-25 18:35:00+00:00,33,1,106364,20191.25,20192.75,20187.75,20190.5,406,NQ.v.0
2024-09-25 18:36:00+00:00,33,1,106364,20190.75,20196.5,20189.25,20192.25,389,NQ.v.0
2024-09-25 18:37:00+00:00,33,1,106364,20191.75,20198.25,20191.25,20195.5,419,NQ.v.0
2024-09-25 18:38:00+00:00,33,1,106364,20195.5,20196.5,20188.75,20191.25,340,NQ.v.0
2024-09-25 18:39:00+00:00,33,1,106364,20191.5,20191.75,20187.25,20189.75,262,NQ.v.0
2024-09-25 18:40:00+00:00,33,1,106364,20190.0,20191.75,20185.75,20191.75,322,NQ.v.0
2024-09-25 18:41:00+00:00,33,1,106364,20192.0,20192.25,20187.0,20191.25,297,NQ.v.0
2024-09-25 18:42:00+00:00,33,1,106364,20191.25,20194.75,20189.25,20193.25,310,NQ.v.0
2024-09-25 18:43:00+00:00,33,1,106364,20194.0,20197.0,20191.75,20192.25,264,NQ.v.0
2024-09-25 18:44:00+00:00,33,1,106364,20191.5,20194.25,20189.75,20191.75,290,NQ.v.0
2024-09-25 18:45:00+00:00,33,1,106364,20191.75,20198.75,20191.0,20197.5,379,NQ.v.0
2024-09-25 18:46:00+00:00,33,1,106364,20197.0,20202.0,20196.25,20197.25,468,NQ.v.0
2024-09-25 18:47:00+00:00,33,1,106364,20198.0,20200.0,20195.25,20199.25,280,NQ.v.0
2024-09-25 18:48:00+00:00,33,1,106364,20198.75,20200.0,20191.25,20194.25,389,NQ.v.0
2024-09-25 18:49:00+00:00,33,1,106364,20194.0,20197.75,20192.5,20196.75,233,NQ.v.0
2024-09-25 18:50:00+00:00,33,1,106364,20197.5,20200.0,20192.0,20194.5,401,NQ.v.0
2024-09-25 18:51:00+00:00,33,1,106364,20194.75,20195.0,20188.25,20189.75,441,NQ.v.0
2024-09-25 18:52:00+00:00,33,1,106364,20189.25,20194.25,20187.0,20191.5,311,NQ.v.0
2024-09-25 18:53:00+00:00,33,1,106364,20191.5,20197.25,20190.0,20195.0,277,NQ.v.0
2024-09-25 18:54:00+00:00,33,1,106364,20195.25,20198.5,20194.0,20197.0,286,NQ.v.0
2024-09-25 18:55:00+00:00,33,1,106364,20197.5,20198.5,20190.75,20192.25,364,NQ.v.0
2024-09-25 18:56:00+00:00,33,1,106364,20192.25,20193.75,20187.5,20189.5,226,NQ.v.0
2024-09-25 18:57:00+00:00,33,1,106364,20189.5,20190.0,20178.75,20182.75,866,NQ.v.0
2024-09-25 18:58:00+00:00,33,1,106364,20183.25,20188.0,20173.25,20186.0,760,NQ.v.0
2024-09-25 18:59:00+00:00,33,1,106364,20187.25,20193.0,20187.0,20190.0,380,NQ.v.0
2024-09-25 19:00:00+00:00,33,1,106364,20190.25,20196.75,20186.75,20195.25,543,NQ.v.0
2024-09-25 19:01:00+00:00,33,1,106364,20194.75,20195.25,20185.0,20187.0,374,NQ.v.0
2024-09-25 19:02:00+00:00,33,1,106364,20187.25,20193.5,20187.25,20191.75,164,NQ.v.0
2024-09-25 19:03:00+00:00,33,1,106364,20192.0,20198.5,20191.25,20198.25,293,NQ.v.0
2024-09-25 19:04:00+00:00,33,1,106364,20198.0,20199.25,20195.25,20197.0,324,NQ.v.0
2024-09-25 19:05:00+00:00,33,1,106364,20197.75,20198.5,20193.25,20195.75,287,NQ.v.0
2024-09-25 19:06:00+00:00,33,1,106364,20196.25,20196.25,20189.25,20191.5,317,NQ.v.0
2024-09-25 19:07:00+00:00,33,1,106364,20191.0,20194.0,20187.5,20188.75,291,NQ.v.0
2024-09-25 19:08:00+00:00,33,1,106364,20189.0,20190.75,20185.0,20186.5,296,NQ.v.0
2024-09-25 19:09:00+00:00,33,1,106364,20186.75,20188.5,20183.0,20185.0,238,NQ.v.0
2024-09-25 19:10:00+00:00,33,1,106364,20185.25,20191.5,20185.25,20186.75,322,NQ.v.0
2024-09-25 19:11:00+00:00,33,1,106364,20186.25,20186.5,20181.0,20183.0,447,NQ.v.0
2024-09-25 19:12:00+00:00,33,1,106364,20183.0,20185.75,20176.25,20176.5,387,NQ.v.0
2024-09-25 19:13:00+00:00,33,1,106364,20176.5,20186.25,20175.5,20184.5,387,NQ.v.0
2024-09-25 19:14:00+00:00,33,1,106364,20184.25,20184.25,20178.75,20180.0,332,NQ.v.0
2024-09-25 19:15:00+00:00,33,1,106364,20180.25,20181.0,20175.25,20178.75,382,NQ.v.0
2024-09-25 19:16:00+00:00,33,1,106364,20179.0,20182.75,20173.75,20176.75,525,NQ.v.0
2024-09-25 19:17:00+00:00,33,1,106364,20175.75,20183.0,20174.0,20178.5,476,NQ.v.0
2024-09-25 19:18:00+00:00,33,1,106364,20179.0,20185.25,20178.25,20181.5,220,NQ.v.0
2024-09-25 19:19:00+00:00,33,1,106364,20181.75,20182.0,20177.0,20179.0,240,NQ.v.0
2024-09-25 19:20:00+00:00,33,1,106364,20179.5,20181.25,20176.5,20179.0,258,NQ.v.0
2024-09-25 19:21:00+00:00,33,1,106364,20179.0,20181.5,20176.5,20179.5,232,NQ.v.0
2024-09-25 19:22:00+00:00,33,1,106364,20179.0,20184.75,20177.75,20179.25,310,NQ.v.0
2024-09-25 19:23:00+00:00,33,1,106364,20178.25,20183.0,20177.5,20182.5,282,NQ.v.0
2024-09-25 19:24:00+00:00,33,1,106364,20182.0,20184.0,20178.5,20181.25,227,NQ.v.0
2024-09-25 19:25:00+00:00,33,1,106364,20181.5,20183.75,20179.75,20182.25,195,NQ.v.0
2024-09-25 19:26:00+00:00,33,1,106364,20182.0,20184.5,20179.0,20180.0,266,NQ.v.0
2024-09-25 19:27:00+00:00,33,1,106364,20179.25,20183.75,20178.75,20182.25,229,NQ.v.0
2024-09-25 19:28:00+00:00,33,1,106364,20182.25,20185.5,20180.5,20181.75,345,NQ.v.0
2024-09-25 19:29:00+00:00,33,1,106364,20181.5,20184.25,20180.25,20181.75,243,NQ.v.0
2024-09-25 19:30:00+00:00,33,1,106364,20182.0,20182.25,20174.0,20175.0,954,NQ.v.0
2024-09-25 19:31:00+00:00,33,1,106364,20175.5,20180.0,20174.0,20177.75,464,NQ.v.0
2024-09-25 19:32:00+00:00,33,1,106364,20178.0,20179.75,20175.5,20176.25,454,NQ.v.0
2024-09-25 19:33:00+00:00,33,1,106364,20176.0,20181.25,20175.5,20179.5,591,NQ.v.0
2024-09-25 19:34:00+00:00,33,1,106364,20179.75,20184.75,20179.25,20180.0,493,NQ.v.0
2024-09-25 19:35:00+00:00,33,1,106364,20180.25,20183.5,20178.75,20183.25,362,NQ.v.0
2024-09-25 19:36:00+00:00,33,1,106364,20183.5,20186.0,20180.75,20185.0,394,NQ.v.0
2024-09-25 19:37:00+00:00,33,1,106364,20185.5,20187.5,20181.5,20185.0,373,NQ.v.0
2024-09-25 19:38:00+00:00,33,1,106364,20184.5,20187.25,20181.5,20181.5,369,NQ.v.0
2024-09-25 19:39:00+00:00,33,1,106364,20181.25,20182.25,20175.25,20179.0,979,NQ.v.0
2024-09-25 19:40:00+00:00,33,1,106364,20179.0,20179.0,20175.25,20176.75,388,NQ.v.0
2024-09-25 19:41:00+00:00,33,1,106364,20176.5,20183.25,20176.25,20180.5,440,NQ.v.0
2024-09-25 19:42:00+00:00,33,1,106364,20180.25,20180.75,20175.5,20176.25,368,NQ.v.0
2024-09-25 19:43:00+00:00,33,1,106364,20176.5,20181.5,20176.25,20178.5,385,NQ.v.0
2024-09-25 19:44:00+00:00,33,1,106364,20178.75,20180.0,20176.0,20179.75,475,NQ.v.0
2024-09-25 19:45:00+00:00,33,1,106364,20179.25,20184.25,20178.25,20181.75,552,NQ.v.0
2024-09-25 19:46:00+00:00,33,1,106364,20182.25,20183.25,20176.75,20176.75,351,NQ.v.0
2024-09-25 19:47:00+00:00,33,1,106364,20177.5,20184.25,20177.0,20183.25,479,NQ.v.0
2024-09-25 19:48:00+00:00,33,1,106364,20182.75,20190.5,20182.5,20189.0,861,NQ.v.0
2024-09-25 19:49:00+00:00,33,1,106364,20189.5,20192.25,20186.0,20189.0,619,NQ.v.0
2024-09-25 19:50:00+00:00,33,1,106364,20188.25,20195.5,20183.0,20184.0,1103,NQ.v.0
2024-09-25 19:51:00+00:00,33,1,106364,20183.5,20192.5,20183.0,20190.5,528,NQ.v.0
2024-09-25 19:52:00+00:00,33,1,106364,20190.75,20193.5,20180.5,20183.75,675,NQ.v.0
2024-09-25 19:53:00+00:00,33,1,106364,20183.5,20186.5,20180.25,20186.0,507,NQ.v.0
2024-09-25 19:54:00+00:00,33,1,106364,20186.0,20198.25,20184.0,20193.75,1383,NQ.v.0
2024-09-25 19:55:00+00:00,33,1,106364,20194.0,20194.0,20182.0,20184.5,1275,NQ.v.0
2024-09-25 19:56:00+00:00,33,1,106364,20184.75,20188.0,20182.0,20185.0,784,NQ.v.0
2024-09-25 19:57:00+00:00,33,1,106364,20184.5,20186.75,20181.75,20186.0,1439,NQ.v.0
2024-09-25 19:58:00+00:00,33,1,106364,20185.75,20189.5,20183.5,20186.0,964,NQ.v.0
2024-09-25 19:59:00+00:00,33,1,106364,20185.75,20200.0,20182.0,20195.0,4971,NQ.v.0
2024-09-25 20:00:00+00:00,33,1,106364,20194.75,20197.25,20188.25,20195.0,2190,NQ.v.0
2024-09-25 20:01:00+00:00,33,1,106364,20195.0,20226.5,20194.75,20226.25,4046,NQ.v.0
2024-09-25 20:02:00+00:00,33,1,106364,20225.0,20228.75,20220.5,20226.75,1381,NQ.v.0
2024-09-25 20:03:00+00:00,33,1,106364,20226.0,20228.25,20222.5,20227.0,796,NQ.v.0
2024-09-25 20:04:00+00:00,33,1,106364,20227.25,20227.75,20219.5,20222.75,702,NQ.v.0
2024-09-25 20:05:00+00:00,33,1,106364,20222.75,20226.0,20221.75,20223.75,402,NQ.v.0
2024-09-25 20:06:00+00:00,33,1,106364,20224.25,20228.75,20223.0,20225.0,363,NQ.v.0
2024-09-25 20:07:00+00:00,33,1,106364,20225.0,20228.5,20223.25,20227.0,552,NQ.v.0
2024-09-25 20:08:00+00:00,33,1,106364,20227.5,20228.75,20223.0,20228.0,422,NQ.v.0
2024-09-25 20:09:00+00:00,33,1,106364,20228.25,20231.25,20227.25,20227.75,456,NQ.v.0
2024-09-25 20:10:00+00:00,33,1,106364,20227.75,20230.0,20227.25,20228.0,253,NQ.v.0
2024-09-25 20:11:00+00:00,33,1,106364,20228.5,20230.75,20227.5,20230.0,310,NQ.v.0
2024-09-25 20:12:00+00:00,33,1,106364,20230.0,20234.0,20228.0,20231.0,530,NQ.v.0
2024-09-25 20:13:00+00:00,33,1,106364,20230.5,20234.0,20229.75,20234.0,226,NQ.v.0
2024-09-25 20:14:00+00:00,33,1,106364,20233.25,20241.75,20233.25,20239.25,525,NQ.v.0
2024-09-25 20:15:00+00:00,33,1,106364,20238.5,20238.75,20234.0,20236.75,247,NQ.v.0
2024-09-25 20:16:00+00:00,33,1,106364,20237.25,20238.75,20236.75,20237.0,142,NQ.v.0
2024-09-25 20:17:00+00:00,33,1,106364,20237.25,20238.0,20235.75,20237.0,131,NQ.v.0
2024-09-25 20:18:00+00:00,33,1,106364,20237.0,20238.5,20236.75,20237.75,62,NQ.v.0
2024-09-25 20:19:00+00:00,33,1,106364,20238.0,20238.75,20237.0,20237.5,63,NQ.v.0
2024-09-25 20:20:00+00:00,33,1,106364,20237.5,20238.0,20228.25,20228.5,280,NQ.v.0
2024-09-25 20:21:00+00:00,33,1,106364,20228.5,20230.0,20221.25,20225.25,373,NQ.v.0
2024-09-25 20:22:00+00:00,33,1,106364,20225.0,20226.5,20222.0,20224.75,113,NQ.v.0
2024-09-25 20:23:00+00:00,33,1,106364,20224.75,20228.0,20221.25,20223.75,147,NQ.v.0
2024-09-25 20:24:00+00:00,33,1,106364,20223.25,20227.5,20222.0,20227.5,114,NQ.v.0
2024-09-25 20:25:00+00:00,33,1,106364,20227.0,20231.75,20226.5,20231.75,129,NQ.v.0
2024-09-25 20:26:00+00:00,33,1,106364,20231.75,20232.0,20228.75,20230.5,51,NQ.v.0
2024-09-25 20:27:00+00:00,33,1,106364,20229.5,20232.25,20229.5,20230.75,40,NQ.v.0
2024-09-25 20:28:00+00:00,33,1,106364,20230.5,20233.75,20230.5,20233.75,73,NQ.v.0
2024-09-25 20:29:00+00:00,33,1,106364,20234.0,20235.0,20232.5,20234.5,61,NQ.v.0
2024-09-25 20:30:00+00:00,33,1,106364,20234.25,20235.0,20233.25,20234.75,77,NQ.v.0
2024-09-25 20:31:00+00:00,33,1,106364,20235.0,20236.5,20234.25,20235.75,79,NQ.v.0
2024-09-25 20:32:00+00:00,33,1,106364,20236.0,20236.0,20233.0,20234.75,87,NQ.v.0
2024-09-25 20:33:00+00:00,33,1,106364,20235.0,20235.25,20234.25,20234.5,35,NQ.v.0
2024-09-25 20:34:00+00:00,33,1,106364,20234.75,20235.25,20234.0,20234.75,47,NQ.v.0
2024-09-25 20:35:00+00:00,33,1,106364,20234.5,20235.5,20233.5,20235.0,51,NQ.v.0
2024-09-25 20:36:00+00:00,33,1,106364,20235.75,20237.25,20235.25,20236.75,77,NQ.v.0
2024-09-25 20:37:00+00:00,33,1,106364,20237.25,20237.75,20236.0,20236.75,79,NQ.v.0
2024-09-25 20:38:00+00:00,33,1,106364,20236.25,20238.0,20236.25,20236.5,53,NQ.v.0
2024-09-25 20:39:00+00:00,33,1,106364,20236.5,20237.75,20236.5,20237.5,47,NQ.v.0
2024-09-25 20:40:00+00:00,33,1,106364,20238.25,20241.0,20238.0,20240.5,174,NQ.v.0
2024-09-25 20:41:00+00:00,33,1,106364,20240.5,20241.0,20239.25,20239.75,93,NQ.v.0
2024-09-25 20:42:00+00:00,33,1,106364,20239.75,20240.25,20236.75,20238.0,118,NQ.v.0
2024-09-25 20:43:00+00:00,33,1,106364,20238.25,20239.0,20237.75,20238.5,57,NQ.v.0
2024-09-25 20:44:00+00:00,33,1,106364,20238.25,20240.0,20238.25,20238.5,82,NQ.v.0
2024-09-25 20:45:00+00:00,33,1,106364,20238.25,20239.0,20234.5,20238.0,212,NQ.v.0
2024-09-25 20:46:00+00:00,33,1,106364,20237.5,20239.25,20237.0,20238.25,79,NQ.v.0
2024-09-25 20:47:00+00:00,33,1,106364,20238.25,20239.5,20238.25,20238.5,36,NQ.v.0
2024-09-25 20:48:00+00:00,33,1,106364,20238.75,20239.75,20238.5,20239.25,40,NQ.v.0
2024-09-25 20:49:00+00:00,33,1,106364,20239.5,20243.5,20239.0,20242.0,215,NQ.v.0
2024-09-25 20:50:00+00:00,33,1,106364,20241.5,20242.0,20240.5,20240.5,108,NQ.v.0
2024-09-25 20:51:00+00:00,33,1,106364,20241.25,20241.5,20240.25,20240.25,75,NQ.v.0
2024-09-25 20:52:00+00:00,33,1,106364,20239.75,20241.5,20239.75,20241.5,39,NQ.v.0
2024-09-25 20:53:00+00:00,33,1,106364,20241.25,20243.0,20241.25,20242.0,50,NQ.v.0
2024-09-25 20:54:00+00:00,33,1,106364,20242.5,20243.75,20242.0,20243.5,166,NQ.v.0
2024-09-25 20:55:00+00:00,33,1,106364,20243.25,20245.0,20241.5,20243.75,179,NQ.v.0
2024-09-25 20:56:00+00:00,33,1,106364,20244.0,20244.75,20242.75,20243.25,88,NQ.v.0
2024-09-25 20:57:00+00:00,33,1,106364,20242.5,20243.0,20240.25,20240.5,72,NQ.v.0
2024-09-25 20:58:00+00:00,33,1,106364,20240.5,20243.5,20239.5,20241.5,95,NQ.v.0
2024-09-25 20:59:00+00:00,33,1,106364,20242.5,20242.75,20240.75,20242.0,174,NQ.v.0
2024-09-25 22:00:00+00:00,33,1,106364,20242.0,20247.75,20239.75,20240.0,204,NQ.v.0
2024-09-25 22:01:00+00:00,33,1,106364,20239.75,20241.75,20235.25,20236.75,135,NQ.v.0
2024-09-25 22:02:00+00:00,33,1,106364,20236.75,20238.0,20232.0,20234.0,104,NQ.v.0
2024-09-25 22:03:00+00:00,33,1,106364,20234.0,20236.5,20232.0,20235.75,63,NQ.v.0
2024-09-25 22:04:00+00:00,33,1,106364,20236.0,20236.25,20234.0,20234.0,42,NQ.v.0
2024-09-25 22:05:00+00:00,33,1,106364,20234.25,20239.25,20234.0,20239.0,91,NQ.v.0
2024-09-25 22:06:00+00:00,33,1,106364,20238.0,20241.75,20238.0,20240.75,70,NQ.v.0
2024-09-25 22:07:00+00:00,33,1,106364,20240.75,20241.0,20238.25,20238.25,17,NQ.v.0
2024-09-25 22:08:00+00:00,33,1,106364,20238.5,20241.5,20238.25,20238.25,18,NQ.v.0
2024-09-25 22:09:00+00:00,33,1,106364,20239.0,20239.25,20235.75,20235.75,43,NQ.v.0
2024-09-25 22:10:00+00:00,33,1,106364,20236.75,20238.5,20234.5,20238.0,78,NQ.v.0
2024-09-25 22:11:00+00:00,33,1,106364,20238.0,20239.0,20236.75,20238.5,30,NQ.v.0
2024-09-25 22:12:00+00:00,33,1,106364,20238.5,20238.75,20235.25,20236.75,23,NQ.v.0
2024-09-25 22:13:00+00:00,33,1,106364,20238.0,20239.75,20236.0,20237.5,34,NQ.v.0
2024-09-25 22:14:00+00:00,33,1,106364,20236.25,20236.5,20235.25,20236.5,10,NQ.v.0
2024-09-25 22:15:00+00:00,33,1,106364,20236.5,20237.5,20235.25,20235.25,18,NQ.v.0
2024-09-25 22:16:00+00:00,33,1,106364,20235.0,20236.0,20233.5,20234.25,38,NQ.v.0
2024-09-25 22:17:00+00:00,33,1,106364,20234.5,20237.0,20234.5,20235.5,20,NQ.v.0
2024-09-25 22:18:00+00:00,33,1,106364,20235.5,20236.5,20235.25,20236.5,14,NQ.v.0
2024-09-25 22:19:00+00:00,33,1,106364,20235.0,20236.25,20233.5,20233.5,23,NQ.v.0
2024-09-25 22:20:00+00:00,33,1,106364,20233.5,20234.75,20233.25,20234.5,25,NQ.v.0
2024-09-25 22:21:00+00:00,33,1,106364,20233.5,20234.5,20232.0,20233.25,36,NQ.v.0
2024-09-25 22:22:00+00:00,33,1,106364,20233.5,20234.75,20233.0,20234.0,13,NQ.v.0
2024-09-25 22:23:00+00:00,33,1,106364,20233.5,20236.25,20232.75,20234.5,44,NQ.v.0
2024-09-25 22:24:00+00:00,33,1,106364,20234.75,20237.75,20234.5,20236.5,33,NQ.v.0
2024-09-25 22:25:00+00:00,33,1,106364,20236.75,20237.75,20235.75,20237.0,13,NQ.v.0
2024-09-25 22:26:00+00:00,33,1,106364,20238.0,20238.75,20236.5,20238.25,17,NQ.v.0
2024-09-25 22:27:00+00:00,33,1,106364,20237.0,20237.5,20236.0,20236.75,13,NQ.v.0
2024-09-25 22:28:00+00:00,33,1,106364,20236.75,20238.0,20236.75,20238.0,3,NQ.v.0
2024-09-25 22:29:00+00:00,33,1,106364,20237.75,20238.0,20237.0,20237.0,11,NQ.v.0
2024-09-25 22:30:00+00:00,33,1,106364,20237.0,20238.25,20237.0,20237.5,11,NQ.v.0
2024-09-25 22:31:00+00:00,33,1,106364,20237.0,20238.25,20237.0,20237.25,11,NQ.v.0
2024-09-25 22:32:00+00:00,33,1,106364,20236.5,20238.25,20236.5,20238.25,5,NQ.v.0
2024-09-25 22:33:00+00:00,33,1,106364,20238.75,20243.5,20238.75,20243.5,74,NQ.v.0
2024-09-25 22:34:00+00:00,33,1,106364,20243.75,20249.75,20243.5,20249.0,133,NQ.v.0
2024-09-25 22:35:00+00:00,33,1,106364,20249.25,20251.5,20246.0,20246.0,94,NQ.v.0
2024-09-25 22:36:00+00:00,33,1,106364,20246.0,20247.5,20245.5,20247.25,65,NQ.v.0
2024-09-25 22:37:00+00:00,33,1,106364,20246.5,20249.5,20246.25,20249.5,30,NQ.v.0
2024-09-25 22:38:00+00:00,33,1,106364,20249.25,20249.5,20247.5,20249.0,51,NQ.v.0
2024-09-25 22:39:00+00:00,33,1,106364,20248.5,20249.5,20248.0,20248.75,16,NQ.v.0
2024-09-25 22:40:00+00:00,33,1,106364,20249.0,20255.25,20249.0,20254.5,127,NQ.v.0
2024-09-25 22:41:00+00:00,33,1,106364,20254.75,20254.75,20250.75,20250.75,95,NQ.v.0
2024-09-25 22:42:00+00:00,33,1,106364,20250.75,20251.25,20248.25,20250.75,88,NQ.v.0
2024-09-25 22:43:00+00:00,33,1,106364,20251.0,20253.0,20250.25,20250.75,60,NQ.v.0
2024-09-25 22:44:00+00:00,33,1,106364,20250.75,20253.0,20250.75,20253.0,23,NQ.v.0
2024-09-25 22:45:00+00:00,33,1,106364,20253.0,20255.25,20252.0,20253.0,55,NQ.v.0
2024-09-25 22:46:00+00:00,33,1,106364,20252.75,20253.25,20250.5,20251.75,36,NQ.v.0
2024-09-25 22:47:00+00:00,33,1,106364,20252.25,20252.75,20248.5,20248.5,39,NQ.v.0
2024-09-25 22:48:00+00:00,33,1,106364,20248.5,20250.25,20247.0,20250.0,65,NQ.v.0
2024-09-25 22:49:00+00:00,33,1,106364,20249.0,20249.0,20246.0,20248.25,63,NQ.v.0
2024-09-25 22:50:00+00:00,33,1,106364,20248.5,20248.75,20246.75,20247.25,24,NQ.v.0
2024-09-25 22:51:00+00:00,33,1,106364,20247.0,20247.0,20245.25,20246.0,24,NQ.v.0
2024-09-25 22:52:00+00:00,33,1,106364,20246.25,20247.0,20246.0,20246.75,12,NQ.v.0
2024-09-25 22:53:00+00:00,33,1,106364,20246.5,20247.5,20246.5,20247.5,20,NQ.v.0
2024-09-25 22:54:00+00:00,33,1,106364,20247.5,20248.0,20246.0,20247.5,34,NQ.v.0
2024-09-25 22:55:00+00:00,33,1,106364,20247.25,20248.25,20247.0,20248.25,16,NQ.v.0
2024-09-25 22:56:00+00:00,33,1,106364,20247.75,20250.25,20247.75,20250.0,54,NQ.v.0
2024-09-25 22:57:00+00:00,33,1,106364,20249.75,20251.75,20248.25,20249.25,39,NQ.v.0
2024-09-25 22:58:00+00:00,33,1,106364,20249.25,20251.0,20247.0,20248.0,28,NQ.v.0
2024-09-25 22:59:00+00:00,33,1,106364,20248.0,20248.0,20247.0,20247.0,12,NQ.v.0
2024-09-25 23:00:00+00:00,33,1,106364,20248.0,20249.5,20247.0,20248.0,38,NQ.v.0
2024-09-25 23:01:00+00:00,33,1,106364,20247.75,20248.25,20244.0,20245.25,81,NQ.v.0
2024-09-25 23:02:00+00:00,33,1,106364,20245.75,20247.0,20244.5,20244.75,53,NQ.v.0
2024-09-25 23:03:00+00:00,33,1,106364,20244.5,20245.25,20243.75,20244.75,29,NQ.v.0
2024-09-25 23:04:00+00:00,33,1,106364,20244.0,20245.0,20243.5,20244.75,54,NQ.v.0
2024-09-25 23:05:00+00:00,33,1,106364,20244.5,20244.5,20242.5,20243.5,36,NQ.v.0
2024-09-25 23:06:00+00:00,33,1,106364,20243.25,20244.25,20242.5,20243.25,14,NQ.v.0
2024-09-25 23:07:00+00:00,33,1,106364,20243.5,20243.75,20242.75,20242.75,5,NQ.v.0
2024-09-25 23:08:00+00:00,33,1,106364,20243.0,20243.5,20241.5,20242.5,37,NQ.v.0
2024-09-25 23:09:00+00:00,33,1,106364,20241.75,20242.5,20241.5,20242.5,11,NQ.v.0
2024-09-25 23:10:00+00:00,33,1,106364,20241.75,20244.25,20241.5,20243.75,33,NQ.v.0
2024-09-25 23:11:00+00:00,33,1,106364,20244.25,20246.5,20244.0,20245.5,20,NQ.v.0
2024-09-25 23:12:00+00:00,33,1,106364,20245.5,20245.75,20243.75,20245.75,22,NQ.v.0
2024-09-25 23:13:00+00:00,33,1,106364,20246.0,20246.25,20243.5,20245.75,35,NQ.v.0
2024-09-25 23:14:00+00:00,33,1,106364,20245.5,20246.0,20245.5,20245.5,9,NQ.v.0
2024-09-25 23:15:00+00:00,33,1,106364,20245.75,20246.5,20245.5,20245.75,12,NQ.v.0
2024-09-25 23:16:00+00:00,33,1,106364,20246.25,20247.0,20245.5,20246.0,10,NQ.v.0
2024-09-25 23:17:00+00:00,33,1,106364,20246.25,20248.0,20246.25,20247.75,25,NQ.v.0
2024-09-25 23:18:00+00:00,33,1,106364,20247.75,20248.75,20245.5,20245.75,52,NQ.v.0
2024-09-25 23:19:00+00:00,33,1,106364,20246.5,20246.5,20242.75,20242.75,42,NQ.v.0
2024-09-25 23:20:00+00:00,33,1,106364,20242.25,20244.25,20242.0,20242.75,36,NQ.v.0
2024-09-25 23:21:00+00:00,33,1,106364,20243.25,20245.0,20243.25,20245.0,6,NQ.v.0
2024-09-25 23:22:00+00:00,33,1,106364,20245.5,20246.0,20244.5,20245.0,19,NQ.v.0
2024-09-25 23:23:00+00:00,33,1,106364,20245.0,20250.5,20245.0,20249.75,78,NQ.v.0
2024-09-25 23:24:00+00:00,33,1,106364,20249.75,20251.25,20249.5,20250.75,26,NQ.v.0
2024-09-25 23:25:00+00:00,33,1,106364,20250.75,20252.0,20250.75,20251.75,32,NQ.v.0
2024-09-25 23:26:00+00:00,33,1,106364,20251.25,20252.75,20251.0,20251.25,40,NQ.v.0
2024-09-25 23:27:00+00:00,33,1,106364,20251.75,20251.75,20249.75,20250.75,34,NQ.v.0
2024-09-25 23:28:00+00:00,33,1,106364,20250.0,20251.0,20250.0,20250.25,10,NQ.v.0
2024-09-25 23:29:00+00:00,33,1,106364,20250.75,20251.75,20249.5,20250.5,29,NQ.v.0
2024-09-25 23:30:00+00:00,33,1,106364,20250.75,20251.25,20250.0,20250.75,27,NQ.v.0
2024-09-25 23:31:00+00:00,33,1,106364,20250.75,20252.5,20250.75,20252.0,21,NQ.v.0
2024-09-25 23:32:00+00:00,33,1,106364,20252.25,20255.25,20251.75,20252.0,102,NQ.v.0
2024-09-25 23:33:00+00:00,33,1,106364,20252.0,20254.5,20251.75,20254.25,30,NQ.v.0
2024-09-25 23:34:00+00:00,33,1,106364,20253.75,20253.75,20252.5,20252.5,16,NQ.v.0
2024-09-25 23:35:00+00:00,33,1,106364,20251.5,20252.5,20251.25,20251.75,21,NQ.v.0
2024-09-25 23:36:00+00:00,33,1,106364,20252.0,20252.0,20248.25,20248.75,24,NQ.v.0
2024-09-25 23:37:00+00:00,33,1,106364,20248.0,20251.25,20248.0,20251.0,28,NQ.v.0
2024-09-25 23:38:00+00:00,33,1,106364,20252.0,20254.5,20251.5,20254.5,27,NQ.v.0
2024-09-25 23:39:00+00:00,33,1,106364,20255.0,20255.75,20252.5,20255.0,67,NQ.v.0
2024-09-25 23:40:00+00:00,33,1,106364,20254.5,20257.0,20253.0,20254.0,54,NQ.v.0
2024-09-25 23:41:00+00:00,33,1,106364,20253.75,20257.0,20251.5,20256.5,49,NQ.v.0
2024-09-25 23:42:00+00:00,33,1,106364,20256.5,20259.5,20256.5,20258.0,92,NQ.v.0
2024-09-25 23:43:00+00:00,33,1,106364,20258.0,20259.0,20257.5,20258.25,28,NQ.v.0
2024-09-25 23:44:00+00:00,33,1,106364,20258.0,20259.25,20258.0,20258.25,28,NQ.v.0
2024-09-25 23:45:00+00:00,33,1,106364,20257.0,20266.25,20257.0,20265.0,261,NQ.v.0
2024-09-25 23:46:00+00:00,33,1,106364,20264.5,20284.0,20262.0,20272.25,830,NQ.v.0
2024-09-25 23:47:00+00:00,33,1,106364,20272.25,20277.5,20269.0,20275.75,160,NQ.v.0
2024-09-25 23:48:00+00:00,33,1,106364,20275.0,20278.5,20272.5,20273.0,131,NQ.v.0
2024-09-25 23:49:00+00:00,33,1,106364,20274.0,20280.0,20272.5,20279.25,173,NQ.v.0
2024-09-25 23:50:00+00:00,33,1,106364,20279.75,20281.25,20277.75,20278.75,94,NQ.v.0
2024-09-25 23:51:00+00:00,33,1,106364,20279.0,20279.75,20275.75,20276.25,75,NQ.v.0
2024-09-25 23:52:00+00:00,33,1,106364,20276.75,20283.0,20276.5,20279.5,118,NQ.v.0
2024-09-25 23:53:00+00:00,33,1,106364,20280.0,20281.25,20274.75,20277.5,85,NQ.v.0
2024-09-25 23:54:00+00:00,33,1,106364,20277.5,20279.25,20274.0,20274.5,54,NQ.v.0
2024-09-25 23:55:00+00:00,33,1,106364,20274.0,20275.5,20273.25,20274.75,64,NQ.v.0
2024-09-25 23:56:00+00:00,33,1,106364,20274.25,20276.5,20273.25,20276.0,62,NQ.v.0
2024-09-25 23:57:00+00:00,33,1,106364,20276.0,20276.0,20274.25,20275.5,59,NQ.v.0
2024-09-25 23:58:00+00:00,33,1,106364,20274.5,20278.25,20274.5,20277.0,56,NQ.v.0
2024-09-25 23:59:00+00:00,33,1,106364,20277.25,20280.25,20277.25,20277.25,85,NQ.v.0
2024-09-26 00:00:00+00:00,33,1,106364,20276.75,20287.0,20276.0,20285.75,331,NQ.v.0
2024-09-26 00:01:00+00:00,33,1,106364,20285.25,20289.25,20281.75,20287.75,199,NQ.v.0
2024-09-26 00:02:00+00:00,33,1,106364,20288.5,20289.75,20284.25,20284.5,115,NQ.v.0
2024-09-26 00:03:00+00:00,33,1,106364,20284.5,20291.5,20283.5,20291.25,89,NQ.v.0
2024-09-26 00:04:00+00:00,33,1,106364,20291.25,20291.75,20285.0,20286.0,81,NQ.v.0
2024-09-26 00:05:00+00:00,33,1,106364,20286.5,20291.75,20286.5,20289.0,99,NQ.v.0
2024-09-26 00:06:00+00:00,33,1,106364,20289.25,20291.0,20288.75,20290.5,39,NQ.v.0
2024-09-26 00:07:00+00:00,33,1,106364,20290.5,20290.5,20286.0,20286.0,92,NQ.v.0
2024-09-26 00:08:00+00:00,33,1,106364,20287.5,20292.75,20286.5,20292.75,76,NQ.v.0
2024-09-26 00:09:00+00:00,33,1,106364,20291.5,20302.75,20291.5,20297.75,392,NQ.v.0
2024-09-26 00:10:00+00:00,33,1,106364,20299.0,20303.5,20298.0,20298.5,191,NQ.v.0
2024-09-26 00:11:00+00:00,33,1,106364,20298.25,20304.25,20296.0,20304.25,154,NQ.v.0
2024-09-26 00:12:00+00:00,33,1,106364,20304.25,20306.25,20302.75,20304.0,175,NQ.v.0
2024-09-26 00:13:00+00:00,33,1,106364,20304.25,20304.25,20300.25,20301.25,73,NQ.v.0
2024-09-26 00:14:00+00:00,33,1,106364,20301.5,20303.75,20301.5,20302.75,32,NQ.v.0
2024-09-26 00:15:00+00:00,33,1,106364,20303.25,20303.75,20298.75,20298.75,120,NQ.v.0
2024-09-26 00:16:00+00:00,33,1,106364,20299.25,20302.5,20299.0,20300.0,62,NQ.v.0
2024-09-26 00:17:00+00:00,33,1,106364,20300.5,20304.0,20298.75,20301.0,144,NQ.v.0
2024-09-26 00:18:00+00:00,33,1,106364,20301.5,20305.25,20301.25,20304.75,84,NQ.v.0
2024-09-26 00:19:00+00:00,33,1,106364,20304.0,20304.0,20300.25,20301.5,48,NQ.v.0
2024-09-26 00:20:00+00:00,33,1,106364,20302.25,20308.0,20302.25,20305.25,135,NQ.v.0
2024-09-26 00:21:00+00:00,33,1,106364,20306.0,20306.5,20303.0,20303.5,78,NQ.v.0
2024-09-26 00:22:00+00:00,33,1,106364,20304.0,20304.0,20298.0,20298.75,113,NQ.v.0
2024-09-26 00:23:00+00:00,33,1,106364,20299.25,20301.5,20298.25,20299.25,45,NQ.v.0
2024-09-26 00:24:00+00:00,33,1,106364,20299.5,20301.0,20298.25,20299.75,78,NQ.v.0
2024-09-26 00:25:00+00:00,33,1,106364,20299.25,20302.0,20299.0,20301.75,61,NQ.v.0
2024-09-26 00:26:00+00:00,33,1,106364,20301.0,20302.0,20299.75,20300.75,38,NQ.v.0
2024-09-26 00:27:00+00:00,33,1,106364,20301.0,20302.75,20300.25,20302.5,32,NQ.v.0
2024-09-26 00:28:00+00:00,33,1,106364,20303.0,20305.0,20301.75,20303.5,52,NQ.v.0
2024-09-26 00:29:00+00:00,33,1,106364,20304.5,20304.75,20302.75,20303.25,32,NQ.v.0
2024-09-26 00:30:00+00:00,33,1,106364,20303.25,20305.5,20303.25,20304.0,65,NQ.v.0
2024-09-26 00:31:00+00:00,33,1,106364,20304.0,20304.5,20301.0,20301.75,43,NQ.v.0
2024-09-26 00:32:00+00:00,33,1,106364,20302.25,20308.0,20302.25,20306.0,331,NQ.v.0
2024-09-26 00:33:00+00:00,33,1,106364,20305.25,20314.75,20304.0,20309.75,372,NQ.v.0
2024-09-26 00:34:00+00:00,33,1,106364,20309.75,20313.0,20309.75,20312.75,79,NQ.v.0
2024-09-26 00:35:00+00:00,33,1,106364,20311.75,20315.25,20311.0,20311.75,232,NQ.v.0
2024-09-26 00:36:00+00:00,33,1,106364,20312.0,20315.5,20311.5,20311.5,68,NQ.v.0
2024-09-26 00:37:00+00:00,33,1,106364,20312.25,20315.0,20311.5,20312.25,50,NQ.v.0
2024-09-26 00:38:00+00:00,33,1,106364,20313.0,20313.75,20308.75,20309.5,102,NQ.v.0
2024-09-26 00:39:00+00:00,33,1,106364,20309.0,20309.75,20307.0,20308.5,72,NQ.v.0
2024-09-26 00:40:00+00:00,33,1,106364,20308.0,20310.25,20307.0,20310.25,36,NQ.v.0
2024-09-26 00:41:00+00:00,33,1,106364,20310.5,20312.0,20307.25,20308.0,97,NQ.v.0
2024-09-26 00:42:00+00:00,33,1,106364,20308.0,20308.0,20305.5,20306.75,97,NQ.v.0
2024-09-26 00:43:00+00:00,33,1,106364,20306.5,20306.5,20300.0,20301.75,221,NQ.v.0
2024-09-26 00:44:00+00:00,33,1,106364,20301.5,20303.0,20299.75,20302.0,83,NQ.v.0
2024-09-26 00:45:00+00:00,33,1,106364,20303.25,20303.5,20299.25,20299.75,67,NQ.v.0
2024-09-26 00:46:00+00:00,33,1,106364,20300.0,20303.0,20300.0,20301.75,23,NQ.v.0
2024-09-26 00:47:00+00:00,33,1,106364,20302.5,20302.5,20299.75,20300.75,32,NQ.v.0
2024-09-26 00:48:00+00:00,33,1,106364,20300.5,20301.75,20299.75,20301.5,49,NQ.v.0
2024-09-26 00:49:00+00:00,33,1,106364,20301.75,20302.5,20301.0,20301.0,22,NQ.v.0
2024-09-26 00:50:00+00:00,33,1,106364,20301.0,20302.0,20300.0,20300.0,26,NQ.v.0
2024-09-26 00:51:00+00:00,33,1,106364,20300.0,20300.25,20295.0,20297.25,160,NQ.v.0
2024-09-26 00:52:00+00:00,33,1,106364,20297.75,20299.5,20296.0,20296.0,45,NQ.v.0
2024-09-26 00:53:00+00:00,33,1,106364,20297.0,20297.25,20294.25,20295.25,53,NQ.v.0
2024-09-26 00:54:00+00:00,33,1,106364,20294.75,20295.75,20291.25,20291.5,161,NQ.v.0
2024-09-26 00:55:00+00:00,33,1,106364,20292.0,20294.75,20291.75,20294.75,58,NQ.v.0
2024-09-26 00:56:00+00:00,33,1,106364,20295.0,20297.75,20291.5,20293.0,149,NQ.v.0
2024-09-26 00:57:00+00:00,33,1,106364,20292.5,20299.0,20292.5,20298.5,51,NQ.v.0
2024-09-26 00:58:00+00:00,33,1,106364,20297.75,20299.25,20296.25,20296.25,68,NQ.v.0
2024-09-26 00:59:00+00:00,33,1,106364,20297.0,20298.0,20296.0,20296.75,32,NQ.v.0
2024-09-26 01:00:00+00:00,33,1,106364,20297.25,20297.25,20292.75,20293.25,97,NQ.v.0
2024-09-26 01:01:00+00:00,33,1,106364,20294.0,20296.25,20293.0,20294.0,135,NQ.v.0
2024-09-26 01:02:00+00:00,33,1,106364,20294.75,20296.25,20294.75,20295.5,36,NQ.v.0
2024-09-26 01:03:00+00:00,33,1,106364,20295.5,20297.5,20295.5,20296.75,47,NQ.v.0
2024-09-26 01:04:00+00:00,33,1,106364,20296.5,20299.0,20296.5,20297.0,34,NQ.v.0
2024-09-26 01:05:00+00:00,33,1,106364,20297.75,20298.75,20295.5,20296.0,43,NQ.v.0
2024-09-26 01:06:00+00:00,33,1,106364,20296.0,20298.5,20296.0,20297.75,45,NQ.v.0
2024-09-26 01:07:00+00:00,33,1,106364,20297.75,20298.0,20295.25,20297.0,28,NQ.v.0
2024-09-26 01:08:00+00:00,33,1,106364,20296.5,20298.75,20296.25,20298.75,13,NQ.v.0
2024-09-26 01:09:00+00:00,33,1,106364,20299.25,20300.0,20296.5,20298.25,47,NQ.v.0
2024-09-26 01:10:00+00:00,33,1,106364,20298.75,20304.0,20298.75,20303.0,106,NQ.v.0
2024-09-26 01:11:00+00:00,33,1,106364,20303.0,20309.0,20302.25,20306.75,143,NQ.v.0
2024-09-26 01:12:00+00:00,33,1,106364,20305.75,20307.75,20302.0,20305.0,75,NQ.v.0
2024-09-26 01:13:00+00:00,33,1,106364,20305.5,20305.5,20300.75,20301.0,41,NQ.v.0
2024-09-26 01:14:00+00:00,33,1,106364,20300.75,20303.25,20300.75,20302.5,20,NQ.v.0
2024-09-26 01:15:00+00:00,33,1,106364,20300.5,20300.5,20296.0,20297.75,79,NQ.v.0
2024-09-26 01:16:00+00:00,33,1,106364,20296.75,20296.75,20294.25,20295.75,74,NQ.v.0
2024-09-26 01:17:00+00:00,33,1,106364,20296.0,20297.5,20294.25,20295.5,55,NQ.v.0
2024-09-26 01:18:00+00:00,33,1,106364,20295.75,20296.5,20292.0,20293.75,78,NQ.v.0
2024-09-26 01:19:00+00:00,33,1,106364,20293.75,20295.25,20292.25,20294.75,37,NQ.v.0
2024-09-26 01:20:00+00:00,33,1,106364,20295.25,20298.0,20295.25,20297.0,47,NQ.v.0
2024-09-26 01:21:00+00:00,33,1,106364,20297.5,20299.0,20297.25,20298.5,32,NQ.v.0
2024-09-26 01:22:00+00:00,33,1,106364,20298.5,20298.5,20296.0,20296.5,40,NQ.v.0
2024-09-26 01:23:00+00:00,33,1,106364,20297.0,20298.75,20296.75,20298.25,24,NQ.v.0
2024-09-26 01:24:00+00:00,33,1,106364,20299.0,20299.0,20297.0,20298.0,12,NQ.v.0
2024-09-26 01:25:00+00:00,33,1,106364,20298.0,20298.0,20295.75,20296.0,19,NQ.v.0
2024-09-26 01:26:00+00:00,33,1,106364,20297.25,20297.25,20293.0,20293.0,69,NQ.v.0
2024-09-26 01:27:00+00:00,33,1,106364,20292.75,20292.75,20286.75,20291.0,187,NQ.v.0
2024-09-26 01:28:00+00:00,33,1,106364,20291.25,20292.75,20291.0,20291.75,39,NQ.v.0
2024-09-26 01:29:00+00:00,33,1,106364,20291.75,20294.25,20291.75,20293.25,34,NQ.v.0
2024-09-26 01:30:00+00:00,33,1,106364,20293.25,20293.5,20290.0,20290.25,34,NQ.v.0
2024-09-26 01:31:00+00:00,33,1,106364,20291.5,20293.0,20288.0,20292.0,105,NQ.v.0
2024-09-26 01:32:00+00:00,33,1,106364,20292.25,20294.75,20292.0,20294.25,35,NQ.v.0
2024-09-26 01:33:00+00:00,33,1,106364,20294.5,20295.75,20293.0,20295.75,40,NQ.v.0
2024-09-26 01:34:00+00:00,33,1,106364,20295.75,20297.5,20294.75,20297.0,37,NQ.v.0
2024-09-26 01:35:00+00:00,33,1,106364,20297.5,20297.5,20294.75,20296.25,26,NQ.v.0
2024-09-26 01:36:00+00:00,33,1,106364,20295.75,20296.0,20292.5,20292.75,36,NQ.v.0
2024-09-26 01:37:00+00:00,33,1,106364,20295.0,20295.5,20293.5,20293.5,13,NQ.v.0
2024-09-26 01:38:00+00:00,33,1,106364,20294.0,20294.0,20290.5,20290.5,46,NQ.v.0
2024-09-26 01:39:00+00:00,33,1,106364,20291.5,20291.5,20289.0,20290.75,45,NQ.v.0
2024-09-26 01:40:00+00:00,33,1,106364,20290.75,20294.0,20289.0,20294.0,33,NQ.v.0
2024-09-26 01:41:00+00:00,33,1,106364,20293.5,20297.5,20292.75,20293.0,88,NQ.v.0
2024-09-26 01:42:00+00:00,33,1,106364,20294.0,20294.5,20292.5,20293.75,28,NQ.v.0
2024-09-26 01:43:00+00:00,33,1,106364,20293.75,20296.25,20293.75,20294.75,39,NQ.v.0
2024-09-26 01:44:00+00:00,33,1,106364,20295.0,20296.5,20294.75,20296.0,26,NQ.v.0
2024-09-26 01:45:00+00:00,33,1,106364,20296.25,20298.25,20295.75,20298.25,52,NQ.v.0
2024-09-26 01:46:00+00:00,33,1,106364,20297.75,20299.25,20296.25,20298.25,100,NQ.v.0
2024-09-26 01:47:00+00:00,33,1,106364,20299.25,20299.75,20297.5,20298.25,30,NQ.v.0
2024-09-26 01:48:00+00:00,33,1,106364,20299.75,20301.5,20298.75,20300.0,70,NQ.v.0
2024-09-26 01:49:00+00:00,33,1,106364,20300.75,20306.25,20300.0,20304.25,161,NQ.v.0
2024-09-26 01:50:00+00:00,33,1,106364,20304.75,20306.0,20302.5,20302.5,81,NQ.v.0
2024-09-26 01:51:00+00:00,33,1,106364,20302.0,20302.5,20299.5,20300.75,56,NQ.v.0
2024-09-26 01:52:00+00:00,33,1,106364,20301.5,20303.0,20300.25,20301.0,64,NQ.v.0
2024-09-26 01:53:00+00:00,33,1,106364,20302.25,20306.75,20302.0,20305.25,47,NQ.v.0
2024-09-26 01:54:00+00:00,33,1,106364,20305.5,20311.75,20305.5,20311.5,135,NQ.v.0
2024-09-26 01:55:00+00:00,33,1,106364,20311.0,20322.0,20309.75,20313.75,336,NQ.v.0
2024-09-26 01:56:00+00:00,33,1,106364,20313.75,20319.75,20312.75,20317.5,182,NQ.v.0
2024-09-26 01:57:00+00:00,33,1,106364,20318.0,20318.75,20314.0,20315.0,72,NQ.v.0
2024-09-26 01:58:00+00:00,33,1,106364,20315.5,20318.0,20315.25,20316.25,57,NQ.v.0
2024-09-26 01:59:00+00:00,33,1,106364,20316.25,20319.5,20316.0,20317.25,73,NQ.v.0
2024-09-26 02:00:00+00:00,33,1,106364,20317.5,20319.0,20315.75,20318.25,29,NQ.v.0
2024-09-26 02:01:00+00:00,33,1,106364,20318.0,20320.5,20318.0,20318.75,61,NQ.v.0
2024-09-26 02:02:00+00:00,33,1,106364,20318.0,20318.25,20315.5,20316.5,45,NQ.v.0
2024-09-26 02:03:00+00:00,33,1,106364,20316.5,20322.75,20316.25,20322.75,85,NQ.v.0
2024-09-26 02:04:00+00:00,33,1,106364,20322.75,20325.0,20321.0,20321.25,144,NQ.v.0
2024-09-26 02:05:00+00:00,33,1,106364,20321.25,20321.25,20318.5,20318.5,76,NQ.v.0
2024-09-26 02:06:00+00:00,33,1,106364,20318.75,20320.25,20316.75,20318.0,56,NQ.v.0
2024-09-26 02:07:00+00:00,33,1,106364,20319.25,20320.0,20318.0,20318.0,17,NQ.v.0
2024-09-26 02:08:00+00:00,33,1,106364,20318.75,20319.5,20316.0,20317.5,43,NQ.v.0
2024-09-26 02:09:00+00:00,33,1,106364,20317.5,20321.0,20316.75,20320.0,29,NQ.v.0
2024-09-26 02:10:00+00:00,33,1,106364,20319.75,20321.25,20318.75,20319.5,48,NQ.v.0
2024-09-26 02:11:00+00:00,33,1,106364,20320.0,20321.0,20317.0,20318.0,39,NQ.v.0
2024-09-26 02:12:00+00:00,33,1,106364,20317.5,20318.0,20317.25,20318.0,21,NQ.v.0
2024-09-26 02:13:00+00:00,33,1,106364,20317.25,20317.5,20313.0,20316.5,96,NQ.v.0
2024-09-26 02:14:00+00:00,33,1,106364,20317.0,20317.75,20314.5,20315.75,29,NQ.v.0
2024-09-26 02:15:00+00:00,33,1,106364,20315.0,20316.5,20311.25,20311.5,72,NQ.v.0
2024-09-26 02:16:00+00:00,33,1,106364,20312.0,20315.0,20309.75,20314.0,90,NQ.v.0
2024-09-26 02:17:00+00:00,33,1,106364,20314.75,20316.75,20311.75,20315.75,41,NQ.v.0
2024-09-26 02:18:00+00:00,33,1,106364,20316.0,20317.25,20315.5,20316.0,31,NQ.v.0
2024-09-26 02:19:00+00:00,33,1,106364,20316.5,20318.0,20315.0,20316.75,31,NQ.v.0
2024-09-26 02:20:00+00:00,33,1,106364,20317.25,20319.5,20315.5,20317.25,105,NQ.v.0
2024-09-26 02:21:00+00:00,33,1,106364,20318.0,20322.5,20318.0,20321.75,73,NQ.v.0
2024-09-26 02:22:00+00:00,33,1,106364,20322.5,20322.5,20320.25,20320.25,57,NQ.v.0
2024-09-26 02:23:00+00:00,33,1,106364,20320.0,20320.0,20316.75,20317.75,44,NQ.v.0
2024-09-26 02:24:00+00:00,33,1,106364,20318.5,20321.5,20317.25,20319.25,36,NQ.v.0
2024-09-26 02:25:00+00:00,33,1,106364,20319.0,20323.75,20319.0,20323.0,46,NQ.v.0
2024-09-26 02:26:00+00:00,33,1,106364,20323.25,20323.25,20322.0,20322.0,16,NQ.v.0
2024-09-26 02:27:00+00:00,33,1,106364,20322.0,20326.5,20320.25,20322.75,125,NQ.v.0
2024-09-26 02:28:00+00:00,33,1,106364,20322.25,20323.0,20320.0,20321.25,49,NQ.v.0
2024-09-26 02:29:00+00:00,33,1,106364,20321.0,20323.5,20320.75,20320.75,46,NQ.v.0
2024-09-26 02:30:00+00:00,33,1,106364,20321.75,20323.5,20321.5,20323.5,47,NQ.v.0
2024-09-26 02:31:00+00:00,33,1,106364,20323.25,20325.25,20322.5,20323.5,59,NQ.v.0
2024-09-26 02:32:00+00:00,33,1,106364,20323.0,20325.75,20322.5,20325.75,38,NQ.v.0
2024-09-26 02:33:00+00:00,33,1,106364,20325.25,20325.5,20321.75,20322.0,46,NQ.v.0
2024-09-26 02:34:00+00:00,33,1,106364,20322.0,20322.25,20319.0,20321.0,56,NQ.v.0
2024-09-26 02:35:00+00:00,33,1,106364,20321.5,20326.0,20321.5,20326.0,44,NQ.v.0
2024-09-26 02:36:00+00:00,33,1,106364,20325.75,20326.5,20325.25,20326.0,33,NQ.v.0
2024-09-26 02:37:00+00:00,33,1,106364,20326.5,20326.5,20322.25,20322.5,31,NQ.v.0
2024-09-26 02:38:00+00:00,33,1,106364,20322.0,20323.0,20320.25,20323.0,40,NQ.v.0
2024-09-26 02:39:00+00:00,33,1,106364,20323.5,20323.75,20322.0,20322.0,16,NQ.v.0
2024-09-26 02:40:00+00:00,33,1,106364,20322.0,20322.5,20319.75,20319.75,70,NQ.v.0
2024-09-26 02:41:00+00:00,33,1,106364,20320.0,20320.25,20319.0,20319.75,31,NQ.v.0
2024-09-26 02:42:00+00:00,33,1,106364,20320.0,20322.75,20320.0,20320.75,33,NQ.v.0
2024-09-26 02:43:00+00:00,33,1,106364,20320.75,20321.5,20320.0,20320.0,16,NQ.v.0
2024-09-26 02:44:00+00:00,33,1,106364,20321.0,20321.75,20319.75,20320.0,22,NQ.v.0
2024-09-26 02:45:00+00:00,33,1,106364,20320.25,20321.5,20319.75,20320.0,18,NQ.v.0
2024-09-26 02:46:00+00:00,33,1,106364,20320.0,20323.0,20319.0,20322.5,167,NQ.v.0
2024-09-26 02:47:00+00:00,33,1,106364,20322.0,20325.25,20321.25,20324.75,146,NQ.v.0
2024-09-26 02:48:00+00:00,33,1,106364,20325.0,20330.75,20324.25,20326.25,328,NQ.v.0
2024-09-26 02:49:00+00:00,33,1,106364,20325.5,20326.25,20323.0,20326.25,57,NQ.v.0
2024-09-26 02:50:00+00:00,33,1,106364,20325.25,20326.25,20323.75,20325.5,48,NQ.v.0
2024-09-26 02:51:00+00:00,33,1,106364,20325.75,20330.0,20325.75,20329.25,113,NQ.v.0
2024-09-26 02:52:00+00:00,33,1,106364,20328.75,20330.75,20327.5,20330.75,131,NQ.v.0
2024-09-26 02:53:00+00:00,33,1,106364,20330.0,20332.0,20329.5,20330.75,83,NQ.v.0
2024-09-26 02:54:00+00:00,33,1,106364,20330.25,20330.75,20329.5,20330.25,29,NQ.v.0
2024-09-26 02:55:00+00:00,33,1,106364,20330.25,20331.5,20328.0,20329.0,42,NQ.v.0
2024-09-26 02:56:00+00:00,33,1,106364,20328.25,20329.0,20325.5,20326.25,74,NQ.v.0
2024-09-26 02:57:00+00:00,33,1,106364,20326.0,20326.25,20324.5,20326.0,49,NQ.v.0
2024-09-26 02:58:00+00:00,33,1,106364,20325.0,20325.0,20323.0,20325.0,34,NQ.v.0
2024-09-26 02:59:00+00:00,33,1,106364,20324.75,20327.5,20324.0,20326.25,31,NQ.v.0
2024-09-26 03:00:00+00:00,33,1,106364,20326.0,20328.0,20326.0,20328.0,27,NQ.v.0
2024-09-26 03:01:00+00:00,33,1,106364,20328.0,20337.0,20328.0,20334.5,209,NQ.v.0
2024-09-26 03:02:00+00:00,33,1,106364,20334.5,20336.0,20331.5,20332.5,57,NQ.v.0
2024-09-26 03:03:00+00:00,33,1,106364,20332.75,20337.5,20332.75,20336.5,48,NQ.v.0
2024-09-26 03:04:00+00:00,33,1,106364,20335.5,20336.75,20331.5,20331.5,72,NQ.v.0
2024-09-26 03:05:00+00:00,33,1,106364,20331.5,20333.5,20331.0,20333.0,31,NQ.v.0
2024-09-26 03:06:00+00:00,33,1,106364,20332.0,20332.5,20331.0,20331.0,20,NQ.v.0
2024-09-26 03:07:00+00:00,33,1,106364,20330.25,20330.5,20328.75,20328.75,36,NQ.v.0
2024-09-26 03:08:00+00:00,33,1,106364,20329.25,20332.0,20328.75,20329.5,32,NQ.v.0
2024-09-26 03:09:00+00:00,33,1,106364,20329.75,20330.25,20328.75,20330.0,18,NQ.v.0
2024-09-26 03:10:00+00:00,33,1,106364,20330.5,20332.75,20330.5,20331.5,24,NQ.v.0
2024-09-26 03:11:00+00:00,33,1,106364,20331.75,20333.0,20330.5,20331.75,24,NQ.v.0
2024-09-26 03:12:00+00:00,33,1,106364,20331.25,20331.25,20330.75,20331.0,10,NQ.v.0
2024-09-26 03:13:00+00:00,33,1,106364,20330.0,20331.25,20329.5,20331.25,14,NQ.v.0
2024-09-26 03:14:00+00:00,33,1,106364,20329.75,20329.75,20326.0,20329.25,53,NQ.v.0
2024-09-26 03:15:00+00:00,33,1,106364,20329.25,20332.0,20328.75,20332.0,23,NQ.v.0
2024-09-26 03:16:00+00:00,33,1,106364,20331.5,20333.0,20330.5,20330.5,31,NQ.v.0
2024-09-26 03:17:00+00:00,33,1,106364,20331.0,20331.0,20329.75,20330.0,17,NQ.v.0
2024-09-26 03:18:00+00:00,33,1,106364,20329.5,20330.5,20328.0,20330.5,15,NQ.v.0
2024-09-26 03:19:00+00:00,33,1,106364,20330.0,20331.25,20329.5,20330.75,13,NQ.v.0
2024-09-26 03:20:00+00:00,33,1,106364,20329.5,20330.5,20329.0,20329.75,17,NQ.v.0
2024-09-26 03:21:00+00:00,33,1,106364,20329.25,20329.5,20327.25,20328.25,29,NQ.v.0
2024-09-26 03:22:00+00:00,33,1,106364,20328.5,20329.0,20328.0,20329.0,16,NQ.v.0
2024-09-26 03:23:00+00:00,33,1,106364,20328.5,20331.0,20328.5,20330.75,27,NQ.v.0
2024-09-26 03:24:00+00:00,33,1,106364,20330.25,20330.25,20328.5,20330.25,38,NQ.v.0
2024-09-26 03:25:00+00:00,33,1,106364,20330.25,20332.25,20330.25,20331.5,48,NQ.v.0
2024-09-26 03:26:00+00:00,33,1,106364,20330.25,20331.25,20329.0,20330.75,20,NQ.v.0
2024-09-26 03:27:00+00:00,33,1,106364,20331.0,20331.5,20330.5,20331.0,9,NQ.v.0
2024-09-26 03:28:00+00:00,33,1,106364,20332.0,20333.25,20331.75,20332.0,44,NQ.v.0
2024-09-26 03:29:00+00:00,33,1,106364,20332.0,20333.25,20330.25,20330.25,20,NQ.v.0
2024-09-26 03:30:00+00:00,33,1,106364,20330.75,20332.5,20329.5,20332.0,45,NQ.v.0
2024-09-26 03:31:00+00:00,33,1,106364,20331.5,20331.5,20330.5,20331.25,22,NQ.v.0
2024-09-26 03:32:00+00:00,33,1,106364,20331.5,20336.0,20331.5,20335.5,91,NQ.v.0
2024-09-26 03:33:00+00:00,33,1,106364,20335.5,20339.25,20334.5,20337.75,158,NQ.v.0
2024-09-26 03:34:00+00:00,33,1,106364,20337.75,20341.75,20337.25,20340.25,113,NQ.v.0
2024-09-26 03:35:00+00:00,33,1,106364,20339.75,20344.0,20338.75,20344.0,74,NQ.v.0
2024-09-26 03:36:00+00:00,33,1,106364,20343.0,20345.75,20342.5,20343.75,99,NQ.v.0
2024-09-26 03:37:00+00:00,33,1,106364,20344.75,20348.25,20343.25,20347.25,138,NQ.v.0
2024-09-26 03:38:00+00:00,33,1,106364,20346.75,20350.25,20344.25,20348.75,147,NQ.v.0
2024-09-26 03:39:00+00:00,33,1,106364,20349.25,20355.75,20348.5,20355.0,221,NQ.v.0
2024-09-26 03:40:00+00:00,33,1,106364,20355.25,20358.25,20353.25,20354.75,250,NQ.v.0
2024-09-26 03:41:00+00:00,33,1,106364,20354.25,20355.0,20348.0,20348.75,99,NQ.v.0
2024-09-26 03:42:00+00:00,33,1,106364,20348.25,20350.0,20346.75,20350.0,118,NQ.v.0
2024-09-26 03:43:00+00:00,33,1,106364,20350.0,20353.0,20349.5,20352.75,69,NQ.v.0
2024-09-26 03:44:00+00:00,33,1,106364,20353.25,20360.75,20352.75,20358.25,203,NQ.v.0
2024-09-26 03:45:00+00:00,33,1,106364,20357.25,20364.25,20356.0,20360.75,233,NQ.v.0
2024-09-26 03:46:00+00:00,33,1,106364,20359.75,20364.25,20359.25,20363.0,166,NQ.v.0
2024-09-26 03:47:00+00:00,33,1,106364,20363.75,20370.5,20359.25,20360.75,282,NQ.v.0
2024-09-26 03:48:00+00:00,33,1,106364,20361.5,20364.5,20361.0,20363.5,67,NQ.v.0
2024-09-26 03:49:00+00:00,33,1,106364,20364.5,20365.5,20361.25,20362.5,35,NQ.v.0
2024-09-26 03:50:00+00:00,33,1,106364,20362.25,20362.25,20359.5,20361.25,52,NQ.v.0
2024-09-26 03:51:00+00:00,33,1,106364,20362.25,20364.25,20362.25,20364.0,42,NQ.v.0
2024-09-26 03:52:00+00:00,33,1,106364,20363.75,20365.0,20362.0,20362.25,73,NQ.v.0
2024-09-26 03:53:00+00:00,33,1,106364,20361.75,20363.25,20361.0,20363.0,39,NQ.v.0
2024-09-26 03:54:00+00:00,33,1,106364,20364.0,20365.0,20362.0,20364.25,53,NQ.v.0
2024-09-26 03:55:00+00:00,33,1,106364,20363.75,20367.0,20362.5,20363.0,68,NQ.v.0
2024-09-26 03:56:00+00:00,33,1,106364,20363.0,20364.0,20363.0,20363.5,11,NQ.v.0
2024-09-26 03:57:00+00:00,33,1,106364,20364.0,20364.0,20362.0,20363.0,25,NQ.v.0
2024-09-26 03:58:00+00:00,33,1,106364,20362.25,20363.25,20361.0,20362.0,55,NQ.v.0
2024-09-26 03:59:00+00:00,33,1,106364,20362.0,20364.0,20361.75,20363.5,65,NQ.v.0
2024-09-26 04:00:00+00:00,33,1,106364,20364.25,20365.0,20359.5,20359.75,90,NQ.v.0
2024-09-26 04:01:00+00:00,33,1,106364,20359.75,20361.75,20359.5,20360.75,21,NQ.v.0
2024-09-26 04:02:00+00:00,33,1,106364,20360.5,20362.0,20357.5,20358.0,137,NQ.v.0
2024-09-26 04:03:00+00:00,33,1,106364,20358.0,20359.25,20356.75,20358.25,45,NQ.v.0
2024-09-26 04:04:00+00:00,33,1,106364,20358.5,20359.5,20355.5,20357.75,71,NQ.v.0
2024-09-26 04:05:00+00:00,33,1,106364,20357.75,20358.0,20354.75,20357.5,70,NQ.v.0
2024-09-26 04:06:00+00:00,33,1,106364,20357.5,20361.5,20357.0,20361.0,67,NQ.v.0
2024-09-26 04:07:00+00:00,33,1,106364,20361.25,20364.0,20361.25,20363.0,69,NQ.v.0
2024-09-26 04:08:00+00:00,33,1,106364,20363.0,20363.25,20362.25,20363.25,17,NQ.v.0
2024-09-26 04:09:00+00:00,33,1,106364,20362.75,20364.5,20361.5,20362.75,34,NQ.v.0
2024-09-26 04:10:00+00:00,33,1,106364,20363.25,20366.25,20362.25,20365.5,82,NQ.v.0
2024-09-26 04:11:00+00:00,33,1,106364,20364.75,20364.75,20362.0,20363.0,81,NQ.v.0
2024-09-26 04:12:00+00:00,33,1,106364,20364.0,20364.5,20361.25,20363.0,34,NQ.v.0
2024-09-26 04:13:00+00:00,33,1,106364,20362.75,20363.75,20362.25,20362.5,37,NQ.v.0
2024-09-26 04:14:00+00:00,33,1,106364,20362.5,20363.5,20361.25,20363.0,29,NQ.v.0
2024-09-26 04:15:00+00:00,33,1,106364,20363.75,20364.0,20362.25,20363.75,17,NQ.v.0
2024-09-26 04:16:00+00:00,33,1,106364,20363.5,20365.0,20363.5,20364.5,9,NQ.v.0
2024-09-26 04:17:00+00:00,33,1,106364,20364.5,20365.0,20363.25,20363.75,29,NQ.v.0
2024-09-26 04:18:00+00:00,33,1,106364,20363.0,20363.5,20362.0,20363.5,20,NQ.v.0
2024-09-26 04:19:00+00:00,33,1,106364,20362.25,20365.0,20361.75,20364.75,38,NQ.v.0
2024-09-26 04:20:00+00:00,33,1,106364,20365.0,20365.25,20363.75,20364.5,43,NQ.v.0
2024-09-26 04:21:00+00:00,33,1,106364,20365.0,20368.0,20364.0,20364.0,89,NQ.v.0
2024-09-26 04:22:00+00:00,33,1,106364,20364.5,20364.5,20362.5,20364.0,44,NQ.v.0
2024-09-26 04:23:00+00:00,33,1,106364,20364.0,20364.0,20362.25,20363.5,27,NQ.v.0
2024-09-26 04:24:00+00:00,33,1,106364,20364.0,20365.5,20363.25,20364.75,32,NQ.v.0
2024-09-26 04:25:00+00:00,33,1,106364,20364.75,20365.0,20363.25,20363.5,16,NQ.v.0
2024-09-26 04:26:00+00:00,33,1,106364,20364.0,20364.25,20361.25,20362.75,31,NQ.v.0
2024-09-26 04:27:00+00:00,33,1,106364,20363.25,20364.75,20360.25,20362.25,61,NQ.v.0
2024-09-26 04:28:00+00:00,33,1,106364,20362.5,20364.5,20362.0,20363.75,22,NQ.v.0
2024-09-26 04:29:00+00:00,33,1,106364,20364.75,20364.75,20362.75,20364.0,11,NQ.v.0
2024-09-26 04:30:00+00:00,33,1,106364,20363.5,20364.25,20363.0,20363.0,5,NQ.v.0
2024-09-26 04:31:00+00:00,33,1,106364,20363.0,20364.0,20361.75,20363.25,36,NQ.v.0
2024-09-26 04:32:00+00:00,33,1,106364,20363.75,20365.5,20363.5,20365.5,35,NQ.v.0
2024-09-26 04:33:00+00:00,33,1,106364,20365.5,20367.5,20365.5,20366.0,65,NQ.v.0
2024-09-26 04:34:00+00:00,33,1,106364,20366.5,20369.75,20366.25,20369.5,72,NQ.v.0
2024-09-26 04:35:00+00:00,33,1,106364,20369.75,20376.25,20368.25,20370.25,214,NQ.v.0
2024-09-26 04:36:00+00:00,33,1,106364,20370.25,20377.0,20370.0,20371.75,174,NQ.v.0
2024-09-26 04:37:00+00:00,33,1,106364,20373.25,20373.75,20370.25,20370.5,70,NQ.v.0
2024-09-26 04:38:00+00:00,33,1,106364,20371.0,20373.25,20371.0,20372.25,65,NQ.v.0
2024-09-26 04:39:00+00:00,33,1,106364,20373.5,20377.0,20367.25,20368.75,187,NQ.v.0
2024-09-26 04:40:00+00:00,33,1,106364,20368.75,20370.0,20365.75,20369.75,104,NQ.v.0
2024-09-26 04:41:00+00:00,33,1,106364,20370.25,20370.75,20367.5,20367.75,51,NQ.v.0
2024-09-26 04:42:00+00:00,33,1,106364,20368.5,20372.0,20368.25,20372.0,36,NQ.v.0
2024-09-26 04:43:00+00:00,33,1,106364,20372.25,20372.5,20370.25,20372.0,38,NQ.v.0
2024-09-26 04:44:00+00:00,33,1,106364,20372.5,20375.5,20372.5,20374.25,63,NQ.v.0
2024-09-26 04:45:00+00:00,33,1,106364,20374.75,20376.0,20372.25,20372.25,47,NQ.v.0
2024-09-26 04:46:00+00:00,33,1,106364,20372.75,20376.25,20372.5,20375.5,45,NQ.v.0
2024-09-26 04:47:00+00:00,33,1,106364,20375.5,20376.0,20373.0,20373.5,41,NQ.v.0
2024-09-26 04:48:00+00:00,33,1,106364,20374.0,20375.5,20373.5,20375.5,16,NQ.v.0
2024-09-26 04:49:00+00:00,33,1,106364,20375.75,20376.0,20373.25,20375.0,28,NQ.v.0
2024-09-26 04:50:00+00:00,33,1,106364,20375.25,20377.0,20374.5,20375.5,56,NQ.v.0
2024-09-26 04:51:00+00:00,33,1,106364,20376.5,20377.75,20373.25,20373.5,111,NQ.v.0
2024-09-26 04:52:00+00:00,33,1,106364,20374.0,20374.25,20372.25,20372.25,36,NQ.v.0
2024-09-26 04:53:00+00:00,33,1,106364,20372.75,20381.0,20372.75,20376.5,246,NQ.v.0
2024-09-26 04:54:00+00:00,33,1,106364,20375.75,20376.0,20372.75,20374.75,58,NQ.v.0
2024-09-26 04:55:00+00:00,33,1,106364,20374.25,20374.75,20373.5,20374.25,19,NQ.v.0
2024-09-26 04:56:00+00:00,33,1,106364,20374.0,20378.25,20374.0,20377.75,45,NQ.v.0
2024-09-26 04:57:00+00:00,33,1,106364,20378.0,20378.75,20376.0,20376.0,54,NQ.v.0
2024-09-26 04:58:00+00:00,33,1,106364,20377.25,20379.25,20377.25,20379.0,48,NQ.v.0
2024-09-26 04:59:00+00:00,33,1,106364,20378.0,20379.25,20378.0,20379.0,37,NQ.v.0
2024-09-26 05:00:00+00:00,33,1,106364,20379.5,20379.75,20375.75,20376.5,91,NQ.v.0
2024-09-26 05:01:00+00:00,33,1,106364,20376.0,20377.0,20371.0,20373.5,79,NQ.v.0
2024-09-26 05:02:00+00:00,33,1,106364,20373.0,20374.75,20371.0,20373.25,58,NQ.v.0
2024-09-26 05:03:00+00:00,33,1,106364,20372.5,20373.75,20372.25,20373.25,26,NQ.v.0
2024-09-26 05:04:00+00:00,33,1,106364,20371.5,20373.0,20371.25,20372.0,56,NQ.v.0
2024-09-26 05:05:00+00:00,33,1,106364,20371.75,20371.75,20363.75,20365.75,203,NQ.v.0
2024-09-26 05:06:00+00:00,33,1,106364,20365.25,20368.0,20364.0,20366.25,99,NQ.v.0
2024-09-26 05:07:00+00:00,33,1,106364,20367.25,20374.5,20367.25,20374.5,141,NQ.v.0
2024-09-26 05:08:00+00:00,33,1,106364,20374.0,20378.5,20372.75,20375.75,255,NQ.v.0
2024-09-26 05:09:00+00:00,33,1,106364,20376.0,20376.0,20371.25,20375.25,101,NQ.v.0
2024-09-26 05:10:00+00:00,33,1,106364,20375.5,20376.75,20374.0,20376.0,81,NQ.v.0
2024-09-26 05:11:00+00:00,33,1,106364,20375.5,20376.75,20373.0,20376.25,104,NQ.v.0
2024-09-26 05:12:00+00:00,33,1,106364,20376.5,20377.5,20375.0,20377.0,59,NQ.v.0
2024-09-26 05:13:00+00:00,33,1,106364,20377.25,20378.75,20376.5,20377.5,37,NQ.v.0
2024-09-26 05:14:00+00:00,33,1,106364,20378.0,20379.0,20375.0,20379.0,52,NQ.v.0
2024-09-26 05:15:00+00:00,33,1,106364,20379.25,20380.0,20374.25,20376.0,167,NQ.v.0
2024-09-26 05:16:00+00:00,33,1,106364,20376.5,20384.5,20376.5,20377.25,169,NQ.v.0
2024-09-26 05:17:00+00:00,33,1,106364,20377.5,20379.75,20376.25,20379.0,111,NQ.v.0
2024-09-26 05:18:00+00:00,33,1,106364,20379.5,20382.0,20377.0,20381.0,64,NQ.v.0
2024-09-26 05:19:00+00:00,33,1,106364,20381.25,20381.75,20379.5,20380.75,46,NQ.v.0
2024-09-26 05:20:00+00:00,33,1,106364,20381.0,20384.5,20381.0,20382.5,69,NQ.v.0
2024-09-26 05:21:00+00:00,33,1,106364,20381.75,20383.75,20380.0,20382.0,136,NQ.v.0
2024-09-26 05:22:00+00:00,33,1,106364,20381.25,20383.75,20381.25,20383.5,45,NQ.v.0
2024-09-26 05:23:00+00:00,33,1,106364,20383.25,20388.5,20383.25,20387.75,113,NQ.v.0
2024-09-26 05:24:00+00:00,33,1,106364,20388.0,20388.5,20385.25,20387.25,100,NQ.v.0
2024-09-26 05:25:00+00:00,33,1,106364,20387.25,20390.0,20386.0,20387.5,75,NQ.v.0
2024-09-26 05:26:00+00:00,33,1,106364,20387.75,20394.5,20386.5,20393.25,162,NQ.v.0
2024-09-26 05:27:00+00:00,33,1,106364,20393.0,20395.25,20391.25,20392.0,208,NQ.v.0
2024-09-26 05:28:00+00:00,33,1,106364,20392.0,20394.0,20390.75,20392.0,127,NQ.v.0
2024-09-26 05:29:00+00:00,33,1,106364,20392.75,20393.0,20389.25,20391.25,53,NQ.v.0
2024-09-26 05:30:00+00:00,33,1,106364,20391.5,20393.75,20389.75,20393.0,83,NQ.v.0
2024-09-26 05:31:00+00:00,33,1,106364,20393.0,20395.75,20392.5,20394.75,109,NQ.v.0
2024-09-26 05:32:00+00:00,33,1,106364,20395.25,20397.5,20392.75,20396.25,182,NQ.v.0
2024-09-26 05:33:00+00:00,33,1,106364,20396.0,20397.25,20393.25,20393.25,76,NQ.v.0
2024-09-26 05:34:00+00:00,33,1,106364,20393.0,20393.5,20390.75,20391.0,96,NQ.v.0
2024-09-26 05:35:00+00:00,33,1,106364,20390.75,20393.0,20389.75,20390.25,177,NQ.v.0
2024-09-26 05:36:00+00:00,33,1,106364,20390.25,20393.25,20390.0,20392.0,59,NQ.v.0
2024-09-26 05:37:00+00:00,33,1,106364,20391.5,20391.75,20388.75,20391.0,70,NQ.v.0
2024-09-26 05:38:00+00:00,33,1,106364,20391.0,20391.5,20390.25,20390.75,37,NQ.v.0
2024-09-26 05:39:00+00:00,33,1,106364,20391.0,20397.5,20391.0,20397.5,67,NQ.v.0
2024-09-26 05:40:00+00:00,33,1,106364,20397.25,20397.25,20392.75,20394.75,81,NQ.v.0
2024-09-26 05:41:00+00:00,33,1,106364,20394.5,20395.0,20392.0,20393.0,37,NQ.v.0
2024-09-26 05:42:00+00:00,33,1,106364,20394.0,20400.25,20394.0,20395.5,188,NQ.v.0
2024-09-26 05:43:00+00:00,33,1,106364,20395.0,20398.25,20395.0,20398.25,39,NQ.v.0
2024-09-26 05:44:00+00:00,33,1,106364,20398.25,20400.5,20397.25,20400.0,72,NQ.v.0
2024-09-26 05:45:00+00:00,33,1,106364,20400.5,20401.5,20398.5,20399.25,124,NQ.v.0
2024-09-26 05:46:00+00:00,33,1,106364,20400.0,20400.75,20397.0,20399.5,69,NQ.v.0
2024-09-26 05:47:00+00:00,33,1,106364,20399.5,20400.0,20397.25,20398.5,36,NQ.v.0
2024-09-26 05:48:00+00:00,33,1,106364,20398.5,20401.5,20398.0,20401.5,88,NQ.v.0
2024-09-26 05:49:00+00:00,33,1,106364,20401.75,20408.0,20399.5,20402.5,375,NQ.v.0
2024-09-26 05:50:00+00:00,33,1,106364,20403.75,20404.0,20399.25,20403.75,145,NQ.v.0
2024-09-26 05:51:00+00:00,33,1,106364,20403.0,20409.25,20402.5,20407.75,189,NQ.v.0
2024-09-26 05:52:00+00:00,33,1,106364,20408.25,20413.0,20406.5,20412.0,202,NQ.v.0
2024-09-26 05:53:00+00:00,33,1,106364,20411.75,20420.0,20410.75,20412.75,411,NQ.v.0
2024-09-26 05:54:00+00:00,33,1,106364,20413.0,20416.25,20410.25,20415.75,156,NQ.v.0
2024-09-26 05:55:00+00:00,33,1,106364,20416.0,20416.0,20412.25,20414.25,131,NQ.v.0
2024-09-26 05:56:00+00:00,33,1,106364,20413.25,20417.0,20413.0,20415.5,116,NQ.v.0
2024-09-26 05:57:00+00:00,33,1,106364,20415.5,20417.25,20414.5,20415.25,81,NQ.v.0
2024-09-26 05:58:00+00:00,33,1,106364,20415.75,20419.5,20415.75,20418.75,96,NQ.v.0
2024-09-26 05:59:00+00:00,33,1,106364,20419.0,20421.5,20417.5,20418.5,107,NQ.v.0
2024-09-26 06:00:00+00:00,33,1,106364,20417.75,20425.25,20417.75,20424.0,329,NQ.v.0
2024-09-26 06:01:00+00:00,33,1,106364,20425.0,20434.0,20421.75,20431.25,452,NQ.v.0
2024-09-26 06:02:00+00:00,33,1,106364,20430.75,20432.25,20425.5,20429.25,280,NQ.v.0
2024-09-26 06:03:00+00:00,33,1,106364,20428.75,20435.25,20427.75,20431.75,261,NQ.v.0
2024-09-26 06:04:00+00:00,33,1,106364,20432.5,20433.5,20429.75,20432.5,122,NQ.v.0
2024-09-26 06:05:00+00:00,33,1,106364,20433.0,20444.0,20432.0,20442.5,406,NQ.v.0
2024-09-26 06:06:00+00:00,33,1,106364,20442.5,20444.75,20437.75,20440.75,263,NQ.v.0
2024-09-26 06:07:00+00:00,33,1,106364,20440.5,20445.5,20440.0,20443.0,217,NQ.v.0
2024-09-26 06:08:00+00:00,33,1,106364,20443.25,20446.5,20441.75,20442.5,158,NQ.v.0
2024-09-26 06:09:00+00:00,33,1,106364,20443.5,20444.0,20439.25,20441.25,143,NQ.v.0
2024-09-26 06:10:00+00:00,33,1,106364,20441.75,20444.0,20440.0,20442.0,127,NQ.v.0
2024-09-26 06:11:00+00:00,33,1,106364,20442.0,20448.25,20441.5,20445.5,148,NQ.v.0
2024-09-26 06:12:00+00:00,33,1,106364,20446.75,20458.75,20446.75,20458.75,566,NQ.v.0
2024-09-26 06:13:00+00:00,33,1,106364,20458.75,20459.0,20453.0,20456.25,175,NQ.v.0
2024-09-26 06:14:00+00:00,33,1,106364,20456.0,20461.75,20456.0,20459.0,261,NQ.v.0
2024-09-26 06:15:00+00:00,33,1,106364,20459.5,20460.0,20457.0,20460.0,167,NQ.v.0
2024-09-26 06:16:00+00:00,33,1,106364,20459.5,20459.5,20449.5,20451.0,261,NQ.v.0
2024-09-26 06:17:00+00:00,33,1,106364,20450.5,20458.5,20449.5,20455.0,153,NQ.v.0
2024-09-26 06:18:00+00:00,33,1,106364,20455.25,20455.75,20448.25,20450.5,150,NQ.v.0
2024-09-26 06:19:00+00:00,33,1,106364,20450.5,20453.75,20449.5,20452.5,157,NQ.v.0
2024-09-26 06:20:00+00:00,33,1,106364,20453.0,20456.0,20451.5,20453.0,206,NQ.v.0
2024-09-26 06:21:00+00:00,33,1,106364,20452.25,20452.5,20447.0,20448.0,165,NQ.v.0
2024-09-26 06:22:00+00:00,33,1,106364,20448.75,20450.75,20445.5,20450.75,132,NQ.v.0
2024-09-26 06:23:00+00:00,33,1,106364,20450.0,20451.5,20448.0,20450.0,77,NQ.v.0
2024-09-26 06:24:00+00:00,33,1,106364,20449.75,20451.25,20445.5,20447.25,93,NQ.v.0
2024-09-26 06:25:00+00:00,33,1,106364,20447.75,20448.25,20442.75,20445.75,131,NQ.v.0
2024-09-26 06:26:00+00:00,33,1,106364,20445.75,20446.75,20440.25,20440.5,196,NQ.v.0
2024-09-26 06:27:00+00:00,33,1,106364,20440.5,20445.75,20440.25,20445.0,67,NQ.v.0
2024-09-26 06:28:00+00:00,33,1,106364,20444.0,20445.5,20440.5,20444.75,79,NQ.v.0
2024-09-26 06:29:00+00:00,33,1,106364,20444.5,20444.5,20440.25,20440.25,73,NQ.v.0
2024-09-26 06:30:00+00:00,33,1,106364,20441.0,20442.75,20436.0,20437.25,156,NQ.v.0
2024-09-26 06:31:00+00:00,33,1,106364,20437.5,20441.0,20435.75,20439.75,154,NQ.v.0
2024-09-26 06:32:00+00:00,33,1,106364,20439.5,20445.5,20439.25,20443.0,142,NQ.v.0
2024-09-26 06:33:00+00:00,33,1,106364,20442.0,20446.5,20441.25,20445.25,123,NQ.v.0
2024-09-26 06:34:00+00:00,33,1,106364,20445.5,20446.0,20440.25,20440.25,61,NQ.v.0
2024-09-26 06:35:00+00:00,33,1,106364,20441.0,20443.0,20439.0,20439.75,110,NQ.v.0
2024-09-26 06:36:00+00:00,33,1,106364,20439.25,20443.75,20439.25,20443.5,72,NQ.v.0
2024-09-26 06:37:00+00:00,33,1,106364,20443.0,20447.75,20443.0,20446.5,87,NQ.v.0
2024-09-26 06:38:00+00:00,33,1,106364,20446.0,20448.25,20445.25,20445.5,69,NQ.v.0
2024-09-26 06:39:00+00:00,33,1,106364,20444.5,20447.25,20442.25,20443.75,61,NQ.v.0
2024-09-26 06:40:00+00:00,33,1,106364,20442.5,20446.0,20441.25,20445.5,44,NQ.v.0
2024-09-26 06:41:00+00:00,33,1,106364,20445.5,20449.5,20445.5,20449.5,71,NQ.v.0
2024-09-26 06:42:00+00:00,33,1,106364,20448.75,20449.0,20444.0,20444.0,72,NQ.v.0
2024-09-26 06:43:00+00:00,33,1,106364,20444.0,20445.0,20439.25,20442.75,138,NQ.v.0
2024-09-26 06:44:00+00:00,33,1,106364,20442.75,20443.25,20439.75,20440.0,95,NQ.v.0
2024-09-26 06:45:00+00:00,33,1,106364,20440.0,20448.0,20438.5,20447.0,107,NQ.v.0
2024-09-26 06:46:00+00:00,33,1,106364,20447.0,20448.75,20445.25,20445.25,68,NQ.v.0
2024-09-26 06:47:00+00:00,33,1,106364,20445.25,20453.0,20445.25,20451.5,98,NQ.v.0
2024-09-26 06:48:00+00:00,33,1,106364,20450.75,20454.75,20450.5,20453.0,61,NQ.v.0
2024-09-26 06:49:00+00:00,33,1,106364,20452.25,20457.5,20452.0,20456.5,140,NQ.v.0
2024-09-26 06:50:00+00:00,33,1,106364,20456.0,20456.25,20452.75,20455.25,44,NQ.v.0
2024-09-26 06:51:00+00:00,33,1,106364,20454.0,20454.5,20450.0,20452.25,101,NQ.v.0
2024-09-26 06:52:00+00:00,33,1,106364,20452.5,20454.5,20451.75,20452.25,33,NQ.v.0
2024-09-26 06:53:00+00:00,33,1,106364,20453.25,20457.75,20453.25,20456.0,68,NQ.v.0
2024-09-26 06:54:00+00:00,33,1,106364,20455.5,20459.0,20455.5,20459.0,62,NQ.v.0
2024-09-26 06:55:00+00:00,33,1,106364,20457.75,20465.0,20456.75,20463.5,185,NQ.v.0
2024-09-26 06:56:00+00:00,33,1,106364,20462.75,20464.25,20460.75,20461.75,161,NQ.v.0
2024-09-26 06:57:00+00:00,33,1,106364,20460.75,20461.0,20458.5,20459.5,100,NQ.v.0
2024-09-26 06:58:00+00:00,33,1,106364,20460.0,20460.75,20456.25,20456.5,70,NQ.v.0
2024-09-26 06:59:00+00:00,33,1,106364,20455.75,20461.25,20454.0,20457.0,113,NQ.v.0
2024-09-26 07:00:00+00:00,33,1,106364,20458.75,20472.75,20458.75,20466.75,482,NQ.v.0
2024-09-26 07:01:00+00:00,33,1,106364,20467.0,20468.75,20461.75,20463.5,147,NQ.v.0
2024-09-26 07:02:00+00:00,33,1,106364,20465.0,20468.25,20464.0,20464.25,193,NQ.v.0
2024-09-26 07:03:00+00:00,33,1,106364,20465.25,20469.75,20462.5,20464.25,152,NQ.v.0
2024-09-26 07:04:00+00:00,33,1,106364,20465.5,20467.25,20459.25,20465.5,155,NQ.v.0
2024-09-26 07:05:00+00:00,33,1,106364,20465.0,20467.75,20463.25,20465.0,122,NQ.v.0
2024-09-26 07:06:00+00:00,33,1,106364,20465.25,20472.5,20462.75,20467.25,315,NQ.v.0
2024-09-26 07:07:00+00:00,33,1,106364,20467.75,20469.25,20460.75,20462.75,157,NQ.v.0
2024-09-26 07:08:00+00:00,33,1,106364,20463.5,20466.25,20462.25,20465.0,121,NQ.v.0
2024-09-26 07:09:00+00:00,33,1,106364,20466.75,20467.75,20461.5,20462.25,90,NQ.v.0
2024-09-26 07:10:00+00:00,33,1,106364,20461.75,20462.25,20456.75,20460.75,259,NQ.v.0
2024-09-26 07:11:00+00:00,33,1,106364,20460.25,20461.5,20451.0,20452.75,198,NQ.v.0
2024-09-26 07:12:00+00:00,33,1,106364,20454.25,20456.75,20452.75,20456.25,120,NQ.v.0
2024-09-26 07:13:00+00:00,33,1,106364,20457.0,20460.75,20457.0,20459.25,134,NQ.v.0
2024-09-26 07:14:00+00:00,33,1,106364,20460.0,20463.0,20457.0,20460.0,125,NQ.v.0
2024-09-26 07:15:00+00:00,33,1,106364,20461.0,20469.75,20460.75,20468.75,164,NQ.v.0
2024-09-26 07:16:00+00:00,33,1,106364,20469.25,20471.0,20464.25,20467.0,129,NQ.v.0
2024-09-26 07:17:00+00:00,33,1,106364,20466.25,20467.5,20463.5,20467.5,82,NQ.v.0
2024-09-26 07:18:00+00:00,33,1,106364,20468.0,20468.0,20462.0,20466.0,63,NQ.v.0
2024-09-26 07:19:00+00:00,33,1,106364,20466.25,20467.75,20464.75,20466.25,76,NQ.v.0
2024-09-26 07:20:00+00:00,33,1,106364,20467.0,20470.5,20465.75,20466.75,210,NQ.v.0
2024-09-26 07:21:00+00:00,33,1,106364,20467.25,20467.75,20464.25,20467.0,92,NQ.v.0
2024-09-26 07:22:00+00:00,33,1,106364,20467.5,20468.25,20465.75,20468.0,289,NQ.v.0
2024-09-26 07:23:00+00:00,33,1,106364,20468.0,20471.0,20466.5,20468.25,212,NQ.v.0
2024-09-26 07:24:00+00:00,33,1,106364,20468.0,20469.0,20464.5,20464.5,114,NQ.v.0
2024-09-26 07:25:00+00:00,33,1,106364,20465.0,20472.0,20465.0,20466.5,104,NQ.v.0
2024-09-26 07:26:00+00:00,33,1,106364,20466.75,20469.25,20465.0,20467.75,89,NQ.v.0
2024-09-26 07:27:00+00:00,33,1,106364,20468.25,20468.75,20465.25,20468.5,68,NQ.v.0
2024-09-26 07:28:00+00:00,33,1,106364,20467.75,20471.5,20467.75,20469.25,92,NQ.v.0
2024-09-26 07:29:00+00:00,33,1,106364,20469.0,20469.25,20466.0,20468.5,91,NQ.v.0
2024-09-26 07:30:00+00:00,33,1,106364,20469.0,20471.25,20451.25,20458.75,716,NQ.v.0
2024-09-26 07:31:00+00:00,33,1,106364,20458.0,20463.5,20454.25,20462.25,193,NQ.v.0
2024-09-26 07:32:00+00:00,33,1,106364,20462.0,20468.0,20461.75,20468.0,126,NQ.v.0
2024-09-26 07:33:00+00:00,33,1,106364,20467.75,20476.25,20464.25,20476.0,314,NQ.v.0
2024-09-26 07:34:00+00:00,33,1,106364,20475.25,20481.5,20470.25,20471.25,321,NQ.v.0
2024-09-26 07:35:00+00:00,33,1,106364,20470.25,20473.0,20466.75,20473.0,147,NQ.v.0
2024-09-26 07:36:00+00:00,33,1,106364,20473.0,20479.75,20469.75,20474.5,197,NQ.v.0
2024-09-26 07:37:00+00:00,33,1,106364,20474.5,20480.75,20474.5,20480.25,157,NQ.v.0
2024-09-26 07:38:00+00:00,33,1,106364,20480.75,20483.0,20478.0,20480.25,160,NQ.v.0
2024-09-26 07:39:00+00:00,33,1,106364,20481.25,20486.5,20478.0,20479.75,191,NQ.v.0
2024-09-26 07:40:00+00:00,33,1,106364,20480.5,20485.0,20479.5,20482.5,79,NQ.v.0
2024-09-26 07:41:00+00:00,33,1,106364,20483.25,20489.5,20483.25,20488.0,190,NQ.v.0
2024-09-26 07:42:00+00:00,33,1,106364,20488.25,20490.75,20486.75,20488.5,118,NQ.v.0
2024-09-26 07:43:00+00:00,33,1,106364,20489.25,20496.5,20488.5,20496.0,305,NQ.v.0
2024-09-26 07:44:00+00:00,33,1,106364,20496.25,20496.5,20489.0,20491.75,173,NQ.v.0
2024-09-26 07:45:00+00:00,33,1,106364,20491.5,20492.25,20488.0,20490.5,130,NQ.v.0
2024-09-26 07:46:00+00:00,33,1,106364,20490.25,20491.25,20487.0,20490.75,108,NQ.v.0
2024-09-26 07:47:00+00:00,33,1,106364,20492.0,20492.25,20488.25,20490.5,44,NQ.v.0
2024-09-26 07:48:00+00:00,33,1,106364,20491.0,20493.0,20489.75,20490.25,60,NQ.v.0
2024-09-26 07:49:00+00:00,33,1,106364,20489.75,20492.0,20489.0,20489.5,80,NQ.v.0
2024-09-26 07:50:00+00:00,33,1,106364,20490.0,20495.0,20487.5,20495.0,250,NQ.v.0
2024-09-26 07:51:00+00:00,33,1,106364,20495.0,20499.75,20494.25,20498.0,303,NQ.v.0
2024-09-26 07:52:00+00:00,33,1,106364,20498.25,20499.75,20492.0,20492.75,205,NQ.v.0
2024-09-26 07:53:00+00:00,33,1,106364,20494.0,20494.5,20487.5,20489.0,134,NQ.v.0
2024-09-26 07:54:00+00:00,33,1,106364,20489.5,20492.0,20487.25,20491.5,114,NQ.v.0
2024-09-26 07:55:00+00:00,33,1,106364,20491.5,20493.25,20488.0,20488.0,82,NQ.v.0
2024-09-26 07:56:00+00:00,33,1,106364,20488.75,20490.75,20487.0,20489.75,107,NQ.v.0
2024-09-26 07:57:00+00:00,33,1,106364,20490.0,20491.25,20487.5,20488.75,66,NQ.v.0
2024-09-26 07:58:00+00:00,33,1,106364,20490.0,20491.75,20488.0,20488.0,59,NQ.v.0
2024-09-26 07:59:00+00:00,33,1,106364,20488.5,20489.75,20481.75,20483.0,301,NQ.v.0
2024-09-26 08:00:00+00:00,33,1,106364,20483.75,20488.25,20474.0,20478.5,643,NQ.v.0
2024-09-26 08:01:00+00:00,33,1,106364,20478.5,20487.5,20477.75,20480.75,378,NQ.v.0
2024-09-26 08:02:00+00:00,33,1,106364,20480.5,20483.0,20478.5,20480.5,164,NQ.v.0
2024-09-26 08:03:00+00:00,33,1,106364,20480.0,20480.5,20471.25,20473.75,219,NQ.v.0
2024-09-26 08:04:00+00:00,33,1,106364,20472.75,20473.75,20468.0,20469.5,358,NQ.v.0
2024-09-26 08:05:00+00:00,33,1,106364,20469.75,20474.0,20469.75,20473.75,180,NQ.v.0
2024-09-26 08:06:00+00:00,33,1,106364,20474.0,20475.25,20468.75,20474.5,199,NQ.v.0
2024-09-26 08:07:00+00:00,33,1,106364,20474.75,20476.25,20470.0,20473.5,90,NQ.v.0
2024-09-26 08:08:00+00:00,33,1,106364,20473.75,20476.25,20469.75,20475.25,114,NQ.v.0
2024-09-26 08:09:00+00:00,33,1,106364,20474.5,20477.5,20467.5,20469.75,148,NQ.v.0
2024-09-26 08:10:00+00:00,33,1,106364,20469.25,20470.5,20463.75,20470.5,196,NQ.v.0
2024-09-26 08:11:00+00:00,33,1,106364,20471.75,20477.25,20471.75,20476.75,149,NQ.v.0
2024-09-26 08:12:00+00:00,33,1,106364,20477.0,20483.75,20475.75,20483.75,204,NQ.v.0
2024-09-26 08:13:00+00:00,33,1,106364,20483.0,20487.5,20481.75,20486.75,127,NQ.v.0
2024-09-26 08:14:00+00:00,33,1,106364,20487.25,20488.5,20481.25,20483.25,122,NQ.v.0
2024-09-26 08:15:00+00:00,33,1,106364,20484.0,20486.25,20481.75,20486.25,104,NQ.v.0
2024-09-26 08:16:00+00:00,33,1,106364,20485.5,20487.0,20482.5,20483.5,54,NQ.v.0
2024-09-26 08:17:00+00:00,33,1,106364,20484.0,20484.5,20478.0,20478.5,123,NQ.v.0
2024-09-26 08:18:00+00:00,33,1,106364,20478.5,20479.5,20471.5,20472.5,175,NQ.v.0
2024-09-26 08:19:00+00:00,33,1,106364,20472.5,20477.75,20471.75,20476.25,112,NQ.v.0
2024-09-26 08:20:00+00:00,33,1,106364,20477.0,20479.0,20474.25,20475.75,126,NQ.v.0
2024-09-26 08:21:00+00:00,33,1,106364,20475.75,20476.75,20473.75,20474.75,78,NQ.v.0
2024-09-26 08:22:00+00:00,33,1,106364,20475.5,20477.5,20473.75,20476.0,68,NQ.v.0
2024-09-26 08:23:00+00:00,33,1,106364,20476.0,20477.0,20473.75,20475.75,75,NQ.v.0
2024-09-26 08:24:00+00:00,33,1,106364,20475.0,20476.5,20474.0,20476.25,65,NQ.v.0
2024-09-26 08:25:00+00:00,33,1,106364,20477.5,20478.75,20472.5,20472.75,130,NQ.v.0
2024-09-26 08:26:00+00:00,33,1,106364,20473.75,20477.0,20468.75,20472.5,146,NQ.v.0
2024-09-26 08:27:00+00:00,33,1,106364,20472.75,20480.25,20472.0,20479.75,190,NQ.v.0
2024-09-26 08:28:00+00:00,33,1,106364,20480.25,20480.25,20472.5,20472.75,114,NQ.v.0
2024-09-26 08:29:00+00:00,33,1,106364,20473.5,20474.75,20470.0,20474.25,106,NQ.v.0
2024-09-26 08:30:00+00:00,33,1,106364,20473.75,20478.5,20473.5,20476.0,118,NQ.v.0
2024-09-26 08:31:00+00:00,33,1,106364,20475.75,20480.75,20474.0,20479.0,88,NQ.v.0
2024-09-26 08:32:00+00:00,33,1,106364,20480.0,20480.75,20477.25,20477.25,51,NQ.v.0
2024-09-26 08:33:00+00:00,33,1,106364,20478.25,20482.0,20477.5,20480.0,133,NQ.v.0
2024-09-26 08:34:00+00:00,33,1,106364,20480.25,20480.5,20476.5,20479.5,168,NQ.v.0
2024-09-26 08:35:00+00:00,33,1,106364,20480.0,20485.0,20479.25,20482.75,216,NQ.v.0
2024-09-26 08:36:00+00:00,33,1,106364,20483.0,20485.25,20477.75,20479.5,136,NQ.v.0
2024-09-26 08:37:00+00:00,33,1,106364,20479.5,20479.5,20473.0,20475.0,116,NQ.v.0
2024-09-26 08:38:00+00:00,33,1,106364,20475.75,20476.5,20471.75,20472.0,88,NQ.v.0
2024-09-26 08:39:00+00:00,33,1,106364,20472.75,20473.0,20467.0,20471.75,224,NQ.v.0
2024-09-26 08:40:00+00:00,33,1,106364,20472.0,20472.0,20465.5,20465.5,155,NQ.v.0
2024-09-26 08:41:00+00:00,33,1,106364,20466.75,20468.0,20466.0,20466.75,54,NQ.v.0
2024-09-26 08:42:00+00:00,33,1,106364,20467.25,20467.25,20460.75,20461.0,177,NQ.v.0
2024-09-26 08:43:00+00:00,33,1,106364,20460.75,20462.5,20455.25,20456.75,220,NQ.v.0
2024-09-26 08:44:00+00:00,33,1,106364,20456.75,20461.5,20456.75,20461.25,109,NQ.v.0
2024-09-26 08:45:00+00:00,33,1,106364,20461.75,20467.75,20461.5,20467.75,154,NQ.v.0
2024-09-26 08:46:00+00:00,33,1,106364,20467.5,20468.25,20464.75,20467.75,82,NQ.v.0
2024-09-26 08:47:00+00:00,33,1,106364,20467.75,20469.75,20464.25,20464.25,108,NQ.v.0
2024-09-26 08:48:00+00:00,33,1,106364,20464.75,20465.0,20461.0,20462.75,125,NQ.v.0
2024-09-26 08:49:00+00:00,33,1,106364,20462.75,20463.0,20458.25,20458.75,76,NQ.v.0
2024-09-26 08:50:00+00:00,33,1,106364,20460.0,20463.75,20456.0,20463.75,131,NQ.v.0
2024-09-26 08:51:00+00:00,33,1,106364,20464.0,20466.0,20462.25,20466.0,74,NQ.v.0
2024-09-26 08:52:00+00:00,33,1,106364,20465.75,20467.0,20462.0,20463.0,43,NQ.v.0
2024-09-26 08:53:00+00:00,33,1,106364,20462.25,20462.75,20458.25,20459.75,83,NQ.v.0
2024-09-26 08:54:00+00:00,33,1,106364,20459.75,20462.75,20459.0,20462.0,68,NQ.v.0
2024-09-26 08:55:00+00:00,33,1,106364,20462.75,20464.5,20462.0,20464.0,79,NQ.v.0
2024-09-26 08:56:00+00:00,33,1,106364,20465.0,20465.5,20461.0,20461.0,71,NQ.v.0
2024-09-26 08:57:00+00:00,33,1,106364,20461.5,20465.75,20461.25,20465.0,59,NQ.v.0
2024-09-26 08:58:00+00:00,33,1,106364,20465.75,20468.0,20465.75,20467.5,82,NQ.v.0
2024-09-26 08:59:00+00:00,33,1,106364,20467.5,20467.5,20465.75,20467.25,32,NQ.v.0
2024-09-26 09:00:00+00:00,33,1,106364,20467.0,20467.5,20464.5,20465.25,144,NQ.v.0
2024-09-26 09:01:00+00:00,33,1,106364,20465.75,20467.25,20463.0,20463.0,37,NQ.v.0
2024-09-26 09:02:00+00:00,33,1,106364,20463.0,20464.25,20456.75,20456.75,87,NQ.v.0
2024-09-26 09:03:00+00:00,33,1,106364,20456.25,20462.0,20456.25,20461.0,95,NQ.v.0
2024-09-26 09:04:00+00:00,33,1,106364,20461.25,20465.0,20461.0,20463.0,90,NQ.v.0
2024-09-26 09:05:00+00:00,33,1,106364,20463.25,20464.5,20458.5,20462.75,71,NQ.v.0
2024-09-26 09:06:00+00:00,33,1,106364,20463.25,20463.25,20460.5,20462.5,54,NQ.v.0
2024-09-26 09:07:00+00:00,33,1,106364,20463.0,20463.5,20459.75,20461.5,55,NQ.v.0
2024-09-26 09:08:00+00:00,33,1,106364,20461.5,20466.75,20461.5,20466.5,58,NQ.v.0
2024-09-26 09:09:00+00:00,33,1,106364,20465.5,20465.75,20460.25,20460.75,77,NQ.v.0
2024-09-26 09:10:00+00:00,33,1,106364,20460.75,20461.5,20457.25,20457.25,97,NQ.v.0
2024-09-26 09:11:00+00:00,33,1,106364,20457.25,20457.5,20450.5,20452.0,240,NQ.v.0
2024-09-26 09:12:00+00:00,33,1,106364,20452.0,20461.25,20452.0,20460.75,114,NQ.v.0
2024-09-26 09:13:00+00:00,33,1,106364,20461.25,20464.75,20459.5,20464.25,86,NQ.v.0
2024-09-26 09:14:00+00:00,33,1,106364,20464.0,20465.25,20462.5,20465.25,59,NQ.v.0
2024-09-26 09:15:00+00:00,33,1,106364,20464.75,20465.0,20459.0,20459.75,49,NQ.v.0
2024-09-26 09:16:00+00:00,33,1,106364,20459.0,20461.0,20457.75,20459.5,42,NQ.v.0
2024-09-26 09:17:00+00:00,33,1,106364,20460.0,20460.0,20457.0,20459.25,28,NQ.v.0
2024-09-26 09:18:00+00:00,33,1,106364,20458.5,20462.0,20458.5,20461.25,26,NQ.v.0
2024-09-26 09:19:00+00:00,33,1,106364,20461.25,20462.0,20460.75,20461.75,14,NQ.v.0
2024-09-26 09:20:00+00:00,33,1,106364,20461.5,20464.5,20460.25,20461.25,36,NQ.v.0
2024-09-26 09:21:00+00:00,33,1,106364,20461.25,20464.75,20459.75,20464.5,40,NQ.v.0
2024-09-26 09:22:00+00:00,33,1,106364,20464.75,20464.75,20462.75,20463.0,23,NQ.v.0
2024-09-26 09:23:00+00:00,33,1,106364,20463.0,20463.5,20459.75,20460.25,33,NQ.v.0
2024-09-26 09:24:00+00:00,33,1,106364,20461.25,20462.25,20460.75,20460.75,33,NQ.v.0
2024-09-26 09:25:00+00:00,33,1,106364,20460.75,20463.0,20459.75,20461.5,59,NQ.v.0
2024-09-26 09:26:00+00:00,33,1,106364,20461.0,20474.0,20460.75,20472.75,474,NQ.v.0
2024-09-26 09:27:00+00:00,33,1,106364,20472.5,20472.5,20466.75,20466.75,142,NQ.v.0
2024-09-26 09:28:00+00:00,33,1,106364,20467.75,20473.5,20467.0,20472.0,62,NQ.v.0
2024-09-26 09:29:00+00:00,33,1,106364,20471.5,20471.5,20466.5,20466.5,72,NQ.v.0
2024-09-26 09:30:00+00:00,33,1,106364,20467.0,20467.25,20461.5,20464.0,112,NQ.v.0
2024-09-26 09:31:00+00:00,33,1,106364,20464.5,20465.75,20463.25,20464.25,83,NQ.v.0
2024-09-26 09:32:00+00:00,33,1,106364,20464.25,20465.25,20463.0,20463.5,40,NQ.v.0
2024-09-26 09:33:00+00:00,33,1,106364,20464.25,20467.5,20463.75,20465.0,66,NQ.v.0
2024-09-26 09:34:00+00:00,33,1,106364,20463.75,20466.25,20463.75,20465.5,35,NQ.v.0
2024-09-26 09:35:00+00:00,33,1,106364,20465.5,20466.0,20463.0,20463.5,55,NQ.v.0
2024-09-26 09:36:00+00:00,33,1,106364,20463.0,20465.25,20462.75,20464.5,26,NQ.v.0
2024-09-26 09:37:00+00:00,33,1,106364,20465.25,20472.0,20464.75,20470.0,163,NQ.v.0
2024-09-26 09:38:00+00:00,33,1,106364,20471.0,20472.0,20469.5,20471.25,53,NQ.v.0
2024-09-26 09:39:00+00:00,33,1,106364,20472.0,20476.25,20471.0,20476.25,140,NQ.v.0
2024-09-26 09:40:00+00:00,33,1,106364,20476.0,20477.25,20473.5,20476.75,164,NQ.v.0
2024-09-26 09:41:00+00:00,33,1,106364,20476.5,20476.75,20472.25,20474.0,175,NQ.v.0
2024-09-26 09:42:00+00:00,33,1,106364,20473.0,20474.0,20470.5,20473.25,78,NQ.v.0
2024-09-26 09:43:00+00:00,33,1,106364,20472.5,20472.75,20467.25,20467.25,70,NQ.v.0
2024-09-26 09:44:00+00:00,33,1,106364,20467.5,20472.25,20466.75,20470.0,131,NQ.v.0
2024-09-26 09:45:00+00:00,33,1,106364,20469.5,20472.75,20469.5,20471.0,92,NQ.v.0
2024-09-26 09:46:00+00:00,33,1,106364,20471.25,20476.0,20470.5,20475.75,131,NQ.v.0
2024-09-26 09:47:00+00:00,33,1,106364,20475.25,20476.0,20470.25,20470.25,155,NQ.v.0
2024-09-26 09:48:00+00:00,33,1,106364,20471.25,20472.25,20470.0,20470.75,120,NQ.v.0
2024-09-26 09:49:00+00:00,33,1,106364,20471.25,20471.25,20470.0,20471.0,38,NQ.v.0
2024-09-26 09:50:00+00:00,33,1,106364,20470.75,20471.0,20467.75,20467.75,85,NQ.v.0
2024-09-26 09:51:00+00:00,33,1,106364,20467.75,20469.0,20466.0,20468.5,70,NQ.v.0
2024-09-26 09:52:00+00:00,33,1,106364,20469.25,20471.0,20468.5,20470.25,69,NQ.v.0
2024-09-26 09:53:00+00:00,33,1,106364,20470.5,20471.0,20468.0,20468.25,63,NQ.v.0
2024-09-26 09:54:00+00:00,33,1,106364,20468.0,20468.0,20465.5,20465.5,43,NQ.v.0
2024-09-26 09:55:00+00:00,33,1,106364,20465.5,20467.25,20463.0,20467.0,184,NQ.v.0
2024-09-26 09:56:00+00:00,33,1,106364,20467.5,20470.0,20467.0,20469.25,186,NQ.v.0
2024-09-26 09:57:00+00:00,33,1,106364,20469.5,20471.0,20469.0,20469.75,141,NQ.v.0
2024-09-26 09:58:00+00:00,33,1,106364,20470.25,20470.5,20467.25,20469.0,104,NQ.v.0
2024-09-26 09:59:00+00:00,33,1,106364,20468.25,20469.25,20467.75,20469.25,70,NQ.v.0
2024-09-26 10:00:00+00:00,33,1,106364,20468.25,20469.0,20465.5,20465.5,80,NQ.v.0
2024-09-26 10:01:00+00:00,33,1,106364,20465.5,20466.5,20464.5,20465.5,58,NQ.v.0
2024-09-26 10:02:00+00:00,33,1,106364,20465.5,20467.75,20464.75,20466.25,87,NQ.v.0
2024-09-26 10:03:00+00:00,33,1,106364,20466.5,20468.25,20465.5,20467.0,40,NQ.v.0
2024-09-26 10:04:00+00:00,33,1,106364,20467.5,20468.75,20466.25,20467.0,65,NQ.v.0
2024-09-26 10:05:00+00:00,33,1,106364,20466.75,20468.25,20463.75,20464.5,103,NQ.v.0
2024-09-26 10:06:00+00:00,33,1,106364,20465.5,20465.5,20462.25,20463.5,72,NQ.v.0
2024-09-26 10:07:00+00:00,33,1,106364,20462.75,20463.5,20461.75,20462.5,59,NQ.v.0
2024-09-26 10:08:00+00:00,33,1,106364,20462.25,20464.0,20461.25,20463.5,46,NQ.v.0
2024-09-26 10:09:00+00:00,33,1,106364,20463.25,20464.25,20461.0,20464.25,71,NQ.v.0
2024-09-26 10:10:00+00:00,33,1,106364,20464.0,20464.0,20461.5,20463.0,25,NQ.v.0
2024-09-26 10:11:00+00:00,33,1,106364,20463.0,20464.0,20461.5,20464.0,41,NQ.v.0
2024-09-26 10:12:00+00:00,33,1,106364,20463.5,20463.5,20460.75,20461.0,55,NQ.v.0
2024-09-26 10:13:00+00:00,33,1,106364,20461.0,20463.0,20461.0,20463.0,35,NQ.v.0
2024-09-26 10:14:00+00:00,33,1,106364,20463.75,20466.5,20463.75,20465.0,58,NQ.v.0
2024-09-26 10:15:00+00:00,33,1,106364,20465.0,20468.75,20465.0,20468.75,74,NQ.v.0
2024-09-26 10:16:00+00:00,33,1,106364,20468.5,20470.0,20467.5,20469.5,73,NQ.v.0
2024-09-26 10:17:00+00:00,33,1,106364,20469.5,20471.0,20468.5,20469.5,51,NQ.v.0
2024-09-26 10:18:00+00:00,33,1,106364,20470.0,20471.5,20470.0,20471.0,49,NQ.v.0
2024-09-26 10:19:00+00:00,33,1,106364,20471.0,20472.0,20470.0,20471.25,35,NQ.v.0
2024-09-26 10:20:00+00:00,33,1,106364,20471.75,20473.25,20469.0,20469.0,70,NQ.v.0
2024-09-26 10:21:00+00:00,33,1,106364,20469.25,20470.75,20468.5,20468.75,28,NQ.v.0
2024-09-26 10:22:00+00:00,33,1,106364,20468.25,20469.75,20468.0,20469.5,36,NQ.v.0
2024-09-26 10:23:00+00:00,33,1,106364,20469.25,20470.5,20468.75,20470.5,29,NQ.v.0
2024-09-26 10:24:00+00:00,33,1,106364,20469.5,20473.0,20469.5,20473.0,46,NQ.v.0
2024-09-26 10:25:00+00:00,33,1,106364,20472.75,20473.0,20471.25,20472.75,47,NQ.v.0
2024-09-26 10:26:00+00:00,33,1,106364,20472.5,20472.5,20469.25,20469.25,35,NQ.v.0
2024-09-26 10:27:00+00:00,33,1,106364,20469.0,20476.5,20469.0,20476.25,234,NQ.v.0
2024-09-26 10:28:00+00:00,33,1,106364,20476.25,20477.5,20475.25,20476.25,95,NQ.v.0
2024-09-26 10:29:00+00:00,33,1,106364,20475.25,20478.75,20474.25,20476.25,93,NQ.v.0
2024-09-26 10:30:00+00:00,33,1,106364,20477.0,20480.75,20477.0,20480.75,97,NQ.v.0
2024-09-26 10:31:00+00:00,33,1,106364,20480.5,20481.5,20478.25,20479.0,79,NQ.v.0
2024-09-26 10:32:00+00:00,33,1,106364,20478.5,20479.0,20475.75,20477.5,61,NQ.v.0
2024-09-26 10:33:00+00:00,33,1,106364,20477.75,20481.75,20477.75,20479.25,72,NQ.v.0
2024-09-26 10:34:00+00:00,33,1,106364,20478.0,20478.5,20475.0,20475.75,58,NQ.v.0
2024-09-26 10:35:00+00:00,33,1,106364,20475.0,20475.5,20473.75,20475.5,55,NQ.v.0
2024-09-26 10:36:00+00:00,33,1,106364,20475.75,20475.75,20473.25,20474.5,30,NQ.v.0
2024-09-26 10:37:00+00:00,33,1,106364,20475.0,20475.75,20472.5,20475.0,97,NQ.v.0
2024-09-26 10:38:00+00:00,33,1,106364,20474.75,20475.0,20471.25,20471.5,76,NQ.v.0
2024-09-26 10:39:00+00:00,33,1,106364,20472.0,20476.5,20472.0,20475.0,98,NQ.v.0
2024-09-26 10:40:00+00:00,33,1,106364,20476.0,20481.0,20475.75,20480.5,118,NQ.v.0
2024-09-26 10:41:00+00:00,33,1,106364,20480.25,20481.5,20479.25,20480.75,43,NQ.v.0
2024-09-26 10:42:00+00:00,33,1,106364,20480.75,20484.5,20480.75,20483.25,110,NQ.v.0
2024-09-26 10:43:00+00:00,33,1,106364,20483.5,20485.25,20482.5,20484.25,80,NQ.v.0
2024-09-26 10:44:00+00:00,33,1,106364,20483.75,20491.0,20483.75,20490.25,332,NQ.v.0
2024-09-26 10:45:00+00:00,33,1,106364,20489.5,20490.5,20487.25,20487.5,200,NQ.v.0
2024-09-26 10:46:00+00:00,33,1,106364,20486.75,20487.25,20485.25,20486.75,135,NQ.v.0
2024-09-26 10:47:00+00:00,33,1,106364,20486.5,20487.0,20485.0,20485.75,56,NQ.v.0
2024-09-26 10:48:00+00:00,33,1,106364,20486.0,20490.5,20486.0,20490.25,99,NQ.v.0
2024-09-26 10:49:00+00:00,33,1,106364,20490.75,20491.25,20488.0,20488.75,68,NQ.v.0
2024-09-26 10:50:00+00:00,33,1,106364,20489.25,20490.75,20486.25,20486.25,55,NQ.v.0
2024-09-26 10:51:00+00:00,33,1,106364,20487.0,20488.5,20486.5,20488.5,39,NQ.v.0
2024-09-26 10:52:00+00:00,33,1,106364,20488.75,20490.25,20488.0,20490.25,44,NQ.v.0
2024-09-26 10:53:00+00:00,33,1,106364,20490.25,20490.25,20485.25,20485.5,96,NQ.v.0
2024-09-26 10:54:00+00:00,33,1,106364,20485.0,20487.25,20484.75,20486.5,45,NQ.v.0
2024-09-26 10:55:00+00:00,33,1,106364,20487.0,20487.0,20483.5,20485.25,60,NQ.v.0
2024-09-26 10:56:00+00:00,33,1,106364,20485.25,20487.5,20484.0,20485.0,59,NQ.v.0
2024-09-26 10:57:00+00:00,33,1,106364,20485.25,20485.5,20482.0,20482.25,87,NQ.v.0
2024-09-26 10:58:00+00:00,33,1,106364,20482.75,20485.5,20480.25,20485.5,253,NQ.v.0
2024-09-26 10:59:00+00:00,33,1,106364,20485.5,20498.25,20485.5,20496.5,561,NQ.v.0
2024-09-26 11:00:00+00:00,33,1,106364,20497.5,20500.0,20482.25,20483.25,782,NQ.v.0
2024-09-26 11:01:00+00:00,33,1,106364,20483.5,20484.25,20479.75,20481.75,136,NQ.v.0
2024-09-26 11:02:00+00:00,33,1,106364,20482.25,20482.25,20478.75,20479.5,102,NQ.v.0
2024-09-26 11:03:00+00:00,33,1,106364,20479.25,20485.5,20476.75,20485.0,136,NQ.v.0
2024-09-26 11:04:00+00:00,33,1,106364,20484.0,20484.0,20481.0,20482.75,85,NQ.v.0
2024-09-26 11:05:00+00:00,33,1,106364,20482.75,20486.0,20482.5,20485.0,66,NQ.v.0
2024-09-26 11:06:00+00:00,33,1,106364,20484.0,20491.75,20482.75,20491.25,164,NQ.v.0
2024-09-26 11:07:00+00:00,33,1,106364,20491.25,20492.5,20489.75,20492.5,75,NQ.v.0
2024-09-26 11:08:00+00:00,33,1,106364,20492.25,20493.0,20487.25,20487.25,171,NQ.v.0
2024-09-26 11:09:00+00:00,33,1,106364,20487.75,20488.5,20485.75,20487.75,62,NQ.v.0
2024-09-26 11:10:00+00:00,33,1,106364,20487.75,20488.25,20484.25,20485.75,73,NQ.v.0
2024-09-26 11:11:00+00:00,33,1,106364,20485.5,20487.75,20485.5,20487.0,75,NQ.v.0
2024-09-26 11:12:00+00:00,33,1,106364,20486.75,20490.75,20486.75,20488.0,104,NQ.v.0
2024-09-26 11:13:00+00:00,33,1,106364,20487.5,20487.5,20482.0,20482.0,82,NQ.v.0
2024-09-26 11:14:00+00:00,33,1,106364,20482.0,20483.25,20479.75,20481.75,70,NQ.v.0
2024-09-26 11:15:00+00:00,33,1,106364,20481.0,20485.0,20481.0,20484.25,67,NQ.v.0
2024-09-26 11:16:00+00:00,33,1,106364,20484.75,20486.0,20482.75,20482.75,131,NQ.v.0
2024-09-26 11:17:00+00:00,33,1,106364,20482.0,20486.25,20481.75,20482.75,79,NQ.v.0
2024-09-26 11:18:00+00:00,33,1,106364,20482.5,20484.0,20481.0,20481.75,86,NQ.v.0
2024-09-26 11:19:00+00:00,33,1,106364,20482.0,20486.75,20481.25,20485.0,73,NQ.v.0
2024-09-26 11:20:00+00:00,33,1,106364,20486.75,20487.25,20483.75,20486.0,133,NQ.v.0
2024-09-26 11:21:00+00:00,33,1,106364,20486.5,20487.5,20479.0,20480.0,210,NQ.v.0
2024-09-26 11:22:00+00:00,33,1,106364,20480.75,20483.75,20478.75,20483.0,131,NQ.v.0
2024-09-26 11:23:00+00:00,33,1,106364,20482.5,20486.25,20482.5,20486.25,72,NQ.v.0
2024-09-26 11:24:00+00:00,33,1,106364,20485.75,20489.75,20485.0,20489.0,116,NQ.v.0
2024-09-26 11:25:00+00:00,33,1,106364,20488.0,20491.75,20488.0,20490.5,82,NQ.v.0
2024-09-26 11:26:00+00:00,33,1,106364,20491.0,20492.5,20489.0,20489.0,63,NQ.v.0
2024-09-26 11:27:00+00:00,33,1,106364,20489.5,20494.75,20489.0,20494.25,93,NQ.v.0
2024-09-26 11:28:00+00:00,33,1,106364,20493.5,20495.5,20491.75,20492.5,74,NQ.v.0
2024-09-26 11:29:00+00:00,33,1,106364,20492.5,20496.0,20492.0,20495.0,156,NQ.v.0
2024-09-26 11:30:00+00:00,33,1,106364,20494.25,20502.75,20494.0,20501.25,247,NQ.v.0
2024-09-26 11:31:00+00:00,33,1,106364,20501.5,20502.0,20498.75,20499.5,271,NQ.v.0
2024-09-26 11:32:00+00:00,33,1,106364,20500.0,20503.75,20499.5,20503.75,129,NQ.v.0
2024-09-26 11:33:00+00:00,33,1,106364,20503.25,20504.75,20498.25,20498.5,165,NQ.v.0
2024-09-26 11:34:00+00:00,33,1,106364,20498.75,20498.75,20493.75,20494.0,128,NQ.v.0
2024-09-26 11:35:00+00:00,33,1,106364,20494.0,20495.5,20493.0,20494.5,100,NQ.v.0
2024-09-26 11:36:00+00:00,33,1,106364,20494.75,20497.5,20492.0,20492.75,160,NQ.v.0
2024-09-26 11:37:00+00:00,33,1,106364,20492.75,20492.75,20487.75,20488.0,120,NQ.v.0
2024-09-26 11:38:00+00:00,33,1,106364,20487.75,20493.0,20487.0,20490.75,130,NQ.v.0
2024-09-26 11:39:00+00:00,33,1,106364,20490.5,20496.25,20490.5,20495.5,85,NQ.v.0
2024-09-26 11:40:00+00:00,33,1,106364,20496.0,20499.25,20494.25,20497.75,92,NQ.v.0
2024-09-26 11:41:00+00:00,33,1,106364,20498.5,20501.25,20496.75,20497.25,134,NQ.v.0
2024-09-26 11:42:00+00:00,33,1,106364,20497.75,20498.25,20494.75,20495.25,40,NQ.v.0
2024-09-26 11:43:00+00:00,33,1,106364,20495.75,20497.25,20490.25,20491.25,69,NQ.v.0
2024-09-26 11:44:00+00:00,33,1,106364,20491.25,20492.0,20490.0,20490.75,46,NQ.v.0
2024-09-26 11:45:00+00:00,33,1,106364,20490.0,20493.0,20486.5,20488.0,216,NQ.v.0
2024-09-26 11:46:00+00:00,33,1,106364,20488.0,20489.5,20483.5,20489.5,286,NQ.v.0
2024-09-26 11:47:00+00:00,33,1,106364,20489.75,20492.0,20487.0,20489.25,92,NQ.v.0
2024-09-26 11:48:00+00:00,33,1,106364,20489.5,20492.0,20488.0,20489.25,186,NQ.v.0
2024-09-26 11:49:00+00:00,33,1,106364,20489.25,20493.5,20489.0,20492.25,82,NQ.v.0
2024-09-26 11:50:00+00:00,33,1,106364,20492.0,20493.5,20491.0,20492.5,74,NQ.v.0
2024-09-26 11:51:00+00:00,33,1,106364,20492.25,20495.5,20490.75,20491.75,166,NQ.v.0
2024-09-26 11:52:00+00:00,33,1,106364,20491.75,20492.25,20488.5,20491.25,57,NQ.v.0
2024-09-26 11:53:00+00:00,33,1,106364,20491.25,20492.5,20486.25,20486.5,110,NQ.v.0
2024-09-26 11:54:00+00:00,33,1,106364,20486.5,20489.0,20484.75,20485.5,131,NQ.v.0
2024-09-26 11:55:00+00:00,33,1,106364,20486.0,20489.75,20486.0,20488.0,210,NQ.v.0
2024-09-26 11:56:00+00:00,33,1,106364,20488.5,20490.5,20486.25,20489.0,128,NQ.v.0
2024-09-26 11:57:00+00:00,33,1,106364,20489.5,20490.5,20484.0,20484.25,127,NQ.v.0
2024-09-26 11:58:00+00:00,33,1,106364,20484.75,20489.75,20484.75,20489.75,88,NQ.v.0
2024-09-26 11:59:00+00:00,33,1,106364,20490.0,20492.75,20484.25,20484.25,174,NQ.v.0
2024-09-26 12:00:00+00:00,33,1,106364,20485.5,20491.25,20484.0,20486.25,244,NQ.v.0
2024-09-26 12:01:00+00:00,33,1,106364,20485.0,20485.25,20479.75,20481.75,166,NQ.v.0
2024-09-26 12:02:00+00:00,33,1,106364,20482.0,20482.5,20478.25,20479.0,209,NQ.v.0
2024-09-26 12:03:00+00:00,33,1,106364,20478.0,20480.0,20477.0,20477.75,205,NQ.v.0
2024-09-26 12:04:00+00:00,33,1,106364,20477.25,20477.25,20474.5,20475.5,173,NQ.v.0
2024-09-26 12:05:00+00:00,33,1,106364,20474.75,20474.75,20468.25,20472.5,234,NQ.v.0
2024-09-26 12:06:00+00:00,33,1,106364,20473.0,20475.25,20467.25,20471.0,196,NQ.v.0
2024-09-26 12:07:00+00:00,33,1,106364,20471.0,20471.0,20465.25,20465.25,178,NQ.v.0
2024-09-26 12:08:00+00:00,33,1,106364,20465.5,20468.75,20464.5,20466.75,179,NQ.v.0
2024-09-26 12:09:00+00:00,33,1,106364,20466.5,20467.5,20463.5,20464.75,165,NQ.v.0
2024-09-26 12:10:00+00:00,33,1,106364,20465.0,20466.75,20462.5,20466.75,147,NQ.v.0
2024-09-26 12:11:00+00:00,33,1,106364,20466.75,20470.5,20466.5,20470.0,178,NQ.v.0
2024-09-26 12:12:00+00:00,33,1,106364,20469.75,20473.75,20469.25,20471.25,172,NQ.v.0
2024-09-26 12:13:00+00:00,33,1,106364,20471.25,20474.75,20469.75,20474.5,201,NQ.v.0
2024-09-26 12:14:00+00:00,33,1,106364,20474.5,20478.0,20474.5,20476.75,132,NQ.v.0
2024-09-26 12:15:00+00:00,33,1,106364,20476.75,20479.5,20473.75,20475.5,429,NQ.v.0
2024-09-26 12:16:00+00:00,33,1,106364,20476.5,20476.75,20473.75,20475.75,170,NQ.v.0
2024-09-26 12:17:00+00:00,33,1,106364,20475.75,20479.5,20475.0,20477.5,164,NQ.v.0
2024-09-26 12:18:00+00:00,33,1,106364,20477.75,20484.75,20477.5,20483.25,503,NQ.v.0
2024-09-26 12:19:00+00:00,33,1,106364,20482.75,20485.75,20481.25,20482.75,154,NQ.v.0
2024-09-26 12:20:00+00:00,33,1,106364,20483.0,20483.0,20478.5,20480.25,122,NQ.v.0
2024-09-26 12:21:00+00:00,33,1,106364,20480.75,20483.75,20480.25,20481.75,93,NQ.v.0
2024-09-26 12:22:00+00:00,33,1,106364,20482.25,20489.0,20482.25,20489.0,187,NQ.v.0
2024-09-26 12:23:00+00:00,33,1,106364,20489.0,20493.0,20488.25,20491.5,233,NQ.v.0
2024-09-26 12:24:00+00:00,33,1,106364,20491.25,20495.5,20490.25,20495.0,203,NQ.v.0
2024-09-26 12:25:00+00:00,33,1,106364,20495.25,20498.5,20493.25,20496.0,193,NQ.v.0
2024-09-26 12:26:00+00:00,33,1,106364,20496.25,20501.0,20494.75,20499.5,238,NQ.v.0
2024-09-26 12:27:00+00:00,33,1,106364,20499.75,20505.75,20499.25,20501.75,449,NQ.v.0
2024-09-26 12:28:00+00:00,33,1,106364,20502.0,20502.25,20496.5,20498.0,205,NQ.v.0
2024-09-26 12:29:00+00:00,33,1,106364,20497.5,20497.5,20490.0,20494.0,217,NQ.v.0
2024-09-26 12:30:00+00:00,33,1,106364,20495.25,20508.0,20480.0,20494.5,987,NQ.v.0
2024-09-26 12:31:00+00:00,33,1,106364,20492.75,20497.5,20485.75,20490.75,421,NQ.v.0
2024-09-26 12:32:00+00:00,33,1,106364,20490.75,20495.5,20479.25,20495.5,427,NQ.v.0
2024-09-26 12:33:00+00:00,33,1,106364,20495.75,20505.5,20493.0,20500.5,404,NQ.v.0
2024-09-26 12:34:00+00:00,33,1,106364,20501.75,20502.5,20490.5,20498.25,360,NQ.v.0
2024-09-26 12:35:00+00:00,33,1,106364,20499.0,20508.5,20498.75,20501.5,435,NQ.v.0
2024-09-26 12:36:00+00:00,33,1,106364,20501.25,20501.75,20495.0,20500.25,232,NQ.v.0
2024-09-26 12:37:00+00:00,33,1,106364,20499.75,20503.0,20493.75,20495.0,206,NQ.v.0
2024-09-26 12:38:00+00:00,33,1,106364,20495.25,20495.25,20483.5,20485.0,444,NQ.v.0
2024-09-26 12:39:00+00:00,33,1,106364,20485.5,20489.75,20483.0,20488.5,236,NQ.v.0
2024-09-26 12:40:00+00:00,33,1,106364,20488.25,20489.5,20484.5,20486.5,214,NQ.v.0
2024-09-26 12:41:00+00:00,33,1,106364,20487.0,20493.25,20483.5,20492.75,269,NQ.v.0
2024-09-26 12:42:00+00:00,33,1,106364,20492.75,20501.25,20492.5,20500.75,311,NQ.v.0
2024-09-26 12:43:00+00:00,33,1,106364,20501.0,20505.25,20500.25,20504.25,297,NQ.v.0
2024-09-26 12:44:00+00:00,33,1,106364,20503.25,20505.25,20499.25,20503.75,253,NQ.v.0
2024-09-26 12:45:00+00:00,33,1,106364,20503.75,20504.5,20492.75,20496.0,263,NQ.v.0
2024-09-26 12:46:00+00:00,33,1,106364,20496.75,20499.0,20495.25,20497.25,140,NQ.v.0
2024-09-26 12:47:00+00:00,33,1,106364,20498.0,20502.75,20494.5,20497.25,400,NQ.v.0
2024-09-26 12:48:00+00:00,33,1,106364,20497.25,20500.75,20494.0,20499.5,322,NQ.v.0
2024-09-26 12:49:00+00:00,33,1,106364,20499.75,20502.5,20499.0,20501.0,360,NQ.v.0
2024-09-26 12:50:00+00:00,33,1,106364,20500.75,20505.5,20498.25,20505.0,329,NQ.v.0
2024-09-26 12:51:00+00:00,33,1,106364,20505.0,20512.0,20504.0,20507.0,570,NQ.v.0
2024-09-26 12:52:00+00:00,33,1,106364,20507.75,20517.75,20507.75,20517.0,1151,NQ.v.0
2024-09-26 12:53:00+00:00,33,1,106364,20517.5,20520.5,20514.25,20514.5,473,NQ.v.0
2024-09-26 12:54:00+00:00,33,1,106364,20514.0,20517.5,20509.25,20516.75,275,NQ.v.0
2024-09-26 12:55:00+00:00,33,1,106364,20516.5,20516.5,20512.0,20512.5,241,NQ.v.0
2024-09-26 12:56:00+00:00,33,1,106364,20512.5,20513.25,20508.75,20512.75,157,NQ.v.0
2024-09-26 12:57:00+00:00,33,1,106364,20512.5,20515.25,20512.25,20513.75,125,NQ.v.0
2024-09-26 12:58:00+00:00,33,1,106364,20514.0,20518.0,20514.0,20516.75,281,NQ.v.0
2024-09-26 12:59:00+00:00,33,1,106364,20517.5,20522.5,20514.75,20517.0,425,NQ.v.0
2024-09-26 13:00:00+00:00,33,1,106364,20517.25,20521.25,20514.75,20515.0,353,NQ.v.0
2024-09-26 13:01:00+00:00,33,1,106364,20514.75,20518.5,20514.25,20516.25,267,NQ.v.0
2024-09-26 13:02:00+00:00,33,1,106364,20516.0,20519.75,20515.5,20518.0,187,NQ.v.0
2024-09-26 13:03:00+00:00,33,1,106364,20518.25,20521.5,20515.0,20519.0,257,NQ.v.0
2024-09-26 13:04:00+00:00,33,1,106364,20519.75,20525.25,20519.5,20523.0,316,NQ.v.0
2024-09-26 13:05:00+00:00,33,1,106364,20523.25,20530.5,20523.0,20529.0,441,NQ.v.0
2024-09-26 13:06:00+00:00,33,1,106364,20528.5,20530.75,20524.75,20530.75,243,NQ.v.0
2024-09-26 13:07:00+00:00,33,1,106364,20530.75,20533.5,20529.5,20533.0,407,NQ.v.0
2024-09-26 13:08:00+00:00,33,1,106364,20532.75,20534.5,20531.0,20531.25,292,NQ.v.0
2024-09-26 13:09:00+00:00,33,1,106364,20531.0,20534.75,20530.25,20534.0,276,NQ.v.0
2024-09-26 13:10:00+00:00,33,1,106364,20533.75,20534.75,20532.25,20533.25,242,NQ.v.0
2024-09-26 13:11:00+00:00,33,1,106364,20533.5,20538.0,20531.5,20537.25,566,NQ.v.0
2024-09-26 13:12:00+00:00,33,1,106364,20537.0,20537.75,20535.0,20537.25,215,NQ.v.0
2024-09-26 13:13:00+00:00,33,1,106364,20537.25,20537.5,20532.75,20533.0,238,NQ.v.0
2024-09-26 13:14:00+00:00,33,1,106364,20533.0,20535.0,20530.0,20533.75,358,NQ.v.0
2024-09-26 13:15:00+00:00,33,1,106364,20534.25,20535.5,20530.5,20530.75,279,NQ.v.0
2024-09-26 13:16:00+00:00,33,1,106364,20530.75,20531.25,20527.5,20528.0,337,NQ.v.0
2024-09-26 13:17:00+00:00,33,1,106364,20528.25,20530.0,20525.0,20529.0,354,NQ.v.0
2024-09-26 13:18:00+00:00,33,1,106364,20528.75,20534.0,20528.75,20531.25,300,NQ.v.0
2024-09-26 13:19:00+00:00,33,1,106364,20531.25,20534.5,20529.5,20533.5,198,NQ.v.0
2024-09-26 13:20:00+00:00,33,1,106364,20533.25,20533.25,20527.0,20528.25,257,NQ.v.0
2024-09-26 13:21:00+00:00,33,1,106364,20528.25,20529.0,20524.0,20524.75,280,NQ.v.0
2024-09-26 13:22:00+00:00,33,1,106364,20524.25,20525.25,20520.75,20521.25,509,NQ.v.0
2024-09-26 13:23:00+00:00,33,1,106364,20521.0,20530.25,20520.25,20523.25,567,NQ.v.0
2024-09-26 13:24:00+00:00,33,1,106364,20522.75,20528.5,20521.75,20522.75,383,NQ.v.0
2024-09-26 13:25:00+00:00,33,1,106364,20523.0,20523.0,20508.0,20508.5,1381,NQ.v.0
2024-09-26 13:26:00+00:00,33,1,106364,20508.5,20513.5,20506.25,20512.0,530,NQ.v.0
2024-09-26 13:27:00+00:00,33,1,106364,20511.5,20518.25,20510.5,20512.5,649,NQ.v.0
2024-09-26 13:28:00+00:00,33,1,106364,20512.75,20517.0,20506.25,20508.0,692,NQ.v.0
2024-09-26 13:29:00+00:00,33,1,106364,20507.75,20510.0,20502.25,20503.5,1264,NQ.v.0
2024-09-26 13:30:00+00:00,33,1,106364,20503.0,20517.5,20477.25,20480.5,5867,NQ.v.0
2024-09-26 13:31:00+00:00,33,1,106364,20480.25,20487.75,20464.25,20473.0,3478,NQ.v.0
2024-09-26 13:32:00+00:00,33,1,106364,20473.5,20474.0,20453.75,20458.5,3449,NQ.v.0
2024-09-26 13:33:00+00:00,33,1,106364,20458.25,20470.0,20456.5,20465.75,3208,NQ.v.0
2024-09-26 13:34:00+00:00,33,1,106364,20465.5,20472.75,20445.75,20450.25,3256,NQ.v.0
2024-09-26 13:35:00+00:00,33,1,106364,20450.25,20453.25,20426.0,20427.25,3631,NQ.v.0
2024-09-26 13:36:00+00:00,33,1,106364,20427.5,20436.25,20424.0,20433.25,2294,NQ.v.0
2024-09-26 13:37:00+00:00,33,1,106364,20433.0,20454.0,20432.5,20454.0,2804,NQ.v.0
2024-09-26 13:38:00+00:00,33,1,106364,20454.25,20465.25,20451.0,20461.0,2528,NQ.v.0
2024-09-26 13:39:00+00:00,33,1,106364,20459.5,20463.5,20440.75,20445.5,2286,NQ.v.0
2024-09-26 13:40:00+00:00,33,1,106364,20445.5,20446.5,20419.25,20425.25,2965,NQ.v.0
2024-09-26 13:41:00+00:00,33,1,106364,20425.0,20432.0,20420.5,20430.5,1437,NQ.v.0
2024-09-26 13:42:00+00:00,33,1,106364,20429.5,20439.25,20426.75,20428.0,1469,NQ.v.0
2024-09-26 13:43:00+00:00,33,1,106364,20427.5,20439.0,20426.0,20435.5,1438,NQ.v.0
2024-09-26 13:44:00+00:00,33,1,106364,20435.25,20440.0,20430.75,20436.5,969,NQ.v.0
2024-09-26 13:45:00+00:00,33,1,106364,20437.0,20447.5,20420.75,20446.25,2301,NQ.v.0
2024-09-26 13:46:00+00:00,33,1,106364,20446.25,20450.5,20428.0,20437.0,1835,NQ.v.0
2024-09-26 13:47:00+00:00,33,1,106364,20436.5,20446.25,20422.75,20425.0,1470,NQ.v.0
2024-09-26 13:48:00+00:00,33,1,106364,20424.75,20432.25,20405.0,20412.25,3224,NQ.v.0
2024-09-26 13:49:00+00:00,33,1,106364,20412.0,20427.75,20407.0,20426.25,1708,NQ.v.0
2024-09-26 13:50:00+00:00,33,1,106364,20426.0,20428.0,20408.5,20416.5,1484,NQ.v.0
2024-09-26 13:51:00+00:00,33,1,106364,20415.5,20421.25,20410.0,20415.5,1313,NQ.v.0
2024-09-26 13:52:00+00:00,33,1,106364,20415.25,20431.5,20414.25,20431.5,1244,NQ.v.0
2024-09-26 13:53:00+00:00,33,1,106364,20432.0,20436.5,20418.0,20420.25,1146,NQ.v.0
2024-09-26 13:54:00+00:00,33,1,106364,20420.5,20423.75,20411.75,20417.25,1054,NQ.v.0
2024-09-26 13:55:00+00:00,33,1,106364,20416.75,20427.5,20407.0,20415.5,1738,NQ.v.0
2024-09-26 13:56:00+00:00,33,1,106364,20416.0,20424.25,20413.0,20419.5,774,NQ.v.0
2024-09-26 13:57:00+00:00,33,1,106364,20418.5,20423.0,20411.0,20422.0,813,NQ.v.0
2024-09-26 13:58:00+00:00,33,1,106364,20422.25,20433.75,20421.5,20430.25,907,NQ.v.0
2024-09-26 13:59:00+00:00,33,1,106364,20430.0,20431.5,20420.0,20427.25,785,NQ.v.0
2024-09-26 14:00:00+00:00,33,1,106364,20428.0,20437.0,20414.5,20419.0,2307,NQ.v.0
2024-09-26 14:01:00+00:00,33,1,106364,20418.5,20433.5,20411.0,20420.0,1488,NQ.v.0
2024-09-26 14:02:00+00:00,33,1,106364,20419.5,20428.25,20414.25,20418.25,900,NQ.v.0
2024-09-26 14:03:00+00:00,33,1,106364,20419.0,20425.75,20417.25,20424.0,575,NQ.v.0
2024-09-26 14:04:00+00:00,33,1,106364,20423.75,20424.0,20407.75,20414.25,1191,NQ.v.0
2024-09-26 14:05:00+00:00,33,1,106364,20413.75,20414.0,20380.5,20408.5,3556,NQ.v.0
2024-09-26 14:06:00+00:00,33,1,106364,20409.0,20410.5,20393.25,20397.0,1121,NQ.v.0
2024-09-26 14:07:00+00:00,33,1,106364,20397.25,20408.0,20391.0,20393.25,1207,NQ.v.0
2024-09-26 14:08:00+00:00,33,1,106364,20393.75,20403.25,20390.25,20398.5,1026,NQ.v.0
2024-09-26 14:09:00+00:00,33,1,106364,20398.25,20410.25,20393.25,20404.5,907,NQ.v.0
2024-09-26 14:10:00+00:00,33,1,106364,20404.0,20414.0,20398.75,20413.25,1210,NQ.v.0
2024-09-26 14:11:00+00:00,33,1,106364,20412.75,20419.5,20406.75,20408.75,991,NQ.v.0
2024-09-26 14:12:00+00:00,33,1,106364,20408.75,20415.75,20403.5,20410.0,824,NQ.v.0
2024-09-26 14:13:00+00:00,33,1,106364,20410.75,20413.0,20400.5,20401.75,671,NQ.v.0
2024-09-26 14:14:00+00:00,33,1,106364,20401.5,20408.5,20397.0,20400.5,797,NQ.v.0
2024-09-26 14:15:00+00:00,33,1,106364,20400.0,20408.0,20393.0,20406.75,987,NQ.v.0
2024-09-26 14:16:00+00:00,33,1,106364,20405.75,20411.75,20391.0,20392.0,971,NQ.v.0
2024-09-26 14:17:00+00:00,33,1,106364,20392.5,20401.75,20383.75,20401.0,1097,NQ.v.0
2024-09-26 14:18:00+00:00,33,1,106364,20400.75,20407.5,20399.0,20407.5,715,NQ.v.0
2024-09-26 14:19:00+00:00,33,1,106364,20407.25,20410.25,20395.25,20399.5,703,NQ.v.0
2024-09-26 14:20:00+00:00,33,1,106364,20400.0,20402.75,20389.0,20393.0,742,NQ.v.0
2024-09-26 14:21:00+00:00,33,1,106364,20392.0,20399.25,20386.25,20391.5,952,NQ.v.0
2024-09-26 14:22:00+00:00,33,1,106364,20391.75,20397.0,20385.0,20392.0,940,NQ.v.0
2024-09-26 14:23:00+00:00,33,1,106364,20392.25,20401.75,20391.0,20396.75,872,NQ.v.0
2024-09-26 14:24:00+00:00,33,1,106364,20395.75,20396.75,20374.0,20381.5,1938,NQ.v.0
2024-09-26 14:25:00+00:00,33,1,106364,20381.5,20381.5,20365.0,20372.5,2102,NQ.v.0
2024-09-26 14:26:00+00:00,33,1,106364,20372.25,20374.75,20361.5,20373.5,1501,NQ.v.0
2024-09-26 14:27:00+00:00,33,1,106364,20373.25,20379.5,20363.75,20367.5,922,NQ.v.0
2024-09-26 14:28:00+00:00,33,1,106364,20367.5,20369.25,20345.0,20346.75,2484,NQ.v.0
2024-09-26 14:29:00+00:00,33,1,106364,20346.5,20350.75,20338.25,20346.0,2036,NQ.v.0
2024-09-26 14:30:00+00:00,33,1,106364,20345.75,20353.0,20342.75,20346.5,1756,NQ.v.0
2024-09-26 14:31:00+00:00,33,1,106364,20346.0,20346.0,20319.25,20327.25,2791,NQ.v.0
2024-09-26 14:32:00+00:00,33,1,106364,20327.5,20336.5,20321.5,20326.0,1634,NQ.v.0
2024-09-26 14:33:00+00:00,33,1,106364,20325.0,20328.25,20307.0,20309.5,2074,NQ.v.0
2024-09-26 14:34:00+00:00,33,1,106364,20310.0,20328.5,20308.25,20327.5,1671,NQ.v.0
2024-09-26 14:35:00+00:00,33,1,106364,20327.25,20338.75,20317.0,20337.5,1715,NQ.v.0
2024-09-26 14:36:00+00:00,33,1,106364,20337.75,20344.0,20331.0,20344.0,1562,NQ.v.0
2024-09-26 14:37:00+00:00,33,1,106364,20344.0,20359.5,20338.5,20356.25,2226,NQ.v.0
2024-09-26 14:38:00+00:00,33,1,106364,20355.75,20366.25,20349.75,20360.5,1476,NQ.v.0
2024-09-26 14:39:00+00:00,33,1,106364,20361.0,20363.5,20353.25,20362.5,1152,NQ.v.0
2024-09-26 14:40:00+00:00,33,1,106364,20362.0,20364.5,20345.25,20348.0,1182,NQ.v.0
2024-09-26 14:41:00+00:00,33,1,106364,20347.75,20348.5,20320.0,20325.25,1976,NQ.v.0
2024-09-26 14:42:00+00:00,33,1,106364,20325.0,20335.25,20322.0,20327.0,1281,NQ.v.0
2024-09-26 14:43:00+00:00,33,1,106364,20327.25,20340.5,20325.75,20328.75,1033,NQ.v.0
2024-09-26 14:44:00+00:00,33,1,106364,20329.25,20332.25,20320.25,20324.0,933,NQ.v.0
2024-09-26 14:45:00+00:00,33,1,106364,20324.0,20348.5,20324.0,20347.5,1642,NQ.v.0
2024-09-26 14:46:00+00:00,33,1,106364,20347.5,20351.75,20342.0,20345.25,934,NQ.v.0
2024-09-26 14:47:00+00:00,33,1,106364,20345.5,20348.0,20306.0,20306.25,2094,NQ.v.0
2024-09-26 14:48:00+00:00,33,1,106364,20306.75,20308.5,20283.25,20293.25,3031,NQ.v.0
2024-09-26 14:49:00+00:00,33,1,106364,20293.75,20314.25,20293.25,20305.75,1574,NQ.v.0
2024-09-26 14:50:00+00:00,33,1,106364,20305.75,20318.25,20298.75,20317.25,1352,NQ.v.0
2024-09-26 14:51:00+00:00,33,1,106364,20317.25,20317.5,20276.5,20277.0,2133,NQ.v.0
2024-09-26 14:52:00+00:00,33,1,106364,20277.0,20282.0,20260.25,20263.5,2767,NQ.v.0
2024-09-26 14:53:00+00:00,33,1,106364,20263.5,20274.75,20254.0,20258.0,1865,NQ.v.0
2024-09-26 14:54:00+00:00,33,1,106364,20258.0,20266.25,20255.0,20260.75,1554,NQ.v.0
2024-09-26 14:55:00+00:00,33,1,106364,20260.25,20262.75,20205.75,20215.0,4625,NQ.v.0
2024-09-26 14:56:00+00:00,33,1,106364,20214.25,20243.0,20212.25,20235.25,2796,NQ.v.0
2024-09-26 14:57:00+00:00,33,1,106364,20234.75,20237.5,20216.5,20219.25,1665,NQ.v.0
2024-09-26 14:58:00+00:00,33,1,106364,20219.75,20226.75,20216.75,20223.0,1539,NQ.v.0
2024-09-26 14:59:00+00:00,33,1,106364,20223.25,20224.25,20208.75,20214.5,1615,NQ.v.0
2024-09-26 15:00:00+00:00,33,1,106364,20214.5,20215.25,20191.5,20196.75,3921,NQ.v.0
2024-09-26 15:01:00+00:00,33,1,106364,20196.75,20206.5,20188.0,20200.0,2357,NQ.v.0
2024-09-26 15:02:00+00:00,33,1,106364,20200.5,20227.0,20198.5,20226.25,1830,NQ.v.0
2024-09-26 15:03:00+00:00,33,1,106364,20226.75,20234.0,20220.75,20230.5,1577,NQ.v.0
2024-09-26 15:04:00+00:00,33,1,106364,20230.25,20256.0,20229.75,20252.0,2084,NQ.v.0
2024-09-26 15:05:00+00:00,33,1,106364,20250.75,20267.5,20250.75,20260.0,2204,NQ.v.0
2024-09-26 15:06:00+00:00,33,1,106364,20260.75,20268.0,20256.25,20266.0,1613,NQ.v.0
2024-09-26 15:07:00+00:00,33,1,106364,20266.0,20283.0,20263.25,20279.0,1651,NQ.v.0
2024-09-26 15:08:00+00:00,33,1,106364,20278.75,20293.0,20269.0,20290.0,1563,NQ.v.0
2024-09-26 15:09:00+00:00,33,1,106364,20289.25,20290.5,20275.75,20280.0,1329,NQ.v.0
2024-09-26 15:10:00+00:00,33,1,106364,20279.25,20282.0,20255.75,20265.75,1928,NQ.v.0
2024-09-26 15:11:00+00:00,33,1,106364,20265.25,20269.5,20257.0,20258.5,1068,NQ.v.0
2024-09-26 15:12:00+00:00,33,1,106364,20258.75,20267.0,20252.0,20256.25,976,NQ.v.0
2024-09-26 15:13:00+00:00,33,1,106364,20257.0,20261.75,20240.25,20243.75,1086,NQ.v.0
2024-09-26 15:14:00+00:00,33,1,106364,20243.75,20261.25,20243.75,20259.5,1108,NQ.v.0
2024-09-26 15:15:00+00:00,33,1,106364,20259.0,20273.5,20259.0,20263.0,1319,NQ.v.0
2024-09-26 15:16:00+00:00,33,1,106364,20263.25,20279.0,20263.0,20273.75,803,NQ.v.0
2024-09-26 15:17:00+00:00,33,1,106364,20273.75,20280.25,20270.75,20275.0,635,NQ.v.0
2024-09-26 15:18:00+00:00,33,1,106364,20275.25,20275.25,20256.5,20257.5,849,NQ.v.0
2024-09-26 15:19:00+00:00,33,1,106364,20257.0,20260.5,20234.5,20237.0,1290,NQ.v.0
2024-09-26 15:20:00+00:00,33,1,106364,20236.25,20255.0,20223.0,20252.5,1821,NQ.v.0
2024-09-26 15:21:00+00:00,33,1,106364,20252.0,20253.75,20245.75,20248.0,507,NQ.v.0
2024-09-26 15:22:00+00:00,33,1,106364,20248.25,20259.75,20246.0,20247.75,719,NQ.v.0
2024-09-26 15:23:00+00:00,33,1,106364,20247.5,20251.0,20239.5,20243.0,634,NQ.v.0
2024-09-26 15:24:00+00:00,33,1,106364,20243.5,20249.0,20232.5,20236.25,678,NQ.v.0
2024-09-26 15:25:00+00:00,33,1,106364,20237.25,20239.5,20224.0,20227.5,969,NQ.v.0
2024-09-26 15:26:00+00:00,33,1,106364,20228.0,20239.0,20226.25,20238.75,818,NQ.v.0
2024-09-26 15:27:00+00:00,33,1,106364,20239.0,20242.75,20228.25,20240.25,656,NQ.v.0
2024-09-26 15:28:00+00:00,33,1,106364,20240.5,20240.75,20228.75,20234.0,561,NQ.v.0
2024-09-26 15:29:00+00:00,33,1,106364,20234.5,20257.75,20234.0,20254.5,1086,NQ.v.0
2024-09-26 15:30:00+00:00,33,1,106364,20255.0,20255.25,20226.5,20232.5,1294,NQ.v.0
2024-09-26 15:31:00+00:00,33,1,106364,20233.0,20240.75,20231.75,20233.75,540,NQ.v.0
2024-09-26 15:32:00+00:00,33,1,106364,20233.75,20257.0,20231.75,20255.0,1110,NQ.v.0
2024-09-26 15:33:00+00:00,33,1,106364,20255.75,20256.5,20232.25,20238.25,1023,NQ.v.0
2024-09-26 15:34:00+00:00,33,1,106364,20238.5,20240.25,20231.25,20232.5,500,NQ.v.0
2024-09-26 15:35:00+00:00,33,1,106364,20232.75,20246.0,20231.75,20245.25,673,NQ.v.0
2024-09-26 15:36:00+00:00,33,1,106364,20245.75,20248.0,20231.5,20237.0,752,NQ.v.0
2024-09-26 15:37:00+00:00,33,1,106364,20237.5,20242.75,20234.5,20241.5,440,NQ.v.0
2024-09-26 15:38:00+00:00,33,1,106364,20241.25,20255.75,20240.75,20253.5,973,NQ.v.0
2024-09-26 15:39:00+00:00,33,1,106364,20253.0,20259.25,20249.75,20254.25,802,NQ.v.0
2024-09-26 15:40:00+00:00,33,1,106364,20254.25,20263.0,20247.25,20247.75,1134,NQ.v.0
2024-09-26 15:41:00+00:00,33,1,106364,20247.5,20260.25,20247.0,20249.75,774,NQ.v.0
2024-09-26 15:42:00+00:00,33,1,106364,20250.0,20260.25,20249.25,20257.25,430,NQ.v.0
2024-09-26 15:43:00+00:00,33,1,106364,20258.0,20266.0,20252.5,20260.75,693,NQ.v.0
2024-09-26 15:44:00+00:00,33,1,106364,20261.25,20276.0,20260.5,20274.25,1196,NQ.v.0
2024-09-26 15:45:00+00:00,33,1,106364,20274.0,20293.0,20271.5,20291.25,1923,NQ.v.0
2024-09-26 15:46:00+00:00,33,1,106364,20291.0,20292.25,20269.25,20272.25,1138,NQ.v.0
2024-09-26 15:47:00+00:00,33,1,106364,20272.0,20281.75,20266.75,20278.75,675,NQ.v.0
2024-09-26 15:48:00+00:00,33,1,106364,20279.5,20283.25,20275.25,20277.5,537,NQ.v.0
2024-09-26 15:49:00+00:00,33,1,106364,20278.75,20278.75,20266.5,20271.0,543,NQ.v.0
2024-09-26 15:50:00+00:00,33,1,106364,20271.25,20282.25,20269.75,20278.0,696,NQ.v.0
2024-09-26 15:51:00+00:00,33,1,106364,20279.0,20287.5,20274.75,20285.0,905,NQ.v.0
2024-09-26 15:52:00+00:00,33,1,106364,20284.75,20287.5,20274.5,20277.75,652,NQ.v.0
2024-09-26 15:53:00+00:00,33,1,106364,20277.25,20293.5,20276.5,20290.25,891,NQ.v.0
2024-09-26 15:54:00+00:00,33,1,106364,20290.25,20300.75,20290.25,20300.0,1659,NQ.v.0
2024-09-26 15:55:00+00:00,33,1,106364,20300.0,20303.5,20294.0,20300.75,1082,NQ.v.0
2024-09-26 15:56:00+00:00,33,1,106364,20300.75,20316.0,20296.25,20313.5,1494,NQ.v.0
2024-09-26 15:57:00+00:00,33,1,106364,20313.25,20319.0,20311.0,20317.25,1347,NQ.v.0
2024-09-26 15:58:00+00:00,33,1,106364,20317.0,20323.0,20310.5,20320.75,1506,NQ.v.0
2024-09-26 15:59:00+00:00,33,1,106364,20320.75,20324.5,20313.5,20321.5,1292,NQ.v.0
2024-09-26 16:00:00+00:00,33,1,106364,20321.5,20321.75,20300.5,20301.0,1261,NQ.v.0
2024-09-26 16:01:00+00:00,33,1,106364,20300.25,20309.0,20295.0,20297.5,1216,NQ.v.0
2024-09-26 16:02:00+00:00,33,1,106364,20297.25,20299.5,20286.25,20288.25,1098,NQ.v.0
2024-09-26 16:03:00+00:00,33,1,106364,20288.5,20291.5,20281.25,20287.0,769,NQ.v.0
2024-09-26 16:04:00+00:00,33,1,106364,20287.25,20287.5,20268.25,20276.0,1159,NQ.v.0
2024-09-26 16:05:00+00:00,33,1,106364,20275.75,20285.5,20266.5,20283.75,1007,NQ.v.0
2024-09-26 16:06:00+00:00,33,1,106364,20284.5,20286.75,20278.25,20281.75,529,NQ.v.0
2024-09-26 16:07:00+00:00,33,1,106364,20282.0,20299.25,20280.75,20296.5,1132,NQ.v.0
2024-09-26 16:08:00+00:00,33,1,106364,20296.75,20301.0,20287.5,20297.75,722,NQ.v.0
2024-09-26 16:09:00+00:00,33,1,106364,20298.25,20301.25,20284.5,20285.25,528,NQ.v.0
2024-09-26 16:10:00+00:00,33,1,106364,20284.5,20292.0,20282.75,20286.25,527,NQ.v.0
2024-09-26 16:11:00+00:00,33,1,106364,20286.5,20286.5,20273.75,20277.25,861,NQ.v.0
2024-09-26 16:12:00+00:00,33,1,106364,20277.5,20281.25,20271.0,20275.75,922,NQ.v.0
2024-09-26 16:13:00+00:00,33,1,106364,20275.75,20278.5,20267.75,20270.75,739,NQ.v.0
2024-09-26 16:14:00+00:00,33,1,106364,20272.0,20275.75,20261.0,20273.25,995,NQ.v.0
2024-09-26 16:15:00+00:00,33,1,106364,20272.75,20286.5,20271.0,20282.25,824,NQ.v.0
2024-09-26 16:16:00+00:00,33,1,106364,20282.25,20283.75,20271.75,20280.25,526,NQ.v.0
2024-09-26 16:17:00+00:00,33,1,106364,20280.0,20280.0,20270.0,20274.25,451,NQ.v.0
2024-09-26 16:18:00+00:00,33,1,106364,20273.75,20277.75,20270.5,20275.0,339,NQ.v.0
2024-09-26 16:19:00+00:00,33,1,106364,20274.5,20277.25,20267.0,20269.25,376,NQ.v.0
2024-09-26 16:20:00+00:00,33,1,106364,20269.25,20274.25,20265.5,20271.0,481,NQ.v.0
2024-09-26 16:21:00+00:00,33,1,106364,20270.5,20275.75,20252.5,20257.25,1250,NQ.v.0
2024-09-26 16:22:00+00:00,33,1,106364,20256.75,20266.75,20251.75,20259.0,810,NQ.v.0
2024-09-26 16:23:00+00:00,33,1,106364,20259.0,20260.5,20242.75,20243.5,1232,NQ.v.0
2024-09-26 16:24:00+00:00,33,1,106364,20244.0,20262.5,20242.75,20258.0,666,NQ.v.0
2024-09-26 16:25:00+00:00,33,1,106364,20258.0,20271.5,20256.25,20267.5,661,NQ.v.0
2024-09-26 16:26:00+00:00,33,1,106364,20268.0,20276.75,20262.0,20265.0,867,NQ.v.0
2024-09-26 16:27:00+00:00,33,1,106364,20266.5,20275.5,20264.0,20266.25,358,NQ.v.0
2024-09-26 16:28:00+00:00,33,1,106364,20265.5,20266.25,20258.0,20258.0,488,NQ.v.0
2024-09-26 16:29:00+00:00,33,1,106364,20259.25,20264.0,20252.0,20256.5,685,NQ.v.0
2024-09-26 16:30:00+00:00,33,1,106364,20256.0,20258.25,20249.0,20252.0,637,NQ.v.0
2024-09-26 16:31:00+00:00,33,1,106364,20252.25,20258.5,20246.5,20253.5,755,NQ.v.0
2024-09-26 16:32:00+00:00,33,1,106364,20253.25,20264.5,20252.0,20261.75,709,NQ.v.0
2024-09-26 16:33:00+00:00,33,1,106364,20262.25,20266.25,20254.5,20256.25,458,NQ.v.0
2024-09-26 16:34:00+00:00,33,1,106364,20255.75,20261.75,20245.5,20246.0,524,NQ.v.0
2024-09-26 16:35:00+00:00,33,1,106364,20245.75,20256.0,20243.75,20252.5,491,NQ.v.0
2024-09-26 16:36:00+00:00,33,1,106364,20251.75,20258.25,20248.25,20249.0,297,NQ.v.0
2024-09-26 16:37:00+00:00,33,1,106364,20249.5,20254.5,20245.75,20253.0,337,NQ.v.0
2024-09-26 16:38:00+00:00,33,1,106364,20254.5,20256.75,20250.5,20254.0,213,NQ.v.0
2024-09-26 16:39:00+00:00,33,1,106364,20255.0,20265.0,20253.25,20261.25,700,NQ.v.0
2024-09-26 16:40:00+00:00,33,1,106364,20261.0,20262.25,20239.25,20242.25,1154,NQ.v.0
2024-09-26 16:41:00+00:00,33,1,106364,20243.25,20246.25,20228.0,20246.0,1264,NQ.v.0
2024-09-26 16:42:00+00:00,33,1,106364,20246.25,20256.5,20245.75,20254.75,740,NQ.v.0
2024-09-26 16:43:00+00:00,33,1,106364,20254.25,20255.25,20247.0,20247.5,383,NQ.v.0
2024-09-26 16:44:00+00:00,33,1,106364,20248.0,20261.5,20248.0,20259.25,507,NQ.v.0
2024-09-26 16:45:00+00:00,33,1,106364,20259.25,20267.5,20257.0,20263.25,755,NQ.v.0
2024-09-26 16:46:00+00:00,33,1,106364,20263.0,20269.0,20252.5,20256.0,701,NQ.v.0
2024-09-26 16:47:00+00:00,33,1,106364,20256.25,20259.75,20253.5,20258.25,342,NQ.v.0
2024-09-26 16:48:00+00:00,33,1,106364,20258.0,20260.25,20254.5,20258.5,304,NQ.v.0
2024-09-26 16:49:00+00:00,33,1,106364,20258.5,20261.0,20251.5,20252.25,291,NQ.v.0
2024-09-26 16:50:00+00:00,33,1,106364,20252.25,20258.25,20247.5,20254.75,431,NQ.v.0
2024-09-26 16:51:00+00:00,33,1,106364,20255.25,20263.75,20254.75,20259.75,377,NQ.v.0
2024-09-26 16:52:00+00:00,33,1,106364,20259.25,20265.5,20255.25,20259.25,450,NQ.v.0
2024-09-26 16:53:00+00:00,33,1,106364,20259.25,20259.25,20251.0,20259.0,316,NQ.v.0
2024-09-26 16:54:00+00:00,33,1,106364,20258.0,20258.5,20251.25,20252.75,249,NQ.v.0
2024-09-26 16:55:00+00:00,33,1,106364,20253.5,20256.75,20247.75,20251.25,292,NQ.v.0
2024-09-26 16:56:00+00:00,33,1,106364,20251.5,20256.75,20251.5,20252.5,231,NQ.v.0
2024-09-26 16:57:00+00:00,33,1,106364,20252.25,20256.25,20242.5,20247.5,456,NQ.v.0
2024-09-26 16:58:00+00:00,33,1,106364,20247.25,20251.75,20241.0,20251.25,467,NQ.v.0
2024-09-26 16:59:00+00:00,33,1,106364,20251.25,20254.75,20247.0,20252.25,245,NQ.v.0
2024-09-26 17:00:00+00:00,33,1,106364,20251.75,20252.25,20244.0,20246.25,312,NQ.v.0
2024-09-26 17:01:00+00:00,33,1,106364,20246.5,20250.75,20237.0,20242.25,474,NQ.v.0
2024-09-26 17:02:00+00:00,33,1,106364,20242.25,20253.5,20241.25,20252.25,585,NQ.v.0
2024-09-26 17:03:00+00:00,33,1,106364,20252.0,20254.25,20245.75,20246.0,326,NQ.v.0
2024-09-26 17:04:00+00:00,33,1,106364,20245.75,20260.5,20245.75,20259.0,752,NQ.v.0
2024-09-26 17:05:00+00:00,33,1,106364,20258.5,20262.25,20251.75,20254.0,559,NQ.v.0
2024-09-26 17:06:00+00:00,33,1,106364,20254.25,20258.5,20236.5,20242.0,1205,NQ.v.0
2024-09-26 17:07:00+00:00,33,1,106364,20241.25,20248.25,20237.25,20243.5,645,NQ.v.0
2024-09-26 17:08:00+00:00,33,1,106364,20243.25,20254.5,20243.25,20251.25,474,NQ.v.0
2024-09-26 17:09:00+00:00,33,1,106364,20251.5,20252.75,20234.25,20238.25,690,NQ.v.0
2024-09-26 17:10:00+00:00,33,1,106364,20238.0,20251.0,20236.25,20244.75,476,NQ.v.0
2024-09-26 17:11:00+00:00,33,1,106364,20245.75,20254.25,20241.75,20253.25,350,NQ.v.0
2024-09-26 17:12:00+00:00,33,1,106364,20253.5,20259.75,20241.25,20242.25,606,NQ.v.0
2024-09-26 17:13:00+00:00,33,1,106364,20242.5,20246.75,20235.25,20241.0,495,NQ.v.0
2024-09-26 17:14:00+00:00,33,1,106364,20242.25,20242.5,20237.25,20241.0,276,NQ.v.0
2024-09-26 17:15:00+00:00,33,1,106364,20241.25,20243.0,20231.25,20233.0,617,NQ.v.0
2024-09-26 17:16:00+00:00,33,1,106364,20233.0,20235.5,20212.0,20222.0,2037,NQ.v.0
2024-09-26 17:17:00+00:00,33,1,106364,20222.5,20235.0,20219.75,20234.75,734,NQ.v.0
2024-09-26 17:18:00+00:00,33,1,106364,20234.25,20240.5,20221.5,20221.5,601,NQ.v.0
2024-09-26 17:19:00+00:00,33,1,106364,20221.25,20225.5,20189.0,20199.25,2785,NQ.v.0
2024-09-26 17:20:00+00:00,33,1,106364,20198.75,20213.5,20196.0,20212.5,1384,NQ.v.0
2024-09-26 17:21:00+00:00,33,1,106364,20213.0,20213.5,20207.25,20208.0,696,NQ.v.0
2024-09-26 17:22:00+00:00,33,1,106364,20208.75,20224.0,20206.75,20220.5,777,NQ.v.0
2024-09-26 17:23:00+00:00,33,1,106364,20220.25,20220.5,20212.5,20214.75,295,NQ.v.0
2024-09-26 17:24:00+00:00,33,1,106364,20214.5,20217.5,20209.75,20211.0,455,NQ.v.0
2024-09-26 17:25:00+00:00,33,1,106364,20211.75,20219.25,20209.5,20213.0,558,NQ.v.0
2024-09-26 17:26:00+00:00,33,1,106364,20214.5,20219.0,20213.25,20216.0,263,NQ.v.0
2024-09-26 17:27:00+00:00,33,1,106364,20216.25,20228.75,20216.25,20225.25,656,NQ.v.0
2024-09-26 17:28:00+00:00,33,1,106364,20225.5,20235.25,20223.5,20232.75,833,NQ.v.0
2024-09-26 17:29:00+00:00,33,1,106364,20233.25,20253.5,20232.5,20249.0,1156,NQ.v.0
2024-09-26 17:30:00+00:00,33,1,106364,20249.5,20259.75,20247.25,20256.75,1298,NQ.v.0
2024-09-26 17:31:00+00:00,33,1,106364,20256.25,20268.0,20254.25,20265.5,1129,NQ.v.0
2024-09-26 17:32:00+00:00,33,1,106364,20266.0,20272.5,20256.75,20257.5,1366,NQ.v.0
2024-09-26 17:33:00+00:00,33,1,106364,20257.0,20262.25,20253.25,20259.75,723,NQ.v.0
2024-09-26 17:34:00+00:00,33,1,106364,20259.75,20265.25,20257.5,20263.25,587,NQ.v.0
2024-09-26 17:35:00+00:00,33,1,106364,20263.25,20265.0,20255.5,20260.75,559,NQ.v.0
2024-09-26 17:36:00+00:00,33,1,106364,20261.0,20265.25,20259.75,20260.75,382,NQ.v.0
2024-09-26 17:37:00+00:00,33,1,106364,20261.0,20268.75,20258.25,20265.25,434,NQ.v.0
2024-09-26 17:38:00+00:00,33,1,106364,20264.75,20266.5,20257.25,20262.25,510,NQ.v.0
2024-09-26 17:39:00+00:00,33,1,106364,20262.0,20264.0,20259.25,20261.25,278,NQ.v.0
2024-09-26 17:40:00+00:00,33,1,106364,20261.5,20269.0,20261.5,20265.5,483,NQ.v.0
2024-09-26 17:41:00+00:00,33,1,106364,20265.5,20270.75,20264.75,20268.5,519,NQ.v.0
2024-09-26 17:42:00+00:00,33,1,106364,20268.0,20276.75,20265.75,20273.0,846,NQ.v.0
2024-09-26 17:43:00+00:00,33,1,106364,20273.5,20278.0,20270.0,20274.75,601,NQ.v.0
2024-09-26 17:44:00+00:00,33,1,106364,20275.75,20281.5,20274.25,20276.75,1210,NQ.v.0
2024-09-26 17:45:00+00:00,33,1,106364,20278.25,20284.0,20276.75,20277.5,929,NQ.v.0
2024-09-26 17:46:00+00:00,33,1,106364,20277.5,20279.25,20270.75,20276.75,660,NQ.v.0
2024-09-26 17:47:00+00:00,33,1,106364,20277.0,20283.25,20274.75,20277.25,456,NQ.v.0
2024-09-26 17:48:00+00:00,33,1,106364,20278.0,20282.0,20276.75,20280.75,291,NQ.v.0
2024-09-26 17:49:00+00:00,33,1,106364,20280.75,20283.75,20278.75,20283.25,416,NQ.v.0
2024-09-26 17:50:00+00:00,33,1,106364,20283.0,20285.5,20276.5,20279.0,622,NQ.v.0
2024-09-26 17:51:00+00:00,33,1,106364,20279.75,20281.5,20273.75,20275.75,366,NQ.v.0
2024-09-26 17:52:00+00:00,33,1,106364,20275.25,20278.25,20273.5,20277.75,233,NQ.v.0
2024-09-26 17:53:00+00:00,33,1,106364,20277.25,20279.25,20273.5,20278.75,264,NQ.v.0
2024-09-26 17:54:00+00:00,33,1,106364,20278.0,20286.5,20276.0,20285.5,651,NQ.v.0
2024-09-26 17:55:00+00:00,33,1,106364,20285.75,20290.5,20284.75,20287.25,781,NQ.v.0
2024-09-26 17:56:00+00:00,33,1,106364,20287.25,20290.0,20282.0,20286.5,615,NQ.v.0
2024-09-26 17:57:00+00:00,33,1,106364,20286.0,20286.5,20274.0,20277.0,553,NQ.v.0
2024-09-26 17:58:00+00:00,33,1,106364,20276.5,20281.75,20271.75,20275.0,525,NQ.v.0
2024-09-26 17:59:00+00:00,33,1,106364,20275.0,20277.0,20271.25,20274.25,611,NQ.v.0
2024-09-26 18:00:00+00:00,33,1,106364,20274.0,20283.5,20274.0,20282.75,557,NQ.v.0
2024-09-26 18:01:00+00:00,33,1,106364,20282.5,20286.25,20279.75,20280.75,819,NQ.v.0
2024-09-26 18:02:00+00:00,33,1,106364,20280.5,20281.75,20277.5,20281.25,383,NQ.v.0
2024-09-26 18:03:00+00:00,33,1,106364,20280.75,20285.5,20280.75,20284.25,285,NQ.v.0
2024-09-26 18:04:00+00:00,33,1,106364,20284.5,20287.75,20282.5,20284.5,455,NQ.v.0
2024-09-26 18:05:00+00:00,33,1,106364,20284.25,20286.25,20280.25,20285.5,543,NQ.v.0
2024-09-26 18:06:00+00:00,33,1,106364,20285.75,20291.5,20281.25,20283.25,806,NQ.v.0
2024-09-26 18:07:00+00:00,33,1,106364,20283.0,20290.25,20279.5,20288.5,614,NQ.v.0
2024-09-26 18:08:00+00:00,33,1,106364,20288.75,20291.75,20286.5,20287.75,381,NQ.v.0
2024-09-26 18:09:00+00:00,33,1,106364,20287.25,20295.75,20287.0,20293.5,605,NQ.v.0
2024-09-26 18:10:00+00:00,33,1,106364,20293.5,20294.5,20289.25,20293.5,490,NQ.v.0
2024-09-26 18:11:00+00:00,33,1,106364,20293.75,20305.75,20292.0,20305.0,1143,NQ.v.0
2024-09-26 18:12:00+00:00,33,1,106364,20304.75,20320.0,20302.5,20313.25,1506,NQ.v.0
2024-09-26 18:13:00+00:00,33,1,106364,20313.75,20314.5,20304.0,20311.5,1523,NQ.v.0
2024-09-26 18:14:00+00:00,33,1,106364,20312.0,20321.25,20310.75,20321.25,792,NQ.v.0
2024-09-26 18:15:00+00:00,33,1,106364,20320.75,20336.0,20320.75,20335.25,1962,NQ.v.0
2024-09-26 18:16:00+00:00,33,1,106364,20335.0,20347.5,20335.0,20341.25,1774,NQ.v.0
2024-09-26 18:17:00+00:00,33,1,106364,20341.5,20343.0,20335.75,20338.75,668,NQ.v.0
2024-09-26 18:18:00+00:00,33,1,106364,20337.5,20339.0,20319.75,20322.0,1331,NQ.v.0
2024-09-26 18:19:00+00:00,33,1,106364,20322.25,20323.25,20318.25,20322.25,847,NQ.v.0
2024-09-26 18:20:00+00:00,33,1,106364,20322.0,20328.0,20316.0,20328.0,723,NQ.v.0
2024-09-26 18:21:00+00:00,33,1,106364,20327.75,20331.25,20326.5,20329.0,546,NQ.v.0
2024-09-26 18:22:00+00:00,33,1,106364,20329.0,20334.5,20327.5,20334.5,459,NQ.v.0
2024-09-26 18:23:00+00:00,33,1,106364,20334.25,20334.25,20327.25,20331.0,371,NQ.v.0
2024-09-26 18:24:00+00:00,33,1,106364,20330.25,20338.0,20328.75,20337.0,379,NQ.v.0
2024-09-26 18:25:00+00:00,33,1,106364,20336.75,20338.75,20331.75,20337.25,488,NQ.v.0
2024-09-26 18:26:00+00:00,33,1,106364,20337.0,20338.5,20333.0,20333.0,326,NQ.v.0
2024-09-26 18:27:00+00:00,33,1,106364,20333.75,20337.25,20330.5,20334.5,327,NQ.v.0
2024-09-26 18:28:00+00:00,33,1,106364,20334.75,20343.25,20334.75,20341.75,549,NQ.v.0
2024-09-26 18:29:00+00:00,33,1,106364,20341.25,20347.0,20340.0,20346.0,636,NQ.v.0
2024-09-26 18:30:00+00:00,33,1,106364,20345.75,20348.0,20341.0,20345.0,994,NQ.v.0
2024-09-26 18:31:00+00:00,33,1,106364,20344.75,20347.0,20334.0,20336.5,716,NQ.v.0
2024-09-26 18:32:00+00:00,33,1,106364,20336.0,20338.0,20330.0,20330.75,593,NQ.v.0
2024-09-26 18:33:00+00:00,33,1,106364,20330.75,20337.25,20329.75,20330.5,680,NQ.v.0
2024-09-26 18:34:00+00:00,33,1,106364,20331.0,20332.75,20323.75,20327.25,590,NQ.v.0
2024-09-26 18:35:00+00:00,33,1,106364,20327.25,20331.75,20321.25,20324.25,696,NQ.v.0
2024-09-26 18:36:00+00:00,33,1,106364,20323.5,20331.5,20318.5,20331.0,608,NQ.v.0
2024-09-26 18:37:00+00:00,33,1,106364,20330.5,20336.5,20329.75,20332.5,442,NQ.v.0
2024-09-26 18:38:00+00:00,33,1,106364,20333.0,20339.25,20331.25,20332.5,535,NQ.v.0
2024-09-26 18:39:00+00:00,33,1,106364,20332.75,20340.75,20332.5,20337.75,350,NQ.v.0
2024-09-26 18:40:00+00:00,33,1,106364,20337.25,20337.25,20331.75,20336.5,312,NQ.v.0
2024-09-26 18:41:00+00:00,33,1,106364,20336.25,20340.0,20332.0,20335.75,350,NQ.v.0
2024-09-26 18:42:00+00:00,33,1,106364,20335.5,20336.5,20329.25,20330.25,285,NQ.v.0
2024-09-26 18:43:00+00:00,33,1,106364,20329.75,20333.5,20326.75,20332.25,378,NQ.v.0
2024-09-26 18:44:00+00:00,33,1,106364,20332.0,20333.25,20322.25,20323.75,561,NQ.v.0
2024-09-26 18:45:00+00:00,33,1,106364,20323.25,20326.5,20319.0,20325.5,875,NQ.v.0
2024-09-26 18:46:00+00:00,33,1,106364,20325.75,20329.5,20322.5,20328.5,385,NQ.v.0
2024-09-26 18:47:00+00:00,33,1,106364,20328.25,20330.0,20323.25,20326.25,403,NQ.v.0
2024-09-26 18:48:00+00:00,33,1,106364,20326.75,20332.0,20325.5,20328.25,335,NQ.v.0
2024-09-26 18:49:00+00:00,33,1,106364,20328.25,20328.25,20321.0,20323.25,411,NQ.v.0
2024-09-26 18:50:00+00:00,33,1,106364,20323.0,20331.0,20322.75,20328.75,480,NQ.v.0
2024-09-26 18:51:00+00:00,33,1,106364,20328.5,20335.5,20328.5,20334.5,495,NQ.v.0
2024-09-26 18:52:00+00:00,33,1,106364,20333.75,20336.5,20327.75,20335.5,384,NQ.v.0
2024-09-26 18:53:00+00:00,33,1,106364,20335.5,20339.25,20334.5,20336.75,435,NQ.v.0
2024-09-26 18:54:00+00:00,33,1,106364,20336.5,20341.5,20333.25,20339.75,504,NQ.v.0
2024-09-26 18:55:00+00:00,33,1,106364,20340.0,20345.5,20337.0,20339.75,719,NQ.v.0
2024-09-26 18:56:00+00:00,33,1,106364,20339.25,20342.75,20338.5,20339.5,276,NQ.v.0
2024-09-26 18:57:00+00:00,33,1,106364,20339.0,20343.25,20338.5,20342.75,282,NQ.v.0
2024-09-26 18:58:00+00:00,33,1,106364,20342.75,20350.25,20342.5,20345.75,808,NQ.v.0
2024-09-26 18:59:00+00:00,33,1,106364,20346.0,20346.25,20336.75,20339.25,628,NQ.v.0
2024-09-26 19:00:00+00:00,33,1,106364,20339.0,20339.0,20330.5,20333.75,941,NQ.v.0
2024-09-26 19:01:00+00:00,33,1,106364,20334.0,20335.0,20321.75,20322.0,666,NQ.v.0
2024-09-26 19:02:00+00:00,33,1,106364,20322.0,20329.25,20321.5,20323.25,566,NQ.v.0
2024-09-26 19:03:00+00:00,33,1,106364,20323.5,20334.5,20322.0,20331.5,520,NQ.v.0
2024-09-26 19:04:00+00:00,33,1,106364,20331.5,20338.5,20331.5,20334.25,363,NQ.v.0
2024-09-26 19:05:00+00:00,33,1,106364,20335.0,20338.25,20331.75,20337.25,389,NQ.v.0
2024-09-26 19:06:00+00:00,33,1,106364,20337.5,20338.25,20328.5,20332.0,360,NQ.v.0
2024-09-26 19:07:00+00:00,33,1,106364,20332.0,20337.25,20330.0,20335.5,221,NQ.v.0
2024-09-26 19:08:00+00:00,33,1,106364,20335.75,20343.0,20335.75,20339.5,403,NQ.v.0
2024-09-26 19:09:00+00:00,33,1,106364,20339.75,20341.75,20335.0,20338.0,325,NQ.v.0
2024-09-26 19:10:00+00:00,33,1,106364,20338.0,20343.25,20337.0,20338.25,516,NQ.v.0
2024-09-26 19:11:00+00:00,33,1,106364,20338.5,20350.5,20337.0,20349.5,560,NQ.v.0
2024-09-26 19:12:00+00:00,33,1,106364,20349.75,20350.5,20341.0,20343.25,507,NQ.v.0
2024-09-26 19:13:00+00:00,33,1,106364,20343.5,20358.5,20343.5,20353.75,936,NQ.v.0
2024-09-26 19:14:00+00:00,33,1,106364,20353.75,20360.0,20351.5,20353.0,984,NQ.v.0
2024-09-26 19:15:00+00:00,33,1,106364,20352.75,20353.0,20346.0,20350.75,701,NQ.v.0
2024-09-26 19:16:00+00:00,33,1,106364,20351.75,20356.0,20349.75,20353.5,377,NQ.v.0
2024-09-26 19:17:00+00:00,33,1,106364,20353.0,20355.25,20346.75,20348.5,471,NQ.v.0
2024-09-26 19:18:00+00:00,33,1,106364,20349.0,20350.75,20340.5,20348.25,924,NQ.v.0
2024-09-26 19:19:00+00:00,33,1,106364,20348.5,20354.75,20348.0,20354.25,517,NQ.v.0
2024-09-26 19:20:00+00:00,33,1,106364,20354.25,20358.25,20352.75,20357.0,494,NQ.v.0
2024-09-26 19:21:00+00:00,33,1,106364,20356.75,20357.5,20351.75,20353.75,356,NQ.v.0
2024-09-26 19:22:00+00:00,33,1,106364,20354.5,20358.75,20354.0,20354.75,352,NQ.v.0
2024-09-26 19:23:00+00:00,33,1,106364,20354.5,20357.25,20350.0,20356.5,360,NQ.v.0
2024-09-26 19:24:00+00:00,33,1,106364,20356.0,20361.5,20355.0,20356.25,445,NQ.v.0
2024-09-26 19:25:00+00:00,33,1,106364,20356.5,20362.5,20355.25,20358.0,467,NQ.v.0
2024-09-26 19:26:00+00:00,33,1,106364,20358.0,20361.5,20352.75,20353.25,484,NQ.v.0
2024-09-26 19:27:00+00:00,33,1,106364,20353.0,20359.75,20351.75,20353.0,777,NQ.v.0
2024-09-26 19:28:00+00:00,33,1,106364,20353.0,20354.5,20338.5,20342.0,841,NQ.v.0
2024-09-26 19:29:00+00:00,33,1,106364,20342.0,20346.75,20336.25,20345.75,743,NQ.v.0
2024-09-26 19:30:00+00:00,33,1,106364,20346.0,20348.5,20340.5,20343.75,643,NQ.v.0
2024-09-26 19:31:00+00:00,33,1,106364,20344.0,20349.75,20341.0,20345.0,418,NQ.v.0
2024-09-26 19:32:00+00:00,33,1,106364,20344.5,20348.75,20337.75,20348.5,614,NQ.v.0
2024-09-26 19:33:00+00:00,33,1,106364,20348.25,20357.5,20347.25,20352.75,633,NQ.v.0
2024-09-26 19:34:00+00:00,33,1,106364,20353.5,20356.0,20350.75,20354.25,519,NQ.v.0
2024-09-26 19:35:00+00:00,33,1,106364,20354.75,20358.75,20345.5,20348.5,676,NQ.v.0
2024-09-26 19:36:00+00:00,33,1,106364,20348.0,20351.25,20344.25,20348.0,385,NQ.v.0
2024-09-26 19:37:00+00:00,33,1,106364,20348.0,20354.25,20345.25,20348.0,433,NQ.v.0
2024-09-26 19:38:00+00:00,33,1,106364,20347.75,20350.25,20345.5,20346.5,320,NQ.v.0
2024-09-26 19:39:00+00:00,33,1,106364,20346.75,20350.0,20340.25,20345.75,598,NQ.v.0
2024-09-26 19:40:00+00:00,33,1,106364,20345.25,20351.0,20343.0,20346.0,425,NQ.v.0
2024-09-26 19:41:00+00:00,33,1,106364,20345.25,20352.75,20344.5,20352.0,395,NQ.v.0
2024-09-26 19:42:00+00:00,33,1,106364,20352.25,20353.5,20347.0,20347.5,299,NQ.v.0
2024-09-26 19:43:00+00:00,33,1,106364,20347.5,20350.75,20345.75,20348.0,410,NQ.v.0
2024-09-26 19:44:00+00:00,33,1,106364,20347.75,20349.25,20343.25,20345.5,400,NQ.v.0
2024-09-26 19:45:00+00:00,33,1,106364,20345.25,20350.0,20343.0,20346.0,480,NQ.v.0
2024-09-26 19:46:00+00:00,33,1,106364,20346.0,20351.25,20344.5,20346.25,499,NQ.v.0
2024-09-26 19:47:00+00:00,33,1,106364,20345.5,20350.5,20345.0,20346.25,301,NQ.v.0
2024-09-26 19:48:00+00:00,33,1,106364,20346.5,20349.5,20341.75,20348.0,456,NQ.v.0
2024-09-26 19:49:00+00:00,33,1,106364,20348.75,20354.25,20346.75,20354.0,553,NQ.v.0
2024-09-26 19:50:00+00:00,33,1,106364,20354.0,20354.75,20343.75,20346.0,789,NQ.v.0
2024-09-26 19:51:00+00:00,33,1,106364,20346.25,20349.5,20332.75,20334.0,1137,NQ.v.0
2024-09-26 19:52:00+00:00,33,1,106364,20333.75,20338.75,20328.75,20329.5,800,NQ.v.0
2024-09-26 19:53:00+00:00,33,1,106364,20329.75,20335.0,20326.5,20328.75,895,NQ.v.0
2024-09-26 19:54:00+00:00,33,1,106364,20329.5,20344.0,20327.75,20338.0,1552,NQ.v.0
2024-09-26 19:55:00+00:00,33,1,106364,20337.5,20338.75,20324.5,20333.5,1424,NQ.v.0
2024-09-26 19:56:00+00:00,33,1,106364,20333.75,20338.5,20331.5,20332.75,742,NQ.v.0
2024-09-26 19:57:00+00:00,33,1,106364,20332.5,20341.5,20332.25,20340.25,1190,NQ.v.0
2024-09-26 19:58:00+00:00,33,1,106364,20340.0,20352.0,20339.75,20349.0,1671,NQ.v.0
2024-09-26 19:59:00+00:00,33,1,106364,20348.75,20355.5,20336.0,20341.5,4694,NQ.v.0
2024-09-26 20:00:00+00:00,33,1,106364,20341.25,20350.0,20337.0,20349.25,2144,NQ.v.0
2024-09-26 20:01:00+00:00,33,1,106364,20348.75,20350.0,20338.75,20339.75,593,NQ.v.0
2024-09-26 20:02:00+00:00,33,1,106364,20339.5,20340.75,20336.0,20340.0,508,NQ.v.0
2024-09-26 20:03:00+00:00,33,1,106364,20340.75,20342.0,20336.75,20340.0,245,NQ.v.0
2024-09-26 20:04:00+00:00,33,1,106364,20340.0,20343.25,20339.75,20341.0,210,NQ.v.0
2024-09-26 20:05:00+00:00,33,1,106364,20341.0,20343.25,20339.25,20341.5,261,NQ.v.0
2024-09-26 20:06:00+00:00,33,1,106364,20342.0,20348.5,20341.5,20346.75,330,NQ.v.0
2024-09-26 20:07:00+00:00,33,1,106364,20347.0,20352.75,20347.0,20352.0,318,NQ.v.0
2024-09-26 20:08:00+00:00,33,1,106364,20352.25,20355.75,20352.25,20355.5,230,NQ.v.0
2024-09-26 20:09:00+00:00,33,1,106364,20355.25,20360.75,20355.25,20358.5,378,NQ.v.0
2024-09-26 20:10:00+00:00,33,1,106364,20358.25,20358.75,20352.25,20354.0,292,NQ.v.0
2024-09-26 20:11:00+00:00,33,1,106364,20353.5,20353.5,20351.0,20351.0,97,NQ.v.0
2024-09-26 20:12:00+00:00,33,1,106364,20351.25,20353.0,20350.0,20352.75,85,NQ.v.0
2024-09-26 20:13:00+00:00,33,1,106364,20352.75,20352.75,20349.25,20349.5,131,NQ.v.0
2024-09-26 20:14:00+00:00,33,1,106364,20349.0,20350.0,20346.0,20347.75,210,NQ.v.0
2024-09-26 20:15:00+00:00,33,1,106364,20348.75,20354.5,20348.75,20353.5,221,NQ.v.0
2024-09-26 20:16:00+00:00,33,1,106364,20353.75,20354.5,20344.0,20344.75,293,NQ.v.0
2024-09-26 20:17:00+00:00,33,1,106364,20345.0,20347.75,20344.0,20345.5,140,NQ.v.0
2024-09-26 20:18:00+00:00,33,1,106364,20345.5,20346.75,20344.0,20344.75,111,NQ.v.0
2024-09-26 20:19:00+00:00,33,1,106364,20344.75,20345.75,20344.0,20345.5,44,NQ.v.0
2024-09-26 20:20:00+00:00,33,1,106364,20345.0,20346.5,20344.0,20344.25,109,NQ.v.0
2024-09-26 20:21:00+00:00,33,1,106364,20344.5,20347.0,20343.25,20346.25,144,NQ.v.0
2024-09-26 20:22:00+00:00,33,1,106364,20347.0,20347.25,20345.75,20346.75,29,NQ.v.0
2024-09-26 20:23:00+00:00,33,1,106364,20347.0,20347.75,20346.0,20347.75,23,NQ.v.0
2024-09-26 20:24:00+00:00,33,1,106364,20347.5,20348.0,20346.25,20347.25,40,NQ.v.0
2024-09-26 20:25:00+00:00,33,1,106364,20347.5,20348.5,20346.0,20347.0,74,NQ.v.0
2024-09-26 20:26:00+00:00,33,1,106364,20347.25,20347.75,20346.0,20347.5,60,NQ.v.0
2024-09-26 20:27:00+00:00,33,1,106364,20347.25,20347.75,20346.0,20347.25,69,NQ.v.0
2024-09-26 20:28:00+00:00,33,1,106364,20347.25,20348.0,20346.5,20346.5,45,NQ.v.0
2024-09-26 20:29:00+00:00,33,1,106364,20346.5,20347.0,20346.0,20346.5,67,NQ.v.0
2024-09-26 20:30:00+00:00,33,1,106364,20346.75,20348.0,20346.5,20348.0,79,NQ.v.0
2024-09-26 20:31:00+00:00,33,1,106364,20348.0,20349.25,20347.0,20348.5,148,NQ.v.0
2024-09-26 20:32:00+00:00,33,1,106364,20349.0,20351.5,20349.0,20350.5,88,NQ.v.0
2024-09-26 20:33:00+00:00,33,1,106364,20350.25,20351.75,20350.0,20350.0,114,NQ.v.0
2024-09-26 20:34:00+00:00,33,1,106364,20350.25,20353.5,20350.25,20353.5,77,NQ.v.0
2024-09-26 20:35:00+00:00,33,1,106364,20353.25,20354.5,20351.75,20351.75,58,NQ.v.0
2024-09-26 20:36:00+00:00,33,1,106364,20352.0,20352.5,20351.0,20351.25,51,NQ.v.0
2024-09-26 20:37:00+00:00,33,1,106364,20352.0,20352.5,20350.75,20352.5,31,NQ.v.0
2024-09-26 20:38:00+00:00,33,1,106364,20352.0,20352.75,20351.0,20352.75,32,NQ.v.0
2024-09-26 20:39:00+00:00,33,1,106364,20353.0,20353.0,20352.25,20352.75,22,NQ.v.0
2024-09-26 20:40:00+00:00,33,1,106364,20352.25,20352.25,20350.75,20351.25,47,NQ.v.0
2024-09-26 20:41:00+00:00,33,1,106364,20350.75,20350.75,20346.5,20346.5,166,NQ.v.0
2024-09-26 20:42:00+00:00,33,1,106364,20346.5,20346.5,20341.5,20342.75,185,NQ.v.0
2024-09-26 20:43:00+00:00,33,1,106364,20343.5,20344.75,20343.5,20343.75,36,NQ.v.0
2024-09-26 20:44:00+00:00,33,1,106364,20344.0,20345.5,20342.75,20344.25,74,NQ.v.0
2024-09-26 20:45:00+00:00,33,1,106364,20344.25,20345.5,20343.0,20343.0,76,NQ.v.0
2024-09-26 20:46:00+00:00,33,1,106364,20343.5,20343.75,20342.75,20343.25,37,NQ.v.0
2024-09-26 20:47:00+00:00,33,1,106364,20343.25,20343.25,20340.5,20340.75,56,NQ.v.0
2024-09-26 20:48:00+00:00,33,1,106364,20341.0,20341.5,20340.0,20340.25,43,NQ.v.0
2024-09-26 20:49:00+00:00,33,1,106364,20340.5,20342.25,20340.25,20342.25,92,NQ.v.0
2024-09-26 20:50:00+00:00,33,1,106364,20342.5,20342.75,20339.75,20340.0,81,NQ.v.0
2024-09-26 20:51:00+00:00,33,1,106364,20339.75,20340.75,20339.75,20340.5,20,NQ.v.0
2024-09-26 20:52:00+00:00,33,1,106364,20340.5,20342.25,20340.5,20341.5,81,NQ.v.0
2024-09-26 20:53:00+00:00,33,1,106364,20341.5,20344.0,20340.75,20343.0,56,NQ.v.0
2024-09-26 20:54:00+00:00,33,1,106364,20343.0,20344.0,20342.5,20342.5,45,NQ.v.0
2024-09-26 20:55:00+00:00,33,1,106364,20342.5,20345.0,20341.25,20344.5,69,NQ.v.0
2024-09-26 20:56:00+00:00,33,1,106364,20344.5,20347.5,20344.5,20347.5,57,NQ.v.0
2024-09-26 20:57:00+00:00,33,1,106364,20347.0,20347.0,20344.0,20344.5,36,NQ.v.0
2024-09-26 20:58:00+00:00,33,1,106364,20344.5,20344.75,20342.5,20343.0,39,NQ.v.0
2024-09-26 20:59:00+00:00,33,1,106364,20343.0,20346.25,20343.0,20345.75,115,NQ.v.0
2024-09-26 22:00:00+00:00,33,1,106364,20345.0,20353.25,20343.5,20348.5,157,NQ.v.0
2024-09-26 22:01:00+00:00,33,1,106364,20349.75,20354.25,20349.75,20350.5,76,NQ.v.0
2024-09-26 22:02:00+00:00,33,1,106364,20350.5,20352.5,20347.25,20348.5,26,NQ.v.0
2024-09-26 22:03:00+00:00,33,1,106364,20350.0,20350.25,20348.25,20348.25,14,NQ.v.0
2024-09-26 22:04:00+00:00,33,1,106364,20348.25,20350.5,20347.25,20348.5,33,NQ.v.0
2024-09-26 22:05:00+00:00,33,1,106364,20348.25,20352.0,20348.0,20351.75,31,NQ.v.0
2024-09-26 22:06:00+00:00,33,1,106364,20352.0,20355.0,20350.75,20354.0,58,NQ.v.0
2024-09-26 22:07:00+00:00,33,1,106364,20354.0,20358.75,20353.25,20358.25,119,NQ.v.0
2024-09-26 22:08:00+00:00,33,1,106364,20358.0,20365.75,20358.0,20365.75,216,NQ.v.0
2024-09-26 22:09:00+00:00,33,1,106364,20364.75,20366.25,20360.0,20360.0,95,NQ.v.0
2024-09-26 22:10:00+00:00,33,1,106364,20360.5,20362.75,20360.25,20362.75,56,NQ.v.0
2024-09-26 22:11:00+00:00,33,1,106364,20362.75,20364.75,20362.25,20364.0,43,NQ.v.0
2024-09-26 22:12:00+00:00,33,1,106364,20364.25,20366.5,20363.5,20365.5,68,NQ.v.0
2024-09-26 22:13:00+00:00,33,1,106364,20366.25,20373.75,20366.0,20368.5,136,NQ.v.0
2024-09-26 22:14:00+00:00,33,1,106364,20368.75,20372.0,20367.75,20370.75,77,NQ.v.0
2024-09-26 22:15:00+00:00,33,1,106364,20371.0,20372.25,20369.5,20371.5,59,NQ.v.0
2024-09-26 22:16:00+00:00,33,1,106364,20371.5,20374.5,20370.75,20374.0,94,NQ.v.0
2024-09-26 22:17:00+00:00,33,1,106364,20374.25,20379.25,20373.5,20378.0,165,NQ.v.0
2024-09-26 22:18:00+00:00,33,1,106364,20378.25,20381.5,20375.25,20381.0,175,NQ.v.0
2024-09-26 22:19:00+00:00,33,1,106364,20380.5,20381.75,20378.0,20380.0,56,NQ.v.0
2024-09-26 22:20:00+00:00,33,1,106364,20380.75,20380.75,20372.25,20373.75,236,NQ.v.0
2024-09-26 22:21:00+00:00,33,1,106364,20374.0,20376.5,20373.75,20376.25,52,NQ.v.0
2024-09-26 22:22:00+00:00,33,1,106364,20376.25,20376.75,20375.0,20375.75,31,NQ.v.0
2024-09-26 22:23:00+00:00,33,1,106364,20375.75,20376.75,20372.5,20372.5,34,NQ.v.0
2024-09-26 22:24:00+00:00,33,1,106364,20372.5,20375.25,20371.75,20372.25,47,NQ.v.0
2024-09-26 22:25:00+00:00,33,1,106364,20371.75,20375.25,20371.0,20375.25,81,NQ.v.0
2024-09-26 22:26:00+00:00,33,1,106364,20375.0,20375.75,20368.5,20371.75,151,NQ.v.0
2024-09-26 22:27:00+00:00,33,1,106364,20371.75,20374.0,20371.25,20373.75,40,NQ.v.0
2024-09-26 22:28:00+00:00,33,1,106364,20373.75,20373.75,20370.5,20371.5,76,NQ.v.0
2024-09-26 22:29:00+00:00,33,1,106364,20371.0,20373.25,20370.75,20372.75,23,NQ.v.0
2024-09-26 22:30:00+00:00,33,1,106364,20372.5,20373.0,20370.25,20371.0,62,NQ.v.0
2024-09-26 22:31:00+00:00,33,1,106364,20370.5,20370.75,20368.25,20369.5,70,NQ.v.0
2024-09-26 22:32:00+00:00,33,1,106364,20369.5,20370.5,20367.25,20367.75,85,NQ.v.0
2024-09-26 22:33:00+00:00,33,1,106364,20367.25,20369.25,20366.75,20367.5,63,NQ.v.0
2024-09-26 22:34:00+00:00,33,1,106364,20367.0,20367.75,20362.0,20367.0,233,NQ.v.0
2024-09-26 22:35:00+00:00,33,1,106364,20366.75,20369.25,20365.0,20367.75,38,NQ.v.0
2024-09-26 22:36:00+00:00,33,1,106364,20368.5,20373.0,20368.5,20372.25,78,NQ.v.0
2024-09-26 22:37:00+00:00,33,1,106364,20372.0,20372.0,20367.0,20367.5,69,NQ.v.0
2024-09-26 22:38:00+00:00,33,1,106364,20367.0,20371.5,20367.0,20368.75,52,NQ.v.0
2024-09-26 22:39:00+00:00,33,1,106364,20369.25,20369.5,20364.0,20364.0,47,NQ.v.0
2024-09-26 22:40:00+00:00,33,1,106364,20363.5,20366.5,20363.5,20366.5,32,NQ.v.0
2024-09-26 22:41:00+00:00,33,1,106364,20366.5,20368.25,20365.5,20365.5,26,NQ.v.0
2024-09-26 22:42:00+00:00,33,1,106364,20366.0,20369.75,20366.0,20369.0,33,NQ.v.0
2024-09-26 22:43:00+00:00,33,1,106364,20369.0,20371.5,20368.75,20369.25,59,NQ.v.0
2024-09-26 22:44:00+00:00,33,1,106364,20369.5,20370.25,20369.0,20369.25,28,NQ.v.0
2024-09-26 22:45:00+00:00,33,1,106364,20369.75,20371.5,20368.75,20370.75,36,NQ.v.0
2024-09-26 22:46:00+00:00,33,1,106364,20371.75,20375.0,20371.75,20374.25,103,NQ.v.0
2024-09-26 22:47:00+00:00,33,1,106364,20373.75,20374.5,20373.0,20373.25,18,NQ.v.0
2024-09-26 22:48:00+00:00,33,1,106364,20373.0,20373.25,20371.5,20372.75,31,NQ.v.0
2024-09-26 22:49:00+00:00,33,1,106364,20373.0,20373.0,20371.25,20371.25,11,NQ.v.0
2024-09-26 22:50:00+00:00,33,1,106364,20370.5,20370.5,20366.0,20368.0,138,NQ.v.0
2024-09-26 22:51:00+00:00,33,1,106364,20367.5,20368.0,20366.0,20366.0,21,NQ.v.0
2024-09-26 22:52:00+00:00,33,1,106364,20366.25,20367.0,20366.25,20367.0,4,NQ.v.0
2024-09-26 22:53:00+00:00,33,1,106364,20367.0,20367.75,20365.5,20367.75,20,NQ.v.0
2024-09-26 22:54:00+00:00,33,1,106364,20367.25,20368.0,20367.25,20367.5,11,NQ.v.0
2024-09-26 22:55:00+00:00,33,1,106364,20367.25,20368.25,20366.5,20368.25,11,NQ.v.0
2024-09-26 22:56:00+00:00,33,1,106364,20368.5,20368.75,20362.0,20364.5,83,NQ.v.0
2024-09-26 22:57:00+00:00,33,1,106364,20363.75,20364.0,20362.25,20362.75,19,NQ.v.0
2024-09-26 22:58:00+00:00,33,1,106364,20362.75,20364.75,20362.0,20364.5,86,NQ.v.0
2024-09-26 22:59:00+00:00,33,1,106364,20363.5,20365.25,20363.0,20365.25,19,NQ.v.0
2024-09-26 23:00:00+00:00,33,1,106364,20365.75,20367.0,20356.0,20361.5,162,NQ.v.0
2024-09-26 23:01:00+00:00,33,1,106364,20360.75,20360.75,20353.0,20355.0,139,NQ.v.0
2024-09-26 23:02:00+00:00,33,1,106364,20355.0,20359.25,20355.0,20359.0,46,NQ.v.0
2024-09-26 23:03:00+00:00,33,1,106364,20359.0,20359.25,20355.75,20356.25,29,NQ.v.0
2024-09-26 23:04:00+00:00,33,1,106364,20356.5,20357.75,20351.5,20353.25,91,NQ.v.0
2024-09-26 23:05:00+00:00,33,1,106364,20354.0,20358.5,20353.25,20358.25,63,NQ.v.0
2024-09-26 23:06:00+00:00,33,1,106364,20358.75,20363.25,20358.75,20362.25,72,NQ.v.0
2024-09-26 23:07:00+00:00,33,1,106364,20362.5,20362.5,20360.25,20361.0,22,NQ.v.0
2024-09-26 23:08:00+00:00,33,1,106364,20361.75,20363.75,20361.75,20363.25,16,NQ.v.0
2024-09-26 23:09:00+00:00,33,1,106364,20363.25,20365.75,20363.25,20364.5,34,NQ.v.0
2024-09-26 23:10:00+00:00,33,1,106364,20364.5,20366.0,20364.0,20364.5,25,NQ.v.0
2024-09-26 23:11:00+00:00,33,1,106364,20364.5,20364.5,20363.0,20363.0,13,NQ.v.0
2024-09-26 23:12:00+00:00,33,1,106364,20363.0,20364.75,20363.0,20364.75,8,NQ.v.0
2024-09-26 23:13:00+00:00,33,1,106364,20364.5,20366.25,20364.5,20365.75,13,NQ.v.0
2024-09-26 23:14:00+00:00,33,1,106364,20365.75,20366.75,20364.0,20364.0,20,NQ.v.0
2024-09-26 23:15:00+00:00,33,1,106364,20363.5,20363.75,20360.0,20362.0,93,NQ.v.0
2024-09-26 23:16:00+00:00,33,1,106364,20361.25,20362.75,20361.25,20362.5,9,NQ.v.0
2024-09-26 23:17:00+00:00,33,1,106364,20362.0,20362.25,20359.75,20362.25,24,NQ.v.0
2024-09-26 23:18:00+00:00,33,1,106364,20362.0,20363.0,20361.75,20362.0,26,NQ.v.0
2024-09-26 23:19:00+00:00,33,1,106364,20362.5,20365.75,20362.5,20364.25,28,NQ.v.0
2024-09-26 23:20:00+00:00,33,1,106364,20363.5,20363.5,20359.5,20360.0,27,NQ.v.0
2024-09-26 23:21:00+00:00,33,1,106364,20359.25,20361.0,20357.5,20361.0,51,NQ.v.0
2024-09-26 23:22:00+00:00,33,1,106364,20361.0,20362.5,20358.5,20358.75,37,NQ.v.0
2024-09-26 23:23:00+00:00,33,1,106364,20357.75,20357.75,20355.75,20356.25,40,NQ.v.0
2024-09-26 23:24:00+00:00,33,1,106364,20356.75,20358.75,20354.75,20358.0,48,NQ.v.0
2024-09-26 23:25:00+00:00,33,1,106364,20357.25,20357.5,20356.0,20356.0,8,NQ.v.0
2024-09-26 23:26:00+00:00,33,1,106364,20355.5,20356.0,20350.75,20354.75,78,NQ.v.0
2024-09-26 23:27:00+00:00,33,1,106364,20354.75,20355.5,20353.5,20354.5,24,NQ.v.0
2024-09-26 23:28:00+00:00,33,1,106364,20354.25,20355.75,20352.25,20355.25,22,NQ.v.0
2024-09-26 23:29:00+00:00,33,1,106364,20355.5,20356.0,20353.0,20355.25,19,NQ.v.0
2024-09-26 23:30:00+00:00,33,1,106364,20354.25,20355.0,20352.5,20354.75,27,NQ.v.0
2024-09-26 23:31:00+00:00,33,1,106364,20354.75,20354.75,20352.0,20352.0,9,NQ.v.0
2024-09-26 23:32:00+00:00,33,1,106364,20353.25,20354.0,20353.0,20353.0,15,NQ.v.0
2024-09-26 23:33:00+00:00,33,1,106364,20353.5,20354.25,20353.5,20354.0,8,NQ.v.0
2024-09-26 23:34:00+00:00,33,1,106364,20354.0,20354.75,20352.5,20354.25,19,NQ.v.0
2024-09-26 23:35:00+00:00,33,1,106364,20353.75,20353.75,20353.0,20353.0,8,NQ.v.0
2024-09-26 23:36:00+00:00,33,1,106364,20353.0,20353.75,20350.5,20353.5,38,NQ.v.0
2024-09-26 23:37:00+00:00,33,1,106364,20354.0,20355.75,20354.0,20355.25,31,NQ.v.0
2024-09-26 23:38:00+00:00,33,1,106364,20355.25,20355.5,20353.25,20353.5,28,NQ.v.0
2024-09-26 23:39:00+00:00,33,1,106364,20353.75,20355.75,20353.25,20355.0,23,NQ.v.0
2024-09-26 23:40:00+00:00,33,1,106364,20354.5,20354.5,20351.0,20353.25,28,NQ.v.0
2024-09-26 23:41:00+00:00,33,1,106364,20352.5,20352.5,20343.25,20346.25,282,NQ.v.0
2024-09-26 23:42:00+00:00,33,1,106364,20346.25,20348.5,20345.5,20346.75,41,NQ.v.0
2024-09-26 23:43:00+00:00,33,1,106364,20348.25,20351.25,20347.5,20349.0,55,NQ.v.0
2024-09-26 23:44:00+00:00,33,1,106364,20348.75,20350.75,20347.75,20350.0,39,NQ.v.0
2024-09-26 23:45:00+00:00,33,1,106364,20349.25,20349.25,20340.5,20340.5,174,NQ.v.0
2024-09-26 23:46:00+00:00,33,1,106364,20341.0,20341.0,20329.5,20336.75,363,NQ.v.0
2024-09-26 23:47:00+00:00,33,1,106364,20337.5,20342.25,20337.25,20338.5,105,NQ.v.0
2024-09-26 23:48:00+00:00,33,1,106364,20338.5,20339.0,20334.75,20336.5,67,NQ.v.0
2024-09-26 23:49:00+00:00,33,1,106364,20335.75,20338.0,20332.75,20335.75,166,NQ.v.0
2024-09-26 23:50:00+00:00,33,1,106364,20337.0,20340.0,20337.0,20340.0,48,NQ.v.0
2024-09-26 23:51:00+00:00,33,1,106364,20339.75,20340.0,20333.75,20335.25,73,NQ.v.0
2024-09-26 23:52:00+00:00,33,1,106364,20336.25,20336.25,20333.5,20335.5,35,NQ.v.0
2024-09-26 23:53:00+00:00,33,1,106364,20335.25,20336.0,20333.5,20335.0,27,NQ.v.0
2024-09-26 23:54:00+00:00,33,1,106364,20335.0,20339.0,20334.75,20337.5,25,NQ.v.0
2024-09-26 23:55:00+00:00,33,1,106364,20338.5,20341.0,20338.0,20339.5,43,NQ.v.0
2024-09-26 23:56:00+00:00,33,1,106364,20340.0,20342.5,20338.25,20341.75,55,NQ.v.0
2024-09-26 23:57:00+00:00,33,1,106364,20342.0,20344.0,20341.0,20341.75,44,NQ.v.0
2024-09-26 23:58:00+00:00,33,1,106364,20341.75,20343.5,20337.0,20339.5,76,NQ.v.0
2024-09-26 23:59:00+00:00,33,1,106364,20341.75,20345.5,20341.25,20343.75,63,NQ.v.0
