timestamp,rtype,publisher_id,instrument_id,open,high,low,close,volume,symbol
2023-12-08 00:00:00+00:00,33,1,260937,16020.0,16022.0,16019.75,16021.5,83,NQ.v.0
2023-12-08 00:01:00+00:00,33,1,260937,16021.25,16022.0,16019.75,16021.5,36,NQ.v.0
2023-12-08 00:02:00+00:00,33,1,260937,16021.25,16022.5,16019.75,16021.5,50,NQ.v.0
2023-12-08 00:03:00+00:00,33,1,260937,16022.0,16022.0,16019.0,16019.25,92,NQ.v.0
2023-12-08 00:04:00+00:00,33,1,260937,16019.0,16022.25,16018.75,16022.25,38,NQ.v.0
2023-12-08 00:05:00+00:00,33,1,260937,16021.5,16023.25,16020.75,16022.75,39,NQ.v.0
2023-12-08 00:06:00+00:00,33,1,260937,16023.25,16024.75,16022.0,16024.0,81,NQ.v.0
2023-12-08 00:07:00+00:00,33,1,260937,16024.25,16027.25,16023.25,16026.0,102,NQ.v.0
2023-12-08 00:08:00+00:00,33,1,260937,16024.75,16025.75,16023.5,16024.5,82,NQ.v.0
2023-12-08 00:09:00+00:00,33,1,260937,16024.5,16026.0,16023.75,16024.25,63,NQ.v.0
2023-12-08 00:10:00+00:00,33,1,260937,16024.25,16024.75,16023.5,16024.75,39,NQ.v.0
2023-12-08 00:11:00+00:00,33,1,260937,16024.75,16025.5,16024.75,16025.5,24,NQ.v.0
2023-12-08 00:12:00+00:00,33,1,260937,16025.5,16027.0,16025.25,16027.0,33,NQ.v.0
2023-12-08 00:13:00+00:00,33,1,260937,16027.25,16027.25,16025.0,16026.0,59,NQ.v.0
2023-12-08 00:14:00+00:00,33,1,260937,16027.0,16027.0,16025.0,16025.0,13,NQ.v.0
2023-12-08 00:15:00+00:00,33,1,260937,16025.25,16025.25,16021.5,16022.5,105,NQ.v.0
2023-12-08 00:16:00+00:00,33,1,260937,16022.5,16022.5,16019.5,16020.0,84,NQ.v.0
2023-12-08 00:17:00+00:00,33,1,260937,16020.0,16021.25,16019.75,16020.75,38,NQ.v.0
2023-12-08 00:18:00+00:00,33,1,260937,16021.25,16021.5,16018.5,16019.25,83,NQ.v.0
2023-12-08 00:19:00+00:00,33,1,260937,16019.5,16021.25,16019.25,16021.25,27,NQ.v.0
2023-12-08 00:20:00+00:00,33,1,260937,16021.0,16021.5,16019.5,16020.5,49,NQ.v.0
2023-12-08 00:21:00+00:00,33,1,260937,16021.0,16023.75,16021.0,16023.25,41,NQ.v.0
2023-12-08 00:22:00+00:00,33,1,260937,16023.25,16024.25,16022.25,16024.0,44,NQ.v.0
2023-12-08 00:23:00+00:00,33,1,260937,16023.75,16025.75,16023.5,16025.75,59,NQ.v.0
2023-12-08 00:24:00+00:00,33,1,260937,16025.5,16026.25,16024.5,16025.25,38,NQ.v.0
2023-12-08 00:25:00+00:00,33,1,260937,16025.25,16027.5,16024.5,16027.5,41,NQ.v.0
2023-12-08 00:26:00+00:00,33,1,260937,16026.75,16027.0,16025.5,16026.5,61,NQ.v.0
2023-12-08 00:27:00+00:00,33,1,260937,16027.0,16027.5,16026.25,16026.25,20,NQ.v.0
2023-12-08 00:28:00+00:00,33,1,260937,16026.5,16027.5,16026.5,16027.5,18,NQ.v.0
2023-12-08 00:29:00+00:00,33,1,260937,16027.25,16028.0,16025.0,16025.25,152,NQ.v.0
2023-12-08 00:30:00+00:00,33,1,260937,16025.25,16025.25,16023.75,16024.5,64,NQ.v.0
2023-12-08 00:31:00+00:00,33,1,260937,16024.25,16026.0,16023.25,16026.0,34,NQ.v.0
2023-12-08 00:32:00+00:00,33,1,260937,16026.5,16027.0,16025.75,16025.75,38,NQ.v.0
2023-12-08 00:33:00+00:00,33,1,260937,16026.5,16027.0,16024.75,16027.0,25,NQ.v.0
2023-12-08 00:34:00+00:00,33,1,260937,16026.75,16027.25,16026.5,16026.75,23,NQ.v.0
2023-12-08 00:35:00+00:00,33,1,260937,16026.75,16026.75,16022.25,16022.25,75,NQ.v.0
2023-12-08 00:36:00+00:00,33,1,260937,16022.25,16022.75,16021.25,16022.0,74,NQ.v.0
2023-12-08 00:37:00+00:00,33,1,260937,16022.5,16030.75,16022.5,16029.0,456,NQ.v.0
2023-12-08 00:38:00+00:00,33,1,260937,16028.75,16029.0,16027.5,16029.0,49,NQ.v.0
2023-12-08 00:39:00+00:00,33,1,260937,16028.5,16029.75,16028.0,16029.0,33,NQ.v.0
2023-12-08 00:40:00+00:00,33,1,260937,16028.75,16030.5,16028.75,16029.5,43,NQ.v.0
2023-12-08 00:41:00+00:00,33,1,260937,16029.75,16030.0,16029.0,16029.0,24,NQ.v.0
2023-12-08 00:42:00+00:00,33,1,260937,16029.5,16029.5,16028.25,16028.25,25,NQ.v.0
2023-12-08 00:43:00+00:00,33,1,260937,16028.0,16028.0,16024.0,16027.75,101,NQ.v.0
2023-12-08 00:44:00+00:00,33,1,260937,16027.25,16028.25,16026.75,16027.75,27,NQ.v.0
2023-12-08 00:45:00+00:00,33,1,260937,16027.25,16027.5,16026.5,16027.5,23,NQ.v.0
2023-12-08 00:46:00+00:00,33,1,260937,16027.0,16027.0,16025.0,16026.0,30,NQ.v.0
2023-12-08 00:47:00+00:00,33,1,260937,16025.5,16025.5,16022.75,16023.5,53,NQ.v.0
2023-12-08 00:48:00+00:00,33,1,260937,16023.5,16024.75,16023.0,16024.5,41,NQ.v.0
2023-12-08 00:49:00+00:00,33,1,260937,16024.25,16024.5,16023.0,16024.25,36,NQ.v.0
2023-12-08 00:50:00+00:00,33,1,260937,16024.5,16024.75,16024.25,16024.5,17,NQ.v.0
2023-12-08 00:51:00+00:00,33,1,260937,16024.25,16024.5,16023.25,16024.5,33,NQ.v.0
2023-12-08 00:52:00+00:00,33,1,260937,16024.5,16024.5,16023.25,16023.25,24,NQ.v.0
2023-12-08 00:53:00+00:00,33,1,260937,16023.75,16024.25,16022.5,16023.75,45,NQ.v.0
2023-12-08 00:54:00+00:00,33,1,260937,16024.25,16024.25,16020.25,16021.0,104,NQ.v.0
2023-12-08 00:55:00+00:00,33,1,260937,16021.0,16021.75,16020.25,16021.0,45,NQ.v.0
2023-12-08 00:56:00+00:00,33,1,260937,16021.0,16021.5,16020.75,16020.75,39,NQ.v.0
2023-12-08 00:57:00+00:00,33,1,260937,16020.75,16021.25,16020.5,16020.5,20,NQ.v.0
2023-12-08 00:58:00+00:00,33,1,260937,16020.75,16021.5,16020.5,16021.5,39,NQ.v.0
2023-12-08 00:59:00+00:00,33,1,260937,16021.5,16024.0,16021.5,16023.25,54,NQ.v.0
2023-12-08 01:00:00+00:00,33,1,260937,16023.0,16024.25,16022.0,16023.75,36,NQ.v.0
2023-12-08 01:01:00+00:00,33,1,260937,16023.5,16023.5,16020.75,16021.5,34,NQ.v.0
2023-12-08 01:02:00+00:00,33,1,260937,16021.25,16022.25,16020.25,16020.25,28,NQ.v.0
2023-12-08 01:03:00+00:00,33,1,260937,16020.5,16021.0,16020.25,16020.25,29,NQ.v.0
2023-12-08 01:04:00+00:00,33,1,260937,16020.75,16022.25,16020.0,16021.75,40,NQ.v.0
2023-12-08 01:05:00+00:00,33,1,260937,16022.5,16022.5,16021.5,16021.5,23,NQ.v.0
2023-12-08 01:06:00+00:00,33,1,260937,16021.5,16021.5,16020.25,16020.25,36,NQ.v.0
2023-12-08 01:07:00+00:00,33,1,260937,16020.5,16021.5,16020.25,16021.5,31,NQ.v.0
2023-12-08 01:08:00+00:00,33,1,260937,16021.25,16021.5,16020.5,16021.25,30,NQ.v.0
2023-12-08 01:09:00+00:00,33,1,260937,16020.75,16022.25,16020.25,16021.0,65,NQ.v.0
2023-12-08 01:10:00+00:00,33,1,260937,16021.25,16021.25,16018.5,16019.0,69,NQ.v.0
2023-12-08 01:11:00+00:00,33,1,260937,16018.5,16019.25,16017.5,16018.75,48,NQ.v.0
2023-12-08 01:12:00+00:00,33,1,260937,16018.5,16019.0,16018.25,16019.0,59,NQ.v.0
2023-12-08 01:13:00+00:00,33,1,260937,16019.0,16019.25,16015.25,16018.25,306,NQ.v.0
2023-12-08 01:14:00+00:00,33,1,260937,16018.25,16019.5,16017.75,16019.25,70,NQ.v.0
2023-12-08 01:15:00+00:00,33,1,260937,16019.0,16022.0,16018.5,16021.75,140,NQ.v.0
2023-12-08 01:16:00+00:00,33,1,260937,16022.0,16022.75,16020.75,16021.5,81,NQ.v.0
2023-12-08 01:17:00+00:00,33,1,260937,16021.75,16021.75,16020.5,16021.0,38,NQ.v.0
2023-12-08 01:18:00+00:00,33,1,260937,16020.75,16021.25,16020.0,16020.5,51,NQ.v.0
2023-12-08 01:19:00+00:00,33,1,260937,16020.5,16020.75,16016.75,16016.75,94,NQ.v.0
2023-12-08 01:20:00+00:00,33,1,260937,16016.5,16017.25,16014.25,16014.25,102,NQ.v.0
2023-12-08 01:21:00+00:00,33,1,260937,16014.5,16015.5,16013.5,16014.5,67,NQ.v.0
2023-12-08 01:22:00+00:00,33,1,260937,16015.0,16016.0,16014.0,16014.0,40,NQ.v.0
2023-12-08 01:23:00+00:00,33,1,260937,16014.5,16014.5,16013.0,16013.5,40,NQ.v.0
2023-12-08 01:24:00+00:00,33,1,260937,16013.75,16014.75,16012.75,16014.0,49,NQ.v.0
2023-12-08 01:25:00+00:00,33,1,260937,16013.25,16014.0,16011.75,16012.25,109,NQ.v.0
2023-12-08 01:26:00+00:00,33,1,260937,16012.75,16013.0,16011.75,16012.25,27,NQ.v.0
2023-12-08 01:27:00+00:00,33,1,260937,16012.25,16014.75,16012.25,16014.0,86,NQ.v.0
2023-12-08 01:28:00+00:00,33,1,260937,16014.25,16014.75,16014.0,16014.75,37,NQ.v.0
2023-12-08 01:29:00+00:00,33,1,260937,16014.75,16016.0,16014.5,16015.5,81,NQ.v.0
2023-12-08 01:30:00+00:00,33,1,260937,16015.0,16016.25,16014.25,16015.75,64,NQ.v.0
2023-12-08 01:31:00+00:00,33,1,260937,16015.75,16015.75,16013.5,16014.0,59,NQ.v.0
2023-12-08 01:32:00+00:00,33,1,260937,16014.25,16014.25,16012.25,16012.5,68,NQ.v.0
2023-12-08 01:33:00+00:00,33,1,260937,16012.0,16012.25,16009.0,16009.75,138,NQ.v.0
2023-12-08 01:34:00+00:00,33,1,260937,16009.75,16015.0,16008.5,16014.75,100,NQ.v.0
2023-12-08 01:35:00+00:00,33,1,260937,16015.0,16019.0,16014.25,16017.5,190,NQ.v.0
2023-12-08 01:36:00+00:00,33,1,260937,16017.75,16024.5,16017.5,16023.75,207,NQ.v.0
2023-12-08 01:37:00+00:00,33,1,260937,16023.5,16023.5,16020.75,16022.0,64,NQ.v.0
2023-12-08 01:38:00+00:00,33,1,260937,16021.25,16022.25,16020.0,16020.0,39,NQ.v.0
2023-12-08 01:39:00+00:00,33,1,260937,16020.25,16023.5,16020.0,16022.5,136,NQ.v.0
2023-12-08 01:40:00+00:00,33,1,260937,16022.25,16024.0,16021.5,16021.75,55,NQ.v.0
2023-12-08 01:41:00+00:00,33,1,260937,16021.0,16021.5,16017.25,16018.25,95,NQ.v.0
2023-12-08 01:42:00+00:00,33,1,260937,16018.75,16018.75,16016.0,16016.25,44,NQ.v.0
2023-12-08 01:43:00+00:00,33,1,260937,16016.5,16016.5,16015.25,16016.25,48,NQ.v.0
2023-12-08 01:44:00+00:00,33,1,260937,16015.75,16016.0,16013.5,16013.5,53,NQ.v.0
2023-12-08 01:45:00+00:00,33,1,260937,16014.0,16015.75,16012.25,16015.25,53,NQ.v.0
2023-12-08 01:46:00+00:00,33,1,260937,16015.0,16015.0,16012.25,16013.0,35,NQ.v.0
2023-12-08 01:47:00+00:00,33,1,260937,16012.75,16014.5,16012.75,16014.25,21,NQ.v.0
2023-12-08 01:48:00+00:00,33,1,260937,16014.5,16014.5,16011.75,16012.0,39,NQ.v.0
2023-12-08 01:49:00+00:00,33,1,260937,16011.75,16012.25,16011.0,16012.0,25,NQ.v.0
2023-12-08 01:50:00+00:00,33,1,260937,16011.25,16013.5,16011.0,16013.0,37,NQ.v.0
2023-12-08 01:51:00+00:00,33,1,260937,16013.25,16016.25,16012.5,16014.75,65,NQ.v.0
2023-12-08 01:52:00+00:00,33,1,260937,16015.25,16015.5,16014.0,16014.5,29,NQ.v.0
2023-12-08 01:53:00+00:00,33,1,260937,16014.25,16014.75,16014.0,16014.25,27,NQ.v.0
2023-12-08 01:54:00+00:00,33,1,260937,16014.25,16014.5,16011.25,16011.75,49,NQ.v.0
2023-12-08 01:55:00+00:00,33,1,260937,16011.5,16011.5,16006.5,16007.25,150,NQ.v.0
2023-12-08 01:56:00+00:00,33,1,260937,16007.25,16010.0,16007.25,16009.0,40,NQ.v.0
2023-12-08 01:57:00+00:00,33,1,260937,16009.25,16013.25,16008.75,16011.25,99,NQ.v.0
2023-12-08 01:58:00+00:00,33,1,260937,16011.25,16012.5,16010.75,16010.75,18,NQ.v.0
2023-12-08 01:59:00+00:00,33,1,260937,16010.75,16012.5,16010.5,16011.75,28,NQ.v.0
2023-12-08 02:00:00+00:00,33,1,260937,16011.0,16012.75,16010.75,16011.5,44,NQ.v.0
2023-12-08 02:01:00+00:00,33,1,260937,16011.5,16012.5,16010.75,16011.25,42,NQ.v.0
2023-12-08 02:02:00+00:00,33,1,260937,16012.25,16013.0,16011.5,16013.0,33,NQ.v.0
2023-12-08 02:03:00+00:00,33,1,260937,16012.75,16013.25,16012.5,16013.0,22,NQ.v.0
2023-12-08 02:04:00+00:00,33,1,260937,16013.5,16014.5,16012.0,16012.0,43,NQ.v.0
2023-12-08 02:05:00+00:00,33,1,260937,16011.75,16014.0,16011.75,16013.0,26,NQ.v.0
2023-12-08 02:06:00+00:00,33,1,260937,16012.75,16013.75,16011.0,16011.5,27,NQ.v.0
2023-12-08 02:07:00+00:00,33,1,260937,16011.5,16012.25,16010.75,16010.75,28,NQ.v.0
2023-12-08 02:08:00+00:00,33,1,260937,16010.5,16014.5,16010.0,16014.25,50,NQ.v.0
2023-12-08 02:09:00+00:00,33,1,260937,16014.5,16016.5,16014.5,16014.75,75,NQ.v.0
2023-12-08 02:10:00+00:00,33,1,260937,16014.5,16016.0,16014.25,16014.5,40,NQ.v.0
2023-12-08 02:11:00+00:00,33,1,260937,16015.25,16018.0,16014.75,16016.25,87,NQ.v.0
2023-12-08 02:12:00+00:00,33,1,260937,16016.25,16017.75,16016.25,16016.75,32,NQ.v.0
2023-12-08 02:13:00+00:00,33,1,260937,16016.75,16017.25,16015.75,16016.0,27,NQ.v.0
2023-12-08 02:14:00+00:00,33,1,260937,16016.0,16016.75,16015.5,16016.5,23,NQ.v.0
2023-12-08 02:15:00+00:00,33,1,260937,16017.0,16018.0,16016.75,16017.75,33,NQ.v.0
2023-12-08 02:16:00+00:00,33,1,260937,16018.0,16020.25,16017.5,16019.75,107,NQ.v.0
2023-12-08 02:17:00+00:00,33,1,260937,16020.0,16020.75,16020.0,16020.25,49,NQ.v.0
2023-12-08 02:18:00+00:00,33,1,260937,16019.75,16020.25,16017.5,16018.75,71,NQ.v.0
2023-12-08 02:19:00+00:00,33,1,260937,16018.75,16019.0,16018.0,16019.0,34,NQ.v.0
2023-12-08 02:20:00+00:00,33,1,260937,16018.25,16018.25,16016.25,16016.25,69,NQ.v.0
2023-12-08 02:21:00+00:00,33,1,260937,16016.5,16019.5,16016.5,16019.25,48,NQ.v.0
2023-12-08 02:22:00+00:00,33,1,260937,16019.0,16019.5,16018.5,16018.5,25,NQ.v.0
2023-12-08 02:23:00+00:00,33,1,260937,16018.0,16018.5,16016.5,16017.75,30,NQ.v.0
2023-12-08 02:24:00+00:00,33,1,260937,16017.25,16017.25,16015.75,16016.75,38,NQ.v.0
2023-12-08 02:25:00+00:00,33,1,260937,16016.25,16017.0,16015.5,16016.0,14,NQ.v.0
2023-12-08 02:26:00+00:00,33,1,260937,16016.0,16018.5,16016.0,16018.25,12,NQ.v.0
2023-12-08 02:27:00+00:00,33,1,260937,16018.25,16019.0,16018.0,16018.0,40,NQ.v.0
2023-12-08 02:28:00+00:00,33,1,260937,16017.25,16018.75,16016.5,16018.75,28,NQ.v.0
2023-12-08 02:29:00+00:00,33,1,260937,16018.5,16021.0,16018.5,16019.25,53,NQ.v.0
2023-12-08 02:30:00+00:00,33,1,260937,16019.25,16021.5,16019.0,16020.75,60,NQ.v.0
2023-12-08 02:31:00+00:00,33,1,260937,16020.5,16021.25,16020.0,16020.25,56,NQ.v.0
2023-12-08 02:32:00+00:00,33,1,260937,16020.0,16020.0,16019.0,16019.25,19,NQ.v.0
2023-12-08 02:33:00+00:00,33,1,260937,16019.0,16019.0,16017.25,16017.5,19,NQ.v.0
2023-12-08 02:34:00+00:00,33,1,260937,16017.25,16017.75,16017.0,16017.5,24,NQ.v.0
2023-12-08 02:35:00+00:00,33,1,260937,16017.75,16018.25,16017.25,16018.0,19,NQ.v.0
2023-12-08 02:36:00+00:00,33,1,260937,16017.75,16017.75,16016.0,16017.5,25,NQ.v.0
2023-12-08 02:37:00+00:00,33,1,260937,16017.75,16018.25,16017.25,16018.25,16,NQ.v.0
2023-12-08 02:38:00+00:00,33,1,260937,16017.5,16018.5,16017.0,16018.5,29,NQ.v.0
2023-12-08 02:39:00+00:00,33,1,260937,16018.0,16018.0,16018.0,16018.0,6,NQ.v.0
2023-12-08 02:40:00+00:00,33,1,260937,16017.25,16017.5,16014.5,16016.25,48,NQ.v.0
2023-12-08 02:41:00+00:00,33,1,260937,16016.25,16018.0,16016.25,16017.75,16,NQ.v.0
2023-12-08 02:42:00+00:00,33,1,260937,16018.0,16018.5,16017.75,16017.75,15,NQ.v.0
2023-12-08 02:43:00+00:00,33,1,260937,16018.25,16018.5,16017.75,16018.5,16,NQ.v.0
2023-12-08 02:44:00+00:00,33,1,260937,16018.5,16018.5,16017.75,16017.75,19,NQ.v.0
2023-12-08 02:45:00+00:00,33,1,260937,16017.5,16019.0,16017.5,16018.75,12,NQ.v.0
2023-12-08 02:46:00+00:00,33,1,260937,16018.5,16019.25,16018.0,16018.0,20,NQ.v.0
2023-12-08 02:47:00+00:00,33,1,260937,16017.0,16017.5,16017.0,16017.5,6,NQ.v.0
2023-12-08 02:48:00+00:00,33,1,260937,16017.75,16017.75,16016.5,16016.75,24,NQ.v.0
2023-12-08 02:49:00+00:00,33,1,260937,16017.25,16017.25,16017.0,16017.25,4,NQ.v.0
2023-12-08 02:50:00+00:00,33,1,260937,16017.75,16018.0,16017.5,16017.75,9,NQ.v.0
2023-12-08 02:51:00+00:00,33,1,260937,16017.75,16017.75,16017.0,16017.75,13,NQ.v.0
2023-12-08 02:52:00+00:00,33,1,260937,16017.5,16018.75,16017.5,16018.25,14,NQ.v.0
2023-12-08 02:53:00+00:00,33,1,260937,16017.75,16017.75,16016.5,16016.75,9,NQ.v.0
2023-12-08 02:54:00+00:00,33,1,260937,16017.0,16017.25,16017.0,16017.0,8,NQ.v.0
2023-12-08 02:55:00+00:00,33,1,260937,16017.0,16017.0,16015.5,16016.25,33,NQ.v.0
2023-12-08 02:56:00+00:00,33,1,260937,16016.0,16018.0,16015.75,16016.5,41,NQ.v.0
2023-12-08 02:57:00+00:00,33,1,260937,16016.5,16017.0,16015.5,16016.75,35,NQ.v.0
2023-12-08 02:58:00+00:00,33,1,260937,16017.0,16017.5,16017.0,16017.5,20,NQ.v.0
2023-12-08 02:59:00+00:00,33,1,260937,16017.25,16018.75,16017.25,16018.0,27,NQ.v.0
2023-12-08 03:00:00+00:00,33,1,260937,16017.25,16017.5,16016.5,16016.5,21,NQ.v.0
2023-12-08 03:01:00+00:00,33,1,260937,16016.25,16018.75,16016.25,16018.5,26,NQ.v.0
2023-12-08 03:02:00+00:00,33,1,260937,16018.25,16018.25,16017.25,16017.75,15,NQ.v.0
2023-12-08 03:03:00+00:00,33,1,260937,16018.0,16019.0,16017.25,16018.0,35,NQ.v.0
2023-12-08 03:04:00+00:00,33,1,260937,16017.75,16018.25,16017.0,16017.25,17,NQ.v.0
2023-12-08 03:05:00+00:00,33,1,260937,16017.0,16017.75,16015.5,16016.5,58,NQ.v.0
2023-12-08 03:06:00+00:00,33,1,260937,16015.75,16017.25,16015.0,16017.25,40,NQ.v.0
2023-12-08 03:07:00+00:00,33,1,260937,16017.5,16018.25,16016.5,16016.75,23,NQ.v.0
2023-12-08 03:08:00+00:00,33,1,260937,16017.25,16017.25,16016.5,16016.5,6,NQ.v.0
2023-12-08 03:09:00+00:00,33,1,260937,16016.5,16017.25,16015.5,16017.25,29,NQ.v.0
2023-12-08 03:10:00+00:00,33,1,260937,16017.0,16017.75,16017.0,16017.25,13,NQ.v.0
2023-12-08 03:11:00+00:00,33,1,260937,16017.0,16019.0,16016.5,16019.0,22,NQ.v.0
2023-12-08 03:12:00+00:00,33,1,260937,16018.75,16021.25,16018.75,16020.0,69,NQ.v.0
2023-12-08 03:13:00+00:00,33,1,260937,16020.5,16020.5,16020.0,16020.5,15,NQ.v.0
2023-12-08 03:14:00+00:00,33,1,260937,16020.0,16021.25,16020.0,16020.75,29,NQ.v.0
2023-12-08 03:15:00+00:00,33,1,260937,16020.75,16020.75,16019.0,16019.25,30,NQ.v.0
2023-12-08 03:16:00+00:00,33,1,260937,16020.0,16020.25,16019.25,16020.25,21,NQ.v.0
2023-12-08 03:17:00+00:00,33,1,260937,16020.5,16022.0,16020.5,16021.75,88,NQ.v.0
2023-12-08 03:18:00+00:00,33,1,260937,16021.75,16022.25,16021.25,16021.25,41,NQ.v.0
2023-12-08 03:19:00+00:00,33,1,260937,16021.5,16021.5,16020.0,16020.5,27,NQ.v.0
2023-12-08 03:20:00+00:00,33,1,260937,16020.5,16021.5,16020.25,16021.25,28,NQ.v.0
2023-12-08 03:21:00+00:00,33,1,260937,16021.25,16022.25,16020.5,16022.25,20,NQ.v.0
2023-12-08 03:22:00+00:00,33,1,260937,16022.25,16023.75,16021.75,16022.75,51,NQ.v.0
2023-12-08 03:23:00+00:00,33,1,260937,16022.75,16024.0,16021.5,16022.25,91,NQ.v.0
2023-12-08 03:24:00+00:00,33,1,260937,16021.5,16022.25,16021.25,16021.5,8,NQ.v.0
2023-12-08 03:25:00+00:00,33,1,260937,16022.0,16023.5,16022.0,16023.25,30,NQ.v.0
2023-12-08 03:26:00+00:00,33,1,260937,16022.75,16023.25,16021.75,16022.75,32,NQ.v.0
2023-12-08 03:27:00+00:00,33,1,260937,16023.5,16024.0,16022.5,16022.5,20,NQ.v.0
2023-12-08 03:28:00+00:00,33,1,260937,16022.5,16022.5,16021.0,16021.5,29,NQ.v.0
2023-12-08 03:29:00+00:00,33,1,260937,16021.25,16021.25,16020.25,16021.0,20,NQ.v.0
2023-12-08 03:30:00+00:00,33,1,260937,16022.0,16022.5,16021.5,16021.75,13,NQ.v.0
2023-12-08 03:31:00+00:00,33,1,260937,16021.75,16022.75,16021.0,16022.0,29,NQ.v.0
2023-12-08 03:32:00+00:00,33,1,260937,16021.75,16022.25,16021.5,16022.25,15,NQ.v.0
2023-12-08 03:33:00+00:00,33,1,260937,16022.25,16022.75,16022.0,16022.25,17,NQ.v.0
2023-12-08 03:34:00+00:00,33,1,260937,16022.25,16022.75,16021.75,16022.75,32,NQ.v.0
2023-12-08 03:35:00+00:00,33,1,260937,16022.25,16023.0,16021.75,16022.5,22,NQ.v.0
2023-12-08 03:36:00+00:00,33,1,260937,16022.0,16023.5,16022.0,16023.25,12,NQ.v.0
2023-12-08 03:37:00+00:00,33,1,260937,16023.25,16023.5,16022.75,16023.25,11,NQ.v.0
2023-12-08 03:38:00+00:00,33,1,260937,16022.75,16022.75,16022.25,16022.5,12,NQ.v.0
2023-12-08 03:39:00+00:00,33,1,260937,16022.25,16022.5,16022.25,16022.5,6,NQ.v.0
2023-12-08 03:40:00+00:00,33,1,260937,16021.5,16021.5,16021.5,16021.5,10,NQ.v.0
2023-12-08 03:41:00+00:00,33,1,260937,16021.5,16022.0,16021.25,16021.5,16,NQ.v.0
2023-12-08 03:42:00+00:00,33,1,260937,16021.5,16021.5,16019.5,16019.5,55,NQ.v.0
2023-12-08 03:43:00+00:00,33,1,260937,16019.5,16019.5,16019.0,16019.5,12,NQ.v.0
2023-12-08 03:44:00+00:00,33,1,260937,16019.0,16019.0,16017.0,16018.25,85,NQ.v.0
2023-12-08 03:45:00+00:00,33,1,260937,16018.25,16019.75,16017.75,16019.25,39,NQ.v.0
2023-12-08 03:46:00+00:00,33,1,260937,16019.25,16019.25,16018.25,16019.0,12,NQ.v.0
2023-12-08 03:47:00+00:00,33,1,260937,16019.25,16019.5,16019.0,16019.0,10,NQ.v.0
2023-12-08 03:48:00+00:00,33,1,260937,16019.25,16019.5,16019.25,16019.5,24,NQ.v.0
2023-12-08 03:49:00+00:00,33,1,260937,16019.25,16020.5,16019.25,16019.75,42,NQ.v.0
2023-12-08 03:50:00+00:00,33,1,260937,16020.25,16020.25,16019.5,16020.25,17,NQ.v.0
2023-12-08 03:51:00+00:00,33,1,260937,16020.5,16020.75,16020.0,16020.25,17,NQ.v.0
2023-12-08 03:52:00+00:00,33,1,260937,16020.25,16020.5,16019.25,16020.0,32,NQ.v.0
2023-12-08 03:53:00+00:00,33,1,260937,16020.5,16021.75,16020.5,16021.75,36,NQ.v.0
2023-12-08 03:54:00+00:00,33,1,260937,16021.5,16021.75,16021.25,16021.25,12,NQ.v.0
2023-12-08 03:55:00+00:00,33,1,260937,16021.75,16022.75,16021.75,16022.75,15,NQ.v.0
2023-12-08 03:56:00+00:00,33,1,260937,16022.5,16023.25,16022.5,16022.75,23,NQ.v.0
2023-12-08 03:57:00+00:00,33,1,260937,16022.75,16025.25,16022.25,16025.0,73,NQ.v.0
2023-12-08 03:58:00+00:00,33,1,260937,16024.75,16026.25,16024.25,16025.75,58,NQ.v.0
2023-12-08 03:59:00+00:00,33,1,260937,16026.0,16026.5,16025.25,16025.25,39,NQ.v.0
2023-12-08 04:00:00+00:00,33,1,260937,16025.25,16025.25,16024.0,16025.0,51,NQ.v.0
2023-12-08 04:01:00+00:00,33,1,260937,16024.75,16026.0,16024.5,16024.75,36,NQ.v.0
2023-12-08 04:02:00+00:00,33,1,260937,16024.5,16025.0,16022.5,16022.75,82,NQ.v.0
2023-12-08 04:03:00+00:00,33,1,260937,16022.5,16024.75,16022.5,16024.75,32,NQ.v.0
2023-12-08 04:04:00+00:00,33,1,260937,16024.5,16025.0,16024.0,16024.25,34,NQ.v.0
2023-12-08 04:05:00+00:00,33,1,260937,16024.0,16024.25,16023.75,16023.75,8,NQ.v.0
2023-12-08 04:06:00+00:00,33,1,260937,16023.5,16024.0,16023.0,16024.0,28,NQ.v.0
2023-12-08 04:07:00+00:00,33,1,260937,16023.75,16024.0,16023.5,16023.75,18,NQ.v.0
2023-12-08 04:08:00+00:00,33,1,260937,16024.0,16025.5,16024.0,16025.0,45,NQ.v.0
2023-12-08 04:09:00+00:00,33,1,260937,16024.75,16025.5,16024.75,16025.0,16,NQ.v.0
2023-12-08 04:10:00+00:00,33,1,260937,16025.5,16025.75,16025.0,16025.5,17,NQ.v.0
2023-12-08 04:11:00+00:00,33,1,260937,16025.0,16025.0,16024.75,16024.75,13,NQ.v.0
2023-12-08 04:12:00+00:00,33,1,260937,16025.0,16026.5,16024.75,16026.25,39,NQ.v.0
2023-12-08 04:13:00+00:00,33,1,260937,16026.5,16027.25,16025.75,16027.0,49,NQ.v.0
2023-12-08 04:14:00+00:00,33,1,260937,16026.75,16028.25,16026.25,16028.25,44,NQ.v.0
2023-12-08 04:15:00+00:00,33,1,260937,16027.75,16029.0,16027.0,16027.5,66,NQ.v.0
2023-12-08 04:16:00+00:00,33,1,260937,16027.25,16029.0,16025.5,16026.0,227,NQ.v.0
2023-12-08 04:17:00+00:00,33,1,260937,16026.5,16027.0,16026.25,16027.0,12,NQ.v.0
2023-12-08 04:18:00+00:00,33,1,260937,16027.0,16027.0,16026.5,16026.5,7,NQ.v.0
2023-12-08 04:19:00+00:00,33,1,260937,16026.5,16027.75,16026.25,16026.25,24,NQ.v.0
2023-12-08 04:20:00+00:00,33,1,260937,16026.25,16026.25,16025.25,16025.75,30,NQ.v.0
2023-12-08 04:21:00+00:00,33,1,260937,16025.5,16025.75,16024.5,16024.5,31,NQ.v.0
2023-12-08 04:22:00+00:00,33,1,260937,16024.5,16024.5,16023.0,16024.25,52,NQ.v.0
2023-12-08 04:23:00+00:00,33,1,260937,16024.25,16024.75,16023.25,16024.25,46,NQ.v.0
2023-12-08 04:24:00+00:00,33,1,260937,16024.75,16024.75,16024.0,16024.25,10,NQ.v.0
2023-12-08 04:25:00+00:00,33,1,260937,16024.5,16024.5,16023.75,16023.75,5,NQ.v.0
2023-12-08 04:26:00+00:00,33,1,260937,16023.75,16024.0,16023.0,16024.0,42,NQ.v.0
2023-12-08 04:27:00+00:00,33,1,260937,16024.25,16024.25,16023.75,16024.0,4,NQ.v.0
2023-12-08 04:28:00+00:00,33,1,260937,16024.0,16024.5,16023.25,16024.0,18,NQ.v.0
2023-12-08 04:29:00+00:00,33,1,260937,16023.25,16024.25,16023.25,16024.0,14,NQ.v.0
2023-12-08 04:30:00+00:00,33,1,260937,16023.75,16024.5,16023.75,16024.5,18,NQ.v.0
2023-12-08 04:31:00+00:00,33,1,260937,16024.75,16024.75,16023.5,16023.75,22,NQ.v.0
2023-12-08 04:32:00+00:00,33,1,260937,16023.75,16024.0,16023.5,16024.0,14,NQ.v.0
2023-12-08 04:33:00+00:00,33,1,260937,16023.75,16024.0,16023.5,16023.75,8,NQ.v.0
2023-12-08 04:34:00+00:00,33,1,260937,16023.5,16024.5,16023.5,16024.0,13,NQ.v.0
2023-12-08 04:35:00+00:00,33,1,260937,16024.0,16024.0,16023.5,16023.5,18,NQ.v.0
2023-12-08 04:36:00+00:00,33,1,260937,16023.5,16024.0,16023.5,16024.0,20,NQ.v.0
2023-12-08 04:37:00+00:00,33,1,260937,16024.25,16024.25,16024.0,16024.25,8,NQ.v.0
2023-12-08 04:38:00+00:00,33,1,260937,16024.75,16025.0,16024.25,16024.5,13,NQ.v.0
2023-12-08 04:39:00+00:00,33,1,260937,16024.75,16025.25,16024.75,16025.0,16,NQ.v.0
2023-12-08 04:40:00+00:00,33,1,260937,16025.25,16025.5,16024.75,16025.0,12,NQ.v.0
2023-12-08 04:41:00+00:00,33,1,260937,16025.0,16025.75,16025.0,16025.0,23,NQ.v.0
2023-12-08 04:42:00+00:00,33,1,260937,16024.5,16025.0,16024.5,16025.0,9,NQ.v.0
2023-12-08 04:43:00+00:00,33,1,260937,16024.5,16024.75,16024.5,16024.5,5,NQ.v.0
2023-12-08 04:44:00+00:00,33,1,260937,16024.25,16024.25,16023.25,16023.25,30,NQ.v.0
2023-12-08 04:45:00+00:00,33,1,260937,16023.5,16024.5,16023.5,16024.25,6,NQ.v.0
2023-12-08 04:46:00+00:00,33,1,260937,16024.0,16024.25,16023.5,16023.5,12,NQ.v.0
2023-12-08 04:47:00+00:00,33,1,260937,16024.0,16024.5,16023.75,16024.25,12,NQ.v.0
2023-12-08 04:48:00+00:00,33,1,260937,16024.25,16025.25,16024.25,16025.0,16,NQ.v.0
2023-12-08 04:49:00+00:00,33,1,260937,16025.0,16025.0,16024.75,16024.75,2,NQ.v.0
2023-12-08 04:50:00+00:00,33,1,260937,16025.25,16026.0,16025.25,16025.5,15,NQ.v.0
2023-12-08 04:51:00+00:00,33,1,260937,16025.5,16025.75,16025.25,16025.5,14,NQ.v.0
2023-12-08 04:52:00+00:00,33,1,260937,16025.75,16025.75,16025.25,16025.5,4,NQ.v.0
2023-12-08 04:53:00+00:00,33,1,260937,16025.25,16026.5,16024.75,16026.0,40,NQ.v.0
2023-12-08 04:54:00+00:00,33,1,260937,16026.0,16026.0,16026.0,16026.0,7,NQ.v.0
2023-12-08 04:55:00+00:00,33,1,260937,16026.0,16026.0,16025.5,16025.75,6,NQ.v.0
2023-12-08 04:56:00+00:00,33,1,260937,16026.0,16026.0,16025.0,16025.5,11,NQ.v.0
2023-12-08 04:57:00+00:00,33,1,260937,16025.5,16026.0,16025.25,16026.0,11,NQ.v.0
2023-12-08 04:58:00+00:00,33,1,260937,16026.25,16026.5,16025.5,16025.5,18,NQ.v.0
2023-12-08 04:59:00+00:00,33,1,260937,16025.5,16027.0,16025.5,16026.75,35,NQ.v.0
2023-12-08 05:00:00+00:00,33,1,260937,16026.75,16028.0,16026.0,16026.5,76,NQ.v.0
2023-12-08 05:01:00+00:00,33,1,260937,16026.5,16027.25,16026.5,16027.25,21,NQ.v.0
2023-12-08 05:02:00+00:00,33,1,260937,16027.25,16027.25,16026.0,16026.0,40,NQ.v.0
2023-12-08 05:03:00+00:00,33,1,260937,16026.0,16026.75,16025.5,16026.0,31,NQ.v.0
2023-12-08 05:04:00+00:00,33,1,260937,16025.75,16026.75,16025.5,16026.0,19,NQ.v.0
2023-12-08 05:05:00+00:00,33,1,260937,16025.75,16026.0,16025.0,16025.25,30,NQ.v.0
2023-12-08 05:06:00+00:00,33,1,260937,16025.25,16027.0,16025.0,16025.75,44,NQ.v.0
2023-12-08 05:07:00+00:00,33,1,260937,16025.75,16026.0,16025.25,16025.5,16,NQ.v.0
2023-12-08 05:08:00+00:00,33,1,260937,16025.5,16025.5,16023.0,16023.0,61,NQ.v.0
2023-12-08 05:09:00+00:00,33,1,260937,16023.5,16025.0,16023.5,16025.0,23,NQ.v.0
2023-12-08 05:10:00+00:00,33,1,260937,16024.75,16025.0,16024.25,16025.0,25,NQ.v.0
2023-12-08 05:11:00+00:00,33,1,260937,16025.0,16025.75,16025.0,16025.0,21,NQ.v.0
2023-12-08 05:12:00+00:00,33,1,260937,16024.75,16025.0,16024.25,16025.0,10,NQ.v.0
2023-12-08 05:13:00+00:00,33,1,260937,16024.5,16025.5,16024.25,16025.25,17,NQ.v.0
2023-12-08 05:14:00+00:00,33,1,260937,16025.25,16025.75,16024.75,16025.25,26,NQ.v.0
2023-12-08 05:15:00+00:00,33,1,260937,16025.5,16026.0,16024.0,16024.0,34,NQ.v.0
2023-12-08 05:16:00+00:00,33,1,260937,16024.25,16025.25,16024.25,16025.25,16,NQ.v.0
2023-12-08 05:17:00+00:00,33,1,260937,16025.25,16025.25,16024.25,16024.75,18,NQ.v.0
2023-12-08 05:18:00+00:00,33,1,260937,16024.75,16028.25,16024.5,16027.75,144,NQ.v.0
2023-12-08 05:19:00+00:00,33,1,260937,16028.0,16028.25,16025.75,16026.75,43,NQ.v.0
2023-12-08 05:20:00+00:00,33,1,260937,16026.75,16027.0,16026.0,16026.25,22,NQ.v.0
2023-12-08 05:21:00+00:00,33,1,260937,16025.75,16026.75,16024.25,16024.5,59,NQ.v.0
2023-12-08 05:22:00+00:00,33,1,260937,16024.75,16025.0,16024.25,16024.25,17,NQ.v.0
2023-12-08 05:23:00+00:00,33,1,260937,16024.25,16024.5,16022.75,16023.5,25,NQ.v.0
2023-12-08 05:24:00+00:00,33,1,260937,16023.75,16023.75,16022.25,16022.5,21,NQ.v.0
2023-12-08 05:25:00+00:00,33,1,260937,16022.25,16022.25,16019.5,16020.0,109,NQ.v.0
2023-12-08 05:26:00+00:00,33,1,260937,16019.75,16020.25,16019.0,16019.75,22,NQ.v.0
2023-12-08 05:27:00+00:00,33,1,260937,16020.25,16021.0,16020.25,16021.0,17,NQ.v.0
2023-12-08 05:28:00+00:00,33,1,260937,16020.75,16022.0,16020.5,16022.0,22,NQ.v.0
2023-12-08 05:29:00+00:00,33,1,260937,16021.75,16022.25,16021.25,16022.0,30,NQ.v.0
2023-12-08 05:30:00+00:00,33,1,260937,16022.25,16022.5,16020.5,16020.5,41,NQ.v.0
2023-12-08 05:31:00+00:00,33,1,260937,16021.0,16021.0,16020.25,16020.5,29,NQ.v.0
2023-12-08 05:32:00+00:00,33,1,260937,16020.5,16020.75,16018.5,16018.5,73,NQ.v.0
2023-12-08 05:33:00+00:00,33,1,260937,16018.5,16019.25,16018.5,16018.75,22,NQ.v.0
2023-12-08 05:34:00+00:00,33,1,260937,16018.75,16019.5,16018.5,16019.0,28,NQ.v.0
2023-12-08 05:35:00+00:00,33,1,260937,16019.0,16019.0,16017.75,16017.75,66,NQ.v.0
2023-12-08 05:36:00+00:00,33,1,260937,16018.5,16018.5,16017.75,16017.75,17,NQ.v.0
2023-12-08 05:37:00+00:00,33,1,260937,16018.0,16018.0,16016.75,16017.5,37,NQ.v.0
2023-12-08 05:38:00+00:00,33,1,260937,16017.5,16018.5,16017.25,16017.5,30,NQ.v.0
2023-12-08 05:39:00+00:00,33,1,260937,16017.75,16018.5,16017.75,16018.25,17,NQ.v.0
2023-12-08 05:40:00+00:00,33,1,260937,16018.25,16019.75,16017.5,16018.0,42,NQ.v.0
2023-12-08 05:41:00+00:00,33,1,260937,16018.5,16019.0,16018.0,16019.0,11,NQ.v.0
2023-12-08 05:42:00+00:00,33,1,260937,16019.0,16021.5,16019.0,16021.25,62,NQ.v.0
2023-12-08 05:43:00+00:00,33,1,260937,16021.25,16022.25,16021.0,16021.5,53,NQ.v.0
2023-12-08 05:44:00+00:00,33,1,260937,16021.75,16022.0,16021.5,16021.5,35,NQ.v.0
2023-12-08 05:45:00+00:00,33,1,260937,16021.25,16022.5,16021.25,16022.5,30,NQ.v.0
2023-12-08 05:46:00+00:00,33,1,260937,16022.25,16022.25,16020.75,16020.75,27,NQ.v.0
2023-12-08 05:47:00+00:00,33,1,260937,16021.25,16021.25,16020.75,16020.75,10,NQ.v.0
2023-12-08 05:48:00+00:00,33,1,260937,16021.25,16021.25,16020.25,16020.75,30,NQ.v.0
2023-12-08 05:49:00+00:00,33,1,260937,16020.75,16021.25,16020.25,16021.0,14,NQ.v.0
2023-12-08 05:50:00+00:00,33,1,260937,16020.75,16021.25,16020.0,16020.0,24,NQ.v.0
2023-12-08 05:51:00+00:00,33,1,260937,16019.75,16021.25,16018.25,16020.75,74,NQ.v.0
2023-12-08 05:52:00+00:00,33,1,260937,16021.0,16021.25,16020.25,16020.25,21,NQ.v.0
2023-12-08 05:53:00+00:00,33,1,260937,16020.5,16021.25,16019.5,16020.0,27,NQ.v.0
2023-12-08 05:54:00+00:00,33,1,260937,16019.5,16019.75,16018.75,16019.5,13,NQ.v.0
2023-12-08 05:55:00+00:00,33,1,260937,16019.5,16019.75,16018.75,16018.75,16,NQ.v.0
2023-12-08 05:56:00+00:00,33,1,260937,16018.75,16018.75,16016.5,16016.5,69,NQ.v.0
2023-12-08 05:57:00+00:00,33,1,260937,16016.75,16017.0,16015.25,16015.75,68,NQ.v.0
2023-12-08 05:58:00+00:00,33,1,260937,16015.5,16016.75,16015.5,16016.0,34,NQ.v.0
2023-12-08 05:59:00+00:00,33,1,260937,16016.25,16017.75,16016.25,16017.5,34,NQ.v.0
2023-12-08 06:00:00+00:00,33,1,260937,16017.5,16018.5,16016.25,16016.25,73,NQ.v.0
2023-12-08 06:01:00+00:00,33,1,260937,16016.0,16016.75,16015.0,16015.5,49,NQ.v.0
2023-12-08 06:02:00+00:00,33,1,260937,16015.5,16017.0,16015.25,16016.75,17,NQ.v.0
2023-12-08 06:03:00+00:00,33,1,260937,16016.25,16017.25,16015.5,16017.25,26,NQ.v.0
2023-12-08 06:04:00+00:00,33,1,260937,16017.0,16019.5,16017.0,16019.25,29,NQ.v.0
2023-12-08 06:05:00+00:00,33,1,260937,16019.25,16019.25,16017.25,16018.0,27,NQ.v.0
2023-12-08 06:06:00+00:00,33,1,260937,16018.25,16019.25,16018.0,16018.25,38,NQ.v.0
2023-12-08 06:07:00+00:00,33,1,260937,16017.0,16017.0,16015.5,16016.25,18,NQ.v.0
2023-12-08 06:08:00+00:00,33,1,260937,16016.5,16016.75,16016.5,16016.75,16,NQ.v.0
2023-12-08 06:09:00+00:00,33,1,260937,16016.5,16016.5,16015.0,16015.75,34,NQ.v.0
2023-12-08 06:10:00+00:00,33,1,260937,16015.75,16016.5,16015.5,16016.0,44,NQ.v.0
2023-12-08 06:11:00+00:00,33,1,260937,16016.25,16017.0,16015.0,16015.5,38,NQ.v.0
2023-12-08 06:12:00+00:00,33,1,260937,16015.75,16017.0,16015.25,16016.25,32,NQ.v.0
2023-12-08 06:13:00+00:00,33,1,260937,16016.25,16016.25,16015.5,16015.75,11,NQ.v.0
2023-12-08 06:14:00+00:00,33,1,260937,16015.75,16015.75,16014.25,16014.75,28,NQ.v.0
2023-12-08 06:15:00+00:00,33,1,260937,16015.0,16015.25,16013.5,16013.5,31,NQ.v.0
2023-12-08 06:16:00+00:00,33,1,260937,16013.5,16014.25,16013.0,16013.5,43,NQ.v.0
2023-12-08 06:17:00+00:00,33,1,260937,16013.0,16014.25,16013.0,16014.0,16,NQ.v.0
2023-12-08 06:18:00+00:00,33,1,260937,16013.5,16013.75,16013.25,16013.25,13,NQ.v.0
2023-12-08 06:19:00+00:00,33,1,260937,16014.0,16014.25,16013.5,16014.25,22,NQ.v.0
2023-12-08 06:20:00+00:00,33,1,260937,16013.75,16014.75,16013.75,16014.5,11,NQ.v.0
2023-12-08 06:21:00+00:00,33,1,260937,16014.75,16015.75,16014.75,16015.75,24,NQ.v.0
2023-12-08 06:22:00+00:00,33,1,260937,16015.5,16015.75,16015.0,16015.75,9,NQ.v.0
2023-12-08 06:23:00+00:00,33,1,260937,16015.75,16018.25,16015.75,16017.5,37,NQ.v.0
2023-12-08 06:24:00+00:00,33,1,260937,16017.25,16017.5,16016.75,16017.0,20,NQ.v.0
2023-12-08 06:25:00+00:00,33,1,260937,16017.0,16017.0,16016.0,16016.25,10,NQ.v.0
2023-12-08 06:26:00+00:00,33,1,260937,16016.5,16017.0,16016.25,16017.0,7,NQ.v.0
2023-12-08 06:27:00+00:00,33,1,260937,16016.75,16016.75,16015.0,16015.0,43,NQ.v.0
2023-12-08 06:28:00+00:00,33,1,260937,16014.75,16015.25,16013.25,16013.5,65,NQ.v.0
2023-12-08 06:29:00+00:00,33,1,260937,16013.5,16015.0,16013.5,16015.0,7,NQ.v.0
2023-12-08 06:30:00+00:00,33,1,260937,16015.25,16015.25,16014.75,16014.75,7,NQ.v.0
2023-12-08 06:31:00+00:00,33,1,260937,16014.75,16015.0,16013.75,16013.75,22,NQ.v.0
2023-12-08 06:32:00+00:00,33,1,260937,16013.5,16014.0,16012.25,16013.5,48,NQ.v.0
2023-12-08 06:33:00+00:00,33,1,260937,16012.75,16013.75,16012.25,16012.25,55,NQ.v.0
2023-12-08 06:34:00+00:00,33,1,260937,16012.0,16013.25,16011.0,16012.0,115,NQ.v.0
2023-12-08 06:35:00+00:00,33,1,260937,16012.25,16013.25,16012.0,16012.5,28,NQ.v.0
2023-12-08 06:36:00+00:00,33,1,260937,16012.5,16012.5,16011.25,16012.0,26,NQ.v.0
2023-12-08 06:37:00+00:00,33,1,260937,16012.0,16013.25,16012.0,16012.75,16,NQ.v.0
2023-12-08 06:38:00+00:00,33,1,260937,16012.75,16013.0,16012.0,16012.0,24,NQ.v.0
2023-12-08 06:39:00+00:00,33,1,260937,16012.25,16012.75,16011.75,16012.0,41,NQ.v.0
2023-12-08 06:40:00+00:00,33,1,260937,16011.5,16012.5,16011.5,16011.75,18,NQ.v.0
2023-12-08 06:41:00+00:00,33,1,260937,16011.5,16012.25,16011.5,16011.75,7,NQ.v.0
2023-12-08 06:42:00+00:00,33,1,260937,16011.75,16012.0,16011.75,16012.0,6,NQ.v.0
2023-12-08 06:43:00+00:00,33,1,260937,16012.25,16013.0,16012.0,16012.5,16,NQ.v.0
2023-12-08 06:44:00+00:00,33,1,260937,16012.25,16012.75,16012.25,16012.5,7,NQ.v.0
2023-12-08 06:45:00+00:00,33,1,260937,16012.0,16012.5,16011.5,16012.0,20,NQ.v.0
2023-12-08 06:46:00+00:00,33,1,260937,16011.75,16011.75,16011.0,16011.5,15,NQ.v.0
2023-12-08 06:47:00+00:00,33,1,260937,16011.5,16012.0,16011.25,16011.75,11,NQ.v.0
2023-12-08 06:48:00+00:00,33,1,260937,16012.0,16012.25,16011.75,16012.25,7,NQ.v.0
2023-12-08 06:49:00+00:00,33,1,260937,16012.0,16012.25,16011.5,16011.5,13,NQ.v.0
2023-12-08 06:50:00+00:00,33,1,260937,16011.5,16011.75,16011.0,16011.0,19,NQ.v.0
2023-12-08 06:51:00+00:00,33,1,260937,16011.0,16011.25,16010.5,16011.25,19,NQ.v.0
2023-12-08 06:52:00+00:00,33,1,260937,16011.0,16011.5,16010.75,16011.25,10,NQ.v.0
2023-12-08 06:53:00+00:00,33,1,260937,16011.25,16011.75,16011.25,16011.75,12,NQ.v.0
2023-12-08 06:54:00+00:00,33,1,260937,16012.0,16012.75,16011.75,16012.25,16,NQ.v.0
2023-12-08 06:55:00+00:00,33,1,260937,16012.25,16012.75,16012.25,16012.75,12,NQ.v.0
2023-12-08 06:56:00+00:00,33,1,260937,16013.0,16013.0,16010.0,16010.25,49,NQ.v.0
2023-12-08 06:57:00+00:00,33,1,260937,16010.5,16011.0,16009.75,16010.5,44,NQ.v.0
2023-12-08 06:58:00+00:00,33,1,260937,16010.5,16011.25,16010.0,16011.25,25,NQ.v.0
2023-12-08 06:59:00+00:00,33,1,260937,16011.0,16012.0,16010.25,16011.75,36,NQ.v.0
2023-12-08 07:00:00+00:00,33,1,260937,16012.5,16012.75,16007.5,16007.5,129,NQ.v.0
2023-12-08 07:01:00+00:00,33,1,260937,16007.5,16008.75,16006.75,16007.25,95,NQ.v.0
2023-12-08 07:02:00+00:00,33,1,260937,16007.25,16008.5,16007.0,16007.0,48,NQ.v.0
2023-12-08 07:03:00+00:00,33,1,260937,16007.5,16007.5,16006.25,16007.5,60,NQ.v.0
2023-12-08 07:04:00+00:00,33,1,260937,16007.5,16009.5,16007.25,16008.25,45,NQ.v.0
2023-12-08 07:05:00+00:00,33,1,260937,16008.5,16010.5,16007.5,16010.0,54,NQ.v.0
2023-12-08 07:06:00+00:00,33,1,260937,16009.75,16010.25,16007.25,16007.75,83,NQ.v.0
2023-12-08 07:07:00+00:00,33,1,260937,16008.5,16009.75,16008.5,16009.5,31,NQ.v.0
2023-12-08 07:08:00+00:00,33,1,260937,16008.75,16010.0,16008.5,16008.75,16,NQ.v.0
2023-12-08 07:09:00+00:00,33,1,260937,16008.75,16008.75,16008.0,16008.5,23,NQ.v.0
2023-12-08 07:10:00+00:00,33,1,260937,16008.25,16009.25,16007.5,16008.25,46,NQ.v.0
2023-12-08 07:11:00+00:00,33,1,260937,16008.25,16009.5,16008.0,16008.25,30,NQ.v.0
2023-12-08 07:12:00+00:00,33,1,260937,16008.5,16008.5,16007.25,16007.25,29,NQ.v.0
2023-12-08 07:13:00+00:00,33,1,260937,16007.0,16007.75,16006.75,16007.0,30,NQ.v.0
2023-12-08 07:14:00+00:00,33,1,260937,16006.75,16007.25,16006.5,16007.25,39,NQ.v.0
2023-12-08 07:15:00+00:00,33,1,260937,16007.25,16007.5,16006.25,16006.25,48,NQ.v.0
2023-12-08 07:16:00+00:00,33,1,260937,16006.5,16006.75,16006.0,16006.5,26,NQ.v.0
2023-12-08 07:17:00+00:00,33,1,260937,16006.25,16006.5,16001.25,16002.5,272,NQ.v.0
2023-12-08 07:18:00+00:00,33,1,260937,16003.0,16003.0,16001.75,16001.75,30,NQ.v.0
2023-12-08 07:19:00+00:00,33,1,260937,16002.0,16002.0,16000.5,16000.75,67,NQ.v.0
2023-12-08 07:20:00+00:00,33,1,260937,16001.0,16001.75,15998.75,15999.75,126,NQ.v.0
2023-12-08 07:21:00+00:00,33,1,260937,16000.0,16001.5,15999.5,16001.0,70,NQ.v.0
2023-12-08 07:22:00+00:00,33,1,260937,16001.75,16005.25,16001.5,16004.75,109,NQ.v.0
2023-12-08 07:23:00+00:00,33,1,260937,16004.75,16005.25,16003.25,16004.5,75,NQ.v.0
2023-12-08 07:24:00+00:00,33,1,260937,16004.25,16004.75,16001.75,16002.25,112,NQ.v.0
2023-12-08 07:25:00+00:00,33,1,260937,16002.25,16005.0,16000.75,16004.75,84,NQ.v.0
2023-12-08 07:26:00+00:00,33,1,260937,16004.75,16005.75,16002.25,16002.75,60,NQ.v.0
2023-12-08 07:27:00+00:00,33,1,260937,16002.5,16003.25,16002.5,16002.5,20,NQ.v.0
2023-12-08 07:28:00+00:00,33,1,260937,16002.75,16002.75,16001.5,16001.75,52,NQ.v.0
2023-12-08 07:29:00+00:00,33,1,260937,16001.75,16002.5,16001.25,16002.0,40,NQ.v.0
2023-12-08 07:30:00+00:00,33,1,260937,16002.25,16003.5,16000.0,16000.0,74,NQ.v.0
2023-12-08 07:31:00+00:00,33,1,260937,16000.25,16000.75,15999.5,16000.0,53,NQ.v.0
2023-12-08 07:32:00+00:00,33,1,260937,16000.0,16000.0,15998.5,15999.0,57,NQ.v.0
2023-12-08 07:33:00+00:00,33,1,260937,15999.0,15999.25,15996.5,15996.75,104,NQ.v.0
2023-12-08 07:34:00+00:00,33,1,260937,15997.25,15997.25,15995.25,15996.0,96,NQ.v.0
2023-12-08 07:35:00+00:00,33,1,260937,15996.75,15996.75,15995.75,15996.75,32,NQ.v.0
2023-12-08 07:36:00+00:00,33,1,260937,15996.75,15998.25,15996.0,15996.25,54,NQ.v.0
2023-12-08 07:37:00+00:00,33,1,260937,15996.75,15998.25,15996.75,15998.25,36,NQ.v.0
2023-12-08 07:38:00+00:00,33,1,260937,15998.0,15998.25,15996.5,15997.5,31,NQ.v.0
2023-12-08 07:39:00+00:00,33,1,260937,15997.5,15997.5,15995.0,15995.5,42,NQ.v.0
2023-12-08 07:40:00+00:00,33,1,260937,15995.5,15998.5,15994.25,15998.5,132,NQ.v.0
2023-12-08 07:41:00+00:00,33,1,260937,15998.5,16000.0,15998.25,15998.5,139,NQ.v.0
2023-12-08 07:42:00+00:00,33,1,260937,15998.75,15999.25,15998.25,15999.25,28,NQ.v.0
2023-12-08 07:43:00+00:00,33,1,260937,15999.5,16000.25,15997.75,15999.25,86,NQ.v.0
2023-12-08 07:44:00+00:00,33,1,260937,15999.0,16000.5,15998.5,15998.5,42,NQ.v.0
2023-12-08 07:45:00+00:00,33,1,260937,15998.75,15999.75,15998.5,15999.75,31,NQ.v.0
2023-12-08 07:46:00+00:00,33,1,260937,15999.5,16000.5,15998.75,15999.25,79,NQ.v.0
2023-12-08 07:47:00+00:00,33,1,260937,15998.75,15999.5,15998.0,15998.0,38,NQ.v.0
2023-12-08 07:48:00+00:00,33,1,260937,15998.25,15999.25,15997.75,15998.5,25,NQ.v.0
2023-12-08 07:49:00+00:00,33,1,260937,15998.0,15998.0,15996.25,15996.5,53,NQ.v.0
2023-12-08 07:50:00+00:00,33,1,260937,15996.75,15997.75,15996.5,15997.75,27,NQ.v.0
2023-12-08 07:51:00+00:00,33,1,260937,15997.75,15998.25,15996.5,15997.0,36,NQ.v.0
2023-12-08 07:52:00+00:00,33,1,260937,15997.0,15997.0,15996.25,15996.25,29,NQ.v.0
2023-12-08 07:53:00+00:00,33,1,260937,15996.0,15996.25,15994.25,15994.5,77,NQ.v.0
2023-12-08 07:54:00+00:00,33,1,260937,15994.25,15995.0,15993.0,15993.75,75,NQ.v.0
2023-12-08 07:55:00+00:00,33,1,260937,15994.0,15994.5,15993.25,15994.25,31,NQ.v.0
2023-12-08 07:56:00+00:00,33,1,260937,15995.0,15996.0,15995.0,15996.0,48,NQ.v.0
2023-12-08 07:57:00+00:00,33,1,260937,15996.0,15997.5,15995.5,15997.5,33,NQ.v.0
2023-12-08 07:58:00+00:00,33,1,260937,15997.5,15998.25,15997.25,15998.25,51,NQ.v.0
2023-12-08 07:59:00+00:00,33,1,260937,15997.75,15998.5,15995.75,15997.25,68,NQ.v.0
2023-12-08 08:00:00+00:00,33,1,260937,15997.25,16002.25,15997.25,16002.25,290,NQ.v.0
2023-12-08 08:01:00+00:00,33,1,260937,16002.25,16004.5,15992.5,15994.5,434,NQ.v.0
2023-12-08 08:02:00+00:00,33,1,260937,15994.25,15995.75,15993.25,15995.5,131,NQ.v.0
2023-12-08 08:03:00+00:00,33,1,260937,15995.25,15999.75,15991.25,15992.5,208,NQ.v.0
2023-12-08 08:04:00+00:00,33,1,260937,15992.75,15995.75,15988.25,15991.75,355,NQ.v.0
2023-12-08 08:05:00+00:00,33,1,260937,15992.0,15996.25,15991.75,15995.25,227,NQ.v.0
2023-12-08 08:06:00+00:00,33,1,260937,15994.5,15996.0,15992.25,15992.5,82,NQ.v.0
2023-12-08 08:07:00+00:00,33,1,260937,15993.0,15996.5,15993.0,15995.5,89,NQ.v.0
2023-12-08 08:08:00+00:00,33,1,260937,15995.75,15995.75,15992.75,15993.5,90,NQ.v.0
2023-12-08 08:09:00+00:00,33,1,260937,15993.75,15997.0,15993.5,15996.25,63,NQ.v.0
2023-12-08 08:10:00+00:00,33,1,260937,15996.0,15997.5,15995.25,15996.5,72,NQ.v.0
2023-12-08 08:11:00+00:00,33,1,260937,15996.25,15998.5,15995.5,15997.5,79,NQ.v.0
2023-12-08 08:12:00+00:00,33,1,260937,15998.0,15998.5,15992.75,15993.5,127,NQ.v.0
2023-12-08 08:13:00+00:00,33,1,260937,15993.75,15997.25,15990.5,15996.5,133,NQ.v.0
2023-12-08 08:14:00+00:00,33,1,260937,15996.5,15997.25,15995.5,15996.5,95,NQ.v.0
2023-12-08 08:15:00+00:00,33,1,260937,15996.5,15997.5,15994.5,15996.75,59,NQ.v.0
2023-12-08 08:16:00+00:00,33,1,260937,15996.75,15999.25,15996.75,15998.5,45,NQ.v.0
2023-12-08 08:17:00+00:00,33,1,260937,15999.0,16002.25,15998.0,16002.25,105,NQ.v.0
2023-12-08 08:18:00+00:00,33,1,260937,16002.0,16002.5,15999.75,16000.5,117,NQ.v.0
2023-12-08 08:19:00+00:00,33,1,260937,16000.25,16005.0,16000.25,16003.5,130,NQ.v.0
2023-12-08 08:20:00+00:00,33,1,260937,16003.5,16004.25,16001.25,16003.5,122,NQ.v.0
2023-12-08 08:21:00+00:00,33,1,260937,16003.5,16006.0,16002.75,16003.0,108,NQ.v.0
2023-12-08 08:22:00+00:00,33,1,260937,16004.0,16006.5,16003.0,16004.0,175,NQ.v.0
2023-12-08 08:23:00+00:00,33,1,260937,16003.5,16004.25,16002.25,16003.75,77,NQ.v.0
2023-12-08 08:24:00+00:00,33,1,260937,16003.5,16005.0,16003.5,16004.25,56,NQ.v.0
2023-12-08 08:25:00+00:00,33,1,260937,16004.0,16005.5,16001.5,16005.25,127,NQ.v.0
2023-12-08 08:26:00+00:00,33,1,260937,16005.0,16006.5,16005.0,16005.75,82,NQ.v.0
2023-12-08 08:27:00+00:00,33,1,260937,16005.5,16006.25,16003.75,16005.5,90,NQ.v.0
2023-12-08 08:28:00+00:00,33,1,260937,16006.0,16006.25,16005.25,16005.75,42,NQ.v.0
2023-12-08 08:29:00+00:00,33,1,260937,16005.25,16005.25,16001.75,16001.75,134,NQ.v.0
2023-12-08 08:30:00+00:00,33,1,260937,16001.5,16002.25,16000.0,16002.25,168,NQ.v.0
2023-12-08 08:31:00+00:00,33,1,260937,16003.25,16005.75,16003.0,16003.25,99,NQ.v.0
2023-12-08 08:32:00+00:00,33,1,260937,16003.5,16004.25,16002.5,16004.0,93,NQ.v.0
2023-12-08 08:33:00+00:00,33,1,260937,16004.25,16005.75,16003.75,16004.75,56,NQ.v.0
2023-12-08 08:34:00+00:00,33,1,260937,16004.5,16006.75,16003.75,16006.25,102,NQ.v.0
2023-12-08 08:35:00+00:00,33,1,260937,16006.75,16009.0,16006.5,16008.25,174,NQ.v.0
2023-12-08 08:36:00+00:00,33,1,260937,16008.25,16009.75,16007.5,16008.25,105,NQ.v.0
2023-12-08 08:37:00+00:00,33,1,260937,16008.75,16008.75,16005.5,16006.0,87,NQ.v.0
2023-12-08 08:38:00+00:00,33,1,260937,16005.75,16008.0,16005.0,16008.0,70,NQ.v.0
2023-12-08 08:39:00+00:00,33,1,260937,16008.25,16008.75,16007.0,16007.0,82,NQ.v.0
2023-12-08 08:40:00+00:00,33,1,260937,16007.0,16007.5,16006.25,16006.5,43,NQ.v.0
2023-12-08 08:41:00+00:00,33,1,260937,16006.5,16007.0,16005.0,16006.25,75,NQ.v.0
2023-12-08 08:42:00+00:00,33,1,260937,16006.25,16007.5,16006.0,16007.5,26,NQ.v.0
2023-12-08 08:43:00+00:00,33,1,260937,16007.75,16009.5,16007.25,16009.5,75,NQ.v.0
2023-12-08 08:44:00+00:00,33,1,260937,16009.0,16009.75,16008.5,16009.0,63,NQ.v.0
2023-12-08 08:45:00+00:00,33,1,260937,16009.0,16009.75,16008.0,16008.75,59,NQ.v.0
2023-12-08 08:46:00+00:00,33,1,260937,16008.0,16008.25,16006.25,16007.5,56,NQ.v.0
2023-12-08 08:47:00+00:00,33,1,260937,16007.75,16007.75,16006.5,16006.75,46,NQ.v.0
2023-12-08 08:48:00+00:00,33,1,260937,16006.75,16008.25,16006.0,16007.25,69,NQ.v.0
2023-12-08 08:49:00+00:00,33,1,260937,16007.0,16007.75,16007.0,16007.5,20,NQ.v.0
2023-12-08 08:50:00+00:00,33,1,260937,16007.25,16008.25,16005.75,16008.0,70,NQ.v.0
2023-12-08 08:51:00+00:00,33,1,260937,16007.5,16007.5,16002.5,16003.25,144,NQ.v.0
2023-12-08 08:52:00+00:00,33,1,260937,16003.0,16005.0,16002.25,16004.75,93,NQ.v.0
2023-12-08 08:53:00+00:00,33,1,260937,16004.5,16005.25,16002.5,16004.25,80,NQ.v.0
2023-12-08 08:54:00+00:00,33,1,260937,16004.0,16007.75,16003.5,16007.25,56,NQ.v.0
2023-12-08 08:55:00+00:00,33,1,260937,16007.0,16008.0,16004.5,16004.5,47,NQ.v.0
2023-12-08 08:56:00+00:00,33,1,260937,16004.0,16004.5,16002.5,16003.5,52,NQ.v.0
2023-12-08 08:57:00+00:00,33,1,260937,16004.5,16005.75,16003.25,16004.0,37,NQ.v.0
2023-12-08 08:58:00+00:00,33,1,260937,16005.0,16006.75,16004.75,16005.75,53,NQ.v.0
2023-12-08 08:59:00+00:00,33,1,260937,16005.25,16008.75,16005.25,16008.0,99,NQ.v.0
2023-12-08 09:00:00+00:00,33,1,260937,16007.75,16009.5,16006.25,16009.25,137,NQ.v.0
2023-12-08 09:01:00+00:00,33,1,260937,16009.25,16010.25,16008.75,16010.25,151,NQ.v.0
2023-12-08 09:02:00+00:00,33,1,260937,16010.25,16014.0,16010.25,16012.5,199,NQ.v.0
2023-12-08 09:03:00+00:00,33,1,260937,16013.25,16014.0,16012.0,16012.75,95,NQ.v.0
2023-12-08 09:04:00+00:00,33,1,260937,16012.5,16013.75,16011.75,16012.25,125,NQ.v.0
2023-12-08 09:05:00+00:00,33,1,260937,16012.25,16012.25,16009.0,16011.0,135,NQ.v.0
2023-12-08 09:06:00+00:00,33,1,260937,16010.5,16012.0,16010.5,16011.5,123,NQ.v.0
2023-12-08 09:07:00+00:00,33,1,260937,16011.0,16011.25,16009.25,16010.75,59,NQ.v.0
2023-12-08 09:08:00+00:00,33,1,260937,16010.5,16011.5,16010.25,16011.25,40,NQ.v.0
2023-12-08 09:09:00+00:00,33,1,260937,16011.0,16013.0,16010.75,16012.75,117,NQ.v.0
2023-12-08 09:10:00+00:00,33,1,260937,16012.75,16013.75,16012.5,16012.75,74,NQ.v.0
2023-12-08 09:11:00+00:00,33,1,260937,16012.25,16014.0,16011.75,16013.5,44,NQ.v.0
2023-12-08 09:12:00+00:00,33,1,260937,16013.25,16015.25,16013.25,16014.0,92,NQ.v.0
2023-12-08 09:13:00+00:00,33,1,260937,16014.25,16017.25,16014.25,16016.75,115,NQ.v.0
2023-12-08 09:14:00+00:00,33,1,260937,16016.75,16018.25,16016.75,16017.75,77,NQ.v.0
2023-12-08 09:15:00+00:00,33,1,260937,16017.75,16022.0,16017.75,16021.0,239,NQ.v.0
2023-12-08 09:16:00+00:00,33,1,260937,16021.25,16024.5,16020.0,16023.75,174,NQ.v.0
2023-12-08 09:17:00+00:00,33,1,260937,16023.75,16026.0,16023.0,16024.75,232,NQ.v.0
2023-12-08 09:18:00+00:00,33,1,260937,16024.5,16026.5,16023.0,16024.25,161,NQ.v.0
2023-12-08 09:19:00+00:00,33,1,260937,16024.0,16027.0,16024.0,16026.5,181,NQ.v.0
2023-12-08 09:20:00+00:00,33,1,260937,16026.75,16027.0,16023.25,16024.0,174,NQ.v.0
2023-12-08 09:21:00+00:00,33,1,260937,16024.25,16024.5,16021.0,16021.25,191,NQ.v.0
2023-12-08 09:22:00+00:00,33,1,260937,16021.25,16023.5,16020.5,16022.0,86,NQ.v.0
2023-12-08 09:23:00+00:00,33,1,260937,16022.25,16022.75,16019.0,16019.25,124,NQ.v.0
2023-12-08 09:24:00+00:00,33,1,260937,16019.75,16022.25,16019.0,16022.25,54,NQ.v.0
2023-12-08 09:25:00+00:00,33,1,260937,16022.0,16022.0,16019.0,16019.5,74,NQ.v.0
2023-12-08 09:26:00+00:00,33,1,260937,16019.75,16021.0,16019.75,16021.0,46,NQ.v.0
2023-12-08 09:27:00+00:00,33,1,260937,16021.0,16025.0,16020.25,16024.75,108,NQ.v.0
2023-12-08 09:28:00+00:00,33,1,260937,16024.75,16025.75,16024.25,16025.0,109,NQ.v.0
2023-12-08 09:29:00+00:00,33,1,260937,16025.25,16025.25,16023.0,16024.75,98,NQ.v.0
2023-12-08 09:30:00+00:00,33,1,260937,16024.75,16027.0,16024.5,16025.5,65,NQ.v.0
2023-12-08 09:31:00+00:00,33,1,260937,16026.0,16028.0,16024.0,16024.0,140,NQ.v.0
2023-12-08 09:32:00+00:00,33,1,260937,16024.25,16024.5,16020.75,16024.25,147,NQ.v.0
2023-12-08 09:33:00+00:00,33,1,260937,16024.5,16024.5,16022.5,16023.25,124,NQ.v.0
2023-12-08 09:34:00+00:00,33,1,260937,16023.25,16024.0,16023.0,16023.25,41,NQ.v.0
2023-12-08 09:35:00+00:00,33,1,260937,16023.25,16023.75,16022.25,16023.75,41,NQ.v.0
2023-12-08 09:36:00+00:00,33,1,260937,16023.5,16023.5,16022.25,16023.0,56,NQ.v.0
2023-12-08 09:37:00+00:00,33,1,260937,16022.75,16022.75,16021.5,16022.25,39,NQ.v.0
2023-12-08 09:38:00+00:00,33,1,260937,16022.25,16023.75,16021.75,16022.75,90,NQ.v.0
2023-12-08 09:39:00+00:00,33,1,260937,16023.0,16025.75,16023.0,16025.25,62,NQ.v.0
2023-12-08 09:40:00+00:00,33,1,260937,16024.5,16025.5,16023.25,16023.25,56,NQ.v.0
2023-12-08 09:41:00+00:00,33,1,260937,16023.5,16024.75,16022.25,16024.75,102,NQ.v.0
2023-12-08 09:42:00+00:00,33,1,260937,16024.75,16025.5,16023.0,16025.5,59,NQ.v.0
2023-12-08 09:43:00+00:00,33,1,260937,16025.75,16028.5,16025.5,16028.0,61,NQ.v.0
2023-12-08 09:44:00+00:00,33,1,260937,16028.5,16028.5,16024.75,16026.0,72,NQ.v.0
2023-12-08 09:45:00+00:00,33,1,260937,16026.5,16029.0,16026.25,16027.5,58,NQ.v.0
2023-12-08 09:46:00+00:00,33,1,260937,16027.5,16028.25,16024.5,16026.0,95,NQ.v.0
2023-12-08 09:47:00+00:00,33,1,260937,16026.5,16027.25,16024.75,16027.25,47,NQ.v.0
2023-12-08 09:48:00+00:00,33,1,260937,16026.75,16027.25,16025.5,16026.75,51,NQ.v.0
2023-12-08 09:49:00+00:00,33,1,260937,16026.5,16027.25,16025.5,16026.0,35,NQ.v.0
2023-12-08 09:50:00+00:00,33,1,260937,16026.25,16026.25,16023.0,16023.0,119,NQ.v.0
2023-12-08 09:51:00+00:00,33,1,260937,16023.0,16027.0,16023.0,16026.75,69,NQ.v.0
2023-12-08 09:52:00+00:00,33,1,260937,16026.75,16027.5,16026.0,16026.5,46,NQ.v.0
2023-12-08 09:53:00+00:00,33,1,260937,16026.75,16028.0,16026.25,16027.5,29,NQ.v.0
2023-12-08 09:54:00+00:00,33,1,260937,16027.75,16028.25,16026.25,16028.25,36,NQ.v.0
2023-12-08 09:55:00+00:00,33,1,260937,16028.0,16028.25,16027.25,16027.5,35,NQ.v.0
2023-12-08 09:56:00+00:00,33,1,260937,16027.75,16027.75,16025.5,16026.0,45,NQ.v.0
2023-12-08 09:57:00+00:00,33,1,260937,16026.0,16027.5,16026.0,16026.75,34,NQ.v.0
2023-12-08 09:58:00+00:00,33,1,260937,16027.25,16027.5,16025.75,16026.75,32,NQ.v.0
2023-12-08 09:59:00+00:00,33,1,260937,16027.0,16027.5,16026.75,16027.25,16,NQ.v.0
2023-12-08 10:00:00+00:00,33,1,260937,16027.25,16027.5,16025.75,16026.0,65,NQ.v.0
2023-12-08 10:01:00+00:00,33,1,260937,16026.5,16029.75,16026.0,16029.0,144,NQ.v.0
2023-12-08 10:02:00+00:00,33,1,260937,16029.0,16031.25,16028.5,16029.75,198,NQ.v.0
2023-12-08 10:03:00+00:00,33,1,260937,16028.75,16029.5,16026.5,16027.75,85,NQ.v.0
2023-12-08 10:04:00+00:00,33,1,260937,16027.75,16028.5,16027.25,16027.75,50,NQ.v.0
2023-12-08 10:05:00+00:00,33,1,260937,16028.0,16028.25,16027.25,16027.25,30,NQ.v.0
2023-12-08 10:06:00+00:00,33,1,260937,16027.0,16027.75,16025.75,16026.5,63,NQ.v.0
2023-12-08 10:07:00+00:00,33,1,260937,16026.5,16027.0,16022.0,16022.75,199,NQ.v.0
2023-12-08 10:08:00+00:00,33,1,260937,16022.5,16023.0,16019.25,16019.5,116,NQ.v.0
2023-12-08 10:09:00+00:00,33,1,260937,16019.75,16021.75,16019.0,16021.5,144,NQ.v.0
2023-12-08 10:10:00+00:00,33,1,260937,16021.5,16023.75,16021.25,16023.5,64,NQ.v.0
2023-12-08 10:11:00+00:00,33,1,260937,16023.25,16023.75,16022.25,16023.25,43,NQ.v.0
2023-12-08 10:12:00+00:00,33,1,260937,16023.5,16026.75,16023.25,16025.75,79,NQ.v.0
2023-12-08 10:13:00+00:00,33,1,260937,16026.0,16028.25,16024.75,16028.25,206,NQ.v.0
2023-12-08 10:14:00+00:00,33,1,260937,16028.5,16031.5,16028.5,16030.75,102,NQ.v.0
2023-12-08 10:15:00+00:00,33,1,260937,16031.0,16033.75,16030.75,16033.75,120,NQ.v.0
2023-12-08 10:16:00+00:00,33,1,260937,16034.0,16034.25,16030.5,16031.75,158,NQ.v.0
2023-12-08 10:17:00+00:00,33,1,260937,16031.0,16031.75,16027.5,16029.25,145,NQ.v.0
2023-12-08 10:18:00+00:00,33,1,260937,16028.75,16029.25,16028.0,16029.0,37,NQ.v.0
2023-12-08 10:19:00+00:00,33,1,260937,16029.0,16029.75,16028.25,16029.5,28,NQ.v.0
2023-12-08 10:20:00+00:00,33,1,260937,16029.75,16033.5,16027.75,16028.75,240,NQ.v.0
2023-12-08 10:21:00+00:00,33,1,260937,16028.5,16028.75,16027.5,16027.5,43,NQ.v.0
2023-12-08 10:22:00+00:00,33,1,260937,16028.0,16030.0,16027.5,16029.5,66,NQ.v.0
2023-12-08 10:23:00+00:00,33,1,260937,16029.75,16030.75,16028.5,16030.75,65,NQ.v.0
2023-12-08 10:24:00+00:00,33,1,260937,16031.5,16033.75,16030.5,16033.5,72,NQ.v.0
2023-12-08 10:25:00+00:00,33,1,260937,16033.5,16035.25,16032.75,16033.75,110,NQ.v.0
2023-12-08 10:26:00+00:00,33,1,260937,16034.25,16036.0,16033.5,16033.75,110,NQ.v.0
2023-12-08 10:27:00+00:00,33,1,260937,16033.75,16036.75,16033.25,16035.75,89,NQ.v.0
2023-12-08 10:28:00+00:00,33,1,260937,16035.75,16035.75,16033.0,16034.0,51,NQ.v.0
2023-12-08 10:29:00+00:00,33,1,260937,16034.0,16035.0,16033.5,16033.75,47,NQ.v.0
2023-12-08 10:30:00+00:00,33,1,260937,16033.5,16035.25,16033.0,16034.5,95,NQ.v.0
2023-12-08 10:31:00+00:00,33,1,260937,16034.25,16035.5,16033.75,16034.5,58,NQ.v.0
2023-12-08 10:32:00+00:00,33,1,260937,16034.25,16034.75,16033.25,16033.75,43,NQ.v.0
2023-12-08 10:33:00+00:00,33,1,260937,16034.0,16034.5,16033.0,16034.25,41,NQ.v.0
2023-12-08 10:34:00+00:00,33,1,260937,16034.25,16034.5,16032.75,16034.5,51,NQ.v.0
2023-12-08 10:35:00+00:00,33,1,260937,16034.0,16034.0,16032.25,16033.75,44,NQ.v.0
2023-12-08 10:36:00+00:00,33,1,260937,16034.0,16036.25,16034.0,16035.25,45,NQ.v.0
2023-12-08 10:37:00+00:00,33,1,260937,16035.25,16035.25,16034.25,16034.75,30,NQ.v.0
2023-12-08 10:38:00+00:00,33,1,260937,16035.25,16035.75,16033.75,16035.75,28,NQ.v.0
2023-12-08 10:39:00+00:00,33,1,260937,16035.75,16038.0,16035.75,16038.0,120,NQ.v.0
2023-12-08 10:40:00+00:00,33,1,260937,16037.5,16038.5,16036.75,16037.25,62,NQ.v.0
2023-12-08 10:41:00+00:00,33,1,260937,16037.25,16038.25,16036.75,16037.0,47,NQ.v.0
2023-12-08 10:42:00+00:00,33,1,260937,16037.0,16037.25,16036.75,16036.75,29,NQ.v.0
2023-12-08 10:43:00+00:00,33,1,260937,16037.0,16037.5,16035.5,16036.25,62,NQ.v.0
2023-12-08 10:44:00+00:00,33,1,260937,16036.5,16037.0,16035.5,16036.75,33,NQ.v.0
2023-12-08 10:45:00+00:00,33,1,260937,16036.75,16038.0,16036.75,16037.5,35,NQ.v.0
2023-12-08 10:46:00+00:00,33,1,260937,16037.25,16037.25,16036.25,16036.75,35,NQ.v.0
2023-12-08 10:47:00+00:00,33,1,260937,16036.5,16037.75,16036.5,16037.75,32,NQ.v.0
2023-12-08 10:48:00+00:00,33,1,260937,16037.25,16038.75,16036.5,16038.0,100,NQ.v.0
2023-12-08 10:49:00+00:00,33,1,260937,16038.5,16038.5,16037.0,16037.0,49,NQ.v.0
2023-12-08 10:50:00+00:00,33,1,260937,16037.5,16037.5,16035.75,16036.5,71,NQ.v.0
2023-12-08 10:51:00+00:00,33,1,260937,16036.5,16037.0,16035.0,16035.25,76,NQ.v.0
2023-12-08 10:52:00+00:00,33,1,260937,16035.5,16035.5,16033.5,16033.5,52,NQ.v.0
2023-12-08 10:53:00+00:00,33,1,260937,16034.0,16036.25,16033.25,16036.0,62,NQ.v.0
2023-12-08 10:54:00+00:00,33,1,260937,16036.5,16037.75,16036.25,16036.5,40,NQ.v.0
2023-12-08 10:55:00+00:00,33,1,260937,16036.5,16037.0,16034.75,16035.5,49,NQ.v.0
2023-12-08 10:56:00+00:00,33,1,260937,16035.5,16036.5,16035.0,16035.25,34,NQ.v.0
2023-12-08 10:57:00+00:00,33,1,260937,16035.5,16035.5,16033.0,16034.5,48,NQ.v.0
2023-12-08 10:58:00+00:00,33,1,260937,16034.5,16034.75,16033.25,16033.75,42,NQ.v.0
2023-12-08 10:59:00+00:00,33,1,260937,16033.75,16034.5,16030.5,16030.5,132,NQ.v.0
2023-12-08 11:00:00+00:00,33,1,260937,16031.25,16032.75,16030.75,16031.5,82,NQ.v.0
2023-12-08 11:01:00+00:00,33,1,260937,16031.0,16032.75,16031.0,16032.0,40,NQ.v.0
2023-12-08 11:02:00+00:00,33,1,260937,16031.75,16034.5,16031.75,16033.5,40,NQ.v.0
2023-12-08 11:03:00+00:00,33,1,260937,16034.25,16034.25,16033.0,16033.25,50,NQ.v.0
2023-12-08 11:04:00+00:00,33,1,260937,16033.5,16034.0,16031.0,16031.75,35,NQ.v.0
2023-12-08 11:05:00+00:00,33,1,260937,16031.75,16032.5,16031.0,16031.25,31,NQ.v.0
2023-12-08 11:06:00+00:00,33,1,260937,16031.5,16031.75,16028.75,16029.0,91,NQ.v.0
2023-12-08 11:07:00+00:00,33,1,260937,16029.5,16030.75,16029.25,16030.0,43,NQ.v.0
2023-12-08 11:08:00+00:00,33,1,260937,16030.5,16031.5,16029.75,16029.75,56,NQ.v.0
2023-12-08 11:09:00+00:00,33,1,260937,16029.5,16030.25,16027.75,16028.25,70,NQ.v.0
2023-12-08 11:10:00+00:00,33,1,260937,16028.0,16028.0,16026.5,16027.5,101,NQ.v.0
2023-12-08 11:11:00+00:00,33,1,260937,16027.25,16027.75,16026.75,16027.25,64,NQ.v.0
2023-12-08 11:12:00+00:00,33,1,260937,16027.0,16029.0,16026.75,16028.25,95,NQ.v.0
2023-12-08 11:13:00+00:00,33,1,260937,16028.5,16028.75,16027.5,16028.0,41,NQ.v.0
2023-12-08 11:14:00+00:00,33,1,260937,16028.25,16028.25,16025.5,16025.5,74,NQ.v.0
2023-12-08 11:15:00+00:00,33,1,260937,16025.75,16026.0,16024.25,16024.5,87,NQ.v.0
2023-12-08 11:16:00+00:00,33,1,260937,16024.5,16025.5,16022.0,16022.25,111,NQ.v.0
2023-12-08 11:17:00+00:00,33,1,260937,16022.5,16023.0,16022.0,16022.5,37,NQ.v.0
2023-12-08 11:18:00+00:00,33,1,260937,16022.25,16023.0,16021.25,16021.75,60,NQ.v.0
2023-12-08 11:19:00+00:00,33,1,260937,16022.0,16022.5,16020.0,16020.25,95,NQ.v.0
2023-12-08 11:20:00+00:00,33,1,260937,16019.75,16021.0,16019.75,16020.25,44,NQ.v.0
2023-12-08 11:21:00+00:00,33,1,260937,16020.0,16023.25,16020.0,16023.0,131,NQ.v.0
2023-12-08 11:22:00+00:00,33,1,260937,16023.25,16025.75,16023.0,16024.5,136,NQ.v.0
2023-12-08 11:23:00+00:00,33,1,260937,16025.0,16025.25,16022.25,16023.25,102,NQ.v.0
2023-12-08 11:24:00+00:00,33,1,260937,16023.25,16023.25,16019.25,16019.5,106,NQ.v.0
2023-12-08 11:25:00+00:00,33,1,260937,16019.75,16019.75,16018.25,16018.75,66,NQ.v.0
2023-12-08 11:26:00+00:00,33,1,260937,16018.5,16018.5,16015.75,16016.25,142,NQ.v.0
2023-12-08 11:27:00+00:00,33,1,260937,16016.75,16017.75,16015.75,16016.75,65,NQ.v.0
2023-12-08 11:28:00+00:00,33,1,260937,16016.5,16016.5,16014.0,16014.0,91,NQ.v.0
2023-12-08 11:29:00+00:00,33,1,260937,16014.5,16018.0,16013.5,16016.75,106,NQ.v.0
2023-12-08 11:30:00+00:00,33,1,260937,16017.0,16018.0,16016.75,16017.25,36,NQ.v.0
2023-12-08 11:31:00+00:00,33,1,260937,16017.75,16017.75,16016.25,16017.25,39,NQ.v.0
2023-12-08 11:32:00+00:00,33,1,260937,16018.0,16020.25,16018.0,16019.75,74,NQ.v.0
2023-12-08 11:33:00+00:00,33,1,260937,16020.0,16021.25,16019.0,16021.25,82,NQ.v.0
2023-12-08 11:34:00+00:00,33,1,260937,16021.5,16022.25,16019.25,16019.5,113,NQ.v.0
2023-12-08 11:35:00+00:00,33,1,260937,16019.5,16020.0,16018.25,16018.75,55,NQ.v.0
2023-12-08 11:36:00+00:00,33,1,260937,16018.75,16019.25,16012.75,16013.25,184,NQ.v.0
2023-12-08 11:37:00+00:00,33,1,260937,16013.0,16013.5,16009.25,16009.75,233,NQ.v.0
2023-12-08 11:38:00+00:00,33,1,260937,16010.0,16010.25,16005.75,16005.75,184,NQ.v.0
2023-12-08 11:39:00+00:00,33,1,260937,16006.25,16009.0,16005.75,16008.0,145,NQ.v.0
2023-12-08 11:40:00+00:00,33,1,260937,16008.5,16011.75,16007.75,16009.5,95,NQ.v.0
2023-12-08 11:41:00+00:00,33,1,260937,16009.75,16009.75,16009.0,16009.75,47,NQ.v.0
2023-12-08 11:42:00+00:00,33,1,260937,16010.0,16010.0,16009.0,16009.0,36,NQ.v.0
2023-12-08 11:43:00+00:00,33,1,260937,16009.25,16011.25,16008.5,16010.25,63,NQ.v.0
2023-12-08 11:44:00+00:00,33,1,260937,16010.5,16011.0,16009.25,16009.5,75,NQ.v.0
2023-12-08 11:45:00+00:00,33,1,260937,16009.5,16009.75,16006.5,16007.0,75,NQ.v.0
2023-12-08 11:46:00+00:00,33,1,260937,16007.25,16009.5,16006.5,16007.25,130,NQ.v.0
2023-12-08 11:47:00+00:00,33,1,260937,16006.75,16007.25,16003.5,16004.25,122,NQ.v.0
2023-12-08 11:48:00+00:00,33,1,260937,16004.25,16006.5,16003.5,16005.0,85,NQ.v.0
2023-12-08 11:49:00+00:00,33,1,260937,16004.5,16005.0,16000.25,16000.25,153,NQ.v.0
2023-12-08 11:50:00+00:00,33,1,260937,16000.75,16004.5,16000.75,16004.5,106,NQ.v.0
2023-12-08 11:51:00+00:00,33,1,260937,16004.75,16005.75,16003.5,16004.75,74,NQ.v.0
2023-12-08 11:52:00+00:00,33,1,260937,16004.75,16005.5,16003.0,16003.75,77,NQ.v.0
2023-12-08 11:53:00+00:00,33,1,260937,16004.0,16004.75,16003.25,16003.5,39,NQ.v.0
2023-12-08 11:54:00+00:00,33,1,260937,16003.25,16003.25,15999.25,16002.5,199,NQ.v.0
2023-12-08 11:55:00+00:00,33,1,260937,16002.5,16003.25,15997.25,15998.25,166,NQ.v.0
2023-12-08 11:56:00+00:00,33,1,260937,15998.5,15999.0,15994.0,15994.25,186,NQ.v.0
2023-12-08 11:57:00+00:00,33,1,260937,15994.5,15994.5,15991.5,15992.5,178,NQ.v.0
2023-12-08 11:58:00+00:00,33,1,260937,15992.0,15994.75,15992.0,15992.75,115,NQ.v.0
2023-12-08 11:59:00+00:00,33,1,260937,15992.25,15998.5,15991.75,15998.0,178,NQ.v.0
2023-12-08 12:00:00+00:00,33,1,260937,15998.25,16002.5,15998.25,16000.0,290,NQ.v.0
2023-12-08 12:01:00+00:00,33,1,260937,16000.5,16001.75,15998.0,15998.75,122,NQ.v.0
2023-12-08 12:02:00+00:00,33,1,260937,15998.75,15999.0,15992.5,15992.75,196,NQ.v.0
2023-12-08 12:03:00+00:00,33,1,260937,15992.75,15992.75,15984.0,15986.0,437,NQ.v.0
2023-12-08 12:04:00+00:00,33,1,260937,15986.5,15986.5,15981.25,15981.5,227,NQ.v.0
2023-12-08 12:05:00+00:00,33,1,260937,15982.0,15982.75,15974.75,15976.5,505,NQ.v.0
2023-12-08 12:06:00+00:00,33,1,260937,15976.5,15984.5,15975.5,15983.0,445,NQ.v.0
2023-12-08 12:07:00+00:00,33,1,260937,15983.25,15986.25,15981.25,15985.5,240,NQ.v.0
2023-12-08 12:08:00+00:00,33,1,260937,15985.25,15986.0,15978.75,15980.5,213,NQ.v.0
2023-12-08 12:09:00+00:00,33,1,260937,15980.75,15984.0,15980.25,15981.5,157,NQ.v.0
2023-12-08 12:10:00+00:00,33,1,260937,15981.25,15981.5,15970.75,15971.0,475,NQ.v.0
2023-12-08 12:11:00+00:00,33,1,260937,15971.5,15978.0,15971.25,15977.75,262,NQ.v.0
2023-12-08 12:12:00+00:00,33,1,260937,15977.75,15981.0,15975.25,15980.0,147,NQ.v.0
2023-12-08 12:13:00+00:00,33,1,260937,15980.0,15980.75,15975.5,15977.75,142,NQ.v.0
2023-12-08 12:14:00+00:00,33,1,260937,15977.75,15977.75,15972.0,15972.5,238,NQ.v.0
2023-12-08 12:15:00+00:00,33,1,260937,15973.25,15974.75,15971.0,15972.0,216,NQ.v.0
2023-12-08 12:16:00+00:00,33,1,260937,15972.75,15976.25,15972.25,15973.75,166,NQ.v.0
2023-12-08 12:17:00+00:00,33,1,260937,15974.0,15978.5,15973.25,15978.5,115,NQ.v.0
2023-12-08 12:18:00+00:00,33,1,260937,15978.5,15985.25,15978.0,15983.75,376,NQ.v.0
2023-12-08 12:19:00+00:00,33,1,260937,15984.5,15987.25,15984.0,15984.0,326,NQ.v.0
2023-12-08 12:20:00+00:00,33,1,260937,15984.0,15989.0,15984.0,15988.5,248,NQ.v.0
2023-12-08 12:21:00+00:00,33,1,260937,15988.25,15994.5,15988.0,15992.5,373,NQ.v.0
2023-12-08 12:22:00+00:00,33,1,260937,15992.5,15992.5,15986.5,15987.25,190,NQ.v.0
2023-12-08 12:23:00+00:00,33,1,260937,15987.0,15990.0,15986.5,15989.5,75,NQ.v.0
2023-12-08 12:24:00+00:00,33,1,260937,15989.75,15989.75,15987.0,15988.0,84,NQ.v.0
2023-12-08 12:25:00+00:00,33,1,260937,15988.75,15994.0,15988.75,15992.75,159,NQ.v.0
2023-12-08 12:26:00+00:00,33,1,260937,15993.0,15995.75,15992.5,15994.75,125,NQ.v.0
2023-12-08 12:27:00+00:00,33,1,260937,15994.75,15995.75,15993.5,15995.0,114,NQ.v.0
2023-12-08 12:28:00+00:00,33,1,260937,15995.5,15998.5,15994.25,15998.0,221,NQ.v.0
2023-12-08 12:29:00+00:00,33,1,260937,15997.75,15998.5,15996.0,15998.5,125,NQ.v.0
2023-12-08 12:30:00+00:00,33,1,260937,15998.5,15999.5,15994.25,15995.25,169,NQ.v.0
2023-12-08 12:31:00+00:00,33,1,260937,15995.5,15996.25,15992.25,15994.5,227,NQ.v.0
2023-12-08 12:32:00+00:00,33,1,260937,15994.25,15996.5,15992.75,15993.0,103,NQ.v.0
2023-12-08 12:33:00+00:00,33,1,260937,15993.25,15994.0,15992.5,15993.0,72,NQ.v.0
2023-12-08 12:34:00+00:00,33,1,260937,15992.75,15995.5,15992.5,15994.75,119,NQ.v.0
2023-12-08 12:35:00+00:00,33,1,260937,15995.25,15997.0,15994.75,15994.75,109,NQ.v.0
2023-12-08 12:36:00+00:00,33,1,260937,15995.0,15995.0,15990.5,15992.5,179,NQ.v.0
2023-12-08 12:37:00+00:00,33,1,260937,15992.25,15995.0,15992.0,15993.5,108,NQ.v.0
2023-12-08 12:38:00+00:00,33,1,260937,15993.75,15995.5,15993.5,15994.5,98,NQ.v.0
2023-12-08 12:39:00+00:00,33,1,260937,15995.0,15998.75,15994.75,15998.5,107,NQ.v.0
2023-12-08 12:40:00+00:00,33,1,260937,15998.75,15999.0,15997.25,15998.5,91,NQ.v.0
2023-12-08 12:41:00+00:00,33,1,260937,15998.5,16002.25,15995.5,15995.75,282,NQ.v.0
2023-12-08 12:42:00+00:00,33,1,260937,15995.75,15997.75,15992.75,15993.0,188,NQ.v.0
2023-12-08 12:43:00+00:00,33,1,260937,15993.25,15993.5,15985.25,15987.75,372,NQ.v.0
2023-12-08 12:44:00+00:00,33,1,260937,15987.75,15987.75,15984.5,15985.5,152,NQ.v.0
2023-12-08 12:45:00+00:00,33,1,260937,15985.75,15991.25,15985.75,15989.0,171,NQ.v.0
2023-12-08 12:46:00+00:00,33,1,260937,15989.0,15993.5,15988.25,15993.0,255,NQ.v.0
2023-12-08 12:47:00+00:00,33,1,260937,15993.0,15996.5,15989.25,15989.5,157,NQ.v.0
2023-12-08 12:48:00+00:00,33,1,260937,15989.25,15991.25,15989.0,15989.75,103,NQ.v.0
2023-12-08 12:49:00+00:00,33,1,260937,15989.25,15989.25,15983.75,15987.5,249,NQ.v.0
2023-12-08 12:50:00+00:00,33,1,260937,15987.75,15990.75,15986.0,15990.25,104,NQ.v.0
2023-12-08 12:51:00+00:00,33,1,260937,15990.25,15992.75,15990.0,15992.5,74,NQ.v.0
2023-12-08 12:52:00+00:00,33,1,260937,15992.25,15993.0,15991.25,15992.5,109,NQ.v.0
2023-12-08 12:53:00+00:00,33,1,260937,15992.75,15993.5,15991.5,15992.75,123,NQ.v.0
2023-12-08 12:54:00+00:00,33,1,260937,15992.75,15993.5,15991.5,15991.75,74,NQ.v.0
2023-12-08 12:55:00+00:00,33,1,260937,15992.0,15992.0,15990.5,15991.0,76,NQ.v.0
2023-12-08 12:56:00+00:00,33,1,260937,15991.0,15992.75,15990.5,15990.75,77,NQ.v.0
2023-12-08 12:57:00+00:00,33,1,260937,15990.5,15991.0,15987.25,15989.5,164,NQ.v.0
2023-12-08 12:58:00+00:00,33,1,260937,15989.0,15989.0,15986.0,15987.75,125,NQ.v.0
2023-12-08 12:59:00+00:00,33,1,260937,15987.5,15991.25,15986.75,15987.75,161,NQ.v.0
2023-12-08 13:00:00+00:00,33,1,260937,15988.75,15990.5,15982.25,15982.75,203,NQ.v.0
2023-12-08 13:01:00+00:00,33,1,260937,15982.75,15983.5,15978.0,15978.75,321,NQ.v.0
2023-12-08 13:02:00+00:00,33,1,260937,15979.0,15983.5,15978.0,15981.75,187,NQ.v.0
2023-12-08 13:03:00+00:00,33,1,260937,15981.75,15983.5,15981.0,15981.75,100,NQ.v.0
2023-12-08 13:04:00+00:00,33,1,260937,15982.25,15983.25,15981.25,15982.75,86,NQ.v.0
2023-12-08 13:05:00+00:00,33,1,260937,15982.25,15984.25,15978.25,15979.5,170,NQ.v.0
2023-12-08 13:06:00+00:00,33,1,260937,15979.75,15980.5,15977.75,15978.5,127,NQ.v.0
2023-12-08 13:07:00+00:00,33,1,260937,15978.5,15978.5,15973.5,15974.25,229,NQ.v.0
2023-12-08 13:08:00+00:00,33,1,260937,15974.0,15978.5,15974.0,15977.25,144,NQ.v.0
2023-12-08 13:09:00+00:00,33,1,260937,15977.25,15978.25,15973.75,15977.25,234,NQ.v.0
2023-12-08 13:10:00+00:00,33,1,260937,15977.75,15977.75,15969.25,15969.25,575,NQ.v.0
2023-12-08 13:11:00+00:00,33,1,260937,15969.5,15971.75,15963.75,15971.75,607,NQ.v.0
2023-12-08 13:12:00+00:00,33,1,260937,15971.0,15977.75,15971.0,15977.0,316,NQ.v.0
2023-12-08 13:13:00+00:00,33,1,260937,15977.75,15979.25,15976.5,15977.75,222,NQ.v.0
2023-12-08 13:14:00+00:00,33,1,260937,15977.75,15980.75,15977.75,15979.25,204,NQ.v.0
2023-12-08 13:15:00+00:00,33,1,260937,15979.25,15981.5,15978.5,15981.5,101,NQ.v.0
2023-12-08 13:16:00+00:00,33,1,260937,15981.0,15981.25,15976.25,15981.0,204,NQ.v.0
2023-12-08 13:17:00+00:00,33,1,260937,15980.75,15981.0,15977.5,15978.75,121,NQ.v.0
2023-12-08 13:18:00+00:00,33,1,260937,15979.0,15979.75,15974.5,15975.5,164,NQ.v.0
2023-12-08 13:19:00+00:00,33,1,260937,15975.5,15979.0,15974.75,15975.75,117,NQ.v.0
2023-12-08 13:20:00+00:00,33,1,260937,15975.75,15979.5,15972.0,15978.5,242,NQ.v.0
2023-12-08 13:21:00+00:00,33,1,260937,15978.75,15980.75,15978.5,15979.75,136,NQ.v.0
2023-12-08 13:22:00+00:00,33,1,260937,15979.75,15983.25,15977.75,15982.25,182,NQ.v.0
2023-12-08 13:23:00+00:00,33,1,260937,15982.5,15986.0,15981.0,15985.25,245,NQ.v.0
2023-12-08 13:24:00+00:00,33,1,260937,15984.75,15989.0,15984.25,15989.0,158,NQ.v.0
2023-12-08 13:25:00+00:00,33,1,260937,15989.0,15990.25,15983.75,15988.0,278,NQ.v.0
2023-12-08 13:26:00+00:00,33,1,260937,15987.25,15989.25,15984.5,15989.0,109,NQ.v.0
2023-12-08 13:27:00+00:00,33,1,260937,15989.25,15989.25,15977.0,15981.25,322,NQ.v.0
2023-12-08 13:28:00+00:00,33,1,260937,15981.25,15982.0,15976.5,15977.25,185,NQ.v.0
2023-12-08 13:29:00+00:00,33,1,260937,15977.75,15984.0,15969.25,15971.75,264,NQ.v.0
2023-12-08 13:30:00+00:00,33,1,260937,15978.5,15999.0,15888.25,15929.5,5554,NQ.v.0
2023-12-08 13:31:00+00:00,33,1,260937,15929.25,15929.5,15902.0,15906.75,1956,NQ.v.0
2023-12-08 13:32:00+00:00,33,1,260937,15907.0,15925.5,15897.25,15919.5,1538,NQ.v.0
2023-12-08 13:33:00+00:00,33,1,260937,15920.5,15933.25,15910.5,15913.5,1491,NQ.v.0
2023-12-08 13:34:00+00:00,33,1,260937,15914.0,15933.75,15912.25,15927.5,1202,NQ.v.0
2023-12-08 13:35:00+00:00,33,1,260937,15927.25,15947.25,15922.5,15945.0,1965,NQ.v.0
2023-12-08 13:36:00+00:00,33,1,260937,15945.5,15955.5,15941.75,15942.5,2052,NQ.v.0
2023-12-08 13:37:00+00:00,33,1,260937,15943.0,15953.0,15929.75,15952.0,1866,NQ.v.0
2023-12-08 13:38:00+00:00,33,1,260937,15951.75,15951.75,15938.0,15944.25,1543,NQ.v.0
2023-12-08 13:39:00+00:00,33,1,260937,15944.25,15958.0,15937.5,15957.75,1105,NQ.v.0
2023-12-08 13:40:00+00:00,33,1,260937,15957.0,15968.25,15950.25,15964.25,1707,NQ.v.0
2023-12-08 13:41:00+00:00,33,1,260937,15964.25,15973.5,15961.25,15964.75,1451,NQ.v.0
2023-12-08 13:42:00+00:00,33,1,260937,15965.25,15965.5,15956.75,15960.0,1255,NQ.v.0
2023-12-08 13:43:00+00:00,33,1,260937,15960.0,15985.0,15960.0,15983.0,2241,NQ.v.0
2023-12-08 13:44:00+00:00,33,1,260937,15983.25,15986.5,15970.25,15971.25,1843,NQ.v.0
2023-12-08 13:45:00+00:00,33,1,260937,15971.5,15981.25,15964.25,15974.0,1341,NQ.v.0
2023-12-08 13:46:00+00:00,33,1,260937,15974.25,15981.25,15968.5,15970.5,964,NQ.v.0
2023-12-08 13:47:00+00:00,33,1,260937,15970.75,15984.25,15970.5,15980.75,918,NQ.v.0
2023-12-08 13:48:00+00:00,33,1,260937,15980.75,15982.25,15972.0,15981.0,1051,NQ.v.0
2023-12-08 13:49:00+00:00,33,1,260937,15981.25,15981.25,15970.25,15976.25,847,NQ.v.0
2023-12-08 13:50:00+00:00,33,1,260937,15976.25,15983.25,15973.75,15979.75,745,NQ.v.0
2023-12-08 13:51:00+00:00,33,1,260937,15979.75,15988.0,15975.0,15981.75,976,NQ.v.0
2023-12-08 13:52:00+00:00,33,1,260937,15982.25,15983.0,15973.25,15979.75,812,NQ.v.0
2023-12-08 13:53:00+00:00,33,1,260937,15980.0,15984.5,15976.75,15977.25,601,NQ.v.0
2023-12-08 13:54:00+00:00,33,1,260937,15977.5,15983.25,15976.0,15982.5,470,NQ.v.0
2023-12-08 13:55:00+00:00,33,1,260937,15982.75,15983.25,15973.5,15979.25,773,NQ.v.0
2023-12-08 13:56:00+00:00,33,1,260937,15978.5,15980.0,15973.25,15977.75,474,NQ.v.0
2023-12-08 13:57:00+00:00,33,1,260937,15977.75,15977.75,15968.75,15972.75,636,NQ.v.0
2023-12-08 13:58:00+00:00,33,1,260937,15972.25,15977.75,15967.0,15969.0,989,NQ.v.0
2023-12-08 13:59:00+00:00,33,1,260937,15969.0,15970.25,15960.75,15965.25,840,NQ.v.0
2023-12-08 14:00:00+00:00,33,1,260937,15965.5,15975.0,15962.5,15974.25,1019,NQ.v.0
2023-12-08 14:01:00+00:00,33,1,260937,15974.0,15978.25,15969.5,15972.75,726,NQ.v.0
2023-12-08 14:02:00+00:00,33,1,260937,15973.0,15981.0,15972.25,15973.25,527,NQ.v.0
2023-12-08 14:03:00+00:00,33,1,260937,15974.25,15979.25,15968.5,15968.75,421,NQ.v.0
2023-12-08 14:04:00+00:00,33,1,260937,15968.5,15969.25,15963.25,15968.5,823,NQ.v.0
2023-12-08 14:05:00+00:00,33,1,260937,15969.0,15969.0,15957.75,15962.5,973,NQ.v.0
2023-12-08 14:06:00+00:00,33,1,260937,15962.5,15964.25,15954.25,15954.75,836,NQ.v.0
2023-12-08 14:07:00+00:00,33,1,260937,15955.0,15967.0,15954.5,15966.0,753,NQ.v.0
2023-12-08 14:08:00+00:00,33,1,260937,15965.5,15966.25,15961.0,15964.5,373,NQ.v.0
2023-12-08 14:09:00+00:00,33,1,260937,15965.0,15973.0,15964.0,15964.0,625,NQ.v.0
2023-12-08 14:10:00+00:00,33,1,260937,15964.0,15967.75,15958.75,15963.0,477,NQ.v.0
2023-12-08 14:11:00+00:00,33,1,260937,15962.75,15963.75,15958.0,15960.75,394,NQ.v.0
2023-12-08 14:12:00+00:00,33,1,260937,15960.5,15962.75,15957.0,15962.0,355,NQ.v.0
2023-12-08 14:13:00+00:00,33,1,260937,15962.25,15964.0,15957.5,15959.0,356,NQ.v.0
2023-12-08 14:14:00+00:00,33,1,260937,15959.0,15959.75,15950.0,15953.5,778,NQ.v.0
2023-12-08 14:15:00+00:00,33,1,260937,15952.75,15960.25,15952.25,15957.25,588,NQ.v.0
2023-12-08 14:16:00+00:00,33,1,260937,15957.25,15959.25,15947.75,15953.0,1306,NQ.v.0
2023-12-08 14:17:00+00:00,33,1,260937,15953.0,15954.75,15950.25,15951.5,342,NQ.v.0
2023-12-08 14:18:00+00:00,33,1,260937,15951.75,15953.0,15947.25,15952.25,516,NQ.v.0
2023-12-08 14:19:00+00:00,33,1,260937,15952.0,15955.0,15949.0,15950.0,454,NQ.v.0
2023-12-08 14:20:00+00:00,33,1,260937,15949.0,15954.0,15948.5,15952.75,293,NQ.v.0
2023-12-08 14:21:00+00:00,33,1,260937,15952.75,15957.0,15950.0,15956.25,348,NQ.v.0
2023-12-08 14:22:00+00:00,33,1,260937,15956.0,15957.25,15951.75,15955.25,220,NQ.v.0
2023-12-08 14:23:00+00:00,33,1,260937,15956.0,15957.25,15952.75,15953.5,173,NQ.v.0
2023-12-08 14:24:00+00:00,33,1,260937,15953.25,15956.25,15947.75,15948.5,393,NQ.v.0
2023-12-08 14:25:00+00:00,33,1,260937,15948.25,15953.0,15945.75,15949.75,491,NQ.v.0
2023-12-08 14:26:00+00:00,33,1,260937,15949.25,15949.5,15942.25,15942.75,552,NQ.v.0
2023-12-08 14:27:00+00:00,33,1,260937,15942.75,15943.75,15938.5,15941.25,705,NQ.v.0
2023-12-08 14:28:00+00:00,33,1,260937,15942.0,15954.5,15939.0,15950.5,871,NQ.v.0
2023-12-08 14:29:00+00:00,33,1,260937,15950.75,15956.25,15948.5,15956.25,616,NQ.v.0
2023-12-08 14:30:00+00:00,33,1,260937,15956.0,15988.0,15947.25,15986.5,6068,NQ.v.0
2023-12-08 14:31:00+00:00,33,1,260937,15986.25,15994.75,15959.0,15959.5,5601,NQ.v.0
2023-12-08 14:32:00+00:00,33,1,260937,15959.75,15985.25,15954.0,15979.5,4266,NQ.v.0
2023-12-08 14:33:00+00:00,33,1,260937,15979.75,15983.75,15974.75,15979.0,2072,NQ.v.0
2023-12-08 14:34:00+00:00,33,1,260937,15979.5,15983.75,15955.5,15967.5,3442,NQ.v.0
2023-12-08 14:35:00+00:00,33,1,260937,15968.0,15975.5,15961.0,15972.25,2296,NQ.v.0
2023-12-08 14:36:00+00:00,33,1,260937,15972.5,15979.0,15964.0,15972.5,2154,NQ.v.0
2023-12-08 14:37:00+00:00,33,1,260937,15972.5,15975.5,15959.0,15966.25,1961,NQ.v.0
2023-12-08 14:38:00+00:00,33,1,260937,15966.25,15980.75,15959.25,15976.0,1888,NQ.v.0
2023-12-08 14:39:00+00:00,33,1,260937,15976.5,15982.0,15969.75,15978.75,1510,NQ.v.0
2023-12-08 14:40:00+00:00,33,1,260937,15978.75,15996.75,15975.25,15992.0,2314,NQ.v.0
2023-12-08 14:41:00+00:00,33,1,260937,15991.75,16002.5,15986.5,15999.25,2743,NQ.v.0
2023-12-08 14:42:00+00:00,33,1,260937,15998.75,16004.25,15987.5,16003.5,1889,NQ.v.0
2023-12-08 14:43:00+00:00,33,1,260937,16003.0,16014.5,16000.0,16014.0,2354,NQ.v.0
2023-12-08 14:44:00+00:00,33,1,260937,16014.0,16024.0,16013.25,16022.75,2493,NQ.v.0
2023-12-08 14:45:00+00:00,33,1,260937,16023.0,16026.0,16001.25,16006.75,3133,NQ.v.0
2023-12-08 14:46:00+00:00,33,1,260937,16006.25,16018.0,16004.75,16009.5,1275,NQ.v.0
2023-12-08 14:47:00+00:00,33,1,260937,16009.25,16018.5,15996.0,15998.75,1639,NQ.v.0
2023-12-08 14:48:00+00:00,33,1,260937,15999.0,16006.0,15995.25,16002.5,1344,NQ.v.0
2023-12-08 14:49:00+00:00,33,1,260937,16003.0,16018.5,15999.5,16012.75,1482,NQ.v.0
2023-12-08 14:50:00+00:00,33,1,260937,16012.5,16017.75,16009.75,16015.5,1013,NQ.v.0
2023-12-08 14:51:00+00:00,33,1,260937,16015.75,16018.25,15997.5,16004.5,1710,NQ.v.0
2023-12-08 14:52:00+00:00,33,1,260937,16005.0,16008.25,15997.75,15998.25,1077,NQ.v.0
2023-12-08 14:53:00+00:00,33,1,260937,15997.75,15999.25,15983.0,15986.75,2256,NQ.v.0
2023-12-08 14:54:00+00:00,33,1,260937,15986.75,15989.75,15981.5,15986.5,1421,NQ.v.0
2023-12-08 14:55:00+00:00,33,1,260937,15986.5,16001.5,15985.75,15995.25,1451,NQ.v.0
2023-12-08 14:56:00+00:00,33,1,260937,15995.25,15997.0,15986.25,15991.0,1144,NQ.v.0
2023-12-08 14:57:00+00:00,33,1,260937,15991.25,15991.25,15978.0,15980.0,1354,NQ.v.0
2023-12-08 14:58:00+00:00,33,1,260937,15979.5,15987.25,15977.75,15986.5,939,NQ.v.0
2023-12-08 14:59:00+00:00,33,1,260937,15987.0,15998.75,15987.0,15991.25,824,NQ.v.0
2023-12-08 15:00:00+00:00,33,1,260937,15997.75,16046.5,15997.75,16031.0,4700,NQ.v.0
2023-12-08 15:01:00+00:00,33,1,260937,16031.75,16035.5,16021.75,16032.5,3205,NQ.v.0
2023-12-08 15:02:00+00:00,33,1,260937,16032.75,16033.5,16010.25,16020.75,3061,NQ.v.0
2023-12-08 15:03:00+00:00,33,1,260937,16021.0,16041.0,16021.0,16035.0,3156,NQ.v.0
2023-12-08 15:04:00+00:00,33,1,260937,16034.75,16045.75,16024.0,16044.5,2545,NQ.v.0
2023-12-08 15:05:00+00:00,33,1,260937,16044.75,16045.25,16028.0,16041.0,2146,NQ.v.0
2023-12-08 15:06:00+00:00,33,1,260937,16041.25,16056.0,16038.25,16056.0,2744,NQ.v.0
2023-12-08 15:07:00+00:00,33,1,260937,16055.5,16072.75,16054.5,16071.25,3831,NQ.v.0
2023-12-08 15:08:00+00:00,33,1,260937,16070.75,16077.5,16060.0,16075.0,3059,NQ.v.0
2023-12-08 15:09:00+00:00,33,1,260937,16074.5,16085.25,16073.25,16084.5,3079,NQ.v.0
2023-12-08 15:10:00+00:00,33,1,260937,16084.5,16084.5,16073.25,16078.5,2231,NQ.v.0
2023-12-08 15:11:00+00:00,33,1,260937,16078.5,16088.75,16076.25,16086.25,2207,NQ.v.0
2023-12-08 15:12:00+00:00,33,1,260937,16085.75,16088.0,16077.0,16078.5,1702,NQ.v.0
2023-12-08 15:13:00+00:00,33,1,260937,16078.5,16078.5,16062.5,16073.75,2657,NQ.v.0
2023-12-08 15:14:00+00:00,33,1,260937,16073.5,16085.0,16073.25,16082.5,1660,NQ.v.0
2023-12-08 15:15:00+00:00,33,1,260937,16083.0,16092.0,16080.75,16087.25,1725,NQ.v.0
2023-12-08 15:16:00+00:00,33,1,260937,16087.5,16104.25,16084.75,16104.0,2711,NQ.v.0
2023-12-08 15:17:00+00:00,33,1,260937,16103.5,16110.0,16098.25,16103.75,2666,NQ.v.0
2023-12-08 15:18:00+00:00,33,1,260937,16104.0,16104.5,16097.25,16100.0,1304,NQ.v.0
2023-12-08 15:19:00+00:00,33,1,260937,16099.75,16106.25,16095.5,16098.75,1467,NQ.v.0
2023-12-08 15:20:00+00:00,33,1,260937,16098.0,16101.5,16094.25,16095.25,1452,NQ.v.0
2023-12-08 15:21:00+00:00,33,1,260937,16095.75,16104.25,16094.75,16097.75,1160,NQ.v.0
2023-12-08 15:22:00+00:00,33,1,260937,16097.25,16108.5,16095.5,16104.5,1218,NQ.v.0
2023-12-08 15:23:00+00:00,33,1,260937,16105.25,16107.25,16095.0,16104.75,1143,NQ.v.0
2023-12-08 15:24:00+00:00,33,1,260937,16105.0,16113.5,16103.0,16110.0,1429,NQ.v.0
2023-12-08 15:25:00+00:00,33,1,260937,16110.5,16112.25,16089.5,16095.75,1948,NQ.v.0
2023-12-08 15:26:00+00:00,33,1,260937,16095.75,16097.0,16086.0,16091.75,1741,NQ.v.0
2023-12-08 15:27:00+00:00,33,1,260937,16092.5,16106.25,16090.5,16099.5,1277,NQ.v.0
2023-12-08 15:28:00+00:00,33,1,260937,16099.5,16105.75,16098.75,16103.75,1006,NQ.v.0
2023-12-08 15:29:00+00:00,33,1,260937,16104.0,16105.75,16096.0,16097.75,972,NQ.v.0
2023-12-08 15:30:00+00:00,33,1,260937,16098.0,16103.0,16087.5,16091.75,1619,NQ.v.0
2023-12-08 15:31:00+00:00,33,1,260937,16092.0,16092.25,16072.5,16076.0,2502,NQ.v.0
2023-12-08 15:32:00+00:00,33,1,260937,16076.5,16089.0,16075.25,16085.0,1636,NQ.v.0
2023-12-08 15:33:00+00:00,33,1,260937,16084.75,16085.75,16067.75,16069.25,1379,NQ.v.0
2023-12-08 15:34:00+00:00,33,1,260937,16069.5,16070.5,16056.0,16060.0,2610,NQ.v.0
2023-12-08 15:35:00+00:00,33,1,260937,16060.25,16061.75,16043.75,16045.5,2819,NQ.v.0
2023-12-08 15:36:00+00:00,33,1,260937,16045.75,16052.25,16040.25,16046.0,3006,NQ.v.0
2023-12-08 15:37:00+00:00,33,1,260937,16046.0,16046.5,16026.5,16034.0,3735,NQ.v.0
2023-12-08 15:38:00+00:00,33,1,260937,16033.5,16035.75,16020.25,16026.5,2572,NQ.v.0
2023-12-08 15:39:00+00:00,33,1,260937,16026.75,16031.0,16021.25,16027.75,2018,NQ.v.0
2023-12-08 15:40:00+00:00,33,1,260937,16027.5,16039.25,16023.0,16031.0,2691,NQ.v.0
2023-12-08 15:41:00+00:00,33,1,260937,16031.0,16035.75,16028.5,16029.25,1243,NQ.v.0
2023-12-08 15:42:00+00:00,33,1,260937,16029.75,16038.25,16023.75,16036.75,1586,NQ.v.0
2023-12-08 15:43:00+00:00,33,1,260937,16036.75,16038.0,16029.0,16037.25,1079,NQ.v.0
2023-12-08 15:44:00+00:00,33,1,260937,16037.0,16047.5,16036.75,16042.0,1701,NQ.v.0
2023-12-08 15:45:00+00:00,33,1,260937,16041.75,16042.5,16033.5,16039.25,1254,NQ.v.0
2023-12-08 15:46:00+00:00,33,1,260937,16039.5,16053.25,16038.75,16047.25,1335,NQ.v.0
2023-12-08 15:47:00+00:00,33,1,260937,16047.0,16056.25,16043.5,16054.75,1330,NQ.v.0
2023-12-08 15:48:00+00:00,33,1,260937,16054.5,16058.0,16053.5,16057.25,1030,NQ.v.0
2023-12-08 15:49:00+00:00,33,1,260937,16057.25,16064.0,16054.0,16063.5,1057,NQ.v.0
2023-12-08 15:50:00+00:00,33,1,260937,16063.0,16066.5,16058.75,16062.5,1169,NQ.v.0
2023-12-08 15:51:00+00:00,33,1,260937,16062.5,16076.5,16062.5,16074.25,1514,NQ.v.0
2023-12-08 15:52:00+00:00,33,1,260937,16074.25,16086.0,16073.5,16085.5,1772,NQ.v.0
2023-12-08 15:53:00+00:00,33,1,260937,16085.25,16095.0,16082.5,16091.25,3056,NQ.v.0
2023-12-08 15:54:00+00:00,33,1,260937,16091.0,16096.5,16089.25,16095.5,1952,NQ.v.0
2023-12-08 15:55:00+00:00,33,1,260937,16095.75,16096.5,16081.25,16092.5,1686,NQ.v.0
2023-12-08 15:56:00+00:00,33,1,260937,16092.25,16097.75,16091.5,16095.25,1427,NQ.v.0
2023-12-08 15:57:00+00:00,33,1,260937,16095.25,16108.75,16095.25,16106.0,2504,NQ.v.0
2023-12-08 15:58:00+00:00,33,1,260937,16105.75,16108.0,16101.5,16103.5,1538,NQ.v.0
2023-12-08 15:59:00+00:00,33,1,260937,16103.25,16107.25,16103.0,16105.75,1126,NQ.v.0
2023-12-08 16:00:00+00:00,33,1,260937,16105.75,16112.25,16088.5,16093.25,2911,NQ.v.0
2023-12-08 16:01:00+00:00,33,1,260937,16093.5,16101.25,16091.75,16099.0,1328,NQ.v.0
2023-12-08 16:02:00+00:00,33,1,260937,16099.5,16101.5,16091.75,16092.25,1138,NQ.v.0
2023-12-08 16:03:00+00:00,33,1,260937,16092.0,16093.5,16072.75,16080.0,2344,NQ.v.0
2023-12-08 16:04:00+00:00,33,1,260937,16079.75,16088.0,16075.25,16084.0,1199,NQ.v.0
2023-12-08 16:05:00+00:00,33,1,260937,16084.25,16084.25,16065.25,16066.25,2485,NQ.v.0
2023-12-08 16:06:00+00:00,33,1,260937,16066.75,16073.75,16065.5,16072.0,1403,NQ.v.0
2023-12-08 16:07:00+00:00,33,1,260937,16072.0,16078.5,16064.5,16067.5,1466,NQ.v.0
2023-12-08 16:08:00+00:00,33,1,260937,16067.0,16075.0,16066.75,16074.0,1027,NQ.v.0
2023-12-08 16:09:00+00:00,33,1,260937,16073.75,16078.5,16070.5,16074.0,799,NQ.v.0
2023-12-08 16:10:00+00:00,33,1,260937,16074.25,16074.75,16062.0,16062.75,961,NQ.v.0
2023-12-08 16:11:00+00:00,33,1,260937,16062.5,16074.5,16061.75,16074.25,1006,NQ.v.0
2023-12-08 16:12:00+00:00,33,1,260937,16074.0,16074.0,16060.5,16063.25,1047,NQ.v.0
2023-12-08 16:13:00+00:00,33,1,260937,16063.25,16068.5,16057.0,16058.75,1048,NQ.v.0
2023-12-08 16:14:00+00:00,33,1,260937,16059.0,16067.5,16057.25,16066.5,1036,NQ.v.0
2023-12-08 16:15:00+00:00,33,1,260937,16066.5,16067.0,16053.5,16058.25,937,NQ.v.0
2023-12-08 16:16:00+00:00,33,1,260937,16058.0,16060.75,16041.25,16045.25,2011,NQ.v.0
2023-12-08 16:17:00+00:00,33,1,260937,16045.0,16046.25,16030.0,16031.25,2177,NQ.v.0
2023-12-08 16:18:00+00:00,33,1,260937,16031.5,16039.25,16028.0,16030.0,1636,NQ.v.0
2023-12-08 16:19:00+00:00,33,1,260937,16030.25,16035.5,16028.75,16033.5,1185,NQ.v.0
2023-12-08 16:20:00+00:00,33,1,260937,16033.75,16038.25,16027.0,16032.0,1419,NQ.v.0
2023-12-08 16:21:00+00:00,33,1,260937,16032.5,16040.25,16031.75,16035.25,1123,NQ.v.0
2023-12-08 16:22:00+00:00,33,1,260937,16035.75,16041.25,16032.75,16041.0,982,NQ.v.0
2023-12-08 16:23:00+00:00,33,1,260937,16040.75,16041.0,16035.75,16037.5,586,NQ.v.0
2023-12-08 16:24:00+00:00,33,1,260937,16037.5,16042.5,16036.75,16041.75,730,NQ.v.0
2023-12-08 16:25:00+00:00,33,1,260937,16041.5,16042.0,16032.5,16033.25,784,NQ.v.0
2023-12-08 16:26:00+00:00,33,1,260937,16033.5,16055.75,16030.5,16054.5,2132,NQ.v.0
2023-12-08 16:27:00+00:00,33,1,260937,16054.75,16055.25,16047.0,16052.75,1030,NQ.v.0
2023-12-08 16:28:00+00:00,33,1,260937,16053.0,16062.0,16034.75,16039.0,3051,NQ.v.0
2023-12-08 16:29:00+00:00,33,1,260937,16039.0,16054.5,16038.75,16054.25,1326,NQ.v.0
2023-12-08 16:30:00+00:00,33,1,260937,16054.25,16058.75,16051.25,16054.75,1083,NQ.v.0
2023-12-08 16:31:00+00:00,33,1,260937,16055.0,16061.0,16054.25,16057.75,852,NQ.v.0
2023-12-08 16:32:00+00:00,33,1,260937,16057.75,16062.75,16053.5,16056.0,727,NQ.v.0
2023-12-08 16:33:00+00:00,33,1,260937,16056.25,16059.75,16047.75,16048.25,631,NQ.v.0
2023-12-08 16:34:00+00:00,33,1,260937,16048.5,16056.0,16041.75,16050.5,1354,NQ.v.0
2023-12-08 16:35:00+00:00,33,1,260937,16050.25,16052.5,16046.75,16052.0,591,NQ.v.0
2023-12-08 16:36:00+00:00,33,1,260937,16052.25,16056.25,16047.25,16050.0,638,NQ.v.0
2023-12-08 16:37:00+00:00,33,1,260937,16049.0,16049.5,16031.25,16031.75,1284,NQ.v.0
2023-12-08 16:38:00+00:00,33,1,260937,16031.5,16031.5,16010.0,16012.25,2859,NQ.v.0
2023-12-08 16:39:00+00:00,33,1,260937,16012.5,16023.75,16011.0,16022.75,1256,NQ.v.0
2023-12-08 16:40:00+00:00,33,1,260937,16022.5,16023.75,16010.25,16014.25,1525,NQ.v.0
2023-12-08 16:41:00+00:00,33,1,260937,16014.5,16019.75,16013.75,16017.0,686,NQ.v.0
2023-12-08 16:42:00+00:00,33,1,260937,16017.5,16020.5,16011.0,16014.0,786,NQ.v.0
2023-12-08 16:43:00+00:00,33,1,260937,16014.0,16017.5,16011.25,16013.75,523,NQ.v.0
2023-12-08 16:44:00+00:00,33,1,260937,16014.25,16024.5,16012.5,16024.0,805,NQ.v.0
2023-12-08 16:45:00+00:00,33,1,260937,16023.75,16032.25,16017.0,16020.5,1327,NQ.v.0
2023-12-08 16:46:00+00:00,33,1,260937,16021.25,16027.0,16018.75,16020.25,641,NQ.v.0
2023-12-08 16:47:00+00:00,33,1,260937,16020.5,16025.0,16018.0,16022.0,508,NQ.v.0
2023-12-08 16:48:00+00:00,33,1,260937,16021.75,16031.25,16021.5,16024.25,838,NQ.v.0
2023-12-08 16:49:00+00:00,33,1,260937,16024.75,16030.75,16023.75,16027.25,493,NQ.v.0
2023-12-08 16:50:00+00:00,33,1,260937,16027.25,16032.5,16026.75,16030.25,907,NQ.v.0
2023-12-08 16:51:00+00:00,33,1,260937,16030.25,16030.75,16024.0,16024.5,481,NQ.v.0
2023-12-08 16:52:00+00:00,33,1,260937,16024.5,16026.0,16018.25,16020.5,748,NQ.v.0
2023-12-08 16:53:00+00:00,33,1,260937,16021.0,16026.5,16020.0,16025.75,382,NQ.v.0
2023-12-08 16:54:00+00:00,33,1,260937,16025.0,16030.75,16022.75,16030.75,626,NQ.v.0
2023-12-08 16:55:00+00:00,33,1,260937,16030.5,16037.0,16027.5,16035.75,892,NQ.v.0
2023-12-08 16:56:00+00:00,33,1,260937,16035.5,16041.0,16032.75,16034.0,902,NQ.v.0
2023-12-08 16:57:00+00:00,33,1,260937,16033.75,16034.25,16024.25,16027.25,932,NQ.v.0
2023-12-08 16:58:00+00:00,33,1,260937,16026.0,16027.5,16020.75,16024.0,618,NQ.v.0
2023-12-08 16:59:00+00:00,33,1,260937,16023.75,16029.0,16022.25,16026.75,507,NQ.v.0
2023-12-08 17:00:00+00:00,33,1,260937,16027.25,16031.5,16024.0,16030.0,568,NQ.v.0
2023-12-08 17:01:00+00:00,33,1,260937,16030.5,16033.5,16023.0,16024.0,571,NQ.v.0
2023-12-08 17:02:00+00:00,33,1,260937,16024.5,16026.0,16016.5,16016.5,557,NQ.v.0
2023-12-08 17:03:00+00:00,33,1,260937,16016.75,16037.25,16016.5,16033.0,1088,NQ.v.0
2023-12-08 17:04:00+00:00,33,1,260937,16032.75,16037.75,16025.25,16027.25,696,NQ.v.0
2023-12-08 17:05:00+00:00,33,1,260937,16026.25,16031.5,16023.5,16031.0,481,NQ.v.0
2023-12-08 17:06:00+00:00,33,1,260937,16030.5,16033.5,16029.25,16031.0,345,NQ.v.0
2023-12-08 17:07:00+00:00,33,1,260937,16031.0,16033.25,16026.25,16030.5,435,NQ.v.0
2023-12-08 17:08:00+00:00,33,1,260937,16030.25,16036.75,16025.25,16032.75,641,NQ.v.0
2023-12-08 17:09:00+00:00,33,1,260937,16032.5,16034.5,16024.5,16027.25,509,NQ.v.0
2023-12-08 17:10:00+00:00,33,1,260937,16026.25,16029.5,16018.5,16020.0,689,NQ.v.0
2023-12-08 17:11:00+00:00,33,1,260937,16020.5,16024.5,16018.75,16022.5,497,NQ.v.0
2023-12-08 17:12:00+00:00,33,1,260937,16022.25,16025.25,16019.0,16019.5,310,NQ.v.0
2023-12-08 17:13:00+00:00,33,1,260937,16019.5,16022.0,16004.5,16006.75,1547,NQ.v.0
2023-12-08 17:14:00+00:00,33,1,260937,16007.25,16009.5,16000.25,16002.75,1237,NQ.v.0
2023-12-08 17:15:00+00:00,33,1,260937,16002.75,16009.5,15989.5,16009.25,2112,NQ.v.0
2023-12-08 17:16:00+00:00,33,1,260937,16009.25,16024.5,16009.0,16021.75,1394,NQ.v.0
2023-12-08 17:17:00+00:00,33,1,260937,16021.75,16029.25,16019.75,16027.5,1087,NQ.v.0
2023-12-08 17:18:00+00:00,33,1,260937,16027.5,16033.5,16025.25,16028.75,831,NQ.v.0
2023-12-08 17:19:00+00:00,33,1,260937,16028.5,16036.5,16028.5,16035.25,821,NQ.v.0
2023-12-08 17:20:00+00:00,33,1,260937,16035.25,16042.0,16034.0,16040.25,1104,NQ.v.0
2023-12-08 17:21:00+00:00,33,1,260937,16040.25,16047.0,16039.0,16043.75,889,NQ.v.0
2023-12-08 17:22:00+00:00,33,1,260937,16043.0,16051.0,16040.25,16047.25,861,NQ.v.0
2023-12-08 17:23:00+00:00,33,1,260937,16047.0,16052.5,16044.75,16044.75,833,NQ.v.0
2023-12-08 17:24:00+00:00,33,1,260937,16045.5,16047.5,16041.0,16045.25,653,NQ.v.0
2023-12-08 17:25:00+00:00,33,1,260937,16045.75,16049.5,16044.0,16047.25,450,NQ.v.0
2023-12-08 17:26:00+00:00,33,1,260937,16047.75,16049.75,16044.75,16046.25,334,NQ.v.0
2023-12-08 17:27:00+00:00,33,1,260937,16046.75,16050.5,16045.5,16049.25,382,NQ.v.0
2023-12-08 17:28:00+00:00,33,1,260937,16049.5,16058.25,16048.0,16056.75,998,NQ.v.0
2023-12-08 17:29:00+00:00,33,1,260937,16057.25,16062.5,16054.25,16054.5,1259,NQ.v.0
2023-12-08 17:30:00+00:00,33,1,260937,16054.5,16059.5,16054.0,16057.75,455,NQ.v.0
2023-12-08 17:31:00+00:00,33,1,260937,16058.0,16059.0,16054.5,16056.0,464,NQ.v.0
2023-12-08 17:32:00+00:00,33,1,260937,16056.75,16057.0,16053.25,16054.75,407,NQ.v.0
2023-12-08 17:33:00+00:00,33,1,260937,16054.5,16057.75,16050.25,16051.5,640,NQ.v.0
2023-12-08 17:34:00+00:00,33,1,260937,16051.5,16051.75,16043.0,16050.0,893,NQ.v.0
2023-12-08 17:35:00+00:00,33,1,260937,16050.0,16051.0,16043.5,16048.5,415,NQ.v.0
2023-12-08 17:36:00+00:00,33,1,260937,16048.5,16048.5,16040.0,16041.5,507,NQ.v.0
2023-12-08 17:37:00+00:00,33,1,260937,16041.5,16047.25,16041.5,16044.75,521,NQ.v.0
2023-12-08 17:38:00+00:00,33,1,260937,16044.25,16055.0,16044.0,16055.0,1005,NQ.v.0
2023-12-08 17:39:00+00:00,33,1,260937,16054.5,16055.25,16051.75,16053.5,333,NQ.v.0
2023-12-08 17:40:00+00:00,33,1,260937,16053.5,16055.5,16051.25,16053.75,403,NQ.v.0
2023-12-08 17:41:00+00:00,33,1,260937,16053.5,16059.75,16051.75,16058.5,381,NQ.v.0
2023-12-08 17:42:00+00:00,33,1,260937,16058.25,16065.0,16057.25,16061.0,1198,NQ.v.0
2023-12-08 17:43:00+00:00,33,1,260937,16060.5,16063.25,16056.75,16062.0,481,NQ.v.0
2023-12-08 17:44:00+00:00,33,1,260937,16061.5,16065.25,16058.5,16060.0,792,NQ.v.0
2023-12-08 17:45:00+00:00,33,1,260937,16060.0,16064.25,16058.25,16061.5,652,NQ.v.0
2023-12-08 17:46:00+00:00,33,1,260937,16061.75,16062.5,16058.25,16061.5,326,NQ.v.0
2023-12-08 17:47:00+00:00,33,1,260937,16061.5,16064.25,16060.25,16062.75,546,NQ.v.0
2023-12-08 17:48:00+00:00,33,1,260937,16063.0,16065.0,16060.0,16062.5,358,NQ.v.0
2023-12-08 17:49:00+00:00,33,1,260937,16062.5,16064.5,16057.75,16058.75,402,NQ.v.0
2023-12-08 17:50:00+00:00,33,1,260937,16058.75,16063.75,16055.25,16063.25,744,NQ.v.0
2023-12-08 17:51:00+00:00,33,1,260937,16063.0,16070.25,16057.5,16060.25,1219,NQ.v.0
2023-12-08 17:52:00+00:00,33,1,260937,16060.5,16061.75,16056.25,16060.25,465,NQ.v.0
2023-12-08 17:53:00+00:00,33,1,260937,16060.5,16067.5,16060.0,16066.25,456,NQ.v.0
2023-12-08 17:54:00+00:00,33,1,260937,16066.25,16068.25,16062.75,16064.0,461,NQ.v.0
2023-12-08 17:55:00+00:00,33,1,260937,16064.25,16068.75,16063.75,16066.75,461,NQ.v.0
2023-12-08 17:56:00+00:00,33,1,260937,16067.25,16068.0,16063.75,16066.75,271,NQ.v.0
2023-12-08 17:57:00+00:00,33,1,260937,16066.5,16066.75,16061.75,16063.0,381,NQ.v.0
2023-12-08 17:58:00+00:00,33,1,260937,16063.0,16066.0,16059.0,16065.5,508,NQ.v.0
2023-12-08 17:59:00+00:00,33,1,260937,16065.5,16068.0,16064.25,16067.75,451,NQ.v.0
2023-12-08 18:00:00+00:00,33,1,260937,16067.25,16070.5,16063.0,16063.0,799,NQ.v.0
2023-12-08 18:01:00+00:00,33,1,260937,16063.0,16067.75,16062.5,16067.0,305,NQ.v.0
2023-12-08 18:02:00+00:00,33,1,260937,16067.0,16072.75,16065.75,16069.5,472,NQ.v.0
2023-12-08 18:03:00+00:00,33,1,260937,16069.25,16070.0,16062.5,16063.5,464,NQ.v.0
2023-12-08 18:04:00+00:00,33,1,260937,16064.0,16066.0,16062.0,16062.5,370,NQ.v.0
2023-12-08 18:05:00+00:00,33,1,260937,16063.75,16072.25,16063.75,16071.0,585,NQ.v.0
2023-12-08 18:06:00+00:00,33,1,260937,16072.25,16075.75,16069.25,16070.0,812,NQ.v.0
2023-12-08 18:07:00+00:00,33,1,260937,16070.25,16073.25,16066.75,16067.75,468,NQ.v.0
2023-12-08 18:08:00+00:00,33,1,260937,16068.25,16072.0,16067.75,16068.75,296,NQ.v.0
2023-12-08 18:09:00+00:00,33,1,260937,16068.25,16069.0,16064.0,16068.0,495,NQ.v.0
2023-12-08 18:10:00+00:00,33,1,260937,16068.0,16076.25,16068.0,16073.5,579,NQ.v.0
2023-12-08 18:11:00+00:00,33,1,260937,16073.75,16075.75,16068.5,16075.25,501,NQ.v.0
2023-12-08 18:12:00+00:00,33,1,260937,16075.5,16076.25,16073.0,16074.25,500,NQ.v.0
2023-12-08 18:13:00+00:00,33,1,260937,16074.5,16074.75,16069.0,16074.75,459,NQ.v.0
2023-12-08 18:14:00+00:00,33,1,260937,16075.0,16081.75,16074.75,16079.5,1022,NQ.v.0
2023-12-08 18:15:00+00:00,33,1,260937,16079.25,16082.5,16077.5,16077.75,486,NQ.v.0
2023-12-08 18:16:00+00:00,33,1,260937,16077.75,16079.0,16074.5,16077.0,334,NQ.v.0
2023-12-08 18:17:00+00:00,33,1,260937,16077.0,16077.0,16069.0,16069.25,560,NQ.v.0
2023-12-08 18:18:00+00:00,33,1,260937,16069.5,16074.75,16067.0,16073.0,709,NQ.v.0
2023-12-08 18:19:00+00:00,33,1,260937,16073.25,16073.75,16070.25,16070.5,237,NQ.v.0
2023-12-08 18:20:00+00:00,33,1,260937,16070.25,16070.25,16059.5,16066.0,975,NQ.v.0
2023-12-08 18:21:00+00:00,33,1,260937,16065.5,16072.25,16065.25,16067.0,595,NQ.v.0
2023-12-08 18:22:00+00:00,33,1,260937,16066.75,16073.25,16065.0,16071.5,494,NQ.v.0
2023-12-08 18:23:00+00:00,33,1,260937,16071.0,16073.25,16070.25,16072.75,329,NQ.v.0
2023-12-08 18:24:00+00:00,33,1,260937,16072.75,16076.0,16071.5,16075.0,519,NQ.v.0
2023-12-08 18:25:00+00:00,33,1,260937,16075.0,16077.5,16070.25,16072.75,503,NQ.v.0
2023-12-08 18:26:00+00:00,33,1,260937,16072.5,16076.25,16071.5,16073.0,338,NQ.v.0
2023-12-08 18:27:00+00:00,33,1,260937,16072.75,16077.0,16072.75,16077.0,241,NQ.v.0
2023-12-08 18:28:00+00:00,33,1,260937,16076.75,16086.0,16076.0,16076.75,1134,NQ.v.0
2023-12-08 18:29:00+00:00,33,1,260937,16077.0,16079.75,16076.25,16078.0,359,NQ.v.0
2023-12-08 18:30:00+00:00,33,1,260937,16078.5,16080.25,16072.25,16072.5,504,NQ.v.0
2023-12-08 18:31:00+00:00,33,1,260937,16072.25,16073.25,16067.0,16071.25,712,NQ.v.0
2023-12-08 18:32:00+00:00,33,1,260937,16071.5,16078.5,16071.5,16076.0,415,NQ.v.0
2023-12-08 18:33:00+00:00,33,1,260937,16075.75,16076.75,16071.5,16076.0,222,NQ.v.0
2023-12-08 18:34:00+00:00,33,1,260937,16076.25,16079.5,16074.25,16075.75,277,NQ.v.0
2023-12-08 18:35:00+00:00,33,1,260937,16075.75,16079.75,16072.25,16078.25,744,NQ.v.0
2023-12-08 18:36:00+00:00,33,1,260937,16078.5,16080.5,16076.75,16078.0,374,NQ.v.0
2023-12-08 18:37:00+00:00,33,1,260937,16078.25,16078.75,16075.0,16077.0,168,NQ.v.0
2023-12-08 18:38:00+00:00,33,1,260937,16076.5,16079.0,16073.25,16074.25,367,NQ.v.0
2023-12-08 18:39:00+00:00,33,1,260937,16075.0,16077.75,16072.25,16074.25,369,NQ.v.0
2023-12-08 18:40:00+00:00,33,1,260937,16074.25,16074.25,16067.25,16071.25,653,NQ.v.0
2023-12-08 18:41:00+00:00,33,1,260937,16071.0,16071.5,16064.0,16065.75,640,NQ.v.0
2023-12-08 18:42:00+00:00,33,1,260937,16065.5,16067.25,16060.5,16063.25,793,NQ.v.0
2023-12-08 18:43:00+00:00,33,1,260937,16063.75,16073.0,16063.75,16068.5,775,NQ.v.0
2023-12-08 18:44:00+00:00,33,1,260937,16068.25,16069.75,16065.0,16066.75,394,NQ.v.0
2023-12-08 18:45:00+00:00,33,1,260937,16066.5,16069.25,16064.25,16068.75,351,NQ.v.0
2023-12-08 18:46:00+00:00,33,1,260937,16068.75,16076.75,16068.5,16075.0,660,NQ.v.0
2023-12-08 18:47:00+00:00,33,1,260937,16075.0,16079.5,16075.0,16079.0,406,NQ.v.0
2023-12-08 18:48:00+00:00,33,1,260937,16079.0,16082.25,16077.75,16081.5,378,NQ.v.0
2023-12-08 18:49:00+00:00,33,1,260937,16081.75,16083.0,16077.75,16081.25,457,NQ.v.0
2023-12-08 18:50:00+00:00,33,1,260937,16081.0,16082.75,16080.0,16080.75,334,NQ.v.0
2023-12-08 18:51:00+00:00,33,1,260937,16080.75,16083.75,16080.0,16081.0,409,NQ.v.0
2023-12-08 18:52:00+00:00,33,1,260937,16081.5,16087.5,16081.25,16084.25,485,NQ.v.0
2023-12-08 18:53:00+00:00,33,1,260937,16084.75,16085.25,16080.0,16082.75,533,NQ.v.0
2023-12-08 18:54:00+00:00,33,1,260937,16083.0,16083.0,16079.0,16082.75,347,NQ.v.0
2023-12-08 18:55:00+00:00,33,1,260937,16082.75,16083.25,16079.5,16081.0,247,NQ.v.0
2023-12-08 18:56:00+00:00,33,1,260937,16081.0,16083.0,16078.25,16081.25,201,NQ.v.0
2023-12-08 18:57:00+00:00,33,1,260937,16081.25,16085.0,16080.25,16083.25,382,NQ.v.0
2023-12-08 18:58:00+00:00,33,1,260937,16083.5,16087.25,16083.25,16086.25,336,NQ.v.0
2023-12-08 18:59:00+00:00,33,1,260937,16086.5,16087.25,16084.25,16086.5,293,NQ.v.0
2023-12-08 19:00:00+00:00,33,1,260937,16086.5,16088.75,16081.5,16085.25,680,NQ.v.0
2023-12-08 19:01:00+00:00,33,1,260937,16085.25,16087.25,16083.75,16085.0,336,NQ.v.0
2023-12-08 19:02:00+00:00,33,1,260937,16085.25,16087.0,16083.0,16084.75,256,NQ.v.0
2023-12-08 19:03:00+00:00,33,1,260937,16084.75,16087.0,16081.0,16086.5,351,NQ.v.0
2023-12-08 19:04:00+00:00,33,1,260937,16086.5,16091.0,16084.5,16090.25,509,NQ.v.0
2023-12-08 19:05:00+00:00,33,1,260937,16090.25,16091.75,16086.0,16086.0,417,NQ.v.0
2023-12-08 19:06:00+00:00,33,1,260937,16086.75,16088.75,16085.25,16086.5,331,NQ.v.0
2023-12-08 19:07:00+00:00,33,1,260937,16086.75,16090.0,16086.5,16089.75,311,NQ.v.0
2023-12-08 19:08:00+00:00,33,1,260937,16089.75,16090.0,16086.75,16089.75,166,NQ.v.0
2023-12-08 19:09:00+00:00,33,1,260937,16089.75,16091.5,16087.75,16088.25,313,NQ.v.0
2023-12-08 19:10:00+00:00,33,1,260937,16088.25,16089.25,16085.75,16088.25,356,NQ.v.0
2023-12-08 19:11:00+00:00,33,1,260937,16088.0,16092.5,16086.75,16092.25,311,NQ.v.0
2023-12-08 19:12:00+00:00,33,1,260937,16092.25,16092.75,16087.75,16089.75,379,NQ.v.0
2023-12-08 19:13:00+00:00,33,1,260937,16089.0,16091.75,16088.75,16090.25,234,NQ.v.0
2023-12-08 19:14:00+00:00,33,1,260937,16090.75,16094.0,16090.0,16093.5,325,NQ.v.0
2023-12-08 19:15:00+00:00,33,1,260937,16093.75,16095.25,16092.75,16094.5,456,NQ.v.0
2023-12-08 19:16:00+00:00,33,1,260937,16094.75,16098.25,16092.75,16097.25,542,NQ.v.0
2023-12-08 19:17:00+00:00,33,1,260937,16097.0,16100.0,16096.75,16098.5,493,NQ.v.0
2023-12-08 19:18:00+00:00,33,1,260937,16098.75,16099.0,16096.25,16098.0,332,NQ.v.0
2023-12-08 19:19:00+00:00,33,1,260937,16097.75,16103.0,16097.25,16097.75,1200,NQ.v.0
2023-12-08 19:20:00+00:00,33,1,260937,16098.25,16099.0,16093.25,16095.0,519,NQ.v.0
2023-12-08 19:21:00+00:00,33,1,260937,16095.5,16095.5,16089.75,16092.25,605,NQ.v.0
2023-12-08 19:22:00+00:00,33,1,260937,16092.25,16099.5,16091.75,16098.75,519,NQ.v.0
2023-12-08 19:23:00+00:00,33,1,260937,16099.0,16103.5,16099.0,16102.0,660,NQ.v.0
2023-12-08 19:24:00+00:00,33,1,260937,16102.0,16102.5,16098.25,16099.5,660,NQ.v.0
2023-12-08 19:25:00+00:00,33,1,260937,16099.25,16099.5,16096.0,16097.5,319,NQ.v.0
2023-12-08 19:26:00+00:00,33,1,260937,16097.25,16099.0,16096.5,16097.5,135,NQ.v.0
2023-12-08 19:27:00+00:00,33,1,260937,16097.0,16098.0,16094.25,16096.0,228,NQ.v.0
2023-12-08 19:28:00+00:00,33,1,260937,16095.75,16099.25,16095.25,16098.5,181,NQ.v.0
2023-12-08 19:29:00+00:00,33,1,260937,16098.5,16101.0,16097.25,16098.0,343,NQ.v.0
2023-12-08 19:30:00+00:00,33,1,260937,16098.25,16102.5,16098.0,16100.75,427,NQ.v.0
2023-12-08 19:31:00+00:00,33,1,260937,16100.5,16101.5,16097.75,16098.75,279,NQ.v.0
2023-12-08 19:32:00+00:00,33,1,260937,16099.0,16103.0,16099.0,16100.75,423,NQ.v.0
2023-12-08 19:33:00+00:00,33,1,260937,16100.75,16103.5,16097.25,16098.75,365,NQ.v.0
2023-12-08 19:34:00+00:00,33,1,260937,16098.5,16099.0,16096.75,16097.5,278,NQ.v.0
2023-12-08 19:35:00+00:00,33,1,260937,16098.0,16098.5,16092.75,16096.75,831,NQ.v.0
2023-12-08 19:36:00+00:00,33,1,260937,16096.75,16102.0,16096.5,16101.75,428,NQ.v.0
2023-12-08 19:37:00+00:00,33,1,260937,16102.0,16104.0,16100.75,16103.75,365,NQ.v.0
2023-12-08 19:38:00+00:00,33,1,260937,16103.75,16104.0,16100.75,16101.75,241,NQ.v.0
2023-12-08 19:39:00+00:00,33,1,260937,16101.75,16103.5,16100.5,16102.75,231,NQ.v.0
2023-12-08 19:40:00+00:00,33,1,260937,16102.75,16104.25,16101.0,16101.5,262,NQ.v.0
2023-12-08 19:41:00+00:00,33,1,260937,16101.0,16103.5,16100.75,16103.0,283,NQ.v.0
2023-12-08 19:42:00+00:00,33,1,260937,16103.25,16106.25,16102.0,16103.25,560,NQ.v.0
2023-12-08 19:43:00+00:00,33,1,260937,16103.0,16110.25,16102.25,16109.25,704,NQ.v.0
2023-12-08 19:44:00+00:00,33,1,260937,16109.25,16112.5,16106.75,16109.75,942,NQ.v.0
2023-12-08 19:45:00+00:00,33,1,260937,16109.5,16110.75,16103.5,16105.75,729,NQ.v.0
2023-12-08 19:46:00+00:00,33,1,260937,16105.5,16111.75,16104.5,16110.5,542,NQ.v.0
2023-12-08 19:47:00+00:00,33,1,260937,16110.75,16115.75,16109.25,16113.5,929,NQ.v.0
2023-12-08 19:48:00+00:00,33,1,260937,16113.25,16115.5,16113.0,16114.75,353,NQ.v.0
2023-12-08 19:49:00+00:00,33,1,260937,16114.75,16116.5,16112.25,16114.5,441,NQ.v.0
2023-12-08 19:50:00+00:00,33,1,260937,16114.75,16118.0,16111.0,16116.75,825,NQ.v.0
2023-12-08 19:51:00+00:00,33,1,260937,16116.5,16117.0,16112.25,16113.0,497,NQ.v.0
2023-12-08 19:52:00+00:00,33,1,260937,16113.5,16118.75,16111.75,16117.25,516,NQ.v.0
2023-12-08 19:53:00+00:00,33,1,260937,16117.5,16118.0,16110.75,16113.0,917,NQ.v.0
2023-12-08 19:54:00+00:00,33,1,260937,16113.5,16116.0,16111.75,16111.75,356,NQ.v.0
2023-12-08 19:55:00+00:00,33,1,260937,16112.0,16114.5,16110.5,16114.0,398,NQ.v.0
2023-12-08 19:56:00+00:00,33,1,260937,16114.25,16114.25,16104.5,16108.25,892,NQ.v.0
2023-12-08 19:57:00+00:00,33,1,260937,16108.5,16109.75,16106.5,16109.0,388,NQ.v.0
2023-12-08 19:58:00+00:00,33,1,260937,16109.5,16111.75,16108.0,16110.75,383,NQ.v.0
2023-12-08 19:59:00+00:00,33,1,260937,16110.75,16113.75,16109.5,16113.5,319,NQ.v.0
2023-12-08 20:00:00+00:00,33,1,260937,16113.5,16114.5,16107.25,16107.5,523,NQ.v.0
2023-12-08 20:01:00+00:00,33,1,260937,16108.0,16115.25,16107.5,16113.0,493,NQ.v.0
2023-12-08 20:02:00+00:00,33,1,260937,16113.25,16113.25,16107.5,16108.0,314,NQ.v.0
2023-12-08 20:03:00+00:00,33,1,260937,16108.0,16108.25,16099.0,16101.5,1477,NQ.v.0
2023-12-08 20:04:00+00:00,33,1,260937,16101.75,16103.75,16099.25,16100.5,596,NQ.v.0
2023-12-08 20:05:00+00:00,33,1,260937,16101.0,16101.5,16087.75,16093.25,1500,NQ.v.0
2023-12-08 20:06:00+00:00,33,1,260937,16093.75,16096.25,16088.5,16095.0,921,NQ.v.0
2023-12-08 20:07:00+00:00,33,1,260937,16095.25,16097.5,16092.0,16096.25,614,NQ.v.0
2023-12-08 20:08:00+00:00,33,1,260937,16096.25,16108.5,16095.75,16107.75,1092,NQ.v.0
2023-12-08 20:09:00+00:00,33,1,260937,16108.0,16110.25,16101.5,16102.0,664,NQ.v.0
2023-12-08 20:10:00+00:00,33,1,260937,16102.0,16104.0,16094.0,16100.5,683,NQ.v.0
2023-12-08 20:11:00+00:00,33,1,260937,16100.25,16102.0,16096.25,16098.5,321,NQ.v.0
2023-12-08 20:12:00+00:00,33,1,260937,16098.75,16103.5,16098.5,16103.25,298,NQ.v.0
2023-12-08 20:13:00+00:00,33,1,260937,16103.0,16104.5,16099.25,16101.5,381,NQ.v.0
2023-12-08 20:14:00+00:00,33,1,260937,16101.25,16105.25,16100.25,16105.25,244,NQ.v.0
2023-12-08 20:15:00+00:00,33,1,260937,16104.75,16111.5,16102.0,16107.75,880,NQ.v.0
2023-12-08 20:16:00+00:00,33,1,260937,16107.75,16110.5,16107.0,16108.0,341,NQ.v.0
2023-12-08 20:17:00+00:00,33,1,260937,16107.5,16108.0,16104.5,16107.0,309,NQ.v.0
2023-12-08 20:18:00+00:00,33,1,260937,16107.5,16109.25,16105.0,16107.5,410,NQ.v.0
2023-12-08 20:19:00+00:00,33,1,260937,16107.75,16108.0,16103.0,16103.75,399,NQ.v.0
2023-12-08 20:20:00+00:00,33,1,260937,16103.5,16104.25,16097.75,16098.0,546,NQ.v.0
2023-12-08 20:21:00+00:00,33,1,260937,16098.5,16102.0,16097.25,16101.5,376,NQ.v.0
2023-12-08 20:22:00+00:00,33,1,260937,16101.5,16104.75,16099.5,16100.75,325,NQ.v.0
2023-12-08 20:23:00+00:00,33,1,260937,16100.5,16102.25,16093.75,16098.0,987,NQ.v.0
2023-12-08 20:24:00+00:00,33,1,260937,16097.75,16101.75,16097.25,16100.0,456,NQ.v.0
2023-12-08 20:25:00+00:00,33,1,260937,16100.75,16102.5,16098.5,16101.75,236,NQ.v.0
2023-12-08 20:26:00+00:00,33,1,260937,16102.0,16103.25,16098.5,16102.75,412,NQ.v.0
2023-12-08 20:27:00+00:00,33,1,260937,16102.25,16108.75,16102.25,16108.5,462,NQ.v.0
2023-12-08 20:28:00+00:00,33,1,260937,16108.0,16110.5,16106.75,16109.25,394,NQ.v.0
2023-12-08 20:29:00+00:00,33,1,260937,16109.0,16110.75,16107.5,16108.5,378,NQ.v.0
2023-12-08 20:30:00+00:00,33,1,260937,16108.5,16110.0,16103.0,16104.5,708,NQ.v.0
2023-12-08 20:31:00+00:00,33,1,260937,16104.5,16107.25,16101.75,16104.75,494,NQ.v.0
2023-12-08 20:32:00+00:00,33,1,260937,16105.0,16107.75,16101.75,16107.25,344,NQ.v.0
2023-12-08 20:33:00+00:00,33,1,260937,16107.25,16107.5,16103.5,16104.0,266,NQ.v.0
2023-12-08 20:34:00+00:00,33,1,260937,16104.25,16106.0,16102.0,16105.25,202,NQ.v.0
2023-12-08 20:35:00+00:00,33,1,260937,16105.0,16108.25,16103.0,16107.75,221,NQ.v.0
2023-12-08 20:36:00+00:00,33,1,260937,16108.0,16110.0,16106.0,16108.25,386,NQ.v.0
2023-12-08 20:37:00+00:00,33,1,260937,16107.75,16111.75,16106.5,16111.25,835,NQ.v.0
2023-12-08 20:38:00+00:00,33,1,260937,16111.5,16117.0,16109.5,16115.25,1118,NQ.v.0
2023-12-08 20:39:00+00:00,33,1,260937,16115.25,16117.5,16113.75,16115.25,967,NQ.v.0
2023-12-08 20:40:00+00:00,33,1,260937,16115.5,16117.0,16112.5,16112.5,600,NQ.v.0
2023-12-08 20:41:00+00:00,33,1,260937,16112.5,16113.5,16109.0,16110.25,645,NQ.v.0
2023-12-08 20:42:00+00:00,33,1,260937,16110.5,16111.0,16105.0,16106.25,668,NQ.v.0
2023-12-08 20:43:00+00:00,33,1,260937,16105.75,16109.25,16104.25,16107.25,376,NQ.v.0
2023-12-08 20:44:00+00:00,33,1,260937,16106.5,16108.75,16105.5,16106.75,327,NQ.v.0
2023-12-08 20:45:00+00:00,33,1,260937,16106.5,16106.5,16102.5,16105.5,622,NQ.v.0
2023-12-08 20:46:00+00:00,33,1,260937,16105.5,16110.0,16105.25,16109.25,427,NQ.v.0
2023-12-08 20:47:00+00:00,33,1,260937,16109.5,16110.0,16106.0,16108.5,435,NQ.v.0
2023-12-08 20:48:00+00:00,33,1,260937,16108.0,16109.75,16103.25,16104.25,449,NQ.v.0
2023-12-08 20:49:00+00:00,33,1,260937,16104.0,16106.5,16100.5,16102.75,486,NQ.v.0
2023-12-08 20:50:00+00:00,33,1,260937,16103.5,16112.0,16098.5,16109.0,1284,NQ.v.0
2023-12-08 20:51:00+00:00,33,1,260937,16108.5,16109.75,16102.0,16103.75,713,NQ.v.0
2023-12-08 20:52:00+00:00,33,1,260937,16103.75,16105.0,16094.5,16098.0,1631,NQ.v.0
2023-12-08 20:53:00+00:00,33,1,260937,16097.75,16106.25,16097.75,16104.75,870,NQ.v.0
2023-12-08 20:54:00+00:00,33,1,260937,16104.25,16105.5,16093.0,16102.75,1451,NQ.v.0
2023-12-08 20:55:00+00:00,33,1,260937,16102.75,16106.75,16099.5,16100.25,1105,NQ.v.0
2023-12-08 20:56:00+00:00,33,1,260937,16100.25,16102.75,16098.0,16102.25,768,NQ.v.0
2023-12-08 20:57:00+00:00,33,1,260937,16101.75,16103.75,16100.0,16101.75,920,NQ.v.0
2023-12-08 20:58:00+00:00,33,1,260937,16102.25,16102.5,16099.0,16099.5,933,NQ.v.0
2023-12-08 20:59:00+00:00,33,1,260937,16099.5,16102.25,16095.25,16098.75,4787,NQ.v.0
2023-12-08 21:00:00+00:00,33,1,260937,16098.75,16099.25,16093.75,16096.75,2042,NQ.v.0
2023-12-08 21:01:00+00:00,33,1,260937,16096.5,16097.5,16095.5,16097.5,438,NQ.v.0
2023-12-08 21:02:00+00:00,33,1,260937,16097.25,16098.5,16096.0,16096.25,415,NQ.v.0
2023-12-08 21:03:00+00:00,33,1,260937,16096.25,16096.5,16094.25,16095.75,472,NQ.v.0
2023-12-08 21:04:00+00:00,33,1,260937,16095.5,16095.5,16090.75,16092.5,761,NQ.v.0
2023-12-08 21:05:00+00:00,33,1,260937,16092.25,16092.5,16090.25,16091.0,367,NQ.v.0
2023-12-08 21:06:00+00:00,33,1,260937,16091.0,16091.25,16087.75,16090.25,447,NQ.v.0
2023-12-08 21:07:00+00:00,33,1,260937,16090.0,16091.25,16090.0,16090.5,192,NQ.v.0
2023-12-08 21:08:00+00:00,33,1,260937,16090.5,16091.25,16088.0,16089.25,382,NQ.v.0
2023-12-08 21:09:00+00:00,33,1,260937,16089.0,16089.75,16086.5,16086.75,519,NQ.v.0
2023-12-08 21:10:00+00:00,33,1,260937,16087.25,16090.5,16086.5,16090.25,245,NQ.v.0
2023-12-08 21:11:00+00:00,33,1,260937,16090.0,16090.25,16089.0,16089.25,125,NQ.v.0
2023-12-08 21:12:00+00:00,33,1,260937,16089.5,16091.0,16089.0,16091.0,113,NQ.v.0
2023-12-08 21:13:00+00:00,33,1,260937,16090.5,16094.25,16089.5,16091.5,424,NQ.v.0
2023-12-08 21:14:00+00:00,33,1,260937,16091.5,16094.25,16091.25,16093.0,361,NQ.v.0
2023-12-08 21:15:00+00:00,33,1,260937,16093.25,16094.0,16092.0,16092.0,77,NQ.v.0
2023-12-08 21:16:00+00:00,33,1,260937,16092.25,16093.75,16092.25,16093.5,59,NQ.v.0
2023-12-08 21:17:00+00:00,33,1,260937,16093.5,16093.75,16092.75,16093.25,49,NQ.v.0
2023-12-08 21:18:00+00:00,33,1,260937,16093.5,16093.75,16092.75,16093.75,30,NQ.v.0
2023-12-08 21:19:00+00:00,33,1,260937,16093.5,16093.75,16092.25,16092.5,64,NQ.v.0
2023-12-08 21:20:00+00:00,33,1,260937,16092.75,16092.75,16091.75,16092.0,55,NQ.v.0
2023-12-08 21:21:00+00:00,33,1,260937,16092.0,16093.0,16091.75,16092.5,63,NQ.v.0
2023-12-08 21:22:00+00:00,33,1,260937,16092.25,16092.5,16091.25,16092.25,81,NQ.v.0
2023-12-08 21:23:00+00:00,33,1,260937,16092.5,16093.0,16092.0,16093.0,27,NQ.v.0
2023-12-08 21:24:00+00:00,33,1,260937,16093.0,16093.0,16091.0,16091.75,69,NQ.v.0
2023-12-08 21:25:00+00:00,33,1,260937,16092.0,16092.5,16090.75,16092.0,52,NQ.v.0
2023-12-08 21:26:00+00:00,33,1,260937,16092.0,16092.5,16091.5,16092.25,33,NQ.v.0
2023-12-08 21:27:00+00:00,33,1,260937,16092.5,16093.0,16091.5,16093.0,28,NQ.v.0
2023-12-08 21:28:00+00:00,33,1,260937,16093.0,16093.75,16092.25,16093.0,90,NQ.v.0
2023-12-08 21:29:00+00:00,33,1,260937,16093.0,16093.25,16092.25,16092.75,28,NQ.v.0
2023-12-08 21:30:00+00:00,33,1,260937,16092.75,16093.0,16092.25,16092.5,33,NQ.v.0
2023-12-08 21:31:00+00:00,33,1,260937,16092.5,16093.25,16091.75,16093.25,89,NQ.v.0
2023-12-08 21:32:00+00:00,33,1,260937,16093.5,16093.75,16092.25,16092.75,90,NQ.v.0
2023-12-08 21:33:00+00:00,33,1,260937,16092.5,16092.75,16092.0,16092.0,34,NQ.v.0
2023-12-08 21:34:00+00:00,33,1,260937,16092.0,16092.5,16091.75,16092.25,32,NQ.v.0
2023-12-08 21:35:00+00:00,33,1,260937,16092.5,16092.5,16091.75,16092.5,25,NQ.v.0
2023-12-08 21:36:00+00:00,33,1,260937,16092.25,16092.75,16091.75,16092.0,41,NQ.v.0
2023-12-08 21:37:00+00:00,33,1,260937,16092.25,16092.75,16092.0,16092.5,35,NQ.v.0
2023-12-08 21:38:00+00:00,33,1,260937,16092.25,16093.75,16092.25,16093.5,82,NQ.v.0
2023-12-08 21:39:00+00:00,33,1,260937,16093.25,16093.25,16092.25,16092.5,40,NQ.v.0
2023-12-08 21:40:00+00:00,33,1,260937,16092.25,16095.75,16092.25,16092.5,163,NQ.v.0
2023-12-08 21:41:00+00:00,33,1,260937,16092.75,16092.75,16091.75,16092.0,49,NQ.v.0
2023-12-08 21:42:00+00:00,33,1,260937,16092.0,16092.75,16091.5,16091.75,40,NQ.v.0
2023-12-08 21:43:00+00:00,33,1,260937,16092.5,16092.75,16091.5,16092.75,50,NQ.v.0
2023-12-08 21:44:00+00:00,33,1,260937,16092.5,16092.5,16091.5,16092.0,84,NQ.v.0
2023-12-08 21:45:00+00:00,33,1,260937,16091.75,16092.25,16090.25,16091.5,124,NQ.v.0
2023-12-08 21:46:00+00:00,33,1,260937,16091.5,16091.75,16090.5,16091.0,56,NQ.v.0
2023-12-08 21:47:00+00:00,33,1,260937,16090.75,16091.25,16090.5,16090.5,158,NQ.v.0
2023-12-08 21:48:00+00:00,33,1,260937,16090.5,16091.25,16090.25,16091.25,67,NQ.v.0
2023-12-08 21:49:00+00:00,33,1,260937,16091.0,16091.25,16090.0,16090.75,114,NQ.v.0
2023-12-08 21:50:00+00:00,33,1,260937,16091.25,16091.5,16090.0,16091.0,103,NQ.v.0
2023-12-08 21:51:00+00:00,33,1,260937,16091.5,16092.0,16091.25,16091.25,30,NQ.v.0
2023-12-08 21:52:00+00:00,33,1,260937,16091.25,16091.75,16090.75,16091.0,29,NQ.v.0
2023-12-08 21:53:00+00:00,33,1,260937,16091.5,16091.75,16091.5,16091.75,20,NQ.v.0
2023-12-08 21:54:00+00:00,33,1,260937,16091.75,16093.0,16091.0,16092.75,48,NQ.v.0
2023-12-08 21:55:00+00:00,33,1,260937,16092.5,16092.5,16090.75,16091.75,76,NQ.v.0
2023-12-08 21:56:00+00:00,33,1,260937,16091.5,16092.5,16091.0,16092.0,16,NQ.v.0
2023-12-08 21:57:00+00:00,33,1,260937,16091.75,16093.75,16091.75,16093.25,95,NQ.v.0
2023-12-08 21:58:00+00:00,33,1,260937,16092.5,16093.5,16092.0,16092.5,152,NQ.v.0
2023-12-08 21:59:00+00:00,33,1,260937,16093.0,16094.0,16092.25,16094.0,211,NQ.v.0
2023-12-10 23:00:00+00:00,33,1,260937,16093.0,16094.0,16082.25,16085.5,349,NQ.v.0
2023-12-10 23:01:00+00:00,33,1,260937,16085.5,16086.75,16082.5,16084.5,193,NQ.v.0
2023-12-10 23:02:00+00:00,33,1,260937,16084.5,16092.5,16083.25,16090.5,148,NQ.v.0
2023-12-10 23:03:00+00:00,33,1,260937,16090.75,16090.75,16083.0,16085.25,107,NQ.v.0
2023-12-10 23:04:00+00:00,33,1,260937,16084.5,16092.5,16084.25,16088.25,127,NQ.v.0
2023-12-10 23:05:00+00:00,33,1,260937,16088.5,16093.75,16088.5,16092.75,72,NQ.v.0
2023-12-10 23:06:00+00:00,33,1,260937,16092.5,16093.75,16088.25,16090.75,99,NQ.v.0
2023-12-10 23:07:00+00:00,33,1,260937,16090.25,16092.25,16090.0,16091.25,73,NQ.v.0
2023-12-10 23:08:00+00:00,33,1,260937,16092.25,16096.25,16092.25,16095.25,101,NQ.v.0
2023-12-10 23:09:00+00:00,33,1,260937,16095.75,16098.25,16095.5,16097.75,103,NQ.v.0
2023-12-10 23:10:00+00:00,33,1,260937,16098.25,16100.25,16095.75,16097.75,190,NQ.v.0
2023-12-10 23:11:00+00:00,33,1,260937,16098.0,16100.75,16096.75,16100.75,78,NQ.v.0
2023-12-10 23:12:00+00:00,33,1,260937,16100.75,16114.5,16096.5,16099.25,456,NQ.v.0
2023-12-10 23:13:00+00:00,33,1,260937,16099.5,16099.5,16096.5,16099.5,107,NQ.v.0
2023-12-10 23:14:00+00:00,33,1,260937,16099.5,16100.0,16097.0,16098.5,77,NQ.v.0
2023-12-10 23:15:00+00:00,33,1,260937,16098.5,16103.5,16097.0,16103.25,152,NQ.v.0
2023-12-10 23:16:00+00:00,33,1,260937,16102.5,16107.0,16102.5,16105.5,89,NQ.v.0
2023-12-10 23:17:00+00:00,33,1,260937,16106.0,16109.75,16104.0,16106.0,141,NQ.v.0
2023-12-10 23:18:00+00:00,33,1,260937,16106.25,16108.0,16102.75,16102.75,104,NQ.v.0
2023-12-10 23:19:00+00:00,33,1,260937,16102.75,16104.25,16102.5,16104.25,27,NQ.v.0
2023-12-10 23:20:00+00:00,33,1,260937,16104.25,16108.25,16104.25,16105.5,78,NQ.v.0
2023-12-10 23:21:00+00:00,33,1,260937,16105.0,16106.5,16102.75,16106.5,40,NQ.v.0
2023-12-10 23:22:00+00:00,33,1,260937,16105.5,16108.25,16103.75,16107.5,106,NQ.v.0
2023-12-10 23:23:00+00:00,33,1,260937,16108.5,16109.25,16107.5,16108.25,20,NQ.v.0
2023-12-10 23:24:00+00:00,33,1,260937,16108.0,16112.25,16107.75,16111.5,60,NQ.v.0
2023-12-10 23:25:00+00:00,33,1,260937,16111.25,16113.0,16109.0,16109.75,69,NQ.v.0
2023-12-10 23:26:00+00:00,33,1,260937,16108.75,16108.75,16106.0,16107.0,61,NQ.v.0
2023-12-10 23:27:00+00:00,33,1,260937,16106.5,16110.25,16106.5,16109.25,47,NQ.v.0
2023-12-10 23:28:00+00:00,33,1,260937,16109.0,16109.0,16104.0,16104.25,56,NQ.v.0
2023-12-10 23:29:00+00:00,33,1,260937,16104.0,16104.0,16101.0,16102.5,67,NQ.v.0
2023-12-10 23:30:00+00:00,33,1,260937,16103.25,16106.0,16103.25,16103.5,59,NQ.v.0
2023-12-10 23:31:00+00:00,33,1,260937,16103.25,16104.5,16103.0,16104.0,28,NQ.v.0
2023-12-10 23:32:00+00:00,33,1,260937,16104.0,16104.0,16098.75,16100.0,76,NQ.v.0
2023-12-10 23:33:00+00:00,33,1,260937,16100.0,16100.5,16098.5,16098.75,53,NQ.v.0
2023-12-10 23:34:00+00:00,33,1,260937,16099.0,16100.0,16098.25,16100.0,38,NQ.v.0
2023-12-10 23:35:00+00:00,33,1,260937,16100.25,16105.0,16100.25,16103.0,46,NQ.v.0
2023-12-10 23:36:00+00:00,33,1,260937,16103.25,16103.25,16100.5,16100.75,46,NQ.v.0
2023-12-10 23:37:00+00:00,33,1,260937,16101.0,16101.0,16098.0,16098.5,31,NQ.v.0
2023-12-10 23:38:00+00:00,33,1,260937,16098.25,16098.25,16096.75,16097.75,25,NQ.v.0
2023-12-10 23:39:00+00:00,33,1,260937,16098.0,16099.25,16097.75,16099.25,12,NQ.v.0
2023-12-10 23:40:00+00:00,33,1,260937,16098.75,16100.5,16098.25,16100.5,18,NQ.v.0
2023-12-10 23:41:00+00:00,33,1,260937,16101.0,16102.25,16100.5,16101.0,21,NQ.v.0
2023-12-10 23:42:00+00:00,33,1,260937,16101.5,16102.25,16100.25,16101.5,45,NQ.v.0
2023-12-10 23:43:00+00:00,33,1,260937,16101.0,16101.75,16100.5,16101.75,13,NQ.v.0
2023-12-10 23:44:00+00:00,33,1,260937,16102.0,16102.0,16100.0,16100.25,15,NQ.v.0
2023-12-10 23:45:00+00:00,33,1,260937,16100.5,16100.5,16098.75,16098.75,18,NQ.v.0
2023-12-10 23:46:00+00:00,33,1,260937,16098.75,16100.5,16098.25,16100.5,30,NQ.v.0
2023-12-10 23:47:00+00:00,33,1,260937,16101.75,16102.25,16100.75,16102.25,29,NQ.v.0
2023-12-10 23:48:00+00:00,33,1,260937,16102.0,16102.0,16101.0,16101.0,6,NQ.v.0
2023-12-10 23:49:00+00:00,33,1,260937,16102.25,16102.25,16099.25,16101.5,39,NQ.v.0
2023-12-10 23:50:00+00:00,33,1,260937,16101.5,16102.25,16101.0,16101.0,8,NQ.v.0
2023-12-10 23:51:00+00:00,33,1,260937,16101.75,16102.0,16100.5,16100.5,11,NQ.v.0
2023-12-10 23:52:00+00:00,33,1,260937,16101.0,16104.25,16100.25,16103.25,23,NQ.v.0
2023-12-10 23:53:00+00:00,33,1,260937,16104.0,16104.0,16100.5,16101.75,15,NQ.v.0
2023-12-10 23:54:00+00:00,33,1,260937,16101.5,16102.75,16101.5,16102.75,11,NQ.v.0
2023-12-10 23:55:00+00:00,33,1,260937,16103.25,16105.0,16102.25,16103.75,54,NQ.v.0
2023-12-10 23:56:00+00:00,33,1,260937,16103.0,16106.5,16103.0,16106.5,62,NQ.v.0
2023-12-10 23:57:00+00:00,33,1,260937,16106.0,16106.5,16104.75,16105.0,45,NQ.v.0
2023-12-10 23:58:00+00:00,33,1,260937,16105.5,16106.25,16105.25,16105.5,18,NQ.v.0
2023-12-10 23:59:00+00:00,33,1,260937,16105.25,16106.0,16104.25,16104.25,19,NQ.v.0
2023-12-11 00:00:00+00:00,33,1,260937,16104.0,16104.25,16099.5,16103.0,106,NQ.v.0
2023-12-11 00:01:00+00:00,33,1,260937,16103.25,16106.75,16103.0,16105.5,59,NQ.v.0
2023-12-11 00:02:00+00:00,33,1,260937,16106.0,16106.25,16102.25,16104.25,35,NQ.v.0
2023-12-11 00:03:00+00:00,33,1,260937,16103.5,16104.0,16100.5,16101.75,23,NQ.v.0
2023-12-11 00:04:00+00:00,33,1,260937,16101.75,16103.75,16100.0,16103.25,34,NQ.v.0
2023-12-11 00:05:00+00:00,33,1,260937,16104.0,16105.75,16103.25,16104.0,48,NQ.v.0
2023-12-11 00:06:00+00:00,33,1,260937,16104.5,16108.25,16104.0,16106.75,97,NQ.v.0
2023-12-11 00:07:00+00:00,33,1,260937,16107.0,16109.25,16105.75,16106.0,103,NQ.v.0
2023-12-11 00:08:00+00:00,33,1,260937,16105.5,16107.75,16105.0,16106.0,78,NQ.v.0
2023-12-11 00:09:00+00:00,33,1,260937,16106.5,16107.0,16104.75,16104.75,26,NQ.v.0
2023-12-11 00:10:00+00:00,33,1,260937,16105.0,16105.5,16102.75,16105.5,31,NQ.v.0
2023-12-11 00:11:00+00:00,33,1,260937,16105.25,16105.25,16103.5,16105.25,33,NQ.v.0
2023-12-11 00:12:00+00:00,33,1,260937,16104.75,16105.75,16104.25,16105.25,39,NQ.v.0
2023-12-11 00:13:00+00:00,33,1,260937,16105.5,16107.5,16105.25,16107.5,27,NQ.v.0
2023-12-11 00:14:00+00:00,33,1,260937,16107.5,16108.0,16106.25,16106.5,25,NQ.v.0
2023-12-11 00:15:00+00:00,33,1,260937,16107.5,16108.0,16105.75,16106.75,41,NQ.v.0
2023-12-11 00:16:00+00:00,33,1,260937,16106.5,16107.25,16104.5,16104.75,30,NQ.v.0
2023-12-11 00:17:00+00:00,33,1,260937,16105.25,16106.0,16105.25,16106.0,14,NQ.v.0
2023-12-11 00:18:00+00:00,33,1,260937,16106.75,16107.0,16101.0,16102.25,91,NQ.v.0
2023-12-11 00:19:00+00:00,33,1,260937,16103.25,16105.0,16103.25,16103.75,28,NQ.v.0
2023-12-11 00:20:00+00:00,33,1,260937,16104.5,16106.25,16104.0,16106.0,20,NQ.v.0
2023-12-11 00:21:00+00:00,33,1,260937,16105.75,16107.75,16105.75,16107.25,40,NQ.v.0
2023-12-11 00:22:00+00:00,33,1,260937,16107.75,16108.0,16106.0,16106.0,38,NQ.v.0
2023-12-11 00:23:00+00:00,33,1,260937,16106.75,16106.75,16105.0,16105.5,57,NQ.v.0
2023-12-11 00:24:00+00:00,33,1,260937,16105.5,16105.75,16102.5,16102.5,32,NQ.v.0
2023-12-11 00:25:00+00:00,33,1,260937,16104.0,16104.25,16101.5,16101.5,65,NQ.v.0
2023-12-11 00:26:00+00:00,33,1,260937,16101.75,16101.75,16096.75,16097.0,80,NQ.v.0
2023-12-11 00:27:00+00:00,33,1,260937,16096.5,16097.75,16091.25,16092.0,160,NQ.v.0
2023-12-11 00:28:00+00:00,33,1,260937,16092.25,16093.5,16087.75,16088.25,182,NQ.v.0
2023-12-11 00:29:00+00:00,33,1,260937,16088.75,16091.75,16087.5,16089.5,81,NQ.v.0
2023-12-11 00:30:00+00:00,33,1,260937,16089.75,16090.0,16085.75,16088.5,109,NQ.v.0
2023-12-11 00:31:00+00:00,33,1,260937,16088.75,16089.5,16086.0,16087.0,115,NQ.v.0
2023-12-11 00:32:00+00:00,33,1,260937,16087.25,16087.25,16085.0,16085.0,84,NQ.v.0
2023-12-11 00:33:00+00:00,33,1,260937,16085.0,16085.75,16084.0,16085.0,108,NQ.v.0
2023-12-11 00:34:00+00:00,33,1,260937,16084.75,16084.75,16081.75,16081.75,195,NQ.v.0
2023-12-11 00:35:00+00:00,33,1,260937,16081.75,16084.0,16081.75,16082.75,80,NQ.v.0
2023-12-11 00:36:00+00:00,33,1,260937,16083.0,16085.0,16082.75,16083.25,59,NQ.v.0
2023-12-11 00:37:00+00:00,33,1,260937,16083.25,16084.25,16082.75,16083.25,25,NQ.v.0
2023-12-11 00:38:00+00:00,33,1,260937,16083.75,16085.0,16080.0,16081.5,115,NQ.v.0
2023-12-11 00:39:00+00:00,33,1,260937,16081.5,16083.25,16080.5,16082.25,42,NQ.v.0
2023-12-11 00:40:00+00:00,33,1,260937,16081.5,16082.5,16079.75,16080.75,74,NQ.v.0
2023-12-11 00:41:00+00:00,33,1,260937,16081.25,16081.25,16077.75,16078.5,111,NQ.v.0
2023-12-11 00:42:00+00:00,33,1,260937,16078.75,16080.5,16077.5,16077.75,99,NQ.v.0
2023-12-11 00:43:00+00:00,33,1,260937,16077.75,16078.0,16074.0,16074.75,153,NQ.v.0
2023-12-11 00:44:00+00:00,33,1,260937,16074.5,16075.0,16073.25,16074.0,34,NQ.v.0
2023-12-11 00:45:00+00:00,33,1,260937,16073.5,16077.0,16073.25,16075.5,114,NQ.v.0
2023-12-11 00:46:00+00:00,33,1,260937,16075.5,16080.0,16075.0,16078.5,88,NQ.v.0
2023-12-11 00:47:00+00:00,33,1,260937,16078.75,16079.25,16078.25,16079.0,32,NQ.v.0
2023-12-11 00:48:00+00:00,33,1,260937,16079.5,16079.75,16078.5,16079.25,25,NQ.v.0
2023-12-11 00:49:00+00:00,33,1,260937,16079.0,16079.5,16073.5,16073.75,99,NQ.v.0
2023-12-11 00:50:00+00:00,33,1,260937,16073.5,16073.75,16069.0,16070.0,153,NQ.v.0
2023-12-11 00:51:00+00:00,33,1,260937,16070.0,16071.75,16069.0,16069.25,81,NQ.v.0
2023-12-11 00:52:00+00:00,33,1,260937,16069.75,16071.25,16069.75,16069.75,40,NQ.v.0
2023-12-11 00:53:00+00:00,33,1,260937,16070.5,16074.0,16070.25,16070.25,90,NQ.v.0
2023-12-11 00:54:00+00:00,33,1,260937,16070.0,16071.5,16070.0,16071.0,47,NQ.v.0
2023-12-11 00:55:00+00:00,33,1,260937,16070.75,16074.5,16070.5,16073.5,67,NQ.v.0
2023-12-11 00:56:00+00:00,33,1,260937,16073.75,16075.75,16073.0,16075.25,96,NQ.v.0
2023-12-11 00:57:00+00:00,33,1,260937,16075.25,16076.75,16075.0,16075.25,90,NQ.v.0
2023-12-11 00:58:00+00:00,33,1,260937,16075.0,16077.5,16075.0,16075.5,60,NQ.v.0
2023-12-11 00:59:00+00:00,33,1,260937,16075.0,16077.0,16075.0,16075.5,44,NQ.v.0
2023-12-11 01:00:00+00:00,33,1,260937,16075.75,16076.0,16073.0,16073.0,86,NQ.v.0
2023-12-11 01:01:00+00:00,33,1,260937,16073.0,16075.0,16072.5,16074.75,44,NQ.v.0
2023-12-11 01:02:00+00:00,33,1,260937,16074.5,16075.5,16073.0,16074.0,27,NQ.v.0
2023-12-11 01:03:00+00:00,33,1,260937,16073.5,16074.25,16072.25,16073.25,41,NQ.v.0
2023-12-11 01:04:00+00:00,33,1,260937,16073.5,16073.75,16072.75,16073.0,13,NQ.v.0
2023-12-11 01:05:00+00:00,33,1,260937,16073.0,16073.25,16071.0,16073.25,88,NQ.v.0
2023-12-11 01:06:00+00:00,33,1,260937,16073.25,16076.0,16072.75,16074.75,51,NQ.v.0
2023-12-11 01:07:00+00:00,33,1,260937,16075.75,16076.25,16073.5,16074.25,73,NQ.v.0
2023-12-11 01:08:00+00:00,33,1,260937,16073.5,16075.25,16073.0,16075.0,54,NQ.v.0
2023-12-11 01:09:00+00:00,33,1,260937,16075.0,16076.5,16074.0,16076.25,58,NQ.v.0
2023-12-11 01:10:00+00:00,33,1,260937,16076.5,16077.25,16073.5,16073.5,62,NQ.v.0
2023-12-11 01:11:00+00:00,33,1,260937,16073.5,16075.0,16073.5,16074.5,23,NQ.v.0
2023-12-11 01:12:00+00:00,33,1,260937,16074.0,16076.25,16074.0,16074.5,50,NQ.v.0
2023-12-11 01:13:00+00:00,33,1,260937,16074.25,16077.0,16074.25,16076.0,50,NQ.v.0
2023-12-11 01:14:00+00:00,33,1,260937,16076.5,16076.75,16076.0,16076.25,31,NQ.v.0
2023-12-11 01:15:00+00:00,33,1,260937,16076.0,16076.0,16067.5,16070.0,388,NQ.v.0
2023-12-11 01:16:00+00:00,33,1,260937,16069.5,16071.0,16066.75,16068.75,163,NQ.v.0
2023-12-11 01:17:00+00:00,33,1,260937,16068.0,16071.0,16067.5,16068.75,48,NQ.v.0
2023-12-11 01:18:00+00:00,33,1,260937,16067.5,16068.25,16066.25,16066.25,41,NQ.v.0
2023-12-11 01:19:00+00:00,33,1,260937,16066.75,16067.0,16064.0,16065.5,181,NQ.v.0
2023-12-11 01:20:00+00:00,33,1,260937,16066.0,16070.0,16065.25,16067.75,77,NQ.v.0
2023-12-11 01:21:00+00:00,33,1,260937,16067.75,16070.0,16067.25,16069.0,45,NQ.v.0
2023-12-11 01:22:00+00:00,33,1,260937,16069.25,16072.75,16068.75,16070.5,115,NQ.v.0
2023-12-11 01:23:00+00:00,33,1,260937,16071.75,16071.75,16068.25,16070.0,41,NQ.v.0
2023-12-11 01:24:00+00:00,33,1,260937,16070.5,16071.0,16068.0,16070.25,115,NQ.v.0
2023-12-11 01:25:00+00:00,33,1,260937,16070.75,16070.75,16068.75,16069.25,39,NQ.v.0
2023-12-11 01:26:00+00:00,33,1,260937,16068.75,16070.25,16068.5,16070.25,16,NQ.v.0
2023-12-11 01:27:00+00:00,33,1,260937,16070.25,16071.5,16069.25,16070.5,37,NQ.v.0
2023-12-11 01:28:00+00:00,33,1,260937,16070.5,16070.5,16068.25,16069.25,17,NQ.v.0
2023-12-11 01:29:00+00:00,33,1,260937,16068.5,16068.75,16068.0,16068.25,14,NQ.v.0
2023-12-11 01:30:00+00:00,33,1,260937,16068.25,16069.0,16063.25,16064.0,137,NQ.v.0
2023-12-11 01:31:00+00:00,33,1,260937,16064.0,16069.5,16062.5,16069.5,85,NQ.v.0
2023-12-11 01:32:00+00:00,33,1,260937,16069.5,16072.0,16067.25,16072.0,63,NQ.v.0
2023-12-11 01:33:00+00:00,33,1,260937,16072.0,16072.5,16067.75,16070.25,86,NQ.v.0
2023-12-11 01:34:00+00:00,33,1,260937,16070.25,16071.0,16068.5,16069.25,69,NQ.v.0
2023-12-11 01:35:00+00:00,33,1,260937,16068.75,16070.75,16068.0,16070.25,33,NQ.v.0
2023-12-11 01:36:00+00:00,33,1,260937,16070.0,16074.25,16070.0,16073.25,96,NQ.v.0
2023-12-11 01:37:00+00:00,33,1,260937,16072.75,16073.0,16071.5,16072.5,54,NQ.v.0
2023-12-11 01:38:00+00:00,33,1,260937,16072.5,16073.25,16071.5,16071.75,43,NQ.v.0
2023-12-11 01:39:00+00:00,33,1,260937,16071.0,16071.0,16069.75,16069.75,24,NQ.v.0
2023-12-11 01:40:00+00:00,33,1,260937,16070.0,16070.5,16067.5,16069.25,41,NQ.v.0
2023-12-11 01:41:00+00:00,33,1,260937,16069.25,16069.25,16066.25,16067.0,54,NQ.v.0
2023-12-11 01:42:00+00:00,33,1,260937,16066.75,16068.0,16065.75,16067.75,31,NQ.v.0
2023-12-11 01:43:00+00:00,33,1,260937,16067.5,16068.0,16064.0,16064.75,115,NQ.v.0
2023-12-11 01:44:00+00:00,33,1,260937,16064.5,16065.75,16064.0,16064.0,84,NQ.v.0
2023-12-11 01:45:00+00:00,33,1,260937,16063.75,16065.75,16063.0,16065.5,74,NQ.v.0
2023-12-11 01:46:00+00:00,33,1,260937,16066.25,16068.25,16066.25,16067.25,43,NQ.v.0
2023-12-11 01:47:00+00:00,33,1,260937,16067.5,16067.75,16066.25,16067.25,25,NQ.v.0
2023-12-11 01:48:00+00:00,33,1,260937,16066.25,16068.25,16065.75,16068.25,14,NQ.v.0
2023-12-11 01:49:00+00:00,33,1,260937,16068.0,16069.0,16067.5,16067.75,29,NQ.v.0
2023-12-11 01:50:00+00:00,33,1,260937,16068.25,16069.5,16067.25,16067.75,36,NQ.v.0
2023-12-11 01:51:00+00:00,33,1,260937,16069.25,16074.25,16069.25,16073.0,132,NQ.v.0
2023-12-11 01:52:00+00:00,33,1,260937,16073.25,16073.25,16068.0,16068.0,38,NQ.v.0
2023-12-11 01:53:00+00:00,33,1,260937,16067.5,16067.5,16063.0,16066.5,78,NQ.v.0
2023-12-11 01:54:00+00:00,33,1,260937,16067.25,16067.25,16064.5,16065.25,33,NQ.v.0
2023-12-11 01:55:00+00:00,33,1,260937,16064.25,16065.5,16063.75,16064.75,27,NQ.v.0
2023-12-11 01:56:00+00:00,33,1,260937,16066.75,16068.0,16066.5,16067.75,10,NQ.v.0
2023-12-11 01:57:00+00:00,33,1,260937,16067.25,16069.5,16067.25,16069.5,25,NQ.v.0
2023-12-11 01:58:00+00:00,33,1,260937,16070.0,16071.25,16069.5,16069.75,61,NQ.v.0
2023-12-11 01:59:00+00:00,33,1,260937,16069.75,16070.25,16069.0,16069.75,22,NQ.v.0
2023-12-11 02:00:00+00:00,33,1,260937,16068.75,16069.5,16066.75,16067.75,29,NQ.v.0
2023-12-11 02:01:00+00:00,33,1,260937,16068.75,16069.0,16067.5,16067.5,11,NQ.v.0
2023-12-11 02:02:00+00:00,33,1,260937,16067.75,16067.75,16065.25,16067.5,36,NQ.v.0
2023-12-11 02:03:00+00:00,33,1,260937,16067.25,16069.5,16066.0,16069.0,48,NQ.v.0
2023-12-11 02:04:00+00:00,33,1,260937,16069.25,16070.75,16069.25,16069.25,13,NQ.v.0
2023-12-11 02:05:00+00:00,33,1,260937,16068.25,16071.0,16068.25,16070.75,10,NQ.v.0
2023-12-11 02:06:00+00:00,33,1,260937,16071.5,16071.75,16069.0,16070.0,24,NQ.v.0
2023-12-11 02:07:00+00:00,33,1,260937,16070.5,16072.25,16070.5,16072.0,67,NQ.v.0
2023-12-11 02:08:00+00:00,33,1,260937,16071.5,16072.0,16070.5,16070.5,19,NQ.v.0
2023-12-11 02:09:00+00:00,33,1,260937,16071.0,16072.75,16071.0,16072.5,35,NQ.v.0
2023-12-11 02:10:00+00:00,33,1,260937,16072.5,16073.25,16072.0,16072.0,17,NQ.v.0
2023-12-11 02:11:00+00:00,33,1,260937,16072.25,16073.0,16072.25,16073.0,14,NQ.v.0
2023-12-11 02:12:00+00:00,33,1,260937,16072.75,16072.75,16069.5,16070.5,89,NQ.v.0
2023-12-11 02:13:00+00:00,33,1,260937,16070.0,16071.0,16069.0,16070.0,60,NQ.v.0
2023-12-11 02:14:00+00:00,33,1,260937,16069.75,16069.75,16068.0,16068.25,41,NQ.v.0
2023-12-11 02:15:00+00:00,33,1,260937,16068.0,16071.0,16067.0,16068.25,123,NQ.v.0
2023-12-11 02:16:00+00:00,33,1,260937,16068.0,16068.75,16065.25,16065.5,149,NQ.v.0
2023-12-11 02:17:00+00:00,33,1,260937,16065.5,16067.25,16065.0,16066.75,37,NQ.v.0
2023-12-11 02:18:00+00:00,33,1,260937,16066.5,16067.25,16066.0,16066.75,24,NQ.v.0
2023-12-11 02:19:00+00:00,33,1,260937,16067.25,16070.75,16067.25,16070.75,21,NQ.v.0
2023-12-11 02:20:00+00:00,33,1,260937,16070.5,16070.75,16069.25,16069.25,29,NQ.v.0
2023-12-11 02:21:00+00:00,33,1,260937,16070.0,16070.0,16068.75,16068.75,12,NQ.v.0
2023-12-11 02:22:00+00:00,33,1,260937,16068.75,16068.75,16066.0,16066.0,37,NQ.v.0
2023-12-11 02:23:00+00:00,33,1,260937,16065.75,16065.75,16062.75,16063.5,84,NQ.v.0
2023-12-11 02:24:00+00:00,33,1,260937,16063.25,16064.0,16060.0,16060.75,145,NQ.v.0
2023-12-11 02:25:00+00:00,33,1,260937,16060.25,16063.0,16058.25,16062.5,103,NQ.v.0
2023-12-11 02:26:00+00:00,33,1,260937,16061.75,16062.5,16057.5,16061.25,91,NQ.v.0
2023-12-11 02:27:00+00:00,33,1,260937,16062.0,16064.0,16058.25,16060.5,161,NQ.v.0
2023-12-11 02:28:00+00:00,33,1,260937,16061.0,16061.0,16057.0,16059.0,68,NQ.v.0
2023-12-11 02:29:00+00:00,33,1,260937,16058.5,16058.5,16055.75,16055.75,92,NQ.v.0
2023-12-11 02:30:00+00:00,33,1,260937,16056.25,16056.75,16055.0,16055.25,45,NQ.v.0
2023-12-11 02:31:00+00:00,33,1,260937,16055.5,16056.5,16054.25,16054.75,55,NQ.v.0
2023-12-11 02:32:00+00:00,33,1,260937,16054.75,16055.5,16054.25,16055.5,18,NQ.v.0
2023-12-11 02:33:00+00:00,33,1,260937,16055.75,16057.25,16055.25,16056.0,75,NQ.v.0
2023-12-11 02:34:00+00:00,33,1,260937,16056.25,16056.25,16055.5,16056.0,8,NQ.v.0
2023-12-11 02:35:00+00:00,33,1,260937,16057.0,16060.5,16056.5,16058.25,182,NQ.v.0
2023-12-11 02:36:00+00:00,33,1,260937,16058.5,16059.5,16058.0,16059.25,34,NQ.v.0
2023-12-11 02:37:00+00:00,33,1,260937,16059.0,16060.0,16059.0,16059.5,17,NQ.v.0
2023-12-11 02:38:00+00:00,33,1,260937,16059.5,16059.5,16058.5,16059.0,21,NQ.v.0
2023-12-11 02:39:00+00:00,33,1,260937,16059.25,16060.0,16058.25,16060.0,40,NQ.v.0
2023-12-11 02:40:00+00:00,33,1,260937,16060.0,16061.5,16059.5,16060.5,32,NQ.v.0
2023-12-11 02:41:00+00:00,33,1,260937,16060.25,16061.75,16059.75,16059.75,37,NQ.v.0
2023-12-11 02:42:00+00:00,33,1,260937,16060.25,16060.75,16060.0,16060.0,21,NQ.v.0
2023-12-11 02:43:00+00:00,33,1,260937,16059.75,16060.5,16058.75,16058.75,69,NQ.v.0
2023-12-11 02:44:00+00:00,33,1,260937,16059.0,16059.5,16058.75,16059.5,9,NQ.v.0
2023-12-11 02:45:00+00:00,33,1,260937,16059.5,16059.5,16057.75,16057.75,20,NQ.v.0
2023-12-11 02:46:00+00:00,33,1,260937,16058.5,16059.75,16058.5,16058.75,23,NQ.v.0
2023-12-11 02:47:00+00:00,33,1,260937,16058.75,16059.25,16058.5,16058.5,14,NQ.v.0
2023-12-11 02:48:00+00:00,33,1,260937,16058.25,16058.5,16058.25,16058.25,17,NQ.v.0
2023-12-11 02:49:00+00:00,33,1,260937,16057.75,16057.75,16055.25,16055.75,47,NQ.v.0
2023-12-11 02:50:00+00:00,33,1,260937,16055.5,16057.0,16054.75,16057.0,25,NQ.v.0
2023-12-11 02:51:00+00:00,33,1,260937,16057.5,16059.25,16057.5,16058.25,32,NQ.v.0
2023-12-11 02:52:00+00:00,33,1,260937,16057.5,16057.5,16056.25,16056.25,8,NQ.v.0
2023-12-11 02:53:00+00:00,33,1,260937,16056.25,16056.25,16054.5,16055.25,45,NQ.v.0
2023-12-11 02:54:00+00:00,33,1,260937,16055.75,16055.75,16054.25,16055.0,22,NQ.v.0
2023-12-11 02:55:00+00:00,33,1,260937,16055.0,16055.0,16053.75,16054.0,23,NQ.v.0
2023-12-11 02:56:00+00:00,33,1,260937,16054.0,16055.0,16053.75,16054.5,20,NQ.v.0
2023-12-11 02:57:00+00:00,33,1,260937,16055.0,16055.5,16052.25,16052.75,57,NQ.v.0
2023-12-11 02:58:00+00:00,33,1,260937,16052.0,16054.0,16052.0,16054.0,62,NQ.v.0
2023-12-11 02:59:00+00:00,33,1,260937,16053.5,16054.0,16053.25,16053.5,35,NQ.v.0
2023-12-11 03:00:00+00:00,33,1,260937,16054.0,16055.0,16054.0,16054.75,93,NQ.v.0
2023-12-11 03:01:00+00:00,33,1,260937,16054.75,16056.0,16054.0,16055.25,39,NQ.v.0
2023-12-11 03:02:00+00:00,33,1,260937,16055.0,16056.25,16055.0,16056.0,16,NQ.v.0
2023-12-11 03:03:00+00:00,33,1,260937,16055.75,16055.75,16054.5,16054.5,13,NQ.v.0
2023-12-11 03:04:00+00:00,33,1,260937,16054.75,16055.5,16054.75,16055.25,5,NQ.v.0
2023-12-11 03:05:00+00:00,33,1,260937,16056.25,16057.5,16055.5,16056.75,15,NQ.v.0
2023-12-11 03:06:00+00:00,33,1,260937,16057.25,16058.5,16057.0,16057.75,32,NQ.v.0
2023-12-11 03:07:00+00:00,33,1,260937,16057.5,16058.0,16054.75,16054.75,50,NQ.v.0
2023-12-11 03:08:00+00:00,33,1,260937,16054.5,16055.25,16054.25,16055.25,8,NQ.v.0
2023-12-11 03:09:00+00:00,33,1,260937,16054.75,16055.25,16054.75,16055.25,11,NQ.v.0
2023-12-11 03:10:00+00:00,33,1,260937,16055.0,16056.5,16055.0,16055.25,15,NQ.v.0
2023-12-11 03:11:00+00:00,33,1,260937,16055.0,16055.75,16053.25,16053.25,24,NQ.v.0
2023-12-11 03:12:00+00:00,33,1,260937,16053.75,16054.0,16053.0,16053.5,17,NQ.v.0
2023-12-11 03:13:00+00:00,33,1,260937,16053.0,16053.0,16050.0,16052.5,125,NQ.v.0
2023-12-11 03:14:00+00:00,33,1,260937,16052.75,16054.5,16051.0,16054.0,93,NQ.v.0
2023-12-11 03:15:00+00:00,33,1,260937,16054.25,16054.25,16053.75,16054.25,25,NQ.v.0
2023-12-11 03:16:00+00:00,33,1,260937,16054.25,16056.75,16054.25,16056.25,58,NQ.v.0
2023-12-11 03:17:00+00:00,33,1,260937,16055.75,16056.75,16055.25,16056.25,23,NQ.v.0
2023-12-11 03:18:00+00:00,33,1,260937,16056.5,16057.0,16056.0,16056.0,8,NQ.v.0
2023-12-11 03:19:00+00:00,33,1,260937,16055.75,16057.0,16054.75,16057.0,37,NQ.v.0
2023-12-11 03:20:00+00:00,33,1,260937,16057.25,16057.75,16056.5,16056.5,36,NQ.v.0
2023-12-11 03:21:00+00:00,33,1,260937,16056.5,16057.75,16055.5,16057.75,44,NQ.v.0
2023-12-11 03:22:00+00:00,33,1,260937,16057.75,16058.25,16056.75,16057.5,29,NQ.v.0
2023-12-11 03:23:00+00:00,33,1,260937,16057.5,16058.0,16057.5,16058.0,11,NQ.v.0
2023-12-11 03:24:00+00:00,33,1,260937,16058.25,16060.25,16058.25,16060.0,65,NQ.v.0
2023-12-11 03:25:00+00:00,33,1,260937,16060.0,16060.0,16057.25,16058.75,30,NQ.v.0
2023-12-11 03:26:00+00:00,33,1,260937,16059.0,16059.0,16056.75,16057.0,31,NQ.v.0
2023-12-11 03:27:00+00:00,33,1,260937,16057.25,16057.25,16056.5,16056.5,48,NQ.v.0
2023-12-11 03:28:00+00:00,33,1,260937,16056.75,16056.75,16055.0,16055.75,31,NQ.v.0
2023-12-11 03:29:00+00:00,33,1,260937,16056.75,16057.0,16056.75,16056.75,10,NQ.v.0
2023-12-11 03:30:00+00:00,33,1,260937,16056.25,16058.0,16056.25,16057.75,17,NQ.v.0
2023-12-11 03:31:00+00:00,33,1,260937,16057.5,16058.25,16054.75,16054.75,51,NQ.v.0
2023-12-11 03:32:00+00:00,33,1,260937,16054.5,16055.5,16054.25,16055.0,56,NQ.v.0
2023-12-11 03:33:00+00:00,33,1,260937,16054.75,16054.75,16053.25,16054.0,47,NQ.v.0
2023-12-11 03:34:00+00:00,33,1,260937,16054.5,16055.25,16054.25,16055.0,23,NQ.v.0
2023-12-11 03:35:00+00:00,33,1,260937,16055.0,16056.25,16055.0,16056.25,15,NQ.v.0
2023-12-11 03:36:00+00:00,33,1,260937,16056.5,16058.75,16056.25,16058.75,60,NQ.v.0
2023-12-11 03:37:00+00:00,33,1,260937,16058.25,16059.75,16058.25,16059.5,28,NQ.v.0
2023-12-11 03:38:00+00:00,33,1,260937,16059.25,16059.75,16058.75,16059.0,20,NQ.v.0
2023-12-11 03:39:00+00:00,33,1,260937,16058.5,16059.0,16058.25,16058.5,6,NQ.v.0
2023-12-11 03:40:00+00:00,33,1,260937,16059.0,16059.0,16057.0,16057.75,14,NQ.v.0
2023-12-11 03:41:00+00:00,33,1,260937,16057.75,16057.75,16056.0,16056.5,22,NQ.v.0
2023-12-11 03:42:00+00:00,33,1,260937,16056.75,16057.75,16056.5,16057.75,17,NQ.v.0
2023-12-11 03:43:00+00:00,33,1,260937,16057.25,16057.5,16056.25,16057.5,19,NQ.v.0
2023-12-11 03:44:00+00:00,33,1,260937,16056.75,16056.75,16056.5,16056.5,2,NQ.v.0
2023-12-11 03:45:00+00:00,33,1,260937,16056.5,16056.5,16055.0,16055.25,25,NQ.v.0
2023-12-11 03:46:00+00:00,33,1,260937,16055.5,16056.0,16053.75,16053.75,39,NQ.v.0
2023-12-11 03:47:00+00:00,33,1,260937,16054.25,16055.25,16054.25,16054.75,10,NQ.v.0
2023-12-11 03:48:00+00:00,33,1,260937,16055.5,16056.25,16055.5,16055.5,6,NQ.v.0
2023-12-11 03:49:00+00:00,33,1,260937,16056.0,16056.25,16055.5,16055.5,8,NQ.v.0
2023-12-11 03:50:00+00:00,33,1,260937,16055.5,16055.5,16055.0,16055.0,10,NQ.v.0
2023-12-11 03:51:00+00:00,33,1,260937,16055.0,16056.5,16054.75,16054.75,16,NQ.v.0
2023-12-11 03:52:00+00:00,33,1,260937,16055.0,16056.0,16055.0,16056.0,7,NQ.v.0
2023-12-11 03:53:00+00:00,33,1,260937,16055.75,16055.75,16055.0,16055.0,16,NQ.v.0
2023-12-11 03:54:00+00:00,33,1,260937,16055.5,16056.0,16055.5,16056.0,8,NQ.v.0
2023-12-11 03:55:00+00:00,33,1,260937,16055.5,16055.75,16055.5,16055.5,3,NQ.v.0
2023-12-11 03:56:00+00:00,33,1,260937,16055.75,16056.0,16055.25,16055.75,12,NQ.v.0
2023-12-11 03:57:00+00:00,33,1,260937,16055.5,16056.25,16055.25,16056.0,12,NQ.v.0
2023-12-11 03:58:00+00:00,33,1,260937,16056.5,16057.25,16056.5,16056.5,12,NQ.v.0
2023-12-11 03:59:00+00:00,33,1,260937,16056.75,16057.0,16056.5,16057.0,36,NQ.v.0
2023-12-11 04:00:00+00:00,33,1,260937,16056.75,16058.75,16056.25,16057.25,47,NQ.v.0
2023-12-11 04:01:00+00:00,33,1,260937,16058.0,16058.5,16057.75,16058.25,23,NQ.v.0
2023-12-11 04:02:00+00:00,33,1,260937,16058.5,16058.75,16057.25,16057.75,18,NQ.v.0
2023-12-11 04:03:00+00:00,33,1,260937,16058.0,16058.25,16057.75,16058.0,15,NQ.v.0
2023-12-11 04:04:00+00:00,33,1,260937,16058.25,16058.25,16057.75,16058.25,10,NQ.v.0
2023-12-11 04:05:00+00:00,33,1,260937,16057.75,16057.75,16057.75,16057.75,2,NQ.v.0
2023-12-11 04:06:00+00:00,33,1,260937,16057.5,16057.75,16056.75,16057.0,19,NQ.v.0
2023-12-11 04:07:00+00:00,33,1,260937,16057.0,16058.0,16057.0,16057.25,21,NQ.v.0
2023-12-11 04:08:00+00:00,33,1,260937,16057.5,16060.0,16057.5,16058.25,53,NQ.v.0
2023-12-11 04:09:00+00:00,33,1,260937,16058.75,16059.0,16057.75,16058.25,30,NQ.v.0
2023-12-11 04:10:00+00:00,33,1,260937,16058.0,16060.0,16058.0,16059.0,45,NQ.v.0
2023-12-11 04:11:00+00:00,33,1,260937,16059.0,16059.25,16058.5,16059.25,10,NQ.v.0
2023-12-11 04:12:00+00:00,33,1,260937,16059.25,16060.25,16059.25,16060.25,9,NQ.v.0
2023-12-11 04:13:00+00:00,33,1,260937,16059.75,16059.75,16059.25,16059.5,4,NQ.v.0
2023-12-11 04:14:00+00:00,33,1,260937,16059.0,16059.5,16058.75,16059.0,7,NQ.v.0
2023-12-11 04:15:00+00:00,33,1,260937,16059.0,16059.75,16058.5,16058.5,17,NQ.v.0
2023-12-11 04:16:00+00:00,33,1,260937,16058.0,16059.5,16058.0,16059.0,26,NQ.v.0
2023-12-11 04:17:00+00:00,33,1,260937,16058.25,16058.5,16056.75,16056.75,34,NQ.v.0
2023-12-11 04:18:00+00:00,33,1,260937,16056.75,16058.0,16056.25,16058.0,27,NQ.v.0
2023-12-11 04:19:00+00:00,33,1,260937,16058.0,16060.75,16058.0,16058.75,182,NQ.v.0
2023-12-11 04:20:00+00:00,33,1,260937,16059.0,16059.0,16058.75,16059.0,13,NQ.v.0
2023-12-11 04:21:00+00:00,33,1,260937,16059.5,16059.5,16058.5,16058.75,14,NQ.v.0
2023-12-11 04:22:00+00:00,33,1,260937,16058.75,16058.75,16057.5,16057.5,21,NQ.v.0
2023-12-11 04:23:00+00:00,33,1,260937,16057.25,16057.75,16056.75,16057.75,24,NQ.v.0
2023-12-11 04:24:00+00:00,33,1,260937,16057.25,16057.25,16057.0,16057.0,6,NQ.v.0
2023-12-11 04:25:00+00:00,33,1,260937,16057.5,16057.5,16057.0,16057.0,8,NQ.v.0
2023-12-11 04:26:00+00:00,33,1,260937,16057.5,16057.5,16057.0,16057.5,6,NQ.v.0
2023-12-11 04:27:00+00:00,33,1,260937,16058.0,16058.0,16056.75,16056.75,11,NQ.v.0
2023-12-11 04:28:00+00:00,33,1,260937,16057.25,16057.25,16057.0,16057.0,3,NQ.v.0
2023-12-11 04:29:00+00:00,33,1,260937,16058.0,16058.0,16057.25,16057.25,4,NQ.v.0
2023-12-11 04:30:00+00:00,33,1,260937,16058.25,16058.25,16056.75,16056.75,17,NQ.v.0
2023-12-11 04:31:00+00:00,33,1,260937,16056.5,16056.5,16055.0,16055.75,31,NQ.v.0
2023-12-11 04:32:00+00:00,33,1,260937,16055.75,16056.75,16055.5,16056.25,27,NQ.v.0
2023-12-11 04:33:00+00:00,33,1,260937,16056.5,16057.0,16056.25,16056.25,13,NQ.v.0
2023-12-11 04:34:00+00:00,33,1,260937,16056.0,16056.25,16055.75,16056.25,5,NQ.v.0
2023-12-11 04:35:00+00:00,33,1,260937,16056.0,16056.0,16053.5,16054.0,84,NQ.v.0
2023-12-11 04:36:00+00:00,33,1,260937,16054.25,16054.25,16053.25,16053.5,15,NQ.v.0
2023-12-11 04:37:00+00:00,33,1,260937,16053.25,16053.5,16052.0,16052.5,48,NQ.v.0
2023-12-11 04:38:00+00:00,33,1,260937,16052.0,16053.5,16051.75,16052.75,39,NQ.v.0
2023-12-11 04:39:00+00:00,33,1,260937,16052.25,16052.75,16051.75,16052.75,16,NQ.v.0
2023-12-11 04:40:00+00:00,33,1,260937,16053.75,16054.0,16053.75,16054.0,5,NQ.v.0
2023-12-11 04:41:00+00:00,33,1,260937,16054.0,16054.5,16054.0,16054.5,15,NQ.v.0
2023-12-11 04:42:00+00:00,33,1,260937,16054.0,16054.0,16053.0,16053.25,8,NQ.v.0
2023-12-11 04:43:00+00:00,33,1,260937,16053.25,16053.25,16053.25,16053.25,3,NQ.v.0
2023-12-11 04:44:00+00:00,33,1,260937,16053.0,16053.0,16053.0,16053.0,3,NQ.v.0
2023-12-11 04:45:00+00:00,33,1,260937,16053.5,16053.5,16052.75,16053.0,7,NQ.v.0
2023-12-11 04:46:00+00:00,33,1,260937,16053.0,16053.25,16051.75,16051.75,22,NQ.v.0
2023-12-11 04:47:00+00:00,33,1,260937,16052.0,16052.0,16050.25,16051.0,84,NQ.v.0
2023-12-11 04:48:00+00:00,33,1,260937,16051.5,16052.75,16051.25,16052.75,35,NQ.v.0
2023-12-11 04:49:00+00:00,33,1,260937,16052.75,16053.25,16052.5,16052.75,14,NQ.v.0
2023-12-11 04:50:00+00:00,33,1,260937,16053.5,16054.0,16053.0,16053.5,26,NQ.v.0
2023-12-11 04:51:00+00:00,33,1,260937,16053.0,16053.5,16053.0,16053.25,6,NQ.v.0
2023-12-11 04:52:00+00:00,33,1,260937,16053.25,16053.25,16052.75,16053.25,4,NQ.v.0
2023-12-11 04:53:00+00:00,33,1,260937,16052.75,16053.5,16052.5,16052.5,17,NQ.v.0
2023-12-11 04:54:00+00:00,33,1,260937,16052.5,16052.5,16052.0,16052.25,8,NQ.v.0
2023-12-11 04:55:00+00:00,33,1,260937,16052.25,16052.25,16051.75,16052.25,10,NQ.v.0
2023-12-11 04:56:00+00:00,33,1,260937,16052.25,16053.25,16052.25,16053.25,8,NQ.v.0
2023-12-11 04:57:00+00:00,33,1,260937,16053.25,16053.25,16053.0,16053.25,3,NQ.v.0
2023-12-11 04:58:00+00:00,33,1,260937,16053.5,16053.5,16053.5,16053.5,2,NQ.v.0
2023-12-11 04:59:00+00:00,33,1,260937,16053.5,16053.75,16052.5,16053.0,17,NQ.v.0
2023-12-11 05:00:00+00:00,33,1,260937,16052.75,16052.75,16051.0,16052.25,27,NQ.v.0
2023-12-11 05:01:00+00:00,33,1,260937,16052.25,16053.25,16052.25,16053.25,19,NQ.v.0
2023-12-11 05:02:00+00:00,33,1,260937,16052.75,16055.5,16052.75,16053.75,54,NQ.v.0
2023-12-11 05:03:00+00:00,33,1,260937,16054.75,16054.75,16052.75,16053.5,18,NQ.v.0
2023-12-11 05:04:00+00:00,33,1,260937,16054.0,16054.5,16053.75,16054.5,12,NQ.v.0
2023-12-11 05:05:00+00:00,33,1,260937,16054.25,16055.5,16054.25,16054.75,19,NQ.v.0
2023-12-11 05:06:00+00:00,33,1,260937,16054.5,16054.5,16053.0,16053.5,123,NQ.v.0
2023-12-11 05:07:00+00:00,33,1,260937,16053.5,16054.25,16053.5,16053.75,14,NQ.v.0
2023-12-11 05:08:00+00:00,33,1,260937,16054.0,16054.25,16052.75,16053.25,13,NQ.v.0
2023-12-11 05:09:00+00:00,33,1,260937,16053.25,16054.0,16053.25,16054.0,5,NQ.v.0
2023-12-11 05:10:00+00:00,33,1,260937,16053.5,16054.0,16053.5,16053.75,10,NQ.v.0
2023-12-11 05:11:00+00:00,33,1,260937,16053.5,16053.75,16052.75,16053.5,17,NQ.v.0
2023-12-11 05:12:00+00:00,33,1,260937,16053.75,16054.25,16052.75,16052.75,9,NQ.v.0
2023-12-11 05:13:00+00:00,33,1,260937,16053.75,16053.75,16053.5,16053.75,7,NQ.v.0
2023-12-11 05:14:00+00:00,33,1,260937,16053.75,16054.25,16053.75,16053.75,16,NQ.v.0
2023-12-11 05:15:00+00:00,33,1,260937,16054.0,16054.0,16053.5,16054.0,6,NQ.v.0
2023-12-11 05:16:00+00:00,33,1,260937,16054.0,16054.0,16053.75,16053.75,4,NQ.v.0
2023-12-11 05:17:00+00:00,33,1,260937,16053.75,16053.75,16053.0,16053.25,25,NQ.v.0
2023-12-11 05:18:00+00:00,33,1,260937,16052.75,16054.5,16052.25,16054.5,21,NQ.v.0
2023-12-11 05:19:00+00:00,33,1,260937,16053.75,16053.75,16052.25,16052.5,46,NQ.v.0
2023-12-11 05:20:00+00:00,33,1,260937,16052.75,16052.75,16051.75,16051.75,54,NQ.v.0
2023-12-11 05:21:00+00:00,33,1,260937,16051.5,16053.0,16051.5,16052.5,18,NQ.v.0
2023-12-11 05:22:00+00:00,33,1,260937,16052.0,16053.0,16052.0,16052.75,9,NQ.v.0
2023-12-11 05:23:00+00:00,33,1,260937,16052.0,16053.25,16052.0,16052.25,13,NQ.v.0
2023-12-11 05:24:00+00:00,33,1,260937,16053.0,16053.0,16052.25,16052.75,21,NQ.v.0
2023-12-11 05:25:00+00:00,33,1,260937,16052.0,16052.0,16051.0,16051.75,40,NQ.v.0
2023-12-11 05:26:00+00:00,33,1,260937,16051.75,16052.5,16049.25,16049.75,324,NQ.v.0
2023-12-11 05:27:00+00:00,33,1,260937,16049.75,16051.5,16049.5,16051.25,47,NQ.v.0
2023-12-11 05:28:00+00:00,33,1,260937,16051.25,16051.25,16050.25,16051.25,11,NQ.v.0
2023-12-11 05:29:00+00:00,33,1,260937,16051.5,16053.25,16051.25,16052.5,17,NQ.v.0
2023-12-11 05:30:00+00:00,33,1,260937,16052.25,16052.75,16051.75,16052.75,21,NQ.v.0
2023-12-11 05:31:00+00:00,33,1,260937,16053.75,16054.0,16052.5,16052.5,24,NQ.v.0
2023-12-11 05:32:00+00:00,33,1,260937,16052.75,16053.0,16052.25,16052.25,5,NQ.v.0
2023-12-11 05:33:00+00:00,33,1,260937,16052.75,16055.5,16052.75,16055.25,39,NQ.v.0
2023-12-11 05:34:00+00:00,33,1,260937,16055.5,16059.25,16055.25,16058.5,103,NQ.v.0
2023-12-11 05:35:00+00:00,33,1,260937,16058.5,16058.5,16056.5,16057.0,29,NQ.v.0
2023-12-11 05:36:00+00:00,33,1,260937,16057.75,16058.0,16056.5,16058.0,35,NQ.v.0
2023-12-11 05:37:00+00:00,33,1,260937,16057.25,16057.25,16055.75,16056.75,34,NQ.v.0
2023-12-11 05:38:00+00:00,33,1,260937,16056.0,16056.0,16054.5,16054.75,24,NQ.v.0
2023-12-11 05:39:00+00:00,33,1,260937,16055.5,16056.75,16055.5,16056.5,19,NQ.v.0
2023-12-11 05:40:00+00:00,33,1,260937,16056.25,16058.5,16055.5,16058.0,64,NQ.v.0
2023-12-11 05:41:00+00:00,33,1,260937,16057.25,16058.0,16057.0,16058.0,32,NQ.v.0
2023-12-11 05:42:00+00:00,33,1,260937,16058.0,16060.5,16057.0,16058.75,61,NQ.v.0
2023-12-11 05:43:00+00:00,33,1,260937,16058.5,16059.25,16058.25,16059.0,24,NQ.v.0
2023-12-11 05:44:00+00:00,33,1,260937,16059.0,16059.5,16058.5,16059.5,23,NQ.v.0
2023-12-11 05:45:00+00:00,33,1,260937,16058.75,16059.5,16058.75,16059.0,17,NQ.v.0
2023-12-11 05:46:00+00:00,33,1,260937,16059.0,16060.75,16058.5,16059.5,84,NQ.v.0
2023-12-11 05:47:00+00:00,33,1,260937,16059.25,16060.0,16058.75,16059.5,19,NQ.v.0
2023-12-11 05:48:00+00:00,33,1,260937,16060.0,16060.5,16059.5,16060.0,9,NQ.v.0
2023-12-11 05:49:00+00:00,33,1,260937,16060.0,16062.5,16059.75,16061.5,27,NQ.v.0
2023-12-11 05:50:00+00:00,33,1,260937,16062.0,16064.25,16062.0,16063.25,65,NQ.v.0
2023-12-11 05:51:00+00:00,33,1,260937,16063.5,16064.25,16061.75,16062.25,47,NQ.v.0
2023-12-11 05:52:00+00:00,33,1,260937,16061.75,16062.75,16061.5,16061.75,14,NQ.v.0
2023-12-11 05:53:00+00:00,33,1,260937,16062.0,16062.75,16062.0,16062.75,12,NQ.v.0
2023-12-11 05:54:00+00:00,33,1,260937,16062.5,16063.5,16061.75,16063.5,35,NQ.v.0
2023-12-11 05:55:00+00:00,33,1,260937,16063.5,16064.5,16060.5,16062.25,65,NQ.v.0
2023-12-11 05:56:00+00:00,33,1,260937,16062.25,16063.5,16062.0,16062.5,18,NQ.v.0
2023-12-11 05:57:00+00:00,33,1,260937,16062.75,16064.25,16062.75,16063.75,21,NQ.v.0
2023-12-11 05:58:00+00:00,33,1,260937,16063.25,16063.25,16062.75,16063.0,14,NQ.v.0
2023-12-11 05:59:00+00:00,33,1,260937,16062.25,16063.5,16062.25,16063.0,8,NQ.v.0
2023-12-11 06:00:00+00:00,33,1,260937,16062.5,16063.75,16061.5,16061.5,54,NQ.v.0
2023-12-11 06:01:00+00:00,33,1,260937,16061.5,16063.5,16061.25,16063.5,39,NQ.v.0
2023-12-11 06:02:00+00:00,33,1,260937,16064.0,16065.0,16064.0,16064.5,20,NQ.v.0
2023-12-11 06:03:00+00:00,33,1,260937,16064.25,16067.25,16064.25,16066.5,65,NQ.v.0
2023-12-11 06:04:00+00:00,33,1,260937,16066.0,16068.75,16066.0,16068.0,48,NQ.v.0
2023-12-11 06:05:00+00:00,33,1,260937,16068.0,16071.0,16068.0,16069.25,195,NQ.v.0
2023-12-11 06:06:00+00:00,33,1,260937,16069.0,16070.75,16068.5,16070.25,89,NQ.v.0
2023-12-11 06:07:00+00:00,33,1,260937,16070.25,16072.5,16070.0,16072.0,54,NQ.v.0
2023-12-11 06:08:00+00:00,33,1,260937,16071.75,16071.75,16070.0,16070.5,42,NQ.v.0
2023-12-11 06:09:00+00:00,33,1,260937,16070.5,16072.5,16069.75,16072.0,35,NQ.v.0
2023-12-11 06:10:00+00:00,33,1,260937,16071.5,16071.75,16070.5,16070.75,30,NQ.v.0
2023-12-11 06:11:00+00:00,33,1,260937,16070.5,16072.0,16070.0,16071.75,56,NQ.v.0
2023-12-11 06:12:00+00:00,33,1,260937,16071.75,16071.75,16069.0,16069.0,39,NQ.v.0
2023-12-11 06:13:00+00:00,33,1,260937,16069.75,16069.75,16066.25,16067.5,84,NQ.v.0
2023-12-11 06:14:00+00:00,33,1,260937,16067.5,16070.75,16067.5,16070.25,16,NQ.v.0
2023-12-11 06:15:00+00:00,33,1,260937,16070.0,16074.0,16069.75,16073.75,95,NQ.v.0
2023-12-11 06:16:00+00:00,33,1,260937,16074.0,16074.0,16072.75,16073.0,35,NQ.v.0
2023-12-11 06:17:00+00:00,33,1,260937,16073.0,16074.75,16073.0,16074.75,68,NQ.v.0
2023-12-11 06:18:00+00:00,33,1,260937,16074.5,16074.75,16074.25,16074.25,26,NQ.v.0
2023-12-11 06:19:00+00:00,33,1,260937,16073.75,16077.0,16073.75,16076.5,122,NQ.v.0
2023-12-11 06:20:00+00:00,33,1,260937,16076.75,16076.75,16075.25,16076.0,43,NQ.v.0
2023-12-11 06:21:00+00:00,33,1,260937,16076.5,16076.5,16076.0,16076.0,24,NQ.v.0
2023-12-11 06:22:00+00:00,33,1,260937,16076.0,16076.0,16075.0,16075.0,19,NQ.v.0
2023-12-11 06:23:00+00:00,33,1,260937,16074.5,16074.5,16073.25,16073.25,7,NQ.v.0
2023-12-11 06:24:00+00:00,33,1,260937,16073.25,16074.5,16073.0,16074.5,15,NQ.v.0
2023-12-11 06:25:00+00:00,33,1,260937,16074.75,16075.75,16073.75,16074.25,26,NQ.v.0
2023-12-11 06:26:00+00:00,33,1,260937,16075.0,16076.25,16075.0,16076.0,15,NQ.v.0
2023-12-11 06:27:00+00:00,33,1,260937,16076.5,16077.25,16075.5,16075.75,49,NQ.v.0
2023-12-11 06:28:00+00:00,33,1,260937,16076.0,16077.25,16076.0,16077.25,38,NQ.v.0
2023-12-11 06:29:00+00:00,33,1,260937,16076.75,16076.75,16073.75,16074.75,47,NQ.v.0
2023-12-11 06:30:00+00:00,33,1,260937,16074.25,16076.5,16074.0,16076.25,29,NQ.v.0
2023-12-11 06:31:00+00:00,33,1,260937,16075.75,16076.25,16073.75,16074.75,30,NQ.v.0
2023-12-11 06:32:00+00:00,33,1,260937,16074.25,16074.75,16073.25,16073.75,31,NQ.v.0
2023-12-11 06:33:00+00:00,33,1,260937,16073.25,16073.75,16072.0,16072.25,45,NQ.v.0
2023-12-11 06:34:00+00:00,33,1,260937,16072.0,16073.75,16071.5,16072.25,29,NQ.v.0
2023-12-11 06:35:00+00:00,33,1,260937,16072.75,16072.75,16071.0,16072.75,18,NQ.v.0
2023-12-11 06:36:00+00:00,33,1,260937,16072.75,16073.75,16072.25,16072.25,44,NQ.v.0
2023-12-11 06:37:00+00:00,33,1,260937,16072.25,16072.75,16071.5,16072.0,22,NQ.v.0
2023-12-11 06:38:00+00:00,33,1,260937,16072.0,16073.5,16072.0,16073.0,19,NQ.v.0
2023-12-11 06:39:00+00:00,33,1,260937,16072.75,16072.75,16069.25,16069.75,58,NQ.v.0
2023-12-11 06:40:00+00:00,33,1,260937,16069.75,16069.75,16064.0,16067.75,215,NQ.v.0
2023-12-11 06:41:00+00:00,33,1,260937,16067.75,16068.5,16066.5,16067.25,26,NQ.v.0
2023-12-11 06:42:00+00:00,33,1,260937,16066.75,16070.0,16066.25,16069.75,54,NQ.v.0
2023-12-11 06:43:00+00:00,33,1,260937,16069.25,16069.25,16065.75,16066.0,119,NQ.v.0
2023-12-11 06:44:00+00:00,33,1,260937,16066.5,16067.25,16066.0,16066.0,14,NQ.v.0
2023-12-11 06:45:00+00:00,33,1,260937,16066.0,16066.25,16063.75,16064.25,42,NQ.v.0
2023-12-11 06:46:00+00:00,33,1,260937,16063.75,16064.0,16061.25,16062.0,110,NQ.v.0
2023-12-11 06:47:00+00:00,33,1,260937,16061.75,16064.0,16060.5,16063.0,80,NQ.v.0
2023-12-11 06:48:00+00:00,33,1,260937,16063.0,16063.25,16061.0,16061.0,45,NQ.v.0
2023-12-11 06:49:00+00:00,33,1,260937,16061.25,16061.5,16059.25,16060.0,72,NQ.v.0
2023-12-11 06:50:00+00:00,33,1,260937,16059.75,16061.0,16059.75,16059.75,23,NQ.v.0
2023-12-11 06:51:00+00:00,33,1,260937,16060.0,16062.25,16060.0,16061.0,13,NQ.v.0
2023-12-11 06:52:00+00:00,33,1,260937,16061.5,16061.5,16061.0,16061.0,4,NQ.v.0
2023-12-11 06:53:00+00:00,33,1,260937,16061.25,16062.25,16061.25,16062.25,11,NQ.v.0
2023-12-11 06:54:00+00:00,33,1,260937,16062.0,16062.5,16061.25,16061.5,23,NQ.v.0
2023-12-11 06:55:00+00:00,33,1,260937,16061.5,16062.25,16059.25,16061.75,44,NQ.v.0
2023-12-11 06:56:00+00:00,33,1,260937,16062.25,16064.25,16062.0,16063.75,58,NQ.v.0
2023-12-11 06:57:00+00:00,33,1,260937,16063.0,16064.0,16060.5,16061.25,58,NQ.v.0
2023-12-11 06:58:00+00:00,33,1,260937,16061.5,16062.0,16060.75,16062.0,11,NQ.v.0
2023-12-11 06:59:00+00:00,33,1,260937,16061.25,16061.25,16060.5,16060.75,14,NQ.v.0
2023-12-11 07:00:00+00:00,33,1,260937,16060.0,16061.75,16059.5,16061.0,67,NQ.v.0
2023-12-11 07:01:00+00:00,33,1,260937,16061.25,16061.25,16060.0,16060.5,34,NQ.v.0
2023-12-11 07:02:00+00:00,33,1,260937,16060.75,16062.0,16060.75,16061.25,35,NQ.v.0
2023-12-11 07:03:00+00:00,33,1,260937,16061.0,16061.0,16055.75,16057.0,127,NQ.v.0
2023-12-11 07:04:00+00:00,33,1,260937,16057.25,16060.5,16057.0,16060.0,65,NQ.v.0
2023-12-11 07:05:00+00:00,33,1,260937,16060.5,16062.75,16057.0,16060.75,71,NQ.v.0
2023-12-11 07:06:00+00:00,33,1,260937,16061.0,16061.0,16057.5,16060.25,32,NQ.v.0
2023-12-11 07:07:00+00:00,33,1,260937,16060.0,16060.0,16057.0,16057.0,22,NQ.v.0
2023-12-11 07:08:00+00:00,33,1,260937,16056.5,16059.25,16056.0,16058.5,25,NQ.v.0
2023-12-11 07:09:00+00:00,33,1,260937,16058.75,16061.0,16058.75,16060.75,24,NQ.v.0
2023-12-11 07:10:00+00:00,33,1,260937,16061.0,16065.75,16061.0,16063.25,108,NQ.v.0
2023-12-11 07:11:00+00:00,33,1,260937,16063.5,16064.0,16062.5,16063.0,31,NQ.v.0
2023-12-11 07:12:00+00:00,33,1,260937,16062.75,16065.0,16061.25,16065.0,28,NQ.v.0
2023-12-11 07:13:00+00:00,33,1,260937,16065.0,16067.75,16064.5,16065.75,65,NQ.v.0
2023-12-11 07:14:00+00:00,33,1,260937,16066.5,16067.0,16066.0,16066.25,23,NQ.v.0
2023-12-11 07:15:00+00:00,33,1,260937,16066.25,16068.0,16062.75,16063.25,82,NQ.v.0
2023-12-11 07:16:00+00:00,33,1,260937,16063.25,16063.75,16059.5,16060.5,75,NQ.v.0
2023-12-11 07:17:00+00:00,33,1,260937,16059.75,16061.5,16058.25,16061.25,52,NQ.v.0
2023-12-11 07:18:00+00:00,33,1,260937,16061.5,16061.75,16058.75,16058.75,28,NQ.v.0
2023-12-11 07:19:00+00:00,33,1,260937,16059.25,16060.25,16058.25,16059.5,29,NQ.v.0
2023-12-11 07:20:00+00:00,33,1,260937,16059.5,16060.25,16059.0,16059.75,13,NQ.v.0
2023-12-11 07:21:00+00:00,33,1,260937,16060.0,16060.0,16058.0,16058.0,44,NQ.v.0
2023-12-11 07:22:00+00:00,33,1,260937,16058.5,16059.75,16057.5,16059.75,22,NQ.v.0
2023-12-11 07:23:00+00:00,33,1,260937,16060.0,16060.0,16058.0,16058.5,32,NQ.v.0
2023-12-11 07:24:00+00:00,33,1,260937,16058.0,16058.0,16057.0,16057.25,34,NQ.v.0
2023-12-11 07:25:00+00:00,33,1,260937,16057.25,16059.25,16056.75,16058.75,39,NQ.v.0
2023-12-11 07:26:00+00:00,33,1,260937,16059.25,16060.5,16058.75,16059.75,37,NQ.v.0
2023-12-11 07:27:00+00:00,33,1,260937,16059.75,16060.75,16059.5,16060.0,29,NQ.v.0
2023-12-11 07:28:00+00:00,33,1,260937,16059.75,16059.75,16058.25,16059.75,21,NQ.v.0
2023-12-11 07:29:00+00:00,33,1,260937,16059.75,16059.75,16058.0,16058.0,22,NQ.v.0
2023-12-11 07:30:00+00:00,33,1,260937,16058.0,16060.25,16057.25,16058.0,74,NQ.v.0
2023-12-11 07:31:00+00:00,33,1,260937,16058.25,16059.25,16057.25,16058.25,29,NQ.v.0
2023-12-11 07:32:00+00:00,33,1,260937,16058.5,16058.5,16057.25,16058.5,16,NQ.v.0
2023-12-11 07:33:00+00:00,33,1,260937,16057.75,16058.0,16056.5,16057.25,27,NQ.v.0
2023-12-11 07:34:00+00:00,33,1,260937,16058.25,16058.25,16056.5,16056.5,25,NQ.v.0
2023-12-11 07:35:00+00:00,33,1,260937,16057.5,16059.25,16057.5,16059.0,18,NQ.v.0
2023-12-11 07:36:00+00:00,33,1,260937,16059.75,16059.75,16056.75,16057.25,85,NQ.v.0
2023-12-11 07:37:00+00:00,33,1,260937,16057.25,16057.75,16056.75,16056.75,29,NQ.v.0
2023-12-11 07:38:00+00:00,33,1,260937,16056.5,16057.5,16054.5,16054.5,51,NQ.v.0
2023-12-11 07:39:00+00:00,33,1,260937,16054.5,16055.0,16052.0,16053.75,119,NQ.v.0
2023-12-11 07:40:00+00:00,33,1,260937,16054.0,16065.75,16054.0,16064.0,234,NQ.v.0
2023-12-11 07:41:00+00:00,33,1,260937,16064.5,16065.75,16057.75,16057.75,101,NQ.v.0
2023-12-11 07:42:00+00:00,33,1,260937,16058.25,16058.25,16054.75,16057.5,63,NQ.v.0
2023-12-11 07:43:00+00:00,33,1,260937,16058.0,16059.25,16057.0,16058.5,22,NQ.v.0
2023-12-11 07:44:00+00:00,33,1,260937,16059.75,16062.25,16058.75,16060.5,46,NQ.v.0
2023-12-11 07:45:00+00:00,33,1,260937,16062.25,16065.5,16062.25,16063.25,152,NQ.v.0
2023-12-11 07:46:00+00:00,33,1,260937,16063.5,16067.25,16063.5,16066.5,60,NQ.v.0
2023-12-11 07:47:00+00:00,33,1,260937,16066.75,16068.25,16066.5,16067.5,48,NQ.v.0
2023-12-11 07:48:00+00:00,33,1,260937,16067.5,16068.25,16066.25,16066.75,46,NQ.v.0
2023-12-11 07:49:00+00:00,33,1,260937,16066.75,16067.0,16065.75,16066.0,39,NQ.v.0
2023-12-11 07:50:00+00:00,33,1,260937,16065.75,16067.5,16065.25,16065.25,44,NQ.v.0
2023-12-11 07:51:00+00:00,33,1,260937,16065.75,16066.25,16063.75,16064.5,83,NQ.v.0
2023-12-11 07:52:00+00:00,33,1,260937,16064.5,16065.75,16063.0,16063.75,66,NQ.v.0
2023-12-11 07:53:00+00:00,33,1,260937,16063.5,16064.75,16063.5,16063.75,17,NQ.v.0
2023-12-11 07:54:00+00:00,33,1,260937,16063.75,16063.75,16061.25,16062.5,38,NQ.v.0
2023-12-11 07:55:00+00:00,33,1,260937,16062.75,16062.75,16061.25,16062.25,16,NQ.v.0
2023-12-11 07:56:00+00:00,33,1,260937,16062.25,16064.5,16062.0,16064.0,28,NQ.v.0
2023-12-11 07:57:00+00:00,33,1,260937,16064.5,16068.0,16064.5,16067.25,40,NQ.v.0
2023-12-11 07:58:00+00:00,33,1,260937,16067.0,16067.25,16066.0,16066.0,21,NQ.v.0
2023-12-11 07:59:00+00:00,33,1,260937,16065.75,16066.5,16063.25,16063.75,50,NQ.v.0
2023-12-11 08:00:00+00:00,33,1,260937,16063.25,16067.75,16061.75,16063.75,127,NQ.v.0
2023-12-11 08:01:00+00:00,33,1,260937,16063.5,16065.0,16061.0,16065.0,40,NQ.v.0
2023-12-11 08:02:00+00:00,33,1,260937,16064.0,16067.0,16064.0,16066.5,57,NQ.v.0
2023-12-11 08:03:00+00:00,33,1,260937,16066.5,16066.75,16060.5,16066.0,104,NQ.v.0
2023-12-11 08:04:00+00:00,33,1,260937,16066.25,16068.5,16065.0,16068.25,116,NQ.v.0
2023-12-11 08:05:00+00:00,33,1,260937,16068.75,16075.75,16068.25,16075.5,239,NQ.v.0
2023-12-11 08:06:00+00:00,33,1,260937,16074.5,16076.25,16069.0,16071.0,100,NQ.v.0
2023-12-11 08:07:00+00:00,33,1,260937,16071.0,16074.0,16070.5,16073.25,73,NQ.v.0
2023-12-11 08:08:00+00:00,33,1,260937,16074.0,16074.0,16070.5,16070.75,36,NQ.v.0
2023-12-11 08:09:00+00:00,33,1,260937,16070.5,16070.5,16064.25,16064.25,106,NQ.v.0
2023-12-11 08:10:00+00:00,33,1,260937,16064.75,16069.25,16064.0,16069.25,78,NQ.v.0
2023-12-11 08:11:00+00:00,33,1,260937,16069.75,16071.0,16066.0,16069.25,33,NQ.v.0
2023-12-11 08:12:00+00:00,33,1,260937,16069.5,16071.0,16068.0,16069.5,65,NQ.v.0
2023-12-11 08:13:00+00:00,33,1,260937,16069.5,16069.5,16062.0,16062.75,90,NQ.v.0
2023-12-11 08:14:00+00:00,33,1,260937,16062.0,16063.25,16059.0,16059.0,65,NQ.v.0
2023-12-11 08:15:00+00:00,33,1,260937,16059.75,16065.75,16059.75,16064.5,52,NQ.v.0
2023-12-11 08:16:00+00:00,33,1,260937,16063.25,16063.25,16060.0,16062.0,69,NQ.v.0
2023-12-11 08:17:00+00:00,33,1,260937,16062.5,16064.25,16059.0,16063.0,143,NQ.v.0
2023-12-11 08:18:00+00:00,33,1,260937,16062.75,16064.75,16061.0,16062.25,34,NQ.v.0
2023-12-11 08:19:00+00:00,33,1,260937,16061.5,16061.5,16058.75,16059.0,33,NQ.v.0
2023-12-11 08:20:00+00:00,33,1,260937,16059.0,16062.25,16058.5,16062.25,68,NQ.v.0
2023-12-11 08:21:00+00:00,33,1,260937,16061.25,16061.5,16058.25,16059.75,29,NQ.v.0
2023-12-11 08:22:00+00:00,33,1,260937,16060.5,16060.75,16058.0,16059.75,61,NQ.v.0
2023-12-11 08:23:00+00:00,33,1,260937,16059.25,16060.5,16058.0,16059.25,75,NQ.v.0
2023-12-11 08:24:00+00:00,33,1,260937,16059.25,16061.25,16058.75,16060.5,53,NQ.v.0
2023-12-11 08:25:00+00:00,33,1,260937,16061.5,16062.25,16059.25,16060.5,47,NQ.v.0
2023-12-11 08:26:00+00:00,33,1,260937,16059.75,16065.75,16059.5,16065.25,109,NQ.v.0
2023-12-11 08:27:00+00:00,33,1,260937,16065.5,16070.25,16065.25,16069.75,115,NQ.v.0
2023-12-11 08:28:00+00:00,33,1,260937,16069.25,16071.25,16065.5,16065.75,89,NQ.v.0
2023-12-11 08:29:00+00:00,33,1,260937,16067.0,16068.0,16065.25,16067.0,52,NQ.v.0
2023-12-11 08:30:00+00:00,33,1,260937,16067.5,16069.0,16067.25,16068.5,63,NQ.v.0
2023-12-11 08:31:00+00:00,33,1,260937,16069.0,16073.5,16068.75,16071.25,99,NQ.v.0
2023-12-11 08:32:00+00:00,33,1,260937,16070.5,16070.5,16066.25,16068.75,57,NQ.v.0
2023-12-11 08:33:00+00:00,33,1,260937,16069.75,16074.0,16069.75,16072.75,54,NQ.v.0
2023-12-11 08:34:00+00:00,33,1,260937,16073.0,16075.0,16072.5,16074.5,72,NQ.v.0
2023-12-11 08:35:00+00:00,33,1,260937,16074.5,16076.5,16072.0,16072.0,90,NQ.v.0
2023-12-11 08:36:00+00:00,33,1,260937,16072.0,16072.5,16068.0,16071.5,90,NQ.v.0
2023-12-11 08:37:00+00:00,33,1,260937,16071.25,16073.75,16068.25,16069.75,93,NQ.v.0
2023-12-11 08:38:00+00:00,33,1,260937,16069.75,16071.0,16067.0,16070.5,82,NQ.v.0
2023-12-11 08:39:00+00:00,33,1,260937,16070.25,16070.25,16066.0,16069.25,95,NQ.v.0
2023-12-11 08:40:00+00:00,33,1,260937,16068.75,16069.5,16065.5,16066.25,148,NQ.v.0
2023-12-11 08:41:00+00:00,33,1,260937,16066.0,16066.0,16063.5,16064.5,91,NQ.v.0
2023-12-11 08:42:00+00:00,33,1,260937,16065.0,16065.25,16062.75,16064.0,54,NQ.v.0
2023-12-11 08:43:00+00:00,33,1,260937,16064.0,16064.75,16062.75,16064.75,34,NQ.v.0
2023-12-11 08:44:00+00:00,33,1,260937,16064.25,16066.5,16064.25,16066.25,36,NQ.v.0
2023-12-11 08:45:00+00:00,33,1,260937,16066.0,16066.5,16064.25,16066.0,37,NQ.v.0
2023-12-11 08:46:00+00:00,33,1,260937,16065.75,16066.75,16065.0,16065.25,22,NQ.v.0
2023-12-11 08:47:00+00:00,33,1,260937,16066.0,16067.25,16065.75,16066.0,24,NQ.v.0
2023-12-11 08:48:00+00:00,33,1,260937,16066.5,16066.75,16063.5,16066.0,62,NQ.v.0
2023-12-11 08:49:00+00:00,33,1,260937,16066.75,16069.0,16065.5,16066.25,103,NQ.v.0
2023-12-11 08:50:00+00:00,33,1,260937,16066.5,16067.0,16063.25,16064.0,67,NQ.v.0
2023-12-11 08:51:00+00:00,33,1,260937,16064.25,16065.25,16061.75,16065.25,58,NQ.v.0
2023-12-11 08:52:00+00:00,33,1,260937,16065.0,16070.0,16065.0,16069.0,90,NQ.v.0
2023-12-11 08:53:00+00:00,33,1,260937,16069.25,16069.5,16067.75,16069.5,32,NQ.v.0
2023-12-11 08:54:00+00:00,33,1,260937,16069.5,16070.25,16067.0,16067.0,46,NQ.v.0
2023-12-11 08:55:00+00:00,33,1,260937,16066.25,16067.25,16064.0,16064.25,79,NQ.v.0
2023-12-11 08:56:00+00:00,33,1,260937,16063.75,16065.0,16063.5,16063.5,34,NQ.v.0
2023-12-11 08:57:00+00:00,33,1,260937,16063.75,16064.5,16062.75,16063.75,25,NQ.v.0
2023-12-11 08:58:00+00:00,33,1,260937,16063.25,16065.75,16062.75,16065.0,37,NQ.v.0
2023-12-11 08:59:00+00:00,33,1,260937,16064.0,16064.0,16062.75,16063.5,28,NQ.v.0
2023-12-11 09:00:00+00:00,33,1,260937,16063.25,16067.0,16062.5,16063.5,70,NQ.v.0
2023-12-11 09:01:00+00:00,33,1,260937,16064.0,16064.25,16062.0,16062.75,18,NQ.v.0
2023-12-11 09:02:00+00:00,33,1,260937,16061.75,16065.5,16060.0,16065.25,60,NQ.v.0
2023-12-11 09:03:00+00:00,33,1,260937,16065.0,16067.0,16065.0,16065.75,41,NQ.v.0
2023-12-11 09:04:00+00:00,33,1,260937,16065.75,16068.5,16065.25,16066.75,65,NQ.v.0
2023-12-11 09:05:00+00:00,33,1,260937,16067.5,16070.0,16067.5,16069.25,58,NQ.v.0
2023-12-11 09:06:00+00:00,33,1,260937,16069.0,16072.5,16069.0,16070.5,77,NQ.v.0
2023-12-11 09:07:00+00:00,33,1,260937,16071.0,16074.25,16071.0,16073.5,50,NQ.v.0
2023-12-11 09:08:00+00:00,33,1,260937,16074.25,16081.5,16073.75,16079.5,252,NQ.v.0
2023-12-11 09:09:00+00:00,33,1,260937,16079.25,16080.0,16075.0,16077.75,147,NQ.v.0
2023-12-11 09:10:00+00:00,33,1,260937,16077.5,16078.0,16076.5,16077.25,33,NQ.v.0
2023-12-11 09:11:00+00:00,33,1,260937,16077.5,16079.5,16077.5,16079.5,79,NQ.v.0
2023-12-11 09:12:00+00:00,33,1,260937,16078.75,16079.5,16077.25,16078.0,32,NQ.v.0
2023-12-11 09:13:00+00:00,33,1,260937,16077.0,16078.0,16076.25,16077.25,29,NQ.v.0
2023-12-11 09:14:00+00:00,33,1,260937,16076.75,16079.25,16076.0,16078.0,34,NQ.v.0
2023-12-11 09:15:00+00:00,33,1,260937,16079.0,16079.75,16078.5,16079.0,38,NQ.v.0
2023-12-11 09:16:00+00:00,33,1,260937,16078.25,16080.25,16077.0,16077.0,116,NQ.v.0
2023-12-11 09:17:00+00:00,33,1,260937,16077.0,16080.5,16077.0,16080.25,106,NQ.v.0
2023-12-11 09:18:00+00:00,33,1,260937,16080.75,16084.75,16080.5,16082.5,176,NQ.v.0
2023-12-11 09:19:00+00:00,33,1,260937,16082.75,16083.0,16081.5,16082.75,74,NQ.v.0
2023-12-11 09:20:00+00:00,33,1,260937,16082.75,16086.0,16082.25,16085.5,134,NQ.v.0
2023-12-11 09:21:00+00:00,33,1,260937,16085.25,16086.75,16083.0,16083.75,123,NQ.v.0
2023-12-11 09:22:00+00:00,33,1,260937,16084.25,16086.75,16083.75,16086.5,97,NQ.v.0
2023-12-11 09:23:00+00:00,33,1,260937,16086.25,16089.5,16086.25,16088.75,198,NQ.v.0
2023-12-11 09:24:00+00:00,33,1,260937,16088.25,16090.0,16087.75,16089.0,110,NQ.v.0
2023-12-11 09:25:00+00:00,33,1,260937,16089.75,16090.75,16086.5,16087.75,130,NQ.v.0
2023-12-11 09:26:00+00:00,33,1,260937,16088.0,16089.5,16086.0,16086.0,91,NQ.v.0
2023-12-11 09:27:00+00:00,33,1,260937,16086.25,16089.5,16086.0,16089.5,50,NQ.v.0
2023-12-11 09:28:00+00:00,33,1,260937,16089.25,16089.25,16086.25,16086.25,82,NQ.v.0
2023-12-11 09:29:00+00:00,33,1,260937,16086.5,16089.25,16086.5,16088.0,38,NQ.v.0
2023-12-11 09:30:00+00:00,33,1,260937,16088.75,16088.75,16087.5,16087.75,51,NQ.v.0
2023-12-11 09:31:00+00:00,33,1,260937,16087.25,16087.75,16086.25,16087.0,15,NQ.v.0
2023-12-11 09:32:00+00:00,33,1,260937,16086.5,16088.0,16086.0,16086.75,57,NQ.v.0
2023-12-11 09:33:00+00:00,33,1,260937,16087.25,16089.25,16087.0,16089.25,70,NQ.v.0
2023-12-11 09:34:00+00:00,33,1,260937,16088.25,16088.75,16087.5,16088.75,28,NQ.v.0
2023-12-11 09:35:00+00:00,33,1,260937,16088.0,16089.0,16087.25,16087.75,52,NQ.v.0
2023-12-11 09:36:00+00:00,33,1,260937,16088.0,16088.25,16085.25,16086.0,53,NQ.v.0
2023-12-11 09:37:00+00:00,33,1,260937,16086.25,16088.25,16086.25,16088.25,48,NQ.v.0
2023-12-11 09:38:00+00:00,33,1,260937,16088.0,16088.0,16083.5,16085.25,92,NQ.v.0
2023-12-11 09:39:00+00:00,33,1,260937,16085.25,16086.5,16084.75,16086.5,37,NQ.v.0
2023-12-11 09:40:00+00:00,33,1,260937,16086.25,16088.75,16086.25,16087.25,59,NQ.v.0
2023-12-11 09:41:00+00:00,33,1,260937,16087.0,16088.75,16086.75,16088.0,25,NQ.v.0
2023-12-11 09:42:00+00:00,33,1,260937,16087.5,16088.5,16087.0,16088.0,23,NQ.v.0
2023-12-11 09:43:00+00:00,33,1,260937,16087.25,16089.0,16087.0,16087.75,59,NQ.v.0
2023-12-11 09:44:00+00:00,33,1,260937,16088.5,16089.0,16088.0,16088.75,16,NQ.v.0
2023-12-11 09:45:00+00:00,33,1,260937,16088.75,16088.75,16086.0,16088.0,65,NQ.v.0
2023-12-11 09:46:00+00:00,33,1,260937,16088.0,16088.0,16086.5,16087.5,13,NQ.v.0
2023-12-11 09:47:00+00:00,33,1,260937,16088.0,16088.75,16085.0,16088.25,68,NQ.v.0
2023-12-11 09:48:00+00:00,33,1,260937,16088.0,16090.0,16087.75,16089.0,45,NQ.v.0
2023-12-11 09:49:00+00:00,33,1,260937,16089.25,16089.25,16086.25,16086.25,21,NQ.v.0
2023-12-11 09:50:00+00:00,33,1,260937,16086.5,16089.0,16086.5,16086.75,50,NQ.v.0
2023-12-11 09:51:00+00:00,33,1,260937,16086.5,16086.5,16080.75,16080.75,114,NQ.v.0
2023-12-11 09:52:00+00:00,33,1,260937,16080.75,16083.0,16078.25,16082.75,124,NQ.v.0
2023-12-11 09:53:00+00:00,33,1,260937,16083.75,16083.75,16081.0,16082.0,78,NQ.v.0
2023-12-11 09:54:00+00:00,33,1,260937,16082.0,16082.0,16079.0,16079.0,23,NQ.v.0
2023-12-11 09:55:00+00:00,33,1,260937,16079.5,16079.5,16074.5,16075.5,149,NQ.v.0
2023-12-11 09:56:00+00:00,33,1,260937,16075.75,16075.75,16071.5,16073.0,160,NQ.v.0
2023-12-11 09:57:00+00:00,33,1,260937,16073.0,16075.0,16072.25,16074.25,40,NQ.v.0
2023-12-11 09:58:00+00:00,33,1,260937,16073.75,16076.25,16073.5,16075.0,34,NQ.v.0
2023-12-11 09:59:00+00:00,33,1,260937,16075.0,16075.0,16069.5,16070.75,138,NQ.v.0
2023-12-11 10:00:00+00:00,33,1,260937,16072.25,16072.25,16070.0,16071.5,48,NQ.v.0
2023-12-11 10:01:00+00:00,33,1,260937,16073.0,16077.0,16073.0,16076.5,140,NQ.v.0
2023-12-11 10:02:00+00:00,33,1,260937,16076.75,16080.25,16073.75,16074.75,159,NQ.v.0
2023-12-11 10:03:00+00:00,33,1,260937,16075.0,16078.5,16075.0,16077.0,43,NQ.v.0
2023-12-11 10:04:00+00:00,33,1,260937,16077.5,16078.25,16077.25,16078.0,14,NQ.v.0
2023-12-11 10:05:00+00:00,33,1,260937,16077.0,16078.0,16076.0,16077.0,27,NQ.v.0
2023-12-11 10:06:00+00:00,33,1,260937,16076.75,16079.5,16076.5,16076.75,34,NQ.v.0
2023-12-11 10:07:00+00:00,33,1,260937,16075.75,16076.0,16074.0,16075.5,34,NQ.v.0
2023-12-11 10:08:00+00:00,33,1,260937,16075.5,16075.5,16074.0,16075.25,23,NQ.v.0
2023-12-11 10:09:00+00:00,33,1,260937,16074.75,16075.5,16074.0,16074.0,11,NQ.v.0
2023-12-11 10:10:00+00:00,33,1,260937,16074.25,16074.25,16071.5,16073.5,50,NQ.v.0
2023-12-11 10:11:00+00:00,33,1,260937,16074.5,16076.25,16073.5,16075.5,14,NQ.v.0
2023-12-11 10:12:00+00:00,33,1,260937,16075.25,16077.75,16075.25,16077.5,39,NQ.v.0
2023-12-11 10:13:00+00:00,33,1,260937,16076.75,16078.0,16076.5,16078.0,26,NQ.v.0
2023-12-11 10:14:00+00:00,33,1,260937,16078.25,16080.0,16077.75,16079.25,120,NQ.v.0
2023-12-11 10:15:00+00:00,33,1,260937,16079.25,16081.0,16078.75,16080.25,137,NQ.v.0
2023-12-11 10:16:00+00:00,33,1,260937,16080.5,16081.5,16079.5,16080.25,59,NQ.v.0
2023-12-11 10:17:00+00:00,33,1,260937,16080.0,16082.0,16080.0,16082.0,40,NQ.v.0
2023-12-11 10:18:00+00:00,33,1,260937,16082.0,16085.25,16082.0,16082.75,101,NQ.v.0
2023-12-11 10:19:00+00:00,33,1,260937,16083.25,16084.75,16082.25,16083.5,53,NQ.v.0
2023-12-11 10:20:00+00:00,33,1,260937,16083.75,16084.25,16081.0,16081.0,33,NQ.v.0
2023-12-11 10:21:00+00:00,33,1,260937,16081.0,16081.0,16076.75,16077.0,91,NQ.v.0
2023-12-11 10:22:00+00:00,33,1,260937,16077.0,16079.25,16077.0,16077.75,18,NQ.v.0
2023-12-11 10:23:00+00:00,33,1,260937,16077.75,16078.0,16074.25,16076.5,40,NQ.v.0
2023-12-11 10:24:00+00:00,33,1,260937,16077.0,16077.75,16074.0,16074.25,24,NQ.v.0
2023-12-11 10:25:00+00:00,33,1,260937,16074.75,16076.0,16074.0,16076.0,20,NQ.v.0
2023-12-11 10:26:00+00:00,33,1,260937,16075.75,16076.5,16074.25,16074.25,24,NQ.v.0
2023-12-11 10:27:00+00:00,33,1,260937,16075.0,16078.0,16075.0,16077.0,18,NQ.v.0
2023-12-11 10:28:00+00:00,33,1,260937,16076.75,16077.0,16071.0,16072.5,110,NQ.v.0
2023-12-11 10:29:00+00:00,33,1,260937,16072.5,16072.5,16064.5,16068.0,202,NQ.v.0
2023-12-11 10:30:00+00:00,33,1,260937,16068.0,16071.25,16067.0,16070.75,168,NQ.v.0
2023-12-11 10:31:00+00:00,33,1,260937,16069.75,16070.25,16066.75,16067.75,37,NQ.v.0
2023-12-11 10:32:00+00:00,33,1,260937,16067.5,16069.0,16067.5,16068.25,25,NQ.v.0
2023-12-11 10:33:00+00:00,33,1,260937,16068.25,16070.5,16068.25,16069.5,16,NQ.v.0
2023-12-11 10:34:00+00:00,33,1,260937,16069.25,16070.0,16067.25,16070.0,25,NQ.v.0
2023-12-11 10:35:00+00:00,33,1,260937,16070.75,16073.75,16070.75,16072.25,70,NQ.v.0
2023-12-11 10:36:00+00:00,33,1,260937,16072.0,16072.25,16071.25,16071.5,26,NQ.v.0
2023-12-11 10:37:00+00:00,33,1,260937,16071.5,16071.5,16068.25,16068.25,33,NQ.v.0
2023-12-11 10:38:00+00:00,33,1,260937,16069.0,16071.25,16069.0,16071.25,15,NQ.v.0
2023-12-11 10:39:00+00:00,33,1,260937,16071.5,16071.5,16069.75,16070.25,17,NQ.v.0
2023-12-11 10:40:00+00:00,33,1,260937,16070.0,16070.5,16068.25,16068.5,18,NQ.v.0
2023-12-11 10:41:00+00:00,33,1,260937,16069.25,16072.75,16069.0,16072.25,28,NQ.v.0
2023-12-11 10:42:00+00:00,33,1,260937,16073.0,16074.75,16072.0,16074.5,46,NQ.v.0
2023-12-11 10:43:00+00:00,33,1,260937,16074.25,16075.5,16073.5,16074.25,43,NQ.v.0
2023-12-11 10:44:00+00:00,33,1,260937,16073.75,16077.0,16073.5,16075.75,80,NQ.v.0
2023-12-11 10:45:00+00:00,33,1,260937,16076.0,16078.0,16075.5,16076.5,31,NQ.v.0
2023-12-11 10:46:00+00:00,33,1,260937,16077.25,16078.0,16073.5,16074.5,40,NQ.v.0
2023-12-11 10:47:00+00:00,33,1,260937,16073.75,16076.0,16072.75,16075.75,22,NQ.v.0
2023-12-11 10:48:00+00:00,33,1,260937,16075.75,16075.75,16074.75,16074.75,15,NQ.v.0
2023-12-11 10:49:00+00:00,33,1,260937,16075.75,16078.5,16075.75,16078.5,24,NQ.v.0
2023-12-11 10:50:00+00:00,33,1,260937,16077.5,16077.5,16071.0,16072.0,71,NQ.v.0
2023-12-11 10:51:00+00:00,33,1,260937,16071.5,16071.5,16069.25,16070.5,37,NQ.v.0
2023-12-11 10:52:00+00:00,33,1,260937,16071.0,16071.0,16069.75,16070.5,8,NQ.v.0
2023-12-11 10:53:00+00:00,33,1,260937,16069.75,16069.75,16066.5,16067.25,39,NQ.v.0
2023-12-11 10:54:00+00:00,33,1,260937,16067.5,16068.0,16066.5,16066.75,30,NQ.v.0
2023-12-11 10:55:00+00:00,33,1,260937,16067.25,16067.25,16064.5,16066.0,46,NQ.v.0
2023-12-11 10:56:00+00:00,33,1,260937,16065.25,16069.0,16060.5,16066.75,186,NQ.v.0
2023-12-11 10:57:00+00:00,33,1,260937,16067.25,16067.75,16062.25,16063.5,67,NQ.v.0
2023-12-11 10:58:00+00:00,33,1,260937,16063.5,16063.5,16061.0,16061.25,48,NQ.v.0
2023-12-11 10:59:00+00:00,33,1,260937,16061.5,16063.0,16059.5,16061.25,80,NQ.v.0
2023-12-11 11:00:00+00:00,33,1,260937,16061.75,16062.25,16059.25,16062.25,66,NQ.v.0
2023-12-11 11:01:00+00:00,33,1,260937,16062.0,16064.25,16062.0,16063.75,43,NQ.v.0
2023-12-11 11:02:00+00:00,33,1,260937,16064.0,16064.5,16061.75,16063.75,17,NQ.v.0
2023-12-11 11:03:00+00:00,33,1,260937,16064.25,16064.25,16062.75,16063.25,24,NQ.v.0
2023-12-11 11:04:00+00:00,33,1,260937,16063.75,16065.0,16063.25,16063.5,44,NQ.v.0
2023-12-11 11:05:00+00:00,33,1,260937,16063.5,16066.5,16063.5,16066.0,28,NQ.v.0
2023-12-11 11:06:00+00:00,33,1,260937,16066.0,16068.5,16066.0,16066.75,47,NQ.v.0
2023-12-11 11:07:00+00:00,33,1,260937,16067.0,16067.0,16063.25,16064.0,34,NQ.v.0
2023-12-11 11:08:00+00:00,33,1,260937,16065.0,16065.25,16064.5,16065.25,22,NQ.v.0
2023-12-11 11:09:00+00:00,33,1,260937,16065.25,16070.5,16065.25,16065.75,116,NQ.v.0
2023-12-11 11:10:00+00:00,33,1,260937,16066.0,16069.75,16066.0,16067.25,115,NQ.v.0
2023-12-11 11:11:00+00:00,33,1,260937,16067.0,16067.25,16066.75,16067.0,19,NQ.v.0
2023-12-11 11:12:00+00:00,33,1,260937,16067.0,16068.75,16064.75,16065.75,50,NQ.v.0
2023-12-11 11:13:00+00:00,33,1,260937,16065.75,16066.25,16063.0,16063.0,39,NQ.v.0
2023-12-11 11:14:00+00:00,33,1,260937,16063.5,16063.5,16060.0,16060.5,82,NQ.v.0
2023-12-11 11:15:00+00:00,33,1,260937,16061.0,16061.75,16058.25,16060.75,70,NQ.v.0
2023-12-11 11:16:00+00:00,33,1,260937,16060.75,16060.75,16053.75,16054.0,123,NQ.v.0
2023-12-11 11:17:00+00:00,33,1,260937,16054.0,16057.0,16052.5,16055.5,137,NQ.v.0
2023-12-11 11:18:00+00:00,33,1,260937,16055.0,16055.0,16052.0,16053.5,77,NQ.v.0
2023-12-11 11:19:00+00:00,33,1,260937,16053.5,16055.75,16053.5,16054.0,48,NQ.v.0
2023-12-11 11:20:00+00:00,33,1,260937,16054.0,16055.75,16053.5,16053.5,51,NQ.v.0
2023-12-11 11:21:00+00:00,33,1,260937,16054.0,16055.0,16051.5,16053.0,60,NQ.v.0
2023-12-11 11:22:00+00:00,33,1,260937,16053.5,16053.75,16051.0,16051.0,38,NQ.v.0
2023-12-11 11:23:00+00:00,33,1,260937,16051.0,16051.5,16046.25,16047.5,185,NQ.v.0
2023-12-11 11:24:00+00:00,33,1,260937,16047.75,16047.75,16045.75,16046.25,68,NQ.v.0
2023-12-11 11:25:00+00:00,33,1,260937,16045.5,16052.0,16045.5,16052.0,89,NQ.v.0
2023-12-11 11:26:00+00:00,33,1,260937,16052.0,16052.0,16050.25,16050.75,31,NQ.v.0
2023-12-11 11:27:00+00:00,33,1,260937,16050.75,16051.75,16050.0,16051.5,21,NQ.v.0
2023-12-11 11:28:00+00:00,33,1,260937,16052.25,16056.0,16052.25,16055.25,77,NQ.v.0
2023-12-11 11:29:00+00:00,33,1,260937,16055.25,16057.0,16055.0,16055.5,68,NQ.v.0
2023-12-11 11:30:00+00:00,33,1,260937,16055.0,16058.5,16054.25,16057.75,68,NQ.v.0
2023-12-11 11:31:00+00:00,33,1,260937,16058.25,16058.75,16057.25,16058.25,39,NQ.v.0
2023-12-11 11:32:00+00:00,33,1,260937,16058.5,16060.75,16057.5,16060.75,48,NQ.v.0
2023-12-11 11:33:00+00:00,33,1,260937,16060.5,16062.0,16056.5,16057.25,93,NQ.v.0
2023-12-11 11:34:00+00:00,33,1,260937,16057.25,16060.0,16056.25,16059.25,33,NQ.v.0
2023-12-11 11:35:00+00:00,33,1,260937,16060.0,16062.0,16058.0,16058.0,62,NQ.v.0
2023-12-11 11:36:00+00:00,33,1,260937,16057.5,16060.5,16056.0,16060.25,61,NQ.v.0
2023-12-11 11:37:00+00:00,33,1,260937,16060.25,16062.5,16060.0,16060.75,52,NQ.v.0
2023-12-11 11:38:00+00:00,33,1,260937,16061.5,16064.5,16061.5,16063.25,148,NQ.v.0
2023-12-11 11:39:00+00:00,33,1,260937,16064.25,16065.0,16063.75,16064.75,58,NQ.v.0
2023-12-11 11:40:00+00:00,33,1,260937,16064.5,16065.75,16060.0,16060.5,103,NQ.v.0
2023-12-11 11:41:00+00:00,33,1,260937,16061.0,16061.5,16059.75,16060.75,28,NQ.v.0
2023-12-11 11:42:00+00:00,33,1,260937,16061.0,16062.25,16060.75,16061.75,19,NQ.v.0
2023-12-11 11:43:00+00:00,33,1,260937,16061.5,16062.5,16061.25,16061.25,35,NQ.v.0
2023-12-11 11:44:00+00:00,33,1,260937,16061.5,16061.5,16059.25,16060.0,43,NQ.v.0
2023-12-11 11:45:00+00:00,33,1,260937,16061.25,16061.25,16058.0,16058.0,66,NQ.v.0
2023-12-11 11:46:00+00:00,33,1,260937,16058.5,16059.25,16055.75,16059.25,56,NQ.v.0
2023-12-11 11:47:00+00:00,33,1,260937,16058.75,16060.0,16058.25,16059.5,26,NQ.v.0
2023-12-11 11:48:00+00:00,33,1,260937,16060.0,16060.0,16057.5,16057.75,22,NQ.v.0
2023-12-11 11:49:00+00:00,33,1,260937,16057.5,16057.75,16056.0,16056.25,26,NQ.v.0
2023-12-11 11:50:00+00:00,33,1,260937,16056.75,16059.0,16056.5,16059.0,30,NQ.v.0
2023-12-11 11:51:00+00:00,33,1,260937,16058.0,16060.75,16057.5,16060.5,37,NQ.v.0
2023-12-11 11:52:00+00:00,33,1,260937,16061.5,16064.75,16060.25,16064.5,84,NQ.v.0
2023-12-11 11:53:00+00:00,33,1,260937,16064.5,16065.5,16063.0,16065.25,42,NQ.v.0
2023-12-11 11:54:00+00:00,33,1,260937,16065.25,16065.75,16065.0,16065.25,35,NQ.v.0
2023-12-11 11:55:00+00:00,33,1,260937,16066.0,16072.0,16065.25,16067.0,285,NQ.v.0
2023-12-11 11:56:00+00:00,33,1,260937,16066.0,16070.0,16065.0,16068.75,80,NQ.v.0
2023-12-11 11:57:00+00:00,33,1,260937,16068.75,16070.5,16067.75,16070.5,51,NQ.v.0
2023-12-11 11:58:00+00:00,33,1,260937,16070.75,16072.75,16069.5,16072.5,70,NQ.v.0
2023-12-11 11:59:00+00:00,33,1,260937,16071.75,16072.5,16069.5,16070.25,90,NQ.v.0
2023-12-11 12:00:00+00:00,33,1,260937,16071.0,16077.5,16071.0,16075.0,238,NQ.v.0
2023-12-11 12:01:00+00:00,33,1,260937,16075.0,16077.0,16075.0,16076.25,57,NQ.v.0
2023-12-11 12:02:00+00:00,33,1,260937,16075.5,16079.25,16075.25,16077.0,121,NQ.v.0
2023-12-11 12:03:00+00:00,33,1,260937,16076.5,16076.75,16072.5,16075.0,74,NQ.v.0
2023-12-11 12:04:00+00:00,33,1,260937,16075.25,16077.25,16074.75,16076.75,63,NQ.v.0
2023-12-11 12:05:00+00:00,33,1,260937,16077.0,16077.0,16074.5,16075.75,41,NQ.v.0
2023-12-11 12:06:00+00:00,33,1,260937,16074.75,16074.75,16069.75,16072.75,137,NQ.v.0
2023-12-11 12:07:00+00:00,33,1,260937,16072.25,16076.75,16072.0,16076.5,52,NQ.v.0
2023-12-11 12:08:00+00:00,33,1,260937,16076.5,16076.75,16073.75,16074.25,52,NQ.v.0
2023-12-11 12:09:00+00:00,33,1,260937,16075.0,16076.75,16074.75,16075.75,59,NQ.v.0
2023-12-11 12:10:00+00:00,33,1,260937,16076.25,16080.5,16075.5,16079.25,87,NQ.v.0
2023-12-11 12:11:00+00:00,33,1,260937,16079.75,16080.0,16077.0,16078.5,61,NQ.v.0
2023-12-11 12:12:00+00:00,33,1,260937,16079.0,16080.5,16078.75,16080.25,50,NQ.v.0
2023-12-11 12:13:00+00:00,33,1,260937,16079.25,16079.25,16077.25,16078.0,41,NQ.v.0
2023-12-11 12:14:00+00:00,33,1,260937,16078.5,16079.0,16077.75,16078.75,31,NQ.v.0
2023-12-11 12:15:00+00:00,33,1,260937,16078.75,16079.5,16077.5,16077.75,16,NQ.v.0
2023-12-11 12:16:00+00:00,33,1,260937,16077.75,16079.0,16077.75,16078.5,23,NQ.v.0
2023-12-11 12:17:00+00:00,33,1,260937,16079.0,16083.0,16078.75,16082.75,105,NQ.v.0
2023-12-11 12:18:00+00:00,33,1,260937,16082.25,16083.0,16081.25,16082.25,63,NQ.v.0
2023-12-11 12:19:00+00:00,33,1,260937,16082.25,16085.75,16082.25,16084.5,179,NQ.v.0
2023-12-11 12:20:00+00:00,33,1,260937,16084.5,16085.0,16082.5,16084.0,67,NQ.v.0
2023-12-11 12:21:00+00:00,33,1,260937,16083.75,16084.75,16083.5,16084.25,57,NQ.v.0
2023-12-11 12:22:00+00:00,33,1,260937,16084.25,16084.75,16082.0,16083.75,40,NQ.v.0
2023-12-11 12:23:00+00:00,33,1,260937,16083.25,16084.0,16080.0,16080.75,52,NQ.v.0
2023-12-11 12:24:00+00:00,33,1,260937,16080.75,16081.0,16078.75,16079.0,76,NQ.v.0
2023-12-11 12:25:00+00:00,33,1,260937,16079.0,16080.0,16076.0,16079.25,99,NQ.v.0
2023-12-11 12:26:00+00:00,33,1,260937,16077.75,16079.0,16077.5,16078.25,29,NQ.v.0
2023-12-11 12:27:00+00:00,33,1,260937,16078.25,16079.0,16076.0,16077.0,51,NQ.v.0
2023-12-11 12:28:00+00:00,33,1,260937,16077.75,16080.5,16075.25,16077.5,90,NQ.v.0
2023-12-11 12:29:00+00:00,33,1,260937,16076.75,16077.25,16074.75,16075.75,54,NQ.v.0
2023-12-11 12:30:00+00:00,33,1,260937,16076.0,16078.25,16074.75,16075.25,51,NQ.v.0
2023-12-11 12:31:00+00:00,33,1,260937,16075.5,16076.5,16073.75,16075.25,79,NQ.v.0
2023-12-11 12:32:00+00:00,33,1,260937,16075.0,16075.0,16072.0,16072.75,63,NQ.v.0
2023-12-11 12:33:00+00:00,33,1,260937,16072.25,16076.25,16072.25,16076.25,54,NQ.v.0
2023-12-11 12:34:00+00:00,33,1,260937,16076.25,16076.25,16075.5,16076.0,18,NQ.v.0
2023-12-11 12:35:00+00:00,33,1,260937,16076.25,16077.5,16075.0,16076.25,43,NQ.v.0
2023-12-11 12:36:00+00:00,33,1,260937,16076.5,16076.5,16071.0,16071.0,77,NQ.v.0
2023-12-11 12:37:00+00:00,33,1,260937,16071.25,16074.25,16071.0,16071.75,72,NQ.v.0
2023-12-11 12:38:00+00:00,33,1,260937,16071.5,16071.5,16069.25,16070.25,58,NQ.v.0
2023-12-11 12:39:00+00:00,33,1,260937,16071.25,16071.5,16069.25,16069.25,39,NQ.v.0
2023-12-11 12:40:00+00:00,33,1,260937,16069.25,16070.0,16067.5,16068.5,84,NQ.v.0
2023-12-11 12:41:00+00:00,33,1,260937,16068.75,16069.25,16066.75,16067.25,69,NQ.v.0
2023-12-11 12:42:00+00:00,33,1,260937,16067.25,16068.25,16065.5,16068.0,130,NQ.v.0
2023-12-11 12:43:00+00:00,33,1,260937,16068.0,16068.0,16066.0,16066.25,33,NQ.v.0
2023-12-11 12:44:00+00:00,33,1,260937,16066.5,16069.75,16065.75,16068.5,46,NQ.v.0
2023-12-11 12:45:00+00:00,33,1,260937,16069.0,16070.25,16068.75,16069.0,61,NQ.v.0
2023-12-11 12:46:00+00:00,33,1,260937,16068.75,16069.0,16067.25,16067.25,33,NQ.v.0
2023-12-11 12:47:00+00:00,33,1,260937,16067.25,16071.25,16066.75,16071.25,60,NQ.v.0
2023-12-11 12:48:00+00:00,33,1,260937,16071.5,16074.5,16071.0,16073.75,90,NQ.v.0
2023-12-11 12:49:00+00:00,33,1,260937,16073.5,16073.75,16070.0,16073.75,61,NQ.v.0
2023-12-11 12:50:00+00:00,33,1,260937,16073.25,16074.75,16068.25,16069.0,108,NQ.v.0
2023-12-11 12:51:00+00:00,33,1,260937,16068.75,16069.0,16066.5,16067.75,52,NQ.v.0
2023-12-11 12:52:00+00:00,33,1,260937,16067.75,16070.25,16067.75,16070.25,40,NQ.v.0
2023-12-11 12:53:00+00:00,33,1,260937,16070.25,16072.5,16070.0,16071.0,55,NQ.v.0
2023-12-11 12:54:00+00:00,33,1,260937,16071.0,16072.0,16069.25,16071.75,49,NQ.v.0
2023-12-11 12:55:00+00:00,33,1,260937,16071.75,16072.0,16070.5,16071.0,34,NQ.v.0
2023-12-11 12:56:00+00:00,33,1,260937,16071.25,16076.75,16071.25,16075.5,224,NQ.v.0
2023-12-11 12:57:00+00:00,33,1,260937,16074.5,16074.75,16072.25,16074.25,36,NQ.v.0
2023-12-11 12:58:00+00:00,33,1,260937,16073.75,16078.25,16073.75,16078.25,84,NQ.v.0
2023-12-11 12:59:00+00:00,33,1,260937,16078.0,16079.5,16077.5,16078.5,62,NQ.v.0
2023-12-11 13:00:00+00:00,33,1,260937,16077.75,16078.0,16073.0,16073.0,91,NQ.v.0
2023-12-11 13:01:00+00:00,33,1,260937,16072.75,16073.5,16066.0,16066.0,145,NQ.v.0
2023-12-11 13:02:00+00:00,33,1,260937,16066.5,16067.75,16060.25,16061.5,207,NQ.v.0
2023-12-11 13:03:00+00:00,33,1,260937,16061.75,16063.25,16060.0,16062.25,107,NQ.v.0
2023-12-11 13:04:00+00:00,33,1,260937,16062.25,16062.75,16058.75,16061.25,137,NQ.v.0
2023-12-11 13:05:00+00:00,33,1,260937,16060.75,16062.0,16059.75,16061.5,70,NQ.v.0
2023-12-11 13:06:00+00:00,33,1,260937,16061.25,16067.0,16061.0,16064.75,116,NQ.v.0
2023-12-11 13:07:00+00:00,33,1,260937,16064.25,16064.5,16060.75,16060.75,66,NQ.v.0
2023-12-11 13:08:00+00:00,33,1,260937,16061.0,16064.5,16060.5,16063.5,61,NQ.v.0
2023-12-11 13:09:00+00:00,33,1,260937,16063.75,16066.5,16063.75,16065.5,60,NQ.v.0
2023-12-11 13:10:00+00:00,33,1,260937,16065.5,16067.25,16065.25,16066.25,60,NQ.v.0
2023-12-11 13:11:00+00:00,33,1,260937,16065.75,16066.25,16060.25,16060.75,84,NQ.v.0
2023-12-11 13:12:00+00:00,33,1,260937,16061.5,16062.75,16060.0,16062.25,48,NQ.v.0
2023-12-11 13:13:00+00:00,33,1,260937,16062.25,16062.75,16060.75,16061.5,43,NQ.v.0
2023-12-11 13:14:00+00:00,33,1,260937,16061.5,16064.5,16058.25,16064.25,119,NQ.v.0
2023-12-11 13:15:00+00:00,33,1,260937,16064.25,16069.25,16062.75,16064.5,157,NQ.v.0
2023-12-11 13:16:00+00:00,33,1,260937,16064.5,16071.0,16064.5,16071.0,71,NQ.v.0
2023-12-11 13:17:00+00:00,33,1,260937,16071.5,16077.0,16070.75,16075.75,207,NQ.v.0
2023-12-11 13:18:00+00:00,33,1,260937,16075.0,16076.25,16074.25,16075.5,69,NQ.v.0
2023-12-11 13:19:00+00:00,33,1,260937,16076.25,16080.25,16075.5,16080.0,183,NQ.v.0
2023-12-11 13:20:00+00:00,33,1,260937,16079.5,16080.25,16077.75,16077.75,101,NQ.v.0
2023-12-11 13:21:00+00:00,33,1,260937,16077.5,16082.5,16077.25,16082.0,140,NQ.v.0
2023-12-11 13:22:00+00:00,33,1,260937,16082.5,16084.0,16081.75,16082.0,117,NQ.v.0
2023-12-11 13:23:00+00:00,33,1,260937,16081.0,16083.25,16080.0,16081.75,91,NQ.v.0
2023-12-11 13:24:00+00:00,33,1,260937,16081.25,16082.75,16080.25,16082.75,112,NQ.v.0
2023-12-11 13:25:00+00:00,33,1,260937,16082.75,16083.0,16078.5,16079.25,108,NQ.v.0
2023-12-11 13:26:00+00:00,33,1,260937,16079.0,16079.0,16075.25,16075.75,143,NQ.v.0
2023-12-11 13:27:00+00:00,33,1,260937,16075.0,16077.25,16074.5,16077.0,123,NQ.v.0
2023-12-11 13:28:00+00:00,33,1,260937,16076.25,16076.5,16068.5,16069.0,184,NQ.v.0
2023-12-11 13:29:00+00:00,33,1,260937,16068.75,16072.5,16067.25,16068.75,168,NQ.v.0
2023-12-11 13:30:00+00:00,33,1,260937,16067.75,16072.0,16065.25,16067.0,98,NQ.v.0
2023-12-11 13:31:00+00:00,33,1,260937,16067.0,16067.25,16061.25,16065.5,191,NQ.v.0
2023-12-11 13:32:00+00:00,33,1,260937,16065.25,16065.25,16062.5,16064.0,76,NQ.v.0
2023-12-11 13:33:00+00:00,33,1,260937,16064.0,16072.0,16063.0,16071.5,210,NQ.v.0
2023-12-11 13:34:00+00:00,33,1,260937,16072.0,16072.75,16066.75,16072.5,107,NQ.v.0
2023-12-11 13:35:00+00:00,33,1,260937,16072.25,16077.0,16070.5,16074.75,162,NQ.v.0
2023-12-11 13:36:00+00:00,33,1,260937,16075.5,16076.5,16073.5,16074.5,74,NQ.v.0
2023-12-11 13:37:00+00:00,33,1,260937,16074.75,16079.0,16073.5,16078.5,125,NQ.v.0
2023-12-11 13:38:00+00:00,33,1,260937,16078.5,16078.5,16069.0,16069.0,146,NQ.v.0
2023-12-11 13:39:00+00:00,33,1,260937,16069.0,16075.0,16067.25,16075.0,119,NQ.v.0
2023-12-11 13:40:00+00:00,33,1,260937,16074.25,16075.5,16072.5,16073.5,91,NQ.v.0
2023-12-11 13:41:00+00:00,33,1,260937,16074.0,16074.0,16068.25,16069.25,123,NQ.v.0
2023-12-11 13:42:00+00:00,33,1,260937,16069.5,16075.75,16069.5,16073.25,63,NQ.v.0
2023-12-11 13:43:00+00:00,33,1,260937,16072.5,16072.5,16068.75,16069.75,73,NQ.v.0
2023-12-11 13:44:00+00:00,33,1,260937,16069.0,16070.25,16067.25,16068.25,87,NQ.v.0
2023-12-11 13:45:00+00:00,33,1,260937,16068.25,16073.25,16068.25,16070.25,125,NQ.v.0
2023-12-11 13:46:00+00:00,33,1,260937,16071.75,16074.5,16071.75,16073.0,103,NQ.v.0
2023-12-11 13:47:00+00:00,33,1,260937,16073.0,16077.0,16072.0,16076.5,104,NQ.v.0
2023-12-11 13:48:00+00:00,33,1,260937,16077.0,16078.25,16074.0,16075.75,86,NQ.v.0
2023-12-11 13:49:00+00:00,33,1,260937,16075.75,16077.25,16075.0,16076.5,37,NQ.v.0
2023-12-11 13:50:00+00:00,33,1,260937,16076.5,16076.5,16071.0,16072.0,104,NQ.v.0
2023-12-11 13:51:00+00:00,33,1,260937,16071.75,16078.0,16071.75,16076.0,115,NQ.v.0
2023-12-11 13:52:00+00:00,33,1,260937,16075.5,16076.75,16072.5,16073.0,65,NQ.v.0
2023-12-11 13:53:00+00:00,33,1,260937,16073.5,16077.5,16073.0,16076.5,127,NQ.v.0
2023-12-11 13:54:00+00:00,33,1,260937,16076.75,16079.5,16076.75,16078.75,83,NQ.v.0
2023-12-11 13:55:00+00:00,33,1,260937,16079.25,16083.75,16079.0,16082.5,181,NQ.v.0
2023-12-11 13:56:00+00:00,33,1,260937,16083.0,16084.25,16081.5,16082.0,138,NQ.v.0
2023-12-11 13:57:00+00:00,33,1,260937,16082.0,16084.75,16080.5,16081.25,95,NQ.v.0
2023-12-11 13:58:00+00:00,33,1,260937,16081.25,16081.25,16077.75,16077.75,118,NQ.v.0
2023-12-11 13:59:00+00:00,33,1,260937,16077.75,16081.5,16077.75,16080.0,69,NQ.v.0
2023-12-11 14:00:00+00:00,33,1,260937,16079.75,16083.5,16079.75,16080.75,154,NQ.v.0
2023-12-11 14:01:00+00:00,33,1,260937,16081.0,16089.25,16080.75,16088.5,266,NQ.v.0
2023-12-11 14:02:00+00:00,33,1,260937,16088.5,16091.5,16084.75,16091.25,312,NQ.v.0
2023-12-11 14:03:00+00:00,33,1,260937,16090.25,16093.25,16088.75,16092.5,164,NQ.v.0
2023-12-11 14:04:00+00:00,33,1,260937,16093.0,16095.5,16092.0,16093.75,207,NQ.v.0
2023-12-11 14:05:00+00:00,33,1,260937,16094.0,16095.0,16091.5,16091.75,103,NQ.v.0
2023-12-11 14:06:00+00:00,33,1,260937,16091.5,16094.25,16085.75,16087.0,228,NQ.v.0
2023-12-11 14:07:00+00:00,33,1,260937,16086.75,16088.0,16085.25,16085.5,108,NQ.v.0
2023-12-11 14:08:00+00:00,33,1,260937,16086.0,16088.25,16084.5,16085.75,121,NQ.v.0
2023-12-11 14:09:00+00:00,33,1,260937,16085.0,16085.0,16082.5,16083.25,94,NQ.v.0
2023-12-11 14:10:00+00:00,33,1,260937,16083.25,16086.75,16081.25,16085.5,194,NQ.v.0
2023-12-11 14:11:00+00:00,33,1,260937,16085.75,16088.0,16085.0,16088.0,94,NQ.v.0
2023-12-11 14:12:00+00:00,33,1,260937,16087.5,16094.75,16087.5,16094.5,201,NQ.v.0
2023-12-11 14:13:00+00:00,33,1,260937,16094.5,16095.0,16088.0,16091.5,229,NQ.v.0
2023-12-11 14:14:00+00:00,33,1,260937,16091.75,16092.25,16087.5,16090.25,115,NQ.v.0
2023-12-11 14:15:00+00:00,33,1,260937,16090.75,16093.0,16088.25,16091.25,204,NQ.v.0
2023-12-11 14:16:00+00:00,33,1,260937,16091.5,16093.25,16089.75,16090.5,129,NQ.v.0
2023-12-11 14:17:00+00:00,33,1,260937,16090.75,16094.0,16089.75,16091.5,89,NQ.v.0
2023-12-11 14:18:00+00:00,33,1,260937,16091.75,16094.0,16091.25,16092.75,102,NQ.v.0
2023-12-11 14:19:00+00:00,33,1,260937,16091.75,16091.75,16085.25,16089.0,199,NQ.v.0
2023-12-11 14:20:00+00:00,33,1,260937,16089.0,16089.25,16084.25,16086.0,112,NQ.v.0
2023-12-11 14:21:00+00:00,33,1,260937,16086.0,16086.75,16083.75,16085.75,133,NQ.v.0
2023-12-11 14:22:00+00:00,33,1,260937,16085.5,16085.5,16076.75,16078.5,331,NQ.v.0
2023-12-11 14:23:00+00:00,33,1,260937,16078.5,16078.75,16074.5,16076.5,341,NQ.v.0
2023-12-11 14:24:00+00:00,33,1,260937,16076.5,16081.0,16072.5,16073.5,315,NQ.v.0
2023-12-11 14:25:00+00:00,33,1,260937,16073.5,16077.75,16071.0,16077.5,350,NQ.v.0
2023-12-11 14:26:00+00:00,33,1,260937,16076.25,16079.0,16074.5,16078.5,156,NQ.v.0
2023-12-11 14:27:00+00:00,33,1,260937,16077.75,16078.0,16069.75,16073.25,292,NQ.v.0
2023-12-11 14:28:00+00:00,33,1,260937,16074.25,16076.25,16070.5,16075.5,545,NQ.v.0
2023-12-11 14:29:00+00:00,33,1,260937,16075.5,16078.75,16073.0,16077.25,644,NQ.v.0
2023-12-11 14:30:00+00:00,33,1,260937,16077.5,16090.5,16068.75,16076.0,3215,NQ.v.0
2023-12-11 14:31:00+00:00,33,1,260937,16076.5,16092.75,16072.75,16083.75,2294,NQ.v.0
2023-12-11 14:32:00+00:00,33,1,260937,16083.5,16093.5,16078.0,16078.0,1724,NQ.v.0
2023-12-11 14:33:00+00:00,33,1,260937,16079.0,16118.25,16078.25,16117.75,2867,NQ.v.0
2023-12-11 14:34:00+00:00,33,1,260937,16118.25,16138.75,16109.25,16110.5,3323,NQ.v.0
2023-12-11 14:35:00+00:00,33,1,260937,16111.25,16114.25,16084.5,16092.0,3339,NQ.v.0
2023-12-11 14:36:00+00:00,33,1,260937,16091.5,16110.0,16088.5,16110.0,1398,NQ.v.0
2023-12-11 14:37:00+00:00,33,1,260937,16110.0,16130.25,16107.0,16114.75,2571,NQ.v.0
2023-12-11 14:38:00+00:00,33,1,260937,16114.5,16135.75,16114.5,16135.5,1423,NQ.v.0
2023-12-11 14:39:00+00:00,33,1,260937,16136.0,16138.5,16130.5,16135.25,1290,NQ.v.0
2023-12-11 14:40:00+00:00,33,1,260937,16134.5,16136.5,16121.25,16123.75,1450,NQ.v.0
2023-12-11 14:41:00+00:00,33,1,260937,16125.5,16147.0,16125.5,16139.5,1489,NQ.v.0
2023-12-11 14:42:00+00:00,33,1,260937,16139.0,16145.25,16125.5,16137.25,1132,NQ.v.0
2023-12-11 14:43:00+00:00,33,1,260937,16136.25,16136.25,16126.5,16128.25,746,NQ.v.0
2023-12-11 14:44:00+00:00,33,1,260937,16127.0,16137.5,16123.25,16132.0,740,NQ.v.0
2023-12-11 14:45:00+00:00,33,1,260937,16132.5,16143.75,16130.75,16139.0,1059,NQ.v.0
2023-12-11 14:46:00+00:00,33,1,260937,16139.5,16154.75,16133.75,16139.75,1674,NQ.v.0
2023-12-11 14:47:00+00:00,33,1,260937,16139.0,16161.0,16136.25,16157.75,1089,NQ.v.0
2023-12-11 14:48:00+00:00,33,1,260937,16157.25,16160.75,16141.5,16144.25,1088,NQ.v.0
2023-12-11 14:49:00+00:00,33,1,260937,16145.0,16155.0,16139.75,16144.75,754,NQ.v.0
2023-12-11 14:50:00+00:00,33,1,260937,16144.75,16154.5,16142.25,16144.25,661,NQ.v.0
2023-12-11 14:51:00+00:00,33,1,260937,16143.5,16149.0,16136.0,16143.0,744,NQ.v.0
2023-12-11 14:52:00+00:00,33,1,260937,16142.25,16152.5,16141.0,16150.75,551,NQ.v.0
2023-12-11 14:53:00+00:00,33,1,260937,16152.0,16163.75,16149.0,16159.75,1077,NQ.v.0
2023-12-11 14:54:00+00:00,33,1,260937,16160.0,16161.0,16149.0,16150.75,647,NQ.v.0
2023-12-11 14:55:00+00:00,33,1,260937,16149.25,16151.25,16133.0,16139.25,1945,NQ.v.0
2023-12-11 14:56:00+00:00,33,1,260937,16140.75,16144.75,16133.75,16137.5,491,NQ.v.0
2023-12-11 14:57:00+00:00,33,1,260937,16137.5,16139.25,16125.25,16135.0,983,NQ.v.0
2023-12-11 14:58:00+00:00,33,1,260937,16134.5,16154.0,16134.5,16151.25,1188,NQ.v.0
2023-12-11 14:59:00+00:00,33,1,260937,16151.25,16161.0,16149.5,16160.0,868,NQ.v.0
2023-12-11 15:00:00+00:00,33,1,260937,16160.75,16166.25,16147.25,16164.5,1738,NQ.v.0
2023-12-11 15:01:00+00:00,33,1,260937,16164.5,16166.25,16148.75,16152.25,783,NQ.v.0
2023-12-11 15:02:00+00:00,33,1,260937,16151.75,16156.5,16143.75,16149.75,641,NQ.v.0
2023-12-11 15:03:00+00:00,33,1,260937,16150.0,16155.0,16142.0,16153.75,606,NQ.v.0
2023-12-11 15:04:00+00:00,33,1,260937,16154.25,16158.0,16149.0,16157.0,475,NQ.v.0
2023-12-11 15:05:00+00:00,33,1,260937,16157.75,16170.0,16152.25,16166.25,981,NQ.v.0
2023-12-11 15:06:00+00:00,33,1,260937,16166.5,16172.75,16164.25,16169.75,888,NQ.v.0
2023-12-11 15:07:00+00:00,33,1,260937,16169.75,16170.0,16162.0,16163.75,710,NQ.v.0
2023-12-11 15:08:00+00:00,33,1,260937,16163.5,16169.0,16160.75,16167.5,371,NQ.v.0
2023-12-11 15:09:00+00:00,33,1,260937,16166.75,16169.25,16158.75,16168.5,470,NQ.v.0
2023-12-11 15:10:00+00:00,33,1,260937,16168.5,16171.5,16158.0,16162.25,555,NQ.v.0
2023-12-11 15:11:00+00:00,33,1,260937,16162.75,16169.0,16156.75,16165.0,430,NQ.v.0
2023-12-11 15:12:00+00:00,33,1,260937,16165.75,16168.5,16161.75,16165.75,402,NQ.v.0
2023-12-11 15:13:00+00:00,33,1,260937,16166.0,16171.0,16161.5,16170.0,528,NQ.v.0
2023-12-11 15:14:00+00:00,33,1,260937,16170.0,16175.0,16165.25,16167.75,750,NQ.v.0
2023-12-11 15:15:00+00:00,33,1,260937,16167.75,16169.25,16161.25,16164.5,485,NQ.v.0
2023-12-11 15:16:00+00:00,33,1,260937,16164.0,16168.75,16161.0,16167.5,291,NQ.v.0
2023-12-11 15:17:00+00:00,33,1,260937,16167.5,16170.75,16158.5,16158.75,444,NQ.v.0
2023-12-11 15:18:00+00:00,33,1,260937,16158.5,16164.0,16149.5,16163.75,831,NQ.v.0
2023-12-11 15:19:00+00:00,33,1,260937,16163.75,16166.25,16157.75,16160.75,570,NQ.v.0
2023-12-11 15:20:00+00:00,33,1,260937,16161.5,16168.5,16159.0,16160.25,605,NQ.v.0
2023-12-11 15:21:00+00:00,33,1,260937,16160.5,16168.25,16158.5,16158.75,393,NQ.v.0
2023-12-11 15:22:00+00:00,33,1,260937,16160.0,16162.0,16152.75,16156.25,548,NQ.v.0
2023-12-11 15:23:00+00:00,33,1,260937,16156.0,16164.25,16151.25,16161.75,490,NQ.v.0
2023-12-11 15:24:00+00:00,33,1,260937,16162.0,16164.0,16152.0,16153.0,626,NQ.v.0
2023-12-11 15:25:00+00:00,33,1,260937,16153.25,16157.25,16150.5,16151.25,411,NQ.v.0
2023-12-11 15:26:00+00:00,33,1,260937,16151.25,16155.75,16149.0,16150.5,478,NQ.v.0
2023-12-11 15:27:00+00:00,33,1,260937,16150.75,16161.25,16149.25,16156.25,646,NQ.v.0
2023-12-11 15:28:00+00:00,33,1,260937,16156.75,16156.75,16144.5,16146.75,521,NQ.v.0
2023-12-11 15:29:00+00:00,33,1,260937,16147.0,16150.75,16144.0,16145.25,690,NQ.v.0
2023-12-11 15:30:00+00:00,33,1,260937,16146.25,16146.75,16135.0,16142.5,1232,NQ.v.0
2023-12-11 15:31:00+00:00,33,1,260937,16142.5,16146.75,16138.5,16140.0,515,NQ.v.0
2023-12-11 15:32:00+00:00,33,1,260937,16140.0,16151.5,16139.0,16148.75,632,NQ.v.0
2023-12-11 15:33:00+00:00,33,1,260937,16148.25,16162.0,16147.75,16157.75,905,NQ.v.0
2023-12-11 15:34:00+00:00,33,1,260937,16157.75,16163.75,16157.5,16160.0,373,NQ.v.0
2023-12-11 15:35:00+00:00,33,1,260937,16159.75,16164.75,16158.5,16163.25,439,NQ.v.0
2023-12-11 15:36:00+00:00,33,1,260937,16163.0,16171.0,16162.0,16164.0,733,NQ.v.0
2023-12-11 15:37:00+00:00,33,1,260937,16164.0,16165.5,16152.5,16158.25,796,NQ.v.0
2023-12-11 15:38:00+00:00,33,1,260937,16158.5,16159.75,16150.75,16154.0,551,NQ.v.0
2023-12-11 15:39:00+00:00,33,1,260937,16154.0,16159.5,16153.0,16159.0,339,NQ.v.0
2023-12-11 15:40:00+00:00,33,1,260937,16159.0,16161.5,16153.0,16153.0,306,NQ.v.0
2023-12-11 15:41:00+00:00,33,1,260937,16153.25,16154.75,16146.75,16147.0,613,NQ.v.0
2023-12-11 15:42:00+00:00,33,1,260937,16146.75,16152.25,16144.0,16151.25,648,NQ.v.0
2023-12-11 15:43:00+00:00,33,1,260937,16152.0,16160.75,16151.75,16160.25,484,NQ.v.0
2023-12-11 15:44:00+00:00,33,1,260937,16160.25,16162.5,16157.5,16158.25,316,NQ.v.0
2023-12-11 15:45:00+00:00,33,1,260937,16158.5,16169.25,16157.25,16168.75,573,NQ.v.0
2023-12-11 15:46:00+00:00,33,1,260937,16168.75,16171.0,16164.5,16168.25,583,NQ.v.0
2023-12-11 15:47:00+00:00,33,1,260937,16168.25,16185.5,16168.25,16183.75,1783,NQ.v.0
2023-12-11 15:48:00+00:00,33,1,260937,16183.75,16191.0,16183.0,16189.5,1121,NQ.v.0
2023-12-11 15:49:00+00:00,33,1,260937,16189.25,16190.5,16185.0,16186.0,486,NQ.v.0
2023-12-11 15:50:00+00:00,33,1,260937,16186.25,16195.0,16182.5,16194.5,985,NQ.v.0
2023-12-11 15:51:00+00:00,33,1,260937,16195.0,16197.5,16191.5,16195.75,700,NQ.v.0
2023-12-11 15:52:00+00:00,33,1,260937,16195.5,16199.25,16194.5,16196.75,582,NQ.v.0
2023-12-11 15:53:00+00:00,33,1,260937,16196.5,16198.75,16191.5,16192.75,328,NQ.v.0
2023-12-11 15:54:00+00:00,33,1,260937,16193.0,16196.75,16191.75,16195.5,396,NQ.v.0
2023-12-11 15:55:00+00:00,33,1,260937,16195.5,16199.75,16194.5,16197.75,342,NQ.v.0
2023-12-11 15:56:00+00:00,33,1,260937,16198.0,16198.75,16189.5,16192.5,524,NQ.v.0
2023-12-11 15:57:00+00:00,33,1,260937,16193.0,16194.75,16190.25,16191.5,336,NQ.v.0
2023-12-11 15:58:00+00:00,33,1,260937,16191.5,16192.75,16183.25,16184.5,434,NQ.v.0
2023-12-11 15:59:00+00:00,33,1,260937,16185.0,16187.25,16176.25,16176.75,750,NQ.v.0
2023-12-11 16:00:00+00:00,33,1,260937,16177.0,16179.25,16173.25,16179.25,756,NQ.v.0
2023-12-11 16:01:00+00:00,33,1,260937,16179.25,16185.0,16175.5,16184.0,510,NQ.v.0
2023-12-11 16:02:00+00:00,33,1,260937,16184.0,16187.5,16178.75,16181.5,470,NQ.v.0
2023-12-11 16:03:00+00:00,33,1,260937,16181.5,16185.75,16179.5,16184.75,215,NQ.v.0
2023-12-11 16:04:00+00:00,33,1,260937,16185.5,16185.5,16178.75,16180.75,212,NQ.v.0
2023-12-11 16:05:00+00:00,33,1,260937,16181.25,16181.25,16165.25,16166.75,916,NQ.v.0
2023-12-11 16:06:00+00:00,33,1,260937,16167.0,16169.25,16155.75,16163.25,1220,NQ.v.0
2023-12-11 16:07:00+00:00,33,1,260937,16163.25,16174.25,16163.0,16168.25,688,NQ.v.0
2023-12-11 16:08:00+00:00,33,1,260937,16169.0,16169.75,16162.0,16162.5,449,NQ.v.0
2023-12-11 16:09:00+00:00,33,1,260937,16162.5,16164.0,16151.75,16154.0,1017,NQ.v.0
2023-12-11 16:10:00+00:00,33,1,260937,16154.25,16155.5,16144.25,16144.5,646,NQ.v.0
2023-12-11 16:11:00+00:00,33,1,260937,16144.75,16153.25,16144.75,16152.75,715,NQ.v.0
2023-12-11 16:12:00+00:00,33,1,260937,16152.75,16161.25,16146.5,16146.5,860,NQ.v.0
2023-12-11 16:13:00+00:00,33,1,260937,16146.75,16149.5,16134.75,16138.0,1129,NQ.v.0
2023-12-11 16:14:00+00:00,33,1,260937,16137.5,16140.0,16134.25,16135.5,765,NQ.v.0
2023-12-11 16:15:00+00:00,33,1,260937,16135.25,16144.0,16134.5,16140.75,944,NQ.v.0
2023-12-11 16:16:00+00:00,33,1,260937,16141.5,16149.75,16140.5,16149.0,533,NQ.v.0
2023-12-11 16:17:00+00:00,33,1,260937,16149.5,16152.0,16140.0,16140.25,551,NQ.v.0
2023-12-11 16:18:00+00:00,33,1,260937,16140.75,16146.0,16137.25,16146.0,554,NQ.v.0
2023-12-11 16:19:00+00:00,33,1,260937,16146.25,16150.25,16140.75,16145.75,415,NQ.v.0
2023-12-11 16:20:00+00:00,33,1,260937,16146.0,16146.25,16139.0,16142.5,291,NQ.v.0
2023-12-11 16:21:00+00:00,33,1,260937,16141.5,16143.75,16131.5,16134.25,655,NQ.v.0
2023-12-11 16:22:00+00:00,33,1,260937,16134.5,16143.25,16131.5,16141.5,665,NQ.v.0
2023-12-11 16:23:00+00:00,33,1,260937,16141.25,16151.25,16139.0,16150.0,810,NQ.v.0
2023-12-11 16:24:00+00:00,33,1,260937,16149.5,16157.0,16147.0,16153.0,727,NQ.v.0
2023-12-11 16:25:00+00:00,33,1,260937,16152.25,16158.75,16150.0,16158.0,541,NQ.v.0
2023-12-11 16:26:00+00:00,33,1,260937,16158.25,16161.5,16155.25,16159.0,480,NQ.v.0
2023-12-11 16:27:00+00:00,33,1,260937,16158.5,16163.0,16158.0,16161.0,449,NQ.v.0
2023-12-11 16:28:00+00:00,33,1,260937,16161.0,16161.25,16146.75,16153.25,762,NQ.v.0
2023-12-11 16:29:00+00:00,33,1,260937,16153.75,16157.5,16145.5,16152.5,443,NQ.v.0
2023-12-11 16:30:00+00:00,33,1,260937,16152.0,16157.0,16151.75,16156.5,290,NQ.v.0
2023-12-11 16:31:00+00:00,33,1,260937,16157.5,16158.0,16135.5,16138.25,1209,NQ.v.0
2023-12-11 16:32:00+00:00,33,1,260937,16138.5,16144.5,16123.5,16143.0,1674,NQ.v.0
2023-12-11 16:33:00+00:00,33,1,260937,16142.0,16142.0,16124.0,16124.75,956,NQ.v.0
2023-12-11 16:34:00+00:00,33,1,260937,16124.75,16136.75,16121.5,16131.75,857,NQ.v.0
2023-12-11 16:35:00+00:00,33,1,260937,16131.75,16134.25,16124.5,16124.75,410,NQ.v.0
2023-12-11 16:36:00+00:00,33,1,260937,16124.5,16132.25,16122.0,16129.0,504,NQ.v.0
2023-12-11 16:37:00+00:00,33,1,260937,16128.25,16143.25,16127.5,16141.0,749,NQ.v.0
2023-12-11 16:38:00+00:00,33,1,260937,16141.25,16152.5,16139.5,16150.0,529,NQ.v.0
2023-12-11 16:39:00+00:00,33,1,260937,16150.25,16152.25,16146.25,16147.5,362,NQ.v.0
2023-12-11 16:40:00+00:00,33,1,260937,16148.0,16152.5,16145.0,16145.5,357,NQ.v.0
2023-12-11 16:41:00+00:00,33,1,260937,16145.75,16146.25,16135.25,16140.25,677,NQ.v.0
2023-12-11 16:42:00+00:00,33,1,260937,16141.25,16149.75,16141.0,16143.0,465,NQ.v.0
2023-12-11 16:43:00+00:00,33,1,260937,16143.75,16148.5,16138.5,16147.75,341,NQ.v.0
2023-12-11 16:44:00+00:00,33,1,260937,16148.25,16148.5,16142.0,16146.5,222,NQ.v.0
2023-12-11 16:45:00+00:00,33,1,260937,16146.75,16149.5,16140.0,16142.5,424,NQ.v.0
2023-12-11 16:46:00+00:00,33,1,260937,16141.25,16145.0,16138.0,16144.25,264,NQ.v.0
2023-12-11 16:47:00+00:00,33,1,260937,16144.25,16146.75,16141.75,16144.0,177,NQ.v.0
2023-12-11 16:48:00+00:00,33,1,260937,16144.75,16147.25,16143.0,16146.25,152,NQ.v.0
2023-12-11 16:49:00+00:00,33,1,260937,16146.25,16152.0,16143.25,16150.75,281,NQ.v.0
2023-12-11 16:50:00+00:00,33,1,260937,16151.0,16158.75,16148.75,16156.5,679,NQ.v.0
2023-12-11 16:51:00+00:00,33,1,260937,16156.0,16158.25,16152.75,16153.0,360,NQ.v.0
2023-12-11 16:52:00+00:00,33,1,260937,16154.0,16159.25,16152.5,16158.75,247,NQ.v.0
2023-12-11 16:53:00+00:00,33,1,260937,16158.75,16158.75,16154.0,16156.75,190,NQ.v.0
2023-12-11 16:54:00+00:00,33,1,260937,16155.5,16157.25,16152.5,16157.0,225,NQ.v.0
2023-12-11 16:55:00+00:00,33,1,260937,16157.0,16157.75,16153.0,16156.75,146,NQ.v.0
2023-12-11 16:56:00+00:00,33,1,260937,16156.25,16157.5,16151.5,16157.0,116,NQ.v.0
2023-12-11 16:57:00+00:00,33,1,260937,16156.75,16157.25,16153.0,16157.25,104,NQ.v.0
2023-12-11 16:58:00+00:00,33,1,260937,16156.5,16160.5,16151.75,16157.5,260,NQ.v.0
2023-12-11 16:59:00+00:00,33,1,260937,16157.0,16164.5,16156.0,16162.5,400,NQ.v.0
2023-12-11 17:00:00+00:00,33,1,260937,16162.0,16162.75,16156.25,16158.75,346,NQ.v.0
2023-12-11 17:01:00+00:00,33,1,260937,16158.75,16158.75,16146.75,16157.25,599,NQ.v.0
2023-12-11 17:02:00+00:00,33,1,260937,16157.75,16160.75,16154.75,16160.0,365,NQ.v.0
2023-12-11 17:03:00+00:00,33,1,260937,16160.25,16170.75,16158.75,16169.0,617,NQ.v.0
2023-12-11 17:04:00+00:00,33,1,260937,16169.25,16171.25,16166.75,16168.5,371,NQ.v.0
2023-12-11 17:05:00+00:00,33,1,260937,16168.5,16173.0,16168.0,16172.75,381,NQ.v.0
2023-12-11 17:06:00+00:00,33,1,260937,16172.75,16178.5,16172.75,16177.5,688,NQ.v.0
2023-12-11 17:07:00+00:00,33,1,260937,16177.5,16179.25,16174.5,16178.5,287,NQ.v.0
2023-12-11 17:08:00+00:00,33,1,260937,16179.0,16180.5,16174.0,16177.5,465,NQ.v.0
2023-12-11 17:09:00+00:00,33,1,260937,16177.25,16178.5,16175.5,16177.5,145,NQ.v.0
2023-12-11 17:10:00+00:00,33,1,260937,16178.0,16179.0,16173.0,16174.25,277,NQ.v.0
2023-12-11 17:11:00+00:00,33,1,260937,16175.0,16176.75,16173.0,16173.5,200,NQ.v.0
2023-12-11 17:12:00+00:00,33,1,260937,16173.25,16179.0,16173.0,16178.25,212,NQ.v.0
2023-12-11 17:13:00+00:00,33,1,260937,16178.25,16182.0,16174.25,16174.75,370,NQ.v.0
2023-12-11 17:14:00+00:00,33,1,260937,16175.0,16177.25,16173.75,16174.75,139,NQ.v.0
2023-12-11 17:15:00+00:00,33,1,260937,16174.5,16175.75,16167.5,16173.5,563,NQ.v.0
2023-12-11 17:16:00+00:00,33,1,260937,16173.75,16176.25,16170.0,16173.0,268,NQ.v.0
2023-12-11 17:17:00+00:00,33,1,260937,16173.75,16176.0,16171.0,16171.0,179,NQ.v.0
2023-12-11 17:18:00+00:00,33,1,260937,16170.75,16171.5,16168.0,16169.75,220,NQ.v.0
2023-12-11 17:19:00+00:00,33,1,260937,16170.0,16177.0,16170.0,16176.75,229,NQ.v.0
2023-12-11 17:20:00+00:00,33,1,260937,16176.5,16182.25,16175.0,16180.0,477,NQ.v.0
2023-12-11 17:21:00+00:00,33,1,260937,16179.5,16184.25,16179.0,16184.25,241,NQ.v.0
2023-12-11 17:22:00+00:00,33,1,260937,16184.0,16184.75,16181.25,16184.0,278,NQ.v.0
2023-12-11 17:23:00+00:00,33,1,260937,16184.0,16185.75,16183.0,16184.0,160,NQ.v.0
2023-12-11 17:24:00+00:00,33,1,260937,16184.0,16185.5,16183.0,16184.5,106,NQ.v.0
2023-12-11 17:25:00+00:00,33,1,260937,16184.0,16185.0,16179.5,16183.75,263,NQ.v.0
2023-12-11 17:26:00+00:00,33,1,260937,16183.5,16184.25,16176.0,16180.5,269,NQ.v.0
2023-12-11 17:27:00+00:00,33,1,260937,16180.25,16188.25,16179.5,16187.0,314,NQ.v.0
2023-12-11 17:28:00+00:00,33,1,260937,16186.25,16188.75,16184.75,16185.25,202,NQ.v.0
2023-12-11 17:29:00+00:00,33,1,260937,16185.25,16189.75,16185.25,16188.0,245,NQ.v.0
2023-12-11 17:30:00+00:00,33,1,260937,16188.0,16190.75,16185.5,16185.75,233,NQ.v.0
2023-12-11 17:31:00+00:00,33,1,260937,16185.75,16188.25,16183.0,16186.5,147,NQ.v.0
2023-12-11 17:32:00+00:00,33,1,260937,16187.0,16188.25,16183.75,16187.0,224,NQ.v.0
2023-12-11 17:33:00+00:00,33,1,260937,16187.0,16189.0,16184.75,16186.0,142,NQ.v.0
2023-12-11 17:34:00+00:00,33,1,260937,16186.0,16187.5,16185.5,16186.75,137,NQ.v.0
2023-12-11 17:35:00+00:00,33,1,260937,16187.0,16187.75,16184.5,16187.75,150,NQ.v.0
2023-12-11 17:36:00+00:00,33,1,260937,16187.5,16193.25,16187.5,16188.5,300,NQ.v.0
2023-12-11 17:37:00+00:00,33,1,260937,16188.5,16191.5,16188.5,16191.5,111,NQ.v.0
2023-12-11 17:38:00+00:00,33,1,260937,16191.0,16192.5,16189.75,16190.75,199,NQ.v.0
2023-12-11 17:39:00+00:00,33,1,260937,16189.75,16195.75,16189.5,16195.5,259,NQ.v.0
2023-12-11 17:40:00+00:00,33,1,260937,16195.75,16198.25,16194.75,16196.0,497,NQ.v.0
2023-12-11 17:41:00+00:00,33,1,260937,16196.25,16197.25,16191.75,16192.5,409,NQ.v.0
2023-12-11 17:42:00+00:00,33,1,260937,16192.75,16195.25,16192.25,16192.25,213,NQ.v.0
2023-12-11 17:43:00+00:00,33,1,260937,16192.0,16192.75,16188.25,16190.0,286,NQ.v.0
2023-12-11 17:44:00+00:00,33,1,260937,16189.75,16193.25,16189.75,16191.0,172,NQ.v.0
2023-12-11 17:45:00+00:00,33,1,260937,16191.5,16195.25,16190.75,16193.5,172,NQ.v.0
2023-12-11 17:46:00+00:00,33,1,260937,16193.75,16197.75,16193.75,16196.0,271,NQ.v.0
2023-12-11 17:47:00+00:00,33,1,260937,16196.25,16197.75,16193.25,16195.5,191,NQ.v.0
2023-12-11 17:48:00+00:00,33,1,260937,16195.5,16196.75,16191.0,16192.0,226,NQ.v.0
2023-12-11 17:49:00+00:00,33,1,260937,16192.25,16200.75,16191.5,16200.0,450,NQ.v.0
2023-12-11 17:50:00+00:00,33,1,260937,16199.5,16203.75,16199.5,16202.0,334,NQ.v.0
2023-12-11 17:51:00+00:00,33,1,260937,16202.0,16202.5,16194.25,16194.5,268,NQ.v.0
2023-12-11 17:52:00+00:00,33,1,260937,16194.75,16199.0,16194.0,16198.75,126,NQ.v.0
2023-12-11 17:53:00+00:00,33,1,260937,16198.75,16199.0,16194.5,16196.0,170,NQ.v.0
2023-12-11 17:54:00+00:00,33,1,260937,16196.0,16199.5,16194.5,16199.5,208,NQ.v.0
2023-12-11 17:55:00+00:00,33,1,260937,16199.5,16200.0,16196.75,16199.25,113,NQ.v.0
2023-12-11 17:56:00+00:00,33,1,260937,16199.0,16199.75,16197.5,16199.25,91,NQ.v.0
2023-12-11 17:57:00+00:00,33,1,260937,16199.5,16199.5,16197.0,16198.5,150,NQ.v.0
2023-12-11 17:58:00+00:00,33,1,260937,16199.0,16202.25,16198.5,16201.75,130,NQ.v.0
2023-12-11 17:59:00+00:00,33,1,260937,16202.0,16204.0,16199.75,16201.5,259,NQ.v.0
2023-12-11 18:00:00+00:00,33,1,260937,16201.25,16201.75,16197.5,16201.0,243,NQ.v.0
2023-12-11 18:01:00+00:00,33,1,260937,16202.0,16206.0,16188.0,16192.0,740,NQ.v.0
2023-12-11 18:02:00+00:00,33,1,260937,16192.25,16208.0,16191.5,16207.75,765,NQ.v.0
2023-12-11 18:03:00+00:00,33,1,260937,16207.75,16216.25,16207.75,16211.5,755,NQ.v.0
2023-12-11 18:04:00+00:00,33,1,260937,16211.5,16221.5,16211.5,16219.25,723,NQ.v.0
2023-12-11 18:05:00+00:00,33,1,260937,16220.0,16221.5,16216.25,16220.0,533,NQ.v.0
2023-12-11 18:06:00+00:00,33,1,260937,16219.75,16220.0,16211.25,16213.5,406,NQ.v.0
2023-12-11 18:07:00+00:00,33,1,260937,16213.75,16216.5,16212.5,16214.75,170,NQ.v.0
2023-12-11 18:08:00+00:00,33,1,260937,16215.25,16216.25,16212.5,16215.25,237,NQ.v.0
2023-12-11 18:09:00+00:00,33,1,260937,16215.0,16216.0,16213.0,16213.5,199,NQ.v.0
2023-12-11 18:10:00+00:00,33,1,260937,16213.25,16213.25,16205.0,16209.0,581,NQ.v.0
2023-12-11 18:11:00+00:00,33,1,260937,16209.0,16211.25,16206.5,16210.5,253,NQ.v.0
2023-12-11 18:12:00+00:00,33,1,260937,16211.0,16211.25,16208.0,16209.75,133,NQ.v.0
2023-12-11 18:13:00+00:00,33,1,260937,16209.5,16210.25,16207.5,16208.5,131,NQ.v.0
2023-12-11 18:14:00+00:00,33,1,260937,16208.5,16208.75,16202.0,16202.25,336,NQ.v.0
2023-12-11 18:15:00+00:00,33,1,260937,16202.5,16207.75,16202.0,16206.0,225,NQ.v.0
2023-12-11 18:16:00+00:00,33,1,260937,16206.25,16211.25,16205.5,16210.25,219,NQ.v.0
2023-12-11 18:17:00+00:00,33,1,260937,16210.5,16213.75,16208.25,16213.5,325,NQ.v.0
2023-12-11 18:18:00+00:00,33,1,260937,16213.5,16218.0,16213.25,16217.5,361,NQ.v.0
2023-12-11 18:19:00+00:00,33,1,260937,16217.25,16220.0,16217.25,16219.5,206,NQ.v.0
2023-12-11 18:20:00+00:00,33,1,260937,16219.5,16227.0,16219.25,16224.0,860,NQ.v.0
2023-12-11 18:21:00+00:00,33,1,260937,16224.0,16224.0,16221.0,16223.25,164,NQ.v.0
2023-12-11 18:22:00+00:00,33,1,260937,16223.25,16225.75,16220.5,16221.25,314,NQ.v.0
2023-12-11 18:23:00+00:00,33,1,260937,16221.5,16223.75,16218.0,16223.25,239,NQ.v.0
2023-12-11 18:24:00+00:00,33,1,260937,16222.75,16224.5,16221.25,16222.25,159,NQ.v.0
2023-12-11 18:25:00+00:00,33,1,260937,16222.25,16223.5,16220.5,16222.0,221,NQ.v.0
2023-12-11 18:26:00+00:00,33,1,260937,16223.0,16226.5,16222.5,16225.25,262,NQ.v.0
2023-12-11 18:27:00+00:00,33,1,260937,16225.0,16225.5,16222.0,16224.5,125,NQ.v.0
2023-12-11 18:28:00+00:00,33,1,260937,16224.5,16226.0,16224.25,16224.5,183,NQ.v.0
2023-12-11 18:29:00+00:00,33,1,260937,16224.5,16225.25,16221.75,16223.25,175,NQ.v.0
2023-12-11 18:30:00+00:00,33,1,260937,16223.5,16229.5,16223.25,16224.75,473,NQ.v.0
2023-12-11 18:31:00+00:00,33,1,260937,16224.75,16226.5,16221.75,16223.5,388,NQ.v.0
2023-12-11 18:32:00+00:00,33,1,260937,16224.25,16228.5,16221.75,16225.0,291,NQ.v.0
2023-12-11 18:33:00+00:00,33,1,260937,16224.75,16226.25,16223.5,16223.75,98,NQ.v.0
2023-12-11 18:34:00+00:00,33,1,260937,16224.0,16226.5,16223.5,16225.75,73,NQ.v.0
2023-12-11 18:35:00+00:00,33,1,260937,16226.25,16226.75,16224.25,16224.25,73,NQ.v.0
2023-12-11 18:36:00+00:00,33,1,260937,16224.25,16224.75,16220.25,16222.75,216,NQ.v.0
2023-12-11 18:37:00+00:00,33,1,260937,16223.0,16225.25,16221.75,16225.0,190,NQ.v.0
2023-12-11 18:38:00+00:00,33,1,260937,16225.5,16226.5,16223.5,16223.5,176,NQ.v.0
2023-12-11 18:39:00+00:00,33,1,260937,16223.75,16224.75,16222.0,16223.5,78,NQ.v.0
2023-12-11 18:40:00+00:00,33,1,260937,16223.25,16225.75,16221.25,16224.0,97,NQ.v.0
2023-12-11 18:41:00+00:00,33,1,260937,16224.5,16228.0,16224.5,16225.25,192,NQ.v.0
2023-12-11 18:42:00+00:00,33,1,260937,16225.25,16228.5,16225.0,16226.25,139,NQ.v.0
2023-12-11 18:43:00+00:00,33,1,260937,16226.75,16227.5,16224.25,16226.5,173,NQ.v.0
2023-12-11 18:44:00+00:00,33,1,260937,16226.75,16228.25,16225.0,16226.5,73,NQ.v.0
2023-12-11 18:45:00+00:00,33,1,260937,16226.0,16229.0,16225.0,16227.0,135,NQ.v.0
2023-12-11 18:46:00+00:00,33,1,260937,16227.0,16227.0,16223.75,16224.0,99,NQ.v.0
2023-12-11 18:47:00+00:00,33,1,260937,16223.75,16228.25,16223.75,16227.75,137,NQ.v.0
2023-12-11 18:48:00+00:00,33,1,260937,16228.0,16233.25,16226.75,16232.5,319,NQ.v.0
2023-12-11 18:49:00+00:00,33,1,260937,16232.75,16236.75,16231.0,16235.0,468,NQ.v.0
2023-12-11 18:50:00+00:00,33,1,260937,16235.25,16239.0,16234.5,16237.5,367,NQ.v.0
2023-12-11 18:51:00+00:00,33,1,260937,16238.0,16241.25,16234.75,16240.5,489,NQ.v.0
2023-12-11 18:52:00+00:00,33,1,260937,16240.75,16243.75,16239.0,16239.5,499,NQ.v.0
2023-12-11 18:53:00+00:00,33,1,260937,16240.25,16242.25,16239.5,16239.75,151,NQ.v.0
2023-12-11 18:54:00+00:00,33,1,260937,16239.75,16241.25,16236.5,16237.0,231,NQ.v.0
2023-12-11 18:55:00+00:00,33,1,260937,16237.0,16240.5,16236.25,16238.75,134,NQ.v.0
2023-12-11 18:56:00+00:00,33,1,260937,16238.75,16238.75,16234.0,16236.5,195,NQ.v.0
2023-12-11 18:57:00+00:00,33,1,260937,16236.75,16237.0,16233.0,16234.25,214,NQ.v.0
2023-12-11 18:58:00+00:00,33,1,260937,16234.0,16237.25,16231.75,16235.25,296,NQ.v.0
2023-12-11 18:59:00+00:00,33,1,260937,16235.0,16238.75,16234.5,16235.25,229,NQ.v.0
2023-12-11 19:00:00+00:00,33,1,260937,16234.75,16236.5,16234.0,16236.25,119,NQ.v.0
2023-12-11 19:01:00+00:00,33,1,260937,16236.5,16239.5,16236.0,16237.25,118,NQ.v.0
2023-12-11 19:02:00+00:00,33,1,260937,16237.75,16242.25,16237.0,16241.25,216,NQ.v.0
2023-12-11 19:03:00+00:00,33,1,260937,16241.0,16241.5,16237.75,16239.5,151,NQ.v.0
2023-12-11 19:04:00+00:00,33,1,260937,16239.5,16239.75,16236.25,16237.75,153,NQ.v.0
2023-12-11 19:05:00+00:00,33,1,260937,16237.25,16240.75,16236.0,16240.25,146,NQ.v.0
2023-12-11 19:06:00+00:00,33,1,260937,16240.5,16242.5,16238.0,16238.25,145,NQ.v.0
2023-12-11 19:07:00+00:00,33,1,260937,16238.25,16240.0,16237.5,16239.5,71,NQ.v.0
2023-12-11 19:08:00+00:00,33,1,260937,16239.75,16241.5,16237.0,16238.0,139,NQ.v.0
2023-12-11 19:09:00+00:00,33,1,260937,16238.5,16241.5,16238.25,16240.75,96,NQ.v.0
2023-12-11 19:10:00+00:00,33,1,260937,16241.0,16242.25,16240.0,16241.5,110,NQ.v.0
2023-12-11 19:11:00+00:00,33,1,260937,16241.5,16241.5,16239.25,16239.5,73,NQ.v.0
2023-12-11 19:12:00+00:00,33,1,260937,16239.5,16241.75,16238.5,16240.75,117,NQ.v.0
2023-12-11 19:13:00+00:00,33,1,260937,16240.75,16245.75,16240.75,16243.25,330,NQ.v.0
2023-12-11 19:14:00+00:00,33,1,260937,16243.25,16243.5,16240.0,16240.75,167,NQ.v.0
2023-12-11 19:15:00+00:00,33,1,260937,16240.75,16241.25,16235.5,16238.0,379,NQ.v.0
2023-12-11 19:16:00+00:00,33,1,260937,16237.75,16237.75,16227.25,16228.0,539,NQ.v.0
2023-12-11 19:17:00+00:00,33,1,260937,16228.75,16231.5,16226.25,16230.75,378,NQ.v.0
2023-12-11 19:18:00+00:00,33,1,260937,16230.5,16231.5,16224.25,16229.75,258,NQ.v.0
2023-12-11 19:19:00+00:00,33,1,260937,16230.25,16230.25,16224.0,16225.25,196,NQ.v.0
2023-12-11 19:20:00+00:00,33,1,260937,16225.75,16233.25,16225.0,16230.75,278,NQ.v.0
2023-12-11 19:21:00+00:00,33,1,260937,16230.75,16231.25,16225.75,16230.5,175,NQ.v.0
2023-12-11 19:22:00+00:00,33,1,260937,16231.0,16232.25,16227.75,16232.0,136,NQ.v.0
2023-12-11 19:23:00+00:00,33,1,260937,16232.25,16232.25,16229.25,16230.25,102,NQ.v.0
2023-12-11 19:24:00+00:00,33,1,260937,16230.0,16231.0,16227.5,16228.75,100,NQ.v.0
2023-12-11 19:25:00+00:00,33,1,260937,16228.75,16232.0,16227.5,16230.75,78,NQ.v.0
2023-12-11 19:26:00+00:00,33,1,260937,16230.75,16232.0,16229.5,16231.5,69,NQ.v.0
2023-12-11 19:27:00+00:00,33,1,260937,16232.0,16235.75,16232.0,16232.5,189,NQ.v.0
2023-12-11 19:28:00+00:00,33,1,260937,16232.5,16232.5,16228.75,16231.5,130,NQ.v.0
2023-12-11 19:29:00+00:00,33,1,260937,16231.5,16235.5,16231.0,16233.75,201,NQ.v.0
2023-12-11 19:30:00+00:00,33,1,260937,16234.5,16239.25,16234.0,16234.75,347,NQ.v.0
2023-12-11 19:31:00+00:00,33,1,260937,16234.75,16236.75,16228.0,16229.75,238,NQ.v.0
2023-12-11 19:32:00+00:00,33,1,260937,16229.75,16233.25,16228.0,16228.25,166,NQ.v.0
2023-12-11 19:33:00+00:00,33,1,260937,16228.0,16234.75,16227.75,16230.5,204,NQ.v.0
2023-12-11 19:34:00+00:00,33,1,260937,16230.25,16233.25,16230.0,16231.0,77,NQ.v.0
2023-12-11 19:35:00+00:00,33,1,260937,16230.5,16232.0,16226.75,16227.0,120,NQ.v.0
2023-12-11 19:36:00+00:00,33,1,260937,16226.75,16227.25,16221.5,16224.25,294,NQ.v.0
2023-12-11 19:37:00+00:00,33,1,260937,16224.75,16226.0,16219.25,16222.0,318,NQ.v.0
2023-12-11 19:38:00+00:00,33,1,260937,16221.5,16228.25,16221.5,16225.0,157,NQ.v.0
2023-12-11 19:39:00+00:00,33,1,260937,16225.0,16225.75,16223.5,16224.5,128,NQ.v.0
2023-12-11 19:40:00+00:00,33,1,260937,16224.25,16225.75,16222.25,16223.5,100,NQ.v.0
2023-12-11 19:41:00+00:00,33,1,260937,16224.0,16227.25,16224.0,16226.75,103,NQ.v.0
2023-12-11 19:42:00+00:00,33,1,260937,16227.25,16228.0,16225.25,16225.25,103,NQ.v.0
2023-12-11 19:43:00+00:00,33,1,260937,16225.5,16225.5,16220.0,16222.25,181,NQ.v.0
2023-12-11 19:44:00+00:00,33,1,260937,16221.75,16222.5,16219.5,16220.5,150,NQ.v.0
2023-12-11 19:45:00+00:00,33,1,260937,16220.25,16220.5,16216.25,16220.0,337,NQ.v.0
2023-12-11 19:46:00+00:00,33,1,260937,16220.0,16221.25,16217.5,16219.75,217,NQ.v.0
2023-12-11 19:47:00+00:00,33,1,260937,16220.25,16221.0,16218.75,16220.5,126,NQ.v.0
2023-12-11 19:48:00+00:00,33,1,260937,16220.25,16223.25,16220.25,16222.5,143,NQ.v.0
2023-12-11 19:49:00+00:00,33,1,260937,16222.75,16225.0,16220.0,16225.0,123,NQ.v.0
2023-12-11 19:50:00+00:00,33,1,260937,16225.0,16226.75,16220.5,16221.5,127,NQ.v.0
2023-12-11 19:51:00+00:00,33,1,260937,16222.25,16225.75,16221.0,16222.5,84,NQ.v.0
2023-12-11 19:52:00+00:00,33,1,260937,16222.25,16222.5,16220.0,16221.5,52,NQ.v.0
2023-12-11 19:53:00+00:00,33,1,260937,16222.0,16223.0,16220.5,16221.5,96,NQ.v.0
2023-12-11 19:54:00+00:00,33,1,260937,16221.75,16225.25,16221.5,16224.75,98,NQ.v.0
2023-12-11 19:55:00+00:00,33,1,260937,16224.25,16224.25,16219.75,16220.75,119,NQ.v.0
2023-12-11 19:56:00+00:00,33,1,260937,16220.75,16221.0,16217.5,16220.5,154,NQ.v.0
2023-12-11 19:57:00+00:00,33,1,260937,16220.25,16221.75,16216.75,16221.75,151,NQ.v.0
2023-12-11 19:58:00+00:00,33,1,260937,16221.5,16225.25,16221.25,16223.0,181,NQ.v.0
2023-12-11 19:59:00+00:00,33,1,260937,16223.0,16225.25,16222.25,16223.25,150,NQ.v.0
2023-12-11 20:00:00+00:00,33,1,260937,16223.75,16224.75,16220.25,16221.5,151,NQ.v.0
2023-12-11 20:01:00+00:00,33,1,260937,16221.25,16221.5,16212.25,16216.0,442,NQ.v.0
2023-12-11 20:02:00+00:00,33,1,260937,16215.5,16215.5,16210.5,16211.0,305,NQ.v.0
2023-12-11 20:03:00+00:00,33,1,260937,16211.25,16216.0,16210.5,16214.75,218,NQ.v.0
2023-12-11 20:04:00+00:00,33,1,260937,16215.75,16218.5,16214.5,16218.0,170,NQ.v.0
2023-12-11 20:05:00+00:00,33,1,260937,16218.25,16226.75,16218.0,16225.5,460,NQ.v.0
2023-12-11 20:06:00+00:00,33,1,260937,16225.5,16228.0,16224.0,16228.0,281,NQ.v.0
2023-12-11 20:07:00+00:00,33,1,260937,16228.0,16232.5,16227.75,16232.25,439,NQ.v.0
2023-12-11 20:08:00+00:00,33,1,260937,16232.0,16232.75,16228.75,16232.25,237,NQ.v.0
2023-12-11 20:09:00+00:00,33,1,260937,16232.0,16233.25,16229.25,16229.75,185,NQ.v.0
2023-12-11 20:10:00+00:00,33,1,260937,16229.75,16230.25,16224.5,16226.0,368,NQ.v.0
2023-12-11 20:11:00+00:00,33,1,260937,16226.25,16229.0,16225.75,16228.25,158,NQ.v.0
2023-12-11 20:12:00+00:00,33,1,260937,16228.0,16228.0,16215.5,16218.25,547,NQ.v.0
2023-12-11 20:13:00+00:00,33,1,260937,16218.0,16224.75,16218.0,16224.0,279,NQ.v.0
2023-12-11 20:14:00+00:00,33,1,260937,16223.5,16228.5,16223.5,16227.75,241,NQ.v.0
2023-12-11 20:15:00+00:00,33,1,260937,16227.75,16231.25,16227.5,16229.5,226,NQ.v.0
2023-12-11 20:16:00+00:00,33,1,260937,16229.75,16233.75,16229.25,16233.0,202,NQ.v.0
2023-12-11 20:17:00+00:00,33,1,260937,16232.5,16233.5,16228.5,16229.5,189,NQ.v.0
2023-12-11 20:18:00+00:00,33,1,260937,16229.25,16231.5,16228.25,16231.5,127,NQ.v.0
2023-12-11 20:19:00+00:00,33,1,260937,16231.5,16232.0,16229.0,16230.0,88,NQ.v.0
2023-12-11 20:20:00+00:00,33,1,260937,16229.5,16229.5,16225.25,16225.5,199,NQ.v.0
2023-12-11 20:21:00+00:00,33,1,260937,16225.25,16226.0,16219.75,16219.75,220,NQ.v.0
2023-12-11 20:22:00+00:00,33,1,260937,16220.5,16221.25,16217.75,16218.75,207,NQ.v.0
2023-12-11 20:23:00+00:00,33,1,260937,16219.25,16227.0,16217.75,16227.0,212,NQ.v.0
2023-12-11 20:24:00+00:00,33,1,260937,16226.75,16231.25,16225.25,16231.25,239,NQ.v.0
2023-12-11 20:25:00+00:00,33,1,260937,16230.75,16231.25,16228.75,16229.0,148,NQ.v.0
2023-12-11 20:26:00+00:00,33,1,260937,16229.0,16230.75,16227.0,16229.75,150,NQ.v.0
2023-12-11 20:27:00+00:00,33,1,260937,16229.5,16229.5,16217.75,16223.0,646,NQ.v.0
2023-12-11 20:28:00+00:00,33,1,260937,16223.0,16223.5,16211.0,16215.5,427,NQ.v.0
2023-12-11 20:29:00+00:00,33,1,260937,16215.75,16220.0,16215.5,16217.25,227,NQ.v.0
2023-12-11 20:30:00+00:00,33,1,260937,16216.75,16224.25,16215.0,16224.25,316,NQ.v.0
2023-12-11 20:31:00+00:00,33,1,260937,16224.5,16225.25,16222.0,16224.0,157,NQ.v.0
2023-12-11 20:32:00+00:00,33,1,260937,16224.0,16224.0,16218.5,16221.0,224,NQ.v.0
2023-12-11 20:33:00+00:00,33,1,260937,16221.0,16224.0,16219.25,16220.75,192,NQ.v.0
2023-12-11 20:34:00+00:00,33,1,260937,16221.0,16223.5,16220.5,16220.5,95,NQ.v.0
2023-12-11 20:35:00+00:00,33,1,260937,16220.5,16225.75,16220.0,16224.5,228,NQ.v.0
2023-12-11 20:36:00+00:00,33,1,260937,16224.25,16225.0,16221.0,16223.25,181,NQ.v.0
2023-12-11 20:37:00+00:00,33,1,260937,16222.75,16228.0,16221.0,16227.5,214,NQ.v.0
2023-12-11 20:38:00+00:00,33,1,260937,16227.75,16231.25,16226.0,16231.0,264,NQ.v.0
2023-12-11 20:39:00+00:00,33,1,260937,16231.25,16232.25,16229.75,16231.25,142,NQ.v.0
2023-12-11 20:40:00+00:00,33,1,260937,16231.75,16234.5,16231.0,16232.75,257,NQ.v.0
2023-12-11 20:41:00+00:00,33,1,260937,16233.0,16234.5,16231.0,16234.25,210,NQ.v.0
2023-12-11 20:42:00+00:00,33,1,260937,16234.0,16235.0,16232.0,16233.5,287,NQ.v.0
2023-12-11 20:43:00+00:00,33,1,260937,16233.0,16234.25,16228.0,16228.5,330,NQ.v.0
2023-12-11 20:44:00+00:00,33,1,260937,16228.0,16230.0,16226.25,16228.25,236,NQ.v.0
2023-12-11 20:45:00+00:00,33,1,260937,16228.5,16230.25,16226.5,16230.25,188,NQ.v.0
2023-12-11 20:46:00+00:00,33,1,260937,16230.5,16234.0,16228.25,16233.0,260,NQ.v.0
2023-12-11 20:47:00+00:00,33,1,260937,16233.0,16236.0,16230.75,16231.25,318,NQ.v.0
2023-12-11 20:48:00+00:00,33,1,260937,16231.5,16232.25,16227.25,16230.0,244,NQ.v.0
2023-12-11 20:49:00+00:00,33,1,260937,16230.0,16230.75,16227.25,16228.0,149,NQ.v.0
2023-12-11 20:50:00+00:00,33,1,260937,16228.0,16229.0,16222.25,16228.25,491,NQ.v.0
2023-12-11 20:51:00+00:00,33,1,260937,16227.25,16229.5,16224.5,16227.0,357,NQ.v.0
2023-12-11 20:52:00+00:00,33,1,260937,16226.5,16231.25,16225.25,16229.0,403,NQ.v.0
2023-12-11 20:53:00+00:00,33,1,260937,16229.0,16233.5,16228.25,16230.0,351,NQ.v.0
2023-12-11 20:54:00+00:00,33,1,260937,16231.0,16235.25,16228.5,16230.0,621,NQ.v.0
2023-12-11 20:55:00+00:00,33,1,260937,16229.75,16230.0,16224.5,16227.5,484,NQ.v.0
2023-12-11 20:56:00+00:00,33,1,260937,16227.0,16233.0,16225.0,16232.5,399,NQ.v.0
2023-12-11 20:57:00+00:00,33,1,260937,16232.25,16238.75,16231.25,16235.0,743,NQ.v.0
2023-12-11 20:58:00+00:00,33,1,260937,16235.0,16237.25,16233.0,16235.5,605,NQ.v.0
2023-12-11 20:59:00+00:00,33,1,260937,16235.25,16239.75,16233.75,16234.0,2040,NQ.v.0
2023-12-11 21:00:00+00:00,33,1,260937,16234.25,16238.0,16228.5,16237.75,1228,NQ.v.0
2023-12-11 21:01:00+00:00,33,1,260937,16237.0,16244.75,16237.0,16241.5,539,NQ.v.0
2023-12-11 21:02:00+00:00,33,1,260937,16241.0,16241.0,16236.5,16240.25,204,NQ.v.0
2023-12-11 21:03:00+00:00,33,1,260937,16240.25,16241.0,16237.5,16240.5,147,NQ.v.0
2023-12-11 21:04:00+00:00,33,1,260937,16239.75,16241.0,16236.75,16236.75,86,NQ.v.0
2023-12-11 21:05:00+00:00,33,1,260937,16237.0,16239.25,16233.0,16233.75,307,NQ.v.0
2023-12-11 21:06:00+00:00,33,1,260937,16233.75,16236.0,16232.25,16235.0,115,NQ.v.0
2023-12-11 21:07:00+00:00,33,1,260937,16234.5,16235.75,16233.0,16234.25,78,NQ.v.0
2023-12-11 21:08:00+00:00,33,1,260937,16234.25,16235.25,16233.5,16234.25,65,NQ.v.0
2023-12-11 21:09:00+00:00,33,1,260937,16234.5,16237.25,16233.5,16235.75,56,NQ.v.0
2023-12-11 21:10:00+00:00,33,1,260937,16236.75,16239.75,16236.0,16239.25,138,NQ.v.0
2023-12-11 21:11:00+00:00,33,1,260937,16239.5,16241.0,16237.5,16237.75,139,NQ.v.0
2023-12-11 21:12:00+00:00,33,1,260937,16237.75,16240.5,16237.25,16239.5,145,NQ.v.0
2023-12-11 21:13:00+00:00,33,1,260937,16238.75,16242.0,16237.25,16241.0,84,NQ.v.0
2023-12-11 21:14:00+00:00,33,1,260937,16241.0,16242.0,16239.0,16240.5,138,NQ.v.0
2023-12-11 21:15:00+00:00,33,1,260937,16239.5,16240.5,16238.75,16239.0,35,NQ.v.0
2023-12-11 21:16:00+00:00,33,1,260937,16238.75,16241.75,16238.75,16240.25,33,NQ.v.0
2023-12-11 21:17:00+00:00,33,1,260937,16241.0,16242.5,16240.75,16242.5,41,NQ.v.0
2023-12-11 21:18:00+00:00,33,1,260937,16241.75,16244.25,16241.75,16243.25,63,NQ.v.0
2023-12-11 21:19:00+00:00,33,1,260937,16243.75,16244.0,16241.0,16243.75,28,NQ.v.0
2023-12-11 21:20:00+00:00,33,1,260937,16243.5,16243.5,16241.0,16241.0,55,NQ.v.0
2023-12-11 21:21:00+00:00,33,1,260937,16241.0,16241.5,16240.5,16240.75,25,NQ.v.0
2023-12-11 21:22:00+00:00,33,1,260937,16241.5,16242.75,16241.5,16242.75,16,NQ.v.0
2023-12-11 21:23:00+00:00,33,1,260937,16242.25,16242.75,16241.75,16242.5,26,NQ.v.0
2023-12-11 21:24:00+00:00,33,1,260937,16243.0,16244.0,16242.5,16243.25,16,NQ.v.0
2023-12-11 21:25:00+00:00,33,1,260937,16244.25,16244.75,16243.75,16243.75,37,NQ.v.0
2023-12-11 21:26:00+00:00,33,1,260937,16243.5,16243.75,16243.0,16243.75,21,NQ.v.0
2023-12-11 21:27:00+00:00,33,1,260937,16243.0,16243.0,16238.75,16239.75,168,NQ.v.0
2023-12-11 21:28:00+00:00,33,1,260937,16240.75,16241.75,16240.25,16241.0,20,NQ.v.0
2023-12-11 21:29:00+00:00,33,1,260937,16241.0,16241.5,16239.75,16239.75,21,NQ.v.0
2023-12-11 21:30:00+00:00,33,1,260937,16240.5,16241.5,16239.5,16240.5,38,NQ.v.0
2023-12-11 21:31:00+00:00,33,1,260937,16239.75,16239.75,16239.25,16239.25,13,NQ.v.0
2023-12-11 21:32:00+00:00,33,1,260937,16239.5,16240.0,16239.25,16240.0,7,NQ.v.0
2023-12-11 21:33:00+00:00,33,1,260937,16240.25,16240.75,16240.0,16240.0,14,NQ.v.0
2023-12-11 21:34:00+00:00,33,1,260937,16240.0,16240.75,16240.0,16240.0,15,NQ.v.0
2023-12-11 21:35:00+00:00,33,1,260937,16239.75,16241.0,16238.75,16241.0,62,NQ.v.0
2023-12-11 21:36:00+00:00,33,1,260937,16241.25,16241.5,16240.75,16241.25,22,NQ.v.0
2023-12-11 21:37:00+00:00,33,1,260937,16241.5,16243.25,16241.5,16243.25,37,NQ.v.0
2023-12-11 21:38:00+00:00,33,1,260937,16243.25,16243.25,16242.0,16242.5,18,NQ.v.0
2023-12-11 21:39:00+00:00,33,1,260937,16242.0,16243.25,16242.0,16243.25,27,NQ.v.0
2023-12-11 21:40:00+00:00,33,1,260937,16243.0,16244.0,16243.0,16243.5,58,NQ.v.0
2023-12-11 21:41:00+00:00,33,1,260937,16242.75,16245.25,16242.5,16244.5,74,NQ.v.0
2023-12-11 21:42:00+00:00,33,1,260937,16244.25,16245.25,16244.25,16245.0,8,NQ.v.0
2023-12-11 21:43:00+00:00,33,1,260937,16244.75,16247.5,16244.75,16246.0,66,NQ.v.0
2023-12-11 21:44:00+00:00,33,1,260937,16245.25,16247.25,16245.0,16246.0,79,NQ.v.0
2023-12-11 21:45:00+00:00,33,1,260937,16246.0,16246.5,16244.0,16245.25,70,NQ.v.0
2023-12-11 21:46:00+00:00,33,1,260937,16246.0,16246.5,16245.75,16246.25,10,NQ.v.0
2023-12-11 21:47:00+00:00,33,1,260937,16246.25,16247.75,16246.0,16247.25,47,NQ.v.0
2023-12-11 21:48:00+00:00,33,1,260937,16247.5,16248.0,16246.0,16246.0,25,NQ.v.0
2023-12-11 21:49:00+00:00,33,1,260937,16246.5,16247.0,16242.0,16243.0,131,NQ.v.0
2023-12-11 21:50:00+00:00,33,1,260937,16242.75,16245.5,16241.75,16244.25,71,NQ.v.0
2023-12-11 21:51:00+00:00,33,1,260937,16244.75,16246.25,16244.5,16245.0,44,NQ.v.0
2023-12-11 21:52:00+00:00,33,1,260937,16245.5,16246.5,16244.5,16244.5,23,NQ.v.0
2023-12-11 21:53:00+00:00,33,1,260937,16245.0,16246.0,16244.75,16246.0,16,NQ.v.0
2023-12-11 21:54:00+00:00,33,1,260937,16245.25,16245.75,16244.5,16245.75,15,NQ.v.0
2023-12-11 21:55:00+00:00,33,1,260937,16245.5,16245.5,16243.5,16244.25,47,NQ.v.0
2023-12-11 21:56:00+00:00,33,1,260937,16243.75,16243.75,16242.0,16242.0,40,NQ.v.0
2023-12-11 21:57:00+00:00,33,1,260937,16242.0,16243.25,16241.0,16241.0,75,NQ.v.0
2023-12-11 21:58:00+00:00,33,1,260937,16241.75,16243.25,16241.25,16243.0,23,NQ.v.0
2023-12-11 21:59:00+00:00,33,1,260937,16242.75,16244.25,16242.5,16243.25,56,NQ.v.0
2023-12-11 23:00:00+00:00,33,1,260937,16240.0,16240.0,16233.0,16234.0,136,NQ.v.0
2023-12-11 23:01:00+00:00,33,1,260937,16232.75,16234.75,16231.75,16232.5,70,NQ.v.0
2023-12-11 23:02:00+00:00,33,1,260937,16232.75,16232.75,16230.5,16232.75,44,NQ.v.0
2023-12-11 23:03:00+00:00,33,1,260937,16233.0,16233.5,16231.75,16231.75,21,NQ.v.0
2023-12-11 23:04:00+00:00,33,1,260937,16232.25,16234.0,16232.0,16234.0,12,NQ.v.0
2023-12-11 23:05:00+00:00,33,1,260937,16233.75,16234.0,16232.75,16232.75,11,NQ.v.0
2023-12-11 23:06:00+00:00,33,1,260937,16232.5,16233.0,16230.5,16230.5,57,NQ.v.0
2023-12-11 23:07:00+00:00,33,1,260937,16230.5,16230.5,16229.25,16229.5,78,NQ.v.0
2023-12-11 23:08:00+00:00,33,1,260937,16229.75,16230.5,16229.25,16230.0,48,NQ.v.0
2023-12-11 23:09:00+00:00,33,1,260937,16229.75,16230.0,16229.25,16229.25,16,NQ.v.0
2023-12-11 23:10:00+00:00,33,1,260937,16229.75,16231.0,16229.25,16231.0,36,NQ.v.0
2023-12-11 23:11:00+00:00,33,1,260937,16231.0,16231.75,16231.0,16231.75,22,NQ.v.0
2023-12-11 23:12:00+00:00,33,1,260937,16231.75,16234.0,16231.25,16233.75,36,NQ.v.0
2023-12-11 23:13:00+00:00,33,1,260937,16234.0,16234.75,16233.0,16234.0,86,NQ.v.0
2023-12-11 23:14:00+00:00,33,1,260937,16233.75,16237.0,16233.5,16235.25,48,NQ.v.0
2023-12-11 23:15:00+00:00,33,1,260937,16235.0,16235.0,16233.5,16233.5,10,NQ.v.0
2023-12-11 23:16:00+00:00,33,1,260937,16233.25,16233.25,16232.25,16232.25,16,NQ.v.0
2023-12-11 23:17:00+00:00,33,1,260937,16232.0,16234.75,16232.0,16234.25,32,NQ.v.0
2023-12-11 23:18:00+00:00,33,1,260937,16234.0,16234.0,16232.0,16232.25,60,NQ.v.0
2023-12-11 23:19:00+00:00,33,1,260937,16232.5,16233.0,16232.25,16233.0,9,NQ.v.0
2023-12-11 23:20:00+00:00,33,1,260937,16233.0,16236.25,16233.0,16236.25,30,NQ.v.0
2023-12-11 23:21:00+00:00,33,1,260937,16236.5,16239.0,16236.5,16238.0,26,NQ.v.0
2023-12-11 23:22:00+00:00,33,1,260937,16238.0,16238.0,16235.75,16236.5,72,NQ.v.0
2023-12-11 23:23:00+00:00,33,1,260937,16236.5,16236.5,16233.75,16234.5,67,NQ.v.0
2023-12-11 23:24:00+00:00,33,1,260937,16234.5,16238.25,16234.0,16237.5,87,NQ.v.0
2023-12-11 23:25:00+00:00,33,1,260937,16237.75,16237.75,16236.25,16236.5,41,NQ.v.0
2023-12-11 23:26:00+00:00,33,1,260937,16236.25,16236.5,16235.75,16236.25,18,NQ.v.0
2023-12-11 23:27:00+00:00,33,1,260937,16236.0,16236.0,16234.25,16234.75,15,NQ.v.0
2023-12-11 23:28:00+00:00,33,1,260937,16235.0,16236.25,16235.0,16236.0,10,NQ.v.0
2023-12-11 23:29:00+00:00,33,1,260937,16236.5,16237.0,16235.0,16236.0,38,NQ.v.0
2023-12-11 23:30:00+00:00,33,1,260937,16235.0,16236.0,16234.25,16235.5,21,NQ.v.0
2023-12-11 23:31:00+00:00,33,1,260937,16235.75,16235.75,16234.5,16234.5,10,NQ.v.0
2023-12-11 23:32:00+00:00,33,1,260937,16235.25,16236.25,16235.0,16235.5,21,NQ.v.0
2023-12-11 23:33:00+00:00,33,1,260937,16235.75,16235.75,16235.25,16235.25,2,NQ.v.0
2023-12-11 23:34:00+00:00,33,1,260937,16235.25,16235.5,16235.25,16235.5,3,NQ.v.0
2023-12-11 23:35:00+00:00,33,1,260937,16235.0,16235.25,16235.0,16235.25,3,NQ.v.0
2023-12-11 23:36:00+00:00,33,1,260937,16235.5,16237.5,16235.5,16236.75,22,NQ.v.0
2023-12-11 23:37:00+00:00,33,1,260937,16236.5,16236.5,16235.75,16236.25,10,NQ.v.0
2023-12-11 23:38:00+00:00,33,1,260937,16236.25,16237.25,16236.25,16237.25,8,NQ.v.0
2023-12-11 23:39:00+00:00,33,1,260937,16237.5,16237.75,16237.0,16237.75,8,NQ.v.0
2023-12-11 23:40:00+00:00,33,1,260937,16238.0,16238.0,16237.0,16237.25,8,NQ.v.0
2023-12-11 23:41:00+00:00,33,1,260937,16237.25,16239.75,16236.25,16237.0,37,NQ.v.0
2023-12-11 23:42:00+00:00,33,1,260937,16237.5,16238.0,16237.5,16238.0,3,NQ.v.0
2023-12-11 23:43:00+00:00,33,1,260937,16237.75,16238.0,16237.5,16238.0,4,NQ.v.0
2023-12-11 23:44:00+00:00,33,1,260937,16238.0,16238.25,16237.5,16238.25,9,NQ.v.0
2023-12-11 23:45:00+00:00,33,1,260937,16238.0,16239.25,16238.0,16238.0,12,NQ.v.0
2023-12-11 23:46:00+00:00,33,1,260937,16239.0,16239.75,16239.0,16239.75,8,NQ.v.0
2023-12-11 23:47:00+00:00,33,1,260937,16239.0,16239.5,16239.0,16239.5,3,NQ.v.0
2023-12-11 23:48:00+00:00,33,1,260937,16239.5,16239.5,16239.0,16239.5,9,NQ.v.0
2023-12-11 23:49:00+00:00,33,1,260937,16239.75,16240.0,16237.75,16238.0,63,NQ.v.0
2023-12-11 23:50:00+00:00,33,1,260937,16238.0,16238.0,16237.75,16237.75,8,NQ.v.0
2023-12-11 23:51:00+00:00,33,1,260937,16238.0,16238.5,16237.75,16238.5,8,NQ.v.0
2023-12-11 23:52:00+00:00,33,1,260937,16237.75,16242.25,16237.75,16241.0,99,NQ.v.0
2023-12-11 23:53:00+00:00,33,1,260937,16241.5,16242.75,16240.75,16241.75,39,NQ.v.0
2023-12-11 23:54:00+00:00,33,1,260937,16241.25,16243.25,16240.75,16242.25,54,NQ.v.0
2023-12-11 23:55:00+00:00,33,1,260937,16242.75,16243.0,16242.0,16242.0,15,NQ.v.0
2023-12-11 23:56:00+00:00,33,1,260937,16242.0,16242.75,16241.5,16241.5,23,NQ.v.0
2023-12-11 23:57:00+00:00,33,1,260937,16241.0,16241.0,16240.25,16240.75,11,NQ.v.0
2023-12-11 23:59:00+00:00,33,1,260937,16241.0,16241.0,16241.0,16241.0,2,NQ.v.0
2023-12-12 00:00:00+00:00,33,1,260937,16241.75,16244.5,16241.5,16243.75,80,NQ.v.0
2023-12-12 00:01:00+00:00,33,1,260937,16243.5,16244.0,16242.5,16243.75,55,NQ.v.0
2023-12-12 00:02:00+00:00,33,1,260937,16243.25,16244.5,16242.0,16242.5,62,NQ.v.0
2023-12-12 00:03:00+00:00,33,1,260937,16242.0,16242.0,16241.0,16242.0,13,NQ.v.0
2023-12-12 00:04:00+00:00,33,1,260937,16242.25,16242.5,16240.75,16241.5,19,NQ.v.0
2023-12-12 00:05:00+00:00,33,1,260937,16241.0,16241.5,16240.0,16241.5,24,NQ.v.0
2023-12-12 00:06:00+00:00,33,1,260937,16241.75,16243.0,16241.5,16242.25,19,NQ.v.0
2023-12-12 00:07:00+00:00,33,1,260937,16242.25,16244.0,16242.0,16244.0,29,NQ.v.0
2023-12-12 00:08:00+00:00,33,1,260937,16243.0,16243.25,16242.5,16242.5,29,NQ.v.0
2023-12-12 00:09:00+00:00,33,1,260937,16242.75,16243.0,16242.25,16243.0,14,NQ.v.0
2023-12-12 00:10:00+00:00,33,1,260937,16242.5,16243.75,16242.5,16242.75,14,NQ.v.0
2023-12-12 00:11:00+00:00,33,1,260937,16242.75,16243.25,16242.75,16243.0,4,NQ.v.0
2023-12-12 00:12:00+00:00,33,1,260937,16243.0,16243.25,16242.75,16243.0,15,NQ.v.0
2023-12-12 00:13:00+00:00,33,1,260937,16243.0,16243.0,16242.0,16242.0,16,NQ.v.0
2023-12-12 00:14:00+00:00,33,1,260937,16243.0,16243.75,16242.75,16243.75,17,NQ.v.0
2023-12-12 00:15:00+00:00,33,1,260937,16244.0,16244.5,16242.5,16244.0,51,NQ.v.0
2023-12-12 00:16:00+00:00,33,1,260937,16243.75,16244.5,16242.75,16244.0,58,NQ.v.0
2023-12-12 00:17:00+00:00,33,1,260937,16243.75,16244.25,16243.25,16243.5,15,NQ.v.0
2023-12-12 00:18:00+00:00,33,1,260937,16243.75,16244.75,16243.5,16244.0,28,NQ.v.0
2023-12-12 00:19:00+00:00,33,1,260937,16244.75,16246.25,16244.5,16245.25,132,NQ.v.0
2023-12-12 00:20:00+00:00,33,1,260937,16245.25,16256.75,16245.25,16255.5,267,NQ.v.0
2023-12-12 00:21:00+00:00,33,1,260937,16255.25,16265.0,16254.0,16262.75,321,NQ.v.0
2023-12-12 00:22:00+00:00,33,1,260937,16263.25,16271.75,16262.25,16269.25,333,NQ.v.0
2023-12-12 00:23:00+00:00,33,1,260937,16268.0,16269.0,16265.0,16268.25,101,NQ.v.0
2023-12-12 00:24:00+00:00,33,1,260937,16268.25,16268.25,16255.25,16256.75,208,NQ.v.0
2023-12-12 00:25:00+00:00,33,1,260937,16257.5,16263.0,16255.5,16260.0,112,NQ.v.0
2023-12-12 00:26:00+00:00,33,1,260937,16260.5,16261.25,16256.0,16256.75,82,NQ.v.0
2023-12-12 00:27:00+00:00,33,1,260937,16257.25,16258.5,16254.5,16255.5,47,NQ.v.0
2023-12-12 00:28:00+00:00,33,1,260937,16255.0,16257.25,16254.25,16257.25,31,NQ.v.0
2023-12-12 00:29:00+00:00,33,1,260937,16257.5,16257.75,16255.0,16256.5,79,NQ.v.0
2023-12-12 00:30:00+00:00,33,1,260937,16256.0,16256.5,16251.75,16253.75,165,NQ.v.0
2023-12-12 00:31:00+00:00,33,1,260937,16253.75,16254.75,16251.0,16252.25,118,NQ.v.0
2023-12-12 00:32:00+00:00,33,1,260937,16252.5,16252.5,16248.75,16251.0,137,NQ.v.0
2023-12-12 00:33:00+00:00,33,1,260937,16250.0,16251.0,16248.0,16249.25,90,NQ.v.0
2023-12-12 00:34:00+00:00,33,1,260937,16248.75,16252.25,16248.75,16252.0,119,NQ.v.0
2023-12-12 00:35:00+00:00,33,1,260937,16252.0,16254.75,16251.0,16253.5,116,NQ.v.0
2023-12-12 00:36:00+00:00,33,1,260937,16254.25,16255.0,16252.25,16254.0,77,NQ.v.0
2023-12-12 00:37:00+00:00,33,1,260937,16254.0,16255.0,16253.25,16253.25,45,NQ.v.0
2023-12-12 00:38:00+00:00,33,1,260937,16253.0,16254.0,16252.5,16253.25,17,NQ.v.0
2023-12-12 00:39:00+00:00,33,1,260937,16254.25,16255.75,16253.75,16254.0,21,NQ.v.0
2023-12-12 00:40:00+00:00,33,1,260937,16254.5,16258.0,16252.0,16254.0,180,NQ.v.0
2023-12-12 00:41:00+00:00,33,1,260937,16255.0,16255.5,16253.5,16255.5,23,NQ.v.0
2023-12-12 00:42:00+00:00,33,1,260937,16256.0,16258.0,16255.5,16257.25,38,NQ.v.0
2023-12-12 00:43:00+00:00,33,1,260937,16256.5,16257.25,16255.25,16255.75,24,NQ.v.0
2023-12-12 00:44:00+00:00,33,1,260937,16255.25,16256.5,16255.0,16256.5,16,NQ.v.0
2023-12-12 00:45:00+00:00,33,1,260937,16256.25,16256.75,16250.75,16252.0,36,NQ.v.0
2023-12-12 00:46:00+00:00,33,1,260937,16251.0,16253.0,16251.0,16252.0,59,NQ.v.0
2023-12-12 00:47:00+00:00,33,1,260937,16251.5,16253.5,16251.5,16253.0,32,NQ.v.0
2023-12-12 00:48:00+00:00,33,1,260937,16253.5,16254.25,16253.25,16254.25,12,NQ.v.0
2023-12-12 00:49:00+00:00,33,1,260937,16254.0,16255.75,16253.5,16255.75,86,NQ.v.0
2023-12-12 00:50:00+00:00,33,1,260937,16255.5,16255.5,16254.5,16255.0,12,NQ.v.0
2023-12-12 00:51:00+00:00,33,1,260937,16255.0,16255.25,16254.75,16255.0,25,NQ.v.0
2023-12-12 00:52:00+00:00,33,1,260937,16255.25,16257.75,16255.0,16257.0,26,NQ.v.0
2023-12-12 00:53:00+00:00,33,1,260937,16256.75,16257.25,16256.5,16257.25,18,NQ.v.0
2023-12-12 00:54:00+00:00,33,1,260937,16256.25,16257.0,16255.75,16256.25,23,NQ.v.0
2023-12-12 00:55:00+00:00,33,1,260937,16256.75,16259.0,16256.5,16258.75,31,NQ.v.0
2023-12-12 00:56:00+00:00,33,1,260937,16258.5,16259.5,16258.0,16258.25,49,NQ.v.0
2023-12-12 00:57:00+00:00,33,1,260937,16258.25,16259.0,16256.0,16256.5,26,NQ.v.0
2023-12-12 00:58:00+00:00,33,1,260937,16256.75,16257.0,16255.5,16256.25,55,NQ.v.0
2023-12-12 00:59:00+00:00,33,1,260937,16256.5,16257.5,16256.5,16257.5,14,NQ.v.0
2023-12-12 01:00:00+00:00,33,1,260937,16256.5,16256.75,16253.5,16254.75,100,NQ.v.0
2023-12-12 01:01:00+00:00,33,1,260937,16254.5,16255.5,16253.5,16255.0,37,NQ.v.0
2023-12-12 01:02:00+00:00,33,1,260937,16254.25,16256.25,16254.0,16255.25,18,NQ.v.0
2023-12-12 01:03:00+00:00,33,1,260937,16254.75,16255.25,16253.25,16253.5,24,NQ.v.0
2023-12-12 01:04:00+00:00,33,1,260937,16253.0,16255.5,16253.0,16255.25,17,NQ.v.0
2023-12-12 01:05:00+00:00,33,1,260937,16254.5,16255.0,16253.25,16253.25,35,NQ.v.0
2023-12-12 01:06:00+00:00,33,1,260937,16253.5,16254.0,16253.0,16253.75,13,NQ.v.0
2023-12-12 01:07:00+00:00,33,1,260937,16254.5,16255.25,16254.5,16255.25,7,NQ.v.0
2023-12-12 01:08:00+00:00,33,1,260937,16255.25,16257.0,16255.25,16256.75,45,NQ.v.0
2023-12-12 01:09:00+00:00,33,1,260937,16256.75,16258.75,16256.25,16256.75,37,NQ.v.0
2023-12-12 01:10:00+00:00,33,1,260937,16257.5,16259.0,16257.25,16258.25,32,NQ.v.0
2023-12-12 01:11:00+00:00,33,1,260937,16258.0,16259.25,16256.5,16256.5,64,NQ.v.0
2023-12-12 01:12:00+00:00,33,1,260937,16257.75,16258.75,16256.5,16258.75,10,NQ.v.0
2023-12-12 01:13:00+00:00,33,1,260937,16259.0,16259.5,16257.25,16257.25,63,NQ.v.0
2023-12-12 01:14:00+00:00,33,1,260937,16256.75,16256.75,16254.25,16254.75,77,NQ.v.0
2023-12-12 01:15:00+00:00,33,1,260937,16254.5,16254.75,16250.0,16250.0,108,NQ.v.0
2023-12-12 01:16:00+00:00,33,1,260937,16250.0,16256.5,16250.0,16254.75,91,NQ.v.0
2023-12-12 01:17:00+00:00,33,1,260937,16254.25,16255.75,16252.5,16253.0,32,NQ.v.0
2023-12-12 01:18:00+00:00,33,1,260937,16252.75,16253.25,16252.0,16252.5,22,NQ.v.0
2023-12-12 01:19:00+00:00,33,1,260937,16253.0,16253.75,16252.0,16252.0,18,NQ.v.0
2023-12-12 01:20:00+00:00,33,1,260937,16252.25,16252.25,16250.75,16251.5,47,NQ.v.0
2023-12-12 01:21:00+00:00,33,1,260937,16252.0,16254.0,16252.0,16253.75,55,NQ.v.0
2023-12-12 01:22:00+00:00,33,1,260937,16253.25,16253.25,16250.75,16250.75,32,NQ.v.0
2023-12-12 01:23:00+00:00,33,1,260937,16251.5,16252.0,16250.75,16251.75,24,NQ.v.0
2023-12-12 01:24:00+00:00,33,1,260937,16252.0,16252.25,16250.75,16251.75,45,NQ.v.0
2023-12-12 01:25:00+00:00,33,1,260937,16252.0,16252.0,16251.25,16251.75,10,NQ.v.0
2023-12-12 01:26:00+00:00,33,1,260937,16252.0,16254.25,16251.75,16252.0,39,NQ.v.0
2023-12-12 01:27:00+00:00,33,1,260937,16252.5,16252.5,16251.5,16252.25,11,NQ.v.0
2023-12-12 01:28:00+00:00,33,1,260937,16252.25,16252.5,16251.0,16251.75,6,NQ.v.0
2023-12-12 01:29:00+00:00,33,1,260937,16250.5,16250.5,16248.75,16249.0,50,NQ.v.0
2023-12-12 01:30:00+00:00,33,1,260937,16249.25,16250.75,16247.75,16250.0,78,NQ.v.0
2023-12-12 01:31:00+00:00,33,1,260937,16250.25,16252.5,16250.25,16252.0,28,NQ.v.0
2023-12-12 01:32:00+00:00,33,1,260937,16252.5,16253.75,16249.75,16250.25,49,NQ.v.0
2023-12-12 01:33:00+00:00,33,1,260937,16250.75,16251.0,16247.5,16248.0,38,NQ.v.0
2023-12-12 01:34:00+00:00,33,1,260937,16248.5,16249.25,16248.0,16248.25,13,NQ.v.0
2023-12-12 01:35:00+00:00,33,1,260937,16248.5,16249.5,16247.0,16249.5,42,NQ.v.0
2023-12-12 01:36:00+00:00,33,1,260937,16249.75,16252.0,16249.5,16250.5,64,NQ.v.0
2023-12-12 01:37:00+00:00,33,1,260937,16251.0,16252.5,16249.5,16251.25,38,NQ.v.0
2023-12-12 01:38:00+00:00,33,1,260937,16250.75,16252.0,16250.0,16251.5,24,NQ.v.0
2023-12-12 01:39:00+00:00,33,1,260937,16252.0,16253.5,16252.0,16253.0,46,NQ.v.0
2023-12-12 01:40:00+00:00,33,1,260937,16253.0,16253.0,16251.0,16251.0,26,NQ.v.0
2023-12-12 01:41:00+00:00,33,1,260937,16251.5,16251.75,16249.75,16250.25,34,NQ.v.0
2023-12-12 01:42:00+00:00,33,1,260937,16249.75,16250.0,16247.75,16248.25,40,NQ.v.0
2023-12-12 01:43:00+00:00,33,1,260937,16248.0,16249.0,16247.75,16247.75,14,NQ.v.0
2023-12-12 01:44:00+00:00,33,1,260937,16248.0,16248.25,16246.0,16246.0,82,NQ.v.0
2023-12-12 01:45:00+00:00,33,1,260937,16246.25,16246.75,16244.5,16245.5,126,NQ.v.0
2023-12-12 01:46:00+00:00,33,1,260937,16245.5,16247.0,16245.0,16247.0,82,NQ.v.0
2023-12-12 01:47:00+00:00,33,1,260937,16246.5,16249.0,16245.5,16248.25,62,NQ.v.0
2023-12-12 01:48:00+00:00,33,1,260937,16248.75,16250.5,16248.25,16250.0,73,NQ.v.0
2023-12-12 01:49:00+00:00,33,1,260937,16249.5,16253.0,16249.0,16252.0,35,NQ.v.0
2023-12-12 01:50:00+00:00,33,1,260937,16251.25,16252.0,16248.75,16248.75,67,NQ.v.0
2023-12-12 01:51:00+00:00,33,1,260937,16250.75,16252.0,16250.5,16252.0,13,NQ.v.0
2023-12-12 01:52:00+00:00,33,1,260937,16251.5,16252.75,16251.0,16252.0,20,NQ.v.0
2023-12-12 01:53:00+00:00,33,1,260937,16252.0,16252.5,16250.25,16252.5,28,NQ.v.0
2023-12-12 01:54:00+00:00,33,1,260937,16252.0,16252.75,16251.25,16252.25,17,NQ.v.0
2023-12-12 01:55:00+00:00,33,1,260937,16252.25,16253.75,16252.0,16252.0,33,NQ.v.0
2023-12-12 01:56:00+00:00,33,1,260937,16251.75,16252.0,16250.75,16250.75,24,NQ.v.0
2023-12-12 01:57:00+00:00,33,1,260937,16251.25,16251.25,16248.5,16248.75,97,NQ.v.0
2023-12-12 01:58:00+00:00,33,1,260937,16249.5,16250.75,16249.5,16249.5,13,NQ.v.0
2023-12-12 01:59:00+00:00,33,1,260937,16249.75,16251.0,16249.75,16249.75,27,NQ.v.0
2023-12-12 02:00:00+00:00,33,1,260937,16249.5,16252.25,16249.0,16252.0,97,NQ.v.0
2023-12-12 02:01:00+00:00,33,1,260937,16251.75,16251.75,16249.75,16250.25,41,NQ.v.0
2023-12-12 02:02:00+00:00,33,1,260937,16250.0,16251.25,16249.25,16251.25,22,NQ.v.0
2023-12-12 02:03:00+00:00,33,1,260937,16250.5,16251.0,16250.25,16250.5,6,NQ.v.0
2023-12-12 02:04:00+00:00,33,1,260937,16250.75,16252.5,16250.0,16250.0,41,NQ.v.0
2023-12-12 02:05:00+00:00,33,1,260937,16250.0,16250.0,16247.75,16249.75,76,NQ.v.0
2023-12-12 02:06:00+00:00,33,1,260937,16250.75,16252.75,16250.25,16250.25,97,NQ.v.0
2023-12-12 02:07:00+00:00,33,1,260937,16249.75,16251.25,16248.0,16251.25,89,NQ.v.0
2023-12-12 02:08:00+00:00,33,1,260937,16250.75,16252.25,16250.25,16251.75,48,NQ.v.0
2023-12-12 02:09:00+00:00,33,1,260937,16252.25,16252.25,16249.5,16250.0,65,NQ.v.0
2023-12-12 02:10:00+00:00,33,1,260937,16250.0,16250.75,16250.0,16250.75,12,NQ.v.0
2023-12-12 02:11:00+00:00,33,1,260937,16251.0,16251.0,16251.0,16251.0,1,NQ.v.0
2023-12-12 02:12:00+00:00,33,1,260937,16252.0,16253.75,16250.25,16251.5,87,NQ.v.0
2023-12-12 02:13:00+00:00,33,1,260937,16251.5,16251.75,16251.0,16251.5,27,NQ.v.0
2023-12-12 02:14:00+00:00,33,1,260937,16251.0,16251.0,16249.0,16249.0,66,NQ.v.0
2023-12-12 02:15:00+00:00,33,1,260937,16250.0,16251.0,16249.5,16251.0,29,NQ.v.0
2023-12-12 02:16:00+00:00,33,1,260937,16251.5,16253.25,16251.25,16251.75,77,NQ.v.0
2023-12-12 02:17:00+00:00,33,1,260937,16251.25,16252.5,16251.0,16251.25,13,NQ.v.0
2023-12-12 02:18:00+00:00,33,1,260937,16251.5,16253.5,16251.25,16253.0,74,NQ.v.0
2023-12-12 02:19:00+00:00,33,1,260937,16253.25,16253.25,16251.25,16251.25,43,NQ.v.0
2023-12-12 02:20:00+00:00,33,1,260937,16250.75,16251.0,16249.75,16250.75,57,NQ.v.0
2023-12-12 02:21:00+00:00,33,1,260937,16250.25,16251.25,16250.25,16250.75,35,NQ.v.0
2023-12-12 02:22:00+00:00,33,1,260937,16250.0,16250.25,16248.5,16250.0,27,NQ.v.0
2023-12-12 02:23:00+00:00,33,1,260937,16249.25,16251.0,16248.75,16251.0,21,NQ.v.0
2023-12-12 02:24:00+00:00,33,1,260937,16251.25,16252.25,16250.25,16250.25,14,NQ.v.0
2023-12-12 02:25:00+00:00,33,1,260937,16249.5,16249.5,16249.0,16249.5,14,NQ.v.0
2023-12-12 02:26:00+00:00,33,1,260937,16249.25,16250.75,16249.25,16250.5,23,NQ.v.0
2023-12-12 02:27:00+00:00,33,1,260937,16251.0,16252.25,16251.0,16251.0,15,NQ.v.0
2023-12-12 02:28:00+00:00,33,1,260937,16251.25,16251.25,16250.0,16250.25,7,NQ.v.0
2023-12-12 02:29:00+00:00,33,1,260937,16250.25,16250.25,16249.25,16249.25,17,NQ.v.0
2023-12-12 02:30:00+00:00,33,1,260937,16249.5,16250.0,16248.75,16249.25,44,NQ.v.0
2023-12-12 02:31:00+00:00,33,1,260937,16249.25,16249.5,16249.25,16249.25,8,NQ.v.0
2023-12-12 02:32:00+00:00,33,1,260937,16249.25,16250.0,16248.5,16249.75,20,NQ.v.0
2023-12-12 02:33:00+00:00,33,1,260937,16249.5,16251.0,16249.5,16250.75,25,NQ.v.0
2023-12-12 02:34:00+00:00,33,1,260937,16251.25,16252.75,16251.25,16251.75,55,NQ.v.0
2023-12-12 02:35:00+00:00,33,1,260937,16252.0,16252.0,16251.25,16251.75,49,NQ.v.0
2023-12-12 02:36:00+00:00,33,1,260937,16251.75,16253.5,16251.75,16253.25,17,NQ.v.0
2023-12-12 02:37:00+00:00,33,1,260937,16253.0,16254.0,16252.0,16252.75,70,NQ.v.0
2023-12-12 02:38:00+00:00,33,1,260937,16252.25,16252.25,16250.0,16251.0,81,NQ.v.0
2023-12-12 02:39:00+00:00,33,1,260937,16250.75,16251.0,16249.5,16249.75,11,NQ.v.0
2023-12-12 02:40:00+00:00,33,1,260937,16250.5,16250.5,16249.25,16249.75,8,NQ.v.0
2023-12-12 02:41:00+00:00,33,1,260937,16250.75,16251.75,16250.5,16251.75,18,NQ.v.0
2023-12-12 02:42:00+00:00,33,1,260937,16252.0,16254.0,16251.5,16253.0,117,NQ.v.0
2023-12-12 02:43:00+00:00,33,1,260937,16252.75,16254.0,16252.5,16254.0,59,NQ.v.0
2023-12-12 02:44:00+00:00,33,1,260937,16253.25,16253.75,16252.5,16252.75,28,NQ.v.0
2023-12-12 02:45:00+00:00,33,1,260937,16253.0,16253.25,16252.0,16253.0,21,NQ.v.0
2023-12-12 02:46:00+00:00,33,1,260937,16253.25,16254.25,16253.0,16253.5,24,NQ.v.0
2023-12-12 02:47:00+00:00,33,1,260937,16253.75,16255.25,16253.5,16254.0,43,NQ.v.0
2023-12-12 02:48:00+00:00,33,1,260937,16254.0,16254.0,16252.5,16252.75,10,NQ.v.0
2023-12-12 02:49:00+00:00,33,1,260937,16252.5,16254.75,16252.5,16254.75,15,NQ.v.0
2023-12-12 02:50:00+00:00,33,1,260937,16255.0,16255.0,16253.0,16253.0,19,NQ.v.0
2023-12-12 02:51:00+00:00,33,1,260937,16253.25,16253.5,16253.0,16253.5,5,NQ.v.0
2023-12-12 02:52:00+00:00,33,1,260937,16254.0,16254.0,16253.5,16253.5,3,NQ.v.0
2023-12-12 02:53:00+00:00,33,1,260937,16254.0,16255.0,16254.0,16254.5,11,NQ.v.0
2023-12-12 02:54:00+00:00,33,1,260937,16254.75,16256.25,16254.75,16255.75,21,NQ.v.0
2023-12-12 02:55:00+00:00,33,1,260937,16256.0,16257.5,16255.75,16257.0,34,NQ.v.0
2023-12-12 02:56:00+00:00,33,1,260937,16257.25,16257.25,16256.25,16256.25,9,NQ.v.0
2023-12-12 02:57:00+00:00,33,1,260937,16255.25,16255.5,16254.25,16254.25,9,NQ.v.0
2023-12-12 02:58:00+00:00,33,1,260937,16254.25,16254.25,16253.5,16253.75,3,NQ.v.0
2023-12-12 02:59:00+00:00,33,1,260937,16253.75,16254.75,16253.5,16254.25,14,NQ.v.0
2023-12-12 03:00:00+00:00,33,1,260937,16254.25,16254.25,16252.75,16252.75,10,NQ.v.0
2023-12-12 03:01:00+00:00,33,1,260937,16252.75,16256.25,16252.75,16256.25,19,NQ.v.0
2023-12-12 03:02:00+00:00,33,1,260937,16256.25,16256.25,16255.5,16255.5,7,NQ.v.0
2023-12-12 03:03:00+00:00,33,1,260937,16255.5,16256.0,16254.25,16254.75,28,NQ.v.0
2023-12-12 03:04:00+00:00,33,1,260937,16254.75,16254.75,16254.5,16254.75,7,NQ.v.0
2023-12-12 03:05:00+00:00,33,1,260937,16254.75,16255.0,16253.75,16255.0,8,NQ.v.0
2023-12-12 03:06:00+00:00,33,1,260937,16254.5,16255.25,16254.5,16255.0,5,NQ.v.0
2023-12-12 03:07:00+00:00,33,1,260937,16254.5,16254.75,16254.25,16254.75,4,NQ.v.0
2023-12-12 03:08:00+00:00,33,1,260937,16254.75,16255.25,16254.75,16254.75,5,NQ.v.0
2023-12-12 03:09:00+00:00,33,1,260937,16255.5,16257.25,16255.5,16257.25,25,NQ.v.0
2023-12-12 03:10:00+00:00,33,1,260937,16257.25,16258.0,16256.25,16257.0,16,NQ.v.0
2023-12-12 03:11:00+00:00,33,1,260937,16257.0,16257.75,16257.0,16257.75,3,NQ.v.0
2023-12-12 03:12:00+00:00,33,1,260937,16257.25,16257.25,16256.0,16256.0,22,NQ.v.0
2023-12-12 03:13:00+00:00,33,1,260937,16257.25,16257.75,16257.0,16257.75,10,NQ.v.0
2023-12-12 03:14:00+00:00,33,1,260937,16257.75,16258.0,16257.25,16257.25,16,NQ.v.0
2023-12-12 03:15:00+00:00,33,1,260937,16257.0,16258.0,16256.5,16258.0,10,NQ.v.0
2023-12-12 03:16:00+00:00,33,1,260937,16257.25,16258.0,16257.25,16258.0,3,NQ.v.0
2023-12-12 03:17:00+00:00,33,1,260937,16258.0,16259.75,16257.5,16259.75,31,NQ.v.0
2023-12-12 03:18:00+00:00,33,1,260937,16259.25,16259.25,16257.75,16258.25,5,NQ.v.0
2023-12-12 03:19:00+00:00,33,1,260937,16256.75,16257.25,16256.5,16257.25,12,NQ.v.0
2023-12-12 03:20:00+00:00,33,1,260937,16256.75,16257.25,16256.5,16257.25,12,NQ.v.0
2023-12-12 03:21:00+00:00,33,1,260937,16256.75,16257.25,16256.25,16257.25,16,NQ.v.0
2023-12-12 03:22:00+00:00,33,1,260937,16256.5,16257.5,16256.5,16256.5,11,NQ.v.0
2023-12-12 03:23:00+00:00,33,1,260937,16256.5,16257.0,16256.5,16257.0,4,NQ.v.0
2023-12-12 03:24:00+00:00,33,1,260937,16256.5,16257.0,16256.25,16257.0,10,NQ.v.0
2023-12-12 03:25:00+00:00,33,1,260937,16257.0,16257.0,16255.75,16256.75,8,NQ.v.0
2023-12-12 03:26:00+00:00,33,1,260937,16257.5,16257.75,16256.5,16257.0,10,NQ.v.0
2023-12-12 03:27:00+00:00,33,1,260937,16256.75,16256.75,16256.5,16256.75,7,NQ.v.0
2023-12-12 03:28:00+00:00,33,1,260937,16256.75,16256.75,16256.75,16256.75,2,NQ.v.0
2023-12-12 03:29:00+00:00,33,1,260937,16256.25,16256.25,16256.25,16256.25,1,NQ.v.0
2023-12-12 03:30:00+00:00,33,1,260937,16256.25,16256.75,16254.75,16256.75,19,NQ.v.0
2023-12-12 03:31:00+00:00,33,1,260937,16257.25,16259.25,16257.25,16258.5,31,NQ.v.0
2023-12-12 03:32:00+00:00,33,1,260937,16259.0,16259.0,16257.75,16257.75,13,NQ.v.0
2023-12-12 03:33:00+00:00,33,1,260937,16258.25,16258.25,16257.75,16258.25,9,NQ.v.0
2023-12-12 03:34:00+00:00,33,1,260937,16258.75,16259.75,16258.75,16259.5,23,NQ.v.0
2023-12-12 03:35:00+00:00,33,1,260937,16260.0,16261.5,16258.0,16258.75,74,NQ.v.0
2023-12-12 03:36:00+00:00,33,1,260937,16259.5,16259.75,16259.0,16259.75,7,NQ.v.0
2023-12-12 03:37:00+00:00,33,1,260937,16258.75,16259.25,16258.75,16259.25,6,NQ.v.0
2023-12-12 03:38:00+00:00,33,1,260937,16259.0,16260.25,16259.0,16260.25,13,NQ.v.0
2023-12-12 03:39:00+00:00,33,1,260937,16259.5,16259.5,16259.0,16259.0,7,NQ.v.0
2023-12-12 03:40:00+00:00,33,1,260937,16259.5,16260.25,16258.25,16258.25,27,NQ.v.0
2023-12-12 03:41:00+00:00,33,1,260937,16258.5,16258.5,16258.0,16258.0,18,NQ.v.0
2023-12-12 03:42:00+00:00,33,1,260937,16258.5,16259.0,16258.5,16259.0,3,NQ.v.0
2023-12-12 03:43:00+00:00,33,1,260937,16259.25,16259.5,16258.5,16258.5,7,NQ.v.0
2023-12-12 03:44:00+00:00,33,1,260937,16258.0,16258.5,16257.5,16258.5,12,NQ.v.0
2023-12-12 03:45:00+00:00,33,1,260937,16258.25,16258.25,16257.5,16257.5,2,NQ.v.0
2023-12-12 03:46:00+00:00,33,1,260937,16257.5,16258.0,16257.5,16258.0,4,NQ.v.0
2023-12-12 03:47:00+00:00,33,1,260937,16257.75,16257.75,16257.0,16257.75,8,NQ.v.0
2023-12-12 03:48:00+00:00,33,1,260937,16257.75,16258.0,16257.5,16257.5,8,NQ.v.0
2023-12-12 03:49:00+00:00,33,1,260937,16257.25,16257.75,16257.0,16257.25,14,NQ.v.0
2023-12-12 03:50:00+00:00,33,1,260937,16257.75,16257.75,16256.75,16257.0,47,NQ.v.0
2023-12-12 03:51:00+00:00,33,1,260937,16256.75,16256.75,16255.0,16255.0,42,NQ.v.0
2023-12-12 03:52:00+00:00,33,1,260937,16255.0,16255.75,16255.0,16255.75,14,NQ.v.0
2023-12-12 03:53:00+00:00,33,1,260937,16255.5,16255.75,16255.0,16255.75,14,NQ.v.0
2023-12-12 03:54:00+00:00,33,1,260937,16255.25,16255.5,16253.75,16255.5,37,NQ.v.0
2023-12-12 03:55:00+00:00,33,1,260937,16255.25,16255.25,16254.0,16254.0,11,NQ.v.0
2023-12-12 03:56:00+00:00,33,1,260937,16254.0,16254.0,16252.25,16253.0,49,NQ.v.0
2023-12-12 03:57:00+00:00,33,1,260937,16252.75,16253.75,16252.5,16253.5,9,NQ.v.0
2023-12-12 03:58:00+00:00,33,1,260937,16253.25,16253.5,16252.75,16253.25,20,NQ.v.0
2023-12-12 03:59:00+00:00,33,1,260937,16253.25,16254.5,16253.25,16254.5,5,NQ.v.0
2023-12-12 04:00:00+00:00,33,1,260937,16254.0,16254.25,16253.5,16254.25,10,NQ.v.0
2023-12-12 04:01:00+00:00,33,1,260937,16254.0,16254.5,16253.25,16254.5,9,NQ.v.0
2023-12-12 04:02:00+00:00,33,1,260937,16254.75,16254.75,16254.5,16254.5,4,NQ.v.0
2023-12-12 04:03:00+00:00,33,1,260937,16253.75,16254.25,16253.75,16254.25,10,NQ.v.0
2023-12-12 04:04:00+00:00,33,1,260937,16255.0,16255.0,16253.5,16253.5,28,NQ.v.0
2023-12-12 04:05:00+00:00,33,1,260937,16253.75,16253.75,16252.75,16252.75,16,NQ.v.0
2023-12-12 04:06:00+00:00,33,1,260937,16253.0,16253.0,16252.75,16253.0,9,NQ.v.0
2023-12-12 04:07:00+00:00,33,1,260937,16252.5,16253.75,16252.5,16253.75,11,NQ.v.0
2023-12-12 04:08:00+00:00,33,1,260937,16254.0,16254.0,16251.5,16251.5,44,NQ.v.0
2023-12-12 04:09:00+00:00,33,1,260937,16251.75,16252.25,16251.5,16251.75,23,NQ.v.0
2023-12-12 04:10:00+00:00,33,1,260937,16251.5,16254.5,16251.5,16254.5,71,NQ.v.0
2023-12-12 04:11:00+00:00,33,1,260937,16254.5,16254.75,16254.5,16254.5,9,NQ.v.0
2023-12-12 04:12:00+00:00,33,1,260937,16254.5,16256.25,16254.5,16255.5,24,NQ.v.0
2023-12-12 04:13:00+00:00,33,1,260937,16255.5,16255.75,16253.5,16253.5,27,NQ.v.0
2023-12-12 04:14:00+00:00,33,1,260937,16253.75,16254.25,16253.5,16254.0,11,NQ.v.0
2023-12-12 04:15:00+00:00,33,1,260937,16254.25,16254.5,16253.75,16253.75,16,NQ.v.0
2023-12-12 04:16:00+00:00,33,1,260937,16254.5,16254.75,16254.5,16254.75,4,NQ.v.0
2023-12-12 04:17:00+00:00,33,1,260937,16254.5,16255.0,16254.0,16254.5,14,NQ.v.0
2023-12-12 04:18:00+00:00,33,1,260937,16254.25,16255.75,16254.25,16255.0,17,NQ.v.0
2023-12-12 04:19:00+00:00,33,1,260937,16255.0,16255.0,16254.5,16254.75,5,NQ.v.0
2023-12-12 04:20:00+00:00,33,1,260937,16254.25,16254.75,16254.25,16254.75,9,NQ.v.0
2023-12-12 04:21:00+00:00,33,1,260937,16255.0,16255.25,16255.0,16255.25,4,NQ.v.0
2023-12-12 04:22:00+00:00,33,1,260937,16255.5,16255.5,16254.75,16255.25,3,NQ.v.0
2023-12-12 04:23:00+00:00,33,1,260937,16255.25,16256.25,16254.0,16254.25,32,NQ.v.0
2023-12-12 04:24:00+00:00,33,1,260937,16254.75,16256.5,16254.75,16256.5,37,NQ.v.0
2023-12-12 04:25:00+00:00,33,1,260937,16256.5,16257.0,16256.0,16256.75,10,NQ.v.0
2023-12-12 04:26:00+00:00,33,1,260937,16256.5,16256.75,16256.0,16256.0,5,NQ.v.0
2023-12-12 04:27:00+00:00,33,1,260937,16255.75,16256.0,16255.75,16255.75,4,NQ.v.0
2023-12-12 04:28:00+00:00,33,1,260937,16256.0,16257.0,16256.0,16257.0,8,NQ.v.0
2023-12-12 04:29:00+00:00,33,1,260937,16256.5,16256.75,16256.5,16256.75,3,NQ.v.0
2023-12-12 04:30:00+00:00,33,1,260937,16256.75,16257.75,16256.75,16257.25,17,NQ.v.0
2023-12-12 04:31:00+00:00,33,1,260937,16257.5,16258.5,16256.25,16256.25,97,NQ.v.0
2023-12-12 04:32:00+00:00,33,1,260937,16255.75,16256.0,16255.25,16255.5,9,NQ.v.0
2023-12-12 04:33:00+00:00,33,1,260937,16256.0,16256.0,16255.0,16255.0,22,NQ.v.0
2023-12-12 04:34:00+00:00,33,1,260937,16255.0,16255.0,16254.5,16254.5,7,NQ.v.0
2023-12-12 04:35:00+00:00,33,1,260937,16254.5,16254.5,16252.75,16253.5,23,NQ.v.0
2023-12-12 04:36:00+00:00,33,1,260937,16253.25,16253.25,16253.0,16253.0,3,NQ.v.0
2023-12-12 04:37:00+00:00,33,1,260937,16253.5,16253.75,16253.0,16253.0,11,NQ.v.0
2023-12-12 04:38:00+00:00,33,1,260937,16253.0,16253.5,16253.0,16253.5,6,NQ.v.0
2023-12-12 04:39:00+00:00,33,1,260937,16253.5,16253.75,16253.0,16253.5,11,NQ.v.0
2023-12-12 04:40:00+00:00,33,1,260937,16253.5,16253.5,16253.0,16253.0,6,NQ.v.0
2023-12-12 04:41:00+00:00,33,1,260937,16253.75,16254.75,16253.75,16254.5,16,NQ.v.0
2023-12-12 04:42:00+00:00,33,1,260937,16254.0,16254.25,16254.0,16254.0,7,NQ.v.0
2023-12-12 04:43:00+00:00,33,1,260937,16253.75,16253.75,16253.5,16253.5,5,NQ.v.0
2023-12-12 04:44:00+00:00,33,1,260937,16253.25,16253.25,16253.0,16253.0,4,NQ.v.0
2023-12-12 04:45:00+00:00,33,1,260937,16253.25,16253.25,16252.5,16253.0,10,NQ.v.0
2023-12-12 04:46:00+00:00,33,1,260937,16253.25,16255.75,16253.25,16254.75,37,NQ.v.0
2023-12-12 04:47:00+00:00,33,1,260937,16254.75,16254.75,16253.75,16253.75,10,NQ.v.0
2023-12-12 04:48:00+00:00,33,1,260937,16254.0,16254.75,16254.0,16254.25,5,NQ.v.0
2023-12-12 04:49:00+00:00,33,1,260937,16253.5,16254.25,16253.5,16254.0,4,NQ.v.0
2023-12-12 04:50:00+00:00,33,1,260937,16253.75,16254.0,16253.75,16254.0,4,NQ.v.0
2023-12-12 04:51:00+00:00,33,1,260937,16254.5,16254.75,16254.5,16254.5,13,NQ.v.0
2023-12-12 04:52:00+00:00,33,1,260937,16254.75,16256.25,16254.25,16255.75,18,NQ.v.0
2023-12-12 04:53:00+00:00,33,1,260937,16254.75,16254.75,16254.0,16254.5,7,NQ.v.0
2023-12-12 04:54:00+00:00,33,1,260937,16254.75,16255.75,16254.75,16255.75,6,NQ.v.0
2023-12-12 04:55:00+00:00,33,1,260937,16254.25,16254.5,16253.5,16253.75,15,NQ.v.0
2023-12-12 04:56:00+00:00,33,1,260937,16254.0,16255.25,16254.0,16255.25,19,NQ.v.0
2023-12-12 04:57:00+00:00,33,1,260937,16255.75,16256.0,16255.25,16255.75,11,NQ.v.0
2023-12-12 04:58:00+00:00,33,1,260937,16255.75,16255.75,16255.0,16255.25,17,NQ.v.0
2023-12-12 04:59:00+00:00,33,1,260937,16255.25,16255.25,16254.0,16254.5,11,NQ.v.0
2023-12-12 05:00:00+00:00,33,1,260937,16254.75,16255.0,16254.25,16254.5,7,NQ.v.0
2023-12-12 05:01:00+00:00,33,1,260937,16254.5,16254.5,16253.5,16254.0,16,NQ.v.0
2023-12-12 05:02:00+00:00,33,1,260937,16254.5,16256.0,16254.5,16255.5,32,NQ.v.0
2023-12-12 05:03:00+00:00,33,1,260937,16255.75,16256.5,16255.25,16255.25,14,NQ.v.0
2023-12-12 05:04:00+00:00,33,1,260937,16256.5,16257.5,16256.0,16257.25,20,NQ.v.0
2023-12-12 05:05:00+00:00,33,1,260937,16257.25,16257.25,16255.75,16255.75,14,NQ.v.0
2023-12-12 05:06:00+00:00,33,1,260937,16255.5,16255.75,16254.25,16254.25,16,NQ.v.0
2023-12-12 05:07:00+00:00,33,1,260937,16255.0,16255.25,16254.75,16255.25,7,NQ.v.0
2023-12-12 05:08:00+00:00,33,1,260937,16255.25,16256.25,16255.0,16255.0,12,NQ.v.0
2023-12-12 05:09:00+00:00,33,1,260937,16256.75,16256.75,16256.0,16256.75,4,NQ.v.0
2023-12-12 05:10:00+00:00,33,1,260937,16256.5,16256.75,16255.25,16256.75,6,NQ.v.0
2023-12-12 05:11:00+00:00,33,1,260937,16256.25,16257.0,16256.25,16257.0,11,NQ.v.0
2023-12-12 05:12:00+00:00,33,1,260937,16257.5,16257.5,16257.0,16257.0,14,NQ.v.0
2023-12-12 05:13:00+00:00,33,1,260937,16256.5,16257.0,16256.0,16257.0,13,NQ.v.0
2023-12-12 05:15:00+00:00,33,1,260937,16256.5,16256.5,16256.0,16256.0,4,NQ.v.0
2023-12-12 05:16:00+00:00,33,1,260937,16255.75,16256.0,16255.75,16255.75,4,NQ.v.0
2023-12-12 05:17:00+00:00,33,1,260937,16256.25,16256.25,16256.25,16256.25,2,NQ.v.0
2023-12-12 05:18:00+00:00,33,1,260937,16256.0,16256.0,16255.75,16255.75,2,NQ.v.0
2023-12-12 05:19:00+00:00,33,1,260937,16256.0,16256.0,16255.5,16255.5,4,NQ.v.0
2023-12-12 05:20:00+00:00,33,1,260937,16255.25,16256.0,16255.25,16255.25,9,NQ.v.0
2023-12-12 05:21:00+00:00,33,1,260937,16255.25,16255.75,16255.0,16255.5,7,NQ.v.0
2023-12-12 05:22:00+00:00,33,1,260937,16256.0,16256.75,16255.5,16255.5,15,NQ.v.0
2023-12-12 05:23:00+00:00,33,1,260937,16255.0,16255.5,16255.0,16255.5,26,NQ.v.0
2023-12-12 05:24:00+00:00,33,1,260937,16255.0,16255.5,16253.75,16254.75,36,NQ.v.0
2023-12-12 05:25:00+00:00,33,1,260937,16254.5,16254.75,16254.0,16254.75,8,NQ.v.0
2023-12-12 05:26:00+00:00,33,1,260937,16254.75,16255.25,16254.75,16255.25,4,NQ.v.0
2023-12-12 05:27:00+00:00,33,1,260937,16255.25,16256.0,16255.0,16256.0,16,NQ.v.0
2023-12-12 05:28:00+00:00,33,1,260937,16255.0,16256.25,16255.0,16256.25,8,NQ.v.0
2023-12-12 05:29:00+00:00,33,1,260937,16256.25,16257.75,16256.25,16257.5,26,NQ.v.0
2023-12-12 05:30:00+00:00,33,1,260937,16256.75,16257.75,16256.5,16256.5,8,NQ.v.0
2023-12-12 05:31:00+00:00,33,1,260937,16257.25,16257.25,16256.25,16256.25,5,NQ.v.0
2023-12-12 05:32:00+00:00,33,1,260937,16256.75,16256.75,16255.75,16256.25,13,NQ.v.0
2023-12-12 05:33:00+00:00,33,1,260937,16256.5,16257.75,16256.5,16257.5,9,NQ.v.0
2023-12-12 05:34:00+00:00,33,1,260937,16257.75,16258.25,16257.5,16258.0,27,NQ.v.0
2023-12-12 05:35:00+00:00,33,1,260937,16258.0,16259.5,16258.0,16259.5,33,NQ.v.0
2023-12-12 05:36:00+00:00,33,1,260937,16259.25,16259.25,16259.0,16259.25,4,NQ.v.0
2023-12-12 05:37:00+00:00,33,1,260937,16259.25,16260.5,16259.0,16260.5,18,NQ.v.0
2023-12-12 05:38:00+00:00,33,1,260937,16260.75,16262.25,16260.0,16262.0,24,NQ.v.0
2023-12-12 05:39:00+00:00,33,1,260937,16261.0,16261.25,16260.5,16261.25,15,NQ.v.0
2023-12-12 05:40:00+00:00,33,1,260937,16261.5,16263.75,16261.5,16263.75,26,NQ.v.0
2023-12-12 05:41:00+00:00,33,1,260937,16263.25,16264.0,16263.25,16263.75,15,NQ.v.0
2023-12-12 05:42:00+00:00,33,1,260937,16263.25,16265.0,16263.25,16264.75,39,NQ.v.0
2023-12-12 05:43:00+00:00,33,1,260937,16264.75,16267.0,16264.75,16266.0,53,NQ.v.0
2023-12-12 05:44:00+00:00,33,1,260937,16266.0,16266.5,16265.5,16265.5,19,NQ.v.0
2023-12-12 05:45:00+00:00,33,1,260937,16265.0,16265.0,16262.5,16263.0,78,NQ.v.0
2023-12-12 05:46:00+00:00,33,1,260937,16262.75,16263.5,16262.25,16263.0,12,NQ.v.0
2023-12-12 05:47:00+00:00,33,1,260937,16263.0,16263.0,16261.75,16261.75,2,NQ.v.0
2023-12-12 05:48:00+00:00,33,1,260937,16262.0,16263.0,16262.0,16262.75,7,NQ.v.0
2023-12-12 05:49:00+00:00,33,1,260937,16263.0,16263.25,16262.5,16262.75,8,NQ.v.0
2023-12-12 05:50:00+00:00,33,1,260937,16263.0,16263.25,16262.25,16263.0,18,NQ.v.0
2023-12-12 05:51:00+00:00,33,1,260937,16263.0,16263.25,16262.5,16262.75,8,NQ.v.0
2023-12-12 05:52:00+00:00,33,1,260937,16263.0,16263.25,16262.75,16263.0,5,NQ.v.0
2023-12-12 05:53:00+00:00,33,1,260937,16263.5,16263.75,16262.5,16262.5,9,NQ.v.0
2023-12-12 05:54:00+00:00,33,1,260937,16262.5,16263.5,16262.5,16263.5,11,NQ.v.0
2023-12-12 05:55:00+00:00,33,1,260937,16262.75,16263.25,16262.75,16263.25,3,NQ.v.0
2023-12-12 05:56:00+00:00,33,1,260937,16262.5,16263.75,16262.5,16263.25,11,NQ.v.0
2023-12-12 05:57:00+00:00,33,1,260937,16264.0,16264.25,16263.75,16264.25,6,NQ.v.0
2023-12-12 05:58:00+00:00,33,1,260937,16264.0,16264.25,16263.5,16263.75,12,NQ.v.0
2023-12-12 05:59:00+00:00,33,1,260937,16263.75,16264.0,16263.25,16263.25,10,NQ.v.0
2023-12-12 06:00:00+00:00,33,1,260937,16263.5,16264.25,16261.75,16264.0,36,NQ.v.0
2023-12-12 06:01:00+00:00,33,1,260937,16263.75,16264.5,16263.75,16264.5,10,NQ.v.0
2023-12-12 06:02:00+00:00,33,1,260937,16264.5,16264.75,16264.5,16264.5,5,NQ.v.0
2023-12-12 06:03:00+00:00,33,1,260937,16264.5,16265.0,16263.5,16263.5,14,NQ.v.0
2023-12-12 06:04:00+00:00,33,1,260937,16264.0,16265.25,16264.0,16264.25,25,NQ.v.0
2023-12-12 06:05:00+00:00,33,1,260937,16264.25,16264.25,16258.5,16259.5,94,NQ.v.0
2023-12-12 06:06:00+00:00,33,1,260937,16259.25,16261.5,16259.0,16260.5,97,NQ.v.0
2023-12-12 06:07:00+00:00,33,1,260937,16260.0,16261.75,16260.0,16261.25,15,NQ.v.0
2023-12-12 06:08:00+00:00,33,1,260937,16261.75,16262.0,16258.75,16259.25,28,NQ.v.0
2023-12-12 06:09:00+00:00,33,1,260937,16259.25,16259.75,16258.5,16259.75,19,NQ.v.0
2023-12-12 06:10:00+00:00,33,1,260937,16260.5,16261.25,16260.0,16261.0,17,NQ.v.0
2023-12-12 06:11:00+00:00,33,1,260937,16261.5,16262.5,16261.0,16262.25,19,NQ.v.0
2023-12-12 06:12:00+00:00,33,1,260937,16262.75,16264.25,16262.75,16264.25,22,NQ.v.0
2023-12-12 06:13:00+00:00,33,1,260937,16264.25,16265.0,16262.25,16265.0,23,NQ.v.0
2023-12-12 06:14:00+00:00,33,1,260937,16263.75,16263.75,16261.0,16262.25,11,NQ.v.0
2023-12-12 06:15:00+00:00,33,1,260937,16262.25,16262.25,16260.25,16261.5,18,NQ.v.0
2023-12-12 06:16:00+00:00,33,1,260937,16261.5,16261.75,16260.75,16260.75,43,NQ.v.0
2023-12-12 06:17:00+00:00,33,1,260937,16260.75,16261.5,16260.75,16261.25,24,NQ.v.0
2023-12-12 06:18:00+00:00,33,1,260937,16261.5,16261.75,16261.5,16261.5,4,NQ.v.0
2023-12-12 06:19:00+00:00,33,1,260937,16261.25,16262.5,16261.25,16262.5,4,NQ.v.0
2023-12-12 06:20:00+00:00,33,1,260937,16262.0,16262.25,16261.5,16262.25,4,NQ.v.0
2023-12-12 06:21:00+00:00,33,1,260937,16263.0,16263.5,16262.75,16263.5,11,NQ.v.0
2023-12-12 06:22:00+00:00,33,1,260937,16263.25,16263.25,16262.0,16262.5,8,NQ.v.0
2023-12-12 06:23:00+00:00,33,1,260937,16262.5,16262.5,16260.25,16260.75,11,NQ.v.0
2023-12-12 06:24:00+00:00,33,1,260937,16261.0,16261.25,16260.5,16260.75,10,NQ.v.0
2023-12-12 06:25:00+00:00,33,1,260937,16260.75,16261.25,16260.75,16261.25,3,NQ.v.0
2023-12-12 06:26:00+00:00,33,1,260937,16261.0,16261.0,16259.25,16259.25,18,NQ.v.0
2023-12-12 06:27:00+00:00,33,1,260937,16259.75,16260.25,16259.25,16260.25,11,NQ.v.0
2023-12-12 06:28:00+00:00,33,1,260937,16260.5,16260.5,16259.25,16259.75,15,NQ.v.0
2023-12-12 06:29:00+00:00,33,1,260937,16259.75,16260.25,16257.75,16259.75,36,NQ.v.0
2023-12-12 06:30:00+00:00,33,1,260937,16258.25,16258.25,16257.75,16258.0,11,NQ.v.0
2023-12-12 06:31:00+00:00,33,1,260937,16257.75,16259.25,16257.25,16258.5,15,NQ.v.0
2023-12-12 06:32:00+00:00,33,1,260937,16258.25,16259.0,16258.25,16259.0,3,NQ.v.0
2023-12-12 06:33:00+00:00,33,1,260937,16258.5,16259.25,16258.5,16259.25,3,NQ.v.0
2023-12-12 06:34:00+00:00,33,1,260937,16260.25,16260.5,16259.5,16260.5,12,NQ.v.0
2023-12-12 06:35:00+00:00,33,1,260937,16260.5,16260.5,16259.5,16259.5,6,NQ.v.0
2023-12-12 06:36:00+00:00,33,1,260937,16259.75,16260.25,16259.75,16260.0,6,NQ.v.0
2023-12-12 06:37:00+00:00,33,1,260937,16260.25,16261.0,16260.0,16261.0,12,NQ.v.0
2023-12-12 06:38:00+00:00,33,1,260937,16261.5,16261.5,16261.0,16261.0,7,NQ.v.0
2023-12-12 06:39:00+00:00,33,1,260937,16261.0,16261.0,16260.5,16260.5,2,NQ.v.0
2023-12-12 06:40:00+00:00,33,1,260937,16260.5,16261.5,16260.5,16261.25,14,NQ.v.0
2023-12-12 06:41:00+00:00,33,1,260937,16261.0,16261.5,16261.0,16261.5,11,NQ.v.0
2023-12-12 06:42:00+00:00,33,1,260937,16261.0,16261.0,16260.5,16260.5,9,NQ.v.0
2023-12-12 06:43:00+00:00,33,1,260937,16260.25,16263.5,16260.0,16262.75,77,NQ.v.0
2023-12-12 06:44:00+00:00,33,1,260937,16262.75,16262.75,16260.75,16260.75,12,NQ.v.0
2023-12-12 06:45:00+00:00,33,1,260937,16260.5,16262.25,16260.25,16262.25,12,NQ.v.0
2023-12-12 06:46:00+00:00,33,1,260937,16261.75,16261.75,16260.5,16260.75,4,NQ.v.0
2023-12-12 06:47:00+00:00,33,1,260937,16260.0,16260.5,16260.0,16260.5,9,NQ.v.0
2023-12-12 06:48:00+00:00,33,1,260937,16260.5,16260.5,16260.25,16260.25,2,NQ.v.0
2023-12-12 06:49:00+00:00,33,1,260937,16260.25,16260.5,16259.25,16260.5,17,NQ.v.0
2023-12-12 06:50:00+00:00,33,1,260937,16260.75,16262.0,16260.5,16262.0,19,NQ.v.0
2023-12-12 06:51:00+00:00,33,1,260937,16262.25,16263.5,16261.0,16263.5,24,NQ.v.0
2023-12-12 06:52:00+00:00,33,1,260937,16262.75,16264.25,16262.75,16264.0,10,NQ.v.0
2023-12-12 06:53:00+00:00,33,1,260937,16263.75,16263.75,16263.25,16263.75,6,NQ.v.0
2023-12-12 06:54:00+00:00,33,1,260937,16263.5,16264.5,16263.5,16264.5,12,NQ.v.0
2023-12-12 06:55:00+00:00,33,1,260937,16264.75,16265.25,16264.5,16265.0,18,NQ.v.0
2023-12-12 06:56:00+00:00,33,1,260937,16265.25,16265.75,16264.75,16264.75,21,NQ.v.0
2023-12-12 06:57:00+00:00,33,1,260937,16265.0,16265.25,16263.75,16263.75,9,NQ.v.0
2023-12-12 06:58:00+00:00,33,1,260937,16263.75,16264.0,16263.75,16264.0,4,NQ.v.0
2023-12-12 06:59:00+00:00,33,1,260937,16263.75,16263.75,16262.25,16262.25,14,NQ.v.0
2023-12-12 07:00:00+00:00,33,1,260937,16262.25,16262.5,16259.0,16259.25,159,NQ.v.0
2023-12-12 07:01:00+00:00,33,1,260937,16259.25,16264.75,16259.25,16263.75,68,NQ.v.0
2023-12-12 07:02:00+00:00,33,1,260937,16263.75,16265.75,16263.5,16265.0,35,NQ.v.0
2023-12-12 07:03:00+00:00,33,1,260937,16266.0,16266.5,16263.25,16264.0,40,NQ.v.0
2023-12-12 07:04:00+00:00,33,1,260937,16264.25,16265.75,16264.25,16265.75,30,NQ.v.0
2023-12-12 07:05:00+00:00,33,1,260937,16266.5,16267.5,16266.25,16267.5,44,NQ.v.0
2023-12-12 07:06:00+00:00,33,1,260937,16267.75,16267.75,16266.5,16266.5,27,NQ.v.0
2023-12-12 07:07:00+00:00,33,1,260937,16266.0,16267.0,16265.0,16266.25,25,NQ.v.0
2023-12-12 07:08:00+00:00,33,1,260937,16266.5,16266.5,16264.25,16264.25,50,NQ.v.0
2023-12-12 07:09:00+00:00,33,1,260937,16264.5,16265.5,16264.0,16265.5,53,NQ.v.0
2023-12-12 07:10:00+00:00,33,1,260937,16264.75,16265.0,16264.25,16264.25,19,NQ.v.0
2023-12-12 07:11:00+00:00,33,1,260937,16265.0,16265.0,16264.0,16264.0,16,NQ.v.0
2023-12-12 07:12:00+00:00,33,1,260937,16263.5,16264.0,16263.0,16263.75,25,NQ.v.0
2023-12-12 07:13:00+00:00,33,1,260937,16263.5,16264.75,16263.0,16264.25,14,NQ.v.0
2023-12-12 07:14:00+00:00,33,1,260937,16263.75,16264.5,16263.25,16263.25,26,NQ.v.0
2023-12-12 07:15:00+00:00,33,1,260937,16263.25,16263.25,16261.75,16262.0,38,NQ.v.0
2023-12-12 07:16:00+00:00,33,1,260937,16262.5,16264.5,16262.25,16263.0,37,NQ.v.0
2023-12-12 07:17:00+00:00,33,1,260937,16262.75,16263.25,16262.75,16263.0,12,NQ.v.0
2023-12-12 07:18:00+00:00,33,1,260937,16262.75,16263.0,16261.25,16261.25,23,NQ.v.0
2023-12-12 07:19:00+00:00,33,1,260937,16261.5,16262.25,16261.5,16262.25,6,NQ.v.0
2023-12-12 07:20:00+00:00,33,1,260937,16262.25,16262.5,16260.75,16260.75,34,NQ.v.0
2023-12-12 07:21:00+00:00,33,1,260937,16261.25,16262.5,16261.25,16262.25,16,NQ.v.0
2023-12-12 07:22:00+00:00,33,1,260937,16262.5,16264.0,16262.5,16262.75,11,NQ.v.0
2023-12-12 07:23:00+00:00,33,1,260937,16263.0,16263.5,16263.0,16263.5,16,NQ.v.0
2023-12-12 07:24:00+00:00,33,1,260937,16264.25,16266.25,16264.25,16265.5,44,NQ.v.0
2023-12-12 07:25:00+00:00,33,1,260937,16266.25,16266.75,16265.75,16266.0,18,NQ.v.0
2023-12-12 07:26:00+00:00,33,1,260937,16265.5,16265.5,16263.0,16263.0,16,NQ.v.0
2023-12-12 07:27:00+00:00,33,1,260937,16263.25,16263.25,16262.0,16262.0,14,NQ.v.0
2023-12-12 07:28:00+00:00,33,1,260937,16262.5,16264.5,16262.25,16262.75,48,NQ.v.0
2023-12-12 07:29:00+00:00,33,1,260937,16262.0,16262.5,16260.25,16260.5,60,NQ.v.0
2023-12-12 07:30:00+00:00,33,1,260937,16261.0,16263.25,16260.25,16263.0,67,NQ.v.0
2023-12-12 07:31:00+00:00,33,1,260937,16263.0,16265.0,16262.75,16264.5,31,NQ.v.0
2023-12-12 07:32:00+00:00,33,1,260937,16264.0,16264.5,16263.75,16263.75,9,NQ.v.0
2023-12-12 07:33:00+00:00,33,1,260937,16263.25,16263.5,16262.75,16263.5,15,NQ.v.0
2023-12-12 07:34:00+00:00,33,1,260937,16263.0,16265.0,16262.75,16262.75,58,NQ.v.0
2023-12-12 07:35:00+00:00,33,1,260937,16262.75,16263.5,16262.5,16262.75,11,NQ.v.0
2023-12-12 07:36:00+00:00,33,1,260937,16262.5,16262.75,16261.75,16262.75,17,NQ.v.0
2023-12-12 07:37:00+00:00,33,1,260937,16263.5,16263.75,16263.25,16263.5,24,NQ.v.0
2023-12-12 07:38:00+00:00,33,1,260937,16263.5,16265.25,16263.5,16264.5,10,NQ.v.0
2023-12-12 07:39:00+00:00,33,1,260937,16264.75,16265.0,16264.0,16264.25,19,NQ.v.0
2023-12-12 07:40:00+00:00,33,1,260937,16264.5,16264.5,16263.0,16263.25,10,NQ.v.0
2023-12-12 07:41:00+00:00,33,1,260937,16263.5,16264.25,16263.5,16264.0,5,NQ.v.0
2023-12-12 07:42:00+00:00,33,1,260937,16264.25,16264.25,16263.5,16264.25,20,NQ.v.0
2023-12-12 07:43:00+00:00,33,1,260937,16263.0,16264.0,16263.0,16264.0,5,NQ.v.0
2023-12-12 07:44:00+00:00,33,1,260937,16264.25,16265.0,16263.0,16263.0,24,NQ.v.0
2023-12-12 07:45:00+00:00,33,1,260937,16263.25,16263.25,16261.0,16262.5,27,NQ.v.0
2023-12-12 07:46:00+00:00,33,1,260937,16262.25,16265.75,16262.25,16264.0,52,NQ.v.0
2023-12-12 07:47:00+00:00,33,1,260937,16264.25,16265.25,16263.25,16265.0,15,NQ.v.0
2023-12-12 07:48:00+00:00,33,1,260937,16264.75,16266.25,16264.75,16266.25,29,NQ.v.0
2023-12-12 07:49:00+00:00,33,1,260937,16266.0,16269.0,16266.0,16266.25,96,NQ.v.0
2023-12-12 07:50:00+00:00,33,1,260937,16266.0,16267.5,16266.0,16266.75,51,NQ.v.0
2023-12-12 07:51:00+00:00,33,1,260937,16267.0,16268.75,16266.25,16267.5,35,NQ.v.0
2023-12-12 07:52:00+00:00,33,1,260937,16267.0,16268.0,16266.75,16267.25,12,NQ.v.0
2023-12-12 07:53:00+00:00,33,1,260937,16266.75,16267.75,16266.75,16267.75,4,NQ.v.0
2023-12-12 07:54:00+00:00,33,1,260937,16268.75,16269.25,16268.0,16268.25,17,NQ.v.0
2023-12-12 07:55:00+00:00,33,1,260937,16268.25,16269.25,16267.25,16267.25,37,NQ.v.0
2023-12-12 07:56:00+00:00,33,1,260937,16267.25,16268.5,16267.25,16268.5,14,NQ.v.0
2023-12-12 07:57:00+00:00,33,1,260937,16268.25,16269.0,16265.75,16266.0,27,NQ.v.0
2023-12-12 07:58:00+00:00,33,1,260937,16266.0,16266.0,16264.0,16264.0,36,NQ.v.0
2023-12-12 07:59:00+00:00,33,1,260937,16264.0,16264.25,16262.0,16262.25,49,NQ.v.0
2023-12-12 08:00:00+00:00,33,1,260937,16262.0,16263.75,16261.75,16262.75,69,NQ.v.0
2023-12-12 08:01:00+00:00,33,1,260937,16261.75,16263.75,16261.25,16262.25,67,NQ.v.0
2023-12-12 08:02:00+00:00,33,1,260937,16261.5,16263.75,16261.0,16262.75,35,NQ.v.0
2023-12-12 08:03:00+00:00,33,1,260937,16263.0,16263.25,16260.5,16260.5,37,NQ.v.0
2023-12-12 08:04:00+00:00,33,1,260937,16260.75,16265.0,16260.75,16263.5,63,NQ.v.0
2023-12-12 08:05:00+00:00,33,1,260937,16263.25,16264.0,16262.0,16262.5,35,NQ.v.0
2023-12-12 08:06:00+00:00,33,1,260937,16262.75,16263.25,16260.0,16262.25,38,NQ.v.0
2023-12-12 08:07:00+00:00,33,1,260937,16263.25,16266.5,16263.25,16266.5,63,NQ.v.0
2023-12-12 08:08:00+00:00,33,1,260937,16266.75,16266.75,16264.75,16266.0,77,NQ.v.0
2023-12-12 08:09:00+00:00,33,1,260937,16265.75,16269.5,16265.0,16265.75,127,NQ.v.0
2023-12-12 08:10:00+00:00,33,1,260937,16265.5,16267.0,16264.75,16265.0,56,NQ.v.0
2023-12-12 08:11:00+00:00,33,1,260937,16265.0,16265.5,16263.0,16264.5,59,NQ.v.0
2023-12-12 08:12:00+00:00,33,1,260937,16264.5,16266.5,16264.5,16265.5,54,NQ.v.0
2023-12-12 08:13:00+00:00,33,1,260937,16266.25,16268.0,16266.0,16267.25,37,NQ.v.0
2023-12-12 08:14:00+00:00,33,1,260937,16267.25,16269.75,16267.25,16269.0,98,NQ.v.0
2023-12-12 08:15:00+00:00,33,1,260937,16269.25,16269.75,16267.0,16267.25,59,NQ.v.0
2023-12-12 08:16:00+00:00,33,1,260937,16267.25,16269.0,16267.0,16268.25,27,NQ.v.0
2023-12-12 08:17:00+00:00,33,1,260937,16269.0,16269.25,16266.25,16266.25,57,NQ.v.0
2023-12-12 08:18:00+00:00,33,1,260937,16266.0,16266.0,16264.0,16264.75,42,NQ.v.0
2023-12-12 08:19:00+00:00,33,1,260937,16265.25,16265.25,16262.75,16263.75,45,NQ.v.0
2023-12-12 08:20:00+00:00,33,1,260937,16264.0,16268.5,16263.0,16268.5,55,NQ.v.0
2023-12-12 08:21:00+00:00,33,1,260937,16267.25,16270.0,16266.0,16267.25,97,NQ.v.0
2023-12-12 08:22:00+00:00,33,1,260937,16267.75,16268.25,16266.0,16266.0,34,NQ.v.0
2023-12-12 08:23:00+00:00,33,1,260937,16266.25,16268.0,16265.5,16268.0,37,NQ.v.0
2023-12-12 08:24:00+00:00,33,1,260937,16267.75,16268.25,16264.0,16266.0,67,NQ.v.0
2023-12-12 08:25:00+00:00,33,1,260937,16266.75,16281.25,16266.0,16280.75,543,NQ.v.0
2023-12-12 08:26:00+00:00,33,1,260937,16281.25,16281.25,16274.75,16278.5,152,NQ.v.0
2023-12-12 08:27:00+00:00,33,1,260937,16278.25,16279.25,16274.25,16274.25,87,NQ.v.0
2023-12-12 08:28:00+00:00,33,1,260937,16274.0,16275.25,16272.5,16273.5,80,NQ.v.0
2023-12-12 08:29:00+00:00,33,1,260937,16272.5,16277.0,16272.5,16275.5,110,NQ.v.0
2023-12-12 08:30:00+00:00,33,1,260937,16274.5,16275.5,16272.25,16272.5,52,NQ.v.0
2023-12-12 08:31:00+00:00,33,1,260937,16273.0,16273.0,16268.75,16269.5,71,NQ.v.0
2023-12-12 08:32:00+00:00,33,1,260937,16269.5,16270.75,16268.0,16270.75,30,NQ.v.0
2023-12-12 08:33:00+00:00,33,1,260937,16269.0,16269.75,16268.25,16269.5,66,NQ.v.0
2023-12-12 08:34:00+00:00,33,1,260937,16269.5,16271.5,16269.0,16269.0,44,NQ.v.0
2023-12-12 08:35:00+00:00,33,1,260937,16268.75,16268.75,16266.75,16266.75,77,NQ.v.0
2023-12-12 08:36:00+00:00,33,1,260937,16266.25,16267.25,16265.75,16267.25,49,NQ.v.0
2023-12-12 08:37:00+00:00,33,1,260937,16266.5,16268.0,16265.5,16268.0,39,NQ.v.0
2023-12-12 08:38:00+00:00,33,1,260937,16268.0,16270.5,16268.0,16270.5,24,NQ.v.0
2023-12-12 08:39:00+00:00,33,1,260937,16270.5,16271.25,16269.5,16269.5,28,NQ.v.0
2023-12-12 08:40:00+00:00,33,1,260937,16269.25,16270.5,16266.0,16266.5,31,NQ.v.0
2023-12-12 08:41:00+00:00,33,1,260937,16266.75,16267.5,16266.0,16266.5,26,NQ.v.0
2023-12-12 08:42:00+00:00,33,1,260937,16266.5,16268.75,16266.25,16266.5,37,NQ.v.0
2023-12-12 08:43:00+00:00,33,1,260937,16266.75,16268.0,16266.75,16268.0,19,NQ.v.0
2023-12-12 08:44:00+00:00,33,1,260937,16268.25,16269.0,16267.0,16268.75,12,NQ.v.0
2023-12-12 08:45:00+00:00,33,1,260937,16269.25,16269.75,16267.0,16268.0,23,NQ.v.0
2023-12-12 08:46:00+00:00,33,1,260937,16267.75,16270.5,16267.25,16270.0,62,NQ.v.0
2023-12-12 08:47:00+00:00,33,1,260937,16269.75,16271.75,16269.5,16271.5,32,NQ.v.0
2023-12-12 08:48:00+00:00,33,1,260937,16271.25,16271.25,16269.75,16270.75,120,NQ.v.0
2023-12-12 08:49:00+00:00,33,1,260937,16271.0,16271.75,16270.75,16270.75,46,NQ.v.0
2023-12-12 08:50:00+00:00,33,1,260937,16270.5,16270.5,16267.75,16268.0,36,NQ.v.0
2023-12-12 08:51:00+00:00,33,1,260937,16268.5,16268.5,16262.0,16263.25,116,NQ.v.0
2023-12-12 08:52:00+00:00,33,1,260937,16263.5,16264.25,16261.75,16263.5,41,NQ.v.0
2023-12-12 08:53:00+00:00,33,1,260937,16262.75,16262.75,16260.75,16261.5,45,NQ.v.0
2023-12-12 08:54:00+00:00,33,1,260937,16262.25,16262.25,16259.5,16260.75,50,NQ.v.0
2023-12-12 08:55:00+00:00,33,1,260937,16261.0,16262.75,16260.75,16260.75,18,NQ.v.0
2023-12-12 08:56:00+00:00,33,1,260937,16260.5,16260.75,16259.25,16259.5,42,NQ.v.0
2023-12-12 08:57:00+00:00,33,1,260937,16259.0,16260.25,16258.75,16258.75,28,NQ.v.0
2023-12-12 08:58:00+00:00,33,1,260937,16258.75,16262.5,16257.25,16260.75,75,NQ.v.0
2023-12-12 08:59:00+00:00,33,1,260937,16260.25,16260.75,16258.0,16258.0,39,NQ.v.0
2023-12-12 09:00:00+00:00,33,1,260937,16258.25,16259.5,16256.5,16256.75,44,NQ.v.0
2023-12-12 09:01:00+00:00,33,1,260937,16256.25,16260.25,16256.25,16260.25,29,NQ.v.0
2023-12-12 09:02:00+00:00,33,1,260937,16261.0,16263.75,16261.0,16262.25,69,NQ.v.0
2023-12-12 09:03:00+00:00,33,1,260937,16262.0,16264.5,16261.25,16264.5,35,NQ.v.0
2023-12-12 09:04:00+00:00,33,1,260937,16264.5,16267.25,16264.5,16266.5,47,NQ.v.0
2023-12-12 09:05:00+00:00,33,1,260937,16266.75,16267.0,16265.0,16266.0,39,NQ.v.0
2023-12-12 09:06:00+00:00,33,1,260937,16266.0,16266.75,16264.5,16266.75,36,NQ.v.0
2023-12-12 09:07:00+00:00,33,1,260937,16266.0,16266.25,16261.5,16262.5,56,NQ.v.0
2023-12-12 09:08:00+00:00,33,1,260937,16262.0,16262.25,16258.75,16258.75,35,NQ.v.0
2023-12-12 09:09:00+00:00,33,1,260937,16259.0,16261.0,16259.0,16259.5,27,NQ.v.0
2023-12-12 09:10:00+00:00,33,1,260937,16259.25,16259.25,16256.75,16256.75,27,NQ.v.0
2023-12-12 09:11:00+00:00,33,1,260937,16257.0,16259.0,16256.25,16257.0,49,NQ.v.0
2023-12-12 09:12:00+00:00,33,1,260937,16258.0,16259.0,16256.75,16259.0,49,NQ.v.0
2023-12-12 09:13:00+00:00,33,1,260937,16258.75,16261.25,16258.25,16258.25,55,NQ.v.0
2023-12-12 09:14:00+00:00,33,1,260937,16258.5,16259.0,16257.25,16258.25,25,NQ.v.0
2023-12-12 09:15:00+00:00,33,1,260937,16259.0,16259.25,16257.0,16258.5,13,NQ.v.0
2023-12-12 09:16:00+00:00,33,1,260937,16259.0,16259.0,16258.0,16258.25,10,NQ.v.0
2023-12-12 09:17:00+00:00,33,1,260937,16258.75,16260.0,16258.25,16259.5,21,NQ.v.0
2023-12-12 09:18:00+00:00,33,1,260937,16259.25,16261.0,16258.75,16260.75,34,NQ.v.0
2023-12-12 09:19:00+00:00,33,1,260937,16260.5,16264.25,16260.0,16260.0,54,NQ.v.0
2023-12-12 09:20:00+00:00,33,1,260937,16260.5,16262.25,16259.0,16261.75,30,NQ.v.0
2023-12-12 09:21:00+00:00,33,1,260937,16261.0,16263.75,16261.0,16262.25,26,NQ.v.0
2023-12-12 09:22:00+00:00,33,1,260937,16263.25,16264.0,16261.0,16261.0,25,NQ.v.0
2023-12-12 09:23:00+00:00,33,1,260937,16260.75,16260.75,16258.75,16258.75,31,NQ.v.0
2023-12-12 09:24:00+00:00,33,1,260937,16258.75,16260.75,16258.75,16259.75,21,NQ.v.0
2023-12-12 09:25:00+00:00,33,1,260937,16260.75,16261.0,16256.75,16260.75,47,NQ.v.0
2023-12-12 09:26:00+00:00,33,1,260937,16260.75,16263.0,16260.75,16262.0,38,NQ.v.0
2023-12-12 09:27:00+00:00,33,1,260937,16261.75,16262.25,16259.5,16259.5,33,NQ.v.0
2023-12-12 09:28:00+00:00,33,1,260937,16259.75,16260.75,16258.5,16259.75,29,NQ.v.0
2023-12-12 09:29:00+00:00,33,1,260937,16259.25,16260.25,16259.25,16259.75,16,NQ.v.0
2023-12-12 09:30:00+00:00,33,1,260937,16259.25,16259.75,16256.25,16259.25,37,NQ.v.0
2023-12-12 09:31:00+00:00,33,1,260937,16259.25,16260.0,16257.25,16257.5,24,NQ.v.0
2023-12-12 09:32:00+00:00,33,1,260937,16257.25,16257.75,16256.75,16257.0,17,NQ.v.0
2023-12-12 09:33:00+00:00,33,1,260937,16257.0,16257.0,16255.0,16256.5,33,NQ.v.0
2023-12-12 09:34:00+00:00,33,1,260937,16256.25,16257.5,16256.0,16257.0,17,NQ.v.0
2023-12-12 09:35:00+00:00,33,1,260937,16256.0,16257.25,16252.75,16252.75,42,NQ.v.0
2023-12-12 09:36:00+00:00,33,1,260937,16252.5,16257.75,16252.0,16257.75,56,NQ.v.0
2023-12-12 09:37:00+00:00,33,1,260937,16257.25,16258.75,16257.0,16258.75,30,NQ.v.0
2023-12-12 09:38:00+00:00,33,1,260937,16258.75,16261.0,16258.75,16259.5,31,NQ.v.0
2023-12-12 09:39:00+00:00,33,1,260937,16260.25,16262.25,16259.5,16260.0,25,NQ.v.0
2023-12-12 09:40:00+00:00,33,1,260937,16260.75,16260.75,16260.0,16260.0,10,NQ.v.0
2023-12-12 09:41:00+00:00,33,1,260937,16261.0,16262.75,16261.0,16262.75,21,NQ.v.0
2023-12-12 09:42:00+00:00,33,1,260937,16263.0,16264.0,16261.5,16263.0,46,NQ.v.0
2023-12-12 09:43:00+00:00,33,1,260937,16263.25,16263.25,16262.5,16262.75,15,NQ.v.0
2023-12-12 09:44:00+00:00,33,1,260937,16262.5,16264.5,16262.5,16263.5,15,NQ.v.0
2023-12-12 09:45:00+00:00,33,1,260937,16264.25,16265.75,16264.25,16264.5,50,NQ.v.0
2023-12-12 09:46:00+00:00,33,1,260937,16264.5,16265.5,16263.25,16264.5,23,NQ.v.0
2023-12-12 09:47:00+00:00,33,1,260937,16265.25,16267.75,16264.25,16265.5,74,NQ.v.0
2023-12-12 09:48:00+00:00,33,1,260937,16265.75,16266.5,16265.25,16266.5,19,NQ.v.0
2023-12-12 09:49:00+00:00,33,1,260937,16265.75,16267.0,16265.0,16266.25,18,NQ.v.0
2023-12-12 09:50:00+00:00,33,1,260937,16266.5,16267.25,16265.5,16267.0,22,NQ.v.0
2023-12-12 09:51:00+00:00,33,1,260937,16267.0,16267.25,16266.0,16267.0,13,NQ.v.0
2023-12-12 09:52:00+00:00,33,1,260937,16267.25,16267.25,16266.75,16267.25,26,NQ.v.0
2023-12-12 09:53:00+00:00,33,1,260937,16266.75,16269.0,16266.75,16268.0,39,NQ.v.0
2023-12-12 09:54:00+00:00,33,1,260937,16267.5,16269.0,16267.25,16269.0,11,NQ.v.0
2023-12-12 09:55:00+00:00,33,1,260937,16269.0,16269.75,16268.5,16269.0,15,NQ.v.0
2023-12-12 09:56:00+00:00,33,1,260937,16268.25,16269.25,16268.25,16269.0,14,NQ.v.0
2023-12-12 09:57:00+00:00,33,1,260937,16269.25,16270.25,16268.0,16268.75,22,NQ.v.0
2023-12-12 09:58:00+00:00,33,1,260937,16268.0,16268.5,16267.5,16268.5,17,NQ.v.0
2023-12-12 09:59:00+00:00,33,1,260937,16268.5,16269.75,16268.0,16269.5,29,NQ.v.0
2023-12-12 10:00:00+00:00,33,1,260937,16268.25,16268.25,16266.75,16266.75,17,NQ.v.0
2023-12-12 10:01:00+00:00,33,1,260937,16267.75,16268.0,16267.25,16267.25,16,NQ.v.0
2023-12-12 10:02:00+00:00,33,1,260937,16267.25,16267.25,16265.5,16266.0,32,NQ.v.0
2023-12-12 10:03:00+00:00,33,1,260937,16265.75,16266.75,16263.25,16263.25,52,NQ.v.0
2023-12-12 10:04:00+00:00,33,1,260937,16264.25,16266.75,16263.25,16263.5,72,NQ.v.0
2023-12-12 10:05:00+00:00,33,1,260937,16263.5,16264.5,16262.25,16263.25,42,NQ.v.0
2023-12-12 10:06:00+00:00,33,1,260937,16264.25,16265.75,16263.75,16265.25,43,NQ.v.0
2023-12-12 10:07:00+00:00,33,1,260937,16265.25,16266.0,16264.5,16265.25,11,NQ.v.0
2023-12-12 10:08:00+00:00,33,1,260937,16265.0,16266.0,16262.5,16263.75,32,NQ.v.0
2023-12-12 10:09:00+00:00,33,1,260937,16263.5,16265.25,16263.5,16265.0,16,NQ.v.0
2023-12-12 10:10:00+00:00,33,1,260937,16263.75,16264.5,16263.0,16264.5,9,NQ.v.0
2023-12-12 10:11:00+00:00,33,1,260937,16264.0,16264.0,16261.0,16263.25,52,NQ.v.0
2023-12-12 10:12:00+00:00,33,1,260937,16262.5,16262.5,16261.75,16262.25,19,NQ.v.0
2023-12-12 10:13:00+00:00,33,1,260937,16262.0,16264.0,16259.75,16264.0,33,NQ.v.0
2023-12-12 10:14:00+00:00,33,1,260937,16263.5,16263.75,16261.5,16262.25,27,NQ.v.0
2023-12-12 10:15:00+00:00,33,1,260937,16262.5,16265.0,16262.25,16264.25,21,NQ.v.0
2023-12-12 10:16:00+00:00,33,1,260937,16264.0,16266.0,16262.5,16263.0,42,NQ.v.0
2023-12-12 10:17:00+00:00,33,1,260937,16262.5,16264.25,16261.5,16264.25,24,NQ.v.0
2023-12-12 10:18:00+00:00,33,1,260937,16263.5,16265.25,16263.5,16264.5,29,NQ.v.0
2023-12-12 10:19:00+00:00,33,1,260937,16264.75,16265.5,16264.25,16264.75,8,NQ.v.0
2023-12-12 10:20:00+00:00,33,1,260937,16265.0,16265.5,16263.25,16263.5,94,NQ.v.0
2023-12-12 10:21:00+00:00,33,1,260937,16263.25,16266.0,16262.5,16264.5,92,NQ.v.0
2023-12-12 10:22:00+00:00,33,1,260937,16264.5,16264.5,16261.0,16264.0,66,NQ.v.0
2023-12-12 10:23:00+00:00,33,1,260937,16263.75,16265.0,16262.75,16264.25,17,NQ.v.0
2023-12-12 10:24:00+00:00,33,1,260937,16263.75,16263.75,16262.0,16262.0,14,NQ.v.0
2023-12-12 10:25:00+00:00,33,1,260937,16262.0,16262.75,16260.5,16262.5,30,NQ.v.0
2023-12-12 10:26:00+00:00,33,1,260937,16261.75,16263.75,16261.25,16263.75,26,NQ.v.0
2023-12-12 10:27:00+00:00,33,1,260937,16263.25,16263.25,16261.25,16262.25,19,NQ.v.0
2023-12-12 10:28:00+00:00,33,1,260937,16262.5,16265.0,16262.5,16263.75,39,NQ.v.0
2023-12-12 10:29:00+00:00,33,1,260937,16263.5,16264.0,16262.25,16263.5,16,NQ.v.0
2023-12-12 10:30:00+00:00,33,1,260937,16262.0,16262.5,16259.75,16259.75,33,NQ.v.0
2023-12-12 10:31:00+00:00,33,1,260937,16260.0,16261.5,16258.75,16260.5,24,NQ.v.0
2023-12-12 10:32:00+00:00,33,1,260937,16259.5,16260.75,16259.0,16260.75,21,NQ.v.0
2023-12-12 10:33:00+00:00,33,1,260937,16260.5,16262.75,16260.5,16262.75,22,NQ.v.0
2023-12-12 10:34:00+00:00,33,1,260937,16262.5,16265.25,16262.5,16264.75,25,NQ.v.0
2023-12-12 10:35:00+00:00,33,1,260937,16264.75,16264.75,16263.75,16264.0,9,NQ.v.0
2023-12-12 10:36:00+00:00,33,1,260937,16263.0,16263.0,16261.25,16262.0,14,NQ.v.0
2023-12-12 10:37:00+00:00,33,1,260937,16261.5,16262.0,16260.75,16262.0,9,NQ.v.0
2023-12-12 10:38:00+00:00,33,1,260937,16261.5,16262.75,16261.25,16262.75,6,NQ.v.0
2023-12-12 10:39:00+00:00,33,1,260937,16262.25,16262.5,16260.25,16261.25,21,NQ.v.0
2023-12-12 10:40:00+00:00,33,1,260937,16260.75,16261.75,16260.25,16261.0,8,NQ.v.0
2023-12-12 10:41:00+00:00,33,1,260937,16261.5,16261.5,16257.5,16258.0,25,NQ.v.0
2023-12-12 10:42:00+00:00,33,1,260937,16257.0,16257.0,16253.75,16255.25,99,NQ.v.0
2023-12-12 10:43:00+00:00,33,1,260937,16255.0,16257.25,16255.0,16256.5,34,NQ.v.0
2023-12-12 10:44:00+00:00,33,1,260937,16256.25,16259.0,16256.25,16258.0,27,NQ.v.0
2023-12-12 10:45:00+00:00,33,1,260937,16258.75,16259.0,16257.25,16258.25,13,NQ.v.0
2023-12-12 10:46:00+00:00,33,1,260937,16259.0,16259.25,16256.5,16256.5,20,NQ.v.0
2023-12-12 10:47:00+00:00,33,1,260937,16257.0,16258.5,16257.0,16258.5,14,NQ.v.0
2023-12-12 10:48:00+00:00,33,1,260937,16259.25,16259.5,16258.25,16259.25,9,NQ.v.0
2023-12-12 10:49:00+00:00,33,1,260937,16258.75,16260.0,16257.5,16257.5,17,NQ.v.0
2023-12-12 10:50:00+00:00,33,1,260937,16257.25,16257.5,16256.0,16256.75,17,NQ.v.0
2023-12-12 10:51:00+00:00,33,1,260937,16257.0,16257.0,16255.75,16255.75,17,NQ.v.0
2023-12-12 10:52:00+00:00,33,1,260937,16256.0,16258.5,16256.0,16256.25,46,NQ.v.0
2023-12-12 10:53:00+00:00,33,1,260937,16256.5,16257.5,16256.5,16257.5,10,NQ.v.0
2023-12-12 10:54:00+00:00,33,1,260937,16256.5,16258.5,16255.25,16255.25,34,NQ.v.0
2023-12-12 10:55:00+00:00,33,1,260937,16254.75,16256.5,16253.0,16256.5,39,NQ.v.0
2023-12-12 10:56:00+00:00,33,1,260937,16256.0,16256.5,16254.0,16256.25,40,NQ.v.0
2023-12-12 10:57:00+00:00,33,1,260937,16255.5,16257.0,16254.75,16257.0,14,NQ.v.0
2023-12-12 10:58:00+00:00,33,1,260937,16256.25,16257.0,16255.75,16256.5,8,NQ.v.0
2023-12-12 10:59:00+00:00,33,1,260937,16256.0,16257.0,16255.5,16255.75,24,NQ.v.0
2023-12-12 11:00:00+00:00,33,1,260937,16255.5,16255.75,16254.0,16255.0,33,NQ.v.0
2023-12-12 11:01:00+00:00,33,1,260937,16255.5,16256.25,16254.0,16254.5,20,NQ.v.0
2023-12-12 11:02:00+00:00,33,1,260937,16254.75,16257.25,16254.75,16257.25,50,NQ.v.0
2023-12-12 11:03:00+00:00,33,1,260937,16257.25,16257.25,16254.75,16256.75,25,NQ.v.0
2023-12-12 11:04:00+00:00,33,1,260937,16256.0,16258.25,16256.0,16257.0,20,NQ.v.0
2023-12-12 11:05:00+00:00,33,1,260937,16256.75,16257.75,16255.5,16256.75,13,NQ.v.0
2023-12-12 11:06:00+00:00,33,1,260937,16256.0,16256.75,16255.75,16256.75,12,NQ.v.0
2023-12-12 11:07:00+00:00,33,1,260937,16256.75,16256.75,16254.5,16254.5,22,NQ.v.0
2023-12-12 11:08:00+00:00,33,1,260937,16254.75,16256.25,16254.75,16256.0,12,NQ.v.0
2023-12-12 11:09:00+00:00,33,1,260937,16256.5,16257.25,16255.5,16256.5,27,NQ.v.0
2023-12-12 11:10:00+00:00,33,1,260937,16256.25,16259.5,16255.75,16259.0,25,NQ.v.0
2023-12-12 11:11:00+00:00,33,1,260937,16259.25,16260.0,16258.5,16259.25,23,NQ.v.0
2023-12-12 11:12:00+00:00,33,1,260937,16259.25,16259.25,16258.0,16258.5,13,NQ.v.0
2023-12-12 11:13:00+00:00,33,1,260937,16259.0,16260.0,16258.5,16259.5,37,NQ.v.0
2023-12-12 11:14:00+00:00,33,1,260937,16260.0,16260.25,16259.0,16260.0,29,NQ.v.0
2023-12-12 11:15:00+00:00,33,1,260937,16259.5,16261.0,16259.0,16260.75,50,NQ.v.0
2023-12-12 11:16:00+00:00,33,1,260937,16260.75,16263.0,16260.5,16262.0,49,NQ.v.0
2023-12-12 11:17:00+00:00,33,1,260937,16262.5,16263.75,16262.25,16263.5,27,NQ.v.0
2023-12-12 11:18:00+00:00,33,1,260937,16264.0,16264.75,16262.75,16262.75,33,NQ.v.0
2023-12-12 11:19:00+00:00,33,1,260937,16263.0,16263.25,16261.0,16261.0,25,NQ.v.0
2023-12-12 11:20:00+00:00,33,1,260937,16261.25,16262.25,16260.75,16261.25,14,NQ.v.0
2023-12-12 11:21:00+00:00,33,1,260937,16261.75,16262.0,16260.25,16261.25,16,NQ.v.0
2023-12-12 11:22:00+00:00,33,1,260937,16261.0,16261.0,16257.75,16258.75,38,NQ.v.0
2023-12-12 11:23:00+00:00,33,1,260937,16259.25,16259.25,16257.25,16257.75,25,NQ.v.0
2023-12-12 11:24:00+00:00,33,1,260937,16257.75,16261.25,16257.75,16260.5,20,NQ.v.0
2023-12-12 11:25:00+00:00,33,1,260937,16261.0,16263.0,16261.0,16261.0,20,NQ.v.0
2023-12-12 11:26:00+00:00,33,1,260937,16261.5,16262.25,16261.0,16261.75,25,NQ.v.0
2023-12-12 11:27:00+00:00,33,1,260937,16262.25,16263.5,16262.25,16263.5,27,NQ.v.0
2023-12-12 11:28:00+00:00,33,1,260937,16263.25,16263.25,16261.25,16262.75,51,NQ.v.0
2023-12-12 11:29:00+00:00,33,1,260937,16261.75,16261.75,16260.5,16260.75,33,NQ.v.0
2023-12-12 11:30:00+00:00,33,1,260937,16261.0,16261.0,16259.0,16259.75,23,NQ.v.0
2023-12-12 11:31:00+00:00,33,1,260937,16259.5,16261.0,16258.0,16258.5,70,NQ.v.0
2023-12-12 11:32:00+00:00,33,1,260937,16258.25,16259.0,16257.0,16258.25,31,NQ.v.0
2023-12-12 11:33:00+00:00,33,1,260937,16258.0,16259.0,16257.5,16259.0,17,NQ.v.0
2023-12-12 11:34:00+00:00,33,1,260937,16259.25,16259.25,16258.25,16258.25,7,NQ.v.0
2023-12-12 11:35:00+00:00,33,1,260937,16258.5,16259.0,16257.75,16257.75,26,NQ.v.0
2023-12-12 11:36:00+00:00,33,1,260937,16258.0,16258.0,16256.5,16258.0,27,NQ.v.0
2023-12-12 11:37:00+00:00,33,1,260937,16258.0,16259.25,16257.75,16258.75,11,NQ.v.0
2023-12-12 11:38:00+00:00,33,1,260937,16258.75,16258.75,16257.25,16257.5,9,NQ.v.0
2023-12-12 11:39:00+00:00,33,1,260937,16257.5,16257.5,16256.75,16257.0,16,NQ.v.0
2023-12-12 11:40:00+00:00,33,1,260937,16257.25,16257.25,16255.5,16256.25,26,NQ.v.0
2023-12-12 11:41:00+00:00,33,1,260937,16257.5,16258.0,16257.25,16257.5,18,NQ.v.0
2023-12-12 11:42:00+00:00,33,1,260937,16258.0,16258.5,16255.75,16255.75,25,NQ.v.0
2023-12-12 11:43:00+00:00,33,1,260937,16255.75,16256.25,16254.5,16255.0,47,NQ.v.0
2023-12-12 11:44:00+00:00,33,1,260937,16254.5,16254.5,16252.75,16253.5,63,NQ.v.0
2023-12-12 11:45:00+00:00,33,1,260937,16253.75,16255.25,16253.75,16254.75,19,NQ.v.0
2023-12-12 11:46:00+00:00,33,1,260937,16255.75,16257.0,16255.5,16256.0,14,NQ.v.0
2023-12-12 11:47:00+00:00,33,1,260937,16256.0,16257.0,16256.0,16257.0,13,NQ.v.0
2023-12-12 11:48:00+00:00,33,1,260937,16257.25,16258.5,16256.25,16258.25,43,NQ.v.0
2023-12-12 11:49:00+00:00,33,1,260937,16259.0,16259.25,16257.25,16258.0,52,NQ.v.0
2023-12-12 11:50:00+00:00,33,1,260937,16257.25,16258.0,16255.75,16256.25,22,NQ.v.0
2023-12-12 11:51:00+00:00,33,1,260937,16255.75,16259.0,16254.5,16259.0,35,NQ.v.0
2023-12-12 11:52:00+00:00,33,1,260937,16258.5,16260.25,16258.25,16258.75,44,NQ.v.0
2023-12-12 11:53:00+00:00,33,1,260937,16258.5,16259.25,16257.25,16257.25,28,NQ.v.0
2023-12-12 11:54:00+00:00,33,1,260937,16259.0,16260.5,16259.0,16259.5,17,NQ.v.0
2023-12-12 11:55:00+00:00,33,1,260937,16260.25,16261.5,16260.0,16261.5,21,NQ.v.0
2023-12-12 11:56:00+00:00,33,1,260937,16261.0,16261.5,16259.75,16259.75,15,NQ.v.0
2023-12-12 11:57:00+00:00,33,1,260937,16259.5,16259.5,16256.5,16256.5,30,NQ.v.0
2023-12-12 11:58:00+00:00,33,1,260937,16256.5,16257.0,16255.5,16257.0,37,NQ.v.0
2023-12-12 11:59:00+00:00,33,1,260937,16257.25,16257.25,16254.5,16254.5,44,NQ.v.0
2023-12-12 12:00:00+00:00,33,1,260937,16254.25,16257.25,16254.0,16257.25,38,NQ.v.0
2023-12-12 12:01:00+00:00,33,1,260937,16256.0,16256.25,16254.25,16255.75,43,NQ.v.0
2023-12-12 12:02:00+00:00,33,1,260937,16255.75,16258.0,16255.5,16257.25,32,NQ.v.0
2023-12-12 12:03:00+00:00,33,1,260937,16257.25,16259.25,16257.0,16259.25,46,NQ.v.0
2023-12-12 12:04:00+00:00,33,1,260937,16258.5,16260.5,16258.25,16260.5,23,NQ.v.0
2023-12-12 12:05:00+00:00,33,1,260937,16260.25,16263.0,16259.5,16262.25,49,NQ.v.0
2023-12-12 12:06:00+00:00,33,1,260937,16261.5,16262.5,16258.5,16259.0,29,NQ.v.0
2023-12-12 12:07:00+00:00,33,1,260937,16258.5,16260.75,16256.75,16259.25,33,NQ.v.0
2023-12-12 12:08:00+00:00,33,1,260937,16259.25,16259.25,16257.25,16258.25,36,NQ.v.0
2023-12-12 12:09:00+00:00,33,1,260937,16257.5,16260.0,16256.5,16257.0,44,NQ.v.0
2023-12-12 12:10:00+00:00,33,1,260937,16256.25,16257.0,16254.0,16254.75,56,NQ.v.0
2023-12-12 12:11:00+00:00,33,1,260937,16254.75,16255.75,16253.75,16255.75,41,NQ.v.0
2023-12-12 12:12:00+00:00,33,1,260937,16255.5,16255.75,16254.0,16255.75,49,NQ.v.0
2023-12-12 12:13:00+00:00,33,1,260937,16255.25,16255.75,16255.0,16255.75,14,NQ.v.0
2023-12-12 12:14:00+00:00,33,1,260937,16255.25,16256.75,16254.5,16256.0,44,NQ.v.0
2023-12-12 12:15:00+00:00,33,1,260937,16256.0,16257.0,16256.0,16256.75,27,NQ.v.0
2023-12-12 12:16:00+00:00,33,1,260937,16256.75,16260.25,16256.75,16259.0,62,NQ.v.0
2023-12-12 12:17:00+00:00,33,1,260937,16259.0,16259.5,16258.25,16259.5,24,NQ.v.0
2023-12-12 12:18:00+00:00,33,1,260937,16259.5,16259.75,16258.25,16258.75,29,NQ.v.0
2023-12-12 12:19:00+00:00,33,1,260937,16258.25,16258.5,16256.75,16258.5,66,NQ.v.0
2023-12-12 12:20:00+00:00,33,1,260937,16258.5,16258.5,16257.0,16257.75,29,NQ.v.0
2023-12-12 12:21:00+00:00,33,1,260937,16258.0,16258.75,16255.75,16258.5,58,NQ.v.0
2023-12-12 12:22:00+00:00,33,1,260937,16259.0,16266.75,16258.5,16265.0,299,NQ.v.0
2023-12-12 12:23:00+00:00,33,1,260937,16264.75,16268.5,16264.75,16267.0,96,NQ.v.0
2023-12-12 12:24:00+00:00,33,1,260937,16266.75,16270.0,16266.75,16268.0,96,NQ.v.0
2023-12-12 12:25:00+00:00,33,1,260937,16268.0,16269.0,16266.0,16269.0,55,NQ.v.0
2023-12-12 12:26:00+00:00,33,1,260937,16267.75,16273.75,16267.5,16271.5,242,NQ.v.0
2023-12-12 12:27:00+00:00,33,1,260937,16272.0,16276.5,16271.5,16274.5,81,NQ.v.0
2023-12-12 12:28:00+00:00,33,1,260937,16274.5,16274.75,16271.0,16271.25,54,NQ.v.0
2023-12-12 12:29:00+00:00,33,1,260937,16271.25,16275.5,16271.25,16275.0,52,NQ.v.0
2023-12-12 12:30:00+00:00,33,1,260937,16274.25,16274.5,16271.5,16272.75,89,NQ.v.0
2023-12-12 12:31:00+00:00,33,1,260937,16272.75,16272.75,16269.25,16270.75,106,NQ.v.0
2023-12-12 12:32:00+00:00,33,1,260937,16270.0,16272.0,16268.75,16271.5,59,NQ.v.0
2023-12-12 12:33:00+00:00,33,1,260937,16271.5,16273.0,16269.75,16271.75,39,NQ.v.0
2023-12-12 12:34:00+00:00,33,1,260937,16272.25,16272.25,16271.0,16271.0,21,NQ.v.0
2023-12-12 12:35:00+00:00,33,1,260937,16271.0,16271.25,16269.25,16271.0,61,NQ.v.0
2023-12-12 12:36:00+00:00,33,1,260937,16271.0,16271.75,16270.0,16270.75,25,NQ.v.0
2023-12-12 12:37:00+00:00,33,1,260937,16270.75,16271.25,16269.75,16270.0,28,NQ.v.0
2023-12-12 12:38:00+00:00,33,1,260937,16269.5,16269.75,16268.25,16269.5,40,NQ.v.0
2023-12-12 12:39:00+00:00,33,1,260937,16270.0,16274.25,16270.0,16274.0,102,NQ.v.0
2023-12-12 12:40:00+00:00,33,1,260937,16274.5,16278.0,16272.5,16272.5,90,NQ.v.0
2023-12-12 12:41:00+00:00,33,1,260937,16272.5,16275.5,16272.5,16274.0,41,NQ.v.0
2023-12-12 12:42:00+00:00,33,1,260937,16274.0,16279.75,16273.75,16278.75,137,NQ.v.0
2023-12-12 12:43:00+00:00,33,1,260937,16279.25,16285.5,16278.5,16283.75,228,NQ.v.0
2023-12-12 12:44:00+00:00,33,1,260937,16283.0,16283.5,16278.0,16278.25,118,NQ.v.0
2023-12-12 12:45:00+00:00,33,1,260937,16277.75,16283.75,16277.5,16280.75,128,NQ.v.0
2023-12-12 12:46:00+00:00,33,1,260937,16280.5,16283.0,16280.5,16282.0,27,NQ.v.0
2023-12-12 12:47:00+00:00,33,1,260937,16281.5,16281.5,16279.0,16279.0,45,NQ.v.0
2023-12-12 12:48:00+00:00,33,1,260937,16280.0,16280.0,16278.25,16279.25,22,NQ.v.0
2023-12-12 12:49:00+00:00,33,1,260937,16279.75,16282.25,16279.5,16282.25,17,NQ.v.0
2023-12-12 12:50:00+00:00,33,1,260937,16281.25,16282.5,16280.25,16282.5,22,NQ.v.0
2023-12-12 12:51:00+00:00,33,1,260937,16282.5,16283.0,16281.0,16282.5,33,NQ.v.0
2023-12-12 12:52:00+00:00,33,1,260937,16281.0,16282.5,16280.25,16281.75,35,NQ.v.0
2023-12-12 12:53:00+00:00,33,1,260937,16281.25,16281.25,16277.75,16277.75,48,NQ.v.0
2023-12-12 12:54:00+00:00,33,1,260937,16278.75,16281.25,16278.0,16281.25,19,NQ.v.0
2023-12-12 12:55:00+00:00,33,1,260937,16281.25,16281.75,16277.75,16280.0,87,NQ.v.0
2023-12-12 12:56:00+00:00,33,1,260937,16279.0,16280.5,16278.0,16279.5,67,NQ.v.0
2023-12-12 12:57:00+00:00,33,1,260937,16279.5,16279.75,16278.5,16279.25,34,NQ.v.0
2023-12-12 12:58:00+00:00,33,1,260937,16278.25,16279.5,16277.25,16279.0,15,NQ.v.0
2023-12-12 12:59:00+00:00,33,1,260937,16279.0,16281.0,16279.0,16280.0,65,NQ.v.0
2023-12-12 13:00:00+00:00,33,1,260937,16279.5,16283.5,16277.5,16281.25,110,NQ.v.0
2023-12-12 13:01:00+00:00,33,1,260937,16281.5,16284.75,16281.5,16283.25,91,NQ.v.0
2023-12-12 13:02:00+00:00,33,1,260937,16282.5,16284.25,16280.0,16283.75,73,NQ.v.0
2023-12-12 13:03:00+00:00,33,1,260937,16283.25,16285.5,16282.0,16284.75,54,NQ.v.0
2023-12-12 13:04:00+00:00,33,1,260937,16285.25,16287.5,16283.25,16284.25,127,NQ.v.0
2023-12-12 13:05:00+00:00,33,1,260937,16283.75,16287.25,16282.5,16283.5,76,NQ.v.0
2023-12-12 13:06:00+00:00,33,1,260937,16283.5,16286.75,16283.5,16286.0,75,NQ.v.0
2023-12-12 13:07:00+00:00,33,1,260937,16285.0,16285.75,16283.0,16284.5,67,NQ.v.0
2023-12-12 13:08:00+00:00,33,1,260937,16284.75,16284.75,16282.75,16283.75,35,NQ.v.0
2023-12-12 13:09:00+00:00,33,1,260937,16283.0,16283.75,16281.75,16283.0,94,NQ.v.0
2023-12-12 13:10:00+00:00,33,1,260937,16282.5,16283.0,16279.0,16280.0,77,NQ.v.0
2023-12-12 13:11:00+00:00,33,1,260937,16279.5,16279.75,16273.0,16273.25,203,NQ.v.0
2023-12-12 13:12:00+00:00,33,1,260937,16272.75,16276.5,16272.0,16275.75,157,NQ.v.0
2023-12-12 13:13:00+00:00,33,1,260937,16276.0,16279.25,16275.0,16278.5,77,NQ.v.0
2023-12-12 13:14:00+00:00,33,1,260937,16278.5,16282.25,16276.75,16280.75,124,NQ.v.0
2023-12-12 13:15:00+00:00,33,1,260937,16280.75,16285.5,16280.0,16284.0,76,NQ.v.0
2023-12-12 13:16:00+00:00,33,1,260937,16284.75,16286.0,16284.25,16284.75,97,NQ.v.0
2023-12-12 13:17:00+00:00,33,1,260937,16284.5,16288.5,16283.5,16286.75,292,NQ.v.0
2023-12-12 13:18:00+00:00,33,1,260937,16286.5,16289.0,16286.25,16287.0,99,NQ.v.0
2023-12-12 13:19:00+00:00,33,1,260937,16286.75,16287.5,16283.25,16284.25,105,NQ.v.0
2023-12-12 13:20:00+00:00,33,1,260937,16284.5,16287.0,16282.25,16284.75,145,NQ.v.0
2023-12-12 13:21:00+00:00,33,1,260937,16284.0,16284.0,16279.0,16280.25,88,NQ.v.0
2023-12-12 13:22:00+00:00,33,1,260937,16280.0,16282.0,16279.25,16282.0,52,NQ.v.0
2023-12-12 13:23:00+00:00,33,1,260937,16282.0,16285.25,16282.0,16283.5,78,NQ.v.0
2023-12-12 13:24:00+00:00,33,1,260937,16284.5,16287.5,16284.0,16286.25,39,NQ.v.0
2023-12-12 13:25:00+00:00,33,1,260937,16286.75,16291.0,16284.75,16286.75,112,NQ.v.0
2023-12-12 13:26:00+00:00,33,1,260937,16287.75,16295.0,16287.75,16294.0,264,NQ.v.0
2023-12-12 13:27:00+00:00,33,1,260937,16294.75,16297.5,16293.0,16293.75,171,NQ.v.0
2023-12-12 13:28:00+00:00,33,1,260937,16295.75,16296.0,16290.0,16295.0,129,NQ.v.0
2023-12-12 13:29:00+00:00,33,1,260937,16294.25,16325.0,16281.0,16320.75,362,NQ.v.0
2023-12-12 13:30:00+00:00,33,1,260937,16317.75,16345.0,16258.5,16311.0,862,NQ.v.0
2023-12-12 13:31:00+00:00,33,1,260937,16308.0,16334.75,16304.25,16311.0,956,NQ.v.0
2023-12-12 13:32:00+00:00,33,1,260937,16311.5,16323.75,16307.75,16307.75,591,NQ.v.0
2023-12-12 13:33:00+00:00,33,1,260937,16308.75,16308.75,16283.25,16283.25,434,NQ.v.0
2023-12-12 13:34:00+00:00,33,1,260937,16284.75,16288.5,16267.75,16271.0,597,NQ.v.0
2023-12-12 13:35:00+00:00,33,1,260937,16271.5,16279.75,16250.0,16273.75,1295,NQ.v.0
2023-12-12 13:36:00+00:00,33,1,260937,16270.25,16286.5,16268.5,16275.75,591,NQ.v.0
2023-12-12 13:37:00+00:00,33,1,260937,16276.0,16289.75,16275.75,16289.0,381,NQ.v.0
2023-12-12 13:38:00+00:00,33,1,260937,16287.25,16294.75,16279.75,16293.5,455,NQ.v.0
2023-12-12 13:39:00+00:00,33,1,260937,16293.0,16297.25,16279.75,16281.5,233,NQ.v.0
2023-12-12 13:40:00+00:00,33,1,260937,16279.75,16283.5,16267.25,16267.25,507,NQ.v.0
2023-12-12 13:41:00+00:00,33,1,260937,16267.0,16279.25,16263.25,16276.0,300,NQ.v.0
2023-12-12 13:42:00+00:00,33,1,260937,16275.25,16275.25,16265.0,16270.0,271,NQ.v.0
2023-12-12 13:43:00+00:00,33,1,260937,16269.75,16269.75,16264.0,16266.0,135,NQ.v.0
2023-12-12 13:44:00+00:00,33,1,260937,16264.75,16277.0,16264.0,16273.0,354,NQ.v.0
2023-12-12 13:45:00+00:00,33,1,260937,16273.0,16273.0,16254.25,16255.75,432,NQ.v.0
2023-12-12 13:46:00+00:00,33,1,260937,16256.5,16261.5,16252.0,16255.0,413,NQ.v.0
2023-12-12 13:47:00+00:00,33,1,260937,16254.25,16261.25,16252.0,16257.5,274,NQ.v.0
2023-12-12 13:48:00+00:00,33,1,260937,16256.75,16265.5,16254.0,16259.75,298,NQ.v.0
2023-12-12 13:49:00+00:00,33,1,260937,16259.5,16264.25,16255.75,16257.25,169,NQ.v.0
2023-12-12 13:50:00+00:00,33,1,260937,16256.0,16265.0,16255.25,16259.75,224,NQ.v.0
2023-12-12 13:51:00+00:00,33,1,260937,16259.5,16267.75,16259.5,16265.75,245,NQ.v.0
2023-12-12 13:52:00+00:00,33,1,260937,16264.0,16264.0,16239.25,16241.5,638,NQ.v.0
2023-12-12 13:53:00+00:00,33,1,260937,16241.75,16247.25,16238.5,16242.0,519,NQ.v.0
2023-12-12 13:54:00+00:00,33,1,260937,16241.0,16245.0,16235.25,16237.0,378,NQ.v.0
2023-12-12 13:55:00+00:00,33,1,260937,16237.25,16239.0,16232.75,16235.0,407,NQ.v.0
2023-12-12 13:56:00+00:00,33,1,260937,16235.5,16248.25,16234.0,16245.5,520,NQ.v.0
2023-12-12 13:57:00+00:00,33,1,260937,16243.5,16252.25,16241.75,16248.5,452,NQ.v.0
2023-12-12 13:58:00+00:00,33,1,260937,16249.0,16252.75,16242.0,16242.25,314,NQ.v.0
2023-12-12 13:59:00+00:00,33,1,260937,16243.25,16244.0,16236.25,16241.0,203,NQ.v.0
2023-12-12 14:00:00+00:00,33,1,260937,16240.25,16249.5,16239.0,16246.25,177,NQ.v.0
2023-12-12 14:01:00+00:00,33,1,260937,16247.0,16247.75,16242.0,16245.0,251,NQ.v.0
2023-12-12 14:02:00+00:00,33,1,260937,16246.0,16247.25,16239.75,16245.0,111,NQ.v.0
2023-12-12 14:03:00+00:00,33,1,260937,16244.0,16250.5,16242.0,16243.5,209,NQ.v.0
2023-12-12 14:04:00+00:00,33,1,260937,16244.0,16253.0,16244.0,16248.0,194,NQ.v.0
2023-12-12 14:05:00+00:00,33,1,260937,16247.5,16252.25,16244.75,16247.25,226,NQ.v.0
2023-12-12 14:06:00+00:00,33,1,260937,16247.25,16248.75,16242.25,16248.0,107,NQ.v.0
2023-12-12 14:07:00+00:00,33,1,260937,16247.0,16247.25,16242.75,16244.0,75,NQ.v.0
2023-12-12 14:08:00+00:00,33,1,260937,16244.5,16249.75,16243.25,16249.25,114,NQ.v.0
2023-12-12 14:09:00+00:00,33,1,260937,16249.5,16254.5,16248.0,16253.75,293,NQ.v.0
2023-12-12 14:10:00+00:00,33,1,260937,16253.25,16257.5,16251.5,16256.25,222,NQ.v.0
2023-12-12 14:11:00+00:00,33,1,260937,16256.25,16256.25,16250.0,16251.5,154,NQ.v.0
2023-12-12 14:12:00+00:00,33,1,260937,16250.0,16252.5,16246.0,16250.25,155,NQ.v.0
2023-12-12 14:13:00+00:00,33,1,260937,16250.0,16253.75,16248.75,16249.5,78,NQ.v.0
2023-12-12 14:14:00+00:00,33,1,260937,16249.75,16251.75,16247.0,16250.0,134,NQ.v.0
2023-12-12 14:15:00+00:00,33,1,260937,16250.0,16252.0,16243.5,16245.5,128,NQ.v.0
2023-12-12 14:16:00+00:00,33,1,260937,16246.0,16249.0,16244.0,16244.75,54,NQ.v.0
2023-12-12 14:17:00+00:00,33,1,260937,16244.5,16244.5,16237.25,16241.25,268,NQ.v.0
2023-12-12 14:18:00+00:00,33,1,260937,16241.0,16241.5,16236.25,16238.5,127,NQ.v.0
2023-12-12 14:19:00+00:00,33,1,260937,16238.25,16240.75,16237.0,16239.5,115,NQ.v.0
2023-12-12 14:20:00+00:00,33,1,260937,16240.5,16242.25,16234.75,16235.0,264,NQ.v.0
2023-12-12 14:21:00+00:00,33,1,260937,16235.0,16239.0,16233.75,16236.75,118,NQ.v.0
2023-12-12 14:22:00+00:00,33,1,260937,16236.75,16237.5,16233.5,16235.0,74,NQ.v.0
2023-12-12 14:23:00+00:00,33,1,260937,16234.75,16248.5,16233.5,16243.25,429,NQ.v.0
2023-12-12 14:24:00+00:00,33,1,260937,16241.75,16245.25,16235.75,16236.0,172,NQ.v.0
2023-12-12 14:25:00+00:00,33,1,260937,16237.0,16243.0,16235.0,16240.5,328,NQ.v.0
2023-12-12 14:26:00+00:00,33,1,260937,16240.25,16244.25,16239.5,16244.0,94,NQ.v.0
2023-12-12 14:27:00+00:00,33,1,260937,16244.25,16245.5,16233.0,16235.0,278,NQ.v.0
2023-12-12 14:28:00+00:00,33,1,260937,16234.75,16237.0,16229.5,16231.0,325,NQ.v.0
2023-12-12 14:29:00+00:00,33,1,260937,16230.25,16233.25,16229.25,16232.75,377,NQ.v.0
2023-12-12 14:30:00+00:00,33,1,260937,16232.75,16237.0,16216.5,16225.25,1667,NQ.v.0
2023-12-12 14:31:00+00:00,33,1,260937,16225.25,16234.25,16211.25,16216.75,991,NQ.v.0
2023-12-12 14:32:00+00:00,33,1,260937,16217.0,16219.75,16205.25,16217.25,1055,NQ.v.0
2023-12-12 14:33:00+00:00,33,1,260937,16218.25,16231.0,16206.25,16216.5,1049,NQ.v.0
2023-12-12 14:34:00+00:00,33,1,260937,16216.25,16223.0,16196.5,16203.5,1599,NQ.v.0
2023-12-12 14:35:00+00:00,33,1,260937,16203.25,16210.5,16198.25,16200.0,734,NQ.v.0
2023-12-12 14:36:00+00:00,33,1,260937,16200.25,16218.25,16194.25,16217.0,1001,NQ.v.0
2023-12-12 14:37:00+00:00,33,1,260937,16215.25,16223.0,16204.75,16209.75,844,NQ.v.0
2023-12-12 14:38:00+00:00,33,1,260937,16210.0,16218.25,16207.5,16208.0,431,NQ.v.0
2023-12-12 14:39:00+00:00,33,1,260937,16207.25,16210.25,16199.75,16202.5,474,NQ.v.0
2023-12-12 14:40:00+00:00,33,1,260937,16203.25,16219.0,16202.75,16213.25,575,NQ.v.0
2023-12-12 14:41:00+00:00,33,1,260937,16213.75,16215.25,16205.0,16205.75,435,NQ.v.0
2023-12-12 14:42:00+00:00,33,1,260937,16205.5,16208.5,16195.5,16200.25,587,NQ.v.0
2023-12-12 14:43:00+00:00,33,1,260937,16200.0,16200.5,16185.25,16194.0,872,NQ.v.0
2023-12-12 14:44:00+00:00,33,1,260937,16193.5,16201.75,16191.75,16194.5,295,NQ.v.0
2023-12-12 14:45:00+00:00,33,1,260937,16194.25,16209.0,16191.0,16205.5,394,NQ.v.0
2023-12-12 14:46:00+00:00,33,1,260937,16205.0,16206.0,16197.25,16203.5,377,NQ.v.0
2023-12-12 14:47:00+00:00,33,1,260937,16203.5,16215.25,16201.0,16211.75,493,NQ.v.0
2023-12-12 14:48:00+00:00,33,1,260937,16211.0,16217.0,16207.0,16214.25,376,NQ.v.0
2023-12-12 14:49:00+00:00,33,1,260937,16213.75,16226.0,16207.5,16226.0,563,NQ.v.0
2023-12-12 14:50:00+00:00,33,1,260937,16225.5,16228.0,16221.5,16227.0,481,NQ.v.0
2023-12-12 14:51:00+00:00,33,1,260937,16227.5,16237.5,16225.75,16232.75,588,NQ.v.0
2023-12-12 14:52:00+00:00,33,1,260937,16232.75,16235.0,16220.0,16227.75,553,NQ.v.0
2023-12-12 14:53:00+00:00,33,1,260937,16228.5,16229.5,16222.75,16224.25,275,NQ.v.0
2023-12-12 14:54:00+00:00,33,1,260937,16223.75,16223.75,16211.25,16217.5,577,NQ.v.0
2023-12-12 14:55:00+00:00,33,1,260937,16217.25,16235.5,16217.0,16232.25,610,NQ.v.0
2023-12-12 14:56:00+00:00,33,1,260937,16231.25,16244.0,16226.5,16241.75,626,NQ.v.0
2023-12-12 14:57:00+00:00,33,1,260937,16241.5,16244.0,16238.25,16243.0,488,NQ.v.0
2023-12-12 14:58:00+00:00,33,1,260937,16243.5,16248.25,16241.5,16247.75,367,NQ.v.0
2023-12-12 14:59:00+00:00,33,1,260937,16247.5,16256.0,16246.75,16255.5,534,NQ.v.0
2023-12-12 15:00:00+00:00,33,1,260937,16255.75,16256.75,16243.5,16249.5,759,NQ.v.0
2023-12-12 15:01:00+00:00,33,1,260937,16248.75,16263.75,16244.5,16259.25,789,NQ.v.0
2023-12-12 15:02:00+00:00,33,1,260937,16259.5,16259.75,16243.25,16245.75,481,NQ.v.0
2023-12-12 15:03:00+00:00,33,1,260937,16245.75,16251.0,16244.5,16250.5,361,NQ.v.0
2023-12-12 15:04:00+00:00,33,1,260937,16250.5,16259.75,16250.5,16257.0,429,NQ.v.0
2023-12-12 15:05:00+00:00,33,1,260937,16257.0,16260.75,16252.0,16257.5,299,NQ.v.0
2023-12-12 15:06:00+00:00,33,1,260937,16258.0,16269.25,16255.0,16266.75,397,NQ.v.0
2023-12-12 15:07:00+00:00,33,1,260937,16266.75,16268.0,16261.75,16262.75,468,NQ.v.0
2023-12-12 15:08:00+00:00,33,1,260937,16263.25,16265.0,16258.25,16261.25,400,NQ.v.0
2023-12-12 15:09:00+00:00,33,1,260937,16261.5,16268.25,16261.25,16265.25,283,NQ.v.0
2023-12-12 15:10:00+00:00,33,1,260937,16264.0,16264.0,16253.25,16255.0,404,NQ.v.0
2023-12-12 15:11:00+00:00,33,1,260937,16255.5,16263.0,16253.0,16260.5,347,NQ.v.0
2023-12-12 15:12:00+00:00,33,1,260937,16259.75,16259.75,16247.5,16250.25,427,NQ.v.0
2023-12-12 15:13:00+00:00,33,1,260937,16249.75,16254.0,16248.5,16252.75,292,NQ.v.0
2023-12-12 15:14:00+00:00,33,1,260937,16252.5,16258.75,16250.0,16253.5,317,NQ.v.0
2023-12-12 15:15:00+00:00,33,1,260937,16253.5,16259.75,16251.75,16256.0,301,NQ.v.0
2023-12-12 15:16:00+00:00,33,1,260937,16256.5,16266.5,16256.5,16264.25,302,NQ.v.0
2023-12-12 15:17:00+00:00,33,1,260937,16264.5,16269.5,16261.5,16266.0,281,NQ.v.0
2023-12-12 15:18:00+00:00,33,1,260937,16266.25,16277.75,16266.25,16272.5,905,NQ.v.0
2023-12-12 15:19:00+00:00,33,1,260937,16272.0,16273.25,16268.5,16270.25,237,NQ.v.0
2023-12-12 15:20:00+00:00,33,1,260937,16271.0,16278.0,16270.75,16277.0,313,NQ.v.0
2023-12-12 15:21:00+00:00,33,1,260937,16276.25,16276.75,16273.0,16274.75,181,NQ.v.0
2023-12-12 15:22:00+00:00,33,1,260937,16275.0,16276.25,16269.75,16270.25,200,NQ.v.0
2023-12-12 15:23:00+00:00,33,1,260937,16270.5,16271.0,16257.0,16257.25,483,NQ.v.0
2023-12-12 15:24:00+00:00,33,1,260937,16257.75,16271.25,16257.5,16271.25,415,NQ.v.0
2023-12-12 15:25:00+00:00,33,1,260937,16271.5,16280.0,16263.25,16265.25,558,NQ.v.0
2023-12-12 15:26:00+00:00,33,1,260937,16265.0,16268.0,16256.5,16265.0,443,NQ.v.0
2023-12-12 15:27:00+00:00,33,1,260937,16264.75,16265.25,16260.75,16263.0,145,NQ.v.0
2023-12-12 15:28:00+00:00,33,1,260937,16262.0,16264.75,16257.5,16259.0,165,NQ.v.0
2023-12-12 15:29:00+00:00,33,1,260937,16258.5,16260.75,16255.25,16256.5,228,NQ.v.0
2023-12-12 15:30:00+00:00,33,1,260937,16256.75,16270.25,16256.75,16265.25,633,NQ.v.0
2023-12-12 15:31:00+00:00,33,1,260937,16265.0,16266.25,16257.25,16257.5,344,NQ.v.0
2023-12-12 15:32:00+00:00,33,1,260937,16257.75,16261.5,16256.75,16260.25,199,NQ.v.0
2023-12-12 15:33:00+00:00,33,1,260937,16260.0,16260.5,16253.5,16260.0,237,NQ.v.0
2023-12-12 15:34:00+00:00,33,1,260937,16259.75,16260.75,16249.0,16260.0,607,NQ.v.0
2023-12-12 15:35:00+00:00,33,1,260937,16260.0,16262.75,16255.75,16256.25,256,NQ.v.0
2023-12-12 15:36:00+00:00,33,1,260937,16256.25,16263.5,16256.0,16262.5,336,NQ.v.0
2023-12-12 15:37:00+00:00,33,1,260937,16262.75,16272.75,16262.5,16269.5,628,NQ.v.0
2023-12-12 15:38:00+00:00,33,1,260937,16269.25,16273.0,16267.25,16270.5,208,NQ.v.0
2023-12-12 15:39:00+00:00,33,1,260937,16270.0,16274.25,16268.75,16269.25,258,NQ.v.0
2023-12-12 15:40:00+00:00,33,1,260937,16269.0,16276.0,16266.5,16274.75,447,NQ.v.0
2023-12-12 15:41:00+00:00,33,1,260937,16274.75,16274.75,16266.75,16269.0,307,NQ.v.0
2023-12-12 15:42:00+00:00,33,1,260937,16269.0,16274.75,16268.5,16270.0,128,NQ.v.0
2023-12-12 15:43:00+00:00,33,1,260937,16270.25,16271.25,16265.5,16266.5,159,NQ.v.0
2023-12-12 15:44:00+00:00,33,1,260937,16266.25,16268.75,16260.5,16268.0,341,NQ.v.0
2023-12-12 15:45:00+00:00,33,1,260937,16267.75,16270.75,16266.5,16266.5,160,NQ.v.0
2023-12-12 15:46:00+00:00,33,1,260937,16268.0,16268.5,16262.75,16267.75,119,NQ.v.0
2023-12-12 15:47:00+00:00,33,1,260937,16267.0,16277.75,16266.25,16271.25,309,NQ.v.0
2023-12-12 15:48:00+00:00,33,1,260937,16270.5,16271.0,16263.5,16267.25,157,NQ.v.0
2023-12-12 15:49:00+00:00,33,1,260937,16265.75,16266.25,16261.75,16266.25,91,NQ.v.0
2023-12-12 15:50:00+00:00,33,1,260937,16266.25,16267.0,16257.0,16266.25,347,NQ.v.0
2023-12-12 15:51:00+00:00,33,1,260937,16267.0,16268.0,16264.5,16265.25,113,NQ.v.0
2023-12-12 15:52:00+00:00,33,1,260937,16266.5,16269.5,16265.25,16268.25,79,NQ.v.0
2023-12-12 15:53:00+00:00,33,1,260937,16268.75,16273.5,16268.5,16270.5,135,NQ.v.0
2023-12-12 15:54:00+00:00,33,1,260937,16269.5,16270.5,16268.0,16268.75,44,NQ.v.0
2023-12-12 15:55:00+00:00,33,1,260937,16268.75,16279.0,16268.25,16275.5,242,NQ.v.0
2023-12-12 15:56:00+00:00,33,1,260937,16275.25,16279.5,16275.25,16275.75,204,NQ.v.0
2023-12-12 15:57:00+00:00,33,1,260937,16275.5,16277.75,16272.75,16273.5,142,NQ.v.0
2023-12-12 15:58:00+00:00,33,1,260937,16273.25,16285.25,16273.25,16284.25,488,NQ.v.0
2023-12-12 15:59:00+00:00,33,1,260937,16284.5,16288.25,16283.75,16286.5,304,NQ.v.0
2023-12-12 16:00:00+00:00,33,1,260937,16286.5,16291.25,16286.5,16288.5,446,NQ.v.0
2023-12-12 16:01:00+00:00,33,1,260937,16288.25,16290.5,16286.25,16289.0,169,NQ.v.0
2023-12-12 16:02:00+00:00,33,1,260937,16289.0,16291.25,16287.5,16291.25,184,NQ.v.0
2023-12-12 16:03:00+00:00,33,1,260937,16291.25,16292.5,16289.25,16291.25,153,NQ.v.0
2023-12-12 16:04:00+00:00,33,1,260937,16290.75,16294.5,16289.25,16292.25,190,NQ.v.0
2023-12-12 16:05:00+00:00,33,1,260937,16292.25,16298.75,16287.0,16287.75,496,NQ.v.0
2023-12-12 16:06:00+00:00,33,1,260937,16288.75,16296.25,16287.5,16295.75,352,NQ.v.0
2023-12-12 16:07:00+00:00,33,1,260937,16295.75,16299.5,16290.5,16290.75,225,NQ.v.0
2023-12-12 16:08:00+00:00,33,1,260937,16290.0,16292.25,16288.75,16288.75,168,NQ.v.0
2023-12-12 16:09:00+00:00,33,1,260937,16288.5,16289.0,16281.75,16285.5,394,NQ.v.0
2023-12-12 16:10:00+00:00,33,1,260937,16285.25,16289.25,16284.25,16285.75,309,NQ.v.0
2023-12-12 16:11:00+00:00,33,1,260937,16285.75,16287.5,16282.25,16284.5,105,NQ.v.0
2023-12-12 16:12:00+00:00,33,1,260937,16283.75,16284.75,16277.25,16281.25,319,NQ.v.0
2023-12-12 16:13:00+00:00,33,1,260937,16281.75,16283.75,16277.25,16282.5,138,NQ.v.0
2023-12-12 16:14:00+00:00,33,1,260937,16282.75,16286.5,16282.0,16286.25,183,NQ.v.0
2023-12-12 16:15:00+00:00,33,1,260937,16286.0,16286.25,16281.0,16285.75,204,NQ.v.0
2023-12-12 16:16:00+00:00,33,1,260937,16286.0,16289.75,16284.5,16284.5,360,NQ.v.0
2023-12-12 16:17:00+00:00,33,1,260937,16286.0,16290.25,16286.0,16288.75,110,NQ.v.0
2023-12-12 16:18:00+00:00,33,1,260937,16289.5,16290.5,16285.5,16287.25,151,NQ.v.0
2023-12-12 16:19:00+00:00,33,1,260937,16286.5,16287.5,16283.75,16287.25,93,NQ.v.0
2023-12-12 16:20:00+00:00,33,1,260937,16287.25,16288.0,16286.0,16287.25,51,NQ.v.0
2023-12-12 16:21:00+00:00,33,1,260937,16288.25,16293.5,16287.75,16290.75,290,NQ.v.0
2023-12-12 16:22:00+00:00,33,1,260937,16290.25,16303.25,16290.0,16302.75,610,NQ.v.0
2023-12-12 16:23:00+00:00,33,1,260937,16302.5,16307.0,16298.25,16299.5,388,NQ.v.0
2023-12-12 16:24:00+00:00,33,1,260937,16300.0,16303.5,16298.5,16303.25,156,NQ.v.0
2023-12-12 16:25:00+00:00,33,1,260937,16302.75,16303.25,16296.75,16298.75,297,NQ.v.0
2023-12-12 16:26:00+00:00,33,1,260937,16299.25,16299.25,16288.5,16289.0,380,NQ.v.0
2023-12-12 16:27:00+00:00,33,1,260937,16288.5,16292.25,16286.75,16290.0,183,NQ.v.0
2023-12-12 16:28:00+00:00,33,1,260937,16290.0,16290.0,16283.0,16284.75,200,NQ.v.0
2023-12-12 16:29:00+00:00,33,1,260937,16284.75,16288.0,16282.5,16285.25,224,NQ.v.0
2023-12-12 16:30:00+00:00,33,1,260937,16284.75,16291.0,16282.75,16291.0,339,NQ.v.0
2023-12-12 16:31:00+00:00,33,1,260937,16291.25,16294.0,16284.5,16285.25,219,NQ.v.0
2023-12-12 16:32:00+00:00,33,1,260937,16285.25,16287.0,16281.0,16285.5,201,NQ.v.0
2023-12-12 16:33:00+00:00,33,1,260937,16285.5,16288.75,16284.25,16287.5,88,NQ.v.0
2023-12-12 16:34:00+00:00,33,1,260937,16286.25,16289.75,16284.75,16287.25,60,NQ.v.0
2023-12-12 16:35:00+00:00,33,1,260937,16286.75,16289.5,16284.5,16286.25,91,NQ.v.0
2023-12-12 16:36:00+00:00,33,1,260937,16286.75,16289.75,16284.25,16287.25,53,NQ.v.0
2023-12-12 16:37:00+00:00,33,1,260937,16287.75,16293.0,16287.75,16291.75,60,NQ.v.0
2023-12-12 16:38:00+00:00,33,1,260937,16293.0,16294.0,16290.75,16293.25,93,NQ.v.0
2023-12-12 16:39:00+00:00,33,1,260937,16293.5,16293.5,16286.75,16287.25,92,NQ.v.0
2023-12-12 16:40:00+00:00,33,1,260937,16287.75,16292.75,16284.5,16290.5,161,NQ.v.0
2023-12-12 16:41:00+00:00,33,1,260937,16290.5,16291.75,16288.0,16289.0,145,NQ.v.0
2023-12-12 16:42:00+00:00,33,1,260937,16289.25,16290.5,16288.0,16288.5,80,NQ.v.0
2023-12-12 16:43:00+00:00,33,1,260937,16287.5,16288.0,16283.5,16286.5,68,NQ.v.0
2023-12-12 16:44:00+00:00,33,1,260937,16287.0,16290.0,16286.0,16289.0,80,NQ.v.0
2023-12-12 16:45:00+00:00,33,1,260937,16289.25,16297.25,16288.75,16296.75,274,NQ.v.0
2023-12-12 16:46:00+00:00,33,1,260937,16296.0,16296.75,16291.25,16291.25,102,NQ.v.0
2023-12-12 16:47:00+00:00,33,1,260937,16291.0,16293.75,16290.0,16291.5,121,NQ.v.0
2023-12-12 16:48:00+00:00,33,1,260937,16292.75,16294.25,16292.0,16293.0,63,NQ.v.0
2023-12-12 16:49:00+00:00,33,1,260937,16292.5,16293.5,16290.75,16293.5,48,NQ.v.0
2023-12-12 16:50:00+00:00,33,1,260937,16293.25,16294.5,16290.0,16290.0,77,NQ.v.0
2023-12-12 16:51:00+00:00,33,1,260937,16291.0,16291.25,16286.5,16290.25,130,NQ.v.0
2023-12-12 16:52:00+00:00,33,1,260937,16289.75,16291.0,16286.5,16287.5,83,NQ.v.0
2023-12-12 16:53:00+00:00,33,1,260937,16287.25,16290.25,16279.25,16280.75,372,NQ.v.0
2023-12-12 16:54:00+00:00,33,1,260937,16281.25,16284.0,16278.25,16281.5,173,NQ.v.0
2023-12-12 16:55:00+00:00,33,1,260937,16281.75,16284.0,16279.5,16280.25,107,NQ.v.0
2023-12-12 16:56:00+00:00,33,1,260937,16279.75,16280.25,16275.75,16275.75,237,NQ.v.0
2023-12-12 16:57:00+00:00,33,1,260937,16275.75,16276.75,16270.0,16271.25,314,NQ.v.0
2023-12-12 16:58:00+00:00,33,1,260937,16270.75,16276.0,16270.75,16274.0,112,NQ.v.0
2023-12-12 16:59:00+00:00,33,1,260937,16274.75,16279.25,16273.75,16275.25,123,NQ.v.0
2023-12-12 17:00:00+00:00,33,1,260937,16275.5,16278.0,16271.25,16272.75,98,NQ.v.0
2023-12-12 17:01:00+00:00,33,1,260937,16273.0,16274.0,16267.0,16270.25,167,NQ.v.0
2023-12-12 17:02:00+00:00,33,1,260937,16271.0,16274.5,16271.0,16272.0,80,NQ.v.0
2023-12-12 17:03:00+00:00,33,1,260937,16272.0,16277.0,16270.0,16274.75,124,NQ.v.0
2023-12-12 17:04:00+00:00,33,1,260937,16275.0,16276.0,16271.25,16271.75,67,NQ.v.0
2023-12-12 17:05:00+00:00,33,1,260937,16271.5,16272.0,16262.75,16263.75,317,NQ.v.0
2023-12-12 17:06:00+00:00,33,1,260937,16264.0,16269.5,16260.75,16261.75,320,NQ.v.0
2023-12-12 17:07:00+00:00,33,1,260937,16262.5,16263.5,16260.0,16261.25,294,NQ.v.0
2023-12-12 17:08:00+00:00,33,1,260937,16260.75,16263.25,16260.25,16261.75,69,NQ.v.0
2023-12-12 17:09:00+00:00,33,1,260937,16261.75,16261.75,16256.25,16260.5,300,NQ.v.0
2023-12-12 17:10:00+00:00,33,1,260937,16259.75,16261.25,16256.25,16256.5,145,NQ.v.0
2023-12-12 17:11:00+00:00,33,1,260937,16257.25,16257.25,16254.5,16256.5,186,NQ.v.0
2023-12-12 17:12:00+00:00,33,1,260937,16255.75,16262.75,16255.5,16262.0,282,NQ.v.0
2023-12-12 17:13:00+00:00,33,1,260937,16261.75,16270.25,16261.75,16268.75,293,NQ.v.0
2023-12-12 17:14:00+00:00,33,1,260937,16269.5,16272.25,16268.0,16271.5,141,NQ.v.0
2023-12-12 17:15:00+00:00,33,1,260937,16270.75,16273.0,16269.75,16272.5,126,NQ.v.0
2023-12-12 17:16:00+00:00,33,1,260937,16272.75,16273.25,16269.0,16270.0,228,NQ.v.0
2023-12-12 17:17:00+00:00,33,1,260937,16270.25,16274.5,16269.5,16273.25,120,NQ.v.0
2023-12-12 17:18:00+00:00,33,1,260937,16273.25,16273.5,16270.75,16272.75,72,NQ.v.0
2023-12-12 17:19:00+00:00,33,1,260937,16273.25,16273.25,16270.5,16271.75,83,NQ.v.0
2023-12-12 17:20:00+00:00,33,1,260937,16270.25,16277.25,16270.0,16277.25,162,NQ.v.0
2023-12-12 17:21:00+00:00,33,1,260937,16277.75,16281.25,16274.25,16275.25,419,NQ.v.0
2023-12-12 17:22:00+00:00,33,1,260937,16275.25,16278.75,16273.75,16277.5,57,NQ.v.0
2023-12-12 17:23:00+00:00,33,1,260937,16277.75,16278.75,16275.5,16278.25,91,NQ.v.0
2023-12-12 17:24:00+00:00,33,1,260937,16278.25,16279.5,16276.5,16278.25,48,NQ.v.0
2023-12-12 17:25:00+00:00,33,1,260937,16278.5,16281.25,16277.75,16278.5,96,NQ.v.0
2023-12-12 17:26:00+00:00,33,1,260937,16278.5,16278.5,16270.25,16270.75,164,NQ.v.0
2023-12-12 17:27:00+00:00,33,1,260937,16270.5,16278.0,16269.25,16277.0,139,NQ.v.0
2023-12-12 17:28:00+00:00,33,1,260937,16277.25,16280.25,16277.25,16280.25,45,NQ.v.0
2023-12-12 17:29:00+00:00,33,1,260937,16279.5,16281.75,16277.25,16279.25,131,NQ.v.0
2023-12-12 17:30:00+00:00,33,1,260937,16279.25,16283.5,16279.25,16282.75,168,NQ.v.0
2023-12-12 17:31:00+00:00,33,1,260937,16282.75,16283.0,16280.0,16282.0,247,NQ.v.0
2023-12-12 17:32:00+00:00,33,1,260937,16282.25,16290.0,16282.25,16288.0,560,NQ.v.0
2023-12-12 17:33:00+00:00,33,1,260937,16288.5,16291.25,16288.0,16290.75,194,NQ.v.0
2023-12-12 17:34:00+00:00,33,1,260937,16291.0,16292.0,16286.75,16287.0,249,NQ.v.0
2023-12-12 17:35:00+00:00,33,1,260937,16288.0,16290.25,16286.25,16287.0,97,NQ.v.0
2023-12-12 17:36:00+00:00,33,1,260937,16287.25,16290.0,16285.5,16288.25,75,NQ.v.0
2023-12-12 17:37:00+00:00,33,1,260937,16288.0,16289.0,16281.25,16283.75,221,NQ.v.0
2023-12-12 17:38:00+00:00,33,1,260937,16284.75,16289.5,16284.75,16287.25,142,NQ.v.0
2023-12-12 17:39:00+00:00,33,1,260937,16287.25,16288.5,16285.0,16286.5,71,NQ.v.0
2023-12-12 17:40:00+00:00,33,1,260937,16285.5,16287.5,16284.75,16286.25,59,NQ.v.0
2023-12-12 17:41:00+00:00,33,1,260937,16286.75,16290.0,16286.25,16286.75,210,NQ.v.0
2023-12-12 17:42:00+00:00,33,1,260937,16286.5,16287.75,16285.75,16287.0,74,NQ.v.0
2023-12-12 17:43:00+00:00,33,1,260937,16287.75,16289.0,16286.0,16287.0,58,NQ.v.0
2023-12-12 17:44:00+00:00,33,1,260937,16286.75,16287.25,16284.25,16286.25,80,NQ.v.0
2023-12-12 17:45:00+00:00,33,1,260937,16286.25,16291.25,16285.75,16287.0,169,NQ.v.0
2023-12-12 17:46:00+00:00,33,1,260937,16286.5,16287.25,16278.5,16283.0,298,NQ.v.0
2023-12-12 17:47:00+00:00,33,1,260937,16283.25,16285.5,16281.25,16283.75,91,NQ.v.0
2023-12-12 17:48:00+00:00,33,1,260937,16283.75,16284.75,16278.75,16279.25,76,NQ.v.0
2023-12-12 17:49:00+00:00,33,1,260937,16280.25,16280.5,16273.25,16274.0,244,NQ.v.0
2023-12-12 17:50:00+00:00,33,1,260937,16274.0,16277.0,16273.25,16276.5,124,NQ.v.0
2023-12-12 17:51:00+00:00,33,1,260937,16276.75,16280.0,16275.0,16276.0,162,NQ.v.0
2023-12-12 17:52:00+00:00,33,1,260937,16275.5,16278.75,16273.0,16277.75,108,NQ.v.0
2023-12-12 17:53:00+00:00,33,1,260937,16278.75,16281.75,16276.25,16278.25,108,NQ.v.0
2023-12-12 17:54:00+00:00,33,1,260937,16278.25,16280.25,16277.0,16279.75,85,NQ.v.0
2023-12-12 17:55:00+00:00,33,1,260937,16279.75,16283.0,16278.5,16281.5,142,NQ.v.0
2023-12-12 17:56:00+00:00,33,1,260937,16281.0,16283.25,16278.25,16279.0,177,NQ.v.0
2023-12-12 17:57:00+00:00,33,1,260937,16279.25,16283.25,16279.25,16282.5,108,NQ.v.0
2023-12-12 17:58:00+00:00,33,1,260937,16282.5,16288.0,16282.5,16286.5,181,NQ.v.0
2023-12-12 17:59:00+00:00,33,1,260937,16285.75,16288.25,16284.5,16286.5,154,NQ.v.0
2023-12-12 18:00:00+00:00,33,1,260937,16286.25,16287.0,16279.25,16282.5,155,NQ.v.0
2023-12-12 18:01:00+00:00,33,1,260937,16282.5,16285.0,16280.5,16285.0,59,NQ.v.0
2023-12-12 18:02:00+00:00,33,1,260937,16284.5,16299.5,16282.75,16299.0,899,NQ.v.0
2023-12-12 18:03:00+00:00,33,1,260937,16298.75,16301.0,16294.5,16299.0,295,NQ.v.0
2023-12-12 18:04:00+00:00,33,1,260937,16299.75,16305.0,16299.5,16300.75,360,NQ.v.0
2023-12-12 18:05:00+00:00,33,1,260937,16301.0,16302.25,16296.0,16297.75,147,NQ.v.0
2023-12-12 18:06:00+00:00,33,1,260937,16298.25,16299.0,16287.25,16295.5,307,NQ.v.0
2023-12-12 18:07:00+00:00,33,1,260937,16296.0,16301.25,16295.0,16298.5,112,NQ.v.0
2023-12-12 18:08:00+00:00,33,1,260937,16297.5,16299.0,16296.0,16299.0,45,NQ.v.0
2023-12-12 18:09:00+00:00,33,1,260937,16299.25,16302.5,16296.0,16298.25,125,NQ.v.0
2023-12-12 18:10:00+00:00,33,1,260937,16299.25,16301.75,16296.5,16297.75,231,NQ.v.0
2023-12-12 18:11:00+00:00,33,1,260937,16298.5,16299.25,16291.75,16292.75,118,NQ.v.0
2023-12-12 18:12:00+00:00,33,1,260937,16292.25,16296.25,16292.0,16296.0,97,NQ.v.0
2023-12-12 18:13:00+00:00,33,1,260937,16296.25,16296.75,16292.25,16294.25,67,NQ.v.0
2023-12-12 18:14:00+00:00,33,1,260937,16294.5,16297.25,16292.5,16296.75,71,NQ.v.0
2023-12-12 18:15:00+00:00,33,1,260937,16296.0,16300.5,16295.25,16300.25,87,NQ.v.0
2023-12-12 18:16:00+00:00,33,1,260937,16300.5,16301.25,16295.5,16296.75,61,NQ.v.0
2023-12-12 18:17:00+00:00,33,1,260937,16297.5,16298.75,16295.5,16298.25,36,NQ.v.0
2023-12-12 18:18:00+00:00,33,1,260937,16296.5,16299.75,16295.25,16297.5,65,NQ.v.0
2023-12-12 18:19:00+00:00,33,1,260937,16297.25,16298.5,16294.75,16295.0,57,NQ.v.0
2023-12-12 18:20:00+00:00,33,1,260937,16294.75,16296.0,16288.0,16289.75,241,NQ.v.0
2023-12-12 18:21:00+00:00,33,1,260937,16290.0,16292.25,16286.75,16292.0,165,NQ.v.0
2023-12-12 18:22:00+00:00,33,1,260937,16292.25,16294.75,16291.5,16292.0,169,NQ.v.0
2023-12-12 18:23:00+00:00,33,1,260937,16292.25,16295.0,16290.75,16291.0,151,NQ.v.0
2023-12-12 18:24:00+00:00,33,1,260937,16290.5,16290.5,16286.75,16288.0,130,NQ.v.0
2023-12-12 18:25:00+00:00,33,1,260937,16288.75,16290.25,16285.25,16290.25,101,NQ.v.0
2023-12-12 18:26:00+00:00,33,1,260937,16290.5,16293.25,16290.5,16291.25,77,NQ.v.0
2023-12-12 18:27:00+00:00,33,1,260937,16291.25,16293.5,16288.5,16290.5,72,NQ.v.0
2023-12-12 18:28:00+00:00,33,1,260937,16290.5,16294.0,16288.5,16294.0,51,NQ.v.0
2023-12-12 18:29:00+00:00,33,1,260937,16294.25,16294.25,16291.0,16292.5,45,NQ.v.0
2023-12-12 18:30:00+00:00,33,1,260937,16292.75,16292.75,16288.5,16292.75,59,NQ.v.0
2023-12-12 18:31:00+00:00,33,1,260937,16293.0,16300.25,16292.25,16298.5,248,NQ.v.0
2023-12-12 18:32:00+00:00,33,1,260937,16298.25,16298.25,16291.5,16291.5,78,NQ.v.0
2023-12-12 18:33:00+00:00,33,1,260937,16291.0,16292.0,16286.75,16290.0,158,NQ.v.0
2023-12-12 18:34:00+00:00,33,1,260937,16290.25,16297.0,16288.25,16294.75,209,NQ.v.0
2023-12-12 18:35:00+00:00,33,1,260937,16295.25,16297.5,16294.0,16297.0,61,NQ.v.0
2023-12-12 18:36:00+00:00,33,1,260937,16297.25,16300.25,16294.25,16297.0,101,NQ.v.0
2023-12-12 18:37:00+00:00,33,1,260937,16296.5,16298.5,16293.75,16297.5,62,NQ.v.0
2023-12-12 18:38:00+00:00,33,1,260937,16298.75,16299.75,16295.25,16297.25,56,NQ.v.0
2023-12-12 18:39:00+00:00,33,1,260937,16297.75,16300.5,16297.75,16300.25,85,NQ.v.0
2023-12-12 18:40:00+00:00,33,1,260937,16300.75,16304.0,16300.75,16301.25,154,NQ.v.0
2023-12-12 18:41:00+00:00,33,1,260937,16300.75,16301.0,16298.5,16299.75,73,NQ.v.0
2023-12-12 18:42:00+00:00,33,1,260937,16300.0,16301.5,16298.75,16300.25,49,NQ.v.0
2023-12-12 18:43:00+00:00,33,1,260937,16301.0,16301.5,16298.75,16300.0,36,NQ.v.0
2023-12-12 18:44:00+00:00,33,1,260937,16302.0,16303.5,16301.0,16301.5,71,NQ.v.0
2023-12-12 18:45:00+00:00,33,1,260937,16301.75,16305.5,16301.25,16303.75,93,NQ.v.0
2023-12-12 18:46:00+00:00,33,1,260937,16304.75,16308.5,16304.0,16305.75,301,NQ.v.0
2023-12-12 18:47:00+00:00,33,1,260937,16306.5,16309.0,16306.0,16306.75,165,NQ.v.0
2023-12-12 18:48:00+00:00,33,1,260937,16307.0,16312.0,16305.5,16311.25,194,NQ.v.0
2023-12-12 18:49:00+00:00,33,1,260937,16311.5,16314.75,16311.25,16314.25,305,NQ.v.0
2023-12-12 18:50:00+00:00,33,1,260937,16313.5,16318.75,16313.5,16318.25,449,NQ.v.0
2023-12-12 18:51:00+00:00,33,1,260937,16318.25,16319.0,16314.75,16318.0,137,NQ.v.0
2023-12-12 18:52:00+00:00,33,1,260937,16317.5,16321.25,16317.0,16320.5,310,NQ.v.0
2023-12-12 18:53:00+00:00,33,1,260937,16320.75,16321.5,16314.5,16317.0,313,NQ.v.0
2023-12-12 18:54:00+00:00,33,1,260937,16316.5,16318.5,16315.75,16317.5,132,NQ.v.0
2023-12-12 18:55:00+00:00,33,1,260937,16318.25,16318.75,16315.0,16316.75,80,NQ.v.0
2023-12-12 18:56:00+00:00,33,1,260937,16315.5,16316.0,16311.75,16315.0,128,NQ.v.0
2023-12-12 18:57:00+00:00,33,1,260937,16314.5,16318.5,16311.75,16317.25,119,NQ.v.0
2023-12-12 18:58:00+00:00,33,1,260937,16318.0,16320.5,16318.0,16319.75,127,NQ.v.0
2023-12-12 18:59:00+00:00,33,1,260937,16319.75,16322.0,16317.25,16318.5,100,NQ.v.0
2023-12-12 19:00:00+00:00,33,1,260937,16318.0,16319.0,16314.75,16315.25,133,NQ.v.0
2023-12-12 19:01:00+00:00,33,1,260937,16314.75,16316.25,16311.0,16315.5,244,NQ.v.0
2023-12-12 19:02:00+00:00,33,1,260937,16316.0,16319.25,16313.75,16316.5,85,NQ.v.0
2023-12-12 19:03:00+00:00,33,1,260937,16316.0,16317.5,16314.75,16315.25,67,NQ.v.0
2023-12-12 19:04:00+00:00,33,1,260937,16316.5,16317.0,16314.5,16315.0,50,NQ.v.0
2023-12-12 19:05:00+00:00,33,1,260937,16314.5,16315.0,16312.75,16314.25,73,NQ.v.0
2023-12-12 19:06:00+00:00,33,1,260937,16314.25,16317.0,16313.5,16316.0,115,NQ.v.0
2023-12-12 19:07:00+00:00,33,1,260937,16315.75,16318.5,16315.0,16317.0,71,NQ.v.0
2023-12-12 19:08:00+00:00,33,1,260937,16316.25,16317.5,16315.25,16316.25,69,NQ.v.0
2023-12-12 19:09:00+00:00,33,1,260937,16316.75,16320.25,16315.5,16318.25,95,NQ.v.0
2023-12-12 19:10:00+00:00,33,1,260937,16318.5,16318.75,16316.25,16317.5,46,NQ.v.0
2023-12-12 19:11:00+00:00,33,1,260937,16317.0,16318.0,16315.5,16316.5,46,NQ.v.0
2023-12-12 19:12:00+00:00,33,1,260937,16317.0,16318.0,16315.5,16316.5,53,NQ.v.0
2023-12-12 19:13:00+00:00,33,1,260937,16315.75,16315.75,16313.25,16314.25,109,NQ.v.0
2023-12-12 19:14:00+00:00,33,1,260937,16314.25,16316.5,16313.5,16315.5,94,NQ.v.0
2023-12-12 19:15:00+00:00,33,1,260937,16315.5,16316.75,16314.0,16315.0,110,NQ.v.0
2023-12-12 19:16:00+00:00,33,1,260937,16315.0,16318.5,16313.75,16314.75,125,NQ.v.0
2023-12-12 19:17:00+00:00,33,1,260937,16315.25,16319.0,16315.0,16318.0,169,NQ.v.0
2023-12-12 19:18:00+00:00,33,1,260937,16318.0,16319.5,16315.5,16318.25,55,NQ.v.0
2023-12-12 19:19:00+00:00,33,1,260937,16318.5,16319.75,16317.5,16318.0,158,NQ.v.0
2023-12-12 19:20:00+00:00,33,1,260937,16318.25,16322.5,16317.75,16321.5,125,NQ.v.0
2023-12-12 19:21:00+00:00,33,1,260937,16321.0,16322.5,16319.25,16319.75,85,NQ.v.0
2023-12-12 19:22:00+00:00,33,1,260937,16319.5,16321.0,16318.5,16318.5,84,NQ.v.0
2023-12-12 19:23:00+00:00,33,1,260937,16319.0,16321.5,16319.0,16320.75,65,NQ.v.0
2023-12-12 19:24:00+00:00,33,1,260937,16320.5,16324.5,16320.5,16323.25,107,NQ.v.0
2023-12-12 19:25:00+00:00,33,1,260937,16324.0,16324.75,16321.75,16324.75,136,NQ.v.0
2023-12-12 19:26:00+00:00,33,1,260937,16324.5,16324.75,16320.0,16322.0,97,NQ.v.0
2023-12-12 19:27:00+00:00,33,1,260937,16322.0,16322.25,16320.25,16321.5,52,NQ.v.0
2023-12-12 19:28:00+00:00,33,1,260937,16322.0,16322.75,16318.5,16320.5,100,NQ.v.0
2023-12-12 19:29:00+00:00,33,1,260937,16319.25,16321.5,16318.5,16321.25,46,NQ.v.0
2023-12-12 19:30:00+00:00,33,1,260937,16321.5,16324.25,16321.5,16322.25,92,NQ.v.0
2023-12-12 19:31:00+00:00,33,1,260937,16322.25,16325.0,16322.25,16323.5,66,NQ.v.0
2023-12-12 19:32:00+00:00,33,1,260937,16323.5,16323.5,16319.25,16320.0,94,NQ.v.0
2023-12-12 19:33:00+00:00,33,1,260937,16320.75,16322.25,16319.0,16321.75,48,NQ.v.0
2023-12-12 19:34:00+00:00,33,1,260937,16321.75,16323.75,16321.5,16322.5,58,NQ.v.0
2023-12-12 19:35:00+00:00,33,1,260937,16323.0,16325.75,16322.75,16325.25,164,NQ.v.0
2023-12-12 19:36:00+00:00,33,1,260937,16325.5,16327.75,16324.25,16325.0,286,NQ.v.0
2023-12-12 19:37:00+00:00,33,1,260937,16324.0,16324.5,16321.0,16322.5,82,NQ.v.0
2023-12-12 19:38:00+00:00,33,1,260937,16322.5,16324.5,16321.5,16323.75,103,NQ.v.0
2023-12-12 19:39:00+00:00,33,1,260937,16323.5,16324.25,16322.0,16323.75,46,NQ.v.0
2023-12-12 19:40:00+00:00,33,1,260937,16324.5,16326.75,16324.0,16325.75,80,NQ.v.0
2023-12-12 19:41:00+00:00,33,1,260937,16326.0,16326.75,16323.25,16325.5,64,NQ.v.0
2023-12-12 19:42:00+00:00,33,1,260937,16325.5,16329.0,16324.5,16328.5,98,NQ.v.0
2023-12-12 19:43:00+00:00,33,1,260937,16328.0,16328.75,16324.25,16324.75,98,NQ.v.0
2023-12-12 19:44:00+00:00,33,1,260937,16324.75,16327.5,16323.75,16327.0,88,NQ.v.0
2023-12-12 19:45:00+00:00,33,1,260937,16327.25,16327.75,16325.0,16327.75,75,NQ.v.0
2023-12-12 19:46:00+00:00,33,1,260937,16327.0,16333.0,16326.25,16332.75,293,NQ.v.0
2023-12-12 19:47:00+00:00,33,1,260937,16332.5,16333.25,16327.25,16327.75,228,NQ.v.0
2023-12-12 19:48:00+00:00,33,1,260937,16327.75,16329.5,16327.75,16328.75,78,NQ.v.0
2023-12-12 19:49:00+00:00,33,1,260937,16328.25,16331.0,16327.25,16330.25,87,NQ.v.0
2023-12-12 19:50:00+00:00,33,1,260937,16330.25,16332.25,16330.25,16332.25,49,NQ.v.0
2023-12-12 19:51:00+00:00,33,1,260937,16332.25,16333.75,16331.0,16332.25,87,NQ.v.0
2023-12-12 19:52:00+00:00,33,1,260937,16332.25,16334.75,16331.0,16332.25,197,NQ.v.0
2023-12-12 19:53:00+00:00,33,1,260937,16333.5,16336.5,16333.0,16335.25,206,NQ.v.0
2023-12-12 19:54:00+00:00,33,1,260937,16335.5,16336.0,16331.75,16333.25,128,NQ.v.0
2023-12-12 19:55:00+00:00,33,1,260937,16333.25,16335.75,16332.5,16335.5,93,NQ.v.0
2023-12-12 19:56:00+00:00,33,1,260937,16335.75,16337.25,16334.5,16335.25,216,NQ.v.0
2023-12-12 19:57:00+00:00,33,1,260937,16335.0,16337.5,16334.75,16336.25,182,NQ.v.0
2023-12-12 19:58:00+00:00,33,1,260937,16336.75,16337.25,16334.75,16335.5,103,NQ.v.0
2023-12-12 19:59:00+00:00,33,1,260937,16335.5,16338.5,16335.0,16336.0,226,NQ.v.0
2023-12-12 20:00:00+00:00,33,1,260937,16336.5,16337.25,16331.25,16335.25,309,NQ.v.0
2023-12-12 20:01:00+00:00,33,1,260937,16334.5,16338.0,16333.25,16337.75,139,NQ.v.0
2023-12-12 20:02:00+00:00,33,1,260937,16338.25,16339.25,16336.0,16337.25,105,NQ.v.0
2023-12-12 20:03:00+00:00,33,1,260937,16338.0,16338.75,16336.0,16336.0,66,NQ.v.0
2023-12-12 20:04:00+00:00,33,1,260937,16336.75,16340.25,16336.75,16339.5,239,NQ.v.0
2023-12-12 20:05:00+00:00,33,1,260937,16338.75,16345.0,16338.5,16341.75,261,NQ.v.0
2023-12-12 20:06:00+00:00,33,1,260937,16342.5,16346.5,16340.5,16345.25,248,NQ.v.0
2023-12-12 20:07:00+00:00,33,1,260937,16345.75,16348.5,16345.5,16347.0,345,NQ.v.0
2023-12-12 20:08:00+00:00,33,1,260937,16347.0,16349.75,16346.5,16347.5,182,NQ.v.0
2023-12-12 20:09:00+00:00,33,1,260937,16347.75,16349.0,16345.25,16347.5,176,NQ.v.0
2023-12-12 20:10:00+00:00,33,1,260937,16347.0,16348.25,16341.5,16342.0,266,NQ.v.0
2023-12-12 20:11:00+00:00,33,1,260937,16342.25,16342.75,16336.75,16340.25,400,NQ.v.0
2023-12-12 20:12:00+00:00,33,1,260937,16340.75,16347.5,16340.75,16346.75,266,NQ.v.0
2023-12-12 20:13:00+00:00,33,1,260937,16347.0,16348.75,16346.25,16347.75,153,NQ.v.0
2023-12-12 20:14:00+00:00,33,1,260937,16347.5,16348.25,16346.5,16346.75,104,NQ.v.0
2023-12-12 20:15:00+00:00,33,1,260937,16347.5,16352.25,16347.5,16349.5,240,NQ.v.0
2023-12-12 20:16:00+00:00,33,1,260937,16349.25,16352.25,16349.0,16351.0,164,NQ.v.0
2023-12-12 20:17:00+00:00,33,1,260937,16351.25,16352.5,16348.5,16349.0,256,NQ.v.0
2023-12-12 20:18:00+00:00,33,1,260937,16348.0,16349.25,16342.0,16345.25,305,NQ.v.0
2023-12-12 20:19:00+00:00,33,1,260937,16345.5,16346.5,16343.25,16343.5,181,NQ.v.0
2023-12-12 20:20:00+00:00,33,1,260937,16343.25,16347.75,16343.0,16346.5,197,NQ.v.0
2023-12-12 20:21:00+00:00,33,1,260937,16346.5,16348.25,16345.25,16348.0,250,NQ.v.0
2023-12-12 20:22:00+00:00,33,1,260937,16348.0,16352.25,16348.0,16352.0,132,NQ.v.0
2023-12-12 20:23:00+00:00,33,1,260937,16352.25,16353.5,16349.0,16349.0,113,NQ.v.0
2023-12-12 20:24:00+00:00,33,1,260937,16349.0,16350.75,16346.5,16350.25,159,NQ.v.0
2023-12-12 20:25:00+00:00,33,1,260937,16349.75,16351.75,16347.0,16351.0,109,NQ.v.0
2023-12-12 20:26:00+00:00,33,1,260937,16351.5,16352.5,16350.5,16351.75,101,NQ.v.0
2023-12-12 20:27:00+00:00,33,1,260937,16351.5,16353.75,16350.0,16353.75,137,NQ.v.0
2023-12-12 20:28:00+00:00,33,1,260937,16353.75,16354.5,16352.0,16353.5,148,NQ.v.0
2023-12-12 20:29:00+00:00,33,1,260937,16353.0,16354.25,16350.5,16351.5,150,NQ.v.0
2023-12-12 20:30:00+00:00,33,1,260937,16350.75,16353.0,16349.5,16350.0,126,NQ.v.0
2023-12-12 20:31:00+00:00,33,1,260937,16349.75,16350.5,16346.0,16347.25,143,NQ.v.0
2023-12-12 20:32:00+00:00,33,1,260937,16347.5,16350.5,16347.5,16348.75,103,NQ.v.0
2023-12-12 20:33:00+00:00,33,1,260937,16348.5,16350.25,16347.5,16348.25,100,NQ.v.0
2023-12-12 20:34:00+00:00,33,1,260937,16348.0,16349.25,16346.75,16347.0,104,NQ.v.0
2023-12-12 20:35:00+00:00,33,1,260937,16346.75,16347.25,16343.75,16345.25,241,NQ.v.0
2023-12-12 20:36:00+00:00,33,1,260937,16346.25,16348.75,16344.0,16344.75,154,NQ.v.0
2023-12-12 20:37:00+00:00,33,1,260937,16344.75,16346.0,16342.75,16345.25,268,NQ.v.0
2023-12-12 20:38:00+00:00,33,1,260937,16344.5,16346.0,16343.5,16344.25,136,NQ.v.0
2023-12-12 20:39:00+00:00,33,1,260937,16344.75,16346.75,16343.0,16345.25,170,NQ.v.0
2023-12-12 20:40:00+00:00,33,1,260937,16345.75,16348.0,16343.5,16347.25,181,NQ.v.0
2023-12-12 20:41:00+00:00,33,1,260937,16347.75,16349.0,16345.5,16346.75,142,NQ.v.0
2023-12-12 20:42:00+00:00,33,1,260937,16346.75,16348.75,16344.0,16344.5,120,NQ.v.0
2023-12-12 20:43:00+00:00,33,1,260937,16344.0,16348.25,16341.5,16346.5,199,NQ.v.0
2023-12-12 20:44:00+00:00,33,1,260937,16346.75,16349.75,16346.0,16348.5,176,NQ.v.0
2023-12-12 20:45:00+00:00,33,1,260937,16348.25,16349.5,16346.25,16349.25,130,NQ.v.0
2023-12-12 20:46:00+00:00,33,1,260937,16349.25,16354.0,16349.25,16351.5,192,NQ.v.0
2023-12-12 20:47:00+00:00,33,1,260937,16351.0,16351.25,16348.25,16349.5,150,NQ.v.0
2023-12-12 20:48:00+00:00,33,1,260937,16349.75,16353.25,16349.0,16353.0,134,NQ.v.0
2023-12-12 20:49:00+00:00,33,1,260937,16352.25,16353.75,16351.25,16352.75,179,NQ.v.0
2023-12-12 20:50:00+00:00,33,1,260937,16351.75,16351.75,16344.5,16350.75,431,NQ.v.0
2023-12-12 20:51:00+00:00,33,1,260937,16350.75,16352.75,16347.0,16351.0,259,NQ.v.0
2023-12-12 20:52:00+00:00,33,1,260937,16351.5,16356.25,16351.5,16353.5,459,NQ.v.0
2023-12-12 20:53:00+00:00,33,1,260937,16353.5,16353.75,16347.5,16350.0,278,NQ.v.0
2023-12-12 20:54:00+00:00,33,1,260937,16349.25,16351.75,16346.25,16347.0,400,NQ.v.0
2023-12-12 20:55:00+00:00,33,1,260937,16347.0,16361.75,16347.0,16360.5,818,NQ.v.0
2023-12-12 20:56:00+00:00,33,1,260937,16360.5,16362.25,16355.75,16357.25,340,NQ.v.0
2023-12-12 20:57:00+00:00,33,1,260937,16357.5,16361.0,16356.75,16359.5,362,NQ.v.0
2023-12-12 20:58:00+00:00,33,1,260937,16359.75,16361.0,16357.75,16357.75,361,NQ.v.0
2023-12-12 20:59:00+00:00,33,1,260937,16358.25,16367.0,16357.5,16365.0,1202,NQ.v.0
2023-12-12 21:00:00+00:00,33,1,260937,16364.25,16366.5,16361.0,16366.5,471,NQ.v.0
2023-12-12 21:01:00+00:00,33,1,260937,16366.5,16382.75,16366.5,16380.75,963,NQ.v.0
2023-12-12 21:02:00+00:00,33,1,260937,16380.25,16381.25,16378.0,16380.0,330,NQ.v.0
2023-12-12 21:03:00+00:00,33,1,260937,16380.25,16381.75,16379.75,16381.25,242,NQ.v.0
2023-12-12 21:04:00+00:00,33,1,260937,16380.5,16383.75,16379.75,16381.75,216,NQ.v.0
2023-12-12 21:05:00+00:00,33,1,260937,16382.0,16382.5,16380.5,16381.25,96,NQ.v.0
2023-12-12 21:06:00+00:00,33,1,260937,16381.0,16381.5,16378.5,16379.25,244,NQ.v.0
2023-12-12 21:07:00+00:00,33,1,260937,16379.25,16380.0,16378.25,16379.25,99,NQ.v.0
2023-12-12 21:08:00+00:00,33,1,260937,16379.0,16383.25,16378.75,16382.0,146,NQ.v.0
2023-12-12 21:09:00+00:00,33,1,260937,16382.5,16382.75,16380.75,16381.0,41,NQ.v.0
2023-12-12 21:10:00+00:00,33,1,260937,16380.75,16381.75,16379.5,16381.75,82,NQ.v.0
2023-12-12 21:11:00+00:00,33,1,260937,16381.75,16383.25,16381.0,16382.5,38,NQ.v.0
2023-12-12 21:12:00+00:00,33,1,260937,16382.75,16385.0,16382.75,16384.75,63,NQ.v.0
2023-12-12 21:13:00+00:00,33,1,260937,16384.75,16386.75,16384.75,16386.75,68,NQ.v.0
2023-12-12 21:14:00+00:00,33,1,260937,16386.5,16386.5,16382.25,16383.75,74,NQ.v.0
2023-12-12 21:15:00+00:00,33,1,260937,16384.5,16385.75,16383.5,16385.75,22,NQ.v.0
2023-12-12 21:16:00+00:00,33,1,260937,16385.75,16386.0,16384.75,16385.5,10,NQ.v.0
2023-12-12 21:17:00+00:00,33,1,260937,16385.25,16387.25,16385.25,16386.0,29,NQ.v.0
2023-12-12 21:18:00+00:00,33,1,260937,16386.0,16386.25,16385.5,16386.25,6,NQ.v.0
2023-12-12 21:19:00+00:00,33,1,260937,16386.25,16386.25,16385.5,16386.0,16,NQ.v.0
2023-12-12 21:20:00+00:00,33,1,260937,16386.0,16386.0,16385.0,16386.0,13,NQ.v.0
2023-12-12 21:21:00+00:00,33,1,260937,16385.75,16387.0,16385.75,16387.0,2,NQ.v.0
2023-12-12 21:22:00+00:00,33,1,260937,16387.0,16387.0,16385.0,16385.0,12,NQ.v.0
2023-12-12 21:23:00+00:00,33,1,260937,16384.75,16385.5,16384.75,16384.75,21,NQ.v.0
2023-12-12 21:24:00+00:00,33,1,260937,16384.75,16384.75,16383.75,16384.0,39,NQ.v.0
2023-12-12 21:25:00+00:00,33,1,260937,16385.0,16385.75,16384.75,16385.75,19,NQ.v.0
2023-12-12 21:26:00+00:00,33,1,260937,16385.5,16387.25,16385.5,16386.0,34,NQ.v.0
2023-12-12 21:27:00+00:00,33,1,260937,16386.0,16386.0,16384.75,16385.5,8,NQ.v.0
2023-12-12 21:28:00+00:00,33,1,260937,16384.75,16384.75,16384.25,16384.75,5,NQ.v.0
2023-12-12 21:29:00+00:00,33,1,260937,16384.25,16384.75,16383.75,16384.5,26,NQ.v.0
2023-12-12 21:30:00+00:00,33,1,260937,16384.5,16385.75,16384.0,16385.25,25,NQ.v.0
2023-12-12 21:31:00+00:00,33,1,260937,16385.25,16387.0,16385.25,16386.0,38,NQ.v.0
2023-12-12 21:32:00+00:00,33,1,260937,16386.25,16388.0,16386.25,16386.75,33,NQ.v.0
2023-12-12 21:33:00+00:00,33,1,260937,16387.25,16387.5,16387.0,16387.5,10,NQ.v.0
2023-12-12 21:34:00+00:00,33,1,260937,16387.5,16388.75,16386.75,16387.0,81,NQ.v.0
2023-12-12 21:35:00+00:00,33,1,260937,16386.75,16389.5,16385.0,16386.25,77,NQ.v.0
2023-12-12 21:36:00+00:00,33,1,260937,16386.25,16387.0,16386.25,16386.5,6,NQ.v.0
2023-12-12 21:37:00+00:00,33,1,260937,16386.5,16387.0,16386.5,16387.0,4,NQ.v.0
2023-12-12 21:38:00+00:00,33,1,260937,16387.5,16387.75,16387.0,16387.5,12,NQ.v.0
2023-12-12 21:39:00+00:00,33,1,260937,16386.5,16386.75,16385.75,16385.75,37,NQ.v.0
2023-12-12 21:40:00+00:00,33,1,260937,16386.0,16387.0,16386.0,16386.5,23,NQ.v.0
2023-12-12 21:41:00+00:00,33,1,260937,16386.0,16386.5,16385.75,16385.75,25,NQ.v.0
2023-12-12 21:42:00+00:00,33,1,260937,16387.0,16389.0,16387.0,16388.25,47,NQ.v.0
2023-12-12 21:43:00+00:00,33,1,260937,16388.25,16388.25,16387.75,16388.25,15,NQ.v.0
2023-12-12 21:44:00+00:00,33,1,260937,16387.0,16388.25,16387.0,16387.75,11,NQ.v.0
2023-12-12 21:45:00+00:00,33,1,260937,16387.5,16387.75,16386.75,16387.5,13,NQ.v.0
2023-12-12 21:46:00+00:00,33,1,260937,16387.5,16388.0,16386.5,16387.5,24,NQ.v.0
2023-12-12 21:47:00+00:00,33,1,260937,16387.75,16388.25,16385.75,16388.0,30,NQ.v.0
2023-12-12 21:48:00+00:00,33,1,260937,16387.0,16388.0,16386.75,16387.5,12,NQ.v.0
2023-12-12 21:49:00+00:00,33,1,260937,16386.25,16386.25,16384.5,16386.0,60,NQ.v.0
2023-12-12 21:50:00+00:00,33,1,260937,16385.5,16387.25,16385.25,16387.25,30,NQ.v.0
2023-12-12 21:51:00+00:00,33,1,260937,16387.0,16387.25,16385.0,16386.0,33,NQ.v.0
2023-12-12 21:52:00+00:00,33,1,260937,16386.0,16386.5,16385.25,16386.5,9,NQ.v.0
2023-12-12 21:53:00+00:00,33,1,260937,16385.0,16385.0,16385.0,16385.0,2,NQ.v.0
2023-12-12 21:54:00+00:00,33,1,260937,16385.25,16386.75,16385.25,16386.75,17,NQ.v.0
2023-12-12 21:55:00+00:00,33,1,260937,16386.0,16386.25,16385.25,16386.25,23,NQ.v.0
2023-12-12 21:56:00+00:00,33,1,260937,16385.25,16387.0,16384.75,16384.75,15,NQ.v.0
2023-12-12 21:57:00+00:00,33,1,260937,16385.5,16386.0,16385.0,16385.25,10,NQ.v.0
2023-12-12 21:58:00+00:00,33,1,260937,16385.0,16385.0,16384.0,16384.75,52,NQ.v.0
2023-12-12 21:59:00+00:00,33,1,260937,16384.75,16386.0,16384.5,16386.0,18,NQ.v.0
2023-12-12 23:00:00+00:00,33,1,260937,16383.0,16383.0,16378.0,16378.0,48,NQ.v.0
2023-12-12 23:01:00+00:00,33,1,260937,16380.0,16391.25,16379.25,16387.5,42,NQ.v.0
2023-12-12 23:02:00+00:00,33,1,260937,16388.25,16392.25,16388.25,16390.75,63,NQ.v.0
2023-12-12 23:03:00+00:00,33,1,260937,16390.75,16391.0,16388.5,16390.0,45,NQ.v.0
2023-12-12 23:04:00+00:00,33,1,260937,16390.0,16392.0,16388.5,16391.5,22,NQ.v.0
2023-12-12 23:05:00+00:00,33,1,260937,16391.5,16391.75,16391.0,16391.75,7,NQ.v.0
2023-12-12 23:06:00+00:00,33,1,260937,16390.75,16391.5,16390.75,16390.75,6,NQ.v.0
2023-12-12 23:07:00+00:00,33,1,260937,16390.75,16391.0,16390.0,16391.0,6,NQ.v.0
2023-12-12 23:08:00+00:00,33,1,260937,16390.25,16395.75,16390.25,16393.75,20,NQ.v.0
2023-12-12 23:09:00+00:00,33,1,260937,16394.5,16401.25,16393.0,16400.0,109,NQ.v.0
2023-12-12 23:10:00+00:00,33,1,260937,16399.75,16399.75,16397.5,16398.0,54,NQ.v.0
2023-12-12 23:11:00+00:00,33,1,260937,16398.75,16398.75,16397.25,16397.5,6,NQ.v.0
2023-12-12 23:12:00+00:00,33,1,260937,16398.0,16399.75,16398.0,16398.25,12,NQ.v.0
2023-12-12 23:13:00+00:00,33,1,260937,16398.25,16400.0,16398.0,16399.0,12,NQ.v.0
2023-12-12 23:14:00+00:00,33,1,260937,16399.0,16399.0,16397.5,16397.5,21,NQ.v.0
2023-12-12 23:15:00+00:00,33,1,260937,16397.25,16397.75,16395.25,16395.25,35,NQ.v.0
2023-12-12 23:16:00+00:00,33,1,260937,16395.25,16396.75,16395.25,16396.75,7,NQ.v.0
2023-12-12 23:17:00+00:00,33,1,260937,16395.0,16395.0,16395.0,16395.0,2,NQ.v.0
2023-12-12 23:18:00+00:00,33,1,260937,16395.0,16395.0,16395.0,16395.0,6,NQ.v.0
2023-12-12 23:19:00+00:00,33,1,260937,16395.0,16398.0,16395.0,16397.5,25,NQ.v.0
2023-12-12 23:20:00+00:00,33,1,260937,16398.0,16398.0,16398.0,16398.0,2,NQ.v.0
2023-12-12 23:21:00+00:00,33,1,260937,16398.0,16398.0,16397.25,16397.25,2,NQ.v.0
2023-12-12 23:22:00+00:00,33,1,260937,16396.25,16397.0,16395.0,16395.75,8,NQ.v.0
2023-12-12 23:23:00+00:00,33,1,260937,16395.0,16395.25,16393.5,16394.0,11,NQ.v.0
2023-12-12 23:24:00+00:00,33,1,260937,16393.5,16393.5,16391.5,16391.75,16,NQ.v.0
2023-12-12 23:25:00+00:00,33,1,260937,16393.0,16393.0,16392.0,16392.0,2,NQ.v.0
2023-12-12 23:26:00+00:00,33,1,260937,16393.0,16393.0,16393.0,16393.0,1,NQ.v.0
2023-12-12 23:27:00+00:00,33,1,260937,16393.0,16393.75,16392.25,16392.25,6,NQ.v.0
2023-12-12 23:28:00+00:00,33,1,260937,16393.0,16393.75,16393.0,16393.75,7,NQ.v.0
2023-12-12 23:29:00+00:00,33,1,260937,16393.5,16394.0,16393.0,16393.5,7,NQ.v.0
2023-12-12 23:30:00+00:00,33,1,260937,16393.75,16395.0,16393.0,16393.0,11,NQ.v.0
2023-12-12 23:31:00+00:00,33,1,260937,16394.0,16394.0,16394.0,16394.0,1,NQ.v.0
2023-12-12 23:33:00+00:00,33,1,260937,16394.0,16394.0,16393.0,16393.0,3,NQ.v.0
2023-12-12 23:34:00+00:00,33,1,260937,16393.75,16394.25,16393.75,16394.25,7,NQ.v.0
2023-12-12 23:35:00+00:00,33,1,260937,16393.5,16393.5,16393.5,16393.5,1,NQ.v.0
2023-12-12 23:37:00+00:00,33,1,260937,16393.75,16394.25,16393.0,16393.0,6,NQ.v.0
2023-12-12 23:38:00+00:00,33,1,260937,16394.25,16394.25,16393.25,16393.25,6,NQ.v.0
2023-12-12 23:39:00+00:00,33,1,260937,16394.5,16394.5,16393.0,16394.25,11,NQ.v.0
2023-12-12 23:40:00+00:00,33,1,260937,16393.75,16393.75,16393.25,16393.75,4,NQ.v.0
2023-12-12 23:41:00+00:00,33,1,260937,16393.0,16393.25,16392.5,16392.75,20,NQ.v.0
2023-12-12 23:42:00+00:00,33,1,260937,16393.0,16394.0,16392.5,16392.5,20,NQ.v.0
2023-12-12 23:43:00+00:00,33,1,260937,16393.0,16393.0,16392.5,16392.75,13,NQ.v.0
2023-12-12 23:44:00+00:00,33,1,260937,16392.5,16393.0,16392.25,16393.0,18,NQ.v.0
2023-12-12 23:45:00+00:00,33,1,260937,16393.0,16393.25,16392.5,16393.0,7,NQ.v.0
2023-12-12 23:46:00+00:00,33,1,260937,16393.75,16393.75,16392.75,16392.75,2,NQ.v.0
2023-12-12 23:48:00+00:00,33,1,260937,16392.0,16392.0,16392.0,16392.0,1,NQ.v.0
2023-12-12 23:49:00+00:00,33,1,260937,16393.25,16394.0,16393.25,16394.0,3,NQ.v.0
2023-12-12 23:50:00+00:00,33,1,260937,16394.25,16395.5,16394.0,16395.0,16,NQ.v.0
2023-12-12 23:51:00+00:00,33,1,260937,16395.5,16395.5,16395.5,16395.5,6,NQ.v.0
2023-12-12 23:52:00+00:00,33,1,260937,16396.25,16396.5,16395.5,16395.5,9,NQ.v.0
2023-12-12 23:53:00+00:00,33,1,260937,16396.0,16396.5,16396.0,16396.0,11,NQ.v.0
2023-12-12 23:54:00+00:00,33,1,260937,16397.5,16397.75,16397.25,16397.25,12,NQ.v.0
2023-12-12 23:55:00+00:00,33,1,260937,16397.25,16398.0,16397.0,16397.75,6,NQ.v.0
2023-12-12 23:56:00+00:00,33,1,260937,16398.25,16398.5,16397.25,16397.25,10,NQ.v.0
2023-12-12 23:57:00+00:00,33,1,260937,16398.0,16398.0,16397.25,16397.25,2,NQ.v.0
2023-12-12 23:58:00+00:00,33,1,260937,16397.25,16397.25,16396.5,16396.5,7,NQ.v.0
2023-12-12 23:59:00+00:00,33,1,260937,16396.25,16396.25,16396.0,16396.0,4,NQ.v.0
2023-12-13 00:00:00+00:00,33,1,750,16609.25,16609.25,16607.0,16607.0,67,NQ.v.0
2023-12-13 00:01:00+00:00,33,1,750,16607.5,16608.75,16607.0,16608.25,36,NQ.v.0
2023-12-13 00:02:00+00:00,33,1,750,16608.5,16609.0,16607.75,16608.25,24,NQ.v.0
2023-12-13 00:03:00+00:00,33,1,750,16608.25,16608.75,16607.25,16607.75,41,NQ.v.0
2023-12-13 00:04:00+00:00,33,1,750,16606.75,16607.5,16606.0,16606.75,50,NQ.v.0
2023-12-13 00:05:00+00:00,33,1,750,16607.5,16608.5,16606.75,16608.5,28,NQ.v.0
2023-12-13 00:06:00+00:00,33,1,750,16608.75,16610.0,16606.5,16607.75,155,NQ.v.0
2023-12-13 00:07:00+00:00,33,1,750,16608.0,16608.25,16607.5,16608.0,22,NQ.v.0
2023-12-13 00:08:00+00:00,33,1,750,16608.25,16608.5,16607.75,16608.5,18,NQ.v.0
2023-12-13 00:09:00+00:00,33,1,750,16608.0,16610.0,16608.0,16609.75,57,NQ.v.0
2023-12-13 00:10:00+00:00,33,1,750,16610.0,16610.5,16609.25,16610.0,63,NQ.v.0
2023-12-13 00:11:00+00:00,33,1,750,16610.25,16611.0,16608.0,16608.0,115,NQ.v.0
2023-12-13 00:12:00+00:00,33,1,750,16608.25,16608.5,16607.5,16608.0,34,NQ.v.0
2023-12-13 00:13:00+00:00,33,1,750,16608.0,16608.0,16606.75,16607.25,26,NQ.v.0
2023-12-13 00:14:00+00:00,33,1,750,16607.5,16607.75,16607.0,16607.0,17,NQ.v.0
2023-12-13 00:15:00+00:00,33,1,750,16607.0,16608.5,16606.25,16607.5,106,NQ.v.0
2023-12-13 00:16:00+00:00,33,1,750,16607.75,16609.25,16606.75,16606.75,43,NQ.v.0
2023-12-13 00:17:00+00:00,33,1,750,16607.25,16608.25,16606.5,16607.0,54,NQ.v.0
2023-12-13 00:18:00+00:00,33,1,750,16607.5,16608.25,16606.75,16607.0,31,NQ.v.0
2023-12-13 00:19:00+00:00,33,1,750,16607.25,16609.75,16607.25,16608.75,56,NQ.v.0
2023-12-13 00:20:00+00:00,33,1,750,16609.25,16609.75,16608.25,16608.75,80,NQ.v.0
2023-12-13 00:21:00+00:00,33,1,750,16608.75,16609.0,16607.75,16609.0,25,NQ.v.0
2023-12-13 00:22:00+00:00,33,1,750,16608.25,16609.0,16607.75,16608.0,20,NQ.v.0
2023-12-13 00:23:00+00:00,33,1,750,16608.5,16608.75,16607.75,16607.75,23,NQ.v.0
2023-12-13 00:24:00+00:00,33,1,750,16607.75,16608.0,16606.5,16607.75,42,NQ.v.0
2023-12-13 00:25:00+00:00,33,1,750,16608.25,16608.25,16606.5,16606.5,14,NQ.v.0
2023-12-13 00:26:00+00:00,33,1,750,16606.75,16607.25,16606.25,16606.5,29,NQ.v.0
2023-12-13 00:27:00+00:00,33,1,750,16606.75,16607.0,16606.5,16606.5,17,NQ.v.0
2023-12-13 00:28:00+00:00,33,1,750,16606.5,16606.5,16606.0,16606.5,16,NQ.v.0
2023-12-13 00:29:00+00:00,33,1,750,16606.0,16606.0,16605.25,16605.75,38,NQ.v.0
2023-12-13 00:30:00+00:00,33,1,750,16606.0,16607.0,16605.5,16606.75,91,NQ.v.0
2023-12-13 00:31:00+00:00,33,1,750,16606.5,16607.0,16605.5,16605.75,47,NQ.v.0
2023-12-13 00:32:00+00:00,33,1,750,16605.5,16605.75,16603.5,16603.75,139,NQ.v.0
2023-12-13 00:33:00+00:00,33,1,750,16603.75,16604.25,16602.0,16602.0,113,NQ.v.0
2023-12-13 00:34:00+00:00,33,1,750,16601.75,16602.75,16599.25,16599.25,184,NQ.v.0
2023-12-13 00:35:00+00:00,33,1,750,16599.25,16600.5,16597.5,16599.0,260,NQ.v.0
2023-12-13 00:36:00+00:00,33,1,750,16599.0,16600.25,16599.0,16600.25,100,NQ.v.0
2023-12-13 00:37:00+00:00,33,1,750,16600.25,16601.0,16599.5,16600.25,63,NQ.v.0
2023-12-13 00:38:00+00:00,33,1,750,16600.5,16603.0,16600.5,16601.5,113,NQ.v.0
2023-12-13 00:39:00+00:00,33,1,750,16601.25,16602.25,16600.75,16602.25,38,NQ.v.0
2023-12-13 00:40:00+00:00,33,1,750,16602.75,16603.5,16602.0,16603.25,109,NQ.v.0
2023-12-13 00:41:00+00:00,33,1,750,16603.5,16605.75,16603.25,16605.0,103,NQ.v.0
2023-12-13 00:42:00+00:00,33,1,750,16604.75,16606.5,16604.25,16604.5,79,NQ.v.0
2023-12-13 00:43:00+00:00,33,1,750,16604.25,16606.0,16604.25,16605.5,25,NQ.v.0
2023-12-13 00:44:00+00:00,33,1,750,16605.75,16606.25,16605.25,16605.75,46,NQ.v.0
2023-12-13 00:45:00+00:00,33,1,750,16605.5,16607.0,16605.5,16606.5,25,NQ.v.0
2023-12-13 00:46:00+00:00,33,1,750,16606.5,16606.75,16605.5,16605.75,33,NQ.v.0
2023-12-13 00:47:00+00:00,33,1,750,16606.0,16607.0,16605.75,16606.5,41,NQ.v.0
2023-12-13 00:48:00+00:00,33,1,750,16606.25,16606.25,16605.75,16606.0,17,NQ.v.0
2023-12-13 00:49:00+00:00,33,1,750,16605.75,16607.5,16605.75,16607.0,47,NQ.v.0
2023-12-13 00:50:00+00:00,33,1,750,16607.0,16607.5,16606.25,16606.5,34,NQ.v.0
2023-12-13 00:51:00+00:00,33,1,750,16607.0,16607.25,16606.0,16607.0,23,NQ.v.0
2023-12-13 00:52:00+00:00,33,1,750,16606.75,16607.0,16606.25,16606.25,28,NQ.v.0
2023-12-13 00:53:00+00:00,33,1,750,16606.0,16606.0,16605.0,16605.25,52,NQ.v.0
2023-12-13 00:54:00+00:00,33,1,750,16605.5,16605.75,16605.0,16605.0,37,NQ.v.0
2023-12-13 00:55:00+00:00,33,1,750,16605.5,16605.5,16605.0,16605.0,12,NQ.v.0
2023-12-13 00:56:00+00:00,33,1,750,16605.25,16605.25,16603.5,16604.25,45,NQ.v.0
2023-12-13 00:57:00+00:00,33,1,750,16603.75,16606.0,16603.75,16605.25,32,NQ.v.0
2023-12-13 00:58:00+00:00,33,1,750,16605.5,16605.5,16605.25,16605.25,15,NQ.v.0
2023-12-13 00:59:00+00:00,33,1,750,16605.25,16605.5,16604.5,16605.25,36,NQ.v.0
2023-12-13 01:00:00+00:00,33,1,750,16605.0,16607.5,16603.5,16603.5,138,NQ.v.0
2023-12-13 01:01:00+00:00,33,1,750,16603.75,16605.5,16603.75,16603.75,50,NQ.v.0
2023-12-13 01:02:00+00:00,33,1,750,16604.0,16604.5,16601.5,16604.5,72,NQ.v.0
2023-12-13 01:03:00+00:00,33,1,750,16604.5,16605.25,16604.25,16604.5,25,NQ.v.0
2023-12-13 01:04:00+00:00,33,1,750,16604.5,16604.5,16601.75,16602.25,24,NQ.v.0
2023-12-13 01:05:00+00:00,33,1,750,16601.75,16603.0,16601.75,16603.0,58,NQ.v.0
2023-12-13 01:06:00+00:00,33,1,750,16603.25,16604.75,16603.25,16604.0,37,NQ.v.0
2023-12-13 01:07:00+00:00,33,1,750,16604.25,16605.5,16604.25,16605.5,42,NQ.v.0
2023-12-13 01:08:00+00:00,33,1,750,16605.75,16605.75,16605.0,16605.0,25,NQ.v.0
2023-12-13 01:09:00+00:00,33,1,750,16604.75,16605.25,16604.25,16604.5,14,NQ.v.0
2023-12-13 01:10:00+00:00,33,1,750,16604.5,16604.5,16602.75,16603.0,66,NQ.v.0
2023-12-13 01:11:00+00:00,33,1,750,16603.25,16603.75,16600.25,16600.75,98,NQ.v.0
2023-12-13 01:12:00+00:00,33,1,750,16600.5,16602.5,16600.5,16602.0,80,NQ.v.0
2023-12-13 01:13:00+00:00,33,1,750,16601.25,16601.5,16600.5,16601.25,35,NQ.v.0
2023-12-13 01:14:00+00:00,33,1,750,16602.0,16602.5,16601.25,16602.5,54,NQ.v.0
2023-12-13 01:15:00+00:00,33,1,750,16602.75,16602.75,16601.0,16601.5,89,NQ.v.0
2023-12-13 01:16:00+00:00,33,1,750,16601.75,16602.75,16599.5,16601.75,91,NQ.v.0
2023-12-13 01:17:00+00:00,33,1,750,16602.0,16602.25,16599.5,16600.25,118,NQ.v.0
2023-12-13 01:18:00+00:00,33,1,750,16600.25,16602.5,16600.25,16601.75,92,NQ.v.0
2023-12-13 01:19:00+00:00,33,1,750,16602.25,16604.0,16602.0,16603.75,83,NQ.v.0
2023-12-13 01:20:00+00:00,33,1,750,16604.0,16604.75,16602.5,16603.25,70,NQ.v.0
2023-12-13 01:21:00+00:00,33,1,750,16603.0,16604.25,16602.75,16602.75,49,NQ.v.0
2023-12-13 01:22:00+00:00,33,1,750,16603.0,16603.0,16600.5,16601.0,40,NQ.v.0
2023-12-13 01:23:00+00:00,33,1,750,16601.0,16604.0,16601.0,16603.5,39,NQ.v.0
2023-12-13 01:24:00+00:00,33,1,750,16604.0,16606.25,16604.0,16605.5,48,NQ.v.0
2023-12-13 01:25:00+00:00,33,1,750,16605.5,16607.5,16605.5,16606.75,61,NQ.v.0
2023-12-13 01:26:00+00:00,33,1,750,16606.75,16607.75,16606.75,16607.25,64,NQ.v.0
2023-12-13 01:27:00+00:00,33,1,750,16607.5,16607.5,16606.0,16606.25,24,NQ.v.0
2023-12-13 01:28:00+00:00,33,1,750,16607.0,16607.5,16606.75,16606.75,37,NQ.v.0
2023-12-13 01:29:00+00:00,33,1,750,16606.5,16606.75,16605.75,16606.5,24,NQ.v.0
2023-12-13 01:30:00+00:00,33,1,750,16606.0,16607.25,16604.75,16606.25,120,NQ.v.0
2023-12-13 01:31:00+00:00,33,1,750,16606.5,16607.5,16606.25,16607.0,37,NQ.v.0
2023-12-13 01:32:00+00:00,33,1,750,16606.75,16607.25,16605.5,16605.5,37,NQ.v.0
2023-12-13 01:33:00+00:00,33,1,750,16605.75,16608.5,16605.75,16608.5,96,NQ.v.0
2023-12-13 01:34:00+00:00,33,1,750,16608.5,16608.75,16607.5,16607.5,53,NQ.v.0
2023-12-13 01:35:00+00:00,33,1,750,16608.0,16608.25,16605.5,16605.75,45,NQ.v.0
2023-12-13 01:36:00+00:00,33,1,750,16606.5,16607.25,16606.0,16606.25,42,NQ.v.0
2023-12-13 01:37:00+00:00,33,1,750,16606.5,16607.25,16604.5,16605.25,40,NQ.v.0
2023-12-13 01:38:00+00:00,33,1,750,16605.25,16606.75,16605.0,16606.25,32,NQ.v.0
2023-12-13 01:39:00+00:00,33,1,750,16606.0,16607.0,16606.0,16606.5,23,NQ.v.0
2023-12-13 01:40:00+00:00,33,1,750,16607.25,16607.75,16607.0,16607.0,21,NQ.v.0
2023-12-13 01:41:00+00:00,33,1,750,16607.0,16608.5,16606.25,16606.25,46,NQ.v.0
2023-12-13 01:42:00+00:00,33,1,750,16605.75,16606.25,16603.5,16604.0,58,NQ.v.0
2023-12-13 01:43:00+00:00,33,1,750,16604.25,16605.75,16604.0,16605.0,23,NQ.v.0
2023-12-13 01:44:00+00:00,33,1,750,16604.5,16604.5,16602.75,16604.25,71,NQ.v.0
2023-12-13 01:45:00+00:00,33,1,750,16604.25,16605.25,16602.75,16602.75,34,NQ.v.0
2023-12-13 01:46:00+00:00,33,1,750,16602.5,16602.5,16600.25,16601.5,95,NQ.v.0
2023-12-13 01:47:00+00:00,33,1,750,16601.0,16601.25,16600.0,16600.5,44,NQ.v.0
2023-12-13 01:48:00+00:00,33,1,750,16600.75,16600.75,16598.75,16599.5,91,NQ.v.0
2023-12-13 01:49:00+00:00,33,1,750,16599.5,16601.0,16599.5,16600.75,30,NQ.v.0
2023-12-13 01:50:00+00:00,33,1,750,16600.25,16601.0,16599.25,16600.0,63,NQ.v.0
2023-12-13 01:51:00+00:00,33,1,750,16599.75,16600.5,16599.25,16600.0,35,NQ.v.0
2023-12-13 01:52:00+00:00,33,1,750,16600.0,16600.75,16599.75,16600.0,30,NQ.v.0
2023-12-13 01:53:00+00:00,33,1,750,16600.5,16601.75,16600.5,16601.5,32,NQ.v.0
2023-12-13 01:54:00+00:00,33,1,750,16601.25,16602.75,16601.25,16602.5,59,NQ.v.0
2023-12-13 01:55:00+00:00,33,1,750,16602.75,16603.5,16602.25,16603.5,81,NQ.v.0
2023-12-13 01:56:00+00:00,33,1,750,16603.0,16603.75,16602.75,16603.25,62,NQ.v.0
2023-12-13 01:57:00+00:00,33,1,750,16603.25,16604.25,16603.25,16604.0,35,NQ.v.0
2023-12-13 01:58:00+00:00,33,1,750,16604.25,16605.0,16603.5,16604.0,46,NQ.v.0
2023-12-13 01:59:00+00:00,33,1,750,16603.75,16603.75,16603.25,16603.5,22,NQ.v.0
2023-12-13 02:00:00+00:00,33,1,750,16604.0,16604.25,16603.25,16603.5,27,NQ.v.0
2023-12-13 02:01:00+00:00,33,1,750,16603.5,16605.5,16603.5,16604.0,46,NQ.v.0
2023-12-13 02:02:00+00:00,33,1,750,16604.0,16604.75,16603.25,16604.0,52,NQ.v.0
2023-12-13 02:03:00+00:00,33,1,750,16604.0,16604.5,16603.25,16603.25,13,NQ.v.0
2023-12-13 02:04:00+00:00,33,1,750,16603.75,16604.75,16603.75,16604.5,20,NQ.v.0
2023-12-13 02:05:00+00:00,33,1,750,16604.75,16605.5,16603.5,16605.0,51,NQ.v.0
2023-12-13 02:06:00+00:00,33,1,750,16605.0,16605.5,16604.5,16605.5,19,NQ.v.0
2023-12-13 02:07:00+00:00,33,1,750,16605.0,16605.0,16603.75,16605.0,29,NQ.v.0
2023-12-13 02:08:00+00:00,33,1,750,16604.75,16605.25,16603.25,16604.75,39,NQ.v.0
2023-12-13 02:09:00+00:00,33,1,750,16605.0,16605.75,16604.75,16605.25,22,NQ.v.0
2023-12-13 02:10:00+00:00,33,1,750,16605.25,16605.75,16605.0,16605.0,18,NQ.v.0
2023-12-13 02:11:00+00:00,33,1,750,16605.25,16605.75,16604.25,16605.5,23,NQ.v.0
2023-12-13 02:12:00+00:00,33,1,750,16605.25,16606.0,16605.25,16605.75,23,NQ.v.0
2023-12-13 02:13:00+00:00,33,1,750,16605.75,16606.75,16605.5,16606.75,83,NQ.v.0
2023-12-13 02:14:00+00:00,33,1,750,16606.5,16606.75,16606.25,16606.5,27,NQ.v.0
2023-12-13 02:15:00+00:00,33,1,750,16606.5,16606.5,16605.0,16606.25,50,NQ.v.0
2023-12-13 02:16:00+00:00,33,1,750,16606.25,16607.75,16606.25,16607.5,29,NQ.v.0
2023-12-13 02:17:00+00:00,33,1,750,16607.5,16607.5,16606.75,16607.5,21,NQ.v.0
2023-12-13 02:18:00+00:00,33,1,750,16607.5,16608.0,16607.0,16607.5,30,NQ.v.0
2023-12-13 02:19:00+00:00,33,1,750,16607.25,16607.25,16606.5,16607.25,33,NQ.v.0
2023-12-13 02:20:00+00:00,33,1,750,16606.75,16607.75,16605.5,16606.25,127,NQ.v.0
2023-12-13 02:21:00+00:00,33,1,750,16606.5,16607.5,16605.5,16606.0,51,NQ.v.0
2023-12-13 02:22:00+00:00,33,1,750,16605.75,16606.0,16604.0,16604.5,64,NQ.v.0
2023-12-13 02:23:00+00:00,33,1,750,16604.25,16604.75,16604.0,16604.0,33,NQ.v.0
2023-12-13 02:24:00+00:00,33,1,750,16604.0,16604.5,16603.75,16604.0,22,NQ.v.0
2023-12-13 02:25:00+00:00,33,1,750,16603.75,16604.5,16603.25,16604.25,38,NQ.v.0
2023-12-13 02:26:00+00:00,33,1,750,16604.5,16604.5,16603.0,16603.25,44,NQ.v.0
2023-12-13 02:27:00+00:00,33,1,750,16603.25,16603.5,16602.75,16603.5,37,NQ.v.0
2023-12-13 02:28:00+00:00,33,1,750,16603.5,16603.5,16602.5,16603.0,42,NQ.v.0
2023-12-13 02:29:00+00:00,33,1,750,16603.25,16603.25,16601.5,16601.5,42,NQ.v.0
2023-12-13 02:30:00+00:00,33,1,750,16601.75,16602.0,16601.25,16601.5,42,NQ.v.0
2023-12-13 02:31:00+00:00,33,1,750,16601.75,16602.0,16601.5,16601.75,16,NQ.v.0
2023-12-13 02:32:00+00:00,33,1,750,16602.0,16602.25,16601.25,16601.25,17,NQ.v.0
2023-12-13 02:33:00+00:00,33,1,750,16601.5,16601.75,16601.0,16601.5,27,NQ.v.0
2023-12-13 02:34:00+00:00,33,1,750,16601.5,16602.0,16601.0,16601.25,84,NQ.v.0
2023-12-13 02:35:00+00:00,33,1,750,16600.75,16601.5,16600.25,16601.5,43,NQ.v.0
2023-12-13 02:36:00+00:00,33,1,750,16601.0,16601.0,16600.0,16600.5,33,NQ.v.0
2023-12-13 02:37:00+00:00,33,1,750,16600.5,16600.75,16599.0,16599.5,74,NQ.v.0
2023-12-13 02:38:00+00:00,33,1,750,16599.0,16600.25,16599.0,16600.25,51,NQ.v.0
2023-12-13 02:39:00+00:00,33,1,750,16600.0,16600.75,16600.0,16600.25,23,NQ.v.0
2023-12-13 02:40:00+00:00,33,1,750,16600.25,16601.5,16600.25,16601.0,32,NQ.v.0
2023-12-13 02:41:00+00:00,33,1,750,16601.0,16602.25,16600.5,16601.75,70,NQ.v.0
2023-12-13 02:42:00+00:00,33,1,750,16601.5,16601.75,16601.25,16601.5,12,NQ.v.0
2023-12-13 02:43:00+00:00,33,1,750,16601.5,16602.5,16601.5,16602.25,59,NQ.v.0
2023-12-13 02:44:00+00:00,33,1,750,16602.0,16602.0,16601.5,16601.5,14,NQ.v.0
2023-12-13 02:45:00+00:00,33,1,750,16601.5,16601.75,16601.5,16601.5,17,NQ.v.0
2023-12-13 02:46:00+00:00,33,1,750,16601.75,16602.0,16600.5,16601.5,39,NQ.v.0
2023-12-13 02:47:00+00:00,33,1,750,16601.75,16602.25,16601.75,16601.75,24,NQ.v.0
2023-12-13 02:48:00+00:00,33,1,750,16601.75,16602.75,16601.75,16602.75,11,NQ.v.0
2023-12-13 02:49:00+00:00,33,1,750,16602.75,16603.5,16602.75,16602.75,25,NQ.v.0
2023-12-13 02:50:00+00:00,33,1,750,16602.75,16603.0,16602.5,16602.5,12,NQ.v.0
2023-12-13 02:51:00+00:00,33,1,750,16602.75,16603.0,16601.75,16602.5,33,NQ.v.0
2023-12-13 02:52:00+00:00,33,1,750,16602.5,16603.5,16602.5,16603.0,32,NQ.v.0
2023-12-13 02:53:00+00:00,33,1,750,16602.75,16603.25,16602.25,16603.25,24,NQ.v.0
2023-12-13 02:54:00+00:00,33,1,750,16603.5,16603.5,16602.75,16603.0,40,NQ.v.0
2023-12-13 02:55:00+00:00,33,1,750,16603.25,16603.25,16601.25,16602.0,35,NQ.v.0
2023-12-13 02:56:00+00:00,33,1,750,16602.5,16602.5,16600.75,16601.25,35,NQ.v.0
2023-12-13 02:57:00+00:00,33,1,750,16601.25,16602.0,16601.25,16601.75,23,NQ.v.0
2023-12-13 02:58:00+00:00,33,1,750,16601.75,16603.0,16601.75,16602.0,23,NQ.v.0
2023-12-13 02:59:00+00:00,33,1,750,16602.0,16602.25,16601.75,16602.0,24,NQ.v.0
2023-12-13 03:00:00+00:00,33,1,750,16602.5,16602.75,16602.0,16602.0,26,NQ.v.0
2023-12-13 03:01:00+00:00,33,1,750,16602.25,16602.75,16602.25,16602.25,18,NQ.v.0
2023-12-13 03:02:00+00:00,33,1,750,16602.5,16602.5,16601.0,16601.0,22,NQ.v.0
2023-12-13 03:03:00+00:00,33,1,750,16600.75,16601.25,16600.25,16600.75,26,NQ.v.0
2023-12-13 03:04:00+00:00,33,1,750,16601.0,16601.0,16599.75,16600.25,42,NQ.v.0
2023-12-13 03:05:00+00:00,33,1,750,16600.5,16601.25,16600.25,16601.0,27,NQ.v.0
2023-12-13 03:06:00+00:00,33,1,750,16601.0,16601.5,16600.75,16601.25,13,NQ.v.0
2023-12-13 03:07:00+00:00,33,1,750,16601.0,16601.0,16600.75,16601.0,15,NQ.v.0
2023-12-13 03:08:00+00:00,33,1,750,16601.0,16601.25,16601.0,16601.25,9,NQ.v.0
2023-12-13 03:09:00+00:00,33,1,750,16601.0,16601.25,16601.0,16601.25,10,NQ.v.0
2023-12-13 03:10:00+00:00,33,1,750,16601.25,16601.25,16600.5,16600.75,25,NQ.v.0
2023-12-13 03:11:00+00:00,33,1,750,16600.5,16601.0,16600.5,16600.75,26,NQ.v.0
2023-12-13 03:12:00+00:00,33,1,750,16600.75,16601.75,16599.75,16601.5,45,NQ.v.0
2023-12-13 03:13:00+00:00,33,1,750,16601.5,16602.25,16601.25,16602.25,28,NQ.v.0
2023-12-13 03:14:00+00:00,33,1,750,16601.75,16602.0,16601.75,16601.75,8,NQ.v.0
2023-12-13 03:15:00+00:00,33,1,750,16601.5,16601.5,16599.5,16599.5,55,NQ.v.0
2023-12-13 03:16:00+00:00,33,1,750,16599.5,16600.75,16599.5,16600.5,23,NQ.v.0
2023-12-13 03:17:00+00:00,33,1,750,16600.75,16601.25,16600.25,16601.25,10,NQ.v.0
2023-12-13 03:18:00+00:00,33,1,750,16601.25,16601.25,16600.25,16600.25,9,NQ.v.0
2023-12-13 03:19:00+00:00,33,1,750,16600.25,16601.25,16600.25,16601.25,15,NQ.v.0
2023-12-13 03:20:00+00:00,33,1,750,16601.0,16601.75,16601.0,16601.75,19,NQ.v.0
2023-12-13 03:21:00+00:00,33,1,750,16601.75,16602.0,16601.25,16601.5,10,NQ.v.0
2023-12-13 03:22:00+00:00,33,1,750,16601.25,16601.5,16601.0,16601.25,17,NQ.v.0
2023-12-13 03:23:00+00:00,33,1,750,16601.0,16601.5,16601.0,16601.25,20,NQ.v.0
2023-12-13 03:24:00+00:00,33,1,750,16601.0,16602.25,16601.0,16602.25,28,NQ.v.0
2023-12-13 03:25:00+00:00,33,1,750,16601.75,16602.0,16600.75,16601.0,30,NQ.v.0
2023-12-13 03:26:00+00:00,33,1,750,16601.5,16601.5,16600.75,16600.75,19,NQ.v.0
2023-12-13 03:27:00+00:00,33,1,750,16601.0,16601.0,16600.5,16600.75,35,NQ.v.0
2023-12-13 03:28:00+00:00,33,1,750,16600.75,16601.5,16600.75,16601.0,28,NQ.v.0
2023-12-13 03:29:00+00:00,33,1,750,16600.75,16600.75,16599.5,16600.0,27,NQ.v.0
2023-12-13 03:30:00+00:00,33,1,750,16600.25,16601.0,16599.75,16600.0,32,NQ.v.0
2023-12-13 03:31:00+00:00,33,1,750,16600.5,16600.75,16600.0,16600.0,30,NQ.v.0
2023-12-13 03:32:00+00:00,33,1,750,16600.25,16600.5,16600.25,16600.5,7,NQ.v.0
2023-12-13 03:33:00+00:00,33,1,750,16600.25,16601.0,16599.0,16599.25,58,NQ.v.0
2023-12-13 03:34:00+00:00,33,1,750,16599.0,16599.75,16598.75,16599.5,39,NQ.v.0
2023-12-13 03:35:00+00:00,33,1,750,16599.75,16599.75,16599.0,16599.25,21,NQ.v.0
2023-12-13 03:36:00+00:00,33,1,750,16599.5,16599.75,16599.25,16599.25,20,NQ.v.0
2023-12-13 03:37:00+00:00,33,1,750,16599.5,16599.75,16599.25,16599.5,16,NQ.v.0
2023-12-13 03:38:00+00:00,33,1,750,16599.75,16599.75,16599.25,16599.75,13,NQ.v.0
2023-12-13 03:39:00+00:00,33,1,750,16599.75,16600.0,16599.25,16599.75,24,NQ.v.0
2023-12-13 03:40:00+00:00,33,1,750,16599.5,16599.75,16598.25,16599.0,40,NQ.v.0
2023-12-13 03:41:00+00:00,33,1,750,16599.25,16600.5,16599.0,16600.25,23,NQ.v.0
2023-12-13 03:42:00+00:00,33,1,750,16600.0,16600.5,16600.0,16600.5,11,NQ.v.0
2023-12-13 03:43:00+00:00,33,1,750,16600.25,16600.75,16600.25,16600.5,13,NQ.v.0
2023-12-13 03:44:00+00:00,33,1,750,16601.0,16602.5,16601.0,16602.0,94,NQ.v.0
2023-12-13 03:45:00+00:00,33,1,750,16602.0,16602.0,16600.75,16601.5,35,NQ.v.0
2023-12-13 03:46:00+00:00,33,1,750,16601.5,16602.75,16601.5,16602.25,38,NQ.v.0
2023-12-13 03:47:00+00:00,33,1,750,16602.25,16602.5,16601.25,16602.25,32,NQ.v.0
2023-12-13 03:48:00+00:00,33,1,750,16602.0,16602.25,16602.0,16602.0,20,NQ.v.0
2023-12-13 03:49:00+00:00,33,1,750,16602.5,16602.75,16601.75,16602.75,22,NQ.v.0
2023-12-13 03:50:00+00:00,33,1,750,16602.5,16603.25,16602.5,16603.25,35,NQ.v.0
2023-12-13 03:51:00+00:00,33,1,750,16603.25,16603.5,16602.75,16603.5,46,NQ.v.0
2023-12-13 03:52:00+00:00,33,1,750,16603.5,16603.75,16603.0,16603.0,12,NQ.v.0
2023-12-13 03:53:00+00:00,33,1,750,16602.75,16603.0,16602.5,16602.5,14,NQ.v.0
2023-12-13 03:54:00+00:00,33,1,750,16603.25,16603.5,16602.5,16603.5,32,NQ.v.0
2023-12-13 03:55:00+00:00,33,1,750,16603.25,16603.25,16603.0,16603.0,24,NQ.v.0
2023-12-13 03:56:00+00:00,33,1,750,16602.5,16602.5,16601.75,16602.0,27,NQ.v.0
2023-12-13 03:57:00+00:00,33,1,750,16602.0,16602.0,16601.75,16601.75,19,NQ.v.0
2023-12-13 03:58:00+00:00,33,1,750,16602.0,16602.25,16601.75,16602.0,10,NQ.v.0
2023-12-13 03:59:00+00:00,33,1,750,16602.25,16602.75,16602.25,16602.5,33,NQ.v.0
2023-12-13 04:00:00+00:00,33,1,750,16602.5,16602.75,16602.0,16602.75,26,NQ.v.0
2023-12-13 04:01:00+00:00,33,1,750,16602.75,16602.75,16602.25,16602.5,13,NQ.v.0
2023-12-13 04:02:00+00:00,33,1,750,16602.5,16602.5,16602.0,16602.25,5,NQ.v.0
2023-12-13 04:03:00+00:00,33,1,750,16601.75,16601.75,16600.5,16600.75,43,NQ.v.0
2023-12-13 04:04:00+00:00,33,1,750,16601.25,16601.75,16601.0,16601.0,21,NQ.v.0
2023-12-13 04:05:00+00:00,33,1,750,16601.25,16601.75,16601.25,16601.25,21,NQ.v.0
2023-12-13 04:06:00+00:00,33,1,750,16601.5,16601.5,16600.75,16600.75,24,NQ.v.0
2023-12-13 04:07:00+00:00,33,1,750,16600.75,16601.0,16600.0,16600.75,46,NQ.v.0
2023-12-13 04:08:00+00:00,33,1,750,16601.0,16601.0,16601.0,16601.0,4,NQ.v.0
2023-12-13 04:09:00+00:00,33,1,750,16601.25,16602.0,16600.75,16601.25,42,NQ.v.0
2023-12-13 04:10:00+00:00,33,1,750,16601.5,16602.0,16601.5,16601.5,10,NQ.v.0
2023-12-13 04:11:00+00:00,33,1,750,16602.0,16602.25,16601.25,16602.0,24,NQ.v.0
2023-12-13 04:12:00+00:00,33,1,750,16602.0,16602.25,16602.0,16602.25,12,NQ.v.0
2023-12-13 04:13:00+00:00,33,1,750,16602.25,16602.25,16601.75,16601.75,9,NQ.v.0
2023-12-13 04:14:00+00:00,33,1,750,16601.5,16601.75,16601.5,16601.5,17,NQ.v.0
2023-12-13 04:15:00+00:00,33,1,750,16601.75,16601.75,16600.5,16600.5,17,NQ.v.0
2023-12-13 04:16:00+00:00,33,1,750,16601.0,16601.0,16600.75,16600.75,14,NQ.v.0
2023-12-13 04:17:00+00:00,33,1,750,16600.75,16600.75,16599.25,16599.75,90,NQ.v.0
2023-12-13 04:18:00+00:00,33,1,750,16599.5,16599.5,16599.0,16599.0,24,NQ.v.0
2023-12-13 04:19:00+00:00,33,1,750,16599.5,16600.5,16599.25,16600.25,30,NQ.v.0
2023-12-13 04:20:00+00:00,33,1,750,16600.25,16600.75,16600.25,16600.5,41,NQ.v.0
2023-12-13 04:21:00+00:00,33,1,750,16600.25,16600.25,16599.5,16600.0,23,NQ.v.0
2023-12-13 04:22:00+00:00,33,1,750,16600.0,16600.0,16599.25,16599.25,13,NQ.v.0
2023-12-13 04:23:00+00:00,33,1,750,16599.5,16600.0,16599.25,16600.0,20,NQ.v.0
2023-12-13 04:24:00+00:00,33,1,750,16600.0,16600.5,16599.75,16600.25,7,NQ.v.0
2023-12-13 04:25:00+00:00,33,1,750,16600.0,16600.5,16599.75,16600.25,20,NQ.v.0
2023-12-13 04:26:00+00:00,33,1,750,16600.25,16600.5,16600.25,16600.5,12,NQ.v.0
2023-12-13 04:27:00+00:00,33,1,750,16600.75,16600.75,16600.0,16600.25,12,NQ.v.0
2023-12-13 04:28:00+00:00,33,1,750,16600.25,16600.75,16600.25,16600.5,27,NQ.v.0
2023-12-13 04:29:00+00:00,33,1,750,16600.25,16601.25,16600.25,16600.5,36,NQ.v.0
2023-12-13 04:30:00+00:00,33,1,750,16600.25,16600.75,16600.0,16600.5,21,NQ.v.0
2023-12-13 04:31:00+00:00,33,1,750,16600.5,16601.25,16600.5,16600.5,13,NQ.v.0
2023-12-13 04:32:00+00:00,33,1,750,16600.5,16600.5,16600.25,16600.25,7,NQ.v.0
2023-12-13 04:33:00+00:00,33,1,750,16600.0,16600.5,16599.25,16599.75,74,NQ.v.0
2023-12-13 04:34:00+00:00,33,1,750,16599.75,16600.25,16599.75,16599.75,13,NQ.v.0
2023-12-13 04:35:00+00:00,33,1,750,16599.75,16600.0,16599.5,16599.75,18,NQ.v.0
2023-12-13 04:36:00+00:00,33,1,750,16600.0,16600.75,16599.75,16600.75,25,NQ.v.0
2023-12-13 04:37:00+00:00,33,1,750,16600.75,16601.0,16600.5,16600.75,12,NQ.v.0
2023-12-13 04:38:00+00:00,33,1,750,16600.75,16601.5,16600.75,16601.0,12,NQ.v.0
2023-12-13 04:39:00+00:00,33,1,750,16601.0,16601.25,16600.5,16601.25,21,NQ.v.0
2023-12-13 04:40:00+00:00,33,1,750,16601.5,16602.5,16601.5,16602.5,42,NQ.v.0
2023-12-13 04:41:00+00:00,33,1,750,16602.5,16603.75,16601.75,16601.75,97,NQ.v.0
2023-12-13 04:42:00+00:00,33,1,750,16601.75,16603.0,16601.5,16601.5,99,NQ.v.0
2023-12-13 04:43:00+00:00,33,1,750,16601.5,16602.25,16601.25,16602.0,59,NQ.v.0
2023-12-13 04:44:00+00:00,33,1,750,16602.0,16602.0,16601.75,16601.75,11,NQ.v.0
2023-12-13 04:45:00+00:00,33,1,750,16601.5,16601.75,16601.25,16601.5,18,NQ.v.0
2023-12-13 04:46:00+00:00,33,1,750,16601.5,16602.0,16601.5,16602.0,3,NQ.v.0
2023-12-13 04:47:00+00:00,33,1,750,16602.25,16603.0,16601.75,16603.0,32,NQ.v.0
2023-12-13 04:48:00+00:00,33,1,750,16602.75,16603.25,16602.75,16603.0,29,NQ.v.0
2023-12-13 04:49:00+00:00,33,1,750,16602.75,16604.5,16602.75,16604.25,93,NQ.v.0
2023-12-13 04:50:00+00:00,33,1,750,16604.0,16604.5,16604.0,16604.25,28,NQ.v.0
2023-12-13 04:51:00+00:00,33,1,750,16604.25,16605.25,16604.0,16604.75,46,NQ.v.0
2023-12-13 04:52:00+00:00,33,1,750,16604.25,16605.75,16604.25,16605.25,41,NQ.v.0
2023-12-13 04:53:00+00:00,33,1,750,16605.25,16607.25,16604.5,16606.0,235,NQ.v.0
2023-12-13 04:54:00+00:00,33,1,750,16606.0,16606.75,16605.5,16606.25,69,NQ.v.0
2023-12-13 04:55:00+00:00,33,1,750,16606.25,16606.25,16605.25,16605.75,32,NQ.v.0
2023-12-13 04:56:00+00:00,33,1,750,16606.0,16606.5,16605.75,16606.25,40,NQ.v.0
2023-12-13 04:57:00+00:00,33,1,750,16606.0,16606.0,16605.0,16606.0,59,NQ.v.0
2023-12-13 04:58:00+00:00,33,1,750,16605.75,16606.0,16605.5,16605.5,21,NQ.v.0
2023-12-13 04:59:00+00:00,33,1,750,16605.5,16606.0,16605.0,16606.0,54,NQ.v.0
2023-12-13 05:00:00+00:00,33,1,750,16605.75,16606.75,16605.75,16606.0,38,NQ.v.0
2023-12-13 05:01:00+00:00,33,1,750,16606.25,16607.0,16605.75,16607.0,30,NQ.v.0
2023-12-13 05:02:00+00:00,33,1,750,16607.0,16607.5,16606.75,16607.5,15,NQ.v.0
2023-12-13 05:03:00+00:00,33,1,750,16607.5,16607.5,16605.75,16605.75,40,NQ.v.0
2023-12-13 05:04:00+00:00,33,1,750,16606.5,16607.0,16605.75,16607.0,32,NQ.v.0
2023-12-13 05:05:00+00:00,33,1,750,16606.75,16607.25,16606.5,16606.5,18,NQ.v.0
2023-12-13 05:06:00+00:00,33,1,750,16606.5,16608.0,16606.5,16607.75,37,NQ.v.0
2023-12-13 05:07:00+00:00,33,1,750,16607.75,16607.75,16606.25,16606.75,17,NQ.v.0
2023-12-13 05:08:00+00:00,33,1,750,16606.75,16607.25,16606.25,16606.5,23,NQ.v.0
2023-12-13 05:09:00+00:00,33,1,750,16607.0,16607.0,16606.25,16606.5,9,NQ.v.0
2023-12-13 05:10:00+00:00,33,1,750,16606.5,16606.5,16606.25,16606.5,12,NQ.v.0
2023-12-13 05:11:00+00:00,33,1,750,16606.5,16608.0,16606.5,16607.5,35,NQ.v.0
2023-12-13 05:12:00+00:00,33,1,750,16607.5,16607.75,16606.75,16607.25,29,NQ.v.0
2023-12-13 05:13:00+00:00,33,1,750,16607.25,16608.0,16607.0,16608.0,15,NQ.v.0
2023-12-13 05:14:00+00:00,33,1,750,16607.75,16608.75,16607.75,16608.5,65,NQ.v.0
2023-12-13 05:15:00+00:00,33,1,750,16608.0,16609.0,16607.5,16608.25,60,NQ.v.0
2023-12-13 05:16:00+00:00,33,1,750,16608.5,16608.75,16608.0,16608.25,27,NQ.v.0
2023-12-13 05:17:00+00:00,33,1,750,16608.25,16608.75,16607.75,16608.5,33,NQ.v.0
2023-12-13 05:18:00+00:00,33,1,750,16608.25,16608.25,16607.0,16607.25,43,NQ.v.0
2023-12-13 05:19:00+00:00,33,1,750,16606.75,16608.75,16606.5,16608.75,38,NQ.v.0
2023-12-13 05:20:00+00:00,33,1,750,16608.75,16609.0,16608.5,16608.5,29,NQ.v.0
2023-12-13 05:21:00+00:00,33,1,750,16608.25,16609.25,16607.75,16608.5,43,NQ.v.0
2023-12-13 05:22:00+00:00,33,1,750,16608.75,16609.25,16608.5,16609.0,13,NQ.v.0
2023-12-13 05:23:00+00:00,33,1,750,16609.0,16609.25,16608.75,16609.0,30,NQ.v.0
2023-12-13 05:24:00+00:00,33,1,750,16609.25,16609.25,16608.5,16608.5,27,NQ.v.0
2023-12-13 05:25:00+00:00,33,1,750,16608.5,16608.5,16607.75,16608.25,28,NQ.v.0
2023-12-13 05:26:00+00:00,33,1,750,16608.0,16608.5,16606.5,16606.5,53,NQ.v.0
2023-12-13 05:27:00+00:00,33,1,750,16606.5,16607.25,16606.5,16606.75,23,NQ.v.0
2023-12-13 05:28:00+00:00,33,1,750,16606.75,16607.25,16606.5,16607.25,15,NQ.v.0
2023-12-13 05:29:00+00:00,33,1,750,16607.25,16608.25,16607.0,16607.75,38,NQ.v.0
2023-12-13 05:30:00+00:00,33,1,750,16607.25,16607.75,16607.0,16607.25,38,NQ.v.0
2023-12-13 05:31:00+00:00,33,1,750,16607.5,16608.5,16607.5,16607.75,40,NQ.v.0
2023-12-13 05:32:00+00:00,33,1,750,16607.5,16610.0,16607.5,16610.0,68,NQ.v.0
2023-12-13 05:33:00+00:00,33,1,750,16610.0,16610.5,16609.0,16609.0,58,NQ.v.0
2023-12-13 05:34:00+00:00,33,1,750,16609.0,16609.25,16608.25,16608.75,70,NQ.v.0
2023-12-13 05:35:00+00:00,33,1,750,16608.5,16609.5,16608.0,16608.5,52,NQ.v.0
2023-12-13 05:36:00+00:00,33,1,750,16608.5,16609.0,16608.0,16609.0,52,NQ.v.0
2023-12-13 05:37:00+00:00,33,1,750,16609.25,16609.75,16609.25,16609.25,12,NQ.v.0
2023-12-13 05:38:00+00:00,33,1,750,16609.0,16609.25,16608.0,16608.0,27,NQ.v.0
2023-12-13 05:39:00+00:00,33,1,750,16608.0,16608.25,16605.75,16606.0,94,NQ.v.0
2023-12-13 05:40:00+00:00,33,1,750,16606.0,16606.0,16604.5,16605.5,81,NQ.v.0
2023-12-13 05:41:00+00:00,33,1,750,16605.5,16605.75,16604.5,16605.0,40,NQ.v.0
2023-12-13 05:42:00+00:00,33,1,750,16605.25,16605.5,16604.75,16605.5,45,NQ.v.0
2023-12-13 05:43:00+00:00,33,1,750,16605.25,16605.5,16604.75,16605.25,18,NQ.v.0
2023-12-13 05:44:00+00:00,33,1,750,16605.5,16606.75,16605.5,16606.0,25,NQ.v.0
2023-12-13 05:45:00+00:00,33,1,750,16606.0,16606.5,16605.0,16605.0,49,NQ.v.0
2023-12-13 05:46:00+00:00,33,1,750,16605.0,16605.75,16604.75,16605.75,23,NQ.v.0
2023-12-13 05:47:00+00:00,33,1,750,16605.25,16606.25,16605.25,16606.0,18,NQ.v.0
2023-12-13 05:48:00+00:00,33,1,750,16606.0,16606.5,16606.0,16606.25,24,NQ.v.0
2023-12-13 05:49:00+00:00,33,1,750,16606.25,16606.5,16606.25,16606.5,10,NQ.v.0
2023-12-13 05:50:00+00:00,33,1,750,16606.5,16606.75,16605.5,16605.75,23,NQ.v.0
2023-12-13 05:51:00+00:00,33,1,750,16605.5,16605.5,16602.75,16602.75,120,NQ.v.0
2023-12-13 05:52:00+00:00,33,1,750,16603.0,16603.5,16602.5,16603.25,54,NQ.v.0
2023-12-13 05:53:00+00:00,33,1,750,16603.25,16603.25,16600.5,16600.75,120,NQ.v.0
2023-12-13 05:54:00+00:00,33,1,750,16600.5,16601.25,16599.5,16601.0,157,NQ.v.0
2023-12-13 05:55:00+00:00,33,1,750,16600.75,16600.75,16599.25,16600.5,76,NQ.v.0
2023-12-13 05:56:00+00:00,33,1,750,16600.5,16603.0,16600.5,16602.75,54,NQ.v.0
2023-12-13 05:57:00+00:00,33,1,750,16602.75,16602.75,16601.75,16602.0,56,NQ.v.0
2023-12-13 05:58:00+00:00,33,1,750,16602.25,16602.5,16601.75,16602.25,40,NQ.v.0
2023-12-13 05:59:00+00:00,33,1,750,16602.5,16604.5,16602.0,16604.0,67,NQ.v.0
2023-12-13 06:00:00+00:00,33,1,750,16604.0,16604.25,16603.0,16603.5,67,NQ.v.0
2023-12-13 06:01:00+00:00,33,1,750,16603.5,16604.0,16603.25,16604.0,44,NQ.v.0
2023-12-13 06:02:00+00:00,33,1,750,16603.75,16604.5,16603.75,16604.5,9,NQ.v.0
2023-12-13 06:03:00+00:00,33,1,750,16604.25,16604.25,16603.5,16603.75,21,NQ.v.0
2023-12-13 06:04:00+00:00,33,1,750,16603.5,16604.0,16602.75,16603.25,22,NQ.v.0
2023-12-13 06:05:00+00:00,33,1,750,16603.0,16603.5,16602.25,16603.0,27,NQ.v.0
2023-12-13 06:06:00+00:00,33,1,750,16603.25,16603.5,16603.0,16603.25,26,NQ.v.0
2023-12-13 06:07:00+00:00,33,1,750,16603.25,16603.75,16603.25,16603.25,18,NQ.v.0
2023-12-13 06:08:00+00:00,33,1,750,16603.25,16603.75,16603.25,16603.25,61,NQ.v.0
2023-12-13 06:09:00+00:00,33,1,750,16603.5,16603.75,16602.25,16602.75,47,NQ.v.0
2023-12-13 06:10:00+00:00,33,1,750,16603.0,16603.5,16602.75,16603.0,57,NQ.v.0
2023-12-13 06:11:00+00:00,33,1,750,16603.0,16603.25,16602.25,16602.25,28,NQ.v.0
2023-12-13 06:12:00+00:00,33,1,750,16602.5,16604.0,16602.25,16603.25,57,NQ.v.0
2023-12-13 06:13:00+00:00,33,1,750,16603.25,16603.75,16603.25,16603.5,10,NQ.v.0
2023-12-13 06:14:00+00:00,33,1,750,16603.75,16604.25,16603.75,16604.25,11,NQ.v.0
2023-12-13 06:15:00+00:00,33,1,750,16604.25,16606.5,16604.25,16606.25,46,NQ.v.0
2023-12-13 06:16:00+00:00,33,1,750,16606.0,16607.25,16605.75,16607.25,58,NQ.v.0
2023-12-13 06:17:00+00:00,33,1,750,16606.75,16607.25,16606.25,16607.25,27,NQ.v.0
2023-12-13 06:18:00+00:00,33,1,750,16606.5,16607.75,16606.25,16606.25,69,NQ.v.0
2023-12-13 06:19:00+00:00,33,1,750,16606.0,16606.0,16604.0,16604.0,51,NQ.v.0
2023-12-13 06:20:00+00:00,33,1,750,16603.75,16604.0,16602.25,16602.75,93,NQ.v.0
2023-12-13 06:21:00+00:00,33,1,750,16602.75,16603.0,16599.5,16600.25,152,NQ.v.0
2023-12-13 06:22:00+00:00,33,1,750,16600.25,16601.75,16599.5,16601.75,69,NQ.v.0
2023-12-13 06:23:00+00:00,33,1,750,16602.0,16602.5,16600.25,16600.5,61,NQ.v.0
2023-12-13 06:24:00+00:00,33,1,750,16600.5,16600.5,16600.25,16600.5,12,NQ.v.0
2023-12-13 06:25:00+00:00,33,1,750,16600.75,16601.5,16600.75,16600.75,16,NQ.v.0
2023-12-13 06:26:00+00:00,33,1,750,16600.5,16600.5,16599.5,16599.75,45,NQ.v.0
2023-12-13 06:27:00+00:00,33,1,750,16599.75,16600.25,16598.5,16599.0,74,NQ.v.0
2023-12-13 06:28:00+00:00,33,1,750,16599.25,16599.25,16598.0,16598.75,84,NQ.v.0
2023-12-13 06:29:00+00:00,33,1,750,16598.75,16599.25,16597.0,16597.5,72,NQ.v.0
2023-12-13 06:30:00+00:00,33,1,750,16598.0,16600.0,16597.25,16597.5,132,NQ.v.0
2023-12-13 06:31:00+00:00,33,1,750,16598.0,16599.0,16597.75,16599.0,67,NQ.v.0
2023-12-13 06:32:00+00:00,33,1,750,16598.75,16600.75,16598.25,16600.0,78,NQ.v.0
2023-12-13 06:33:00+00:00,33,1,750,16600.0,16600.25,16598.5,16599.0,43,NQ.v.0
2023-12-13 06:34:00+00:00,33,1,750,16599.0,16599.25,16597.0,16597.25,30,NQ.v.0
2023-12-13 06:35:00+00:00,33,1,750,16597.25,16598.25,16596.75,16597.75,78,NQ.v.0
2023-12-13 06:36:00+00:00,33,1,750,16598.0,16598.25,16596.0,16596.25,180,NQ.v.0
2023-12-13 06:37:00+00:00,33,1,750,16596.25,16598.75,16596.25,16598.25,108,NQ.v.0
2023-12-13 06:38:00+00:00,33,1,750,16598.0,16598.25,16597.25,16597.25,36,NQ.v.0
2023-12-13 06:39:00+00:00,33,1,750,16597.75,16599.0,16597.25,16598.25,33,NQ.v.0
2023-12-13 06:40:00+00:00,33,1,750,16598.5,16599.25,16598.0,16598.5,59,NQ.v.0
2023-12-13 06:41:00+00:00,33,1,750,16598.75,16600.75,16598.75,16600.75,48,NQ.v.0
2023-12-13 06:42:00+00:00,33,1,750,16600.25,16600.5,16600.0,16600.5,15,NQ.v.0
2023-12-13 06:43:00+00:00,33,1,750,16600.0,16600.25,16598.5,16599.0,41,NQ.v.0
2023-12-13 06:44:00+00:00,33,1,750,16599.25,16599.25,16598.25,16598.75,27,NQ.v.0
2023-12-13 06:45:00+00:00,33,1,750,16599.0,16599.0,16597.5,16598.75,91,NQ.v.0
2023-12-13 06:46:00+00:00,33,1,750,16599.0,16599.5,16598.75,16599.25,16,NQ.v.0
2023-12-13 06:47:00+00:00,33,1,750,16599.5,16599.5,16596.25,16597.0,50,NQ.v.0
2023-12-13 06:48:00+00:00,33,1,750,16597.0,16597.25,16595.75,16596.5,57,NQ.v.0
2023-12-13 06:49:00+00:00,33,1,750,16596.75,16597.25,16595.25,16595.25,65,NQ.v.0
2023-12-13 06:50:00+00:00,33,1,750,16595.75,16596.5,16595.75,16596.5,33,NQ.v.0
2023-12-13 06:51:00+00:00,33,1,750,16596.25,16596.5,16593.75,16595.25,116,NQ.v.0
2023-12-13 06:52:00+00:00,33,1,750,16595.5,16596.5,16595.5,16595.75,47,NQ.v.0
2023-12-13 06:53:00+00:00,33,1,750,16595.75,16595.75,16595.5,16595.5,13,NQ.v.0
2023-12-13 06:54:00+00:00,33,1,750,16595.75,16596.0,16594.25,16594.5,57,NQ.v.0
2023-12-13 06:55:00+00:00,33,1,750,16594.5,16596.0,16594.25,16595.25,42,NQ.v.0
2023-12-13 06:56:00+00:00,33,1,750,16595.5,16596.25,16595.0,16595.25,29,NQ.v.0
2023-12-13 06:57:00+00:00,33,1,750,16595.5,16597.25,16595.0,16597.25,64,NQ.v.0
2023-12-13 06:58:00+00:00,33,1,750,16597.25,16597.5,16596.75,16597.5,31,NQ.v.0
2023-12-13 06:59:00+00:00,33,1,750,16597.5,16597.5,16596.25,16596.5,44,NQ.v.0
2023-12-13 07:00:00+00:00,33,1,750,16597.0,16597.0,16593.75,16594.75,122,NQ.v.0
2023-12-13 07:01:00+00:00,33,1,750,16594.75,16595.25,16593.25,16594.0,83,NQ.v.0
2023-12-13 07:02:00+00:00,33,1,750,16593.75,16594.75,16592.75,16593.5,91,NQ.v.0
2023-12-13 07:03:00+00:00,33,1,750,16593.25,16595.5,16593.0,16595.5,95,NQ.v.0
2023-12-13 07:04:00+00:00,33,1,750,16595.0,16596.5,16594.75,16596.0,81,NQ.v.0
2023-12-13 07:05:00+00:00,33,1,750,16596.5,16598.5,16596.5,16598.25,96,NQ.v.0
2023-12-13 07:06:00+00:00,33,1,750,16598.25,16600.5,16598.0,16598.5,120,NQ.v.0
2023-12-13 07:07:00+00:00,33,1,750,16598.5,16600.0,16598.25,16599.0,67,NQ.v.0
2023-12-13 07:08:00+00:00,33,1,750,16599.5,16601.25,16599.0,16600.75,79,NQ.v.0
2023-12-13 07:09:00+00:00,33,1,750,16601.0,16601.75,16600.5,16600.75,61,NQ.v.0
2023-12-13 07:10:00+00:00,33,1,750,16601.0,16601.5,16599.75,16600.0,57,NQ.v.0
2023-12-13 07:11:00+00:00,33,1,750,16600.75,16601.75,16600.0,16600.75,89,NQ.v.0
2023-12-13 07:12:00+00:00,33,1,750,16600.75,16601.0,16600.0,16600.25,112,NQ.v.0
2023-12-13 07:13:00+00:00,33,1,750,16600.5,16600.75,16600.0,16600.5,35,NQ.v.0
2023-12-13 07:14:00+00:00,33,1,750,16600.5,16601.0,16597.75,16599.0,179,NQ.v.0
2023-12-13 07:15:00+00:00,33,1,750,16598.75,16601.25,16598.75,16599.75,78,NQ.v.0
2023-12-13 07:16:00+00:00,33,1,750,16600.0,16601.5,16599.5,16601.25,43,NQ.v.0
2023-12-13 07:17:00+00:00,33,1,750,16601.75,16602.5,16601.5,16602.0,52,NQ.v.0
2023-12-13 07:18:00+00:00,33,1,750,16601.75,16602.5,16601.25,16601.5,29,NQ.v.0
2023-12-13 07:19:00+00:00,33,1,750,16601.5,16602.5,16601.5,16601.75,35,NQ.v.0
2023-12-13 07:20:00+00:00,33,1,750,16601.5,16602.25,16600.75,16600.75,29,NQ.v.0
2023-12-13 07:21:00+00:00,33,1,750,16600.75,16602.5,16600.5,16602.5,35,NQ.v.0
2023-12-13 07:22:00+00:00,33,1,750,16602.25,16603.0,16601.75,16601.75,25,NQ.v.0
2023-12-13 07:23:00+00:00,33,1,750,16601.75,16603.0,16601.75,16603.0,20,NQ.v.0
2023-12-13 07:24:00+00:00,33,1,750,16603.0,16604.0,16602.5,16604.0,59,NQ.v.0
2023-12-13 07:25:00+00:00,33,1,750,16603.75,16604.5,16603.0,16603.5,50,NQ.v.0
2023-12-13 07:26:00+00:00,33,1,750,16603.5,16605.0,16603.5,16605.0,61,NQ.v.0
2023-12-13 07:27:00+00:00,33,1,750,16605.0,16606.5,16604.75,16605.25,124,NQ.v.0
2023-12-13 07:28:00+00:00,33,1,750,16605.25,16606.5,16604.75,16605.25,112,NQ.v.0
2023-12-13 07:29:00+00:00,33,1,750,16605.25,16606.0,16605.0,16606.0,32,NQ.v.0
2023-12-13 07:30:00+00:00,33,1,750,16606.0,16607.0,16604.75,16605.25,117,NQ.v.0
2023-12-13 07:31:00+00:00,33,1,750,16605.75,16606.75,16604.25,16606.25,75,NQ.v.0
2023-12-13 07:32:00+00:00,33,1,750,16606.25,16606.75,16605.25,16605.5,41,NQ.v.0
2023-12-13 07:33:00+00:00,33,1,750,16605.5,16605.75,16604.75,16605.25,19,NQ.v.0
2023-12-13 07:34:00+00:00,33,1,750,16605.75,16606.25,16605.5,16605.75,22,NQ.v.0
2023-12-13 07:35:00+00:00,33,1,750,16606.0,16606.0,16604.5,16605.5,53,NQ.v.0
2023-12-13 07:36:00+00:00,33,1,750,16605.75,16607.5,16605.25,16606.0,145,NQ.v.0
2023-12-13 07:37:00+00:00,33,1,750,16605.75,16606.0,16604.75,16605.0,40,NQ.v.0
2023-12-13 07:38:00+00:00,33,1,750,16605.5,16609.25,16605.5,16608.5,186,NQ.v.0
2023-12-13 07:39:00+00:00,33,1,750,16608.5,16608.75,16607.25,16608.0,47,NQ.v.0
2023-12-13 07:40:00+00:00,33,1,750,16608.0,16609.75,16608.0,16609.25,123,NQ.v.0
2023-12-13 07:41:00+00:00,33,1,750,16609.0,16609.0,16608.0,16608.0,42,NQ.v.0
2023-12-13 07:42:00+00:00,33,1,750,16608.0,16611.75,16608.0,16611.0,233,NQ.v.0
2023-12-13 07:43:00+00:00,33,1,750,16610.5,16610.75,16609.25,16609.25,87,NQ.v.0
2023-12-13 07:44:00+00:00,33,1,750,16609.0,16611.25,16609.0,16611.0,64,NQ.v.0
2023-12-13 07:45:00+00:00,33,1,750,16611.5,16611.5,16610.25,16611.0,55,NQ.v.0
2023-12-13 07:46:00+00:00,33,1,750,16611.25,16614.0,16609.25,16610.75,288,NQ.v.0
2023-12-13 07:47:00+00:00,33,1,750,16611.25,16613.5,16611.0,16612.75,85,NQ.v.0
2023-12-13 07:48:00+00:00,33,1,750,16613.0,16615.75,16610.75,16611.5,213,NQ.v.0
2023-12-13 07:49:00+00:00,33,1,750,16611.75,16612.25,16609.25,16610.75,190,NQ.v.0
2023-12-13 07:50:00+00:00,33,1,750,16611.0,16611.75,16610.5,16611.0,60,NQ.v.0
2023-12-13 07:51:00+00:00,33,1,750,16611.25,16611.75,16610.25,16611.5,74,NQ.v.0
2023-12-13 07:52:00+00:00,33,1,750,16611.0,16611.75,16608.5,16609.5,148,NQ.v.0
2023-12-13 07:53:00+00:00,33,1,750,16609.25,16610.5,16608.75,16609.75,41,NQ.v.0
2023-12-13 07:54:00+00:00,33,1,750,16610.0,16610.0,16607.75,16608.0,71,NQ.v.0
2023-12-13 07:55:00+00:00,33,1,750,16608.0,16608.25,16606.5,16608.0,74,NQ.v.0
2023-12-13 07:56:00+00:00,33,1,750,16608.0,16608.0,16606.25,16606.5,41,NQ.v.0
2023-12-13 07:57:00+00:00,33,1,750,16607.5,16608.25,16605.25,16606.5,92,NQ.v.0
2023-12-13 07:58:00+00:00,33,1,750,16606.0,16606.25,16605.25,16606.0,78,NQ.v.0
2023-12-13 07:59:00+00:00,33,1,750,16606.25,16608.0,16605.25,16607.0,144,NQ.v.0
2023-12-13 08:00:00+00:00,33,1,750,16606.5,16608.75,16606.0,16608.25,253,NQ.v.0
2023-12-13 08:01:00+00:00,33,1,750,16608.25,16610.75,16607.5,16609.0,169,NQ.v.0
2023-12-13 08:02:00+00:00,33,1,750,16608.5,16612.25,16608.5,16609.0,111,NQ.v.0
2023-12-13 08:03:00+00:00,33,1,750,16609.75,16609.75,16606.25,16607.5,92,NQ.v.0
2023-12-13 08:04:00+00:00,33,1,750,16608.25,16612.0,16608.25,16611.0,130,NQ.v.0
2023-12-13 08:05:00+00:00,33,1,750,16610.75,16615.0,16610.75,16613.75,174,NQ.v.0
2023-12-13 08:06:00+00:00,33,1,750,16613.75,16617.75,16611.25,16611.5,283,NQ.v.0
2023-12-13 08:07:00+00:00,33,1,750,16612.25,16612.25,16609.75,16611.5,82,NQ.v.0
2023-12-13 08:08:00+00:00,33,1,750,16611.75,16615.5,16611.75,16614.5,122,NQ.v.0
2023-12-13 08:09:00+00:00,33,1,750,16614.5,16615.5,16613.0,16613.25,112,NQ.v.0
2023-12-13 08:10:00+00:00,33,1,750,16613.75,16614.25,16611.0,16611.0,107,NQ.v.0
2023-12-13 08:11:00+00:00,33,1,750,16611.5,16613.25,16610.75,16611.0,72,NQ.v.0
2023-12-13 08:12:00+00:00,33,1,750,16611.25,16612.0,16609.75,16610.25,72,NQ.v.0
2023-12-13 08:13:00+00:00,33,1,750,16610.5,16610.5,16607.75,16608.5,89,NQ.v.0
2023-12-13 08:14:00+00:00,33,1,750,16609.25,16610.5,16609.0,16610.0,48,NQ.v.0
2023-12-13 08:15:00+00:00,33,1,750,16610.25,16610.25,16606.5,16606.75,100,NQ.v.0
2023-12-13 08:16:00+00:00,33,1,750,16606.75,16606.75,16604.25,16605.75,97,NQ.v.0
2023-12-13 08:17:00+00:00,33,1,750,16605.5,16606.25,16603.5,16605.75,98,NQ.v.0
2023-12-13 08:18:00+00:00,33,1,750,16605.75,16607.75,16605.25,16606.75,75,NQ.v.0
2023-12-13 08:19:00+00:00,33,1,750,16606.75,16607.25,16606.0,16606.0,59,NQ.v.0
2023-12-13 08:20:00+00:00,33,1,750,16606.0,16606.0,16604.0,16604.75,107,NQ.v.0
2023-12-13 08:21:00+00:00,33,1,750,16605.0,16606.25,16604.5,16606.25,57,NQ.v.0
2023-12-13 08:22:00+00:00,33,1,750,16605.75,16606.5,16604.0,16604.25,94,NQ.v.0
2023-12-13 08:23:00+00:00,33,1,750,16605.0,16605.75,16603.25,16604.75,75,NQ.v.0
2023-12-13 08:24:00+00:00,33,1,750,16604.5,16607.25,16604.25,16606.5,65,NQ.v.0
2023-12-13 08:25:00+00:00,33,1,750,16606.25,16606.25,16604.5,16606.0,137,NQ.v.0
2023-12-13 08:26:00+00:00,33,1,750,16606.0,16607.25,16604.5,16605.25,79,NQ.v.0
2023-12-13 08:27:00+00:00,33,1,750,16605.25,16605.5,16601.75,16602.0,121,NQ.v.0
2023-12-13 08:28:00+00:00,33,1,750,16601.75,16604.0,16601.75,16603.75,107,NQ.v.0
2023-12-13 08:29:00+00:00,33,1,750,16603.5,16604.5,16602.5,16604.0,111,NQ.v.0
2023-12-13 08:30:00+00:00,33,1,750,16604.5,16606.25,16602.5,16605.75,158,NQ.v.0
2023-12-13 08:31:00+00:00,33,1,750,16606.25,16606.75,16605.75,16606.0,51,NQ.v.0
2023-12-13 08:32:00+00:00,33,1,750,16606.0,16607.25,16605.5,16606.5,93,NQ.v.0
2023-12-13 08:33:00+00:00,33,1,750,16606.75,16608.0,16606.5,16607.25,91,NQ.v.0
2023-12-13 08:34:00+00:00,33,1,750,16607.25,16607.75,16604.75,16606.0,83,NQ.v.0
2023-12-13 08:35:00+00:00,33,1,750,16606.0,16607.25,16605.25,16607.0,47,NQ.v.0
2023-12-13 08:36:00+00:00,33,1,750,16607.0,16607.0,16605.25,16606.5,86,NQ.v.0
2023-12-13 08:37:00+00:00,33,1,750,16606.5,16608.25,16605.0,16605.0,75,NQ.v.0
2023-12-13 08:38:00+00:00,33,1,750,16605.0,16605.75,16599.25,16600.25,242,NQ.v.0
2023-12-13 08:39:00+00:00,33,1,750,16600.75,16600.75,16599.0,16600.25,188,NQ.v.0
2023-12-13 08:40:00+00:00,33,1,750,16600.0,16600.0,16599.0,16600.0,103,NQ.v.0
2023-12-13 08:41:00+00:00,33,1,750,16599.5,16599.5,16596.5,16597.25,273,NQ.v.0
2023-12-13 08:42:00+00:00,33,1,750,16597.25,16598.75,16596.75,16598.5,95,NQ.v.0
2023-12-13 08:43:00+00:00,33,1,750,16598.5,16599.0,16595.5,16596.75,87,NQ.v.0
2023-12-13 08:44:00+00:00,33,1,750,16596.5,16597.75,16595.25,16595.75,96,NQ.v.0
2023-12-13 08:45:00+00:00,33,1,750,16596.0,16597.75,16596.0,16597.0,80,NQ.v.0
2023-12-13 08:46:00+00:00,33,1,750,16596.75,16598.25,16595.75,16597.75,84,NQ.v.0
2023-12-13 08:47:00+00:00,33,1,750,16597.75,16599.25,16597.5,16599.0,64,NQ.v.0
2023-12-13 08:48:00+00:00,33,1,750,16599.0,16602.0,16598.25,16599.5,158,NQ.v.0
2023-12-13 08:49:00+00:00,33,1,750,16599.5,16601.0,16599.5,16601.0,54,NQ.v.0
2023-12-13 08:50:00+00:00,33,1,750,16600.75,16601.0,16597.5,16598.75,58,NQ.v.0
2023-12-13 08:51:00+00:00,33,1,750,16598.5,16600.0,16598.5,16600.0,78,NQ.v.0
2023-12-13 08:52:00+00:00,33,1,750,16600.0,16600.0,16598.5,16599.0,51,NQ.v.0
2023-12-13 08:53:00+00:00,33,1,750,16599.25,16600.25,16598.5,16598.5,123,NQ.v.0
2023-12-13 08:54:00+00:00,33,1,750,16599.0,16602.75,16598.5,16602.75,162,NQ.v.0
2023-12-13 08:55:00+00:00,33,1,750,16602.75,16604.25,16602.25,16604.25,95,NQ.v.0
2023-12-13 08:56:00+00:00,33,1,750,16604.5,16605.75,16603.75,16604.25,88,NQ.v.0
2023-12-13 08:57:00+00:00,33,1,750,16604.25,16606.5,16603.25,16606.0,77,NQ.v.0
2023-12-13 08:58:00+00:00,33,1,750,16606.25,16607.0,16606.0,16606.75,75,NQ.v.0
2023-12-13 08:59:00+00:00,33,1,750,16606.5,16609.25,16606.5,16608.5,103,NQ.v.0
2023-12-13 09:00:00+00:00,33,1,750,16608.75,16609.5,16607.5,16608.0,203,NQ.v.0
2023-12-13 09:01:00+00:00,33,1,750,16608.0,16608.25,16606.5,16606.75,123,NQ.v.0
2023-12-13 09:02:00+00:00,33,1,750,16606.5,16606.5,16599.75,16601.5,235,NQ.v.0
2023-12-13 09:03:00+00:00,33,1,750,16601.5,16601.5,16598.5,16601.0,208,NQ.v.0
2023-12-13 09:04:00+00:00,33,1,750,16601.25,16602.25,16598.5,16600.0,108,NQ.v.0
2023-12-13 09:05:00+00:00,33,1,750,16600.0,16600.25,16598.5,16599.0,102,NQ.v.0
2023-12-13 09:06:00+00:00,33,1,750,16599.0,16601.5,16599.0,16601.25,65,NQ.v.0
2023-12-13 09:07:00+00:00,33,1,750,16601.5,16604.75,16601.0,16604.0,89,NQ.v.0
2023-12-13 09:08:00+00:00,33,1,750,16604.25,16605.5,16602.25,16602.25,85,NQ.v.0
2023-12-13 09:09:00+00:00,33,1,750,16602.5,16603.5,16602.0,16603.0,59,NQ.v.0
2023-12-13 09:10:00+00:00,33,1,750,16602.75,16603.25,16600.5,16600.5,56,NQ.v.0
2023-12-13 09:11:00+00:00,33,1,750,16600.5,16601.75,16600.0,16601.25,75,NQ.v.0
2023-12-13 09:12:00+00:00,33,1,750,16601.25,16601.25,16599.25,16600.25,57,NQ.v.0
2023-12-13 09:13:00+00:00,33,1,750,16600.5,16601.0,16599.5,16599.5,36,NQ.v.0
2023-12-13 09:14:00+00:00,33,1,750,16599.5,16601.25,16599.25,16601.25,92,NQ.v.0
2023-12-13 09:15:00+00:00,33,1,750,16601.75,16602.75,16600.5,16600.75,44,NQ.v.0
2023-12-13 09:16:00+00:00,33,1,750,16600.75,16601.25,16599.5,16600.25,57,NQ.v.0
2023-12-13 09:17:00+00:00,33,1,750,16599.75,16601.5,16599.75,16601.5,41,NQ.v.0
2023-12-13 09:18:00+00:00,33,1,750,16601.25,16601.5,16599.75,16600.75,42,NQ.v.0
2023-12-13 09:19:00+00:00,33,1,750,16600.5,16601.75,16600.0,16601.0,95,NQ.v.0
2023-12-13 09:20:00+00:00,33,1,750,16600.5,16601.5,16600.25,16600.5,48,NQ.v.0
2023-12-13 09:21:00+00:00,33,1,750,16600.5,16604.25,16599.75,16604.0,112,NQ.v.0
2023-12-13 09:22:00+00:00,33,1,750,16604.25,16604.5,16601.5,16603.0,133,NQ.v.0
2023-12-13 09:23:00+00:00,33,1,750,16603.5,16606.5,16603.5,16603.75,129,NQ.v.0
2023-12-13 09:24:00+00:00,33,1,750,16603.5,16605.0,16603.25,16605.0,48,NQ.v.0
2023-12-13 09:25:00+00:00,33,1,750,16604.5,16605.25,16603.5,16603.75,30,NQ.v.0
2023-12-13 09:26:00+00:00,33,1,750,16603.5,16604.5,16602.75,16604.25,38,NQ.v.0
2023-12-13 09:27:00+00:00,33,1,750,16604.75,16605.5,16603.75,16604.75,36,NQ.v.0
2023-12-13 09:28:00+00:00,33,1,750,16604.75,16605.0,16602.0,16603.0,48,NQ.v.0
2023-12-13 09:29:00+00:00,33,1,750,16602.75,16603.0,16601.5,16601.75,43,NQ.v.0
2023-12-13 09:30:00+00:00,33,1,750,16601.75,16603.5,16600.0,16601.0,67,NQ.v.0
2023-12-13 09:31:00+00:00,33,1,750,16600.75,16604.0,16600.75,16603.5,56,NQ.v.0
2023-12-13 09:32:00+00:00,33,1,750,16603.75,16605.0,16603.5,16604.75,40,NQ.v.0
2023-12-13 09:33:00+00:00,33,1,750,16604.25,16605.0,16603.75,16603.75,34,NQ.v.0
2023-12-13 09:34:00+00:00,33,1,750,16604.25,16606.0,16604.25,16605.75,54,NQ.v.0
2023-12-13 09:35:00+00:00,33,1,750,16605.75,16606.5,16605.0,16605.5,57,NQ.v.0
2023-12-13 09:36:00+00:00,33,1,750,16605.5,16605.5,16604.0,16604.75,76,NQ.v.0
2023-12-13 09:37:00+00:00,33,1,750,16604.75,16605.0,16603.25,16603.25,79,NQ.v.0
2023-12-13 09:38:00+00:00,33,1,750,16603.5,16605.25,16603.5,16604.5,45,NQ.v.0
2023-12-13 09:39:00+00:00,33,1,750,16604.5,16604.75,16602.25,16602.75,66,NQ.v.0
2023-12-13 09:40:00+00:00,33,1,750,16602.75,16602.75,16600.75,16601.5,52,NQ.v.0
2023-12-13 09:41:00+00:00,33,1,750,16601.75,16603.5,16601.75,16603.0,29,NQ.v.0
2023-12-13 09:42:00+00:00,33,1,750,16602.5,16606.5,16602.25,16605.25,82,NQ.v.0
2023-12-13 09:43:00+00:00,33,1,750,16605.5,16606.25,16604.75,16606.0,36,NQ.v.0
2023-12-13 09:44:00+00:00,33,1,750,16605.75,16605.75,16604.25,16604.5,35,NQ.v.0
2023-12-13 09:45:00+00:00,33,1,750,16604.75,16604.75,16601.75,16602.0,66,NQ.v.0
2023-12-13 09:46:00+00:00,33,1,750,16601.75,16602.25,16599.5,16599.75,138,NQ.v.0
2023-12-13 09:47:00+00:00,33,1,750,16600.0,16601.75,16600.0,16601.75,38,NQ.v.0
2023-12-13 09:48:00+00:00,33,1,750,16601.75,16603.75,16601.75,16603.75,74,NQ.v.0
2023-12-13 09:49:00+00:00,33,1,750,16604.0,16604.5,16603.5,16604.0,38,NQ.v.0
2023-12-13 09:50:00+00:00,33,1,750,16604.0,16605.0,16603.0,16604.5,61,NQ.v.0
2023-12-13 09:51:00+00:00,33,1,750,16604.75,16604.75,16601.0,16601.25,71,NQ.v.0
2023-12-13 09:52:00+00:00,33,1,750,16601.25,16602.25,16600.25,16602.25,59,NQ.v.0
2023-12-13 09:53:00+00:00,33,1,750,16602.25,16603.75,16601.75,16603.0,73,NQ.v.0
2023-12-13 09:54:00+00:00,33,1,750,16602.75,16603.0,16601.25,16601.5,26,NQ.v.0
2023-12-13 09:55:00+00:00,33,1,750,16601.25,16602.5,16601.0,16602.5,43,NQ.v.0
2023-12-13 09:56:00+00:00,33,1,750,16602.25,16602.5,16600.5,16601.0,61,NQ.v.0
2023-12-13 09:57:00+00:00,33,1,750,16600.75,16601.0,16599.5,16600.5,51,NQ.v.0
2023-12-13 09:58:00+00:00,33,1,750,16601.0,16602.0,16600.25,16600.5,34,NQ.v.0
2023-12-13 09:59:00+00:00,33,1,750,16600.75,16601.25,16600.0,16601.25,53,NQ.v.0
2023-12-13 10:00:00+00:00,33,1,750,16600.75,16602.0,16600.5,16601.75,45,NQ.v.0
2023-12-13 10:01:00+00:00,33,1,750,16601.25,16601.25,16598.5,16600.5,162,NQ.v.0
2023-12-13 10:02:00+00:00,33,1,750,16600.5,16601.0,16600.5,16600.75,17,NQ.v.0
2023-12-13 10:03:00+00:00,33,1,750,16600.75,16600.75,16599.25,16599.5,41,NQ.v.0
2023-12-13 10:04:00+00:00,33,1,750,16599.5,16600.5,16599.0,16600.5,59,NQ.v.0
2023-12-13 10:05:00+00:00,33,1,750,16600.25,16600.25,16597.0,16598.25,197,NQ.v.0
2023-12-13 10:06:00+00:00,33,1,750,16598.25,16598.25,16596.25,16597.0,174,NQ.v.0
2023-12-13 10:07:00+00:00,33,1,750,16597.0,16598.25,16596.75,16598.0,59,NQ.v.0
2023-12-13 10:08:00+00:00,33,1,750,16598.0,16599.0,16598.0,16598.25,34,NQ.v.0
2023-12-13 10:09:00+00:00,33,1,750,16599.0,16599.0,16598.0,16598.5,35,NQ.v.0
2023-12-13 10:10:00+00:00,33,1,750,16598.5,16598.75,16597.0,16597.75,57,NQ.v.0
2023-12-13 10:11:00+00:00,33,1,750,16598.0,16603.5,16598.0,16603.5,132,NQ.v.0
2023-12-13 10:12:00+00:00,33,1,750,16603.5,16603.5,16601.5,16602.0,61,NQ.v.0
2023-12-13 10:13:00+00:00,33,1,750,16601.75,16603.5,16601.75,16602.5,79,NQ.v.0
2023-12-13 10:14:00+00:00,33,1,750,16602.75,16605.0,16602.5,16603.25,121,NQ.v.0
2023-12-13 10:15:00+00:00,33,1,750,16603.75,16604.75,16602.0,16602.75,87,NQ.v.0
2023-12-13 10:16:00+00:00,33,1,750,16603.0,16603.5,16600.0,16600.25,106,NQ.v.0
2023-12-13 10:17:00+00:00,33,1,750,16600.0,16600.75,16599.25,16599.5,59,NQ.v.0
2023-12-13 10:18:00+00:00,33,1,750,16599.5,16600.25,16597.5,16599.0,147,NQ.v.0
2023-12-13 10:19:00+00:00,33,1,750,16598.75,16599.0,16597.0,16597.25,177,NQ.v.0
2023-12-13 10:20:00+00:00,33,1,750,16597.5,16599.75,16597.25,16598.25,203,NQ.v.0
2023-12-13 10:21:00+00:00,33,1,750,16598.25,16599.0,16597.75,16598.75,48,NQ.v.0
2023-12-13 10:22:00+00:00,33,1,750,16598.75,16598.75,16597.5,16598.25,55,NQ.v.0
2023-12-13 10:23:00+00:00,33,1,750,16598.5,16598.5,16595.0,16595.75,258,NQ.v.0
2023-12-13 10:24:00+00:00,33,1,750,16595.5,16598.5,16595.25,16596.25,192,NQ.v.0
2023-12-13 10:25:00+00:00,33,1,750,16596.25,16597.0,16595.5,16597.0,64,NQ.v.0
2023-12-13 10:26:00+00:00,33,1,750,16597.0,16599.25,16597.0,16598.0,90,NQ.v.0
2023-12-13 10:27:00+00:00,33,1,750,16598.75,16599.25,16597.5,16598.75,59,NQ.v.0
2023-12-13 10:28:00+00:00,33,1,750,16598.75,16599.0,16597.75,16597.75,51,NQ.v.0
2023-12-13 10:29:00+00:00,33,1,750,16598.0,16598.0,16596.5,16597.75,65,NQ.v.0
2023-12-13 10:30:00+00:00,33,1,750,16597.75,16599.0,16596.5,16599.0,60,NQ.v.0
2023-12-13 10:31:00+00:00,33,1,750,16598.25,16598.5,16597.5,16598.5,36,NQ.v.0
2023-12-13 10:32:00+00:00,33,1,750,16599.0,16601.25,16598.5,16601.25,91,NQ.v.0
2023-12-13 10:33:00+00:00,33,1,750,16600.25,16602.0,16600.0,16601.5,57,NQ.v.0
2023-12-13 10:34:00+00:00,33,1,750,16601.25,16601.25,16599.75,16599.75,22,NQ.v.0
2023-12-13 10:35:00+00:00,33,1,750,16599.5,16599.5,16597.5,16597.5,64,NQ.v.0
2023-12-13 10:36:00+00:00,33,1,750,16598.0,16598.75,16597.5,16597.5,36,NQ.v.0
2023-12-13 10:37:00+00:00,33,1,750,16598.0,16598.75,16598.0,16598.25,14,NQ.v.0
2023-12-13 10:38:00+00:00,33,1,750,16598.5,16599.75,16598.25,16598.25,42,NQ.v.0
2023-12-13 10:39:00+00:00,33,1,750,16598.75,16599.0,16596.75,16597.0,65,NQ.v.0
2023-12-13 10:40:00+00:00,33,1,750,16597.25,16599.5,16597.0,16598.75,78,NQ.v.0
2023-12-13 10:41:00+00:00,33,1,750,16598.5,16599.0,16597.75,16598.5,50,NQ.v.0
2023-12-13 10:42:00+00:00,33,1,750,16598.25,16598.5,16597.25,16597.25,43,NQ.v.0
2023-12-13 10:43:00+00:00,33,1,750,16598.0,16599.0,16597.5,16597.5,57,NQ.v.0
2023-12-13 10:44:00+00:00,33,1,750,16597.25,16597.5,16594.5,16594.5,141,NQ.v.0
2023-12-13 10:45:00+00:00,33,1,750,16594.5,16597.25,16594.0,16597.25,91,NQ.v.0
2023-12-13 10:46:00+00:00,33,1,750,16597.25,16600.25,16597.25,16600.25,114,NQ.v.0
2023-12-13 10:47:00+00:00,33,1,750,16600.5,16601.25,16597.25,16601.25,103,NQ.v.0
2023-12-13 10:48:00+00:00,33,1,750,16601.25,16601.25,16598.5,16599.0,46,NQ.v.0
2023-12-13 10:49:00+00:00,33,1,750,16599.0,16599.75,16598.5,16599.5,42,NQ.v.0
2023-12-13 10:50:00+00:00,33,1,750,16599.0,16599.75,16598.5,16599.0,43,NQ.v.0
2023-12-13 10:51:00+00:00,33,1,750,16599.5,16600.25,16599.25,16599.75,34,NQ.v.0
2023-12-13 10:52:00+00:00,33,1,750,16599.5,16603.25,16599.25,16603.0,94,NQ.v.0
2023-12-13 10:53:00+00:00,33,1,750,16602.75,16603.5,16602.0,16603.5,84,NQ.v.0
2023-12-13 10:54:00+00:00,33,1,750,16603.0,16603.75,16602.25,16602.25,116,NQ.v.0
2023-12-13 10:55:00+00:00,33,1,750,16602.5,16605.5,16602.5,16603.75,98,NQ.v.0
2023-12-13 10:56:00+00:00,33,1,750,16603.5,16605.0,16603.5,16604.0,68,NQ.v.0
2023-12-13 10:57:00+00:00,33,1,750,16604.0,16604.5,16601.0,16601.5,149,NQ.v.0
2023-12-13 10:58:00+00:00,33,1,750,16601.0,16602.0,16600.5,16602.0,76,NQ.v.0
2023-12-13 10:59:00+00:00,33,1,750,16601.0,16601.5,16598.0,16599.5,147,NQ.v.0
2023-12-13 11:00:00+00:00,33,1,750,16599.5,16600.5,16597.0,16598.75,251,NQ.v.0
2023-12-13 11:01:00+00:00,33,1,750,16598.25,16601.0,16598.25,16600.25,68,NQ.v.0
2023-12-13 11:02:00+00:00,33,1,750,16600.75,16601.75,16600.0,16600.5,75,NQ.v.0
2023-12-13 11:03:00+00:00,33,1,750,16600.75,16600.75,16597.75,16598.0,54,NQ.v.0
2023-12-13 11:04:00+00:00,33,1,750,16598.5,16599.5,16597.25,16597.5,70,NQ.v.0
2023-12-13 11:05:00+00:00,33,1,750,16597.5,16598.25,16597.0,16597.75,65,NQ.v.0
2023-12-13 11:06:00+00:00,33,1,750,16597.5,16597.75,16596.5,16597.25,68,NQ.v.0
2023-12-13 11:07:00+00:00,33,1,750,16597.0,16599.5,16597.0,16598.75,66,NQ.v.0
2023-12-13 11:08:00+00:00,33,1,750,16599.5,16600.75,16599.5,16600.25,79,NQ.v.0
2023-12-13 11:09:00+00:00,33,1,750,16600.0,16602.0,16599.75,16600.25,141,NQ.v.0
2023-12-13 11:10:00+00:00,33,1,750,16600.75,16601.75,16600.25,16601.25,51,NQ.v.0
2023-12-13 11:11:00+00:00,33,1,750,16601.25,16602.75,16601.0,16602.0,49,NQ.v.0
2023-12-13 11:12:00+00:00,33,1,750,16602.25,16603.75,16601.75,16603.5,130,NQ.v.0
2023-12-13 11:13:00+00:00,33,1,750,16603.25,16603.25,16602.0,16602.5,54,NQ.v.0
2023-12-13 11:14:00+00:00,33,1,750,16602.5,16604.5,16602.25,16604.25,40,NQ.v.0
2023-12-13 11:15:00+00:00,33,1,750,16604.25,16605.25,16604.0,16605.25,79,NQ.v.0
2023-12-13 11:16:00+00:00,33,1,750,16604.5,16605.0,16603.75,16604.5,51,NQ.v.0
2023-12-13 11:17:00+00:00,33,1,750,16604.25,16607.25,16604.0,16607.25,96,NQ.v.0
2023-12-13 11:18:00+00:00,33,1,750,16607.25,16608.0,16606.75,16607.5,84,NQ.v.0
2023-12-13 11:19:00+00:00,33,1,750,16607.25,16607.5,16606.5,16606.75,46,NQ.v.0
2023-12-13 11:20:00+00:00,33,1,750,16606.5,16608.5,16606.25,16608.25,84,NQ.v.0
2023-12-13 11:21:00+00:00,33,1,750,16608.5,16608.75,16607.25,16607.5,72,NQ.v.0
2023-12-13 11:22:00+00:00,33,1,750,16607.25,16608.5,16607.25,16608.0,36,NQ.v.0
2023-12-13 11:23:00+00:00,33,1,750,16608.0,16609.0,16607.5,16608.5,68,NQ.v.0
2023-12-13 11:24:00+00:00,33,1,750,16608.5,16610.0,16608.5,16609.0,95,NQ.v.0
2023-12-13 11:25:00+00:00,33,1,750,16609.0,16609.25,16607.5,16608.0,109,NQ.v.0
2023-12-13 11:26:00+00:00,33,1,750,16608.0,16608.25,16607.25,16608.0,34,NQ.v.0
2023-12-13 11:27:00+00:00,33,1,750,16608.0,16608.75,16607.5,16608.5,50,NQ.v.0
2023-12-13 11:28:00+00:00,33,1,750,16608.25,16609.75,16607.75,16608.25,77,NQ.v.0
2023-12-13 11:29:00+00:00,33,1,750,16608.25,16609.0,16606.25,16607.0,120,NQ.v.0
2023-12-13 11:30:00+00:00,33,1,750,16607.25,16610.75,16607.25,16610.5,152,NQ.v.0
2023-12-13 11:31:00+00:00,33,1,750,16610.5,16611.0,16609.5,16610.5,87,NQ.v.0
2023-12-13 11:32:00+00:00,33,1,750,16610.5,16610.5,16608.0,16609.75,111,NQ.v.0
2023-12-13 11:33:00+00:00,33,1,750,16610.0,16610.75,16609.5,16609.5,58,NQ.v.0
2023-12-13 11:34:00+00:00,33,1,750,16609.25,16611.0,16609.25,16609.5,113,NQ.v.0
2023-12-13 11:35:00+00:00,33,1,750,16609.25,16610.25,16609.0,16610.0,75,NQ.v.0
2023-12-13 11:36:00+00:00,33,1,750,16609.75,16609.75,16608.5,16609.0,48,NQ.v.0
2023-12-13 11:37:00+00:00,33,1,750,16608.5,16608.5,16606.5,16606.75,117,NQ.v.0
2023-12-13 11:38:00+00:00,33,1,750,16606.5,16607.75,16606.25,16607.5,86,NQ.v.0
2023-12-13 11:39:00+00:00,33,1,750,16607.75,16609.25,16607.0,16609.0,78,NQ.v.0
2023-12-13 11:40:00+00:00,33,1,750,16609.0,16609.25,16607.75,16609.25,59,NQ.v.0
2023-12-13 11:41:00+00:00,33,1,750,16609.5,16610.5,16609.5,16610.5,52,NQ.v.0
2023-12-13 11:42:00+00:00,33,1,750,16610.0,16611.75,16609.25,16610.75,105,NQ.v.0
2023-12-13 11:43:00+00:00,33,1,750,16611.0,16611.0,16608.25,16609.0,68,NQ.v.0
2023-12-13 11:44:00+00:00,33,1,750,16609.25,16611.25,16609.25,16610.0,86,NQ.v.0
2023-12-13 11:45:00+00:00,33,1,750,16609.75,16610.25,16608.5,16608.5,101,NQ.v.0
2023-12-13 11:46:00+00:00,33,1,750,16608.75,16609.25,16608.0,16608.25,52,NQ.v.0
2023-12-13 11:47:00+00:00,33,1,750,16608.5,16608.75,16607.25,16607.25,92,NQ.v.0
2023-12-13 11:48:00+00:00,33,1,750,16607.5,16611.0,16607.0,16608.5,153,NQ.v.0
2023-12-13 11:49:00+00:00,33,1,750,16608.25,16613.5,16608.25,16611.25,213,NQ.v.0
2023-12-13 11:50:00+00:00,33,1,750,16611.5,16613.5,16611.25,16613.5,88,NQ.v.0
2023-12-13 11:51:00+00:00,33,1,750,16613.75,16614.25,16610.5,16611.0,167,NQ.v.0
2023-12-13 11:52:00+00:00,33,1,750,16611.25,16612.5,16610.75,16612.5,71,NQ.v.0
2023-12-13 11:53:00+00:00,33,1,750,16612.75,16613.75,16612.25,16612.75,164,NQ.v.0
2023-12-13 11:54:00+00:00,33,1,750,16612.75,16613.75,16611.75,16611.75,115,NQ.v.0
2023-12-13 11:55:00+00:00,33,1,750,16611.75,16611.75,16610.25,16610.5,61,NQ.v.0
2023-12-13 11:56:00+00:00,33,1,750,16610.0,16611.5,16609.75,16611.5,73,NQ.v.0
2023-12-13 11:57:00+00:00,33,1,750,16611.25,16612.0,16609.75,16610.25,105,NQ.v.0
2023-12-13 11:58:00+00:00,33,1,750,16610.0,16611.0,16609.5,16609.5,76,NQ.v.0
2023-12-13 11:59:00+00:00,33,1,750,16609.75,16612.5,16609.5,16611.5,157,NQ.v.0
2023-12-13 12:00:00+00:00,33,1,750,16611.25,16614.5,16610.75,16614.0,164,NQ.v.0
2023-12-13 12:01:00+00:00,33,1,750,16613.75,16614.0,16608.5,16609.0,163,NQ.v.0
2023-12-13 12:02:00+00:00,33,1,750,16608.75,16612.5,16608.75,16611.0,146,NQ.v.0
2023-12-13 12:03:00+00:00,33,1,750,16611.75,16614.25,16611.75,16612.75,95,NQ.v.0
2023-12-13 12:04:00+00:00,33,1,750,16612.75,16613.75,16611.5,16612.5,57,NQ.v.0
2023-12-13 12:05:00+00:00,33,1,750,16612.25,16613.0,16609.5,16609.75,113,NQ.v.0
2023-12-13 12:06:00+00:00,33,1,750,16610.0,16611.5,16609.75,16610.25,96,NQ.v.0
2023-12-13 12:07:00+00:00,33,1,750,16609.75,16611.25,16609.0,16611.25,117,NQ.v.0
2023-12-13 12:08:00+00:00,33,1,750,16611.25,16612.0,16609.75,16610.0,109,NQ.v.0
2023-12-13 12:09:00+00:00,33,1,750,16610.0,16610.0,16608.25,16608.25,73,NQ.v.0
2023-12-13 12:10:00+00:00,33,1,750,16608.75,16609.75,16608.5,16609.25,57,NQ.v.0
2023-12-13 12:11:00+00:00,33,1,750,16609.5,16613.0,16609.25,16612.75,84,NQ.v.0
2023-12-13 12:12:00+00:00,33,1,750,16613.0,16613.0,16611.25,16612.25,80,NQ.v.0
2023-12-13 12:13:00+00:00,33,1,750,16612.5,16615.5,16612.5,16614.0,174,NQ.v.0
2023-12-13 12:14:00+00:00,33,1,750,16614.0,16614.75,16613.25,16613.25,45,NQ.v.0
2023-12-13 12:15:00+00:00,33,1,750,16613.25,16614.5,16612.25,16614.5,81,NQ.v.0
2023-12-13 12:16:00+00:00,33,1,750,16614.75,16615.0,16613.5,16613.75,50,NQ.v.0
2023-12-13 12:17:00+00:00,33,1,750,16613.5,16614.25,16613.25,16613.5,53,NQ.v.0
2023-12-13 12:18:00+00:00,33,1,750,16613.5,16614.25,16612.75,16613.25,51,NQ.v.0
2023-12-13 12:19:00+00:00,33,1,750,16613.5,16614.25,16612.5,16613.25,85,NQ.v.0
2023-12-13 12:20:00+00:00,33,1,750,16613.25,16614.5,16613.25,16614.0,57,NQ.v.0
2023-12-13 12:21:00+00:00,33,1,750,16614.0,16614.0,16611.25,16611.5,81,NQ.v.0
2023-12-13 12:22:00+00:00,33,1,750,16611.5,16612.25,16610.75,16612.25,94,NQ.v.0
2023-12-13 12:23:00+00:00,33,1,750,16612.0,16612.0,16609.75,16609.75,79,NQ.v.0
2023-12-13 12:24:00+00:00,33,1,750,16610.0,16610.25,16607.5,16608.0,138,NQ.v.0
2023-12-13 12:25:00+00:00,33,1,750,16607.75,16608.25,16605.25,16606.0,167,NQ.v.0
2023-12-13 12:26:00+00:00,33,1,750,16606.0,16607.25,16605.5,16605.5,126,NQ.v.0
2023-12-13 12:27:00+00:00,33,1,750,16605.5,16606.25,16603.25,16604.0,150,NQ.v.0
2023-12-13 12:28:00+00:00,33,1,750,16604.0,16605.0,16603.25,16604.5,159,NQ.v.0
2023-12-13 12:29:00+00:00,33,1,750,16604.5,16605.5,16603.0,16604.0,137,NQ.v.0
2023-12-13 12:30:00+00:00,33,1,750,16604.5,16605.5,16604.0,16604.5,97,NQ.v.0
2023-12-13 12:31:00+00:00,33,1,750,16604.5,16606.5,16603.25,16603.75,151,NQ.v.0
2023-12-13 12:32:00+00:00,33,1,750,16603.75,16606.25,16603.75,16605.5,108,NQ.v.0
2023-12-13 12:33:00+00:00,33,1,750,16605.25,16607.5,16605.0,16607.5,105,NQ.v.0
2023-12-13 12:34:00+00:00,33,1,750,16607.5,16611.25,16607.0,16611.0,219,NQ.v.0
2023-12-13 12:35:00+00:00,33,1,750,16610.75,16611.25,16608.25,16608.25,224,NQ.v.0
2023-12-13 12:36:00+00:00,33,1,750,16608.0,16608.75,16605.75,16607.0,122,NQ.v.0
2023-12-13 12:37:00+00:00,33,1,750,16607.0,16607.25,16605.0,16605.75,115,NQ.v.0
2023-12-13 12:38:00+00:00,33,1,750,16605.75,16607.75,16605.75,16607.5,63,NQ.v.0
2023-12-13 12:39:00+00:00,33,1,750,16606.75,16609.0,16606.75,16608.25,109,NQ.v.0
2023-12-13 12:40:00+00:00,33,1,750,16608.25,16608.5,16606.75,16607.0,62,NQ.v.0
2023-12-13 12:41:00+00:00,33,1,750,16607.25,16609.25,16607.0,16607.75,99,NQ.v.0
2023-12-13 12:42:00+00:00,33,1,750,16607.75,16609.5,16605.75,16606.5,236,NQ.v.0
2023-12-13 12:43:00+00:00,33,1,750,16606.25,16608.5,16606.0,16608.0,86,NQ.v.0
2023-12-13 12:44:00+00:00,33,1,750,16607.75,16609.0,16604.75,16604.75,132,NQ.v.0
2023-12-13 12:45:00+00:00,33,1,750,16604.75,16606.25,16604.75,16605.75,115,NQ.v.0
2023-12-13 12:46:00+00:00,33,1,750,16605.25,16608.75,16605.25,16608.0,112,NQ.v.0
2023-12-13 12:47:00+00:00,33,1,750,16607.5,16608.0,16606.75,16606.75,44,NQ.v.0
2023-12-13 12:48:00+00:00,33,1,750,16606.75,16606.75,16605.5,16606.5,101,NQ.v.0
2023-12-13 12:49:00+00:00,33,1,750,16606.5,16607.5,16606.0,16606.0,56,NQ.v.0
2023-12-13 12:50:00+00:00,33,1,750,16605.75,16608.75,16605.75,16608.0,75,NQ.v.0
2023-12-13 12:51:00+00:00,33,1,750,16608.0,16609.75,16608.0,16609.75,59,NQ.v.0
2023-12-13 12:52:00+00:00,33,1,750,16610.0,16611.0,16607.5,16608.0,175,NQ.v.0
2023-12-13 12:53:00+00:00,33,1,750,16608.0,16608.5,16606.0,16606.0,83,NQ.v.0
2023-12-13 12:54:00+00:00,33,1,750,16606.25,16608.25,16606.25,16608.25,83,NQ.v.0
2023-12-13 12:55:00+00:00,33,1,750,16608.25,16609.5,16607.5,16609.0,128,NQ.v.0
2023-12-13 12:56:00+00:00,33,1,750,16608.5,16609.0,16607.5,16608.0,66,NQ.v.0
2023-12-13 12:57:00+00:00,33,1,750,16607.75,16607.75,16605.75,16606.5,123,NQ.v.0
2023-12-13 12:58:00+00:00,33,1,750,16606.5,16606.75,16605.75,16606.0,80,NQ.v.0
2023-12-13 12:59:00+00:00,33,1,750,16606.0,16607.0,16606.0,16607.0,37,NQ.v.0
2023-12-13 13:00:00+00:00,33,1,750,16607.25,16609.25,16606.0,16608.5,157,NQ.v.0
2023-12-13 13:01:00+00:00,33,1,750,16608.5,16608.75,16606.25,16607.5,154,NQ.v.0
2023-12-13 13:02:00+00:00,33,1,750,16607.75,16608.0,16606.5,16607.75,71,NQ.v.0
2023-12-13 13:03:00+00:00,33,1,750,16608.0,16608.0,16605.0,16605.5,95,NQ.v.0
2023-12-13 13:04:00+00:00,33,1,750,16605.25,16608.25,16605.25,16608.0,112,NQ.v.0
2023-12-13 13:05:00+00:00,33,1,750,16607.5,16608.75,16606.75,16607.25,70,NQ.v.0
2023-12-13 13:06:00+00:00,33,1,750,16607.25,16609.5,16607.0,16609.25,116,NQ.v.0
2023-12-13 13:07:00+00:00,33,1,750,16609.0,16609.25,16607.0,16608.25,80,NQ.v.0
2023-12-13 13:08:00+00:00,33,1,750,16608.75,16610.75,16608.0,16610.0,120,NQ.v.0
2023-12-13 13:09:00+00:00,33,1,750,16610.0,16611.0,16609.5,16609.5,103,NQ.v.0
2023-12-13 13:10:00+00:00,33,1,750,16609.5,16609.5,16606.75,16607.25,130,NQ.v.0
2023-12-13 13:11:00+00:00,33,1,750,16607.0,16607.25,16605.0,16605.5,142,NQ.v.0
2023-12-13 13:12:00+00:00,33,1,750,16605.75,16608.0,16605.5,16608.0,110,NQ.v.0
2023-12-13 13:13:00+00:00,33,1,750,16607.75,16610.25,16607.75,16610.0,73,NQ.v.0
2023-12-13 13:14:00+00:00,33,1,750,16609.75,16610.0,16607.0,16608.0,121,NQ.v.0
2023-12-13 13:15:00+00:00,33,1,750,16607.75,16608.0,16607.25,16607.75,40,NQ.v.0
2023-12-13 13:16:00+00:00,33,1,750,16608.25,16609.0,16607.25,16608.0,66,NQ.v.0
2023-12-13 13:17:00+00:00,33,1,750,16607.75,16609.0,16607.25,16608.75,144,NQ.v.0
2023-12-13 13:18:00+00:00,33,1,750,16608.25,16608.5,16606.0,16606.75,131,NQ.v.0
2023-12-13 13:19:00+00:00,33,1,750,16606.25,16606.5,16604.25,16605.0,239,NQ.v.0
2023-12-13 13:20:00+00:00,33,1,750,16605.25,16606.75,16605.0,16605.25,131,NQ.v.0
2023-12-13 13:21:00+00:00,33,1,750,16605.25,16608.75,16605.0,16607.0,176,NQ.v.0
2023-12-13 13:22:00+00:00,33,1,750,16607.0,16607.75,16606.0,16607.0,140,NQ.v.0
2023-12-13 13:23:00+00:00,33,1,750,16607.0,16609.0,16607.0,16607.75,142,NQ.v.0
2023-12-13 13:24:00+00:00,33,1,750,16607.5,16607.75,16605.75,16606.75,121,NQ.v.0
2023-12-13 13:25:00+00:00,33,1,750,16607.0,16609.5,16605.5,16609.0,290,NQ.v.0
2023-12-13 13:26:00+00:00,33,1,750,16608.75,16609.5,16606.0,16606.75,252,NQ.v.0
2023-12-13 13:27:00+00:00,33,1,750,16606.75,16610.25,16606.5,16610.0,132,NQ.v.0
2023-12-13 13:28:00+00:00,33,1,750,16609.5,16610.5,16608.5,16608.5,147,NQ.v.0
2023-12-13 13:29:00+00:00,33,1,750,16608.75,16609.75,16605.5,16606.5,127,NQ.v.0
2023-12-13 13:30:00+00:00,33,1,750,16607.25,16624.75,16607.25,16618.75,2150,NQ.v.0
2023-12-13 13:31:00+00:00,33,1,750,16619.0,16623.5,16615.0,16618.75,822,NQ.v.0
2023-12-13 13:32:00+00:00,33,1,750,16618.75,16622.0,16615.75,16621.0,579,NQ.v.0
2023-12-13 13:33:00+00:00,33,1,750,16621.0,16621.5,16609.25,16612.5,709,NQ.v.0
2023-12-13 13:34:00+00:00,33,1,750,16612.25,16612.25,16608.75,16611.75,421,NQ.v.0
2023-12-13 13:35:00+00:00,33,1,750,16611.5,16617.0,16611.25,16615.5,500,NQ.v.0
2023-12-13 13:36:00+00:00,33,1,750,16615.25,16617.0,16613.5,16615.0,316,NQ.v.0
2023-12-13 13:37:00+00:00,33,1,750,16615.0,16622.0,16614.5,16619.75,498,NQ.v.0
2023-12-13 13:38:00+00:00,33,1,750,16619.75,16625.0,16619.25,16622.25,799,NQ.v.0
2023-12-13 13:39:00+00:00,33,1,750,16623.0,16625.0,16620.5,16620.75,479,NQ.v.0
2023-12-13 13:40:00+00:00,33,1,750,16620.75,16621.0,16613.5,16617.5,608,NQ.v.0
2023-12-13 13:41:00+00:00,33,1,750,16617.0,16620.25,16615.75,16615.75,375,NQ.v.0
2023-12-13 13:42:00+00:00,33,1,750,16615.5,16617.0,16612.75,16615.5,421,NQ.v.0
2023-12-13 13:43:00+00:00,33,1,750,16615.75,16615.75,16611.5,16614.5,362,NQ.v.0
2023-12-13 13:44:00+00:00,33,1,750,16614.5,16619.0,16614.0,16617.5,305,NQ.v.0
2023-12-13 13:45:00+00:00,33,1,750,16617.75,16622.25,16615.0,16620.5,671,NQ.v.0
2023-12-13 13:46:00+00:00,33,1,750,16619.75,16622.5,16618.5,16622.25,238,NQ.v.0
2023-12-13 13:47:00+00:00,33,1,750,16622.0,16624.75,16621.25,16624.5,531,NQ.v.0
2023-12-13 13:48:00+00:00,33,1,750,16624.25,16624.25,16620.75,16623.5,499,NQ.v.0
2023-12-13 13:49:00+00:00,33,1,750,16623.25,16624.75,16622.0,16624.75,305,NQ.v.0
2023-12-13 13:50:00+00:00,33,1,750,16624.5,16624.5,16621.75,16624.0,348,NQ.v.0
2023-12-13 13:51:00+00:00,33,1,750,16623.75,16629.75,16623.75,16629.75,863,NQ.v.0
2023-12-13 13:52:00+00:00,33,1,750,16629.75,16630.5,16628.75,16629.0,407,NQ.v.0
2023-12-13 13:53:00+00:00,33,1,750,16629.0,16630.0,16626.25,16630.0,405,NQ.v.0
2023-12-13 13:54:00+00:00,33,1,750,16630.0,16631.5,16629.5,16630.25,517,NQ.v.0
2023-12-13 13:55:00+00:00,33,1,750,16630.25,16630.25,16627.5,16628.75,343,NQ.v.0
2023-12-13 13:56:00+00:00,33,1,750,16628.5,16630.5,16627.5,16628.5,307,NQ.v.0
2023-12-13 13:57:00+00:00,33,1,750,16628.75,16629.0,16625.75,16626.75,347,NQ.v.0
2023-12-13 13:58:00+00:00,33,1,750,16627.25,16629.0,16627.25,16627.75,223,NQ.v.0
2023-12-13 13:59:00+00:00,33,1,750,16627.5,16631.25,16627.5,16629.75,301,NQ.v.0
2023-12-13 14:00:00+00:00,33,1,750,16630.0,16633.0,16628.25,16629.25,646,NQ.v.0
2023-12-13 14:01:00+00:00,33,1,750,16629.5,16632.5,16629.0,16629.0,369,NQ.v.0
2023-12-13 14:02:00+00:00,33,1,750,16629.0,16633.0,16628.5,16632.75,416,NQ.v.0
2023-12-13 14:03:00+00:00,33,1,750,16632.75,16635.75,16631.75,16633.25,661,NQ.v.0
2023-12-13 14:04:00+00:00,33,1,750,16633.5,16634.75,16632.25,16633.75,534,NQ.v.0
2023-12-13 14:05:00+00:00,33,1,750,16633.75,16634.0,16631.5,16632.0,530,NQ.v.0
2023-12-13 14:06:00+00:00,33,1,750,16632.0,16632.25,16630.25,16631.75,202,NQ.v.0
2023-12-13 14:07:00+00:00,33,1,750,16631.75,16633.25,16630.25,16631.75,310,NQ.v.0
2023-12-13 14:08:00+00:00,33,1,750,16631.75,16632.5,16630.25,16630.75,234,NQ.v.0
2023-12-13 14:09:00+00:00,33,1,750,16630.5,16631.25,16629.5,16630.75,248,NQ.v.0
2023-12-13 14:10:00+00:00,33,1,750,16630.5,16632.0,16629.0,16629.5,567,NQ.v.0
2023-12-13 14:11:00+00:00,33,1,750,16630.0,16631.5,16629.0,16630.75,210,NQ.v.0
2023-12-13 14:12:00+00:00,33,1,750,16630.5,16630.5,16628.25,16629.5,252,NQ.v.0
2023-12-13 14:13:00+00:00,33,1,750,16629.5,16629.75,16627.75,16629.25,352,NQ.v.0
2023-12-13 14:14:00+00:00,33,1,750,16629.25,16630.0,16627.0,16627.5,219,NQ.v.0
2023-12-13 14:15:00+00:00,33,1,750,16627.25,16628.5,16626.5,16627.5,274,NQ.v.0
2023-12-13 14:16:00+00:00,33,1,750,16627.5,16629.0,16626.0,16628.75,306,NQ.v.0
2023-12-13 14:17:00+00:00,33,1,750,16628.5,16629.75,16627.75,16628.5,278,NQ.v.0
2023-12-13 14:18:00+00:00,33,1,750,16628.5,16628.75,16626.0,16627.5,425,NQ.v.0
2023-12-13 14:19:00+00:00,33,1,750,16627.75,16627.75,16625.5,16626.75,313,NQ.v.0
2023-12-13 14:20:00+00:00,33,1,750,16626.75,16629.75,16625.25,16628.75,562,NQ.v.0
2023-12-13 14:21:00+00:00,33,1,750,16629.0,16629.0,16625.75,16626.5,319,NQ.v.0
2023-12-13 14:22:00+00:00,33,1,750,16626.75,16627.5,16625.0,16625.25,269,NQ.v.0
2023-12-13 14:23:00+00:00,33,1,750,16625.25,16628.75,16625.25,16628.0,282,NQ.v.0
2023-12-13 14:24:00+00:00,33,1,750,16628.25,16628.5,16624.75,16625.5,384,NQ.v.0
2023-12-13 14:25:00+00:00,33,1,750,16625.75,16625.75,16616.0,16616.0,1286,NQ.v.0
2023-12-13 14:26:00+00:00,33,1,750,16616.5,16617.75,16613.0,16617.25,702,NQ.v.0
2023-12-13 14:27:00+00:00,33,1,750,16617.0,16617.0,16607.5,16610.75,1052,NQ.v.0
2023-12-13 14:28:00+00:00,33,1,750,16611.0,16613.0,16607.25,16607.25,573,NQ.v.0
2023-12-13 14:29:00+00:00,33,1,750,16607.25,16610.0,16601.25,16609.5,1404,NQ.v.0
2023-12-13 14:30:00+00:00,33,1,750,16609.5,16629.0,16606.0,16626.75,6520,NQ.v.0
2023-12-13 14:31:00+00:00,33,1,750,16626.5,16642.0,16619.0,16639.5,5643,NQ.v.0
2023-12-13 14:32:00+00:00,33,1,750,16639.5,16640.75,16627.75,16629.75,4640,NQ.v.0
2023-12-13 14:33:00+00:00,33,1,750,16629.75,16635.75,16620.5,16622.5,4568,NQ.v.0
2023-12-13 14:34:00+00:00,33,1,750,16622.25,16644.0,16619.5,16643.25,4809,NQ.v.0
2023-12-13 14:35:00+00:00,33,1,750,16643.75,16648.0,16639.25,16645.0,3537,NQ.v.0
2023-12-13 14:36:00+00:00,33,1,750,16645.25,16651.5,16644.75,16649.75,2909,NQ.v.0
2023-12-13 14:37:00+00:00,33,1,750,16650.0,16655.5,16646.0,16654.25,2813,NQ.v.0
2023-12-13 14:38:00+00:00,33,1,750,16654.0,16657.25,16649.5,16651.0,1909,NQ.v.0
2023-12-13 14:39:00+00:00,33,1,750,16651.25,16651.5,16639.5,16641.0,2422,NQ.v.0
2023-12-13 14:40:00+00:00,33,1,750,16640.5,16645.25,16637.75,16642.5,2223,NQ.v.0
2023-12-13 14:41:00+00:00,33,1,750,16642.5,16650.0,16641.25,16644.5,2423,NQ.v.0
2023-12-13 14:42:00+00:00,33,1,750,16644.5,16645.25,16638.5,16639.5,1667,NQ.v.0
2023-12-13 14:43:00+00:00,33,1,750,16639.5,16640.5,16626.25,16628.5,2454,NQ.v.0
2023-12-13 14:44:00+00:00,33,1,750,16628.75,16632.5,16625.0,16626.5,1751,NQ.v.0
2023-12-13 14:45:00+00:00,33,1,750,16627.0,16629.0,16621.25,16622.25,1938,NQ.v.0
2023-12-13 14:46:00+00:00,33,1,750,16622.25,16623.75,16617.25,16621.5,1760,NQ.v.0
2023-12-13 14:47:00+00:00,33,1,750,16621.25,16621.25,16608.5,16610.75,2444,NQ.v.0
2023-12-13 14:48:00+00:00,33,1,750,16611.0,16617.0,16610.25,16612.5,1645,NQ.v.0
2023-12-13 14:49:00+00:00,33,1,750,16612.5,16620.5,16610.75,16616.0,1476,NQ.v.0
2023-12-13 14:50:00+00:00,33,1,750,16616.25,16618.0,16606.5,16610.75,1514,NQ.v.0
2023-12-13 14:51:00+00:00,33,1,750,16610.25,16615.75,16608.5,16610.5,1260,NQ.v.0
2023-12-13 14:52:00+00:00,33,1,750,16610.75,16620.0,16610.5,16617.75,1359,NQ.v.0
2023-12-13 14:53:00+00:00,33,1,750,16618.0,16618.75,16612.0,16613.5,1059,NQ.v.0
2023-12-13 14:54:00+00:00,33,1,750,16613.75,16616.75,16608.75,16609.0,1343,NQ.v.0
2023-12-13 14:55:00+00:00,33,1,750,16609.0,16613.25,16609.0,16610.5,1048,NQ.v.0
2023-12-13 14:56:00+00:00,33,1,750,16610.5,16613.25,16602.0,16603.0,1604,NQ.v.0
2023-12-13 14:57:00+00:00,33,1,750,16603.0,16612.5,16597.25,16610.25,2342,NQ.v.0
2023-12-13 14:58:00+00:00,33,1,750,16610.5,16613.25,16606.5,16608.25,1176,NQ.v.0
2023-12-13 14:59:00+00:00,33,1,750,16608.5,16611.0,16605.5,16610.5,784,NQ.v.0
2023-12-13 15:00:00+00:00,33,1,750,16610.75,16611.0,16603.0,16610.5,1135,NQ.v.0
2023-12-13 15:01:00+00:00,33,1,750,16610.5,16610.5,16603.25,16605.75,1078,NQ.v.0
2023-12-13 15:02:00+00:00,33,1,750,16605.5,16608.5,16603.5,16605.5,854,NQ.v.0
2023-12-13 15:03:00+00:00,33,1,750,16606.0,16615.0,16604.75,16609.0,1845,NQ.v.0
2023-12-13 15:04:00+00:00,33,1,750,16609.5,16618.5,16609.5,16616.75,1748,NQ.v.0
2023-12-13 15:05:00+00:00,33,1,750,16616.75,16622.25,16608.75,16619.75,2015,NQ.v.0
2023-12-13 15:06:00+00:00,33,1,750,16619.75,16620.5,16617.0,16619.25,803,NQ.v.0
2023-12-13 15:07:00+00:00,33,1,750,16618.5,16625.25,16618.0,16623.5,1339,NQ.v.0
2023-12-13 15:08:00+00:00,33,1,750,16623.75,16624.75,16619.5,16623.25,967,NQ.v.0
2023-12-13 15:09:00+00:00,33,1,750,16623.25,16624.25,16618.75,16621.0,753,NQ.v.0
2023-12-13 15:10:00+00:00,33,1,750,16620.75,16628.25,16620.75,16628.25,1287,NQ.v.0
2023-12-13 15:11:00+00:00,33,1,750,16628.0,16631.0,16623.5,16625.0,1574,NQ.v.0
2023-12-13 15:12:00+00:00,33,1,750,16625.25,16631.5,16625.0,16630.75,901,NQ.v.0
2023-12-13 15:13:00+00:00,33,1,750,16630.75,16630.75,16624.0,16627.0,899,NQ.v.0
2023-12-13 15:14:00+00:00,33,1,750,16627.0,16628.25,16621.25,16622.0,812,NQ.v.0
2023-12-13 15:15:00+00:00,33,1,750,16621.75,16628.0,16620.75,16627.5,941,NQ.v.0
2023-12-13 15:16:00+00:00,33,1,750,16627.5,16629.25,16623.75,16627.5,770,NQ.v.0
2023-12-13 15:17:00+00:00,33,1,750,16627.5,16630.5,16623.75,16630.0,778,NQ.v.0
2023-12-13 15:18:00+00:00,33,1,750,16629.75,16634.75,16629.0,16634.25,1393,NQ.v.0
2023-12-13 15:19:00+00:00,33,1,750,16634.25,16636.5,16631.0,16636.25,1206,NQ.v.0
2023-12-13 15:20:00+00:00,33,1,750,16636.0,16637.25,16632.75,16634.75,1048,NQ.v.0
2023-12-13 15:21:00+00:00,33,1,750,16634.75,16637.0,16629.75,16630.5,741,NQ.v.0
2023-12-13 15:22:00+00:00,33,1,750,16630.5,16632.75,16625.25,16630.75,1102,NQ.v.0
2023-12-13 15:23:00+00:00,33,1,750,16631.25,16636.5,16629.0,16636.0,650,NQ.v.0
2023-12-13 15:24:00+00:00,33,1,750,16636.0,16636.5,16634.0,16634.75,456,NQ.v.0
2023-12-13 15:25:00+00:00,33,1,750,16634.75,16635.5,16626.25,16627.25,1020,NQ.v.0
2023-12-13 15:26:00+00:00,33,1,750,16627.0,16632.0,16623.0,16625.25,1795,NQ.v.0
2023-12-13 15:27:00+00:00,33,1,750,16625.25,16626.75,16620.25,16621.75,1037,NQ.v.0
2023-12-13 15:28:00+00:00,33,1,750,16622.0,16627.75,16621.5,16627.0,795,NQ.v.0
2023-12-13 15:29:00+00:00,33,1,750,16626.75,16630.25,16623.75,16628.0,738,NQ.v.0
2023-12-13 15:30:00+00:00,33,1,750,16628.0,16631.25,16625.0,16629.5,880,NQ.v.0
2023-12-13 15:31:00+00:00,33,1,750,16629.5,16635.0,16628.0,16634.75,1120,NQ.v.0
2023-12-13 15:32:00+00:00,33,1,750,16634.5,16635.25,16632.75,16634.0,660,NQ.v.0
2023-12-13 15:33:00+00:00,33,1,750,16634.0,16634.25,16628.25,16629.25,692,NQ.v.0
2023-12-13 15:34:00+00:00,33,1,750,16629.0,16630.25,16617.0,16623.0,1893,NQ.v.0
2023-12-13 15:35:00+00:00,33,1,750,16623.25,16627.5,16622.0,16626.75,824,NQ.v.0
2023-12-13 15:36:00+00:00,33,1,750,16627.0,16634.25,16626.75,16631.75,1111,NQ.v.0
2023-12-13 15:37:00+00:00,33,1,750,16631.75,16636.0,16630.5,16635.25,908,NQ.v.0
2023-12-13 15:38:00+00:00,33,1,750,16635.25,16639.0,16634.0,16637.75,1248,NQ.v.0
2023-12-13 15:39:00+00:00,33,1,750,16637.5,16640.25,16634.75,16635.0,1110,NQ.v.0
2023-12-13 15:40:00+00:00,33,1,750,16635.25,16638.5,16633.5,16636.25,677,NQ.v.0
2023-12-13 15:41:00+00:00,33,1,750,16636.25,16638.5,16633.0,16637.5,977,NQ.v.0
2023-12-13 15:42:00+00:00,33,1,750,16637.25,16640.25,16635.75,16638.75,824,NQ.v.0
2023-12-13 15:43:00+00:00,33,1,750,16638.5,16640.75,16634.0,16634.25,1306,NQ.v.0
2023-12-13 15:44:00+00:00,33,1,750,16634.0,16641.75,16632.25,16640.0,1138,NQ.v.0
2023-12-13 15:45:00+00:00,33,1,750,16640.25,16642.5,16638.0,16640.5,907,NQ.v.0
2023-12-13 15:46:00+00:00,33,1,750,16641.0,16647.5,16640.5,16645.0,1245,NQ.v.0
2023-12-13 15:47:00+00:00,33,1,750,16644.75,16645.0,16637.75,16641.25,1164,NQ.v.0
2023-12-13 15:48:00+00:00,33,1,750,16641.0,16641.25,16636.25,16639.0,595,NQ.v.0
2023-12-13 15:49:00+00:00,33,1,750,16638.75,16641.0,16635.75,16640.75,796,NQ.v.0
2023-12-13 15:50:00+00:00,33,1,750,16640.75,16641.0,16632.25,16633.0,1016,NQ.v.0
2023-12-13 15:51:00+00:00,33,1,750,16633.0,16634.25,16629.0,16632.5,1138,NQ.v.0
2023-12-13 15:52:00+00:00,33,1,750,16632.5,16635.75,16628.5,16634.5,1029,NQ.v.0
2023-12-13 15:53:00+00:00,33,1,750,16634.5,16636.25,16626.25,16627.25,974,NQ.v.0
2023-12-13 15:54:00+00:00,33,1,750,16627.5,16628.75,16624.5,16625.75,907,NQ.v.0
2023-12-13 15:55:00+00:00,33,1,750,16626.0,16626.5,16621.0,16625.75,1107,NQ.v.0
2023-12-13 15:56:00+00:00,33,1,750,16626.0,16632.75,16624.25,16630.75,1026,NQ.v.0
2023-12-13 15:57:00+00:00,33,1,750,16630.75,16634.0,16630.0,16632.0,506,NQ.v.0
2023-12-13 15:58:00+00:00,33,1,750,16632.0,16632.5,16627.75,16629.25,664,NQ.v.0
2023-12-13 15:59:00+00:00,33,1,750,16629.5,16631.25,16628.0,16629.25,411,NQ.v.0
2023-12-13 16:00:00+00:00,33,1,750,16629.0,16634.25,16629.0,16633.75,879,NQ.v.0
2023-12-13 16:01:00+00:00,33,1,750,16633.75,16640.25,16632.5,16639.0,1167,NQ.v.0
2023-12-13 16:02:00+00:00,33,1,750,16639.25,16639.25,16633.75,16635.25,809,NQ.v.0
2023-12-13 16:03:00+00:00,33,1,750,16635.5,16635.5,16630.75,16634.0,824,NQ.v.0
2023-12-13 16:04:00+00:00,33,1,750,16634.25,16636.5,16631.75,16633.0,633,NQ.v.0
2023-12-13 16:05:00+00:00,33,1,750,16633.25,16633.25,16624.25,16625.5,1564,NQ.v.0
2023-12-13 16:06:00+00:00,33,1,750,16626.0,16626.0,16620.25,16623.5,1536,NQ.v.0
2023-12-13 16:07:00+00:00,33,1,750,16623.5,16624.25,16619.0,16622.0,1072,NQ.v.0
2023-12-13 16:08:00+00:00,33,1,750,16621.75,16625.75,16620.5,16625.0,645,NQ.v.0
2023-12-13 16:09:00+00:00,33,1,750,16624.75,16625.75,16619.75,16621.25,813,NQ.v.0
2023-12-13 16:10:00+00:00,33,1,750,16621.25,16624.0,16618.25,16618.75,920,NQ.v.0
2023-12-13 16:11:00+00:00,33,1,750,16619.0,16620.25,16612.75,16617.0,1457,NQ.v.0
2023-12-13 16:12:00+00:00,33,1,750,16617.0,16621.5,16615.0,16615.0,724,NQ.v.0
2023-12-13 16:13:00+00:00,33,1,750,16615.5,16617.75,16612.25,16614.25,918,NQ.v.0
2023-12-13 16:14:00+00:00,33,1,750,16614.25,16618.75,16614.0,16618.25,545,NQ.v.0
2023-12-13 16:15:00+00:00,33,1,750,16618.25,16620.5,16616.25,16617.0,707,NQ.v.0
2023-12-13 16:16:00+00:00,33,1,750,16616.75,16621.0,16616.25,16618.5,699,NQ.v.0
2023-12-13 16:17:00+00:00,33,1,750,16618.25,16622.25,16615.0,16621.5,962,NQ.v.0
2023-12-13 16:18:00+00:00,33,1,750,16622.0,16623.75,16617.5,16618.25,890,NQ.v.0
2023-12-13 16:19:00+00:00,33,1,750,16618.5,16618.5,16614.0,16614.5,885,NQ.v.0
2023-12-13 16:20:00+00:00,33,1,750,16614.5,16617.25,16610.0,16613.75,1401,NQ.v.0
2023-12-13 16:21:00+00:00,33,1,750,16613.75,16621.25,16613.0,16618.25,987,NQ.v.0
2023-12-13 16:22:00+00:00,33,1,750,16618.25,16621.0,16607.5,16609.5,1329,NQ.v.0
2023-12-13 16:23:00+00:00,33,1,750,16609.75,16609.75,16604.75,16606.5,1320,NQ.v.0
2023-12-13 16:24:00+00:00,33,1,750,16606.75,16607.5,16603.5,16604.25,996,NQ.v.0
2023-12-13 16:25:00+00:00,33,1,750,16604.25,16607.0,16599.75,16601.0,1758,NQ.v.0
2023-12-13 16:26:00+00:00,33,1,750,16600.75,16604.0,16600.0,16602.25,859,NQ.v.0
2023-12-13 16:27:00+00:00,33,1,750,16601.75,16605.75,16601.5,16605.25,1088,NQ.v.0
2023-12-13 16:28:00+00:00,33,1,750,16605.0,16611.25,16603.25,16609.5,1190,NQ.v.0
2023-12-13 16:29:00+00:00,33,1,750,16609.25,16611.5,16607.0,16608.0,883,NQ.v.0
2023-12-13 16:30:00+00:00,33,1,750,16608.0,16615.5,16607.25,16614.0,1280,NQ.v.0
2023-12-13 16:31:00+00:00,33,1,750,16614.25,16620.0,16614.25,16619.75,1276,NQ.v.0
2023-12-13 16:32:00+00:00,33,1,750,16619.75,16619.75,16615.75,16617.0,788,NQ.v.0
2023-12-13 16:33:00+00:00,33,1,750,16616.75,16619.25,16615.25,16618.0,664,NQ.v.0
2023-12-13 16:34:00+00:00,33,1,750,16618.0,16618.5,16603.75,16607.5,1654,NQ.v.0
2023-12-13 16:35:00+00:00,33,1,750,16607.75,16611.5,16603.0,16608.25,1090,NQ.v.0
2023-12-13 16:36:00+00:00,33,1,750,16608.0,16611.25,16605.25,16611.25,473,NQ.v.0
2023-12-13 16:37:00+00:00,33,1,750,16610.75,16611.5,16606.5,16609.25,461,NQ.v.0
2023-12-13 16:38:00+00:00,33,1,750,16609.25,16609.25,16601.75,16603.25,803,NQ.v.0
2023-12-13 16:39:00+00:00,33,1,750,16603.25,16606.5,16601.5,16605.75,602,NQ.v.0
2023-12-13 16:40:00+00:00,33,1,750,16605.5,16608.75,16603.5,16608.75,697,NQ.v.0
2023-12-13 16:41:00+00:00,33,1,750,16609.0,16611.25,16605.25,16607.75,800,NQ.v.0
2023-12-13 16:42:00+00:00,33,1,750,16607.75,16610.5,16606.5,16607.25,459,NQ.v.0
2023-12-13 16:43:00+00:00,33,1,750,16607.5,16614.5,16607.25,16613.75,608,NQ.v.0
2023-12-13 16:44:00+00:00,33,1,750,16614.0,16615.5,16611.5,16611.5,709,NQ.v.0
2023-12-13 16:45:00+00:00,33,1,750,16611.25,16614.75,16610.75,16613.5,431,NQ.v.0
2023-12-13 16:46:00+00:00,33,1,750,16613.75,16614.0,16604.75,16605.25,654,NQ.v.0
2023-12-13 16:47:00+00:00,33,1,750,16605.0,16611.25,16605.0,16610.5,462,NQ.v.0
2023-12-13 16:48:00+00:00,33,1,750,16610.5,16611.75,16607.5,16610.75,408,NQ.v.0
2023-12-13 16:49:00+00:00,33,1,750,16611.0,16611.0,16608.25,16608.25,255,NQ.v.0
2023-12-13 16:50:00+00:00,33,1,750,16608.75,16611.75,16607.75,16610.75,281,NQ.v.0
2023-12-13 16:51:00+00:00,33,1,750,16610.5,16611.0,16605.5,16605.75,478,NQ.v.0
2023-12-13 16:52:00+00:00,33,1,750,16605.75,16608.25,16597.25,16601.75,1421,NQ.v.0
2023-12-13 16:53:00+00:00,33,1,750,16601.75,16609.0,16600.75,16608.5,983,NQ.v.0
2023-12-13 16:54:00+00:00,33,1,750,16608.25,16610.5,16606.25,16609.25,547,NQ.v.0
2023-12-13 16:55:00+00:00,33,1,750,16609.5,16610.0,16604.5,16606.25,564,NQ.v.0
2023-12-13 16:56:00+00:00,33,1,750,16606.0,16606.5,16601.75,16603.5,741,NQ.v.0
2023-12-13 16:57:00+00:00,33,1,750,16603.5,16605.25,16600.25,16601.0,593,NQ.v.0
2023-12-13 16:58:00+00:00,33,1,750,16601.25,16603.5,16598.25,16603.5,825,NQ.v.0
2023-12-13 16:59:00+00:00,33,1,750,16603.75,16604.0,16600.75,16601.25,398,NQ.v.0
2023-12-13 17:00:00+00:00,33,1,750,16602.0,16606.25,16598.25,16605.5,998,NQ.v.0
2023-12-13 17:01:00+00:00,33,1,750,16605.5,16606.25,16599.0,16600.0,661,NQ.v.0
2023-12-13 17:02:00+00:00,33,1,750,16600.0,16600.75,16594.5,16598.75,1291,NQ.v.0
2023-12-13 17:03:00+00:00,33,1,750,16598.5,16600.5,16595.0,16595.0,495,NQ.v.0
2023-12-13 17:04:00+00:00,33,1,750,16594.75,16598.25,16592.25,16596.5,1197,NQ.v.0
2023-12-13 17:05:00+00:00,33,1,750,16596.5,16599.0,16592.0,16593.5,707,NQ.v.0
2023-12-13 17:06:00+00:00,33,1,750,16593.25,16596.0,16590.25,16595.75,1196,NQ.v.0
2023-12-13 17:07:00+00:00,33,1,750,16595.5,16596.75,16593.5,16594.75,589,NQ.v.0
2023-12-13 17:08:00+00:00,33,1,750,16594.75,16599.75,16594.25,16599.5,901,NQ.v.0
2023-12-13 17:09:00+00:00,33,1,750,16599.25,16601.5,16596.0,16599.75,747,NQ.v.0
2023-12-13 17:10:00+00:00,33,1,750,16600.25,16605.0,16598.75,16604.25,808,NQ.v.0
2023-12-13 17:11:00+00:00,33,1,750,16604.25,16604.75,16600.75,16601.5,558,NQ.v.0
2023-12-13 17:12:00+00:00,33,1,750,16601.5,16607.5,16600.5,16604.25,786,NQ.v.0
2023-12-13 17:13:00+00:00,33,1,750,16604.25,16605.0,16602.25,16603.5,427,NQ.v.0
2023-12-13 17:14:00+00:00,33,1,750,16603.25,16605.25,16602.0,16604.75,348,NQ.v.0
2023-12-13 17:15:00+00:00,33,1,750,16604.75,16607.0,16604.0,16607.0,435,NQ.v.0
2023-12-13 17:16:00+00:00,33,1,750,16607.0,16607.0,16602.0,16604.5,586,NQ.v.0
2023-12-13 17:17:00+00:00,33,1,750,16604.75,16606.25,16602.5,16603.5,458,NQ.v.0
2023-12-13 17:18:00+00:00,33,1,750,16603.25,16605.75,16601.5,16604.75,428,NQ.v.0
2023-12-13 17:19:00+00:00,33,1,750,16605.0,16607.5,16604.25,16606.0,474,NQ.v.0
2023-12-13 17:20:00+00:00,33,1,750,16606.25,16610.0,16605.0,16610.0,621,NQ.v.0
2023-12-13 17:21:00+00:00,33,1,750,16610.0,16611.0,16604.75,16606.75,612,NQ.v.0
2023-12-13 17:22:00+00:00,33,1,750,16607.0,16607.0,16603.0,16605.0,391,NQ.v.0
2023-12-13 17:23:00+00:00,33,1,750,16605.0,16608.75,16603.75,16605.5,741,NQ.v.0
2023-12-13 17:24:00+00:00,33,1,750,16605.5,16608.25,16604.5,16606.0,247,NQ.v.0
2023-12-13 17:25:00+00:00,33,1,750,16606.0,16606.0,16602.5,16603.25,429,NQ.v.0
2023-12-13 17:26:00+00:00,33,1,750,16603.5,16607.25,16602.75,16607.0,347,NQ.v.0
2023-12-13 17:27:00+00:00,33,1,750,16607.0,16612.5,16607.0,16610.0,935,NQ.v.0
2023-12-13 17:28:00+00:00,33,1,750,16610.0,16610.0,16605.5,16607.0,519,NQ.v.0
2023-12-13 17:29:00+00:00,33,1,750,16607.0,16607.5,16603.25,16603.75,396,NQ.v.0
2023-12-13 17:30:00+00:00,33,1,750,16603.75,16606.0,16602.75,16603.0,373,NQ.v.0
2023-12-13 17:31:00+00:00,33,1,750,16603.0,16603.5,16597.0,16598.75,925,NQ.v.0
2023-12-13 17:32:00+00:00,33,1,750,16599.0,16600.5,16596.0,16596.5,687,NQ.v.0
2023-12-13 17:33:00+00:00,33,1,750,16596.75,16601.25,16595.0,16599.25,905,NQ.v.0
2023-12-13 17:34:00+00:00,33,1,750,16599.5,16602.25,16597.75,16598.0,639,NQ.v.0
2023-12-13 17:35:00+00:00,33,1,750,16598.25,16599.25,16591.0,16594.75,1095,NQ.v.0
2023-12-13 17:36:00+00:00,33,1,750,16595.0,16600.0,16594.75,16599.75,481,NQ.v.0
2023-12-13 17:37:00+00:00,33,1,750,16599.75,16600.75,16597.75,16599.0,320,NQ.v.0
2023-12-13 17:38:00+00:00,33,1,750,16598.75,16599.5,16596.75,16598.75,222,NQ.v.0
2023-12-13 17:39:00+00:00,33,1,750,16598.75,16600.5,16598.25,16599.5,327,NQ.v.0
2023-12-13 17:40:00+00:00,33,1,750,16599.75,16600.25,16597.25,16597.75,404,NQ.v.0
2023-12-13 17:41:00+00:00,33,1,750,16597.25,16597.25,16591.5,16592.25,992,NQ.v.0
2023-12-13 17:42:00+00:00,33,1,750,16592.25,16596.5,16591.5,16595.5,370,NQ.v.0
2023-12-13 17:43:00+00:00,33,1,750,16595.25,16595.25,16588.0,16589.5,759,NQ.v.0
2023-12-13 17:44:00+00:00,33,1,750,16589.75,16594.25,16589.75,16593.5,687,NQ.v.0
2023-12-13 17:45:00+00:00,33,1,750,16593.5,16594.5,16591.0,16593.75,453,NQ.v.0
2023-12-13 17:46:00+00:00,33,1,750,16593.5,16594.75,16591.75,16592.5,468,NQ.v.0
2023-12-13 17:47:00+00:00,33,1,750,16592.5,16594.0,16591.75,16593.5,334,NQ.v.0
2023-12-13 17:48:00+00:00,33,1,750,16593.25,16593.75,16591.0,16593.25,257,NQ.v.0
2023-12-13 17:49:00+00:00,33,1,750,16593.5,16597.25,16592.75,16597.0,481,NQ.v.0
2023-12-13 17:50:00+00:00,33,1,750,16596.75,16600.75,16596.5,16598.75,731,NQ.v.0
2023-12-13 17:51:00+00:00,33,1,750,16599.25,16599.25,16595.5,16596.25,407,NQ.v.0
2023-12-13 17:52:00+00:00,33,1,750,16595.5,16599.0,16595.0,16596.5,376,NQ.v.0
2023-12-13 17:53:00+00:00,33,1,750,16596.75,16597.75,16594.75,16596.75,406,NQ.v.0
2023-12-13 17:54:00+00:00,33,1,750,16596.75,16597.0,16593.75,16594.75,337,NQ.v.0
2023-12-13 17:55:00+00:00,33,1,750,16594.75,16596.75,16593.0,16593.0,452,NQ.v.0
2023-12-13 17:56:00+00:00,33,1,750,16593.0,16593.0,16588.75,16589.75,825,NQ.v.0
2023-12-13 17:57:00+00:00,33,1,750,16590.0,16594.5,16589.75,16591.25,613,NQ.v.0
2023-12-13 17:58:00+00:00,33,1,750,16591.0,16593.75,16590.25,16591.75,489,NQ.v.0
2023-12-13 17:59:00+00:00,33,1,750,16592.0,16594.25,16591.75,16593.0,391,NQ.v.0
2023-12-13 18:00:00+00:00,33,1,750,16593.25,16594.0,16591.75,16592.5,322,NQ.v.0
2023-12-13 18:01:00+00:00,33,1,750,16592.25,16592.25,16589.5,16589.75,611,NQ.v.0
2023-12-13 18:02:00+00:00,33,1,750,16589.5,16590.25,16585.25,16586.0,833,NQ.v.0
2023-12-13 18:03:00+00:00,33,1,750,16586.25,16589.5,16585.5,16589.0,708,NQ.v.0
2023-12-13 18:04:00+00:00,33,1,750,16589.0,16589.0,16584.25,16584.5,629,NQ.v.0
2023-12-13 18:05:00+00:00,33,1,750,16584.75,16587.5,16584.0,16586.75,648,NQ.v.0
2023-12-13 18:06:00+00:00,33,1,750,16586.5,16589.0,16585.25,16586.25,568,NQ.v.0
2023-12-13 18:07:00+00:00,33,1,750,16586.25,16587.0,16583.75,16584.5,683,NQ.v.0
2023-12-13 18:08:00+00:00,33,1,750,16584.75,16585.5,16581.0,16581.25,697,NQ.v.0
2023-12-13 18:09:00+00:00,33,1,750,16581.25,16584.25,16578.25,16582.0,1610,NQ.v.0
2023-12-13 18:10:00+00:00,33,1,750,16582.0,16583.0,16579.75,16582.5,441,NQ.v.0
2023-12-13 18:11:00+00:00,33,1,750,16582.25,16587.5,16580.75,16587.0,533,NQ.v.0
2023-12-13 18:12:00+00:00,33,1,750,16587.5,16587.75,16578.25,16582.0,871,NQ.v.0
2023-12-13 18:13:00+00:00,33,1,750,16582.25,16584.5,16580.75,16583.25,448,NQ.v.0
2023-12-13 18:14:00+00:00,33,1,750,16583.25,16585.5,16582.75,16584.5,341,NQ.v.0
2023-12-13 18:15:00+00:00,33,1,750,16585.0,16586.75,16583.75,16586.0,381,NQ.v.0
2023-12-13 18:16:00+00:00,33,1,750,16585.75,16587.0,16583.0,16583.25,403,NQ.v.0
2023-12-13 18:17:00+00:00,33,1,750,16583.0,16584.0,16576.0,16577.25,634,NQ.v.0
2023-12-13 18:18:00+00:00,33,1,750,16577.5,16580.75,16577.0,16578.5,457,NQ.v.0
2023-12-13 18:19:00+00:00,33,1,750,16578.5,16578.5,16576.25,16577.5,355,NQ.v.0
2023-12-13 18:20:00+00:00,33,1,750,16578.0,16581.75,16577.25,16581.0,456,NQ.v.0
2023-12-13 18:21:00+00:00,33,1,750,16580.5,16581.0,16576.0,16579.0,440,NQ.v.0
2023-12-13 18:22:00+00:00,33,1,750,16578.5,16581.75,16577.25,16581.0,278,NQ.v.0
2023-12-13 18:23:00+00:00,33,1,750,16580.75,16584.0,16579.5,16583.0,285,NQ.v.0
2023-12-13 18:24:00+00:00,33,1,750,16583.0,16584.0,16581.75,16583.5,291,NQ.v.0
2023-12-13 18:25:00+00:00,33,1,750,16583.5,16587.0,16583.25,16585.75,438,NQ.v.0
2023-12-13 18:26:00+00:00,33,1,750,16585.5,16586.0,16579.25,16579.25,508,NQ.v.0
2023-12-13 18:27:00+00:00,33,1,750,16579.0,16581.75,16579.0,16581.75,195,NQ.v.0
2023-12-13 18:28:00+00:00,33,1,750,16581.5,16581.5,16579.25,16580.25,215,NQ.v.0
2023-12-13 18:29:00+00:00,33,1,750,16580.25,16583.5,16579.5,16580.5,304,NQ.v.0
2023-12-13 18:30:00+00:00,33,1,750,16580.75,16583.0,16580.0,16582.75,353,NQ.v.0
2023-12-13 18:31:00+00:00,33,1,750,16583.0,16587.25,16581.5,16586.75,429,NQ.v.0
2023-12-13 18:32:00+00:00,33,1,750,16586.75,16587.0,16582.25,16585.25,300,NQ.v.0
2023-12-13 18:33:00+00:00,33,1,750,16585.25,16585.75,16583.25,16583.75,269,NQ.v.0
2023-12-13 18:34:00+00:00,33,1,750,16583.75,16585.5,16583.25,16585.25,394,NQ.v.0
2023-12-13 18:35:00+00:00,33,1,750,16585.5,16587.25,16584.25,16585.5,459,NQ.v.0
2023-12-13 18:36:00+00:00,33,1,750,16585.5,16585.75,16583.0,16585.25,281,NQ.v.0
2023-12-13 18:37:00+00:00,33,1,750,16585.0,16587.25,16583.25,16586.5,310,NQ.v.0
2023-12-13 18:38:00+00:00,33,1,750,16586.75,16588.75,16583.5,16586.75,471,NQ.v.0
2023-12-13 18:39:00+00:00,33,1,750,16587.0,16587.25,16584.5,16586.75,223,NQ.v.0
2023-12-13 18:40:00+00:00,33,1,750,16587.25,16591.25,16587.0,16591.0,350,NQ.v.0
2023-12-13 18:41:00+00:00,33,1,750,16591.25,16592.5,16588.0,16588.0,742,NQ.v.0
2023-12-13 18:42:00+00:00,33,1,750,16587.75,16588.75,16585.0,16585.5,460,NQ.v.0
2023-12-13 18:43:00+00:00,33,1,750,16585.75,16588.0,16585.0,16586.75,280,NQ.v.0
2023-12-13 18:44:00+00:00,33,1,750,16586.75,16589.5,16585.5,16589.0,320,NQ.v.0
2023-12-13 18:45:00+00:00,33,1,750,16589.0,16593.0,16588.75,16593.0,556,NQ.v.0
2023-12-13 18:46:00+00:00,33,1,750,16593.0,16594.75,16590.5,16594.75,508,NQ.v.0
2023-12-13 18:47:00+00:00,33,1,750,16595.0,16595.25,16592.25,16593.75,505,NQ.v.0
2023-12-13 18:48:00+00:00,33,1,750,16593.75,16595.0,16592.5,16593.5,410,NQ.v.0
2023-12-13 18:49:00+00:00,33,1,750,16593.5,16593.75,16590.75,16593.0,397,NQ.v.0
2023-12-13 18:50:00+00:00,33,1,750,16592.75,16595.75,16591.5,16595.75,310,NQ.v.0
2023-12-13 18:51:00+00:00,33,1,750,16595.5,16596.5,16590.75,16591.25,376,NQ.v.0
2023-12-13 18:52:00+00:00,33,1,750,16591.25,16595.5,16590.75,16595.0,423,NQ.v.0
2023-12-13 18:53:00+00:00,33,1,750,16595.0,16599.0,16594.5,16597.5,363,NQ.v.0
2023-12-13 18:54:00+00:00,33,1,750,16597.5,16601.5,16597.0,16599.25,596,NQ.v.0
2023-12-13 18:55:00+00:00,33,1,750,16599.25,16600.75,16599.0,16599.5,305,NQ.v.0
2023-12-13 18:56:00+00:00,33,1,750,16599.5,16599.5,16596.5,16598.75,492,NQ.v.0
2023-12-13 18:57:00+00:00,33,1,750,16598.5,16602.5,16598.25,16601.0,414,NQ.v.0
2023-12-13 18:58:00+00:00,33,1,750,16600.75,16602.25,16600.0,16601.25,317,NQ.v.0
2023-12-13 18:59:00+00:00,33,1,750,16601.5,16604.75,16590.25,16590.5,743,NQ.v.0
2023-12-13 19:00:00+00:00,33,1,750,16591.75,16650.75,16590.0,16647.5,7625,NQ.v.0
2023-12-13 19:01:00+00:00,33,1,750,16647.25,16656.25,16636.25,16646.75,5946,NQ.v.0
2023-12-13 19:02:00+00:00,33,1,750,16646.75,16663.0,16643.75,16658.5,6377,NQ.v.0
2023-12-13 19:03:00+00:00,33,1,750,16658.5,16663.5,16643.5,16660.0,4924,NQ.v.0
2023-12-13 19:04:00+00:00,33,1,750,16659.75,16669.75,16652.25,16668.0,3955,NQ.v.0
2023-12-13 19:05:00+00:00,33,1,750,16668.0,16691.25,16663.5,16690.0,4480,NQ.v.0
2023-12-13 19:06:00+00:00,33,1,750,16689.75,16690.5,16660.25,16665.75,3995,NQ.v.0
2023-12-13 19:07:00+00:00,33,1,750,16665.5,16682.5,16660.5,16677.75,2080,NQ.v.0
2023-12-13 19:08:00+00:00,33,1,750,16677.0,16681.0,16668.5,16677.25,1382,NQ.v.0
2023-12-13 19:09:00+00:00,33,1,750,16677.5,16689.5,16677.0,16688.5,1696,NQ.v.0
2023-12-13 19:10:00+00:00,33,1,750,16688.75,16695.5,16687.75,16691.75,2790,NQ.v.0
2023-12-13 19:11:00+00:00,33,1,750,16691.75,16692.5,16670.0,16675.5,3921,NQ.v.0
2023-12-13 19:12:00+00:00,33,1,750,16675.5,16677.5,16662.5,16671.0,2473,NQ.v.0
2023-12-13 19:13:00+00:00,33,1,750,16670.5,16676.5,16668.25,16673.25,851,NQ.v.0
2023-12-13 19:14:00+00:00,33,1,750,16673.5,16679.0,16671.25,16677.5,914,NQ.v.0
2023-12-13 19:15:00+00:00,33,1,750,16677.0,16684.5,16677.0,16682.5,1085,NQ.v.0
2023-12-13 19:16:00+00:00,33,1,750,16682.25,16689.5,16681.75,16686.75,1170,NQ.v.0
2023-12-13 19:17:00+00:00,33,1,750,16686.5,16689.25,16681.5,16684.0,844,NQ.v.0
2023-12-13 19:18:00+00:00,33,1,750,16684.25,16690.25,16683.0,16689.75,1325,NQ.v.0
2023-12-13 19:19:00+00:00,33,1,750,16690.0,16700.75,16686.75,16699.25,1792,NQ.v.0
2023-12-13 19:20:00+00:00,33,1,750,16699.0,16707.5,16694.5,16706.0,2006,NQ.v.0
2023-12-13 19:21:00+00:00,33,1,750,16705.75,16711.0,16701.75,16702.0,1520,NQ.v.0
2023-12-13 19:22:00+00:00,33,1,750,16702.0,16716.75,16702.0,16716.5,1566,NQ.v.0
2023-12-13 19:23:00+00:00,33,1,750,16716.5,16719.5,16714.0,16719.5,1376,NQ.v.0
2023-12-13 19:24:00+00:00,33,1,750,16719.25,16720.75,16707.0,16708.75,3242,NQ.v.0
2023-12-13 19:25:00+00:00,33,1,750,16709.0,16710.75,16687.75,16703.0,3334,NQ.v.0
2023-12-13 19:26:00+00:00,33,1,750,16702.75,16708.0,16698.25,16705.25,1050,NQ.v.0
2023-12-13 19:27:00+00:00,33,1,750,16705.25,16708.0,16700.25,16701.25,626,NQ.v.0
2023-12-13 19:28:00+00:00,33,1,750,16701.75,16703.75,16695.0,16695.75,1078,NQ.v.0
2023-12-13 19:29:00+00:00,33,1,750,16695.5,16703.25,16695.25,16697.75,816,NQ.v.0
2023-12-13 19:30:00+00:00,33,1,750,16698.0,16706.75,16694.5,16701.0,1191,NQ.v.0
2023-12-13 19:31:00+00:00,33,1,750,16701.0,16701.25,16671.25,16672.25,2542,NQ.v.0
2023-12-13 19:32:00+00:00,33,1,750,16672.5,16694.0,16670.75,16688.0,1823,NQ.v.0
2023-12-13 19:33:00+00:00,33,1,750,16687.75,16704.0,16685.0,16702.25,1655,NQ.v.0
2023-12-13 19:34:00+00:00,33,1,750,16702.0,16724.75,16700.5,16724.0,2538,NQ.v.0
2023-12-13 19:35:00+00:00,33,1,750,16724.0,16740.0,16720.0,16739.75,2833,NQ.v.0
2023-12-13 19:36:00+00:00,33,1,750,16739.75,16745.5,16730.25,16736.25,2727,NQ.v.0
2023-12-13 19:37:00+00:00,33,1,750,16736.25,16744.5,16733.25,16734.5,1586,NQ.v.0
2023-12-13 19:38:00+00:00,33,1,750,16734.75,16746.25,16733.25,16744.25,1439,NQ.v.0
2023-12-13 19:39:00+00:00,33,1,750,16744.5,16748.25,16739.0,16747.5,1166,NQ.v.0
2023-12-13 19:40:00+00:00,33,1,750,16747.5,16759.0,16744.75,16755.5,2595,NQ.v.0
2023-12-13 19:41:00+00:00,33,1,750,16755.0,16756.75,16740.0,16755.75,2279,NQ.v.0
2023-12-13 19:42:00+00:00,33,1,750,16756.0,16779.75,16754.5,16774.25,3412,NQ.v.0
2023-12-13 19:43:00+00:00,33,1,750,16775.0,16775.5,16746.25,16758.5,4284,NQ.v.0
2023-12-13 19:44:00+00:00,33,1,750,16758.5,16766.0,16742.25,16762.5,3586,NQ.v.0
2023-12-13 19:45:00+00:00,33,1,750,16763.25,16769.75,16758.25,16761.0,1421,NQ.v.0
2023-12-13 19:46:00+00:00,33,1,750,16761.25,16767.5,16757.75,16766.25,1353,NQ.v.0
2023-12-13 19:47:00+00:00,33,1,750,16766.25,16771.75,16763.0,16766.5,1192,NQ.v.0
2023-12-13 19:48:00+00:00,33,1,750,16766.25,16769.5,16744.25,16758.25,3122,NQ.v.0
2023-12-13 19:49:00+00:00,33,1,750,16758.0,16772.5,16755.75,16757.0,2159,NQ.v.0
2023-12-13 19:50:00+00:00,33,1,750,16756.5,16766.25,16747.0,16753.75,2306,NQ.v.0
2023-12-13 19:51:00+00:00,33,1,750,16753.5,16768.5,16748.25,16764.75,1162,NQ.v.0
2023-12-13 19:52:00+00:00,33,1,750,16764.0,16774.0,16763.5,16769.5,983,NQ.v.0
2023-12-13 19:53:00+00:00,33,1,750,16769.25,16773.75,16766.0,16771.25,683,NQ.v.0
2023-12-13 19:54:00+00:00,33,1,750,16772.25,16774.75,16768.25,16772.25,762,NQ.v.0
2023-12-13 19:55:00+00:00,33,1,750,16772.0,16792.25,16769.5,16786.25,3410,NQ.v.0
2023-12-13 19:56:00+00:00,33,1,750,16787.0,16787.75,16769.0,16770.75,3193,NQ.v.0
2023-12-13 19:57:00+00:00,33,1,750,16771.0,16788.25,16769.0,16775.25,3186,NQ.v.0
2023-12-13 19:58:00+00:00,33,1,750,16775.25,16779.0,16761.25,16772.75,2745,NQ.v.0
2023-12-13 19:59:00+00:00,33,1,750,16772.5,16783.25,16768.25,16772.25,1331,NQ.v.0
2023-12-13 20:00:00+00:00,33,1,750,16772.5,16781.25,16761.5,16780.0,3221,NQ.v.0
2023-12-13 20:01:00+00:00,33,1,750,16779.5,16787.0,16776.75,16783.75,1380,NQ.v.0
2023-12-13 20:02:00+00:00,33,1,750,16782.5,16789.75,16781.0,16789.25,1355,NQ.v.0
2023-12-13 20:03:00+00:00,33,1,750,16789.25,16797.25,16783.0,16795.0,1704,NQ.v.0
2023-12-13 20:04:00+00:00,33,1,750,16794.75,16805.75,16788.25,16803.0,2242,NQ.v.0
2023-12-13 20:05:00+00:00,33,1,750,16802.75,16806.5,16790.0,16799.5,3421,NQ.v.0
2023-12-13 20:06:00+00:00,33,1,750,16800.0,16803.0,16793.5,16794.75,1529,NQ.v.0
2023-12-13 20:07:00+00:00,33,1,750,16794.25,16798.5,16782.0,16792.5,1856,NQ.v.0
2023-12-13 20:08:00+00:00,33,1,750,16792.75,16795.25,16780.0,16795.0,3224,NQ.v.0
2023-12-13 20:09:00+00:00,33,1,750,16794.75,16796.0,16779.5,16789.5,2125,NQ.v.0
2023-12-13 20:10:00+00:00,33,1,750,16789.5,16790.5,16759.25,16761.25,5352,NQ.v.0
2023-12-13 20:11:00+00:00,33,1,750,16761.5,16773.75,16757.5,16762.0,2361,NQ.v.0
2023-12-13 20:12:00+00:00,33,1,750,16761.5,16768.25,16753.5,16757.25,1351,NQ.v.0
2023-12-13 20:13:00+00:00,33,1,750,16757.5,16772.25,16757.5,16768.75,1220,NQ.v.0
2023-12-13 20:14:00+00:00,33,1,750,16768.75,16769.0,16750.0,16754.0,1387,NQ.v.0
2023-12-13 20:15:00+00:00,33,1,750,16753.5,16758.75,16742.0,16751.0,1983,NQ.v.0
2023-12-13 20:16:00+00:00,33,1,750,16751.25,16762.0,16749.25,16753.5,1444,NQ.v.0
2023-12-13 20:17:00+00:00,33,1,750,16752.75,16758.0,16747.25,16752.25,1186,NQ.v.0
2023-12-13 20:18:00+00:00,33,1,750,16752.25,16763.25,16748.25,16751.5,2161,NQ.v.0
2023-12-13 20:19:00+00:00,33,1,750,16752.0,16753.75,16739.0,16742.25,1688,NQ.v.0
2023-12-13 20:20:00+00:00,33,1,750,16742.5,16750.0,16732.0,16742.75,2305,NQ.v.0
2023-12-13 20:21:00+00:00,33,1,750,16742.75,16749.75,16734.75,16738.0,1378,NQ.v.0
2023-12-13 20:22:00+00:00,33,1,750,16737.0,16737.25,16728.5,16730.75,1580,NQ.v.0
2023-12-13 20:23:00+00:00,33,1,750,16730.25,16730.75,16709.0,16711.0,3000,NQ.v.0
2023-12-13 20:24:00+00:00,33,1,750,16710.75,16713.5,16693.25,16693.75,3323,NQ.v.0
2023-12-13 20:25:00+00:00,33,1,750,16694.25,16696.25,16685.5,16687.5,2531,NQ.v.0
2023-12-13 20:26:00+00:00,33,1,750,16687.75,16693.5,16681.75,16687.0,2181,NQ.v.0
2023-12-13 20:27:00+00:00,33,1,750,16687.5,16712.5,16684.5,16709.75,3535,NQ.v.0
2023-12-13 20:28:00+00:00,33,1,750,16709.5,16716.25,16700.0,16714.75,1887,NQ.v.0
2023-12-13 20:29:00+00:00,33,1,750,16715.0,16724.25,16714.25,16720.5,1907,NQ.v.0
2023-12-13 20:30:00+00:00,33,1,750,16720.75,16722.0,16713.75,16718.75,1389,NQ.v.0
2023-12-13 20:31:00+00:00,33,1,750,16718.25,16725.5,16706.5,16725.0,2010,NQ.v.0
2023-12-13 20:32:00+00:00,33,1,750,16725.25,16732.5,16721.75,16732.25,1854,NQ.v.0
2023-12-13 20:33:00+00:00,33,1,750,16732.0,16732.75,16725.75,16727.5,958,NQ.v.0
2023-12-13 20:34:00+00:00,33,1,750,16727.75,16731.0,16722.25,16729.5,1071,NQ.v.0
2023-12-13 20:35:00+00:00,33,1,750,16729.5,16745.25,16728.5,16741.75,2088,NQ.v.0
2023-12-13 20:36:00+00:00,33,1,750,16741.75,16751.5,16741.5,16744.5,2134,NQ.v.0
2023-12-13 20:37:00+00:00,33,1,750,16744.25,16749.0,16739.5,16742.75,1373,NQ.v.0
2023-12-13 20:38:00+00:00,33,1,750,16743.25,16748.25,16742.0,16745.25,1064,NQ.v.0
2023-12-13 20:39:00+00:00,33,1,750,16745.0,16758.5,16744.0,16758.25,1959,NQ.v.0
2023-12-13 20:40:00+00:00,33,1,750,16758.75,16759.5,16750.25,16756.0,2022,NQ.v.0
2023-12-13 20:41:00+00:00,33,1,750,16756.0,16758.0,16752.0,16753.75,1335,NQ.v.0
2023-12-13 20:42:00+00:00,33,1,750,16754.0,16758.5,16750.0,16754.25,1250,NQ.v.0
2023-12-13 20:43:00+00:00,33,1,750,16754.5,16756.5,16746.5,16754.25,1539,NQ.v.0
2023-12-13 20:44:00+00:00,33,1,750,16754.5,16756.25,16750.0,16753.5,1155,NQ.v.0
2023-12-13 20:45:00+00:00,33,1,750,16753.25,16755.0,16745.25,16752.75,1387,NQ.v.0
2023-12-13 20:46:00+00:00,33,1,750,16752.75,16754.25,16747.5,16750.75,1080,NQ.v.0
2023-12-13 20:47:00+00:00,33,1,750,16750.75,16754.0,16748.75,16751.75,1041,NQ.v.0
2023-12-13 20:48:00+00:00,33,1,750,16751.25,16751.25,16745.5,16749.0,968,NQ.v.0
2023-12-13 20:49:00+00:00,33,1,750,16749.0,16753.0,16747.0,16749.75,878,NQ.v.0
2023-12-13 20:50:00+00:00,33,1,750,16750.5,16757.5,16736.0,16736.25,2809,NQ.v.0
2023-12-13 20:51:00+00:00,33,1,750,16736.5,16738.25,16727.5,16729.75,2333,NQ.v.0
2023-12-13 20:52:00+00:00,33,1,750,16730.25,16732.0,16725.5,16731.75,1778,NQ.v.0
2023-12-13 20:53:00+00:00,33,1,750,16731.5,16742.5,16731.5,16742.0,1944,NQ.v.0
2023-12-13 20:54:00+00:00,33,1,750,16741.75,16752.0,16738.0,16750.0,2388,NQ.v.0
2023-12-13 20:55:00+00:00,33,1,750,16749.75,16756.25,16745.25,16747.25,2310,NQ.v.0
2023-12-13 20:56:00+00:00,33,1,750,16747.5,16755.0,16746.5,16754.5,1636,NQ.v.0
2023-12-13 20:57:00+00:00,33,1,750,16754.5,16764.75,16753.5,16764.75,2559,NQ.v.0
2023-12-13 20:58:00+00:00,33,1,750,16764.25,16771.25,16764.0,16770.25,2949,NQ.v.0
2023-12-13 20:59:00+00:00,33,1,750,16770.5,16782.25,16769.25,16779.5,9566,NQ.v.0
2023-12-13 21:00:00+00:00,33,1,750,16779.5,16783.5,16775.0,16780.0,4199,NQ.v.0
2023-12-13 21:01:00+00:00,33,1,750,16779.5,16786.0,16778.5,16781.75,1809,NQ.v.0
2023-12-13 21:02:00+00:00,33,1,750,16781.5,16784.25,16771.75,16773.25,1441,NQ.v.0
2023-12-13 21:03:00+00:00,33,1,750,16772.75,16776.75,16770.5,16773.75,963,NQ.v.0
2023-12-13 21:04:00+00:00,33,1,750,16773.75,16781.75,16772.0,16773.5,991,NQ.v.0
2023-12-13 21:05:00+00:00,33,1,750,16773.5,16776.75,16758.75,16760.0,1799,NQ.v.0
2023-12-13 21:06:00+00:00,33,1,750,16759.75,16762.25,16754.0,16758.25,1513,NQ.v.0
2023-12-13 21:07:00+00:00,33,1,750,16757.75,16766.0,16756.0,16761.25,873,NQ.v.0
2023-12-13 21:08:00+00:00,33,1,750,16761.0,16761.25,16757.5,16760.0,533,NQ.v.0
2023-12-13 21:09:00+00:00,33,1,750,16759.75,16762.25,16758.0,16762.25,441,NQ.v.0
2023-12-13 21:10:00+00:00,33,1,750,16762.25,16765.75,16760.75,16763.5,515,NQ.v.0
2023-12-13 21:11:00+00:00,33,1,750,16763.5,16774.25,16762.5,16772.0,763,NQ.v.0
2023-12-13 21:12:00+00:00,33,1,750,16771.5,16774.75,16771.25,16774.25,704,NQ.v.0
2023-12-13 21:13:00+00:00,33,1,750,16773.75,16777.0,16770.5,16772.75,734,NQ.v.0
2023-12-13 21:14:00+00:00,33,1,750,16772.75,16775.75,16772.0,16774.25,290,NQ.v.0
2023-12-13 21:15:00+00:00,33,1,750,16774.0,16774.75,16770.25,16771.75,357,NQ.v.0
2023-12-13 21:16:00+00:00,33,1,750,16771.75,16774.75,16771.25,16773.5,461,NQ.v.0
2023-12-13 21:17:00+00:00,33,1,750,16773.25,16774.75,16770.25,16772.25,315,NQ.v.0
2023-12-13 21:18:00+00:00,33,1,750,16772.5,16774.25,16771.25,16772.0,247,NQ.v.0
2023-12-13 21:19:00+00:00,33,1,750,16772.0,16773.75,16771.0,16772.25,174,NQ.v.0
2023-12-13 21:20:00+00:00,33,1,750,16772.25,16774.5,16772.0,16773.25,98,NQ.v.0
2023-12-13 21:21:00+00:00,33,1,750,16773.25,16774.5,16772.0,16774.0,120,NQ.v.0
2023-12-13 21:22:00+00:00,33,1,750,16774.25,16774.25,16773.0,16773.75,37,NQ.v.0
2023-12-13 21:23:00+00:00,33,1,750,16774.0,16775.5,16773.75,16773.75,107,NQ.v.0
2023-12-13 21:24:00+00:00,33,1,750,16774.0,16774.0,16773.25,16773.5,31,NQ.v.0
2023-12-13 21:25:00+00:00,33,1,750,16773.75,16775.25,16773.0,16775.0,115,NQ.v.0
2023-12-13 21:26:00+00:00,33,1,750,16774.5,16774.75,16773.0,16773.0,50,NQ.v.0
2023-12-13 21:27:00+00:00,33,1,750,16773.25,16774.5,16773.0,16773.75,130,NQ.v.0
2023-12-13 21:28:00+00:00,33,1,750,16773.75,16774.25,16771.75,16772.25,110,NQ.v.0
2023-12-13 21:29:00+00:00,33,1,750,16771.75,16772.25,16771.5,16772.25,129,NQ.v.0
2023-12-13 21:30:00+00:00,33,1,750,16772.0,16772.5,16771.5,16771.5,220,NQ.v.0
2023-12-13 21:31:00+00:00,33,1,750,16771.75,16772.25,16769.25,16770.5,173,NQ.v.0
2023-12-13 21:32:00+00:00,33,1,750,16770.75,16772.5,16770.0,16772.25,175,NQ.v.0
2023-12-13 21:33:00+00:00,33,1,750,16771.75,16772.75,16771.75,16772.5,76,NQ.v.0
2023-12-13 21:34:00+00:00,33,1,750,16772.5,16772.5,16771.25,16772.0,39,NQ.v.0
2023-12-13 21:35:00+00:00,33,1,750,16772.25,16772.25,16770.25,16770.5,70,NQ.v.0
2023-12-13 21:36:00+00:00,33,1,750,16770.0,16772.5,16769.25,16771.75,68,NQ.v.0
2023-12-13 21:37:00+00:00,33,1,750,16771.75,16771.75,16770.25,16770.5,78,NQ.v.0
2023-12-13 21:38:00+00:00,33,1,750,16770.25,16771.5,16769.75,16771.25,65,NQ.v.0
2023-12-13 21:39:00+00:00,33,1,750,16771.25,16771.5,16770.0,16770.75,78,NQ.v.0
2023-12-13 21:40:00+00:00,33,1,750,16770.5,16774.0,16770.5,16772.5,165,NQ.v.0
2023-12-13 21:41:00+00:00,33,1,750,16772.25,16772.75,16771.5,16771.5,49,NQ.v.0
2023-12-13 21:42:00+00:00,33,1,750,16771.25,16771.5,16770.25,16770.5,61,NQ.v.0
2023-12-13 21:43:00+00:00,33,1,750,16770.75,16771.25,16769.75,16771.0,73,NQ.v.0
2023-12-13 21:44:00+00:00,33,1,750,16771.0,16771.5,16770.25,16771.25,115,NQ.v.0
2023-12-13 21:45:00+00:00,33,1,750,16771.5,16771.75,16769.75,16770.0,129,NQ.v.0
2023-12-13 21:46:00+00:00,33,1,750,16770.0,16771.75,16769.5,16770.25,123,NQ.v.0
2023-12-13 21:47:00+00:00,33,1,750,16770.0,16770.5,16769.5,16769.75,79,NQ.v.0
2023-12-13 21:48:00+00:00,33,1,750,16769.75,16770.5,16769.25,16769.25,40,NQ.v.0
2023-12-13 21:49:00+00:00,33,1,750,16769.0,16769.25,16764.25,16765.5,241,NQ.v.0
2023-12-13 21:50:00+00:00,33,1,750,16765.75,16767.75,16765.75,16766.5,82,NQ.v.0
2023-12-13 21:51:00+00:00,33,1,750,16766.5,16768.0,16766.0,16766.25,119,NQ.v.0
2023-12-13 21:52:00+00:00,33,1,750,16766.25,16766.5,16763.75,16763.75,185,NQ.v.0
2023-12-13 21:53:00+00:00,33,1,750,16764.25,16764.75,16763.5,16764.75,73,NQ.v.0
2023-12-13 21:54:00+00:00,33,1,750,16765.0,16765.0,16763.5,16763.5,67,NQ.v.0
2023-12-13 21:55:00+00:00,33,1,750,16763.75,16765.25,16763.0,16763.0,91,NQ.v.0
2023-12-13 21:56:00+00:00,33,1,750,16763.25,16764.25,16763.25,16763.75,45,NQ.v.0
2023-12-13 21:57:00+00:00,33,1,750,16764.0,16764.25,16762.75,16763.25,85,NQ.v.0
2023-12-13 21:58:00+00:00,33,1,750,16763.0,16763.5,16762.0,16762.5,70,NQ.v.0
2023-12-13 21:59:00+00:00,33,1,750,16762.25,16763.5,16762.0,16762.5,67,NQ.v.0
2023-12-13 23:00:00+00:00,33,1,750,16777.5,16786.75,16775.25,16781.5,607,NQ.v.0
2023-12-13 23:01:00+00:00,33,1,750,16781.5,16787.5,16780.75,16786.75,463,NQ.v.0
2023-12-13 23:02:00+00:00,33,1,750,16787.0,16794.5,16786.75,16789.25,404,NQ.v.0
2023-12-13 23:03:00+00:00,33,1,750,16789.25,16792.75,16788.75,16788.75,204,NQ.v.0
2023-12-13 23:04:00+00:00,33,1,750,16789.75,16794.0,16787.5,16792.0,321,NQ.v.0
2023-12-13 23:05:00+00:00,33,1,750,16791.75,16796.25,16790.0,16795.25,296,NQ.v.0
2023-12-13 23:06:00+00:00,33,1,750,16794.5,16797.25,16791.75,16792.75,326,NQ.v.0
2023-12-13 23:07:00+00:00,33,1,750,16792.25,16793.5,16789.75,16791.25,211,NQ.v.0
2023-12-13 23:08:00+00:00,33,1,750,16791.5,16793.75,16790.75,16792.0,81,NQ.v.0
2023-12-13 23:09:00+00:00,33,1,750,16792.5,16794.0,16791.5,16791.75,98,NQ.v.0
2023-12-13 23:10:00+00:00,33,1,750,16792.0,16795.75,16792.0,16795.75,81,NQ.v.0
2023-12-13 23:11:00+00:00,33,1,750,16795.0,16798.0,16795.0,16796.5,177,NQ.v.0
2023-12-13 23:12:00+00:00,33,1,750,16796.5,16796.75,16795.25,16795.25,48,NQ.v.0
2023-12-13 23:13:00+00:00,33,1,750,16796.5,16796.5,16794.25,16794.75,86,NQ.v.0
2023-12-13 23:14:00+00:00,33,1,750,16794.0,16794.0,16791.25,16792.0,106,NQ.v.0
2023-12-13 23:15:00+00:00,33,1,750,16791.5,16794.75,16791.5,16792.5,109,NQ.v.0
2023-12-13 23:16:00+00:00,33,1,750,16793.25,16794.0,16790.75,16792.5,102,NQ.v.0
2023-12-13 23:17:00+00:00,33,1,750,16791.75,16791.75,16790.0,16790.5,64,NQ.v.0
2023-12-13 23:18:00+00:00,33,1,750,16790.75,16791.75,16790.0,16791.5,56,NQ.v.0
2023-12-13 23:19:00+00:00,33,1,750,16791.5,16793.0,16790.75,16792.25,33,NQ.v.0
2023-12-13 23:20:00+00:00,33,1,750,16792.0,16794.0,16792.0,16793.5,61,NQ.v.0
2023-12-13 23:21:00+00:00,33,1,750,16794.0,16796.0,16793.25,16795.5,83,NQ.v.0
2023-12-13 23:22:00+00:00,33,1,750,16795.75,16797.5,16795.25,16797.0,80,NQ.v.0
2023-12-13 23:23:00+00:00,33,1,750,16797.0,16797.0,16795.0,16795.75,72,NQ.v.0
2023-12-13 23:24:00+00:00,33,1,750,16795.75,16796.75,16795.5,16796.75,30,NQ.v.0
2023-12-13 23:25:00+00:00,33,1,750,16797.0,16797.25,16795.75,16797.0,43,NQ.v.0
2023-12-13 23:26:00+00:00,33,1,750,16797.0,16799.5,16796.0,16796.25,163,NQ.v.0
2023-12-13 23:27:00+00:00,33,1,750,16796.5,16799.25,16794.75,16798.75,108,NQ.v.0
2023-12-13 23:28:00+00:00,33,1,750,16798.25,16799.75,16798.0,16798.5,67,NQ.v.0
2023-12-13 23:29:00+00:00,33,1,750,16799.25,16801.5,16799.0,16800.25,198,NQ.v.0
2023-12-13 23:30:00+00:00,33,1,750,16800.5,16801.75,16799.0,16801.5,151,NQ.v.0
2023-12-13 23:31:00+00:00,33,1,750,16800.5,16801.0,16799.5,16800.75,70,NQ.v.0
2023-12-13 23:32:00+00:00,33,1,750,16800.75,16801.5,16799.5,16800.75,75,NQ.v.0
2023-12-13 23:33:00+00:00,33,1,750,16801.25,16802.0,16800.75,16801.5,75,NQ.v.0
2023-12-13 23:34:00+00:00,33,1,750,16800.75,16802.75,16800.75,16802.25,44,NQ.v.0
2023-12-13 23:35:00+00:00,33,1,750,16801.75,16802.5,16800.25,16802.5,69,NQ.v.0
2023-12-13 23:36:00+00:00,33,1,750,16802.5,16803.0,16800.25,16801.0,61,NQ.v.0
2023-12-13 23:37:00+00:00,33,1,750,16800.75,16803.25,16800.75,16803.0,78,NQ.v.0
2023-12-13 23:38:00+00:00,33,1,750,16803.25,16803.25,16802.0,16802.0,38,NQ.v.0
2023-12-13 23:39:00+00:00,33,1,750,16801.75,16802.5,16801.5,16802.25,50,NQ.v.0
2023-12-13 23:40:00+00:00,33,1,750,16802.5,16804.5,16801.0,16804.0,126,NQ.v.0
2023-12-13 23:41:00+00:00,33,1,750,16803.5,16804.5,16803.0,16803.0,54,NQ.v.0
2023-12-13 23:42:00+00:00,33,1,750,16803.25,16804.75,16803.0,16804.75,44,NQ.v.0
2023-12-13 23:43:00+00:00,33,1,750,16804.75,16807.75,16804.5,16806.75,268,NQ.v.0
2023-12-13 23:44:00+00:00,33,1,750,16806.75,16813.0,16806.5,16812.75,280,NQ.v.0
2023-12-13 23:45:00+00:00,33,1,750,16812.75,16812.75,16809.25,16810.0,145,NQ.v.0
2023-12-13 23:46:00+00:00,33,1,750,16809.75,16811.75,16809.0,16811.25,116,NQ.v.0
2023-12-13 23:47:00+00:00,33,1,750,16811.25,16813.5,16811.0,16813.5,106,NQ.v.0
2023-12-13 23:48:00+00:00,33,1,750,16813.25,16813.75,16812.25,16813.5,107,NQ.v.0
2023-12-13 23:49:00+00:00,33,1,750,16813.5,16814.0,16813.25,16813.5,63,NQ.v.0
2023-12-13 23:50:00+00:00,33,1,750,16813.5,16813.75,16810.5,16811.5,121,NQ.v.0
2023-12-13 23:51:00+00:00,33,1,750,16811.5,16811.75,16810.0,16810.5,51,NQ.v.0
2023-12-13 23:52:00+00:00,33,1,750,16810.5,16814.25,16810.0,16813.5,80,NQ.v.0
2023-12-13 23:53:00+00:00,33,1,750,16814.0,16816.5,16812.75,16816.0,177,NQ.v.0
2023-12-13 23:54:00+00:00,33,1,750,16816.5,16816.5,16814.25,16814.75,79,NQ.v.0
2023-12-13 23:55:00+00:00,33,1,750,16814.5,16815.25,16812.5,16813.0,60,NQ.v.0
2023-12-13 23:56:00+00:00,33,1,750,16812.75,16813.75,16812.75,16813.25,22,NQ.v.0
2023-12-13 23:57:00+00:00,33,1,750,16813.25,16813.75,16812.75,16813.0,52,NQ.v.0
2023-12-13 23:58:00+00:00,33,1,750,16813.0,16814.5,16812.75,16814.25,65,NQ.v.0
2023-12-13 23:59:00+00:00,33,1,750,16814.5,16817.75,16814.0,16816.25,72,NQ.v.0
2023-12-14 00:00:00+00:00,33,1,750,16816.0,16821.0,16815.25,16817.5,291,NQ.v.0
2023-12-14 00:01:00+00:00,33,1,750,16817.5,16820.5,16816.25,16819.5,158,NQ.v.0
2023-12-14 00:02:00+00:00,33,1,750,16819.25,16820.25,16817.25,16819.25,163,NQ.v.0
2023-12-14 00:03:00+00:00,33,1,750,16818.75,16820.25,16818.25,16819.5,111,NQ.v.0
2023-12-14 00:04:00+00:00,33,1,750,16818.75,16820.75,16818.0,16820.75,214,NQ.v.0
2023-12-14 00:05:00+00:00,33,1,750,16820.75,16823.5,16820.0,16820.25,218,NQ.v.0
2023-12-14 00:06:00+00:00,33,1,750,16820.5,16825.25,16820.5,16823.75,240,NQ.v.0
2023-12-14 00:07:00+00:00,33,1,750,16823.5,16827.5,16822.75,16825.0,179,NQ.v.0
2023-12-14 00:08:00+00:00,33,1,750,16824.75,16828.5,16824.75,16826.25,152,NQ.v.0
2023-12-14 00:09:00+00:00,33,1,750,16825.75,16825.75,16822.75,16823.75,144,NQ.v.0
2023-12-14 00:10:00+00:00,33,1,750,16823.75,16827.0,16823.5,16826.25,238,NQ.v.0
2023-12-14 00:11:00+00:00,33,1,750,16826.25,16827.75,16825.0,16827.75,168,NQ.v.0
2023-12-14 00:12:00+00:00,33,1,750,16827.5,16830.75,16827.5,16829.0,323,NQ.v.0
2023-12-14 00:13:00+00:00,33,1,750,16829.0,16831.0,16828.75,16830.25,151,NQ.v.0
2023-12-14 00:14:00+00:00,33,1,750,16830.25,16833.0,16830.25,16832.75,203,NQ.v.0
2023-12-14 00:15:00+00:00,33,1,750,16832.5,16834.0,16830.75,16833.75,406,NQ.v.0
2023-12-14 00:16:00+00:00,33,1,750,16833.75,16835.75,16830.0,16835.75,316,NQ.v.0
2023-12-14 00:17:00+00:00,33,1,750,16835.5,16840.75,16835.5,16839.0,410,NQ.v.0
2023-12-14 00:18:00+00:00,33,1,750,16838.0,16845.5,16836.75,16845.25,545,NQ.v.0
2023-12-14 00:19:00+00:00,33,1,750,16845.25,16846.25,16842.0,16842.5,310,NQ.v.0
2023-12-14 00:20:00+00:00,33,1,750,16842.25,16845.0,16841.75,16844.75,273,NQ.v.0
2023-12-14 00:21:00+00:00,33,1,750,16844.5,16844.75,16841.0,16842.25,183,NQ.v.0
2023-12-14 00:22:00+00:00,33,1,750,16842.5,16843.0,16839.0,16839.5,193,NQ.v.0
2023-12-14 00:23:00+00:00,33,1,750,16839.75,16840.75,16837.0,16839.5,222,NQ.v.0
2023-12-14 00:24:00+00:00,33,1,750,16839.75,16842.5,16839.5,16842.25,139,NQ.v.0
2023-12-14 00:25:00+00:00,33,1,750,16842.0,16843.0,16840.0,16840.75,116,NQ.v.0
2023-12-14 00:26:00+00:00,33,1,750,16841.25,16843.75,16840.5,16843.75,114,NQ.v.0
2023-12-14 00:27:00+00:00,33,1,750,16843.75,16844.75,16843.5,16844.25,146,NQ.v.0
2023-12-14 00:28:00+00:00,33,1,750,16844.25,16848.5,16843.5,16846.25,431,NQ.v.0
2023-12-14 00:29:00+00:00,33,1,750,16846.75,16850.0,16843.25,16843.5,510,NQ.v.0
2023-12-14 00:30:00+00:00,33,1,750,16843.25,16849.0,16843.0,16845.75,232,NQ.v.0
2023-12-14 00:31:00+00:00,33,1,750,16846.0,16850.0,16845.25,16848.75,183,NQ.v.0
2023-12-14 00:32:00+00:00,33,1,750,16848.25,16849.5,16846.25,16849.25,194,NQ.v.0
2023-12-14 00:33:00+00:00,33,1,750,16848.75,16849.5,16848.25,16848.75,68,NQ.v.0
2023-12-14 00:34:00+00:00,33,1,750,16848.25,16848.5,16845.75,16846.5,151,NQ.v.0
2023-12-14 00:35:00+00:00,33,1,750,16846.0,16849.5,16845.75,16847.75,281,NQ.v.0
2023-12-14 00:36:00+00:00,33,1,750,16848.25,16849.0,16844.75,16844.75,335,NQ.v.0
2023-12-14 00:37:00+00:00,33,1,750,16844.5,16847.25,16844.25,16846.75,136,NQ.v.0
2023-12-14 00:38:00+00:00,33,1,750,16846.5,16847.5,16845.5,16846.5,102,NQ.v.0
2023-12-14 00:39:00+00:00,33,1,750,16846.25,16849.0,16844.75,16848.75,220,NQ.v.0
2023-12-14 00:40:00+00:00,33,1,750,16849.0,16849.5,16846.25,16846.5,92,NQ.v.0
2023-12-14 00:41:00+00:00,33,1,750,16846.5,16847.0,16843.5,16844.5,276,NQ.v.0
2023-12-14 00:42:00+00:00,33,1,750,16844.75,16848.0,16843.75,16847.75,310,NQ.v.0
2023-12-14 00:43:00+00:00,33,1,750,16847.75,16849.75,16847.25,16848.5,185,NQ.v.0
2023-12-14 00:44:00+00:00,33,1,750,16848.5,16848.5,16847.25,16848.0,55,NQ.v.0
2023-12-14 00:45:00+00:00,33,1,750,16848.5,16849.25,16846.75,16847.25,107,NQ.v.0
2023-12-14 00:46:00+00:00,33,1,750,16847.0,16848.5,16846.0,16848.25,70,NQ.v.0
2023-12-14 00:47:00+00:00,33,1,750,16848.75,16851.75,16848.25,16851.25,457,NQ.v.0
2023-12-14 00:48:00+00:00,33,1,750,16851.25,16858.75,16851.25,16858.25,580,NQ.v.0
2023-12-14 00:49:00+00:00,33,1,750,16858.0,16860.25,16857.0,16859.75,359,NQ.v.0
2023-12-14 00:50:00+00:00,33,1,750,16859.5,16860.75,16857.5,16857.75,242,NQ.v.0
2023-12-14 00:51:00+00:00,33,1,750,16858.0,16858.25,16853.25,16856.75,317,NQ.v.0
2023-12-14 00:52:00+00:00,33,1,750,16856.5,16857.5,16854.75,16855.0,154,NQ.v.0
2023-12-14 00:53:00+00:00,33,1,750,16855.25,16857.25,16855.0,16855.25,153,NQ.v.0
2023-12-14 00:54:00+00:00,33,1,750,16855.5,16855.5,16852.25,16854.5,167,NQ.v.0
2023-12-14 00:55:00+00:00,33,1,750,16854.25,16854.25,16853.0,16853.75,67,NQ.v.0
2023-12-14 00:56:00+00:00,33,1,750,16853.5,16855.75,16853.25,16855.5,156,NQ.v.0
2023-12-14 00:57:00+00:00,33,1,750,16856.0,16858.75,16856.0,16858.75,169,NQ.v.0
2023-12-14 00:58:00+00:00,33,1,750,16858.5,16859.25,16858.0,16858.5,86,NQ.v.0
2023-12-14 00:59:00+00:00,33,1,750,16858.25,16860.0,16855.75,16859.75,196,NQ.v.0
2023-12-14 01:00:00+00:00,33,1,750,16859.75,16865.75,16857.75,16858.5,660,NQ.v.0
2023-12-14 01:01:00+00:00,33,1,750,16858.5,16860.25,16857.0,16859.25,311,NQ.v.0
2023-12-14 01:02:00+00:00,33,1,750,16859.25,16860.5,16859.0,16859.0,111,NQ.v.0
2023-12-14 01:03:00+00:00,33,1,750,16859.25,16860.25,16858.25,16860.0,102,NQ.v.0
2023-12-14 01:04:00+00:00,33,1,750,16859.25,16860.25,16858.25,16858.75,65,NQ.v.0
2023-12-14 01:05:00+00:00,33,1,750,16858.75,16862.0,16858.5,16861.5,106,NQ.v.0
2023-12-14 01:06:00+00:00,33,1,750,16862.0,16862.5,16857.25,16858.75,250,NQ.v.0
2023-12-14 01:07:00+00:00,33,1,750,16859.25,16861.25,16859.0,16860.75,96,NQ.v.0
2023-12-14 01:08:00+00:00,33,1,750,16860.75,16861.25,16859.75,16860.75,121,NQ.v.0
2023-12-14 01:09:00+00:00,33,1,750,16860.0,16860.5,16857.25,16857.75,130,NQ.v.0
2023-12-14 01:10:00+00:00,33,1,750,16857.75,16860.5,16856.5,16859.25,154,NQ.v.0
2023-12-14 01:11:00+00:00,33,1,750,16859.75,16862.0,16859.75,16861.0,126,NQ.v.0
2023-12-14 01:12:00+00:00,33,1,750,16861.0,16861.0,16858.5,16860.0,67,NQ.v.0
2023-12-14 01:13:00+00:00,33,1,750,16859.5,16860.5,16857.75,16860.5,131,NQ.v.0
2023-12-14 01:14:00+00:00,33,1,750,16860.0,16860.0,16858.5,16859.25,66,NQ.v.0
2023-12-14 01:15:00+00:00,33,1,750,16858.75,16860.5,16858.0,16859.75,90,NQ.v.0
2023-12-14 01:16:00+00:00,33,1,750,16860.0,16866.25,16860.0,16863.5,269,NQ.v.0
2023-12-14 01:17:00+00:00,33,1,750,16863.5,16864.5,16862.5,16862.75,88,NQ.v.0
2023-12-14 01:18:00+00:00,33,1,750,16863.0,16863.0,16855.75,16861.25,432,NQ.v.0
2023-12-14 01:19:00+00:00,33,1,750,16861.25,16864.25,16860.25,16863.0,211,NQ.v.0
2023-12-14 01:20:00+00:00,33,1,750,16862.5,16864.5,16860.5,16862.0,210,NQ.v.0
2023-12-14 01:21:00+00:00,33,1,750,16862.25,16865.0,16861.0,16864.5,163,NQ.v.0
2023-12-14 01:22:00+00:00,33,1,750,16864.25,16865.0,16861.0,16861.5,72,NQ.v.0
2023-12-14 01:23:00+00:00,33,1,750,16861.5,16864.0,16860.0,16863.5,122,NQ.v.0
2023-12-14 01:24:00+00:00,33,1,750,16863.75,16864.25,16862.75,16863.0,52,NQ.v.0
2023-12-14 01:25:00+00:00,33,1,750,16863.0,16863.0,16861.25,16862.0,62,NQ.v.0
2023-12-14 01:26:00+00:00,33,1,750,16861.25,16861.5,16859.25,16860.0,115,NQ.v.0
2023-12-14 01:27:00+00:00,33,1,750,16860.0,16861.75,16859.5,16861.25,73,NQ.v.0
2023-12-14 01:28:00+00:00,33,1,750,16861.5,16862.0,16860.75,16861.25,40,NQ.v.0
2023-12-14 01:29:00+00:00,33,1,750,16861.25,16862.0,16860.25,16861.25,48,NQ.v.0
2023-12-14 01:30:00+00:00,33,1,750,16861.75,16867.0,16860.5,16865.75,352,NQ.v.0
2023-12-14 01:31:00+00:00,33,1,750,16865.75,16870.5,16865.75,16870.25,337,NQ.v.0
2023-12-14 01:32:00+00:00,33,1,750,16870.25,16872.25,16870.0,16871.25,203,NQ.v.0
2023-12-14 01:33:00+00:00,33,1,750,16871.0,16878.25,16868.75,16877.25,514,NQ.v.0
2023-12-14 01:34:00+00:00,33,1,750,16877.5,16881.25,16877.25,16879.5,441,NQ.v.0
2023-12-14 01:35:00+00:00,33,1,750,16879.75,16881.25,16879.0,16881.25,187,NQ.v.0
2023-12-14 01:36:00+00:00,33,1,750,16881.5,16881.5,16878.0,16878.25,196,NQ.v.0
2023-12-14 01:37:00+00:00,33,1,750,16878.0,16879.0,16877.75,16877.75,108,NQ.v.0
2023-12-14 01:38:00+00:00,33,1,750,16877.75,16878.0,16874.5,16874.5,253,NQ.v.0
2023-12-14 01:39:00+00:00,33,1,750,16874.5,16875.5,16873.25,16874.0,177,NQ.v.0
2023-12-14 01:40:00+00:00,33,1,750,16873.5,16873.75,16870.5,16872.5,212,NQ.v.0
2023-12-14 01:41:00+00:00,33,1,750,16872.75,16873.5,16871.25,16872.75,124,NQ.v.0
2023-12-14 01:42:00+00:00,33,1,750,16873.25,16876.0,16873.0,16875.75,100,NQ.v.0
2023-12-14 01:43:00+00:00,33,1,750,16876.0,16876.75,16873.5,16874.5,166,NQ.v.0
2023-12-14 01:44:00+00:00,33,1,750,16874.25,16874.75,16873.75,16874.25,39,NQ.v.0
2023-12-14 01:45:00+00:00,33,1,750,16874.25,16874.25,16871.75,16872.25,130,NQ.v.0
2023-12-14 01:46:00+00:00,33,1,750,16871.75,16873.25,16870.5,16871.5,153,NQ.v.0
2023-12-14 01:47:00+00:00,33,1,750,16872.0,16872.5,16870.5,16871.25,100,NQ.v.0
2023-12-14 01:48:00+00:00,33,1,750,16871.0,16872.25,16870.5,16871.0,102,NQ.v.0
2023-12-14 01:49:00+00:00,33,1,750,16871.25,16872.25,16870.75,16872.25,47,NQ.v.0
2023-12-14 01:50:00+00:00,33,1,750,16872.5,16873.5,16872.25,16873.5,73,NQ.v.0
2023-12-14 01:51:00+00:00,33,1,750,16873.0,16873.75,16872.75,16873.75,54,NQ.v.0
2023-12-14 01:52:00+00:00,33,1,750,16874.0,16875.75,16874.0,16875.0,94,NQ.v.0
2023-12-14 01:53:00+00:00,33,1,750,16875.25,16876.0,16874.75,16875.0,56,NQ.v.0
2023-12-14 01:54:00+00:00,33,1,750,16875.5,16875.5,16873.25,16874.25,76,NQ.v.0
2023-12-14 01:55:00+00:00,33,1,750,16874.75,16874.75,16873.0,16873.25,82,NQ.v.0
2023-12-14 01:56:00+00:00,33,1,750,16873.75,16874.25,16873.25,16874.0,38,NQ.v.0
2023-12-14 01:57:00+00:00,33,1,750,16874.25,16876.5,16874.25,16875.75,139,NQ.v.0
2023-12-14 01:58:00+00:00,33,1,750,16876.25,16878.25,16874.5,16875.5,113,NQ.v.0
2023-12-14 01:59:00+00:00,33,1,750,16875.5,16878.5,16875.0,16878.5,122,NQ.v.0
2023-12-14 02:00:00+00:00,33,1,750,16878.5,16879.75,16877.0,16879.25,115,NQ.v.0
2023-12-14 02:01:00+00:00,33,1,750,16879.0,16880.25,16877.75,16878.25,139,NQ.v.0
2023-12-14 02:02:00+00:00,33,1,750,16878.25,16879.25,16877.75,16879.0,71,NQ.v.0
2023-12-14 02:03:00+00:00,33,1,750,16878.75,16882.5,16878.75,16882.25,154,NQ.v.0
2023-12-14 02:04:00+00:00,33,1,750,16882.0,16882.0,16880.75,16881.5,99,NQ.v.0
2023-12-14 02:05:00+00:00,33,1,750,16881.25,16881.25,16877.25,16879.5,142,NQ.v.0
2023-12-14 02:06:00+00:00,33,1,750,16879.5,16880.0,16878.5,16879.75,61,NQ.v.0
2023-12-14 02:07:00+00:00,33,1,750,16879.5,16879.5,16878.0,16878.75,81,NQ.v.0
2023-12-14 02:08:00+00:00,33,1,750,16878.75,16881.0,16878.5,16880.75,95,NQ.v.0
2023-12-14 02:09:00+00:00,33,1,750,16880.5,16881.5,16879.75,16881.25,119,NQ.v.0
2023-12-14 02:10:00+00:00,33,1,750,16881.5,16881.5,16879.0,16879.0,90,NQ.v.0
2023-12-14 02:11:00+00:00,33,1,750,16879.5,16880.75,16878.5,16879.25,118,NQ.v.0
2023-12-14 02:12:00+00:00,33,1,750,16879.25,16880.75,16878.0,16878.75,133,NQ.v.0
2023-12-14 02:13:00+00:00,33,1,750,16878.5,16881.0,16878.5,16880.5,48,NQ.v.0
2023-12-14 02:14:00+00:00,33,1,750,16881.0,16881.25,16879.25,16879.25,42,NQ.v.0
2023-12-14 02:15:00+00:00,33,1,750,16879.0,16880.25,16879.0,16880.25,62,NQ.v.0
2023-12-14 02:16:00+00:00,33,1,750,16880.0,16880.0,16878.0,16879.0,91,NQ.v.0
2023-12-14 02:17:00+00:00,33,1,750,16879.0,16879.25,16878.5,16879.0,19,NQ.v.0
2023-12-14 02:18:00+00:00,33,1,750,16879.25,16880.0,16877.25,16878.0,96,NQ.v.0
2023-12-14 02:19:00+00:00,33,1,750,16878.25,16878.25,16876.75,16877.25,49,NQ.v.0
2023-12-14 02:20:00+00:00,33,1,750,16877.25,16877.25,16875.5,16876.5,100,NQ.v.0
2023-12-14 02:21:00+00:00,33,1,750,16876.75,16878.0,16876.25,16877.75,65,NQ.v.0
2023-12-14 02:22:00+00:00,33,1,750,16877.5,16878.0,16877.0,16877.5,53,NQ.v.0
2023-12-14 02:23:00+00:00,33,1,750,16877.75,16881.25,16877.75,16880.5,86,NQ.v.0
2023-12-14 02:24:00+00:00,33,1,750,16881.0,16883.0,16879.75,16880.0,220,NQ.v.0
2023-12-14 02:25:00+00:00,33,1,750,16879.5,16882.0,16878.5,16881.75,166,NQ.v.0
2023-12-14 02:26:00+00:00,33,1,750,16882.0,16885.0,16881.0,16885.0,238,NQ.v.0
2023-12-14 02:27:00+00:00,33,1,750,16884.25,16884.75,16881.75,16882.0,167,NQ.v.0
2023-12-14 02:28:00+00:00,33,1,750,16882.25,16883.0,16881.75,16882.0,54,NQ.v.0
2023-12-14 02:29:00+00:00,33,1,750,16882.5,16882.75,16881.75,16882.5,54,NQ.v.0
2023-12-14 02:30:00+00:00,33,1,750,16882.25,16883.75,16882.25,16883.25,69,NQ.v.0
2023-12-14 02:31:00+00:00,33,1,750,16883.0,16883.25,16882.25,16882.75,61,NQ.v.0
2023-12-14 02:32:00+00:00,33,1,750,16882.75,16883.0,16879.5,16880.25,256,NQ.v.0
2023-12-14 02:33:00+00:00,33,1,750,16879.75,16880.0,16878.25,16879.5,86,NQ.v.0
2023-12-14 02:34:00+00:00,33,1,750,16879.25,16880.0,16878.5,16880.0,62,NQ.v.0
2023-12-14 02:35:00+00:00,33,1,750,16879.75,16879.75,16876.5,16877.25,99,NQ.v.0
2023-12-14 02:36:00+00:00,33,1,750,16877.25,16878.5,16876.75,16878.0,81,NQ.v.0
2023-12-14 02:37:00+00:00,33,1,750,16878.0,16880.25,16878.0,16879.25,88,NQ.v.0
2023-12-14 02:38:00+00:00,33,1,750,16879.0,16880.0,16878.25,16878.75,110,NQ.v.0
2023-12-14 02:39:00+00:00,33,1,750,16878.5,16879.75,16873.0,16874.5,281,NQ.v.0
2023-12-14 02:40:00+00:00,33,1,750,16874.75,16875.5,16872.25,16873.0,83,NQ.v.0
2023-12-14 02:41:00+00:00,33,1,750,16873.0,16873.25,16870.5,16870.5,159,NQ.v.0
2023-12-14 02:42:00+00:00,33,1,750,16871.0,16872.0,16870.5,16872.0,127,NQ.v.0
2023-12-14 02:43:00+00:00,33,1,750,16872.0,16873.25,16866.5,16866.75,261,NQ.v.0
2023-12-14 02:44:00+00:00,33,1,750,16866.75,16867.5,16863.5,16865.25,345,NQ.v.0
2023-12-14 02:45:00+00:00,33,1,750,16865.25,16866.25,16864.25,16865.75,91,NQ.v.0
2023-12-14 02:46:00+00:00,33,1,750,16865.25,16867.0,16864.5,16866.25,158,NQ.v.0
2023-12-14 02:47:00+00:00,33,1,750,16866.25,16869.25,16865.75,16869.25,131,NQ.v.0
2023-12-14 02:48:00+00:00,33,1,750,16869.25,16870.75,16867.75,16867.75,99,NQ.v.0
2023-12-14 02:49:00+00:00,33,1,750,16867.75,16869.25,16867.75,16868.5,111,NQ.v.0
2023-12-14 02:50:00+00:00,33,1,750,16869.25,16871.5,16868.5,16870.0,118,NQ.v.0
2023-12-14 02:51:00+00:00,33,1,750,16870.0,16870.0,16866.75,16868.25,133,NQ.v.0
2023-12-14 02:52:00+00:00,33,1,750,16868.5,16869.0,16867.25,16867.75,51,NQ.v.0
2023-12-14 02:53:00+00:00,33,1,750,16867.75,16869.75,16867.5,16869.5,48,NQ.v.0
2023-12-14 02:54:00+00:00,33,1,750,16869.25,16870.5,16867.5,16867.5,73,NQ.v.0
2023-12-14 02:55:00+00:00,33,1,750,16867.75,16868.5,16867.0,16867.0,33,NQ.v.0
2023-12-14 02:56:00+00:00,33,1,750,16867.75,16868.5,16867.5,16868.0,25,NQ.v.0
2023-12-14 02:57:00+00:00,33,1,750,16868.25,16869.75,16868.0,16869.5,73,NQ.v.0
2023-12-14 02:58:00+00:00,33,1,750,16869.5,16870.75,16869.25,16869.5,62,NQ.v.0
2023-12-14 02:59:00+00:00,33,1,750,16870.0,16870.5,16869.0,16869.25,34,NQ.v.0
2023-12-14 03:00:00+00:00,33,1,750,16868.75,16871.0,16868.0,16870.75,63,NQ.v.0
2023-12-14 03:01:00+00:00,33,1,750,16870.5,16871.5,16870.0,16871.25,61,NQ.v.0
2023-12-14 03:02:00+00:00,33,1,750,16871.25,16873.0,16871.25,16871.25,76,NQ.v.0
2023-12-14 03:03:00+00:00,33,1,750,16871.5,16871.75,16868.5,16868.75,67,NQ.v.0
2023-12-14 03:04:00+00:00,33,1,750,16869.0,16871.0,16869.0,16869.5,50,NQ.v.0
2023-12-14 03:05:00+00:00,33,1,750,16870.0,16871.25,16869.75,16871.0,24,NQ.v.0
2023-12-14 03:06:00+00:00,33,1,750,16871.25,16872.5,16871.0,16872.5,39,NQ.v.0
2023-12-14 03:07:00+00:00,33,1,750,16872.75,16873.5,16872.25,16872.75,53,NQ.v.0
2023-12-14 03:08:00+00:00,33,1,750,16873.0,16874.25,16873.0,16873.75,67,NQ.v.0
2023-12-14 03:09:00+00:00,33,1,750,16873.75,16874.5,16872.75,16873.25,61,NQ.v.0
2023-12-14 03:10:00+00:00,33,1,750,16873.5,16873.5,16871.75,16872.5,49,NQ.v.0
2023-12-14 03:11:00+00:00,33,1,750,16872.75,16873.75,16872.25,16872.75,58,NQ.v.0
2023-12-14 03:12:00+00:00,33,1,750,16872.5,16873.0,16871.5,16872.75,36,NQ.v.0
2023-12-14 03:13:00+00:00,33,1,750,16872.75,16873.25,16872.0,16872.5,56,NQ.v.0
2023-12-14 03:14:00+00:00,33,1,750,16872.75,16873.25,16870.25,16870.5,63,NQ.v.0
2023-12-14 03:15:00+00:00,33,1,750,16870.75,16871.0,16868.0,16868.0,81,NQ.v.0
2023-12-14 03:16:00+00:00,33,1,750,16868.25,16868.75,16866.75,16867.5,97,NQ.v.0
2023-12-14 03:17:00+00:00,33,1,750,16866.75,16867.5,16866.75,16867.5,55,NQ.v.0
2023-12-14 03:18:00+00:00,33,1,750,16867.5,16867.5,16866.25,16866.25,66,NQ.v.0
2023-12-14 03:19:00+00:00,33,1,750,16866.5,16866.5,16865.25,16865.5,103,NQ.v.0
2023-12-14 03:20:00+00:00,33,1,750,16865.75,16865.75,16863.5,16863.75,120,NQ.v.0
2023-12-14 03:21:00+00:00,33,1,750,16864.0,16864.5,16863.25,16863.75,112,NQ.v.0
2023-12-14 03:22:00+00:00,33,1,750,16863.5,16866.25,16862.25,16862.25,173,NQ.v.0
2023-12-14 03:23:00+00:00,33,1,750,16862.25,16862.25,16860.5,16860.5,135,NQ.v.0
2023-12-14 03:24:00+00:00,33,1,750,16860.75,16862.0,16859.25,16861.25,222,NQ.v.0
2023-12-14 03:25:00+00:00,33,1,750,16861.0,16861.25,16859.75,16860.25,80,NQ.v.0
2023-12-14 03:26:00+00:00,33,1,750,16860.0,16863.0,16859.5,16863.0,97,NQ.v.0
2023-12-14 03:27:00+00:00,33,1,750,16863.0,16863.0,16856.5,16857.0,251,NQ.v.0
2023-12-14 03:28:00+00:00,33,1,750,16856.75,16858.0,16855.75,16855.75,253,NQ.v.0
2023-12-14 03:29:00+00:00,33,1,750,16856.0,16856.5,16855.0,16856.0,123,NQ.v.0
2023-12-14 03:30:00+00:00,33,1,750,16856.0,16861.25,16855.5,16860.0,176,NQ.v.0
2023-12-14 03:31:00+00:00,33,1,750,16860.25,16861.5,16859.0,16861.5,82,NQ.v.0
2023-12-14 03:32:00+00:00,33,1,750,16862.0,16862.0,16860.0,16860.0,113,NQ.v.0
2023-12-14 03:33:00+00:00,33,1,750,16860.25,16861.25,16859.25,16859.5,58,NQ.v.0
2023-12-14 03:34:00+00:00,33,1,750,16859.5,16860.75,16859.25,16860.75,57,NQ.v.0
2023-12-14 03:35:00+00:00,33,1,750,16860.75,16860.75,16852.0,16855.0,357,NQ.v.0
2023-12-14 03:36:00+00:00,33,1,750,16855.0,16859.25,16855.0,16859.25,80,NQ.v.0
2023-12-14 03:37:00+00:00,33,1,750,16859.0,16859.25,16855.5,16855.5,63,NQ.v.0
2023-12-14 03:38:00+00:00,33,1,750,16855.25,16857.0,16852.75,16853.75,157,NQ.v.0
2023-12-14 03:39:00+00:00,33,1,750,16853.5,16853.5,16851.5,16853.0,130,NQ.v.0
2023-12-14 03:40:00+00:00,33,1,750,16852.75,16854.75,16852.5,16854.5,97,NQ.v.0
2023-12-14 03:41:00+00:00,33,1,750,16854.5,16857.75,16854.0,16855.75,121,NQ.v.0
2023-12-14 03:42:00+00:00,33,1,750,16855.75,16855.75,16852.0,16852.0,167,NQ.v.0
2023-12-14 03:43:00+00:00,33,1,750,16852.0,16853.0,16851.5,16852.25,91,NQ.v.0
2023-12-14 03:44:00+00:00,33,1,750,16852.0,16853.0,16851.25,16853.0,85,NQ.v.0
2023-12-14 03:45:00+00:00,33,1,750,16853.0,16853.0,16850.25,16851.0,80,NQ.v.0
2023-12-14 03:46:00+00:00,33,1,750,16851.5,16854.5,16851.0,16854.5,88,NQ.v.0
2023-12-14 03:47:00+00:00,33,1,750,16854.25,16854.5,16853.25,16854.5,34,NQ.v.0
2023-12-14 03:48:00+00:00,33,1,750,16854.75,16854.75,16853.0,16853.5,55,NQ.v.0
2023-12-14 03:49:00+00:00,33,1,750,16853.25,16855.5,16852.5,16854.75,126,NQ.v.0
2023-12-14 03:50:00+00:00,33,1,750,16854.0,16855.0,16853.0,16853.0,70,NQ.v.0
2023-12-14 03:51:00+00:00,33,1,750,16853.0,16853.75,16852.0,16853.5,43,NQ.v.0
2023-12-14 03:52:00+00:00,33,1,750,16853.75,16855.0,16853.25,16853.75,62,NQ.v.0
2023-12-14 03:53:00+00:00,33,1,750,16853.75,16855.75,16852.75,16855.25,79,NQ.v.0
2023-12-14 03:54:00+00:00,33,1,750,16855.75,16857.75,16855.5,16855.5,127,NQ.v.0
2023-12-14 03:55:00+00:00,33,1,750,16856.25,16857.75,16855.25,16857.5,44,NQ.v.0
2023-12-14 03:56:00+00:00,33,1,750,16857.25,16859.0,16856.75,16858.75,89,NQ.v.0
2023-12-14 03:57:00+00:00,33,1,750,16859.0,16859.25,16857.25,16858.0,94,NQ.v.0
2023-12-14 03:58:00+00:00,33,1,750,16858.0,16858.5,16857.75,16858.0,23,NQ.v.0
2023-12-14 03:59:00+00:00,33,1,750,16858.25,16860.75,16858.25,16860.75,91,NQ.v.0
2023-12-14 04:00:00+00:00,33,1,750,16860.5,16861.0,16859.5,16860.25,59,NQ.v.0
2023-12-14 04:01:00+00:00,33,1,750,16860.25,16861.0,16858.5,16860.25,115,NQ.v.0
2023-12-14 04:02:00+00:00,33,1,750,16860.5,16862.0,16860.25,16861.5,82,NQ.v.0
2023-12-14 04:03:00+00:00,33,1,750,16861.5,16861.5,16860.0,16861.25,54,NQ.v.0
2023-12-14 04:04:00+00:00,33,1,750,16861.75,16863.0,16861.25,16862.0,93,NQ.v.0
2023-12-14 04:05:00+00:00,33,1,750,16861.75,16863.25,16861.5,16863.0,66,NQ.v.0
2023-12-14 04:06:00+00:00,33,1,750,16862.75,16865.0,16862.75,16864.25,181,NQ.v.0
2023-12-14 04:07:00+00:00,33,1,750,16864.25,16866.25,16863.0,16864.25,283,NQ.v.0
2023-12-14 04:08:00+00:00,33,1,750,16864.5,16867.0,16863.5,16866.5,47,NQ.v.0
2023-12-14 04:09:00+00:00,33,1,750,16866.5,16868.75,16866.25,16867.25,111,NQ.v.0
2023-12-14 04:10:00+00:00,33,1,750,16867.25,16867.75,16866.75,16867.0,51,NQ.v.0
2023-12-14 04:11:00+00:00,33,1,750,16866.75,16866.75,16865.0,16866.5,99,NQ.v.0
2023-12-14 04:12:00+00:00,33,1,750,16866.25,16867.0,16865.75,16866.25,27,NQ.v.0
2023-12-14 04:13:00+00:00,33,1,750,16866.0,16867.0,16865.75,16867.0,41,NQ.v.0
2023-12-14 04:14:00+00:00,33,1,750,16866.5,16867.0,16866.25,16867.0,21,NQ.v.0
2023-12-14 04:15:00+00:00,33,1,750,16866.5,16866.5,16865.5,16866.25,47,NQ.v.0
2023-12-14 04:16:00+00:00,33,1,750,16866.25,16867.25,16865.5,16867.25,44,NQ.v.0
2023-12-14 04:17:00+00:00,33,1,750,16867.5,16867.75,16866.5,16866.75,48,NQ.v.0
2023-12-14 04:18:00+00:00,33,1,750,16866.75,16868.75,16866.75,16868.5,43,NQ.v.0
2023-12-14 04:19:00+00:00,33,1,750,16868.25,16870.75,16867.75,16870.25,122,NQ.v.0
2023-12-14 04:20:00+00:00,33,1,750,16870.0,16870.75,16869.25,16869.25,87,NQ.v.0
2023-12-14 04:21:00+00:00,33,1,750,16869.25,16870.0,16869.0,16869.75,29,NQ.v.0
2023-12-14 04:22:00+00:00,33,1,750,16869.5,16870.5,16869.25,16869.5,53,NQ.v.0
2023-12-14 04:23:00+00:00,33,1,750,16869.5,16869.75,16869.25,16869.5,21,NQ.v.0
2023-12-14 04:24:00+00:00,33,1,750,16870.0,16870.0,16869.0,16869.25,46,NQ.v.0
2023-12-14 04:25:00+00:00,33,1,750,16869.0,16869.25,16866.75,16867.25,135,NQ.v.0
2023-12-14 04:26:00+00:00,33,1,750,16867.25,16868.0,16866.0,16867.5,119,NQ.v.0
2023-12-14 04:27:00+00:00,33,1,750,16867.0,16868.0,16866.25,16867.25,61,NQ.v.0
2023-12-14 04:28:00+00:00,33,1,750,16867.75,16868.25,16867.5,16868.0,43,NQ.v.0
2023-12-14 04:29:00+00:00,33,1,750,16867.75,16867.75,16867.0,16867.75,20,NQ.v.0
2023-12-14 04:30:00+00:00,33,1,750,16867.5,16868.5,16867.0,16868.25,38,NQ.v.0
2023-12-14 04:31:00+00:00,33,1,750,16868.25,16868.5,16867.0,16868.0,28,NQ.v.0
2023-12-14 04:32:00+00:00,33,1,750,16868.25,16869.75,16868.0,16869.75,27,NQ.v.0
2023-12-14 04:33:00+00:00,33,1,750,16869.5,16870.25,16867.25,16867.75,63,NQ.v.0
2023-12-14 04:34:00+00:00,33,1,750,16867.5,16867.5,16867.0,16867.25,14,NQ.v.0
2023-12-14 04:35:00+00:00,33,1,750,16867.25,16867.25,16865.25,16865.25,108,NQ.v.0
2023-12-14 04:36:00+00:00,33,1,750,16865.25,16865.75,16864.25,16865.75,93,NQ.v.0
2023-12-14 04:37:00+00:00,33,1,750,16865.75,16867.5,16865.75,16867.5,40,NQ.v.0
2023-12-14 04:38:00+00:00,33,1,750,16867.0,16867.0,16865.25,16865.25,30,NQ.v.0
2023-12-14 04:39:00+00:00,33,1,750,16865.25,16865.5,16862.5,16863.25,95,NQ.v.0
2023-12-14 04:40:00+00:00,33,1,750,16863.25,16864.5,16862.0,16864.0,46,NQ.v.0
2023-12-14 04:41:00+00:00,33,1,750,16864.5,16867.0,16864.25,16866.25,37,NQ.v.0
2023-12-14 04:42:00+00:00,33,1,750,16866.75,16867.0,16865.5,16867.0,25,NQ.v.0
2023-12-14 04:43:00+00:00,33,1,750,16866.75,16868.25,16866.75,16867.5,34,NQ.v.0
2023-12-14 04:44:00+00:00,33,1,750,16867.25,16867.75,16866.5,16867.5,47,NQ.v.0
2023-12-14 04:45:00+00:00,33,1,750,16867.75,16868.75,16867.5,16867.5,32,NQ.v.0
2023-12-14 04:46:00+00:00,33,1,750,16868.0,16869.75,16867.25,16869.75,58,NQ.v.0
2023-12-14 04:47:00+00:00,33,1,750,16869.75,16873.0,16869.5,16872.25,174,NQ.v.0
2023-12-14 04:48:00+00:00,33,1,750,16872.5,16873.5,16871.5,16871.5,73,NQ.v.0
2023-12-14 04:49:00+00:00,33,1,750,16871.5,16872.25,16871.25,16872.25,22,NQ.v.0
2023-12-14 04:50:00+00:00,33,1,750,16872.0,16872.0,16871.0,16871.5,31,NQ.v.0
2023-12-14 04:51:00+00:00,33,1,750,16871.5,16874.0,16871.5,16872.25,109,NQ.v.0
2023-12-14 04:52:00+00:00,33,1,750,16873.0,16873.5,16872.75,16873.0,21,NQ.v.0
2023-12-14 04:53:00+00:00,33,1,750,16873.0,16875.0,16873.0,16874.25,89,NQ.v.0
2023-12-14 04:54:00+00:00,33,1,750,16874.25,16874.5,16873.0,16873.5,31,NQ.v.0
2023-12-14 04:55:00+00:00,33,1,750,16873.25,16874.0,16873.0,16873.75,42,NQ.v.0
2023-12-14 04:56:00+00:00,33,1,750,16873.5,16875.0,16873.5,16874.75,57,NQ.v.0
2023-12-14 04:57:00+00:00,33,1,750,16874.75,16874.75,16872.75,16873.75,70,NQ.v.0
2023-12-14 04:58:00+00:00,33,1,750,16873.5,16873.75,16873.0,16873.75,35,NQ.v.0
2023-12-14 04:59:00+00:00,33,1,750,16874.0,16875.25,16873.75,16875.25,32,NQ.v.0
2023-12-14 05:00:00+00:00,33,1,750,16875.75,16876.75,16873.5,16873.5,99,NQ.v.0
2023-12-14 05:01:00+00:00,33,1,750,16873.5,16873.5,16872.5,16873.5,76,NQ.v.0
2023-12-14 05:02:00+00:00,33,1,750,16873.5,16874.25,16873.5,16874.25,46,NQ.v.0
2023-12-14 05:03:00+00:00,33,1,750,16874.5,16876.5,16874.5,16875.25,72,NQ.v.0
2023-12-14 05:04:00+00:00,33,1,750,16875.0,16875.5,16874.75,16875.0,21,NQ.v.0
2023-12-14 05:05:00+00:00,33,1,750,16874.75,16874.75,16871.75,16873.0,62,NQ.v.0
2023-12-14 05:06:00+00:00,33,1,750,16873.0,16873.75,16872.0,16872.5,31,NQ.v.0
2023-12-14 05:07:00+00:00,33,1,750,16873.0,16873.75,16872.5,16873.75,32,NQ.v.0
2023-12-14 05:08:00+00:00,33,1,750,16873.5,16874.25,16873.25,16874.0,23,NQ.v.0
2023-12-14 05:09:00+00:00,33,1,750,16873.5,16874.25,16873.25,16873.25,18,NQ.v.0
2023-12-14 05:10:00+00:00,33,1,750,16872.75,16873.0,16871.75,16871.75,24,NQ.v.0
2023-12-14 05:11:00+00:00,33,1,750,16872.0,16872.5,16871.0,16872.5,24,NQ.v.0
2023-12-14 05:12:00+00:00,33,1,750,16872.75,16873.5,16872.75,16873.0,6,NQ.v.0
2023-12-14 05:13:00+00:00,33,1,750,16873.25,16874.5,16872.75,16874.25,24,NQ.v.0
2023-12-14 05:14:00+00:00,33,1,750,16874.0,16875.5,16873.75,16875.0,47,NQ.v.0
2023-12-14 05:15:00+00:00,33,1,750,16874.75,16875.0,16873.25,16873.5,36,NQ.v.0
2023-12-14 05:16:00+00:00,33,1,750,16873.75,16875.25,16873.75,16874.75,19,NQ.v.0
2023-12-14 05:17:00+00:00,33,1,750,16874.25,16874.25,16873.5,16874.25,12,NQ.v.0
2023-12-14 05:18:00+00:00,33,1,750,16873.0,16873.25,16872.5,16872.75,25,NQ.v.0
2023-12-14 05:19:00+00:00,33,1,750,16872.5,16872.5,16870.25,16871.75,87,NQ.v.0
2023-12-14 05:20:00+00:00,33,1,750,16871.75,16873.75,16871.75,16873.5,27,NQ.v.0
2023-12-14 05:21:00+00:00,33,1,750,16873.25,16873.5,16873.0,16873.5,16,NQ.v.0
2023-12-14 05:22:00+00:00,33,1,750,16872.5,16874.5,16872.5,16874.25,34,NQ.v.0
2023-12-14 05:23:00+00:00,33,1,750,16874.0,16874.0,16873.25,16873.75,22,NQ.v.0
2023-12-14 05:24:00+00:00,33,1,750,16873.5,16873.75,16873.0,16873.5,21,NQ.v.0
2023-12-14 05:25:00+00:00,33,1,750,16873.75,16874.5,16873.75,16873.75,30,NQ.v.0
2023-12-14 05:26:00+00:00,33,1,750,16873.5,16875.5,16873.0,16874.5,46,NQ.v.0
2023-12-14 05:27:00+00:00,33,1,750,16874.0,16874.25,16873.5,16873.5,19,NQ.v.0
2023-12-14 05:28:00+00:00,33,1,750,16873.5,16873.75,16873.25,16873.25,7,NQ.v.0
2023-12-14 05:29:00+00:00,33,1,750,16873.0,16873.5,16872.5,16873.5,28,NQ.v.0
2023-12-14 05:30:00+00:00,33,1,750,16873.5,16874.0,16873.25,16873.5,23,NQ.v.0
2023-12-14 05:31:00+00:00,33,1,750,16873.5,16874.0,16871.75,16871.75,69,NQ.v.0
2023-12-14 05:32:00+00:00,33,1,750,16871.75,16871.75,16870.0,16871.0,76,NQ.v.0
2023-12-14 05:33:00+00:00,33,1,750,16871.25,16873.5,16871.0,16872.5,82,NQ.v.0
2023-12-14 05:34:00+00:00,33,1,750,16872.25,16873.0,16871.25,16871.5,98,NQ.v.0
2023-12-14 05:35:00+00:00,33,1,750,16872.0,16872.0,16870.0,16870.5,125,NQ.v.0
2023-12-14 05:36:00+00:00,33,1,750,16870.5,16872.25,16870.5,16870.75,63,NQ.v.0
2023-12-14 05:37:00+00:00,33,1,750,16871.0,16871.75,16869.5,16870.75,81,NQ.v.0
2023-12-14 05:38:00+00:00,33,1,750,16871.0,16871.0,16869.0,16869.75,175,NQ.v.0
2023-12-14 05:39:00+00:00,33,1,750,16869.75,16872.5,16869.75,16872.5,44,NQ.v.0
2023-12-14 05:40:00+00:00,33,1,750,16872.75,16874.0,16872.5,16874.0,68,NQ.v.0
2023-12-14 05:41:00+00:00,33,1,750,16873.75,16873.75,16872.0,16872.5,40,NQ.v.0
2023-12-14 05:42:00+00:00,33,1,750,16872.25,16872.25,16869.5,16869.5,43,NQ.v.0
2023-12-14 05:43:00+00:00,33,1,750,16869.0,16869.75,16866.75,16867.25,117,NQ.v.0
2023-12-14 05:44:00+00:00,33,1,750,16867.75,16869.75,16867.5,16868.0,61,NQ.v.0
2023-12-14 05:45:00+00:00,33,1,750,16868.25,16870.0,16867.5,16869.0,35,NQ.v.0
2023-12-14 05:46:00+00:00,33,1,750,16869.0,16870.0,16868.75,16869.0,30,NQ.v.0
2023-12-14 05:47:00+00:00,33,1,750,16869.0,16872.0,16869.0,16871.5,54,NQ.v.0
2023-12-14 05:48:00+00:00,33,1,750,16871.5,16873.25,16870.75,16873.0,61,NQ.v.0
2023-12-14 05:49:00+00:00,33,1,750,16872.75,16873.5,16869.5,16870.0,78,NQ.v.0
2023-12-14 05:50:00+00:00,33,1,750,16870.0,16871.5,16869.5,16871.25,43,NQ.v.0
2023-12-14 05:51:00+00:00,33,1,750,16871.25,16871.75,16870.25,16870.75,35,NQ.v.0
2023-12-14 05:52:00+00:00,33,1,750,16870.5,16871.75,16870.5,16871.5,16,NQ.v.0
2023-12-14 05:53:00+00:00,33,1,750,16871.25,16874.0,16870.5,16872.5,79,NQ.v.0
2023-12-14 05:54:00+00:00,33,1,750,16872.5,16873.0,16872.0,16873.0,39,NQ.v.0
2023-12-14 05:55:00+00:00,33,1,750,16873.0,16873.75,16872.5,16873.0,40,NQ.v.0
2023-12-14 05:56:00+00:00,33,1,750,16872.75,16873.5,16872.0,16872.75,23,NQ.v.0
2023-12-14 05:57:00+00:00,33,1,750,16872.75,16873.5,16872.25,16872.75,33,NQ.v.0
2023-12-14 05:58:00+00:00,33,1,750,16872.5,16873.25,16871.75,16872.0,33,NQ.v.0
2023-12-14 05:59:00+00:00,33,1,750,16872.0,16872.5,16871.75,16872.25,39,NQ.v.0
2023-12-14 06:00:00+00:00,33,1,750,16871.75,16872.25,16868.0,16869.25,137,NQ.v.0
2023-12-14 06:01:00+00:00,33,1,750,16869.25,16870.75,16868.0,16870.25,64,NQ.v.0
2023-12-14 06:02:00+00:00,33,1,750,16870.0,16870.25,16869.0,16869.5,20,NQ.v.0
2023-12-14 06:03:00+00:00,33,1,750,16869.5,16871.0,16869.0,16871.0,19,NQ.v.0
2023-12-14 06:04:00+00:00,33,1,750,16871.0,16874.0,16870.5,16874.0,95,NQ.v.0
2023-12-14 06:05:00+00:00,33,1,750,16873.5,16874.0,16871.75,16872.75,97,NQ.v.0
2023-12-14 06:06:00+00:00,33,1,750,16873.5,16875.25,16873.25,16873.25,73,NQ.v.0
2023-12-14 06:07:00+00:00,33,1,750,16873.0,16873.0,16871.25,16871.25,38,NQ.v.0
2023-12-14 06:08:00+00:00,33,1,750,16871.0,16871.0,16868.75,16869.0,65,NQ.v.0
2023-12-14 06:09:00+00:00,33,1,750,16869.0,16870.75,16868.25,16869.75,100,NQ.v.0
2023-12-14 06:10:00+00:00,33,1,750,16869.75,16873.0,16869.75,16872.5,69,NQ.v.0
2023-12-14 06:11:00+00:00,33,1,750,16872.5,16873.5,16871.25,16871.75,79,NQ.v.0
2023-12-14 06:12:00+00:00,33,1,750,16871.75,16872.0,16870.0,16870.75,32,NQ.v.0
2023-12-14 06:13:00+00:00,33,1,750,16871.0,16872.75,16870.75,16871.75,25,NQ.v.0
2023-12-14 06:14:00+00:00,33,1,750,16872.5,16873.5,16871.75,16873.5,49,NQ.v.0
2023-12-14 06:15:00+00:00,33,1,750,16873.5,16873.5,16871.25,16872.5,127,NQ.v.0
2023-12-14 06:16:00+00:00,33,1,750,16872.5,16872.75,16870.75,16871.75,40,NQ.v.0
2023-12-14 06:17:00+00:00,33,1,750,16872.0,16873.25,16872.0,16872.75,18,NQ.v.0
2023-12-14 06:18:00+00:00,33,1,750,16872.5,16873.0,16872.0,16873.0,8,NQ.v.0
2023-12-14 06:19:00+00:00,33,1,750,16873.0,16874.5,16872.25,16874.0,125,NQ.v.0
2023-12-14 06:20:00+00:00,33,1,750,16874.25,16875.25,16874.0,16874.25,48,NQ.v.0
2023-12-14 06:21:00+00:00,33,1,750,16874.0,16874.5,16873.0,16873.25,58,NQ.v.0
2023-12-14 06:22:00+00:00,33,1,750,16873.75,16873.75,16871.5,16873.0,56,NQ.v.0
2023-12-14 06:23:00+00:00,33,1,750,16873.0,16874.25,16872.75,16874.25,18,NQ.v.0
2023-12-14 06:24:00+00:00,33,1,750,16874.5,16875.0,16873.5,16873.5,58,NQ.v.0
2023-12-14 06:25:00+00:00,33,1,750,16873.25,16876.0,16873.25,16875.5,46,NQ.v.0
2023-12-14 06:26:00+00:00,33,1,750,16875.5,16875.75,16875.0,16875.25,26,NQ.v.0
2023-12-14 06:27:00+00:00,33,1,750,16875.5,16876.0,16873.25,16873.75,48,NQ.v.0
2023-12-14 06:28:00+00:00,33,1,750,16873.5,16874.25,16873.5,16874.0,24,NQ.v.0
2023-12-14 06:29:00+00:00,33,1,750,16873.75,16874.0,16872.75,16873.25,50,NQ.v.0
2023-12-14 06:30:00+00:00,33,1,750,16873.5,16873.75,16873.0,16873.0,30,NQ.v.0
2023-12-14 06:31:00+00:00,33,1,750,16873.5,16876.0,16873.5,16874.75,63,NQ.v.0
2023-12-14 06:32:00+00:00,33,1,750,16875.5,16876.5,16874.25,16875.0,29,NQ.v.0
2023-12-14 06:33:00+00:00,33,1,750,16875.0,16875.75,16874.75,16875.25,20,NQ.v.0
2023-12-14 06:34:00+00:00,33,1,750,16875.0,16878.75,16875.0,16878.25,188,NQ.v.0
2023-12-14 06:35:00+00:00,33,1,750,16877.5,16878.5,16876.5,16877.5,78,NQ.v.0
2023-12-14 06:36:00+00:00,33,1,750,16878.0,16882.5,16878.0,16882.5,303,NQ.v.0
2023-12-14 06:37:00+00:00,33,1,750,16882.25,16882.5,16880.25,16881.5,94,NQ.v.0
2023-12-14 06:38:00+00:00,33,1,750,16881.5,16883.75,16880.25,16883.0,119,NQ.v.0
2023-12-14 06:39:00+00:00,33,1,750,16883.25,16883.5,16881.75,16882.25,134,NQ.v.0
2023-12-14 06:40:00+00:00,33,1,750,16882.25,16882.25,16878.5,16879.75,90,NQ.v.0
2023-12-14 06:41:00+00:00,33,1,750,16879.5,16880.0,16878.0,16878.0,75,NQ.v.0
2023-12-14 06:42:00+00:00,33,1,750,16878.0,16878.5,16877.0,16877.75,64,NQ.v.0
2023-12-14 06:43:00+00:00,33,1,750,16877.5,16881.25,16877.5,16879.75,80,NQ.v.0
2023-12-14 06:44:00+00:00,33,1,750,16880.0,16880.5,16879.5,16880.5,31,NQ.v.0
2023-12-14 06:45:00+00:00,33,1,750,16880.5,16880.5,16875.25,16876.75,205,NQ.v.0
2023-12-14 06:46:00+00:00,33,1,750,16876.75,16877.25,16876.0,16877.25,54,NQ.v.0
2023-12-14 06:47:00+00:00,33,1,750,16877.75,16878.75,16877.25,16877.25,45,NQ.v.0
2023-12-14 06:48:00+00:00,33,1,750,16877.25,16878.5,16876.5,16877.5,73,NQ.v.0
2023-12-14 06:49:00+00:00,33,1,750,16877.0,16877.0,16875.25,16875.5,47,NQ.v.0
2023-12-14 06:50:00+00:00,33,1,750,16875.25,16875.75,16874.0,16875.75,44,NQ.v.0
2023-12-14 06:51:00+00:00,33,1,750,16876.0,16877.0,16875.25,16877.0,29,NQ.v.0
2023-12-14 06:52:00+00:00,33,1,750,16877.0,16877.5,16876.0,16876.25,44,NQ.v.0
2023-12-14 06:53:00+00:00,33,1,750,16876.25,16876.25,16874.25,16875.5,38,NQ.v.0
2023-12-14 06:54:00+00:00,33,1,750,16875.0,16875.0,16872.75,16873.0,83,NQ.v.0
2023-12-14 06:55:00+00:00,33,1,750,16872.75,16874.25,16872.75,16874.25,73,NQ.v.0
2023-12-14 06:56:00+00:00,33,1,750,16874.75,16875.25,16874.0,16875.25,17,NQ.v.0
2023-12-14 06:57:00+00:00,33,1,750,16875.25,16876.25,16875.0,16875.75,45,NQ.v.0
2023-12-14 06:58:00+00:00,33,1,750,16875.75,16877.5,16875.5,16877.0,57,NQ.v.0
2023-12-14 06:59:00+00:00,33,1,750,16877.25,16877.75,16877.0,16877.5,41,NQ.v.0
2023-12-14 07:00:00+00:00,33,1,750,16877.25,16878.0,16872.0,16875.5,310,NQ.v.0
2023-12-14 07:01:00+00:00,33,1,750,16874.75,16875.5,16872.25,16874.5,67,NQ.v.0
2023-12-14 07:02:00+00:00,33,1,750,16874.5,16874.5,16870.0,16871.0,181,NQ.v.0
2023-12-14 07:03:00+00:00,33,1,750,16871.25,16873.0,16870.5,16872.5,77,NQ.v.0
2023-12-14 07:04:00+00:00,33,1,750,16872.5,16874.75,16870.5,16871.0,150,NQ.v.0
2023-12-14 07:05:00+00:00,33,1,750,16870.75,16872.75,16868.25,16869.5,146,NQ.v.0
2023-12-14 07:06:00+00:00,33,1,750,16869.25,16870.75,16868.5,16868.75,54,NQ.v.0
2023-12-14 07:07:00+00:00,33,1,750,16869.25,16870.0,16867.75,16869.0,75,NQ.v.0
2023-12-14 07:08:00+00:00,33,1,750,16869.0,16870.5,16868.25,16869.5,80,NQ.v.0
2023-12-14 07:09:00+00:00,33,1,750,16869.5,16871.5,16868.0,16870.75,101,NQ.v.0
2023-12-14 07:10:00+00:00,33,1,750,16871.0,16872.25,16868.25,16872.25,125,NQ.v.0
2023-12-14 07:11:00+00:00,33,1,750,16872.75,16873.25,16871.75,16872.75,66,NQ.v.0
2023-12-14 07:12:00+00:00,33,1,750,16873.0,16873.0,16869.5,16870.0,65,NQ.v.0
2023-12-14 07:13:00+00:00,33,1,750,16870.75,16872.0,16869.75,16870.0,49,NQ.v.0
2023-12-14 07:14:00+00:00,33,1,750,16870.0,16871.75,16869.25,16870.75,41,NQ.v.0
2023-12-14 07:15:00+00:00,33,1,750,16870.25,16872.0,16870.0,16870.25,50,NQ.v.0
2023-12-14 07:16:00+00:00,33,1,750,16870.5,16872.5,16870.5,16872.25,32,NQ.v.0
2023-12-14 07:17:00+00:00,33,1,750,16871.5,16872.0,16867.0,16867.5,152,NQ.v.0
2023-12-14 07:18:00+00:00,33,1,750,16867.5,16870.0,16866.75,16870.0,87,NQ.v.0
2023-12-14 07:19:00+00:00,33,1,750,16870.0,16871.5,16868.25,16870.75,64,NQ.v.0
2023-12-14 07:20:00+00:00,33,1,750,16871.0,16872.0,16870.25,16870.5,70,NQ.v.0
2023-12-14 07:21:00+00:00,33,1,750,16870.25,16872.25,16870.0,16870.5,66,NQ.v.0
2023-12-14 07:22:00+00:00,33,1,750,16871.0,16872.25,16871.0,16871.75,23,NQ.v.0
2023-12-14 07:23:00+00:00,33,1,750,16871.25,16871.5,16867.5,16867.75,82,NQ.v.0
2023-12-14 07:24:00+00:00,33,1,750,16867.25,16867.5,16866.25,16867.25,45,NQ.v.0
2023-12-14 07:25:00+00:00,33,1,750,16867.5,16868.5,16865.25,16867.25,127,NQ.v.0
2023-12-14 07:26:00+00:00,33,1,750,16867.0,16868.25,16866.25,16867.5,22,NQ.v.0
2023-12-14 07:27:00+00:00,33,1,750,16867.5,16869.25,16866.5,16867.0,78,NQ.v.0
2023-12-14 07:28:00+00:00,33,1,750,16867.0,16867.0,16861.75,16865.0,221,NQ.v.0
2023-12-14 07:29:00+00:00,33,1,750,16865.0,16865.0,16861.0,16861.0,149,NQ.v.0
2023-12-14 07:30:00+00:00,33,1,750,16861.0,16864.25,16861.0,16863.25,135,NQ.v.0
2023-12-14 07:31:00+00:00,33,1,750,16863.0,16864.25,16861.5,16862.25,50,NQ.v.0
2023-12-14 07:32:00+00:00,33,1,750,16861.75,16862.0,16856.75,16857.5,212,NQ.v.0
2023-12-14 07:33:00+00:00,33,1,750,16856.75,16857.25,16854.25,16854.5,135,NQ.v.0
2023-12-14 07:34:00+00:00,33,1,750,16854.75,16856.5,16853.5,16855.5,155,NQ.v.0
2023-12-14 07:35:00+00:00,33,1,750,16855.5,16855.75,16853.25,16854.5,105,NQ.v.0
2023-12-14 07:36:00+00:00,33,1,750,16854.25,16855.25,16853.25,16854.0,87,NQ.v.0
2023-12-14 07:37:00+00:00,33,1,750,16853.75,16856.0,16853.5,16854.5,67,NQ.v.0
2023-12-14 07:38:00+00:00,33,1,750,16854.25,16856.0,16853.25,16855.0,101,NQ.v.0
2023-12-14 07:39:00+00:00,33,1,750,16855.5,16857.25,16853.5,16854.25,148,NQ.v.0
2023-12-14 07:40:00+00:00,33,1,750,16854.75,16856.0,16853.0,16855.25,98,NQ.v.0
2023-12-14 07:41:00+00:00,33,1,750,16855.0,16857.5,16855.0,16856.75,85,NQ.v.0
2023-12-14 07:42:00+00:00,33,1,750,16857.25,16860.25,16856.75,16859.0,112,NQ.v.0
2023-12-14 07:43:00+00:00,33,1,750,16858.5,16860.0,16858.0,16859.0,92,NQ.v.0
2023-12-14 07:44:00+00:00,33,1,750,16858.75,16859.25,16857.5,16857.5,71,NQ.v.0
2023-12-14 07:45:00+00:00,33,1,750,16857.75,16858.75,16852.75,16853.5,168,NQ.v.0
2023-12-14 07:46:00+00:00,33,1,750,16853.25,16854.5,16852.5,16854.5,70,NQ.v.0
2023-12-14 07:47:00+00:00,33,1,750,16854.75,16856.0,16854.0,16854.25,77,NQ.v.0
2023-12-14 07:48:00+00:00,33,1,750,16854.75,16855.75,16853.5,16853.5,62,NQ.v.0
2023-12-14 07:49:00+00:00,33,1,750,16853.5,16857.0,16853.25,16857.0,63,NQ.v.0
2023-12-14 07:50:00+00:00,33,1,750,16857.25,16862.0,16857.25,16862.0,286,NQ.v.0
2023-12-14 07:51:00+00:00,33,1,750,16862.0,16866.5,16861.5,16864.5,249,NQ.v.0
2023-12-14 07:52:00+00:00,33,1,750,16864.5,16864.75,16861.75,16862.5,98,NQ.v.0
2023-12-14 07:53:00+00:00,33,1,750,16862.75,16862.75,16859.75,16861.5,115,NQ.v.0
2023-12-14 07:54:00+00:00,33,1,750,16861.0,16862.25,16859.25,16859.25,94,NQ.v.0
2023-12-14 07:55:00+00:00,33,1,750,16859.5,16860.75,16856.75,16858.75,145,NQ.v.0
2023-12-14 07:56:00+00:00,33,1,750,16857.75,16858.5,16856.25,16856.5,132,NQ.v.0
2023-12-14 07:57:00+00:00,33,1,750,16856.25,16856.75,16855.5,16856.25,47,NQ.v.0
2023-12-14 07:58:00+00:00,33,1,750,16855.75,16855.75,16854.0,16855.0,110,NQ.v.0
2023-12-14 07:59:00+00:00,33,1,750,16855.0,16856.5,16850.75,16851.0,373,NQ.v.0
2023-12-14 08:00:00+00:00,33,1,750,16851.5,16855.0,16850.25,16853.0,577,NQ.v.0
2023-12-14 08:01:00+00:00,33,1,750,16852.75,16857.0,16851.75,16855.5,269,NQ.v.0
2023-12-14 08:02:00+00:00,33,1,750,16855.75,16859.5,16851.0,16851.25,350,NQ.v.0
2023-12-14 08:03:00+00:00,33,1,750,16851.75,16857.0,16851.5,16855.75,192,NQ.v.0
2023-12-14 08:04:00+00:00,33,1,750,16854.75,16856.5,16850.5,16854.75,227,NQ.v.0
2023-12-14 08:05:00+00:00,33,1,750,16855.25,16859.5,16855.25,16857.25,210,NQ.v.0
2023-12-14 08:06:00+00:00,33,1,750,16857.25,16862.0,16855.5,16855.5,276,NQ.v.0
2023-12-14 08:07:00+00:00,33,1,750,16856.25,16857.5,16852.5,16854.0,177,NQ.v.0
2023-12-14 08:08:00+00:00,33,1,750,16854.0,16859.25,16853.0,16857.0,143,NQ.v.0
2023-12-14 08:09:00+00:00,33,1,750,16857.0,16858.5,16855.0,16855.75,154,NQ.v.0
2023-12-14 08:10:00+00:00,33,1,750,16856.25,16862.25,16854.5,16861.75,369,NQ.v.0
2023-12-14 08:11:00+00:00,33,1,750,16862.0,16867.75,16861.5,16867.0,322,NQ.v.0
2023-12-14 08:12:00+00:00,33,1,750,16866.75,16872.25,16866.25,16871.0,382,NQ.v.0
2023-12-14 08:13:00+00:00,33,1,750,16871.5,16873.5,16870.25,16873.5,177,NQ.v.0
2023-12-14 08:14:00+00:00,33,1,750,16873.5,16877.5,16873.5,16876.5,355,NQ.v.0
2023-12-14 08:15:00+00:00,33,1,750,16875.75,16875.75,16871.25,16872.0,285,NQ.v.0
2023-12-14 08:16:00+00:00,33,1,750,16872.0,16872.0,16858.25,16860.0,484,NQ.v.0
2023-12-14 08:17:00+00:00,33,1,750,16860.0,16861.75,16856.0,16858.75,256,NQ.v.0
2023-12-14 08:18:00+00:00,33,1,750,16858.25,16862.75,16857.25,16861.75,180,NQ.v.0
2023-12-14 08:19:00+00:00,33,1,750,16861.75,16861.75,16846.5,16849.0,520,NQ.v.0
2023-12-14 08:20:00+00:00,33,1,750,16849.5,16850.5,16843.5,16846.75,355,NQ.v.0
2023-12-14 08:21:00+00:00,33,1,750,16847.0,16851.75,16847.0,16850.5,186,NQ.v.0
2023-12-14 08:22:00+00:00,33,1,750,16849.75,16851.5,16847.75,16850.75,112,NQ.v.0
2023-12-14 08:23:00+00:00,33,1,750,16850.75,16855.25,16850.25,16853.0,179,NQ.v.0
2023-12-14 08:24:00+00:00,33,1,750,16853.5,16859.5,16852.0,16858.75,276,NQ.v.0
2023-12-14 08:25:00+00:00,33,1,750,16858.75,16859.75,16855.0,16858.0,208,NQ.v.0
2023-12-14 08:26:00+00:00,33,1,750,16858.0,16858.75,16852.25,16853.25,139,NQ.v.0
2023-12-14 08:27:00+00:00,33,1,750,16853.5,16858.0,16851.5,16854.75,170,NQ.v.0
2023-12-14 08:28:00+00:00,33,1,750,16854.75,16863.0,16854.5,16862.0,235,NQ.v.0
2023-12-14 08:29:00+00:00,33,1,750,16862.25,16864.0,16861.5,16863.5,172,NQ.v.0
2023-12-14 08:30:00+00:00,33,1,750,16863.75,16867.0,16863.5,16864.75,202,NQ.v.0
2023-12-14 08:31:00+00:00,33,1,750,16864.5,16865.0,16861.25,16861.25,225,NQ.v.0
2023-12-14 08:32:00+00:00,33,1,750,16862.0,16867.0,16860.5,16862.5,201,NQ.v.0
2023-12-14 08:33:00+00:00,33,1,750,16862.25,16863.0,16859.25,16860.5,183,NQ.v.0
2023-12-14 08:34:00+00:00,33,1,750,16860.5,16862.0,16854.75,16857.5,223,NQ.v.0
2023-12-14 08:35:00+00:00,33,1,750,16857.25,16861.5,16854.0,16859.75,165,NQ.v.0
2023-12-14 08:36:00+00:00,33,1,750,16860.0,16862.25,16855.5,16856.75,153,NQ.v.0
2023-12-14 08:37:00+00:00,33,1,750,16857.5,16858.25,16855.25,16855.5,83,NQ.v.0
2023-12-14 08:38:00+00:00,33,1,750,16856.25,16859.5,16852.75,16858.25,232,NQ.v.0
2023-12-14 08:39:00+00:00,33,1,750,16857.5,16861.75,16854.25,16860.25,174,NQ.v.0
2023-12-14 08:40:00+00:00,33,1,750,16860.5,16863.0,16857.75,16859.0,183,NQ.v.0
2023-12-14 08:41:00+00:00,33,1,750,16858.75,16863.75,16856.75,16861.5,177,NQ.v.0
2023-12-14 08:42:00+00:00,33,1,750,16861.75,16868.25,16861.5,16867.25,305,NQ.v.0
2023-12-14 08:43:00+00:00,33,1,750,16867.5,16869.5,16864.75,16868.5,175,NQ.v.0
2023-12-14 08:44:00+00:00,33,1,750,16869.0,16869.25,16866.0,16866.75,119,NQ.v.0
2023-12-14 08:45:00+00:00,33,1,750,16867.0,16868.25,16864.25,16864.75,114,NQ.v.0
2023-12-14 08:46:00+00:00,33,1,750,16864.5,16864.5,16861.0,16862.0,137,NQ.v.0
2023-12-14 08:47:00+00:00,33,1,750,16861.75,16862.5,16859.0,16860.0,147,NQ.v.0
2023-12-14 08:48:00+00:00,33,1,750,16859.75,16865.0,16859.0,16863.25,138,NQ.v.0
2023-12-14 08:49:00+00:00,33,1,750,16863.25,16866.0,16862.75,16863.25,95,NQ.v.0
2023-12-14 08:50:00+00:00,33,1,750,16863.5,16865.0,16860.0,16860.75,119,NQ.v.0
2023-12-14 08:51:00+00:00,33,1,750,16860.75,16861.25,16857.5,16861.0,196,NQ.v.0
2023-12-14 08:52:00+00:00,33,1,750,16861.25,16863.5,16861.25,16863.25,118,NQ.v.0
2023-12-14 08:53:00+00:00,33,1,750,16862.75,16866.0,16862.75,16865.25,77,NQ.v.0
2023-12-14 08:54:00+00:00,33,1,750,16865.0,16865.25,16858.75,16859.5,143,NQ.v.0
2023-12-14 08:55:00+00:00,33,1,750,16858.5,16859.75,16852.75,16852.75,320,NQ.v.0
2023-12-14 08:56:00+00:00,33,1,750,16853.0,16857.0,16850.75,16855.25,246,NQ.v.0
2023-12-14 08:57:00+00:00,33,1,750,16855.5,16855.5,16850.75,16850.75,148,NQ.v.0
2023-12-14 08:58:00+00:00,33,1,750,16850.75,16850.75,16846.0,16847.0,328,NQ.v.0
2023-12-14 08:59:00+00:00,33,1,750,16846.5,16849.75,16844.75,16849.0,154,NQ.v.0
2023-12-14 09:00:00+00:00,33,1,750,16849.25,16849.25,16843.5,16846.5,352,NQ.v.0
2023-12-14 09:01:00+00:00,33,1,750,16846.25,16846.75,16843.5,16845.0,177,NQ.v.0
2023-12-14 09:02:00+00:00,33,1,750,16844.75,16844.75,16834.5,16837.0,643,NQ.v.0
2023-12-14 09:03:00+00:00,33,1,750,16837.5,16838.75,16833.75,16834.75,241,NQ.v.0
2023-12-14 09:04:00+00:00,33,1,750,16834.5,16837.75,16833.25,16833.5,220,NQ.v.0
2023-12-14 09:05:00+00:00,33,1,750,16833.0,16835.25,16831.25,16831.75,217,NQ.v.0
2023-12-14 09:06:00+00:00,33,1,750,16831.75,16834.25,16826.75,16833.75,737,NQ.v.0
2023-12-14 09:07:00+00:00,33,1,750,16834.0,16835.0,16828.25,16830.0,239,NQ.v.0
2023-12-14 09:08:00+00:00,33,1,750,16830.5,16839.5,16830.5,16839.0,375,NQ.v.0
2023-12-14 09:09:00+00:00,33,1,750,16839.25,16840.25,16837.5,16838.75,211,NQ.v.0
2023-12-14 09:10:00+00:00,33,1,750,16838.75,16842.75,16837.75,16841.75,263,NQ.v.0
2023-12-14 09:11:00+00:00,33,1,750,16842.5,16842.75,16836.5,16838.0,164,NQ.v.0
2023-12-14 09:12:00+00:00,33,1,750,16838.25,16840.75,16834.75,16836.25,250,NQ.v.0
2023-12-14 09:13:00+00:00,33,1,750,16835.75,16836.0,16832.5,16835.0,182,NQ.v.0
2023-12-14 09:14:00+00:00,33,1,750,16835.25,16835.5,16831.75,16833.0,137,NQ.v.0
2023-12-14 09:15:00+00:00,33,1,750,16833.0,16834.75,16828.0,16833.25,293,NQ.v.0
2023-12-14 09:16:00+00:00,33,1,750,16833.5,16834.25,16828.75,16831.0,148,NQ.v.0
2023-12-14 09:17:00+00:00,33,1,750,16831.5,16835.5,16831.5,16834.75,126,NQ.v.0
2023-12-14 09:18:00+00:00,33,1,750,16835.0,16836.25,16832.5,16832.75,141,NQ.v.0
2023-12-14 09:19:00+00:00,33,1,750,16832.0,16832.0,16828.75,16830.25,114,NQ.v.0
2023-12-14 09:20:00+00:00,33,1,750,16830.0,16834.0,16827.5,16827.75,223,NQ.v.0
2023-12-14 09:21:00+00:00,33,1,750,16828.5,16831.5,16826.5,16828.5,182,NQ.v.0
2023-12-14 09:22:00+00:00,33,1,750,16828.25,16829.75,16822.75,16824.0,530,NQ.v.0
2023-12-14 09:23:00+00:00,33,1,750,16824.5,16828.75,16824.5,16827.75,211,NQ.v.0
2023-12-14 09:24:00+00:00,33,1,750,16826.75,16830.0,16826.0,16827.75,173,NQ.v.0
2023-12-14 09:25:00+00:00,33,1,750,16827.5,16831.0,16826.5,16831.0,167,NQ.v.0
2023-12-14 09:26:00+00:00,33,1,750,16830.75,16834.5,16830.5,16833.25,165,NQ.v.0
2023-12-14 09:27:00+00:00,33,1,750,16833.0,16834.0,16830.75,16831.0,188,NQ.v.0
2023-12-14 09:28:00+00:00,33,1,750,16831.0,16831.0,16827.25,16829.5,147,NQ.v.0
2023-12-14 09:29:00+00:00,33,1,750,16828.75,16830.0,16826.75,16828.0,117,NQ.v.0
2023-12-14 09:30:00+00:00,33,1,750,16828.0,16829.0,16823.5,16827.75,271,NQ.v.0
2023-12-14 09:31:00+00:00,33,1,750,16828.0,16834.25,16828.0,16834.25,295,NQ.v.0
2023-12-14 09:32:00+00:00,33,1,750,16833.25,16833.5,16830.25,16832.0,137,NQ.v.0
2023-12-14 09:33:00+00:00,33,1,750,16832.25,16833.0,16828.75,16829.25,99,NQ.v.0
2023-12-14 09:34:00+00:00,33,1,750,16829.75,16831.0,16828.5,16828.75,118,NQ.v.0
2023-12-14 09:35:00+00:00,33,1,750,16829.0,16829.0,16823.0,16825.75,209,NQ.v.0
2023-12-14 09:36:00+00:00,33,1,750,16826.25,16826.5,16823.0,16823.75,71,NQ.v.0
2023-12-14 09:37:00+00:00,33,1,750,16823.0,16828.0,16820.25,16827.75,222,NQ.v.0
2023-12-14 09:38:00+00:00,33,1,750,16827.75,16829.75,16824.75,16827.25,172,NQ.v.0
2023-12-14 09:39:00+00:00,33,1,750,16827.5,16833.0,16827.25,16832.25,244,NQ.v.0
2023-12-14 09:40:00+00:00,33,1,750,16832.25,16833.5,16831.0,16832.5,183,NQ.v.0
2023-12-14 09:41:00+00:00,33,1,750,16832.75,16834.75,16831.75,16834.25,131,NQ.v.0
2023-12-14 09:42:00+00:00,33,1,750,16834.0,16834.75,16832.0,16834.0,134,NQ.v.0
2023-12-14 09:43:00+00:00,33,1,750,16833.75,16834.25,16832.0,16832.75,100,NQ.v.0
2023-12-14 09:44:00+00:00,33,1,750,16832.5,16833.75,16830.25,16833.25,99,NQ.v.0
2023-12-14 09:45:00+00:00,33,1,750,16832.5,16832.5,16828.5,16830.5,135,NQ.v.0
2023-12-14 09:46:00+00:00,33,1,750,16830.25,16833.0,16830.0,16831.25,81,NQ.v.0
2023-12-14 09:47:00+00:00,33,1,750,16831.0,16831.0,16825.25,16826.0,144,NQ.v.0
2023-12-14 09:48:00+00:00,33,1,750,16826.25,16828.75,16825.5,16827.0,115,NQ.v.0
2023-12-14 09:49:00+00:00,33,1,750,16827.5,16830.0,16827.0,16829.75,61,NQ.v.0
2023-12-14 09:50:00+00:00,33,1,750,16829.75,16829.75,16825.0,16825.25,88,NQ.v.0
2023-12-14 09:51:00+00:00,33,1,750,16825.25,16829.5,16825.25,16829.0,109,NQ.v.0
2023-12-14 09:52:00+00:00,33,1,750,16829.25,16832.25,16829.25,16831.5,92,NQ.v.0
2023-12-14 09:53:00+00:00,33,1,750,16831.0,16832.0,16826.25,16827.75,109,NQ.v.0
2023-12-14 09:54:00+00:00,33,1,750,16827.25,16827.5,16825.75,16826.5,74,NQ.v.0
2023-12-14 09:55:00+00:00,33,1,750,16826.5,16830.25,16826.0,16830.25,61,NQ.v.0
2023-12-14 09:56:00+00:00,33,1,750,16830.25,16830.25,16826.75,16828.5,72,NQ.v.0
2023-12-14 09:57:00+00:00,33,1,750,16826.75,16829.25,16825.75,16828.5,92,NQ.v.0
2023-12-14 09:58:00+00:00,33,1,750,16828.5,16830.0,16824.25,16830.0,241,NQ.v.0
2023-12-14 09:59:00+00:00,33,1,750,16829.75,16831.25,16828.25,16831.0,93,NQ.v.0
2023-12-14 10:00:00+00:00,33,1,750,16831.25,16832.0,16829.25,16831.25,175,NQ.v.0
2023-12-14 10:01:00+00:00,33,1,750,16831.25,16831.25,16827.0,16829.75,174,NQ.v.0
2023-12-14 10:02:00+00:00,33,1,750,16829.75,16830.5,16827.25,16829.25,116,NQ.v.0
2023-12-14 10:03:00+00:00,33,1,750,16829.5,16829.5,16823.75,16829.0,207,NQ.v.0
2023-12-14 10:04:00+00:00,33,1,750,16828.75,16831.5,16828.5,16831.0,88,NQ.v.0
2023-12-14 10:05:00+00:00,33,1,750,16830.5,16831.25,16828.75,16830.25,51,NQ.v.0
2023-12-14 10:06:00+00:00,33,1,750,16830.75,16832.25,16829.0,16829.75,60,NQ.v.0
2023-12-14 10:07:00+00:00,33,1,750,16830.5,16830.5,16825.75,16827.0,65,NQ.v.0
2023-12-14 10:08:00+00:00,33,1,750,16826.0,16828.75,16826.0,16828.0,61,NQ.v.0
2023-12-14 10:09:00+00:00,33,1,750,16827.5,16829.0,16824.75,16828.75,149,NQ.v.0
2023-12-14 10:10:00+00:00,33,1,750,16827.75,16829.75,16827.0,16829.75,46,NQ.v.0
2023-12-14 10:11:00+00:00,33,1,750,16830.0,16832.5,16829.25,16832.5,110,NQ.v.0
2023-12-14 10:12:00+00:00,33,1,750,16832.25,16833.75,16831.0,16832.0,99,NQ.v.0
2023-12-14 10:13:00+00:00,33,1,750,16832.0,16834.5,16831.75,16834.0,91,NQ.v.0
2023-12-14 10:14:00+00:00,33,1,750,16834.5,16838.75,16834.25,16837.25,236,NQ.v.0
2023-12-14 10:15:00+00:00,33,1,750,16837.0,16839.5,16836.25,16839.0,131,NQ.v.0
2023-12-14 10:16:00+00:00,33,1,750,16838.75,16839.25,16836.0,16836.5,156,NQ.v.0
2023-12-14 10:17:00+00:00,33,1,750,16836.25,16840.25,16836.0,16839.0,192,NQ.v.0
2023-12-14 10:18:00+00:00,33,1,750,16839.25,16841.0,16836.0,16836.5,181,NQ.v.0
2023-12-14 10:19:00+00:00,33,1,750,16836.5,16839.5,16835.0,16839.5,90,NQ.v.0
2023-12-14 10:20:00+00:00,33,1,750,16839.5,16845.75,16839.5,16845.25,343,NQ.v.0
2023-12-14 10:21:00+00:00,33,1,750,16845.0,16845.75,16842.25,16844.75,296,NQ.v.0
2023-12-14 10:22:00+00:00,33,1,750,16844.75,16846.75,16843.75,16845.75,167,NQ.v.0
2023-12-14 10:23:00+00:00,33,1,750,16845.75,16846.75,16844.5,16844.5,93,NQ.v.0
2023-12-14 10:24:00+00:00,33,1,750,16844.25,16846.75,16842.5,16842.5,135,NQ.v.0
2023-12-14 10:25:00+00:00,33,1,750,16842.5,16842.5,16840.5,16841.0,98,NQ.v.0
2023-12-14 10:26:00+00:00,33,1,750,16841.0,16843.75,16840.0,16843.0,126,NQ.v.0
2023-12-14 10:27:00+00:00,33,1,750,16843.0,16843.0,16840.0,16841.25,129,NQ.v.0
2023-12-14 10:28:00+00:00,33,1,750,16841.75,16844.25,16840.5,16844.25,98,NQ.v.0
2023-12-14 10:29:00+00:00,33,1,750,16844.25,16846.75,16843.75,16845.5,146,NQ.v.0
2023-12-14 10:30:00+00:00,33,1,750,16845.25,16847.75,16845.0,16846.5,153,NQ.v.0
2023-12-14 10:31:00+00:00,33,1,750,16846.25,16848.5,16846.0,16847.5,101,NQ.v.0
2023-12-14 10:32:00+00:00,33,1,750,16848.75,16848.75,16846.0,16848.0,137,NQ.v.0
2023-12-14 10:33:00+00:00,33,1,750,16848.5,16849.0,16846.5,16848.5,127,NQ.v.0
2023-12-14 10:34:00+00:00,33,1,750,16848.75,16850.0,16846.5,16846.75,110,NQ.v.0
2023-12-14 10:35:00+00:00,33,1,750,16847.0,16847.25,16844.75,16845.25,126,NQ.v.0
2023-12-14 10:36:00+00:00,33,1,750,16846.5,16848.75,16846.0,16848.0,121,NQ.v.0
2023-12-14 10:37:00+00:00,33,1,750,16848.25,16849.75,16846.0,16849.0,122,NQ.v.0
2023-12-14 10:38:00+00:00,33,1,750,16849.0,16851.25,16848.25,16851.0,148,NQ.v.0
2023-12-14 10:39:00+00:00,33,1,750,16850.75,16853.25,16850.25,16852.25,164,NQ.v.0
2023-12-14 10:40:00+00:00,33,1,750,16852.25,16853.75,16852.25,16853.25,123,NQ.v.0
2023-12-14 10:41:00+00:00,33,1,750,16852.75,16853.75,16852.0,16853.0,104,NQ.v.0
2023-12-14 10:42:00+00:00,33,1,750,16852.75,16853.5,16851.25,16851.75,79,NQ.v.0
2023-12-14 10:43:00+00:00,33,1,750,16851.0,16854.0,16850.0,16853.5,181,NQ.v.0
2023-12-14 10:44:00+00:00,33,1,750,16853.5,16855.5,16852.75,16854.25,206,NQ.v.0
2023-12-14 10:45:00+00:00,33,1,750,16853.75,16854.0,16850.0,16851.25,140,NQ.v.0
2023-12-14 10:46:00+00:00,33,1,750,16851.5,16851.5,16849.25,16850.0,100,NQ.v.0
2023-12-14 10:47:00+00:00,33,1,750,16850.25,16851.5,16847.75,16848.25,129,NQ.v.0
2023-12-14 10:48:00+00:00,33,1,750,16848.0,16849.25,16846.75,16848.0,160,NQ.v.0
2023-12-14 10:49:00+00:00,33,1,750,16848.0,16850.5,16847.5,16848.75,140,NQ.v.0
2023-12-14 10:50:00+00:00,33,1,750,16848.0,16850.25,16847.5,16849.75,117,NQ.v.0
2023-12-14 10:51:00+00:00,33,1,750,16849.75,16852.0,16848.75,16851.5,95,NQ.v.0
2023-12-14 10:52:00+00:00,33,1,750,16851.75,16854.25,16851.25,16853.75,116,NQ.v.0
2023-12-14 10:53:00+00:00,33,1,750,16853.5,16853.5,16849.75,16849.75,95,NQ.v.0
2023-12-14 10:54:00+00:00,33,1,750,16849.5,16850.0,16845.25,16845.25,235,NQ.v.0
2023-12-14 10:55:00+00:00,33,1,750,16845.5,16847.5,16843.5,16843.75,152,NQ.v.0
2023-12-14 10:56:00+00:00,33,1,750,16843.5,16844.25,16841.0,16842.25,192,NQ.v.0
2023-12-14 10:57:00+00:00,33,1,750,16842.25,16843.25,16841.75,16842.75,101,NQ.v.0
2023-12-14 10:58:00+00:00,33,1,750,16842.5,16844.75,16842.0,16844.25,128,NQ.v.0
2023-12-14 10:59:00+00:00,33,1,750,16845.0,16847.25,16845.0,16846.5,85,NQ.v.0
2023-12-14 11:00:00+00:00,33,1,750,16847.0,16847.5,16842.0,16843.25,171,NQ.v.0
2023-12-14 11:01:00+00:00,33,1,750,16843.75,16843.75,16839.0,16840.0,154,NQ.v.0
2023-12-14 11:02:00+00:00,33,1,750,16839.75,16843.0,16838.0,16839.0,155,NQ.v.0
2023-12-14 11:03:00+00:00,33,1,750,16838.5,16839.0,16837.5,16837.5,104,NQ.v.0
2023-12-14 11:04:00+00:00,33,1,750,16837.5,16840.25,16837.0,16838.75,102,NQ.v.0
2023-12-14 11:05:00+00:00,33,1,750,16838.75,16839.25,16837.25,16837.75,72,NQ.v.0
2023-12-14 11:06:00+00:00,33,1,750,16837.75,16839.5,16837.75,16838.0,90,NQ.v.0
2023-12-14 11:07:00+00:00,33,1,750,16838.25,16839.5,16837.0,16838.0,84,NQ.v.0
2023-12-14 11:08:00+00:00,33,1,750,16837.75,16837.75,16835.0,16836.75,119,NQ.v.0
2023-12-14 11:09:00+00:00,33,1,750,16836.75,16839.5,16836.75,16838.5,92,NQ.v.0
2023-12-14 11:10:00+00:00,33,1,750,16838.25,16843.75,16838.25,16843.25,140,NQ.v.0
2023-12-14 11:11:00+00:00,33,1,750,16843.25,16845.75,16843.0,16845.0,149,NQ.v.0
2023-12-14 11:12:00+00:00,33,1,750,16845.0,16846.25,16841.5,16843.75,162,NQ.v.0
2023-12-14 11:13:00+00:00,33,1,750,16843.75,16847.25,16843.5,16846.25,134,NQ.v.0
2023-12-14 11:14:00+00:00,33,1,750,16845.75,16849.0,16844.5,16847.75,163,NQ.v.0
2023-12-14 11:15:00+00:00,33,1,750,16847.75,16850.5,16846.75,16849.5,124,NQ.v.0
2023-12-14 11:16:00+00:00,33,1,750,16850.25,16851.75,16849.75,16850.0,106,NQ.v.0
2023-12-14 11:17:00+00:00,33,1,750,16850.0,16850.0,16845.5,16845.75,149,NQ.v.0
2023-12-14 11:18:00+00:00,33,1,750,16845.5,16847.75,16843.0,16843.25,203,NQ.v.0
2023-12-14 11:19:00+00:00,33,1,750,16843.25,16844.5,16840.0,16841.5,165,NQ.v.0
2023-12-14 11:20:00+00:00,33,1,750,16841.75,16844.5,16841.75,16842.0,87,NQ.v.0
2023-12-14 11:21:00+00:00,33,1,750,16842.0,16845.5,16841.5,16844.5,112,NQ.v.0
2023-12-14 11:22:00+00:00,33,1,750,16845.0,16845.0,16841.5,16842.25,196,NQ.v.0
2023-12-14 11:23:00+00:00,33,1,750,16841.25,16843.25,16838.5,16839.0,113,NQ.v.0
2023-12-14 11:24:00+00:00,33,1,750,16838.75,16841.75,16838.0,16839.5,83,NQ.v.0
2023-12-14 11:25:00+00:00,33,1,750,16839.75,16841.5,16837.75,16838.0,109,NQ.v.0
2023-12-14 11:26:00+00:00,33,1,750,16837.75,16837.75,16831.25,16831.5,284,NQ.v.0
2023-12-14 11:27:00+00:00,33,1,750,16832.0,16834.25,16831.0,16833.75,147,NQ.v.0
2023-12-14 11:28:00+00:00,33,1,750,16833.25,16834.25,16831.25,16832.0,124,NQ.v.0
2023-12-14 11:29:00+00:00,33,1,750,16831.5,16833.0,16830.25,16831.5,98,NQ.v.0
2023-12-14 11:30:00+00:00,33,1,750,16831.5,16833.0,16830.5,16831.0,129,NQ.v.0
2023-12-14 11:31:00+00:00,33,1,750,16830.75,16836.75,16830.75,16836.5,139,NQ.v.0
2023-12-14 11:32:00+00:00,33,1,750,16836.25,16837.0,16833.0,16836.5,133,NQ.v.0
2023-12-14 11:33:00+00:00,33,1,750,16836.25,16836.25,16832.25,16832.5,130,NQ.v.0
2023-12-14 11:34:00+00:00,33,1,750,16832.5,16833.5,16828.5,16829.25,189,NQ.v.0
2023-12-14 11:35:00+00:00,33,1,750,16829.0,16830.5,16827.25,16829.5,155,NQ.v.0
2023-12-14 11:36:00+00:00,33,1,750,16829.25,16830.0,16824.75,16828.75,352,NQ.v.0
2023-12-14 11:37:00+00:00,33,1,750,16829.5,16831.0,16828.75,16831.0,105,NQ.v.0
2023-12-14 11:38:00+00:00,33,1,750,16830.25,16831.25,16828.5,16830.75,113,NQ.v.0
2023-12-14 11:39:00+00:00,33,1,750,16830.25,16833.75,16829.0,16833.25,158,NQ.v.0
2023-12-14 11:40:00+00:00,33,1,750,16833.0,16837.0,16832.0,16834.5,291,NQ.v.0
2023-12-14 11:41:00+00:00,33,1,750,16834.25,16836.5,16834.0,16836.5,60,NQ.v.0
2023-12-14 11:42:00+00:00,33,1,750,16836.5,16837.75,16832.75,16833.0,152,NQ.v.0
2023-12-14 11:43:00+00:00,33,1,750,16832.5,16834.25,16830.5,16830.75,123,NQ.v.0
2023-12-14 11:44:00+00:00,33,1,750,16830.75,16833.0,16829.5,16832.75,114,NQ.v.0
2023-12-14 11:45:00+00:00,33,1,750,16833.0,16833.0,16829.75,16830.25,101,NQ.v.0
2023-12-14 11:46:00+00:00,33,1,750,16830.0,16836.0,16829.75,16834.5,89,NQ.v.0
2023-12-14 11:47:00+00:00,33,1,750,16834.5,16834.5,16829.5,16829.75,124,NQ.v.0
2023-12-14 11:48:00+00:00,33,1,750,16829.0,16832.25,16828.75,16830.75,88,NQ.v.0
2023-12-14 11:49:00+00:00,33,1,750,16831.0,16832.5,16829.75,16831.5,90,NQ.v.0
2023-12-14 11:50:00+00:00,33,1,750,16832.0,16835.0,16832.0,16832.75,75,NQ.v.0
2023-12-14 11:51:00+00:00,33,1,750,16832.75,16835.0,16831.75,16832.0,57,NQ.v.0
2023-12-14 11:52:00+00:00,33,1,750,16831.25,16831.75,16828.75,16830.75,154,NQ.v.0
2023-12-14 11:53:00+00:00,33,1,750,16830.5,16834.75,16830.0,16833.75,164,NQ.v.0
2023-12-14 11:54:00+00:00,33,1,750,16833.25,16833.75,16830.75,16833.0,94,NQ.v.0
2023-12-14 11:55:00+00:00,33,1,750,16833.5,16833.75,16831.0,16832.5,61,NQ.v.0
2023-12-14 11:56:00+00:00,33,1,750,16832.75,16833.75,16831.75,16833.0,65,NQ.v.0
2023-12-14 11:57:00+00:00,33,1,750,16833.75,16837.5,16833.5,16837.0,152,NQ.v.0
2023-12-14 11:58:00+00:00,33,1,750,16836.75,16838.25,16835.25,16836.25,138,NQ.v.0
2023-12-14 11:59:00+00:00,33,1,750,16835.5,16835.5,16830.5,16831.0,168,NQ.v.0
2023-12-14 12:00:00+00:00,33,1,750,16831.0,16842.0,16830.5,16837.5,401,NQ.v.0
2023-12-14 12:01:00+00:00,33,1,750,16837.25,16839.5,16836.0,16839.5,112,NQ.v.0
2023-12-14 12:02:00+00:00,33,1,750,16839.0,16840.75,16836.75,16839.75,136,NQ.v.0
2023-12-14 12:03:00+00:00,33,1,750,16840.25,16845.5,16840.25,16844.5,213,NQ.v.0
2023-12-14 12:04:00+00:00,33,1,750,16844.75,16846.75,16843.75,16846.25,182,NQ.v.0
2023-12-14 12:05:00+00:00,33,1,750,16846.5,16847.25,16843.5,16843.75,152,NQ.v.0
2023-12-14 12:06:00+00:00,33,1,750,16844.0,16846.0,16842.0,16845.25,198,NQ.v.0
2023-12-14 12:07:00+00:00,33,1,750,16845.5,16848.0,16845.25,16845.5,158,NQ.v.0
2023-12-14 12:08:00+00:00,33,1,750,16845.25,16845.25,16841.25,16844.5,160,NQ.v.0
2023-12-14 12:09:00+00:00,33,1,750,16844.5,16845.0,16842.0,16844.5,112,NQ.v.0
2023-12-14 12:10:00+00:00,33,1,750,16844.75,16846.25,16844.0,16844.0,96,NQ.v.0
2023-12-14 12:11:00+00:00,33,1,750,16844.0,16846.0,16844.0,16846.0,85,NQ.v.0
2023-12-14 12:12:00+00:00,33,1,750,16846.5,16847.0,16843.5,16844.5,103,NQ.v.0
2023-12-14 12:13:00+00:00,33,1,750,16843.5,16844.5,16841.75,16844.5,82,NQ.v.0
2023-12-14 12:14:00+00:00,33,1,750,16844.25,16846.0,16844.0,16845.5,87,NQ.v.0
2023-12-14 12:15:00+00:00,33,1,750,16845.75,16847.75,16845.25,16846.25,107,NQ.v.0
2023-12-14 12:16:00+00:00,33,1,750,16846.75,16848.75,16846.0,16848.75,82,NQ.v.0
2023-12-14 12:17:00+00:00,33,1,750,16849.0,16850.5,16848.0,16849.25,220,NQ.v.0
2023-12-14 12:18:00+00:00,33,1,750,16848.75,16852.5,16848.75,16851.25,159,NQ.v.0
2023-12-14 12:19:00+00:00,33,1,750,16851.5,16851.5,16847.25,16848.25,132,NQ.v.0
2023-12-14 12:20:00+00:00,33,1,750,16848.25,16848.5,16845.25,16847.5,146,NQ.v.0
2023-12-14 12:21:00+00:00,33,1,750,16847.5,16851.25,16846.0,16850.75,215,NQ.v.0
2023-12-14 12:22:00+00:00,33,1,750,16851.0,16852.0,16849.5,16849.5,93,NQ.v.0
2023-12-14 12:23:00+00:00,33,1,750,16849.75,16850.25,16847.25,16849.25,94,NQ.v.0
2023-12-14 12:24:00+00:00,33,1,750,16849.5,16851.75,16849.0,16851.5,104,NQ.v.0
2023-12-14 12:25:00+00:00,33,1,750,16851.0,16853.75,16850.25,16853.0,122,NQ.v.0
2023-12-14 12:26:00+00:00,33,1,750,16852.75,16853.25,16850.5,16851.75,70,NQ.v.0
2023-12-14 12:27:00+00:00,33,1,750,16852.0,16852.25,16849.0,16849.0,89,NQ.v.0
2023-12-14 12:28:00+00:00,33,1,750,16849.25,16849.25,16845.5,16846.0,170,NQ.v.0
2023-12-14 12:29:00+00:00,33,1,750,16845.75,16847.5,16845.25,16846.5,107,NQ.v.0
2023-12-14 12:30:00+00:00,33,1,750,16847.0,16849.0,16845.5,16845.5,192,NQ.v.0
2023-12-14 12:31:00+00:00,33,1,750,16845.75,16847.25,16844.0,16846.0,124,NQ.v.0
2023-12-14 12:32:00+00:00,33,1,750,16845.75,16846.5,16844.25,16845.5,154,NQ.v.0
2023-12-14 12:33:00+00:00,33,1,750,16845.5,16849.0,16845.5,16849.0,103,NQ.v.0
2023-12-14 12:34:00+00:00,33,1,750,16849.0,16849.0,16847.0,16849.0,87,NQ.v.0
2023-12-14 12:35:00+00:00,33,1,750,16849.0,16849.0,16845.0,16845.25,121,NQ.v.0
2023-12-14 12:36:00+00:00,33,1,750,16845.0,16846.25,16842.5,16843.25,269,NQ.v.0
2023-12-14 12:37:00+00:00,33,1,750,16843.25,16843.5,16839.5,16842.75,346,NQ.v.0
2023-12-14 12:38:00+00:00,33,1,750,16842.5,16844.0,16841.25,16841.75,113,NQ.v.0
2023-12-14 12:39:00+00:00,33,1,750,16842.25,16843.25,16838.75,16839.75,191,NQ.v.0
2023-12-14 12:40:00+00:00,33,1,750,16839.75,16841.75,16839.25,16840.75,129,NQ.v.0
2023-12-14 12:41:00+00:00,33,1,750,16840.0,16841.25,16837.0,16839.5,181,NQ.v.0
2023-12-14 12:42:00+00:00,33,1,750,16839.5,16844.5,16839.25,16843.5,158,NQ.v.0
2023-12-14 12:43:00+00:00,33,1,750,16843.25,16843.75,16841.25,16843.75,123,NQ.v.0
2023-12-14 12:44:00+00:00,33,1,750,16843.75,16844.5,16841.0,16841.5,183,NQ.v.0
2023-12-14 12:45:00+00:00,33,1,750,16841.5,16844.5,16838.75,16843.25,272,NQ.v.0
2023-12-14 12:46:00+00:00,33,1,750,16843.0,16847.25,16842.5,16846.75,166,NQ.v.0
2023-12-14 12:47:00+00:00,33,1,750,16846.5,16848.25,16846.5,16848.0,128,NQ.v.0
2023-12-14 12:48:00+00:00,33,1,750,16848.0,16851.0,16847.75,16848.75,193,NQ.v.0
2023-12-14 12:49:00+00:00,33,1,750,16848.5,16850.5,16848.0,16848.75,118,NQ.v.0
2023-12-14 12:50:00+00:00,33,1,750,16848.5,16852.5,16848.25,16851.75,142,NQ.v.0
2023-12-14 12:51:00+00:00,33,1,750,16851.75,16853.25,16848.0,16848.0,230,NQ.v.0
2023-12-14 12:52:00+00:00,33,1,750,16848.5,16848.5,16844.75,16846.0,172,NQ.v.0
2023-12-14 12:53:00+00:00,33,1,750,16846.0,16847.5,16842.5,16845.25,294,NQ.v.0
2023-12-14 12:54:00+00:00,33,1,750,16845.25,16847.25,16844.0,16844.0,159,NQ.v.0
2023-12-14 12:55:00+00:00,33,1,750,16843.75,16845.5,16842.25,16843.5,145,NQ.v.0
2023-12-14 12:56:00+00:00,33,1,750,16843.0,16843.5,16839.5,16841.0,209,NQ.v.0
2023-12-14 12:57:00+00:00,33,1,750,16840.75,16844.5,16839.75,16844.5,131,NQ.v.0
2023-12-14 12:58:00+00:00,33,1,750,16843.75,16843.75,16841.75,16842.5,77,NQ.v.0
2023-12-14 12:59:00+00:00,33,1,750,16842.0,16842.0,16838.75,16840.25,170,NQ.v.0
2023-12-14 13:00:00+00:00,33,1,750,16840.0,16843.25,16839.5,16843.0,216,NQ.v.0
2023-12-14 13:01:00+00:00,33,1,750,16843.0,16845.0,16841.75,16842.5,168,NQ.v.0
2023-12-14 13:02:00+00:00,33,1,750,16842.75,16842.75,16834.5,16836.0,508,NQ.v.0
2023-12-14 13:03:00+00:00,33,1,750,16836.25,16836.25,16831.0,16832.25,428,NQ.v.0
2023-12-14 13:04:00+00:00,33,1,750,16832.5,16833.0,16828.5,16829.25,301,NQ.v.0
2023-12-14 13:05:00+00:00,33,1,750,16829.0,16829.0,16823.5,16823.75,466,NQ.v.0
2023-12-14 13:06:00+00:00,33,1,750,16823.75,16828.0,16822.5,16827.25,435,NQ.v.0
2023-12-14 13:07:00+00:00,33,1,750,16827.5,16831.0,16827.5,16829.25,316,NQ.v.0
2023-12-14 13:08:00+00:00,33,1,750,16829.0,16830.0,16826.75,16828.5,285,NQ.v.0
2023-12-14 13:09:00+00:00,33,1,750,16828.75,16828.75,16825.0,16825.75,204,NQ.v.0
2023-12-14 13:10:00+00:00,33,1,750,16825.5,16828.5,16824.75,16825.75,322,NQ.v.0
2023-12-14 13:11:00+00:00,33,1,750,16825.25,16828.0,16825.0,16825.5,259,NQ.v.0
2023-12-14 13:12:00+00:00,33,1,750,16825.0,16826.5,16823.75,16826.0,223,NQ.v.0
2023-12-14 13:13:00+00:00,33,1,750,16826.0,16831.0,16825.75,16828.75,350,NQ.v.0
2023-12-14 13:14:00+00:00,33,1,750,16828.75,16830.5,16826.75,16826.75,210,NQ.v.0
2023-12-14 13:15:00+00:00,33,1,750,16827.25,16833.0,16820.25,16831.25,710,NQ.v.0
2023-12-14 13:16:00+00:00,33,1,750,16831.25,16835.5,16829.5,16831.0,499,NQ.v.0
2023-12-14 13:17:00+00:00,33,1,750,16830.75,16834.0,16827.25,16829.75,419,NQ.v.0
2023-12-14 13:18:00+00:00,33,1,750,16829.0,16829.5,16824.5,16825.5,371,NQ.v.0
2023-12-14 13:19:00+00:00,33,1,750,16825.25,16827.5,16821.0,16823.5,640,NQ.v.0
2023-12-14 13:20:00+00:00,33,1,750,16823.75,16830.0,16823.0,16830.0,382,NQ.v.0
2023-12-14 13:21:00+00:00,33,1,750,16829.75,16831.75,16827.5,16827.5,359,NQ.v.0
2023-12-14 13:22:00+00:00,33,1,750,16827.75,16833.75,16827.25,16831.25,320,NQ.v.0
2023-12-14 13:23:00+00:00,33,1,750,16831.0,16831.0,16825.0,16828.25,381,NQ.v.0
2023-12-14 13:24:00+00:00,33,1,750,16828.75,16831.25,16826.75,16828.0,202,NQ.v.0
2023-12-14 13:25:00+00:00,33,1,750,16827.75,16830.25,16826.25,16829.75,220,NQ.v.0
2023-12-14 13:26:00+00:00,33,1,750,16830.25,16832.75,16827.75,16831.0,237,NQ.v.0
2023-12-14 13:27:00+00:00,33,1,750,16831.75,16837.75,16830.75,16836.5,452,NQ.v.0
2023-12-14 13:28:00+00:00,33,1,750,16836.0,16839.25,16833.5,16837.5,376,NQ.v.0
2023-12-14 13:29:00+00:00,33,1,750,16837.25,16837.5,16831.75,16833.5,163,NQ.v.0
2023-12-14 13:30:00+00:00,33,1,750,16833.5,16835.0,16817.5,16827.25,1494,NQ.v.0
2023-12-14 13:31:00+00:00,33,1,750,16828.25,16832.0,16814.0,16814.75,1282,NQ.v.0
2023-12-14 13:32:00+00:00,33,1,750,16815.0,16819.25,16807.0,16813.25,1408,NQ.v.0
2023-12-14 13:33:00+00:00,33,1,750,16813.25,16825.0,16811.75,16823.75,825,NQ.v.0
2023-12-14 13:34:00+00:00,33,1,750,16824.25,16829.5,16818.25,16820.25,1029,NQ.v.0
2023-12-14 13:35:00+00:00,33,1,750,16820.5,16824.25,16813.5,16823.0,1075,NQ.v.0
2023-12-14 13:36:00+00:00,33,1,750,16822.75,16826.75,16816.25,16817.0,685,NQ.v.0
2023-12-14 13:37:00+00:00,33,1,750,16816.75,16827.75,16816.25,16824.25,605,NQ.v.0
2023-12-14 13:38:00+00:00,33,1,750,16823.5,16825.5,16821.0,16822.0,422,NQ.v.0
2023-12-14 13:39:00+00:00,33,1,750,16822.0,16830.0,16819.5,16827.25,628,NQ.v.0
2023-12-14 13:40:00+00:00,33,1,750,16827.25,16831.5,16825.5,16827.0,601,NQ.v.0
2023-12-14 13:41:00+00:00,33,1,750,16827.5,16837.0,16827.0,16836.75,656,NQ.v.0
2023-12-14 13:42:00+00:00,33,1,750,16836.5,16840.5,16833.75,16839.25,678,NQ.v.0
2023-12-14 13:43:00+00:00,33,1,750,16839.0,16847.5,16838.75,16847.25,1217,NQ.v.0
2023-12-14 13:44:00+00:00,33,1,750,16846.75,16846.75,16841.5,16844.75,616,NQ.v.0
2023-12-14 13:45:00+00:00,33,1,750,16843.75,16846.25,16840.5,16842.25,691,NQ.v.0
2023-12-14 13:46:00+00:00,33,1,750,16842.0,16843.0,16837.5,16842.0,585,NQ.v.0
2023-12-14 13:47:00+00:00,33,1,750,16842.0,16845.75,16842.0,16845.75,577,NQ.v.0
2023-12-14 13:48:00+00:00,33,1,750,16845.5,16846.25,16843.25,16844.75,401,NQ.v.0
2023-12-14 13:49:00+00:00,33,1,750,16844.75,16845.25,16839.0,16842.75,622,NQ.v.0
2023-12-14 13:50:00+00:00,33,1,750,16842.5,16845.75,16839.75,16843.0,460,NQ.v.0
2023-12-14 13:51:00+00:00,33,1,750,16842.75,16843.25,16838.5,16843.25,574,NQ.v.0
2023-12-14 13:52:00+00:00,33,1,750,16843.0,16843.5,16834.5,16837.5,1081,NQ.v.0
2023-12-14 13:53:00+00:00,33,1,750,16837.75,16842.25,16836.25,16839.5,513,NQ.v.0
2023-12-14 13:54:00+00:00,33,1,750,16839.0,16844.75,16837.25,16844.5,410,NQ.v.0
2023-12-14 13:55:00+00:00,33,1,750,16844.25,16852.25,16843.0,16849.75,1119,NQ.v.0
2023-12-14 13:56:00+00:00,33,1,750,16849.75,16853.5,16848.75,16852.0,446,NQ.v.0
2023-12-14 13:57:00+00:00,33,1,750,16852.0,16855.0,16850.25,16852.5,570,NQ.v.0
2023-12-14 13:58:00+00:00,33,1,750,16852.0,16852.5,16849.5,16851.5,274,NQ.v.0
2023-12-14 13:59:00+00:00,33,1,750,16851.75,16853.0,16850.0,16853.0,268,NQ.v.0
2023-12-14 14:00:00+00:00,33,1,750,16853.0,16853.25,16845.5,16850.25,768,NQ.v.0
2023-12-14 14:01:00+00:00,33,1,750,16850.0,16854.75,16849.5,16854.0,458,NQ.v.0
2023-12-14 14:02:00+00:00,33,1,750,16854.25,16854.75,16849.0,16851.75,469,NQ.v.0
2023-12-14 14:03:00+00:00,33,1,750,16851.75,16852.25,16850.0,16852.0,196,NQ.v.0
2023-12-14 14:04:00+00:00,33,1,750,16851.5,16856.0,16849.5,16854.75,599,NQ.v.0
2023-12-14 14:05:00+00:00,33,1,750,16855.25,16859.5,16851.75,16854.25,860,NQ.v.0
2023-12-14 14:06:00+00:00,33,1,750,16854.5,16858.5,16853.25,16856.0,525,NQ.v.0
2023-12-14 14:07:00+00:00,33,1,750,16855.75,16858.75,16853.75,16857.0,566,NQ.v.0
2023-12-14 14:08:00+00:00,33,1,750,16857.25,16860.25,16855.5,16859.5,347,NQ.v.0
2023-12-14 14:09:00+00:00,33,1,750,16859.5,16861.0,16842.25,16846.25,1945,NQ.v.0
2023-12-14 14:10:00+00:00,33,1,750,16846.25,16848.5,16843.25,16844.0,639,NQ.v.0
2023-12-14 14:11:00+00:00,33,1,750,16843.75,16847.0,16841.0,16843.25,504,NQ.v.0
2023-12-14 14:12:00+00:00,33,1,750,16843.0,16843.25,16838.5,16841.5,582,NQ.v.0
2023-12-14 14:13:00+00:00,33,1,750,16841.25,16847.75,16832.5,16846.25,1246,NQ.v.0
2023-12-14 14:14:00+00:00,33,1,750,16846.5,16849.25,16842.0,16847.5,603,NQ.v.0
2023-12-14 14:15:00+00:00,33,1,750,16848.25,16848.25,16840.5,16841.25,341,NQ.v.0
2023-12-14 14:16:00+00:00,33,1,750,16841.0,16843.0,16835.5,16836.5,493,NQ.v.0
2023-12-14 14:17:00+00:00,33,1,750,16836.75,16839.75,16835.25,16837.75,445,NQ.v.0
2023-12-14 14:18:00+00:00,33,1,750,16838.0,16839.75,16835.5,16835.5,312,NQ.v.0
2023-12-14 14:19:00+00:00,33,1,750,16836.5,16838.5,16828.0,16830.0,785,NQ.v.0
2023-12-14 14:20:00+00:00,33,1,750,16829.5,16831.0,16826.25,16828.5,682,NQ.v.0
2023-12-14 14:21:00+00:00,33,1,750,16828.25,16830.0,16825.5,16826.0,481,NQ.v.0
2023-12-14 14:22:00+00:00,33,1,750,16826.25,16830.75,16824.25,16829.5,474,NQ.v.0
2023-12-14 14:23:00+00:00,33,1,750,16829.5,16830.25,16823.0,16830.25,656,NQ.v.0
2023-12-14 14:24:00+00:00,33,1,750,16830.0,16832.0,16819.25,16820.0,703,NQ.v.0
2023-12-14 14:25:00+00:00,33,1,750,16819.75,16835.75,16818.75,16834.0,1260,NQ.v.0
2023-12-14 14:26:00+00:00,33,1,750,16834.25,16837.0,16833.0,16836.0,375,NQ.v.0
2023-12-14 14:27:00+00:00,33,1,750,16836.0,16838.5,16825.25,16826.75,778,NQ.v.0
2023-12-14 14:28:00+00:00,33,1,750,16827.25,16828.25,16818.25,16821.25,983,NQ.v.0
2023-12-14 14:29:00+00:00,33,1,750,16820.75,16825.0,16815.75,16820.5,1073,NQ.v.0
2023-12-14 14:30:00+00:00,33,1,750,16820.5,16834.5,16811.5,16826.5,4974,NQ.v.0
2023-12-14 14:31:00+00:00,33,1,750,16826.5,16851.0,16823.5,16850.0,5298,NQ.v.0
2023-12-14 14:32:00+00:00,33,1,750,16850.25,16854.75,16838.5,16847.75,3957,NQ.v.0
2023-12-14 14:33:00+00:00,33,1,750,16847.5,16857.5,16846.0,16851.0,2193,NQ.v.0
2023-12-14 14:34:00+00:00,33,1,750,16851.25,16854.25,16840.75,16846.0,3073,NQ.v.0
2023-12-14 14:35:00+00:00,33,1,750,16846.25,16848.5,16831.0,16833.75,2890,NQ.v.0
2023-12-14 14:36:00+00:00,33,1,750,16834.0,16836.0,16821.75,16824.5,2945,NQ.v.0
2023-12-14 14:37:00+00:00,33,1,750,16825.0,16836.25,16823.25,16830.0,2695,NQ.v.0
2023-12-14 14:38:00+00:00,33,1,750,16829.75,16839.5,16829.5,16835.75,2117,NQ.v.0
2023-12-14 14:39:00+00:00,33,1,750,16835.75,16836.75,16827.75,16835.0,2602,NQ.v.0
2023-12-14 14:40:00+00:00,33,1,750,16835.25,16843.25,16832.0,16842.25,2516,NQ.v.0
2023-12-14 14:41:00+00:00,33,1,750,16842.5,16855.75,16839.5,16855.0,2522,NQ.v.0
2023-12-14 14:42:00+00:00,33,1,750,16854.75,16858.0,16849.5,16856.25,2369,NQ.v.0
2023-12-14 14:43:00+00:00,33,1,750,16856.25,16858.75,16847.25,16856.5,2230,NQ.v.0
2023-12-14 14:44:00+00:00,33,1,750,16856.25,16863.25,16849.25,16856.75,2700,NQ.v.0
2023-12-14 14:45:00+00:00,33,1,750,16856.5,16867.5,16855.25,16856.25,2936,NQ.v.0
2023-12-14 14:46:00+00:00,33,1,750,16857.0,16868.0,16854.75,16863.5,2284,NQ.v.0
2023-12-14 14:47:00+00:00,33,1,750,16863.5,16872.0,16863.0,16868.75,1886,NQ.v.0
2023-12-14 14:48:00+00:00,33,1,750,16868.5,16872.0,16862.25,16863.75,2210,NQ.v.0
2023-12-14 14:49:00+00:00,33,1,750,16863.5,16865.0,16848.0,16851.5,3314,NQ.v.0
2023-12-14 14:50:00+00:00,33,1,750,16851.75,16854.5,16834.5,16839.5,3569,NQ.v.0
2023-12-14 14:51:00+00:00,33,1,750,16839.25,16846.5,16834.75,16838.75,1936,NQ.v.0
2023-12-14 14:52:00+00:00,33,1,750,16838.5,16845.75,16830.0,16845.0,2811,NQ.v.0
2023-12-14 14:53:00+00:00,33,1,750,16845.0,16858.75,16845.0,16854.5,2570,NQ.v.0
2023-12-14 14:54:00+00:00,33,1,750,16854.5,16860.5,16853.75,16855.5,1649,NQ.v.0
2023-12-14 14:55:00+00:00,33,1,750,16854.75,16863.75,16854.25,16863.0,1705,NQ.v.0
2023-12-14 14:56:00+00:00,33,1,750,16863.0,16871.5,16862.5,16870.0,2342,NQ.v.0
2023-12-14 14:57:00+00:00,33,1,750,16870.25,16877.25,16864.75,16867.0,3368,NQ.v.0
2023-12-14 14:58:00+00:00,33,1,750,16867.25,16868.75,16841.75,16845.0,3520,NQ.v.0
2023-12-14 14:59:00+00:00,33,1,750,16845.5,16849.25,16837.0,16849.25,2408,NQ.v.0
2023-12-14 15:00:00+00:00,33,1,750,16849.25,16850.75,16826.75,16835.25,3784,NQ.v.0
2023-12-14 15:01:00+00:00,33,1,750,16835.75,16837.0,16816.5,16825.5,3100,NQ.v.0
2023-12-14 15:02:00+00:00,33,1,750,16825.75,16838.5,16814.5,16816.0,3427,NQ.v.0
2023-12-14 15:03:00+00:00,33,1,750,16816.25,16822.5,16813.75,16821.75,1931,NQ.v.0
2023-12-14 15:04:00+00:00,33,1,750,16821.75,16828.5,16815.0,16815.25,2054,NQ.v.0
2023-12-14 15:05:00+00:00,33,1,750,16815.25,16817.0,16804.0,16808.0,3841,NQ.v.0
2023-12-14 15:06:00+00:00,33,1,750,16807.5,16821.0,16807.5,16812.0,2435,NQ.v.0
2023-12-14 15:07:00+00:00,33,1,750,16812.25,16821.5,16809.75,16817.0,2231,NQ.v.0
2023-12-14 15:08:00+00:00,33,1,750,16816.75,16818.5,16806.5,16814.0,2083,NQ.v.0
2023-12-14 15:09:00+00:00,33,1,750,16814.5,16827.5,16810.75,16823.0,2651,NQ.v.0
2023-12-14 15:10:00+00:00,33,1,750,16823.0,16829.75,16819.75,16827.0,1830,NQ.v.0
2023-12-14 15:11:00+00:00,33,1,750,16827.25,16835.75,16823.5,16827.75,2274,NQ.v.0
2023-12-14 15:12:00+00:00,33,1,750,16827.5,16832.0,16820.5,16828.75,2052,NQ.v.0
2023-12-14 15:13:00+00:00,33,1,750,16829.25,16840.75,16824.0,16836.25,2240,NQ.v.0
2023-12-14 15:14:00+00:00,33,1,750,16835.75,16839.0,16819.75,16820.5,3412,NQ.v.0
2023-12-14 15:15:00+00:00,33,1,750,16820.75,16824.75,16812.0,16812.0,2738,NQ.v.0
2023-12-14 15:16:00+00:00,33,1,750,16812.5,16818.0,16802.0,16811.5,3109,NQ.v.0
2023-12-14 15:17:00+00:00,33,1,750,16811.75,16821.25,16787.75,16791.0,6061,NQ.v.0
2023-12-14 15:18:00+00:00,33,1,750,16790.75,16801.0,16786.0,16797.0,2687,NQ.v.0
2023-12-14 15:19:00+00:00,33,1,750,16798.0,16808.5,16797.5,16805.0,1717,NQ.v.0
2023-12-14 15:20:00+00:00,33,1,750,16805.25,16810.0,16794.5,16795.75,2387,NQ.v.0
2023-12-14 15:21:00+00:00,33,1,750,16795.5,16807.25,16788.25,16805.75,2431,NQ.v.0
2023-12-14 15:22:00+00:00,33,1,750,16805.75,16809.5,16796.75,16801.25,2994,NQ.v.0
2023-12-14 15:23:00+00:00,33,1,750,16800.75,16806.5,16795.75,16806.5,1823,NQ.v.0
2023-12-14 15:24:00+00:00,33,1,750,16806.25,16808.25,16800.5,16807.25,1244,NQ.v.0
2023-12-14 15:25:00+00:00,33,1,750,16807.0,16814.5,16795.0,16801.75,4006,NQ.v.0
2023-12-14 15:26:00+00:00,33,1,750,16802.25,16820.0,16802.0,16815.75,1986,NQ.v.0
2023-12-14 15:27:00+00:00,33,1,750,16815.75,16816.5,16803.25,16805.0,1728,NQ.v.0
2023-12-14 15:28:00+00:00,33,1,750,16804.75,16808.75,16798.5,16804.5,1648,NQ.v.0
2023-12-14 15:29:00+00:00,33,1,750,16804.75,16804.75,16786.25,16794.5,2380,NQ.v.0
2023-12-14 15:30:00+00:00,33,1,750,16794.75,16796.0,16786.75,16792.0,1546,NQ.v.0
2023-12-14 15:31:00+00:00,33,1,750,16791.75,16797.0,16785.5,16795.5,1728,NQ.v.0
2023-12-14 15:32:00+00:00,33,1,750,16795.5,16795.75,16783.0,16789.5,1680,NQ.v.0
2023-12-14 15:33:00+00:00,33,1,750,16789.25,16807.5,16787.5,16804.0,1821,NQ.v.0
2023-12-14 15:34:00+00:00,33,1,750,16804.25,16807.5,16797.75,16804.75,1560,NQ.v.0
2023-12-14 15:35:00+00:00,33,1,750,16804.5,16812.75,16799.5,16802.0,1797,NQ.v.0
2023-12-14 15:36:00+00:00,33,1,750,16802.0,16803.5,16781.75,16788.25,1939,NQ.v.0
2023-12-14 15:37:00+00:00,33,1,750,16788.5,16789.0,16776.0,16778.75,2129,NQ.v.0
2023-12-14 15:38:00+00:00,33,1,750,16778.75,16784.5,16767.0,16772.5,2774,NQ.v.0
2023-12-14 15:39:00+00:00,33,1,750,16772.5,16775.0,16768.0,16770.25,1279,NQ.v.0
2023-12-14 15:40:00+00:00,33,1,750,16770.75,16784.0,16770.75,16779.75,2021,NQ.v.0
2023-12-14 15:41:00+00:00,33,1,750,16779.75,16782.5,16774.0,16782.0,1289,NQ.v.0
2023-12-14 15:42:00+00:00,33,1,750,16782.0,16786.75,16775.5,16786.25,1568,NQ.v.0
2023-12-14 15:43:00+00:00,33,1,750,16786.0,16794.0,16771.5,16774.5,2550,NQ.v.0
2023-12-14 15:44:00+00:00,33,1,750,16774.25,16781.75,16774.25,16780.5,1058,NQ.v.0
2023-12-14 15:45:00+00:00,33,1,750,16781.0,16792.0,16776.75,16788.75,1457,NQ.v.0
2023-12-14 15:46:00+00:00,33,1,750,16789.0,16789.0,16784.5,16785.5,991,NQ.v.0
2023-12-14 15:47:00+00:00,33,1,750,16786.0,16789.5,16773.0,16774.0,1649,NQ.v.0
2023-12-14 15:48:00+00:00,33,1,750,16774.25,16775.5,16766.75,16770.25,1900,NQ.v.0
2023-12-14 15:49:00+00:00,33,1,750,16770.25,16787.25,16769.25,16783.25,1955,NQ.v.0
2023-12-14 15:50:00+00:00,33,1,750,16783.0,16797.75,16779.25,16795.25,2005,NQ.v.0
2023-12-14 15:51:00+00:00,33,1,750,16795.25,16800.0,16787.0,16798.5,1856,NQ.v.0
2023-12-14 15:52:00+00:00,33,1,750,16798.75,16807.5,16797.5,16804.25,1872,NQ.v.0
2023-12-14 15:53:00+00:00,33,1,750,16804.25,16809.75,16800.0,16808.5,1212,NQ.v.0
2023-12-14 15:54:00+00:00,33,1,750,16808.75,16811.5,16807.5,16809.75,1087,NQ.v.0
2023-12-14 15:55:00+00:00,33,1,750,16810.0,16813.75,16808.5,16813.25,1126,NQ.v.0
2023-12-14 15:56:00+00:00,33,1,750,16813.0,16820.5,16807.25,16807.75,2170,NQ.v.0
2023-12-14 15:57:00+00:00,33,1,750,16807.5,16807.5,16792.5,16802.0,1740,NQ.v.0
2023-12-14 15:58:00+00:00,33,1,750,16802.5,16816.75,16801.0,16816.5,1325,NQ.v.0
2023-12-14 15:59:00+00:00,33,1,750,16816.5,16820.25,16811.0,16812.75,1446,NQ.v.0
2023-12-14 16:00:00+00:00,33,1,750,16812.75,16817.5,16806.25,16807.5,1929,NQ.v.0
2023-12-14 16:01:00+00:00,33,1,750,16807.5,16811.0,16802.5,16806.25,1655,NQ.v.0
2023-12-14 16:02:00+00:00,33,1,750,16806.0,16810.25,16795.25,16796.5,1449,NQ.v.0
2023-12-14 16:03:00+00:00,33,1,750,16796.75,16802.75,16787.5,16788.75,1630,NQ.v.0
2023-12-14 16:04:00+00:00,33,1,750,16788.5,16791.0,16776.75,16779.25,1962,NQ.v.0
2023-12-14 16:05:00+00:00,33,1,750,16779.25,16789.5,16779.25,16783.75,1161,NQ.v.0
2023-12-14 16:06:00+00:00,33,1,750,16783.5,16794.5,16783.25,16788.75,962,NQ.v.0
2023-12-14 16:07:00+00:00,33,1,750,16788.75,16791.5,16781.0,16781.5,1098,NQ.v.0
2023-12-14 16:08:00+00:00,33,1,750,16782.0,16788.0,16775.5,16776.75,1344,NQ.v.0
2023-12-14 16:09:00+00:00,33,1,750,16777.0,16779.5,16769.0,16774.75,1765,NQ.v.0
2023-12-14 16:10:00+00:00,33,1,750,16774.5,16788.0,16774.25,16783.75,1280,NQ.v.0
2023-12-14 16:11:00+00:00,33,1,750,16783.5,16792.5,16781.75,16791.0,1039,NQ.v.0
2023-12-14 16:12:00+00:00,33,1,750,16790.5,16799.75,16785.5,16785.5,1387,NQ.v.0
2023-12-14 16:13:00+00:00,33,1,750,16785.75,16786.0,16761.5,16762.0,3183,NQ.v.0
2023-12-14 16:14:00+00:00,33,1,750,16762.0,16767.25,16746.75,16749.25,3652,NQ.v.0
2023-12-14 16:15:00+00:00,33,1,750,16749.25,16756.5,16745.75,16756.25,2101,NQ.v.0
2023-12-14 16:16:00+00:00,33,1,750,16756.0,16767.75,16753.75,16761.25,1694,NQ.v.0
2023-12-14 16:17:00+00:00,33,1,750,16761.5,16769.25,16754.0,16754.5,1249,NQ.v.0
2023-12-14 16:18:00+00:00,33,1,750,16754.0,16759.75,16751.5,16758.25,1270,NQ.v.0
2023-12-14 16:19:00+00:00,33,1,750,16758.5,16771.75,16757.75,16769.0,1289,NQ.v.0
2023-12-14 16:20:00+00:00,33,1,750,16768.5,16770.5,16758.0,16758.75,1198,NQ.v.0
2023-12-14 16:21:00+00:00,33,1,750,16758.75,16762.0,16752.0,16756.25,1029,NQ.v.0
2023-12-14 16:22:00+00:00,33,1,750,16756.5,16763.25,16756.25,16759.75,870,NQ.v.0
2023-12-14 16:23:00+00:00,33,1,750,16759.75,16761.25,16751.75,16753.0,921,NQ.v.0
2023-12-14 16:24:00+00:00,33,1,750,16753.5,16758.75,16749.5,16757.0,1490,NQ.v.0
2023-12-14 16:25:00+00:00,33,1,750,16757.0,16758.5,16748.5,16753.5,1211,NQ.v.0
2023-12-14 16:26:00+00:00,33,1,750,16753.0,16758.0,16749.75,16755.5,908,NQ.v.0
2023-12-14 16:27:00+00:00,33,1,750,16755.75,16763.25,16752.75,16753.75,921,NQ.v.0
2023-12-14 16:28:00+00:00,33,1,750,16754.0,16767.5,16754.0,16767.5,1055,NQ.v.0
2023-12-14 16:29:00+00:00,33,1,750,16767.0,16768.75,16761.75,16765.75,967,NQ.v.0
2023-12-14 16:30:00+00:00,33,1,750,16765.75,16776.0,16763.25,16771.0,1616,NQ.v.0
2023-12-14 16:31:00+00:00,33,1,750,16770.5,16776.25,16765.0,16772.75,1413,NQ.v.0
2023-12-14 16:32:00+00:00,33,1,750,16772.5,16775.75,16765.25,16774.5,819,NQ.v.0
2023-12-14 16:33:00+00:00,33,1,750,16774.5,16778.0,16767.75,16772.0,958,NQ.v.0
2023-12-14 16:34:00+00:00,33,1,750,16771.75,16772.25,16760.25,16765.0,1325,NQ.v.0
2023-12-14 16:35:00+00:00,33,1,750,16764.25,16768.5,16758.75,16759.75,1243,NQ.v.0
2023-12-14 16:36:00+00:00,33,1,750,16760.0,16761.75,16748.75,16753.0,1654,NQ.v.0
2023-12-14 16:37:00+00:00,33,1,750,16753.0,16757.0,16742.0,16752.0,1541,NQ.v.0
2023-12-14 16:38:00+00:00,33,1,750,16751.75,16753.0,16745.5,16748.5,1009,NQ.v.0
2023-12-14 16:39:00+00:00,33,1,750,16748.25,16755.75,16747.5,16752.5,737,NQ.v.0
2023-12-14 16:40:00+00:00,33,1,750,16752.5,16765.5,16752.0,16765.25,1300,NQ.v.0
2023-12-14 16:41:00+00:00,33,1,750,16764.75,16765.75,16756.5,16761.25,782,NQ.v.0
2023-12-14 16:42:00+00:00,33,1,750,16761.5,16768.0,16760.25,16765.75,820,NQ.v.0
2023-12-14 16:43:00+00:00,33,1,750,16765.5,16767.75,16761.75,16766.0,590,NQ.v.0
2023-12-14 16:44:00+00:00,33,1,750,16765.75,16773.5,16761.75,16773.0,1000,NQ.v.0
2023-12-14 16:45:00+00:00,33,1,750,16773.25,16776.25,16767.0,16775.75,1056,NQ.v.0
2023-12-14 16:46:00+00:00,33,1,750,16775.5,16782.75,16775.25,16778.25,991,NQ.v.0
2023-12-14 16:47:00+00:00,33,1,750,16778.5,16782.75,16773.0,16782.0,877,NQ.v.0
2023-12-14 16:48:00+00:00,33,1,750,16781.75,16785.75,16780.25,16784.25,847,NQ.v.0
2023-12-14 16:49:00+00:00,33,1,750,16784.5,16788.75,16779.25,16781.25,839,NQ.v.0
2023-12-14 16:50:00+00:00,33,1,750,16781.25,16781.75,16775.25,16777.0,711,NQ.v.0
2023-12-14 16:51:00+00:00,33,1,750,16777.0,16785.0,16776.25,16781.75,783,NQ.v.0
2023-12-14 16:52:00+00:00,33,1,750,16781.0,16783.75,16776.5,16776.5,615,NQ.v.0
2023-12-14 16:53:00+00:00,33,1,750,16777.0,16786.25,16774.75,16786.0,686,NQ.v.0
2023-12-14 16:54:00+00:00,33,1,750,16785.75,16785.75,16781.0,16784.75,484,NQ.v.0
2023-12-14 16:55:00+00:00,33,1,750,16784.75,16786.75,16778.75,16782.5,687,NQ.v.0
2023-12-14 16:56:00+00:00,33,1,750,16782.25,16790.75,16782.0,16785.25,1078,NQ.v.0
2023-12-14 16:57:00+00:00,33,1,750,16785.25,16787.0,16778.0,16780.25,806,NQ.v.0
2023-12-14 16:58:00+00:00,33,1,750,16780.5,16783.25,16775.0,16779.75,600,NQ.v.0
2023-12-14 16:59:00+00:00,33,1,750,16779.75,16781.5,16776.75,16779.0,543,NQ.v.0
2023-12-14 17:00:00+00:00,33,1,750,16779.5,16786.5,16776.0,16780.25,1096,NQ.v.0
2023-12-14 17:01:00+00:00,33,1,750,16780.25,16781.0,16775.75,16780.75,670,NQ.v.0
2023-12-14 17:02:00+00:00,33,1,750,16780.75,16787.75,16780.75,16785.25,873,NQ.v.0
2023-12-14 17:03:00+00:00,33,1,750,16785.25,16790.75,16784.25,16788.25,925,NQ.v.0
2023-12-14 17:04:00+00:00,33,1,750,16787.75,16788.5,16783.0,16788.0,658,NQ.v.0
2023-12-14 17:05:00+00:00,33,1,750,16787.25,16793.25,16786.25,16792.25,905,NQ.v.0
2023-12-14 17:06:00+00:00,33,1,750,16792.75,16794.75,16779.75,16782.25,1317,NQ.v.0
2023-12-14 17:07:00+00:00,33,1,750,16782.5,16785.75,16781.0,16782.25,627,NQ.v.0
2023-12-14 17:08:00+00:00,33,1,750,16782.25,16787.25,16781.0,16786.75,439,NQ.v.0
2023-12-14 17:09:00+00:00,33,1,750,16787.0,16792.75,16787.0,16790.5,594,NQ.v.0
2023-12-14 17:10:00+00:00,33,1,750,16790.5,16792.75,16788.0,16788.75,601,NQ.v.0
2023-12-14 17:11:00+00:00,33,1,750,16788.75,16791.75,16785.25,16790.5,663,NQ.v.0
2023-12-14 17:12:00+00:00,33,1,750,16790.75,16795.75,16790.0,16793.25,817,NQ.v.0
2023-12-14 17:13:00+00:00,33,1,750,16793.0,16800.0,16790.5,16795.25,1289,NQ.v.0
2023-12-14 17:14:00+00:00,33,1,750,16795.5,16800.0,16793.75,16799.0,736,NQ.v.0
2023-12-14 17:15:00+00:00,33,1,750,16798.75,16800.25,16796.25,16798.25,713,NQ.v.0
2023-12-14 17:16:00+00:00,33,1,750,16798.25,16800.75,16795.75,16796.75,496,NQ.v.0
2023-12-14 17:17:00+00:00,33,1,750,16796.5,16798.0,16793.25,16793.75,592,NQ.v.0
2023-12-14 17:18:00+00:00,33,1,750,16793.5,16793.75,16782.0,16782.25,1477,NQ.v.0
2023-12-14 17:19:00+00:00,33,1,750,16782.75,16789.75,16782.25,16789.5,701,NQ.v.0
2023-12-14 17:20:00+00:00,33,1,750,16789.5,16797.25,16788.0,16796.5,914,NQ.v.0
2023-12-14 17:21:00+00:00,33,1,750,16796.25,16800.75,16795.5,16799.5,680,NQ.v.0
2023-12-14 17:22:00+00:00,33,1,750,16799.5,16802.25,16798.0,16801.75,730,NQ.v.0
2023-12-14 17:23:00+00:00,33,1,750,16801.5,16802.5,16796.75,16798.0,672,NQ.v.0
2023-12-14 17:24:00+00:00,33,1,750,16798.25,16800.5,16786.75,16791.75,1215,NQ.v.0
2023-12-14 17:25:00+00:00,33,1,750,16792.0,16803.75,16791.75,16803.5,946,NQ.v.0
2023-12-14 17:26:00+00:00,33,1,750,16803.5,16804.5,16801.0,16802.0,782,NQ.v.0
2023-12-14 17:27:00+00:00,33,1,750,16801.5,16804.5,16796.25,16804.0,766,NQ.v.0
2023-12-14 17:28:00+00:00,33,1,750,16804.5,16806.75,16803.5,16804.75,892,NQ.v.0
2023-12-14 17:29:00+00:00,33,1,750,16805.0,16809.25,16804.75,16807.75,1073,NQ.v.0
2023-12-14 17:30:00+00:00,33,1,750,16807.75,16809.5,16800.75,16802.0,1053,NQ.v.0
2023-12-14 17:31:00+00:00,33,1,750,16802.25,16808.5,16802.25,16807.5,605,NQ.v.0
2023-12-14 17:32:00+00:00,33,1,750,16807.5,16812.25,16804.75,16809.75,887,NQ.v.0
2023-12-14 17:33:00+00:00,33,1,750,16810.25,16813.0,16809.0,16809.25,638,NQ.v.0
2023-12-14 17:34:00+00:00,33,1,750,16808.75,16811.75,16806.5,16810.25,709,NQ.v.0
2023-12-14 17:35:00+00:00,33,1,750,16810.25,16812.75,16809.0,16811.0,506,NQ.v.0
2023-12-14 17:36:00+00:00,33,1,750,16810.5,16811.25,16804.75,16806.75,733,NQ.v.0
2023-12-14 17:37:00+00:00,33,1,750,16806.0,16807.5,16801.25,16805.5,695,NQ.v.0
2023-12-14 17:38:00+00:00,33,1,750,16805.5,16806.25,16801.5,16804.25,444,NQ.v.0
2023-12-14 17:39:00+00:00,33,1,750,16803.25,16804.25,16797.75,16798.0,702,NQ.v.0
2023-12-14 17:40:00+00:00,33,1,750,16798.5,16805.0,16798.5,16801.5,805,NQ.v.0
2023-12-14 17:41:00+00:00,33,1,750,16801.25,16804.0,16798.75,16801.25,541,NQ.v.0
2023-12-14 17:42:00+00:00,33,1,750,16801.25,16805.0,16801.25,16803.0,426,NQ.v.0
2023-12-14 17:43:00+00:00,33,1,750,16803.25,16810.5,16803.0,16810.0,698,NQ.v.0
2023-12-14 17:44:00+00:00,33,1,750,16809.5,16811.5,16806.5,16808.5,711,NQ.v.0
2023-12-14 17:45:00+00:00,33,1,750,16808.5,16810.5,16805.5,16810.5,450,NQ.v.0
2023-12-14 17:46:00+00:00,33,1,750,16810.0,16817.25,16810.0,16816.0,1149,NQ.v.0
2023-12-14 17:47:00+00:00,33,1,750,16815.75,16818.0,16811.25,16814.25,1043,NQ.v.0
2023-12-14 17:48:00+00:00,33,1,750,16814.0,16817.75,16813.5,16815.25,707,NQ.v.0
2023-12-14 17:49:00+00:00,33,1,750,16815.25,16815.25,16808.25,16809.25,570,NQ.v.0
2023-12-14 17:50:00+00:00,33,1,750,16809.0,16809.75,16799.25,16800.25,1000,NQ.v.0
2023-12-14 17:51:00+00:00,33,1,750,16799.75,16800.0,16781.25,16788.0,2287,NQ.v.0
2023-12-14 17:52:00+00:00,33,1,750,16788.25,16793.25,16785.5,16785.75,975,NQ.v.0
2023-12-14 17:53:00+00:00,33,1,750,16785.5,16788.25,16773.25,16773.5,1468,NQ.v.0
2023-12-14 17:54:00+00:00,33,1,750,16773.75,16781.25,16773.75,16774.5,923,NQ.v.0
2023-12-14 17:55:00+00:00,33,1,750,16774.0,16777.75,16758.5,16761.75,2066,NQ.v.0
2023-12-14 17:56:00+00:00,33,1,750,16761.5,16762.5,16750.75,16753.25,2002,NQ.v.0
2023-12-14 17:57:00+00:00,33,1,750,16753.0,16756.25,16751.25,16754.0,1056,NQ.v.0
2023-12-14 17:58:00+00:00,33,1,750,16754.25,16755.0,16744.5,16745.25,1535,NQ.v.0
2023-12-14 17:59:00+00:00,33,1,750,16745.25,16746.25,16734.0,16735.0,2300,NQ.v.0
2023-12-14 18:00:00+00:00,33,1,750,16735.25,16736.0,16704.75,16707.25,4761,NQ.v.0
2023-12-14 18:01:00+00:00,33,1,750,16707.5,16713.5,16700.5,16701.5,2300,NQ.v.0
2023-12-14 18:02:00+00:00,33,1,750,16701.25,16707.5,16701.25,16703.75,1556,NQ.v.0
2023-12-14 18:03:00+00:00,33,1,750,16704.0,16705.5,16696.75,16702.0,2139,NQ.v.0
2023-12-14 18:04:00+00:00,33,1,750,16702.0,16718.0,16701.0,16710.0,2367,NQ.v.0
2023-12-14 18:05:00+00:00,33,1,750,16710.25,16716.5,16710.25,16712.75,1389,NQ.v.0
2023-12-14 18:06:00+00:00,33,1,750,16712.5,16716.25,16710.25,16711.75,898,NQ.v.0
2023-12-14 18:07:00+00:00,33,1,750,16712.0,16715.75,16701.75,16703.0,2388,NQ.v.0
2023-12-14 18:08:00+00:00,33,1,750,16703.25,16706.75,16702.75,16705.75,754,NQ.v.0
2023-12-14 18:09:00+00:00,33,1,750,16705.75,16711.5,16705.0,16710.25,1043,NQ.v.0
2023-12-14 18:10:00+00:00,33,1,750,16710.75,16717.75,16710.75,16712.5,1148,NQ.v.0
2023-12-14 18:11:00+00:00,33,1,750,16712.75,16714.5,16707.75,16710.75,1149,NQ.v.0
2023-12-14 18:12:00+00:00,33,1,750,16710.75,16716.0,16708.5,16714.5,1041,NQ.v.0
2023-12-14 18:13:00+00:00,33,1,750,16714.75,16715.25,16695.25,16698.5,1691,NQ.v.0
2023-12-14 18:14:00+00:00,33,1,750,16698.5,16703.5,16695.25,16702.5,1978,NQ.v.0
2023-12-14 18:15:00+00:00,33,1,750,16702.25,16704.0,16696.25,16696.75,1202,NQ.v.0
2023-12-14 18:16:00+00:00,33,1,750,16697.25,16701.5,16693.75,16700.25,1178,NQ.v.0
2023-12-14 18:17:00+00:00,33,1,750,16700.0,16706.25,16697.75,16702.25,1069,NQ.v.0
2023-12-14 18:18:00+00:00,33,1,750,16702.5,16703.5,16695.0,16695.75,743,NQ.v.0
2023-12-14 18:19:00+00:00,33,1,750,16696.25,16700.75,16691.5,16692.0,1048,NQ.v.0
2023-12-14 18:20:00+00:00,33,1,750,16691.75,16704.0,16690.5,16693.75,1451,NQ.v.0
2023-12-14 18:21:00+00:00,33,1,750,16694.5,16696.5,16690.75,16694.25,901,NQ.v.0
2023-12-14 18:22:00+00:00,33,1,750,16694.5,16698.0,16691.25,16697.25,562,NQ.v.0
2023-12-14 18:23:00+00:00,33,1,750,16696.75,16697.5,16692.25,16693.75,619,NQ.v.0
2023-12-14 18:24:00+00:00,33,1,750,16693.5,16696.25,16689.0,16693.5,1285,NQ.v.0
2023-12-14 18:25:00+00:00,33,1,750,16693.75,16694.25,16684.5,16688.0,1599,NQ.v.0
2023-12-14 18:26:00+00:00,33,1,750,16687.5,16688.25,16682.0,16685.5,1452,NQ.v.0
2023-12-14 18:27:00+00:00,33,1,750,16685.25,16689.0,16683.0,16686.5,831,NQ.v.0
2023-12-14 18:28:00+00:00,33,1,750,16687.0,16689.75,16682.5,16689.0,1443,NQ.v.0
2023-12-14 18:29:00+00:00,33,1,750,16688.75,16689.0,16682.25,16684.5,1240,NQ.v.0
2023-12-14 18:30:00+00:00,33,1,750,16684.25,16690.5,16681.25,16688.75,1663,NQ.v.0
2023-12-14 18:31:00+00:00,33,1,750,16689.0,16696.5,16688.5,16696.25,1588,NQ.v.0
2023-12-14 18:32:00+00:00,33,1,750,16696.25,16697.25,16691.0,16692.5,954,NQ.v.0
2023-12-14 18:33:00+00:00,33,1,750,16692.75,16694.75,16684.75,16691.0,1427,NQ.v.0
2023-12-14 18:34:00+00:00,33,1,750,16691.25,16703.0,16691.25,16702.0,1541,NQ.v.0
2023-12-14 18:35:00+00:00,33,1,750,16701.75,16703.0,16692.75,16695.75,1126,NQ.v.0
2023-12-14 18:36:00+00:00,33,1,750,16695.5,16698.0,16694.75,16697.25,629,NQ.v.0
2023-12-14 18:37:00+00:00,33,1,750,16697.5,16699.5,16691.75,16693.0,695,NQ.v.0
2023-12-14 18:38:00+00:00,33,1,750,16693.25,16697.5,16693.0,16693.5,644,NQ.v.0
2023-12-14 18:39:00+00:00,33,1,750,16693.5,16697.5,16690.5,16692.75,723,NQ.v.0
2023-12-14 18:40:00+00:00,33,1,750,16692.0,16698.25,16689.75,16698.25,708,NQ.v.0
2023-12-14 18:41:00+00:00,33,1,750,16698.0,16699.0,16693.0,16694.75,619,NQ.v.0
2023-12-14 18:42:00+00:00,33,1,750,16695.0,16701.5,16694.5,16694.75,863,NQ.v.0
2023-12-14 18:43:00+00:00,33,1,750,16694.5,16696.0,16690.5,16694.75,906,NQ.v.0
2023-12-14 18:44:00+00:00,33,1,750,16695.25,16695.5,16690.0,16691.5,526,NQ.v.0
2023-12-14 18:45:00+00:00,33,1,750,16691.5,16694.5,16689.25,16693.5,672,NQ.v.0
2023-12-14 18:46:00+00:00,33,1,750,16693.25,16694.25,16688.0,16689.25,513,NQ.v.0
2023-12-14 18:47:00+00:00,33,1,750,16689.25,16690.0,16683.75,16683.75,1027,NQ.v.0
2023-12-14 18:48:00+00:00,33,1,750,16683.5,16686.25,16675.75,16676.5,2384,NQ.v.0
2023-12-14 18:49:00+00:00,33,1,750,16676.5,16679.0,16668.75,16671.25,1911,NQ.v.0
2023-12-14 18:50:00+00:00,33,1,750,16671.25,16671.5,16653.25,16659.25,2941,NQ.v.0
2023-12-14 18:51:00+00:00,33,1,750,16658.75,16661.5,16642.0,16643.75,2686,NQ.v.0
2023-12-14 18:52:00+00:00,33,1,750,16643.5,16644.5,16632.0,16640.5,3022,NQ.v.0
2023-12-14 18:53:00+00:00,33,1,750,16640.5,16640.5,16628.0,16628.0,2286,NQ.v.0
2023-12-14 18:54:00+00:00,33,1,750,16628.5,16642.0,16628.25,16640.5,2139,NQ.v.0
2023-12-14 18:55:00+00:00,33,1,750,16640.25,16657.25,16640.25,16649.75,2941,NQ.v.0
2023-12-14 18:56:00+00:00,33,1,750,16650.25,16659.5,16650.25,16658.25,1580,NQ.v.0
2023-12-14 18:57:00+00:00,33,1,750,16658.25,16660.5,16652.75,16653.5,1216,NQ.v.0
2023-12-14 18:58:00+00:00,33,1,750,16653.75,16660.0,16653.5,16659.75,928,NQ.v.0
2023-12-14 18:59:00+00:00,33,1,750,16659.75,16668.75,16659.0,16668.0,2175,NQ.v.0
2023-12-14 19:00:00+00:00,33,1,750,16668.0,16683.75,16666.5,16673.0,3131,NQ.v.0
2023-12-14 19:01:00+00:00,33,1,750,16673.25,16684.75,16673.25,16684.5,1613,NQ.v.0
2023-12-14 19:02:00+00:00,33,1,750,16684.75,16687.0,16681.5,16682.25,1242,NQ.v.0
2023-12-14 19:03:00+00:00,33,1,750,16682.0,16688.0,16681.25,16685.5,1106,NQ.v.0
2023-12-14 19:04:00+00:00,33,1,750,16685.5,16685.75,16679.25,16681.5,1338,NQ.v.0
2023-12-14 19:05:00+00:00,33,1,750,16681.5,16689.25,16679.5,16688.25,1053,NQ.v.0
2023-12-14 19:06:00+00:00,33,1,750,16688.0,16691.25,16680.0,16690.75,1428,NQ.v.0
2023-12-14 19:07:00+00:00,33,1,750,16690.75,16694.0,16686.5,16689.5,1234,NQ.v.0
2023-12-14 19:08:00+00:00,33,1,750,16689.25,16689.5,16682.75,16684.0,838,NQ.v.0
2023-12-14 19:09:00+00:00,33,1,750,16684.25,16686.0,16677.0,16680.5,1666,NQ.v.0
2023-12-14 19:10:00+00:00,33,1,750,16680.75,16691.5,16673.25,16691.25,2488,NQ.v.0
2023-12-14 19:11:00+00:00,33,1,750,16691.0,16696.75,16688.0,16689.25,1505,NQ.v.0
2023-12-14 19:12:00+00:00,33,1,750,16689.25,16700.0,16688.75,16699.5,1374,NQ.v.0
2023-12-14 19:13:00+00:00,33,1,750,16699.75,16700.0,16694.25,16695.25,1191,NQ.v.0
2023-12-14 19:14:00+00:00,33,1,750,16695.0,16698.0,16692.25,16693.0,915,NQ.v.0
2023-12-14 19:15:00+00:00,33,1,750,16692.75,16696.25,16692.5,16694.0,700,NQ.v.0
2023-12-14 19:16:00+00:00,33,1,750,16693.75,16701.0,16693.25,16700.75,985,NQ.v.0
2023-12-14 19:17:00+00:00,33,1,750,16700.5,16704.75,16699.5,16702.25,1453,NQ.v.0
2023-12-14 19:18:00+00:00,33,1,750,16702.5,16707.25,16702.5,16705.25,1386,NQ.v.0
2023-12-14 19:19:00+00:00,33,1,750,16705.0,16712.0,16704.5,16711.75,1328,NQ.v.0
2023-12-14 19:20:00+00:00,33,1,750,16711.75,16715.25,16711.25,16712.5,1356,NQ.v.0
2023-12-14 19:21:00+00:00,33,1,750,16712.0,16715.75,16710.0,16713.0,825,NQ.v.0
2023-12-14 19:22:00+00:00,33,1,750,16713.0,16718.5,16712.75,16717.5,1099,NQ.v.0
2023-12-14 19:23:00+00:00,33,1,750,16717.5,16720.5,16712.0,16714.75,1511,NQ.v.0
2023-12-14 19:24:00+00:00,33,1,750,16714.75,16720.0,16714.5,16719.75,972,NQ.v.0
2023-12-14 19:25:00+00:00,33,1,750,16719.75,16721.75,16718.0,16720.5,1093,NQ.v.0
2023-12-14 19:26:00+00:00,33,1,750,16720.5,16724.0,16718.25,16721.5,916,NQ.v.0
2023-12-14 19:27:00+00:00,33,1,750,16721.75,16722.25,16716.75,16719.5,659,NQ.v.0
2023-12-14 19:28:00+00:00,33,1,750,16719.0,16720.25,16711.75,16717.0,1515,NQ.v.0
2023-12-14 19:29:00+00:00,33,1,750,16716.75,16725.75,16716.25,16725.5,1040,NQ.v.0
2023-12-14 19:30:00+00:00,33,1,750,16725.25,16726.75,16717.0,16718.5,1334,NQ.v.0
2023-12-14 19:31:00+00:00,33,1,750,16718.25,16722.0,16714.0,16714.75,797,NQ.v.0
2023-12-14 19:32:00+00:00,33,1,750,16715.0,16723.0,16711.5,16718.5,1493,NQ.v.0
2023-12-14 19:33:00+00:00,33,1,750,16718.75,16721.25,16715.25,16721.0,583,NQ.v.0
2023-12-14 19:34:00+00:00,33,1,750,16721.25,16729.5,16720.5,16726.25,1453,NQ.v.0
2023-12-14 19:35:00+00:00,33,1,750,16726.0,16728.75,16725.25,16727.5,665,NQ.v.0
2023-12-14 19:36:00+00:00,33,1,750,16727.75,16734.0,16719.0,16719.5,1820,NQ.v.0
2023-12-14 19:37:00+00:00,33,1,750,16719.5,16727.75,16718.5,16722.0,983,NQ.v.0
2023-12-14 19:38:00+00:00,33,1,750,16722.5,16731.5,16721.5,16728.75,693,NQ.v.0
2023-12-14 19:39:00+00:00,33,1,750,16728.75,16730.75,16723.25,16723.25,644,NQ.v.0
2023-12-14 19:40:00+00:00,33,1,750,16723.25,16725.0,16719.0,16723.75,991,NQ.v.0
2023-12-14 19:41:00+00:00,33,1,750,16723.25,16726.75,16721.0,16721.5,587,NQ.v.0
2023-12-14 19:42:00+00:00,33,1,750,16721.5,16724.0,16719.75,16723.5,568,NQ.v.0
2023-12-14 19:43:00+00:00,33,1,750,16723.25,16728.25,16721.25,16728.0,646,NQ.v.0
2023-12-14 19:44:00+00:00,33,1,750,16728.0,16729.75,16726.25,16727.0,562,NQ.v.0
2023-12-14 19:45:00+00:00,33,1,750,16726.5,16730.0,16725.25,16726.0,561,NQ.v.0
2023-12-14 19:46:00+00:00,33,1,750,16725.75,16731.75,16725.0,16727.25,893,NQ.v.0
2023-12-14 19:47:00+00:00,33,1,750,16727.5,16731.25,16727.25,16731.0,594,NQ.v.0
2023-12-14 19:48:00+00:00,33,1,750,16731.0,16736.5,16731.0,16736.25,1236,NQ.v.0
2023-12-14 19:49:00+00:00,33,1,750,16736.0,16740.0,16735.25,16738.5,1115,NQ.v.0
2023-12-14 19:50:00+00:00,33,1,750,16738.25,16742.0,16736.0,16740.0,968,NQ.v.0
2023-12-14 19:51:00+00:00,33,1,750,16740.0,16740.5,16736.25,16738.75,545,NQ.v.0
2023-12-14 19:52:00+00:00,33,1,750,16738.5,16741.5,16736.5,16739.0,598,NQ.v.0
2023-12-14 19:53:00+00:00,33,1,750,16738.75,16739.25,16732.0,16732.0,756,NQ.v.0
2023-12-14 19:54:00+00:00,33,1,750,16732.0,16735.25,16729.0,16730.5,1110,NQ.v.0
2023-12-14 19:55:00+00:00,33,1,750,16730.75,16737.5,16728.5,16737.5,934,NQ.v.0
2023-12-14 19:56:00+00:00,33,1,750,16737.5,16741.0,16737.0,16738.75,1165,NQ.v.0
2023-12-14 19:57:00+00:00,33,1,750,16738.5,16738.5,16730.75,16733.75,903,NQ.v.0
2023-12-14 19:58:00+00:00,33,1,750,16733.75,16735.5,16732.0,16732.75,755,NQ.v.0
2023-12-14 19:59:00+00:00,33,1,750,16732.5,16738.75,16732.25,16737.75,867,NQ.v.0
2023-12-14 20:00:00+00:00,33,1,750,16737.5,16739.0,16733.5,16736.5,1021,NQ.v.0
2023-12-14 20:01:00+00:00,33,1,750,16736.5,16742.75,16735.5,16741.25,1003,NQ.v.0
2023-12-14 20:02:00+00:00,33,1,750,16741.5,16742.0,16734.75,16741.5,727,NQ.v.0
2023-12-14 20:03:00+00:00,33,1,750,16741.5,16743.25,16739.5,16742.0,514,NQ.v.0
2023-12-14 20:04:00+00:00,33,1,750,16742.25,16744.25,16730.75,16731.0,1046,NQ.v.0
2023-12-14 20:05:00+00:00,33,1,750,16730.75,16737.75,16728.75,16736.5,1164,NQ.v.0
2023-12-14 20:06:00+00:00,33,1,750,16736.5,16742.75,16735.75,16737.75,1255,NQ.v.0
2023-12-14 20:07:00+00:00,33,1,750,16738.0,16738.75,16731.25,16734.25,841,NQ.v.0
2023-12-14 20:08:00+00:00,33,1,750,16734.5,16742.75,16734.5,16738.5,880,NQ.v.0
2023-12-14 20:09:00+00:00,33,1,750,16738.75,16739.75,16734.0,16734.75,542,NQ.v.0
2023-12-14 20:10:00+00:00,33,1,750,16734.5,16735.75,16732.0,16733.75,699,NQ.v.0
2023-12-14 20:11:00+00:00,33,1,750,16734.0,16738.0,16731.5,16737.5,475,NQ.v.0
2023-12-14 20:12:00+00:00,33,1,750,16737.5,16744.75,16735.5,16736.75,1717,NQ.v.0
2023-12-14 20:13:00+00:00,33,1,750,16736.75,16738.25,16731.25,16731.75,788,NQ.v.0
2023-12-14 20:14:00+00:00,33,1,750,16731.75,16738.5,16731.25,16733.5,594,NQ.v.0
2023-12-14 20:15:00+00:00,33,1,750,16733.25,16738.5,16729.0,16736.75,998,NQ.v.0
2023-12-14 20:16:00+00:00,33,1,750,16737.25,16737.5,16732.5,16735.5,516,NQ.v.0
2023-12-14 20:17:00+00:00,33,1,750,16735.75,16740.5,16733.25,16740.25,783,NQ.v.0
2023-12-14 20:18:00+00:00,33,1,750,16740.0,16741.25,16734.0,16739.25,567,NQ.v.0
2023-12-14 20:19:00+00:00,33,1,750,16739.5,16745.75,16739.5,16744.5,1050,NQ.v.0
2023-12-14 20:20:00+00:00,33,1,750,16744.75,16745.5,16737.0,16738.25,825,NQ.v.0
2023-12-14 20:21:00+00:00,33,1,750,16738.25,16743.75,16736.25,16742.25,451,NQ.v.0
2023-12-14 20:22:00+00:00,33,1,750,16742.5,16743.75,16740.5,16743.0,474,NQ.v.0
2023-12-14 20:23:00+00:00,33,1,750,16743.0,16743.25,16738.25,16740.0,573,NQ.v.0
2023-12-14 20:24:00+00:00,33,1,750,16740.25,16747.5,16740.25,16746.75,994,NQ.v.0
2023-12-14 20:25:00+00:00,33,1,750,16746.75,16747.75,16743.0,16744.5,816,NQ.v.0
2023-12-14 20:26:00+00:00,33,1,750,16744.25,16745.75,16741.25,16742.0,600,NQ.v.0
2023-12-14 20:27:00+00:00,33,1,750,16742.25,16743.25,16738.75,16741.5,515,NQ.v.0
2023-12-14 20:28:00+00:00,33,1,750,16741.75,16744.25,16740.25,16743.25,358,NQ.v.0
2023-12-14 20:29:00+00:00,33,1,750,16743.0,16745.0,16731.5,16733.5,1132,NQ.v.0
2023-12-14 20:30:00+00:00,33,1,750,16734.0,16740.75,16733.5,16737.0,1108,NQ.v.0
2023-12-14 20:31:00+00:00,33,1,750,16736.5,16740.25,16735.25,16738.25,575,NQ.v.0
2023-12-14 20:32:00+00:00,33,1,750,16738.0,16741.25,16735.0,16735.75,566,NQ.v.0
2023-12-14 20:33:00+00:00,33,1,750,16735.5,16737.5,16732.5,16737.0,600,NQ.v.0
2023-12-14 20:34:00+00:00,33,1,750,16736.75,16738.25,16735.25,16736.75,302,NQ.v.0
2023-12-14 20:35:00+00:00,33,1,750,16736.75,16745.0,16734.0,16742.0,1061,NQ.v.0
2023-12-14 20:36:00+00:00,33,1,750,16741.75,16748.75,16741.75,16746.0,1003,NQ.v.0
2023-12-14 20:37:00+00:00,33,1,750,16746.0,16746.0,16738.5,16741.25,976,NQ.v.0
2023-12-14 20:38:00+00:00,33,1,750,16741.5,16744.5,16737.0,16737.75,527,NQ.v.0
2023-12-14 20:39:00+00:00,33,1,750,16738.0,16738.25,16731.5,16732.5,874,NQ.v.0
2023-12-14 20:40:00+00:00,33,1,750,16732.75,16735.5,16729.75,16732.25,1098,NQ.v.0
2023-12-14 20:41:00+00:00,33,1,750,16732.25,16740.0,16731.75,16737.5,1032,NQ.v.0
2023-12-14 20:42:00+00:00,33,1,750,16737.5,16739.5,16734.0,16737.0,718,NQ.v.0
2023-12-14 20:43:00+00:00,33,1,750,16737.25,16744.0,16734.25,16742.75,1118,NQ.v.0
2023-12-14 20:44:00+00:00,33,1,750,16742.0,16744.75,16735.25,16735.25,861,NQ.v.0
2023-12-14 20:45:00+00:00,33,1,750,16735.5,16741.25,16735.5,16740.5,573,NQ.v.0
2023-12-14 20:46:00+00:00,33,1,750,16740.25,16753.5,16740.0,16743.0,1742,NQ.v.0
2023-12-14 20:47:00+00:00,33,1,750,16742.75,16746.5,16735.0,16737.0,1628,NQ.v.0
2023-12-14 20:48:00+00:00,33,1,750,16737.25,16742.0,16736.0,16741.0,786,NQ.v.0
2023-12-14 20:49:00+00:00,33,1,750,16740.75,16740.75,16731.25,16735.0,1590,NQ.v.0
2023-12-14 20:50:00+00:00,33,1,750,16734.5,16750.0,16732.25,16749.25,1816,NQ.v.0
2023-12-14 20:51:00+00:00,33,1,750,16749.25,16754.75,16748.5,16752.25,1921,NQ.v.0
2023-12-14 20:52:00+00:00,33,1,750,16752.25,16757.0,16749.0,16750.75,1481,NQ.v.0
2023-12-14 20:53:00+00:00,33,1,750,16750.75,16750.75,16738.5,16746.75,1875,NQ.v.0
2023-12-14 20:54:00+00:00,33,1,750,16746.5,16748.5,16737.25,16739.5,2022,NQ.v.0
2023-12-14 20:55:00+00:00,33,1,750,16739.75,16750.75,16738.5,16748.0,1971,NQ.v.0
2023-12-14 20:56:00+00:00,33,1,750,16748.25,16748.75,16735.0,16736.0,1689,NQ.v.0
2023-12-14 20:57:00+00:00,33,1,750,16735.75,16745.0,16735.25,16745.0,1878,NQ.v.0
2023-12-14 20:58:00+00:00,33,1,750,16745.0,16749.25,16739.75,16748.25,2447,NQ.v.0
2023-12-14 20:59:00+00:00,33,1,750,16748.0,16758.0,16746.75,16755.5,9639,NQ.v.0
2023-12-14 21:00:00+00:00,33,1,750,16755.5,16764.75,16754.5,16763.25,3470,NQ.v.0
2023-12-14 21:01:00+00:00,33,1,750,16763.0,16766.0,16761.75,16764.0,1194,NQ.v.0
2023-12-14 21:02:00+00:00,33,1,750,16764.0,16765.0,16753.25,16756.0,1242,NQ.v.0
2023-12-14 21:03:00+00:00,33,1,750,16755.75,16756.5,16752.25,16754.25,544,NQ.v.0
2023-12-14 21:04:00+00:00,33,1,750,16754.0,16755.0,16750.25,16751.5,637,NQ.v.0
2023-12-14 21:05:00+00:00,33,1,750,16751.25,16751.25,16744.75,16745.75,832,NQ.v.0
2023-12-14 21:06:00+00:00,33,1,750,16745.5,16749.5,16744.0,16748.5,372,NQ.v.0
2023-12-14 21:07:00+00:00,33,1,750,16748.75,16749.0,16744.0,16744.5,401,NQ.v.0
2023-12-14 21:08:00+00:00,33,1,750,16744.75,16745.5,16740.0,16740.5,566,NQ.v.0
2023-12-14 21:09:00+00:00,33,1,750,16740.5,16745.0,16740.5,16744.25,338,NQ.v.0
2023-12-14 21:10:00+00:00,33,1,750,16744.5,16745.75,16743.5,16744.75,365,NQ.v.0
2023-12-14 21:11:00+00:00,33,1,750,16744.5,16747.0,16743.25,16746.75,344,NQ.v.0
2023-12-14 21:12:00+00:00,33,1,750,16747.0,16747.25,16744.25,16745.0,166,NQ.v.0
2023-12-14 21:13:00+00:00,33,1,750,16744.75,16747.0,16744.25,16746.5,177,NQ.v.0
2023-12-14 21:14:00+00:00,33,1,750,16746.5,16746.75,16742.25,16742.25,287,NQ.v.0
2023-12-14 21:15:00+00:00,33,1,750,16742.5,16747.5,16742.25,16747.0,321,NQ.v.0
2023-12-14 21:16:00+00:00,33,1,750,16747.75,16749.0,16746.75,16748.5,475,NQ.v.0
2023-12-14 21:17:00+00:00,33,1,750,16748.5,16750.0,16748.25,16748.25,166,NQ.v.0
2023-12-14 21:18:00+00:00,33,1,750,16748.5,16749.0,16747.75,16748.5,67,NQ.v.0
2023-12-14 21:19:00+00:00,33,1,750,16749.0,16749.25,16747.0,16747.5,145,NQ.v.0
2023-12-14 21:20:00+00:00,33,1,750,16747.5,16748.5,16744.25,16744.5,213,NQ.v.0
2023-12-14 21:21:00+00:00,33,1,750,16744.75,16744.75,16740.0,16740.75,225,NQ.v.0
2023-12-14 21:22:00+00:00,33,1,750,16741.0,16745.0,16740.75,16744.5,132,NQ.v.0
2023-12-14 21:23:00+00:00,33,1,750,16744.5,16746.75,16744.5,16745.5,191,NQ.v.0
2023-12-14 21:24:00+00:00,33,1,750,16745.5,16748.0,16745.5,16747.25,85,NQ.v.0
2023-12-14 21:25:00+00:00,33,1,750,16747.25,16747.5,16745.25,16746.25,66,NQ.v.0
2023-12-14 21:26:00+00:00,33,1,750,16745.5,16747.0,16744.25,16744.25,79,NQ.v.0
2023-12-14 21:27:00+00:00,33,1,750,16745.0,16745.0,16743.5,16744.5,165,NQ.v.0
2023-12-14 21:28:00+00:00,33,1,750,16744.5,16745.0,16743.25,16743.75,80,NQ.v.0
2023-12-14 21:29:00+00:00,33,1,750,16743.5,16744.75,16743.0,16743.75,60,NQ.v.0
2023-12-14 21:30:00+00:00,33,1,750,16743.75,16745.0,16743.5,16744.0,55,NQ.v.0
2023-12-14 21:31:00+00:00,33,1,750,16743.75,16745.25,16743.25,16744.75,68,NQ.v.0
2023-12-14 21:32:00+00:00,33,1,750,16745.0,16745.75,16744.25,16745.75,42,NQ.v.0
2023-12-14 21:33:00+00:00,33,1,750,16745.0,16745.75,16745.0,16745.5,35,NQ.v.0
2023-12-14 21:34:00+00:00,33,1,750,16745.25,16745.5,16743.75,16743.75,65,NQ.v.0
2023-12-14 21:35:00+00:00,33,1,750,16743.75,16744.5,16741.25,16741.5,148,NQ.v.0
2023-12-14 21:36:00+00:00,33,1,750,16741.75,16743.5,16741.0,16741.0,119,NQ.v.0
2023-12-14 21:37:00+00:00,33,1,750,16741.5,16741.5,16740.5,16741.25,48,NQ.v.0
2023-12-14 21:38:00+00:00,33,1,750,16741.5,16742.5,16741.5,16742.25,55,NQ.v.0
2023-12-14 21:39:00+00:00,33,1,750,16742.0,16743.0,16742.0,16742.25,29,NQ.v.0
2023-12-14 21:40:00+00:00,33,1,750,16742.25,16742.75,16742.0,16742.5,32,NQ.v.0
2023-12-14 21:41:00+00:00,33,1,750,16742.75,16744.0,16742.75,16743.25,76,NQ.v.0
2023-12-14 21:42:00+00:00,33,1,750,16743.25,16743.25,16741.5,16742.0,44,NQ.v.0
2023-12-14 21:43:00+00:00,33,1,750,16742.25,16743.0,16741.5,16742.75,85,NQ.v.0
2023-12-14 21:44:00+00:00,33,1,750,16742.5,16743.0,16741.5,16741.75,63,NQ.v.0
2023-12-14 21:45:00+00:00,33,1,750,16742.25,16742.5,16740.5,16741.5,68,NQ.v.0
2023-12-14 21:46:00+00:00,33,1,750,16741.0,16741.5,16740.25,16740.5,56,NQ.v.0
2023-12-14 21:47:00+00:00,33,1,750,16740.25,16741.75,16740.25,16741.25,62,NQ.v.0
2023-12-14 21:48:00+00:00,33,1,750,16741.75,16743.0,16741.5,16742.75,87,NQ.v.0
2023-12-14 21:49:00+00:00,33,1,750,16742.75,16743.0,16742.5,16743.0,73,NQ.v.0
2023-12-14 21:50:00+00:00,33,1,750,16742.75,16743.0,16742.25,16743.0,55,NQ.v.0
2023-12-14 21:51:00+00:00,33,1,750,16743.0,16745.0,16743.0,16744.25,71,NQ.v.0
2023-12-14 21:52:00+00:00,33,1,750,16744.5,16746.0,16743.0,16745.0,81,NQ.v.0
2023-12-14 21:53:00+00:00,33,1,750,16745.25,16746.0,16743.25,16743.25,31,NQ.v.0
2023-12-14 21:54:00+00:00,33,1,750,16743.75,16744.25,16743.25,16743.5,37,NQ.v.0
2023-12-14 21:55:00+00:00,33,1,750,16743.75,16744.25,16742.25,16743.0,103,NQ.v.0
2023-12-14 21:56:00+00:00,33,1,750,16743.25,16744.25,16743.25,16743.5,97,NQ.v.0
2023-12-14 21:57:00+00:00,33,1,750,16743.75,16744.0,16741.5,16741.75,79,NQ.v.0
2023-12-14 21:58:00+00:00,33,1,750,16741.5,16742.5,16741.5,16741.5,32,NQ.v.0
2023-12-14 21:59:00+00:00,33,1,750,16742.0,16743.75,16741.5,16743.0,98,NQ.v.0
2023-12-14 23:00:00+00:00,33,1,750,16739.25,16743.5,16735.75,16741.5,140,NQ.v.0
2023-12-14 23:01:00+00:00,33,1,750,16741.5,16744.25,16736.5,16737.0,158,NQ.v.0
2023-12-14 23:02:00+00:00,33,1,750,16737.5,16739.75,16737.5,16737.75,64,NQ.v.0
2023-12-14 23:03:00+00:00,33,1,750,16738.25,16739.0,16733.75,16736.25,172,NQ.v.0
2023-12-14 23:04:00+00:00,33,1,750,16737.0,16738.0,16735.25,16737.75,59,NQ.v.0
2023-12-14 23:05:00+00:00,33,1,750,16738.0,16739.5,16736.75,16736.75,98,NQ.v.0
2023-12-14 23:06:00+00:00,33,1,750,16737.5,16737.75,16733.25,16733.75,122,NQ.v.0
2023-12-14 23:07:00+00:00,33,1,750,16733.75,16734.75,16732.75,16733.0,73,NQ.v.0
2023-12-14 23:08:00+00:00,33,1,750,16734.0,16735.0,16732.25,16734.0,61,NQ.v.0
2023-12-14 23:09:00+00:00,33,1,750,16733.5,16734.25,16732.75,16732.75,68,NQ.v.0
2023-12-14 23:10:00+00:00,33,1,750,16732.75,16735.25,16732.75,16735.25,92,NQ.v.0
2023-12-14 23:11:00+00:00,33,1,750,16735.0,16737.75,16735.0,16737.75,105,NQ.v.0
2023-12-14 23:12:00+00:00,33,1,750,16737.5,16738.75,16736.5,16738.75,42,NQ.v.0
2023-12-14 23:13:00+00:00,33,1,750,16738.25,16739.0,16737.0,16737.5,38,NQ.v.0
2023-12-14 23:14:00+00:00,33,1,750,16737.75,16739.0,16737.5,16739.0,50,NQ.v.0
2023-12-14 23:15:00+00:00,33,1,750,16739.0,16741.75,16739.0,16740.75,87,NQ.v.0
2023-12-14 23:16:00+00:00,33,1,750,16741.5,16742.75,16741.25,16742.25,36,NQ.v.0
2023-12-14 23:17:00+00:00,33,1,750,16742.25,16742.25,16740.0,16740.0,52,NQ.v.0
2023-12-14 23:18:00+00:00,33,1,750,16740.25,16743.25,16739.25,16743.0,114,NQ.v.0
2023-12-14 23:19:00+00:00,33,1,750,16742.75,16745.0,16741.5,16744.75,127,NQ.v.0
2023-12-14 23:20:00+00:00,33,1,750,16744.75,16748.75,16744.75,16748.75,140,NQ.v.0
2023-12-14 23:21:00+00:00,33,1,750,16748.25,16748.75,16747.0,16747.0,49,NQ.v.0
2023-12-14 23:22:00+00:00,33,1,750,16746.75,16748.0,16746.75,16747.5,20,NQ.v.0
2023-12-14 23:23:00+00:00,33,1,750,16747.5,16747.75,16746.0,16747.25,33,NQ.v.0
2023-12-14 23:24:00+00:00,33,1,750,16747.75,16748.5,16747.5,16748.5,16,NQ.v.0
2023-12-14 23:25:00+00:00,33,1,750,16748.5,16751.0,16748.25,16749.25,124,NQ.v.0
2023-12-14 23:26:00+00:00,33,1,750,16750.0,16753.5,16749.5,16753.5,170,NQ.v.0
2023-12-14 23:27:00+00:00,33,1,750,16753.25,16755.5,16752.25,16755.0,174,NQ.v.0
2023-12-14 23:28:00+00:00,33,1,750,16755.0,16757.25,16754.0,16755.5,117,NQ.v.0
2023-12-14 23:29:00+00:00,33,1,750,16755.5,16757.5,16755.0,16755.25,118,NQ.v.0
2023-12-14 23:30:00+00:00,33,1,750,16755.75,16758.5,16755.0,16756.25,114,NQ.v.0
2023-12-14 23:31:00+00:00,33,1,750,16756.0,16756.5,16754.5,16756.25,77,NQ.v.0
2023-12-14 23:32:00+00:00,33,1,750,16756.25,16756.25,16755.0,16755.75,71,NQ.v.0
2023-12-14 23:33:00+00:00,33,1,750,16755.5,16756.0,16754.75,16755.5,54,NQ.v.0
2023-12-14 23:34:00+00:00,33,1,750,16755.5,16758.25,16755.5,16758.0,104,NQ.v.0
2023-12-14 23:35:00+00:00,33,1,750,16757.75,16758.25,16753.5,16754.5,251,NQ.v.0
2023-12-14 23:36:00+00:00,33,1,750,16755.25,16755.25,16753.25,16753.75,40,NQ.v.0
2023-12-14 23:37:00+00:00,33,1,750,16753.75,16754.5,16753.0,16753.25,45,NQ.v.0
2023-12-14 23:38:00+00:00,33,1,750,16753.25,16756.25,16753.0,16755.75,70,NQ.v.0
2023-12-14 23:39:00+00:00,33,1,750,16756.0,16756.75,16755.5,16756.5,48,NQ.v.0
2023-12-14 23:40:00+00:00,33,1,750,16756.5,16758.5,16756.5,16758.0,38,NQ.v.0
2023-12-14 23:41:00+00:00,33,1,750,16758.5,16759.0,16757.5,16757.5,45,NQ.v.0
2023-12-14 23:42:00+00:00,33,1,750,16758.0,16760.0,16758.0,16758.5,76,NQ.v.0
2023-12-14 23:43:00+00:00,33,1,750,16758.25,16760.75,16758.25,16760.75,61,NQ.v.0
2023-12-14 23:44:00+00:00,33,1,750,16760.0,16760.5,16758.25,16759.25,58,NQ.v.0
2023-12-14 23:45:00+00:00,33,1,750,16759.0,16760.0,16758.25,16759.75,44,NQ.v.0
2023-12-14 23:46:00+00:00,33,1,750,16759.75,16762.0,16759.5,16761.25,50,NQ.v.0
2023-12-14 23:47:00+00:00,33,1,750,16761.5,16762.5,16761.0,16761.0,54,NQ.v.0
2023-12-14 23:48:00+00:00,33,1,750,16761.25,16762.75,16761.25,16762.0,45,NQ.v.0
2023-12-14 23:49:00+00:00,33,1,750,16762.0,16762.5,16760.0,16760.25,42,NQ.v.0
2023-12-14 23:50:00+00:00,33,1,750,16760.5,16761.5,16760.5,16761.25,18,NQ.v.0
2023-12-14 23:51:00+00:00,33,1,750,16761.5,16762.5,16761.0,16761.5,33,NQ.v.0
2023-12-14 23:52:00+00:00,33,1,750,16761.75,16762.5,16761.5,16762.0,23,NQ.v.0
2023-12-14 23:53:00+00:00,33,1,750,16762.0,16763.25,16761.25,16762.0,56,NQ.v.0
2023-12-14 23:54:00+00:00,33,1,750,16762.0,16763.0,16761.75,16762.25,31,NQ.v.0
2023-12-14 23:55:00+00:00,33,1,750,16762.25,16762.5,16761.0,16761.0,36,NQ.v.0
2023-12-14 23:56:00+00:00,33,1,750,16760.75,16761.0,16759.75,16760.25,29,NQ.v.0
2023-12-14 23:57:00+00:00,33,1,750,16760.75,16761.25,16759.25,16759.5,53,NQ.v.0
2023-12-14 23:58:00+00:00,33,1,750,16759.5,16761.0,16759.5,16761.0,26,NQ.v.0
2023-12-14 23:59:00+00:00,33,1,750,16761.0,16761.0,16760.5,16760.75,15,NQ.v.0
