timestamp,rtype,publisher_id,instrument_id,open,high,low,close,volume,symbol
2021-03-30 00:00:00+00:00,33,1,2786,12978.5,12978.5,12968.25,12974.25,196,NQ.v.0
2021-03-30 00:01:00+00:00,33,1,2786,12975.0,12976.25,12969.0,12970.5,121,NQ.v.0
2021-03-30 00:02:00+00:00,33,1,2786,12969.0,12971.5,12967.0,12967.5,129,NQ.v.0
2021-03-30 00:03:00+00:00,33,1,2786,12967.75,12967.75,12957.0,12962.25,335,NQ.v.0
2021-03-30 00:04:00+00:00,33,1,2786,12961.75,12967.25,12960.0,12967.0,151,NQ.v.0
2021-03-30 00:05:00+00:00,33,1,2786,12966.75,12974.75,12963.75,12970.25,211,NQ.v.0
2021-03-30 00:06:00+00:00,33,1,2786,12970.0,12972.0,12969.0,12969.5,73,NQ.v.0
2021-03-30 00:07:00+00:00,33,1,2786,12969.75,12969.75,12957.75,12958.0,315,NQ.v.0
2021-03-30 00:08:00+00:00,33,1,2786,12958.5,12958.5,12948.5,12952.5,285,NQ.v.0
2021-03-30 00:09:00+00:00,33,1,2786,12953.0,12956.25,12952.0,12955.0,167,NQ.v.0
2021-03-30 00:10:00+00:00,33,1,2786,12954.5,12956.25,12952.25,12956.25,71,NQ.v.0
2021-03-30 00:11:00+00:00,33,1,2786,12956.5,12960.75,12956.5,12959.25,106,NQ.v.0
2021-03-30 00:12:00+00:00,33,1,2786,12959.5,12963.0,12959.0,12961.0,76,NQ.v.0
2021-03-30 00:13:00+00:00,33,1,2786,12959.75,12959.75,12957.25,12959.0,38,NQ.v.0
2021-03-30 00:14:00+00:00,33,1,2786,12959.25,12959.25,12953.25,12953.75,60,NQ.v.0
2021-03-30 00:15:00+00:00,33,1,2786,12953.75,12956.25,12951.0,12955.0,168,NQ.v.0
2021-03-30 00:16:00+00:00,33,1,2786,12955.25,12959.0,12952.25,12958.75,57,NQ.v.0
2021-03-30 00:17:00+00:00,33,1,2786,12958.75,12959.75,12957.5,12959.75,45,NQ.v.0
2021-03-30 00:18:00+00:00,33,1,2786,12959.5,12962.75,12958.0,12961.5,105,NQ.v.0
2021-03-30 00:19:00+00:00,33,1,2786,12960.75,12962.0,12959.25,12959.25,105,NQ.v.0
2021-03-30 00:20:00+00:00,33,1,2786,12959.75,12963.0,12959.75,12961.0,77,NQ.v.0
2021-03-30 00:21:00+00:00,33,1,2786,12961.5,12967.0,12961.25,12965.5,121,NQ.v.0
2021-03-30 00:22:00+00:00,33,1,2786,12965.25,12967.0,12965.0,12966.5,49,NQ.v.0
2021-03-30 00:23:00+00:00,33,1,2786,12965.75,12969.0,12965.25,12967.75,72,NQ.v.0
2021-03-30 00:24:00+00:00,33,1,2786,12967.5,12968.25,12965.5,12966.25,57,NQ.v.0
2021-03-30 00:25:00+00:00,33,1,2786,12966.25,12967.25,12960.5,12963.0,75,NQ.v.0
2021-03-30 00:26:00+00:00,33,1,2786,12962.75,12962.75,12958.0,12960.0,82,NQ.v.0
2021-03-30 00:27:00+00:00,33,1,2786,12959.75,12961.75,12956.75,12957.0,104,NQ.v.0
2021-03-30 00:28:00+00:00,33,1,2786,12957.0,12959.75,12956.75,12956.75,56,NQ.v.0
2021-03-30 00:29:00+00:00,33,1,2786,12957.25,12961.0,12955.75,12959.75,57,NQ.v.0
2021-03-30 00:30:00+00:00,33,1,2786,12959.0,12959.25,12954.75,12955.0,53,NQ.v.0
2021-03-30 00:31:00+00:00,33,1,2786,12955.0,12955.5,12952.25,12954.0,73,NQ.v.0
2021-03-30 00:32:00+00:00,33,1,2786,12954.0,12955.25,12951.0,12954.75,51,NQ.v.0
2021-03-30 00:33:00+00:00,33,1,2786,12954.5,12955.5,12950.25,12951.5,72,NQ.v.0
2021-03-30 00:34:00+00:00,33,1,2786,12952.0,12958.0,12950.5,12957.25,119,NQ.v.0
2021-03-30 00:35:00+00:00,33,1,2786,12956.75,12961.5,12956.5,12960.75,62,NQ.v.0
2021-03-30 00:36:00+00:00,33,1,2786,12960.5,12960.75,12957.5,12957.5,40,NQ.v.0
2021-03-30 00:37:00+00:00,33,1,2786,12958.25,12959.5,12957.25,12959.25,29,NQ.v.0
2021-03-30 00:38:00+00:00,33,1,2786,12959.5,12960.25,12958.0,12959.25,35,NQ.v.0
2021-03-30 00:39:00+00:00,33,1,2786,12958.0,12958.0,12955.0,12955.75,35,NQ.v.0
2021-03-30 00:40:00+00:00,33,1,2786,12956.0,12957.0,12949.25,12949.75,105,NQ.v.0
2021-03-30 00:41:00+00:00,33,1,2786,12949.25,12952.0,12948.75,12948.75,87,NQ.v.0
2021-03-30 00:42:00+00:00,33,1,2786,12948.75,12948.75,12945.0,12946.75,168,NQ.v.0
2021-03-30 00:43:00+00:00,33,1,2786,12946.5,12948.25,12945.0,12946.25,115,NQ.v.0
2021-03-30 00:44:00+00:00,33,1,2786,12946.0,12947.75,12944.0,12947.25,47,NQ.v.0
2021-03-30 00:45:00+00:00,33,1,2786,12947.75,12948.75,12946.25,12947.5,45,NQ.v.0
2021-03-30 00:46:00+00:00,33,1,2786,12947.0,12947.0,12939.5,12940.25,197,NQ.v.0
2021-03-30 00:47:00+00:00,33,1,2786,12939.75,12945.0,12939.75,12943.75,100,NQ.v.0
2021-03-30 00:48:00+00:00,33,1,2786,12942.75,12945.5,12942.5,12943.5,65,NQ.v.0
2021-03-30 00:49:00+00:00,33,1,2786,12944.25,12946.0,12943.25,12944.25,71,NQ.v.0
2021-03-30 00:50:00+00:00,33,1,2786,12943.5,12946.75,12943.5,12946.0,34,NQ.v.0
2021-03-30 00:51:00+00:00,33,1,2786,12945.75,12948.0,12944.75,12947.0,51,NQ.v.0
2021-03-30 00:52:00+00:00,33,1,2786,12947.5,12948.75,12945.25,12946.25,67,NQ.v.0
2021-03-30 00:53:00+00:00,33,1,2786,12946.0,12947.25,12945.25,12947.0,29,NQ.v.0
2021-03-30 00:54:00+00:00,33,1,2786,12946.5,12947.75,12945.5,12946.75,18,NQ.v.0
2021-03-30 00:55:00+00:00,33,1,2786,12946.75,12947.75,12945.75,12947.0,19,NQ.v.0
2021-03-30 00:56:00+00:00,33,1,2786,12947.5,12949.75,12947.5,12948.75,50,NQ.v.0
2021-03-30 00:57:00+00:00,33,1,2786,12947.5,12949.0,12947.5,12947.5,26,NQ.v.0
2021-03-30 00:58:00+00:00,33,1,2786,12947.25,12949.0,12943.75,12944.25,60,NQ.v.0
2021-03-30 00:59:00+00:00,33,1,2786,12944.25,12948.75,12941.75,12945.75,96,NQ.v.0
2021-03-30 01:00:00+00:00,33,1,2786,12945.75,12946.75,12939.75,12943.0,73,NQ.v.0
2021-03-30 01:01:00+00:00,33,1,2786,12943.0,12945.75,12942.5,12945.25,77,NQ.v.0
2021-03-30 01:02:00+00:00,33,1,2786,12944.25,12945.0,12943.25,12944.25,26,NQ.v.0
2021-03-30 01:03:00+00:00,33,1,2786,12943.5,12945.5,12943.0,12943.0,23,NQ.v.0
2021-03-30 01:04:00+00:00,33,1,2786,12943.75,12944.5,12940.75,12942.0,60,NQ.v.0
2021-03-30 01:05:00+00:00,33,1,2786,12942.0,12944.0,12942.0,12943.25,34,NQ.v.0
2021-03-30 01:06:00+00:00,33,1,2786,12944.0,12944.0,12934.75,12935.25,162,NQ.v.0
2021-03-30 01:07:00+00:00,33,1,2786,12935.25,12937.0,12932.0,12933.5,156,NQ.v.0
2021-03-30 01:08:00+00:00,33,1,2786,12933.0,12935.75,12931.0,12934.5,88,NQ.v.0
2021-03-30 01:09:00+00:00,33,1,2786,12934.0,12935.5,12931.75,12934.25,47,NQ.v.0
2021-03-30 01:10:00+00:00,33,1,2786,12934.5,12938.75,12933.75,12937.25,67,NQ.v.0
2021-03-30 01:11:00+00:00,33,1,2786,12936.75,12938.5,12936.5,12936.75,42,NQ.v.0
2021-03-30 01:12:00+00:00,33,1,2786,12937.75,12937.75,12935.0,12935.5,57,NQ.v.0
2021-03-30 01:13:00+00:00,33,1,2786,12936.0,12936.25,12933.75,12934.25,60,NQ.v.0
2021-03-30 01:14:00+00:00,33,1,2786,12934.25,12936.5,12933.25,12933.25,35,NQ.v.0
2021-03-30 01:15:00+00:00,33,1,2786,12933.75,12937.75,12931.5,12937.5,77,NQ.v.0
2021-03-30 01:16:00+00:00,33,1,2786,12937.5,12941.25,12936.75,12940.5,121,NQ.v.0
2021-03-30 01:17:00+00:00,33,1,2786,12941.0,12941.0,12934.0,12935.0,70,NQ.v.0
2021-03-30 01:18:00+00:00,33,1,2786,12935.5,12935.5,12932.0,12934.25,72,NQ.v.0
2021-03-30 01:19:00+00:00,33,1,2786,12934.0,12934.25,12928.5,12931.25,207,NQ.v.0
2021-03-30 01:20:00+00:00,33,1,2786,12930.75,12931.75,12926.75,12930.0,141,NQ.v.0
2021-03-30 01:21:00+00:00,33,1,2786,12931.0,12932.0,12927.0,12929.75,101,NQ.v.0
2021-03-30 01:22:00+00:00,33,1,2786,12929.75,12932.5,12929.75,12931.25,41,NQ.v.0
2021-03-30 01:23:00+00:00,33,1,2786,12932.5,12933.5,12930.0,12930.5,35,NQ.v.0
2021-03-30 01:24:00+00:00,33,1,2786,12930.25,12931.75,12929.25,12931.75,18,NQ.v.0
2021-03-30 01:25:00+00:00,33,1,2786,12931.75,12932.75,12930.0,12932.25,21,NQ.v.0
2021-03-30 01:26:00+00:00,33,1,2786,12932.75,12932.75,12923.75,12925.0,172,NQ.v.0
2021-03-30 01:27:00+00:00,33,1,2786,12924.75,12931.25,12919.75,12931.25,340,NQ.v.0
2021-03-30 01:28:00+00:00,33,1,2786,12930.5,12930.75,12929.5,12929.5,53,NQ.v.0
2021-03-30 01:29:00+00:00,33,1,2786,12929.75,12929.75,12927.0,12929.25,64,NQ.v.0
2021-03-30 01:30:00+00:00,33,1,2786,12928.75,12928.75,12921.0,12924.5,184,NQ.v.0
2021-03-30 01:31:00+00:00,33,1,2786,12924.25,12924.5,12919.0,12920.5,175,NQ.v.0
2021-03-30 01:32:00+00:00,33,1,2786,12921.0,12921.75,12918.0,12918.5,142,NQ.v.0
2021-03-30 01:33:00+00:00,33,1,2786,12918.0,12921.0,12915.5,12920.25,143,NQ.v.0
2021-03-30 01:34:00+00:00,33,1,2786,12919.5,12922.0,12919.25,12921.75,60,NQ.v.0
2021-03-30 01:35:00+00:00,33,1,2786,12921.0,12924.25,12920.5,12924.0,93,NQ.v.0
2021-03-30 01:36:00+00:00,33,1,2786,12923.0,12925.5,12922.0,12923.0,54,NQ.v.0
2021-03-30 01:37:00+00:00,33,1,2786,12923.5,12924.5,12919.5,12921.0,83,NQ.v.0
2021-03-30 01:38:00+00:00,33,1,2786,12921.0,12921.5,12918.0,12918.5,66,NQ.v.0
2021-03-30 01:39:00+00:00,33,1,2786,12917.75,12919.75,12916.25,12917.75,93,NQ.v.0
2021-03-30 01:40:00+00:00,33,1,2786,12918.0,12921.0,12915.75,12919.0,140,NQ.v.0
2021-03-30 01:41:00+00:00,33,1,2786,12919.25,12921.0,12919.25,12920.25,50,NQ.v.0
2021-03-30 01:42:00+00:00,33,1,2786,12920.5,12921.5,12918.5,12920.75,76,NQ.v.0
2021-03-30 01:43:00+00:00,33,1,2786,12921.25,12924.25,12920.75,12923.75,91,NQ.v.0
2021-03-30 01:44:00+00:00,33,1,2786,12923.75,12928.0,12923.75,12927.0,118,NQ.v.0
2021-03-30 01:45:00+00:00,33,1,2786,12926.75,12928.25,12926.5,12927.5,78,NQ.v.0
2021-03-30 01:46:00+00:00,33,1,2786,12926.75,12929.25,12925.5,12929.25,71,NQ.v.0
2021-03-30 01:47:00+00:00,33,1,2786,12929.25,12931.5,12926.5,12927.0,137,NQ.v.0
2021-03-30 01:48:00+00:00,33,1,2786,12927.25,12927.5,12923.25,12925.0,48,NQ.v.0
2021-03-30 01:49:00+00:00,33,1,2786,12924.75,12925.75,12921.75,12923.75,82,NQ.v.0
2021-03-30 01:50:00+00:00,33,1,2786,12925.0,12932.5,12925.0,12932.5,131,NQ.v.0
2021-03-30 01:51:00+00:00,33,1,2786,12931.75,12932.0,12927.75,12928.75,88,NQ.v.0
2021-03-30 01:52:00+00:00,33,1,2786,12927.25,12931.75,12927.25,12930.5,53,NQ.v.0
2021-03-30 01:53:00+00:00,33,1,2786,12930.5,12932.25,12927.75,12930.5,68,NQ.v.0
2021-03-30 01:54:00+00:00,33,1,2786,12930.75,12932.0,12929.0,12929.25,36,NQ.v.0
2021-03-30 01:55:00+00:00,33,1,2786,12929.25,12930.25,12927.5,12929.0,37,NQ.v.0
2021-03-30 01:56:00+00:00,33,1,2786,12928.0,12930.5,12928.0,12929.75,23,NQ.v.0
2021-03-30 01:57:00+00:00,33,1,2786,12930.0,12930.25,12928.0,12929.25,32,NQ.v.0
2021-03-30 01:58:00+00:00,33,1,2786,12928.5,12931.25,12927.5,12930.0,43,NQ.v.0
2021-03-30 01:59:00+00:00,33,1,2786,12929.0,12929.5,12927.75,12929.0,23,NQ.v.0
2021-03-30 02:00:00+00:00,33,1,2786,12928.0,12928.0,12926.0,12927.25,66,NQ.v.0
2021-03-30 02:01:00+00:00,33,1,2786,12926.5,12929.0,12926.0,12928.25,64,NQ.v.0
2021-03-30 02:02:00+00:00,33,1,2786,12927.75,12927.75,12924.0,12925.0,59,NQ.v.0
2021-03-30 02:03:00+00:00,33,1,2786,12925.0,12929.0,12924.75,12927.0,32,NQ.v.0
2021-03-30 02:04:00+00:00,33,1,2786,12928.5,12928.75,12927.0,12928.25,21,NQ.v.0
2021-03-30 02:05:00+00:00,33,1,2786,12929.0,12930.25,12925.75,12927.5,107,NQ.v.0
2021-03-30 02:06:00+00:00,33,1,2786,12927.0,12927.0,12921.25,12921.25,132,NQ.v.0
2021-03-30 02:07:00+00:00,33,1,2786,12921.5,12922.75,12920.25,12922.25,82,NQ.v.0
2021-03-30 02:08:00+00:00,33,1,2786,12922.25,12924.0,12918.25,12919.75,56,NQ.v.0
2021-03-30 02:09:00+00:00,33,1,2786,12918.75,12923.25,12918.75,12923.25,35,NQ.v.0
2021-03-30 02:10:00+00:00,33,1,2786,12923.5,12926.25,12923.25,12925.25,66,NQ.v.0
2021-03-30 02:11:00+00:00,33,1,2786,12925.0,12925.0,12922.25,12924.25,37,NQ.v.0
2021-03-30 02:12:00+00:00,33,1,2786,12924.75,12924.75,12923.75,12924.5,9,NQ.v.0
2021-03-30 02:13:00+00:00,33,1,2786,12926.0,12929.75,12926.0,12929.5,138,NQ.v.0
2021-03-30 02:14:00+00:00,33,1,2786,12929.25,12930.75,12923.25,12923.5,175,NQ.v.0
2021-03-30 02:15:00+00:00,33,1,2786,12924.0,12925.25,12922.5,12923.75,71,NQ.v.0
2021-03-30 02:16:00+00:00,33,1,2786,12924.0,12924.5,12921.0,12922.25,46,NQ.v.0
2021-03-30 02:17:00+00:00,33,1,2786,12922.25,12924.0,12921.75,12924.0,32,NQ.v.0
2021-03-30 02:18:00+00:00,33,1,2786,12923.5,12929.0,12923.5,12927.5,86,NQ.v.0
2021-03-30 02:19:00+00:00,33,1,2786,12927.75,12931.5,12927.75,12930.75,152,NQ.v.0
2021-03-30 02:20:00+00:00,33,1,2786,12931.25,12934.0,12930.25,12931.25,173,NQ.v.0
2021-03-30 02:21:00+00:00,33,1,2786,12931.0,12931.75,12929.75,12930.25,49,NQ.v.0
2021-03-30 02:22:00+00:00,33,1,2786,12930.75,12932.25,12929.25,12930.25,68,NQ.v.0
2021-03-30 02:23:00+00:00,33,1,2786,12929.75,12933.0,12929.0,12930.75,91,NQ.v.0
2021-03-30 02:24:00+00:00,33,1,2786,12931.5,12934.5,12931.5,12932.25,111,NQ.v.0
2021-03-30 02:25:00+00:00,33,1,2786,12932.25,12933.25,12929.25,12930.75,91,NQ.v.0
2021-03-30 02:26:00+00:00,33,1,2786,12930.0,12931.5,12929.75,12931.0,45,NQ.v.0
2021-03-30 02:27:00+00:00,33,1,2786,12931.5,12931.75,12925.5,12926.75,153,NQ.v.0
2021-03-30 02:28:00+00:00,33,1,2786,12927.5,12929.5,12927.5,12928.5,34,NQ.v.0
2021-03-30 02:29:00+00:00,33,1,2786,12928.75,12931.25,12928.0,12931.25,64,NQ.v.0
2021-03-30 02:30:00+00:00,33,1,2786,12931.25,12931.75,12930.0,12930.75,54,NQ.v.0
2021-03-30 02:31:00+00:00,33,1,2786,12932.0,12936.25,12932.0,12936.25,212,NQ.v.0
2021-03-30 02:32:00+00:00,33,1,2786,12935.75,12937.75,12932.5,12934.75,143,NQ.v.0
2021-03-30 02:33:00+00:00,33,1,2786,12935.0,12936.75,12934.0,12936.25,47,NQ.v.0
2021-03-30 02:34:00+00:00,33,1,2786,12935.5,12937.5,12935.5,12936.5,39,NQ.v.0
2021-03-30 02:35:00+00:00,33,1,2786,12937.25,12938.0,12934.5,12934.5,61,NQ.v.0
2021-03-30 02:36:00+00:00,33,1,2786,12934.5,12935.0,12932.75,12933.5,36,NQ.v.0
2021-03-30 02:37:00+00:00,33,1,2786,12934.0,12935.0,12933.5,12934.0,41,NQ.v.0
2021-03-30 02:38:00+00:00,33,1,2786,12933.75,12935.5,12933.5,12934.25,27,NQ.v.0
2021-03-30 02:39:00+00:00,33,1,2786,12935.0,12936.75,12935.0,12936.0,29,NQ.v.0
2021-03-30 02:40:00+00:00,33,1,2786,12936.0,12936.0,12932.5,12933.0,34,NQ.v.0
2021-03-30 02:41:00+00:00,33,1,2786,12933.5,12934.5,12931.75,12932.5,35,NQ.v.0
2021-03-30 02:42:00+00:00,33,1,2786,12932.25,12933.25,12931.75,12932.0,40,NQ.v.0
2021-03-30 02:43:00+00:00,33,1,2786,12931.25,12932.25,12930.0,12931.5,57,NQ.v.0
2021-03-30 02:44:00+00:00,33,1,2786,12932.0,12932.75,12929.5,12930.25,82,NQ.v.0
2021-03-30 02:45:00+00:00,33,1,2786,12930.75,12933.0,12930.25,12931.0,74,NQ.v.0
2021-03-30 02:46:00+00:00,33,1,2786,12931.0,12931.0,12930.25,12931.0,13,NQ.v.0
2021-03-30 02:47:00+00:00,33,1,2786,12930.25,12931.25,12929.5,12930.25,20,NQ.v.0
2021-03-30 02:48:00+00:00,33,1,2786,12930.25,12930.5,12926.5,12927.5,100,NQ.v.0
2021-03-30 02:49:00+00:00,33,1,2786,12927.75,12928.0,12925.25,12926.25,111,NQ.v.0
2021-03-30 02:50:00+00:00,33,1,2786,12926.5,12927.25,12925.25,12925.25,26,NQ.v.0
2021-03-30 02:51:00+00:00,33,1,2786,12925.5,12927.75,12925.25,12926.75,50,NQ.v.0
2021-03-30 02:52:00+00:00,33,1,2786,12926.25,12928.5,12924.5,12924.5,48,NQ.v.0
2021-03-30 02:53:00+00:00,33,1,2786,12924.5,12925.5,12923.75,12925.5,33,NQ.v.0
2021-03-30 02:54:00+00:00,33,1,2786,12924.5,12925.75,12922.0,12923.0,48,NQ.v.0
2021-03-30 02:55:00+00:00,33,1,2786,12923.25,12927.0,12923.25,12927.0,50,NQ.v.0
2021-03-30 02:56:00+00:00,33,1,2786,12926.0,12926.5,12923.0,12923.0,31,NQ.v.0
2021-03-30 02:57:00+00:00,33,1,2786,12923.25,12923.25,12921.25,12921.5,70,NQ.v.0
2021-03-30 02:58:00+00:00,33,1,2786,12921.5,12921.5,12910.0,12910.25,491,NQ.v.0
2021-03-30 02:59:00+00:00,33,1,2786,12910.5,12911.25,12907.75,12909.5,213,NQ.v.0
2021-03-30 03:00:00+00:00,33,1,2786,12909.5,12910.0,12905.0,12905.75,241,NQ.v.0
2021-03-30 03:01:00+00:00,33,1,2786,12905.75,12908.75,12905.5,12908.0,63,NQ.v.0
2021-03-30 03:02:00+00:00,33,1,2786,12908.0,12908.75,12906.5,12908.0,61,NQ.v.0
2021-03-30 03:03:00+00:00,33,1,2786,12908.0,12911.75,12907.75,12911.0,71,NQ.v.0
2021-03-30 03:04:00+00:00,33,1,2786,12911.0,12911.5,12910.25,12910.5,26,NQ.v.0
2021-03-30 03:05:00+00:00,33,1,2786,12911.5,12913.75,12911.0,12913.5,87,NQ.v.0
2021-03-30 03:06:00+00:00,33,1,2786,12914.0,12917.75,12914.0,12915.75,109,NQ.v.0
2021-03-30 03:07:00+00:00,33,1,2786,12915.75,12916.5,12914.75,12915.0,53,NQ.v.0
2021-03-30 03:08:00+00:00,33,1,2786,12915.75,12918.0,12915.0,12915.5,51,NQ.v.0
2021-03-30 03:09:00+00:00,33,1,2786,12916.5,12917.0,12913.75,12914.75,30,NQ.v.0
2021-03-30 03:10:00+00:00,33,1,2786,12914.5,12915.5,12911.25,12912.0,75,NQ.v.0
2021-03-30 03:11:00+00:00,33,1,2786,12911.5,12916.5,12911.5,12916.25,57,NQ.v.0
2021-03-30 03:12:00+00:00,33,1,2786,12916.25,12919.75,12915.75,12916.75,123,NQ.v.0
2021-03-30 03:13:00+00:00,33,1,2786,12917.25,12919.0,12916.0,12917.5,81,NQ.v.0
2021-03-30 03:14:00+00:00,33,1,2786,12917.5,12920.25,12916.75,12918.25,94,NQ.v.0
2021-03-30 03:15:00+00:00,33,1,2786,12919.5,12922.5,12919.0,12922.5,76,NQ.v.0
2021-03-30 03:16:00+00:00,33,1,2786,12922.0,12925.0,12921.75,12923.5,139,NQ.v.0
2021-03-30 03:17:00+00:00,33,1,2786,12923.5,12924.75,12922.25,12922.5,63,NQ.v.0
2021-03-30 03:18:00+00:00,33,1,2786,12923.0,12925.75,12922.75,12924.75,57,NQ.v.0
2021-03-30 03:19:00+00:00,33,1,2786,12924.5,12926.25,12923.25,12926.0,95,NQ.v.0
2021-03-30 03:20:00+00:00,33,1,2786,12926.5,12934.25,12926.5,12929.5,300,NQ.v.0
2021-03-30 03:21:00+00:00,33,1,2786,12929.5,12930.75,12929.0,12929.0,36,NQ.v.0
2021-03-30 03:22:00+00:00,33,1,2786,12929.0,12929.0,12926.75,12927.75,108,NQ.v.0
2021-03-30 03:23:00+00:00,33,1,2786,12928.0,12929.25,12926.5,12926.5,67,NQ.v.0
2021-03-30 03:24:00+00:00,33,1,2786,12926.75,12930.75,12925.5,12930.0,61,NQ.v.0
2021-03-30 03:25:00+00:00,33,1,2786,12928.0,12929.25,12926.25,12929.25,46,NQ.v.0
2021-03-30 03:26:00+00:00,33,1,2786,12928.25,12928.25,12926.75,12927.75,15,NQ.v.0
2021-03-30 03:27:00+00:00,33,1,2786,12927.0,12929.75,12925.25,12928.25,54,NQ.v.0
2021-03-30 03:28:00+00:00,33,1,2786,12928.5,12930.25,12928.25,12930.25,54,NQ.v.0
2021-03-30 03:29:00+00:00,33,1,2786,12930.25,12930.25,12928.25,12929.0,21,NQ.v.0
2021-03-30 03:30:00+00:00,33,1,2786,12929.5,12930.5,12928.0,12930.5,23,NQ.v.0
2021-03-30 03:31:00+00:00,33,1,2786,12930.25,12931.5,12928.0,12931.0,62,NQ.v.0
2021-03-30 03:32:00+00:00,33,1,2786,12932.0,12935.5,12931.5,12933.75,128,NQ.v.0
2021-03-30 03:33:00+00:00,33,1,2786,12933.25,12933.5,12931.5,12931.5,39,NQ.v.0
2021-03-30 03:34:00+00:00,33,1,2786,12932.0,12932.0,12930.0,12930.75,34,NQ.v.0
2021-03-30 03:35:00+00:00,33,1,2786,12931.0,12932.25,12930.0,12932.0,38,NQ.v.0
2021-03-30 03:36:00+00:00,33,1,2786,12932.25,12934.25,12932.0,12934.0,28,NQ.v.0
2021-03-30 03:37:00+00:00,33,1,2786,12934.0,12934.5,12932.25,12933.5,49,NQ.v.0
2021-03-30 03:38:00+00:00,33,1,2786,12933.5,12936.0,12933.25,12935.0,42,NQ.v.0
2021-03-30 03:39:00+00:00,33,1,2786,12935.25,12937.0,12934.75,12936.0,56,NQ.v.0
2021-03-30 03:40:00+00:00,33,1,2786,12936.5,12937.0,12935.25,12936.5,41,NQ.v.0
2021-03-30 03:41:00+00:00,33,1,2786,12937.0,12937.75,12936.0,12936.75,76,NQ.v.0
2021-03-30 03:42:00+00:00,33,1,2786,12937.0,12937.0,12935.0,12935.5,55,NQ.v.0
2021-03-30 03:43:00+00:00,33,1,2786,12935.0,12937.0,12935.0,12936.0,49,NQ.v.0
2021-03-30 03:44:00+00:00,33,1,2786,12936.25,12943.5,12936.25,12942.5,211,NQ.v.0
2021-03-30 03:45:00+00:00,33,1,2786,12942.75,12944.0,12941.0,12941.75,185,NQ.v.0
2021-03-30 03:46:00+00:00,33,1,2786,12941.75,12941.75,12939.0,12940.5,83,NQ.v.0
2021-03-30 03:47:00+00:00,33,1,2786,12940.0,12940.0,12938.0,12940.0,75,NQ.v.0
2021-03-30 03:48:00+00:00,33,1,2786,12939.5,12942.0,12939.25,12941.5,48,NQ.v.0
2021-03-30 03:49:00+00:00,33,1,2786,12941.75,12942.25,12940.5,12941.25,57,NQ.v.0
2021-03-30 03:50:00+00:00,33,1,2786,12940.75,12941.75,12937.25,12938.75,94,NQ.v.0
2021-03-30 03:51:00+00:00,33,1,2786,12939.5,12939.5,12938.0,12938.0,24,NQ.v.0
2021-03-30 03:52:00+00:00,33,1,2786,12938.5,12939.75,12937.5,12937.5,27,NQ.v.0
2021-03-30 03:53:00+00:00,33,1,2786,12937.25,12938.25,12937.0,12937.0,17,NQ.v.0
2021-03-30 03:54:00+00:00,33,1,2786,12937.75,12939.75,12937.75,12938.25,21,NQ.v.0
2021-03-30 03:55:00+00:00,33,1,2786,12938.0,12938.0,12935.25,12935.75,79,NQ.v.0
2021-03-30 03:56:00+00:00,33,1,2786,12935.0,12938.25,12935.0,12937.5,38,NQ.v.0
2021-03-30 03:57:00+00:00,33,1,2786,12938.0,12938.0,12936.75,12937.0,12,NQ.v.0
2021-03-30 03:58:00+00:00,33,1,2786,12936.5,12937.75,12936.5,12937.0,11,NQ.v.0
2021-03-30 03:59:00+00:00,33,1,2786,12937.75,12940.0,12937.75,12939.0,22,NQ.v.0
2021-03-30 04:00:00+00:00,33,1,2786,12939.5,12941.25,12938.0,12938.25,62,NQ.v.0
2021-03-30 04:01:00+00:00,33,1,2786,12938.0,12938.0,12935.25,12936.5,41,NQ.v.0
2021-03-30 04:02:00+00:00,33,1,2786,12936.25,12936.25,12932.25,12934.25,76,NQ.v.0
2021-03-30 04:03:00+00:00,33,1,2786,12934.25,12935.0,12933.0,12933.75,53,NQ.v.0
2021-03-30 04:04:00+00:00,33,1,2786,12933.75,12935.75,12933.25,12933.75,35,NQ.v.0
2021-03-30 04:05:00+00:00,33,1,2786,12933.75,12934.75,12933.5,12934.75,29,NQ.v.0
2021-03-30 04:06:00+00:00,33,1,2786,12935.0,12936.75,12934.75,12934.75,24,NQ.v.0
2021-03-30 04:07:00+00:00,33,1,2786,12934.25,12934.75,12932.25,12933.0,34,NQ.v.0
2021-03-30 04:08:00+00:00,33,1,2786,12932.75,12933.25,12931.0,12932.0,90,NQ.v.0
2021-03-30 04:09:00+00:00,33,1,2786,12932.0,12933.25,12931.5,12931.75,61,NQ.v.0
2021-03-30 04:10:00+00:00,33,1,2786,12932.0,12933.25,12931.75,12932.25,41,NQ.v.0
2021-03-30 04:11:00+00:00,33,1,2786,12933.0,12934.75,12933.0,12934.25,11,NQ.v.0
2021-03-30 04:12:00+00:00,33,1,2786,12933.75,12934.5,12933.0,12933.25,11,NQ.v.0
2021-03-30 04:13:00+00:00,33,1,2786,12934.25,12934.25,12933.25,12933.25,9,NQ.v.0
2021-03-30 04:14:00+00:00,33,1,2786,12933.25,12934.0,12932.5,12933.5,11,NQ.v.0
2021-03-30 04:15:00+00:00,33,1,2786,12934.0,12936.25,12934.0,12936.25,30,NQ.v.0
2021-03-30 04:16:00+00:00,33,1,2786,12936.0,12936.0,12930.5,12931.25,90,NQ.v.0
2021-03-30 04:17:00+00:00,33,1,2786,12931.25,12931.25,12928.0,12930.75,111,NQ.v.0
2021-03-30 04:18:00+00:00,33,1,2786,12930.5,12931.0,12930.0,12931.0,33,NQ.v.0
2021-03-30 04:19:00+00:00,33,1,2786,12931.5,12933.25,12930.75,12932.75,60,NQ.v.0
2021-03-30 04:20:00+00:00,33,1,2786,12932.0,12932.25,12931.0,12932.25,15,NQ.v.0
2021-03-30 04:21:00+00:00,33,1,2786,12932.75,12933.75,12932.25,12933.25,31,NQ.v.0
2021-03-30 04:22:00+00:00,33,1,2786,12932.5,12934.5,12932.0,12934.5,33,NQ.v.0
2021-03-30 04:23:00+00:00,33,1,2786,12935.0,12936.25,12933.5,12935.25,71,NQ.v.0
2021-03-30 04:24:00+00:00,33,1,2786,12935.75,12937.75,12935.75,12936.5,55,NQ.v.0
2021-03-30 04:25:00+00:00,33,1,2786,12935.5,12937.75,12935.5,12936.75,23,NQ.v.0
2021-03-30 04:26:00+00:00,33,1,2786,12937.5,12937.5,12935.75,12936.5,8,NQ.v.0
2021-03-30 04:27:00+00:00,33,1,2786,12936.0,12936.5,12931.25,12931.5,37,NQ.v.0
2021-03-30 04:28:00+00:00,33,1,2786,12932.25,12933.5,12931.5,12932.25,15,NQ.v.0
2021-03-30 04:29:00+00:00,33,1,2786,12932.5,12933.0,12929.75,12930.5,37,NQ.v.0
2021-03-30 04:30:00+00:00,33,1,2786,12930.5,12934.0,12929.5,12933.5,90,NQ.v.0
2021-03-30 04:31:00+00:00,33,1,2786,12932.5,12934.25,12931.0,12931.5,32,NQ.v.0
2021-03-30 04:32:00+00:00,33,1,2786,12931.5,12932.0,12930.5,12931.5,27,NQ.v.0
2021-03-30 04:33:00+00:00,33,1,2786,12930.25,12932.25,12929.5,12932.25,50,NQ.v.0
2021-03-30 04:34:00+00:00,33,1,2786,12932.5,12933.0,12931.5,12932.25,14,NQ.v.0
2021-03-30 04:35:00+00:00,33,1,2786,12933.0,12934.25,12932.5,12934.0,28,NQ.v.0
2021-03-30 04:36:00+00:00,33,1,2786,12934.0,12934.75,12933.0,12934.75,18,NQ.v.0
2021-03-30 04:37:00+00:00,33,1,2786,12935.0,12936.0,12932.25,12932.5,64,NQ.v.0
2021-03-30 04:38:00+00:00,33,1,2786,12933.0,12933.0,12932.25,12932.5,7,NQ.v.0
2021-03-30 04:39:00+00:00,33,1,2786,12932.0,12934.5,12929.5,12934.5,55,NQ.v.0
2021-03-30 04:40:00+00:00,33,1,2786,12934.75,12935.25,12934.25,12934.25,32,NQ.v.0
2021-03-30 04:41:00+00:00,33,1,2786,12935.0,12940.0,12935.0,12938.0,133,NQ.v.0
2021-03-30 04:42:00+00:00,33,1,2786,12938.25,12938.5,12936.25,12937.5,40,NQ.v.0
2021-03-30 04:43:00+00:00,33,1,2786,12938.0,12938.0,12936.5,12937.5,26,NQ.v.0
2021-03-30 04:44:00+00:00,33,1,2786,12937.25,12937.25,12936.25,12937.0,20,NQ.v.0
2021-03-30 04:45:00+00:00,33,1,2786,12937.0,12938.5,12937.0,12937.25,12,NQ.v.0
2021-03-30 04:46:00+00:00,33,1,2786,12936.5,12938.25,12936.5,12937.0,41,NQ.v.0
2021-03-30 04:47:00+00:00,33,1,2786,12936.25,12937.5,12936.25,12937.5,6,NQ.v.0
2021-03-30 04:48:00+00:00,33,1,2786,12937.0,12937.0,12936.5,12936.5,10,NQ.v.0
2021-03-30 04:49:00+00:00,33,1,2786,12936.5,12936.75,12935.75,12936.75,10,NQ.v.0
2021-03-30 04:50:00+00:00,33,1,2786,12937.25,12937.5,12936.0,12936.5,15,NQ.v.0
2021-03-30 04:51:00+00:00,33,1,2786,12936.75,12938.75,12936.75,12937.5,21,NQ.v.0
2021-03-30 04:52:00+00:00,33,1,2786,12937.75,12938.75,12937.75,12938.75,10,NQ.v.0
2021-03-30 04:53:00+00:00,33,1,2786,12939.0,12939.0,12936.75,12938.25,22,NQ.v.0
2021-03-30 04:54:00+00:00,33,1,2786,12936.25,12937.0,12935.25,12936.25,34,NQ.v.0
2021-03-30 04:55:00+00:00,33,1,2786,12936.25,12936.25,12934.75,12936.0,33,NQ.v.0
2021-03-30 04:56:00+00:00,33,1,2786,12937.0,12939.0,12937.0,12938.75,33,NQ.v.0
2021-03-30 04:57:00+00:00,33,1,2786,12939.0,12939.5,12936.5,12937.5,57,NQ.v.0
2021-03-30 04:58:00+00:00,33,1,2786,12937.75,12938.0,12936.5,12936.75,30,NQ.v.0
2021-03-30 04:59:00+00:00,33,1,2786,12937.0,12937.25,12936.0,12936.75,16,NQ.v.0
2021-03-30 05:00:00+00:00,33,1,2786,12937.0,12937.25,12929.75,12930.25,209,NQ.v.0
2021-03-30 05:01:00+00:00,33,1,2786,12930.75,12932.25,12926.0,12929.0,188,NQ.v.0
2021-03-30 05:02:00+00:00,33,1,2786,12928.75,12930.25,12922.25,12924.0,172,NQ.v.0
2021-03-30 05:03:00+00:00,33,1,2786,12924.5,12928.75,12924.25,12928.25,73,NQ.v.0
2021-03-30 05:04:00+00:00,33,1,2786,12928.25,12930.5,12927.5,12927.75,53,NQ.v.0
2021-03-30 05:05:00+00:00,33,1,2786,12927.75,12929.0,12926.25,12927.5,34,NQ.v.0
2021-03-30 05:06:00+00:00,33,1,2786,12928.5,12928.75,12926.25,12928.75,22,NQ.v.0
2021-03-30 05:07:00+00:00,33,1,2786,12927.0,12928.25,12924.25,12924.25,56,NQ.v.0
2021-03-30 05:08:00+00:00,33,1,2786,12924.0,12927.25,12923.0,12925.25,129,NQ.v.0
2021-03-30 05:09:00+00:00,33,1,2786,12924.0,12925.25,12922.5,12924.0,47,NQ.v.0
2021-03-30 05:10:00+00:00,33,1,2786,12923.75,12928.25,12923.25,12926.5,94,NQ.v.0
2021-03-30 05:11:00+00:00,33,1,2786,12925.75,12926.75,12923.75,12926.75,39,NQ.v.0
2021-03-30 05:12:00+00:00,33,1,2786,12926.75,12926.75,12924.25,12926.5,117,NQ.v.0
2021-03-30 05:13:00+00:00,33,1,2786,12925.5,12925.5,12921.25,12922.0,98,NQ.v.0
2021-03-30 05:14:00+00:00,33,1,2786,12922.0,12923.75,12919.5,12923.5,130,NQ.v.0
2021-03-30 05:15:00+00:00,33,1,2786,12923.75,12924.5,12922.5,12922.5,80,NQ.v.0
2021-03-30 05:16:00+00:00,33,1,2786,12923.0,12927.0,12923.0,12927.0,98,NQ.v.0
2021-03-30 05:17:00+00:00,33,1,2786,12927.25,12929.25,12926.0,12926.75,86,NQ.v.0
2021-03-30 05:18:00+00:00,33,1,2786,12926.0,12927.0,12925.75,12926.0,36,NQ.v.0
2021-03-30 05:19:00+00:00,33,1,2786,12926.25,12928.75,12925.5,12928.0,49,NQ.v.0
2021-03-30 05:20:00+00:00,33,1,2786,12927.75,12930.0,12927.5,12928.75,43,NQ.v.0
2021-03-30 05:21:00+00:00,33,1,2786,12928.5,12929.25,12925.5,12925.5,141,NQ.v.0
2021-03-30 05:22:00+00:00,33,1,2786,12925.5,12927.0,12924.0,12925.5,31,NQ.v.0
2021-03-30 05:23:00+00:00,33,1,2786,12925.25,12925.25,12923.75,12924.75,33,NQ.v.0
2021-03-30 05:24:00+00:00,33,1,2786,12923.75,12927.25,12923.25,12927.25,27,NQ.v.0
2021-03-30 05:25:00+00:00,33,1,2786,12926.0,12928.0,12925.0,12927.25,37,NQ.v.0
2021-03-30 05:26:00+00:00,33,1,2786,12927.75,12930.0,12927.75,12928.75,52,NQ.v.0
2021-03-30 05:27:00+00:00,33,1,2786,12928.5,12929.75,12927.5,12929.25,40,NQ.v.0
2021-03-30 05:28:00+00:00,33,1,2786,12929.0,12929.5,12927.25,12929.5,41,NQ.v.0
2021-03-30 05:29:00+00:00,33,1,2786,12929.25,12930.0,12928.5,12928.75,44,NQ.v.0
2021-03-30 05:30:00+00:00,33,1,2786,12928.75,12930.0,12927.5,12929.75,39,NQ.v.0
2021-03-30 05:31:00+00:00,33,1,2786,12930.5,12934.5,12930.25,12930.75,101,NQ.v.0
2021-03-30 05:32:00+00:00,33,1,2786,12931.0,12931.0,12929.25,12929.25,26,NQ.v.0
2021-03-30 05:33:00+00:00,33,1,2786,12928.75,12931.0,12928.0,12931.0,30,NQ.v.0
2021-03-30 05:34:00+00:00,33,1,2786,12931.25,12932.5,12931.25,12932.5,37,NQ.v.0
2021-03-30 05:35:00+00:00,33,1,2786,12933.0,12933.0,12929.25,12929.25,40,NQ.v.0
2021-03-30 05:36:00+00:00,33,1,2786,12929.25,12930.0,12925.25,12926.5,63,NQ.v.0
2021-03-30 05:37:00+00:00,33,1,2786,12925.5,12926.25,12922.75,12923.25,89,NQ.v.0
2021-03-30 05:38:00+00:00,33,1,2786,12924.0,12924.25,12919.25,12921.5,160,NQ.v.0
2021-03-30 05:39:00+00:00,33,1,2786,12921.0,12921.25,12919.25,12920.0,57,NQ.v.0
2021-03-30 05:40:00+00:00,33,1,2786,12919.25,12923.75,12919.25,12921.75,70,NQ.v.0
2021-03-30 05:41:00+00:00,33,1,2786,12921.25,12923.5,12920.75,12923.5,35,NQ.v.0
2021-03-30 05:42:00+00:00,33,1,2786,12922.75,12925.0,12922.75,12923.5,25,NQ.v.0
2021-03-30 05:43:00+00:00,33,1,2786,12923.75,12924.5,12922.75,12923.0,31,NQ.v.0
2021-03-30 05:44:00+00:00,33,1,2786,12922.5,12922.5,12915.75,12919.25,204,NQ.v.0
2021-03-30 05:45:00+00:00,33,1,2786,12919.0,12921.5,12918.5,12920.5,60,NQ.v.0
2021-03-30 05:46:00+00:00,33,1,2786,12921.0,12921.75,12919.5,12919.75,38,NQ.v.0
2021-03-30 05:47:00+00:00,33,1,2786,12920.25,12921.5,12920.25,12921.25,18,NQ.v.0
2021-03-30 05:48:00+00:00,33,1,2786,12921.5,12924.5,12921.5,12924.25,39,NQ.v.0
2021-03-30 05:49:00+00:00,33,1,2786,12923.75,12927.25,12923.75,12926.25,65,NQ.v.0
2021-03-30 05:50:00+00:00,33,1,2786,12927.5,12927.5,12924.5,12925.5,61,NQ.v.0
2021-03-30 05:51:00+00:00,33,1,2786,12926.25,12926.5,12925.75,12926.25,12,NQ.v.0
2021-03-30 05:52:00+00:00,33,1,2786,12926.25,12926.75,12925.5,12925.5,21,NQ.v.0
2021-03-30 05:53:00+00:00,33,1,2786,12926.25,12928.25,12926.25,12927.0,33,NQ.v.0
2021-03-30 05:54:00+00:00,33,1,2786,12927.0,12927.75,12926.25,12926.5,29,NQ.v.0
2021-03-30 05:55:00+00:00,33,1,2786,12927.0,12927.0,12924.0,12924.75,34,NQ.v.0
2021-03-30 05:56:00+00:00,33,1,2786,12925.5,12926.25,12924.5,12926.0,27,NQ.v.0
2021-03-30 05:57:00+00:00,33,1,2786,12925.75,12926.5,12925.0,12925.0,23,NQ.v.0
2021-03-30 05:58:00+00:00,33,1,2786,12924.75,12926.0,12921.0,12924.0,74,NQ.v.0
2021-03-30 05:59:00+00:00,33,1,2786,12924.0,12925.0,12922.75,12923.0,42,NQ.v.0
2021-03-30 06:00:00+00:00,33,1,2786,12922.5,12923.0,12919.0,12920.5,95,NQ.v.0
2021-03-30 06:01:00+00:00,33,1,2786,12921.75,12925.0,12921.5,12922.75,76,NQ.v.0
2021-03-30 06:02:00+00:00,33,1,2786,12923.25,12923.75,12916.25,12917.5,82,NQ.v.0
2021-03-30 06:03:00+00:00,33,1,2786,12916.75,12922.5,12915.25,12921.75,135,NQ.v.0
2021-03-30 06:04:00+00:00,33,1,2786,12922.75,12923.0,12921.0,12921.5,46,NQ.v.0
2021-03-30 06:05:00+00:00,33,1,2786,12922.5,12922.5,12918.0,12918.5,49,NQ.v.0
2021-03-30 06:06:00+00:00,33,1,2786,12918.0,12918.25,12907.0,12914.75,427,NQ.v.0
2021-03-30 06:07:00+00:00,33,1,2786,12913.5,12915.5,12912.5,12914.75,88,NQ.v.0
2021-03-30 06:08:00+00:00,33,1,2786,12915.0,12917.25,12912.5,12913.25,79,NQ.v.0
2021-03-30 06:09:00+00:00,33,1,2786,12912.75,12918.5,12912.75,12917.5,82,NQ.v.0
2021-03-30 06:10:00+00:00,33,1,2786,12918.25,12921.25,12916.25,12917.5,116,NQ.v.0
2021-03-30 06:11:00+00:00,33,1,2786,12917.25,12918.5,12915.5,12918.0,36,NQ.v.0
2021-03-30 06:12:00+00:00,33,1,2786,12918.25,12920.75,12915.0,12916.5,75,NQ.v.0
2021-03-30 06:13:00+00:00,33,1,2786,12915.75,12917.0,12913.25,12915.0,80,NQ.v.0
2021-03-30 06:14:00+00:00,33,1,2786,12916.75,12920.5,12916.75,12919.25,50,NQ.v.0
2021-03-30 06:15:00+00:00,33,1,2786,12919.75,12926.75,12919.75,12926.0,143,NQ.v.0
2021-03-30 06:16:00+00:00,33,1,2786,12925.75,12930.5,12925.5,12927.5,156,NQ.v.0
2021-03-30 06:17:00+00:00,33,1,2786,12928.25,12928.25,12924.0,12925.25,74,NQ.v.0
2021-03-30 06:18:00+00:00,33,1,2786,12925.5,12926.5,12923.0,12925.5,49,NQ.v.0
2021-03-30 06:19:00+00:00,33,1,2786,12925.0,12925.0,12923.75,12924.5,25,NQ.v.0
2021-03-30 06:20:00+00:00,33,1,2786,12925.0,12928.0,12923.75,12926.75,76,NQ.v.0
2021-03-30 06:21:00+00:00,33,1,2786,12927.0,12927.75,12925.75,12926.75,38,NQ.v.0
2021-03-30 06:22:00+00:00,33,1,2786,12927.25,12928.25,12923.0,12923.25,90,NQ.v.0
2021-03-30 06:23:00+00:00,33,1,2786,12924.0,12924.75,12920.0,12920.5,98,NQ.v.0
2021-03-30 06:24:00+00:00,33,1,2786,12920.25,12921.0,12906.75,12908.5,409,NQ.v.0
2021-03-30 06:25:00+00:00,33,1,2786,12908.0,12910.0,12897.75,12902.5,526,NQ.v.0
2021-03-30 06:26:00+00:00,33,1,2786,12903.25,12904.0,12901.0,12903.75,106,NQ.v.0
2021-03-30 06:27:00+00:00,33,1,2786,12904.0,12904.75,12899.5,12899.5,128,NQ.v.0
2021-03-30 06:28:00+00:00,33,1,2786,12900.0,12902.0,12895.0,12895.25,211,NQ.v.0
2021-03-30 06:29:00+00:00,33,1,2786,12896.5,12899.5,12892.5,12898.75,204,NQ.v.0
2021-03-30 06:30:00+00:00,33,1,2786,12898.25,12902.5,12897.0,12902.5,262,NQ.v.0
2021-03-30 06:31:00+00:00,33,1,2786,12902.5,12902.5,12898.5,12900.5,114,NQ.v.0
2021-03-30 06:32:00+00:00,33,1,2786,12901.5,12901.5,12897.0,12900.75,59,NQ.v.0
2021-03-30 06:33:00+00:00,33,1,2786,12901.0,12904.25,12900.75,12903.0,99,NQ.v.0
2021-03-30 06:34:00+00:00,33,1,2786,12902.25,12903.5,12897.5,12897.5,82,NQ.v.0
2021-03-30 06:35:00+00:00,33,1,2786,12898.25,12899.5,12896.0,12897.5,52,NQ.v.0
2021-03-30 06:36:00+00:00,33,1,2786,12897.75,12897.75,12895.0,12896.75,83,NQ.v.0
2021-03-30 06:37:00+00:00,33,1,2786,12896.75,12897.25,12894.25,12895.5,46,NQ.v.0
2021-03-30 06:38:00+00:00,33,1,2786,12895.5,12895.5,12887.25,12890.25,414,NQ.v.0
2021-03-30 06:39:00+00:00,33,1,2786,12890.75,12897.25,12889.75,12893.5,306,NQ.v.0
2021-03-30 06:40:00+00:00,33,1,2786,12893.75,12894.0,12891.5,12892.75,67,NQ.v.0
2021-03-30 06:41:00+00:00,33,1,2786,12893.5,12895.25,12888.5,12888.5,145,NQ.v.0
2021-03-30 06:42:00+00:00,33,1,2786,12889.0,12889.25,12883.25,12885.25,283,NQ.v.0
2021-03-30 06:43:00+00:00,33,1,2786,12885.0,12887.0,12882.0,12883.0,113,NQ.v.0
2021-03-30 06:44:00+00:00,33,1,2786,12882.75,12892.5,12882.75,12892.25,218,NQ.v.0
2021-03-30 06:45:00+00:00,33,1,2786,12892.5,12892.75,12888.0,12892.25,64,NQ.v.0
2021-03-30 06:46:00+00:00,33,1,2786,12891.5,12895.25,12891.0,12894.5,81,NQ.v.0
2021-03-30 06:47:00+00:00,33,1,2786,12894.5,12899.0,12894.25,12896.0,205,NQ.v.0
2021-03-30 06:48:00+00:00,33,1,2786,12896.25,12898.75,12895.5,12897.0,93,NQ.v.0
2021-03-30 06:49:00+00:00,33,1,2786,12896.5,12902.5,12896.25,12898.75,153,NQ.v.0
2021-03-30 06:50:00+00:00,33,1,2786,12898.5,12901.25,12897.25,12900.0,132,NQ.v.0
2021-03-30 06:51:00+00:00,33,1,2786,12900.5,12906.0,12899.75,12905.75,327,NQ.v.0
2021-03-30 06:52:00+00:00,33,1,2786,12905.0,12911.5,12902.75,12910.0,285,NQ.v.0
2021-03-30 06:53:00+00:00,33,1,2786,12910.25,12910.5,12908.0,12909.0,111,NQ.v.0
2021-03-30 06:54:00+00:00,33,1,2786,12908.5,12909.0,12906.5,12907.0,62,NQ.v.0
2021-03-30 06:55:00+00:00,33,1,2786,12907.0,12908.25,12901.75,12903.75,210,NQ.v.0
2021-03-30 06:56:00+00:00,33,1,2786,12903.75,12904.75,12900.5,12903.25,87,NQ.v.0
2021-03-30 06:57:00+00:00,33,1,2786,12904.0,12904.0,12898.25,12900.0,75,NQ.v.0
2021-03-30 06:58:00+00:00,33,1,2786,12899.5,12902.0,12898.25,12899.0,52,NQ.v.0
2021-03-30 06:59:00+00:00,33,1,2786,12898.5,12898.75,12894.5,12897.75,115,NQ.v.0
2021-03-30 07:00:00+00:00,33,1,2786,12898.5,12906.25,12896.5,12902.5,250,NQ.v.0
2021-03-30 07:01:00+00:00,33,1,2786,12901.75,12904.25,12895.0,12895.75,139,NQ.v.0
2021-03-30 07:02:00+00:00,33,1,2786,12895.75,12902.5,12895.75,12897.75,207,NQ.v.0
2021-03-30 07:03:00+00:00,33,1,2786,12897.5,12903.75,12897.5,12903.25,99,NQ.v.0
2021-03-30 07:04:00+00:00,33,1,2786,12903.0,12906.0,12901.25,12906.0,173,NQ.v.0
2021-03-30 07:05:00+00:00,33,1,2786,12905.0,12910.25,12903.75,12904.75,200,NQ.v.0
2021-03-30 07:06:00+00:00,33,1,2786,12905.5,12906.0,12900.0,12900.5,107,NQ.v.0
2021-03-30 07:07:00+00:00,33,1,2786,12900.0,12905.25,12897.75,12904.75,213,NQ.v.0
2021-03-30 07:08:00+00:00,33,1,2786,12905.0,12908.25,12904.0,12904.0,233,NQ.v.0
2021-03-30 07:09:00+00:00,33,1,2786,12904.0,12905.0,12901.0,12903.25,57,NQ.v.0
2021-03-30 07:10:00+00:00,33,1,2786,12902.5,12905.75,12900.75,12904.25,73,NQ.v.0
2021-03-30 07:11:00+00:00,33,1,2786,12904.25,12910.5,12903.25,12909.5,159,NQ.v.0
2021-03-30 07:12:00+00:00,33,1,2786,12909.75,12918.5,12909.75,12916.5,275,NQ.v.0
2021-03-30 07:13:00+00:00,33,1,2786,12915.25,12920.75,12914.25,12920.0,219,NQ.v.0
2021-03-30 07:14:00+00:00,33,1,2786,12919.75,12921.5,12917.5,12919.75,140,NQ.v.0
2021-03-30 07:15:00+00:00,33,1,2786,12920.0,12921.75,12917.25,12918.0,125,NQ.v.0
2021-03-30 07:16:00+00:00,33,1,2786,12917.25,12917.25,12910.25,12911.5,179,NQ.v.0
2021-03-30 07:17:00+00:00,33,1,2786,12911.75,12915.75,12911.5,12915.0,110,NQ.v.0
2021-03-30 07:18:00+00:00,33,1,2786,12915.0,12916.25,12911.5,12911.5,97,NQ.v.0
2021-03-30 07:19:00+00:00,33,1,2786,12912.0,12914.0,12910.25,12913.75,42,NQ.v.0
2021-03-30 07:20:00+00:00,33,1,2786,12913.75,12916.0,12912.5,12912.5,43,NQ.v.0
2021-03-30 07:21:00+00:00,33,1,2786,12912.5,12914.5,12912.5,12913.75,29,NQ.v.0
2021-03-30 07:22:00+00:00,33,1,2786,12914.25,12915.5,12913.25,12915.25,53,NQ.v.0
2021-03-30 07:23:00+00:00,33,1,2786,12915.0,12915.75,12912.0,12914.25,43,NQ.v.0
2021-03-30 07:24:00+00:00,33,1,2786,12914.0,12916.0,12912.25,12912.5,125,NQ.v.0
2021-03-30 07:25:00+00:00,33,1,2786,12912.0,12912.25,12906.5,12907.0,142,NQ.v.0
2021-03-30 07:26:00+00:00,33,1,2786,12907.75,12908.5,12905.75,12907.25,144,NQ.v.0
2021-03-30 07:27:00+00:00,33,1,2786,12907.5,12908.25,12903.0,12906.0,180,NQ.v.0
2021-03-30 07:28:00+00:00,33,1,2786,12905.0,12912.75,12904.0,12911.5,152,NQ.v.0
2021-03-30 07:29:00+00:00,33,1,2786,12911.5,12924.25,12911.25,12917.25,498,NQ.v.0
2021-03-30 07:30:00+00:00,33,1,2786,12917.0,12919.0,12903.25,12905.0,348,NQ.v.0
2021-03-30 07:31:00+00:00,33,1,2786,12904.75,12905.25,12894.0,12896.0,338,NQ.v.0
2021-03-30 07:32:00+00:00,33,1,2786,12895.75,12899.25,12894.0,12894.75,169,NQ.v.0
2021-03-30 07:33:00+00:00,33,1,2786,12894.25,12904.0,12892.25,12903.5,246,NQ.v.0
2021-03-30 07:34:00+00:00,33,1,2786,12903.5,12905.0,12900.5,12903.75,172,NQ.v.0
2021-03-30 07:35:00+00:00,33,1,2786,12903.5,12904.0,12898.75,12901.25,110,NQ.v.0
2021-03-30 07:36:00+00:00,33,1,2786,12901.5,12902.25,12899.75,12901.75,93,NQ.v.0
2021-03-30 07:37:00+00:00,33,1,2786,12901.5,12901.5,12894.0,12896.0,100,NQ.v.0
2021-03-30 07:38:00+00:00,33,1,2786,12895.75,12896.5,12893.5,12896.5,109,NQ.v.0
2021-03-30 07:39:00+00:00,33,1,2786,12897.0,12897.5,12892.75,12894.25,112,NQ.v.0
2021-03-30 07:40:00+00:00,33,1,2786,12893.75,12894.0,12884.0,12888.25,304,NQ.v.0
2021-03-30 07:41:00+00:00,33,1,2786,12888.0,12889.25,12882.75,12887.75,139,NQ.v.0
2021-03-30 07:42:00+00:00,33,1,2786,12887.5,12887.5,12876.25,12879.5,352,NQ.v.0
2021-03-30 07:43:00+00:00,33,1,2786,12878.25,12880.25,12872.75,12873.5,274,NQ.v.0
2021-03-30 07:44:00+00:00,33,1,2786,12872.5,12875.25,12867.5,12870.0,344,NQ.v.0
2021-03-30 07:45:00+00:00,33,1,2786,12870.25,12870.25,12864.25,12869.0,354,NQ.v.0
2021-03-30 07:46:00+00:00,33,1,2786,12869.25,12877.75,12868.75,12870.0,484,NQ.v.0
2021-03-30 07:47:00+00:00,33,1,2786,12870.0,12873.0,12865.0,12866.75,275,NQ.v.0
2021-03-30 07:48:00+00:00,33,1,2786,12866.75,12868.0,12860.5,12865.0,237,NQ.v.0
2021-03-30 07:49:00+00:00,33,1,2786,12866.0,12868.75,12864.0,12866.0,184,NQ.v.0
2021-03-30 07:50:00+00:00,33,1,2786,12867.0,12867.0,12861.0,12865.25,142,NQ.v.0
2021-03-30 07:51:00+00:00,33,1,2786,12864.5,12869.0,12863.0,12866.75,219,NQ.v.0
2021-03-30 07:52:00+00:00,33,1,2786,12866.75,12871.5,12866.25,12870.5,160,NQ.v.0
2021-03-30 07:53:00+00:00,33,1,2786,12871.0,12874.0,12869.25,12873.0,151,NQ.v.0
2021-03-30 07:54:00+00:00,33,1,2786,12873.25,12873.75,12870.75,12871.25,65,NQ.v.0
2021-03-30 07:55:00+00:00,33,1,2786,12870.5,12874.75,12867.75,12873.0,123,NQ.v.0
2021-03-30 07:56:00+00:00,33,1,2786,12873.25,12875.0,12872.0,12875.0,114,NQ.v.0
2021-03-30 07:57:00+00:00,33,1,2786,12875.0,12876.25,12872.75,12875.0,144,NQ.v.0
2021-03-30 07:58:00+00:00,33,1,2786,12875.0,12880.0,12872.25,12878.5,199,NQ.v.0
2021-03-30 07:59:00+00:00,33,1,2786,12878.75,12882.0,12876.75,12880.25,205,NQ.v.0
2021-03-30 08:00:00+00:00,33,1,2786,12880.0,12881.25,12877.0,12880.75,246,NQ.v.0
2021-03-30 08:01:00+00:00,33,1,2786,12880.5,12885.0,12880.0,12883.5,255,NQ.v.0
2021-03-30 08:02:00+00:00,33,1,2786,12883.5,12885.0,12881.25,12885.0,99,NQ.v.0
2021-03-30 08:03:00+00:00,33,1,2786,12885.0,12887.75,12882.75,12886.0,143,NQ.v.0
2021-03-30 08:04:00+00:00,33,1,2786,12886.5,12887.5,12885.5,12885.75,90,NQ.v.0
2021-03-30 08:05:00+00:00,33,1,2786,12885.75,12886.5,12880.5,12880.5,190,NQ.v.0
2021-03-30 08:06:00+00:00,33,1,2786,12881.5,12883.25,12878.0,12878.0,134,NQ.v.0
2021-03-30 08:07:00+00:00,33,1,2786,12878.0,12878.75,12873.5,12875.5,201,NQ.v.0
2021-03-30 08:08:00+00:00,33,1,2786,12874.5,12875.5,12870.25,12874.75,199,NQ.v.0
2021-03-30 08:09:00+00:00,33,1,2786,12875.0,12879.25,12874.75,12875.25,227,NQ.v.0
2021-03-30 08:10:00+00:00,33,1,2786,12875.5,12878.5,12874.25,12875.25,118,NQ.v.0
2021-03-30 08:11:00+00:00,33,1,2786,12875.25,12877.0,12871.0,12873.75,154,NQ.v.0
2021-03-30 08:12:00+00:00,33,1,2786,12873.5,12875.0,12872.25,12872.5,102,NQ.v.0
2021-03-30 08:13:00+00:00,33,1,2786,12872.75,12874.0,12867.0,12867.0,287,NQ.v.0
2021-03-30 08:14:00+00:00,33,1,2786,12867.25,12867.75,12861.5,12861.75,332,NQ.v.0
2021-03-30 08:15:00+00:00,33,1,2786,12861.5,12862.0,12857.25,12858.75,362,NQ.v.0
2021-03-30 08:16:00+00:00,33,1,2786,12859.0,12864.5,12857.25,12864.5,188,NQ.v.0
2021-03-30 08:17:00+00:00,33,1,2786,12863.75,12864.75,12859.5,12860.75,189,NQ.v.0
2021-03-30 08:18:00+00:00,33,1,2786,12861.0,12861.0,12858.0,12859.5,78,NQ.v.0
2021-03-30 08:19:00+00:00,33,1,2786,12859.5,12863.75,12853.25,12861.25,368,NQ.v.0
2021-03-30 08:20:00+00:00,33,1,2786,12861.75,12866.5,12861.0,12863.25,266,NQ.v.0
2021-03-30 08:21:00+00:00,33,1,2786,12863.25,12865.5,12860.25,12865.5,91,NQ.v.0
2021-03-30 08:22:00+00:00,33,1,2786,12865.25,12866.0,12861.25,12862.25,87,NQ.v.0
2021-03-30 08:23:00+00:00,33,1,2786,12863.0,12865.75,12861.5,12865.25,115,NQ.v.0
2021-03-30 08:24:00+00:00,33,1,2786,12864.75,12867.75,12864.5,12867.75,137,NQ.v.0
2021-03-30 08:25:00+00:00,33,1,2786,12866.75,12867.0,12860.5,12864.5,164,NQ.v.0
2021-03-30 08:26:00+00:00,33,1,2786,12865.5,12865.5,12861.0,12865.0,104,NQ.v.0
2021-03-30 08:27:00+00:00,33,1,2786,12864.5,12870.0,12863.5,12870.0,176,NQ.v.0
2021-03-30 08:28:00+00:00,33,1,2786,12870.5,12872.25,12869.25,12870.75,166,NQ.v.0
2021-03-30 08:29:00+00:00,33,1,2786,12871.5,12873.25,12869.5,12871.0,89,NQ.v.0
2021-03-30 08:30:00+00:00,33,1,2786,12871.0,12871.25,12868.5,12869.25,68,NQ.v.0
2021-03-30 08:31:00+00:00,33,1,2786,12869.25,12871.0,12867.25,12869.0,126,NQ.v.0
2021-03-30 08:32:00+00:00,33,1,2786,12868.25,12873.5,12867.75,12871.75,69,NQ.v.0
2021-03-30 08:33:00+00:00,33,1,2786,12870.75,12872.5,12870.75,12871.75,38,NQ.v.0
2021-03-30 08:34:00+00:00,33,1,2786,12871.75,12879.75,12870.5,12877.25,267,NQ.v.0
2021-03-30 08:35:00+00:00,33,1,2786,12876.5,12879.0,12874.5,12875.25,171,NQ.v.0
2021-03-30 08:36:00+00:00,33,1,2786,12874.75,12875.75,12867.0,12868.25,180,NQ.v.0
2021-03-30 08:37:00+00:00,33,1,2786,12868.5,12870.75,12863.5,12864.25,109,NQ.v.0
2021-03-30 08:38:00+00:00,33,1,2786,12865.75,12865.75,12864.25,12864.25,43,NQ.v.0
2021-03-30 08:39:00+00:00,33,1,2786,12864.0,12868.0,12861.75,12867.0,95,NQ.v.0
2021-03-30 08:40:00+00:00,33,1,2786,12866.25,12872.5,12865.0,12871.5,110,NQ.v.0
2021-03-30 08:41:00+00:00,33,1,2786,12871.75,12873.75,12868.75,12870.5,148,NQ.v.0
2021-03-30 08:42:00+00:00,33,1,2786,12870.5,12873.0,12870.5,12871.0,53,NQ.v.0
2021-03-30 08:43:00+00:00,33,1,2786,12870.5,12871.0,12868.0,12870.5,52,NQ.v.0
2021-03-30 08:44:00+00:00,33,1,2786,12871.5,12871.5,12866.25,12867.75,56,NQ.v.0
2021-03-30 08:45:00+00:00,33,1,2786,12867.75,12869.75,12865.5,12865.5,32,NQ.v.0
2021-03-30 08:46:00+00:00,33,1,2786,12866.0,12872.0,12863.25,12871.25,120,NQ.v.0
2021-03-30 08:47:00+00:00,33,1,2786,12871.0,12874.0,12869.25,12872.5,98,NQ.v.0
2021-03-30 08:48:00+00:00,33,1,2786,12872.25,12875.75,12872.25,12875.0,88,NQ.v.0
2021-03-30 08:49:00+00:00,33,1,2786,12875.0,12875.25,12871.75,12874.75,56,NQ.v.0
2021-03-30 08:50:00+00:00,33,1,2786,12875.0,12877.5,12871.0,12872.0,110,NQ.v.0
2021-03-30 08:51:00+00:00,33,1,2786,12872.0,12874.5,12872.0,12873.75,45,NQ.v.0
2021-03-30 08:52:00+00:00,33,1,2786,12873.0,12877.5,12873.0,12877.5,45,NQ.v.0
2021-03-30 08:53:00+00:00,33,1,2786,12877.5,12879.25,12876.75,12879.0,72,NQ.v.0
2021-03-30 08:54:00+00:00,33,1,2786,12878.5,12878.5,12874.0,12875.5,52,NQ.v.0
2021-03-30 08:55:00+00:00,33,1,2786,12875.0,12875.5,12872.75,12874.0,35,NQ.v.0
2021-03-30 08:56:00+00:00,33,1,2786,12874.25,12879.0,12874.25,12877.5,35,NQ.v.0
2021-03-30 08:57:00+00:00,33,1,2786,12877.25,12877.25,12871.75,12874.25,53,NQ.v.0
2021-03-30 08:58:00+00:00,33,1,2786,12873.75,12875.25,12872.0,12873.25,55,NQ.v.0
2021-03-30 08:59:00+00:00,33,1,2786,12873.25,12875.75,12871.75,12874.5,52,NQ.v.0
2021-03-30 09:00:00+00:00,33,1,2786,12873.25,12873.75,12869.0,12871.25,155,NQ.v.0
2021-03-30 09:01:00+00:00,33,1,2786,12871.5,12871.5,12867.75,12869.0,97,NQ.v.0
2021-03-30 09:02:00+00:00,33,1,2786,12869.25,12871.25,12867.25,12869.5,113,NQ.v.0
2021-03-30 09:03:00+00:00,33,1,2786,12870.0,12873.25,12869.0,12870.75,63,NQ.v.0
2021-03-30 09:04:00+00:00,33,1,2786,12870.5,12876.0,12870.5,12875.75,74,NQ.v.0
2021-03-30 09:05:00+00:00,33,1,2786,12875.5,12877.75,12875.25,12876.75,93,NQ.v.0
2021-03-30 09:06:00+00:00,33,1,2786,12877.0,12877.5,12874.75,12876.25,69,NQ.v.0
2021-03-30 09:07:00+00:00,33,1,2786,12876.5,12879.75,12876.25,12879.0,92,NQ.v.0
2021-03-30 09:08:00+00:00,33,1,2786,12879.0,12881.5,12878.25,12880.5,76,NQ.v.0
2021-03-30 09:09:00+00:00,33,1,2786,12880.5,12882.0,12880.25,12881.25,33,NQ.v.0
2021-03-30 09:10:00+00:00,33,1,2786,12881.0,12885.25,12880.5,12884.0,133,NQ.v.0
2021-03-30 09:11:00+00:00,33,1,2786,12884.0,12887.25,12884.0,12884.5,119,NQ.v.0
2021-03-30 09:12:00+00:00,33,1,2786,12885.5,12886.0,12882.0,12885.5,109,NQ.v.0
2021-03-30 09:13:00+00:00,33,1,2786,12884.75,12886.75,12884.5,12885.5,49,NQ.v.0
2021-03-30 09:14:00+00:00,33,1,2786,12885.0,12886.75,12884.5,12885.0,46,NQ.v.0
2021-03-30 09:15:00+00:00,33,1,2786,12885.5,12887.5,12885.0,12887.0,66,NQ.v.0
2021-03-30 09:16:00+00:00,33,1,2786,12886.0,12887.0,12885.5,12886.0,46,NQ.v.0
2021-03-30 09:17:00+00:00,33,1,2786,12885.75,12885.75,12883.75,12884.5,76,NQ.v.0
2021-03-30 09:18:00+00:00,33,1,2786,12884.0,12885.5,12883.0,12884.0,62,NQ.v.0
2021-03-30 09:19:00+00:00,33,1,2786,12884.0,12884.0,12882.5,12883.25,44,NQ.v.0
2021-03-30 09:20:00+00:00,33,1,2786,12883.0,12887.0,12882.5,12884.25,64,NQ.v.0
2021-03-30 09:21:00+00:00,33,1,2786,12884.75,12884.75,12882.75,12884.5,32,NQ.v.0
2021-03-30 09:22:00+00:00,33,1,2786,12885.0,12889.0,12884.25,12888.25,73,NQ.v.0
2021-03-30 09:23:00+00:00,33,1,2786,12888.0,12893.5,12887.5,12890.25,220,NQ.v.0
2021-03-30 09:24:00+00:00,33,1,2786,12890.25,12892.75,12889.5,12890.75,79,NQ.v.0
2021-03-30 09:25:00+00:00,33,1,2786,12891.0,12899.75,12890.0,12897.5,291,NQ.v.0
2021-03-30 09:26:00+00:00,33,1,2786,12897.5,12897.5,12893.5,12894.75,81,NQ.v.0
2021-03-30 09:27:00+00:00,33,1,2786,12894.0,12896.0,12893.5,12894.5,79,NQ.v.0
2021-03-30 09:28:00+00:00,33,1,2786,12894.5,12897.0,12894.25,12896.25,76,NQ.v.0
2021-03-30 09:29:00+00:00,33,1,2786,12896.25,12896.75,12893.75,12894.25,98,NQ.v.0
2021-03-30 09:30:00+00:00,33,1,2786,12894.25,12895.0,12892.5,12893.75,77,NQ.v.0
2021-03-30 09:31:00+00:00,33,1,2786,12893.75,12895.75,12892.5,12893.5,78,NQ.v.0
2021-03-30 09:32:00+00:00,33,1,2786,12893.25,12900.25,12893.25,12897.75,309,NQ.v.0
2021-03-30 09:33:00+00:00,33,1,2786,12897.5,12900.75,12897.5,12899.25,68,NQ.v.0
2021-03-30 09:34:00+00:00,33,1,2786,12898.25,12899.0,12894.0,12894.0,74,NQ.v.0
2021-03-30 09:35:00+00:00,33,1,2786,12894.0,12894.0,12891.0,12892.5,231,NQ.v.0
2021-03-30 09:36:00+00:00,33,1,2786,12892.25,12894.75,12889.25,12891.0,125,NQ.v.0
2021-03-30 09:37:00+00:00,33,1,2786,12891.0,12893.0,12890.5,12891.75,56,NQ.v.0
2021-03-30 09:38:00+00:00,33,1,2786,12891.75,12892.75,12891.0,12892.0,32,NQ.v.0
2021-03-30 09:39:00+00:00,33,1,2786,12891.5,12893.0,12890.0,12891.75,39,NQ.v.0
2021-03-30 09:40:00+00:00,33,1,2786,12892.25,12893.5,12889.75,12890.25,69,NQ.v.0
2021-03-30 09:41:00+00:00,33,1,2786,12890.0,12891.25,12888.75,12890.0,70,NQ.v.0
2021-03-30 09:42:00+00:00,33,1,2786,12890.5,12890.5,12887.0,12887.75,111,NQ.v.0
2021-03-30 09:43:00+00:00,33,1,2786,12888.0,12889.25,12887.5,12888.75,25,NQ.v.0
2021-03-30 09:44:00+00:00,33,1,2786,12888.0,12889.5,12886.75,12887.25,45,NQ.v.0
2021-03-30 09:45:00+00:00,33,1,2786,12887.25,12890.5,12884.25,12890.25,146,NQ.v.0
2021-03-30 09:46:00+00:00,33,1,2786,12889.75,12893.25,12889.75,12893.25,60,NQ.v.0
2021-03-30 09:47:00+00:00,33,1,2786,12893.5,12896.25,12893.0,12896.0,144,NQ.v.0
2021-03-30 09:48:00+00:00,33,1,2786,12895.5,12896.25,12893.5,12894.75,36,NQ.v.0
2021-03-30 09:49:00+00:00,33,1,2786,12895.0,12895.25,12891.25,12893.5,75,NQ.v.0
2021-03-30 09:50:00+00:00,33,1,2786,12893.5,12897.5,12893.5,12896.5,53,NQ.v.0
2021-03-30 09:51:00+00:00,33,1,2786,12896.5,12899.5,12896.0,12899.5,75,NQ.v.0
2021-03-30 09:52:00+00:00,33,1,2786,12899.5,12901.5,12898.0,12900.25,126,NQ.v.0
2021-03-30 09:53:00+00:00,33,1,2786,12900.5,12901.0,12899.0,12900.75,37,NQ.v.0
2021-03-30 09:54:00+00:00,33,1,2786,12900.25,12900.25,12897.0,12898.25,87,NQ.v.0
2021-03-30 09:55:00+00:00,33,1,2786,12897.75,12899.0,12894.25,12895.5,167,NQ.v.0
2021-03-30 09:56:00+00:00,33,1,2786,12895.75,12897.0,12894.25,12894.5,24,NQ.v.0
2021-03-30 09:57:00+00:00,33,1,2786,12895.0,12895.5,12893.5,12895.0,56,NQ.v.0
2021-03-30 09:58:00+00:00,33,1,2786,12894.75,12897.5,12894.25,12896.25,26,NQ.v.0
2021-03-30 09:59:00+00:00,33,1,2786,12897.0,12898.0,12895.0,12895.0,65,NQ.v.0
2021-03-30 10:00:00+00:00,33,1,2786,12895.0,12896.0,12890.0,12891.5,183,NQ.v.0
2021-03-30 10:01:00+00:00,33,1,2786,12891.5,12893.75,12890.25,12890.5,80,NQ.v.0
2021-03-30 10:02:00+00:00,33,1,2786,12890.0,12892.75,12889.75,12890.75,58,NQ.v.0
2021-03-30 10:03:00+00:00,33,1,2786,12890.75,12892.25,12890.25,12891.0,30,NQ.v.0
2021-03-30 10:04:00+00:00,33,1,2786,12891.0,12891.0,12888.5,12889.5,68,NQ.v.0
2021-03-30 10:05:00+00:00,33,1,2786,12889.5,12890.5,12889.0,12890.5,43,NQ.v.0
2021-03-30 10:06:00+00:00,33,1,2786,12890.0,12897.25,12890.0,12895.5,79,NQ.v.0
2021-03-30 10:07:00+00:00,33,1,2786,12896.0,12896.5,12894.5,12896.5,59,NQ.v.0
2021-03-30 10:08:00+00:00,33,1,2786,12896.0,12899.5,12896.0,12899.25,58,NQ.v.0
2021-03-30 10:09:00+00:00,33,1,2786,12899.25,12900.0,12898.0,12900.0,82,NQ.v.0
2021-03-30 10:10:00+00:00,33,1,2786,12900.0,12903.25,12898.25,12901.5,164,NQ.v.0
2021-03-30 10:11:00+00:00,33,1,2786,12902.0,12902.5,12900.0,12900.5,74,NQ.v.0
2021-03-30 10:12:00+00:00,33,1,2786,12900.0,12901.25,12897.25,12898.0,219,NQ.v.0
2021-03-30 10:13:00+00:00,33,1,2786,12897.25,12897.25,12895.75,12896.5,74,NQ.v.0
2021-03-30 10:14:00+00:00,33,1,2786,12897.0,12898.0,12896.5,12896.5,47,NQ.v.0
2021-03-30 10:15:00+00:00,33,1,2786,12896.75,12897.25,12893.75,12894.25,164,NQ.v.0
2021-03-30 10:16:00+00:00,33,1,2786,12894.75,12895.25,12893.0,12894.0,66,NQ.v.0
2021-03-30 10:17:00+00:00,33,1,2786,12894.0,12894.0,12891.5,12893.25,51,NQ.v.0
2021-03-30 10:18:00+00:00,33,1,2786,12893.5,12894.0,12891.0,12892.75,108,NQ.v.0
2021-03-30 10:19:00+00:00,33,1,2786,12892.75,12896.0,12892.0,12894.5,114,NQ.v.0
2021-03-30 10:20:00+00:00,33,1,2786,12894.0,12895.5,12893.5,12894.25,34,NQ.v.0
2021-03-30 10:21:00+00:00,33,1,2786,12894.75,12895.25,12894.0,12895.25,26,NQ.v.0
2021-03-30 10:22:00+00:00,33,1,2786,12894.5,12898.0,12894.25,12897.0,86,NQ.v.0
2021-03-30 10:23:00+00:00,33,1,2786,12897.25,12900.75,12896.5,12900.5,120,NQ.v.0
2021-03-30 10:24:00+00:00,33,1,2786,12900.0,12900.75,12895.75,12897.0,151,NQ.v.0
2021-03-30 10:25:00+00:00,33,1,2786,12897.0,12898.25,12894.0,12894.0,76,NQ.v.0
2021-03-30 10:26:00+00:00,33,1,2786,12894.5,12894.5,12891.5,12892.0,85,NQ.v.0
2021-03-30 10:27:00+00:00,33,1,2786,12892.5,12895.0,12891.75,12893.25,56,NQ.v.0
2021-03-30 10:28:00+00:00,33,1,2786,12893.25,12896.0,12891.75,12895.0,75,NQ.v.0
2021-03-30 10:29:00+00:00,33,1,2786,12895.25,12895.25,12893.75,12894.75,18,NQ.v.0
2021-03-30 10:30:00+00:00,33,1,2786,12894.5,12896.0,12893.75,12895.25,38,NQ.v.0
2021-03-30 10:31:00+00:00,33,1,2786,12895.25,12896.25,12893.75,12894.75,26,NQ.v.0
2021-03-30 10:32:00+00:00,33,1,2786,12894.5,12894.75,12891.5,12892.0,55,NQ.v.0
2021-03-30 10:33:00+00:00,33,1,2786,12892.5,12892.75,12892.0,12892.75,26,NQ.v.0
2021-03-30 10:34:00+00:00,33,1,2786,12892.75,12892.75,12881.5,12882.0,447,NQ.v.0
2021-03-30 10:35:00+00:00,33,1,2786,12882.5,12882.75,12870.5,12874.5,562,NQ.v.0
2021-03-30 10:36:00+00:00,33,1,2786,12874.75,12880.75,12872.0,12874.0,320,NQ.v.0
2021-03-30 10:37:00+00:00,33,1,2786,12873.5,12877.5,12873.5,12875.5,106,NQ.v.0
2021-03-30 10:38:00+00:00,33,1,2786,12875.0,12876.0,12873.0,12874.0,82,NQ.v.0
2021-03-30 10:39:00+00:00,33,1,2786,12874.0,12878.25,12873.5,12874.5,151,NQ.v.0
2021-03-30 10:40:00+00:00,33,1,2786,12875.0,12875.25,12866.0,12868.75,376,NQ.v.0
2021-03-30 10:41:00+00:00,33,1,2786,12868.5,12872.25,12866.75,12868.25,200,NQ.v.0
2021-03-30 10:42:00+00:00,33,1,2786,12867.5,12869.5,12863.75,12867.5,326,NQ.v.0
2021-03-30 10:43:00+00:00,33,1,2786,12867.75,12870.0,12866.75,12867.25,103,NQ.v.0
2021-03-30 10:44:00+00:00,33,1,2786,12866.5,12866.5,12845.5,12848.25,930,NQ.v.0
2021-03-30 10:45:00+00:00,33,1,2786,12848.25,12853.75,12845.25,12850.5,367,NQ.v.0
2021-03-30 10:46:00+00:00,33,1,2786,12850.75,12853.0,12847.0,12851.75,273,NQ.v.0
2021-03-30 10:47:00+00:00,33,1,2786,12851.75,12853.25,12849.5,12852.5,227,NQ.v.0
2021-03-30 10:48:00+00:00,33,1,2786,12852.5,12856.25,12850.5,12856.25,192,NQ.v.0
2021-03-30 10:49:00+00:00,33,1,2786,12856.25,12858.25,12853.0,12855.0,174,NQ.v.0
2021-03-30 10:50:00+00:00,33,1,2786,12855.0,12855.75,12851.0,12854.0,190,NQ.v.0
2021-03-30 10:51:00+00:00,33,1,2786,12854.0,12859.25,12852.5,12858.0,256,NQ.v.0
2021-03-30 10:52:00+00:00,33,1,2786,12858.5,12858.5,12856.0,12857.5,102,NQ.v.0
2021-03-30 10:53:00+00:00,33,1,2786,12857.5,12860.75,12855.25,12858.5,196,NQ.v.0
2021-03-30 10:54:00+00:00,33,1,2786,12858.0,12865.5,12856.0,12862.0,209,NQ.v.0
2021-03-30 10:55:00+00:00,33,1,2786,12862.75,12864.5,12861.25,12863.75,109,NQ.v.0
2021-03-30 10:56:00+00:00,33,1,2786,12863.75,12866.5,12863.5,12865.75,119,NQ.v.0
2021-03-30 10:57:00+00:00,33,1,2786,12865.75,12865.75,12862.0,12863.5,79,NQ.v.0
2021-03-30 10:58:00+00:00,33,1,2786,12864.0,12866.5,12864.0,12865.75,94,NQ.v.0
2021-03-30 10:59:00+00:00,33,1,2786,12866.0,12871.5,12865.75,12870.75,209,NQ.v.0
2021-03-30 11:00:00+00:00,33,1,2786,12871.0,12871.75,12866.5,12868.75,234,NQ.v.0
2021-03-30 11:01:00+00:00,33,1,2786,12869.0,12869.0,12865.0,12865.5,191,NQ.v.0
2021-03-30 11:02:00+00:00,33,1,2786,12865.5,12865.5,12860.0,12860.25,216,NQ.v.0
2021-03-30 11:03:00+00:00,33,1,2786,12860.75,12862.5,12856.0,12857.5,219,NQ.v.0
2021-03-30 11:04:00+00:00,33,1,2786,12857.0,12858.75,12856.0,12857.75,158,NQ.v.0
2021-03-30 11:05:00+00:00,33,1,2786,12857.75,12857.75,12849.5,12853.0,340,NQ.v.0
2021-03-30 11:06:00+00:00,33,1,2786,12853.25,12861.25,12852.5,12860.0,297,NQ.v.0
2021-03-30 11:07:00+00:00,33,1,2786,12858.5,12859.75,12855.25,12857.75,88,NQ.v.0
2021-03-30 11:08:00+00:00,33,1,2786,12858.0,12865.25,12857.75,12865.25,195,NQ.v.0
2021-03-30 11:09:00+00:00,33,1,2786,12865.5,12865.75,12856.75,12858.5,174,NQ.v.0
2021-03-30 11:10:00+00:00,33,1,2786,12858.25,12858.25,12853.0,12856.5,210,NQ.v.0
2021-03-30 11:11:00+00:00,33,1,2786,12856.75,12865.0,12856.75,12862.5,169,NQ.v.0
2021-03-30 11:12:00+00:00,33,1,2786,12863.0,12864.25,12858.5,12859.0,81,NQ.v.0
2021-03-30 11:13:00+00:00,33,1,2786,12859.5,12863.5,12859.0,12860.75,146,NQ.v.0
2021-03-30 11:14:00+00:00,33,1,2786,12861.25,12861.5,12856.0,12856.0,131,NQ.v.0
2021-03-30 11:15:00+00:00,33,1,2786,12856.75,12857.5,12839.75,12842.5,913,NQ.v.0
2021-03-30 11:16:00+00:00,33,1,2786,12842.75,12848.75,12838.25,12845.5,657,NQ.v.0
2021-03-30 11:17:00+00:00,33,1,2786,12845.75,12846.25,12840.0,12843.0,203,NQ.v.0
2021-03-30 11:18:00+00:00,33,1,2786,12843.25,12844.5,12839.0,12841.5,199,NQ.v.0
2021-03-30 11:19:00+00:00,33,1,2786,12840.75,12849.5,12840.75,12847.75,194,NQ.v.0
2021-03-30 11:20:00+00:00,33,1,2786,12847.25,12848.0,12841.75,12842.25,142,NQ.v.0
2021-03-30 11:21:00+00:00,33,1,2786,12842.25,12849.0,12842.0,12846.0,202,NQ.v.0
2021-03-30 11:22:00+00:00,33,1,2786,12846.5,12850.5,12846.0,12847.0,121,NQ.v.0
2021-03-30 11:23:00+00:00,33,1,2786,12847.25,12851.75,12846.0,12851.5,100,NQ.v.0
2021-03-30 11:24:00+00:00,33,1,2786,12852.0,12858.0,12850.25,12854.25,247,NQ.v.0
2021-03-30 11:25:00+00:00,33,1,2786,12854.0,12856.5,12852.0,12855.75,327,NQ.v.0
2021-03-30 11:26:00+00:00,33,1,2786,12856.0,12862.0,12854.0,12862.0,177,NQ.v.0
2021-03-30 11:27:00+00:00,33,1,2786,12861.5,12866.5,12854.75,12862.75,556,NQ.v.0
2021-03-30 11:28:00+00:00,33,1,2786,12863.75,12867.0,12862.0,12863.0,160,NQ.v.0
2021-03-30 11:29:00+00:00,33,1,2786,12862.25,12866.5,12859.5,12865.75,153,NQ.v.0
2021-03-30 11:30:00+00:00,33,1,2786,12865.5,12866.5,12859.25,12860.5,197,NQ.v.0
2021-03-30 11:31:00+00:00,33,1,2786,12859.75,12862.0,12851.25,12860.25,350,NQ.v.0
2021-03-30 11:32:00+00:00,33,1,2786,12860.5,12865.0,12859.25,12859.5,152,NQ.v.0
2021-03-30 11:33:00+00:00,33,1,2786,12859.25,12862.75,12858.5,12861.0,44,NQ.v.0
2021-03-30 11:34:00+00:00,33,1,2786,12861.0,12861.25,12858.5,12858.5,59,NQ.v.0
2021-03-30 11:35:00+00:00,33,1,2786,12858.0,12858.0,12849.0,12850.75,282,NQ.v.0
2021-03-30 11:36:00+00:00,33,1,2786,12850.75,12850.75,12842.75,12844.5,384,NQ.v.0
2021-03-30 11:37:00+00:00,33,1,2786,12843.75,12851.25,12841.75,12850.25,173,NQ.v.0
2021-03-30 11:38:00+00:00,33,1,2786,12850.25,12851.75,12849.25,12849.5,112,NQ.v.0
2021-03-30 11:39:00+00:00,33,1,2786,12848.5,12851.0,12847.75,12847.75,92,NQ.v.0
2021-03-30 11:40:00+00:00,33,1,2786,12847.75,12847.75,12843.5,12844.75,165,NQ.v.0
2021-03-30 11:41:00+00:00,33,1,2786,12844.5,12848.75,12843.25,12846.5,102,NQ.v.0
2021-03-30 11:42:00+00:00,33,1,2786,12846.25,12848.75,12846.25,12847.0,97,NQ.v.0
2021-03-30 11:43:00+00:00,33,1,2786,12846.5,12850.25,12846.5,12849.75,102,NQ.v.0
2021-03-30 11:44:00+00:00,33,1,2786,12849.75,12857.25,12849.0,12853.25,282,NQ.v.0
2021-03-30 11:45:00+00:00,33,1,2786,12853.5,12855.5,12849.5,12855.5,141,NQ.v.0
2021-03-30 11:46:00+00:00,33,1,2786,12854.75,12858.0,12852.0,12856.25,195,NQ.v.0
2021-03-30 11:47:00+00:00,33,1,2786,12856.5,12858.5,12847.5,12850.5,193,NQ.v.0
2021-03-30 11:48:00+00:00,33,1,2786,12850.5,12854.5,12849.75,12854.0,84,NQ.v.0
2021-03-30 11:49:00+00:00,33,1,2786,12853.25,12857.75,12852.75,12854.25,127,NQ.v.0
2021-03-30 11:50:00+00:00,33,1,2786,12854.25,12854.25,12850.25,12852.25,109,NQ.v.0
2021-03-30 11:51:00+00:00,33,1,2786,12852.5,12853.0,12843.5,12847.5,224,NQ.v.0
2021-03-30 11:52:00+00:00,33,1,2786,12847.75,12853.5,12847.25,12850.25,135,NQ.v.0
2021-03-30 11:53:00+00:00,33,1,2786,12850.0,12856.0,12850.0,12855.5,166,NQ.v.0
2021-03-30 11:54:00+00:00,33,1,2786,12855.25,12857.25,12849.25,12851.0,117,NQ.v.0
2021-03-30 11:55:00+00:00,33,1,2786,12850.25,12853.5,12848.75,12851.0,36,NQ.v.0
2021-03-30 11:56:00+00:00,33,1,2786,12850.25,12851.0,12847.75,12849.5,74,NQ.v.0
2021-03-30 11:57:00+00:00,33,1,2786,12849.25,12849.25,12845.0,12847.75,163,NQ.v.0
2021-03-30 11:58:00+00:00,33,1,2786,12848.0,12848.75,12843.5,12843.5,117,NQ.v.0
2021-03-30 11:59:00+00:00,33,1,2786,12843.25,12849.5,12843.25,12848.5,95,NQ.v.0
2021-03-30 12:00:00+00:00,33,1,2786,12849.0,12849.5,12835.0,12845.75,748,NQ.v.0
2021-03-30 12:01:00+00:00,33,1,2786,12846.5,12855.0,12846.5,12854.5,294,NQ.v.0
2021-03-30 12:02:00+00:00,33,1,2786,12854.75,12858.25,12853.5,12856.75,263,NQ.v.0
2021-03-30 12:03:00+00:00,33,1,2786,12856.5,12860.0,12853.75,12854.5,235,NQ.v.0
2021-03-30 12:04:00+00:00,33,1,2786,12854.75,12854.75,12848.0,12849.25,233,NQ.v.0
2021-03-30 12:05:00+00:00,33,1,2786,12850.0,12850.5,12842.25,12846.5,276,NQ.v.0
2021-03-30 12:06:00+00:00,33,1,2786,12847.0,12855.0,12847.0,12854.0,193,NQ.v.0
2021-03-30 12:07:00+00:00,33,1,2786,12854.0,12857.75,12850.0,12857.25,258,NQ.v.0
2021-03-30 12:08:00+00:00,33,1,2786,12857.25,12859.0,12854.75,12857.0,172,NQ.v.0
2021-03-30 12:09:00+00:00,33,1,2786,12855.25,12856.5,12853.25,12854.25,108,NQ.v.0
2021-03-30 12:10:00+00:00,33,1,2786,12854.0,12859.25,12853.5,12858.5,187,NQ.v.0
2021-03-30 12:11:00+00:00,33,1,2786,12857.75,12863.0,12857.75,12861.0,310,NQ.v.0
2021-03-30 12:12:00+00:00,33,1,2786,12860.25,12866.0,12859.5,12863.0,377,NQ.v.0
2021-03-30 12:13:00+00:00,33,1,2786,12862.25,12865.5,12860.75,12864.75,203,NQ.v.0
2021-03-30 12:14:00+00:00,33,1,2786,12863.75,12867.25,12863.5,12864.0,292,NQ.v.0
2021-03-30 12:15:00+00:00,33,1,2786,12863.75,12864.75,12858.5,12861.5,221,NQ.v.0
2021-03-30 12:16:00+00:00,33,1,2786,12861.75,12866.0,12860.25,12865.0,161,NQ.v.0
2021-03-30 12:17:00+00:00,33,1,2786,12865.25,12867.0,12862.25,12864.0,179,NQ.v.0
2021-03-30 12:18:00+00:00,33,1,2786,12864.0,12865.25,12861.5,12865.0,70,NQ.v.0
2021-03-30 12:19:00+00:00,33,1,2786,12865.25,12867.75,12864.0,12865.5,164,NQ.v.0
2021-03-30 12:20:00+00:00,33,1,2786,12865.5,12868.0,12861.0,12862.0,277,NQ.v.0
2021-03-30 12:21:00+00:00,33,1,2786,12861.75,12863.75,12860.0,12862.25,156,NQ.v.0
2021-03-30 12:22:00+00:00,33,1,2786,12862.0,12863.0,12855.0,12856.5,244,NQ.v.0
2021-03-30 12:23:00+00:00,33,1,2786,12856.0,12860.75,12855.75,12860.25,119,NQ.v.0
2021-03-30 12:24:00+00:00,33,1,2786,12860.25,12863.5,12858.0,12858.0,114,NQ.v.0
2021-03-30 12:25:00+00:00,33,1,2786,12857.75,12859.5,12855.25,12855.25,135,NQ.v.0
2021-03-30 12:26:00+00:00,33,1,2786,12855.5,12861.5,12855.5,12861.25,112,NQ.v.0
2021-03-30 12:27:00+00:00,33,1,2786,12860.5,12862.5,12860.25,12862.5,102,NQ.v.0
2021-03-30 12:28:00+00:00,33,1,2786,12862.75,12865.75,12862.0,12864.75,130,NQ.v.0
2021-03-30 12:29:00+00:00,33,1,2786,12864.75,12866.0,12860.25,12860.25,176,NQ.v.0
2021-03-30 12:30:00+00:00,33,1,2786,12860.0,12863.0,12857.5,12859.0,109,NQ.v.0
2021-03-30 12:31:00+00:00,33,1,2786,12858.5,12858.5,12850.25,12853.0,697,NQ.v.0
2021-03-30 12:32:00+00:00,33,1,2786,12853.75,12855.75,12851.5,12853.5,143,NQ.v.0
2021-03-30 12:33:00+00:00,33,1,2786,12852.5,12852.5,12843.5,12843.75,443,NQ.v.0
2021-03-30 12:34:00+00:00,33,1,2786,12843.75,12848.0,12840.75,12844.5,428,NQ.v.0
2021-03-30 12:35:00+00:00,33,1,2786,12844.0,12848.5,12842.75,12847.25,179,NQ.v.0
2021-03-30 12:36:00+00:00,33,1,2786,12846.75,12851.25,12845.25,12845.75,189,NQ.v.0
2021-03-30 12:37:00+00:00,33,1,2786,12845.25,12849.0,12845.0,12849.0,133,NQ.v.0
2021-03-30 12:38:00+00:00,33,1,2786,12849.0,12851.0,12844.25,12844.25,126,NQ.v.0
2021-03-30 12:39:00+00:00,33,1,2786,12845.0,12848.75,12844.0,12848.5,99,NQ.v.0
2021-03-30 12:40:00+00:00,33,1,2786,12847.75,12848.5,12845.5,12847.25,79,NQ.v.0
2021-03-30 12:41:00+00:00,33,1,2786,12847.5,12854.75,12844.5,12853.75,359,NQ.v.0
2021-03-30 12:42:00+00:00,33,1,2786,12853.5,12860.25,12853.25,12857.25,395,NQ.v.0
2021-03-30 12:43:00+00:00,33,1,2786,12857.0,12860.5,12855.75,12859.5,170,NQ.v.0
2021-03-30 12:44:00+00:00,33,1,2786,12859.0,12859.25,12855.5,12857.5,89,NQ.v.0
2021-03-30 12:45:00+00:00,33,1,2786,12857.0,12860.25,12856.0,12858.5,188,NQ.v.0
2021-03-30 12:46:00+00:00,33,1,2786,12858.5,12861.75,12845.5,12849.0,458,NQ.v.0
2021-03-30 12:47:00+00:00,33,1,2786,12848.25,12848.75,12842.0,12844.75,423,NQ.v.0
2021-03-30 12:48:00+00:00,33,1,2786,12845.0,12851.5,12844.0,12848.5,211,NQ.v.0
2021-03-30 12:49:00+00:00,33,1,2786,12849.0,12852.5,12847.25,12849.5,113,NQ.v.0
2021-03-30 12:50:00+00:00,33,1,2786,12849.5,12849.75,12843.5,12846.75,172,NQ.v.0
2021-03-30 12:51:00+00:00,33,1,2786,12846.5,12857.25,12846.25,12856.5,288,NQ.v.0
2021-03-30 12:52:00+00:00,33,1,2786,12856.5,12859.5,12854.0,12855.5,220,NQ.v.0
2021-03-30 12:53:00+00:00,33,1,2786,12856.0,12856.25,12854.25,12855.0,69,NQ.v.0
2021-03-30 12:54:00+00:00,33,1,2786,12856.0,12859.0,12855.0,12856.0,91,NQ.v.0
2021-03-30 12:55:00+00:00,33,1,2786,12856.0,12859.0,12855.5,12857.25,118,NQ.v.0
2021-03-30 12:56:00+00:00,33,1,2786,12857.25,12859.0,12856.25,12857.0,94,NQ.v.0
2021-03-30 12:57:00+00:00,33,1,2786,12857.5,12859.75,12856.0,12858.75,84,NQ.v.0
2021-03-30 12:58:00+00:00,33,1,2786,12858.5,12859.5,12856.75,12858.0,56,NQ.v.0
2021-03-30 12:59:00+00:00,33,1,2786,12859.25,12862.75,12859.0,12861.0,193,NQ.v.0
2021-03-30 13:00:00+00:00,33,1,2786,12861.25,12864.0,12857.0,12859.75,201,NQ.v.0
2021-03-30 13:01:00+00:00,33,1,2786,12859.0,12862.0,12857.25,12860.75,143,NQ.v.0
2021-03-30 13:02:00+00:00,33,1,2786,12861.0,12867.0,12860.5,12865.5,273,NQ.v.0
2021-03-30 13:03:00+00:00,33,1,2786,12865.0,12865.5,12861.0,12863.0,143,NQ.v.0
2021-03-30 13:04:00+00:00,33,1,2786,12861.75,12862.0,12857.25,12858.75,160,NQ.v.0
2021-03-30 13:05:00+00:00,33,1,2786,12858.75,12862.5,12855.0,12861.5,225,NQ.v.0
2021-03-30 13:06:00+00:00,33,1,2786,12862.0,12864.0,12860.75,12863.75,161,NQ.v.0
2021-03-30 13:07:00+00:00,33,1,2786,12863.5,12873.25,12863.5,12871.75,508,NQ.v.0
2021-03-30 13:08:00+00:00,33,1,2786,12871.75,12875.25,12871.25,12874.75,366,NQ.v.0
2021-03-30 13:09:00+00:00,33,1,2786,12874.5,12876.5,12872.0,12876.25,254,NQ.v.0
2021-03-30 13:10:00+00:00,33,1,2786,12876.25,12876.25,12871.0,12873.5,205,NQ.v.0
2021-03-30 13:11:00+00:00,33,1,2786,12873.5,12873.5,12870.25,12870.25,139,NQ.v.0
2021-03-30 13:12:00+00:00,33,1,2786,12870.75,12871.75,12867.25,12868.5,224,NQ.v.0
2021-03-30 13:13:00+00:00,33,1,2786,12869.0,12873.0,12868.25,12871.75,257,NQ.v.0
2021-03-30 13:14:00+00:00,33,1,2786,12872.0,12873.75,12871.0,12871.25,107,NQ.v.0
2021-03-30 13:15:00+00:00,33,1,2786,12871.75,12874.75,12870.75,12873.25,172,NQ.v.0
2021-03-30 13:16:00+00:00,33,1,2786,12873.75,12875.5,12871.25,12875.0,198,NQ.v.0
2021-03-30 13:17:00+00:00,33,1,2786,12874.5,12875.0,12869.75,12871.0,228,NQ.v.0
2021-03-30 13:18:00+00:00,33,1,2786,12871.5,12875.75,12871.25,12874.25,198,NQ.v.0
2021-03-30 13:19:00+00:00,33,1,2786,12874.5,12879.5,12873.0,12877.0,303,NQ.v.0
2021-03-30 13:20:00+00:00,33,1,2786,12877.5,12881.75,12877.25,12878.75,486,NQ.v.0
2021-03-30 13:21:00+00:00,33,1,2786,12878.75,12880.25,12877.25,12879.25,150,NQ.v.0
2021-03-30 13:22:00+00:00,33,1,2786,12879.25,12884.25,12879.0,12882.25,389,NQ.v.0
2021-03-30 13:23:00+00:00,33,1,2786,12883.0,12883.25,12880.0,12882.5,266,NQ.v.0
2021-03-30 13:24:00+00:00,33,1,2786,12883.25,12885.0,12880.0,12880.25,291,NQ.v.0
2021-03-30 13:25:00+00:00,33,1,2786,12879.5,12884.25,12878.25,12884.0,374,NQ.v.0
2021-03-30 13:26:00+00:00,33,1,2786,12883.75,12884.25,12882.0,12883.0,187,NQ.v.0
2021-03-30 13:27:00+00:00,33,1,2786,12882.5,12885.0,12880.25,12883.5,219,NQ.v.0
2021-03-30 13:28:00+00:00,33,1,2786,12882.75,12882.75,12871.75,12877.0,940,NQ.v.0
2021-03-30 13:29:00+00:00,33,1,2786,12876.75,12877.25,12873.0,12873.25,326,NQ.v.0
2021-03-30 13:30:00+00:00,33,1,2786,12873.5,12888.25,12868.25,12882.75,2958,NQ.v.0
2021-03-30 13:31:00+00:00,33,1,2786,12883.5,12884.75,12850.0,12851.25,3478,NQ.v.0
2021-03-30 13:32:00+00:00,33,1,2786,12851.0,12861.0,12845.75,12848.0,3265,NQ.v.0
2021-03-30 13:33:00+00:00,33,1,2786,12847.75,12858.25,12828.25,12837.5,4532,NQ.v.0
2021-03-30 13:34:00+00:00,33,1,2786,12837.25,12851.0,12834.5,12839.0,2265,NQ.v.0
2021-03-30 13:35:00+00:00,33,1,2786,12839.0,12840.5,12826.0,12833.25,2976,NQ.v.0
2021-03-30 13:36:00+00:00,33,1,2786,12833.5,12837.25,12821.5,12830.0,2308,NQ.v.0
2021-03-30 13:37:00+00:00,33,1,2786,12830.25,12848.75,12830.0,12847.0,2703,NQ.v.0
2021-03-30 13:38:00+00:00,33,1,2786,12847.25,12852.0,12836.0,12844.0,1873,NQ.v.0
2021-03-30 13:39:00+00:00,33,1,2786,12844.0,12856.0,12838.5,12845.25,1810,NQ.v.0
2021-03-30 13:40:00+00:00,33,1,2786,12844.75,12850.5,12832.0,12850.25,2191,NQ.v.0
2021-03-30 13:41:00+00:00,33,1,2786,12850.25,12855.0,12841.25,12844.5,1594,NQ.v.0
2021-03-30 13:42:00+00:00,33,1,2786,12843.75,12844.0,12816.5,12826.0,3269,NQ.v.0
2021-03-30 13:43:00+00:00,33,1,2786,12826.0,12828.0,12814.0,12818.0,1938,NQ.v.0
2021-03-30 13:44:00+00:00,33,1,2786,12818.25,12826.75,12814.5,12821.75,1780,NQ.v.0
2021-03-30 13:45:00+00:00,33,1,2786,12822.5,12825.75,12808.0,12821.25,3127,NQ.v.0
2021-03-30 13:46:00+00:00,33,1,2786,12822.0,12831.0,12818.25,12823.75,1693,NQ.v.0
2021-03-30 13:47:00+00:00,33,1,2786,12824.0,12826.0,12809.5,12825.0,1794,NQ.v.0
2021-03-30 13:48:00+00:00,33,1,2786,12825.0,12835.75,12820.75,12826.25,1668,NQ.v.0
2021-03-30 13:49:00+00:00,33,1,2786,12825.75,12833.25,12821.5,12832.75,1132,NQ.v.0
2021-03-30 13:50:00+00:00,33,1,2786,12833.25,12839.75,12808.25,12810.75,3140,NQ.v.0
2021-03-30 13:51:00+00:00,33,1,2786,12811.0,12825.75,12805.25,12820.25,2402,NQ.v.0
2021-03-30 13:52:00+00:00,33,1,2786,12821.25,12832.0,12818.5,12828.25,1474,NQ.v.0
2021-03-30 13:53:00+00:00,33,1,2786,12828.0,12844.0,12827.75,12839.5,1925,NQ.v.0
2021-03-30 13:54:00+00:00,33,1,2786,12839.75,12843.0,12831.5,12836.25,1166,NQ.v.0
2021-03-30 13:55:00+00:00,33,1,2786,12836.75,12839.25,12823.0,12839.25,1719,NQ.v.0
2021-03-30 13:56:00+00:00,33,1,2786,12839.5,12844.25,12832.25,12833.75,1453,NQ.v.0
2021-03-30 13:57:00+00:00,33,1,2786,12833.75,12838.0,12828.0,12834.0,1476,NQ.v.0
2021-03-30 13:58:00+00:00,33,1,2786,12833.25,12837.5,12821.5,12834.75,1334,NQ.v.0
2021-03-30 13:59:00+00:00,33,1,2786,12834.0,12843.25,12828.75,12831.5,1360,NQ.v.0
2021-03-30 14:00:00+00:00,33,1,2786,12830.75,12839.5,12817.0,12837.5,1975,NQ.v.0
2021-03-30 14:01:00+00:00,33,1,2786,12837.25,12837.25,12818.5,12826.75,1768,NQ.v.0
2021-03-30 14:02:00+00:00,33,1,2786,12826.0,12829.5,12818.25,12818.75,1297,NQ.v.0
2021-03-30 14:03:00+00:00,33,1,2786,12819.0,12825.75,12812.5,12821.25,1701,NQ.v.0
2021-03-30 14:04:00+00:00,33,1,2786,12821.25,12832.75,12816.25,12824.5,1641,NQ.v.0
2021-03-30 14:05:00+00:00,33,1,2786,12824.5,12831.25,12817.0,12821.0,1463,NQ.v.0
2021-03-30 14:06:00+00:00,33,1,2786,12820.75,12832.75,12812.75,12815.75,1671,NQ.v.0
2021-03-30 14:07:00+00:00,33,1,2786,12816.0,12825.0,12811.0,12821.0,1552,NQ.v.0
2021-03-30 14:08:00+00:00,33,1,2786,12820.5,12830.5,12815.0,12829.5,1176,NQ.v.0
2021-03-30 14:09:00+00:00,33,1,2786,12829.5,12838.5,12822.0,12833.5,1716,NQ.v.0
2021-03-30 14:10:00+00:00,33,1,2786,12833.5,12834.25,12825.5,12830.25,1052,NQ.v.0
2021-03-30 14:11:00+00:00,33,1,2786,12830.5,12852.25,12830.5,12839.75,2880,NQ.v.0
2021-03-30 14:12:00+00:00,33,1,2786,12839.75,12845.75,12835.5,12839.25,1215,NQ.v.0
2021-03-30 14:13:00+00:00,33,1,2786,12838.5,12848.25,12835.75,12843.5,1232,NQ.v.0
2021-03-30 14:14:00+00:00,33,1,2786,12843.75,12844.75,12835.25,12840.75,1093,NQ.v.0
2021-03-30 14:15:00+00:00,33,1,2786,12840.25,12842.75,12825.5,12831.5,1881,NQ.v.0
2021-03-30 14:16:00+00:00,33,1,2786,12831.75,12832.5,12813.0,12817.25,2637,NQ.v.0
2021-03-30 14:17:00+00:00,33,1,2786,12817.5,12832.5,12817.5,12831.25,1297,NQ.v.0
2021-03-30 14:18:00+00:00,33,1,2786,12831.5,12833.0,12802.5,12810.75,2776,NQ.v.0
2021-03-30 14:19:00+00:00,33,1,2786,12811.0,12813.0,12792.25,12795.0,3062,NQ.v.0
2021-03-30 14:20:00+00:00,33,1,2786,12795.0,12797.0,12779.25,12785.0,3641,NQ.v.0
2021-03-30 14:21:00+00:00,33,1,2786,12784.75,12787.75,12780.25,12785.5,1618,NQ.v.0
2021-03-30 14:22:00+00:00,33,1,2786,12785.75,12789.0,12780.25,12781.0,1432,NQ.v.0
2021-03-30 14:23:00+00:00,33,1,2786,12780.75,12784.5,12776.5,12783.75,1625,NQ.v.0
2021-03-30 14:24:00+00:00,33,1,2786,12783.75,12792.75,12779.5,12791.25,1562,NQ.v.0
2021-03-30 14:25:00+00:00,33,1,2786,12792.0,12802.75,12783.5,12800.75,2307,NQ.v.0
2021-03-30 14:26:00+00:00,33,1,2786,12800.5,12807.75,12797.75,12805.5,1481,NQ.v.0
2021-03-30 14:27:00+00:00,33,1,2786,12805.0,12811.5,12797.75,12809.0,1408,NQ.v.0
2021-03-30 14:28:00+00:00,33,1,2786,12809.0,12812.0,12806.0,12809.75,929,NQ.v.0
2021-03-30 14:29:00+00:00,33,1,2786,12809.75,12823.75,12808.25,12823.0,1629,NQ.v.0
2021-03-30 14:30:00+00:00,33,1,2786,12823.0,12823.0,12813.0,12814.5,2289,NQ.v.0
2021-03-30 14:31:00+00:00,33,1,2786,12814.25,12829.5,12812.75,12824.5,1633,NQ.v.0
2021-03-30 14:32:00+00:00,33,1,2786,12824.5,12830.75,12820.5,12820.75,1304,NQ.v.0
2021-03-30 14:33:00+00:00,33,1,2786,12820.75,12832.5,12817.0,12830.0,1233,NQ.v.0
2021-03-30 14:34:00+00:00,33,1,2786,12829.5,12836.5,12827.25,12830.75,1415,NQ.v.0
2021-03-30 14:35:00+00:00,33,1,2786,12830.25,12837.0,12829.5,12833.5,1465,NQ.v.0
2021-03-30 14:36:00+00:00,33,1,2786,12832.75,12842.25,12832.25,12835.75,1607,NQ.v.0
2021-03-30 14:37:00+00:00,33,1,2786,12835.5,12841.75,12832.0,12832.5,1110,NQ.v.0
2021-03-30 14:38:00+00:00,33,1,2786,12832.25,12832.75,12824.0,12825.5,1539,NQ.v.0
2021-03-30 14:39:00+00:00,33,1,2786,12825.0,12828.0,12820.5,12822.75,985,NQ.v.0
2021-03-30 14:40:00+00:00,33,1,2786,12822.25,12836.0,12817.0,12834.5,1926,NQ.v.0
2021-03-30 14:41:00+00:00,33,1,2786,12834.0,12840.25,12831.25,12834.75,1343,NQ.v.0
2021-03-30 14:42:00+00:00,33,1,2786,12834.5,12849.75,12830.25,12849.5,1639,NQ.v.0
2021-03-30 14:43:00+00:00,33,1,2786,12849.5,12862.75,12848.0,12861.0,2807,NQ.v.0
2021-03-30 14:44:00+00:00,33,1,2786,12861.0,12874.5,12860.75,12870.0,2307,NQ.v.0
2021-03-30 14:45:00+00:00,33,1,2786,12869.5,12872.75,12862.0,12865.0,1765,NQ.v.0
2021-03-30 14:46:00+00:00,33,1,2786,12864.75,12865.0,12858.25,12863.0,1030,NQ.v.0
2021-03-30 14:47:00+00:00,33,1,2786,12862.75,12870.75,12862.5,12868.5,897,NQ.v.0
2021-03-30 14:48:00+00:00,33,1,2786,12868.5,12869.0,12859.0,12863.75,1476,NQ.v.0
2021-03-30 14:49:00+00:00,33,1,2786,12863.75,12868.0,12856.75,12864.25,1533,NQ.v.0
2021-03-30 14:50:00+00:00,33,1,2786,12863.75,12870.0,12854.25,12856.75,1634,NQ.v.0
2021-03-30 14:51:00+00:00,33,1,2786,12857.0,12864.0,12857.0,12861.0,762,NQ.v.0
2021-03-30 14:52:00+00:00,33,1,2786,12860.75,12863.5,12851.25,12852.0,1206,NQ.v.0
2021-03-30 14:53:00+00:00,33,1,2786,12852.0,12856.75,12843.25,12848.25,1322,NQ.v.0
2021-03-30 14:54:00+00:00,33,1,2786,12847.75,12854.75,12847.0,12849.25,856,NQ.v.0
2021-03-30 14:55:00+00:00,33,1,2786,12849.5,12851.0,12843.5,12845.25,831,NQ.v.0
2021-03-30 14:56:00+00:00,33,1,2786,12845.0,12848.5,12840.5,12847.5,794,NQ.v.0
2021-03-30 14:57:00+00:00,33,1,2786,12847.25,12857.5,12846.5,12850.25,1106,NQ.v.0
2021-03-30 14:58:00+00:00,33,1,2786,12850.25,12857.0,12847.5,12852.25,662,NQ.v.0
2021-03-30 14:59:00+00:00,33,1,2786,12851.5,12862.25,12849.5,12860.0,776,NQ.v.0
2021-03-30 15:00:00+00:00,33,1,2786,12860.0,12865.5,12856.25,12857.25,993,NQ.v.0
2021-03-30 15:01:00+00:00,33,1,2786,12857.0,12870.0,12854.75,12864.5,1245,NQ.v.0
2021-03-30 15:02:00+00:00,33,1,2786,12864.75,12872.25,12863.0,12868.25,950,NQ.v.0
2021-03-30 15:03:00+00:00,33,1,2786,12868.0,12869.25,12863.0,12865.0,639,NQ.v.0
2021-03-30 15:04:00+00:00,33,1,2786,12865.0,12867.75,12857.75,12866.0,969,NQ.v.0
2021-03-30 15:05:00+00:00,33,1,2786,12866.0,12867.0,12854.5,12858.25,1053,NQ.v.0
2021-03-30 15:06:00+00:00,33,1,2786,12857.0,12857.0,12842.0,12851.75,1385,NQ.v.0
2021-03-30 15:07:00+00:00,33,1,2786,12851.75,12856.25,12846.25,12850.75,703,NQ.v.0
2021-03-30 15:08:00+00:00,33,1,2786,12850.75,12866.0,12850.25,12862.75,1090,NQ.v.0
2021-03-30 15:09:00+00:00,33,1,2786,12862.25,12875.75,12861.0,12875.25,1459,NQ.v.0
2021-03-30 15:10:00+00:00,33,1,2786,12875.25,12878.0,12871.5,12875.5,1522,NQ.v.0
2021-03-30 15:11:00+00:00,33,1,2786,12876.0,12887.0,12876.0,12880.0,1768,NQ.v.0
2021-03-30 15:12:00+00:00,33,1,2786,12880.75,12885.75,12873.75,12876.25,2038,NQ.v.0
2021-03-30 15:13:00+00:00,33,1,2786,12876.5,12877.75,12868.25,12870.5,1032,NQ.v.0
2021-03-30 15:14:00+00:00,33,1,2786,12870.25,12873.75,12868.0,12872.5,610,NQ.v.0
2021-03-30 15:15:00+00:00,33,1,2786,12872.25,12877.25,12868.0,12874.5,1177,NQ.v.0
2021-03-30 15:16:00+00:00,33,1,2786,12874.75,12880.75,12869.0,12871.75,772,NQ.v.0
2021-03-30 15:17:00+00:00,33,1,2786,12871.5,12874.75,12869.25,12873.0,516,NQ.v.0
2021-03-30 15:18:00+00:00,33,1,2786,12872.75,12875.25,12868.25,12871.25,581,NQ.v.0
2021-03-30 15:19:00+00:00,33,1,2786,12871.25,12879.5,12868.25,12875.25,855,NQ.v.0
2021-03-30 15:20:00+00:00,33,1,2786,12875.25,12877.75,12859.75,12860.5,1175,NQ.v.0
2021-03-30 15:21:00+00:00,33,1,2786,12860.75,12865.0,12855.5,12863.75,1076,NQ.v.0
2021-03-30 15:22:00+00:00,33,1,2786,12864.0,12868.25,12861.25,12863.0,556,NQ.v.0
2021-03-30 15:23:00+00:00,33,1,2786,12862.5,12862.75,12858.25,12860.0,426,NQ.v.0
2021-03-30 15:24:00+00:00,33,1,2786,12860.0,12865.75,12858.0,12863.0,532,NQ.v.0
2021-03-30 15:25:00+00:00,33,1,2786,12863.25,12864.5,12857.5,12863.5,587,NQ.v.0
2021-03-30 15:26:00+00:00,33,1,2786,12864.0,12868.75,12859.0,12867.0,664,NQ.v.0
2021-03-30 15:27:00+00:00,33,1,2786,12867.5,12880.5,12867.25,12876.75,1081,NQ.v.0
2021-03-30 15:28:00+00:00,33,1,2786,12876.5,12882.25,12872.25,12877.0,909,NQ.v.0
2021-03-30 15:29:00+00:00,33,1,2786,12877.25,12879.5,12871.75,12874.75,424,NQ.v.0
2021-03-30 15:30:00+00:00,33,1,2786,12875.0,12878.5,12869.5,12873.0,684,NQ.v.0
2021-03-30 15:31:00+00:00,33,1,2786,12872.75,12885.0,12872.75,12881.5,968,NQ.v.0
2021-03-30 15:32:00+00:00,33,1,2786,12881.5,12904.75,12881.5,12903.0,3018,NQ.v.0
2021-03-30 15:33:00+00:00,33,1,2786,12903.25,12904.25,12898.0,12901.0,768,NQ.v.0
2021-03-30 15:34:00+00:00,33,1,2786,12900.75,12906.75,12894.25,12894.5,2020,NQ.v.0
2021-03-30 15:35:00+00:00,33,1,2786,12895.0,12903.0,12892.25,12894.0,955,NQ.v.0
2021-03-30 15:36:00+00:00,33,1,2786,12894.75,12901.0,12894.0,12900.75,596,NQ.v.0
2021-03-30 15:37:00+00:00,33,1,2786,12900.75,12909.75,12900.0,12908.5,1057,NQ.v.0
2021-03-30 15:38:00+00:00,33,1,2786,12908.75,12912.0,12906.75,12907.5,852,NQ.v.0
2021-03-30 15:39:00+00:00,33,1,2786,12907.75,12912.0,12905.5,12910.25,584,NQ.v.0
2021-03-30 15:40:00+00:00,33,1,2786,12910.0,12916.25,12906.5,12908.75,1192,NQ.v.0
2021-03-30 15:41:00+00:00,33,1,2786,12909.25,12909.75,12901.0,12902.25,844,NQ.v.0
2021-03-30 15:42:00+00:00,33,1,2786,12902.0,12906.5,12894.25,12895.5,1517,NQ.v.0
2021-03-30 15:43:00+00:00,33,1,2786,12895.5,12898.75,12891.25,12894.0,1107,NQ.v.0
2021-03-30 15:44:00+00:00,33,1,2786,12893.75,12902.75,12893.75,12902.5,690,NQ.v.0
2021-03-30 15:45:00+00:00,33,1,2786,12902.5,12905.25,12897.0,12900.0,800,NQ.v.0
2021-03-30 15:46:00+00:00,33,1,2786,12900.25,12906.25,12894.25,12895.75,832,NQ.v.0
2021-03-30 15:47:00+00:00,33,1,2786,12895.25,12901.0,12888.75,12890.25,1672,NQ.v.0
2021-03-30 15:48:00+00:00,33,1,2786,12889.75,12894.0,12866.75,12873.0,2764,NQ.v.0
2021-03-30 15:49:00+00:00,33,1,2786,12873.5,12877.75,12869.0,12876.75,839,NQ.v.0
2021-03-30 15:50:00+00:00,33,1,2786,12877.0,12879.75,12871.5,12878.25,834,NQ.v.0
2021-03-30 15:51:00+00:00,33,1,2786,12878.5,12881.5,12874.0,12875.25,639,NQ.v.0
2021-03-30 15:52:00+00:00,33,1,2786,12875.75,12876.25,12864.0,12865.5,1093,NQ.v.0
2021-03-30 15:53:00+00:00,33,1,2786,12865.5,12868.5,12861.25,12865.0,998,NQ.v.0
2021-03-30 15:54:00+00:00,33,1,2786,12864.5,12866.25,12860.75,12861.5,594,NQ.v.0
2021-03-30 15:55:00+00:00,33,1,2786,12861.5,12864.0,12855.75,12862.25,1131,NQ.v.0
2021-03-30 15:56:00+00:00,33,1,2786,12862.25,12864.5,12859.5,12860.0,416,NQ.v.0
2021-03-30 15:57:00+00:00,33,1,2786,12859.75,12866.0,12857.5,12860.75,709,NQ.v.0
2021-03-30 15:58:00+00:00,33,1,2786,12860.25,12860.25,12854.25,12854.75,882,NQ.v.0
2021-03-30 15:59:00+00:00,33,1,2786,12854.5,12861.0,12852.25,12859.25,598,NQ.v.0
2021-03-30 16:00:00+00:00,33,1,2786,12858.75,12863.5,12854.25,12863.25,685,NQ.v.0
2021-03-30 16:01:00+00:00,33,1,2786,12863.0,12868.0,12861.75,12863.75,863,NQ.v.0
2021-03-30 16:02:00+00:00,33,1,2786,12863.75,12863.75,12845.5,12848.5,2163,NQ.v.0
2021-03-30 16:03:00+00:00,33,1,2786,12848.25,12857.25,12847.0,12854.75,907,NQ.v.0
2021-03-30 16:04:00+00:00,33,1,2786,12854.5,12861.5,12854.5,12859.5,508,NQ.v.0
2021-03-30 16:05:00+00:00,33,1,2786,12859.5,12867.5,12858.0,12867.0,802,NQ.v.0
2021-03-30 16:06:00+00:00,33,1,2786,12867.0,12869.75,12860.75,12861.75,1000,NQ.v.0
2021-03-30 16:07:00+00:00,33,1,2786,12862.25,12863.5,12856.0,12856.75,531,NQ.v.0
2021-03-30 16:08:00+00:00,33,1,2786,12856.75,12859.75,12853.25,12855.75,522,NQ.v.0
2021-03-30 16:09:00+00:00,33,1,2786,12855.75,12862.75,12855.0,12860.5,631,NQ.v.0
2021-03-30 16:10:00+00:00,33,1,2786,12860.25,12864.5,12851.25,12852.0,688,NQ.v.0
2021-03-30 16:11:00+00:00,33,1,2786,12851.75,12855.5,12848.5,12851.75,774,NQ.v.0
2021-03-30 16:12:00+00:00,33,1,2786,12851.25,12854.75,12849.0,12854.25,596,NQ.v.0
2021-03-30 16:13:00+00:00,33,1,2786,12854.25,12855.75,12850.0,12852.5,495,NQ.v.0
2021-03-30 16:14:00+00:00,33,1,2786,12852.5,12857.25,12849.25,12854.5,498,NQ.v.0
2021-03-30 16:15:00+00:00,33,1,2786,12854.25,12855.75,12844.5,12847.5,1062,NQ.v.0
2021-03-30 16:16:00+00:00,33,1,2786,12847.75,12854.75,12846.0,12846.75,707,NQ.v.0
2021-03-30 16:17:00+00:00,33,1,2786,12847.0,12851.75,12846.5,12848.75,419,NQ.v.0
2021-03-30 16:18:00+00:00,33,1,2786,12848.75,12850.25,12843.0,12844.5,963,NQ.v.0
2021-03-30 16:19:00+00:00,33,1,2786,12844.5,12844.5,12835.75,12839.25,1165,NQ.v.0
2021-03-30 16:20:00+00:00,33,1,2786,12839.5,12839.5,12831.0,12835.0,1273,NQ.v.0
2021-03-30 16:21:00+00:00,33,1,2786,12834.75,12846.25,12832.5,12845.5,977,NQ.v.0
2021-03-30 16:22:00+00:00,33,1,2786,12845.5,12851.5,12844.5,12845.75,969,NQ.v.0
2021-03-30 16:23:00+00:00,33,1,2786,12846.0,12849.75,12840.25,12849.25,631,NQ.v.0
2021-03-30 16:24:00+00:00,33,1,2786,12849.25,12850.75,12844.75,12850.25,412,NQ.v.0
2021-03-30 16:25:00+00:00,33,1,2786,12850.5,12860.25,12847.75,12859.75,1417,NQ.v.0
2021-03-30 16:26:00+00:00,33,1,2786,12860.0,12860.75,12852.75,12856.5,735,NQ.v.0
2021-03-30 16:27:00+00:00,33,1,2786,12856.25,12861.5,12855.0,12859.25,518,NQ.v.0
2021-03-30 16:28:00+00:00,33,1,2786,12859.25,12863.75,12858.5,12858.75,695,NQ.v.0
2021-03-30 16:29:00+00:00,33,1,2786,12858.0,12859.5,12855.0,12857.75,417,NQ.v.0
2021-03-30 16:30:00+00:00,33,1,2786,12857.5,12861.25,12853.75,12858.75,394,NQ.v.0
2021-03-30 16:31:00+00:00,33,1,2786,12858.5,12861.25,12856.5,12861.0,269,NQ.v.0
2021-03-30 16:32:00+00:00,33,1,2786,12861.25,12864.5,12858.25,12859.5,480,NQ.v.0
2021-03-30 16:33:00+00:00,33,1,2786,12859.0,12865.75,12858.25,12860.5,598,NQ.v.0
2021-03-30 16:34:00+00:00,33,1,2786,12860.25,12862.5,12854.25,12855.0,600,NQ.v.0
2021-03-30 16:35:00+00:00,33,1,2786,12855.25,12857.0,12842.75,12848.25,1104,NQ.v.0
2021-03-30 16:36:00+00:00,33,1,2786,12848.5,12857.0,12844.75,12856.5,540,NQ.v.0
2021-03-30 16:37:00+00:00,33,1,2786,12856.5,12861.0,12856.5,12858.0,516,NQ.v.0
2021-03-30 16:38:00+00:00,33,1,2786,12857.5,12871.75,12856.75,12868.0,1054,NQ.v.0
2021-03-30 16:39:00+00:00,33,1,2786,12869.0,12872.25,12863.75,12865.75,636,NQ.v.0
2021-03-30 16:40:00+00:00,33,1,2786,12865.5,12868.75,12854.25,12857.75,794,NQ.v.0
2021-03-30 16:41:00+00:00,33,1,2786,12857.25,12860.25,12853.5,12857.0,408,NQ.v.0
2021-03-30 16:42:00+00:00,33,1,2786,12857.5,12859.25,12849.0,12853.25,566,NQ.v.0
2021-03-30 16:43:00+00:00,33,1,2786,12852.75,12856.75,12850.25,12852.75,347,NQ.v.0
2021-03-30 16:44:00+00:00,33,1,2786,12852.5,12854.75,12846.0,12847.5,606,NQ.v.0
2021-03-30 16:45:00+00:00,33,1,2786,12847.75,12853.75,12844.75,12852.25,488,NQ.v.0
2021-03-30 16:46:00+00:00,33,1,2786,12851.5,12853.5,12847.75,12852.75,310,NQ.v.0
2021-03-30 16:47:00+00:00,33,1,2786,12853.0,12857.0,12852.5,12856.0,470,NQ.v.0
2021-03-30 16:48:00+00:00,33,1,2786,12856.0,12858.0,12851.5,12854.0,290,NQ.v.0
2021-03-30 16:49:00+00:00,33,1,2786,12853.25,12859.5,12851.75,12856.25,340,NQ.v.0
2021-03-30 16:50:00+00:00,33,1,2786,12856.0,12860.75,12845.0,12845.5,770,NQ.v.0
2021-03-30 16:51:00+00:00,33,1,2786,12845.25,12845.75,12838.5,12843.5,926,NQ.v.0
2021-03-30 16:52:00+00:00,33,1,2786,12843.5,12847.5,12841.75,12844.75,410,NQ.v.0
2021-03-30 16:53:00+00:00,33,1,2786,12844.75,12855.0,12844.5,12854.25,597,NQ.v.0
2021-03-30 16:54:00+00:00,33,1,2786,12854.75,12861.5,12854.25,12858.25,731,NQ.v.0
2021-03-30 16:55:00+00:00,33,1,2786,12857.75,12862.75,12853.75,12854.0,643,NQ.v.0
2021-03-30 16:56:00+00:00,33,1,2786,12854.0,12856.75,12848.0,12856.25,573,NQ.v.0
2021-03-30 16:57:00+00:00,33,1,2786,12856.5,12862.5,12854.75,12859.25,582,NQ.v.0
2021-03-30 16:58:00+00:00,33,1,2786,12859.75,12859.75,12851.75,12852.0,328,NQ.v.0
2021-03-30 16:59:00+00:00,33,1,2786,12852.0,12856.75,12849.0,12849.5,424,NQ.v.0
2021-03-30 17:00:00+00:00,33,1,2786,12849.75,12851.0,12837.75,12840.5,949,NQ.v.0
2021-03-30 17:01:00+00:00,33,1,2786,12840.5,12841.25,12826.0,12832.0,2010,NQ.v.0
2021-03-30 17:02:00+00:00,33,1,2786,12831.75,12837.0,12828.5,12835.75,571,NQ.v.0
2021-03-30 17:03:00+00:00,33,1,2786,12835.25,12838.5,12832.0,12836.75,359,NQ.v.0
2021-03-30 17:04:00+00:00,33,1,2786,12836.75,12839.25,12834.5,12838.25,238,NQ.v.0
2021-03-30 17:05:00+00:00,33,1,2786,12838.25,12843.75,12836.5,12837.0,620,NQ.v.0
2021-03-30 17:06:00+00:00,33,1,2786,12836.75,12837.0,12827.25,12829.5,847,NQ.v.0
2021-03-30 17:07:00+00:00,33,1,2786,12829.25,12832.25,12825.5,12826.75,649,NQ.v.0
2021-03-30 17:08:00+00:00,33,1,2786,12826.5,12833.75,12826.0,12829.25,739,NQ.v.0
2021-03-30 17:09:00+00:00,33,1,2786,12829.5,12838.0,12829.5,12834.75,602,NQ.v.0
2021-03-30 17:10:00+00:00,33,1,2786,12835.0,12841.75,12833.75,12838.75,522,NQ.v.0
2021-03-30 17:11:00+00:00,33,1,2786,12838.5,12844.75,12837.25,12843.75,575,NQ.v.0
2021-03-30 17:12:00+00:00,33,1,2786,12844.0,12847.25,12841.25,12845.25,455,NQ.v.0
2021-03-30 17:13:00+00:00,33,1,2786,12845.5,12853.25,12845.25,12849.25,876,NQ.v.0
2021-03-30 17:14:00+00:00,33,1,2786,12849.75,12850.5,12846.5,12848.0,452,NQ.v.0
2021-03-30 17:15:00+00:00,33,1,2786,12847.5,12855.0,12846.75,12851.0,515,NQ.v.0
2021-03-30 17:16:00+00:00,33,1,2786,12851.75,12857.5,12851.75,12856.75,490,NQ.v.0
2021-03-30 17:17:00+00:00,33,1,2786,12856.75,12859.75,12855.25,12856.0,401,NQ.v.0
2021-03-30 17:18:00+00:00,33,1,2786,12855.25,12857.75,12853.75,12855.75,297,NQ.v.0
2021-03-30 17:19:00+00:00,33,1,2786,12855.5,12858.75,12854.0,12856.25,345,NQ.v.0
2021-03-30 17:20:00+00:00,33,1,2786,12856.75,12865.0,12856.75,12862.0,723,NQ.v.0
2021-03-30 17:21:00+00:00,33,1,2786,12862.25,12865.0,12859.0,12863.5,425,NQ.v.0
2021-03-30 17:22:00+00:00,33,1,2786,12863.25,12867.0,12860.75,12862.75,700,NQ.v.0
2021-03-30 17:23:00+00:00,33,1,2786,12862.5,12868.0,12861.75,12864.5,416,NQ.v.0
2021-03-30 17:24:00+00:00,33,1,2786,12864.75,12870.75,12864.5,12868.0,852,NQ.v.0
2021-03-30 17:25:00+00:00,33,1,2786,12868.5,12874.25,12867.0,12871.25,763,NQ.v.0
2021-03-30 17:26:00+00:00,33,1,2786,12870.75,12871.5,12867.5,12871.0,530,NQ.v.0
2021-03-30 17:27:00+00:00,33,1,2786,12871.0,12879.0,12871.0,12877.5,993,NQ.v.0
2021-03-30 17:28:00+00:00,33,1,2786,12877.5,12880.0,12875.75,12876.25,605,NQ.v.0
2021-03-30 17:29:00+00:00,33,1,2786,12876.0,12878.25,12873.0,12874.5,477,NQ.v.0
2021-03-30 17:30:00+00:00,33,1,2786,12874.5,12877.5,12872.25,12877.5,438,NQ.v.0
2021-03-30 17:31:00+00:00,33,1,2786,12877.5,12879.0,12863.5,12866.75,1567,NQ.v.0
2021-03-30 17:32:00+00:00,33,1,2786,12866.75,12868.0,12862.0,12863.25,1015,NQ.v.0
2021-03-30 17:33:00+00:00,33,1,2786,12863.5,12870.0,12863.5,12865.0,445,NQ.v.0
2021-03-30 17:34:00+00:00,33,1,2786,12864.5,12869.75,12863.5,12869.25,370,NQ.v.0
2021-03-30 17:35:00+00:00,33,1,2786,12869.0,12872.0,12867.25,12870.25,526,NQ.v.0
2021-03-30 17:36:00+00:00,33,1,2786,12870.75,12879.75,12869.5,12878.75,1089,NQ.v.0
2021-03-30 17:37:00+00:00,33,1,2786,12878.0,12878.25,12863.5,12864.0,1452,NQ.v.0
2021-03-30 17:38:00+00:00,33,1,2786,12863.75,12874.75,12859.0,12874.25,910,NQ.v.0
2021-03-30 17:39:00+00:00,33,1,2786,12874.5,12877.5,12870.75,12874.75,437,NQ.v.0
2021-03-30 17:40:00+00:00,33,1,2786,12875.5,12875.75,12867.25,12868.75,498,NQ.v.0
2021-03-30 17:41:00+00:00,33,1,2786,12868.25,12875.0,12868.0,12874.75,332,NQ.v.0
2021-03-30 17:42:00+00:00,33,1,2786,12875.0,12876.25,12871.75,12873.0,302,NQ.v.0
2021-03-30 17:43:00+00:00,33,1,2786,12873.5,12873.5,12869.75,12869.75,300,NQ.v.0
2021-03-30 17:44:00+00:00,33,1,2786,12870.25,12871.25,12865.0,12865.25,353,NQ.v.0
2021-03-30 17:45:00+00:00,33,1,2786,12865.25,12868.5,12864.0,12866.75,271,NQ.v.0
2021-03-30 17:46:00+00:00,33,1,2786,12867.0,12871.0,12866.0,12870.5,301,NQ.v.0
2021-03-30 17:47:00+00:00,33,1,2786,12870.75,12872.25,12860.0,12862.75,764,NQ.v.0
2021-03-30 17:48:00+00:00,33,1,2786,12862.25,12867.0,12860.0,12866.5,535,NQ.v.0
2021-03-30 17:49:00+00:00,33,1,2786,12866.75,12868.75,12863.25,12865.75,323,NQ.v.0
2021-03-30 17:50:00+00:00,33,1,2786,12866.0,12870.0,12864.25,12866.5,403,NQ.v.0
2021-03-30 17:51:00+00:00,33,1,2786,12866.0,12868.75,12863.5,12866.25,352,NQ.v.0
2021-03-30 17:52:00+00:00,33,1,2786,12867.0,12873.75,12867.0,12868.75,479,NQ.v.0
2021-03-30 17:53:00+00:00,33,1,2786,12868.75,12874.5,12868.5,12874.5,349,NQ.v.0
2021-03-30 17:54:00+00:00,33,1,2786,12874.5,12874.75,12863.25,12863.5,546,NQ.v.0
2021-03-30 17:55:00+00:00,33,1,2786,12863.25,12866.25,12860.75,12862.5,378,NQ.v.0
2021-03-30 17:56:00+00:00,33,1,2786,12863.0,12865.75,12862.0,12863.0,260,NQ.v.0
2021-03-30 17:57:00+00:00,33,1,2786,12862.75,12865.75,12861.0,12861.5,319,NQ.v.0
2021-03-30 17:58:00+00:00,33,1,2786,12861.75,12861.75,12851.75,12854.5,1157,NQ.v.0
2021-03-30 17:59:00+00:00,33,1,2786,12854.75,12857.5,12851.25,12851.5,422,NQ.v.0
2021-03-30 18:00:00+00:00,33,1,2786,12851.75,12852.5,12838.25,12839.25,1618,NQ.v.0
2021-03-30 18:01:00+00:00,33,1,2786,12839.5,12846.25,12838.75,12844.5,710,NQ.v.0
2021-03-30 18:02:00+00:00,33,1,2786,12844.25,12848.25,12840.25,12845.5,601,NQ.v.0
2021-03-30 18:03:00+00:00,33,1,2786,12845.5,12851.25,12842.75,12849.75,441,NQ.v.0
2021-03-30 18:04:00+00:00,33,1,2786,12849.5,12850.25,12846.5,12848.0,343,NQ.v.0
2021-03-30 18:05:00+00:00,33,1,2786,12848.25,12853.75,12844.25,12852.0,671,NQ.v.0
2021-03-30 18:06:00+00:00,33,1,2786,12852.5,12856.5,12852.0,12853.25,691,NQ.v.0
2021-03-30 18:07:00+00:00,33,1,2786,12853.25,12858.0,12851.75,12852.5,586,NQ.v.0
2021-03-30 18:08:00+00:00,33,1,2786,12853.0,12853.0,12845.75,12850.75,577,NQ.v.0
2021-03-30 18:09:00+00:00,33,1,2786,12850.5,12857.5,12850.5,12854.0,463,NQ.v.0
2021-03-30 18:10:00+00:00,33,1,2786,12854.25,12854.25,12845.0,12845.5,501,NQ.v.0
2021-03-30 18:11:00+00:00,33,1,2786,12845.75,12850.5,12844.5,12846.5,455,NQ.v.0
2021-03-30 18:12:00+00:00,33,1,2786,12847.75,12849.0,12842.25,12845.25,407,NQ.v.0
2021-03-30 18:13:00+00:00,33,1,2786,12844.75,12855.25,12844.0,12849.75,583,NQ.v.0
2021-03-30 18:14:00+00:00,33,1,2786,12849.25,12856.5,12846.75,12854.75,527,NQ.v.0
2021-03-30 18:15:00+00:00,33,1,2786,12854.0,12857.25,12849.0,12851.0,464,NQ.v.0
2021-03-30 18:16:00+00:00,33,1,2786,12851.0,12855.25,12849.0,12850.5,357,NQ.v.0
2021-03-30 18:17:00+00:00,33,1,2786,12850.5,12868.0,12850.5,12864.5,1596,NQ.v.0
2021-03-30 18:18:00+00:00,33,1,2786,12864.5,12864.5,12859.75,12860.25,426,NQ.v.0
2021-03-30 18:19:00+00:00,33,1,2786,12860.5,12864.75,12855.25,12856.75,600,NQ.v.0
2021-03-30 18:20:00+00:00,33,1,2786,12856.5,12863.75,12856.5,12860.75,594,NQ.v.0
2021-03-30 18:21:00+00:00,33,1,2786,12860.5,12862.0,12838.5,12844.25,1258,NQ.v.0
2021-03-30 18:22:00+00:00,33,1,2786,12844.5,12851.75,12835.0,12849.75,1253,NQ.v.0
2021-03-30 18:23:00+00:00,33,1,2786,12849.75,12855.5,12847.0,12850.25,632,NQ.v.0
2021-03-30 18:24:00+00:00,33,1,2786,12850.5,12851.5,12846.5,12851.0,477,NQ.v.0
2021-03-30 18:25:00+00:00,33,1,2786,12851.25,12857.75,12851.25,12853.25,566,NQ.v.0
2021-03-30 18:26:00+00:00,33,1,2786,12852.75,12852.75,12846.0,12849.25,822,NQ.v.0
2021-03-30 18:27:00+00:00,33,1,2786,12849.0,12854.25,12848.75,12852.75,441,NQ.v.0
2021-03-30 18:28:00+00:00,33,1,2786,12852.5,12853.25,12849.0,12850.5,295,NQ.v.0
2021-03-30 18:29:00+00:00,33,1,2786,12850.0,12852.0,12848.75,12850.5,252,NQ.v.0
2021-03-30 18:30:00+00:00,33,1,2786,12850.0,12863.5,12846.25,12859.75,960,NQ.v.0
2021-03-30 18:31:00+00:00,33,1,2786,12859.75,12869.0,12858.5,12868.25,1056,NQ.v.0
2021-03-30 18:32:00+00:00,33,1,2786,12868.25,12872.0,12862.5,12864.75,1572,NQ.v.0
2021-03-30 18:33:00+00:00,33,1,2786,12864.5,12876.25,12860.75,12874.0,1134,NQ.v.0
2021-03-30 18:34:00+00:00,33,1,2786,12874.0,12876.0,12871.0,12872.0,601,NQ.v.0
2021-03-30 18:35:00+00:00,33,1,2786,12872.75,12873.75,12866.0,12870.75,1068,NQ.v.0
2021-03-30 18:36:00+00:00,33,1,2786,12871.25,12871.5,12864.75,12869.5,427,NQ.v.0
2021-03-30 18:37:00+00:00,33,1,2786,12869.25,12871.75,12867.5,12871.25,414,NQ.v.0
2021-03-30 18:38:00+00:00,33,1,2786,12871.0,12873.75,12869.5,12872.75,333,NQ.v.0
2021-03-30 18:39:00+00:00,33,1,2786,12872.75,12873.75,12867.75,12870.5,378,NQ.v.0
2021-03-30 18:40:00+00:00,33,1,2786,12870.25,12872.25,12864.5,12865.75,601,NQ.v.0
2021-03-30 18:41:00+00:00,33,1,2786,12866.0,12870.75,12866.0,12870.25,374,NQ.v.0
2021-03-30 18:42:00+00:00,33,1,2786,12869.5,12883.0,12869.5,12877.75,1370,NQ.v.0
2021-03-30 18:43:00+00:00,33,1,2786,12877.75,12878.25,12866.25,12868.75,1046,NQ.v.0
2021-03-30 18:44:00+00:00,33,1,2786,12869.25,12870.75,12861.0,12867.5,881,NQ.v.0
2021-03-30 18:45:00+00:00,33,1,2786,12867.25,12872.0,12865.5,12866.0,533,NQ.v.0
2021-03-30 18:46:00+00:00,33,1,2786,12866.0,12870.5,12863.25,12868.25,446,NQ.v.0
2021-03-30 18:47:00+00:00,33,1,2786,12868.5,12873.75,12867.0,12873.0,407,NQ.v.0
2021-03-30 18:48:00+00:00,33,1,2786,12873.0,12873.25,12866.5,12868.5,368,NQ.v.0
2021-03-30 18:49:00+00:00,33,1,2786,12868.25,12872.5,12866.5,12872.0,363,NQ.v.0
2021-03-30 18:50:00+00:00,33,1,2786,12871.75,12877.0,12871.25,12874.0,450,NQ.v.0
2021-03-30 18:51:00+00:00,33,1,2786,12874.5,12875.25,12866.5,12868.75,879,NQ.v.0
2021-03-30 18:52:00+00:00,33,1,2786,12868.5,12871.0,12865.0,12870.5,452,NQ.v.0
2021-03-30 18:53:00+00:00,33,1,2786,12870.25,12881.5,12869.5,12878.0,812,NQ.v.0
2021-03-30 18:54:00+00:00,33,1,2786,12878.75,12881.0,12873.0,12874.5,463,NQ.v.0
2021-03-30 18:55:00+00:00,33,1,2786,12874.75,12880.5,12866.25,12870.0,1317,NQ.v.0
2021-03-30 18:56:00+00:00,33,1,2786,12869.5,12877.5,12869.0,12876.0,580,NQ.v.0
2021-03-30 18:57:00+00:00,33,1,2786,12876.0,12878.25,12874.5,12877.75,357,NQ.v.0
2021-03-30 18:58:00+00:00,33,1,2786,12878.0,12896.25,12877.0,12894.75,2325,NQ.v.0
2021-03-30 18:59:00+00:00,33,1,2786,12894.5,12899.0,12888.5,12893.75,2079,NQ.v.0
2021-03-30 19:00:00+00:00,33,1,2786,12893.75,12895.0,12887.75,12887.75,762,NQ.v.0
2021-03-30 19:01:00+00:00,33,1,2786,12888.0,12891.25,12883.25,12886.0,1034,NQ.v.0
2021-03-30 19:02:00+00:00,33,1,2786,12886.25,12886.5,12881.25,12883.75,518,NQ.v.0
2021-03-30 19:03:00+00:00,33,1,2786,12884.0,12893.5,12884.0,12892.25,560,NQ.v.0
2021-03-30 19:04:00+00:00,33,1,2786,12892.5,12900.5,12888.5,12896.75,1139,NQ.v.0
2021-03-30 19:05:00+00:00,33,1,2786,12897.0,12897.25,12892.25,12895.0,485,NQ.v.0
2021-03-30 19:06:00+00:00,33,1,2786,12894.5,12897.5,12892.5,12897.5,353,NQ.v.0
2021-03-30 19:07:00+00:00,33,1,2786,12897.5,12898.5,12895.0,12897.5,387,NQ.v.0
2021-03-30 19:08:00+00:00,33,1,2786,12898.0,12902.25,12896.5,12898.25,550,NQ.v.0
2021-03-30 19:09:00+00:00,33,1,2786,12898.0,12900.75,12893.5,12893.5,458,NQ.v.0
2021-03-30 19:10:00+00:00,33,1,2786,12893.75,12897.0,12890.75,12893.75,631,NQ.v.0
2021-03-30 19:11:00+00:00,33,1,2786,12894.0,12896.75,12889.25,12893.25,667,NQ.v.0
2021-03-30 19:12:00+00:00,33,1,2786,12893.5,12897.0,12889.0,12889.0,684,NQ.v.0
2021-03-30 19:13:00+00:00,33,1,2786,12889.0,12895.25,12888.5,12890.25,574,NQ.v.0
2021-03-30 19:14:00+00:00,33,1,2786,12890.25,12897.75,12890.0,12896.5,448,NQ.v.0
2021-03-30 19:15:00+00:00,33,1,2786,12896.75,12905.0,12896.75,12903.25,898,NQ.v.0
2021-03-30 19:16:00+00:00,33,1,2786,12903.0,12906.0,12899.5,12901.25,549,NQ.v.0
2021-03-30 19:17:00+00:00,33,1,2786,12901.25,12904.5,12899.75,12901.5,479,NQ.v.0
2021-03-30 19:18:00+00:00,33,1,2786,12901.0,12902.5,12891.75,12895.25,1203,NQ.v.0
2021-03-30 19:19:00+00:00,33,1,2786,12895.25,12899.75,12895.25,12898.0,422,NQ.v.0
2021-03-30 19:20:00+00:00,33,1,2786,12897.75,12904.75,12897.25,12899.5,509,NQ.v.0
2021-03-30 19:21:00+00:00,33,1,2786,12899.75,12902.75,12893.0,12893.5,1095,NQ.v.0
2021-03-30 19:22:00+00:00,33,1,2786,12893.75,12896.5,12891.5,12894.25,387,NQ.v.0
2021-03-30 19:23:00+00:00,33,1,2786,12893.75,12902.25,12893.25,12901.25,472,NQ.v.0
2021-03-30 19:24:00+00:00,33,1,2786,12901.0,12906.25,12899.0,12905.5,655,NQ.v.0
2021-03-30 19:25:00+00:00,33,1,2786,12905.25,12907.5,12897.25,12898.0,817,NQ.v.0
2021-03-30 19:26:00+00:00,33,1,2786,12897.75,12901.25,12889.0,12889.25,580,NQ.v.0
2021-03-30 19:27:00+00:00,33,1,2786,12889.5,12896.75,12889.5,12895.0,503,NQ.v.0
2021-03-30 19:28:00+00:00,33,1,2786,12895.0,12899.0,12892.75,12895.75,436,NQ.v.0
2021-03-30 19:29:00+00:00,33,1,2786,12896.5,12898.5,12894.75,12896.5,235,NQ.v.0
2021-03-30 19:30:00+00:00,33,1,2786,12896.75,12903.25,12896.75,12901.5,569,NQ.v.0
2021-03-30 19:31:00+00:00,33,1,2786,12902.0,12905.0,12900.25,12900.5,427,NQ.v.0
2021-03-30 19:32:00+00:00,33,1,2786,12900.5,12909.0,12898.75,12908.25,752,NQ.v.0
2021-03-30 19:33:00+00:00,33,1,2786,12908.75,12909.5,12902.5,12903.75,1357,NQ.v.0
2021-03-30 19:34:00+00:00,33,1,2786,12903.5,12904.75,12898.25,12901.5,851,NQ.v.0
2021-03-30 19:35:00+00:00,33,1,2786,12901.25,12911.0,12900.75,12909.75,857,NQ.v.0
2021-03-30 19:36:00+00:00,33,1,2786,12909.25,12914.5,12902.75,12904.25,991,NQ.v.0
2021-03-30 19:37:00+00:00,33,1,2786,12903.75,12905.25,12897.5,12899.25,907,NQ.v.0
2021-03-30 19:38:00+00:00,33,1,2786,12899.0,12901.0,12891.0,12898.0,1387,NQ.v.0
2021-03-30 19:39:00+00:00,33,1,2786,12898.0,12905.0,12892.5,12897.0,1581,NQ.v.0
2021-03-30 19:40:00+00:00,33,1,2786,12897.5,12901.75,12895.25,12901.25,562,NQ.v.0
2021-03-30 19:41:00+00:00,33,1,2786,12901.5,12901.5,12894.5,12900.25,495,NQ.v.0
2021-03-30 19:42:00+00:00,33,1,2786,12900.5,12905.75,12899.0,12905.0,582,NQ.v.0
2021-03-30 19:43:00+00:00,33,1,2786,12905.25,12905.25,12893.5,12893.5,730,NQ.v.0
2021-03-30 19:44:00+00:00,33,1,2786,12893.5,12894.75,12887.0,12890.75,1016,NQ.v.0
2021-03-30 19:45:00+00:00,33,1,2786,12890.75,12895.75,12889.75,12892.75,499,NQ.v.0
2021-03-30 19:46:00+00:00,33,1,2786,12893.5,12895.75,12889.75,12895.0,556,NQ.v.0
2021-03-30 19:47:00+00:00,33,1,2786,12894.25,12900.25,12891.0,12896.5,589,NQ.v.0
2021-03-30 19:48:00+00:00,33,1,2786,12896.25,12896.75,12890.25,12891.75,509,NQ.v.0
2021-03-30 19:49:00+00:00,33,1,2786,12892.0,12895.75,12884.25,12886.25,745,NQ.v.0
2021-03-30 19:50:00+00:00,33,1,2786,12886.25,12886.5,12862.5,12863.0,3268,NQ.v.0
2021-03-30 19:51:00+00:00,33,1,2786,12863.0,12873.0,12860.75,12871.5,1473,NQ.v.0
2021-03-30 19:52:00+00:00,33,1,2786,12871.5,12874.5,12869.5,12873.0,678,NQ.v.0
2021-03-30 19:53:00+00:00,33,1,2786,12873.0,12877.5,12873.0,12874.25,857,NQ.v.0
2021-03-30 19:54:00+00:00,33,1,2786,12874.0,12875.75,12852.0,12856.25,2818,NQ.v.0
2021-03-30 19:55:00+00:00,33,1,2786,12856.75,12859.0,12840.25,12842.25,2611,NQ.v.0
2021-03-30 19:56:00+00:00,33,1,2786,12842.5,12848.5,12839.75,12847.25,1550,NQ.v.0
2021-03-30 19:57:00+00:00,33,1,2786,12847.25,12851.25,12843.75,12844.5,1105,NQ.v.0
2021-03-30 19:58:00+00:00,33,1,2786,12844.0,12854.25,12841.5,12854.25,1657,NQ.v.0
2021-03-30 19:59:00+00:00,33,1,2786,12853.5,12900.5,12852.25,12895.25,5686,NQ.v.0
2021-03-30 20:00:00+00:00,33,1,2786,12894.75,12901.5,12884.5,12887.5,2745,NQ.v.0
2021-03-30 20:01:00+00:00,33,1,2786,12887.25,12897.0,12886.75,12889.25,767,NQ.v.0
2021-03-30 20:02:00+00:00,33,1,2786,12889.0,12894.25,12882.75,12882.75,594,NQ.v.0
2021-03-30 20:03:00+00:00,33,1,2786,12883.25,12889.0,12882.25,12885.25,460,NQ.v.0
2021-03-30 20:04:00+00:00,33,1,2786,12885.75,12889.0,12885.25,12887.5,281,NQ.v.0
2021-03-30 20:05:00+00:00,33,1,2786,12887.0,12888.75,12886.25,12887.75,312,NQ.v.0
2021-03-30 20:06:00+00:00,33,1,2786,12887.25,12887.75,12883.5,12884.5,201,NQ.v.0
2021-03-30 20:07:00+00:00,33,1,2786,12884.25,12884.5,12881.0,12882.5,192,NQ.v.0
2021-03-30 20:08:00+00:00,33,1,2786,12882.25,12886.75,12881.0,12884.25,353,NQ.v.0
2021-03-30 20:09:00+00:00,33,1,2786,12884.25,12885.5,12884.0,12885.0,106,NQ.v.0
2021-03-30 20:10:00+00:00,33,1,2786,12885.0,12886.0,12883.0,12885.5,121,NQ.v.0
2021-03-30 20:11:00+00:00,33,1,2786,12886.0,12887.75,12885.25,12887.75,98,NQ.v.0
2021-03-30 20:12:00+00:00,33,1,2786,12887.75,12888.75,12886.5,12888.5,107,NQ.v.0
2021-03-30 20:13:00+00:00,33,1,2786,12888.0,12895.75,12888.0,12895.25,368,NQ.v.0
2021-03-30 20:14:00+00:00,33,1,2786,12895.25,12895.25,12890.75,12893.0,202,NQ.v.0
2021-03-30 20:30:00+00:00,33,1,2786,12892.75,12894.75,12890.75,12891.5,112,NQ.v.0
2021-03-30 20:31:00+00:00,33,1,2786,12891.0,12891.0,12887.25,12889.5,50,NQ.v.0
2021-03-30 20:32:00+00:00,33,1,2786,12890.0,12890.0,12885.25,12886.5,41,NQ.v.0
2021-03-30 20:33:00+00:00,33,1,2786,12886.25,12886.25,12882.25,12883.75,116,NQ.v.0
2021-03-30 20:34:00+00:00,33,1,2786,12883.5,12884.5,12881.5,12884.5,71,NQ.v.0
2021-03-30 20:35:00+00:00,33,1,2786,12884.5,12884.5,12881.5,12881.5,49,NQ.v.0
2021-03-30 20:36:00+00:00,33,1,2786,12884.0,12884.75,12883.25,12884.5,20,NQ.v.0
2021-03-30 20:37:00+00:00,33,1,2786,12884.75,12885.0,12883.25,12885.0,64,NQ.v.0
2021-03-30 20:38:00+00:00,33,1,2786,12885.0,12885.0,12884.0,12884.5,17,NQ.v.0
2021-03-30 20:39:00+00:00,33,1,2786,12884.75,12885.0,12884.0,12884.0,16,NQ.v.0
2021-03-30 20:40:00+00:00,33,1,2786,12884.25,12885.0,12883.25,12884.0,31,NQ.v.0
2021-03-30 20:41:00+00:00,33,1,2786,12884.75,12886.25,12884.5,12884.75,33,NQ.v.0
2021-03-30 20:42:00+00:00,33,1,2786,12885.75,12887.0,12885.75,12886.25,17,NQ.v.0
2021-03-30 20:43:00+00:00,33,1,2786,12886.25,12887.5,12886.25,12887.0,18,NQ.v.0
2021-03-30 20:44:00+00:00,33,1,2786,12887.25,12889.75,12887.25,12889.75,58,NQ.v.0
2021-03-30 20:45:00+00:00,33,1,2786,12890.0,12890.0,12886.0,12887.5,61,NQ.v.0
2021-03-30 20:46:00+00:00,33,1,2786,12887.5,12888.0,12887.5,12888.0,14,NQ.v.0
2021-03-30 20:47:00+00:00,33,1,2786,12887.5,12888.25,12887.0,12888.25,19,NQ.v.0
2021-03-30 20:48:00+00:00,33,1,2786,12888.25,12889.75,12887.25,12889.0,30,NQ.v.0
2021-03-30 20:49:00+00:00,33,1,2786,12888.5,12888.5,12886.5,12886.5,48,NQ.v.0
2021-03-30 20:50:00+00:00,33,1,2786,12886.25,12887.25,12886.0,12886.5,50,NQ.v.0
2021-03-30 20:51:00+00:00,33,1,2786,12886.0,12886.0,12885.25,12885.25,12,NQ.v.0
2021-03-30 20:52:00+00:00,33,1,2786,12885.0,12885.0,12884.0,12884.0,9,NQ.v.0
2021-03-30 20:53:00+00:00,33,1,2786,12884.25,12885.25,12884.0,12885.25,29,NQ.v.0
2021-03-30 20:54:00+00:00,33,1,2786,12885.75,12886.5,12885.5,12886.0,12,NQ.v.0
2021-03-30 20:55:00+00:00,33,1,2786,12885.75,12887.0,12883.75,12886.0,70,NQ.v.0
2021-03-30 20:56:00+00:00,33,1,2786,12886.25,12886.5,12884.5,12886.25,38,NQ.v.0
2021-03-30 20:57:00+00:00,33,1,2786,12886.25,12888.0,12885.25,12886.5,49,NQ.v.0
2021-03-30 20:58:00+00:00,33,1,2786,12888.25,12889.0,12888.0,12888.75,22,NQ.v.0
2021-03-30 20:59:00+00:00,33,1,2786,12888.75,12890.25,12887.5,12890.25,61,NQ.v.0
2021-03-30 22:00:00+00:00,33,1,2786,12894.75,12894.75,12881.5,12884.75,265,NQ.v.0
2021-03-30 22:01:00+00:00,33,1,2786,12884.75,12887.25,12883.75,12884.5,86,NQ.v.0
2021-03-30 22:02:00+00:00,33,1,2786,12884.5,12884.75,12875.0,12876.0,168,NQ.v.0
2021-03-30 22:03:00+00:00,33,1,2786,12875.5,12876.5,12873.75,12875.5,79,NQ.v.0
2021-03-30 22:04:00+00:00,33,1,2786,12874.75,12878.25,12874.25,12876.5,73,NQ.v.0
2021-03-30 22:05:00+00:00,33,1,2786,12877.25,12877.25,12874.5,12875.25,34,NQ.v.0
2021-03-30 22:06:00+00:00,33,1,2786,12874.75,12874.75,12871.25,12872.75,51,NQ.v.0
2021-03-30 22:07:00+00:00,33,1,2786,12872.75,12874.5,12865.0,12867.0,161,NQ.v.0
2021-03-30 22:08:00+00:00,33,1,2786,12866.75,12871.25,12866.0,12869.0,81,NQ.v.0
2021-03-30 22:09:00+00:00,33,1,2786,12868.0,12870.5,12865.0,12866.0,60,NQ.v.0
2021-03-30 22:10:00+00:00,33,1,2786,12867.75,12869.5,12866.0,12867.75,62,NQ.v.0
2021-03-30 22:11:00+00:00,33,1,2786,12866.5,12871.25,12866.5,12870.0,23,NQ.v.0
2021-03-30 22:12:00+00:00,33,1,2786,12870.5,12872.5,12868.0,12870.25,58,NQ.v.0
2021-03-30 22:13:00+00:00,33,1,2786,12870.25,12871.75,12870.25,12871.5,27,NQ.v.0
2021-03-30 22:14:00+00:00,33,1,2786,12870.0,12871.0,12868.25,12870.75,29,NQ.v.0
2021-03-30 22:15:00+00:00,33,1,2786,12871.5,12873.0,12871.0,12871.0,13,NQ.v.0
2021-03-30 22:16:00+00:00,33,1,2786,12870.25,12870.5,12867.5,12869.25,54,NQ.v.0
2021-03-30 22:17:00+00:00,33,1,2786,12869.5,12870.25,12865.5,12865.5,59,NQ.v.0
2021-03-30 22:18:00+00:00,33,1,2786,12865.0,12865.25,12858.25,12860.75,169,NQ.v.0
2021-03-30 22:19:00+00:00,33,1,2786,12860.75,12865.0,12860.25,12863.25,78,NQ.v.0
2021-03-30 22:20:00+00:00,33,1,2786,12864.0,12866.5,12863.0,12864.75,47,NQ.v.0
2021-03-30 22:21:00+00:00,33,1,2786,12865.75,12867.0,12865.75,12866.25,13,NQ.v.0
2021-03-30 22:22:00+00:00,33,1,2786,12866.5,12866.75,12863.75,12863.75,26,NQ.v.0
2021-03-30 22:23:00+00:00,33,1,2786,12865.0,12867.0,12863.0,12866.75,56,NQ.v.0
2021-03-30 22:24:00+00:00,33,1,2786,12866.25,12868.0,12865.25,12868.0,33,NQ.v.0
2021-03-30 22:25:00+00:00,33,1,2786,12868.0,12869.75,12867.25,12867.25,26,NQ.v.0
2021-03-30 22:26:00+00:00,33,1,2786,12867.5,12869.5,12867.0,12868.5,34,NQ.v.0
2021-03-30 22:27:00+00:00,33,1,2786,12868.75,12869.75,12868.0,12869.0,23,NQ.v.0
2021-03-30 22:28:00+00:00,33,1,2786,12870.0,12871.75,12870.0,12871.0,26,NQ.v.0
2021-03-30 22:29:00+00:00,33,1,2786,12871.0,12871.75,12870.5,12871.75,18,NQ.v.0
2021-03-30 22:30:00+00:00,33,1,2786,12871.25,12872.5,12871.0,12872.25,35,NQ.v.0
2021-03-30 22:31:00+00:00,33,1,2786,12872.5,12874.25,12872.25,12873.25,39,NQ.v.0
2021-03-30 22:32:00+00:00,33,1,2786,12872.5,12874.5,12872.5,12874.0,29,NQ.v.0
2021-03-30 22:33:00+00:00,33,1,2786,12873.5,12873.5,12870.5,12870.5,47,NQ.v.0
2021-03-30 22:34:00+00:00,33,1,2786,12871.0,12871.0,12869.75,12870.5,17,NQ.v.0
2021-03-30 22:35:00+00:00,33,1,2786,12869.75,12870.0,12866.0,12866.75,44,NQ.v.0
2021-03-30 22:36:00+00:00,33,1,2786,12866.0,12868.5,12865.75,12866.25,44,NQ.v.0
2021-03-30 22:37:00+00:00,33,1,2786,12865.75,12869.0,12865.75,12868.0,41,NQ.v.0
2021-03-30 22:38:00+00:00,33,1,2786,12867.75,12868.75,12867.75,12868.75,11,NQ.v.0
2021-03-30 22:39:00+00:00,33,1,2786,12869.75,12872.25,12869.75,12872.0,31,NQ.v.0
2021-03-30 22:40:00+00:00,33,1,2786,12871.25,12872.0,12870.75,12870.75,11,NQ.v.0
2021-03-30 22:41:00+00:00,33,1,2786,12871.5,12872.0,12867.5,12868.0,32,NQ.v.0
2021-03-30 22:42:00+00:00,33,1,2786,12868.25,12869.25,12867.0,12869.0,34,NQ.v.0
2021-03-30 22:43:00+00:00,33,1,2786,12868.75,12870.25,12868.25,12870.25,14,NQ.v.0
2021-03-30 22:44:00+00:00,33,1,2786,12869.5,12870.25,12869.5,12870.25,6,NQ.v.0
2021-03-30 22:45:00+00:00,33,1,2786,12870.5,12871.0,12868.75,12871.0,11,NQ.v.0
2021-03-30 22:46:00+00:00,33,1,2786,12870.0,12871.0,12870.0,12871.0,8,NQ.v.0
2021-03-30 22:47:00+00:00,33,1,2786,12871.25,12872.75,12870.0,12872.75,21,NQ.v.0
2021-03-30 22:48:00+00:00,33,1,2786,12872.5,12872.5,12871.25,12872.25,7,NQ.v.0
2021-03-30 22:49:00+00:00,33,1,2786,12872.25,12872.25,12870.75,12871.5,10,NQ.v.0
2021-03-30 22:50:00+00:00,33,1,2786,12871.5,12872.5,12871.25,12872.25,15,NQ.v.0
2021-03-30 22:51:00+00:00,33,1,2786,12872.25,12872.25,12869.25,12870.75,34,NQ.v.0
2021-03-30 22:52:00+00:00,33,1,2786,12870.25,12870.25,12868.0,12868.75,32,NQ.v.0
2021-03-30 22:53:00+00:00,33,1,2786,12868.75,12870.0,12868.0,12870.0,18,NQ.v.0
2021-03-30 22:54:00+00:00,33,1,2786,12870.0,12870.25,12869.0,12870.0,9,NQ.v.0
2021-03-30 22:55:00+00:00,33,1,2786,12869.25,12870.75,12869.25,12870.75,12,NQ.v.0
2021-03-30 22:56:00+00:00,33,1,2786,12871.25,12873.75,12871.0,12873.0,28,NQ.v.0
2021-03-30 22:57:00+00:00,33,1,2786,12874.0,12874.25,12870.25,12870.25,27,NQ.v.0
2021-03-30 22:58:00+00:00,33,1,2786,12871.25,12872.0,12871.0,12871.75,20,NQ.v.0
2021-03-30 22:59:00+00:00,33,1,2786,12872.25,12872.5,12871.25,12871.5,10,NQ.v.0
2021-03-30 23:00:00+00:00,33,1,2786,12871.75,12872.5,12865.25,12867.0,100,NQ.v.0
2021-03-30 23:01:00+00:00,33,1,2786,12867.0,12868.0,12863.0,12867.75,117,NQ.v.0
2021-03-30 23:02:00+00:00,33,1,2786,12868.0,12869.25,12867.75,12868.5,37,NQ.v.0
2021-03-30 23:03:00+00:00,33,1,2786,12868.5,12868.5,12867.0,12868.25,14,NQ.v.0
2021-03-30 23:04:00+00:00,33,1,2786,12868.25,12868.75,12867.25,12868.75,7,NQ.v.0
2021-03-30 23:05:00+00:00,33,1,2786,12869.5,12872.25,12869.5,12871.25,56,NQ.v.0
2021-03-30 23:06:00+00:00,33,1,2786,12871.0,12873.0,12870.25,12872.25,42,NQ.v.0
2021-03-30 23:07:00+00:00,33,1,2786,12872.0,12872.5,12870.75,12871.5,12,NQ.v.0
2021-03-30 23:08:00+00:00,33,1,2786,12872.25,12874.5,12871.5,12871.5,40,NQ.v.0
2021-03-30 23:09:00+00:00,33,1,2786,12871.25,12872.5,12871.25,12872.0,11,NQ.v.0
2021-03-30 23:10:00+00:00,33,1,2786,12872.0,12874.75,12872.0,12874.75,51,NQ.v.0
2021-03-30 23:11:00+00:00,33,1,2786,12873.75,12873.75,12871.0,12871.0,29,NQ.v.0
2021-03-30 23:12:00+00:00,33,1,2786,12871.25,12874.75,12871.0,12873.5,19,NQ.v.0
2021-03-30 23:13:00+00:00,33,1,2786,12873.5,12875.75,12873.5,12875.5,49,NQ.v.0
2021-03-30 23:14:00+00:00,33,1,2786,12875.75,12876.5,12873.75,12873.75,21,NQ.v.0
2021-03-30 23:15:00+00:00,33,1,2786,12874.25,12878.25,12874.25,12877.25,44,NQ.v.0
2021-03-30 23:16:00+00:00,33,1,2786,12878.0,12879.75,12876.5,12878.5,78,NQ.v.0
2021-03-30 23:17:00+00:00,33,1,2786,12878.25,12879.75,12877.75,12878.0,52,NQ.v.0
2021-03-30 23:18:00+00:00,33,1,2786,12878.0,12879.25,12876.25,12877.25,36,NQ.v.0
2021-03-30 23:19:00+00:00,33,1,2786,12878.0,12879.5,12878.0,12878.75,8,NQ.v.0
2021-03-30 23:20:00+00:00,33,1,2786,12879.5,12881.75,12876.75,12879.0,84,NQ.v.0
2021-03-30 23:21:00+00:00,33,1,2786,12879.0,12879.0,12876.75,12877.25,60,NQ.v.0
2021-03-30 23:22:00+00:00,33,1,2786,12877.5,12878.5,12876.5,12876.5,17,NQ.v.0
2021-03-30 23:23:00+00:00,33,1,2786,12877.75,12879.75,12877.75,12879.0,21,NQ.v.0
2021-03-30 23:24:00+00:00,33,1,2786,12879.5,12883.5,12879.5,12882.25,74,NQ.v.0
2021-03-30 23:25:00+00:00,33,1,2786,12882.5,12889.0,12881.75,12888.0,160,NQ.v.0
2021-03-30 23:26:00+00:00,33,1,2786,12886.75,12887.5,12885.75,12885.75,70,NQ.v.0
2021-03-30 23:27:00+00:00,33,1,2786,12885.75,12889.0,12885.5,12888.25,93,NQ.v.0
2021-03-30 23:28:00+00:00,33,1,2786,12887.5,12888.75,12886.0,12886.75,48,NQ.v.0
2021-03-30 23:29:00+00:00,33,1,2786,12887.0,12888.25,12886.75,12887.75,27,NQ.v.0
2021-03-30 23:30:00+00:00,33,1,2786,12888.0,12896.75,12888.0,12895.75,284,NQ.v.0
2021-03-30 23:31:00+00:00,33,1,2786,12896.0,12901.25,12895.5,12897.5,348,NQ.v.0
2021-03-30 23:32:00+00:00,33,1,2786,12898.25,12899.0,12894.0,12894.0,83,NQ.v.0
2021-03-30 23:33:00+00:00,33,1,2786,12894.0,12894.5,12892.5,12893.5,55,NQ.v.0
2021-03-30 23:34:00+00:00,33,1,2786,12894.0,12894.75,12891.75,12892.25,76,NQ.v.0
2021-03-30 23:35:00+00:00,33,1,2786,12893.5,12895.0,12892.75,12893.5,85,NQ.v.0
2021-03-30 23:36:00+00:00,33,1,2786,12893.75,12894.25,12893.0,12893.75,13,NQ.v.0
2021-03-30 23:37:00+00:00,33,1,2786,12894.5,12895.0,12892.5,12892.5,67,NQ.v.0
2021-03-30 23:38:00+00:00,33,1,2786,12892.5,12893.0,12891.5,12892.75,32,NQ.v.0
2021-03-30 23:39:00+00:00,33,1,2786,12893.0,12893.0,12891.25,12892.25,33,NQ.v.0
2021-03-30 23:40:00+00:00,33,1,2786,12892.0,12892.5,12891.0,12892.5,18,NQ.v.0
2021-03-30 23:41:00+00:00,33,1,2786,12892.25,12892.75,12891.75,12891.75,19,NQ.v.0
2021-03-30 23:42:00+00:00,33,1,2786,12891.75,12893.25,12890.5,12892.75,71,NQ.v.0
2021-03-30 23:43:00+00:00,33,1,2786,12893.25,12894.0,12892.5,12892.75,27,NQ.v.0
2021-03-30 23:44:00+00:00,33,1,2786,12893.25,12894.0,12891.75,12891.75,24,NQ.v.0
2021-03-30 23:45:00+00:00,33,1,2786,12891.5,12892.0,12891.25,12892.0,21,NQ.v.0
2021-03-30 23:46:00+00:00,33,1,2786,12892.0,12895.0,12891.0,12893.5,93,NQ.v.0
2021-03-30 23:47:00+00:00,33,1,2786,12894.0,12894.0,12892.75,12893.5,31,NQ.v.0
2021-03-30 23:48:00+00:00,33,1,2786,12893.5,12897.5,12892.5,12894.25,151,NQ.v.0
2021-03-30 23:49:00+00:00,33,1,2786,12894.75,12895.0,12893.0,12893.5,20,NQ.v.0
2021-03-30 23:50:00+00:00,33,1,2786,12892.5,12893.5,12890.75,12893.5,26,NQ.v.0
2021-03-30 23:51:00+00:00,33,1,2786,12893.5,12893.5,12891.0,12891.0,17,NQ.v.0
2021-03-30 23:52:00+00:00,33,1,2786,12891.0,12892.0,12890.0,12891.0,53,NQ.v.0
2021-03-30 23:53:00+00:00,33,1,2786,12890.75,12892.0,12890.0,12891.5,44,NQ.v.0
2021-03-30 23:54:00+00:00,33,1,2786,12890.5,12892.0,12890.0,12892.0,33,NQ.v.0
2021-03-30 23:55:00+00:00,33,1,2786,12891.5,12891.75,12890.0,12890.0,16,NQ.v.0
2021-03-30 23:56:00+00:00,33,1,2786,12891.25,12891.75,12890.5,12891.75,9,NQ.v.0
2021-03-30 23:57:00+00:00,33,1,2786,12892.0,12893.5,12891.5,12892.25,36,NQ.v.0
2021-03-30 23:58:00+00:00,33,1,2786,12892.75,12896.25,12892.75,12896.25,53,NQ.v.0
2021-03-30 23:59:00+00:00,33,1,2786,12897.0,12897.0,12894.25,12895.0,47,NQ.v.0
2021-03-31 00:00:00+00:00,33,1,2786,12895.0,12897.0,12890.0,12891.0,150,NQ.v.0
2021-03-31 00:01:00+00:00,33,1,2786,12890.5,12891.5,12884.25,12886.75,294,NQ.v.0
2021-03-31 00:02:00+00:00,33,1,2786,12887.0,12891.25,12886.0,12889.75,97,NQ.v.0
2021-03-31 00:03:00+00:00,33,1,2786,12890.0,12890.25,12886.0,12887.75,95,NQ.v.0
2021-03-31 00:04:00+00:00,33,1,2786,12887.75,12892.0,12887.75,12889.25,65,NQ.v.0
2021-03-31 00:05:00+00:00,33,1,2786,12889.5,12892.0,12886.75,12887.25,77,NQ.v.0
2021-03-31 00:06:00+00:00,33,1,2786,12887.25,12888.0,12886.0,12888.0,36,NQ.v.0
2021-03-31 00:07:00+00:00,33,1,2786,12887.5,12888.75,12886.5,12887.25,43,NQ.v.0
2021-03-31 00:08:00+00:00,33,1,2786,12887.75,12892.5,12886.25,12892.0,71,NQ.v.0
2021-03-31 00:09:00+00:00,33,1,2786,12892.75,12894.5,12889.75,12889.75,115,NQ.v.0
2021-03-31 00:10:00+00:00,33,1,2786,12890.0,12892.0,12889.5,12889.5,42,NQ.v.0
2021-03-31 00:11:00+00:00,33,1,2786,12889.0,12891.0,12888.75,12890.0,27,NQ.v.0
2021-03-31 00:12:00+00:00,33,1,2786,12888.75,12889.5,12888.0,12888.5,15,NQ.v.0
2021-03-31 00:13:00+00:00,33,1,2786,12888.75,12889.75,12888.5,12889.25,29,NQ.v.0
2021-03-31 00:14:00+00:00,33,1,2786,12889.0,12889.0,12886.5,12888.0,29,NQ.v.0
2021-03-31 00:15:00+00:00,33,1,2786,12887.5,12888.25,12877.5,12879.5,226,NQ.v.0
2021-03-31 00:16:00+00:00,33,1,2786,12879.75,12880.75,12877.75,12878.75,92,NQ.v.0
2021-03-31 00:17:00+00:00,33,1,2786,12879.0,12881.0,12878.25,12880.0,55,NQ.v.0
2021-03-31 00:18:00+00:00,33,1,2786,12880.5,12882.75,12880.0,12880.25,90,NQ.v.0
2021-03-31 00:19:00+00:00,33,1,2786,12880.25,12882.0,12878.5,12881.0,65,NQ.v.0
2021-03-31 00:20:00+00:00,33,1,2786,12880.25,12882.75,12880.0,12881.75,38,NQ.v.0
2021-03-31 00:21:00+00:00,33,1,2786,12882.5,12883.25,12880.75,12883.25,42,NQ.v.0
2021-03-31 00:22:00+00:00,33,1,2786,12883.0,12885.75,12883.0,12885.5,86,NQ.v.0
2021-03-31 00:23:00+00:00,33,1,2786,12885.0,12888.25,12885.0,12887.5,111,NQ.v.0
2021-03-31 00:24:00+00:00,33,1,2786,12887.5,12889.0,12886.75,12888.0,66,NQ.v.0
2021-03-31 00:25:00+00:00,33,1,2786,12888.25,12888.75,12885.25,12886.5,61,NQ.v.0
2021-03-31 00:26:00+00:00,33,1,2786,12886.5,12888.5,12886.0,12888.5,20,NQ.v.0
2021-03-31 00:27:00+00:00,33,1,2786,12887.75,12892.0,12887.25,12891.75,76,NQ.v.0
2021-03-31 00:28:00+00:00,33,1,2786,12892.0,12898.75,12890.75,12898.75,190,NQ.v.0
2021-03-31 00:29:00+00:00,33,1,2786,12898.5,12899.0,12896.5,12897.75,82,NQ.v.0
2021-03-31 00:30:00+00:00,33,1,2786,12898.0,12908.0,12898.0,12902.0,390,NQ.v.0
2021-03-31 00:31:00+00:00,33,1,2786,12901.25,12904.25,12901.25,12901.75,76,NQ.v.0
2021-03-31 00:32:00+00:00,33,1,2786,12902.0,12908.0,12902.0,12907.75,93,NQ.v.0
2021-03-31 00:33:00+00:00,33,1,2786,12907.5,12907.5,12905.0,12907.0,94,NQ.v.0
2021-03-31 00:34:00+00:00,33,1,2786,12907.0,12908.75,12906.5,12907.25,107,NQ.v.0
2021-03-31 00:35:00+00:00,33,1,2786,12906.5,12908.25,12903.5,12903.5,115,NQ.v.0
2021-03-31 00:36:00+00:00,33,1,2786,12903.5,12906.0,12903.25,12903.25,131,NQ.v.0
2021-03-31 00:37:00+00:00,33,1,2786,12903.0,12903.25,12901.0,12902.75,91,NQ.v.0
2021-03-31 00:38:00+00:00,33,1,2786,12902.25,12906.0,12902.25,12905.0,63,NQ.v.0
2021-03-31 00:39:00+00:00,33,1,2786,12905.0,12909.5,12905.0,12909.25,178,NQ.v.0
2021-03-31 00:40:00+00:00,33,1,2786,12909.0,12910.5,12904.0,12904.75,125,NQ.v.0
2021-03-31 00:41:00+00:00,33,1,2786,12905.25,12906.25,12903.5,12904.75,44,NQ.v.0
2021-03-31 00:42:00+00:00,33,1,2786,12905.0,12906.75,12904.25,12906.25,33,NQ.v.0
2021-03-31 00:43:00+00:00,33,1,2786,12906.5,12908.0,12905.5,12907.25,40,NQ.v.0
2021-03-31 00:44:00+00:00,33,1,2786,12908.0,12909.0,12905.5,12907.5,74,NQ.v.0
2021-03-31 00:45:00+00:00,33,1,2786,12907.25,12907.25,12905.5,12906.75,29,NQ.v.0
2021-03-31 00:46:00+00:00,33,1,2786,12906.25,12908.0,12905.75,12907.5,26,NQ.v.0
2021-03-31 00:47:00+00:00,33,1,2786,12907.75,12908.25,12905.5,12908.0,73,NQ.v.0
2021-03-31 00:48:00+00:00,33,1,2786,12907.25,12907.5,12905.0,12906.25,47,NQ.v.0
2021-03-31 00:49:00+00:00,33,1,2786,12906.0,12909.25,12904.25,12909.0,63,NQ.v.0
2021-03-31 00:50:00+00:00,33,1,2786,12908.5,12908.5,12905.5,12906.5,44,NQ.v.0
2021-03-31 00:51:00+00:00,33,1,2786,12907.0,12907.25,12905.0,12907.25,37,NQ.v.0
2021-03-31 00:52:00+00:00,33,1,2786,12906.5,12906.75,12904.25,12904.25,39,NQ.v.0
2021-03-31 00:53:00+00:00,33,1,2786,12905.0,12906.75,12903.25,12904.5,63,NQ.v.0
2021-03-31 00:54:00+00:00,33,1,2786,12905.0,12906.5,12904.0,12904.0,94,NQ.v.0
2021-03-31 00:55:00+00:00,33,1,2786,12903.75,12906.5,12902.0,12902.5,94,NQ.v.0
2021-03-31 00:56:00+00:00,33,1,2786,12902.75,12903.75,12898.0,12903.5,166,NQ.v.0
2021-03-31 00:57:00+00:00,33,1,2786,12903.25,12903.25,12901.0,12902.0,32,NQ.v.0
2021-03-31 00:58:00+00:00,33,1,2786,12902.5,12904.0,12901.75,12902.25,28,NQ.v.0
2021-03-31 00:59:00+00:00,33,1,2786,12902.0,12905.5,12902.0,12904.25,26,NQ.v.0
2021-03-31 01:00:00+00:00,33,1,2786,12905.0,12908.0,12901.5,12902.75,233,NQ.v.0
2021-03-31 01:01:00+00:00,33,1,2786,12903.0,12907.0,12903.0,12904.5,73,NQ.v.0
2021-03-31 01:02:00+00:00,33,1,2786,12904.75,12905.0,12903.5,12903.5,29,NQ.v.0
2021-03-31 01:03:00+00:00,33,1,2786,12903.75,12903.75,12900.25,12901.5,79,NQ.v.0
2021-03-31 01:04:00+00:00,33,1,2786,12902.0,12902.0,12899.5,12899.5,39,NQ.v.0
2021-03-31 01:05:00+00:00,33,1,2786,12900.0,12901.25,12899.25,12900.75,36,NQ.v.0
2021-03-31 01:06:00+00:00,33,1,2786,12900.25,12902.5,12899.25,12899.25,46,NQ.v.0
2021-03-31 01:07:00+00:00,33,1,2786,12899.75,12900.0,12897.0,12899.0,77,NQ.v.0
2021-03-31 01:08:00+00:00,33,1,2786,12898.75,12904.75,12898.5,12903.75,93,NQ.v.0
2021-03-31 01:09:00+00:00,33,1,2786,12904.0,12905.0,12903.0,12904.0,34,NQ.v.0
2021-03-31 01:10:00+00:00,33,1,2786,12903.75,12906.25,12903.75,12905.25,81,NQ.v.0
2021-03-31 01:11:00+00:00,33,1,2786,12905.0,12906.75,12904.75,12905.0,36,NQ.v.0
2021-03-31 01:12:00+00:00,33,1,2786,12905.0,12907.75,12905.0,12906.5,67,NQ.v.0
2021-03-31 01:13:00+00:00,33,1,2786,12906.75,12907.5,12904.0,12904.25,33,NQ.v.0
2021-03-31 01:14:00+00:00,33,1,2786,12904.0,12905.5,12903.0,12905.25,34,NQ.v.0
2021-03-31 01:15:00+00:00,33,1,2786,12906.75,12921.25,12906.75,12919.5,670,NQ.v.0
2021-03-31 01:16:00+00:00,33,1,2786,12919.25,12922.5,12918.5,12921.25,190,NQ.v.0
2021-03-31 01:17:00+00:00,33,1,2786,12921.5,12922.75,12918.75,12919.5,179,NQ.v.0
2021-03-31 01:18:00+00:00,33,1,2786,12920.5,12921.0,12918.0,12920.5,96,NQ.v.0
2021-03-31 01:19:00+00:00,33,1,2786,12919.75,12920.75,12918.25,12918.25,75,NQ.v.0
2021-03-31 01:20:00+00:00,33,1,2786,12918.75,12924.75,12918.0,12921.0,291,NQ.v.0
2021-03-31 01:21:00+00:00,33,1,2786,12920.75,12922.0,12916.75,12917.5,145,NQ.v.0
2021-03-31 01:22:00+00:00,33,1,2786,12917.75,12920.5,12916.25,12920.25,98,NQ.v.0
2021-03-31 01:23:00+00:00,33,1,2786,12920.5,12921.0,12919.5,12919.75,50,NQ.v.0
2021-03-31 01:24:00+00:00,33,1,2786,12919.5,12920.0,12916.75,12916.75,85,NQ.v.0
2021-03-31 01:25:00+00:00,33,1,2786,12917.25,12918.25,12912.5,12913.0,205,NQ.v.0
2021-03-31 01:26:00+00:00,33,1,2786,12914.0,12916.0,12912.75,12915.0,111,NQ.v.0
2021-03-31 01:27:00+00:00,33,1,2786,12915.0,12915.75,12914.0,12914.0,47,NQ.v.0
2021-03-31 01:28:00+00:00,33,1,2786,12914.0,12915.75,12913.75,12915.25,44,NQ.v.0
2021-03-31 01:29:00+00:00,33,1,2786,12915.0,12915.75,12913.25,12913.25,28,NQ.v.0
2021-03-31 01:30:00+00:00,33,1,2786,12913.0,12914.0,12902.5,12903.0,342,NQ.v.0
2021-03-31 01:31:00+00:00,33,1,2786,12902.25,12908.75,12900.25,12906.0,189,NQ.v.0
2021-03-31 01:32:00+00:00,33,1,2786,12906.0,12906.5,12902.75,12903.75,96,NQ.v.0
2021-03-31 01:33:00+00:00,33,1,2786,12903.0,12904.75,12901.25,12903.0,81,NQ.v.0
2021-03-31 01:34:00+00:00,33,1,2786,12903.0,12908.0,12901.75,12907.5,161,NQ.v.0
2021-03-31 01:35:00+00:00,33,1,2786,12907.75,12909.25,12904.75,12907.5,93,NQ.v.0
2021-03-31 01:36:00+00:00,33,1,2786,12907.5,12908.0,12906.0,12907.0,31,NQ.v.0
2021-03-31 01:37:00+00:00,33,1,2786,12908.5,12912.0,12907.75,12908.75,128,NQ.v.0
2021-03-31 01:38:00+00:00,33,1,2786,12909.75,12909.75,12907.5,12907.5,53,NQ.v.0
2021-03-31 01:39:00+00:00,33,1,2786,12907.0,12907.0,12903.5,12905.75,59,NQ.v.0
2021-03-31 01:40:00+00:00,33,1,2786,12904.5,12905.0,12902.0,12903.25,93,NQ.v.0
2021-03-31 01:41:00+00:00,33,1,2786,12903.0,12903.5,12895.5,12899.5,229,NQ.v.0
2021-03-31 01:42:00+00:00,33,1,2786,12899.25,12903.5,12899.25,12901.75,106,NQ.v.0
2021-03-31 01:43:00+00:00,33,1,2786,12901.75,12902.5,12898.5,12898.5,42,NQ.v.0
2021-03-31 01:44:00+00:00,33,1,2786,12898.0,12898.25,12893.5,12895.75,264,NQ.v.0
2021-03-31 01:45:00+00:00,33,1,2786,12895.75,12898.0,12894.5,12896.25,81,NQ.v.0
2021-03-31 01:46:00+00:00,33,1,2786,12897.25,12898.5,12896.5,12897.75,42,NQ.v.0
2021-03-31 01:47:00+00:00,33,1,2786,12897.75,12897.75,12896.25,12897.75,44,NQ.v.0
2021-03-31 01:48:00+00:00,33,1,2786,12897.0,12898.0,12895.5,12898.0,34,NQ.v.0
2021-03-31 01:49:00+00:00,33,1,2786,12898.0,12900.5,12897.5,12899.75,137,NQ.v.0
2021-03-31 01:50:00+00:00,33,1,2786,12899.75,12899.75,12896.75,12898.25,73,NQ.v.0
2021-03-31 01:51:00+00:00,33,1,2786,12899.0,12899.75,12895.75,12899.75,72,NQ.v.0
2021-03-31 01:52:00+00:00,33,1,2786,12899.25,12901.75,12897.25,12898.75,65,NQ.v.0
2021-03-31 01:53:00+00:00,33,1,2786,12898.5,12901.5,12897.75,12901.25,82,NQ.v.0
2021-03-31 01:54:00+00:00,33,1,2786,12901.0,12902.5,12900.75,12902.5,37,NQ.v.0
2021-03-31 01:55:00+00:00,33,1,2786,12901.25,12902.0,12899.0,12900.75,50,NQ.v.0
2021-03-31 01:56:00+00:00,33,1,2786,12900.25,12902.25,12900.25,12901.25,17,NQ.v.0
2021-03-31 01:57:00+00:00,33,1,2786,12901.5,12902.0,12898.5,12901.5,37,NQ.v.0
2021-03-31 01:58:00+00:00,33,1,2786,12901.0,12901.0,12896.75,12896.75,69,NQ.v.0
2021-03-31 01:59:00+00:00,33,1,2786,12897.25,12898.0,12896.75,12897.5,61,NQ.v.0
2021-03-31 02:00:00+00:00,33,1,2786,12897.5,12900.5,12896.25,12899.75,47,NQ.v.0
2021-03-31 02:01:00+00:00,33,1,2786,12899.0,12899.75,12897.75,12898.0,21,NQ.v.0
2021-03-31 02:02:00+00:00,33,1,2786,12897.75,12898.5,12892.75,12894.0,137,NQ.v.0
2021-03-31 02:03:00+00:00,33,1,2786,12894.0,12895.0,12892.75,12893.5,69,NQ.v.0
2021-03-31 02:04:00+00:00,33,1,2786,12893.0,12896.5,12893.0,12895.75,42,NQ.v.0
2021-03-31 02:05:00+00:00,33,1,2786,12895.75,12895.75,12888.5,12890.75,160,NQ.v.0
2021-03-31 02:06:00+00:00,33,1,2786,12890.5,12891.0,12888.75,12890.0,85,NQ.v.0
2021-03-31 02:07:00+00:00,33,1,2786,12890.25,12891.0,12888.25,12889.75,75,NQ.v.0
2021-03-31 02:08:00+00:00,33,1,2786,12889.25,12891.0,12889.0,12890.75,52,NQ.v.0
2021-03-31 02:09:00+00:00,33,1,2786,12891.0,12891.0,12888.25,12890.5,78,NQ.v.0
2021-03-31 02:10:00+00:00,33,1,2786,12889.5,12889.5,12888.25,12888.5,31,NQ.v.0
2021-03-31 02:11:00+00:00,33,1,2786,12888.0,12889.75,12885.25,12889.25,119,NQ.v.0
2021-03-31 02:12:00+00:00,33,1,2786,12888.75,12890.0,12885.5,12887.0,85,NQ.v.0
2021-03-31 02:13:00+00:00,33,1,2786,12887.0,12888.75,12885.5,12888.75,45,NQ.v.0
2021-03-31 02:14:00+00:00,33,1,2786,12889.0,12890.5,12888.0,12889.75,116,NQ.v.0
2021-03-31 02:15:00+00:00,33,1,2786,12890.25,12890.75,12888.5,12890.0,33,NQ.v.0
2021-03-31 02:16:00+00:00,33,1,2786,12889.5,12890.25,12887.5,12888.0,63,NQ.v.0
2021-03-31 02:17:00+00:00,33,1,2786,12887.25,12889.25,12886.5,12888.0,27,NQ.v.0
2021-03-31 02:18:00+00:00,33,1,2786,12887.75,12889.75,12886.0,12889.75,79,NQ.v.0
2021-03-31 02:19:00+00:00,33,1,2786,12888.5,12890.0,12887.75,12889.75,31,NQ.v.0
2021-03-31 02:20:00+00:00,33,1,2786,12889.25,12892.75,12888.5,12892.25,72,NQ.v.0
2021-03-31 02:21:00+00:00,33,1,2786,12891.75,12892.5,12891.0,12892.0,59,NQ.v.0
2021-03-31 02:22:00+00:00,33,1,2786,12890.5,12890.75,12886.75,12887.75,79,NQ.v.0
2021-03-31 02:23:00+00:00,33,1,2786,12887.75,12887.75,12882.75,12884.0,165,NQ.v.0
2021-03-31 02:24:00+00:00,33,1,2786,12883.25,12885.0,12882.75,12884.5,64,NQ.v.0
2021-03-31 02:25:00+00:00,33,1,2786,12884.25,12884.25,12881.0,12883.5,128,NQ.v.0
2021-03-31 02:26:00+00:00,33,1,2786,12883.25,12885.0,12882.5,12883.5,46,NQ.v.0
2021-03-31 02:27:00+00:00,33,1,2786,12883.5,12884.5,12882.0,12883.25,69,NQ.v.0
2021-03-31 02:28:00+00:00,33,1,2786,12883.0,12883.0,12881.0,12882.25,62,NQ.v.0
2021-03-31 02:29:00+00:00,33,1,2786,12882.5,12884.5,12880.25,12884.5,65,NQ.v.0
2021-03-31 02:30:00+00:00,33,1,2786,12883.5,12884.5,12881.5,12883.75,30,NQ.v.0
2021-03-31 02:31:00+00:00,33,1,2786,12883.0,12885.75,12882.5,12884.75,49,NQ.v.0
2021-03-31 02:32:00+00:00,33,1,2786,12885.5,12885.75,12884.0,12885.25,53,NQ.v.0
2021-03-31 02:33:00+00:00,33,1,2786,12885.0,12886.5,12884.5,12884.75,60,NQ.v.0
2021-03-31 02:34:00+00:00,33,1,2786,12885.25,12885.25,12882.25,12883.0,43,NQ.v.0
2021-03-31 02:35:00+00:00,33,1,2786,12882.25,12882.75,12876.25,12880.5,290,NQ.v.0
2021-03-31 02:36:00+00:00,33,1,2786,12880.0,12880.0,12875.25,12876.5,94,NQ.v.0
2021-03-31 02:37:00+00:00,33,1,2786,12877.0,12878.75,12876.0,12878.25,68,NQ.v.0
2021-03-31 02:38:00+00:00,33,1,2786,12878.5,12880.0,12877.0,12877.75,70,NQ.v.0
2021-03-31 02:39:00+00:00,33,1,2786,12877.5,12879.75,12877.5,12879.5,35,NQ.v.0
2021-03-31 02:40:00+00:00,33,1,2786,12879.25,12881.0,12877.75,12880.75,68,NQ.v.0
2021-03-31 02:41:00+00:00,33,1,2786,12880.5,12884.25,12880.25,12883.0,67,NQ.v.0
2021-03-31 02:42:00+00:00,33,1,2786,12884.0,12884.0,12881.0,12881.75,36,NQ.v.0
2021-03-31 02:43:00+00:00,33,1,2786,12882.5,12882.5,12880.0,12882.25,33,NQ.v.0
2021-03-31 02:44:00+00:00,33,1,2786,12882.25,12884.0,12881.25,12884.0,23,NQ.v.0
2021-03-31 02:45:00+00:00,33,1,2786,12884.0,12884.0,12880.25,12880.5,63,NQ.v.0
2021-03-31 02:46:00+00:00,33,1,2786,12882.0,12882.0,12880.75,12882.0,15,NQ.v.0
2021-03-31 02:47:00+00:00,33,1,2786,12882.0,12882.0,12881.0,12882.0,13,NQ.v.0
2021-03-31 02:48:00+00:00,33,1,2786,12882.75,12882.75,12882.5,12882.5,7,NQ.v.0
2021-03-31 02:49:00+00:00,33,1,2786,12882.0,12882.0,12878.5,12881.25,67,NQ.v.0
2021-03-31 02:50:00+00:00,33,1,2786,12881.0,12881.5,12879.0,12880.25,30,NQ.v.0
2021-03-31 02:51:00+00:00,33,1,2786,12879.75,12881.0,12877.5,12877.75,59,NQ.v.0
2021-03-31 02:52:00+00:00,33,1,2786,12877.25,12878.5,12875.0,12875.5,102,NQ.v.0
2021-03-31 02:53:00+00:00,33,1,2786,12875.5,12881.5,12875.5,12881.0,62,NQ.v.0
2021-03-31 02:54:00+00:00,33,1,2786,12881.0,12883.25,12881.0,12882.25,49,NQ.v.0
2021-03-31 02:55:00+00:00,33,1,2786,12882.0,12884.75,12880.75,12884.75,60,NQ.v.0
2021-03-31 02:56:00+00:00,33,1,2786,12884.75,12890.5,12884.5,12888.25,292,NQ.v.0
2021-03-31 02:57:00+00:00,33,1,2786,12888.0,12890.0,12886.5,12886.5,74,NQ.v.0
2021-03-31 02:58:00+00:00,33,1,2786,12886.25,12887.5,12883.5,12884.0,84,NQ.v.0
2021-03-31 02:59:00+00:00,33,1,2786,12884.75,12886.75,12884.5,12885.5,114,NQ.v.0
2021-03-31 03:00:00+00:00,33,1,2786,12885.25,12888.5,12883.5,12887.25,73,NQ.v.0
2021-03-31 03:01:00+00:00,33,1,2786,12887.25,12888.0,12885.75,12885.75,21,NQ.v.0
2021-03-31 03:02:00+00:00,33,1,2786,12887.5,12888.75,12887.0,12888.75,18,NQ.v.0
2021-03-31 03:03:00+00:00,33,1,2786,12888.75,12890.25,12887.75,12889.25,52,NQ.v.0
2021-03-31 03:04:00+00:00,33,1,2786,12889.25,12892.0,12889.25,12891.0,104,NQ.v.0
2021-03-31 03:05:00+00:00,33,1,2786,12891.25,12892.0,12889.25,12890.0,49,NQ.v.0
2021-03-31 03:06:00+00:00,33,1,2786,12889.5,12889.5,12886.75,12887.5,70,NQ.v.0
2021-03-31 03:07:00+00:00,33,1,2786,12887.0,12887.25,12885.0,12887.25,44,NQ.v.0
2021-03-31 03:08:00+00:00,33,1,2786,12887.0,12888.5,12885.0,12887.0,60,NQ.v.0
2021-03-31 03:09:00+00:00,33,1,2786,12887.5,12890.0,12887.5,12887.75,32,NQ.v.0
2021-03-31 03:10:00+00:00,33,1,2786,12888.25,12892.25,12888.25,12890.0,29,NQ.v.0
2021-03-31 03:11:00+00:00,33,1,2786,12890.25,12891.0,12888.75,12888.75,33,NQ.v.0
2021-03-31 03:12:00+00:00,33,1,2786,12888.0,12888.5,12886.75,12888.0,36,NQ.v.0
2021-03-31 03:13:00+00:00,33,1,2786,12887.5,12888.0,12886.25,12886.25,42,NQ.v.0
2021-03-31 03:14:00+00:00,33,1,2786,12887.25,12889.75,12886.5,12888.5,54,NQ.v.0
2021-03-31 03:15:00+00:00,33,1,2786,12889.25,12890.0,12888.75,12889.25,12,NQ.v.0
2021-03-31 03:16:00+00:00,33,1,2786,12888.75,12888.75,12886.5,12888.5,36,NQ.v.0
2021-03-31 03:17:00+00:00,33,1,2786,12888.25,12888.5,12887.75,12888.5,8,NQ.v.0
2021-03-31 03:18:00+00:00,33,1,2786,12888.25,12890.0,12886.5,12889.0,52,NQ.v.0
2021-03-31 03:19:00+00:00,33,1,2786,12889.25,12890.0,12887.75,12888.0,15,NQ.v.0
2021-03-31 03:20:00+00:00,33,1,2786,12888.5,12889.5,12888.25,12888.25,10,NQ.v.0
2021-03-31 03:21:00+00:00,33,1,2786,12888.0,12889.25,12887.25,12888.5,20,NQ.v.0
2021-03-31 03:22:00+00:00,33,1,2786,12888.75,12889.0,12886.0,12887.75,52,NQ.v.0
2021-03-31 03:23:00+00:00,33,1,2786,12887.0,12887.0,12886.25,12886.75,15,NQ.v.0
2021-03-31 03:24:00+00:00,33,1,2786,12886.75,12887.25,12886.25,12886.25,21,NQ.v.0
2021-03-31 03:25:00+00:00,33,1,2786,12887.0,12889.25,12885.25,12886.0,56,NQ.v.0
2021-03-31 03:26:00+00:00,33,1,2786,12886.25,12887.0,12885.25,12886.5,18,NQ.v.0
2021-03-31 03:27:00+00:00,33,1,2786,12886.75,12889.0,12886.5,12888.0,33,NQ.v.0
2021-03-31 03:28:00+00:00,33,1,2786,12887.25,12894.5,12887.25,12892.5,127,NQ.v.0
2021-03-31 03:29:00+00:00,33,1,2786,12892.5,12894.5,12891.0,12894.5,68,NQ.v.0
2021-03-31 03:30:00+00:00,33,1,2786,12894.5,12894.5,12890.25,12891.0,103,NQ.v.0
2021-03-31 03:31:00+00:00,33,1,2786,12890.5,12893.5,12890.25,12891.5,29,NQ.v.0
2021-03-31 03:32:00+00:00,33,1,2786,12892.5,12892.5,12891.5,12891.5,7,NQ.v.0
2021-03-31 03:33:00+00:00,33,1,2786,12891.75,12892.25,12890.25,12890.75,31,NQ.v.0
2021-03-31 03:34:00+00:00,33,1,2786,12891.0,12892.25,12889.5,12889.5,22,NQ.v.0
2021-03-31 03:35:00+00:00,33,1,2786,12890.75,12891.0,12889.75,12890.5,25,NQ.v.0
2021-03-31 03:36:00+00:00,33,1,2786,12891.5,12891.5,12888.25,12888.25,29,NQ.v.0
2021-03-31 03:37:00+00:00,33,1,2786,12888.75,12890.0,12887.25,12887.25,31,NQ.v.0
2021-03-31 03:38:00+00:00,33,1,2786,12887.0,12888.0,12885.5,12886.5,52,NQ.v.0
2021-03-31 03:39:00+00:00,33,1,2786,12886.5,12887.75,12885.75,12886.5,19,NQ.v.0
2021-03-31 03:40:00+00:00,33,1,2786,12886.5,12888.25,12886.5,12887.5,13,NQ.v.0
2021-03-31 03:41:00+00:00,33,1,2786,12887.75,12887.75,12886.25,12887.75,24,NQ.v.0
2021-03-31 03:42:00+00:00,33,1,2786,12888.0,12889.25,12887.5,12888.5,20,NQ.v.0
2021-03-31 03:43:00+00:00,33,1,2786,12888.25,12891.0,12888.25,12890.5,22,NQ.v.0
2021-03-31 03:44:00+00:00,33,1,2786,12890.0,12890.25,12888.75,12889.0,14,NQ.v.0
2021-03-31 03:45:00+00:00,33,1,2786,12888.75,12889.5,12888.75,12889.5,6,NQ.v.0
2021-03-31 03:46:00+00:00,33,1,2786,12888.75,12890.0,12888.25,12889.5,18,NQ.v.0
2021-03-31 03:47:00+00:00,33,1,2786,12889.0,12889.25,12887.5,12887.5,9,NQ.v.0
2021-03-31 03:48:00+00:00,33,1,2786,12888.0,12890.25,12887.75,12887.75,12,NQ.v.0
2021-03-31 03:49:00+00:00,33,1,2786,12887.5,12887.5,12885.75,12886.0,39,NQ.v.0
2021-03-31 03:50:00+00:00,33,1,2786,12885.5,12885.75,12882.5,12883.5,129,NQ.v.0
2021-03-31 03:51:00+00:00,33,1,2786,12883.75,12887.75,12883.75,12887.25,55,NQ.v.0
2021-03-31 03:52:00+00:00,33,1,2786,12887.25,12887.25,12886.0,12886.25,12,NQ.v.0
2021-03-31 03:53:00+00:00,33,1,2786,12885.75,12885.75,12884.0,12884.5,38,NQ.v.0
2021-03-31 03:54:00+00:00,33,1,2786,12884.0,12884.75,12882.0,12883.25,62,NQ.v.0
2021-03-31 03:55:00+00:00,33,1,2786,12883.75,12886.0,12883.25,12885.25,18,NQ.v.0
2021-03-31 03:56:00+00:00,33,1,2786,12886.0,12887.25,12885.0,12886.5,22,NQ.v.0
2021-03-31 03:57:00+00:00,33,1,2786,12886.0,12887.75,12885.5,12887.75,20,NQ.v.0
2021-03-31 03:58:00+00:00,33,1,2786,12887.5,12888.25,12887.5,12888.0,24,NQ.v.0
2021-03-31 03:59:00+00:00,33,1,2786,12888.0,12888.0,12886.75,12887.75,12,NQ.v.0
2021-03-31 04:00:00+00:00,33,1,2786,12888.25,12888.5,12884.5,12885.75,33,NQ.v.0
2021-03-31 04:01:00+00:00,33,1,2786,12885.25,12886.0,12884.25,12884.5,19,NQ.v.0
2021-03-31 04:02:00+00:00,33,1,2786,12885.0,12886.0,12885.0,12886.0,7,NQ.v.0
2021-03-31 04:03:00+00:00,33,1,2786,12885.5,12885.5,12885.25,12885.5,3,NQ.v.0
2021-03-31 04:04:00+00:00,33,1,2786,12885.5,12886.25,12885.5,12886.25,6,NQ.v.0
2021-03-31 04:06:00+00:00,33,1,2786,12887.5,12890.0,12887.5,12888.5,52,NQ.v.0
2021-03-31 04:07:00+00:00,33,1,2786,12889.75,12891.0,12888.0,12888.75,55,NQ.v.0
2021-03-31 04:08:00+00:00,33,1,2786,12889.0,12891.75,12889.0,12889.75,40,NQ.v.0
2021-03-31 04:09:00+00:00,33,1,2786,12890.5,12891.0,12889.0,12889.75,9,NQ.v.0
2021-03-31 04:10:00+00:00,33,1,2786,12889.75,12891.0,12889.75,12891.0,13,NQ.v.0
2021-03-31 04:11:00+00:00,33,1,2786,12891.0,12891.0,12890.0,12890.0,10,NQ.v.0
2021-03-31 04:12:00+00:00,33,1,2786,12889.75,12889.75,12888.5,12889.5,9,NQ.v.0
2021-03-31 04:13:00+00:00,33,1,2786,12889.5,12889.75,12886.75,12888.25,30,NQ.v.0
2021-03-31 04:14:00+00:00,33,1,2786,12889.0,12891.5,12888.25,12890.5,45,NQ.v.0
2021-03-31 04:15:00+00:00,33,1,2786,12890.0,12890.5,12889.25,12889.25,28,NQ.v.0
2021-03-31 04:16:00+00:00,33,1,2786,12889.75,12890.0,12889.5,12890.0,10,NQ.v.0
2021-03-31 04:17:00+00:00,33,1,2786,12890.0,12890.0,12889.5,12889.5,6,NQ.v.0
2021-03-31 04:18:00+00:00,33,1,2786,12890.25,12890.25,12888.0,12889.0,11,NQ.v.0
2021-03-31 04:19:00+00:00,33,1,2786,12888.0,12888.0,12887.75,12887.75,4,NQ.v.0
2021-03-31 04:20:00+00:00,33,1,2786,12887.5,12888.0,12886.75,12888.0,28,NQ.v.0
2021-03-31 04:21:00+00:00,33,1,2786,12889.0,12889.5,12885.5,12886.0,38,NQ.v.0
2021-03-31 04:22:00+00:00,33,1,2786,12886.5,12889.25,12886.5,12888.0,18,NQ.v.0
2021-03-31 04:23:00+00:00,33,1,2786,12888.5,12888.75,12887.5,12887.5,5,NQ.v.0
2021-03-31 04:24:00+00:00,33,1,2786,12888.0,12888.0,12887.25,12887.5,10,NQ.v.0
2021-03-31 04:25:00+00:00,33,1,2786,12887.0,12887.25,12887.0,12887.25,2,NQ.v.0
2021-03-31 04:26:00+00:00,33,1,2786,12888.0,12888.0,12886.0,12886.0,15,NQ.v.0
2021-03-31 04:27:00+00:00,33,1,2786,12885.5,12886.75,12885.5,12886.75,19,NQ.v.0
2021-03-31 04:28:00+00:00,33,1,2786,12886.5,12886.5,12885.5,12886.25,12,NQ.v.0
2021-03-31 04:29:00+00:00,33,1,2786,12886.0,12886.0,12885.75,12885.75,7,NQ.v.0
2021-03-31 04:30:00+00:00,33,1,2786,12885.25,12886.0,12882.75,12882.75,48,NQ.v.0
2021-03-31 04:31:00+00:00,33,1,2786,12883.75,12884.0,12881.0,12884.0,65,NQ.v.0
2021-03-31 04:32:00+00:00,33,1,2786,12883.5,12884.75,12883.0,12884.0,9,NQ.v.0
2021-03-31 04:33:00+00:00,33,1,2786,12884.0,12885.0,12883.75,12884.25,21,NQ.v.0
2021-03-31 04:34:00+00:00,33,1,2786,12884.0,12884.25,12883.0,12883.5,22,NQ.v.0
2021-03-31 04:35:00+00:00,33,1,2786,12883.5,12889.0,12883.25,12887.5,88,NQ.v.0
2021-03-31 04:36:00+00:00,33,1,2786,12887.75,12888.25,12887.25,12887.5,24,NQ.v.0
2021-03-31 04:37:00+00:00,33,1,2786,12887.0,12888.25,12886.5,12888.0,27,NQ.v.0
2021-03-31 04:38:00+00:00,33,1,2786,12888.25,12890.5,12888.25,12889.5,46,NQ.v.0
2021-03-31 04:39:00+00:00,33,1,2786,12889.75,12891.25,12888.25,12888.75,61,NQ.v.0
2021-03-31 04:40:00+00:00,33,1,2786,12888.0,12889.5,12887.75,12889.5,9,NQ.v.0
2021-03-31 04:41:00+00:00,33,1,2786,12890.0,12890.0,12886.75,12888.0,24,NQ.v.0
2021-03-31 04:42:00+00:00,33,1,2786,12888.75,12888.75,12887.5,12887.75,22,NQ.v.0
2021-03-31 04:43:00+00:00,33,1,2786,12888.5,12888.5,12887.75,12888.25,4,NQ.v.0
2021-03-31 04:44:00+00:00,33,1,2786,12887.75,12890.0,12887.75,12889.5,16,NQ.v.0
2021-03-31 04:45:00+00:00,33,1,2786,12890.0,12891.25,12889.5,12890.0,51,NQ.v.0
2021-03-31 04:46:00+00:00,33,1,2786,12889.25,12889.25,12887.5,12887.75,15,NQ.v.0
2021-03-31 04:47:00+00:00,33,1,2786,12887.0,12888.25,12887.0,12887.75,9,NQ.v.0
2021-03-31 04:48:00+00:00,33,1,2786,12888.25,12890.25,12888.0,12888.0,32,NQ.v.0
2021-03-31 04:49:00+00:00,33,1,2786,12887.5,12889.5,12885.25,12886.5,77,NQ.v.0
2021-03-31 04:50:00+00:00,33,1,2786,12886.5,12886.5,12884.0,12886.25,52,NQ.v.0
2021-03-31 04:51:00+00:00,33,1,2786,12886.25,12887.75,12885.75,12887.5,26,NQ.v.0
2021-03-31 04:52:00+00:00,33,1,2786,12887.25,12887.25,12884.5,12884.75,81,NQ.v.0
2021-03-31 04:53:00+00:00,33,1,2786,12884.5,12885.75,12884.0,12884.25,27,NQ.v.0
2021-03-31 04:54:00+00:00,33,1,2786,12884.75,12885.0,12881.0,12882.0,84,NQ.v.0
2021-03-31 04:55:00+00:00,33,1,2786,12882.5,12885.0,12881.0,12885.0,62,NQ.v.0
2021-03-31 04:56:00+00:00,33,1,2786,12884.25,12884.25,12882.5,12883.5,43,NQ.v.0
2021-03-31 04:57:00+00:00,33,1,2786,12883.75,12884.25,12882.75,12883.5,20,NQ.v.0
2021-03-31 04:58:00+00:00,33,1,2786,12884.25,12885.0,12883.25,12884.0,32,NQ.v.0
2021-03-31 04:59:00+00:00,33,1,2786,12883.5,12884.75,12883.5,12884.75,14,NQ.v.0
2021-03-31 05:00:00+00:00,33,1,2786,12884.0,12884.5,12869.0,12873.0,539,NQ.v.0
2021-03-31 05:01:00+00:00,33,1,2786,12873.5,12876.25,12870.75,12875.5,131,NQ.v.0
2021-03-31 05:02:00+00:00,33,1,2786,12875.25,12877.25,12875.25,12876.5,45,NQ.v.0
2021-03-31 05:03:00+00:00,33,1,2786,12876.5,12877.75,12875.0,12877.0,81,NQ.v.0
2021-03-31 05:04:00+00:00,33,1,2786,12877.0,12877.75,12872.25,12873.25,67,NQ.v.0
2021-03-31 05:05:00+00:00,33,1,2786,12872.5,12875.0,12870.75,12873.75,77,NQ.v.0
2021-03-31 05:06:00+00:00,33,1,2786,12873.75,12875.0,12870.5,12871.25,105,NQ.v.0
2021-03-31 05:07:00+00:00,33,1,2786,12870.75,12871.25,12867.0,12869.0,240,NQ.v.0
2021-03-31 05:08:00+00:00,33,1,2786,12867.75,12873.0,12867.0,12872.25,86,NQ.v.0
2021-03-31 05:09:00+00:00,33,1,2786,12872.25,12873.75,12870.75,12870.75,110,NQ.v.0
2021-03-31 05:10:00+00:00,33,1,2786,12871.0,12872.75,12869.0,12871.25,43,NQ.v.0
2021-03-31 05:11:00+00:00,33,1,2786,12872.0,12874.5,12871.5,12874.0,40,NQ.v.0
2021-03-31 05:12:00+00:00,33,1,2786,12873.25,12876.0,12873.0,12874.25,53,NQ.v.0
2021-03-31 05:13:00+00:00,33,1,2786,12873.5,12876.0,12873.25,12874.0,39,NQ.v.0
2021-03-31 05:14:00+00:00,33,1,2786,12874.25,12874.25,12872.75,12872.75,10,NQ.v.0
2021-03-31 05:15:00+00:00,33,1,2786,12873.5,12875.0,12872.0,12874.25,41,NQ.v.0
2021-03-31 05:16:00+00:00,33,1,2786,12874.0,12875.75,12873.5,12874.75,14,NQ.v.0
2021-03-31 05:17:00+00:00,33,1,2786,12874.75,12875.5,12872.75,12874.0,38,NQ.v.0
2021-03-31 05:18:00+00:00,33,1,2786,12873.0,12873.5,12872.0,12872.75,17,NQ.v.0
2021-03-31 05:19:00+00:00,33,1,2786,12873.25,12873.25,12872.0,12873.0,12,NQ.v.0
2021-03-31 05:20:00+00:00,33,1,2786,12873.5,12876.75,12872.25,12874.5,54,NQ.v.0
2021-03-31 05:21:00+00:00,33,1,2786,12875.0,12875.75,12874.5,12874.75,16,NQ.v.0
2021-03-31 05:22:00+00:00,33,1,2786,12874.25,12876.0,12873.0,12876.0,28,NQ.v.0
2021-03-31 05:23:00+00:00,33,1,2786,12875.75,12876.0,12875.0,12875.0,14,NQ.v.0
2021-03-31 05:24:00+00:00,33,1,2786,12874.75,12875.25,12874.75,12875.25,7,NQ.v.0
2021-03-31 05:25:00+00:00,33,1,2786,12875.5,12875.75,12873.75,12873.75,28,NQ.v.0
2021-03-31 05:26:00+00:00,33,1,2786,12873.5,12874.75,12873.5,12874.75,15,NQ.v.0
2021-03-31 05:27:00+00:00,33,1,2786,12874.0,12874.0,12872.75,12872.75,27,NQ.v.0
2021-03-31 05:28:00+00:00,33,1,2786,12872.75,12873.25,12871.25,12872.25,34,NQ.v.0
2021-03-31 05:29:00+00:00,33,1,2786,12871.25,12874.25,12870.75,12873.0,46,NQ.v.0
2021-03-31 05:30:00+00:00,33,1,2786,12872.75,12873.5,12870.5,12872.0,48,NQ.v.0
2021-03-31 05:31:00+00:00,33,1,2786,12872.25,12879.0,12871.75,12875.5,102,NQ.v.0
2021-03-31 05:32:00+00:00,33,1,2786,12875.75,12880.5,12875.75,12878.5,126,NQ.v.0
2021-03-31 05:33:00+00:00,33,1,2786,12879.25,12879.5,12877.0,12878.75,28,NQ.v.0
2021-03-31 05:34:00+00:00,33,1,2786,12878.75,12878.75,12877.75,12878.5,18,NQ.v.0
2021-03-31 05:35:00+00:00,33,1,2786,12877.75,12883.5,12877.0,12882.0,77,NQ.v.0
2021-03-31 05:36:00+00:00,33,1,2786,12881.25,12885.75,12881.0,12882.0,207,NQ.v.0
2021-03-31 05:37:00+00:00,33,1,2786,12882.0,12883.25,12879.0,12880.25,168,NQ.v.0
2021-03-31 05:38:00+00:00,33,1,2786,12881.25,12882.5,12879.5,12880.5,65,NQ.v.0
2021-03-31 05:39:00+00:00,33,1,2786,12880.75,12881.5,12879.75,12880.25,67,NQ.v.0
2021-03-31 05:40:00+00:00,33,1,2786,12880.5,12882.5,12878.75,12880.0,85,NQ.v.0
2021-03-31 05:41:00+00:00,33,1,2786,12880.5,12880.5,12878.75,12879.25,77,NQ.v.0
2021-03-31 05:42:00+00:00,33,1,2786,12879.0,12879.25,12875.0,12876.0,100,NQ.v.0
2021-03-31 05:43:00+00:00,33,1,2786,12876.75,12877.0,12873.25,12875.0,53,NQ.v.0
2021-03-31 05:44:00+00:00,33,1,2786,12875.0,12876.25,12875.0,12875.75,10,NQ.v.0
2021-03-31 05:45:00+00:00,33,1,2786,12876.0,12876.25,12873.75,12874.0,58,NQ.v.0
2021-03-31 05:46:00+00:00,33,1,2786,12875.5,12878.0,12874.25,12874.5,93,NQ.v.0
2021-03-31 05:47:00+00:00,33,1,2786,12874.25,12875.5,12872.5,12875.5,58,NQ.v.0
2021-03-31 05:48:00+00:00,33,1,2786,12875.75,12876.75,12875.75,12876.0,24,NQ.v.0
2021-03-31 05:49:00+00:00,33,1,2786,12875.75,12876.75,12875.0,12876.5,32,NQ.v.0
2021-03-31 05:50:00+00:00,33,1,2786,12875.25,12875.5,12874.0,12874.0,25,NQ.v.0
2021-03-31 05:51:00+00:00,33,1,2786,12873.5,12875.0,12873.0,12873.0,68,NQ.v.0
2021-03-31 05:52:00+00:00,33,1,2786,12872.5,12874.5,12866.75,12873.75,232,NQ.v.0
2021-03-31 05:53:00+00:00,33,1,2786,12873.75,12876.0,12872.25,12873.0,80,NQ.v.0
2021-03-31 05:54:00+00:00,33,1,2786,12872.5,12873.75,12872.25,12873.25,20,NQ.v.0
2021-03-31 05:55:00+00:00,33,1,2786,12873.5,12875.5,12873.5,12875.0,25,NQ.v.0
2021-03-31 05:56:00+00:00,33,1,2786,12874.25,12875.5,12871.75,12872.75,30,NQ.v.0
2021-03-31 05:57:00+00:00,33,1,2786,12873.5,12874.5,12873.5,12874.5,12,NQ.v.0
2021-03-31 05:58:00+00:00,33,1,2786,12875.25,12875.25,12874.5,12875.25,13,NQ.v.0
2021-03-31 05:59:00+00:00,33,1,2786,12875.25,12875.25,12873.5,12873.75,10,NQ.v.0
2021-03-31 06:00:00+00:00,33,1,2786,12874.25,12875.25,12866.75,12867.25,163,NQ.v.0
2021-03-31 06:01:00+00:00,33,1,2786,12867.0,12869.75,12864.5,12865.5,163,NQ.v.0
2021-03-31 06:02:00+00:00,33,1,2786,12865.5,12866.25,12862.0,12862.25,155,NQ.v.0
2021-03-31 06:03:00+00:00,33,1,2786,12862.5,12864.75,12860.25,12861.75,123,NQ.v.0
2021-03-31 06:04:00+00:00,33,1,2786,12861.5,12864.25,12860.75,12862.5,189,NQ.v.0
2021-03-31 06:05:00+00:00,33,1,2786,12862.75,12865.75,12862.25,12862.5,124,NQ.v.0
2021-03-31 06:06:00+00:00,33,1,2786,12863.5,12867.25,12863.25,12865.0,82,NQ.v.0
2021-03-31 06:07:00+00:00,33,1,2786,12865.0,12867.75,12864.0,12866.75,58,NQ.v.0
2021-03-31 06:08:00+00:00,33,1,2786,12866.0,12866.75,12861.0,12862.0,74,NQ.v.0
2021-03-31 06:09:00+00:00,33,1,2786,12862.25,12867.25,12861.75,12866.25,73,NQ.v.0
2021-03-31 06:10:00+00:00,33,1,2786,12865.75,12867.5,12865.5,12867.0,39,NQ.v.0
2021-03-31 06:11:00+00:00,33,1,2786,12867.0,12869.5,12867.0,12867.5,47,NQ.v.0
2021-03-31 06:12:00+00:00,33,1,2786,12868.5,12869.75,12867.25,12868.25,46,NQ.v.0
2021-03-31 06:13:00+00:00,33,1,2786,12868.5,12873.0,12868.5,12873.0,80,NQ.v.0
2021-03-31 06:14:00+00:00,33,1,2786,12872.25,12873.5,12871.0,12872.5,54,NQ.v.0
2021-03-31 06:15:00+00:00,33,1,2786,12873.0,12875.0,12872.5,12873.5,46,NQ.v.0
2021-03-31 06:16:00+00:00,33,1,2786,12873.75,12878.0,12873.75,12877.5,114,NQ.v.0
2021-03-31 06:17:00+00:00,33,1,2786,12876.25,12877.5,12875.25,12876.0,37,NQ.v.0
2021-03-31 06:18:00+00:00,33,1,2786,12875.25,12877.0,12874.0,12875.75,60,NQ.v.0
2021-03-31 06:19:00+00:00,33,1,2786,12876.75,12877.75,12874.5,12875.0,75,NQ.v.0
2021-03-31 06:20:00+00:00,33,1,2786,12875.5,12876.0,12873.75,12874.5,80,NQ.v.0
2021-03-31 06:21:00+00:00,33,1,2786,12874.0,12878.5,12873.25,12876.5,69,NQ.v.0
2021-03-31 06:22:00+00:00,33,1,2786,12876.5,12878.0,12876.5,12876.75,35,NQ.v.0
2021-03-31 06:23:00+00:00,33,1,2786,12877.0,12878.75,12876.25,12877.25,23,NQ.v.0
2021-03-31 06:24:00+00:00,33,1,2786,12878.0,12880.0,12877.25,12878.0,69,NQ.v.0
2021-03-31 06:25:00+00:00,33,1,2786,12878.0,12879.0,12876.5,12878.0,27,NQ.v.0
2021-03-31 06:26:00+00:00,33,1,2786,12878.0,12879.0,12875.25,12876.0,56,NQ.v.0
2021-03-31 06:27:00+00:00,33,1,2786,12875.75,12876.5,12872.25,12873.0,81,NQ.v.0
2021-03-31 06:28:00+00:00,33,1,2786,12873.0,12874.75,12872.25,12874.5,60,NQ.v.0
2021-03-31 06:29:00+00:00,33,1,2786,12874.75,12877.5,12874.75,12877.0,43,NQ.v.0
2021-03-31 06:30:00+00:00,33,1,2786,12877.25,12878.0,12873.0,12874.0,62,NQ.v.0
2021-03-31 06:31:00+00:00,33,1,2786,12875.0,12876.5,12873.75,12874.5,49,NQ.v.0
2021-03-31 06:32:00+00:00,33,1,2786,12874.25,12875.0,12870.25,12872.0,116,NQ.v.0
2021-03-31 06:33:00+00:00,33,1,2786,12872.75,12874.5,12871.75,12874.25,81,NQ.v.0
2021-03-31 06:34:00+00:00,33,1,2786,12873.25,12873.25,12870.25,12872.0,76,NQ.v.0
2021-03-31 06:35:00+00:00,33,1,2786,12871.25,12872.75,12870.25,12870.75,45,NQ.v.0
2021-03-31 06:36:00+00:00,33,1,2786,12870.75,12871.75,12869.25,12869.75,49,NQ.v.0
2021-03-31 06:37:00+00:00,33,1,2786,12870.0,12870.25,12868.0,12868.75,76,NQ.v.0
2021-03-31 06:38:00+00:00,33,1,2786,12868.75,12871.0,12868.25,12870.25,40,NQ.v.0
2021-03-31 06:39:00+00:00,33,1,2786,12870.25,12875.0,12870.25,12872.25,73,NQ.v.0
2021-03-31 06:40:00+00:00,33,1,2786,12873.5,12874.0,12870.75,12870.75,29,NQ.v.0
2021-03-31 06:41:00+00:00,33,1,2786,12870.75,12872.25,12870.75,12872.25,20,NQ.v.0
2021-03-31 06:42:00+00:00,33,1,2786,12872.25,12873.0,12871.0,12871.0,19,NQ.v.0
2021-03-31 06:43:00+00:00,33,1,2786,12870.5,12870.75,12869.5,12870.5,37,NQ.v.0
2021-03-31 06:44:00+00:00,33,1,2786,12870.5,12873.5,12870.25,12873.5,71,NQ.v.0
2021-03-31 06:45:00+00:00,33,1,2786,12873.75,12874.0,12870.5,12871.5,40,NQ.v.0
2021-03-31 06:46:00+00:00,33,1,2786,12871.75,12873.5,12871.5,12873.5,23,NQ.v.0
2021-03-31 06:47:00+00:00,33,1,2786,12872.75,12875.25,12872.5,12874.25,61,NQ.v.0
2021-03-31 06:48:00+00:00,33,1,2786,12874.25,12876.0,12874.0,12875.0,41,NQ.v.0
2021-03-31 06:49:00+00:00,33,1,2786,12874.75,12875.75,12874.25,12874.5,19,NQ.v.0
2021-03-31 06:50:00+00:00,33,1,2786,12874.0,12876.0,12873.25,12874.75,36,NQ.v.0
2021-03-31 06:51:00+00:00,33,1,2786,12875.0,12877.25,12874.5,12877.25,49,NQ.v.0
2021-03-31 06:52:00+00:00,33,1,2786,12876.75,12876.75,12874.5,12874.5,36,NQ.v.0
2021-03-31 06:53:00+00:00,33,1,2786,12875.5,12875.5,12872.25,12872.5,115,NQ.v.0
2021-03-31 06:54:00+00:00,33,1,2786,12872.75,12873.25,12870.0,12870.0,84,NQ.v.0
2021-03-31 06:55:00+00:00,33,1,2786,12869.75,12877.25,12868.75,12877.25,154,NQ.v.0
2021-03-31 06:56:00+00:00,33,1,2786,12877.25,12882.0,12875.0,12880.0,202,NQ.v.0
2021-03-31 06:57:00+00:00,33,1,2786,12880.5,12880.75,12877.5,12879.25,56,NQ.v.0
2021-03-31 06:58:00+00:00,33,1,2786,12879.0,12880.5,12878.75,12878.75,38,NQ.v.0
2021-03-31 06:59:00+00:00,33,1,2786,12879.25,12882.0,12878.5,12881.5,34,NQ.v.0
2021-03-31 07:00:00+00:00,33,1,2786,12882.0,12885.25,12881.25,12885.0,170,NQ.v.0
2021-03-31 07:01:00+00:00,33,1,2786,12885.25,12885.75,12879.25,12879.25,112,NQ.v.0
2021-03-31 07:02:00+00:00,33,1,2786,12879.5,12880.75,12878.75,12879.0,54,NQ.v.0
2021-03-31 07:03:00+00:00,33,1,2786,12878.5,12879.75,12875.0,12876.75,124,NQ.v.0
2021-03-31 07:04:00+00:00,33,1,2786,12875.75,12876.25,12874.5,12874.5,69,NQ.v.0
2021-03-31 07:05:00+00:00,33,1,2786,12875.0,12878.5,12874.5,12875.0,69,NQ.v.0
2021-03-31 07:06:00+00:00,33,1,2786,12875.0,12875.75,12870.0,12873.0,119,NQ.v.0
2021-03-31 07:07:00+00:00,33,1,2786,12872.75,12877.5,12872.5,12876.25,95,NQ.v.0
2021-03-31 07:08:00+00:00,33,1,2786,12877.25,12879.0,12876.5,12876.75,44,NQ.v.0
2021-03-31 07:09:00+00:00,33,1,2786,12877.25,12880.75,12877.0,12880.25,83,NQ.v.0
2021-03-31 07:10:00+00:00,33,1,2786,12880.0,12883.25,12880.0,12882.5,59,NQ.v.0
2021-03-31 07:11:00+00:00,33,1,2786,12882.25,12886.5,12882.0,12886.5,85,NQ.v.0
2021-03-31 07:12:00+00:00,33,1,2786,12886.25,12892.0,12886.0,12890.25,358,NQ.v.0
2021-03-31 07:13:00+00:00,33,1,2786,12891.0,12898.5,12891.0,12898.25,377,NQ.v.0
2021-03-31 07:14:00+00:00,33,1,2786,12898.5,12899.25,12895.0,12895.0,144,NQ.v.0
2021-03-31 07:15:00+00:00,33,1,2786,12895.0,12897.5,12889.5,12891.0,149,NQ.v.0
2021-03-31 07:16:00+00:00,33,1,2786,12890.75,12892.25,12888.25,12889.5,111,NQ.v.0
2021-03-31 07:17:00+00:00,33,1,2786,12889.25,12893.5,12889.0,12892.25,71,NQ.v.0
2021-03-31 07:18:00+00:00,33,1,2786,12892.5,12894.75,12892.25,12894.25,43,NQ.v.0
2021-03-31 07:19:00+00:00,33,1,2786,12894.0,12895.25,12889.5,12890.25,109,NQ.v.0
2021-03-31 07:20:00+00:00,33,1,2786,12890.75,12891.75,12889.5,12890.25,62,NQ.v.0
2021-03-31 07:21:00+00:00,33,1,2786,12890.5,12891.5,12890.0,12890.25,31,NQ.v.0
2021-03-31 07:22:00+00:00,33,1,2786,12890.0,12890.0,12887.5,12888.0,111,NQ.v.0
2021-03-31 07:23:00+00:00,33,1,2786,12888.5,12889.5,12885.75,12886.5,111,NQ.v.0
2021-03-31 07:24:00+00:00,33,1,2786,12886.5,12888.25,12883.0,12888.25,127,NQ.v.0
2021-03-31 07:25:00+00:00,33,1,2786,12887.75,12891.5,12887.5,12890.75,108,NQ.v.0
2021-03-31 07:26:00+00:00,33,1,2786,12891.0,12892.5,12890.25,12892.0,112,NQ.v.0
2021-03-31 07:27:00+00:00,33,1,2786,12892.0,12893.0,12889.75,12890.5,93,NQ.v.0
2021-03-31 07:28:00+00:00,33,1,2786,12890.75,12892.5,12890.75,12891.5,38,NQ.v.0
2021-03-31 07:29:00+00:00,33,1,2786,12891.5,12892.75,12890.25,12892.25,38,NQ.v.0
2021-03-31 07:30:00+00:00,33,1,2786,12892.0,12893.0,12886.75,12887.0,110,NQ.v.0
2021-03-31 07:31:00+00:00,33,1,2786,12886.75,12890.5,12885.25,12890.25,102,NQ.v.0
2021-03-31 07:32:00+00:00,33,1,2786,12891.0,12893.0,12889.0,12889.0,56,NQ.v.0
2021-03-31 07:33:00+00:00,33,1,2786,12890.25,12891.25,12888.0,12888.75,58,NQ.v.0
2021-03-31 07:34:00+00:00,33,1,2786,12888.0,12890.0,12888.0,12888.5,29,NQ.v.0
2021-03-31 07:35:00+00:00,33,1,2786,12888.75,12889.75,12887.75,12888.0,25,NQ.v.0
2021-03-31 07:36:00+00:00,33,1,2786,12887.5,12889.5,12886.0,12887.5,57,NQ.v.0
2021-03-31 07:37:00+00:00,33,1,2786,12888.25,12890.5,12888.0,12889.75,71,NQ.v.0
2021-03-31 07:38:00+00:00,33,1,2786,12890.0,12891.75,12889.25,12891.0,96,NQ.v.0
2021-03-31 07:39:00+00:00,33,1,2786,12891.0,12895.75,12890.75,12894.75,246,NQ.v.0
2021-03-31 07:40:00+00:00,33,1,2786,12894.25,12894.75,12891.75,12892.75,57,NQ.v.0
2021-03-31 07:41:00+00:00,33,1,2786,12891.75,12892.25,12887.5,12888.25,60,NQ.v.0
2021-03-31 07:42:00+00:00,33,1,2786,12888.25,12889.0,12885.0,12886.5,169,NQ.v.0
2021-03-31 07:43:00+00:00,33,1,2786,12885.75,12890.0,12885.25,12888.5,143,NQ.v.0
2021-03-31 07:44:00+00:00,33,1,2786,12888.25,12888.25,12885.25,12888.0,66,NQ.v.0
2021-03-31 07:45:00+00:00,33,1,2786,12888.0,12893.5,12887.5,12890.75,146,NQ.v.0
2021-03-31 07:46:00+00:00,33,1,2786,12891.0,12892.5,12890.25,12890.75,33,NQ.v.0
2021-03-31 07:47:00+00:00,33,1,2786,12890.75,12891.25,12889.5,12890.0,21,NQ.v.0
2021-03-31 07:48:00+00:00,33,1,2786,12890.75,12890.75,12887.75,12890.5,54,NQ.v.0
2021-03-31 07:49:00+00:00,33,1,2786,12890.0,12891.25,12887.75,12887.75,85,NQ.v.0
2021-03-31 07:50:00+00:00,33,1,2786,12888.0,12892.0,12886.25,12890.75,52,NQ.v.0
2021-03-31 07:51:00+00:00,33,1,2786,12891.0,12897.75,12890.0,12897.25,133,NQ.v.0
2021-03-31 07:52:00+00:00,33,1,2786,12897.25,12899.25,12895.75,12896.75,158,NQ.v.0
2021-03-31 07:53:00+00:00,33,1,2786,12896.25,12896.25,12891.5,12893.25,86,NQ.v.0
2021-03-31 07:54:00+00:00,33,1,2786,12893.75,12894.0,12890.0,12890.25,69,NQ.v.0
2021-03-31 07:55:00+00:00,33,1,2786,12890.0,12894.25,12888.75,12893.5,101,NQ.v.0
2021-03-31 07:56:00+00:00,33,1,2786,12893.25,12897.0,12892.5,12897.0,50,NQ.v.0
2021-03-31 07:57:00+00:00,33,1,2786,12897.0,12898.5,12893.75,12897.75,99,NQ.v.0
2021-03-31 07:58:00+00:00,33,1,2786,12898.0,12898.75,12892.5,12895.5,143,NQ.v.0
2021-03-31 07:59:00+00:00,33,1,2786,12895.5,12896.0,12892.5,12894.25,40,NQ.v.0
2021-03-31 08:00:00+00:00,33,1,2786,12894.75,12903.75,12894.75,12899.75,353,NQ.v.0
2021-03-31 08:01:00+00:00,33,1,2786,12898.5,12903.0,12897.5,12900.5,205,NQ.v.0
2021-03-31 08:02:00+00:00,33,1,2786,12900.5,12901.75,12898.5,12899.0,129,NQ.v.0
2021-03-31 08:03:00+00:00,33,1,2786,12898.75,12905.0,12898.75,12903.5,167,NQ.v.0
2021-03-31 08:04:00+00:00,33,1,2786,12904.0,12907.75,12903.25,12907.0,129,NQ.v.0
2021-03-31 08:05:00+00:00,33,1,2786,12907.5,12909.25,12901.25,12901.5,244,NQ.v.0
2021-03-31 08:06:00+00:00,33,1,2786,12901.5,12904.75,12900.25,12902.5,153,NQ.v.0
2021-03-31 08:07:00+00:00,33,1,2786,12901.25,12907.0,12901.0,12906.75,125,NQ.v.0
2021-03-31 08:08:00+00:00,33,1,2786,12906.75,12907.0,12900.75,12902.25,178,NQ.v.0
2021-03-31 08:09:00+00:00,33,1,2786,12902.5,12902.5,12899.75,12900.5,124,NQ.v.0
2021-03-31 08:10:00+00:00,33,1,2786,12900.75,12903.0,12898.0,12900.0,157,NQ.v.0
2021-03-31 08:11:00+00:00,33,1,2786,12900.0,12901.0,12898.5,12898.5,97,NQ.v.0
2021-03-31 08:12:00+00:00,33,1,2786,12899.0,12900.0,12896.75,12898.75,76,NQ.v.0
2021-03-31 08:13:00+00:00,33,1,2786,12899.5,12903.0,12899.0,12902.25,63,NQ.v.0
2021-03-31 08:14:00+00:00,33,1,2786,12902.25,12902.75,12900.25,12901.0,48,NQ.v.0
2021-03-31 08:15:00+00:00,33,1,2786,12900.75,12901.25,12897.75,12900.75,62,NQ.v.0
2021-03-31 08:16:00+00:00,33,1,2786,12900.75,12901.75,12899.5,12901.0,51,NQ.v.0
2021-03-31 08:17:00+00:00,33,1,2786,12901.5,12902.5,12899.75,12901.0,30,NQ.v.0
2021-03-31 08:18:00+00:00,33,1,2786,12901.0,12904.5,12901.0,12902.5,75,NQ.v.0
2021-03-31 08:19:00+00:00,33,1,2786,12903.5,12904.5,12902.0,12902.75,44,NQ.v.0
2021-03-31 08:20:00+00:00,33,1,2786,12903.0,12905.0,12902.5,12903.75,46,NQ.v.0
2021-03-31 08:21:00+00:00,33,1,2786,12904.0,12905.0,12903.0,12904.0,52,NQ.v.0
2021-03-31 08:22:00+00:00,33,1,2786,12903.5,12903.5,12900.25,12901.25,59,NQ.v.0
2021-03-31 08:23:00+00:00,33,1,2786,12901.75,12903.5,12900.75,12903.5,41,NQ.v.0
2021-03-31 08:24:00+00:00,33,1,2786,12902.5,12902.75,12899.75,12900.75,75,NQ.v.0
2021-03-31 08:25:00+00:00,33,1,2786,12900.75,12906.5,12900.75,12904.75,121,NQ.v.0
2021-03-31 08:26:00+00:00,33,1,2786,12904.75,12905.5,12896.75,12897.0,169,NQ.v.0
2021-03-31 08:27:00+00:00,33,1,2786,12897.0,12900.75,12891.75,12895.75,342,NQ.v.0
2021-03-31 08:28:00+00:00,33,1,2786,12895.0,12895.75,12892.25,12892.5,138,NQ.v.0
2021-03-31 08:29:00+00:00,33,1,2786,12892.75,12892.75,12888.5,12889.75,173,NQ.v.0
2021-03-31 08:30:00+00:00,33,1,2786,12890.25,12892.25,12888.25,12890.75,112,NQ.v.0
2021-03-31 08:31:00+00:00,33,1,2786,12890.0,12891.25,12889.5,12891.25,41,NQ.v.0
2021-03-31 08:32:00+00:00,33,1,2786,12891.5,12894.0,12890.75,12891.5,91,NQ.v.0
2021-03-31 08:33:00+00:00,33,1,2786,12891.75,12894.0,12890.0,12892.0,108,NQ.v.0
2021-03-31 08:34:00+00:00,33,1,2786,12892.5,12893.25,12891.0,12893.0,37,NQ.v.0
2021-03-31 08:35:00+00:00,33,1,2786,12892.75,12892.75,12886.25,12886.5,120,NQ.v.0
2021-03-31 08:36:00+00:00,33,1,2786,12886.75,12888.0,12883.75,12886.25,121,NQ.v.0
2021-03-31 08:37:00+00:00,33,1,2786,12886.25,12886.75,12884.25,12885.0,64,NQ.v.0
2021-03-31 08:38:00+00:00,33,1,2786,12885.0,12887.25,12883.75,12884.75,125,NQ.v.0
2021-03-31 08:39:00+00:00,33,1,2786,12885.25,12891.75,12885.0,12891.25,139,NQ.v.0
2021-03-31 08:40:00+00:00,33,1,2786,12891.5,12893.75,12891.5,12891.75,87,NQ.v.0
2021-03-31 08:41:00+00:00,33,1,2786,12891.5,12893.0,12890.5,12891.5,37,NQ.v.0
2021-03-31 08:42:00+00:00,33,1,2786,12891.75,12893.5,12890.5,12890.75,46,NQ.v.0
2021-03-31 08:43:00+00:00,33,1,2786,12891.5,12892.0,12886.75,12891.75,132,NQ.v.0
2021-03-31 08:44:00+00:00,33,1,2786,12892.0,12893.0,12888.75,12890.5,123,NQ.v.0
2021-03-31 08:45:00+00:00,33,1,2786,12891.0,12891.75,12888.25,12888.5,144,NQ.v.0
2021-03-31 08:46:00+00:00,33,1,2786,12888.75,12890.5,12886.75,12887.5,63,NQ.v.0
2021-03-31 08:47:00+00:00,33,1,2786,12887.25,12891.25,12887.25,12890.25,70,NQ.v.0
2021-03-31 08:48:00+00:00,33,1,2786,12890.5,12895.0,12890.25,12894.5,68,NQ.v.0
2021-03-31 08:49:00+00:00,33,1,2786,12894.25,12894.75,12891.5,12891.5,61,NQ.v.0
2021-03-31 08:50:00+00:00,33,1,2786,12892.0,12894.5,12891.75,12893.25,42,NQ.v.0
2021-03-31 08:51:00+00:00,33,1,2786,12893.0,12894.5,12891.75,12894.5,35,NQ.v.0
2021-03-31 08:52:00+00:00,33,1,2786,12894.5,12899.25,12894.0,12897.75,115,NQ.v.0
2021-03-31 08:53:00+00:00,33,1,2786,12898.25,12900.75,12896.25,12896.25,81,NQ.v.0
2021-03-31 08:54:00+00:00,33,1,2786,12897.25,12902.75,12896.75,12901.25,143,NQ.v.0
2021-03-31 08:55:00+00:00,33,1,2786,12901.5,12902.75,12899.75,12902.0,99,NQ.v.0
2021-03-31 08:56:00+00:00,33,1,2786,12901.75,12906.25,12901.75,12905.75,124,NQ.v.0
2021-03-31 08:57:00+00:00,33,1,2786,12904.75,12907.25,12904.25,12906.0,154,NQ.v.0
2021-03-31 08:58:00+00:00,33,1,2786,12906.0,12907.0,12904.0,12905.5,67,NQ.v.0
2021-03-31 08:59:00+00:00,33,1,2786,12905.25,12905.75,12902.5,12904.25,60,NQ.v.0
2021-03-31 09:00:00+00:00,33,1,2786,12905.0,12906.0,12902.25,12905.25,108,NQ.v.0
2021-03-31 09:01:00+00:00,33,1,2786,12905.0,12905.0,12901.25,12902.5,50,NQ.v.0
2021-03-31 09:02:00+00:00,33,1,2786,12901.5,12903.0,12901.25,12901.5,37,NQ.v.0
2021-03-31 09:03:00+00:00,33,1,2786,12902.25,12903.75,12900.0,12903.0,63,NQ.v.0
2021-03-31 09:04:00+00:00,33,1,2786,12902.75,12902.75,12898.0,12899.5,118,NQ.v.0
2021-03-31 09:05:00+00:00,33,1,2786,12898.5,12900.0,12897.25,12898.5,129,NQ.v.0
2021-03-31 09:06:00+00:00,33,1,2786,12898.5,12898.75,12896.75,12897.25,56,NQ.v.0
2021-03-31 09:07:00+00:00,33,1,2786,12897.25,12901.75,12897.25,12899.0,84,NQ.v.0
2021-03-31 09:08:00+00:00,33,1,2786,12899.75,12900.0,12898.5,12898.75,34,NQ.v.0
2021-03-31 09:09:00+00:00,33,1,2786,12899.0,12900.0,12893.75,12894.25,100,NQ.v.0
2021-03-31 09:10:00+00:00,33,1,2786,12893.75,12897.0,12893.75,12896.25,92,NQ.v.0
2021-03-31 09:11:00+00:00,33,1,2786,12896.25,12897.75,12894.0,12897.75,62,NQ.v.0
2021-03-31 09:12:00+00:00,33,1,2786,12897.25,12898.0,12895.25,12897.0,50,NQ.v.0
2021-03-31 09:13:00+00:00,33,1,2786,12896.25,12896.75,12891.25,12894.0,113,NQ.v.0
2021-03-31 09:14:00+00:00,33,1,2786,12894.5,12897.0,12893.75,12895.5,62,NQ.v.0
2021-03-31 09:15:00+00:00,33,1,2786,12896.0,12896.0,12893.75,12894.5,24,NQ.v.0
2021-03-31 09:16:00+00:00,33,1,2786,12894.75,12896.25,12894.0,12896.0,33,NQ.v.0
2021-03-31 09:17:00+00:00,33,1,2786,12895.25,12897.0,12895.25,12896.5,19,NQ.v.0
2021-03-31 09:18:00+00:00,33,1,2786,12897.0,12898.0,12896.25,12897.0,33,NQ.v.0
2021-03-31 09:19:00+00:00,33,1,2786,12896.75,12897.75,12895.0,12895.0,33,NQ.v.0
2021-03-31 09:20:00+00:00,33,1,2786,12895.0,12900.5,12895.0,12899.25,78,NQ.v.0
2021-03-31 09:21:00+00:00,33,1,2786,12900.0,12901.25,12897.5,12899.25,99,NQ.v.0
2021-03-31 09:22:00+00:00,33,1,2786,12900.5,12902.75,12898.25,12900.25,101,NQ.v.0
2021-03-31 09:23:00+00:00,33,1,2786,12900.75,12902.75,12900.75,12901.75,32,NQ.v.0
2021-03-31 09:24:00+00:00,33,1,2786,12902.25,12904.0,12899.5,12899.5,63,NQ.v.0
2021-03-31 09:25:00+00:00,33,1,2786,12899.75,12900.0,12896.0,12898.25,61,NQ.v.0
2021-03-31 09:26:00+00:00,33,1,2786,12898.25,12899.0,12897.75,12898.0,8,NQ.v.0
2021-03-31 09:27:00+00:00,33,1,2786,12897.75,12897.75,12892.75,12895.0,141,NQ.v.0
2021-03-31 09:28:00+00:00,33,1,2786,12895.25,12897.75,12894.5,12897.75,46,NQ.v.0
2021-03-31 09:29:00+00:00,33,1,2786,12897.75,12898.25,12897.0,12897.0,8,NQ.v.0
2021-03-31 09:30:00+00:00,33,1,2786,12896.75,12897.75,12896.25,12896.75,24,NQ.v.0
2021-03-31 09:31:00+00:00,33,1,2786,12897.25,12897.5,12893.5,12894.0,53,NQ.v.0
2021-03-31 09:32:00+00:00,33,1,2786,12894.75,12895.5,12893.5,12895.25,23,NQ.v.0
2021-03-31 09:33:00+00:00,33,1,2786,12895.75,12896.25,12892.25,12893.5,52,NQ.v.0
2021-03-31 09:34:00+00:00,33,1,2786,12893.5,12894.5,12893.5,12893.5,13,NQ.v.0
2021-03-31 09:35:00+00:00,33,1,2786,12893.0,12896.0,12892.75,12895.5,33,NQ.v.0
2021-03-31 09:36:00+00:00,33,1,2786,12895.25,12899.0,12895.25,12898.25,37,NQ.v.0
2021-03-31 09:37:00+00:00,33,1,2786,12898.0,12899.0,12898.0,12898.75,21,NQ.v.0
2021-03-31 09:38:00+00:00,33,1,2786,12898.75,12899.5,12896.5,12899.25,38,NQ.v.0
2021-03-31 09:39:00+00:00,33,1,2786,12899.0,12902.75,12898.0,12902.0,68,NQ.v.0
2021-03-31 09:40:00+00:00,33,1,2786,12902.5,12903.25,12900.75,12900.75,40,NQ.v.0
2021-03-31 09:41:00+00:00,33,1,2786,12900.5,12901.75,12898.75,12900.25,38,NQ.v.0
2021-03-31 09:42:00+00:00,33,1,2786,12899.75,12901.5,12898.5,12899.25,56,NQ.v.0
2021-03-31 09:43:00+00:00,33,1,2786,12901.0,12901.0,12897.75,12898.75,65,NQ.v.0
2021-03-31 09:44:00+00:00,33,1,2786,12898.75,12901.5,12898.5,12900.75,76,NQ.v.0
2021-03-31 09:45:00+00:00,33,1,2786,12901.0,12903.75,12899.5,12903.0,58,NQ.v.0
2021-03-31 09:46:00+00:00,33,1,2786,12903.0,12912.75,12902.5,12910.75,539,NQ.v.0
2021-03-31 09:47:00+00:00,33,1,2786,12910.75,12918.0,12909.75,12916.0,278,NQ.v.0
2021-03-31 09:48:00+00:00,33,1,2786,12916.0,12919.75,12914.75,12918.5,239,NQ.v.0
2021-03-31 09:49:00+00:00,33,1,2786,12917.25,12922.0,12917.25,12919.25,273,NQ.v.0
2021-03-31 09:50:00+00:00,33,1,2786,12919.5,12923.5,12917.75,12922.0,350,NQ.v.0
2021-03-31 09:51:00+00:00,33,1,2786,12922.0,12923.25,12920.0,12921.25,108,NQ.v.0
2021-03-31 09:52:00+00:00,33,1,2786,12920.75,12928.0,12920.75,12926.75,371,NQ.v.0
2021-03-31 09:53:00+00:00,33,1,2786,12926.75,12930.0,12925.25,12928.75,277,NQ.v.0
2021-03-31 09:54:00+00:00,33,1,2786,12928.25,12928.5,12924.0,12924.25,141,NQ.v.0
2021-03-31 09:55:00+00:00,33,1,2786,12924.0,12927.75,12923.25,12924.25,189,NQ.v.0
2021-03-31 09:56:00+00:00,33,1,2786,12924.25,12925.75,12923.0,12924.0,88,NQ.v.0
2021-03-31 09:57:00+00:00,33,1,2786,12923.75,12925.0,12921.0,12922.25,128,NQ.v.0
2021-03-31 09:58:00+00:00,33,1,2786,12922.5,12924.0,12922.0,12922.25,34,NQ.v.0
2021-03-31 09:59:00+00:00,33,1,2786,12922.5,12925.25,12922.0,12924.5,61,NQ.v.0
2021-03-31 10:00:00+00:00,33,1,2786,12923.75,12925.75,12923.5,12925.5,101,NQ.v.0
2021-03-31 10:01:00+00:00,33,1,2786,12925.5,12927.0,12922.25,12923.5,140,NQ.v.0
2021-03-31 10:02:00+00:00,33,1,2786,12924.0,12926.75,12922.75,12925.75,99,NQ.v.0
2021-03-31 10:03:00+00:00,33,1,2786,12925.75,12926.5,12921.5,12925.75,258,NQ.v.0
2021-03-31 10:04:00+00:00,33,1,2786,12925.5,12934.0,12925.5,12928.0,420,NQ.v.0
2021-03-31 10:05:00+00:00,33,1,2786,12928.0,12928.25,12926.0,12928.25,103,NQ.v.0
2021-03-31 10:06:00+00:00,33,1,2786,12929.0,12930.0,12926.25,12926.5,88,NQ.v.0
2021-03-31 10:07:00+00:00,33,1,2786,12926.25,12927.0,12924.25,12924.75,98,NQ.v.0
2021-03-31 10:08:00+00:00,33,1,2786,12925.25,12926.5,12922.0,12925.5,131,NQ.v.0
2021-03-31 10:09:00+00:00,33,1,2786,12926.0,12927.25,12923.75,12924.25,28,NQ.v.0
2021-03-31 10:10:00+00:00,33,1,2786,12924.25,12924.75,12922.5,12923.75,128,NQ.v.0
2021-03-31 10:11:00+00:00,33,1,2786,12924.0,12925.75,12922.5,12925.5,74,NQ.v.0
2021-03-31 10:12:00+00:00,33,1,2786,12925.5,12926.0,12923.25,12923.75,40,NQ.v.0
2021-03-31 10:13:00+00:00,33,1,2786,12924.25,12925.0,12923.5,12924.5,36,NQ.v.0
2021-03-31 10:14:00+00:00,33,1,2786,12924.25,12929.0,12924.0,12928.25,116,NQ.v.0
2021-03-31 10:15:00+00:00,33,1,2786,12929.0,12929.0,12926.0,12927.5,51,NQ.v.0
2021-03-31 10:16:00+00:00,33,1,2786,12927.5,12929.0,12926.75,12928.25,46,NQ.v.0
2021-03-31 10:17:00+00:00,33,1,2786,12928.5,12931.5,12925.25,12925.5,162,NQ.v.0
2021-03-31 10:18:00+00:00,33,1,2786,12925.5,12930.0,12925.25,12925.5,91,NQ.v.0
2021-03-31 10:19:00+00:00,33,1,2786,12925.75,12926.0,12923.5,12925.5,76,NQ.v.0
2021-03-31 10:20:00+00:00,33,1,2786,12925.75,12928.0,12924.75,12926.75,93,NQ.v.0
2021-03-31 10:21:00+00:00,33,1,2786,12927.0,12928.0,12926.25,12926.75,20,NQ.v.0
2021-03-31 10:22:00+00:00,33,1,2786,12927.75,12931.0,12927.75,12931.0,121,NQ.v.0
2021-03-31 10:23:00+00:00,33,1,2786,12931.25,12938.5,12930.0,12934.5,357,NQ.v.0
2021-03-31 10:24:00+00:00,33,1,2786,12935.0,12939.25,12934.5,12937.75,208,NQ.v.0
2021-03-31 10:25:00+00:00,33,1,2786,12937.0,12942.5,12935.0,12941.5,214,NQ.v.0
2021-03-31 10:26:00+00:00,33,1,2786,12942.0,12950.0,12941.25,12944.75,710,NQ.v.0
2021-03-31 10:27:00+00:00,33,1,2786,12945.0,12945.5,12942.0,12942.5,108,NQ.v.0
2021-03-31 10:28:00+00:00,33,1,2786,12942.0,12946.5,12940.5,12944.0,161,NQ.v.0
2021-03-31 10:29:00+00:00,33,1,2786,12943.75,12948.5,12943.25,12945.25,257,NQ.v.0
2021-03-31 10:30:00+00:00,33,1,2786,12944.75,12947.5,12944.0,12945.5,194,NQ.v.0
2021-03-31 10:31:00+00:00,33,1,2786,12945.0,12945.0,12943.0,12943.75,49,NQ.v.0
2021-03-31 10:32:00+00:00,33,1,2786,12943.75,12948.25,12943.75,12948.0,207,NQ.v.0
2021-03-31 10:33:00+00:00,33,1,2786,12948.25,12948.75,12946.25,12947.0,89,NQ.v.0
2021-03-31 10:34:00+00:00,33,1,2786,12946.75,12951.25,12946.75,12951.0,321,NQ.v.0
2021-03-31 10:35:00+00:00,33,1,2786,12951.25,12953.5,12948.75,12949.5,254,NQ.v.0
2021-03-31 10:36:00+00:00,33,1,2786,12949.75,12950.75,12948.5,12949.75,113,NQ.v.0
2021-03-31 10:37:00+00:00,33,1,2786,12949.25,12951.5,12949.25,12950.5,62,NQ.v.0
2021-03-31 10:38:00+00:00,33,1,2786,12951.25,12953.25,12949.75,12949.75,116,NQ.v.0
2021-03-31 10:39:00+00:00,33,1,2786,12949.75,12957.75,12949.25,12951.5,381,NQ.v.0
2021-03-31 10:40:00+00:00,33,1,2786,12951.25,12953.75,12949.75,12953.0,172,NQ.v.0
2021-03-31 10:41:00+00:00,33,1,2786,12952.75,12957.75,12949.25,12956.5,203,NQ.v.0
2021-03-31 10:42:00+00:00,33,1,2786,12957.5,12962.75,12956.0,12960.75,340,NQ.v.0
2021-03-31 10:43:00+00:00,33,1,2786,12961.0,12965.75,12959.5,12964.25,276,NQ.v.0
2021-03-31 10:44:00+00:00,33,1,2786,12964.5,12968.75,12962.5,12966.0,325,NQ.v.0
2021-03-31 10:45:00+00:00,33,1,2786,12966.5,12970.0,12963.75,12964.5,323,NQ.v.0
2021-03-31 10:46:00+00:00,33,1,2786,12964.25,12965.0,12960.75,12963.5,305,NQ.v.0
2021-03-31 10:47:00+00:00,33,1,2786,12964.0,12967.0,12963.0,12966.0,265,NQ.v.0
2021-03-31 10:48:00+00:00,33,1,2786,12966.0,12968.0,12966.0,12967.75,146,NQ.v.0
2021-03-31 10:49:00+00:00,33,1,2786,12968.25,12969.5,12963.75,12965.0,237,NQ.v.0
2021-03-31 10:50:00+00:00,33,1,2786,12964.5,12965.25,12961.5,12962.75,226,NQ.v.0
2021-03-31 10:51:00+00:00,33,1,2786,12962.5,12964.0,12961.25,12962.5,93,NQ.v.0
2021-03-31 10:52:00+00:00,33,1,2786,12962.0,12963.0,12961.5,12962.0,87,NQ.v.0
2021-03-31 10:53:00+00:00,33,1,2786,12961.75,12965.0,12961.25,12962.5,145,NQ.v.0
2021-03-31 10:54:00+00:00,33,1,2786,12962.25,12962.75,12959.25,12960.0,141,NQ.v.0
2021-03-31 10:55:00+00:00,33,1,2786,12960.0,12960.0,12956.5,12957.0,274,NQ.v.0
2021-03-31 10:56:00+00:00,33,1,2786,12956.75,12958.25,12955.5,12957.75,145,NQ.v.0
2021-03-31 10:57:00+00:00,33,1,2786,12957.5,12960.0,12956.75,12958.0,133,NQ.v.0
2021-03-31 10:58:00+00:00,33,1,2786,12958.0,12959.25,12956.5,12958.75,125,NQ.v.0
2021-03-31 10:59:00+00:00,33,1,2786,12958.75,12961.25,12957.5,12958.5,87,NQ.v.0
2021-03-31 11:00:00+00:00,33,1,2786,12958.25,12958.75,12953.5,12954.25,335,NQ.v.0
2021-03-31 11:01:00+00:00,33,1,2786,12954.25,12955.5,12952.25,12953.5,170,NQ.v.0
2021-03-31 11:02:00+00:00,33,1,2786,12953.75,12954.5,12952.25,12953.75,138,NQ.v.0
2021-03-31 11:03:00+00:00,33,1,2786,12953.25,12954.5,12951.25,12951.75,120,NQ.v.0
2021-03-31 11:04:00+00:00,33,1,2786,12951.5,12954.25,12949.75,12953.25,174,NQ.v.0
2021-03-31 11:05:00+00:00,33,1,2786,12953.25,12954.75,12950.75,12951.5,221,NQ.v.0
2021-03-31 11:06:00+00:00,33,1,2786,12950.75,12951.75,12950.25,12950.75,81,NQ.v.0
2021-03-31 11:07:00+00:00,33,1,2786,12951.25,12952.5,12950.0,12950.0,86,NQ.v.0
2021-03-31 11:08:00+00:00,33,1,2786,12950.75,12951.0,12949.0,12951.0,72,NQ.v.0
2021-03-31 11:09:00+00:00,33,1,2786,12950.5,12952.25,12949.0,12950.25,121,NQ.v.0
2021-03-31 11:10:00+00:00,33,1,2786,12950.75,12953.25,12949.5,12951.5,187,NQ.v.0
2021-03-31 11:11:00+00:00,33,1,2786,12951.5,12952.25,12949.5,12950.75,131,NQ.v.0
2021-03-31 11:12:00+00:00,33,1,2786,12950.75,12950.75,12946.5,12946.5,170,NQ.v.0
2021-03-31 11:13:00+00:00,33,1,2786,12946.5,12948.25,12946.25,12947.25,74,NQ.v.0
2021-03-31 11:14:00+00:00,33,1,2786,12948.25,12949.0,12947.25,12948.0,47,NQ.v.0
2021-03-31 11:15:00+00:00,33,1,2786,12948.25,12952.0,12947.25,12951.25,90,NQ.v.0
2021-03-31 11:16:00+00:00,33,1,2786,12951.0,12954.25,12951.0,12953.5,218,NQ.v.0
2021-03-31 11:17:00+00:00,33,1,2786,12953.5,12955.75,12952.0,12955.0,115,NQ.v.0
2021-03-31 11:18:00+00:00,33,1,2786,12955.0,12956.5,12952.5,12952.5,98,NQ.v.0
2021-03-31 11:19:00+00:00,33,1,2786,12953.0,12953.25,12950.0,12951.25,113,NQ.v.0
2021-03-31 11:20:00+00:00,33,1,2786,12952.0,12953.0,12950.75,12952.5,86,NQ.v.0
2021-03-31 11:21:00+00:00,33,1,2786,12952.75,12955.25,12952.25,12955.0,45,NQ.v.0
2021-03-31 11:22:00+00:00,33,1,2786,12954.5,12955.25,12952.75,12952.75,37,NQ.v.0
2021-03-31 11:23:00+00:00,33,1,2786,12953.0,12954.0,12950.75,12951.0,70,NQ.v.0
2021-03-31 11:24:00+00:00,33,1,2786,12951.5,12952.0,12950.0,12950.5,62,NQ.v.0
2021-03-31 11:25:00+00:00,33,1,2786,12950.5,12952.0,12948.75,12952.0,64,NQ.v.0
2021-03-31 11:26:00+00:00,33,1,2786,12952.75,12953.75,12950.5,12950.75,110,NQ.v.0
2021-03-31 11:27:00+00:00,33,1,2786,12951.0,12952.5,12950.25,12952.25,86,NQ.v.0
2021-03-31 11:28:00+00:00,33,1,2786,12950.0,12950.25,12944.25,12945.5,184,NQ.v.0
2021-03-31 11:29:00+00:00,33,1,2786,12945.75,12946.5,12944.5,12946.25,113,NQ.v.0
2021-03-31 11:30:00+00:00,33,1,2786,12946.75,12948.5,12945.75,12948.5,86,NQ.v.0
2021-03-31 11:31:00+00:00,33,1,2786,12948.75,12950.5,12947.25,12949.5,80,NQ.v.0
2021-03-31 11:32:00+00:00,33,1,2786,12949.25,12950.25,12947.0,12947.75,55,NQ.v.0
2021-03-31 11:33:00+00:00,33,1,2786,12948.25,12950.75,12947.5,12949.75,56,NQ.v.0
2021-03-31 11:34:00+00:00,33,1,2786,12949.75,12951.0,12948.0,12948.5,50,NQ.v.0
2021-03-31 11:35:00+00:00,33,1,2786,12948.75,12951.25,12948.0,12950.75,51,NQ.v.0
2021-03-31 11:36:00+00:00,33,1,2786,12950.75,12953.0,12950.5,12953.0,131,NQ.v.0
2021-03-31 11:37:00+00:00,33,1,2786,12953.5,12955.0,12952.5,12954.75,139,NQ.v.0
2021-03-31 11:38:00+00:00,33,1,2786,12955.0,12958.75,12954.5,12958.25,152,NQ.v.0
2021-03-31 11:39:00+00:00,33,1,2786,12958.25,12959.5,12955.25,12955.75,201,NQ.v.0
2021-03-31 11:40:00+00:00,33,1,2786,12956.0,12957.5,12953.75,12955.0,87,NQ.v.0
2021-03-31 11:41:00+00:00,33,1,2786,12955.25,12957.5,12953.5,12954.25,102,NQ.v.0
2021-03-31 11:42:00+00:00,33,1,2786,12954.0,12954.5,12951.75,12952.5,72,NQ.v.0
2021-03-31 11:43:00+00:00,33,1,2786,12953.0,12954.25,12952.5,12954.0,26,NQ.v.0
2021-03-31 11:44:00+00:00,33,1,2786,12954.25,12955.5,12951.25,12952.25,99,NQ.v.0
2021-03-31 11:45:00+00:00,33,1,2786,12952.75,12955.0,12952.25,12954.75,51,NQ.v.0
2021-03-31 11:46:00+00:00,33,1,2786,12954.5,12956.5,12954.25,12955.0,119,NQ.v.0
2021-03-31 11:47:00+00:00,33,1,2786,12955.5,12958.25,12955.25,12956.75,99,NQ.v.0
2021-03-31 11:48:00+00:00,33,1,2786,12956.0,12958.75,12956.0,12957.25,69,NQ.v.0
2021-03-31 11:49:00+00:00,33,1,2786,12957.5,12958.0,12956.25,12958.0,42,NQ.v.0
2021-03-31 11:50:00+00:00,33,1,2786,12958.25,12958.75,12953.25,12953.5,128,NQ.v.0
2021-03-31 11:51:00+00:00,33,1,2786,12953.25,12954.25,12952.5,12954.0,51,NQ.v.0
2021-03-31 11:52:00+00:00,33,1,2786,12952.5,12955.25,12952.5,12954.25,36,NQ.v.0
2021-03-31 11:53:00+00:00,33,1,2786,12954.5,12955.0,12953.75,12954.5,25,NQ.v.0
2021-03-31 11:54:00+00:00,33,1,2786,12954.75,12955.75,12951.0,12951.75,120,NQ.v.0
2021-03-31 11:55:00+00:00,33,1,2786,12951.0,12955.25,12950.25,12954.0,74,NQ.v.0
2021-03-31 11:56:00+00:00,33,1,2786,12954.75,12955.0,12953.25,12953.25,41,NQ.v.0
2021-03-31 11:57:00+00:00,33,1,2786,12953.75,12955.25,12953.5,12955.0,27,NQ.v.0
2021-03-31 11:58:00+00:00,33,1,2786,12954.75,12956.5,12953.75,12954.0,58,NQ.v.0
2021-03-31 11:59:00+00:00,33,1,2786,12953.25,12954.0,12951.25,12951.25,65,NQ.v.0
2021-03-31 12:00:00+00:00,33,1,2786,12952.0,12957.5,12951.75,12956.75,191,NQ.v.0
2021-03-31 12:01:00+00:00,33,1,2786,12956.75,12956.75,12954.0,12955.25,137,NQ.v.0
2021-03-31 12:02:00+00:00,33,1,2786,12955.0,12955.75,12952.75,12953.25,87,NQ.v.0
2021-03-31 12:03:00+00:00,33,1,2786,12953.75,12954.75,12951.0,12951.0,81,NQ.v.0
2021-03-31 12:04:00+00:00,33,1,2786,12951.0,12952.0,12947.5,12950.75,204,NQ.v.0
2021-03-31 12:05:00+00:00,33,1,2786,12951.25,12952.0,12949.25,12950.5,146,NQ.v.0
2021-03-31 12:06:00+00:00,33,1,2786,12950.25,12956.25,12949.5,12956.0,90,NQ.v.0
2021-03-31 12:07:00+00:00,33,1,2786,12955.5,12957.5,12954.0,12954.75,127,NQ.v.0
2021-03-31 12:08:00+00:00,33,1,2786,12954.0,12962.5,12954.0,12960.5,503,NQ.v.0
2021-03-31 12:09:00+00:00,33,1,2786,12960.75,12961.0,12958.5,12959.0,94,NQ.v.0
2021-03-31 12:10:00+00:00,33,1,2786,12959.5,12960.5,12958.25,12958.5,68,NQ.v.0
2021-03-31 12:11:00+00:00,33,1,2786,12958.75,12964.5,12958.75,12964.0,160,NQ.v.0
2021-03-31 12:12:00+00:00,33,1,2786,12964.0,12964.75,12962.25,12963.5,125,NQ.v.0
2021-03-31 12:13:00+00:00,33,1,2786,12963.25,12963.75,12961.75,12963.25,64,NQ.v.0
2021-03-31 12:14:00+00:00,33,1,2786,12963.75,12966.25,12959.5,12961.25,227,NQ.v.0
2021-03-31 12:15:00+00:00,33,1,2786,12961.25,12967.25,12961.25,12964.75,279,NQ.v.0
2021-03-31 12:16:00+00:00,33,1,2786,12964.5,12973.25,12964.25,12972.0,542,NQ.v.0
2021-03-31 12:17:00+00:00,33,1,2786,12970.75,12976.75,12969.0,12974.25,637,NQ.v.0
2021-03-31 12:18:00+00:00,33,1,2786,12974.0,12974.25,12970.0,12972.25,220,NQ.v.0
2021-03-31 12:19:00+00:00,33,1,2786,12973.25,12973.75,12970.75,12971.0,89,NQ.v.0
2021-03-31 12:20:00+00:00,33,1,2786,12971.75,12974.0,12969.0,12969.75,268,NQ.v.0
2021-03-31 12:21:00+00:00,33,1,2786,12969.5,12972.0,12969.25,12969.5,159,NQ.v.0
2021-03-31 12:22:00+00:00,33,1,2786,12969.5,12970.25,12961.75,12964.5,381,NQ.v.0
2021-03-31 12:23:00+00:00,33,1,2786,12963.75,12965.0,12958.5,12961.25,364,NQ.v.0
2021-03-31 12:24:00+00:00,33,1,2786,12960.5,12962.5,12960.0,12961.75,94,NQ.v.0
2021-03-31 12:25:00+00:00,33,1,2786,12961.25,12963.25,12960.5,12961.25,97,NQ.v.0
2021-03-31 12:26:00+00:00,33,1,2786,12961.75,12962.5,12960.0,12962.0,82,NQ.v.0
2021-03-31 12:27:00+00:00,33,1,2786,12962.25,12964.5,12962.25,12963.25,138,NQ.v.0
2021-03-31 12:28:00+00:00,33,1,2786,12963.5,12964.25,12962.75,12963.5,36,NQ.v.0
2021-03-31 12:29:00+00:00,33,1,2786,12963.75,12964.25,12961.75,12963.75,115,NQ.v.0
2021-03-31 12:30:00+00:00,33,1,2786,12964.25,12968.0,12964.25,12965.25,234,NQ.v.0
2021-03-31 12:31:00+00:00,33,1,2786,12965.0,12968.75,12965.0,12967.75,130,NQ.v.0
2021-03-31 12:32:00+00:00,33,1,2786,12968.25,12968.25,12964.75,12966.0,78,NQ.v.0
2021-03-31 12:33:00+00:00,33,1,2786,12966.0,12966.0,12962.75,12965.0,97,NQ.v.0
2021-03-31 12:34:00+00:00,33,1,2786,12964.75,12966.75,12964.25,12965.75,72,NQ.v.0
2021-03-31 12:35:00+00:00,33,1,2786,12965.75,12966.75,12963.25,12966.25,114,NQ.v.0
2021-03-31 12:36:00+00:00,33,1,2786,12966.5,12967.25,12964.25,12967.0,60,NQ.v.0
2021-03-31 12:37:00+00:00,33,1,2786,12966.5,12973.5,12966.0,12969.75,358,NQ.v.0
2021-03-31 12:38:00+00:00,33,1,2786,12970.0,12973.0,12969.5,12969.75,173,NQ.v.0
2021-03-31 12:39:00+00:00,33,1,2786,12969.5,12972.25,12969.25,12972.25,98,NQ.v.0
2021-03-31 12:40:00+00:00,33,1,2786,12972.25,12976.0,12971.75,12975.0,352,NQ.v.0
2021-03-31 12:41:00+00:00,33,1,2786,12974.75,12978.25,12974.75,12977.5,405,NQ.v.0
2021-03-31 12:42:00+00:00,33,1,2786,12977.25,12980.5,12975.25,12976.25,549,NQ.v.0
2021-03-31 12:43:00+00:00,33,1,2786,12976.25,12979.0,12976.0,12978.0,207,NQ.v.0
2021-03-31 12:44:00+00:00,33,1,2786,12978.0,12979.75,12976.5,12978.75,178,NQ.v.0
2021-03-31 12:45:00+00:00,33,1,2786,12979.0,12980.5,12975.5,12976.0,276,NQ.v.0
2021-03-31 12:46:00+00:00,33,1,2786,12976.0,12978.75,12974.25,12976.25,200,NQ.v.0
2021-03-31 12:47:00+00:00,33,1,2786,12977.0,12977.0,12971.0,12972.5,204,NQ.v.0
2021-03-31 12:48:00+00:00,33,1,2786,12973.0,12974.5,12972.25,12973.75,93,NQ.v.0
2021-03-31 12:49:00+00:00,33,1,2786,12973.5,12974.5,12972.0,12972.5,86,NQ.v.0
2021-03-31 12:50:00+00:00,33,1,2786,12972.25,12973.75,12971.5,12972.0,141,NQ.v.0
2021-03-31 12:51:00+00:00,33,1,2786,12972.25,12974.5,12972.0,12973.0,122,NQ.v.0
2021-03-31 12:52:00+00:00,33,1,2786,12972.75,12974.0,12972.0,12973.25,67,NQ.v.0
2021-03-31 12:53:00+00:00,33,1,2786,12973.5,12974.0,12972.5,12973.25,63,NQ.v.0
2021-03-31 12:54:00+00:00,33,1,2786,12973.25,12973.25,12970.5,12971.75,120,NQ.v.0
2021-03-31 12:55:00+00:00,33,1,2786,12972.0,12972.0,12966.25,12966.25,315,NQ.v.0
2021-03-31 12:56:00+00:00,33,1,2786,12967.0,12968.0,12963.75,12964.0,246,NQ.v.0
2021-03-31 12:57:00+00:00,33,1,2786,12964.0,12967.5,12963.5,12965.25,207,NQ.v.0
2021-03-31 12:58:00+00:00,33,1,2786,12965.5,12968.5,12964.75,12965.0,190,NQ.v.0
2021-03-31 12:59:00+00:00,33,1,2786,12965.0,12965.0,12961.5,12963.75,322,NQ.v.0
2021-03-31 13:00:00+00:00,33,1,2786,12963.5,12963.75,12957.0,12959.75,450,NQ.v.0
2021-03-31 13:01:00+00:00,33,1,2786,12959.75,12964.25,12958.0,12964.0,292,NQ.v.0
2021-03-31 13:02:00+00:00,33,1,2786,12964.0,12964.5,12961.5,12964.0,114,NQ.v.0
2021-03-31 13:03:00+00:00,33,1,2786,12964.5,12967.75,12964.5,12964.75,164,NQ.v.0
2021-03-31 13:04:00+00:00,33,1,2786,12965.0,12966.5,12962.5,12965.0,281,NQ.v.0
2021-03-31 13:05:00+00:00,33,1,2786,12964.75,12967.25,12964.25,12965.0,129,NQ.v.0
2021-03-31 13:06:00+00:00,33,1,2786,12964.5,12964.5,12963.0,12963.5,85,NQ.v.0
2021-03-31 13:07:00+00:00,33,1,2786,12964.0,12964.0,12960.25,12961.75,228,NQ.v.0
2021-03-31 13:08:00+00:00,33,1,2786,12962.0,12963.25,12961.75,12962.0,127,NQ.v.0
2021-03-31 13:09:00+00:00,33,1,2786,12962.0,12964.75,12962.0,12964.25,124,NQ.v.0
2021-03-31 13:10:00+00:00,33,1,2786,12964.25,12965.0,12963.5,12963.5,89,NQ.v.0
2021-03-31 13:11:00+00:00,33,1,2786,12964.0,12964.0,12960.75,12961.25,150,NQ.v.0
2021-03-31 13:12:00+00:00,33,1,2786,12960.75,12961.25,12958.0,12961.0,301,NQ.v.0
2021-03-31 13:13:00+00:00,33,1,2786,12960.75,12962.25,12960.75,12961.0,111,NQ.v.0
2021-03-31 13:14:00+00:00,33,1,2786,12960.75,12961.25,12959.0,12959.5,156,NQ.v.0
2021-03-31 13:15:00+00:00,33,1,2786,12959.5,12961.75,12958.75,12959.25,96,NQ.v.0
2021-03-31 13:16:00+00:00,33,1,2786,12959.5,12960.5,12958.75,12959.0,80,NQ.v.0
2021-03-31 13:17:00+00:00,33,1,2786,12959.0,12960.0,12958.5,12959.5,117,NQ.v.0
2021-03-31 13:18:00+00:00,33,1,2786,12959.25,12961.75,12959.0,12961.25,90,NQ.v.0
2021-03-31 13:19:00+00:00,33,1,2786,12961.5,12964.25,12961.0,12963.75,240,NQ.v.0
2021-03-31 13:20:00+00:00,33,1,2786,12963.75,12966.0,12962.0,12962.25,167,NQ.v.0
2021-03-31 13:21:00+00:00,33,1,2786,12962.0,12964.0,12961.0,12963.25,177,NQ.v.0
2021-03-31 13:22:00+00:00,33,1,2786,12963.5,12965.25,12963.25,12963.75,61,NQ.v.0
2021-03-31 13:23:00+00:00,33,1,2786,12963.25,12963.75,12962.75,12963.0,59,NQ.v.0
2021-03-31 13:24:00+00:00,33,1,2786,12963.0,12967.25,12962.75,12966.5,175,NQ.v.0
2021-03-31 13:25:00+00:00,33,1,2786,12966.75,12968.75,12966.75,12968.75,277,NQ.v.0
2021-03-31 13:26:00+00:00,33,1,2786,12968.5,12969.5,12968.0,12968.75,140,NQ.v.0
2021-03-31 13:27:00+00:00,33,1,2786,12968.5,12970.5,12968.5,12970.25,204,NQ.v.0
2021-03-31 13:28:00+00:00,33,1,2786,12970.0,12971.5,12967.25,12967.5,528,NQ.v.0
2021-03-31 13:29:00+00:00,33,1,2786,12967.5,12968.75,12965.25,12968.0,479,NQ.v.0
2021-03-31 13:30:00+00:00,33,1,2786,12968.0,12968.75,12955.0,12956.5,3156,NQ.v.0
2021-03-31 13:31:00+00:00,33,1,2786,12956.5,12974.25,12953.0,12973.75,2424,NQ.v.0
2021-03-31 13:32:00+00:00,33,1,2786,12973.5,12979.0,12965.25,12967.75,2678,NQ.v.0
2021-03-31 13:33:00+00:00,33,1,2786,12967.5,12973.25,12959.0,12962.0,2106,NQ.v.0
2021-03-31 13:34:00+00:00,33,1,2786,12962.0,12972.5,12960.5,12972.5,1440,NQ.v.0
2021-03-31 13:35:00+00:00,33,1,2786,12972.5,12986.25,12968.5,12984.75,3135,NQ.v.0
2021-03-31 13:36:00+00:00,33,1,2786,12985.0,12992.25,12984.5,12989.75,2471,NQ.v.0
2021-03-31 13:37:00+00:00,33,1,2786,12989.5,12995.0,12983.25,12992.25,1837,NQ.v.0
2021-03-31 13:38:00+00:00,33,1,2786,12992.0,12993.5,12986.75,12989.5,1279,NQ.v.0
2021-03-31 13:39:00+00:00,33,1,2786,12989.75,12996.5,12984.5,12991.75,1839,NQ.v.0
2021-03-31 13:40:00+00:00,33,1,2786,12991.25,13009.5,12991.0,13008.75,3555,NQ.v.0
2021-03-31 13:41:00+00:00,33,1,2786,13008.25,13012.5,13002.25,13008.25,1751,NQ.v.0
2021-03-31 13:42:00+00:00,33,1,2786,13008.25,13015.25,13003.0,13008.75,1746,NQ.v.0
2021-03-31 13:43:00+00:00,33,1,2786,13008.25,13010.25,13001.5,13004.0,1380,NQ.v.0
2021-03-31 13:44:00+00:00,33,1,2786,13003.5,13004.75,13000.0,13000.5,933,NQ.v.0
2021-03-31 13:45:00+00:00,33,1,2786,13001.5,13018.5,13001.5,13014.5,3105,NQ.v.0
2021-03-31 13:46:00+00:00,33,1,2786,13014.5,13015.5,13001.25,13007.5,2464,NQ.v.0
2021-03-31 13:47:00+00:00,33,1,2786,13008.25,13012.75,13003.5,13011.25,1106,NQ.v.0
2021-03-31 13:48:00+00:00,33,1,2786,13011.5,13027.75,13011.25,13027.5,2641,NQ.v.0
2021-03-31 13:49:00+00:00,33,1,2786,13027.5,13032.75,13024.25,13027.75,2031,NQ.v.0
2021-03-31 13:50:00+00:00,33,1,2786,13027.75,13043.5,13027.25,13034.0,3397,NQ.v.0
2021-03-31 13:51:00+00:00,33,1,2786,13034.0,13042.25,13034.0,13041.5,1548,NQ.v.0
2021-03-31 13:52:00+00:00,33,1,2786,13041.5,13046.25,13036.0,13037.0,1785,NQ.v.0
2021-03-31 13:53:00+00:00,33,1,2786,13037.25,13043.25,13029.75,13035.75,2317,NQ.v.0
2021-03-31 13:54:00+00:00,33,1,2786,13036.0,13048.5,13036.0,13042.75,1628,NQ.v.0
2021-03-31 13:55:00+00:00,33,1,2786,13043.5,13048.0,13041.0,13046.0,1160,NQ.v.0
2021-03-31 13:56:00+00:00,33,1,2786,13046.0,13047.0,13038.5,13041.0,1029,NQ.v.0
2021-03-31 13:57:00+00:00,33,1,2786,13040.5,13046.0,13038.25,13041.5,773,NQ.v.0
2021-03-31 13:58:00+00:00,33,1,2786,13041.25,13045.75,13040.75,13042.75,840,NQ.v.0
2021-03-31 13:59:00+00:00,33,1,2786,13042.25,13056.25,13040.5,13051.75,2067,NQ.v.0
2021-03-31 14:00:00+00:00,33,1,2786,13052.0,13071.0,13051.75,13070.0,3615,NQ.v.0
2021-03-31 14:01:00+00:00,33,1,2786,13069.5,13076.25,13069.5,13073.5,2379,NQ.v.0
2021-03-31 14:02:00+00:00,33,1,2786,13073.75,13078.75,13068.75,13070.25,2064,NQ.v.0
2021-03-31 14:03:00+00:00,33,1,2786,13070.0,13075.5,13069.0,13071.0,1543,NQ.v.0
2021-03-31 14:04:00+00:00,33,1,2786,13071.25,13076.0,13067.25,13067.5,1260,NQ.v.0
2021-03-31 14:05:00+00:00,33,1,2786,13067.25,13077.0,13064.75,13073.75,1636,NQ.v.0
2021-03-31 14:06:00+00:00,33,1,2786,13074.0,13084.75,13074.0,13079.75,1858,NQ.v.0
2021-03-31 14:07:00+00:00,33,1,2786,13080.0,13081.25,13076.75,13079.75,1092,NQ.v.0
2021-03-31 14:08:00+00:00,33,1,2786,13079.75,13084.0,13077.0,13082.75,962,NQ.v.0
2021-03-31 14:09:00+00:00,33,1,2786,13082.75,13087.5,13080.25,13084.0,1287,NQ.v.0
2021-03-31 14:10:00+00:00,33,1,2786,13083.75,13086.75,13076.5,13080.5,1583,NQ.v.0
2021-03-31 14:11:00+00:00,33,1,2786,13080.25,13081.25,13074.75,13076.25,1397,NQ.v.0
2021-03-31 14:12:00+00:00,33,1,2786,13076.5,13078.5,13072.5,13075.0,921,NQ.v.0
2021-03-31 14:13:00+00:00,33,1,2786,13075.25,13076.5,13068.25,13070.5,1373,NQ.v.0
2021-03-31 14:14:00+00:00,33,1,2786,13071.0,13078.0,13071.0,13074.25,1087,NQ.v.0
2021-03-31 14:15:00+00:00,33,1,2786,13074.75,13084.0,13074.25,13075.5,2004,NQ.v.0
2021-03-31 14:16:00+00:00,33,1,2786,13075.5,13076.75,13071.0,13071.5,1188,NQ.v.0
2021-03-31 14:17:00+00:00,33,1,2786,13072.0,13079.0,13071.25,13075.75,803,NQ.v.0
2021-03-31 14:18:00+00:00,33,1,2786,13075.75,13080.25,13074.0,13078.75,825,NQ.v.0
2021-03-31 14:19:00+00:00,33,1,2786,13078.75,13085.75,13077.5,13084.75,1208,NQ.v.0
2021-03-31 14:20:00+00:00,33,1,2786,13084.25,13100.75,13084.25,13099.5,3526,NQ.v.0
2021-03-31 14:21:00+00:00,33,1,2786,13099.25,13101.75,13088.25,13089.25,1601,NQ.v.0
2021-03-31 14:22:00+00:00,33,1,2786,13089.25,13091.5,13083.25,13085.25,1310,NQ.v.0
2021-03-31 14:23:00+00:00,33,1,2786,13085.75,13093.75,13084.5,13085.75,1205,NQ.v.0
2021-03-31 14:24:00+00:00,33,1,2786,13085.5,13088.75,13080.5,13085.5,1188,NQ.v.0
2021-03-31 14:25:00+00:00,33,1,2786,13085.5,13090.75,13085.0,13087.5,1230,NQ.v.0
2021-03-31 14:26:00+00:00,33,1,2786,13087.5,13087.5,13077.0,13080.0,1629,NQ.v.0
2021-03-31 14:27:00+00:00,33,1,2786,13080.0,13084.75,13075.5,13083.0,1157,NQ.v.0
2021-03-31 14:28:00+00:00,33,1,2786,13083.0,13083.75,13073.25,13073.75,998,NQ.v.0
2021-03-31 14:29:00+00:00,33,1,2786,13073.5,13077.25,13070.5,13074.75,1456,NQ.v.0
2021-03-31 14:30:00+00:00,33,1,2786,13074.75,13082.0,13074.75,13081.25,1332,NQ.v.0
2021-03-31 14:31:00+00:00,33,1,2786,13081.5,13091.75,13080.25,13088.0,1244,NQ.v.0
2021-03-31 14:32:00+00:00,33,1,2786,13088.5,13090.75,13077.75,13080.75,1136,NQ.v.0
2021-03-31 14:33:00+00:00,33,1,2786,13080.75,13082.5,13077.25,13080.75,668,NQ.v.0
2021-03-31 14:34:00+00:00,33,1,2786,13081.25,13089.0,13079.5,13080.75,1051,NQ.v.0
2021-03-31 14:35:00+00:00,33,1,2786,13080.75,13090.0,13078.25,13088.5,873,NQ.v.0
2021-03-31 14:36:00+00:00,33,1,2786,13088.0,13097.0,13086.75,13095.0,1282,NQ.v.0
2021-03-31 14:37:00+00:00,33,1,2786,13095.25,13099.75,13093.25,13098.75,1156,NQ.v.0
2021-03-31 14:38:00+00:00,33,1,2786,13099.0,13101.25,13093.0,13094.0,1066,NQ.v.0
2021-03-31 14:39:00+00:00,33,1,2786,13093.5,13095.5,13089.25,13094.5,876,NQ.v.0
2021-03-31 14:40:00+00:00,33,1,2786,13094.75,13116.75,13094.75,13115.0,3657,NQ.v.0
2021-03-31 14:41:00+00:00,33,1,2786,13115.25,13123.75,13114.5,13115.75,2180,NQ.v.0
2021-03-31 14:42:00+00:00,33,1,2786,13115.5,13120.0,13113.5,13119.5,1221,NQ.v.0
2021-03-31 14:43:00+00:00,33,1,2786,13119.75,13121.5,13113.0,13114.5,938,NQ.v.0
2021-03-31 14:44:00+00:00,33,1,2786,13115.0,13118.5,13112.5,13116.0,962,NQ.v.0
2021-03-31 14:45:00+00:00,33,1,2786,13115.75,13122.5,13115.75,13122.25,1061,NQ.v.0
2021-03-31 14:46:00+00:00,33,1,2786,13122.25,13123.0,13116.75,13119.5,882,NQ.v.0
2021-03-31 14:47:00+00:00,33,1,2786,13119.75,13121.0,13116.75,13120.75,669,NQ.v.0
2021-03-31 14:48:00+00:00,33,1,2786,13121.0,13122.0,13112.25,13117.75,1391,NQ.v.0
2021-03-31 14:49:00+00:00,33,1,2786,13118.0,13120.25,13110.5,13111.0,893,NQ.v.0
2021-03-31 14:50:00+00:00,33,1,2786,13110.75,13117.75,13108.25,13114.5,1543,NQ.v.0
2021-03-31 14:51:00+00:00,33,1,2786,13114.5,13120.5,13109.75,13120.25,1091,NQ.v.0
2021-03-31 14:52:00+00:00,33,1,2786,13120.75,13126.75,13118.25,13122.5,1645,NQ.v.0
2021-03-31 14:53:00+00:00,33,1,2786,13122.5,13124.0,13116.75,13119.25,739,NQ.v.0
2021-03-31 14:54:00+00:00,33,1,2786,13119.25,13124.0,13118.25,13119.75,697,NQ.v.0
2021-03-31 14:55:00+00:00,33,1,2786,13120.0,13124.75,13116.0,13117.0,928,NQ.v.0
2021-03-31 14:56:00+00:00,33,1,2786,13117.25,13121.75,13114.0,13114.25,806,NQ.v.0
2021-03-31 14:57:00+00:00,33,1,2786,13114.5,13115.0,13110.0,13113.25,1309,NQ.v.0
2021-03-31 14:58:00+00:00,33,1,2786,13113.5,13116.0,13111.25,13112.25,710,NQ.v.0
2021-03-31 14:59:00+00:00,33,1,2786,13112.25,13113.75,13106.0,13106.5,1331,NQ.v.0
2021-03-31 15:00:00+00:00,33,1,2786,13106.25,13115.0,13105.25,13113.25,1454,NQ.v.0
2021-03-31 15:01:00+00:00,33,1,2786,13113.5,13117.0,13113.25,13115.25,685,NQ.v.0
2021-03-31 15:02:00+00:00,33,1,2786,13115.5,13120.75,13113.5,13117.25,923,NQ.v.0
2021-03-31 15:03:00+00:00,33,1,2786,13117.0,13118.0,13106.25,13107.25,885,NQ.v.0
2021-03-31 15:04:00+00:00,33,1,2786,13107.5,13111.0,13105.25,13105.5,666,NQ.v.0
2021-03-31 15:05:00+00:00,33,1,2786,13106.25,13109.75,13103.25,13107.0,1225,NQ.v.0
2021-03-31 15:06:00+00:00,33,1,2786,13107.0,13114.5,13106.25,13110.5,824,NQ.v.0
2021-03-31 15:07:00+00:00,33,1,2786,13110.75,13114.5,13103.75,13105.5,1040,NQ.v.0
2021-03-31 15:08:00+00:00,33,1,2786,13105.25,13108.5,13103.25,13104.75,697,NQ.v.0
2021-03-31 15:09:00+00:00,33,1,2786,13105.0,13108.0,13101.0,13101.25,808,NQ.v.0
2021-03-31 15:10:00+00:00,33,1,2786,13101.75,13105.0,13099.25,13104.5,944,NQ.v.0
2021-03-31 15:11:00+00:00,33,1,2786,13104.75,13113.0,13104.0,13111.25,1209,NQ.v.0
2021-03-31 15:12:00+00:00,33,1,2786,13111.25,13112.5,13106.5,13108.75,763,NQ.v.0
2021-03-31 15:13:00+00:00,33,1,2786,13108.5,13108.5,13105.0,13106.0,577,NQ.v.0
2021-03-31 15:14:00+00:00,33,1,2786,13105.75,13107.0,13101.5,13107.0,951,NQ.v.0
2021-03-31 15:15:00+00:00,33,1,2786,13107.0,13114.75,13107.0,13112.0,1103,NQ.v.0
2021-03-31 15:16:00+00:00,33,1,2786,13112.0,13113.75,13106.75,13109.75,484,NQ.v.0
2021-03-31 15:17:00+00:00,33,1,2786,13109.5,13109.75,13104.25,13106.75,602,NQ.v.0
2021-03-31 15:18:00+00:00,33,1,2786,13107.25,13108.5,13097.25,13099.75,1053,NQ.v.0
2021-03-31 15:19:00+00:00,33,1,2786,13100.25,13104.25,13099.75,13101.0,768,NQ.v.0
2021-03-31 15:20:00+00:00,33,1,2786,13100.5,13103.25,13098.75,13100.75,640,NQ.v.0
2021-03-31 15:21:00+00:00,33,1,2786,13100.75,13105.75,13099.0,13104.5,833,NQ.v.0
2021-03-31 15:22:00+00:00,33,1,2786,13104.5,13109.5,13096.5,13101.25,958,NQ.v.0
2021-03-31 15:23:00+00:00,33,1,2786,13101.25,13102.25,13092.0,13095.0,910,NQ.v.0
2021-03-31 15:24:00+00:00,33,1,2786,13095.75,13102.25,13095.75,13100.5,580,NQ.v.0
2021-03-31 15:25:00+00:00,33,1,2786,13100.5,13104.5,13099.0,13101.75,837,NQ.v.0
2021-03-31 15:26:00+00:00,33,1,2786,13102.0,13106.5,13096.75,13100.5,894,NQ.v.0
2021-03-31 15:27:00+00:00,33,1,2786,13100.0,13103.0,13096.5,13097.75,518,NQ.v.0
2021-03-31 15:28:00+00:00,33,1,2786,13097.75,13098.5,13093.5,13095.75,808,NQ.v.0
2021-03-31 15:29:00+00:00,33,1,2786,13096.25,13103.5,13095.75,13101.0,757,NQ.v.0
2021-03-31 15:30:00+00:00,33,1,2786,13101.25,13117.5,13098.75,13114.5,1642,NQ.v.0
2021-03-31 15:31:00+00:00,33,1,2786,13114.5,13114.75,13106.0,13111.0,796,NQ.v.0
2021-03-31 15:32:00+00:00,33,1,2786,13111.0,13112.75,13106.0,13106.5,503,NQ.v.0
2021-03-31 15:33:00+00:00,33,1,2786,13106.75,13107.0,13096.5,13101.0,1701,NQ.v.0
2021-03-31 15:34:00+00:00,33,1,2786,13101.25,13104.5,13097.5,13102.0,838,NQ.v.0
2021-03-31 15:35:00+00:00,33,1,2786,13102.0,13106.75,13101.0,13103.75,723,NQ.v.0
2021-03-31 15:36:00+00:00,33,1,2786,13104.0,13109.5,13103.0,13105.75,780,NQ.v.0
2021-03-31 15:37:00+00:00,33,1,2786,13106.0,13106.75,13101.25,13105.25,567,NQ.v.0
2021-03-31 15:38:00+00:00,33,1,2786,13105.0,13117.0,13103.5,13116.5,1003,NQ.v.0
2021-03-31 15:39:00+00:00,33,1,2786,13116.25,13117.0,13108.0,13108.75,741,NQ.v.0
2021-03-31 15:40:00+00:00,33,1,2786,13109.0,13113.25,13107.75,13108.75,531,NQ.v.0
2021-03-31 15:41:00+00:00,33,1,2786,13109.0,13109.75,13103.25,13104.25,759,NQ.v.0
2021-03-31 15:42:00+00:00,33,1,2786,13104.5,13108.25,13102.25,13102.75,705,NQ.v.0
2021-03-31 15:43:00+00:00,33,1,2786,13103.0,13105.25,13095.5,13096.5,1039,NQ.v.0
2021-03-31 15:44:00+00:00,33,1,2786,13097.0,13097.0,13090.5,13093.25,1051,NQ.v.0
2021-03-31 15:45:00+00:00,33,1,2786,13093.5,13100.5,13093.5,13097.75,1002,NQ.v.0
2021-03-31 15:46:00+00:00,33,1,2786,13098.0,13111.0,13098.0,13106.75,1360,NQ.v.0
2021-03-31 15:47:00+00:00,33,1,2786,13107.0,13112.5,13105.0,13110.0,724,NQ.v.0
2021-03-31 15:48:00+00:00,33,1,2786,13110.25,13110.25,13103.0,13103.0,652,NQ.v.0
2021-03-31 15:49:00+00:00,33,1,2786,13103.25,13108.75,13103.0,13108.5,344,NQ.v.0
2021-03-31 15:50:00+00:00,33,1,2786,13108.75,13115.25,13108.75,13115.0,1376,NQ.v.0
2021-03-31 15:51:00+00:00,33,1,2786,13115.25,13116.5,13110.5,13111.75,656,NQ.v.0
2021-03-31 15:52:00+00:00,33,1,2786,13111.75,13116.0,13110.5,13115.0,429,NQ.v.0
2021-03-31 15:53:00+00:00,33,1,2786,13114.75,13116.25,13112.75,13115.75,423,NQ.v.0
2021-03-31 15:54:00+00:00,33,1,2786,13116.0,13118.25,13112.75,13117.5,497,NQ.v.0
2021-03-31 15:55:00+00:00,33,1,2786,13118.0,13122.25,13116.0,13117.5,1046,NQ.v.0
2021-03-31 15:56:00+00:00,33,1,2786,13118.0,13118.25,13108.75,13110.0,811,NQ.v.0
2021-03-31 15:57:00+00:00,33,1,2786,13110.25,13115.75,13110.25,13115.0,475,NQ.v.0
2021-03-31 15:58:00+00:00,33,1,2786,13114.75,13119.0,13112.5,13119.0,411,NQ.v.0
2021-03-31 15:59:00+00:00,33,1,2786,13119.25,13123.5,13118.75,13122.25,1058,NQ.v.0
2021-03-31 16:00:00+00:00,33,1,2786,13122.25,13130.25,13121.5,13127.25,1735,NQ.v.0
2021-03-31 16:01:00+00:00,33,1,2786,13127.75,13131.5,13125.0,13130.75,921,NQ.v.0
2021-03-31 16:02:00+00:00,33,1,2786,13130.75,13135.0,13130.5,13132.75,1038,NQ.v.0
2021-03-31 16:03:00+00:00,33,1,2786,13133.0,13134.25,13130.5,13132.5,543,NQ.v.0
2021-03-31 16:04:00+00:00,33,1,2786,13132.5,13134.5,13132.25,13134.5,360,NQ.v.0
2021-03-31 16:05:00+00:00,33,1,2786,13134.5,13135.25,13130.75,13131.75,460,NQ.v.0
2021-03-31 16:06:00+00:00,33,1,2786,13131.25,13132.0,13126.5,13127.5,621,NQ.v.0
2021-03-31 16:07:00+00:00,33,1,2786,13127.5,13128.25,13124.25,13127.0,509,NQ.v.0
2021-03-31 16:08:00+00:00,33,1,2786,13127.5,13132.5,13127.25,13132.25,548,NQ.v.0
2021-03-31 16:09:00+00:00,33,1,2786,13132.0,13132.25,13126.75,13127.75,529,NQ.v.0
2021-03-31 16:10:00+00:00,33,1,2786,13128.0,13128.25,13121.75,13124.5,829,NQ.v.0
2021-03-31 16:11:00+00:00,33,1,2786,13124.75,13130.25,13123.25,13130.0,445,NQ.v.0
2021-03-31 16:12:00+00:00,33,1,2786,13130.5,13131.75,13128.75,13128.75,431,NQ.v.0
2021-03-31 16:13:00+00:00,33,1,2786,13128.75,13130.5,13127.25,13130.25,218,NQ.v.0
2021-03-31 16:14:00+00:00,33,1,2786,13130.5,13131.0,13127.0,13128.5,510,NQ.v.0
2021-03-31 16:15:00+00:00,33,1,2786,13128.75,13133.5,13128.5,13132.0,500,NQ.v.0
2021-03-31 16:16:00+00:00,33,1,2786,13132.25,13137.5,13130.5,13137.25,999,NQ.v.0
2021-03-31 16:17:00+00:00,33,1,2786,13137.5,13137.5,13130.25,13131.0,533,NQ.v.0
2021-03-31 16:18:00+00:00,33,1,2786,13131.0,13132.0,13127.0,13128.75,624,NQ.v.0
2021-03-31 16:19:00+00:00,33,1,2786,13128.75,13131.5,13126.25,13131.5,393,NQ.v.0
2021-03-31 16:20:00+00:00,33,1,2786,13131.75,13133.0,13127.75,13128.5,371,NQ.v.0
2021-03-31 16:21:00+00:00,33,1,2786,13128.75,13132.0,13127.5,13130.0,281,NQ.v.0
2021-03-31 16:22:00+00:00,33,1,2786,13130.25,13134.5,13130.25,13131.25,411,NQ.v.0
2021-03-31 16:23:00+00:00,33,1,2786,13131.0,13134.75,13131.0,13134.0,343,NQ.v.0
2021-03-31 16:24:00+00:00,33,1,2786,13134.0,13138.5,13134.0,13136.25,547,NQ.v.0
2021-03-31 16:25:00+00:00,33,1,2786,13135.75,13138.0,13132.5,13133.75,529,NQ.v.0
2021-03-31 16:26:00+00:00,33,1,2786,13133.75,13136.5,13132.75,13134.0,325,NQ.v.0
2021-03-31 16:27:00+00:00,33,1,2786,13133.75,13135.0,13130.25,13131.75,418,NQ.v.0
2021-03-31 16:28:00+00:00,33,1,2786,13132.25,13133.0,13128.0,13128.75,470,NQ.v.0
2021-03-31 16:29:00+00:00,33,1,2786,13128.25,13132.0,13126.75,13130.75,392,NQ.v.0
2021-03-31 16:30:00+00:00,33,1,2786,13131.0,13137.0,13130.75,13136.5,546,NQ.v.0
2021-03-31 16:31:00+00:00,33,1,2786,13136.75,13140.25,13135.75,13136.0,718,NQ.v.0
2021-03-31 16:32:00+00:00,33,1,2786,13135.75,13139.75,13135.25,13139.25,429,NQ.v.0
2021-03-31 16:33:00+00:00,33,1,2786,13139.75,13140.25,13135.75,13137.25,373,NQ.v.0
2021-03-31 16:34:00+00:00,33,1,2786,13137.5,13138.0,13135.25,13135.25,340,NQ.v.0
2021-03-31 16:35:00+00:00,33,1,2786,13135.25,13136.75,13133.75,13135.75,425,NQ.v.0
2021-03-31 16:36:00+00:00,33,1,2786,13136.0,13139.5,13135.75,13138.5,341,NQ.v.0
2021-03-31 16:37:00+00:00,33,1,2786,13138.75,13141.25,13138.0,13140.5,481,NQ.v.0
2021-03-31 16:38:00+00:00,33,1,2786,13140.75,13145.5,13139.5,13145.0,1023,NQ.v.0
2021-03-31 16:39:00+00:00,33,1,2786,13145.25,13145.5,13142.25,13144.5,594,NQ.v.0
2021-03-31 16:40:00+00:00,33,1,2786,13145.0,13146.75,13143.0,13143.5,774,NQ.v.0
2021-03-31 16:41:00+00:00,33,1,2786,13143.75,13145.25,13142.0,13143.75,485,NQ.v.0
2021-03-31 16:42:00+00:00,33,1,2786,13144.0,13144.75,13142.0,13143.25,433,NQ.v.0
2021-03-31 16:43:00+00:00,33,1,2786,13143.25,13144.25,13141.0,13142.75,389,NQ.v.0
2021-03-31 16:44:00+00:00,33,1,2786,13142.75,13143.25,13137.75,13138.5,560,NQ.v.0
2021-03-31 16:45:00+00:00,33,1,2786,13138.5,13140.75,13136.25,13137.0,758,NQ.v.0
2021-03-31 16:46:00+00:00,33,1,2786,13137.25,13140.0,13135.5,13136.25,348,NQ.v.0
2021-03-31 16:47:00+00:00,33,1,2786,13136.25,13137.0,13133.25,13133.5,485,NQ.v.0
2021-03-31 16:48:00+00:00,33,1,2786,13133.75,13135.75,13133.0,13134.25,437,NQ.v.0
2021-03-31 16:49:00+00:00,33,1,2786,13134.25,13137.0,13133.25,13136.5,491,NQ.v.0
2021-03-31 16:50:00+00:00,33,1,2786,13136.75,13136.75,13131.5,13132.0,466,NQ.v.0
2021-03-31 16:51:00+00:00,33,1,2786,13132.5,13132.75,13129.5,13130.5,477,NQ.v.0
2021-03-31 16:52:00+00:00,33,1,2786,13130.75,13131.25,13127.25,13128.0,450,NQ.v.0
2021-03-31 16:53:00+00:00,33,1,2786,13128.0,13133.5,13128.0,13132.75,391,NQ.v.0
2021-03-31 16:54:00+00:00,33,1,2786,13132.5,13132.75,13130.0,13130.5,306,NQ.v.0
2021-03-31 16:55:00+00:00,33,1,2786,13130.25,13134.5,13129.25,13131.75,553,NQ.v.0
2021-03-31 16:56:00+00:00,33,1,2786,13132.0,13133.25,13129.5,13130.25,307,NQ.v.0
2021-03-31 16:57:00+00:00,33,1,2786,13130.5,13131.75,13128.75,13130.5,282,NQ.v.0
2021-03-31 16:58:00+00:00,33,1,2786,13131.0,13131.5,13126.0,13130.75,539,NQ.v.0
2021-03-31 16:59:00+00:00,33,1,2786,13130.5,13133.75,13129.5,13131.5,349,NQ.v.0
2021-03-31 17:00:00+00:00,33,1,2786,13131.5,13132.25,13126.5,13129.25,419,NQ.v.0
2021-03-31 17:01:00+00:00,33,1,2786,13129.5,13133.25,13129.5,13132.25,409,NQ.v.0
2021-03-31 17:02:00+00:00,33,1,2786,13132.5,13137.25,13128.75,13128.75,810,NQ.v.0
2021-03-31 17:03:00+00:00,33,1,2786,13128.5,13129.0,13123.75,13127.25,807,NQ.v.0
2021-03-31 17:04:00+00:00,33,1,2786,13127.25,13129.75,13122.25,13128.75,929,NQ.v.0
2021-03-31 17:05:00+00:00,33,1,2786,13129.0,13134.75,13129.0,13133.25,604,NQ.v.0
2021-03-31 17:06:00+00:00,33,1,2786,13133.75,13137.25,13133.25,13135.5,458,NQ.v.0
2021-03-31 17:07:00+00:00,33,1,2786,13135.75,13139.25,13135.25,13138.0,664,NQ.v.0
2021-03-31 17:08:00+00:00,33,1,2786,13138.25,13139.75,13136.25,13136.75,493,NQ.v.0
2021-03-31 17:09:00+00:00,33,1,2786,13136.75,13138.25,13134.0,13137.25,361,NQ.v.0
2021-03-31 17:10:00+00:00,33,1,2786,13137.25,13139.75,13136.75,13139.5,580,NQ.v.0
2021-03-31 17:11:00+00:00,33,1,2786,13139.5,13143.5,13137.0,13142.25,525,NQ.v.0
2021-03-31 17:12:00+00:00,33,1,2786,13142.75,13145.75,13142.5,13145.75,374,NQ.v.0
2021-03-31 17:13:00+00:00,33,1,2786,13146.0,13148.0,13142.25,13143.0,938,NQ.v.0
2021-03-31 17:14:00+00:00,33,1,2786,13143.0,13143.5,13140.75,13141.75,491,NQ.v.0
2021-03-31 17:15:00+00:00,33,1,2786,13141.75,13144.75,13139.5,13144.75,516,NQ.v.0
2021-03-31 17:16:00+00:00,33,1,2786,13144.75,13146.0,13143.25,13145.25,307,NQ.v.0
2021-03-31 17:17:00+00:00,33,1,2786,13145.5,13146.5,13143.0,13143.25,303,NQ.v.0
2021-03-31 17:18:00+00:00,33,1,2786,13143.0,13144.5,13142.0,13143.75,306,NQ.v.0
2021-03-31 17:19:00+00:00,33,1,2786,13144.0,13144.5,13140.0,13140.5,297,NQ.v.0
2021-03-31 17:20:00+00:00,33,1,2786,13140.75,13140.75,13134.5,13137.75,619,NQ.v.0
2021-03-31 17:21:00+00:00,33,1,2786,13137.5,13137.5,13131.75,13133.0,533,NQ.v.0
2021-03-31 17:22:00+00:00,33,1,2786,13133.25,13136.5,13132.75,13136.25,271,NQ.v.0
2021-03-31 17:23:00+00:00,33,1,2786,13136.25,13139.75,13135.5,13138.75,376,NQ.v.0
2021-03-31 17:24:00+00:00,33,1,2786,13138.25,13143.0,13137.0,13141.75,452,NQ.v.0
2021-03-31 17:25:00+00:00,33,1,2786,13142.0,13143.5,13140.75,13142.25,329,NQ.v.0
2021-03-31 17:26:00+00:00,33,1,2786,13142.25,13143.5,13141.0,13141.25,167,NQ.v.0
2021-03-31 17:27:00+00:00,33,1,2786,13141.0,13149.25,13141.0,13148.5,708,NQ.v.0
2021-03-31 17:28:00+00:00,33,1,2786,13148.25,13152.0,13146.75,13151.25,846,NQ.v.0
2021-03-31 17:29:00+00:00,33,1,2786,13151.5,13151.5,13146.25,13148.5,496,NQ.v.0
2021-03-31 17:30:00+00:00,33,1,2786,13148.5,13150.5,13147.5,13149.25,258,NQ.v.0
2021-03-31 17:31:00+00:00,33,1,2786,13149.25,13152.75,13148.5,13150.25,507,NQ.v.0
2021-03-31 17:32:00+00:00,33,1,2786,13150.5,13150.75,13146.25,13148.5,416,NQ.v.0
2021-03-31 17:33:00+00:00,33,1,2786,13148.25,13149.75,13146.75,13148.0,345,NQ.v.0
2021-03-31 17:34:00+00:00,33,1,2786,13148.25,13148.5,13144.5,13145.5,396,NQ.v.0
2021-03-31 17:35:00+00:00,33,1,2786,13146.25,13147.0,13142.25,13144.5,556,NQ.v.0
2021-03-31 17:36:00+00:00,33,1,2786,13144.75,13147.5,13144.0,13147.0,378,NQ.v.0
2021-03-31 17:37:00+00:00,33,1,2786,13147.25,13148.5,13145.25,13146.25,284,NQ.v.0
2021-03-31 17:38:00+00:00,33,1,2786,13146.25,13148.5,13143.0,13143.75,669,NQ.v.0
2021-03-31 17:39:00+00:00,33,1,2786,13143.75,13143.75,13136.5,13137.5,1122,NQ.v.0
2021-03-31 17:40:00+00:00,33,1,2786,13137.5,13140.25,13134.0,13134.5,661,NQ.v.0
2021-03-31 17:41:00+00:00,33,1,2786,13134.5,13134.5,13123.5,13125.0,1403,NQ.v.0
2021-03-31 17:42:00+00:00,33,1,2786,13124.5,13125.75,13120.25,13122.25,1335,NQ.v.0
2021-03-31 17:43:00+00:00,33,1,2786,13122.75,13127.0,13122.75,13126.5,561,NQ.v.0
2021-03-31 17:44:00+00:00,33,1,2786,13126.5,13129.0,13124.25,13124.75,576,NQ.v.0
2021-03-31 17:45:00+00:00,33,1,2786,13125.0,13129.75,13124.5,13126.25,468,NQ.v.0
2021-03-31 17:46:00+00:00,33,1,2786,13126.5,13128.75,13122.75,13125.75,591,NQ.v.0
2021-03-31 17:47:00+00:00,33,1,2786,13126.0,13127.25,13123.75,13126.5,416,NQ.v.0
2021-03-31 17:48:00+00:00,33,1,2786,13126.5,13127.5,13123.75,13126.25,324,NQ.v.0
2021-03-31 17:49:00+00:00,33,1,2786,13126.75,13128.0,13124.5,13124.75,304,NQ.v.0
2021-03-31 17:50:00+00:00,33,1,2786,13124.75,13127.75,13122.5,13126.25,433,NQ.v.0
2021-03-31 17:51:00+00:00,33,1,2786,13126.25,13133.5,13126.0,13131.75,648,NQ.v.0
2021-03-31 17:52:00+00:00,33,1,2786,13132.5,13133.75,13129.0,13129.5,485,NQ.v.0
2021-03-31 17:53:00+00:00,33,1,2786,13129.5,13134.25,13129.5,13132.5,376,NQ.v.0
2021-03-31 17:54:00+00:00,33,1,2786,13132.75,13135.75,13132.25,13134.5,324,NQ.v.0
2021-03-31 17:55:00+00:00,33,1,2786,13134.5,13139.0,13133.5,13137.25,631,NQ.v.0
2021-03-31 17:56:00+00:00,33,1,2786,13137.0,13140.75,13136.75,13139.5,427,NQ.v.0
2021-03-31 17:57:00+00:00,33,1,2786,13139.5,13139.75,13133.5,13135.75,351,NQ.v.0
2021-03-31 17:58:00+00:00,33,1,2786,13136.0,13137.75,13130.25,13131.0,402,NQ.v.0
2021-03-31 17:59:00+00:00,33,1,2786,13131.0,13131.0,13125.0,13125.25,840,NQ.v.0
2021-03-31 18:00:00+00:00,33,1,2786,13125.0,13129.5,13113.5,13113.75,1423,NQ.v.0
2021-03-31 18:01:00+00:00,33,1,2786,13113.75,13118.75,13110.75,13114.25,1351,NQ.v.0
2021-03-31 18:02:00+00:00,33,1,2786,13114.5,13115.0,13108.5,13110.0,1282,NQ.v.0
2021-03-31 18:03:00+00:00,33,1,2786,13109.75,13112.5,13108.25,13109.75,679,NQ.v.0
2021-03-31 18:04:00+00:00,33,1,2786,13109.5,13113.75,13107.75,13113.0,466,NQ.v.0
2021-03-31 18:05:00+00:00,33,1,2786,13113.0,13115.5,13104.5,13108.25,974,NQ.v.0
2021-03-31 18:06:00+00:00,33,1,2786,13107.75,13108.25,13103.0,13103.75,958,NQ.v.0
2021-03-31 18:07:00+00:00,33,1,2786,13103.5,13108.0,13101.0,13105.75,886,NQ.v.0
2021-03-31 18:08:00+00:00,33,1,2786,13105.5,13106.75,13102.25,13105.0,544,NQ.v.0
2021-03-31 18:09:00+00:00,33,1,2786,13105.0,13109.25,13104.25,13104.5,526,NQ.v.0
2021-03-31 18:10:00+00:00,33,1,2786,13105.0,13108.75,13101.5,13103.25,520,NQ.v.0
2021-03-31 18:11:00+00:00,33,1,2786,13103.0,13103.25,13095.0,13098.25,1350,NQ.v.0
2021-03-31 18:12:00+00:00,33,1,2786,13098.75,13105.0,13095.75,13097.5,947,NQ.v.0
2021-03-31 18:13:00+00:00,33,1,2786,13097.0,13106.5,13097.0,13104.5,611,NQ.v.0
2021-03-31 18:14:00+00:00,33,1,2786,13104.25,13109.0,13103.25,13105.25,507,NQ.v.0
2021-03-31 18:15:00+00:00,33,1,2786,13105.0,13111.25,13103.5,13108.75,895,NQ.v.0
2021-03-31 18:16:00+00:00,33,1,2786,13108.0,13111.25,13105.5,13108.75,616,NQ.v.0
2021-03-31 18:17:00+00:00,33,1,2786,13108.25,13108.75,13103.0,13105.25,452,NQ.v.0
2021-03-31 18:18:00+00:00,33,1,2786,13105.25,13110.0,13105.25,13107.5,491,NQ.v.0
2021-03-31 18:19:00+00:00,33,1,2786,13107.25,13110.5,13104.25,13106.5,358,NQ.v.0
2021-03-31 18:20:00+00:00,33,1,2786,13106.25,13111.0,13102.25,13110.5,613,NQ.v.0
2021-03-31 18:21:00+00:00,33,1,2786,13109.75,13113.0,13106.5,13112.0,435,NQ.v.0
2021-03-31 18:22:00+00:00,33,1,2786,13111.75,13112.25,13107.0,13107.5,369,NQ.v.0
2021-03-31 18:23:00+00:00,33,1,2786,13107.75,13110.0,13104.5,13107.75,469,NQ.v.0
2021-03-31 18:24:00+00:00,33,1,2786,13108.0,13109.5,13102.5,13105.5,468,NQ.v.0
2021-03-31 18:25:00+00:00,33,1,2786,13105.0,13110.0,13104.0,13108.5,465,NQ.v.0
2021-03-31 18:26:00+00:00,33,1,2786,13108.75,13111.75,13108.25,13109.0,355,NQ.v.0
2021-03-31 18:27:00+00:00,33,1,2786,13108.75,13111.75,13106.5,13107.75,341,NQ.v.0
2021-03-31 18:28:00+00:00,33,1,2786,13107.25,13112.0,13106.5,13111.25,338,NQ.v.0
2021-03-31 18:29:00+00:00,33,1,2786,13110.75,13118.5,13108.25,13115.75,976,NQ.v.0
2021-03-31 18:30:00+00:00,33,1,2786,13115.5,13121.5,13114.75,13115.5,971,NQ.v.0
2021-03-31 18:31:00+00:00,33,1,2786,13115.25,13120.25,13115.25,13117.0,397,NQ.v.0
2021-03-31 18:32:00+00:00,33,1,2786,13116.75,13120.25,13113.5,13120.25,488,NQ.v.0
2021-03-31 18:33:00+00:00,33,1,2786,13120.5,13121.25,13117.5,13119.0,477,NQ.v.0
2021-03-31 18:34:00+00:00,33,1,2786,13118.75,13120.5,13116.0,13119.25,475,NQ.v.0
2021-03-31 18:35:00+00:00,33,1,2786,13119.5,13120.25,13117.0,13118.75,284,NQ.v.0
2021-03-31 18:36:00+00:00,33,1,2786,13118.25,13122.25,13117.75,13121.5,414,NQ.v.0
2021-03-31 18:37:00+00:00,33,1,2786,13121.75,13121.75,13113.5,13116.5,472,NQ.v.0
2021-03-31 18:38:00+00:00,33,1,2786,13116.75,13118.0,13112.5,13117.25,613,NQ.v.0
2021-03-31 18:39:00+00:00,33,1,2786,13117.25,13120.25,13115.25,13116.25,369,NQ.v.0
2021-03-31 18:40:00+00:00,33,1,2786,13115.75,13115.75,13090.0,13096.0,2396,NQ.v.0
2021-03-31 18:41:00+00:00,33,1,2786,13096.5,13102.0,13096.0,13101.75,623,NQ.v.0
2021-03-31 18:42:00+00:00,33,1,2786,13102.0,13114.5,13099.25,13106.75,966,NQ.v.0
2021-03-31 18:43:00+00:00,33,1,2786,13106.75,13108.5,13100.75,13102.25,606,NQ.v.0
2021-03-31 18:44:00+00:00,33,1,2786,13102.75,13104.75,13097.5,13103.75,672,NQ.v.0
2021-03-31 18:45:00+00:00,33,1,2786,13103.75,13107.25,13099.75,13103.5,685,NQ.v.0
2021-03-31 18:46:00+00:00,33,1,2786,13103.25,13106.0,13099.75,13102.0,480,NQ.v.0
2021-03-31 18:47:00+00:00,33,1,2786,13102.5,13106.5,13098.75,13100.0,636,NQ.v.0
2021-03-31 18:48:00+00:00,33,1,2786,13100.0,13107.5,13096.75,13106.75,649,NQ.v.0
2021-03-31 18:49:00+00:00,33,1,2786,13107.25,13109.0,13102.5,13103.25,455,NQ.v.0
2021-03-31 18:50:00+00:00,33,1,2786,13103.0,13105.75,13100.0,13102.5,585,NQ.v.0
2021-03-31 18:51:00+00:00,33,1,2786,13102.0,13107.75,13100.0,13106.75,387,NQ.v.0
2021-03-31 18:52:00+00:00,33,1,2786,13106.25,13115.75,13104.75,13114.25,877,NQ.v.0
2021-03-31 18:53:00+00:00,33,1,2786,13114.25,13114.5,13108.5,13114.25,493,NQ.v.0
2021-03-31 18:54:00+00:00,33,1,2786,13114.25,13119.75,13114.0,13119.5,657,NQ.v.0
2021-03-31 18:55:00+00:00,33,1,2786,13119.0,13128.75,13116.5,13126.5,1214,NQ.v.0
2021-03-31 18:56:00+00:00,33,1,2786,13126.5,13131.0,13125.0,13126.75,749,NQ.v.0
2021-03-31 18:57:00+00:00,33,1,2786,13126.5,13128.25,13125.0,13125.75,360,NQ.v.0
2021-03-31 18:58:00+00:00,33,1,2786,13125.0,13128.25,13119.25,13122.25,781,NQ.v.0
2021-03-31 18:59:00+00:00,33,1,2786,13122.0,13122.0,13111.25,13117.75,889,NQ.v.0
2021-03-31 19:00:00+00:00,33,1,2786,13117.5,13129.25,13115.75,13126.0,1299,NQ.v.0
2021-03-31 19:01:00+00:00,33,1,2786,13126.5,13139.5,13126.25,13138.0,1359,NQ.v.0
2021-03-31 19:02:00+00:00,33,1,2786,13138.0,13143.25,13137.5,13143.25,900,NQ.v.0
2021-03-31 19:03:00+00:00,33,1,2786,13143.25,13148.5,13138.5,13142.75,1176,NQ.v.0
2021-03-31 19:04:00+00:00,33,1,2786,13143.0,13149.0,13140.25,13146.75,980,NQ.v.0
2021-03-31 19:05:00+00:00,33,1,2786,13147.0,13147.0,13136.5,13140.5,863,NQ.v.0
2021-03-31 19:06:00+00:00,33,1,2786,13140.75,13143.75,13140.0,13143.0,625,NQ.v.0
2021-03-31 19:07:00+00:00,33,1,2786,13142.75,13144.75,13136.25,13137.75,691,NQ.v.0
2021-03-31 19:08:00+00:00,33,1,2786,13137.5,13144.5,13136.25,13142.5,668,NQ.v.0
2021-03-31 19:09:00+00:00,33,1,2786,13143.25,13147.5,13142.0,13146.5,726,NQ.v.0
2021-03-31 19:10:00+00:00,33,1,2786,13147.25,13149.0,13139.75,13142.25,775,NQ.v.0
2021-03-31 19:11:00+00:00,33,1,2786,13142.75,13148.75,13142.25,13145.0,717,NQ.v.0
2021-03-31 19:12:00+00:00,33,1,2786,13144.75,13146.5,13140.0,13143.5,619,NQ.v.0
2021-03-31 19:13:00+00:00,33,1,2786,13143.5,13147.0,13140.0,13142.75,458,NQ.v.0
2021-03-31 19:14:00+00:00,33,1,2786,13143.25,13145.0,13140.5,13144.25,433,NQ.v.0
2021-03-31 19:15:00+00:00,33,1,2786,13144.0,13148.25,13143.25,13148.25,512,NQ.v.0
2021-03-31 19:16:00+00:00,33,1,2786,13148.25,13155.0,13146.75,13155.0,1395,NQ.v.0
2021-03-31 19:17:00+00:00,33,1,2786,13154.75,13158.0,13146.0,13146.75,1432,NQ.v.0
2021-03-31 19:18:00+00:00,33,1,2786,13146.5,13147.75,13133.5,13138.5,1432,NQ.v.0
2021-03-31 19:19:00+00:00,33,1,2786,13139.0,13141.25,13133.75,13137.75,896,NQ.v.0
2021-03-31 19:20:00+00:00,33,1,2786,13137.25,13142.25,13134.25,13141.0,822,NQ.v.0
2021-03-31 19:21:00+00:00,33,1,2786,13141.5,13143.25,13139.25,13141.5,535,NQ.v.0
2021-03-31 19:22:00+00:00,33,1,2786,13141.75,13143.75,13138.5,13139.5,569,NQ.v.0
2021-03-31 19:23:00+00:00,33,1,2786,13139.5,13141.5,13137.75,13138.0,579,NQ.v.0
2021-03-31 19:24:00+00:00,33,1,2786,13138.0,13139.75,13132.5,13135.75,801,NQ.v.0
2021-03-31 19:25:00+00:00,33,1,2786,13135.25,13139.25,13131.5,13134.5,647,NQ.v.0
2021-03-31 19:26:00+00:00,33,1,2786,13135.25,13136.5,13128.25,13129.0,717,NQ.v.0
2021-03-31 19:27:00+00:00,33,1,2786,13129.25,13133.0,13126.5,13132.0,556,NQ.v.0
2021-03-31 19:28:00+00:00,33,1,2786,13131.75,13134.75,13130.75,13134.5,386,NQ.v.0
2021-03-31 19:29:00+00:00,33,1,2786,13134.75,13134.75,13124.75,13126.5,748,NQ.v.0
2021-03-31 19:30:00+00:00,33,1,2786,13127.0,13140.0,13126.0,13138.5,1364,NQ.v.0
2021-03-31 19:31:00+00:00,33,1,2786,13139.0,13139.25,13131.0,13135.0,718,NQ.v.0
2021-03-31 19:32:00+00:00,33,1,2786,13135.25,13139.0,13126.75,13130.5,646,NQ.v.0
2021-03-31 19:33:00+00:00,33,1,2786,13130.25,13131.25,13122.5,13123.5,741,NQ.v.0
2021-03-31 19:34:00+00:00,33,1,2786,13123.25,13126.25,13118.5,13125.5,752,NQ.v.0
2021-03-31 19:35:00+00:00,33,1,2786,13125.75,13129.0,13122.0,13122.75,662,NQ.v.0
2021-03-31 19:36:00+00:00,33,1,2786,13123.0,13125.25,13118.25,13123.5,818,NQ.v.0
2021-03-31 19:37:00+00:00,33,1,2786,13123.5,13126.5,13121.5,13122.75,492,NQ.v.0
2021-03-31 19:38:00+00:00,33,1,2786,13123.25,13129.0,13121.5,13128.25,629,NQ.v.0
2021-03-31 19:39:00+00:00,33,1,2786,13128.25,13134.0,13121.25,13122.75,1051,NQ.v.0
2021-03-31 19:40:00+00:00,33,1,2786,13123.0,13124.25,13113.0,13122.5,1605,NQ.v.0
2021-03-31 19:41:00+00:00,33,1,2786,13123.0,13129.75,13123.0,13127.75,856,NQ.v.0
2021-03-31 19:42:00+00:00,33,1,2786,13128.0,13128.5,13123.75,13126.0,620,NQ.v.0
2021-03-31 19:43:00+00:00,33,1,2786,13126.5,13127.0,13117.25,13119.5,767,NQ.v.0
2021-03-31 19:44:00+00:00,33,1,2786,13119.5,13125.25,13110.75,13111.25,1101,NQ.v.0
2021-03-31 19:45:00+00:00,33,1,2786,13111.25,13113.75,13103.75,13106.0,1335,NQ.v.0
2021-03-31 19:46:00+00:00,33,1,2786,13105.75,13117.75,13104.5,13111.0,1325,NQ.v.0
2021-03-31 19:47:00+00:00,33,1,2786,13110.75,13113.25,13108.75,13109.75,822,NQ.v.0
2021-03-31 19:48:00+00:00,33,1,2786,13110.0,13116.25,13109.25,13115.0,849,NQ.v.0
2021-03-31 19:49:00+00:00,33,1,2786,13114.5,13121.0,13108.0,13112.0,1382,NQ.v.0
2021-03-31 19:50:00+00:00,33,1,2786,13112.25,13133.25,13103.5,13130.5,2995,NQ.v.0
2021-03-31 19:51:00+00:00,33,1,2786,13130.75,13138.5,13126.25,13131.5,1993,NQ.v.0
2021-03-31 19:52:00+00:00,33,1,2786,13131.75,13133.0,13118.25,13126.0,1627,NQ.v.0
2021-03-31 19:53:00+00:00,33,1,2786,13126.25,13126.5,13113.25,13117.25,1528,NQ.v.0
2021-03-31 19:54:00+00:00,33,1,2786,13117.0,13117.25,13090.75,13093.5,4067,NQ.v.0
2021-03-31 19:55:00+00:00,33,1,2786,13093.0,13093.0,13070.0,13076.25,5326,NQ.v.0
2021-03-31 19:56:00+00:00,33,1,2786,13076.5,13096.0,13075.75,13091.25,3025,NQ.v.0
2021-03-31 19:57:00+00:00,33,1,2786,13090.5,13095.25,13085.0,13090.25,2099,NQ.v.0
2021-03-31 19:58:00+00:00,33,1,2786,13090.25,13099.5,13084.25,13099.25,2765,NQ.v.0
2021-03-31 19:59:00+00:00,33,1,2786,13099.0,13105.25,13082.75,13084.5,9047,NQ.v.0
2021-03-31 20:00:00+00:00,33,1,2786,13084.75,13104.0,13084.0,13097.75,2630,NQ.v.0
2021-03-31 20:01:00+00:00,33,1,2786,13098.25,13102.0,13092.25,13099.75,1225,NQ.v.0
2021-03-31 20:02:00+00:00,33,1,2786,13100.5,13100.5,13095.5,13098.75,803,NQ.v.0
2021-03-31 20:03:00+00:00,33,1,2786,13098.5,13099.0,13094.0,13096.0,679,NQ.v.0
2021-03-31 20:04:00+00:00,33,1,2786,13096.0,13097.25,13089.5,13095.25,802,NQ.v.0
2021-03-31 20:05:00+00:00,33,1,2786,13094.5,13095.25,13086.0,13089.0,916,NQ.v.0
2021-03-31 20:06:00+00:00,33,1,2786,13088.75,13094.0,13086.0,13093.0,448,NQ.v.0
2021-03-31 20:07:00+00:00,33,1,2786,13093.5,13094.0,13090.25,13093.25,436,NQ.v.0
2021-03-31 20:08:00+00:00,33,1,2786,13092.75,13096.75,13091.5,13092.5,446,NQ.v.0
2021-03-31 20:09:00+00:00,33,1,2786,13092.0,13092.5,13086.5,13088.5,205,NQ.v.0
2021-03-31 20:10:00+00:00,33,1,2786,13087.75,13090.75,13085.25,13085.75,227,NQ.v.0
2021-03-31 20:11:00+00:00,33,1,2786,13086.25,13088.0,13083.25,13087.5,245,NQ.v.0
2021-03-31 20:12:00+00:00,33,1,2786,13086.75,13087.75,13081.0,13083.25,316,NQ.v.0
2021-03-31 20:13:00+00:00,33,1,2786,13082.5,13090.75,13080.5,13088.25,581,NQ.v.0
2021-03-31 20:14:00+00:00,33,1,2786,13088.25,13089.25,13080.5,13085.25,586,NQ.v.0
2021-03-31 20:30:00+00:00,33,1,2786,13085.25,13088.25,13083.25,13088.25,171,NQ.v.0
2021-03-31 20:31:00+00:00,33,1,2786,13087.5,13088.25,13080.25,13084.0,165,NQ.v.0
2021-03-31 20:32:00+00:00,33,1,2786,13083.75,13086.5,13083.75,13086.5,41,NQ.v.0
2021-03-31 20:33:00+00:00,33,1,2786,13085.25,13086.75,13084.5,13085.5,36,NQ.v.0
2021-03-31 20:34:00+00:00,33,1,2786,13085.0,13086.75,13085.0,13085.75,36,NQ.v.0
2021-03-31 20:35:00+00:00,33,1,2786,13086.0,13087.0,13085.25,13085.25,65,NQ.v.0
2021-03-31 20:36:00+00:00,33,1,2786,13085.25,13087.0,13085.0,13085.5,68,NQ.v.0
2021-03-31 20:37:00+00:00,33,1,2786,13085.25,13085.5,13084.0,13085.0,74,NQ.v.0
2021-03-31 20:38:00+00:00,33,1,2786,13085.0,13087.0,13085.0,13086.25,55,NQ.v.0
2021-03-31 20:39:00+00:00,33,1,2786,13086.0,13087.5,13085.5,13085.75,92,NQ.v.0
2021-03-31 20:40:00+00:00,33,1,2786,13085.5,13087.5,13084.0,13084.5,88,NQ.v.0
2021-03-31 20:41:00+00:00,33,1,2786,13084.25,13085.0,13083.75,13085.0,61,NQ.v.0
2021-03-31 20:42:00+00:00,33,1,2786,13084.75,13086.0,13083.75,13085.5,57,NQ.v.0
2021-03-31 20:43:00+00:00,33,1,2786,13085.25,13086.0,13085.0,13085.0,61,NQ.v.0
2021-03-31 20:44:00+00:00,33,1,2786,13085.75,13086.0,13084.5,13084.5,60,NQ.v.0
2021-03-31 20:45:00+00:00,33,1,2786,13084.5,13086.0,13083.25,13086.0,87,NQ.v.0
2021-03-31 20:46:00+00:00,33,1,2786,13086.0,13086.0,13084.5,13084.75,60,NQ.v.0
2021-03-31 20:47:00+00:00,33,1,2786,13084.75,13087.25,13084.25,13086.5,118,NQ.v.0
2021-03-31 20:48:00+00:00,33,1,2786,13086.25,13088.5,13086.0,13088.0,60,NQ.v.0
2021-03-31 20:49:00+00:00,33,1,2786,13088.0,13089.5,13087.0,13088.0,89,NQ.v.0
2021-03-31 20:50:00+00:00,33,1,2786,13088.5,13093.5,13087.0,13088.75,208,NQ.v.0
2021-03-31 20:51:00+00:00,33,1,2786,13088.0,13088.75,13087.0,13087.75,56,NQ.v.0
2021-03-31 20:52:00+00:00,33,1,2786,13087.25,13087.75,13086.0,13087.0,58,NQ.v.0
2021-03-31 20:53:00+00:00,33,1,2786,13086.75,13088.5,13085.5,13086.75,47,NQ.v.0
2021-03-31 20:54:00+00:00,33,1,2786,13087.0,13087.0,13085.25,13085.25,56,NQ.v.0
2021-03-31 20:55:00+00:00,33,1,2786,13085.25,13085.75,13080.0,13083.0,280,NQ.v.0
2021-03-31 20:56:00+00:00,33,1,2786,13083.0,13085.25,13082.0,13084.0,62,NQ.v.0
2021-03-31 20:57:00+00:00,33,1,2786,13084.0,13086.5,13083.0,13086.25,75,NQ.v.0
2021-03-31 20:58:00+00:00,33,1,2786,13086.5,13089.0,13085.75,13088.75,101,NQ.v.0
2021-03-31 20:59:00+00:00,33,1,2786,13088.5,13089.25,13088.0,13089.0,170,NQ.v.0
2021-03-31 22:00:00+00:00,33,1,2786,13094.5,13100.25,13090.25,13096.25,278,NQ.v.0
2021-03-31 22:01:00+00:00,33,1,2786,13096.25,13102.0,13094.25,13100.5,136,NQ.v.0
2021-03-31 22:02:00+00:00,33,1,2786,13100.75,13103.0,13099.75,13103.0,77,NQ.v.0
2021-03-31 22:03:00+00:00,33,1,2786,13103.0,13103.25,13101.0,13102.0,55,NQ.v.0
2021-03-31 22:04:00+00:00,33,1,2786,13102.5,13103.5,13101.5,13103.0,52,NQ.v.0
2021-03-31 22:05:00+00:00,33,1,2786,13103.5,13103.75,13098.0,13101.0,101,NQ.v.0
2021-03-31 22:06:00+00:00,33,1,2786,13100.75,13102.5,13100.25,13101.0,45,NQ.v.0
2021-03-31 22:07:00+00:00,33,1,2786,13100.5,13101.25,13096.5,13100.5,152,NQ.v.0
2021-03-31 22:08:00+00:00,33,1,2786,13100.5,13102.25,13099.0,13101.75,67,NQ.v.0
2021-03-31 22:09:00+00:00,33,1,2786,13102.0,13102.5,13101.0,13101.0,39,NQ.v.0
2021-03-31 22:10:00+00:00,33,1,2786,13101.0,13103.0,13100.5,13100.5,49,NQ.v.0
2021-03-31 22:11:00+00:00,33,1,2786,13101.0,13103.0,13101.0,13101.75,18,NQ.v.0
2021-03-31 22:12:00+00:00,33,1,2786,13102.75,13103.25,13101.0,13102.0,24,NQ.v.0
2021-03-31 22:13:00+00:00,33,1,2786,13101.75,13104.75,13101.75,13103.5,82,NQ.v.0
2021-03-31 22:14:00+00:00,33,1,2786,13104.25,13104.5,13103.75,13103.75,16,NQ.v.0
2021-03-31 22:15:00+00:00,33,1,2786,13103.75,13104.5,13103.75,13104.25,34,NQ.v.0
2021-03-31 22:16:00+00:00,33,1,2786,13104.25,13108.5,13103.75,13107.25,165,NQ.v.0
2021-03-31 22:17:00+00:00,33,1,2786,13107.5,13107.75,13105.25,13107.0,44,NQ.v.0
2021-03-31 22:18:00+00:00,33,1,2786,13107.5,13108.25,13106.5,13107.5,89,NQ.v.0
2021-03-31 22:19:00+00:00,33,1,2786,13107.75,13107.75,13105.75,13107.0,55,NQ.v.0
2021-03-31 22:20:00+00:00,33,1,2786,13107.5,13108.5,13106.75,13108.0,60,NQ.v.0
2021-03-31 22:21:00+00:00,33,1,2786,13108.0,13108.5,13107.5,13108.25,14,NQ.v.0
2021-03-31 22:22:00+00:00,33,1,2786,13108.5,13109.5,13107.75,13108.25,71,NQ.v.0
2021-03-31 22:23:00+00:00,33,1,2786,13108.0,13108.75,13107.75,13108.0,23,NQ.v.0
2021-03-31 22:24:00+00:00,33,1,2786,13108.25,13108.5,13104.0,13106.0,71,NQ.v.0
2021-03-31 22:25:00+00:00,33,1,2786,13105.5,13105.5,13102.75,13104.0,95,NQ.v.0
2021-03-31 22:26:00+00:00,33,1,2786,13104.25,13104.5,13103.25,13104.0,22,NQ.v.0
2021-03-31 22:27:00+00:00,33,1,2786,13104.0,13105.25,13103.75,13104.0,33,NQ.v.0
2021-03-31 22:28:00+00:00,33,1,2786,13105.0,13106.5,13104.5,13106.25,43,NQ.v.0
2021-03-31 22:29:00+00:00,33,1,2786,13106.25,13106.25,13105.0,13105.0,15,NQ.v.0
2021-03-31 22:30:00+00:00,33,1,2786,13105.25,13106.5,13105.25,13105.5,27,NQ.v.0
2021-03-31 22:31:00+00:00,33,1,2786,13106.25,13107.75,13106.0,13107.0,36,NQ.v.0
2021-03-31 22:32:00+00:00,33,1,2786,13107.0,13107.25,13106.0,13106.75,20,NQ.v.0
2021-03-31 22:33:00+00:00,33,1,2786,13107.0,13107.25,13105.25,13105.75,26,NQ.v.0
2021-03-31 22:34:00+00:00,33,1,2786,13105.75,13106.0,13104.25,13104.75,38,NQ.v.0
2021-03-31 22:35:00+00:00,33,1,2786,13105.0,13105.25,13104.0,13105.0,38,NQ.v.0
2021-03-31 22:36:00+00:00,33,1,2786,13105.0,13105.75,13104.0,13104.0,41,NQ.v.0
2021-03-31 22:37:00+00:00,33,1,2786,13104.25,13104.25,13099.25,13100.75,159,NQ.v.0
2021-03-31 22:38:00+00:00,33,1,2786,13101.25,13104.5,13101.0,13104.5,63,NQ.v.0
2021-03-31 22:39:00+00:00,33,1,2786,13105.0,13106.25,13104.5,13105.0,51,NQ.v.0
2021-03-31 22:40:00+00:00,33,1,2786,13104.5,13105.0,13102.25,13103.0,89,NQ.v.0
2021-03-31 22:41:00+00:00,33,1,2786,13103.25,13105.0,13103.25,13104.25,26,NQ.v.0
2021-03-31 22:42:00+00:00,33,1,2786,13104.25,13104.25,13103.5,13103.5,6,NQ.v.0
2021-03-31 22:43:00+00:00,33,1,2786,13103.25,13104.0,13103.0,13103.0,13,NQ.v.0
2021-03-31 22:44:00+00:00,33,1,2786,13103.75,13104.5,13103.75,13104.0,6,NQ.v.0
2021-03-31 22:45:00+00:00,33,1,2786,13104.25,13105.0,13104.25,13104.5,5,NQ.v.0
2021-03-31 22:46:00+00:00,33,1,2786,13105.25,13107.75,13105.25,13107.25,66,NQ.v.0
2021-03-31 22:47:00+00:00,33,1,2786,13107.0,13107.0,13106.5,13106.5,5,NQ.v.0
2021-03-31 22:48:00+00:00,33,1,2786,13107.0,13107.75,13106.25,13107.0,17,NQ.v.0
2021-03-31 22:49:00+00:00,33,1,2786,13106.5,13107.25,13106.5,13107.25,3,NQ.v.0
2021-03-31 22:50:00+00:00,33,1,2786,13107.0,13107.0,13106.25,13106.5,17,NQ.v.0
2021-03-31 22:51:00+00:00,33,1,2786,13107.0,13107.0,13105.5,13105.5,14,NQ.v.0
2021-03-31 22:52:00+00:00,33,1,2786,13105.25,13106.5,13105.25,13106.5,7,NQ.v.0
2021-03-31 22:53:00+00:00,33,1,2786,13106.25,13106.25,13105.0,13105.75,18,NQ.v.0
2021-03-31 22:54:00+00:00,33,1,2786,13105.75,13105.75,13103.75,13103.75,18,NQ.v.0
2021-03-31 22:55:00+00:00,33,1,2786,13104.25,13106.0,13104.25,13105.25,27,NQ.v.0
2021-03-31 22:56:00+00:00,33,1,2786,13105.75,13106.0,13104.75,13105.75,18,NQ.v.0
2021-03-31 22:57:00+00:00,33,1,2786,13105.0,13105.25,13104.5,13104.75,8,NQ.v.0
2021-03-31 22:58:00+00:00,33,1,2786,13105.5,13107.0,13105.5,13106.0,31,NQ.v.0
2021-03-31 22:59:00+00:00,33,1,2786,13105.75,13107.5,13105.75,13106.5,41,NQ.v.0
2021-03-31 23:00:00+00:00,33,1,2786,13106.5,13107.5,13105.5,13105.75,44,NQ.v.0
2021-03-31 23:01:00+00:00,33,1,2786,13105.5,13105.5,13102.25,13103.25,50,NQ.v.0
2021-03-31 23:02:00+00:00,33,1,2786,13103.5,13103.75,13097.5,13100.0,96,NQ.v.0
2021-03-31 23:03:00+00:00,33,1,2786,13099.75,13101.25,13099.75,13101.0,17,NQ.v.0
2021-03-31 23:04:00+00:00,33,1,2786,13100.5,13101.0,13100.0,13100.0,21,NQ.v.0
2021-03-31 23:05:00+00:00,33,1,2786,13099.75,13100.25,13099.25,13099.75,38,NQ.v.0
2021-03-31 23:06:00+00:00,33,1,2786,13100.25,13101.25,13098.25,13099.25,32,NQ.v.0
2021-03-31 23:07:00+00:00,33,1,2786,13098.75,13100.0,13097.25,13098.25,52,NQ.v.0
2021-03-31 23:08:00+00:00,33,1,2786,13098.25,13102.0,13098.25,13101.75,24,NQ.v.0
2021-03-31 23:09:00+00:00,33,1,2786,13101.0,13104.0,13101.0,13103.75,29,NQ.v.0
2021-03-31 23:10:00+00:00,33,1,2786,13103.25,13103.25,13101.0,13102.25,31,NQ.v.0
2021-03-31 23:11:00+00:00,33,1,2786,13101.75,13101.75,13099.25,13100.0,21,NQ.v.0
2021-03-31 23:12:00+00:00,33,1,2786,13100.0,13100.0,13096.25,13097.75,67,NQ.v.0
2021-03-31 23:13:00+00:00,33,1,2786,13097.75,13101.75,13097.5,13101.5,34,NQ.v.0
2021-03-31 23:14:00+00:00,33,1,2786,13102.0,13104.25,13101.25,13103.25,41,NQ.v.0
2021-03-31 23:15:00+00:00,33,1,2786,13103.25,13104.0,13101.0,13102.5,33,NQ.v.0
2021-03-31 23:16:00+00:00,33,1,2786,13103.5,13105.5,13102.75,13104.25,57,NQ.v.0
2021-03-31 23:17:00+00:00,33,1,2786,13105.25,13107.25,13105.25,13107.25,56,NQ.v.0
2021-03-31 23:18:00+00:00,33,1,2786,13106.75,13108.0,13106.0,13107.75,32,NQ.v.0
2021-03-31 23:19:00+00:00,33,1,2786,13107.75,13108.5,13107.5,13108.0,47,NQ.v.0
2021-03-31 23:20:00+00:00,33,1,2786,13107.75,13108.0,13107.0,13107.75,24,NQ.v.0
2021-03-31 23:21:00+00:00,33,1,2786,13107.25,13108.25,13107.0,13107.0,34,NQ.v.0
2021-03-31 23:22:00+00:00,33,1,2786,13106.75,13108.0,13106.25,13107.0,48,NQ.v.0
2021-03-31 23:23:00+00:00,33,1,2786,13106.75,13107.5,13106.5,13107.5,14,NQ.v.0
2021-03-31 23:24:00+00:00,33,1,2786,13107.25,13108.0,13105.5,13106.5,30,NQ.v.0
2021-03-31 23:25:00+00:00,33,1,2786,13106.0,13108.0,13105.75,13107.75,62,NQ.v.0
2021-03-31 23:26:00+00:00,33,1,2786,13108.0,13111.0,13107.5,13110.0,183,NQ.v.0
2021-03-31 23:27:00+00:00,33,1,2786,13108.75,13109.25,13108.0,13109.25,14,NQ.v.0
2021-03-31 23:28:00+00:00,33,1,2786,13109.5,13109.5,13107.5,13108.25,14,NQ.v.0
2021-03-31 23:29:00+00:00,33,1,2786,13108.25,13109.0,13107.75,13108.75,14,NQ.v.0
2021-03-31 23:30:00+00:00,33,1,2786,13108.5,13110.0,13108.5,13109.25,36,NQ.v.0
2021-03-31 23:31:00+00:00,33,1,2786,13110.0,13110.0,13108.25,13109.5,17,NQ.v.0
2021-03-31 23:32:00+00:00,33,1,2786,13109.5,13112.75,13109.5,13109.75,136,NQ.v.0
2021-03-31 23:33:00+00:00,33,1,2786,13109.5,13111.5,13108.75,13111.0,74,NQ.v.0
2021-03-31 23:34:00+00:00,33,1,2786,13111.0,13112.5,13110.0,13111.0,24,NQ.v.0
2021-03-31 23:35:00+00:00,33,1,2786,13110.75,13111.25,13110.0,13110.25,24,NQ.v.0
2021-03-31 23:36:00+00:00,33,1,2786,13110.5,13111.75,13110.5,13111.75,15,NQ.v.0
2021-03-31 23:37:00+00:00,33,1,2786,13112.0,13113.5,13111.0,13112.75,39,NQ.v.0
2021-03-31 23:38:00+00:00,33,1,2786,13112.5,13113.0,13111.25,13112.5,33,NQ.v.0
2021-03-31 23:39:00+00:00,33,1,2786,13112.25,13115.0,13111.75,13114.25,126,NQ.v.0
2021-03-31 23:40:00+00:00,33,1,2786,13114.0,13115.75,13112.75,13114.75,43,NQ.v.0
2021-03-31 23:41:00+00:00,33,1,2786,13114.75,13117.5,13114.75,13117.5,85,NQ.v.0
2021-03-31 23:42:00+00:00,33,1,2786,13117.0,13117.5,13115.75,13116.5,34,NQ.v.0
2021-03-31 23:43:00+00:00,33,1,2786,13116.75,13116.75,13115.75,13116.0,18,NQ.v.0
2021-03-31 23:44:00+00:00,33,1,2786,13115.75,13116.5,13115.0,13116.0,37,NQ.v.0
2021-03-31 23:45:00+00:00,33,1,2786,13116.25,13116.5,13113.75,13114.5,70,NQ.v.0
2021-03-31 23:46:00+00:00,33,1,2786,13114.5,13115.0,13113.0,13115.0,29,NQ.v.0
2021-03-31 23:47:00+00:00,33,1,2786,13114.5,13114.75,13112.5,13113.0,34,NQ.v.0
2021-03-31 23:48:00+00:00,33,1,2786,13113.0,13114.25,13113.0,13114.0,17,NQ.v.0
2021-03-31 23:49:00+00:00,33,1,2786,13114.0,13115.25,13113.75,13113.75,29,NQ.v.0
2021-03-31 23:50:00+00:00,33,1,2786,13113.75,13113.75,13112.25,13112.5,23,NQ.v.0
2021-03-31 23:51:00+00:00,33,1,2786,13112.0,13113.0,13111.0,13113.0,35,NQ.v.0
2021-03-31 23:52:00+00:00,33,1,2786,13113.25,13117.75,13112.75,13116.0,94,NQ.v.0
2021-03-31 23:53:00+00:00,33,1,2786,13116.75,13117.75,13116.0,13116.25,72,NQ.v.0
2021-03-31 23:54:00+00:00,33,1,2786,13115.0,13115.75,13114.0,13115.75,41,NQ.v.0
2021-03-31 23:55:00+00:00,33,1,2786,13115.75,13116.5,13114.25,13114.5,54,NQ.v.0
2021-03-31 23:56:00+00:00,33,1,2786,13114.5,13115.0,13113.0,13114.25,46,NQ.v.0
2021-03-31 23:57:00+00:00,33,1,2786,13114.5,13115.25,13114.0,13115.0,22,NQ.v.0
2021-03-31 23:58:00+00:00,33,1,2786,13114.5,13117.75,13114.0,13117.25,81,NQ.v.0
2021-03-31 23:59:00+00:00,33,1,2786,13117.0,13121.75,13116.25,13121.5,290,NQ.v.0
2021-04-01 00:00:00+00:00,33,1,2786,13121.5,13126.0,13120.75,13122.25,279,NQ.v.0
2021-04-01 00:01:00+00:00,33,1,2786,13122.0,13125.0,13120.25,13120.25,139,NQ.v.0
2021-04-01 00:02:00+00:00,33,1,2786,13120.5,13121.0,13119.0,13119.5,94,NQ.v.0
2021-04-01 00:03:00+00:00,33,1,2786,13119.75,13120.5,13119.25,13119.25,62,NQ.v.0
2021-04-01 00:04:00+00:00,33,1,2786,13119.25,13120.5,13119.0,13120.0,86,NQ.v.0
2021-04-01 00:05:00+00:00,33,1,2786,13119.5,13119.75,13117.25,13118.25,68,NQ.v.0
2021-04-01 00:06:00+00:00,33,1,2786,13118.5,13118.5,13112.0,13112.5,229,NQ.v.0
2021-04-01 00:07:00+00:00,33,1,2786,13112.25,13117.5,13112.25,13117.5,105,NQ.v.0
2021-04-01 00:08:00+00:00,33,1,2786,13117.75,13118.75,13116.75,13118.75,52,NQ.v.0
2021-04-01 00:09:00+00:00,33,1,2786,13118.5,13118.75,13117.5,13118.5,46,NQ.v.0
2021-04-01 00:10:00+00:00,33,1,2786,13118.75,13119.25,13115.25,13115.75,68,NQ.v.0
2021-04-01 00:11:00+00:00,33,1,2786,13116.75,13118.75,13115.25,13116.0,58,NQ.v.0
2021-04-01 00:12:00+00:00,33,1,2786,13116.25,13119.5,13115.75,13119.25,45,NQ.v.0
2021-04-01 00:13:00+00:00,33,1,2786,13119.25,13119.75,13118.0,13119.5,57,NQ.v.0
2021-04-01 00:14:00+00:00,33,1,2786,13119.5,13119.5,13115.5,13117.5,75,NQ.v.0
2021-04-01 00:15:00+00:00,33,1,2786,13118.5,13120.75,13117.5,13119.25,68,NQ.v.0
2021-04-01 00:16:00+00:00,33,1,2786,13120.0,13123.25,13120.0,13121.75,80,NQ.v.0
2021-04-01 00:17:00+00:00,33,1,2786,13121.5,13122.5,13117.25,13118.25,71,NQ.v.0
2021-04-01 00:18:00+00:00,33,1,2786,13119.0,13124.25,13119.0,13122.25,124,NQ.v.0
2021-04-01 00:19:00+00:00,33,1,2786,13122.0,13122.75,13120.5,13121.0,50,NQ.v.0
2021-04-01 00:20:00+00:00,33,1,2786,13121.75,13122.0,13119.25,13120.0,60,NQ.v.0
2021-04-01 00:21:00+00:00,33,1,2786,13119.5,13120.25,13116.25,13116.75,69,NQ.v.0
2021-04-01 00:22:00+00:00,33,1,2786,13116.25,13116.25,13107.5,13108.5,229,NQ.v.0
2021-04-01 00:23:00+00:00,33,1,2786,13109.0,13112.0,13106.5,13110.5,202,NQ.v.0
2021-04-01 00:24:00+00:00,33,1,2786,13110.0,13113.0,13107.75,13112.0,83,NQ.v.0
2021-04-01 00:25:00+00:00,33,1,2786,13112.5,13115.0,13112.0,13115.0,55,NQ.v.0
2021-04-01 00:26:00+00:00,33,1,2786,13115.0,13117.25,13114.5,13116.0,60,NQ.v.0
2021-04-01 00:27:00+00:00,33,1,2786,13115.75,13116.5,13114.0,13116.0,51,NQ.v.0
2021-04-01 00:28:00+00:00,33,1,2786,13116.25,13117.0,13114.25,13114.5,74,NQ.v.0
2021-04-01 00:29:00+00:00,33,1,2786,13114.25,13114.25,13112.0,13113.0,40,NQ.v.0
2021-04-01 00:30:00+00:00,33,1,2786,13113.25,13117.25,13113.25,13116.5,58,NQ.v.0
2021-04-01 00:31:00+00:00,33,1,2786,13116.5,13117.75,13115.5,13117.25,78,NQ.v.0
2021-04-01 00:32:00+00:00,33,1,2786,13117.5,13121.75,13117.25,13120.0,106,NQ.v.0
2021-04-01 00:33:00+00:00,33,1,2786,13120.75,13121.5,13119.25,13119.75,33,NQ.v.0
2021-04-01 00:34:00+00:00,33,1,2786,13119.75,13121.5,13118.25,13121.5,137,NQ.v.0
2021-04-01 00:35:00+00:00,33,1,2786,13120.75,13122.5,13119.25,13119.5,67,NQ.v.0
2021-04-01 00:36:00+00:00,33,1,2786,13119.5,13128.25,13119.25,13127.25,251,NQ.v.0
2021-04-01 00:37:00+00:00,33,1,2786,13126.25,13127.5,13124.0,13124.0,69,NQ.v.0
2021-04-01 00:38:00+00:00,33,1,2786,13123.75,13124.75,13122.5,13123.5,30,NQ.v.0
2021-04-01 00:39:00+00:00,33,1,2786,13123.5,13124.25,13122.75,13123.5,30,NQ.v.0
2021-04-01 00:40:00+00:00,33,1,2786,13124.0,13127.25,13124.0,13126.25,58,NQ.v.0
2021-04-01 00:41:00+00:00,33,1,2786,13126.0,13126.0,13123.75,13125.0,39,NQ.v.0
2021-04-01 00:42:00+00:00,33,1,2786,13125.25,13125.5,13123.0,13123.75,82,NQ.v.0
2021-04-01 00:43:00+00:00,33,1,2786,13123.5,13124.0,13122.25,13123.75,26,NQ.v.0
2021-04-01 00:44:00+00:00,33,1,2786,13124.0,13125.5,13123.0,13124.0,41,NQ.v.0
2021-04-01 00:45:00+00:00,33,1,2786,13124.25,13125.0,13123.5,13124.0,29,NQ.v.0
2021-04-01 00:46:00+00:00,33,1,2786,13124.5,13126.0,13124.25,13125.0,29,NQ.v.0
2021-04-01 00:47:00+00:00,33,1,2786,13125.25,13126.0,13123.0,13123.75,35,NQ.v.0
2021-04-01 00:48:00+00:00,33,1,2786,13123.5,13125.25,13120.5,13125.25,122,NQ.v.0
2021-04-01 00:49:00+00:00,33,1,2786,13125.5,13127.0,13124.5,13127.0,46,NQ.v.0
2021-04-01 00:50:00+00:00,33,1,2786,13127.0,13127.0,13124.0,13126.0,87,NQ.v.0
2021-04-01 00:51:00+00:00,33,1,2786,13126.0,13127.25,13124.5,13127.25,40,NQ.v.0
2021-04-01 00:52:00+00:00,33,1,2786,13127.25,13127.75,13126.0,13127.0,46,NQ.v.0
2021-04-01 00:53:00+00:00,33,1,2786,13127.25,13128.25,13125.75,13128.0,51,NQ.v.0
2021-04-01 00:54:00+00:00,33,1,2786,13127.25,13129.0,13125.5,13126.25,69,NQ.v.0
2021-04-01 00:55:00+00:00,33,1,2786,13126.25,13127.25,13124.5,13125.5,24,NQ.v.0
2021-04-01 00:56:00+00:00,33,1,2786,13124.25,13124.75,13123.0,13124.75,88,NQ.v.0
2021-04-01 00:57:00+00:00,33,1,2786,13124.25,13125.25,13123.5,13125.25,48,NQ.v.0
2021-04-01 00:58:00+00:00,33,1,2786,13124.75,13126.0,13123.5,13125.5,74,NQ.v.0
2021-04-01 00:59:00+00:00,33,1,2786,13125.5,13125.75,13124.5,13125.5,25,NQ.v.0
2021-04-01 01:00:00+00:00,33,1,2786,13124.75,13126.5,13124.25,13126.5,39,NQ.v.0
2021-04-01 01:01:00+00:00,33,1,2786,13125.75,13126.0,13118.75,13120.75,206,NQ.v.0
2021-04-01 01:02:00+00:00,33,1,2786,13120.25,13122.5,13119.25,13122.5,51,NQ.v.0
2021-04-01 01:03:00+00:00,33,1,2786,13121.75,13124.0,13121.0,13123.0,48,NQ.v.0
2021-04-01 01:04:00+00:00,33,1,2786,13123.75,13123.75,13120.25,13121.75,43,NQ.v.0
2021-04-01 01:05:00+00:00,33,1,2786,13120.75,13124.25,13120.75,13123.5,49,NQ.v.0
2021-04-01 01:06:00+00:00,33,1,2786,13123.75,13125.0,13123.75,13124.0,22,NQ.v.0
2021-04-01 01:07:00+00:00,33,1,2786,13124.25,13124.75,13121.5,13123.5,39,NQ.v.0
2021-04-01 01:08:00+00:00,33,1,2786,13123.5,13124.25,13122.0,13122.0,15,NQ.v.0
2021-04-01 01:09:00+00:00,33,1,2786,13121.5,13123.5,13121.0,13122.25,63,NQ.v.0
2021-04-01 01:10:00+00:00,33,1,2786,13122.0,13122.5,13121.0,13121.5,33,NQ.v.0
2021-04-01 01:11:00+00:00,33,1,2786,13121.5,13122.75,13120.75,13121.5,28,NQ.v.0
2021-04-01 01:12:00+00:00,33,1,2786,13121.75,13123.0,13121.0,13121.5,23,NQ.v.0
2021-04-01 01:13:00+00:00,33,1,2786,13121.75,13123.0,13121.5,13121.5,14,NQ.v.0
2021-04-01 01:14:00+00:00,33,1,2786,13122.5,13122.5,13121.0,13121.25,10,NQ.v.0
2021-04-01 01:15:00+00:00,33,1,2786,13121.0,13121.0,13117.25,13118.75,110,NQ.v.0
2021-04-01 01:16:00+00:00,33,1,2786,13119.0,13119.75,13117.5,13119.5,22,NQ.v.0
2021-04-01 01:17:00+00:00,33,1,2786,13119.25,13119.25,13118.5,13118.75,12,NQ.v.0
2021-04-01 01:18:00+00:00,33,1,2786,13118.75,13118.75,13115.75,13116.5,76,NQ.v.0
2021-04-01 01:19:00+00:00,33,1,2786,13116.0,13117.0,13115.0,13115.25,58,NQ.v.0
2021-04-01 01:20:00+00:00,33,1,2786,13115.0,13116.25,13115.0,13116.25,42,NQ.v.0
2021-04-01 01:21:00+00:00,33,1,2786,13116.75,13119.0,13116.5,13117.5,85,NQ.v.0
2021-04-01 01:22:00+00:00,33,1,2786,13118.0,13122.25,13117.25,13121.0,195,NQ.v.0
2021-04-01 01:23:00+00:00,33,1,2786,13120.75,13121.75,13120.75,13121.0,29,NQ.v.0
2021-04-01 01:24:00+00:00,33,1,2786,13121.0,13123.0,13121.0,13122.75,54,NQ.v.0
2021-04-01 01:25:00+00:00,33,1,2786,13122.75,13122.75,13120.5,13121.25,24,NQ.v.0
2021-04-01 01:26:00+00:00,33,1,2786,13121.0,13122.0,13120.0,13121.25,59,NQ.v.0
2021-04-01 01:27:00+00:00,33,1,2786,13120.75,13121.5,13120.25,13120.75,47,NQ.v.0
2021-04-01 01:28:00+00:00,33,1,2786,13121.0,13125.0,13121.0,13123.5,97,NQ.v.0
2021-04-01 01:29:00+00:00,33,1,2786,13123.5,13124.5,13123.5,13123.75,48,NQ.v.0
2021-04-01 01:30:00+00:00,33,1,2786,13122.75,13124.0,13116.0,13116.5,130,NQ.v.0
2021-04-01 01:31:00+00:00,33,1,2786,13116.25,13116.5,13112.0,13114.75,203,NQ.v.0
2021-04-01 01:32:00+00:00,33,1,2786,13115.75,13118.0,13114.0,13114.0,91,NQ.v.0
2021-04-01 01:33:00+00:00,33,1,2786,13114.5,13116.25,13114.5,13116.0,56,NQ.v.0
2021-04-01 01:34:00+00:00,33,1,2786,13116.0,13116.0,13111.5,13112.25,110,NQ.v.0
2021-04-01 01:35:00+00:00,33,1,2786,13111.5,13116.25,13111.5,13116.25,76,NQ.v.0
2021-04-01 01:36:00+00:00,33,1,2786,13116.5,13119.25,13116.5,13117.5,83,NQ.v.0
2021-04-01 01:37:00+00:00,33,1,2786,13117.5,13119.25,13117.25,13119.25,34,NQ.v.0
2021-04-01 01:38:00+00:00,33,1,2786,13118.75,13119.25,13115.5,13116.5,79,NQ.v.0
2021-04-01 01:39:00+00:00,33,1,2786,13116.5,13117.0,13113.0,13113.75,95,NQ.v.0
2021-04-01 01:40:00+00:00,33,1,2786,13113.0,13114.5,13112.0,13113.25,50,NQ.v.0
2021-04-01 01:41:00+00:00,33,1,2786,13113.25,13114.25,13110.0,13110.5,161,NQ.v.0
2021-04-01 01:42:00+00:00,33,1,2786,13111.25,13111.5,13108.0,13108.25,84,NQ.v.0
2021-04-01 01:43:00+00:00,33,1,2786,13108.75,13109.75,13108.25,13108.75,51,NQ.v.0
2021-04-01 01:44:00+00:00,33,1,2786,13108.75,13109.25,13107.25,13109.25,64,NQ.v.0
2021-04-01 01:45:00+00:00,33,1,2786,13108.5,13110.75,13104.25,13110.25,219,NQ.v.0
2021-04-01 01:46:00+00:00,33,1,2786,13109.25,13112.0,13109.25,13111.0,71,NQ.v.0
2021-04-01 01:47:00+00:00,33,1,2786,13111.5,13114.25,13111.25,13111.75,110,NQ.v.0
2021-04-01 01:48:00+00:00,33,1,2786,13112.25,13114.0,13111.75,13112.75,48,NQ.v.0
2021-04-01 01:49:00+00:00,33,1,2786,13113.0,13113.25,13110.0,13111.0,45,NQ.v.0
2021-04-01 01:50:00+00:00,33,1,2786,13111.25,13112.0,13108.0,13109.0,122,NQ.v.0
2021-04-01 01:51:00+00:00,33,1,2786,13108.25,13111.25,13108.25,13110.0,38,NQ.v.0
2021-04-01 01:52:00+00:00,33,1,2786,13111.0,13111.75,13109.0,13111.5,29,NQ.v.0
2021-04-01 01:53:00+00:00,33,1,2786,13111.0,13111.75,13110.5,13110.5,32,NQ.v.0
2021-04-01 01:54:00+00:00,33,1,2786,13110.0,13114.0,13110.0,13114.0,67,NQ.v.0
2021-04-01 01:55:00+00:00,33,1,2786,13113.5,13117.25,13113.5,13117.0,115,NQ.v.0
2021-04-01 01:56:00+00:00,33,1,2786,13117.25,13118.25,13114.0,13117.25,92,NQ.v.0
2021-04-01 01:57:00+00:00,33,1,2786,13116.5,13117.5,13116.25,13117.0,34,NQ.v.0
2021-04-01 01:58:00+00:00,33,1,2786,13117.0,13118.0,13115.25,13115.5,53,NQ.v.0
2021-04-01 01:59:00+00:00,33,1,2786,13115.75,13117.75,13115.25,13116.0,55,NQ.v.0
2021-04-01 02:00:00+00:00,33,1,2786,13115.75,13118.0,13115.75,13118.0,104,NQ.v.0
2021-04-01 02:01:00+00:00,33,1,2786,13118.0,13125.0,13117.75,13123.25,302,NQ.v.0
2021-04-01 02:02:00+00:00,33,1,2786,13123.0,13126.5,13123.0,13126.25,182,NQ.v.0
2021-04-01 02:03:00+00:00,33,1,2786,13126.75,13128.0,13122.25,13123.0,165,NQ.v.0
2021-04-01 02:04:00+00:00,33,1,2786,13123.25,13126.75,13123.25,13126.75,92,NQ.v.0
2021-04-01 02:05:00+00:00,33,1,2786,13127.0,13139.0,13127.0,13132.75,543,NQ.v.0
2021-04-01 02:06:00+00:00,33,1,2786,13133.0,13134.0,13131.0,13131.75,106,NQ.v.0
2021-04-01 02:07:00+00:00,33,1,2786,13131.5,13133.75,13130.25,13131.75,60,NQ.v.0
2021-04-01 02:08:00+00:00,33,1,2786,13131.25,13132.25,13129.0,13129.5,85,NQ.v.0
2021-04-01 02:09:00+00:00,33,1,2786,13130.0,13130.0,13126.25,13127.25,102,NQ.v.0
2021-04-01 02:10:00+00:00,33,1,2786,13127.75,13128.75,13127.25,13128.0,29,NQ.v.0
2021-04-01 02:11:00+00:00,33,1,2786,13128.0,13128.5,13126.25,13127.75,43,NQ.v.0
2021-04-01 02:12:00+00:00,33,1,2786,13127.25,13128.0,13123.25,13124.25,97,NQ.v.0
2021-04-01 02:13:00+00:00,33,1,2786,13125.0,13125.75,13122.25,13124.0,73,NQ.v.0
2021-04-01 02:14:00+00:00,33,1,2786,13124.5,13125.0,13122.0,13123.75,61,NQ.v.0
2021-04-01 02:15:00+00:00,33,1,2786,13124.75,13129.0,13124.25,13127.5,131,NQ.v.0
2021-04-01 02:16:00+00:00,33,1,2786,13127.25,13131.0,13127.25,13128.0,141,NQ.v.0
2021-04-01 02:17:00+00:00,33,1,2786,13128.25,13128.5,13125.75,13126.0,56,NQ.v.0
2021-04-01 02:18:00+00:00,33,1,2786,13126.25,13127.0,13125.25,13126.75,31,NQ.v.0
2021-04-01 02:19:00+00:00,33,1,2786,13125.0,13127.5,13124.0,13125.5,49,NQ.v.0
2021-04-01 02:20:00+00:00,33,1,2786,13126.5,13129.0,13126.5,13128.0,41,NQ.v.0
2021-04-01 02:21:00+00:00,33,1,2786,13128.25,13130.25,13127.5,13127.5,33,NQ.v.0
2021-04-01 02:22:00+00:00,33,1,2786,13127.5,13129.5,13127.5,13128.75,18,NQ.v.0
2021-04-01 02:23:00+00:00,33,1,2786,13128.75,13130.25,13127.75,13129.0,43,NQ.v.0
2021-04-01 02:24:00+00:00,33,1,2786,13128.5,13130.25,13127.25,13127.25,32,NQ.v.0
2021-04-01 02:25:00+00:00,33,1,2786,13127.25,13128.75,13126.5,13128.25,35,NQ.v.0
2021-04-01 02:26:00+00:00,33,1,2786,13128.75,13130.25,13125.75,13126.5,31,NQ.v.0
2021-04-01 02:27:00+00:00,33,1,2786,13126.5,13127.0,13124.25,13125.25,39,NQ.v.0
2021-04-01 02:28:00+00:00,33,1,2786,13123.75,13124.5,13122.0,13123.5,62,NQ.v.0
2021-04-01 02:29:00+00:00,33,1,2786,13123.75,13125.0,13122.25,13123.0,49,NQ.v.0
2021-04-01 02:30:00+00:00,33,1,2786,13122.75,13125.25,13121.0,13125.25,50,NQ.v.0
2021-04-01 02:31:00+00:00,33,1,2786,13125.5,13126.75,13125.0,13125.25,38,NQ.v.0
2021-04-01 02:32:00+00:00,33,1,2786,13125.5,13126.0,13124.25,13125.5,24,NQ.v.0
2021-04-01 02:33:00+00:00,33,1,2786,13125.5,13126.0,13123.25,13125.75,37,NQ.v.0
2021-04-01 02:34:00+00:00,33,1,2786,13125.0,13126.75,13124.25,13125.5,35,NQ.v.0
2021-04-01 02:35:00+00:00,33,1,2786,13125.0,13125.25,13123.25,13125.25,32,NQ.v.0
2021-04-01 02:36:00+00:00,33,1,2786,13125.5,13126.75,13122.0,13123.0,89,NQ.v.0
2021-04-01 02:37:00+00:00,33,1,2786,13123.0,13123.0,13117.75,13120.5,148,NQ.v.0
2021-04-01 02:38:00+00:00,33,1,2786,13120.5,13121.0,13119.25,13120.0,46,NQ.v.0
2021-04-01 02:39:00+00:00,33,1,2786,13119.25,13120.5,13119.0,13119.75,52,NQ.v.0
2021-04-01 02:40:00+00:00,33,1,2786,13120.5,13122.0,13120.5,13121.5,27,NQ.v.0
2021-04-01 02:41:00+00:00,33,1,2786,13121.5,13121.75,13120.25,13120.25,27,NQ.v.0
2021-04-01 02:42:00+00:00,33,1,2786,13120.25,13120.75,13119.5,13119.75,42,NQ.v.0
2021-04-01 02:43:00+00:00,33,1,2786,13120.0,13121.5,13119.75,13121.5,47,NQ.v.0
2021-04-01 02:44:00+00:00,33,1,2786,13120.5,13122.5,13120.5,13121.25,12,NQ.v.0
2021-04-01 02:45:00+00:00,33,1,2786,13122.0,13124.0,13121.5,13124.0,39,NQ.v.0
2021-04-01 02:46:00+00:00,33,1,2786,13123.25,13124.25,13123.0,13123.5,24,NQ.v.0
2021-04-01 02:47:00+00:00,33,1,2786,13123.75,13123.75,13121.75,13122.0,17,NQ.v.0
2021-04-01 02:48:00+00:00,33,1,2786,13121.5,13122.25,13121.5,13122.0,5,NQ.v.0
2021-04-01 02:49:00+00:00,33,1,2786,13121.5,13124.0,13121.25,13123.5,28,NQ.v.0
2021-04-01 02:50:00+00:00,33,1,2786,13124.0,13124.0,13119.5,13120.0,73,NQ.v.0
2021-04-01 02:51:00+00:00,33,1,2786,13120.0,13120.0,13118.0,13118.25,72,NQ.v.0
2021-04-01 02:52:00+00:00,33,1,2786,13118.5,13118.75,13116.25,13117.0,91,NQ.v.0
2021-04-01 02:53:00+00:00,33,1,2786,13117.0,13120.25,13116.75,13119.75,118,NQ.v.0
2021-04-01 02:54:00+00:00,33,1,2786,13120.0,13120.75,13118.5,13119.25,28,NQ.v.0
2021-04-01 02:55:00+00:00,33,1,2786,13119.25,13119.25,13116.25,13117.0,49,NQ.v.0
2021-04-01 02:56:00+00:00,33,1,2786,13116.75,13117.5,13112.5,13112.5,264,NQ.v.0
2021-04-01 02:57:00+00:00,33,1,2786,13112.75,13114.75,13111.0,13114.25,88,NQ.v.0
2021-04-01 02:58:00+00:00,33,1,2786,13114.25,13117.25,13114.25,13117.25,55,NQ.v.0
2021-04-01 02:59:00+00:00,33,1,2786,13117.25,13119.75,13117.0,13118.0,85,NQ.v.0
2021-04-01 03:00:00+00:00,33,1,2786,13118.5,13119.0,13114.0,13116.0,127,NQ.v.0
2021-04-01 03:01:00+00:00,33,1,2786,13117.25,13118.75,13116.25,13117.75,55,NQ.v.0
2021-04-01 03:02:00+00:00,33,1,2786,13118.5,13119.0,13117.75,13118.75,31,NQ.v.0
2021-04-01 03:03:00+00:00,33,1,2786,13118.0,13119.25,13117.0,13118.75,29,NQ.v.0
2021-04-01 03:04:00+00:00,33,1,2786,13118.0,13118.0,13116.25,13116.5,23,NQ.v.0
2021-04-01 03:05:00+00:00,33,1,2786,13117.75,13117.75,13115.5,13115.5,23,NQ.v.0
2021-04-01 03:06:00+00:00,33,1,2786,13115.5,13117.75,13114.75,13117.75,32,NQ.v.0
2021-04-01 03:07:00+00:00,33,1,2786,13117.0,13117.0,13114.5,13115.25,30,NQ.v.0
2021-04-01 03:08:00+00:00,33,1,2786,13115.5,13116.25,13114.5,13115.0,33,NQ.v.0
2021-04-01 03:09:00+00:00,33,1,2786,13116.25,13117.5,13115.5,13117.0,30,NQ.v.0
2021-04-01 03:10:00+00:00,33,1,2786,13118.0,13119.0,13115.75,13116.25,27,NQ.v.0
2021-04-01 03:11:00+00:00,33,1,2786,13116.5,13116.5,13114.75,13115.0,13,NQ.v.0
2021-04-01 03:12:00+00:00,33,1,2786,13115.25,13115.75,13114.25,13114.5,20,NQ.v.0
2021-04-01 03:13:00+00:00,33,1,2786,13115.25,13115.5,13113.75,13114.75,31,NQ.v.0
2021-04-01 03:14:00+00:00,33,1,2786,13114.75,13114.75,13111.0,13111.75,71,NQ.v.0
2021-04-01 03:15:00+00:00,33,1,2786,13112.75,13114.0,13110.75,13111.75,130,NQ.v.0
2021-04-01 03:16:00+00:00,33,1,2786,13111.75,13114.25,13111.25,13113.75,55,NQ.v.0
2021-04-01 03:17:00+00:00,33,1,2786,13113.5,13115.75,13113.5,13115.75,29,NQ.v.0
2021-04-01 03:18:00+00:00,33,1,2786,13115.5,13116.75,13115.25,13116.0,28,NQ.v.0
2021-04-01 03:19:00+00:00,33,1,2786,13115.75,13116.25,13115.0,13116.25,14,NQ.v.0
2021-04-01 03:20:00+00:00,33,1,2786,13116.0,13119.5,13115.75,13118.25,149,NQ.v.0
2021-04-01 03:21:00+00:00,33,1,2786,13118.75,13119.25,13118.0,13118.5,45,NQ.v.0
2021-04-01 03:22:00+00:00,33,1,2786,13119.0,13119.0,13117.5,13118.5,27,NQ.v.0
2021-04-01 03:23:00+00:00,33,1,2786,13119.25,13119.25,13117.5,13117.5,18,NQ.v.0
2021-04-01 03:24:00+00:00,33,1,2786,13118.5,13122.0,13118.5,13119.25,119,NQ.v.0
2021-04-01 03:25:00+00:00,33,1,2786,13119.0,13120.25,13118.75,13119.5,37,NQ.v.0
2021-04-01 03:26:00+00:00,33,1,2786,13119.25,13119.5,13117.5,13118.0,39,NQ.v.0
2021-04-01 03:27:00+00:00,33,1,2786,13118.5,13119.25,13118.0,13119.0,23,NQ.v.0
2021-04-01 03:28:00+00:00,33,1,2786,13118.75,13119.0,13118.0,13119.0,16,NQ.v.0
2021-04-01 03:29:00+00:00,33,1,2786,13118.5,13118.5,13117.5,13117.75,22,NQ.v.0
2021-04-01 03:30:00+00:00,33,1,2786,13118.25,13118.75,13117.75,13118.5,20,NQ.v.0
2021-04-01 03:31:00+00:00,33,1,2786,13118.25,13119.0,13118.25,13118.5,6,NQ.v.0
2021-04-01 03:32:00+00:00,33,1,2786,13119.25,13120.25,13118.0,13120.25,16,NQ.v.0
2021-04-01 03:33:00+00:00,33,1,2786,13120.5,13121.75,13120.25,13121.0,44,NQ.v.0
2021-04-01 03:34:00+00:00,33,1,2786,13120.75,13121.5,13115.0,13115.0,72,NQ.v.0
2021-04-01 03:35:00+00:00,33,1,2786,13115.0,13121.25,13114.25,13120.5,92,NQ.v.0
2021-04-01 03:36:00+00:00,33,1,2786,13120.25,13120.75,13118.25,13119.75,41,NQ.v.0
2021-04-01 03:37:00+00:00,33,1,2786,13121.0,13121.5,13119.75,13119.75,29,NQ.v.0
2021-04-01 03:38:00+00:00,33,1,2786,13119.75,13120.0,13119.0,13120.0,13,NQ.v.0
2021-04-01 03:39:00+00:00,33,1,2786,13121.0,13122.0,13118.25,13120.5,139,NQ.v.0
2021-04-01 03:40:00+00:00,33,1,2786,13120.5,13120.5,13119.75,13120.25,15,NQ.v.0
2021-04-01 03:41:00+00:00,33,1,2786,13120.0,13120.5,13119.25,13120.25,38,NQ.v.0
2021-04-01 03:42:00+00:00,33,1,2786,13120.25,13120.5,13117.25,13117.25,29,NQ.v.0
2021-04-01 03:43:00+00:00,33,1,2786,13118.0,13119.25,13118.0,13119.25,11,NQ.v.0
2021-04-01 03:44:00+00:00,33,1,2786,13119.0,13119.5,13118.75,13119.0,17,NQ.v.0
2021-04-01 03:45:00+00:00,33,1,2786,13118.75,13119.0,13117.5,13118.5,24,NQ.v.0
2021-04-01 03:46:00+00:00,33,1,2786,13118.75,13119.0,13117.75,13118.0,9,NQ.v.0
2021-04-01 03:47:00+00:00,33,1,2786,13118.25,13118.5,13118.0,13118.5,11,NQ.v.0
2021-04-01 03:48:00+00:00,33,1,2786,13119.0,13119.5,13119.0,13119.0,6,NQ.v.0
2021-04-01 03:49:00+00:00,33,1,2786,13119.5,13120.0,13119.25,13120.0,21,NQ.v.0
2021-04-01 03:50:00+00:00,33,1,2786,13120.5,13122.0,13120.5,13121.0,123,NQ.v.0
2021-04-01 03:51:00+00:00,33,1,2786,13121.25,13121.5,13120.5,13121.0,21,NQ.v.0
2021-04-01 03:52:00+00:00,33,1,2786,13121.0,13122.75,13120.75,13122.5,27,NQ.v.0
2021-04-01 03:53:00+00:00,33,1,2786,13123.0,13124.75,13123.0,13123.75,28,NQ.v.0
2021-04-01 03:54:00+00:00,33,1,2786,13124.0,13125.0,13122.5,13122.5,32,NQ.v.0
2021-04-01 03:55:00+00:00,33,1,2786,13122.75,13123.25,13122.25,13123.0,15,NQ.v.0
2021-04-01 03:56:00+00:00,33,1,2786,13123.0,13123.0,13122.25,13123.0,8,NQ.v.0
2021-04-01 03:57:00+00:00,33,1,2786,13122.75,13123.0,13121.5,13121.5,20,NQ.v.0
2021-04-01 03:58:00+00:00,33,1,2786,13122.25,13123.0,13122.25,13123.0,13,NQ.v.0
2021-04-01 03:59:00+00:00,33,1,2786,13123.0,13123.0,13122.25,13122.75,10,NQ.v.0
2021-04-01 04:00:00+00:00,33,1,2786,13122.0,13122.75,13121.25,13122.25,24,NQ.v.0
2021-04-01 04:01:00+00:00,33,1,2786,13122.25,13126.0,13122.25,13125.5,111,NQ.v.0
2021-04-01 04:02:00+00:00,33,1,2786,13124.75,13124.75,13120.75,13120.75,89,NQ.v.0
2021-04-01 04:03:00+00:00,33,1,2786,13120.75,13121.25,13119.25,13119.75,83,NQ.v.0
2021-04-01 04:04:00+00:00,33,1,2786,13119.75,13121.25,13119.75,13121.0,20,NQ.v.0
2021-04-01 04:05:00+00:00,33,1,2786,13121.5,13123.75,13121.25,13122.0,43,NQ.v.0
2021-04-01 04:06:00+00:00,33,1,2786,13122.25,13122.5,13120.75,13122.5,15,NQ.v.0
2021-04-01 04:07:00+00:00,33,1,2786,13121.75,13122.5,13121.5,13121.75,11,NQ.v.0
2021-04-01 04:08:00+00:00,33,1,2786,13122.5,13123.5,13122.0,13123.0,17,NQ.v.0
2021-04-01 04:09:00+00:00,33,1,2786,13123.0,13124.25,13122.75,13124.25,19,NQ.v.0
2021-04-01 04:10:00+00:00,33,1,2786,13123.75,13125.0,13123.5,13124.0,21,NQ.v.0
2021-04-01 04:11:00+00:00,33,1,2786,13123.75,13124.0,13123.25,13124.0,8,NQ.v.0
2021-04-01 04:12:00+00:00,33,1,2786,13124.0,13124.0,13122.25,13122.25,15,NQ.v.0
2021-04-01 04:13:00+00:00,33,1,2786,13122.25,13123.0,13121.75,13122.75,8,NQ.v.0
2021-04-01 04:14:00+00:00,33,1,2786,13122.5,13123.0,13122.0,13122.75,15,NQ.v.0
2021-04-01 04:15:00+00:00,33,1,2786,13123.0,13124.5,13123.0,13124.25,17,NQ.v.0
2021-04-01 04:16:00+00:00,33,1,2786,13124.25,13124.75,13123.5,13123.75,13,NQ.v.0
2021-04-01 04:17:00+00:00,33,1,2786,13123.5,13124.25,13123.0,13124.25,17,NQ.v.0
2021-04-01 04:18:00+00:00,33,1,2786,13124.25,13124.75,13123.75,13123.75,22,NQ.v.0
2021-04-01 04:19:00+00:00,33,1,2786,13123.5,13124.5,13123.0,13124.5,18,NQ.v.0
2021-04-01 04:20:00+00:00,33,1,2786,13123.25,13125.0,13122.75,13124.5,41,NQ.v.0
2021-04-01 04:21:00+00:00,33,1,2786,13124.0,13124.75,13123.25,13123.75,26,NQ.v.0
2021-04-01 04:22:00+00:00,33,1,2786,13123.75,13124.0,13123.75,13124.0,7,NQ.v.0
2021-04-01 04:23:00+00:00,33,1,2786,13124.0,13124.75,13123.75,13124.5,28,NQ.v.0
2021-04-01 04:24:00+00:00,33,1,2786,13124.25,13126.25,13124.25,13126.0,31,NQ.v.0
2021-04-01 04:25:00+00:00,33,1,2786,13126.25,13128.0,13125.5,13125.5,58,NQ.v.0
2021-04-01 04:26:00+00:00,33,1,2786,13125.5,13127.75,13125.5,13127.25,30,NQ.v.0
2021-04-01 04:27:00+00:00,33,1,2786,13127.25,13128.0,13126.25,13127.5,25,NQ.v.0
2021-04-01 04:28:00+00:00,33,1,2786,13127.75,13128.0,13126.25,13127.0,53,NQ.v.0
2021-04-01 04:29:00+00:00,33,1,2786,13127.75,13128.5,13127.25,13127.25,31,NQ.v.0
2021-04-01 04:30:00+00:00,33,1,2786,13127.25,13127.75,13127.0,13127.75,9,NQ.v.0
2021-04-01 04:31:00+00:00,33,1,2786,13127.75,13128.5,13127.75,13128.0,15,NQ.v.0
2021-04-01 04:32:00+00:00,33,1,2786,13128.0,13128.25,13127.25,13127.25,12,NQ.v.0
2021-04-01 04:33:00+00:00,33,1,2786,13127.75,13128.0,13126.0,13127.0,29,NQ.v.0
2021-04-01 04:34:00+00:00,33,1,2786,13127.75,13128.5,13127.5,13128.25,32,NQ.v.0
2021-04-01 04:35:00+00:00,33,1,2786,13127.5,13128.0,13126.0,13127.75,35,NQ.v.0
2021-04-01 04:36:00+00:00,33,1,2786,13128.25,13130.0,13127.5,13129.25,53,NQ.v.0
2021-04-01 04:37:00+00:00,33,1,2786,13128.75,13130.0,13128.0,13129.5,28,NQ.v.0
2021-04-01 04:38:00+00:00,33,1,2786,13129.25,13132.5,13128.75,13131.0,78,NQ.v.0
2021-04-01 04:39:00+00:00,33,1,2786,13131.5,13131.75,13130.0,13131.0,37,NQ.v.0
2021-04-01 04:40:00+00:00,33,1,2786,13131.0,13131.0,13128.0,13128.0,42,NQ.v.0
2021-04-01 04:41:00+00:00,33,1,2786,13128.0,13128.75,13127.5,13128.5,21,NQ.v.0
2021-04-01 04:42:00+00:00,33,1,2786,13128.75,13129.0,13128.0,13128.25,9,NQ.v.0
2021-04-01 04:43:00+00:00,33,1,2786,13128.0,13128.0,13126.25,13126.25,36,NQ.v.0
2021-04-01 04:44:00+00:00,33,1,2786,13126.25,13126.75,13125.25,13125.75,24,NQ.v.0
2021-04-01 04:45:00+00:00,33,1,2786,13126.0,13128.25,13126.0,13127.5,18,NQ.v.0
2021-04-01 04:46:00+00:00,33,1,2786,13127.5,13128.0,13126.25,13126.75,20,NQ.v.0
2021-04-01 04:47:00+00:00,33,1,2786,13127.0,13127.25,13124.0,13126.25,52,NQ.v.0
2021-04-01 04:48:00+00:00,33,1,2786,13126.5,13126.5,13122.5,13123.5,88,NQ.v.0
2021-04-01 04:49:00+00:00,33,1,2786,13123.25,13123.5,13122.25,13122.75,16,NQ.v.0
2021-04-01 04:50:00+00:00,33,1,2786,13123.25,13123.25,13119.25,13120.0,66,NQ.v.0
2021-04-01 04:51:00+00:00,33,1,2786,13119.75,13121.0,13119.5,13120.0,120,NQ.v.0
2021-04-01 04:52:00+00:00,33,1,2786,13120.0,13121.25,13118.5,13121.0,45,NQ.v.0
2021-04-01 04:53:00+00:00,33,1,2786,13121.25,13122.5,13120.5,13122.25,55,NQ.v.0
2021-04-01 04:54:00+00:00,33,1,2786,13122.75,13123.25,13122.0,13123.0,28,NQ.v.0
2021-04-01 04:55:00+00:00,33,1,2786,13122.25,13122.25,13121.25,13122.0,23,NQ.v.0
2021-04-01 04:56:00+00:00,33,1,2786,13122.5,13125.0,13122.5,13124.75,47,NQ.v.0
2021-04-01 04:57:00+00:00,33,1,2786,13125.0,13126.25,13123.75,13125.25,34,NQ.v.0
2021-04-01 04:58:00+00:00,33,1,2786,13125.0,13125.5,13123.75,13124.5,32,NQ.v.0
2021-04-01 04:59:00+00:00,33,1,2786,13124.0,13126.5,13124.0,13126.25,26,NQ.v.0
2021-04-01 05:00:00+00:00,33,1,2786,13125.5,13125.5,13121.75,13123.75,39,NQ.v.0
2021-04-01 05:01:00+00:00,33,1,2786,13123.5,13128.75,13123.5,13126.75,74,NQ.v.0
2021-04-01 05:02:00+00:00,33,1,2786,13126.75,13127.5,13126.25,13127.5,39,NQ.v.0
2021-04-01 05:03:00+00:00,33,1,2786,13127.5,13129.0,13127.5,13128.0,45,NQ.v.0
2021-04-01 05:04:00+00:00,33,1,2786,13128.75,13130.5,13127.0,13129.5,75,NQ.v.0
2021-04-01 05:05:00+00:00,33,1,2786,13128.75,13129.25,13127.0,13127.25,52,NQ.v.0
2021-04-01 05:06:00+00:00,33,1,2786,13127.75,13128.0,13125.25,13126.75,43,NQ.v.0
2021-04-01 05:07:00+00:00,33,1,2786,13125.75,13127.5,13124.5,13126.75,39,NQ.v.0
2021-04-01 05:08:00+00:00,33,1,2786,13127.0,13127.75,13126.25,13127.25,24,NQ.v.0
2021-04-01 05:09:00+00:00,33,1,2786,13126.5,13130.0,13126.5,13127.5,71,NQ.v.0
2021-04-01 05:10:00+00:00,33,1,2786,13127.75,13129.75,13127.5,13128.0,60,NQ.v.0
2021-04-01 05:11:00+00:00,33,1,2786,13128.25,13130.75,13127.0,13127.0,64,NQ.v.0
2021-04-01 05:12:00+00:00,33,1,2786,13127.5,13128.25,13126.0,13128.25,55,NQ.v.0
2021-04-01 05:13:00+00:00,33,1,2786,13128.25,13128.5,13126.25,13127.75,36,NQ.v.0
2021-04-01 05:14:00+00:00,33,1,2786,13127.75,13129.0,13127.75,13129.0,24,NQ.v.0
2021-04-01 05:15:00+00:00,33,1,2786,13129.0,13130.0,13128.25,13130.0,30,NQ.v.0
2021-04-01 05:16:00+00:00,33,1,2786,13129.75,13131.0,13129.25,13129.75,62,NQ.v.0
2021-04-01 05:17:00+00:00,33,1,2786,13129.75,13130.25,13129.5,13130.0,12,NQ.v.0
2021-04-01 05:18:00+00:00,33,1,2786,13130.0,13130.75,13129.5,13130.25,34,NQ.v.0
2021-04-01 05:19:00+00:00,33,1,2786,13131.0,13131.75,13129.75,13131.0,36,NQ.v.0
2021-04-01 05:20:00+00:00,33,1,2786,13130.5,13132.5,13130.5,13131.75,30,NQ.v.0
2021-04-01 05:21:00+00:00,33,1,2786,13132.25,13135.0,13132.0,13134.0,136,NQ.v.0
2021-04-01 05:22:00+00:00,33,1,2786,13134.25,13135.5,13133.0,13134.25,58,NQ.v.0
2021-04-01 05:23:00+00:00,33,1,2786,13134.25,13135.25,13132.75,13134.5,21,NQ.v.0
2021-04-01 05:24:00+00:00,33,1,2786,13134.5,13135.5,13133.75,13133.75,26,NQ.v.0
2021-04-01 05:25:00+00:00,33,1,2786,13133.5,13134.25,13133.0,13134.25,20,NQ.v.0
2021-04-01 05:26:00+00:00,33,1,2786,13133.25,13133.25,13129.0,13130.75,147,NQ.v.0
2021-04-01 05:27:00+00:00,33,1,2786,13129.75,13132.25,13129.25,13132.0,24,NQ.v.0
2021-04-01 05:28:00+00:00,33,1,2786,13131.75,13133.25,13131.75,13132.5,19,NQ.v.0
2021-04-01 05:29:00+00:00,33,1,2786,13133.0,13135.0,13132.75,13134.0,65,NQ.v.0
2021-04-01 05:30:00+00:00,33,1,2786,13133.0,13133.75,13131.75,13132.0,30,NQ.v.0
2021-04-01 05:31:00+00:00,33,1,2786,13132.25,13132.75,13129.25,13130.25,37,NQ.v.0
2021-04-01 05:32:00+00:00,33,1,2786,13130.0,13132.5,13129.5,13132.5,21,NQ.v.0
2021-04-01 05:33:00+00:00,33,1,2786,13131.5,13131.5,13129.5,13131.25,31,NQ.v.0
2021-04-01 05:34:00+00:00,33,1,2786,13131.0,13133.25,13130.25,13132.75,50,NQ.v.0
2021-04-01 05:35:00+00:00,33,1,2786,13131.75,13132.75,13131.0,13132.75,23,NQ.v.0
2021-04-01 05:36:00+00:00,33,1,2786,13132.25,13133.0,13132.0,13132.25,25,NQ.v.0
2021-04-01 05:37:00+00:00,33,1,2786,13132.75,13133.75,13132.5,13133.75,24,NQ.v.0
2021-04-01 05:38:00+00:00,33,1,2786,13133.75,13136.0,13132.5,13135.0,74,NQ.v.0
2021-04-01 05:39:00+00:00,33,1,2786,13135.25,13144.0,13134.75,13142.75,442,NQ.v.0
2021-04-01 05:40:00+00:00,33,1,2786,13141.75,13143.75,13140.0,13141.0,88,NQ.v.0
2021-04-01 05:41:00+00:00,33,1,2786,13140.5,13141.5,13139.75,13141.0,67,NQ.v.0
2021-04-01 05:42:00+00:00,33,1,2786,13141.5,13142.0,13140.75,13141.5,46,NQ.v.0
2021-04-01 05:43:00+00:00,33,1,2786,13142.0,13143.25,13141.25,13142.5,43,NQ.v.0
2021-04-01 05:44:00+00:00,33,1,2786,13142.25,13143.25,13141.5,13141.5,45,NQ.v.0
2021-04-01 05:45:00+00:00,33,1,2786,13142.0,13144.5,13141.75,13143.0,133,NQ.v.0
2021-04-01 05:46:00+00:00,33,1,2786,13143.0,13146.0,13142.5,13143.75,152,NQ.v.0
2021-04-01 05:47:00+00:00,33,1,2786,13142.75,13143.0,13140.75,13141.75,79,NQ.v.0
2021-04-01 05:48:00+00:00,33,1,2786,13141.25,13142.0,13139.0,13139.75,68,NQ.v.0
2021-04-01 05:49:00+00:00,33,1,2786,13140.25,13140.75,13140.0,13140.0,9,NQ.v.0
2021-04-01 05:50:00+00:00,33,1,2786,13140.75,13141.75,13140.25,13140.75,40,NQ.v.0
2021-04-01 05:51:00+00:00,33,1,2786,13140.75,13141.0,13138.5,13139.0,51,NQ.v.0
2021-04-01 05:52:00+00:00,33,1,2786,13139.25,13140.75,13139.0,13139.0,44,NQ.v.0
2021-04-01 05:53:00+00:00,33,1,2786,13139.0,13139.5,13138.25,13139.0,33,NQ.v.0
2021-04-01 05:54:00+00:00,33,1,2786,13139.0,13139.25,13137.0,13139.0,77,NQ.v.0
2021-04-01 05:55:00+00:00,33,1,2786,13138.5,13138.5,13137.0,13137.25,67,NQ.v.0
2021-04-01 05:56:00+00:00,33,1,2786,13137.25,13138.0,13136.75,13137.75,62,NQ.v.0
2021-04-01 05:57:00+00:00,33,1,2786,13137.0,13137.75,13136.5,13136.75,27,NQ.v.0
2021-04-01 05:58:00+00:00,33,1,2786,13136.5,13137.25,13136.0,13136.25,36,NQ.v.0
2021-04-01 05:59:00+00:00,33,1,2786,13135.75,13138.25,13135.5,13137.25,79,NQ.v.0
2021-04-01 06:00:00+00:00,33,1,2786,13137.5,13137.5,13133.75,13134.75,133,NQ.v.0
2021-04-01 06:01:00+00:00,33,1,2786,13134.5,13140.0,13134.5,13138.0,115,NQ.v.0
2021-04-01 06:02:00+00:00,33,1,2786,13138.25,13139.0,13136.75,13138.0,50,NQ.v.0
2021-04-01 06:03:00+00:00,33,1,2786,13137.75,13138.5,13137.5,13138.5,31,NQ.v.0
2021-04-01 06:04:00+00:00,33,1,2786,13138.0,13138.25,13136.5,13137.25,30,NQ.v.0
2021-04-01 06:05:00+00:00,33,1,2786,13136.75,13141.5,13136.5,13139.0,79,NQ.v.0
2021-04-01 06:06:00+00:00,33,1,2786,13139.25,13141.75,13139.0,13141.75,51,NQ.v.0
2021-04-01 06:07:00+00:00,33,1,2786,13141.25,13143.75,13140.75,13140.75,88,NQ.v.0
2021-04-01 06:08:00+00:00,33,1,2786,13140.75,13142.5,13140.0,13142.0,77,NQ.v.0
2021-04-01 06:09:00+00:00,33,1,2786,13142.0,13142.0,13138.5,13139.5,48,NQ.v.0
2021-04-01 06:10:00+00:00,33,1,2786,13138.75,13140.5,13138.75,13140.5,15,NQ.v.0
2021-04-01 06:11:00+00:00,33,1,2786,13140.5,13141.75,13139.75,13140.75,28,NQ.v.0
2021-04-01 06:12:00+00:00,33,1,2786,13140.75,13141.5,13135.25,13136.25,152,NQ.v.0
2021-04-01 06:13:00+00:00,33,1,2786,13135.0,13138.75,13135.0,13137.25,58,NQ.v.0
2021-04-01 06:14:00+00:00,33,1,2786,13137.5,13139.75,13136.75,13139.75,21,NQ.v.0
2021-04-01 06:15:00+00:00,33,1,2786,13140.0,13141.0,13139.0,13141.0,25,NQ.v.0
2021-04-01 06:16:00+00:00,33,1,2786,13140.75,13144.25,13140.75,13144.25,100,NQ.v.0
2021-04-01 06:17:00+00:00,33,1,2786,13144.25,13145.75,13143.25,13145.0,89,NQ.v.0
2021-04-01 06:18:00+00:00,33,1,2786,13145.0,13145.5,13142.5,13145.0,67,NQ.v.0
2021-04-01 06:19:00+00:00,33,1,2786,13144.5,13147.25,13143.75,13146.5,108,NQ.v.0
2021-04-01 06:20:00+00:00,33,1,2786,13146.25,13147.5,13145.5,13146.75,52,NQ.v.0
2021-04-01 06:21:00+00:00,33,1,2786,13147.0,13147.5,13145.0,13146.0,86,NQ.v.0
2021-04-01 06:22:00+00:00,33,1,2786,13146.0,13148.0,13145.25,13147.75,80,NQ.v.0
2021-04-01 06:23:00+00:00,33,1,2786,13147.75,13149.5,13146.25,13149.5,135,NQ.v.0
2021-04-01 06:24:00+00:00,33,1,2786,13149.0,13152.0,13148.25,13150.25,251,NQ.v.0
2021-04-01 06:25:00+00:00,33,1,2786,13150.0,13150.75,13148.0,13149.5,63,NQ.v.0
2021-04-01 06:26:00+00:00,33,1,2786,13149.25,13149.5,13147.75,13149.5,30,NQ.v.0
2021-04-01 06:27:00+00:00,33,1,2786,13149.75,13151.0,13149.0,13150.0,43,NQ.v.0
2021-04-01 06:28:00+00:00,33,1,2786,13149.5,13150.75,13149.25,13149.25,20,NQ.v.0
2021-04-01 06:29:00+00:00,33,1,2786,13149.25,13149.5,13148.25,13148.25,27,NQ.v.0
2021-04-01 06:30:00+00:00,33,1,2786,13148.5,13151.75,13148.25,13150.25,104,NQ.v.0
2021-04-01 06:31:00+00:00,33,1,2786,13151.0,13153.25,13150.5,13150.75,197,NQ.v.0
2021-04-01 06:32:00+00:00,33,1,2786,13151.75,13161.5,13151.0,13158.5,611,NQ.v.0
2021-04-01 06:33:00+00:00,33,1,2786,13159.0,13160.0,13156.25,13158.0,187,NQ.v.0
2021-04-01 06:34:00+00:00,33,1,2786,13157.25,13158.25,13156.5,13158.0,105,NQ.v.0
2021-04-01 06:35:00+00:00,33,1,2786,13158.25,13158.75,13155.75,13158.75,97,NQ.v.0
2021-04-01 06:36:00+00:00,33,1,2786,13158.75,13165.0,13158.75,13162.25,348,NQ.v.0
2021-04-01 06:37:00+00:00,33,1,2786,13162.5,13164.25,13161.25,13161.25,131,NQ.v.0
2021-04-01 06:38:00+00:00,33,1,2786,13161.25,13162.75,13160.5,13162.25,93,NQ.v.0
2021-04-01 06:39:00+00:00,33,1,2786,13163.0,13164.5,13162.0,13163.75,89,NQ.v.0
2021-04-01 06:40:00+00:00,33,1,2786,13163.5,13169.0,13163.0,13164.5,289,NQ.v.0
2021-04-01 06:41:00+00:00,33,1,2786,13165.25,13168.25,13164.25,13167.5,127,NQ.v.0
2021-04-01 06:42:00+00:00,33,1,2786,13168.25,13173.25,13167.5,13170.0,371,NQ.v.0
2021-04-01 06:43:00+00:00,33,1,2786,13170.75,13174.0,13169.0,13174.0,260,NQ.v.0
2021-04-01 06:44:00+00:00,33,1,2786,13173.5,13176.75,13169.0,13169.25,277,NQ.v.0
2021-04-01 06:45:00+00:00,33,1,2786,13168.75,13171.25,13168.5,13170.25,115,NQ.v.0
2021-04-01 06:46:00+00:00,33,1,2786,13170.5,13173.0,13170.5,13172.75,49,NQ.v.0
2021-04-01 06:47:00+00:00,33,1,2786,13173.0,13173.75,13170.0,13171.5,126,NQ.v.0
2021-04-01 06:48:00+00:00,33,1,2786,13171.75,13173.25,13171.25,13172.5,43,NQ.v.0
2021-04-01 06:49:00+00:00,33,1,2786,13172.25,13173.0,13172.0,13172.5,36,NQ.v.0
2021-04-01 06:50:00+00:00,33,1,2786,13172.25,13172.5,13168.75,13172.0,85,NQ.v.0
2021-04-01 06:51:00+00:00,33,1,2786,13171.5,13171.5,13169.25,13169.5,44,NQ.v.0
2021-04-01 06:52:00+00:00,33,1,2786,13170.0,13170.0,13167.0,13168.75,167,NQ.v.0
2021-04-01 06:53:00+00:00,33,1,2786,13168.5,13170.0,13167.0,13168.75,84,NQ.v.0
2021-04-01 06:54:00+00:00,33,1,2786,13168.5,13169.75,13168.0,13168.75,33,NQ.v.0
2021-04-01 06:55:00+00:00,33,1,2786,13169.0,13169.25,13166.25,13166.25,90,NQ.v.0
2021-04-01 06:56:00+00:00,33,1,2786,13166.5,13166.5,13165.0,13165.75,46,NQ.v.0
2021-04-01 06:57:00+00:00,33,1,2786,13166.0,13166.75,13165.25,13166.0,51,NQ.v.0
2021-04-01 06:58:00+00:00,33,1,2786,13165.5,13168.5,13165.5,13168.5,67,NQ.v.0
2021-04-01 06:59:00+00:00,33,1,2786,13167.75,13168.5,13166.75,13167.75,46,NQ.v.0
2021-04-01 07:00:00+00:00,33,1,2786,13167.75,13168.25,13160.0,13162.75,311,NQ.v.0
2021-04-01 07:01:00+00:00,33,1,2786,13163.5,13166.5,13163.5,13166.0,113,NQ.v.0
2021-04-01 07:02:00+00:00,33,1,2786,13165.75,13167.75,13163.75,13166.5,74,NQ.v.0
2021-04-01 07:03:00+00:00,33,1,2786,13165.5,13166.5,13164.5,13166.5,71,NQ.v.0
2021-04-01 07:04:00+00:00,33,1,2786,13166.0,13167.0,13164.0,13166.0,96,NQ.v.0
2021-04-01 07:05:00+00:00,33,1,2786,13166.75,13167.5,13163.25,13167.5,119,NQ.v.0
2021-04-01 07:06:00+00:00,33,1,2786,13167.0,13168.0,13165.25,13167.75,163,NQ.v.0
2021-04-01 07:07:00+00:00,33,1,2786,13168.25,13171.75,13167.0,13171.0,181,NQ.v.0
2021-04-01 07:08:00+00:00,33,1,2786,13171.75,13174.0,13170.75,13174.0,216,NQ.v.0
2021-04-01 07:09:00+00:00,33,1,2786,13173.25,13177.5,13172.75,13176.0,241,NQ.v.0
2021-04-01 07:10:00+00:00,33,1,2786,13176.25,13181.5,13174.75,13178.0,428,NQ.v.0
2021-04-01 07:11:00+00:00,33,1,2786,13178.25,13178.5,13168.5,13169.75,291,NQ.v.0
2021-04-01 07:12:00+00:00,33,1,2786,13169.25,13172.0,13169.0,13171.5,56,NQ.v.0
2021-04-01 07:13:00+00:00,33,1,2786,13171.0,13173.75,13169.75,13173.25,57,NQ.v.0
2021-04-01 07:14:00+00:00,33,1,2786,13173.75,13174.0,13172.25,13174.0,60,NQ.v.0
2021-04-01 07:15:00+00:00,33,1,2786,13174.0,13174.0,13168.75,13168.75,86,NQ.v.0
2021-04-01 07:16:00+00:00,33,1,2786,13168.5,13169.5,13166.0,13168.5,107,NQ.v.0
2021-04-01 07:17:00+00:00,33,1,2786,13168.0,13168.25,13166.25,13168.0,61,NQ.v.0
2021-04-01 07:18:00+00:00,33,1,2786,13167.5,13168.25,13167.25,13167.25,23,NQ.v.0
2021-04-01 07:19:00+00:00,33,1,2786,13167.25,13168.0,13165.25,13166.5,53,NQ.v.0
2021-04-01 07:20:00+00:00,33,1,2786,13166.75,13169.75,13166.25,13169.25,71,NQ.v.0
2021-04-01 07:21:00+00:00,33,1,2786,13169.0,13175.75,13169.0,13174.5,145,NQ.v.0
2021-04-01 07:22:00+00:00,33,1,2786,13174.5,13175.25,13173.25,13175.0,57,NQ.v.0
2021-04-01 07:23:00+00:00,33,1,2786,13174.75,13180.0,13174.75,13178.5,175,NQ.v.0
2021-04-01 07:24:00+00:00,33,1,2786,13178.5,13184.0,13178.0,13183.75,279,NQ.v.0
2021-04-01 07:25:00+00:00,33,1,2786,13183.0,13183.75,13180.5,13182.75,154,NQ.v.0
2021-04-01 07:26:00+00:00,33,1,2786,13182.75,13186.5,13182.75,13185.0,237,NQ.v.0
2021-04-01 07:27:00+00:00,33,1,2786,13185.0,13187.75,13183.5,13187.75,198,NQ.v.0
2021-04-01 07:28:00+00:00,33,1,2786,13187.75,13195.0,13187.25,13189.5,499,NQ.v.0
2021-04-01 07:29:00+00:00,33,1,2786,13189.5,13190.5,13187.5,13188.0,107,NQ.v.0
2021-04-01 07:30:00+00:00,33,1,2786,13187.75,13188.75,13184.0,13184.75,161,NQ.v.0
2021-04-01 07:31:00+00:00,33,1,2786,13185.0,13187.0,13184.25,13185.5,108,NQ.v.0
2021-04-01 07:32:00+00:00,33,1,2786,13185.0,13186.25,13184.5,13186.0,88,NQ.v.0
2021-04-01 07:33:00+00:00,33,1,2786,13186.0,13186.5,13183.25,13184.0,96,NQ.v.0
2021-04-01 07:34:00+00:00,33,1,2786,13184.25,13188.25,13182.25,13188.25,159,NQ.v.0
2021-04-01 07:35:00+00:00,33,1,2786,13187.5,13188.0,13185.75,13187.25,103,NQ.v.0
2021-04-01 07:36:00+00:00,33,1,2786,13186.75,13188.0,13186.25,13187.25,76,NQ.v.0
2021-04-01 07:37:00+00:00,33,1,2786,13187.75,13192.75,13187.25,13192.75,157,NQ.v.0
2021-04-01 07:38:00+00:00,33,1,2786,13192.75,13197.0,13191.75,13196.25,334,NQ.v.0
2021-04-01 07:39:00+00:00,33,1,2786,13196.0,13197.5,13193.25,13196.75,197,NQ.v.0
2021-04-01 07:40:00+00:00,33,1,2786,13196.5,13204.5,13196.5,13203.75,476,NQ.v.0
2021-04-01 07:41:00+00:00,33,1,2786,13203.5,13208.0,13203.5,13207.25,347,NQ.v.0
2021-04-01 07:42:00+00:00,33,1,2786,13207.5,13220.0,13206.25,13215.0,798,NQ.v.0
2021-04-01 07:43:00+00:00,33,1,2786,13214.5,13215.75,13212.25,13215.5,218,NQ.v.0
2021-04-01 07:44:00+00:00,33,1,2786,13215.0,13219.0,13213.5,13217.25,211,NQ.v.0
2021-04-01 07:45:00+00:00,33,1,2786,13217.25,13222.5,13216.75,13217.25,410,NQ.v.0
2021-04-01 07:46:00+00:00,33,1,2786,13217.0,13217.5,13213.25,13217.5,269,NQ.v.0
2021-04-01 07:47:00+00:00,33,1,2786,13217.5,13219.0,13214.0,13214.0,154,NQ.v.0
2021-04-01 07:48:00+00:00,33,1,2786,13213.75,13218.0,13212.5,13214.0,166,NQ.v.0
2021-04-01 07:49:00+00:00,33,1,2786,13213.75,13215.25,13213.5,13213.75,120,NQ.v.0
2021-04-01 07:50:00+00:00,33,1,2786,13213.75,13214.25,13209.5,13210.5,226,NQ.v.0
2021-04-01 07:51:00+00:00,33,1,2786,13211.0,13211.25,13208.25,13209.0,176,NQ.v.0
2021-04-01 07:52:00+00:00,33,1,2786,13208.75,13211.75,13207.0,13209.25,163,NQ.v.0
2021-04-01 07:53:00+00:00,33,1,2786,13210.0,13211.25,13209.25,13209.75,105,NQ.v.0
2021-04-01 07:54:00+00:00,33,1,2786,13209.5,13212.0,13209.0,13211.5,100,NQ.v.0
2021-04-01 07:55:00+00:00,33,1,2786,13211.75,13214.25,13210.5,13213.25,147,NQ.v.0
2021-04-01 07:56:00+00:00,33,1,2786,13213.25,13216.25,13211.25,13215.75,156,NQ.v.0
2021-04-01 07:57:00+00:00,33,1,2786,13216.0,13219.0,13214.75,13218.5,164,NQ.v.0
2021-04-01 07:58:00+00:00,33,1,2786,13218.75,13219.0,13215.0,13217.25,80,NQ.v.0
2021-04-01 07:59:00+00:00,33,1,2786,13216.75,13217.75,13214.75,13217.0,101,NQ.v.0
2021-04-01 08:00:00+00:00,33,1,2786,13217.5,13218.5,13212.5,13213.25,233,NQ.v.0
2021-04-01 08:01:00+00:00,33,1,2786,13212.25,13214.25,13209.25,13212.25,208,NQ.v.0
2021-04-01 08:02:00+00:00,33,1,2786,13212.0,13217.25,13210.5,13217.25,150,NQ.v.0
2021-04-01 08:03:00+00:00,33,1,2786,13216.75,13217.75,13214.25,13217.75,109,NQ.v.0
2021-04-01 08:04:00+00:00,33,1,2786,13217.5,13218.25,13213.5,13214.25,111,NQ.v.0
2021-04-01 08:05:00+00:00,33,1,2786,13215.0,13218.0,13214.25,13216.75,225,NQ.v.0
2021-04-01 08:06:00+00:00,33,1,2786,13216.0,13218.25,13214.25,13217.25,90,NQ.v.0
2021-04-01 08:07:00+00:00,33,1,2786,13217.75,13232.25,13217.75,13230.75,771,NQ.v.0
2021-04-01 08:08:00+00:00,33,1,2786,13230.25,13233.75,13229.25,13230.25,342,NQ.v.0
2021-04-01 08:09:00+00:00,33,1,2786,13230.75,13232.0,13225.75,13226.0,261,NQ.v.0
2021-04-01 08:10:00+00:00,33,1,2786,13227.0,13227.75,13225.5,13227.0,174,NQ.v.0
2021-04-01 08:11:00+00:00,33,1,2786,13227.5,13229.5,13225.0,13226.25,97,NQ.v.0
2021-04-01 08:12:00+00:00,33,1,2786,13227.0,13227.25,13223.5,13226.25,180,NQ.v.0
2021-04-01 08:13:00+00:00,33,1,2786,13226.25,13226.5,13224.5,13225.5,86,NQ.v.0
2021-04-01 08:14:00+00:00,33,1,2786,13225.5,13226.5,13222.25,13225.25,266,NQ.v.0
2021-04-01 08:15:00+00:00,33,1,2786,13225.25,13227.75,13224.0,13225.25,84,NQ.v.0
2021-04-01 08:16:00+00:00,33,1,2786,13224.5,13226.25,13224.25,13224.25,38,NQ.v.0
2021-04-01 08:17:00+00:00,33,1,2786,13224.25,13227.25,13224.25,13226.75,113,NQ.v.0
2021-04-01 08:18:00+00:00,33,1,2786,13227.5,13236.25,13226.75,13233.0,458,NQ.v.0
2021-04-01 08:19:00+00:00,33,1,2786,13232.75,13234.0,13229.75,13230.5,109,NQ.v.0
2021-04-01 08:20:00+00:00,33,1,2786,13230.5,13231.75,13226.5,13229.0,186,NQ.v.0
2021-04-01 08:21:00+00:00,33,1,2786,13229.0,13230.75,13228.0,13229.0,137,NQ.v.0
2021-04-01 08:22:00+00:00,33,1,2786,13229.0,13229.0,13226.25,13226.75,129,NQ.v.0
2021-04-01 08:23:00+00:00,33,1,2786,13226.5,13228.0,13223.0,13224.75,247,NQ.v.0
2021-04-01 08:24:00+00:00,33,1,2786,13224.5,13224.5,13220.75,13222.0,180,NQ.v.0
2021-04-01 08:25:00+00:00,33,1,2786,13223.75,13227.5,13220.25,13224.25,282,NQ.v.0
2021-04-01 08:26:00+00:00,33,1,2786,13224.25,13224.75,13222.5,13223.75,81,NQ.v.0
2021-04-01 08:27:00+00:00,33,1,2786,13224.25,13224.25,13222.25,13224.0,53,NQ.v.0
2021-04-01 08:28:00+00:00,33,1,2786,13224.5,13226.5,13224.0,13225.5,58,NQ.v.0
2021-04-01 08:29:00+00:00,33,1,2786,13225.5,13226.25,13222.75,13223.25,87,NQ.v.0
2021-04-01 08:30:00+00:00,33,1,2786,13223.25,13225.5,13222.25,13225.5,73,NQ.v.0
2021-04-01 08:31:00+00:00,33,1,2786,13225.0,13226.0,13224.0,13225.0,87,NQ.v.0
2021-04-01 08:32:00+00:00,33,1,2786,13225.0,13225.25,13223.5,13224.25,40,NQ.v.0
2021-04-01 08:33:00+00:00,33,1,2786,13224.0,13225.0,13221.5,13224.5,105,NQ.v.0
2021-04-01 08:34:00+00:00,33,1,2786,13224.75,13224.75,13222.0,13224.5,54,NQ.v.0
2021-04-01 08:35:00+00:00,33,1,2786,13224.75,13225.0,13221.75,13222.25,54,NQ.v.0
2021-04-01 08:36:00+00:00,33,1,2786,13223.25,13224.25,13222.75,13224.0,32,NQ.v.0
2021-04-01 08:37:00+00:00,33,1,2786,13223.25,13223.25,13219.75,13221.0,142,NQ.v.0
2021-04-01 08:38:00+00:00,33,1,2786,13220.75,13222.0,13218.0,13220.0,168,NQ.v.0
2021-04-01 08:39:00+00:00,33,1,2786,13220.0,13220.75,13211.75,13213.25,423,NQ.v.0
2021-04-01 08:40:00+00:00,33,1,2786,13213.0,13219.25,13212.75,13215.5,176,NQ.v.0
2021-04-01 08:41:00+00:00,33,1,2786,13215.0,13215.75,13206.75,13207.5,458,NQ.v.0
2021-04-01 08:42:00+00:00,33,1,2786,13207.25,13207.25,13192.75,13193.75,782,NQ.v.0
2021-04-01 08:43:00+00:00,33,1,2786,13193.25,13201.75,13191.75,13200.5,552,NQ.v.0
2021-04-01 08:44:00+00:00,33,1,2786,13200.5,13203.5,13197.0,13203.0,217,NQ.v.0
2021-04-01 08:45:00+00:00,33,1,2786,13203.0,13206.75,13202.0,13205.0,183,NQ.v.0
2021-04-01 08:46:00+00:00,33,1,2786,13206.25,13206.75,13201.75,13202.75,139,NQ.v.0
2021-04-01 08:47:00+00:00,33,1,2786,13202.75,13207.5,13202.0,13207.0,94,NQ.v.0
2021-04-01 08:48:00+00:00,33,1,2786,13206.5,13209.0,13204.5,13206.5,252,NQ.v.0
2021-04-01 08:49:00+00:00,33,1,2786,13206.5,13207.5,13203.5,13207.5,144,NQ.v.0
2021-04-01 08:50:00+00:00,33,1,2786,13207.25,13211.75,13207.0,13210.0,222,NQ.v.0
2021-04-01 08:51:00+00:00,33,1,2786,13209.5,13211.75,13209.5,13211.0,96,NQ.v.0
2021-04-01 08:52:00+00:00,33,1,2786,13212.0,13213.25,13210.25,13210.25,71,NQ.v.0
2021-04-01 08:53:00+00:00,33,1,2786,13209.75,13210.75,13207.75,13208.5,113,NQ.v.0
2021-04-01 08:54:00+00:00,33,1,2786,13208.5,13209.75,13207.25,13208.25,59,NQ.v.0
2021-04-01 08:55:00+00:00,33,1,2786,13207.75,13210.0,13207.75,13209.25,45,NQ.v.0
2021-04-01 08:56:00+00:00,33,1,2786,13209.25,13217.25,13208.25,13217.0,198,NQ.v.0
2021-04-01 08:57:00+00:00,33,1,2786,13217.0,13218.75,13210.5,13212.0,254,NQ.v.0
2021-04-01 08:58:00+00:00,33,1,2786,13211.25,13217.0,13211.25,13216.75,200,NQ.v.0
2021-04-01 08:59:00+00:00,33,1,2786,13216.5,13217.75,13212.25,13214.25,132,NQ.v.0
2021-04-01 09:00:00+00:00,33,1,2786,13214.25,13214.25,13210.0,13211.0,93,NQ.v.0
2021-04-01 09:01:00+00:00,33,1,2786,13210.75,13214.75,13210.5,13212.5,93,NQ.v.0
2021-04-01 09:02:00+00:00,33,1,2786,13213.0,13213.5,13207.0,13208.0,156,NQ.v.0
2021-04-01 09:03:00+00:00,33,1,2786,13208.0,13209.5,13205.5,13208.0,164,NQ.v.0
2021-04-01 09:04:00+00:00,33,1,2786,13208.5,13210.75,13207.25,13210.75,99,NQ.v.0
2021-04-01 09:05:00+00:00,33,1,2786,13210.75,13214.0,13208.75,13209.5,251,NQ.v.0
2021-04-01 09:06:00+00:00,33,1,2786,13209.5,13211.25,13209.5,13210.75,31,NQ.v.0
2021-04-01 09:07:00+00:00,33,1,2786,13210.0,13212.5,13209.5,13211.0,59,NQ.v.0
2021-04-01 09:08:00+00:00,33,1,2786,13210.75,13213.25,13210.75,13213.0,41,NQ.v.0
2021-04-01 09:09:00+00:00,33,1,2786,13212.5,13214.0,13212.0,13213.25,40,NQ.v.0
2021-04-01 09:10:00+00:00,33,1,2786,13212.75,13218.75,13212.75,13215.0,252,NQ.v.0
2021-04-01 09:11:00+00:00,33,1,2786,13214.75,13215.75,13211.5,13214.25,184,NQ.v.0
2021-04-01 09:12:00+00:00,33,1,2786,13214.0,13214.75,13209.0,13210.5,150,NQ.v.0
2021-04-01 09:13:00+00:00,33,1,2786,13210.5,13212.75,13209.25,13209.25,57,NQ.v.0
2021-04-01 09:14:00+00:00,33,1,2786,13209.0,13210.25,13204.5,13205.5,105,NQ.v.0
2021-04-01 09:15:00+00:00,33,1,2786,13205.75,13207.75,13204.75,13207.75,111,NQ.v.0
2021-04-01 09:16:00+00:00,33,1,2786,13208.0,13210.5,13208.0,13208.25,62,NQ.v.0
2021-04-01 09:17:00+00:00,33,1,2786,13208.5,13210.0,13207.75,13209.0,36,NQ.v.0
2021-04-01 09:18:00+00:00,33,1,2786,13208.75,13209.0,13207.75,13208.25,26,NQ.v.0
2021-04-01 09:19:00+00:00,33,1,2786,13209.0,13212.5,13208.25,13210.5,132,NQ.v.0
2021-04-01 09:20:00+00:00,33,1,2786,13210.75,13212.0,13209.75,13211.5,99,NQ.v.0
2021-04-01 09:21:00+00:00,33,1,2786,13211.25,13213.5,13209.75,13212.75,64,NQ.v.0
2021-04-01 09:22:00+00:00,33,1,2786,13213.75,13214.75,13212.5,13212.75,48,NQ.v.0
2021-04-01 09:23:00+00:00,33,1,2786,13213.0,13213.0,13207.0,13207.75,101,NQ.v.0
2021-04-01 09:24:00+00:00,33,1,2786,13207.5,13207.75,13204.75,13205.25,196,NQ.v.0
2021-04-01 09:25:00+00:00,33,1,2786,13205.5,13206.25,13203.25,13206.25,58,NQ.v.0
2021-04-01 09:26:00+00:00,33,1,2786,13206.5,13211.0,13205.75,13210.25,246,NQ.v.0
2021-04-01 09:27:00+00:00,33,1,2786,13210.5,13211.5,13204.75,13207.0,116,NQ.v.0
2021-04-01 09:28:00+00:00,33,1,2786,13207.5,13209.75,13207.0,13207.0,97,NQ.v.0
2021-04-01 09:29:00+00:00,33,1,2786,13207.5,13210.75,13206.75,13209.25,110,NQ.v.0
2021-04-01 09:30:00+00:00,33,1,2786,13209.0,13212.0,13208.75,13210.25,82,NQ.v.0
2021-04-01 09:31:00+00:00,33,1,2786,13210.25,13214.5,13210.0,13213.0,241,NQ.v.0
2021-04-01 09:32:00+00:00,33,1,2786,13213.25,13214.5,13210.0,13211.5,101,NQ.v.0
2021-04-01 09:33:00+00:00,33,1,2786,13210.5,13210.75,13209.25,13210.75,30,NQ.v.0
2021-04-01 09:34:00+00:00,33,1,2786,13211.0,13213.25,13210.5,13211.75,48,NQ.v.0
2021-04-01 09:35:00+00:00,33,1,2786,13212.25,13212.5,13210.5,13212.5,39,NQ.v.0
2021-04-01 09:36:00+00:00,33,1,2786,13213.25,13221.25,13211.75,13219.0,397,NQ.v.0
2021-04-01 09:37:00+00:00,33,1,2786,13219.75,13227.0,13218.75,13224.75,446,NQ.v.0
2021-04-01 09:38:00+00:00,33,1,2786,13224.25,13226.5,13223.0,13225.0,93,NQ.v.0
2021-04-01 09:39:00+00:00,33,1,2786,13225.0,13226.25,13223.0,13224.0,62,NQ.v.0
2021-04-01 09:40:00+00:00,33,1,2786,13223.25,13225.5,13223.25,13225.5,37,NQ.v.0
2021-04-01 09:41:00+00:00,33,1,2786,13225.25,13229.5,13224.25,13225.0,155,NQ.v.0
2021-04-01 09:42:00+00:00,33,1,2786,13224.75,13228.0,13224.75,13228.0,92,NQ.v.0
2021-04-01 09:43:00+00:00,33,1,2786,13227.75,13229.5,13226.75,13228.75,99,NQ.v.0
2021-04-01 09:44:00+00:00,33,1,2786,13228.25,13228.5,13225.0,13225.75,57,NQ.v.0
2021-04-01 09:45:00+00:00,33,1,2786,13225.5,13226.75,13225.0,13225.75,49,NQ.v.0
2021-04-01 09:46:00+00:00,33,1,2786,13225.25,13226.75,13223.5,13223.75,90,NQ.v.0
2021-04-01 09:47:00+00:00,33,1,2786,13223.75,13224.25,13219.75,13220.75,212,NQ.v.0
2021-04-01 09:48:00+00:00,33,1,2786,13221.0,13221.0,13218.0,13218.75,62,NQ.v.0
2021-04-01 09:49:00+00:00,33,1,2786,13218.25,13219.5,13216.5,13217.25,68,NQ.v.0
2021-04-01 09:50:00+00:00,33,1,2786,13216.5,13218.5,13214.25,13215.5,88,NQ.v.0
2021-04-01 09:51:00+00:00,33,1,2786,13215.25,13216.0,13214.5,13214.75,55,NQ.v.0
2021-04-01 09:52:00+00:00,33,1,2786,13215.5,13217.75,13215.0,13216.5,61,NQ.v.0
2021-04-01 09:53:00+00:00,33,1,2786,13216.25,13218.5,13215.25,13215.25,58,NQ.v.0
2021-04-01 09:54:00+00:00,33,1,2786,13216.25,13216.5,13214.25,13214.75,90,NQ.v.0
2021-04-01 09:55:00+00:00,33,1,2786,13215.0,13216.75,13214.25,13215.0,37,NQ.v.0
2021-04-01 09:56:00+00:00,33,1,2786,13214.75,13215.75,13213.25,13214.75,33,NQ.v.0
2021-04-01 09:57:00+00:00,33,1,2786,13214.25,13215.25,13213.5,13214.75,39,NQ.v.0
2021-04-01 09:58:00+00:00,33,1,2786,13215.75,13216.25,13213.75,13215.0,60,NQ.v.0
2021-04-01 09:59:00+00:00,33,1,2786,13216.0,13216.0,13214.75,13216.0,14,NQ.v.0
2021-04-01 10:00:00+00:00,33,1,2786,13216.5,13217.0,13209.75,13212.5,181,NQ.v.0
2021-04-01 10:01:00+00:00,33,1,2786,13212.25,13214.25,13212.25,13213.25,24,NQ.v.0
2021-04-01 10:02:00+00:00,33,1,2786,13212.75,13213.0,13211.75,13212.5,26,NQ.v.0
2021-04-01 10:03:00+00:00,33,1,2786,13212.25,13212.25,13210.0,13211.75,102,NQ.v.0
2021-04-01 10:04:00+00:00,33,1,2786,13211.25,13212.25,13210.5,13211.25,47,NQ.v.0
2021-04-01 10:05:00+00:00,33,1,2786,13211.0,13212.0,13208.5,13211.25,123,NQ.v.0
2021-04-01 10:06:00+00:00,33,1,2786,13211.0,13214.0,13210.75,13213.0,47,NQ.v.0
2021-04-01 10:07:00+00:00,33,1,2786,13212.75,13213.0,13209.25,13210.25,70,NQ.v.0
2021-04-01 10:08:00+00:00,33,1,2786,13211.0,13211.25,13204.25,13205.5,166,NQ.v.0
2021-04-01 10:09:00+00:00,33,1,2786,13205.0,13207.5,13204.75,13205.0,126,NQ.v.0
2021-04-01 10:10:00+00:00,33,1,2786,13205.0,13207.25,13204.5,13207.25,62,NQ.v.0
2021-04-01 10:11:00+00:00,33,1,2786,13207.5,13208.25,13206.75,13207.75,42,NQ.v.0
2021-04-01 10:12:00+00:00,33,1,2786,13207.5,13207.75,13205.25,13205.75,45,NQ.v.0
2021-04-01 10:13:00+00:00,33,1,2786,13205.75,13206.75,13204.75,13205.0,37,NQ.v.0
2021-04-01 10:14:00+00:00,33,1,2786,13204.75,13207.75,13204.75,13207.0,35,NQ.v.0
2021-04-01 10:15:00+00:00,33,1,2786,13206.25,13208.25,13206.0,13208.0,75,NQ.v.0
2021-04-01 10:16:00+00:00,33,1,2786,13208.0,13208.5,13207.25,13208.0,31,NQ.v.0
2021-04-01 10:17:00+00:00,33,1,2786,13208.5,13209.5,13207.75,13208.25,45,NQ.v.0
2021-04-01 10:18:00+00:00,33,1,2786,13208.5,13210.25,13208.25,13209.5,36,NQ.v.0
2021-04-01 10:19:00+00:00,33,1,2786,13209.0,13209.25,13207.5,13207.75,25,NQ.v.0
2021-04-01 10:20:00+00:00,33,1,2786,13207.25,13208.75,13206.75,13208.25,35,NQ.v.0
2021-04-01 10:21:00+00:00,33,1,2786,13208.0,13210.25,13207.25,13208.75,74,NQ.v.0
2021-04-01 10:22:00+00:00,33,1,2786,13208.25,13210.0,13207.5,13209.0,70,NQ.v.0
2021-04-01 10:23:00+00:00,33,1,2786,13209.0,13209.0,13207.5,13208.0,18,NQ.v.0
2021-04-01 10:24:00+00:00,33,1,2786,13207.75,13209.5,13207.25,13209.25,21,NQ.v.0
2021-04-01 10:25:00+00:00,33,1,2786,13209.0,13209.5,13207.25,13208.0,29,NQ.v.0
2021-04-01 10:26:00+00:00,33,1,2786,13207.75,13208.25,13207.0,13208.0,24,NQ.v.0
2021-04-01 10:27:00+00:00,33,1,2786,13207.75,13208.0,13207.25,13207.5,20,NQ.v.0
2021-04-01 10:28:00+00:00,33,1,2786,13207.75,13207.75,13205.25,13205.5,82,NQ.v.0
2021-04-01 10:29:00+00:00,33,1,2786,13205.0,13206.75,13203.25,13203.25,95,NQ.v.0
2021-04-01 10:30:00+00:00,33,1,2786,13203.75,13207.0,13203.75,13206.75,55,NQ.v.0
2021-04-01 10:31:00+00:00,33,1,2786,13206.25,13207.75,13206.0,13206.5,43,NQ.v.0
2021-04-01 10:32:00+00:00,33,1,2786,13206.75,13207.25,13200.25,13201.0,142,NQ.v.0
2021-04-01 10:33:00+00:00,33,1,2786,13201.0,13202.75,13200.5,13201.0,62,NQ.v.0
2021-04-01 10:34:00+00:00,33,1,2786,13201.5,13202.75,13200.25,13201.5,55,NQ.v.0
2021-04-01 10:35:00+00:00,33,1,2786,13200.75,13203.0,13199.0,13203.0,108,NQ.v.0
2021-04-01 10:36:00+00:00,33,1,2786,13203.0,13203.0,13200.0,13201.5,46,NQ.v.0
2021-04-01 10:37:00+00:00,33,1,2786,13201.75,13202.5,13200.5,13201.5,56,NQ.v.0
2021-04-01 10:38:00+00:00,33,1,2786,13201.25,13202.75,13200.5,13202.0,41,NQ.v.0
2021-04-01 10:39:00+00:00,33,1,2786,13201.75,13204.5,13201.5,13204.25,65,NQ.v.0
2021-04-01 10:40:00+00:00,33,1,2786,13203.75,13205.0,13203.5,13205.0,67,NQ.v.0
2021-04-01 10:41:00+00:00,33,1,2786,13205.0,13209.0,13204.5,13208.0,112,NQ.v.0
2021-04-01 10:42:00+00:00,33,1,2786,13208.25,13209.75,13206.75,13209.0,72,NQ.v.0
2021-04-01 10:43:00+00:00,33,1,2786,13209.75,13210.75,13208.5,13209.5,83,NQ.v.0
2021-04-01 10:44:00+00:00,33,1,2786,13209.5,13210.5,13209.0,13209.75,39,NQ.v.0
2021-04-01 10:45:00+00:00,33,1,2786,13210.0,13215.0,13209.25,13212.25,162,NQ.v.0
2021-04-01 10:46:00+00:00,33,1,2786,13212.25,13213.75,13210.25,13210.5,100,NQ.v.0
2021-04-01 10:47:00+00:00,33,1,2786,13210.25,13212.0,13209.75,13210.25,57,NQ.v.0
2021-04-01 10:48:00+00:00,33,1,2786,13210.0,13211.0,13209.5,13209.75,78,NQ.v.0
2021-04-01 10:49:00+00:00,33,1,2786,13209.75,13210.25,13209.0,13209.75,27,NQ.v.0
2021-04-01 10:50:00+00:00,33,1,2786,13210.0,13210.5,13208.0,13208.0,58,NQ.v.0
2021-04-01 10:51:00+00:00,33,1,2786,13208.25,13209.25,13207.75,13207.75,32,NQ.v.0
2021-04-01 10:52:00+00:00,33,1,2786,13207.25,13207.25,13203.75,13204.25,115,NQ.v.0
2021-04-01 10:53:00+00:00,33,1,2786,13204.0,13204.25,13201.5,13202.75,75,NQ.v.0
2021-04-01 10:54:00+00:00,33,1,2786,13202.75,13205.0,13202.5,13205.0,55,NQ.v.0
2021-04-01 10:55:00+00:00,33,1,2786,13204.75,13205.5,13203.5,13204.5,48,NQ.v.0
2021-04-01 10:56:00+00:00,33,1,2786,13204.75,13206.0,13204.0,13204.25,41,NQ.v.0
2021-04-01 10:57:00+00:00,33,1,2786,13204.25,13205.25,13203.75,13204.75,29,NQ.v.0
2021-04-01 10:58:00+00:00,33,1,2786,13204.75,13205.0,13203.25,13203.75,53,NQ.v.0
2021-04-01 10:59:00+00:00,33,1,2786,13204.0,13204.25,13202.5,13203.75,27,NQ.v.0
2021-04-01 11:00:00+00:00,33,1,2786,13202.75,13211.0,13202.0,13208.25,225,NQ.v.0
2021-04-01 11:01:00+00:00,33,1,2786,13208.75,13209.25,13205.5,13207.25,73,NQ.v.0
2021-04-01 11:02:00+00:00,33,1,2786,13207.0,13208.0,13205.5,13205.75,44,NQ.v.0
2021-04-01 11:03:00+00:00,33,1,2786,13206.0,13206.0,13204.0,13204.75,49,NQ.v.0
2021-04-01 11:04:00+00:00,33,1,2786,13205.25,13209.5,13204.0,13208.25,84,NQ.v.0
2021-04-01 11:05:00+00:00,33,1,2786,13208.25,13214.75,13208.25,13213.75,232,NQ.v.0
2021-04-01 11:06:00+00:00,33,1,2786,13214.0,13215.0,13211.0,13212.25,133,NQ.v.0
2021-04-01 11:07:00+00:00,33,1,2786,13212.0,13212.5,13211.0,13211.0,47,NQ.v.0
2021-04-01 11:08:00+00:00,33,1,2786,13211.5,13213.0,13210.5,13213.0,74,NQ.v.0
2021-04-01 11:09:00+00:00,33,1,2786,13213.25,13214.0,13211.0,13211.5,91,NQ.v.0
2021-04-01 11:10:00+00:00,33,1,2786,13211.5,13218.0,13211.5,13215.75,199,NQ.v.0
2021-04-01 11:11:00+00:00,33,1,2786,13216.25,13216.5,13209.5,13209.5,129,NQ.v.0
2021-04-01 11:12:00+00:00,33,1,2786,13210.0,13212.0,13210.0,13211.75,81,NQ.v.0
2021-04-01 11:13:00+00:00,33,1,2786,13212.0,13212.25,13210.5,13211.5,27,NQ.v.0
2021-04-01 11:14:00+00:00,33,1,2786,13211.5,13213.0,13211.25,13211.25,26,NQ.v.0
2021-04-01 11:15:00+00:00,33,1,2786,13211.0,13212.25,13209.5,13211.5,54,NQ.v.0
2021-04-01 11:16:00+00:00,33,1,2786,13212.0,13215.0,13211.75,13213.5,82,NQ.v.0
2021-04-01 11:17:00+00:00,33,1,2786,13213.5,13214.25,13210.5,13211.5,42,NQ.v.0
2021-04-01 11:18:00+00:00,33,1,2786,13210.5,13216.5,13210.5,13216.0,113,NQ.v.0
2021-04-01 11:19:00+00:00,33,1,2786,13215.0,13216.0,13214.25,13214.75,34,NQ.v.0
2021-04-01 11:20:00+00:00,33,1,2786,13215.5,13216.0,13213.5,13214.0,81,NQ.v.0
2021-04-01 11:21:00+00:00,33,1,2786,13214.25,13214.5,13212.5,13212.75,40,NQ.v.0
2021-04-01 11:22:00+00:00,33,1,2786,13212.5,13213.0,13208.5,13212.0,146,NQ.v.0
2021-04-01 11:23:00+00:00,33,1,2786,13211.5,13212.0,13208.75,13210.0,74,NQ.v.0
2021-04-01 11:24:00+00:00,33,1,2786,13209.75,13214.0,13207.0,13211.5,142,NQ.v.0
2021-04-01 11:25:00+00:00,33,1,2786,13211.5,13214.5,13211.0,13214.5,61,NQ.v.0
2021-04-01 11:26:00+00:00,33,1,2786,13214.25,13216.75,13213.5,13214.0,62,NQ.v.0
2021-04-01 11:27:00+00:00,33,1,2786,13214.0,13214.0,13212.25,13213.25,33,NQ.v.0
2021-04-01 11:28:00+00:00,33,1,2786,13213.5,13213.5,13210.25,13212.0,91,NQ.v.0
2021-04-01 11:29:00+00:00,33,1,2786,13212.0,13215.0,13212.0,13213.75,36,NQ.v.0
2021-04-01 11:30:00+00:00,33,1,2786,13213.25,13214.0,13210.75,13212.75,119,NQ.v.0
2021-04-01 11:31:00+00:00,33,1,2786,13213.25,13213.25,13210.5,13211.75,82,NQ.v.0
2021-04-01 11:32:00+00:00,33,1,2786,13211.75,13215.5,13211.5,13214.75,70,NQ.v.0
2021-04-01 11:33:00+00:00,33,1,2786,13214.75,13217.0,13214.0,13216.75,102,NQ.v.0
2021-04-01 11:34:00+00:00,33,1,2786,13217.0,13221.75,13216.5,13219.75,203,NQ.v.0
2021-04-01 11:35:00+00:00,33,1,2786,13219.5,13220.25,13216.75,13216.75,100,NQ.v.0
2021-04-01 11:36:00+00:00,33,1,2786,13216.75,13218.5,13216.75,13217.0,49,NQ.v.0
2021-04-01 11:37:00+00:00,33,1,2786,13217.5,13217.5,13213.5,13214.25,106,NQ.v.0
2021-04-01 11:38:00+00:00,33,1,2786,13214.25,13215.5,13212.0,13214.25,131,NQ.v.0
2021-04-01 11:39:00+00:00,33,1,2786,13214.0,13215.75,13213.25,13213.25,50,NQ.v.0
2021-04-01 11:40:00+00:00,33,1,2786,13213.5,13214.5,13212.5,13212.5,38,NQ.v.0
2021-04-01 11:41:00+00:00,33,1,2786,13212.5,13215.5,13211.75,13214.0,73,NQ.v.0
2021-04-01 11:42:00+00:00,33,1,2786,13214.0,13214.0,13211.5,13212.0,49,NQ.v.0
2021-04-01 11:43:00+00:00,33,1,2786,13212.25,13213.75,13211.75,13213.5,88,NQ.v.0
2021-04-01 11:44:00+00:00,33,1,2786,13214.0,13215.25,13211.25,13213.25,143,NQ.v.0
2021-04-01 11:45:00+00:00,33,1,2786,13213.0,13213.75,13210.25,13212.0,176,NQ.v.0
2021-04-01 11:46:00+00:00,33,1,2786,13212.25,13220.0,13212.0,13219.25,283,NQ.v.0
2021-04-01 11:47:00+00:00,33,1,2786,13219.5,13225.75,13217.75,13221.5,419,NQ.v.0
2021-04-01 11:48:00+00:00,33,1,2786,13221.5,13222.0,13219.25,13219.75,79,NQ.v.0
2021-04-01 11:49:00+00:00,33,1,2786,13219.75,13220.5,13218.25,13218.75,95,NQ.v.0
2021-04-01 11:50:00+00:00,33,1,2786,13218.5,13220.5,13211.5,13214.75,247,NQ.v.0
2021-04-01 11:51:00+00:00,33,1,2786,13214.5,13217.25,13213.5,13215.5,61,NQ.v.0
2021-04-01 11:52:00+00:00,33,1,2786,13215.25,13218.75,13215.0,13218.25,154,NQ.v.0
2021-04-01 11:53:00+00:00,33,1,2786,13218.25,13219.75,13218.0,13219.75,44,NQ.v.0
2021-04-01 11:54:00+00:00,33,1,2786,13220.0,13223.0,13219.25,13222.5,105,NQ.v.0
2021-04-01 11:55:00+00:00,33,1,2786,13222.5,13230.5,13222.25,13225.0,423,NQ.v.0
2021-04-01 11:56:00+00:00,33,1,2786,13225.0,13226.5,13223.75,13225.0,98,NQ.v.0
2021-04-01 11:57:00+00:00,33,1,2786,13224.75,13225.25,13222.0,13223.75,111,NQ.v.0
2021-04-01 11:58:00+00:00,33,1,2786,13224.5,13225.5,13221.75,13222.5,101,NQ.v.0
2021-04-01 11:59:00+00:00,33,1,2786,13223.0,13223.5,13217.5,13219.25,137,NQ.v.0
2021-04-01 12:00:00+00:00,33,1,2786,13220.5,13227.0,13220.5,13225.0,170,NQ.v.0
2021-04-01 12:01:00+00:00,33,1,2786,13224.75,13226.25,13223.75,13224.25,94,NQ.v.0
2021-04-01 12:02:00+00:00,33,1,2786,13224.5,13229.0,13223.25,13228.5,218,NQ.v.0
2021-04-01 12:03:00+00:00,33,1,2786,13228.75,13233.0,13228.5,13230.0,365,NQ.v.0
2021-04-01 12:04:00+00:00,33,1,2786,13229.5,13235.75,13229.0,13235.0,368,NQ.v.0
2021-04-01 12:05:00+00:00,33,1,2786,13234.5,13236.0,13231.5,13233.0,265,NQ.v.0
2021-04-01 12:06:00+00:00,33,1,2786,13233.0,13235.75,13232.0,13235.0,114,NQ.v.0
2021-04-01 12:07:00+00:00,33,1,2786,13234.75,13238.0,13230.0,13231.75,467,NQ.v.0
2021-04-01 12:08:00+00:00,33,1,2786,13232.25,13233.5,13228.0,13233.0,146,NQ.v.0
2021-04-01 12:09:00+00:00,33,1,2786,13232.5,13234.0,13232.0,13233.5,88,NQ.v.0
2021-04-01 12:10:00+00:00,33,1,2786,13233.5,13236.25,13232.25,13236.25,228,NQ.v.0
2021-04-01 12:11:00+00:00,33,1,2786,13236.0,13238.0,13235.25,13237.0,163,NQ.v.0
2021-04-01 12:12:00+00:00,33,1,2786,13237.75,13242.75,13236.5,13240.5,526,NQ.v.0
2021-04-01 12:13:00+00:00,33,1,2786,13240.5,13240.75,13234.5,13235.5,220,NQ.v.0
2021-04-01 12:14:00+00:00,33,1,2786,13236.0,13237.0,13232.0,13232.25,274,NQ.v.0
2021-04-01 12:15:00+00:00,33,1,2786,13232.0,13235.5,13232.0,13234.75,228,NQ.v.0
2021-04-01 12:16:00+00:00,33,1,2786,13235.0,13236.0,13232.5,13233.0,116,NQ.v.0
2021-04-01 12:17:00+00:00,33,1,2786,13232.75,13234.25,13232.0,13234.25,69,NQ.v.0
2021-04-01 12:18:00+00:00,33,1,2786,13234.0,13234.25,13232.75,13233.5,61,NQ.v.0
2021-04-01 12:19:00+00:00,33,1,2786,13233.75,13235.25,13232.25,13232.25,82,NQ.v.0
2021-04-01 12:20:00+00:00,33,1,2786,13232.5,13235.5,13232.25,13235.25,187,NQ.v.0
2021-04-01 12:21:00+00:00,33,1,2786,13235.0,13237.0,13232.75,13234.0,171,NQ.v.0
2021-04-01 12:22:00+00:00,33,1,2786,13234.25,13235.75,13233.0,13234.75,54,NQ.v.0
2021-04-01 12:23:00+00:00,33,1,2786,13235.0,13237.75,13235.0,13235.5,88,NQ.v.0
2021-04-01 12:24:00+00:00,33,1,2786,13236.25,13236.75,13233.75,13233.75,73,NQ.v.0
2021-04-01 12:25:00+00:00,33,1,2786,13233.5,13234.5,13231.75,13234.5,120,NQ.v.0
2021-04-01 12:26:00+00:00,33,1,2786,13234.75,13236.0,13232.25,13233.5,110,NQ.v.0
2021-04-01 12:27:00+00:00,33,1,2786,13234.0,13235.0,13233.5,13233.75,44,NQ.v.0
2021-04-01 12:28:00+00:00,33,1,2786,13233.75,13234.5,13232.5,13232.5,44,NQ.v.0
2021-04-01 12:29:00+00:00,33,1,2786,13232.5,13235.0,13232.5,13234.5,70,NQ.v.0
2021-04-01 12:30:00+00:00,33,1,2786,13234.75,13243.0,13234.25,13241.0,418,NQ.v.0
2021-04-01 12:31:00+00:00,33,1,2786,13241.75,13242.25,13237.5,13241.5,244,NQ.v.0
2021-04-01 12:32:00+00:00,33,1,2786,13242.0,13246.25,13241.5,13243.0,483,NQ.v.0
2021-04-01 12:33:00+00:00,33,1,2786,13243.0,13245.0,13240.0,13243.25,298,NQ.v.0
2021-04-01 12:34:00+00:00,33,1,2786,13243.5,13244.5,13239.0,13239.75,246,NQ.v.0
2021-04-01 12:35:00+00:00,33,1,2786,13239.5,13244.5,13239.5,13241.75,348,NQ.v.0
2021-04-01 12:36:00+00:00,33,1,2786,13242.0,13244.5,13241.0,13242.0,269,NQ.v.0
2021-04-01 12:37:00+00:00,33,1,2786,13241.75,13241.75,13239.0,13240.0,233,NQ.v.0
2021-04-01 12:38:00+00:00,33,1,2786,13240.25,13240.25,13235.75,13236.0,260,NQ.v.0
2021-04-01 12:39:00+00:00,33,1,2786,13236.5,13237.25,13232.5,13232.75,215,NQ.v.0
2021-04-01 12:40:00+00:00,33,1,2786,13233.0,13236.25,13232.5,13235.0,144,NQ.v.0
2021-04-01 12:41:00+00:00,33,1,2786,13235.5,13236.75,13233.5,13233.75,175,NQ.v.0
2021-04-01 12:42:00+00:00,33,1,2786,13233.75,13235.0,13233.0,13234.75,69,NQ.v.0
2021-04-01 12:43:00+00:00,33,1,2786,13235.0,13235.0,13228.25,13231.25,229,NQ.v.0
2021-04-01 12:44:00+00:00,33,1,2786,13231.5,13234.5,13231.5,13234.5,147,NQ.v.0
2021-04-01 12:45:00+00:00,33,1,2786,13233.75,13237.25,13233.75,13236.0,145,NQ.v.0
2021-04-01 12:46:00+00:00,33,1,2786,13236.25,13236.75,13234.75,13236.0,113,NQ.v.0
2021-04-01 12:47:00+00:00,33,1,2786,13235.75,13236.25,13234.25,13234.75,61,NQ.v.0
2021-04-01 12:48:00+00:00,33,1,2786,13235.0,13235.5,13231.25,13232.0,124,NQ.v.0
2021-04-01 12:49:00+00:00,33,1,2786,13232.5,13233.0,13230.0,13233.0,107,NQ.v.0
2021-04-01 12:50:00+00:00,33,1,2786,13232.5,13235.75,13231.5,13232.75,88,NQ.v.0
2021-04-01 12:51:00+00:00,33,1,2786,13232.5,13234.0,13231.25,13232.5,99,NQ.v.0
2021-04-01 12:52:00+00:00,33,1,2786,13232.75,13234.75,13232.75,13233.75,83,NQ.v.0
2021-04-01 12:53:00+00:00,33,1,2786,13233.5,13234.0,13231.0,13231.5,86,NQ.v.0
2021-04-01 12:54:00+00:00,33,1,2786,13231.75,13236.75,13230.75,13236.0,141,NQ.v.0
2021-04-01 12:55:00+00:00,33,1,2786,13235.75,13238.25,13235.25,13236.0,202,NQ.v.0
2021-04-01 12:56:00+00:00,33,1,2786,13235.75,13240.75,13234.75,13239.5,255,NQ.v.0
2021-04-01 12:57:00+00:00,33,1,2786,13239.25,13240.5,13235.25,13236.5,227,NQ.v.0
2021-04-01 12:58:00+00:00,33,1,2786,13236.75,13242.75,13234.25,13241.5,348,NQ.v.0
2021-04-01 12:59:00+00:00,33,1,2786,13241.75,13241.75,13236.5,13237.0,210,NQ.v.0
2021-04-01 13:00:00+00:00,33,1,2786,13236.25,13242.5,13236.25,13238.0,213,NQ.v.0
2021-04-01 13:01:00+00:00,33,1,2786,13238.5,13240.0,13237.25,13239.25,90,NQ.v.0
2021-04-01 13:02:00+00:00,33,1,2786,13239.5,13242.25,13239.25,13241.75,189,NQ.v.0
2021-04-01 13:03:00+00:00,33,1,2786,13241.5,13248.0,13239.75,13247.0,512,NQ.v.0
2021-04-01 13:04:00+00:00,33,1,2786,13247.5,13250.5,13244.75,13248.0,630,NQ.v.0
2021-04-01 13:05:00+00:00,33,1,2786,13247.75,13250.25,13246.25,13249.25,236,NQ.v.0
2021-04-01 13:06:00+00:00,33,1,2786,13248.75,13248.75,13246.0,13246.5,242,NQ.v.0
2021-04-01 13:07:00+00:00,33,1,2786,13246.25,13246.75,13244.5,13245.0,191,NQ.v.0
2021-04-01 13:08:00+00:00,33,1,2786,13244.75,13245.5,13243.75,13244.25,178,NQ.v.0
2021-04-01 13:09:00+00:00,33,1,2786,13243.75,13244.5,13242.75,13243.75,158,NQ.v.0
2021-04-01 13:10:00+00:00,33,1,2786,13244.25,13246.25,13242.25,13244.75,206,NQ.v.0
2021-04-01 13:11:00+00:00,33,1,2786,13245.0,13246.75,13245.0,13246.0,147,NQ.v.0
2021-04-01 13:12:00+00:00,33,1,2786,13246.0,13246.5,13245.0,13245.25,173,NQ.v.0
2021-04-01 13:13:00+00:00,33,1,2786,13245.0,13245.25,13240.0,13241.0,229,NQ.v.0
2021-04-01 13:14:00+00:00,33,1,2786,13240.75,13241.75,13237.75,13238.5,234,NQ.v.0
2021-04-01 13:15:00+00:00,33,1,2786,13239.0,13240.5,13237.0,13239.5,215,NQ.v.0
2021-04-01 13:16:00+00:00,33,1,2786,13239.25,13239.75,13236.5,13237.5,105,NQ.v.0
2021-04-01 13:17:00+00:00,33,1,2786,13237.0,13239.0,13236.25,13238.5,100,NQ.v.0
2021-04-01 13:18:00+00:00,33,1,2786,13238.5,13238.75,13236.0,13236.25,180,NQ.v.0
2021-04-01 13:19:00+00:00,33,1,2786,13236.25,13239.25,13235.25,13238.25,208,NQ.v.0
2021-04-01 13:20:00+00:00,33,1,2786,13238.75,13240.0,13237.25,13239.0,182,NQ.v.0
2021-04-01 13:21:00+00:00,33,1,2786,13239.25,13241.5,13239.0,13240.75,244,NQ.v.0
2021-04-01 13:22:00+00:00,33,1,2786,13241.25,13241.25,13239.5,13240.5,134,NQ.v.0
2021-04-01 13:23:00+00:00,33,1,2786,13240.25,13241.0,13239.0,13240.0,111,NQ.v.0
2021-04-01 13:24:00+00:00,33,1,2786,13239.5,13240.5,13236.5,13236.5,181,NQ.v.0
2021-04-01 13:25:00+00:00,33,1,2786,13236.5,13238.25,13235.25,13237.25,259,NQ.v.0
2021-04-01 13:26:00+00:00,33,1,2786,13237.25,13239.25,13237.0,13238.25,141,NQ.v.0
2021-04-01 13:27:00+00:00,33,1,2786,13238.5,13239.25,13236.25,13236.75,174,NQ.v.0
2021-04-01 13:28:00+00:00,33,1,2786,13236.5,13259.5,13236.5,13257.25,2442,NQ.v.0
2021-04-01 13:29:00+00:00,33,1,2786,13256.5,13261.0,13251.5,13253.25,1339,NQ.v.0
2021-04-01 13:30:00+00:00,33,1,2786,13253.0,13256.25,13241.75,13250.0,5127,NQ.v.0
2021-04-01 13:31:00+00:00,33,1,2786,13250.5,13263.75,13246.0,13258.75,3341,NQ.v.0
2021-04-01 13:32:00+00:00,33,1,2786,13258.75,13267.75,13254.5,13263.5,4166,NQ.v.0
2021-04-01 13:33:00+00:00,33,1,2786,13264.5,13276.5,13259.75,13272.25,3917,NQ.v.0
2021-04-01 13:34:00+00:00,33,1,2786,13272.5,13278.25,13266.0,13267.0,4189,NQ.v.0
2021-04-01 13:35:00+00:00,33,1,2786,13267.0,13277.0,13261.25,13275.5,2775,NQ.v.0
2021-04-01 13:36:00+00:00,33,1,2786,13275.75,13282.5,13269.25,13276.25,2422,NQ.v.0
2021-04-01 13:37:00+00:00,33,1,2786,13276.5,13289.25,13275.25,13288.75,2606,NQ.v.0
2021-04-01 13:38:00+00:00,33,1,2786,13289.0,13291.0,13280.5,13282.0,1879,NQ.v.0
2021-04-01 13:39:00+00:00,33,1,2786,13282.25,13290.0,13281.25,13289.75,1516,NQ.v.0
2021-04-01 13:40:00+00:00,33,1,2786,13289.75,13294.25,13283.0,13285.0,2435,NQ.v.0
2021-04-01 13:41:00+00:00,33,1,2786,13285.0,13288.25,13280.5,13282.25,1420,NQ.v.0
2021-04-01 13:42:00+00:00,33,1,2786,13282.0,13284.25,13281.25,13282.75,840,NQ.v.0
2021-04-01 13:43:00+00:00,33,1,2786,13282.75,13284.75,13279.0,13281.5,1003,NQ.v.0
2021-04-01 13:44:00+00:00,33,1,2786,13281.5,13284.75,13278.25,13281.25,1163,NQ.v.0
2021-04-01 13:45:00+00:00,33,1,2786,13281.25,13289.0,13280.0,13287.25,1253,NQ.v.0
2021-04-01 13:46:00+00:00,33,1,2786,13287.25,13295.25,13283.5,13287.25,2098,NQ.v.0
2021-04-01 13:47:00+00:00,33,1,2786,13288.0,13290.25,13281.75,13288.25,943,NQ.v.0
2021-04-01 13:48:00+00:00,33,1,2786,13288.25,13293.25,13286.25,13291.75,773,NQ.v.0
2021-04-01 13:49:00+00:00,33,1,2786,13291.75,13293.75,13282.25,13282.75,1247,NQ.v.0
2021-04-01 13:50:00+00:00,33,1,2786,13282.5,13293.0,13282.0,13290.25,1333,NQ.v.0
2021-04-01 13:51:00+00:00,33,1,2786,13290.25,13302.0,13290.25,13293.75,2455,NQ.v.0
2021-04-01 13:52:00+00:00,33,1,2786,13293.5,13296.75,13289.75,13292.25,889,NQ.v.0
2021-04-01 13:53:00+00:00,33,1,2786,13292.75,13297.75,13289.0,13291.25,906,NQ.v.0
2021-04-01 13:54:00+00:00,33,1,2786,13290.75,13296.25,13286.75,13291.25,880,NQ.v.0
2021-04-01 13:55:00+00:00,33,1,2786,13291.0,13296.5,13290.5,13294.0,793,NQ.v.0
2021-04-01 13:56:00+00:00,33,1,2786,13293.5,13294.5,13285.25,13291.5,863,NQ.v.0
2021-04-01 13:57:00+00:00,33,1,2786,13291.0,13293.0,13287.25,13289.0,544,NQ.v.0
2021-04-01 13:58:00+00:00,33,1,2786,13289.25,13289.25,13285.25,13287.25,504,NQ.v.0
2021-04-01 13:59:00+00:00,33,1,2786,13287.25,13292.0,13284.5,13292.0,590,NQ.v.0
2021-04-01 14:00:00+00:00,33,1,2786,13292.0,13301.0,13276.5,13290.5,2659,NQ.v.0
2021-04-01 14:01:00+00:00,33,1,2786,13291.0,13295.25,13277.0,13278.0,2454,NQ.v.0
2021-04-01 14:02:00+00:00,33,1,2786,13277.75,13281.5,13273.25,13277.25,2048,NQ.v.0
2021-04-01 14:03:00+00:00,33,1,2786,13277.75,13285.5,13272.75,13280.25,2032,NQ.v.0
2021-04-01 14:04:00+00:00,33,1,2786,13280.0,13281.0,13265.5,13270.0,3293,NQ.v.0
2021-04-01 14:05:00+00:00,33,1,2786,13269.75,13274.0,13261.75,13273.75,2617,NQ.v.0
2021-04-01 14:06:00+00:00,33,1,2786,13273.75,13294.0,13272.5,13284.5,4252,NQ.v.0
2021-04-01 14:07:00+00:00,33,1,2786,13284.5,13299.0,13279.0,13293.0,2447,NQ.v.0
2021-04-01 14:08:00+00:00,33,1,2786,13293.0,13296.25,13288.75,13295.25,1108,NQ.v.0
2021-04-01 14:09:00+00:00,33,1,2786,13296.0,13313.25,13295.0,13306.25,3062,NQ.v.0
2021-04-01 14:10:00+00:00,33,1,2786,13306.25,13312.75,13305.5,13306.75,1276,NQ.v.0
2021-04-01 14:11:00+00:00,33,1,2786,13306.5,13308.75,13303.5,13307.75,952,NQ.v.0
2021-04-01 14:12:00+00:00,33,1,2786,13308.0,13312.5,13304.5,13309.75,1005,NQ.v.0
2021-04-01 14:13:00+00:00,33,1,2786,13310.25,13315.0,13306.25,13307.5,1488,NQ.v.0
2021-04-01 14:14:00+00:00,33,1,2786,13307.0,13309.75,13305.0,13308.0,864,NQ.v.0
2021-04-01 14:15:00+00:00,33,1,2786,13308.5,13314.5,13307.25,13309.25,1220,NQ.v.0
2021-04-01 14:16:00+00:00,33,1,2786,13310.0,13313.0,13306.0,13312.0,700,NQ.v.0
2021-04-01 14:17:00+00:00,33,1,2786,13311.5,13317.5,13308.75,13314.75,1336,NQ.v.0
2021-04-01 14:18:00+00:00,33,1,2786,13314.5,13319.25,13311.75,13318.0,1122,NQ.v.0
2021-04-01 14:19:00+00:00,33,1,2786,13317.75,13318.75,13310.5,13311.25,914,NQ.v.0
2021-04-01 14:20:00+00:00,33,1,2786,13311.0,13312.0,13301.0,13305.75,1532,NQ.v.0
2021-04-01 14:21:00+00:00,33,1,2786,13306.0,13308.75,13301.5,13305.5,605,NQ.v.0
2021-04-01 14:22:00+00:00,33,1,2786,13305.5,13315.75,13303.0,13314.5,1309,NQ.v.0
2021-04-01 14:23:00+00:00,33,1,2786,13314.5,13314.75,13310.0,13310.75,586,NQ.v.0
2021-04-01 14:24:00+00:00,33,1,2786,13311.0,13312.25,13304.25,13304.5,707,NQ.v.0
2021-04-01 14:25:00+00:00,33,1,2786,13304.0,13304.75,13296.25,13304.5,1276,NQ.v.0
2021-04-01 14:26:00+00:00,33,1,2786,13304.5,13307.5,13298.75,13301.25,741,NQ.v.0
2021-04-01 14:27:00+00:00,33,1,2786,13301.75,13310.25,13301.5,13308.0,934,NQ.v.0
2021-04-01 14:28:00+00:00,33,1,2786,13308.25,13311.5,13305.25,13308.5,655,NQ.v.0
2021-04-01 14:29:00+00:00,33,1,2786,13308.5,13312.5,13303.0,13308.25,968,NQ.v.0
2021-04-01 14:30:00+00:00,33,1,2786,13308.25,13315.75,13305.0,13308.5,1387,NQ.v.0
2021-04-01 14:31:00+00:00,33,1,2786,13308.75,13310.0,13306.25,13309.75,962,NQ.v.0
2021-04-01 14:32:00+00:00,33,1,2786,13310.0,13311.25,13302.75,13306.25,1314,NQ.v.0
2021-04-01 14:33:00+00:00,33,1,2786,13306.25,13307.5,13301.5,13307.25,794,NQ.v.0
2021-04-01 14:34:00+00:00,33,1,2786,13306.75,13312.5,13306.75,13309.0,783,NQ.v.0
2021-04-01 14:35:00+00:00,33,1,2786,13309.25,13318.0,13309.0,13313.5,1314,NQ.v.0
2021-04-01 14:36:00+00:00,33,1,2786,13313.75,13314.75,13307.5,13308.25,649,NQ.v.0
2021-04-01 14:37:00+00:00,33,1,2786,13308.25,13309.5,13303.25,13305.25,663,NQ.v.0
2021-04-01 14:38:00+00:00,33,1,2786,13304.75,13308.75,13298.75,13302.0,912,NQ.v.0
2021-04-01 14:39:00+00:00,33,1,2786,13302.25,13302.75,13292.75,13295.25,1306,NQ.v.0
2021-04-01 14:40:00+00:00,33,1,2786,13294.5,13299.5,13291.5,13299.0,976,NQ.v.0
2021-04-01 14:41:00+00:00,33,1,2786,13298.5,13308.5,13298.25,13307.5,927,NQ.v.0
2021-04-01 14:42:00+00:00,33,1,2786,13307.0,13314.25,13305.0,13314.25,1029,NQ.v.0
2021-04-01 14:43:00+00:00,33,1,2786,13314.0,13321.5,13313.0,13316.25,1408,NQ.v.0
2021-04-01 14:44:00+00:00,33,1,2786,13316.0,13318.5,13313.0,13313.5,636,NQ.v.0
2021-04-01 14:45:00+00:00,33,1,2786,13313.25,13315.75,13308.25,13311.0,651,NQ.v.0
2021-04-01 14:46:00+00:00,33,1,2786,13310.75,13310.75,13301.75,13302.75,920,NQ.v.0
2021-04-01 14:47:00+00:00,33,1,2786,13303.0,13309.75,13300.5,13308.0,1178,NQ.v.0
2021-04-01 14:48:00+00:00,33,1,2786,13308.5,13313.75,13306.25,13308.25,790,NQ.v.0
2021-04-01 14:49:00+00:00,33,1,2786,13308.0,13309.25,13302.0,13302.5,534,NQ.v.0
2021-04-01 14:50:00+00:00,33,1,2786,13303.0,13306.75,13301.0,13305.5,653,NQ.v.0
2021-04-01 14:51:00+00:00,33,1,2786,13305.5,13310.25,13302.5,13303.75,640,NQ.v.0
2021-04-01 14:52:00+00:00,33,1,2786,13303.25,13305.25,13297.5,13298.75,565,NQ.v.0
2021-04-01 14:53:00+00:00,33,1,2786,13298.75,13301.0,13297.0,13298.75,581,NQ.v.0
2021-04-01 14:54:00+00:00,33,1,2786,13299.5,13300.75,13287.0,13291.25,1655,NQ.v.0
2021-04-01 14:55:00+00:00,33,1,2786,13291.5,13294.75,13284.75,13286.25,1365,NQ.v.0
2021-04-01 14:56:00+00:00,33,1,2786,13286.0,13294.0,13285.25,13291.75,862,NQ.v.0
2021-04-01 14:57:00+00:00,33,1,2786,13292.5,13297.0,13289.25,13295.75,957,NQ.v.0
2021-04-01 14:58:00+00:00,33,1,2786,13295.5,13299.75,13291.0,13291.75,1026,NQ.v.0
2021-04-01 14:59:00+00:00,33,1,2786,13291.75,13306.0,13289.0,13304.0,1458,NQ.v.0
2021-04-01 15:00:00+00:00,33,1,2786,13304.0,13312.5,13301.75,13309.5,1842,NQ.v.0
2021-04-01 15:01:00+00:00,33,1,2786,13309.5,13309.5,13304.75,13306.75,706,NQ.v.0
2021-04-01 15:02:00+00:00,33,1,2786,13307.25,13312.0,13304.5,13310.5,712,NQ.v.0
2021-04-01 15:03:00+00:00,33,1,2786,13310.25,13314.25,13309.0,13310.5,861,NQ.v.0
2021-04-01 15:04:00+00:00,33,1,2786,13311.0,13313.0,13308.0,13311.0,1307,NQ.v.0
2021-04-01 15:05:00+00:00,33,1,2786,13310.75,13311.5,13300.0,13300.0,1094,NQ.v.0
2021-04-01 15:06:00+00:00,33,1,2786,13300.0,13301.0,13285.5,13290.5,2368,NQ.v.0
2021-04-01 15:07:00+00:00,33,1,2786,13290.75,13294.75,13288.0,13290.25,977,NQ.v.0
2021-04-01 15:08:00+00:00,33,1,2786,13290.25,13295.75,13285.5,13292.0,748,NQ.v.0
2021-04-01 15:09:00+00:00,33,1,2786,13292.5,13298.25,13292.25,13293.75,670,NQ.v.0
2021-04-01 15:10:00+00:00,33,1,2786,13294.0,13295.75,13286.25,13288.5,826,NQ.v.0
2021-04-01 15:11:00+00:00,33,1,2786,13288.5,13292.5,13282.0,13291.5,1837,NQ.v.0
2021-04-01 15:12:00+00:00,33,1,2786,13291.75,13296.75,13288.25,13296.75,1112,NQ.v.0
2021-04-01 15:13:00+00:00,33,1,2786,13296.25,13298.0,13289.25,13292.0,806,NQ.v.0
2021-04-01 15:14:00+00:00,33,1,2786,13291.5,13291.5,13283.25,13283.75,868,NQ.v.0
2021-04-01 15:15:00+00:00,33,1,2786,13284.25,13289.25,13282.25,13285.75,1000,NQ.v.0
2021-04-01 15:16:00+00:00,33,1,2786,13285.5,13287.75,13274.25,13276.25,1571,NQ.v.0
2021-04-01 15:17:00+00:00,33,1,2786,13277.0,13277.25,13270.25,13274.75,1237,NQ.v.0
2021-04-01 15:18:00+00:00,33,1,2786,13275.0,13277.25,13271.5,13272.0,962,NQ.v.0
2021-04-01 15:19:00+00:00,33,1,2786,13272.0,13280.0,13272.0,13278.25,662,NQ.v.0
2021-04-01 15:20:00+00:00,33,1,2786,13278.25,13287.0,13276.5,13286.0,791,NQ.v.0
2021-04-01 15:21:00+00:00,33,1,2786,13286.0,13298.0,13286.0,13295.0,1799,NQ.v.0
2021-04-01 15:22:00+00:00,33,1,2786,13295.0,13299.75,13292.5,13297.25,950,NQ.v.0
2021-04-01 15:23:00+00:00,33,1,2786,13297.75,13299.75,13290.75,13291.25,694,NQ.v.0
2021-04-01 15:24:00+00:00,33,1,2786,13292.0,13292.5,13277.25,13282.25,1031,NQ.v.0
2021-04-01 15:25:00+00:00,33,1,2786,13282.25,13286.0,13277.5,13285.0,765,NQ.v.0
2021-04-01 15:26:00+00:00,33,1,2786,13285.5,13292.5,13285.0,13292.0,518,NQ.v.0
2021-04-01 15:27:00+00:00,33,1,2786,13292.25,13293.25,13288.25,13289.75,419,NQ.v.0
2021-04-01 15:28:00+00:00,33,1,2786,13290.25,13290.75,13285.5,13288.75,525,NQ.v.0
2021-04-01 15:29:00+00:00,33,1,2786,13288.75,13292.25,13286.75,13290.0,492,NQ.v.0
2021-04-01 15:30:00+00:00,33,1,2786,13290.0,13296.5,13288.0,13295.0,741,NQ.v.0
2021-04-01 15:31:00+00:00,33,1,2786,13295.75,13298.5,13289.25,13291.75,606,NQ.v.0
2021-04-01 15:32:00+00:00,33,1,2786,13291.75,13293.5,13286.75,13288.0,658,NQ.v.0
2021-04-01 15:33:00+00:00,33,1,2786,13288.25,13289.0,13282.5,13283.25,599,NQ.v.0
2021-04-01 15:34:00+00:00,33,1,2786,13283.5,13288.25,13281.25,13282.0,682,NQ.v.0
2021-04-01 15:35:00+00:00,33,1,2786,13282.25,13286.0,13280.75,13284.75,493,NQ.v.0
2021-04-01 15:36:00+00:00,33,1,2786,13284.0,13286.5,13275.25,13278.0,908,NQ.v.0
2021-04-01 15:37:00+00:00,33,1,2786,13278.25,13281.5,13274.75,13280.5,720,NQ.v.0
2021-04-01 15:38:00+00:00,33,1,2786,13280.75,13282.25,13275.0,13278.0,500,NQ.v.0
2021-04-01 15:39:00+00:00,33,1,2786,13277.25,13277.5,13272.25,13274.25,684,NQ.v.0
2021-04-01 15:40:00+00:00,33,1,2786,13274.0,13281.25,13272.25,13275.0,755,NQ.v.0
2021-04-01 15:41:00+00:00,33,1,2786,13274.75,13274.75,13266.25,13266.75,1321,NQ.v.0
2021-04-01 15:42:00+00:00,33,1,2786,13266.5,13270.0,13263.75,13267.5,985,NQ.v.0
2021-04-01 15:43:00+00:00,33,1,2786,13267.25,13268.5,13264.5,13268.25,519,NQ.v.0
2021-04-01 15:44:00+00:00,33,1,2786,13268.0,13277.0,13265.75,13276.5,1146,NQ.v.0
2021-04-01 15:45:00+00:00,33,1,2786,13276.75,13277.75,13273.0,13273.0,657,NQ.v.0
2021-04-01 15:46:00+00:00,33,1,2786,13273.25,13274.75,13266.5,13273.25,683,NQ.v.0
2021-04-01 15:47:00+00:00,33,1,2786,13273.5,13277.75,13268.0,13277.75,751,NQ.v.0
2021-04-01 15:48:00+00:00,33,1,2786,13278.0,13288.5,13277.5,13284.25,1400,NQ.v.0
2021-04-01 15:49:00+00:00,33,1,2786,13284.5,13284.5,13278.0,13284.0,634,NQ.v.0
2021-04-01 15:50:00+00:00,33,1,2786,13284.25,13285.5,13279.25,13282.5,467,NQ.v.0
2021-04-01 15:51:00+00:00,33,1,2786,13282.0,13285.5,13281.0,13284.5,416,NQ.v.0
2021-04-01 15:52:00+00:00,33,1,2786,13284.5,13284.75,13279.75,13283.5,463,NQ.v.0
2021-04-01 15:53:00+00:00,33,1,2786,13283.25,13284.0,13280.5,13283.0,375,NQ.v.0
2021-04-01 15:54:00+00:00,33,1,2786,13283.25,13284.5,13275.0,13277.25,591,NQ.v.0
2021-04-01 15:55:00+00:00,33,1,2786,13277.25,13282.0,13276.25,13281.25,493,NQ.v.0
2021-04-01 15:56:00+00:00,33,1,2786,13281.25,13289.75,13279.25,13287.0,937,NQ.v.0
2021-04-01 15:57:00+00:00,33,1,2786,13287.25,13287.25,13282.0,13284.75,418,NQ.v.0
2021-04-01 15:58:00+00:00,33,1,2786,13284.5,13285.25,13280.0,13281.5,492,NQ.v.0
2021-04-01 15:59:00+00:00,33,1,2786,13282.0,13283.5,13273.5,13275.0,776,NQ.v.0
2021-04-01 16:00:00+00:00,33,1,2786,13275.75,13280.0,13269.5,13279.25,871,NQ.v.0
2021-04-01 16:01:00+00:00,33,1,2786,13279.5,13285.0,13279.5,13283.5,716,NQ.v.0
2021-04-01 16:02:00+00:00,33,1,2786,13283.25,13290.75,13282.0,13289.5,877,NQ.v.0
2021-04-01 16:03:00+00:00,33,1,2786,13289.75,13292.0,13287.5,13288.25,532,NQ.v.0
2021-04-01 16:04:00+00:00,33,1,2786,13288.75,13289.25,13284.75,13287.25,477,NQ.v.0
2021-04-01 16:05:00+00:00,33,1,2786,13287.25,13291.0,13284.75,13288.5,574,NQ.v.0
2021-04-01 16:06:00+00:00,33,1,2786,13288.5,13291.5,13285.75,13291.5,1104,NQ.v.0
2021-04-01 16:07:00+00:00,33,1,2786,13291.0,13294.75,13289.5,13292.25,648,NQ.v.0
2021-04-01 16:08:00+00:00,33,1,2786,13292.5,13294.0,13291.0,13292.75,437,NQ.v.0
2021-04-01 16:09:00+00:00,33,1,2786,13293.0,13293.75,13288.0,13288.75,540,NQ.v.0
2021-04-01 16:10:00+00:00,33,1,2786,13289.0,13289.0,13282.25,13286.5,672,NQ.v.0
2021-04-01 16:11:00+00:00,33,1,2786,13286.75,13287.0,13279.25,13281.0,969,NQ.v.0
2021-04-01 16:12:00+00:00,33,1,2786,13281.0,13284.5,13278.5,13281.25,575,NQ.v.0
2021-04-01 16:13:00+00:00,33,1,2786,13281.25,13283.75,13278.5,13281.25,440,NQ.v.0
2021-04-01 16:14:00+00:00,33,1,2786,13281.75,13285.25,13278.5,13283.5,415,NQ.v.0
2021-04-01 16:15:00+00:00,33,1,2786,13284.0,13286.5,13278.0,13280.5,624,NQ.v.0
2021-04-01 16:16:00+00:00,33,1,2786,13280.5,13280.75,13275.75,13276.5,437,NQ.v.0
2021-04-01 16:17:00+00:00,33,1,2786,13276.25,13287.25,13276.0,13286.5,1139,NQ.v.0
2021-04-01 16:18:00+00:00,33,1,2786,13286.25,13296.75,13286.0,13292.25,1283,NQ.v.0
2021-04-01 16:19:00+00:00,33,1,2786,13292.5,13295.0,13291.25,13294.25,370,NQ.v.0
2021-04-01 16:20:00+00:00,33,1,2786,13293.25,13293.5,13289.5,13292.0,473,NQ.v.0
2021-04-01 16:21:00+00:00,33,1,2786,13291.25,13295.0,13290.75,13291.5,338,NQ.v.0
2021-04-01 16:22:00+00:00,33,1,2786,13291.75,13292.0,13288.75,13291.75,306,NQ.v.0
2021-04-01 16:23:00+00:00,33,1,2786,13292.0,13292.25,13287.5,13288.0,298,NQ.v.0
2021-04-01 16:24:00+00:00,33,1,2786,13288.0,13291.75,13287.75,13289.0,321,NQ.v.0
2021-04-01 16:25:00+00:00,33,1,2786,13289.25,13292.75,13288.0,13291.75,366,NQ.v.0
2021-04-01 16:26:00+00:00,33,1,2786,13292.0,13293.5,13290.0,13293.0,292,NQ.v.0
2021-04-01 16:27:00+00:00,33,1,2786,13293.25,13293.5,13290.75,13291.5,296,NQ.v.0
2021-04-01 16:28:00+00:00,33,1,2786,13291.5,13294.0,13290.25,13293.75,244,NQ.v.0
2021-04-01 16:29:00+00:00,33,1,2786,13293.0,13299.0,13292.5,13297.5,550,NQ.v.0
2021-04-01 16:30:00+00:00,33,1,2786,13297.75,13300.5,13296.25,13297.5,619,NQ.v.0
2021-04-01 16:31:00+00:00,33,1,2786,13297.5,13300.0,13296.75,13298.25,373,NQ.v.0
2021-04-01 16:32:00+00:00,33,1,2786,13298.25,13299.25,13296.5,13298.25,298,NQ.v.0
2021-04-01 16:33:00+00:00,33,1,2786,13298.75,13299.75,13294.0,13294.5,330,NQ.v.0
2021-04-01 16:34:00+00:00,33,1,2786,13295.0,13296.25,13289.5,13289.75,469,NQ.v.0
2021-04-01 16:35:00+00:00,33,1,2786,13289.75,13291.75,13287.75,13289.25,409,NQ.v.0
2021-04-01 16:36:00+00:00,33,1,2786,13289.25,13290.5,13285.5,13286.75,458,NQ.v.0
2021-04-01 16:37:00+00:00,33,1,2786,13286.0,13287.5,13282.75,13286.0,451,NQ.v.0
2021-04-01 16:38:00+00:00,33,1,2786,13285.75,13289.5,13285.0,13288.5,367,NQ.v.0
2021-04-01 16:39:00+00:00,33,1,2786,13288.5,13292.0,13287.5,13289.0,372,NQ.v.0
2021-04-01 16:40:00+00:00,33,1,2786,13289.25,13290.0,13287.0,13288.5,301,NQ.v.0
2021-04-01 16:41:00+00:00,33,1,2786,13288.0,13293.5,13285.0,13293.5,514,NQ.v.0
2021-04-01 16:42:00+00:00,33,1,2786,13293.25,13295.5,13291.25,13293.75,491,NQ.v.0
2021-04-01 16:43:00+00:00,33,1,2786,13294.0,13295.75,13293.25,13294.75,242,NQ.v.0
2021-04-01 16:44:00+00:00,33,1,2786,13294.75,13297.0,13293.0,13296.75,404,NQ.v.0
2021-04-01 16:45:00+00:00,33,1,2786,13297.0,13298.75,13295.25,13298.25,452,NQ.v.0
2021-04-01 16:46:00+00:00,33,1,2786,13298.0,13299.5,13295.0,13298.75,383,NQ.v.0
2021-04-01 16:47:00+00:00,33,1,2786,13299.25,13303.0,13297.25,13300.5,614,NQ.v.0
2021-04-01 16:48:00+00:00,33,1,2786,13300.25,13301.5,13292.0,13294.0,847,NQ.v.0
2021-04-01 16:49:00+00:00,33,1,2786,13294.0,13294.0,13283.75,13283.75,803,NQ.v.0
2021-04-01 16:50:00+00:00,33,1,2786,13284.0,13285.25,13277.0,13281.25,1055,NQ.v.0
2021-04-01 16:51:00+00:00,33,1,2786,13281.5,13288.5,13281.5,13288.25,622,NQ.v.0
2021-04-01 16:52:00+00:00,33,1,2786,13288.5,13291.0,13285.75,13288.5,576,NQ.v.0
2021-04-01 16:53:00+00:00,33,1,2786,13288.5,13288.75,13284.5,13286.25,286,NQ.v.0
2021-04-01 16:54:00+00:00,33,1,2786,13286.5,13288.5,13285.0,13287.0,248,NQ.v.0
2021-04-01 16:55:00+00:00,33,1,2786,13287.25,13294.5,13287.0,13292.0,594,NQ.v.0
2021-04-01 16:56:00+00:00,33,1,2786,13292.0,13295.25,13290.0,13293.0,362,NQ.v.0
2021-04-01 16:57:00+00:00,33,1,2786,13292.75,13294.75,13291.5,13292.25,223,NQ.v.0
2021-04-01 16:58:00+00:00,33,1,2786,13292.75,13296.0,13290.5,13295.25,354,NQ.v.0
2021-04-01 16:59:00+00:00,33,1,2786,13295.5,13297.5,13294.5,13296.25,399,NQ.v.0
2021-04-01 17:00:00+00:00,33,1,2786,13296.75,13303.5,13296.25,13299.25,1058,NQ.v.0
2021-04-01 17:01:00+00:00,33,1,2786,13299.5,13299.5,13296.0,13298.0,345,NQ.v.0
2021-04-01 17:02:00+00:00,33,1,2786,13298.25,13301.0,13296.0,13297.25,414,NQ.v.0
2021-04-01 17:03:00+00:00,33,1,2786,13297.0,13297.0,13290.5,13293.5,571,NQ.v.0
2021-04-01 17:04:00+00:00,33,1,2786,13293.25,13293.75,13289.5,13291.5,564,NQ.v.0
2021-04-01 17:05:00+00:00,33,1,2786,13291.75,13292.5,13287.0,13291.25,514,NQ.v.0
2021-04-01 17:06:00+00:00,33,1,2786,13291.5,13292.5,13284.0,13286.75,600,NQ.v.0
2021-04-01 17:07:00+00:00,33,1,2786,13287.0,13287.75,13282.75,13286.5,451,NQ.v.0
2021-04-01 17:08:00+00:00,33,1,2786,13286.5,13287.5,13280.25,13283.0,584,NQ.v.0
2021-04-01 17:09:00+00:00,33,1,2786,13282.75,13283.0,13279.5,13280.5,424,NQ.v.0
2021-04-01 17:10:00+00:00,33,1,2786,13280.75,13282.75,13277.25,13279.5,643,NQ.v.0
2021-04-01 17:11:00+00:00,33,1,2786,13279.5,13282.75,13277.0,13281.75,568,NQ.v.0
2021-04-01 17:12:00+00:00,33,1,2786,13282.0,13282.75,13279.75,13280.75,305,NQ.v.0
2021-04-01 17:13:00+00:00,33,1,2786,13281.0,13283.5,13279.0,13282.5,362,NQ.v.0
2021-04-01 17:14:00+00:00,33,1,2786,13282.5,13283.75,13280.5,13283.0,276,NQ.v.0
2021-04-01 17:15:00+00:00,33,1,2786,13283.25,13286.75,13279.0,13282.75,644,NQ.v.0
2021-04-01 17:16:00+00:00,33,1,2786,13282.0,13282.75,13273.0,13274.5,821,NQ.v.0
2021-04-01 17:17:00+00:00,33,1,2786,13274.0,13276.75,13271.25,13275.25,764,NQ.v.0
2021-04-01 17:18:00+00:00,33,1,2786,13275.0,13277.0,13269.25,13270.5,718,NQ.v.0
2021-04-01 17:19:00+00:00,33,1,2786,13270.0,13273.5,13267.75,13271.25,552,NQ.v.0
2021-04-01 17:20:00+00:00,33,1,2786,13271.75,13278.5,13271.75,13274.0,586,NQ.v.0
2021-04-01 17:21:00+00:00,33,1,2786,13274.25,13282.0,13269.75,13279.0,944,NQ.v.0
2021-04-01 17:22:00+00:00,33,1,2786,13278.75,13282.0,13276.75,13279.5,493,NQ.v.0
2021-04-01 17:23:00+00:00,33,1,2786,13279.75,13281.5,13275.25,13277.25,454,NQ.v.0
2021-04-01 17:24:00+00:00,33,1,2786,13277.5,13277.75,13269.75,13270.25,451,NQ.v.0
2021-04-01 17:25:00+00:00,33,1,2786,13270.25,13275.0,13268.5,13272.5,444,NQ.v.0
2021-04-01 17:26:00+00:00,33,1,2786,13272.75,13273.0,13267.75,13269.0,480,NQ.v.0
2021-04-01 17:27:00+00:00,33,1,2786,13268.75,13269.5,13264.25,13266.75,584,NQ.v.0
2021-04-01 17:28:00+00:00,33,1,2786,13266.75,13267.0,13262.25,13264.0,662,NQ.v.0
2021-04-01 17:29:00+00:00,33,1,2786,13264.25,13264.75,13260.0,13263.0,819,NQ.v.0
2021-04-01 17:30:00+00:00,33,1,2786,13262.5,13269.75,13261.25,13268.75,914,NQ.v.0
2021-04-01 17:31:00+00:00,33,1,2786,13269.25,13272.25,13265.0,13269.25,614,NQ.v.0
2021-04-01 17:32:00+00:00,33,1,2786,13269.75,13271.25,13266.0,13271.0,369,NQ.v.0
2021-04-01 17:33:00+00:00,33,1,2786,13271.0,13273.75,13270.0,13271.75,482,NQ.v.0
2021-04-01 17:34:00+00:00,33,1,2786,13271.5,13275.0,13270.75,13273.0,481,NQ.v.0
2021-04-01 17:35:00+00:00,33,1,2786,13272.75,13277.0,13270.25,13275.75,736,NQ.v.0
2021-04-01 17:36:00+00:00,33,1,2786,13276.0,13276.25,13273.5,13275.5,328,NQ.v.0
2021-04-01 17:37:00+00:00,33,1,2786,13275.75,13277.75,13274.5,13276.25,425,NQ.v.0
2021-04-01 17:38:00+00:00,33,1,2786,13276.25,13281.25,13276.0,13279.75,698,NQ.v.0
2021-04-01 17:39:00+00:00,33,1,2786,13280.25,13283.25,13279.25,13282.5,364,NQ.v.0
2021-04-01 17:40:00+00:00,33,1,2786,13282.0,13284.0,13280.5,13282.75,420,NQ.v.0
2021-04-01 17:41:00+00:00,33,1,2786,13283.0,13286.5,13283.0,13286.25,478,NQ.v.0
2021-04-01 17:42:00+00:00,33,1,2786,13286.0,13288.75,13283.75,13284.0,498,NQ.v.0
2021-04-01 17:43:00+00:00,33,1,2786,13284.25,13286.5,13282.75,13285.5,276,NQ.v.0
2021-04-01 17:44:00+00:00,33,1,2786,13285.75,13288.5,13285.5,13288.0,408,NQ.v.0
2021-04-01 17:45:00+00:00,33,1,2786,13288.0,13291.5,13285.5,13287.0,774,NQ.v.0
2021-04-01 17:46:00+00:00,33,1,2786,13287.0,13287.5,13281.0,13282.0,617,NQ.v.0
2021-04-01 17:47:00+00:00,33,1,2786,13281.75,13282.25,13279.0,13279.0,525,NQ.v.0
2021-04-01 17:48:00+00:00,33,1,2786,13279.0,13279.0,13273.75,13274.75,739,NQ.v.0
2021-04-01 17:49:00+00:00,33,1,2786,13274.75,13278.5,13274.75,13276.5,334,NQ.v.0
2021-04-01 17:50:00+00:00,33,1,2786,13276.5,13281.5,13275.25,13281.0,465,NQ.v.0
2021-04-01 17:51:00+00:00,33,1,2786,13281.0,13284.5,13278.0,13284.25,493,NQ.v.0
2021-04-01 17:52:00+00:00,33,1,2786,13284.0,13286.75,13282.25,13285.0,494,NQ.v.0
2021-04-01 17:53:00+00:00,33,1,2786,13285.75,13287.75,13281.75,13283.75,449,NQ.v.0
2021-04-01 17:54:00+00:00,33,1,2786,13284.0,13284.25,13281.75,13282.25,279,NQ.v.0
2021-04-01 17:55:00+00:00,33,1,2786,13282.5,13286.0,13282.25,13285.25,227,NQ.v.0
2021-04-01 17:56:00+00:00,33,1,2786,13285.25,13286.5,13283.25,13284.75,233,NQ.v.0
2021-04-01 17:57:00+00:00,33,1,2786,13284.75,13285.0,13282.5,13283.75,197,NQ.v.0
2021-04-01 17:58:00+00:00,33,1,2786,13283.75,13284.75,13279.75,13281.0,369,NQ.v.0
2021-04-01 17:59:00+00:00,33,1,2786,13280.75,13284.75,13280.25,13281.5,276,NQ.v.0
2021-04-01 18:00:00+00:00,33,1,2786,13281.5,13283.75,13278.0,13281.5,374,NQ.v.0
2021-04-01 18:01:00+00:00,33,1,2786,13281.75,13285.0,13280.0,13280.75,270,NQ.v.0
2021-04-01 18:02:00+00:00,33,1,2786,13281.0,13286.0,13280.5,13283.0,416,NQ.v.0
2021-04-01 18:03:00+00:00,33,1,2786,13283.25,13285.0,13283.0,13284.75,283,NQ.v.0
2021-04-01 18:04:00+00:00,33,1,2786,13284.75,13286.5,13284.25,13285.25,302,NQ.v.0
2021-04-01 18:05:00+00:00,33,1,2786,13285.5,13289.25,13285.0,13286.25,461,NQ.v.0
2021-04-01 18:06:00+00:00,33,1,2786,13286.25,13286.25,13281.75,13283.75,291,NQ.v.0
2021-04-01 18:07:00+00:00,33,1,2786,13284.0,13285.25,13282.0,13283.0,326,NQ.v.0
2021-04-01 18:08:00+00:00,33,1,2786,13283.0,13283.0,13279.0,13281.0,440,NQ.v.0
2021-04-01 18:09:00+00:00,33,1,2786,13280.75,13281.5,13278.0,13278.0,334,NQ.v.0
2021-04-01 18:10:00+00:00,33,1,2786,13278.25,13281.75,13275.25,13280.5,582,NQ.v.0
2021-04-01 18:11:00+00:00,33,1,2786,13281.0,13289.0,13281.0,13287.0,771,NQ.v.0
2021-04-01 18:12:00+00:00,33,1,2786,13287.0,13289.5,13286.5,13287.25,329,NQ.v.0
2021-04-01 18:13:00+00:00,33,1,2786,13287.5,13292.0,13287.0,13290.5,562,NQ.v.0
2021-04-01 18:14:00+00:00,33,1,2786,13290.5,13294.75,13290.5,13293.25,506,NQ.v.0
2021-04-01 18:15:00+00:00,33,1,2786,13293.0,13293.0,13289.0,13290.25,466,NQ.v.0
2021-04-01 18:16:00+00:00,33,1,2786,13290.0,13290.0,13287.0,13288.5,375,NQ.v.0
2021-04-01 18:17:00+00:00,33,1,2786,13288.25,13291.5,13288.25,13291.0,238,NQ.v.0
2021-04-01 18:18:00+00:00,33,1,2786,13291.25,13293.25,13290.75,13291.75,330,NQ.v.0
2021-04-01 18:19:00+00:00,33,1,2786,13292.0,13293.25,13289.5,13291.0,293,NQ.v.0
2021-04-01 18:20:00+00:00,33,1,2786,13291.5,13296.75,13291.5,13294.25,750,NQ.v.0
2021-04-01 18:21:00+00:00,33,1,2786,13294.5,13294.5,13291.0,13292.25,339,NQ.v.0
2021-04-01 18:22:00+00:00,33,1,2786,13292.5,13294.0,13291.75,13293.75,270,NQ.v.0
2021-04-01 18:23:00+00:00,33,1,2786,13294.0,13294.0,13292.25,13293.25,159,NQ.v.0
2021-04-01 18:24:00+00:00,33,1,2786,13293.25,13297.75,13292.5,13297.0,492,NQ.v.0
2021-04-01 18:25:00+00:00,33,1,2786,13297.25,13300.75,13296.5,13297.75,954,NQ.v.0
2021-04-01 18:26:00+00:00,33,1,2786,13297.75,13298.75,13295.25,13295.5,283,NQ.v.0
2021-04-01 18:27:00+00:00,33,1,2786,13295.75,13297.5,13293.75,13297.0,353,NQ.v.0
2021-04-01 18:28:00+00:00,33,1,2786,13297.0,13299.5,13296.75,13298.0,310,NQ.v.0
2021-04-01 18:29:00+00:00,33,1,2786,13297.75,13299.0,13297.0,13298.75,263,NQ.v.0
2021-04-01 18:30:00+00:00,33,1,2786,13298.75,13300.0,13296.75,13298.25,465,NQ.v.0
2021-04-01 18:31:00+00:00,33,1,2786,13298.25,13302.75,13298.0,13300.5,510,NQ.v.0
2021-04-01 18:32:00+00:00,33,1,2786,13300.75,13302.75,13299.0,13299.75,375,NQ.v.0
2021-04-01 18:33:00+00:00,33,1,2786,13299.5,13300.0,13296.25,13297.5,447,NQ.v.0
2021-04-01 18:34:00+00:00,33,1,2786,13297.0,13299.25,13296.25,13297.5,305,NQ.v.0
2021-04-01 18:35:00+00:00,33,1,2786,13297.5,13299.5,13297.0,13299.0,414,NQ.v.0
2021-04-01 18:36:00+00:00,33,1,2786,13299.0,13299.5,13296.25,13297.25,288,NQ.v.0
2021-04-01 18:37:00+00:00,33,1,2786,13297.5,13297.5,13294.0,13296.25,318,NQ.v.0
2021-04-01 18:38:00+00:00,33,1,2786,13296.5,13302.5,13296.0,13300.5,640,NQ.v.0
2021-04-01 18:39:00+00:00,33,1,2786,13300.75,13302.25,13298.75,13299.75,331,NQ.v.0
2021-04-01 18:40:00+00:00,33,1,2786,13299.75,13302.25,13297.0,13300.5,435,NQ.v.0
2021-04-01 18:41:00+00:00,33,1,2786,13300.75,13301.25,13298.25,13298.5,295,NQ.v.0
2021-04-01 18:42:00+00:00,33,1,2786,13298.75,13299.25,13297.0,13298.25,340,NQ.v.0
2021-04-01 18:43:00+00:00,33,1,2786,13298.5,13302.75,13297.75,13300.0,493,NQ.v.0
2021-04-01 18:44:00+00:00,33,1,2786,13300.25,13302.75,13299.75,13302.25,362,NQ.v.0
2021-04-01 18:45:00+00:00,33,1,2786,13302.5,13305.75,13298.75,13300.0,867,NQ.v.0
2021-04-01 18:46:00+00:00,33,1,2786,13300.0,13300.5,13294.25,13298.75,749,NQ.v.0
2021-04-01 18:47:00+00:00,33,1,2786,13298.75,13298.75,13296.5,13298.25,220,NQ.v.0
2021-04-01 18:48:00+00:00,33,1,2786,13298.75,13301.5,13297.75,13300.5,328,NQ.v.0
2021-04-01 18:49:00+00:00,33,1,2786,13300.75,13302.75,13300.0,13302.25,351,NQ.v.0
2021-04-01 18:50:00+00:00,33,1,2786,13302.5,13304.5,13300.25,13301.25,490,NQ.v.0
2021-04-01 18:51:00+00:00,33,1,2786,13300.75,13305.25,13300.75,13304.5,340,NQ.v.0
2021-04-01 18:52:00+00:00,33,1,2786,13304.5,13309.0,13304.5,13307.25,796,NQ.v.0
2021-04-01 18:53:00+00:00,33,1,2786,13307.0,13308.0,13305.0,13307.0,304,NQ.v.0
2021-04-01 18:54:00+00:00,33,1,2786,13307.25,13308.0,13305.75,13307.0,275,NQ.v.0
2021-04-01 18:55:00+00:00,33,1,2786,13307.0,13309.0,13306.25,13308.75,420,NQ.v.0
2021-04-01 18:56:00+00:00,33,1,2786,13308.75,13309.5,13306.5,13307.0,328,NQ.v.0
2021-04-01 18:57:00+00:00,33,1,2786,13307.0,13309.0,13306.25,13308.0,292,NQ.v.0
2021-04-01 18:58:00+00:00,33,1,2786,13308.5,13308.5,13305.75,13306.0,437,NQ.v.0
2021-04-01 18:59:00+00:00,33,1,2786,13306.0,13306.25,13301.5,13301.5,517,NQ.v.0
2021-04-01 19:00:00+00:00,33,1,2786,13301.5,13302.0,13296.0,13302.0,752,NQ.v.0
2021-04-01 19:01:00+00:00,33,1,2786,13302.0,13305.25,13300.75,13302.0,493,NQ.v.0
2021-04-01 19:02:00+00:00,33,1,2786,13301.75,13303.5,13299.0,13299.75,472,NQ.v.0
2021-04-01 19:03:00+00:00,33,1,2786,13299.75,13299.75,13295.25,13296.5,408,NQ.v.0
2021-04-01 19:04:00+00:00,33,1,2786,13296.25,13296.5,13291.5,13295.5,670,NQ.v.0
2021-04-01 19:05:00+00:00,33,1,2786,13295.25,13296.25,13290.25,13290.5,563,NQ.v.0
2021-04-01 19:06:00+00:00,33,1,2786,13290.5,13291.0,13283.0,13287.0,917,NQ.v.0
2021-04-01 19:07:00+00:00,33,1,2786,13287.0,13289.25,13286.5,13288.0,427,NQ.v.0
2021-04-01 19:08:00+00:00,33,1,2786,13288.5,13295.0,13288.0,13293.25,607,NQ.v.0
2021-04-01 19:09:00+00:00,33,1,2786,13293.0,13298.0,13293.0,13297.25,422,NQ.v.0
2021-04-01 19:10:00+00:00,33,1,2786,13297.75,13299.5,13293.25,13293.25,658,NQ.v.0
2021-04-01 19:11:00+00:00,33,1,2786,13293.5,13294.75,13291.0,13291.75,337,NQ.v.0
2021-04-01 19:12:00+00:00,33,1,2786,13292.25,13293.0,13287.25,13290.5,458,NQ.v.0
2021-04-01 19:13:00+00:00,33,1,2786,13290.75,13292.5,13285.0,13287.25,427,NQ.v.0
2021-04-01 19:14:00+00:00,33,1,2786,13287.25,13288.75,13285.0,13286.75,305,NQ.v.0
2021-04-01 19:15:00+00:00,33,1,2786,13286.5,13288.5,13284.5,13285.0,449,NQ.v.0
2021-04-01 19:16:00+00:00,33,1,2786,13284.75,13285.75,13282.25,13284.75,544,NQ.v.0
2021-04-01 19:17:00+00:00,33,1,2786,13284.5,13291.5,13284.5,13290.0,494,NQ.v.0
2021-04-01 19:18:00+00:00,33,1,2786,13290.0,13291.5,13287.0,13290.75,326,NQ.v.0
2021-04-01 19:19:00+00:00,33,1,2786,13290.5,13293.5,13286.75,13287.0,436,NQ.v.0
2021-04-01 19:20:00+00:00,33,1,2786,13287.0,13289.0,13281.75,13283.75,744,NQ.v.0
2021-04-01 19:21:00+00:00,33,1,2786,13283.75,13285.0,13277.0,13280.75,974,NQ.v.0
2021-04-01 19:22:00+00:00,33,1,2786,13280.5,13284.25,13279.25,13283.0,675,NQ.v.0
2021-04-01 19:23:00+00:00,33,1,2786,13282.75,13285.5,13282.5,13284.0,485,NQ.v.0
2021-04-01 19:24:00+00:00,33,1,2786,13284.0,13284.0,13279.25,13280.0,531,NQ.v.0
2021-04-01 19:25:00+00:00,33,1,2786,13280.25,13284.25,13280.0,13282.5,337,NQ.v.0
2021-04-01 19:26:00+00:00,33,1,2786,13282.75,13287.0,13282.0,13284.5,514,NQ.v.0
2021-04-01 19:27:00+00:00,33,1,2786,13284.75,13286.75,13283.5,13285.25,287,NQ.v.0
2021-04-01 19:28:00+00:00,33,1,2786,13286.0,13286.25,13281.5,13283.25,470,NQ.v.0
2021-04-01 19:29:00+00:00,33,1,2786,13283.0,13287.5,13282.25,13286.75,313,NQ.v.0
2021-04-01 19:30:00+00:00,33,1,2786,13286.5,13290.75,13285.75,13288.5,919,NQ.v.0
2021-04-01 19:31:00+00:00,33,1,2786,13288.5,13293.25,13288.25,13291.5,645,NQ.v.0
2021-04-01 19:32:00+00:00,33,1,2786,13291.75,13296.5,13290.25,13296.5,859,NQ.v.0
2021-04-01 19:33:00+00:00,33,1,2786,13296.75,13301.5,13295.0,13298.75,893,NQ.v.0
2021-04-01 19:34:00+00:00,33,1,2786,13299.25,13299.75,13295.75,13299.25,578,NQ.v.0
2021-04-01 19:35:00+00:00,33,1,2786,13299.25,13299.75,13296.75,13297.25,601,NQ.v.0
2021-04-01 19:36:00+00:00,33,1,2786,13297.25,13297.75,13291.75,13294.5,738,NQ.v.0
2021-04-01 19:37:00+00:00,33,1,2786,13294.25,13294.75,13290.25,13293.0,415,NQ.v.0
2021-04-01 19:38:00+00:00,33,1,2786,13292.5,13294.25,13287.75,13288.25,1125,NQ.v.0
2021-04-01 19:39:00+00:00,33,1,2786,13288.75,13294.0,13288.25,13292.75,613,NQ.v.0
2021-04-01 19:40:00+00:00,33,1,2786,13292.75,13297.25,13290.5,13295.25,856,NQ.v.0
2021-04-01 19:41:00+00:00,33,1,2786,13295.0,13297.75,13294.25,13296.75,482,NQ.v.0
2021-04-01 19:42:00+00:00,33,1,2786,13297.0,13297.75,13291.0,13291.25,394,NQ.v.0
2021-04-01 19:43:00+00:00,33,1,2786,13291.5,13294.75,13290.25,13294.25,1002,NQ.v.0
2021-04-01 19:44:00+00:00,33,1,2786,13294.0,13295.75,13291.75,13295.25,394,NQ.v.0
2021-04-01 19:45:00+00:00,33,1,2786,13295.0,13297.25,13293.5,13296.25,516,NQ.v.0
2021-04-01 19:46:00+00:00,33,1,2786,13296.5,13299.75,13296.0,13299.0,577,NQ.v.0
2021-04-01 19:47:00+00:00,33,1,2786,13299.75,13305.0,13298.0,13303.75,766,NQ.v.0
2021-04-01 19:48:00+00:00,33,1,2786,13304.0,13309.25,13303.5,13307.75,970,NQ.v.0
2021-04-01 19:49:00+00:00,33,1,2786,13308.0,13308.5,13303.5,13305.5,792,NQ.v.0
2021-04-01 19:50:00+00:00,33,1,2786,13305.0,13309.25,13299.75,13301.5,1117,NQ.v.0
2021-04-01 19:51:00+00:00,33,1,2786,13301.75,13303.5,13299.25,13301.5,961,NQ.v.0
2021-04-01 19:52:00+00:00,33,1,2786,13302.0,13305.5,13300.25,13305.5,776,NQ.v.0
2021-04-01 19:53:00+00:00,33,1,2786,13305.5,13310.5,13305.5,13310.0,1297,NQ.v.0
2021-04-01 19:54:00+00:00,33,1,2786,13309.75,13314.5,13306.5,13314.25,2298,NQ.v.0
2021-04-01 19:55:00+00:00,33,1,2786,13314.25,13314.75,13306.0,13309.5,2026,NQ.v.0
2021-04-01 19:56:00+00:00,33,1,2786,13309.5,13313.25,13308.25,13310.0,1149,NQ.v.0
2021-04-01 19:57:00+00:00,33,1,2786,13310.0,13313.5,13308.25,13312.75,1386,NQ.v.0
2021-04-01 19:58:00+00:00,33,1,2786,13312.5,13319.0,13310.5,13316.75,2597,NQ.v.0
2021-04-01 19:59:00+00:00,33,1,2786,13317.0,13319.75,13313.0,13314.25,6459,NQ.v.0
2021-04-01 20:00:00+00:00,33,1,2786,13314.5,13321.25,13313.0,13319.0,2147,NQ.v.0
2021-04-01 20:01:00+00:00,33,1,2786,13319.0,13319.75,13315.5,13318.75,1153,NQ.v.0
2021-04-01 20:02:00+00:00,33,1,2786,13318.75,13319.75,13317.5,13318.5,669,NQ.v.0
2021-04-01 20:03:00+00:00,33,1,2786,13318.5,13320.0,13318.0,13319.75,432,NQ.v.0
2021-04-01 20:04:00+00:00,33,1,2786,13319.5,13320.0,13317.0,13319.0,491,NQ.v.0
2021-04-01 20:05:00+00:00,33,1,2786,13319.5,13320.75,13319.0,13319.25,414,NQ.v.0
2021-04-01 20:06:00+00:00,33,1,2786,13319.5,13322.75,13319.25,13320.75,530,NQ.v.0
2021-04-01 20:07:00+00:00,33,1,2786,13320.75,13326.25,13320.0,13325.25,712,NQ.v.0
2021-04-01 20:08:00+00:00,33,1,2786,13325.25,13327.25,13325.0,13326.5,582,NQ.v.0
2021-04-01 20:09:00+00:00,33,1,2786,13326.5,13327.5,13326.0,13326.25,347,NQ.v.0
2021-04-01 20:10:00+00:00,33,1,2786,13326.25,13326.5,13322.0,13322.75,415,NQ.v.0
2021-04-01 20:11:00+00:00,33,1,2786,13322.75,13323.75,13321.25,13321.5,230,NQ.v.0
2021-04-01 20:12:00+00:00,33,1,2786,13321.75,13325.25,13321.25,13324.0,303,NQ.v.0
2021-04-01 20:13:00+00:00,33,1,2786,13323.75,13326.0,13321.0,13325.25,366,NQ.v.0
2021-04-01 20:14:00+00:00,33,1,2786,13325.0,13327.0,13322.75,13325.75,411,NQ.v.0
2021-04-01 20:30:00+00:00,33,1,2786,13320.75,13326.0,13320.75,13324.5,242,NQ.v.0
2021-04-01 20:31:00+00:00,33,1,2786,13325.25,13327.5,13323.75,13326.5,105,NQ.v.0
2021-04-01 20:32:00+00:00,33,1,2786,13326.75,13329.0,13326.25,13328.0,133,NQ.v.0
2021-04-01 20:33:00+00:00,33,1,2786,13327.75,13328.75,13325.75,13327.25,74,NQ.v.0
2021-04-01 20:34:00+00:00,33,1,2786,13327.25,13329.75,13327.25,13328.25,144,NQ.v.0
2021-04-01 20:35:00+00:00,33,1,2786,13327.75,13329.75,13325.5,13326.25,97,NQ.v.0
2021-04-01 20:36:00+00:00,33,1,2786,13325.75,13327.25,13325.25,13325.75,46,NQ.v.0
2021-04-01 20:37:00+00:00,33,1,2786,13325.5,13325.5,13322.75,13323.75,93,NQ.v.0
2021-04-01 20:38:00+00:00,33,1,2786,13323.0,13325.0,13322.0,13324.25,65,NQ.v.0
2021-04-01 20:39:00+00:00,33,1,2786,13324.25,13326.5,13324.25,13325.75,58,NQ.v.0
2021-04-01 20:40:00+00:00,33,1,2786,13326.25,13328.25,13325.25,13326.75,93,NQ.v.0
2021-04-01 20:41:00+00:00,33,1,2786,13327.0,13329.75,13326.0,13327.25,125,NQ.v.0
2021-04-01 20:42:00+00:00,33,1,2786,13327.5,13329.0,13327.25,13328.25,93,NQ.v.0
2021-04-01 20:43:00+00:00,33,1,2786,13328.25,13332.5,13327.75,13330.25,210,NQ.v.0
2021-04-01 20:44:00+00:00,33,1,2786,13330.5,13331.0,13329.5,13331.0,90,NQ.v.0
2021-04-01 20:45:00+00:00,33,1,2786,13331.0,13332.25,13327.5,13328.5,125,NQ.v.0
2021-04-01 20:46:00+00:00,33,1,2786,13328.5,13329.25,13326.25,13328.5,61,NQ.v.0
2021-04-01 20:47:00+00:00,33,1,2786,13327.75,13329.0,13327.0,13327.25,62,NQ.v.0
2021-04-01 20:48:00+00:00,33,1,2786,13327.25,13328.5,13325.75,13328.5,61,NQ.v.0
2021-04-01 20:49:00+00:00,33,1,2786,13327.25,13329.0,13326.5,13327.25,54,NQ.v.0
2021-04-01 20:50:00+00:00,33,1,2786,13327.75,13329.5,13326.0,13327.75,120,NQ.v.0
2021-04-01 20:51:00+00:00,33,1,2786,13326.5,13327.75,13326.25,13327.25,41,NQ.v.0
2021-04-01 20:52:00+00:00,33,1,2786,13327.75,13327.75,13325.5,13326.0,73,NQ.v.0
2021-04-01 20:53:00+00:00,33,1,2786,13326.0,13327.25,13326.0,13326.75,44,NQ.v.0
2021-04-01 20:54:00+00:00,33,1,2786,13326.25,13327.0,13325.75,13327.0,43,NQ.v.0
2021-04-01 20:55:00+00:00,33,1,2786,13325.5,13328.5,13325.0,13325.75,166,NQ.v.0
2021-04-01 20:56:00+00:00,33,1,2786,13325.75,13326.5,13324.75,13326.0,61,NQ.v.0
2021-04-01 20:57:00+00:00,33,1,2786,13325.5,13327.5,13325.25,13325.5,50,NQ.v.0
2021-04-01 20:58:00+00:00,33,1,2786,13325.25,13327.25,13325.0,13327.25,40,NQ.v.0
2021-04-01 20:59:00+00:00,33,1,2786,13326.5,13328.5,13326.5,13327.25,78,NQ.v.0
2021-04-01 22:00:00+00:00,33,1,2786,13330.5,13334.25,13328.5,13331.0,245,NQ.v.0
2021-04-01 22:01:00+00:00,33,1,2786,13331.0,13333.5,13325.75,13326.75,109,NQ.v.0
2021-04-01 22:02:00+00:00,33,1,2786,13327.0,13331.75,13326.25,13331.0,75,NQ.v.0
2021-04-01 22:03:00+00:00,33,1,2786,13331.0,13332.25,13330.5,13331.5,43,NQ.v.0
2021-04-01 22:04:00+00:00,33,1,2786,13330.75,13334.0,13330.75,13333.75,52,NQ.v.0
2021-04-01 22:05:00+00:00,33,1,2786,13333.75,13336.0,13332.25,13333.5,109,NQ.v.0
2021-04-01 22:06:00+00:00,33,1,2786,13333.0,13333.75,13329.0,13331.25,132,NQ.v.0
2021-04-01 22:07:00+00:00,33,1,2786,13331.25,13331.25,13327.5,13328.25,68,NQ.v.0
2021-04-01 22:08:00+00:00,33,1,2786,13328.0,13330.5,13328.0,13330.0,19,NQ.v.0
2021-04-01 22:09:00+00:00,33,1,2786,13330.0,13330.0,13327.25,13327.25,9,NQ.v.0
2021-04-01 22:10:00+00:00,33,1,2786,13327.25,13328.5,13325.75,13328.25,57,NQ.v.0
2021-04-01 22:11:00+00:00,33,1,2786,13328.25,13328.75,13327.25,13328.25,72,NQ.v.0
2021-04-01 22:12:00+00:00,33,1,2786,13328.25,13328.5,13327.25,13328.5,12,NQ.v.0
2021-04-01 22:13:00+00:00,33,1,2786,13329.0,13329.0,13328.0,13328.0,8,NQ.v.0
2021-04-01 22:14:00+00:00,33,1,2786,13327.75,13328.0,13326.25,13326.25,15,NQ.v.0
2021-04-01 22:15:00+00:00,33,1,2786,13326.25,13329.75,13325.5,13329.0,24,NQ.v.0
2021-04-01 22:16:00+00:00,33,1,2786,13329.0,13330.0,13328.75,13329.5,17,NQ.v.0
2021-04-01 22:17:00+00:00,33,1,2786,13329.5,13329.5,13327.5,13327.5,12,NQ.v.0
2021-04-01 22:18:00+00:00,33,1,2786,13328.25,13329.0,13327.5,13329.0,13,NQ.v.0
2021-04-01 22:19:00+00:00,33,1,2786,13329.0,13329.5,13328.5,13329.25,12,NQ.v.0
2021-04-01 22:20:00+00:00,33,1,2786,13329.25,13332.75,13329.25,13332.75,105,NQ.v.0
2021-04-01 22:21:00+00:00,33,1,2786,13332.75,13332.75,13328.75,13328.75,30,NQ.v.0
2021-04-01 22:22:00+00:00,33,1,2786,13328.5,13328.75,13327.75,13328.75,7,NQ.v.0
2021-04-01 22:23:00+00:00,33,1,2786,13328.75,13329.0,13327.25,13329.0,19,NQ.v.0
2021-04-01 22:24:00+00:00,33,1,2786,13328.0,13328.0,13327.75,13327.75,2,NQ.v.0
2021-04-01 22:25:00+00:00,33,1,2786,13327.75,13328.25,13327.25,13328.25,5,NQ.v.0
2021-04-01 22:26:00+00:00,33,1,2786,13327.75,13328.5,13327.25,13328.25,18,NQ.v.0
2021-04-01 22:27:00+00:00,33,1,2786,13328.25,13328.75,13328.0,13328.0,12,NQ.v.0
2021-04-01 22:28:00+00:00,33,1,2786,13329.5,13329.5,13328.75,13329.0,6,NQ.v.0
2021-04-01 22:29:00+00:00,33,1,2786,13329.5,13330.5,13329.5,13329.75,12,NQ.v.0
2021-04-01 22:30:00+00:00,33,1,2786,13330.25,13330.5,13329.25,13330.5,19,NQ.v.0
2021-04-01 22:31:00+00:00,33,1,2786,13330.25,13334.5,13330.25,13331.75,51,NQ.v.0
2021-04-01 22:32:00+00:00,33,1,2786,13331.0,13331.75,13329.75,13329.75,18,NQ.v.0
2021-04-01 22:33:00+00:00,33,1,2786,13329.5,13330.75,13329.5,13330.75,10,NQ.v.0
2021-04-01 22:34:00+00:00,33,1,2786,13330.0,13331.75,13330.0,13330.75,11,NQ.v.0
2021-04-01 22:35:00+00:00,33,1,2786,13330.5,13332.25,13330.0,13330.0,24,NQ.v.0
2021-04-01 22:36:00+00:00,33,1,2786,13330.0,13331.5,13330.0,13330.0,26,NQ.v.0
2021-04-01 22:37:00+00:00,33,1,2786,13329.75,13330.25,13329.0,13329.0,14,NQ.v.0
2021-04-01 22:38:00+00:00,33,1,2786,13328.75,13329.25,13327.75,13328.5,17,NQ.v.0
2021-04-01 22:39:00+00:00,33,1,2786,13328.0,13328.25,13327.5,13327.75,9,NQ.v.0
2021-04-01 22:40:00+00:00,33,1,2786,13328.5,13329.0,13327.75,13329.0,9,NQ.v.0
2021-04-01 22:41:00+00:00,33,1,2786,13328.5,13329.0,13328.0,13329.0,5,NQ.v.0
2021-04-01 22:42:00+00:00,33,1,2786,13328.0,13329.75,13328.0,13328.0,22,NQ.v.0
2021-04-01 22:43:00+00:00,33,1,2786,13327.75,13327.75,13327.75,13327.75,2,NQ.v.0
2021-04-01 22:44:00+00:00,33,1,2786,13328.75,13329.25,13328.75,13328.75,4,NQ.v.0
2021-04-01 22:46:00+00:00,33,1,2786,13329.25,13329.5,13328.75,13329.5,8,NQ.v.0
2021-04-01 22:47:00+00:00,33,1,2786,13329.5,13329.75,13328.75,13328.75,5,NQ.v.0
2021-04-01 22:48:00+00:00,33,1,2786,13330.0,13330.0,13329.75,13330.0,4,NQ.v.0
2021-04-01 22:49:00+00:00,33,1,2786,13329.25,13329.75,13329.25,13329.75,4,NQ.v.0
2021-04-01 22:50:00+00:00,33,1,2786,13329.25,13329.75,13329.25,13329.75,5,NQ.v.0
2021-04-01 22:51:00+00:00,33,1,2786,13329.75,13330.0,13329.25,13329.5,26,NQ.v.0
2021-04-01 22:52:00+00:00,33,1,2786,13329.75,13329.75,13329.25,13329.25,2,NQ.v.0
2021-04-01 22:53:00+00:00,33,1,2786,13329.25,13329.75,13329.25,13329.25,5,NQ.v.0
2021-04-01 22:54:00+00:00,33,1,2786,13329.5,13329.75,13329.0,13329.0,7,NQ.v.0
2021-04-01 22:55:00+00:00,33,1,2786,13329.5,13329.75,13329.5,13329.75,2,NQ.v.0
2021-04-01 22:56:00+00:00,33,1,2786,13329.75,13329.75,13329.0,13329.75,7,NQ.v.0
2021-04-01 22:57:00+00:00,33,1,2786,13329.75,13329.75,13329.75,13329.75,4,NQ.v.0
2021-04-01 22:58:00+00:00,33,1,2786,13329.75,13329.75,13329.25,13329.75,17,NQ.v.0
2021-04-01 22:59:00+00:00,33,1,2786,13330.0,13331.25,13330.0,13331.25,28,NQ.v.0
2021-04-01 23:00:00+00:00,33,1,2786,13331.25,13332.25,13328.25,13331.75,39,NQ.v.0
2021-04-01 23:01:00+00:00,33,1,2786,13331.25,13331.75,13330.5,13331.5,19,NQ.v.0
2021-04-01 23:02:00+00:00,33,1,2786,13332.0,13334.75,13331.25,13334.0,153,NQ.v.0
2021-04-01 23:03:00+00:00,33,1,2786,13333.5,13334.5,13332.5,13334.5,74,NQ.v.0
2021-04-01 23:04:00+00:00,33,1,2786,13334.75,13335.5,13334.25,13334.75,31,NQ.v.0
2021-04-01 23:05:00+00:00,33,1,2786,13335.0,13335.0,13333.5,13335.0,26,NQ.v.0
2021-04-01 23:06:00+00:00,33,1,2786,13334.25,13335.25,13333.75,13334.25,22,NQ.v.0
2021-04-01 23:07:00+00:00,33,1,2786,13334.5,13335.25,13333.25,13333.25,32,NQ.v.0
2021-04-01 23:08:00+00:00,33,1,2786,13333.75,13333.75,13333.0,13333.0,13,NQ.v.0
2021-04-01 23:09:00+00:00,33,1,2786,13332.5,13333.0,13331.75,13333.0,34,NQ.v.0
2021-04-01 23:10:00+00:00,33,1,2786,13332.5,13332.5,13332.0,13332.0,13,NQ.v.0
2021-04-01 23:11:00+00:00,33,1,2786,13332.25,13334.5,13331.75,13334.25,31,NQ.v.0
2021-04-01 23:12:00+00:00,33,1,2786,13333.75,13334.0,13332.75,13333.5,19,NQ.v.0
2021-04-01 23:13:00+00:00,33,1,2786,13332.75,13335.25,13332.75,13334.75,28,NQ.v.0
2021-04-01 23:14:00+00:00,33,1,2786,13334.25,13335.0,13333.5,13333.5,44,NQ.v.0
2021-04-01 23:15:00+00:00,33,1,2786,13334.25,13334.25,13333.5,13333.5,7,NQ.v.0
2021-04-01 23:16:00+00:00,33,1,2786,13333.25,13334.0,13332.75,13333.75,15,NQ.v.0
2021-04-01 23:17:00+00:00,33,1,2786,13333.5,13334.0,13332.25,13332.25,8,NQ.v.0
2021-04-01 23:18:00+00:00,33,1,2786,13332.5,13332.5,13332.5,13332.5,6,NQ.v.0
2021-04-01 23:19:00+00:00,33,1,2786,13332.75,13332.75,13332.25,13332.25,3,NQ.v.0
2021-04-01 23:20:00+00:00,33,1,2786,13332.0,13332.0,13331.5,13331.5,12,NQ.v.0
2021-04-01 23:21:00+00:00,33,1,2786,13332.0,13332.25,13331.75,13332.25,4,NQ.v.0
2021-04-01 23:22:00+00:00,33,1,2786,13331.75,13333.25,13331.75,13333.25,13,NQ.v.0
2021-04-01 23:23:00+00:00,33,1,2786,13333.25,13334.75,13332.75,13333.5,19,NQ.v.0
2021-04-01 23:24:00+00:00,33,1,2786,13333.5,13334.25,13333.25,13333.5,15,NQ.v.0
2021-04-01 23:25:00+00:00,33,1,2786,13334.0,13334.0,13333.0,13333.75,8,NQ.v.0
2021-04-01 23:26:00+00:00,33,1,2786,13333.25,13333.5,13333.25,13333.5,3,NQ.v.0
2021-04-01 23:27:00+00:00,33,1,2786,13333.5,13334.0,13333.0,13334.0,17,NQ.v.0
2021-04-01 23:28:00+00:00,33,1,2786,13333.75,13333.75,13333.0,13333.0,4,NQ.v.0
2021-04-01 23:29:00+00:00,33,1,2786,13333.0,13333.0,13332.0,13332.5,7,NQ.v.0
2021-04-01 23:30:00+00:00,33,1,2786,13333.0,13334.75,13332.75,13334.75,39,NQ.v.0
2021-04-01 23:31:00+00:00,33,1,2786,13334.75,13339.5,13334.5,13338.75,159,NQ.v.0
2021-04-01 23:32:00+00:00,33,1,2786,13338.5,13339.25,13337.0,13337.5,55,NQ.v.0
2021-04-01 23:33:00+00:00,33,1,2786,13337.75,13338.75,13336.75,13337.5,102,NQ.v.0
2021-04-01 23:34:00+00:00,33,1,2786,13337.0,13339.0,13337.0,13337.5,80,NQ.v.0
2021-04-01 23:35:00+00:00,33,1,2786,13337.5,13337.75,13336.5,13337.25,17,NQ.v.0
2021-04-01 23:36:00+00:00,33,1,2786,13337.75,13343.75,13337.5,13343.75,177,NQ.v.0
2021-04-01 23:37:00+00:00,33,1,2786,13343.0,13344.0,13340.75,13340.75,124,NQ.v.0
2021-04-01 23:38:00+00:00,33,1,2786,13340.75,13342.5,13340.75,13341.5,25,NQ.v.0
2021-04-01 23:39:00+00:00,33,1,2786,13341.5,13344.5,13341.5,13343.75,72,NQ.v.0
2021-04-01 23:40:00+00:00,33,1,2786,13344.25,13346.0,13343.75,13345.0,185,NQ.v.0
2021-04-01 23:41:00+00:00,33,1,2786,13344.5,13345.0,13343.0,13343.75,26,NQ.v.0
2021-04-01 23:42:00+00:00,33,1,2786,13343.75,13344.25,13342.75,13343.75,43,NQ.v.0
2021-04-01 23:43:00+00:00,33,1,2786,13344.25,13344.5,13343.25,13343.25,25,NQ.v.0
2021-04-01 23:44:00+00:00,33,1,2786,13343.5,13344.75,13343.5,13344.0,28,NQ.v.0
2021-04-01 23:45:00+00:00,33,1,2786,13343.75,13346.75,13343.75,13344.0,79,NQ.v.0
2021-04-01 23:46:00+00:00,33,1,2786,13344.0,13345.75,13343.75,13344.75,40,NQ.v.0
2021-04-01 23:47:00+00:00,33,1,2786,13344.75,13345.5,13344.5,13344.5,22,NQ.v.0
2021-04-01 23:48:00+00:00,33,1,2786,13344.25,13345.0,13342.0,13342.25,58,NQ.v.0
2021-04-01 23:49:00+00:00,33,1,2786,13342.25,13343.5,13341.75,13342.75,33,NQ.v.0
2021-04-01 23:50:00+00:00,33,1,2786,13343.0,13345.5,13342.75,13345.5,71,NQ.v.0
2021-04-01 23:51:00+00:00,33,1,2786,13345.0,13346.25,13344.5,13345.75,63,NQ.v.0
2021-04-01 23:52:00+00:00,33,1,2786,13345.75,13347.75,13344.25,13345.0,73,NQ.v.0
2021-04-01 23:53:00+00:00,33,1,2786,13345.5,13346.0,13342.75,13343.75,69,NQ.v.0
2021-04-01 23:54:00+00:00,33,1,2786,13344.5,13344.5,13342.25,13342.75,35,NQ.v.0
2021-04-01 23:55:00+00:00,33,1,2786,13343.5,13347.75,13343.5,13347.0,53,NQ.v.0
2021-04-01 23:56:00+00:00,33,1,2786,13347.5,13348.5,13347.0,13347.75,50,NQ.v.0
2021-04-01 23:57:00+00:00,33,1,2786,13347.75,13348.0,13345.75,13347.25,41,NQ.v.0
2021-04-01 23:58:00+00:00,33,1,2786,13347.25,13349.5,13347.25,13349.0,31,NQ.v.0
2021-04-01 23:59:00+00:00,33,1,2786,13349.25,13349.5,13345.5,13345.5,77,NQ.v.0
2021-04-02 00:00:00+00:00,33,1,2786,13346.25,13347.75,13345.0,13347.25,95,NQ.v.0
2021-04-02 00:01:00+00:00,33,1,2786,13347.75,13349.5,13347.75,13349.0,153,NQ.v.0
2021-04-02 00:02:00+00:00,33,1,2786,13348.75,13349.0,13348.0,13348.75,73,NQ.v.0
2021-04-02 00:03:00+00:00,33,1,2786,13348.5,13349.0,13347.75,13348.75,42,NQ.v.0
2021-04-02 00:04:00+00:00,33,1,2786,13348.5,13348.75,13346.5,13347.75,127,NQ.v.0
2021-04-02 00:05:00+00:00,33,1,2786,13347.75,13348.0,13347.0,13347.25,22,NQ.v.0
2021-04-02 00:06:00+00:00,33,1,2786,13347.75,13358.25,13347.25,13355.5,545,NQ.v.0
2021-04-02 00:07:00+00:00,33,1,2786,13355.0,13356.75,13354.25,13356.25,141,NQ.v.0
2021-04-02 00:08:00+00:00,33,1,2786,13356.5,13357.0,13354.5,13355.0,96,NQ.v.0
2021-04-02 00:09:00+00:00,33,1,2786,13355.25,13356.25,13355.25,13355.25,52,NQ.v.0
2021-04-02 00:10:00+00:00,33,1,2786,13355.75,13356.0,13353.0,13353.0,55,NQ.v.0
2021-04-02 00:11:00+00:00,33,1,2786,13353.0,13353.5,13352.5,13352.5,28,NQ.v.0
2021-04-02 00:12:00+00:00,33,1,2786,13352.5,13353.0,13351.5,13351.75,80,NQ.v.0
2021-04-02 00:13:00+00:00,33,1,2786,13351.75,13352.5,13351.25,13352.0,48,NQ.v.0
2021-04-02 00:14:00+00:00,33,1,2786,13352.5,13353.0,13352.0,13352.75,21,NQ.v.0
2021-04-02 00:15:00+00:00,33,1,2786,13352.5,13354.5,13352.5,13352.75,58,NQ.v.0
2021-04-02 00:16:00+00:00,33,1,2786,13353.25,13353.5,13351.5,13352.0,60,NQ.v.0
2021-04-02 00:17:00+00:00,33,1,2786,13351.75,13353.0,13351.75,13352.5,30,NQ.v.0
2021-04-02 00:18:00+00:00,33,1,2786,13353.0,13353.0,13351.75,13352.0,19,NQ.v.0
2021-04-02 00:19:00+00:00,33,1,2786,13352.0,13353.25,13351.25,13351.5,67,NQ.v.0
2021-04-02 00:20:00+00:00,33,1,2786,13351.5,13353.25,13351.25,13351.5,65,NQ.v.0
2021-04-02 00:21:00+00:00,33,1,2786,13351.25,13351.5,13348.75,13350.0,183,NQ.v.0
2021-04-02 00:22:00+00:00,33,1,2786,13349.75,13349.75,13348.5,13349.0,33,NQ.v.0
2021-04-02 00:23:00+00:00,33,1,2786,13349.5,13350.25,13348.75,13349.0,22,NQ.v.0
2021-04-02 00:24:00+00:00,33,1,2786,13349.25,13349.25,13347.5,13347.5,32,NQ.v.0
2021-04-02 00:25:00+00:00,33,1,2786,13347.25,13347.25,13345.75,13346.75,117,NQ.v.0
2021-04-02 00:26:00+00:00,33,1,2786,13346.5,13346.75,13344.25,13345.25,60,NQ.v.0
2021-04-02 00:27:00+00:00,33,1,2786,13344.5,13347.0,13344.25,13347.0,71,NQ.v.0
2021-04-02 00:28:00+00:00,33,1,2786,13347.25,13347.75,13345.75,13345.75,52,NQ.v.0
2021-04-02 00:29:00+00:00,33,1,2786,13345.75,13346.0,13345.25,13346.0,30,NQ.v.0
2021-04-02 00:30:00+00:00,33,1,2786,13346.25,13346.75,13345.75,13346.25,16,NQ.v.0
2021-04-02 00:31:00+00:00,33,1,2786,13346.0,13346.5,13344.25,13345.25,73,NQ.v.0
2021-04-02 00:32:00+00:00,33,1,2786,13345.5,13345.5,13344.5,13344.75,16,NQ.v.0
2021-04-02 00:33:00+00:00,33,1,2786,13345.0,13345.5,13344.5,13344.75,37,NQ.v.0
2021-04-02 00:34:00+00:00,33,1,2786,13345.0,13347.0,13345.0,13346.75,65,NQ.v.0
2021-04-02 00:35:00+00:00,33,1,2786,13346.75,13348.75,13346.5,13346.5,104,NQ.v.0
2021-04-02 00:36:00+00:00,33,1,2786,13347.0,13353.25,13347.0,13350.5,202,NQ.v.0
2021-04-02 00:37:00+00:00,33,1,2786,13351.0,13352.25,13350.25,13350.5,61,NQ.v.0
2021-04-02 00:38:00+00:00,33,1,2786,13350.0,13350.5,13348.0,13348.0,36,NQ.v.0
2021-04-02 00:39:00+00:00,33,1,2786,13348.0,13350.0,13348.0,13350.0,53,NQ.v.0
2021-04-02 00:40:00+00:00,33,1,2786,13350.25,13351.0,13350.0,13350.0,12,NQ.v.0
2021-04-02 00:41:00+00:00,33,1,2786,13350.25,13350.75,13350.0,13350.75,7,NQ.v.0
2021-04-02 00:42:00+00:00,33,1,2786,13350.5,13352.0,13349.75,13349.75,60,NQ.v.0
2021-04-02 00:43:00+00:00,33,1,2786,13350.0,13350.25,13349.25,13349.25,6,NQ.v.0
2021-04-02 00:44:00+00:00,33,1,2786,13350.0,13350.0,13349.0,13349.75,18,NQ.v.0
2021-04-02 00:45:00+00:00,33,1,2786,13349.5,13350.0,13349.25,13350.0,16,NQ.v.0
2021-04-02 00:46:00+00:00,33,1,2786,13349.75,13349.75,13349.25,13349.25,10,NQ.v.0
2021-04-02 00:47:00+00:00,33,1,2786,13349.25,13350.0,13349.0,13349.5,30,NQ.v.0
2021-04-02 00:48:00+00:00,33,1,2786,13349.25,13349.5,13348.75,13349.25,13,NQ.v.0
2021-04-02 00:49:00+00:00,33,1,2786,13349.5,13349.5,13348.5,13348.5,14,NQ.v.0
2021-04-02 00:50:00+00:00,33,1,2786,13348.5,13348.5,13348.0,13348.25,13,NQ.v.0
2021-04-02 00:51:00+00:00,33,1,2786,13348.25,13350.5,13348.25,13350.0,67,NQ.v.0
2021-04-02 00:52:00+00:00,33,1,2786,13350.5,13351.5,13350.25,13350.25,35,NQ.v.0
2021-04-02 00:53:00+00:00,33,1,2786,13350.0,13350.25,13346.0,13348.75,102,NQ.v.0
2021-04-02 00:54:00+00:00,33,1,2786,13348.75,13349.0,13348.25,13349.0,39,NQ.v.0
2021-04-02 00:55:00+00:00,33,1,2786,13348.75,13349.25,13348.25,13349.0,32,NQ.v.0
2021-04-02 00:56:00+00:00,33,1,2786,13349.0,13349.0,13348.25,13348.25,15,NQ.v.0
2021-04-02 00:57:00+00:00,33,1,2786,13348.0,13348.75,13347.75,13348.75,28,NQ.v.0
2021-04-02 00:58:00+00:00,33,1,2786,13348.5,13348.5,13347.0,13347.5,17,NQ.v.0
2021-04-02 00:59:00+00:00,33,1,2786,13347.5,13347.5,13344.75,13345.5,48,NQ.v.0
2021-04-02 01:00:00+00:00,33,1,2786,13345.0,13346.75,13345.0,13346.75,35,NQ.v.0
2021-04-02 01:01:00+00:00,33,1,2786,13346.75,13349.5,13346.0,13348.0,51,NQ.v.0
2021-04-02 01:02:00+00:00,33,1,2786,13348.5,13348.5,13347.0,13348.5,19,NQ.v.0
2021-04-02 01:03:00+00:00,33,1,2786,13348.0,13348.75,13348.0,13348.75,11,NQ.v.0
2021-04-02 01:04:00+00:00,33,1,2786,13348.5,13349.0,13347.75,13347.75,10,NQ.v.0
2021-04-02 01:05:00+00:00,33,1,2786,13347.5,13348.0,13347.0,13347.0,11,NQ.v.0
2021-04-02 01:06:00+00:00,33,1,2786,13346.75,13348.75,13346.75,13348.75,29,NQ.v.0
2021-04-02 01:07:00+00:00,33,1,2786,13349.0,13349.25,13348.75,13348.75,18,NQ.v.0
2021-04-02 01:08:00+00:00,33,1,2786,13348.75,13348.75,13347.25,13347.75,15,NQ.v.0
2021-04-02 01:09:00+00:00,33,1,2786,13348.0,13348.0,13347.25,13347.25,9,NQ.v.0
2021-04-02 01:10:00+00:00,33,1,2786,13347.5,13349.0,13347.5,13349.0,27,NQ.v.0
2021-04-02 01:11:00+00:00,33,1,2786,13348.75,13349.5,13348.75,13349.0,21,NQ.v.0
2021-04-02 01:12:00+00:00,33,1,2786,13348.75,13348.75,13348.5,13348.75,11,NQ.v.0
2021-04-02 01:13:00+00:00,33,1,2786,13349.25,13349.5,13348.5,13348.75,17,NQ.v.0
2021-04-02 01:14:00+00:00,33,1,2786,13349.25,13352.5,13348.5,13349.25,182,NQ.v.0
2021-04-02 01:15:00+00:00,33,1,2786,13349.25,13349.75,13346.75,13347.5,51,NQ.v.0
2021-04-02 01:16:00+00:00,33,1,2786,13347.5,13347.75,13346.5,13346.5,36,NQ.v.0
2021-04-02 01:17:00+00:00,33,1,2786,13346.75,13347.5,13346.25,13346.25,23,NQ.v.0
2021-04-02 01:18:00+00:00,33,1,2786,13346.25,13347.25,13345.25,13345.5,41,NQ.v.0
2021-04-02 01:19:00+00:00,33,1,2786,13346.0,13347.5,13345.75,13347.25,29,NQ.v.0
2021-04-02 01:20:00+00:00,33,1,2786,13348.0,13348.5,13347.5,13347.5,16,NQ.v.0
2021-04-02 01:21:00+00:00,33,1,2786,13348.25,13348.25,13347.25,13347.25,14,NQ.v.0
2021-04-02 01:22:00+00:00,33,1,2786,13348.0,13348.75,13347.75,13348.75,20,NQ.v.0
2021-04-02 01:23:00+00:00,33,1,2786,13349.25,13349.25,13348.25,13348.25,11,NQ.v.0
2021-04-02 01:24:00+00:00,33,1,2786,13349.25,13349.25,13348.25,13348.25,11,NQ.v.0
2021-04-02 01:25:00+00:00,33,1,2786,13348.0,13348.25,13347.5,13348.0,22,NQ.v.0
2021-04-02 01:26:00+00:00,33,1,2786,13347.75,13347.75,13346.5,13347.75,26,NQ.v.0
2021-04-02 01:27:00+00:00,33,1,2786,13348.0,13348.0,13347.0,13347.0,9,NQ.v.0
2021-04-02 01:28:00+00:00,33,1,2786,13347.25,13347.75,13347.25,13347.5,7,NQ.v.0
2021-04-02 01:29:00+00:00,33,1,2786,13347.5,13348.0,13347.25,13347.75,14,NQ.v.0
2021-04-02 01:30:00+00:00,33,1,2786,13348.0,13348.75,13347.75,13348.0,36,NQ.v.0
2021-04-02 01:31:00+00:00,33,1,2786,13348.0,13348.5,13347.0,13347.0,21,NQ.v.0
2021-04-02 01:32:00+00:00,33,1,2786,13347.0,13347.75,13347.0,13347.75,7,NQ.v.0
2021-04-02 01:33:00+00:00,33,1,2786,13347.75,13348.25,13347.0,13347.0,17,NQ.v.0
2021-04-02 01:34:00+00:00,33,1,2786,13347.75,13347.75,13347.0,13347.0,10,NQ.v.0
2021-04-02 01:35:00+00:00,33,1,2786,13347.5,13347.5,13346.75,13346.75,7,NQ.v.0
2021-04-02 01:36:00+00:00,33,1,2786,13347.0,13347.75,13347.0,13347.0,14,NQ.v.0
2021-04-02 01:37:00+00:00,33,1,2786,13346.75,13346.75,13345.75,13346.25,19,NQ.v.0
2021-04-02 01:38:00+00:00,33,1,2786,13346.0,13346.5,13342.0,13342.75,151,NQ.v.0
2021-04-02 01:39:00+00:00,33,1,2786,13342.25,13344.5,13341.0,13343.5,117,NQ.v.0
2021-04-02 01:40:00+00:00,33,1,2786,13343.5,13345.0,13343.0,13344.5,35,NQ.v.0
2021-04-02 01:41:00+00:00,33,1,2786,13344.5,13345.0,13343.75,13345.0,23,NQ.v.0
2021-04-02 01:42:00+00:00,33,1,2786,13345.25,13345.75,13345.0,13345.25,18,NQ.v.0
2021-04-02 01:43:00+00:00,33,1,2786,13344.75,13344.75,13340.75,13343.5,110,NQ.v.0
2021-04-02 01:44:00+00:00,33,1,2786,13343.5,13343.5,13342.25,13342.5,20,NQ.v.0
2021-04-02 01:45:00+00:00,33,1,2786,13342.5,13343.0,13341.75,13343.0,52,NQ.v.0
2021-04-02 01:46:00+00:00,33,1,2786,13343.5,13344.5,13343.5,13344.25,44,NQ.v.0
2021-04-02 01:47:00+00:00,33,1,2786,13344.5,13345.0,13344.0,13344.75,42,NQ.v.0
2021-04-02 01:48:00+00:00,33,1,2786,13344.25,13344.75,13343.5,13343.75,24,NQ.v.0
2021-04-02 01:49:00+00:00,33,1,2786,13343.75,13344.25,13343.25,13343.75,20,NQ.v.0
2021-04-02 01:50:00+00:00,33,1,2786,13343.5,13343.5,13342.75,13343.5,20,NQ.v.0
2021-04-02 01:51:00+00:00,33,1,2786,13343.5,13343.5,13342.75,13342.75,12,NQ.v.0
2021-04-02 01:52:00+00:00,33,1,2786,13343.0,13343.0,13342.0,13342.5,23,NQ.v.0
2021-04-02 01:53:00+00:00,33,1,2786,13342.5,13343.5,13342.25,13343.5,10,NQ.v.0
2021-04-02 01:54:00+00:00,33,1,2786,13343.75,13344.75,13343.5,13344.0,20,NQ.v.0
2021-04-02 01:55:00+00:00,33,1,2786,13344.0,13345.5,13344.0,13345.0,34,NQ.v.0
2021-04-02 01:56:00+00:00,33,1,2786,13345.25,13345.5,13344.5,13344.75,32,NQ.v.0
2021-04-02 01:57:00+00:00,33,1,2786,13344.75,13345.25,13344.5,13345.25,21,NQ.v.0
2021-04-02 01:58:00+00:00,33,1,2786,13344.5,13344.5,13343.75,13344.5,29,NQ.v.0
2021-04-02 01:59:00+00:00,33,1,2786,13344.75,13345.0,13344.25,13344.25,10,NQ.v.0
2021-04-02 02:00:00+00:00,33,1,2786,13344.5,13344.75,13343.75,13344.5,18,NQ.v.0
2021-04-02 02:01:00+00:00,33,1,2786,13344.25,13344.25,13344.0,13344.25,3,NQ.v.0
2021-04-02 02:02:00+00:00,33,1,2786,13344.5,13345.75,13344.0,13345.0,23,NQ.v.0
2021-04-02 02:03:00+00:00,33,1,2786,13345.0,13345.5,13345.0,13345.25,16,NQ.v.0
2021-04-02 02:04:00+00:00,33,1,2786,13345.0,13345.5,13345.0,13345.0,11,NQ.v.0
2021-04-02 02:05:00+00:00,33,1,2786,13345.0,13345.5,13345.0,13345.0,12,NQ.v.0
2021-04-02 02:06:00+00:00,33,1,2786,13345.0,13345.5,13344.75,13344.75,19,NQ.v.0
2021-04-02 02:07:00+00:00,33,1,2786,13344.75,13344.75,13344.0,13344.0,19,NQ.v.0
2021-04-02 02:08:00+00:00,33,1,2786,13344.0,13344.0,13342.0,13342.5,78,NQ.v.0
2021-04-02 02:09:00+00:00,33,1,2786,13343.0,13343.5,13342.5,13342.5,27,NQ.v.0
2021-04-02 02:10:00+00:00,33,1,2786,13343.25,13344.5,13342.75,13343.75,99,NQ.v.0
2021-04-02 02:11:00+00:00,33,1,2786,13344.0,13344.0,13342.0,13343.0,52,NQ.v.0
2021-04-02 02:12:00+00:00,33,1,2786,13343.0,13343.0,13342.25,13342.5,30,NQ.v.0
2021-04-02 02:13:00+00:00,33,1,2786,13342.5,13344.0,13342.5,13343.75,40,NQ.v.0
2021-04-02 02:14:00+00:00,33,1,2786,13343.75,13345.25,13343.75,13345.0,45,NQ.v.0
2021-04-02 02:15:00+00:00,33,1,2786,13344.75,13345.5,13344.5,13345.25,14,NQ.v.0
2021-04-02 02:16:00+00:00,33,1,2786,13345.5,13347.5,13345.0,13346.25,84,NQ.v.0
2021-04-02 02:17:00+00:00,33,1,2786,13346.75,13347.5,13346.0,13347.0,39,NQ.v.0
2021-04-02 02:18:00+00:00,33,1,2786,13347.25,13349.5,13346.75,13348.5,95,NQ.v.0
2021-04-02 02:19:00+00:00,33,1,2786,13348.5,13348.75,13347.5,13348.5,25,NQ.v.0
2021-04-02 02:20:00+00:00,33,1,2786,13348.0,13348.5,13347.75,13348.5,16,NQ.v.0
2021-04-02 02:21:00+00:00,33,1,2786,13348.5,13348.75,13346.5,13347.5,43,NQ.v.0
2021-04-02 02:22:00+00:00,33,1,2786,13347.25,13347.5,13346.75,13347.0,15,NQ.v.0
2021-04-02 02:23:00+00:00,33,1,2786,13347.5,13349.0,13347.25,13348.25,33,NQ.v.0
2021-04-02 02:24:00+00:00,33,1,2786,13347.25,13348.25,13347.25,13348.0,20,NQ.v.0
2021-04-02 02:25:00+00:00,33,1,2786,13348.0,13348.25,13347.75,13348.0,20,NQ.v.0
2021-04-02 02:26:00+00:00,33,1,2786,13348.0,13348.0,13347.25,13347.5,18,NQ.v.0
2021-04-02 02:27:00+00:00,33,1,2786,13348.0,13348.0,13347.5,13347.75,5,NQ.v.0
2021-04-02 02:28:00+00:00,33,1,2786,13347.75,13347.75,13347.5,13347.5,8,NQ.v.0
2021-04-02 02:29:00+00:00,33,1,2786,13347.5,13348.5,13347.5,13348.25,18,NQ.v.0
2021-04-02 02:30:00+00:00,33,1,2786,13348.25,13348.75,13347.5,13348.75,28,NQ.v.0
2021-04-02 02:31:00+00:00,33,1,2786,13348.5,13348.75,13348.0,13348.75,10,NQ.v.0
2021-04-02 02:32:00+00:00,33,1,2786,13349.0,13349.5,13348.75,13349.5,17,NQ.v.0
2021-04-02 02:33:00+00:00,33,1,2786,13349.25,13351.75,13348.75,13351.25,136,NQ.v.0
2021-04-02 02:34:00+00:00,33,1,2786,13351.25,13354.5,13351.0,13354.0,176,NQ.v.0
2021-04-02 02:35:00+00:00,33,1,2786,13354.0,13372.25,13351.75,13369.0,969,NQ.v.0
2021-04-02 02:36:00+00:00,33,1,2786,13368.75,13372.0,13365.5,13366.5,342,NQ.v.0
2021-04-02 02:37:00+00:00,33,1,2786,13366.25,13367.25,13365.75,13366.75,81,NQ.v.0
2021-04-02 02:38:00+00:00,33,1,2786,13366.5,13367.5,13366.0,13367.0,73,NQ.v.0
2021-04-02 02:39:00+00:00,33,1,2786,13366.5,13367.5,13366.25,13366.5,36,NQ.v.0
2021-04-02 02:40:00+00:00,33,1,2786,13366.25,13368.25,13364.75,13367.75,104,NQ.v.0
2021-04-02 02:41:00+00:00,33,1,2786,13368.0,13368.25,13365.25,13366.5,81,NQ.v.0
2021-04-02 02:42:00+00:00,33,1,2786,13365.75,13366.75,13365.75,13365.75,25,NQ.v.0
2021-04-02 02:43:00+00:00,33,1,2786,13366.25,13367.0,13365.5,13366.75,46,NQ.v.0
2021-04-02 02:44:00+00:00,33,1,2786,13367.5,13368.75,13366.0,13368.75,55,NQ.v.0
2021-04-02 02:45:00+00:00,33,1,2786,13368.5,13368.75,13366.75,13367.5,50,NQ.v.0
2021-04-02 02:46:00+00:00,33,1,2786,13367.75,13372.0,13367.75,13370.0,150,NQ.v.0
2021-04-02 02:47:00+00:00,33,1,2786,13370.5,13371.0,13369.75,13370.25,74,NQ.v.0
2021-04-02 02:48:00+00:00,33,1,2786,13370.25,13370.5,13366.75,13369.0,210,NQ.v.0
2021-04-02 02:49:00+00:00,33,1,2786,13368.25,13370.75,13368.25,13370.75,55,NQ.v.0
2021-04-02 02:50:00+00:00,33,1,2786,13370.25,13370.75,13367.5,13368.75,45,NQ.v.0
2021-04-02 02:51:00+00:00,33,1,2786,13368.5,13369.0,13368.0,13368.25,29,NQ.v.0
2021-04-02 02:52:00+00:00,33,1,2786,13367.75,13367.75,13366.75,13367.25,35,NQ.v.0
2021-04-02 02:53:00+00:00,33,1,2786,13367.25,13367.5,13366.5,13366.75,84,NQ.v.0
2021-04-02 02:54:00+00:00,33,1,2786,13366.5,13366.5,13365.0,13365.75,59,NQ.v.0
2021-04-02 02:55:00+00:00,33,1,2786,13365.75,13366.5,13365.25,13366.0,38,NQ.v.0
2021-04-02 02:56:00+00:00,33,1,2786,13366.5,13366.5,13360.0,13364.75,183,NQ.v.0
2021-04-02 02:57:00+00:00,33,1,2786,13364.75,13367.25,13364.75,13367.0,59,NQ.v.0
2021-04-02 02:58:00+00:00,33,1,2786,13366.25,13366.5,13365.25,13366.0,19,NQ.v.0
2021-04-02 02:59:00+00:00,33,1,2786,13366.0,13366.0,13364.75,13365.75,30,NQ.v.0
2021-04-02 03:00:00+00:00,33,1,2786,13365.5,13365.75,13363.5,13364.25,34,NQ.v.0
2021-04-02 03:01:00+00:00,33,1,2786,13363.75,13366.25,13363.5,13365.0,78,NQ.v.0
2021-04-02 03:02:00+00:00,33,1,2786,13364.0,13364.0,13362.0,13364.0,51,NQ.v.0
2021-04-02 03:03:00+00:00,33,1,2786,13364.0,13364.5,13363.0,13364.0,32,NQ.v.0
2021-04-02 03:04:00+00:00,33,1,2786,13363.75,13365.0,13363.75,13363.75,32,NQ.v.0
2021-04-02 03:05:00+00:00,33,1,2786,13363.5,13363.75,13363.0,13363.75,12,NQ.v.0
2021-04-02 03:06:00+00:00,33,1,2786,13363.75,13363.75,13363.0,13363.0,13,NQ.v.0
2021-04-02 03:07:00+00:00,33,1,2786,13363.25,13363.25,13361.75,13362.5,35,NQ.v.0
2021-04-02 03:08:00+00:00,33,1,2786,13362.25,13362.75,13362.0,13362.75,13,NQ.v.0
2021-04-02 03:09:00+00:00,33,1,2786,13362.5,13365.0,13362.5,13363.75,26,NQ.v.0
2021-04-02 03:10:00+00:00,33,1,2786,13364.0,13365.0,13363.75,13364.0,51,NQ.v.0
2021-04-02 03:11:00+00:00,33,1,2786,13363.5,13363.75,13363.25,13363.25,20,NQ.v.0
2021-04-02 03:12:00+00:00,33,1,2786,13363.0,13363.25,13362.5,13362.75,16,NQ.v.0
2021-04-02 03:13:00+00:00,33,1,2786,13362.5,13362.5,13360.0,13361.0,48,NQ.v.0
2021-04-02 03:14:00+00:00,33,1,2786,13360.25,13361.0,13359.5,13359.75,72,NQ.v.0
2021-04-02 03:15:00+00:00,33,1,2786,13360.0,13360.0,13358.25,13358.5,68,NQ.v.0
2021-04-02 03:16:00+00:00,33,1,2786,13358.5,13359.0,13355.5,13359.0,63,NQ.v.0
2021-04-02 03:17:00+00:00,33,1,2786,13358.75,13358.75,13358.0,13358.25,17,NQ.v.0
2021-04-02 03:18:00+00:00,33,1,2786,13358.5,13358.5,13357.75,13357.75,13,NQ.v.0
2021-04-02 03:19:00+00:00,33,1,2786,13357.75,13360.0,13357.75,13359.5,76,NQ.v.0
2021-04-02 03:20:00+00:00,33,1,2786,13360.0,13360.25,13359.5,13360.0,26,NQ.v.0
2021-04-02 03:21:00+00:00,33,1,2786,13360.25,13361.25,13360.25,13361.0,31,NQ.v.0
2021-04-02 03:22:00+00:00,33,1,2786,13361.0,13361.0,13360.0,13361.0,25,NQ.v.0
2021-04-02 03:23:00+00:00,33,1,2786,13360.25,13360.5,13359.25,13359.25,32,NQ.v.0
2021-04-02 03:24:00+00:00,33,1,2786,13359.75,13360.0,13358.25,13358.75,24,NQ.v.0
2021-04-02 03:25:00+00:00,33,1,2786,13358.5,13358.5,13357.5,13357.75,21,NQ.v.0
2021-04-02 03:26:00+00:00,33,1,2786,13357.75,13358.75,13357.5,13358.0,35,NQ.v.0
2021-04-02 03:27:00+00:00,33,1,2786,13358.0,13358.75,13358.0,13358.75,28,NQ.v.0
2021-04-02 03:28:00+00:00,33,1,2786,13358.75,13358.75,13357.5,13357.75,30,NQ.v.0
2021-04-02 03:29:00+00:00,33,1,2786,13357.5,13358.25,13357.5,13358.25,10,NQ.v.0
2021-04-02 03:30:00+00:00,33,1,2786,13358.5,13359.0,13357.25,13357.25,30,NQ.v.0
2021-04-02 03:31:00+00:00,33,1,2786,13357.5,13357.75,13356.75,13357.5,15,NQ.v.0
2021-04-02 03:32:00+00:00,33,1,2786,13357.75,13358.0,13357.0,13357.5,28,NQ.v.0
2021-04-02 03:33:00+00:00,33,1,2786,13357.75,13358.25,13357.5,13358.25,18,NQ.v.0
2021-04-02 03:34:00+00:00,33,1,2786,13358.0,13358.0,13357.5,13357.75,11,NQ.v.0
2021-04-02 03:35:00+00:00,33,1,2786,13357.5,13357.5,13357.0,13357.25,11,NQ.v.0
2021-04-02 03:36:00+00:00,33,1,2786,13357.0,13357.75,13356.75,13357.5,12,NQ.v.0
2021-04-02 03:37:00+00:00,33,1,2786,13357.0,13357.5,13357.0,13357.25,6,NQ.v.0
2021-04-02 03:38:00+00:00,33,1,2786,13357.0,13357.75,13356.5,13356.75,37,NQ.v.0
2021-04-02 03:39:00+00:00,33,1,2786,13357.0,13357.0,13355.75,13357.0,26,NQ.v.0
2021-04-02 03:40:00+00:00,33,1,2786,13357.25,13357.25,13356.5,13357.25,5,NQ.v.0
2021-04-02 03:41:00+00:00,33,1,2786,13358.5,13359.75,13357.5,13359.0,31,NQ.v.0
2021-04-02 03:42:00+00:00,33,1,2786,13359.0,13359.25,13358.25,13358.75,26,NQ.v.0
2021-04-02 03:43:00+00:00,33,1,2786,13358.5,13359.25,13358.5,13359.0,31,NQ.v.0
2021-04-02 03:44:00+00:00,33,1,2786,13359.0,13359.25,13358.25,13358.75,15,NQ.v.0
2021-04-02 03:45:00+00:00,33,1,2786,13359.0,13360.75,13359.0,13359.75,70,NQ.v.0
2021-04-02 03:46:00+00:00,33,1,2786,13360.0,13360.5,13358.75,13360.0,41,NQ.v.0
2021-04-02 03:47:00+00:00,33,1,2786,13359.75,13359.75,13359.0,13359.0,17,NQ.v.0
2021-04-02 03:48:00+00:00,33,1,2786,13359.0,13359.25,13358.25,13358.25,16,NQ.v.0
2021-04-02 03:49:00+00:00,33,1,2786,13358.25,13359.0,13358.0,13358.5,11,NQ.v.0
2021-04-02 03:50:00+00:00,33,1,2786,13358.25,13358.75,13358.25,13358.25,5,NQ.v.0
2021-04-02 03:51:00+00:00,33,1,2786,13359.0,13359.25,13358.0,13358.25,41,NQ.v.0
2021-04-02 03:52:00+00:00,33,1,2786,13358.25,13358.25,13357.5,13358.25,8,NQ.v.0
2021-04-02 03:53:00+00:00,33,1,2786,13358.0,13358.5,13358.0,13358.0,9,NQ.v.0
2021-04-02 03:54:00+00:00,33,1,2786,13358.25,13358.5,13358.0,13358.5,9,NQ.v.0
2021-04-02 03:55:00+00:00,33,1,2786,13358.25,13359.5,13358.25,13359.0,22,NQ.v.0
2021-04-02 03:56:00+00:00,33,1,2786,13359.0,13360.25,13359.0,13360.25,18,NQ.v.0
2021-04-02 03:57:00+00:00,33,1,2786,13359.75,13360.25,13359.5,13359.75,21,NQ.v.0
2021-04-02 03:58:00+00:00,33,1,2786,13359.5,13359.5,13359.0,13359.5,10,NQ.v.0
2021-04-02 03:59:00+00:00,33,1,2786,13359.5,13359.5,13359.25,13359.25,4,NQ.v.0
2021-04-02 04:00:00+00:00,33,1,2786,13359.25,13359.25,13358.0,13358.25,22,NQ.v.0
2021-04-02 04:01:00+00:00,33,1,2786,13358.5,13359.0,13358.5,13359.0,6,NQ.v.0
2021-04-02 04:02:00+00:00,33,1,2786,13358.5,13359.25,13358.5,13359.0,10,NQ.v.0
2021-04-02 04:03:00+00:00,33,1,2786,13358.5,13359.75,13358.5,13359.75,6,NQ.v.0
2021-04-02 04:04:00+00:00,33,1,2786,13359.5,13359.5,13358.5,13359.5,17,NQ.v.0
2021-04-02 04:05:00+00:00,33,1,2786,13359.5,13359.75,13359.0,13359.75,25,NQ.v.0
2021-04-02 04:06:00+00:00,33,1,2786,13359.25,13359.75,13358.75,13359.75,22,NQ.v.0
2021-04-02 04:07:00+00:00,33,1,2786,13360.0,13362.0,13359.75,13361.5,74,NQ.v.0
2021-04-02 04:08:00+00:00,33,1,2786,13361.5,13362.25,13361.25,13361.75,41,NQ.v.0
2021-04-02 04:09:00+00:00,33,1,2786,13361.5,13362.0,13360.5,13361.0,34,NQ.v.0
2021-04-02 04:10:00+00:00,33,1,2786,13361.25,13362.5,13360.25,13362.0,30,NQ.v.0
2021-04-02 04:11:00+00:00,33,1,2786,13362.0,13363.0,13361.75,13362.5,58,NQ.v.0
2021-04-02 04:12:00+00:00,33,1,2786,13363.25,13365.25,13363.0,13363.5,119,NQ.v.0
2021-04-02 04:13:00+00:00,33,1,2786,13363.75,13364.5,13363.5,13363.5,20,NQ.v.0
2021-04-02 04:14:00+00:00,33,1,2786,13363.5,13363.75,13361.75,13362.0,64,NQ.v.0
2021-04-02 04:15:00+00:00,33,1,2786,13362.0,13364.0,13361.5,13363.5,53,NQ.v.0
2021-04-02 04:16:00+00:00,33,1,2786,13363.5,13364.25,13363.5,13364.25,41,NQ.v.0
2021-04-02 04:17:00+00:00,33,1,2786,13364.25,13364.25,13363.25,13363.5,15,NQ.v.0
2021-04-02 04:18:00+00:00,33,1,2786,13364.0,13364.75,13363.75,13364.0,31,NQ.v.0
2021-04-02 04:19:00+00:00,33,1,2786,13363.75,13364.25,13363.25,13364.0,21,NQ.v.0
2021-04-02 04:20:00+00:00,33,1,2786,13364.0,13364.75,13364.0,13364.25,14,NQ.v.0
2021-04-02 04:21:00+00:00,33,1,2786,13364.0,13364.25,13363.5,13363.75,10,NQ.v.0
2021-04-02 04:22:00+00:00,33,1,2786,13363.5,13363.75,13363.5,13363.5,10,NQ.v.0
2021-04-02 04:23:00+00:00,33,1,2786,13363.5,13364.0,13363.0,13363.0,19,NQ.v.0
2021-04-02 04:24:00+00:00,33,1,2786,13364.25,13364.5,13363.5,13364.25,30,NQ.v.0
2021-04-02 04:25:00+00:00,33,1,2786,13363.75,13364.25,13363.0,13363.0,14,NQ.v.0
2021-04-02 04:26:00+00:00,33,1,2786,13362.75,13363.75,13362.25,13362.25,34,NQ.v.0
2021-04-02 04:27:00+00:00,33,1,2786,13362.75,13363.25,13362.25,13362.25,16,NQ.v.0
2021-04-02 04:28:00+00:00,33,1,2786,13362.25,13363.0,13362.0,13362.5,24,NQ.v.0
2021-04-02 04:29:00+00:00,33,1,2786,13362.5,13363.0,13362.25,13362.75,13,NQ.v.0
2021-04-02 04:30:00+00:00,33,1,2786,13362.5,13362.5,13361.75,13362.5,14,NQ.v.0
2021-04-02 04:31:00+00:00,33,1,2786,13362.25,13362.5,13362.0,13362.0,7,NQ.v.0
2021-04-02 04:32:00+00:00,33,1,2786,13361.75,13361.75,13360.75,13361.25,23,NQ.v.0
2021-04-02 04:33:00+00:00,33,1,2786,13361.75,13361.75,13359.25,13360.0,51,NQ.v.0
2021-04-02 04:34:00+00:00,33,1,2786,13360.25,13362.25,13360.0,13360.75,25,NQ.v.0
2021-04-02 04:35:00+00:00,33,1,2786,13361.25,13361.25,13359.75,13360.5,41,NQ.v.0
2021-04-02 04:36:00+00:00,33,1,2786,13361.0,13361.25,13361.0,13361.25,11,NQ.v.0
2021-04-02 04:37:00+00:00,33,1,2786,13360.75,13361.5,13360.5,13361.5,8,NQ.v.0
2021-04-02 04:38:00+00:00,33,1,2786,13361.0,13361.5,13360.75,13360.75,7,NQ.v.0
2021-04-02 04:39:00+00:00,33,1,2786,13361.0,13361.75,13361.0,13361.75,15,NQ.v.0
2021-04-02 04:40:00+00:00,33,1,2786,13361.5,13361.5,13360.5,13361.0,7,NQ.v.0
2021-04-02 04:41:00+00:00,33,1,2786,13360.5,13361.0,13360.5,13361.0,3,NQ.v.0
2021-04-02 04:42:00+00:00,33,1,2786,13361.25,13361.5,13360.75,13360.75,17,NQ.v.0
2021-04-02 04:43:00+00:00,33,1,2786,13361.5,13361.5,13361.0,13361.0,8,NQ.v.0
2021-04-02 04:44:00+00:00,33,1,2786,13361.0,13361.5,13361.0,13361.5,2,NQ.v.0
2021-04-02 04:45:00+00:00,33,1,2786,13362.0,13362.0,13361.0,13361.0,20,NQ.v.0
2021-04-02 04:46:00+00:00,33,1,2786,13361.0,13362.0,13360.75,13362.0,7,NQ.v.0
2021-04-02 04:47:00+00:00,33,1,2786,13361.75,13362.25,13361.5,13362.25,10,NQ.v.0
2021-04-02 04:48:00+00:00,33,1,2786,13362.25,13362.75,13362.0,13362.0,8,NQ.v.0
2021-04-02 04:49:00+00:00,33,1,2786,13362.0,13362.0,13361.0,13361.0,7,NQ.v.0
2021-04-02 04:50:00+00:00,33,1,2786,13361.25,13361.25,13360.75,13360.75,5,NQ.v.0
2021-04-02 04:51:00+00:00,33,1,2786,13360.5,13361.25,13360.0,13360.5,21,NQ.v.0
2021-04-02 04:52:00+00:00,33,1,2786,13360.25,13360.75,13360.0,13360.5,12,NQ.v.0
2021-04-02 04:53:00+00:00,33,1,2786,13360.25,13360.75,13360.0,13360.25,9,NQ.v.0
2021-04-02 04:54:00+00:00,33,1,2786,13360.25,13361.25,13360.25,13361.25,10,NQ.v.0
2021-04-02 04:55:00+00:00,33,1,2786,13360.5,13361.25,13360.25,13360.5,9,NQ.v.0
2021-04-02 04:56:00+00:00,33,1,2786,13360.5,13361.25,13360.5,13361.0,8,NQ.v.0
2021-04-02 04:57:00+00:00,33,1,2786,13360.75,13362.5,13360.75,13362.5,18,NQ.v.0
2021-04-02 04:58:00+00:00,33,1,2786,13362.25,13364.75,13361.75,13363.5,122,NQ.v.0
2021-04-02 04:59:00+00:00,33,1,2786,13363.25,13363.75,13363.0,13363.0,9,NQ.v.0
2021-04-02 05:00:00+00:00,33,1,2786,13362.75,13363.0,13362.25,13362.5,13,NQ.v.0
2021-04-02 05:01:00+00:00,33,1,2786,13362.25,13362.25,13361.0,13361.75,7,NQ.v.0
2021-04-02 05:02:00+00:00,33,1,2786,13361.25,13362.0,13361.0,13362.0,12,NQ.v.0
2021-04-02 05:03:00+00:00,33,1,2786,13361.5,13361.5,13360.25,13361.0,55,NQ.v.0
2021-04-02 05:04:00+00:00,33,1,2786,13360.75,13360.75,13360.5,13360.5,8,NQ.v.0
2021-04-02 05:05:00+00:00,33,1,2786,13360.25,13361.0,13357.5,13358.5,83,NQ.v.0
2021-04-02 05:06:00+00:00,33,1,2786,13358.75,13359.75,13357.25,13358.25,54,NQ.v.0
2021-04-02 05:07:00+00:00,33,1,2786,13358.75,13359.25,13358.5,13358.75,21,NQ.v.0
2021-04-02 05:08:00+00:00,33,1,2786,13359.0,13359.5,13358.25,13359.0,33,NQ.v.0
2021-04-02 05:09:00+00:00,33,1,2786,13358.25,13358.75,13356.5,13358.0,48,NQ.v.0
2021-04-02 05:10:00+00:00,33,1,2786,13357.75,13358.25,13357.75,13358.25,9,NQ.v.0
2021-04-02 05:11:00+00:00,33,1,2786,13358.0,13358.0,13353.25,13353.25,220,NQ.v.0
2021-04-02 05:12:00+00:00,33,1,2786,13354.0,13356.0,13353.5,13355.5,109,NQ.v.0
2021-04-02 05:13:00+00:00,33,1,2786,13355.75,13356.0,13355.0,13356.0,57,NQ.v.0
2021-04-02 05:14:00+00:00,33,1,2786,13356.0,13356.25,13355.5,13355.5,17,NQ.v.0
2021-04-02 05:15:00+00:00,33,1,2786,13355.75,13356.5,13355.25,13355.25,24,NQ.v.0
2021-04-02 05:16:00+00:00,33,1,2786,13355.25,13356.5,13354.5,13356.5,28,NQ.v.0
2021-04-02 05:17:00+00:00,33,1,2786,13356.0,13357.5,13356.0,13356.0,35,NQ.v.0
2021-04-02 05:18:00+00:00,33,1,2786,13356.0,13356.25,13355.25,13355.5,11,NQ.v.0
2021-04-02 05:19:00+00:00,33,1,2786,13355.5,13356.75,13355.5,13355.75,11,NQ.v.0
2021-04-02 05:20:00+00:00,33,1,2786,13355.0,13355.5,13354.0,13354.25,36,NQ.v.0
2021-04-02 05:21:00+00:00,33,1,2786,13354.5,13354.75,13354.5,13354.75,7,NQ.v.0
2021-04-02 05:22:00+00:00,33,1,2786,13354.25,13355.25,13354.0,13354.5,29,NQ.v.0
2021-04-02 05:23:00+00:00,33,1,2786,13354.0,13354.5,13353.25,13354.0,20,NQ.v.0
2021-04-02 05:24:00+00:00,33,1,2786,13354.5,13355.25,13354.5,13355.0,9,NQ.v.0
2021-04-02 05:25:00+00:00,33,1,2786,13354.75,13355.0,13354.5,13355.0,11,NQ.v.0
2021-04-02 05:26:00+00:00,33,1,2786,13355.5,13355.75,13354.5,13354.5,11,NQ.v.0
2021-04-02 05:27:00+00:00,33,1,2786,13354.25,13354.5,13353.25,13354.5,32,NQ.v.0
2021-04-02 05:28:00+00:00,33,1,2786,13354.0,13355.0,13354.0,13354.75,8,NQ.v.0
2021-04-02 05:29:00+00:00,33,1,2786,13355.25,13357.0,13355.0,13356.25,32,NQ.v.0
2021-04-02 05:30:00+00:00,33,1,2786,13356.0,13356.75,13355.5,13356.0,34,NQ.v.0
2021-04-02 05:31:00+00:00,33,1,2786,13356.0,13357.0,13355.75,13355.75,19,NQ.v.0
2021-04-02 05:32:00+00:00,33,1,2786,13356.0,13357.0,13354.75,13354.75,26,NQ.v.0
2021-04-02 05:33:00+00:00,33,1,2786,13355.5,13357.0,13355.5,13356.25,9,NQ.v.0
2021-04-02 05:34:00+00:00,33,1,2786,13356.0,13356.75,13356.0,13356.5,12,NQ.v.0
2021-04-02 05:35:00+00:00,33,1,2786,13356.0,13356.25,13355.0,13355.5,18,NQ.v.0
2021-04-02 05:36:00+00:00,33,1,2786,13355.25,13356.5,13355.0,13356.25,30,NQ.v.0
2021-04-02 05:37:00+00:00,33,1,2786,13355.75,13355.75,13353.5,13354.25,55,NQ.v.0
2021-04-02 05:38:00+00:00,33,1,2786,13354.25,13354.5,13352.25,13353.0,51,NQ.v.0
2021-04-02 05:39:00+00:00,33,1,2786,13353.0,13353.25,13345.0,13350.0,377,NQ.v.0
2021-04-02 05:40:00+00:00,33,1,2786,13349.75,13350.0,13347.5,13348.75,83,NQ.v.0
2021-04-02 05:41:00+00:00,33,1,2786,13348.75,13348.75,13348.0,13348.25,19,NQ.v.0
2021-04-02 05:42:00+00:00,33,1,2786,13348.25,13348.5,13346.0,13347.0,33,NQ.v.0
2021-04-02 05:43:00+00:00,33,1,2786,13347.0,13349.0,13346.25,13346.25,56,NQ.v.0
2021-04-02 05:44:00+00:00,33,1,2786,13346.25,13346.75,13343.5,13345.75,148,NQ.v.0
2021-04-02 05:45:00+00:00,33,1,2786,13345.75,13347.0,13344.5,13347.0,25,NQ.v.0
2021-04-02 05:46:00+00:00,33,1,2786,13347.0,13347.5,13345.75,13347.0,33,NQ.v.0
2021-04-02 05:47:00+00:00,33,1,2786,13347.75,13347.75,13343.75,13343.75,55,NQ.v.0
2021-04-02 05:48:00+00:00,33,1,2786,13343.75,13345.75,13343.75,13344.5,44,NQ.v.0
2021-04-02 05:49:00+00:00,33,1,2786,13345.0,13345.5,13343.75,13345.5,33,NQ.v.0
2021-04-02 05:50:00+00:00,33,1,2786,13345.0,13345.75,13344.75,13345.0,14,NQ.v.0
2021-04-02 05:51:00+00:00,33,1,2786,13345.0,13345.5,13345.0,13345.25,7,NQ.v.0
2021-04-02 05:52:00+00:00,33,1,2786,13345.25,13347.75,13345.0,13347.75,29,NQ.v.0
2021-04-02 05:53:00+00:00,33,1,2786,13347.5,13350.0,13347.25,13350.0,116,NQ.v.0
2021-04-02 05:54:00+00:00,33,1,2786,13350.0,13351.25,13348.5,13350.5,74,NQ.v.0
2021-04-02 05:55:00+00:00,33,1,2786,13350.5,13351.25,13349.75,13350.5,72,NQ.v.0
2021-04-02 05:56:00+00:00,33,1,2786,13350.5,13351.25,13349.5,13350.0,66,NQ.v.0
2021-04-02 05:57:00+00:00,33,1,2786,13350.25,13350.25,13348.25,13348.75,34,NQ.v.0
2021-04-02 05:58:00+00:00,33,1,2786,13348.25,13349.25,13348.25,13348.25,26,NQ.v.0
2021-04-02 05:59:00+00:00,33,1,2786,13348.25,13348.5,13347.5,13347.75,29,NQ.v.0
2021-04-02 06:00:00+00:00,33,1,2786,13347.5,13351.0,13347.5,13350.0,65,NQ.v.0
2021-04-02 06:01:00+00:00,33,1,2786,13349.5,13350.25,13348.75,13349.0,30,NQ.v.0
2021-04-02 06:02:00+00:00,33,1,2786,13349.0,13350.0,13349.0,13349.5,12,NQ.v.0
2021-04-02 06:03:00+00:00,33,1,2786,13350.0,13351.25,13349.75,13351.0,51,NQ.v.0
2021-04-02 06:04:00+00:00,33,1,2786,13351.0,13351.5,13350.25,13351.5,47,NQ.v.0
2021-04-02 06:05:00+00:00,33,1,2786,13351.0,13351.25,13349.25,13349.25,42,NQ.v.0
2021-04-02 06:06:00+00:00,33,1,2786,13349.25,13350.0,13347.25,13349.0,77,NQ.v.0
2021-04-02 06:07:00+00:00,33,1,2786,13349.0,13350.5,13348.75,13350.5,14,NQ.v.0
2021-04-02 06:08:00+00:00,33,1,2786,13350.5,13353.25,13350.25,13352.75,97,NQ.v.0
2021-04-02 06:09:00+00:00,33,1,2786,13352.5,13354.25,13352.5,13353.25,60,NQ.v.0
2021-04-02 06:10:00+00:00,33,1,2786,13353.25,13353.75,13352.25,13353.75,23,NQ.v.0
2021-04-02 06:11:00+00:00,33,1,2786,13352.75,13354.75,13352.5,13354.25,40,NQ.v.0
2021-04-02 06:12:00+00:00,33,1,2786,13354.0,13354.5,13353.25,13353.5,16,NQ.v.0
2021-04-02 06:13:00+00:00,33,1,2786,13354.0,13355.0,13353.75,13354.0,17,NQ.v.0
2021-04-02 06:14:00+00:00,33,1,2786,13353.5,13354.0,13353.0,13353.0,21,NQ.v.0
2021-04-02 06:15:00+00:00,33,1,2786,13353.75,13356.0,13353.75,13354.75,66,NQ.v.0
2021-04-02 06:16:00+00:00,33,1,2786,13354.75,13356.0,13353.5,13353.75,60,NQ.v.0
2021-04-02 06:17:00+00:00,33,1,2786,13353.75,13354.25,13353.25,13353.75,18,NQ.v.0
2021-04-02 06:18:00+00:00,33,1,2786,13353.75,13354.25,13353.25,13353.75,18,NQ.v.0
2021-04-02 06:19:00+00:00,33,1,2786,13353.75,13353.75,13352.25,13353.0,21,NQ.v.0
2021-04-02 06:20:00+00:00,33,1,2786,13353.0,13353.25,13352.0,13352.75,23,NQ.v.0
2021-04-02 06:21:00+00:00,33,1,2786,13353.25,13353.75,13352.75,13353.5,8,NQ.v.0
2021-04-02 06:22:00+00:00,33,1,2786,13352.75,13352.75,13350.75,13351.75,70,NQ.v.0
2021-04-02 06:23:00+00:00,33,1,2786,13352.0,13353.0,13351.75,13352.25,31,NQ.v.0
2021-04-02 06:24:00+00:00,33,1,2786,13352.25,13353.0,13352.25,13353.0,5,NQ.v.0
2021-04-02 06:25:00+00:00,33,1,2786,13353.0,13353.0,13352.25,13352.25,10,NQ.v.0
2021-04-02 06:26:00+00:00,33,1,2786,13352.25,13352.25,13350.25,13350.75,22,NQ.v.0
2021-04-02 06:27:00+00:00,33,1,2786,13350.5,13351.0,13349.25,13351.0,61,NQ.v.0
2021-04-02 06:28:00+00:00,33,1,2786,13351.25,13351.5,13350.0,13351.0,16,NQ.v.0
2021-04-02 06:29:00+00:00,33,1,2786,13350.25,13351.0,13350.0,13350.75,25,NQ.v.0
2021-04-02 06:30:00+00:00,33,1,2786,13350.5,13351.0,13350.0,13350.75,10,NQ.v.0
2021-04-02 06:31:00+00:00,33,1,2786,13351.0,13351.5,13350.5,13351.25,13,NQ.v.0
2021-04-02 06:32:00+00:00,33,1,2786,13350.75,13351.75,13350.75,13351.0,11,NQ.v.0
2021-04-02 06:33:00+00:00,33,1,2786,13351.0,13351.5,13350.25,13351.5,11,NQ.v.0
2021-04-02 06:34:00+00:00,33,1,2786,13351.5,13352.75,13351.5,13352.25,25,NQ.v.0
2021-04-02 06:35:00+00:00,33,1,2786,13351.5,13352.25,13351.5,13352.25,11,NQ.v.0
2021-04-02 06:36:00+00:00,33,1,2786,13351.75,13352.75,13351.0,13352.0,19,NQ.v.0
2021-04-02 06:37:00+00:00,33,1,2786,13352.5,13353.0,13351.75,13351.75,18,NQ.v.0
2021-04-02 06:38:00+00:00,33,1,2786,13351.5,13352.5,13351.5,13352.5,11,NQ.v.0
2021-04-02 06:39:00+00:00,33,1,2786,13352.5,13352.75,13352.25,13352.25,9,NQ.v.0
2021-04-02 06:40:00+00:00,33,1,2786,13352.5,13354.5,13352.5,13354.5,27,NQ.v.0
2021-04-02 06:41:00+00:00,33,1,2786,13354.5,13355.0,13352.5,13354.25,37,NQ.v.0
2021-04-02 06:42:00+00:00,33,1,2786,13354.0,13354.0,13353.25,13353.25,3,NQ.v.0
2021-04-02 06:43:00+00:00,33,1,2786,13353.0,13354.0,13352.0,13352.75,31,NQ.v.0
2021-04-02 06:44:00+00:00,33,1,2786,13352.5,13354.25,13352.0,13354.25,20,NQ.v.0
2021-04-02 06:45:00+00:00,33,1,2786,13354.25,13355.5,13352.75,13354.5,42,NQ.v.0
2021-04-02 06:46:00+00:00,33,1,2786,13354.5,13354.5,13353.5,13354.0,9,NQ.v.0
2021-04-02 06:47:00+00:00,33,1,2786,13353.5,13354.0,13352.75,13352.75,8,NQ.v.0
2021-04-02 06:48:00+00:00,33,1,2786,13353.5,13354.0,13353.25,13353.5,15,NQ.v.0
2021-04-02 06:49:00+00:00,33,1,2786,13353.0,13353.75,13352.25,13353.0,16,NQ.v.0
2021-04-02 06:50:00+00:00,33,1,2786,13353.0,13353.0,13352.0,13352.0,6,NQ.v.0
2021-04-02 06:51:00+00:00,33,1,2786,13352.5,13352.75,13351.25,13352.5,23,NQ.v.0
2021-04-02 06:52:00+00:00,33,1,2786,13352.25,13352.75,13352.25,13352.75,7,NQ.v.0
2021-04-02 06:53:00+00:00,33,1,2786,13353.0,13353.0,13352.25,13352.75,5,NQ.v.0
2021-04-02 06:54:00+00:00,33,1,2786,13352.5,13352.5,13352.25,13352.25,7,NQ.v.0
2021-04-02 06:55:00+00:00,33,1,2786,13352.0,13352.5,13351.0,13352.0,53,NQ.v.0
2021-04-02 06:56:00+00:00,33,1,2786,13351.25,13352.25,13351.25,13352.25,24,NQ.v.0
2021-04-02 06:57:00+00:00,33,1,2786,13352.5,13352.5,13352.5,13352.5,2,NQ.v.0
2021-04-02 06:58:00+00:00,33,1,2786,13352.5,13352.75,13352.0,13352.0,12,NQ.v.0
2021-04-02 06:59:00+00:00,33,1,2786,13351.5,13352.0,13351.0,13352.0,11,NQ.v.0
2021-04-02 07:00:00+00:00,33,1,2786,13351.5,13353.75,13351.5,13352.75,30,NQ.v.0
2021-04-02 07:01:00+00:00,33,1,2786,13353.0,13353.25,13352.5,13353.25,11,NQ.v.0
2021-04-02 07:02:00+00:00,33,1,2786,13353.75,13355.5,13353.0,13355.25,40,NQ.v.0
2021-04-02 07:03:00+00:00,33,1,2786,13355.25,13356.25,13354.75,13356.0,50,NQ.v.0
2021-04-02 07:04:00+00:00,33,1,2786,13355.75,13356.25,13355.0,13355.5,20,NQ.v.0
2021-04-02 07:05:00+00:00,33,1,2786,13354.75,13355.5,13354.0,13354.75,15,NQ.v.0
2021-04-02 07:06:00+00:00,33,1,2786,13355.25,13356.0,13354.5,13356.0,49,NQ.v.0
2021-04-02 07:07:00+00:00,33,1,2786,13356.0,13356.25,13355.0,13355.25,21,NQ.v.0
2021-04-02 07:08:00+00:00,33,1,2786,13355.5,13355.5,13354.0,13354.5,23,NQ.v.0
2021-04-02 07:09:00+00:00,33,1,2786,13354.5,13355.5,13354.5,13354.75,23,NQ.v.0
2021-04-02 07:10:00+00:00,33,1,2786,13354.5,13354.75,13353.0,13354.75,25,NQ.v.0
2021-04-02 07:11:00+00:00,33,1,2786,13354.5,13354.5,13352.75,13353.75,42,NQ.v.0
2021-04-02 07:12:00+00:00,33,1,2786,13353.25,13355.0,13353.0,13355.0,10,NQ.v.0
2021-04-02 07:13:00+00:00,33,1,2786,13355.0,13355.0,13354.0,13354.0,37,NQ.v.0
2021-04-02 07:14:00+00:00,33,1,2786,13354.5,13355.0,13353.25,13354.0,37,NQ.v.0
2021-04-02 07:15:00+00:00,33,1,2786,13354.5,13354.75,13353.75,13353.75,12,NQ.v.0
2021-04-02 07:16:00+00:00,33,1,2786,13354.0,13354.25,13353.5,13354.25,5,NQ.v.0
2021-04-02 07:17:00+00:00,33,1,2786,13353.75,13353.75,13353.25,13353.25,5,NQ.v.0
2021-04-02 07:18:00+00:00,33,1,2786,13353.25,13353.25,13352.25,13352.25,6,NQ.v.0
2021-04-02 07:19:00+00:00,33,1,2786,13352.0,13354.0,13352.0,13353.75,18,NQ.v.0
2021-04-02 07:20:00+00:00,33,1,2786,13354.0,13354.5,13353.75,13353.75,21,NQ.v.0
2021-04-02 07:21:00+00:00,33,1,2786,13353.75,13354.75,13353.75,13353.75,26,NQ.v.0
2021-04-02 07:22:00+00:00,33,1,2786,13353.5,13353.5,13353.25,13353.25,10,NQ.v.0
2021-04-02 07:23:00+00:00,33,1,2786,13353.25,13354.0,13352.5,13354.0,10,NQ.v.0
2021-04-02 07:24:00+00:00,33,1,2786,13353.5,13353.75,13353.0,13353.0,5,NQ.v.0
2021-04-02 07:25:00+00:00,33,1,2786,13353.0,13353.75,13353.0,13353.75,22,NQ.v.0
2021-04-02 07:26:00+00:00,33,1,2786,13354.25,13354.25,13353.25,13354.0,31,NQ.v.0
2021-04-02 07:27:00+00:00,33,1,2786,13354.25,13355.5,13353.75,13354.75,26,NQ.v.0
2021-04-02 07:28:00+00:00,33,1,2786,13355.5,13355.5,13354.75,13355.5,16,NQ.v.0
2021-04-02 07:29:00+00:00,33,1,2786,13355.75,13357.5,13355.75,13356.5,61,NQ.v.0
2021-04-02 07:30:00+00:00,33,1,2786,13357.0,13358.5,13355.75,13357.5,108,NQ.v.0
2021-04-02 07:31:00+00:00,33,1,2786,13357.75,13359.0,13357.75,13358.75,64,NQ.v.0
2021-04-02 07:32:00+00:00,33,1,2786,13358.75,13362.0,13358.0,13360.5,188,NQ.v.0
2021-04-02 07:33:00+00:00,33,1,2786,13360.5,13365.75,13360.5,13364.0,218,NQ.v.0
2021-04-02 07:34:00+00:00,33,1,2786,13363.75,13366.75,13363.75,13364.5,129,NQ.v.0
2021-04-02 07:35:00+00:00,33,1,2786,13364.5,13365.5,13362.0,13365.0,80,NQ.v.0
2021-04-02 07:36:00+00:00,33,1,2786,13365.25,13369.75,13364.75,13369.5,145,NQ.v.0
2021-04-02 07:37:00+00:00,33,1,2786,13369.0,13369.0,13366.75,13366.75,59,NQ.v.0
2021-04-02 07:38:00+00:00,33,1,2786,13366.5,13367.75,13366.5,13366.75,28,NQ.v.0
2021-04-02 07:39:00+00:00,33,1,2786,13366.5,13368.75,13365.5,13368.0,52,NQ.v.0
2021-04-02 07:40:00+00:00,33,1,2786,13368.5,13368.5,13366.75,13368.5,39,NQ.v.0
2021-04-02 07:41:00+00:00,33,1,2786,13368.25,13369.0,13367.5,13368.5,13,NQ.v.0
2021-04-02 07:42:00+00:00,33,1,2786,13368.5,13368.75,13366.75,13367.75,17,NQ.v.0
2021-04-02 07:43:00+00:00,33,1,2786,13367.0,13367.0,13364.25,13365.0,46,NQ.v.0
2021-04-02 07:44:00+00:00,33,1,2786,13365.25,13366.25,13364.25,13365.5,33,NQ.v.0
2021-04-02 07:45:00+00:00,33,1,2786,13366.25,13366.5,13364.0,13364.0,24,NQ.v.0
2021-04-02 07:46:00+00:00,33,1,2786,13364.0,13366.25,13364.0,13365.75,26,NQ.v.0
2021-04-02 07:47:00+00:00,33,1,2786,13365.5,13365.75,13365.0,13365.75,8,NQ.v.0
2021-04-02 07:48:00+00:00,33,1,2786,13366.0,13366.0,13364.25,13364.75,16,NQ.v.0
2021-04-02 07:49:00+00:00,33,1,2786,13365.0,13365.25,13364.25,13365.25,7,NQ.v.0
2021-04-02 07:50:00+00:00,33,1,2786,13365.25,13365.25,13363.0,13364.0,38,NQ.v.0
2021-04-02 07:51:00+00:00,33,1,2786,13364.0,13364.0,13363.0,13363.0,15,NQ.v.0
2021-04-02 07:52:00+00:00,33,1,2786,13363.0,13363.0,13361.75,13362.25,15,NQ.v.0
2021-04-02 07:53:00+00:00,33,1,2786,13363.0,13364.5,13363.0,13364.5,49,NQ.v.0
2021-04-02 07:54:00+00:00,33,1,2786,13364.5,13364.5,13363.75,13364.25,9,NQ.v.0
2021-04-02 07:55:00+00:00,33,1,2786,13363.75,13363.75,13363.75,13363.75,1,NQ.v.0
2021-04-02 07:56:00+00:00,33,1,2786,13363.75,13364.5,13363.75,13364.5,5,NQ.v.0
2021-04-02 07:57:00+00:00,33,1,2786,13363.75,13364.75,13363.75,13364.75,13,NQ.v.0
2021-04-02 07:58:00+00:00,33,1,2786,13364.25,13364.75,13364.0,13364.5,10,NQ.v.0
2021-04-02 07:59:00+00:00,33,1,2786,13364.0,13364.75,13364.0,13364.0,17,NQ.v.0
2021-04-02 08:00:00+00:00,33,1,2786,13364.25,13365.0,13363.25,13364.25,56,NQ.v.0
2021-04-02 08:01:00+00:00,33,1,2786,13364.25,13364.25,13363.75,13363.75,8,NQ.v.0
2021-04-02 08:02:00+00:00,33,1,2786,13363.5,13364.0,13363.0,13364.0,9,NQ.v.0
2021-04-02 08:03:00+00:00,33,1,2786,13364.25,13364.25,13363.25,13363.25,5,NQ.v.0
2021-04-02 08:04:00+00:00,33,1,2786,13363.5,13363.75,13363.25,13363.5,13,NQ.v.0
2021-04-02 08:05:00+00:00,33,1,2786,13363.5,13363.75,13363.5,13363.75,5,NQ.v.0
2021-04-02 08:06:00+00:00,33,1,2786,13364.0,13364.0,13363.5,13364.0,4,NQ.v.0
2021-04-02 08:07:00+00:00,33,1,2786,13364.25,13364.25,13364.0,13364.0,2,NQ.v.0
2021-04-02 08:08:00+00:00,33,1,2786,13364.25,13365.0,13364.0,13364.5,16,NQ.v.0
2021-04-02 08:09:00+00:00,33,1,2786,13364.75,13364.75,13364.75,13364.75,4,NQ.v.0
2021-04-02 08:10:00+00:00,33,1,2786,13364.75,13364.75,13364.25,13364.25,4,NQ.v.0
2021-04-02 08:11:00+00:00,33,1,2786,13364.25,13365.0,13364.25,13365.0,5,NQ.v.0
2021-04-02 08:12:00+00:00,33,1,2786,13365.0,13365.0,13363.0,13363.0,17,NQ.v.0
2021-04-02 08:13:00+00:00,33,1,2786,13363.0,13363.25,13361.25,13362.25,61,NQ.v.0
2021-04-02 08:14:00+00:00,33,1,2786,13362.5,13363.5,13362.0,13363.5,16,NQ.v.0
2021-04-02 08:15:00+00:00,33,1,2786,13363.75,13364.0,13363.25,13363.75,9,NQ.v.0
2021-04-02 08:16:00+00:00,33,1,2786,13363.0,13363.0,13362.0,13362.0,3,NQ.v.0
2021-04-02 08:17:00+00:00,33,1,2786,13361.75,13362.0,13361.75,13362.0,3,NQ.v.0
2021-04-02 08:18:00+00:00,33,1,2786,13361.0,13361.0,13358.5,13359.5,96,NQ.v.0
2021-04-02 08:19:00+00:00,33,1,2786,13359.0,13360.5,13358.25,13358.75,67,NQ.v.0
2021-04-02 08:20:00+00:00,33,1,2786,13358.25,13361.5,13357.75,13359.75,80,NQ.v.0
2021-04-02 08:21:00+00:00,33,1,2786,13359.5,13359.5,13358.25,13358.5,6,NQ.v.0
2021-04-02 08:22:00+00:00,33,1,2786,13358.75,13359.0,13358.5,13358.5,9,NQ.v.0
2021-04-02 08:23:00+00:00,33,1,2786,13358.25,13360.0,13358.25,13359.5,42,NQ.v.0
2021-04-02 08:24:00+00:00,33,1,2786,13359.5,13360.0,13358.25,13358.25,21,NQ.v.0
2021-04-02 08:25:00+00:00,33,1,2786,13358.75,13359.5,13358.75,13359.0,11,NQ.v.0
2021-04-02 08:26:00+00:00,33,1,2786,13359.0,13360.0,13358.5,13358.75,19,NQ.v.0
2021-04-02 08:27:00+00:00,33,1,2786,13358.5,13359.25,13358.5,13359.25,7,NQ.v.0
2021-04-02 08:28:00+00:00,33,1,2786,13358.75,13359.0,13357.25,13357.25,18,NQ.v.0
2021-04-02 08:29:00+00:00,33,1,2786,13357.5,13358.5,13356.75,13358.5,35,NQ.v.0
2021-04-02 08:30:00+00:00,33,1,2786,13358.5,13359.25,13358.5,13359.25,18,NQ.v.0
2021-04-02 08:31:00+00:00,33,1,2786,13359.25,13360.75,13358.75,13360.75,26,NQ.v.0
2021-04-02 08:32:00+00:00,33,1,2786,13359.75,13360.0,13359.25,13359.25,12,NQ.v.0
2021-04-02 08:33:00+00:00,33,1,2786,13359.25,13359.25,13358.25,13359.0,9,NQ.v.0
2021-04-02 08:34:00+00:00,33,1,2786,13359.5,13360.0,13359.5,13360.0,5,NQ.v.0
2021-04-02 08:35:00+00:00,33,1,2786,13359.25,13360.25,13359.25,13360.25,10,NQ.v.0
2021-04-02 08:36:00+00:00,33,1,2786,13360.5,13361.75,13360.5,13361.5,20,NQ.v.0
2021-04-02 08:37:00+00:00,33,1,2786,13361.25,13362.0,13360.5,13360.5,24,NQ.v.0
2021-04-02 08:38:00+00:00,33,1,2786,13360.25,13361.5,13360.25,13360.25,25,NQ.v.0
2021-04-02 08:39:00+00:00,33,1,2786,13361.25,13361.25,13360.0,13360.75,11,NQ.v.0
2021-04-02 08:40:00+00:00,33,1,2786,13361.25,13361.25,13361.0,13361.0,2,NQ.v.0
2021-04-02 08:41:00+00:00,33,1,2786,13360.0,13360.0,13360.0,13360.0,1,NQ.v.0
2021-04-02 08:42:00+00:00,33,1,2786,13360.5,13360.5,13359.75,13360.25,12,NQ.v.0
2021-04-02 08:43:00+00:00,33,1,2786,13360.0,13360.0,13360.0,13360.0,1,NQ.v.0
2021-04-02 08:44:00+00:00,33,1,2786,13359.75,13360.25,13359.75,13360.0,12,NQ.v.0
2021-04-02 08:45:00+00:00,33,1,2786,13359.75,13360.25,13359.75,13359.75,8,NQ.v.0
2021-04-02 08:46:00+00:00,33,1,2786,13360.0,13361.0,13359.75,13361.0,41,NQ.v.0
2021-04-02 08:47:00+00:00,33,1,2786,13360.25,13361.25,13360.25,13360.5,15,NQ.v.0
2021-04-02 08:48:00+00:00,33,1,2786,13360.5,13361.0,13360.5,13360.5,4,NQ.v.0
2021-04-02 08:49:00+00:00,33,1,2786,13360.5,13361.75,13360.5,13361.25,10,NQ.v.0
2021-04-02 08:51:00+00:00,33,1,2786,13361.0,13361.75,13361.0,13361.75,3,NQ.v.0
2021-04-02 08:52:00+00:00,33,1,2786,13361.25,13362.5,13361.0,13362.0,18,NQ.v.0
2021-04-02 08:53:00+00:00,33,1,2786,13362.75,13365.0,13362.0,13363.5,66,NQ.v.0
2021-04-02 08:54:00+00:00,33,1,2786,13364.0,13364.0,13362.75,13363.25,19,NQ.v.0
2021-04-02 08:55:00+00:00,33,1,2786,13363.75,13364.0,13363.5,13363.75,9,NQ.v.0
2021-04-02 08:56:00+00:00,33,1,2786,13363.5,13364.75,13363.5,13364.25,14,NQ.v.0
2021-04-02 08:57:00+00:00,33,1,2786,13364.0,13364.25,13363.0,13363.5,33,NQ.v.0
2021-04-02 08:58:00+00:00,33,1,2786,13364.0,13364.25,13362.75,13364.25,28,NQ.v.0
2021-04-02 08:59:00+00:00,33,1,2786,13364.0,13368.75,13364.0,13368.75,158,NQ.v.0
2021-04-02 09:00:00+00:00,33,1,2786,13368.5,13368.75,13366.0,13366.75,68,NQ.v.0
2021-04-02 09:01:00+00:00,33,1,2786,13366.25,13367.0,13366.25,13366.75,27,NQ.v.0
2021-04-02 09:02:00+00:00,33,1,2786,13366.75,13367.0,13366.0,13366.75,21,NQ.v.0
2021-04-02 09:03:00+00:00,33,1,2786,13366.5,13367.0,13365.75,13366.75,34,NQ.v.0
2021-04-02 09:04:00+00:00,33,1,2786,13365.75,13366.0,13364.5,13365.75,30,NQ.v.0
2021-04-02 09:05:00+00:00,33,1,2786,13365.0,13366.5,13365.0,13366.5,14,NQ.v.0
2021-04-02 09:06:00+00:00,33,1,2786,13366.25,13366.25,13364.0,13364.25,23,NQ.v.0
2021-04-02 09:07:00+00:00,33,1,2786,13364.25,13365.25,13364.25,13364.25,7,NQ.v.0
2021-04-02 09:08:00+00:00,33,1,2786,13364.0,13364.0,13361.75,13361.75,34,NQ.v.0
2021-04-02 09:09:00+00:00,33,1,2786,13361.75,13363.25,13361.75,13362.5,18,NQ.v.0
2021-04-02 09:10:00+00:00,33,1,2786,13363.0,13363.0,13361.75,13362.75,19,NQ.v.0
2021-04-02 09:11:00+00:00,33,1,2786,13363.0,13363.0,13362.75,13363.0,6,NQ.v.0
2021-04-02 09:12:00+00:00,33,1,2786,13363.0,13363.0,13362.25,13362.75,6,NQ.v.0
2021-04-02 09:13:00+00:00,33,1,2786,13362.75,13362.75,13361.75,13362.75,12,NQ.v.0
2021-04-02 09:14:00+00:00,33,1,2786,13362.25,13362.5,13361.5,13362.5,4,NQ.v.0
2021-04-02 09:15:00+00:00,33,1,2786,13362.5,13362.75,13361.0,13361.25,22,NQ.v.0
2021-04-02 09:16:00+00:00,33,1,2786,13362.0,13362.0,13361.25,13362.0,9,NQ.v.0
2021-04-02 09:17:00+00:00,33,1,2786,13361.25,13361.25,13361.25,13361.25,1,NQ.v.0
2021-04-02 09:18:00+00:00,33,1,2786,13361.5,13361.5,13361.5,13361.5,1,NQ.v.0
2021-04-02 09:19:00+00:00,33,1,2786,13361.5,13362.25,13361.25,13362.25,5,NQ.v.0
2021-04-02 09:20:00+00:00,33,1,2786,13362.25,13362.25,13361.25,13361.75,5,NQ.v.0
2021-04-02 09:21:00+00:00,33,1,2786,13361.5,13361.5,13361.0,13361.0,5,NQ.v.0
2021-04-02 09:22:00+00:00,33,1,2786,13361.25,13361.75,13361.25,13361.75,2,NQ.v.0
2021-04-02 09:23:00+00:00,33,1,2786,13361.75,13361.75,13361.75,13361.75,1,NQ.v.0
2021-04-02 09:24:00+00:00,33,1,2786,13362.0,13362.5,13362.0,13362.5,9,NQ.v.0
2021-04-02 09:25:00+00:00,33,1,2786,13362.5,13362.75,13362.5,13362.75,10,NQ.v.0
2021-04-02 09:26:00+00:00,33,1,2786,13362.75,13363.0,13362.25,13362.25,8,NQ.v.0
2021-04-02 09:27:00+00:00,33,1,2786,13362.25,13363.0,13362.0,13362.0,9,NQ.v.0
2021-04-02 09:28:00+00:00,33,1,2786,13363.0,13363.25,13361.75,13363.25,11,NQ.v.0
2021-04-02 09:29:00+00:00,33,1,2786,13363.75,13364.25,13363.0,13363.75,16,NQ.v.0
2021-04-02 09:30:00+00:00,33,1,2786,13364.0,13364.0,13363.25,13363.75,11,NQ.v.0
2021-04-02 09:31:00+00:00,33,1,2786,13364.0,13365.0,13363.75,13365.0,22,NQ.v.0
2021-04-02 09:32:00+00:00,33,1,2786,13365.0,13365.0,13364.0,13364.0,4,NQ.v.0
2021-04-02 09:34:00+00:00,33,1,2786,13363.5,13363.5,13361.25,13362.0,27,NQ.v.0
2021-04-02 09:35:00+00:00,33,1,2786,13361.25,13361.5,13360.5,13361.25,29,NQ.v.0
2021-04-02 09:36:00+00:00,33,1,2786,13361.25,13362.0,13360.5,13362.0,22,NQ.v.0
2021-04-02 09:37:00+00:00,33,1,2786,13361.75,13363.25,13361.75,13362.75,9,NQ.v.0
2021-04-02 09:38:00+00:00,33,1,2786,13362.25,13363.0,13362.25,13363.0,3,NQ.v.0
2021-04-02 09:39:00+00:00,33,1,2786,13363.0,13363.0,13362.5,13362.5,7,NQ.v.0
2021-04-02 09:40:00+00:00,33,1,2786,13362.5,13363.0,13362.0,13363.0,4,NQ.v.0
2021-04-02 09:41:00+00:00,33,1,2786,13363.0,13363.0,13362.0,13362.0,8,NQ.v.0
2021-04-02 09:42:00+00:00,33,1,2786,13361.5,13362.0,13361.25,13361.5,14,NQ.v.0
2021-04-02 09:43:00+00:00,33,1,2786,13361.5,13361.75,13361.25,13361.5,4,NQ.v.0
2021-04-02 09:44:00+00:00,33,1,2786,13361.75,13362.0,13361.75,13362.0,3,NQ.v.0
2021-04-02 09:45:00+00:00,33,1,2786,13361.5,13362.25,13361.25,13362.25,6,NQ.v.0
2021-04-02 09:46:00+00:00,33,1,2786,13361.5,13362.25,13361.0,13361.0,9,NQ.v.0
2021-04-02 09:47:00+00:00,33,1,2786,13362.0,13362.25,13361.75,13362.25,6,NQ.v.0
2021-04-02 09:48:00+00:00,33,1,2786,13361.25,13361.25,13361.0,13361.25,9,NQ.v.0
2021-04-02 09:49:00+00:00,33,1,2786,13361.0,13361.75,13361.0,13361.75,4,NQ.v.0
2021-04-02 09:50:00+00:00,33,1,2786,13361.25,13361.25,13361.0,13361.0,5,NQ.v.0
2021-04-02 09:51:00+00:00,33,1,2786,13361.0,13361.25,13360.25,13361.25,11,NQ.v.0
2021-04-02 09:52:00+00:00,33,1,2786,13361.25,13361.25,13360.25,13361.0,15,NQ.v.0
2021-04-02 09:53:00+00:00,33,1,2786,13360.75,13361.0,13360.75,13361.0,2,NQ.v.0
2021-04-02 09:54:00+00:00,33,1,2786,13360.5,13361.0,13360.5,13361.0,3,NQ.v.0
2021-04-02 09:55:00+00:00,33,1,2786,13361.0,13361.25,13360.0,13360.0,17,NQ.v.0
2021-04-02 09:57:00+00:00,33,1,2786,13361.0,13361.0,13361.0,13361.0,1,NQ.v.0
2021-04-02 09:58:00+00:00,33,1,2786,13360.25,13361.25,13360.25,13361.25,10,NQ.v.0
2021-04-02 09:59:00+00:00,33,1,2786,13361.25,13361.25,13361.25,13361.25,1,NQ.v.0
2021-04-02 10:00:00+00:00,33,1,2786,13361.75,13362.75,13361.75,13362.5,11,NQ.v.0
2021-04-02 10:01:00+00:00,33,1,2786,13362.75,13363.0,13362.5,13363.0,17,NQ.v.0
2021-04-02 10:02:00+00:00,33,1,2786,13363.0,13363.5,13362.75,13363.5,7,NQ.v.0
2021-04-02 10:03:00+00:00,33,1,2786,13363.75,13363.75,13363.0,13363.5,28,NQ.v.0
2021-04-02 10:04:00+00:00,33,1,2786,13363.0,13363.0,13362.5,13362.5,5,NQ.v.0
2021-04-02 10:05:00+00:00,33,1,2786,13362.75,13362.75,13362.0,13362.0,7,NQ.v.0
2021-04-02 10:06:00+00:00,33,1,2786,13362.5,13362.5,13361.0,13361.0,31,NQ.v.0
2021-04-02 10:07:00+00:00,33,1,2786,13360.75,13361.25,13360.25,13361.0,22,NQ.v.0
2021-04-02 10:08:00+00:00,33,1,2786,13361.0,13362.25,13361.0,13362.25,35,NQ.v.0
2021-04-02 10:09:00+00:00,33,1,2786,13362.0,13364.0,13362.0,13364.0,53,NQ.v.0
2021-04-02 10:10:00+00:00,33,1,2786,13364.0,13364.5,13361.75,13362.0,34,NQ.v.0
2021-04-02 10:11:00+00:00,33,1,2786,13362.5,13364.5,13362.25,13362.25,21,NQ.v.0
2021-04-02 10:12:00+00:00,33,1,2786,13362.0,13362.25,13361.0,13362.25,15,NQ.v.0
2021-04-02 10:13:00+00:00,33,1,2786,13362.25,13362.25,13362.0,13362.25,3,NQ.v.0
2021-04-02 10:14:00+00:00,33,1,2786,13362.0,13362.5,13361.75,13361.75,6,NQ.v.0
2021-04-02 10:15:00+00:00,33,1,2786,13362.0,13362.0,13361.25,13362.0,7,NQ.v.0
2021-04-02 10:16:00+00:00,33,1,2786,13361.75,13361.75,13361.0,13361.5,7,NQ.v.0
2021-04-02 10:17:00+00:00,33,1,2786,13361.0,13361.5,13360.25,13360.25,17,NQ.v.0
2021-04-02 10:18:00+00:00,33,1,2786,13360.5,13361.5,13360.5,13360.5,13,NQ.v.0
2021-04-02 10:19:00+00:00,33,1,2786,13360.25,13361.25,13360.0,13361.0,10,NQ.v.0
2021-04-02 10:20:00+00:00,33,1,2786,13360.5,13361.0,13360.25,13360.75,9,NQ.v.0
2021-04-02 10:21:00+00:00,33,1,2786,13360.0,13360.0,13359.0,13359.75,19,NQ.v.0
2021-04-02 10:22:00+00:00,33,1,2786,13359.5,13359.5,13359.0,13359.5,12,NQ.v.0
2021-04-02 10:23:00+00:00,33,1,2786,13359.25,13359.75,13359.25,13359.25,5,NQ.v.0
2021-04-02 10:24:00+00:00,33,1,2786,13359.0,13359.25,13359.0,13359.0,3,NQ.v.0
2021-04-02 10:25:00+00:00,33,1,2786,13359.0,13359.25,13354.75,13355.5,108,NQ.v.0
2021-04-02 10:26:00+00:00,33,1,2786,13356.0,13356.5,13354.75,13355.0,31,NQ.v.0
2021-04-02 10:27:00+00:00,33,1,2786,13355.0,13355.0,13352.5,13352.5,85,NQ.v.0
2021-04-02 10:28:00+00:00,33,1,2786,13352.5,13352.5,13351.25,13352.0,49,NQ.v.0
2021-04-02 10:29:00+00:00,33,1,2786,13351.5,13353.25,13351.0,13353.0,39,NQ.v.0
2021-04-02 10:30:00+00:00,33,1,2786,13352.75,13353.5,13352.25,13353.0,32,NQ.v.0
2021-04-02 10:31:00+00:00,33,1,2786,13352.75,13353.0,13351.5,13353.0,21,NQ.v.0
2021-04-02 10:32:00+00:00,33,1,2786,13353.0,13353.0,13349.0,13349.5,59,NQ.v.0
2021-04-02 10:33:00+00:00,33,1,2786,13349.5,13349.5,13348.0,13349.25,62,NQ.v.0
2021-04-02 10:34:00+00:00,33,1,2786,13349.0,13349.5,13349.0,13349.5,23,NQ.v.0
2021-04-02 10:35:00+00:00,33,1,2786,13349.75,13349.75,13349.0,13349.0,14,NQ.v.0
2021-04-02 10:36:00+00:00,33,1,2786,13348.5,13352.0,13348.25,13352.0,55,NQ.v.0
2021-04-02 10:37:00+00:00,33,1,2786,13352.0,13353.5,13351.5,13353.0,38,NQ.v.0
2021-04-02 10:38:00+00:00,33,1,2786,13352.75,13353.5,13350.75,13350.75,33,NQ.v.0
2021-04-02 10:39:00+00:00,33,1,2786,13350.5,13350.5,13345.0,13347.0,158,NQ.v.0
2021-04-02 10:40:00+00:00,33,1,2786,13346.75,13349.5,13346.75,13349.5,38,NQ.v.0
2021-04-02 10:41:00+00:00,33,1,2786,13348.5,13349.25,13346.5,13349.0,61,NQ.v.0
2021-04-02 10:42:00+00:00,33,1,2786,13349.5,13350.25,13349.5,13350.25,19,NQ.v.0
2021-04-02 10:43:00+00:00,33,1,2786,13350.25,13351.0,13350.25,13351.0,14,NQ.v.0
2021-04-02 10:44:00+00:00,33,1,2786,13351.0,13351.25,13350.0,13350.75,34,NQ.v.0
2021-04-02 10:45:00+00:00,33,1,2786,13350.25,13351.25,13350.0,13351.0,19,NQ.v.0
2021-04-02 10:46:00+00:00,33,1,2786,13351.5,13353.0,13351.25,13353.0,22,NQ.v.0
2021-04-02 10:47:00+00:00,33,1,2786,13352.5,13353.0,13351.0,13351.5,41,NQ.v.0
2021-04-02 10:48:00+00:00,33,1,2786,13351.5,13353.25,13351.5,13353.0,32,NQ.v.0
2021-04-02 10:49:00+00:00,33,1,2786,13352.75,13353.25,13352.75,13352.75,7,NQ.v.0
2021-04-02 10:50:00+00:00,33,1,2786,13352.75,13355.25,13352.5,13353.75,68,NQ.v.0
2021-04-02 10:51:00+00:00,33,1,2786,13354.0,13354.25,13351.0,13351.25,40,NQ.v.0
2021-04-02 10:52:00+00:00,33,1,2786,13351.0,13351.0,13347.0,13349.0,60,NQ.v.0
2021-04-02 10:53:00+00:00,33,1,2786,13348.5,13349.75,13348.0,13349.25,11,NQ.v.0
2021-04-02 10:54:00+00:00,33,1,2786,13349.0,13349.0,13348.0,13349.0,10,NQ.v.0
2021-04-02 10:55:00+00:00,33,1,2786,13348.0,13349.25,13348.0,13349.25,10,NQ.v.0
2021-04-02 10:56:00+00:00,33,1,2786,13349.75,13351.0,13348.75,13350.25,23,NQ.v.0
2021-04-02 10:57:00+00:00,33,1,2786,13350.25,13350.75,13348.25,13349.5,47,NQ.v.0
2021-04-02 10:58:00+00:00,33,1,2786,13349.5,13349.75,13348.75,13349.75,13,NQ.v.0
2021-04-02 10:59:00+00:00,33,1,2786,13350.0,13354.75,13350.0,13353.75,83,NQ.v.0
2021-04-02 11:00:00+00:00,33,1,2786,13353.5,13354.75,13352.5,13354.0,57,NQ.v.0
2021-04-02 11:01:00+00:00,33,1,2786,13354.5,13356.5,13354.0,13354.0,99,NQ.v.0
2021-04-02 11:02:00+00:00,33,1,2786,13354.0,13354.5,13350.5,13352.0,40,NQ.v.0
2021-04-02 11:03:00+00:00,33,1,2786,13352.25,13352.25,13350.5,13351.25,13,NQ.v.0
2021-04-02 11:04:00+00:00,33,1,2786,13352.25,13352.5,13351.5,13351.75,13,NQ.v.0
2021-04-02 11:05:00+00:00,33,1,2786,13351.75,13352.25,13350.0,13351.75,22,NQ.v.0
2021-04-02 11:06:00+00:00,33,1,2786,13351.25,13353.25,13351.25,13352.75,17,NQ.v.0
2021-04-02 11:07:00+00:00,33,1,2786,13352.25,13353.0,13352.25,13352.25,8,NQ.v.0
2021-04-02 11:08:00+00:00,33,1,2786,13352.25,13352.5,13351.25,13352.25,17,NQ.v.0
2021-04-02 11:09:00+00:00,33,1,2786,13351.5,13352.5,13351.25,13352.5,21,NQ.v.0
2021-04-02 11:10:00+00:00,33,1,2786,13352.0,13352.25,13351.75,13351.75,5,NQ.v.0
2021-04-02 11:11:00+00:00,33,1,2786,13351.75,13352.75,13351.25,13352.75,9,NQ.v.0
2021-04-02 11:12:00+00:00,33,1,2786,13353.0,13354.5,13352.5,13353.5,91,NQ.v.0
2021-04-02 11:13:00+00:00,33,1,2786,13354.25,13354.5,13353.25,13353.25,18,NQ.v.0
2021-04-02 11:14:00+00:00,33,1,2786,13354.25,13355.5,13352.5,13354.75,58,NQ.v.0
2021-04-02 11:15:00+00:00,33,1,2786,13355.5,13358.0,13355.0,13357.0,87,NQ.v.0
2021-04-02 11:16:00+00:00,33,1,2786,13356.5,13357.5,13356.5,13356.5,10,NQ.v.0
2021-04-02 11:17:00+00:00,33,1,2786,13356.25,13357.0,13356.0,13356.5,11,NQ.v.0
2021-04-02 11:18:00+00:00,33,1,2786,13356.75,13356.75,13356.0,13356.75,6,NQ.v.0
2021-04-02 11:19:00+00:00,33,1,2786,13357.0,13357.0,13356.25,13356.25,8,NQ.v.0
2021-04-02 11:20:00+00:00,33,1,2786,13356.5,13359.75,13356.5,13359.0,47,NQ.v.0
2021-04-02 11:21:00+00:00,33,1,2786,13358.75,13360.0,13357.0,13357.0,61,NQ.v.0
2021-04-02 11:22:00+00:00,33,1,2786,13357.5,13359.0,13357.5,13358.0,30,NQ.v.0
2021-04-02 11:23:00+00:00,33,1,2786,13359.25,13360.0,13358.25,13358.5,10,NQ.v.0
2021-04-02 11:24:00+00:00,33,1,2786,13359.0,13360.25,13359.0,13359.25,20,NQ.v.0
2021-04-02 11:25:00+00:00,33,1,2786,13360.0,13360.5,13359.75,13360.0,18,NQ.v.0
2021-04-02 11:26:00+00:00,33,1,2786,13360.0,13360.5,13358.75,13359.5,31,NQ.v.0
2021-04-02 11:27:00+00:00,33,1,2786,13359.0,13359.5,13357.0,13357.0,54,NQ.v.0
2021-04-02 11:28:00+00:00,33,1,2786,13357.25,13358.5,13357.0,13357.75,12,NQ.v.0
2021-04-02 11:29:00+00:00,33,1,2786,13358.25,13359.0,13358.0,13359.0,8,NQ.v.0
2021-04-02 11:30:00+00:00,33,1,2786,13358.75,13359.75,13358.0,13359.75,23,NQ.v.0
2021-04-02 11:31:00+00:00,33,1,2786,13359.0,13361.5,13359.0,13360.5,44,NQ.v.0
2021-04-02 11:32:00+00:00,33,1,2786,13360.25,13361.25,13360.25,13360.5,15,NQ.v.0
2021-04-02 11:33:00+00:00,33,1,2786,13360.25,13360.5,13359.25,13360.0,22,NQ.v.0
2021-04-02 11:34:00+00:00,33,1,2786,13360.0,13360.25,13357.75,13358.5,20,NQ.v.0
2021-04-02 11:35:00+00:00,33,1,2786,13358.0,13358.0,13355.0,13357.75,70,NQ.v.0
2021-04-02 11:36:00+00:00,33,1,2786,13358.25,13358.5,13356.75,13356.75,22,NQ.v.0
2021-04-02 11:37:00+00:00,33,1,2786,13356.25,13358.5,13356.0,13358.5,10,NQ.v.0
2021-04-02 11:38:00+00:00,33,1,2786,13358.0,13358.5,13357.25,13358.25,9,NQ.v.0
2021-04-02 11:39:00+00:00,33,1,2786,13358.25,13359.0,13358.25,13359.0,5,NQ.v.0
2021-04-02 11:40:00+00:00,33,1,2786,13359.0,13359.0,13358.25,13358.25,3,NQ.v.0
2021-04-02 11:41:00+00:00,33,1,2786,13358.5,13359.25,13358.25,13358.5,7,NQ.v.0
2021-04-02 11:42:00+00:00,33,1,2786,13358.75,13359.25,13358.5,13358.5,11,NQ.v.0
2021-04-02 11:43:00+00:00,33,1,2786,13358.0,13358.0,13357.25,13357.25,6,NQ.v.0
2021-04-02 11:44:00+00:00,33,1,2786,13357.0,13358.25,13357.0,13358.0,13,NQ.v.0
2021-04-02 11:45:00+00:00,33,1,2786,13358.25,13358.25,13358.0,13358.25,4,NQ.v.0
2021-04-02 11:46:00+00:00,33,1,2786,13358.0,13358.0,13352.25,13352.25,53,NQ.v.0
2021-04-02 11:47:00+00:00,33,1,2786,13352.5,13355.25,13351.75,13354.0,59,NQ.v.0
2021-04-02 11:48:00+00:00,33,1,2786,13354.75,13354.75,13354.0,13354.0,4,NQ.v.0
2021-04-02 11:49:00+00:00,33,1,2786,13354.25,13354.75,13352.5,13353.25,22,NQ.v.0
2021-04-02 11:50:00+00:00,33,1,2786,13352.75,13355.0,13352.5,13355.0,26,NQ.v.0
2021-04-02 11:51:00+00:00,33,1,2786,13353.75,13354.75,13352.0,13352.75,35,NQ.v.0
2021-04-02 11:52:00+00:00,33,1,2786,13352.75,13354.0,13352.0,13353.75,27,NQ.v.0
2021-04-02 11:54:00+00:00,33,1,2786,13353.25,13353.75,13353.25,13353.75,3,NQ.v.0
2021-04-02 11:55:00+00:00,33,1,2786,13353.75,13355.25,13353.75,13355.25,15,NQ.v.0
2021-04-02 11:56:00+00:00,33,1,2786,13355.25,13355.25,13353.75,13353.75,15,NQ.v.0
2021-04-02 11:57:00+00:00,33,1,2786,13354.0,13355.0,13353.5,13354.25,19,NQ.v.0
2021-04-02 11:58:00+00:00,33,1,2786,13354.75,13356.75,13354.75,13356.0,46,NQ.v.0
2021-04-02 11:59:00+00:00,33,1,2786,13357.0,13361.0,13356.75,13359.75,114,NQ.v.0
2021-04-02 12:00:00+00:00,33,1,2786,13360.0,13361.75,13360.0,13360.5,54,NQ.v.0
2021-04-02 12:01:00+00:00,33,1,2786,13360.5,13361.0,13360.0,13360.25,22,NQ.v.0
2021-04-02 12:02:00+00:00,33,1,2786,13361.0,13361.75,13359.75,13360.75,35,NQ.v.0
2021-04-02 12:03:00+00:00,33,1,2786,13360.75,13360.75,13358.5,13358.75,23,NQ.v.0
2021-04-02 12:04:00+00:00,33,1,2786,13358.5,13360.25,13358.5,13359.5,33,NQ.v.0
2021-04-02 12:05:00+00:00,33,1,2786,13360.25,13364.25,13360.25,13363.75,89,NQ.v.0
2021-04-02 12:06:00+00:00,33,1,2786,13364.0,13365.25,13362.25,13363.0,66,NQ.v.0
2021-04-02 12:07:00+00:00,33,1,2786,13363.0,13367.25,13362.75,13364.75,102,NQ.v.0
2021-04-02 12:08:00+00:00,33,1,2786,13365.25,13367.0,13363.0,13363.75,57,NQ.v.0
2021-04-02 12:09:00+00:00,33,1,2786,13363.75,13364.5,13360.75,13363.5,44,NQ.v.0
2021-04-02 12:10:00+00:00,33,1,2786,13364.0,13365.5,13361.25,13362.25,64,NQ.v.0
2021-04-02 12:11:00+00:00,33,1,2786,13361.75,13363.0,13361.0,13362.75,53,NQ.v.0
2021-04-02 12:12:00+00:00,33,1,2786,13362.5,13363.5,13362.0,13362.5,32,NQ.v.0
2021-04-02 12:13:00+00:00,33,1,2786,13362.0,13362.75,13362.0,13362.5,46,NQ.v.0
2021-04-02 12:14:00+00:00,33,1,2786,13362.0,13363.5,13362.0,13363.5,65,NQ.v.0
2021-04-02 12:15:00+00:00,33,1,2786,13364.0,13366.5,13363.25,13366.5,43,NQ.v.0
2021-04-02 12:16:00+00:00,33,1,2786,13365.75,13365.75,13359.0,13359.5,169,NQ.v.0
2021-04-02 12:17:00+00:00,33,1,2786,13359.25,13359.5,13356.5,13357.75,96,NQ.v.0
2021-04-02 12:18:00+00:00,33,1,2786,13357.5,13360.25,13356.75,13358.25,52,NQ.v.0
2021-04-02 12:19:00+00:00,33,1,2786,13358.25,13358.25,13356.5,13357.25,26,NQ.v.0
2021-04-02 12:20:00+00:00,33,1,2786,13357.25,13357.75,13355.25,13355.75,83,NQ.v.0
2021-04-02 12:21:00+00:00,33,1,2786,13356.0,13358.0,13354.0,13358.0,93,NQ.v.0
2021-04-02 12:22:00+00:00,33,1,2786,13358.0,13362.25,13358.0,13362.25,76,NQ.v.0
2021-04-02 12:23:00+00:00,33,1,2786,13363.0,13366.5,13362.5,13366.5,108,NQ.v.0
2021-04-02 12:24:00+00:00,33,1,2786,13366.5,13368.0,13365.0,13366.0,119,NQ.v.0
2021-04-02 12:25:00+00:00,33,1,2786,13366.25,13368.75,13365.5,13368.75,84,NQ.v.0
2021-04-02 12:26:00+00:00,33,1,2786,13369.0,13369.0,13366.5,13367.25,50,NQ.v.0
2021-04-02 12:27:00+00:00,33,1,2786,13367.5,13368.5,13362.75,13363.5,68,NQ.v.0
2021-04-02 12:28:00+00:00,33,1,2786,13364.25,13367.5,13362.75,13365.75,56,NQ.v.0
2021-04-02 12:29:00+00:00,33,1,2786,13364.5,13367.0,13364.25,13365.25,42,NQ.v.0
2021-04-02 12:30:00+00:00,33,1,2786,13366.25,13393.0,13342.5,13353.5,1167,NQ.v.0
2021-04-02 12:31:00+00:00,33,1,2786,13354.5,13382.5,13353.75,13381.0,733,NQ.v.0
2021-04-02 12:32:00+00:00,33,1,2786,13379.75,13384.5,13371.0,13382.75,435,NQ.v.0
2021-04-02 12:33:00+00:00,33,1,2786,13383.0,13390.0,13358.75,13370.75,821,NQ.v.0
2021-04-02 12:34:00+00:00,33,1,2786,13370.75,13373.25,13361.75,13366.25,188,NQ.v.0
2021-04-02 12:35:00+00:00,33,1,2786,13365.25,13371.5,13358.0,13370.25,283,NQ.v.0
2021-04-02 12:36:00+00:00,33,1,2786,13368.75,13377.75,13362.0,13363.75,325,NQ.v.0
2021-04-02 12:37:00+00:00,33,1,2786,13363.25,13375.0,13362.5,13371.25,209,NQ.v.0
2021-04-02 12:38:00+00:00,33,1,2786,13370.75,13375.5,13369.25,13371.75,151,NQ.v.0
2021-04-02 12:39:00+00:00,33,1,2786,13371.5,13371.5,13362.5,13365.25,204,NQ.v.0
2021-04-02 12:40:00+00:00,33,1,2786,13364.25,13364.25,13351.25,13358.5,424,NQ.v.0
2021-04-02 12:41:00+00:00,33,1,2786,13361.0,13363.5,13360.5,13361.25,102,NQ.v.0
2021-04-02 12:42:00+00:00,33,1,2786,13361.25,13364.5,13360.0,13363.25,126,NQ.v.0
2021-04-02 12:43:00+00:00,33,1,2786,13363.25,13364.25,13360.25,13362.5,106,NQ.v.0
2021-04-02 12:44:00+00:00,33,1,2786,13364.0,13368.25,13361.0,13367.5,246,NQ.v.0
2021-04-02 12:45:00+00:00,33,1,2786,13368.5,13379.75,13367.5,13373.0,464,NQ.v.0
2021-04-02 12:46:00+00:00,33,1,2786,13373.5,13376.25,13371.25,13372.75,146,NQ.v.0
2021-04-02 12:47:00+00:00,33,1,2786,13373.5,13384.75,13371.5,13380.25,327,NQ.v.0
2021-04-02 12:48:00+00:00,33,1,2786,13380.0,13382.0,13376.0,13378.75,158,NQ.v.0
2021-04-02 12:49:00+00:00,33,1,2786,13379.0,13381.0,13375.25,13377.0,115,NQ.v.0
2021-04-02 12:50:00+00:00,33,1,2786,13376.5,13383.0,13376.5,13380.75,115,NQ.v.0
2021-04-02 12:51:00+00:00,33,1,2786,13380.75,13381.0,13375.75,13376.0,98,NQ.v.0
2021-04-02 12:52:00+00:00,33,1,2786,13376.75,13377.75,13375.25,13377.25,108,NQ.v.0
2021-04-02 12:53:00+00:00,33,1,2786,13377.75,13387.5,13377.75,13383.0,231,NQ.v.0
2021-04-02 12:54:00+00:00,33,1,2786,13383.25,13388.25,13378.25,13382.0,204,NQ.v.0
2021-04-02 12:55:00+00:00,33,1,2786,13382.25,13383.75,13376.5,13381.5,177,NQ.v.0
2021-04-02 12:56:00+00:00,33,1,2786,13380.0,13381.25,13377.25,13377.75,79,NQ.v.0
2021-04-02 12:57:00+00:00,33,1,2786,13377.5,13378.25,13372.25,13376.5,127,NQ.v.0
2021-04-02 12:58:00+00:00,33,1,2786,13376.25,13378.75,13372.5,13374.0,89,NQ.v.0
2021-04-02 12:59:00+00:00,33,1,2786,13372.75,13378.25,13371.0,13376.5,126,NQ.v.0
2021-04-02 13:00:00+00:00,33,1,2786,13376.0,13376.25,13370.25,13370.25,149,NQ.v.0
2021-04-02 13:01:00+00:00,33,1,2786,13370.25,13374.25,13367.75,13368.0,178,NQ.v.0
2021-04-02 13:02:00+00:00,33,1,2786,13367.25,13371.75,13362.75,13366.0,128,NQ.v.0
2021-04-02 13:03:00+00:00,33,1,2786,13364.75,13368.0,13362.25,13364.75,150,NQ.v.0
2021-04-02 13:04:00+00:00,33,1,2786,13365.5,13366.75,13363.5,13365.0,77,NQ.v.0
2021-04-02 13:05:00+00:00,33,1,2786,13365.75,13367.25,13359.5,13362.25,406,NQ.v.0
2021-04-02 13:06:00+00:00,33,1,2786,13362.25,13369.75,13359.5,13369.25,136,NQ.v.0
2021-04-02 13:07:00+00:00,33,1,2786,13369.25,13370.75,13357.25,13359.75,191,NQ.v.0
2021-04-02 13:08:00+00:00,33,1,2786,13358.0,13362.75,13357.0,13357.0,111,NQ.v.0
2021-04-02 13:09:00+00:00,33,1,2786,13358.75,13369.5,13357.0,13365.0,164,NQ.v.0
2021-04-02 13:10:00+00:00,33,1,2786,13364.5,13369.0,13361.75,13362.75,140,NQ.v.0
2021-04-02 13:11:00+00:00,33,1,2786,13363.5,13363.5,13354.0,13355.25,203,NQ.v.0
2021-04-02 13:12:00+00:00,33,1,2786,13355.0,13357.75,13351.75,13351.75,142,NQ.v.0
2021-04-02 13:13:00+00:00,33,1,2786,13353.5,13354.0,13345.0,13348.75,222,NQ.v.0
2021-04-02 13:14:00+00:00,33,1,2786,13348.5,13350.25,13344.25,13344.25,129,NQ.v.0
2021-04-04 22:00:00+00:00,33,1,2786,13339.0,13341.25,13304.25,13320.5,982,NQ.v.0
2021-04-04 22:01:00+00:00,33,1,2786,13321.5,13331.25,13318.0,13328.0,846,NQ.v.0
2021-04-04 22:02:00+00:00,33,1,2786,13328.25,13330.25,13320.5,13327.25,310,NQ.v.0
2021-04-04 22:03:00+00:00,33,1,2786,13328.0,13338.0,13325.25,13334.0,204,NQ.v.0
2021-04-04 22:04:00+00:00,33,1,2786,13332.75,13341.25,13330.75,13339.5,253,NQ.v.0
2021-04-04 22:05:00+00:00,33,1,2786,13338.25,13341.5,13335.0,13336.5,146,NQ.v.0
2021-04-04 22:06:00+00:00,33,1,2786,13336.0,13348.0,13334.25,13347.75,287,NQ.v.0
2021-04-04 22:07:00+00:00,33,1,2786,13347.0,13350.0,13339.5,13343.75,307,NQ.v.0
2021-04-04 22:08:00+00:00,33,1,2786,13344.25,13345.75,13331.5,13334.0,361,NQ.v.0
2021-04-04 22:09:00+00:00,33,1,2786,13334.0,13340.0,13334.0,13339.5,127,NQ.v.0
2021-04-04 22:10:00+00:00,33,1,2786,13339.75,13346.0,13333.25,13336.0,285,NQ.v.0
2021-04-04 22:11:00+00:00,33,1,2786,13335.0,13336.75,13330.75,13331.75,112,NQ.v.0
2021-04-04 22:12:00+00:00,33,1,2786,13331.5,13336.0,13330.25,13335.75,77,NQ.v.0
2021-04-04 22:13:00+00:00,33,1,2786,13334.75,13339.0,13330.75,13332.5,144,NQ.v.0
2021-04-04 22:14:00+00:00,33,1,2786,13332.0,13339.25,13331.75,13331.75,141,NQ.v.0
2021-04-04 22:15:00+00:00,33,1,2786,13331.5,13337.75,13331.5,13335.25,38,NQ.v.0
2021-04-04 22:16:00+00:00,33,1,2786,13335.0,13338.0,13334.5,13338.0,43,NQ.v.0
2021-04-04 22:17:00+00:00,33,1,2786,13337.0,13337.0,13332.25,13335.75,67,NQ.v.0
2021-04-04 22:18:00+00:00,33,1,2786,13335.75,13337.5,13334.0,13337.5,28,NQ.v.0
2021-04-04 22:19:00+00:00,33,1,2786,13337.5,13341.5,13337.5,13340.5,101,NQ.v.0
2021-04-04 22:20:00+00:00,33,1,2786,13340.5,13341.0,13336.0,13338.0,103,NQ.v.0
2021-04-04 22:21:00+00:00,33,1,2786,13338.75,13338.75,13334.25,13335.0,45,NQ.v.0
2021-04-04 22:22:00+00:00,33,1,2786,13336.0,13338.75,13333.75,13338.75,55,NQ.v.0
2021-04-04 22:23:00+00:00,33,1,2786,13338.75,13342.75,13338.0,13338.25,159,NQ.v.0
2021-04-04 22:24:00+00:00,33,1,2786,13337.5,13337.5,13334.0,13336.0,49,NQ.v.0
2021-04-04 22:25:00+00:00,33,1,2786,13336.0,13336.75,13328.25,13328.25,156,NQ.v.0
2021-04-04 22:26:00+00:00,33,1,2786,13329.25,13335.0,13328.0,13334.5,76,NQ.v.0
2021-04-04 22:27:00+00:00,33,1,2786,13334.25,13336.5,13333.5,13335.5,27,NQ.v.0
2021-04-04 22:28:00+00:00,33,1,2786,13333.5,13335.0,13330.75,13330.75,68,NQ.v.0
2021-04-04 22:29:00+00:00,33,1,2786,13331.5,13332.25,13327.75,13331.25,93,NQ.v.0
2021-04-04 22:30:00+00:00,33,1,2786,13331.0,13331.0,13324.0,13325.0,212,NQ.v.0
2021-04-04 22:31:00+00:00,33,1,2786,13324.5,13328.0,13322.25,13326.75,63,NQ.v.0
2021-04-04 22:32:00+00:00,33,1,2786,13326.75,13326.75,13321.75,13326.25,72,NQ.v.0
2021-04-04 22:33:00+00:00,33,1,2786,13326.0,13326.75,13321.25,13323.0,91,NQ.v.0
2021-04-04 22:34:00+00:00,33,1,2786,13323.5,13325.5,13315.0,13316.0,307,NQ.v.0
2021-04-04 22:35:00+00:00,33,1,2786,13316.0,13320.0,13315.0,13319.25,89,NQ.v.0
2021-04-04 22:36:00+00:00,33,1,2786,13318.25,13322.5,13316.5,13320.25,123,NQ.v.0
2021-04-04 22:37:00+00:00,33,1,2786,13320.0,13322.5,13319.25,13321.25,48,NQ.v.0
2021-04-04 22:38:00+00:00,33,1,2786,13320.5,13321.75,13318.0,13321.0,74,NQ.v.0
2021-04-04 22:39:00+00:00,33,1,2786,13320.25,13321.25,13320.0,13321.25,31,NQ.v.0
2021-04-04 22:40:00+00:00,33,1,2786,13320.75,13325.25,13319.25,13325.0,121,NQ.v.0
2021-04-04 22:41:00+00:00,33,1,2786,13325.0,13327.25,13324.25,13326.75,159,NQ.v.0
2021-04-04 22:42:00+00:00,33,1,2786,13326.75,13327.0,13316.75,13320.5,142,NQ.v.0
2021-04-04 22:43:00+00:00,33,1,2786,13320.5,13322.5,13320.5,13322.5,35,NQ.v.0
2021-04-04 22:44:00+00:00,33,1,2786,13321.5,13323.5,13318.25,13322.5,49,NQ.v.0
2021-04-04 22:45:00+00:00,33,1,2786,13322.5,13327.25,13321.75,13326.75,165,NQ.v.0
2021-04-04 22:46:00+00:00,33,1,2786,13326.75,13329.5,13324.5,13326.75,128,NQ.v.0
2021-04-04 22:47:00+00:00,33,1,2786,13326.5,13328.75,13325.25,13325.75,41,NQ.v.0
2021-04-04 22:48:00+00:00,33,1,2786,13326.25,13327.0,13324.0,13325.25,47,NQ.v.0
2021-04-04 22:49:00+00:00,33,1,2786,13326.25,13326.5,13324.0,13325.25,21,NQ.v.0
2021-04-04 22:50:00+00:00,33,1,2786,13325.25,13325.25,13320.75,13323.25,79,NQ.v.0
2021-04-04 22:51:00+00:00,33,1,2786,13321.75,13323.25,13320.0,13323.25,34,NQ.v.0
2021-04-04 22:52:00+00:00,33,1,2786,13322.5,13322.5,13318.0,13318.5,79,NQ.v.0
2021-04-04 22:53:00+00:00,33,1,2786,13318.0,13322.0,13317.75,13320.5,42,NQ.v.0
2021-04-04 22:54:00+00:00,33,1,2786,13320.75,13322.75,13318.75,13321.75,60,NQ.v.0
2021-04-04 22:55:00+00:00,33,1,2786,13321.0,13323.75,13320.5,13321.5,71,NQ.v.0
2021-04-04 22:56:00+00:00,33,1,2786,13320.5,13333.0,13317.25,13331.5,182,NQ.v.0
2021-04-04 22:57:00+00:00,33,1,2786,13330.25,13330.25,13326.75,13327.75,67,NQ.v.0
2021-04-04 22:58:00+00:00,33,1,2786,13326.75,13328.0,13323.0,13326.25,142,NQ.v.0
2021-04-04 22:59:00+00:00,33,1,2786,13325.75,13325.75,13320.5,13322.0,86,NQ.v.0
2021-04-04 23:00:00+00:00,33,1,2786,13321.25,13324.5,13320.25,13323.75,34,NQ.v.0
2021-04-04 23:01:00+00:00,33,1,2786,13323.5,13327.0,13322.25,13324.75,29,NQ.v.0
2021-04-04 23:02:00+00:00,33,1,2786,13325.0,13326.75,13323.75,13324.0,10,NQ.v.0
2021-04-04 23:03:00+00:00,33,1,2786,13325.0,13327.0,13325.0,13327.0,11,NQ.v.0
2021-04-04 23:04:00+00:00,33,1,2786,13326.5,13326.5,13324.0,13324.5,18,NQ.v.0
2021-04-04 23:05:00+00:00,33,1,2786,13323.75,13324.5,13319.25,13319.25,73,NQ.v.0
2021-04-04 23:06:00+00:00,33,1,2786,13320.5,13322.5,13315.75,13315.75,86,NQ.v.0
2021-04-04 23:07:00+00:00,33,1,2786,13316.5,13319.5,13316.5,13319.5,45,NQ.v.0
2021-04-04 23:08:00+00:00,33,1,2786,13318.75,13321.0,13317.75,13319.75,57,NQ.v.0
2021-04-04 23:09:00+00:00,33,1,2786,13319.25,13319.5,13317.0,13317.5,32,NQ.v.0
2021-04-04 23:10:00+00:00,33,1,2786,13317.0,13322.5,13316.0,13321.0,86,NQ.v.0
2021-04-04 23:11:00+00:00,33,1,2786,13320.0,13321.5,13320.0,13321.25,17,NQ.v.0
2021-04-04 23:12:00+00:00,33,1,2786,13321.0,13323.0,13320.25,13322.75,47,NQ.v.0
2021-04-04 23:13:00+00:00,33,1,2786,13323.25,13324.25,13323.0,13323.0,30,NQ.v.0
2021-04-04 23:14:00+00:00,33,1,2786,13323.25,13323.75,13320.75,13321.25,22,NQ.v.0
2021-04-04 23:15:00+00:00,33,1,2786,13322.25,13322.25,13316.25,13320.25,58,NQ.v.0
2021-04-04 23:16:00+00:00,33,1,2786,13320.0,13325.25,13320.0,13325.0,51,NQ.v.0
2021-04-04 23:17:00+00:00,33,1,2786,13324.25,13327.0,13323.5,13327.0,75,NQ.v.0
2021-04-04 23:18:00+00:00,33,1,2786,13327.75,13328.5,13325.75,13326.75,54,NQ.v.0
2021-04-04 23:19:00+00:00,33,1,2786,13326.0,13334.0,13325.75,13332.5,101,NQ.v.0
2021-04-04 23:20:00+00:00,33,1,2786,13331.75,13333.0,13329.75,13330.25,53,NQ.v.0
2021-04-04 23:21:00+00:00,33,1,2786,13331.0,13335.5,13331.0,13335.0,69,NQ.v.0
2021-04-04 23:22:00+00:00,33,1,2786,13334.25,13336.5,13333.5,13335.25,86,NQ.v.0
2021-04-04 23:23:00+00:00,33,1,2786,13335.25,13336.0,13333.5,13335.0,52,NQ.v.0
2021-04-04 23:24:00+00:00,33,1,2786,13335.5,13337.5,13335.0,13337.0,44,NQ.v.0
2021-04-04 23:25:00+00:00,33,1,2786,13337.25,13347.75,13335.0,13342.25,316,NQ.v.0
2021-04-04 23:26:00+00:00,33,1,2786,13342.0,13344.0,13341.0,13342.75,95,NQ.v.0
2021-04-04 23:27:00+00:00,33,1,2786,13342.0,13342.0,13338.25,13340.75,63,NQ.v.0
2021-04-04 23:28:00+00:00,33,1,2786,13340.0,13341.75,13339.25,13341.5,97,NQ.v.0
2021-04-04 23:29:00+00:00,33,1,2786,13341.5,13342.25,13339.5,13341.0,52,NQ.v.0
2021-04-04 23:30:00+00:00,33,1,2786,13341.0,13345.75,13340.75,13345.0,170,NQ.v.0
2021-04-04 23:31:00+00:00,33,1,2786,13344.25,13345.0,13342.75,13343.0,111,NQ.v.0
2021-04-04 23:32:00+00:00,33,1,2786,13342.5,13342.75,13339.5,13342.5,26,NQ.v.0
2021-04-04 23:33:00+00:00,33,1,2786,13342.5,13342.5,13341.75,13342.5,12,NQ.v.0
2021-04-04 23:34:00+00:00,33,1,2786,13342.0,13342.75,13340.0,13340.5,46,NQ.v.0
2021-04-04 23:35:00+00:00,33,1,2786,13340.0,13342.75,13339.25,13342.75,47,NQ.v.0
2021-04-04 23:36:00+00:00,33,1,2786,13342.5,13345.5,13340.75,13341.5,65,NQ.v.0
2021-04-04 23:37:00+00:00,33,1,2786,13340.5,13341.75,13340.0,13341.0,27,NQ.v.0
2021-04-04 23:38:00+00:00,33,1,2786,13341.0,13342.75,13341.0,13342.75,19,NQ.v.0
2021-04-04 23:39:00+00:00,33,1,2786,13342.75,13347.0,13341.0,13346.0,97,NQ.v.0
2021-04-04 23:40:00+00:00,33,1,2786,13345.75,13347.5,13345.5,13346.5,73,NQ.v.0
2021-04-04 23:41:00+00:00,33,1,2786,13345.5,13346.75,13344.0,13346.0,31,NQ.v.0
2021-04-04 23:42:00+00:00,33,1,2786,13346.0,13346.5,13344.5,13345.5,40,NQ.v.0
2021-04-04 23:43:00+00:00,33,1,2786,13345.0,13346.0,13343.75,13346.0,35,NQ.v.0
2021-04-04 23:44:00+00:00,33,1,2786,13345.75,13345.75,13343.5,13344.5,79,NQ.v.0
2021-04-04 23:45:00+00:00,33,1,2786,13344.5,13344.5,13340.0,13342.25,87,NQ.v.0
2021-04-04 23:46:00+00:00,33,1,2786,13342.75,13346.25,13342.75,13344.75,79,NQ.v.0
2021-04-04 23:47:00+00:00,33,1,2786,13345.0,13346.25,13344.5,13345.75,25,NQ.v.0
2021-04-04 23:48:00+00:00,33,1,2786,13345.75,13346.25,13345.25,13345.25,28,NQ.v.0
2021-04-04 23:49:00+00:00,33,1,2786,13345.0,13345.0,13340.25,13344.75,74,NQ.v.0
2021-04-04 23:50:00+00:00,33,1,2786,13344.75,13345.25,13343.5,13343.5,15,NQ.v.0
2021-04-04 23:51:00+00:00,33,1,2786,13344.75,13347.0,13344.75,13345.75,87,NQ.v.0
2021-04-04 23:52:00+00:00,33,1,2786,13345.75,13353.75,13345.25,13352.75,261,NQ.v.0
2021-04-04 23:53:00+00:00,33,1,2786,13352.75,13353.25,13351.0,13352.25,148,NQ.v.0
2021-04-04 23:54:00+00:00,33,1,2786,13352.0,13353.5,13351.0,13352.25,110,NQ.v.0
2021-04-04 23:55:00+00:00,33,1,2786,13352.25,13353.0,13348.25,13349.75,64,NQ.v.0
2021-04-04 23:56:00+00:00,33,1,2786,13349.5,13351.75,13349.0,13351.75,41,NQ.v.0
2021-04-04 23:57:00+00:00,33,1,2786,13352.25,13353.75,13351.75,13353.0,58,NQ.v.0
2021-04-04 23:58:00+00:00,33,1,2786,13353.75,13356.0,13353.5,13355.25,105,NQ.v.0
2021-04-04 23:59:00+00:00,33,1,2786,13355.0,13355.0,13351.5,13351.5,45,NQ.v.0
2021-04-05 00:00:00+00:00,33,1,2786,13351.5,13352.0,13342.75,13347.5,279,NQ.v.0
2021-04-05 00:01:00+00:00,33,1,2786,13348.5,13348.5,13344.25,13344.25,57,NQ.v.0
2021-04-05 00:02:00+00:00,33,1,2786,13344.5,13346.0,13342.75,13344.0,79,NQ.v.0
2021-04-05 00:03:00+00:00,33,1,2786,13344.5,13344.5,13340.25,13343.5,89,NQ.v.0
2021-04-05 00:04:00+00:00,33,1,2786,13343.0,13345.75,13343.0,13345.75,34,NQ.v.0
2021-04-05 00:05:00+00:00,33,1,2786,13345.25,13347.5,13344.5,13346.25,126,NQ.v.0
2021-04-05 00:06:00+00:00,33,1,2786,13346.75,13349.5,13346.5,13348.0,88,NQ.v.0
2021-04-05 00:07:00+00:00,33,1,2786,13347.75,13347.75,13345.0,13345.0,48,NQ.v.0
2021-04-05 00:08:00+00:00,33,1,2786,13344.75,13345.0,13343.5,13343.75,86,NQ.v.0
2021-04-05 00:09:00+00:00,33,1,2786,13344.25,13344.5,13342.25,13343.0,99,NQ.v.0
2021-04-05 00:10:00+00:00,33,1,2786,13343.25,13344.25,13340.5,13341.5,121,NQ.v.0
2021-04-05 00:11:00+00:00,33,1,2786,13342.0,13342.0,13336.5,13339.25,104,NQ.v.0
2021-04-05 00:12:00+00:00,33,1,2786,13339.0,13339.0,13336.25,13338.25,62,NQ.v.0
2021-04-05 00:13:00+00:00,33,1,2786,13338.0,13338.25,13335.25,13337.25,58,NQ.v.0
2021-04-05 00:14:00+00:00,33,1,2786,13336.0,13337.0,13333.25,13336.25,87,NQ.v.0
2021-04-05 00:15:00+00:00,33,1,2786,13335.75,13335.75,13332.75,13335.25,96,NQ.v.0
2021-04-05 00:16:00+00:00,33,1,2786,13334.5,13335.0,13333.0,13335.0,45,NQ.v.0
2021-04-05 00:17:00+00:00,33,1,2786,13334.5,13335.25,13331.25,13332.5,63,NQ.v.0
2021-04-05 00:18:00+00:00,33,1,2786,13333.0,13334.0,13333.0,13333.0,19,NQ.v.0
2021-04-05 00:19:00+00:00,33,1,2786,13333.0,13336.25,13332.25,13334.5,107,NQ.v.0
2021-04-05 00:20:00+00:00,33,1,2786,13333.75,13335.25,13332.75,13334.0,77,NQ.v.0
2021-04-05 00:21:00+00:00,33,1,2786,13335.5,13339.0,13334.75,13337.25,115,NQ.v.0
2021-04-05 00:22:00+00:00,33,1,2786,13337.0,13337.0,13335.0,13335.25,39,NQ.v.0
2021-04-05 00:23:00+00:00,33,1,2786,13335.5,13336.75,13335.25,13336.75,34,NQ.v.0
2021-04-05 00:24:00+00:00,33,1,2786,13336.75,13337.75,13335.5,13337.25,54,NQ.v.0
2021-04-05 00:25:00+00:00,33,1,2786,13337.5,13337.5,13335.25,13335.75,52,NQ.v.0
2021-04-05 00:26:00+00:00,33,1,2786,13335.75,13336.5,13334.0,13336.25,55,NQ.v.0
2021-04-05 00:27:00+00:00,33,1,2786,13336.25,13341.0,13335.75,13338.75,86,NQ.v.0
2021-04-05 00:28:00+00:00,33,1,2786,13338.5,13339.0,13337.0,13338.0,41,NQ.v.0
2021-04-05 00:29:00+00:00,33,1,2786,13338.0,13339.25,13337.5,13338.5,28,NQ.v.0
2021-04-05 00:30:00+00:00,33,1,2786,13338.5,13342.0,13336.5,13340.0,62,NQ.v.0
2021-04-05 00:31:00+00:00,33,1,2786,13340.0,13340.75,13339.25,13339.75,23,NQ.v.0
2021-04-05 00:32:00+00:00,33,1,2786,13338.75,13339.25,13338.5,13338.5,13,NQ.v.0
2021-04-05 00:33:00+00:00,33,1,2786,13338.25,13345.0,13338.25,13343.25,109,NQ.v.0
2021-04-05 00:34:00+00:00,33,1,2786,13344.0,13345.75,13343.25,13345.0,75,NQ.v.0
2021-04-05 00:35:00+00:00,33,1,2786,13345.0,13346.0,13343.5,13344.0,47,NQ.v.0
2021-04-05 00:36:00+00:00,33,1,2786,13344.25,13345.25,13342.0,13345.25,52,NQ.v.0
2021-04-05 00:37:00+00:00,33,1,2786,13345.75,13346.25,13343.5,13343.75,49,NQ.v.0
2021-04-05 00:38:00+00:00,33,1,2786,13344.5,13345.25,13343.5,13344.25,48,NQ.v.0
2021-04-05 00:39:00+00:00,33,1,2786,13345.0,13345.25,13342.5,13344.0,89,NQ.v.0
2021-04-05 00:40:00+00:00,33,1,2786,13343.75,13343.75,13340.0,13341.75,37,NQ.v.0
2021-04-05 00:41:00+00:00,33,1,2786,13341.75,13341.75,13339.25,13341.0,42,NQ.v.0
2021-04-05 00:42:00+00:00,33,1,2786,13340.75,13344.5,13340.5,13343.5,34,NQ.v.0
2021-04-05 00:43:00+00:00,33,1,2786,13343.5,13345.75,13342.75,13345.75,33,NQ.v.0
2021-04-05 00:44:00+00:00,33,1,2786,13345.5,13346.5,13344.5,13345.0,74,NQ.v.0
2021-04-05 00:45:00+00:00,33,1,2786,13345.0,13346.0,13343.5,13345.75,47,NQ.v.0
2021-04-05 00:46:00+00:00,33,1,2786,13344.75,13345.25,13344.0,13344.75,19,NQ.v.0
2021-04-05 00:47:00+00:00,33,1,2786,13343.0,13344.25,13343.0,13344.25,29,NQ.v.0
2021-04-05 00:48:00+00:00,33,1,2786,13344.5,13345.0,13343.75,13343.75,10,NQ.v.0
2021-04-05 00:49:00+00:00,33,1,2786,13343.75,13345.75,13343.75,13345.5,18,NQ.v.0
2021-04-05 00:50:00+00:00,33,1,2786,13345.5,13346.25,13343.75,13344.0,31,NQ.v.0
2021-04-05 00:51:00+00:00,33,1,2786,13344.0,13346.0,13343.75,13346.0,21,NQ.v.0
2021-04-05 00:52:00+00:00,33,1,2786,13346.0,13346.0,13344.25,13344.5,12,NQ.v.0
2021-04-05 00:53:00+00:00,33,1,2786,13346.0,13349.25,13346.0,13348.0,98,NQ.v.0
2021-04-05 00:54:00+00:00,33,1,2786,13347.5,13349.25,13346.25,13347.25,82,NQ.v.0
2021-04-05 00:55:00+00:00,33,1,2786,13346.5,13347.0,13344.5,13344.5,16,NQ.v.0
2021-04-05 00:56:00+00:00,33,1,2786,13344.5,13346.25,13337.5,13342.5,173,NQ.v.0
2021-04-05 00:57:00+00:00,33,1,2786,13341.25,13343.0,13340.75,13341.75,28,NQ.v.0
2021-04-05 00:58:00+00:00,33,1,2786,13341.5,13343.75,13341.5,13343.75,22,NQ.v.0
2021-04-05 00:59:00+00:00,33,1,2786,13344.0,13344.0,13342.25,13342.25,27,NQ.v.0
2021-04-05 01:00:00+00:00,33,1,2786,13342.0,13343.5,13341.75,13342.75,16,NQ.v.0
2021-04-05 01:01:00+00:00,33,1,2786,13342.75,13343.0,13341.5,13342.75,15,NQ.v.0
2021-04-05 01:02:00+00:00,33,1,2786,13342.75,13344.0,13342.25,13342.75,21,NQ.v.0
2021-04-05 01:03:00+00:00,33,1,2786,13342.5,13342.5,13340.75,13340.75,19,NQ.v.0
2021-04-05 01:04:00+00:00,33,1,2786,13341.25,13343.0,13341.25,13342.5,24,NQ.v.0
2021-04-05 01:05:00+00:00,33,1,2786,13342.5,13342.75,13341.0,13342.75,26,NQ.v.0
2021-04-05 01:06:00+00:00,33,1,2786,13341.75,13342.0,13341.25,13341.75,12,NQ.v.0
2021-04-05 01:07:00+00:00,33,1,2786,13341.5,13342.75,13341.5,13342.5,18,NQ.v.0
2021-04-05 01:08:00+00:00,33,1,2786,13342.5,13342.75,13341.5,13342.25,18,NQ.v.0
2021-04-05 01:09:00+00:00,33,1,2786,13341.25,13341.75,13340.0,13341.5,25,NQ.v.0
2021-04-05 01:10:00+00:00,33,1,2786,13342.0,13342.75,13342.0,13342.0,11,NQ.v.0
2021-04-05 01:11:00+00:00,33,1,2786,13341.25,13341.75,13340.75,13340.75,8,NQ.v.0
2021-04-05 01:12:00+00:00,33,1,2786,13341.25,13341.75,13341.0,13341.0,14,NQ.v.0
2021-04-05 01:13:00+00:00,33,1,2786,13340.75,13341.5,13340.0,13341.0,80,NQ.v.0
2021-04-05 01:14:00+00:00,33,1,2786,13341.0,13341.0,13338.25,13340.0,31,NQ.v.0
2021-04-05 01:15:00+00:00,33,1,2786,13339.75,13339.75,13338.5,13339.0,36,NQ.v.0
2021-04-05 01:16:00+00:00,33,1,2786,13339.25,13340.0,13338.25,13339.25,27,NQ.v.0
2021-04-05 01:17:00+00:00,33,1,2786,13339.5,13339.5,13338.0,13338.25,32,NQ.v.0
2021-04-05 01:18:00+00:00,33,1,2786,13339.0,13340.5,13338.75,13340.5,10,NQ.v.0
2021-04-05 01:19:00+00:00,33,1,2786,13339.75,13340.0,13338.25,13338.5,25,NQ.v.0
2021-04-05 01:20:00+00:00,33,1,2786,13338.25,13339.75,13338.0,13339.0,22,NQ.v.0
2021-04-05 01:21:00+00:00,33,1,2786,13339.5,13342.5,13339.5,13341.5,34,NQ.v.0
2021-04-05 01:22:00+00:00,33,1,2786,13341.25,13341.75,13340.25,13340.5,15,NQ.v.0
2021-04-05 01:23:00+00:00,33,1,2786,13340.75,13341.25,13340.0,13340.25,15,NQ.v.0
2021-04-05 01:24:00+00:00,33,1,2786,13340.0,13342.5,13339.0,13342.25,30,NQ.v.0
2021-04-05 01:25:00+00:00,33,1,2786,13342.0,13343.75,13340.5,13341.25,56,NQ.v.0
2021-04-05 01:26:00+00:00,33,1,2786,13341.5,13341.75,13340.25,13341.25,24,NQ.v.0
2021-04-05 01:27:00+00:00,33,1,2786,13340.75,13340.75,13340.5,13340.5,9,NQ.v.0
2021-04-05 01:28:00+00:00,33,1,2786,13340.25,13340.75,13339.5,13340.25,14,NQ.v.0
2021-04-05 01:29:00+00:00,33,1,2786,13340.5,13341.25,13339.75,13340.0,26,NQ.v.0
2021-04-05 01:30:00+00:00,33,1,2786,13340.75,13340.75,13338.75,13339.5,33,NQ.v.0
2021-04-05 01:31:00+00:00,33,1,2786,13340.75,13342.0,13340.5,13340.5,28,NQ.v.0
2021-04-05 01:32:00+00:00,33,1,2786,13340.5,13340.5,13339.0,13339.25,20,NQ.v.0
2021-04-05 01:33:00+00:00,33,1,2786,13339.5,13340.25,13338.75,13339.0,11,NQ.v.0
2021-04-05 01:34:00+00:00,33,1,2786,13339.0,13340.0,13338.5,13339.5,7,NQ.v.0
2021-04-05 01:35:00+00:00,33,1,2786,13340.0,13341.0,13340.0,13340.75,18,NQ.v.0
2021-04-05 01:36:00+00:00,33,1,2786,13340.5,13341.75,13340.0,13341.75,16,NQ.v.0
2021-04-05 01:37:00+00:00,33,1,2786,13341.0,13341.25,13340.75,13341.25,14,NQ.v.0
2021-04-05 01:38:00+00:00,33,1,2786,13341.75,13342.75,13341.25,13341.5,38,NQ.v.0
2021-04-05 01:39:00+00:00,33,1,2786,13341.75,13343.0,13341.0,13342.5,31,NQ.v.0
2021-04-05 01:40:00+00:00,33,1,2786,13342.0,13342.25,13341.0,13342.0,11,NQ.v.0
2021-04-05 01:41:00+00:00,33,1,2786,13341.75,13342.0,13341.5,13341.5,4,NQ.v.0
2021-04-05 01:42:00+00:00,33,1,2786,13341.5,13342.25,13341.25,13342.25,14,NQ.v.0
2021-04-05 01:43:00+00:00,33,1,2786,13342.25,13342.25,13341.75,13341.75,2,NQ.v.0
2021-04-05 01:44:00+00:00,33,1,2786,13341.25,13341.25,13340.0,13340.25,39,NQ.v.0
2021-04-05 01:45:00+00:00,33,1,2786,13340.25,13341.0,13337.0,13341.0,72,NQ.v.0
2021-04-05 01:46:00+00:00,33,1,2786,13341.75,13343.5,13341.5,13343.25,59,NQ.v.0
2021-04-05 01:47:00+00:00,33,1,2786,13342.5,13345.25,13342.5,13343.5,80,NQ.v.0
2021-04-05 01:48:00+00:00,33,1,2786,13343.5,13345.75,13343.0,13345.25,54,NQ.v.0
2021-04-05 01:49:00+00:00,33,1,2786,13345.25,13346.0,13344.25,13344.5,43,NQ.v.0
2021-04-05 01:50:00+00:00,33,1,2786,13345.0,13345.0,13343.0,13343.0,29,NQ.v.0
2021-04-05 01:51:00+00:00,33,1,2786,13343.0,13345.0,13342.0,13342.0,54,NQ.v.0
2021-04-05 01:52:00+00:00,33,1,2786,13341.75,13342.75,13340.5,13341.25,31,NQ.v.0
2021-04-05 01:53:00+00:00,33,1,2786,13341.25,13342.0,13341.25,13342.0,16,NQ.v.0
2021-04-05 01:54:00+00:00,33,1,2786,13342.0,13342.5,13341.0,13342.25,59,NQ.v.0
2021-04-05 01:55:00+00:00,33,1,2786,13343.5,13343.5,13341.75,13342.25,28,NQ.v.0
2021-04-05 01:56:00+00:00,33,1,2786,13342.25,13342.25,13340.75,13341.0,25,NQ.v.0
2021-04-05 01:57:00+00:00,33,1,2786,13340.75,13341.5,13339.25,13341.5,35,NQ.v.0
2021-04-05 01:58:00+00:00,33,1,2786,13341.5,13342.0,13340.75,13341.25,17,NQ.v.0
2021-04-05 01:59:00+00:00,33,1,2786,13342.0,13342.25,13341.25,13341.75,10,NQ.v.0
2021-04-05 02:00:00+00:00,33,1,2786,13341.5,13341.75,13340.5,13341.5,15,NQ.v.0
2021-04-05 02:01:00+00:00,33,1,2786,13341.75,13342.5,13340.75,13341.0,40,NQ.v.0
2021-04-05 02:02:00+00:00,33,1,2786,13341.75,13344.0,13341.75,13343.5,34,NQ.v.0
2021-04-05 02:03:00+00:00,33,1,2786,13343.75,13344.5,13343.0,13344.25,46,NQ.v.0
2021-04-05 02:04:00+00:00,33,1,2786,13344.25,13346.75,13343.75,13346.5,107,NQ.v.0
2021-04-05 02:05:00+00:00,33,1,2786,13346.25,13347.0,13344.0,13345.25,89,NQ.v.0
2021-04-05 02:06:00+00:00,33,1,2786,13345.75,13347.0,13344.5,13345.25,60,NQ.v.0
2021-04-05 02:07:00+00:00,33,1,2786,13345.75,13346.0,13344.0,13344.25,38,NQ.v.0
2021-04-05 02:08:00+00:00,33,1,2786,13344.75,13345.75,13342.0,13342.75,119,NQ.v.0
2021-04-05 02:09:00+00:00,33,1,2786,13342.0,13342.5,13341.0,13342.25,76,NQ.v.0
2021-04-05 02:10:00+00:00,33,1,2786,13342.75,13342.75,13340.25,13341.5,31,NQ.v.0
2021-04-05 02:11:00+00:00,33,1,2786,13341.0,13341.0,13339.25,13339.75,29,NQ.v.0
2021-04-05 02:12:00+00:00,33,1,2786,13339.5,13340.25,13338.25,13338.5,45,NQ.v.0
2021-04-05 02:13:00+00:00,33,1,2786,13338.75,13339.5,13338.0,13338.5,56,NQ.v.0
2021-04-05 02:14:00+00:00,33,1,2786,13337.75,13338.25,13334.0,13335.75,171,NQ.v.0
2021-04-05 02:15:00+00:00,33,1,2786,13336.25,13336.25,13333.25,13335.25,73,NQ.v.0
2021-04-05 02:16:00+00:00,33,1,2786,13335.25,13335.25,13332.5,13333.25,72,NQ.v.0
2021-04-05 02:17:00+00:00,33,1,2786,13333.0,13334.75,13332.5,13333.5,31,NQ.v.0
2021-04-05 02:18:00+00:00,33,1,2786,13333.25,13333.75,13324.0,13326.25,296,NQ.v.0
2021-04-05 02:19:00+00:00,33,1,2786,13326.75,13329.0,13325.5,13328.0,107,NQ.v.0
2021-04-05 02:20:00+00:00,33,1,2786,13328.0,13329.75,13327.25,13328.5,58,NQ.v.0
2021-04-05 02:21:00+00:00,33,1,2786,13328.0,13330.0,13328.0,13328.5,44,NQ.v.0
2021-04-05 02:22:00+00:00,33,1,2786,13329.5,13331.75,13329.0,13331.0,54,NQ.v.0
2021-04-05 02:23:00+00:00,33,1,2786,13331.5,13332.0,13330.75,13331.0,25,NQ.v.0
2021-04-05 02:24:00+00:00,33,1,2786,13331.5,13331.75,13331.25,13331.75,14,NQ.v.0
2021-04-05 02:25:00+00:00,33,1,2786,13331.25,13333.75,13331.0,13331.5,87,NQ.v.0
2021-04-05 02:26:00+00:00,33,1,2786,13331.25,13332.0,13330.5,13330.5,23,NQ.v.0
2021-04-05 02:27:00+00:00,33,1,2786,13330.5,13331.25,13330.25,13331.25,16,NQ.v.0
2021-04-05 02:28:00+00:00,33,1,2786,13330.5,13330.5,13328.0,13329.0,69,NQ.v.0
2021-04-05 02:29:00+00:00,33,1,2786,13328.5,13329.5,13327.75,13328.5,42,NQ.v.0
2021-04-05 02:30:00+00:00,33,1,2786,13328.0,13329.75,13327.5,13328.75,44,NQ.v.0
2021-04-05 02:31:00+00:00,33,1,2786,13328.5,13328.75,13328.0,13328.25,31,NQ.v.0
2021-04-05 02:32:00+00:00,33,1,2786,13328.25,13328.25,13326.0,13326.25,43,NQ.v.0
2021-04-05 02:33:00+00:00,33,1,2786,13326.5,13328.0,13325.0,13328.0,69,NQ.v.0
2021-04-05 02:34:00+00:00,33,1,2786,13327.75,13327.75,13322.5,13323.75,185,NQ.v.0
2021-04-05 02:35:00+00:00,33,1,2786,13324.25,13326.25,13324.0,13325.25,36,NQ.v.0
2021-04-05 02:36:00+00:00,33,1,2786,13325.0,13325.0,13323.0,13323.25,31,NQ.v.0
2021-04-05 02:37:00+00:00,33,1,2786,13323.0,13324.0,13322.75,13323.5,34,NQ.v.0
2021-04-05 02:38:00+00:00,33,1,2786,13323.5,13323.5,13321.75,13323.0,57,NQ.v.0
2021-04-05 02:39:00+00:00,33,1,2786,13323.0,13324.75,13323.0,13324.0,31,NQ.v.0
2021-04-05 02:40:00+00:00,33,1,2786,13324.5,13325.5,13324.25,13324.25,26,NQ.v.0
2021-04-05 02:41:00+00:00,33,1,2786,13324.75,13327.0,13324.75,13326.0,49,NQ.v.0
2021-04-05 02:42:00+00:00,33,1,2786,13326.0,13326.25,13325.0,13325.5,40,NQ.v.0
2021-04-05 02:43:00+00:00,33,1,2786,13325.25,13325.25,13322.0,13322.25,67,NQ.v.0
2021-04-05 02:44:00+00:00,33,1,2786,13322.75,13323.5,13318.0,13320.0,154,NQ.v.0
2021-04-05 02:45:00+00:00,33,1,2786,13321.0,13322.0,13320.0,13321.5,36,NQ.v.0
2021-04-05 02:46:00+00:00,33,1,2786,13321.5,13321.75,13320.25,13321.75,35,NQ.v.0
2021-04-05 02:47:00+00:00,33,1,2786,13322.0,13325.25,13322.0,13323.5,66,NQ.v.0
2021-04-05 02:48:00+00:00,33,1,2786,13323.0,13323.0,13321.75,13322.75,22,NQ.v.0
2021-04-05 02:49:00+00:00,33,1,2786,13323.0,13323.0,13321.0,13322.25,51,NQ.v.0
2021-04-05 02:50:00+00:00,33,1,2786,13322.5,13322.5,13320.25,13320.5,37,NQ.v.0
2021-04-05 02:51:00+00:00,33,1,2786,13320.0,13320.0,13318.0,13318.75,70,NQ.v.0
2021-04-05 02:52:00+00:00,33,1,2786,13318.75,13321.25,13318.0,13321.25,42,NQ.v.0
2021-04-05 02:53:00+00:00,33,1,2786,13321.25,13321.75,13320.0,13320.25,17,NQ.v.0
2021-04-05 02:54:00+00:00,33,1,2786,13320.5,13320.5,13318.5,13318.5,15,NQ.v.0
2021-04-05 02:55:00+00:00,33,1,2786,13318.5,13321.75,13318.0,13321.75,35,NQ.v.0
2021-04-05 02:56:00+00:00,33,1,2786,13321.5,13322.0,13319.25,13320.5,67,NQ.v.0
2021-04-05 02:57:00+00:00,33,1,2786,13320.75,13322.25,13320.5,13321.25,38,NQ.v.0
2021-04-05 02:58:00+00:00,33,1,2786,13321.0,13322.5,13321.0,13322.5,12,NQ.v.0
2021-04-05 02:59:00+00:00,33,1,2786,13322.25,13322.75,13320.5,13320.5,36,NQ.v.0
2021-04-05 03:00:00+00:00,33,1,2786,13320.5,13323.5,13320.5,13323.0,58,NQ.v.0
2021-04-05 03:01:00+00:00,33,1,2786,13322.5,13326.0,13322.5,13324.5,98,NQ.v.0
2021-04-05 03:02:00+00:00,33,1,2786,13324.5,13324.5,13323.0,13323.75,31,NQ.v.0
2021-04-05 03:03:00+00:00,33,1,2786,13323.0,13324.75,13322.5,13324.75,19,NQ.v.0
2021-04-05 03:04:00+00:00,33,1,2786,13324.25,13324.75,13322.75,13323.5,33,NQ.v.0
2021-04-05 03:05:00+00:00,33,1,2786,13323.0,13324.0,13322.5,13323.75,28,NQ.v.0
2021-04-05 03:06:00+00:00,33,1,2786,13323.75,13324.5,13322.25,13323.75,80,NQ.v.0
2021-04-05 03:07:00+00:00,33,1,2786,13324.0,13324.25,13323.75,13324.0,8,NQ.v.0
2021-04-05 03:08:00+00:00,33,1,2786,13324.25,13325.0,13324.25,13325.0,10,NQ.v.0
2021-04-05 03:09:00+00:00,33,1,2786,13324.75,13325.0,13324.0,13325.0,17,NQ.v.0
2021-04-05 03:10:00+00:00,33,1,2786,13325.25,13326.25,13324.75,13324.75,48,NQ.v.0
2021-04-05 03:11:00+00:00,33,1,2786,13324.5,13324.75,13323.75,13323.75,19,NQ.v.0
2021-04-05 03:12:00+00:00,33,1,2786,13323.5,13324.75,13323.5,13324.0,25,NQ.v.0
2021-04-05 03:13:00+00:00,33,1,2786,13324.5,13324.5,13323.75,13323.75,3,NQ.v.0
2021-04-05 03:14:00+00:00,33,1,2786,13323.5,13323.75,13322.75,13322.75,14,NQ.v.0
2021-04-05 03:15:00+00:00,33,1,2786,13322.75,13325.25,13322.5,13324.25,30,NQ.v.0
2021-04-05 03:16:00+00:00,33,1,2786,13324.25,13324.75,13323.75,13324.25,18,NQ.v.0
2021-04-05 03:17:00+00:00,33,1,2786,13324.75,13326.0,13324.0,13325.5,32,NQ.v.0
2021-04-05 03:18:00+00:00,33,1,2786,13325.0,13325.0,13323.75,13323.75,18,NQ.v.0
2021-04-05 03:19:00+00:00,33,1,2786,13324.75,13326.5,13324.75,13326.5,14,NQ.v.0
2021-04-05 03:20:00+00:00,33,1,2786,13326.5,13329.0,13326.5,13327.75,108,NQ.v.0
2021-04-05 03:21:00+00:00,33,1,2786,13327.0,13328.25,13327.0,13327.5,24,NQ.v.0
2021-04-05 03:22:00+00:00,33,1,2786,13327.25,13328.25,13327.0,13328.0,18,NQ.v.0
2021-04-05 03:23:00+00:00,33,1,2786,13328.25,13328.75,13326.5,13327.25,27,NQ.v.0
2021-04-05 03:24:00+00:00,33,1,2786,13327.25,13327.25,13326.75,13326.75,10,NQ.v.0
2021-04-05 03:25:00+00:00,33,1,2786,13326.75,13326.75,13325.0,13326.0,36,NQ.v.0
2021-04-05 03:26:00+00:00,33,1,2786,13326.0,13328.5,13326.0,13327.25,28,NQ.v.0
2021-04-05 03:27:00+00:00,33,1,2786,13327.75,13329.75,13327.0,13328.75,51,NQ.v.0
2021-04-05 03:28:00+00:00,33,1,2786,13328.0,13329.75,13328.0,13328.5,30,NQ.v.0
2021-04-05 03:29:00+00:00,33,1,2786,13328.25,13328.25,13327.0,13327.25,15,NQ.v.0
2021-04-05 03:30:00+00:00,33,1,2786,13327.25,13328.25,13326.75,13327.5,32,NQ.v.0
2021-04-05 03:31:00+00:00,33,1,2786,13327.75,13328.5,13326.75,13327.0,32,NQ.v.0
2021-04-05 03:32:00+00:00,33,1,2786,13327.0,13327.25,13325.25,13326.0,33,NQ.v.0
2021-04-05 03:33:00+00:00,33,1,2786,13325.5,13326.5,13324.5,13326.25,56,NQ.v.0
2021-04-05 03:34:00+00:00,33,1,2786,13326.5,13326.75,13326.25,13326.25,10,NQ.v.0
2021-04-05 03:35:00+00:00,33,1,2786,13326.5,13326.75,13326.0,13326.0,10,NQ.v.0
2021-04-05 03:36:00+00:00,33,1,2786,13325.75,13326.0,13324.25,13324.25,36,NQ.v.0
2021-04-05 03:37:00+00:00,33,1,2786,13325.0,13325.0,13323.0,13323.75,41,NQ.v.0
2021-04-05 03:38:00+00:00,33,1,2786,13323.25,13324.5,13322.75,13323.5,51,NQ.v.0
2021-04-05 03:39:00+00:00,33,1,2786,13324.0,13324.75,13323.0,13323.5,33,NQ.v.0
2021-04-05 03:40:00+00:00,33,1,2786,13324.0,13327.25,13324.0,13326.5,67,NQ.v.0
2021-04-05 03:41:00+00:00,33,1,2786,13326.5,13326.75,13326.25,13326.25,19,NQ.v.0
2021-04-05 03:42:00+00:00,33,1,2786,13325.75,13325.75,13325.0,13325.5,17,NQ.v.0
2021-04-05 03:43:00+00:00,33,1,2786,13325.0,13325.75,13324.5,13325.25,28,NQ.v.0
2021-04-05 03:44:00+00:00,33,1,2786,13324.75,13324.75,13322.25,13323.5,52,NQ.v.0
2021-04-05 03:45:00+00:00,33,1,2786,13323.0,13325.0,13322.0,13324.5,38,NQ.v.0
2021-04-05 03:46:00+00:00,33,1,2786,13324.25,13324.5,13324.0,13324.0,5,NQ.v.0
2021-04-05 03:47:00+00:00,33,1,2786,13324.75,13325.0,13323.0,13323.5,22,NQ.v.0
2021-04-05 03:48:00+00:00,33,1,2786,13323.25,13325.75,13323.25,13324.25,27,NQ.v.0
2021-04-05 03:49:00+00:00,33,1,2786,13324.25,13325.25,13324.25,13325.0,7,NQ.v.0
2021-04-05 03:50:00+00:00,33,1,2786,13325.0,13325.0,13323.5,13324.5,17,NQ.v.0
2021-04-05 03:51:00+00:00,33,1,2786,13323.5,13325.5,13323.0,13324.75,13,NQ.v.0
2021-04-05 03:52:00+00:00,33,1,2786,13325.0,13325.0,13324.0,13324.0,11,NQ.v.0
2021-04-05 03:53:00+00:00,33,1,2786,13324.75,13326.5,13324.75,13325.0,18,NQ.v.0
2021-04-05 03:54:00+00:00,33,1,2786,13325.25,13326.25,13324.0,13325.25,34,NQ.v.0
2021-04-05 03:55:00+00:00,33,1,2786,13325.0,13326.0,13325.0,13326.0,14,NQ.v.0
2021-04-05 03:56:00+00:00,33,1,2786,13325.25,13325.75,13324.75,13325.5,15,NQ.v.0
2021-04-05 03:57:00+00:00,33,1,2786,13325.25,13326.0,13325.25,13326.0,8,NQ.v.0
2021-04-05 03:58:00+00:00,33,1,2786,13326.0,13326.75,13325.5,13326.75,18,NQ.v.0
2021-04-05 03:59:00+00:00,33,1,2786,13326.75,13327.75,13325.5,13327.0,48,NQ.v.0
2021-04-05 04:00:00+00:00,33,1,2786,13326.75,13328.5,13326.75,13328.25,48,NQ.v.0
2021-04-05 04:01:00+00:00,33,1,2786,13328.5,13329.25,13327.75,13328.5,37,NQ.v.0
2021-04-05 04:02:00+00:00,33,1,2786,13329.25,13329.75,13328.5,13328.75,29,NQ.v.0
2021-04-05 04:03:00+00:00,33,1,2786,13329.0,13335.0,13329.0,13331.0,230,NQ.v.0
2021-04-05 04:04:00+00:00,33,1,2786,13330.25,13331.75,13330.0,13330.5,23,NQ.v.0
2021-04-05 04:05:00+00:00,33,1,2786,13330.5,13331.0,13328.0,13329.25,68,NQ.v.0
2021-04-05 04:06:00+00:00,33,1,2786,13329.25,13333.0,13328.5,13332.25,73,NQ.v.0
2021-04-05 04:07:00+00:00,33,1,2786,13331.5,13331.5,13331.5,13331.5,4,NQ.v.0
2021-04-05 04:08:00+00:00,33,1,2786,13331.5,13331.5,13330.5,13331.25,12,NQ.v.0
2021-04-05 04:09:00+00:00,33,1,2786,13331.25,13332.0,13331.0,13331.25,13,NQ.v.0
2021-04-05 04:10:00+00:00,33,1,2786,13331.0,13331.0,13330.0,13330.25,25,NQ.v.0
2021-04-05 04:11:00+00:00,33,1,2786,13330.25,13331.25,13329.75,13330.5,25,NQ.v.0
2021-04-05 04:12:00+00:00,33,1,2786,13329.75,13330.25,13329.25,13329.25,7,NQ.v.0
2021-04-05 04:13:00+00:00,33,1,2786,13329.25,13330.0,13328.0,13330.0,23,NQ.v.0
2021-04-05 04:14:00+00:00,33,1,2786,13329.25,13329.75,13328.0,13329.5,22,NQ.v.0
2021-04-05 04:15:00+00:00,33,1,2786,13328.75,13328.75,13327.25,13328.0,33,NQ.v.0
2021-04-05 04:16:00+00:00,33,1,2786,13328.5,13329.0,13328.0,13328.75,17,NQ.v.0
2021-04-05 04:17:00+00:00,33,1,2786,13328.5,13329.75,13328.0,13328.25,32,NQ.v.0
2021-04-05 04:18:00+00:00,33,1,2786,13327.5,13328.0,13327.25,13327.5,8,NQ.v.0
2021-04-05 04:19:00+00:00,33,1,2786,13327.75,13327.75,13326.5,13326.5,20,NQ.v.0
2021-04-05 04:20:00+00:00,33,1,2786,13327.0,13327.75,13326.5,13327.75,26,NQ.v.0
2021-04-05 04:21:00+00:00,33,1,2786,13327.25,13327.5,13326.75,13327.25,11,NQ.v.0
2021-04-05 04:22:00+00:00,33,1,2786,13327.5,13328.5,13324.25,13325.25,69,NQ.v.0
2021-04-05 04:23:00+00:00,33,1,2786,13326.0,13326.75,13325.5,13325.75,15,NQ.v.0
2021-04-05 04:24:00+00:00,33,1,2786,13326.25,13327.0,13323.5,13324.0,48,NQ.v.0
2021-04-05 04:25:00+00:00,33,1,2786,13324.0,13325.0,13323.0,13324.5,46,NQ.v.0
2021-04-05 04:26:00+00:00,33,1,2786,13323.75,13324.5,13323.5,13324.0,27,NQ.v.0
2021-04-05 04:27:00+00:00,33,1,2786,13323.75,13324.5,13323.75,13323.75,12,NQ.v.0
2021-04-05 04:28:00+00:00,33,1,2786,13324.75,13325.25,13323.0,13324.0,24,NQ.v.0
2021-04-05 04:29:00+00:00,33,1,2786,13324.25,13326.5,13324.25,13325.25,39,NQ.v.0
2021-04-05 04:30:00+00:00,33,1,2786,13324.75,13324.75,13323.75,13323.75,11,NQ.v.0
2021-04-05 04:31:00+00:00,33,1,2786,13324.0,13325.25,13323.5,13323.75,15,NQ.v.0
2021-04-05 04:32:00+00:00,33,1,2786,13324.0,13324.25,13323.75,13324.25,18,NQ.v.0
2021-04-05 04:33:00+00:00,33,1,2786,13324.5,13324.75,13323.5,13324.0,23,NQ.v.0
2021-04-05 04:34:00+00:00,33,1,2786,13324.0,13325.75,13324.0,13325.5,34,NQ.v.0
2021-04-05 04:35:00+00:00,33,1,2786,13325.75,13327.0,13325.75,13326.75,35,NQ.v.0
2021-04-05 04:36:00+00:00,33,1,2786,13326.25,13327.25,13326.0,13327.25,14,NQ.v.0
2021-04-05 04:37:00+00:00,33,1,2786,13327.25,13327.75,13327.0,13327.0,13,NQ.v.0
2021-04-05 04:38:00+00:00,33,1,2786,13327.25,13327.5,13327.25,13327.5,3,NQ.v.0
2021-04-05 04:39:00+00:00,33,1,2786,13327.25,13327.5,13327.0,13327.0,11,NQ.v.0
2021-04-05 04:40:00+00:00,33,1,2786,13327.0,13327.0,13326.25,13326.75,6,NQ.v.0
2021-04-05 04:41:00+00:00,33,1,2786,13326.25,13327.5,13325.25,13326.25,31,NQ.v.0
2021-04-05 04:42:00+00:00,33,1,2786,13326.25,13327.0,13326.0,13326.75,9,NQ.v.0
2021-04-05 04:43:00+00:00,33,1,2786,13327.0,13327.0,13325.5,13325.5,6,NQ.v.0
2021-04-05 04:44:00+00:00,33,1,2786,13326.0,13326.25,13325.5,13325.5,7,NQ.v.0
2021-04-05 04:45:00+00:00,33,1,2786,13325.75,13326.0,13325.0,13326.0,13,NQ.v.0
2021-04-05 04:46:00+00:00,33,1,2786,13326.25,13326.5,13326.0,13326.5,15,NQ.v.0
2021-04-05 04:47:00+00:00,33,1,2786,13327.0,13328.25,13325.75,13325.75,41,NQ.v.0
2021-04-05 04:48:00+00:00,33,1,2786,13326.0,13326.5,13325.75,13326.0,15,NQ.v.0
2021-04-05 04:49:00+00:00,33,1,2786,13325.75,13327.5,13323.75,13323.75,63,NQ.v.0
2021-04-05 04:50:00+00:00,33,1,2786,13323.75,13325.25,13323.5,13325.0,12,NQ.v.0
2021-04-05 04:51:00+00:00,33,1,2786,13325.5,13326.25,13324.25,13325.0,18,NQ.v.0
2021-04-05 04:52:00+00:00,33,1,2786,13324.75,13325.75,13324.25,13325.5,22,NQ.v.0
2021-04-05 04:53:00+00:00,33,1,2786,13324.75,13324.75,13323.5,13323.75,37,NQ.v.0
2021-04-05 04:54:00+00:00,33,1,2786,13323.5,13323.5,13320.75,13322.0,109,NQ.v.0
2021-04-05 04:55:00+00:00,33,1,2786,13321.75,13324.0,13321.75,13322.75,33,NQ.v.0
2021-04-05 04:56:00+00:00,33,1,2786,13323.0,13324.75,13322.75,13324.25,31,NQ.v.0
2021-04-05 04:57:00+00:00,33,1,2786,13324.25,13324.25,13322.5,13323.0,41,NQ.v.0
2021-04-05 04:58:00+00:00,33,1,2786,13323.0,13323.75,13321.5,13323.0,95,NQ.v.0
2021-04-05 04:59:00+00:00,33,1,2786,13323.75,13323.75,13322.0,13322.25,33,NQ.v.0
2021-04-05 05:00:00+00:00,33,1,2786,13322.5,13324.25,13322.5,13323.5,31,NQ.v.0
2021-04-05 05:01:00+00:00,33,1,2786,13324.25,13324.75,13323.5,13323.75,67,NQ.v.0
2021-04-05 05:02:00+00:00,33,1,2786,13324.0,13325.75,13324.0,13325.75,28,NQ.v.0
2021-04-05 05:03:00+00:00,33,1,2786,13325.75,13326.5,13324.75,13325.25,61,NQ.v.0
2021-04-05 05:04:00+00:00,33,1,2786,13325.0,13326.25,13325.0,13325.25,33,NQ.v.0
2021-04-05 05:05:00+00:00,33,1,2786,13325.5,13326.0,13324.25,13324.75,27,NQ.v.0
2021-04-05 05:06:00+00:00,33,1,2786,13324.5,13326.5,13324.5,13326.25,16,NQ.v.0
2021-04-05 05:07:00+00:00,33,1,2786,13326.5,13327.0,13326.0,13326.25,21,NQ.v.0
2021-04-05 05:08:00+00:00,33,1,2786,13326.25,13327.0,13326.25,13326.75,26,NQ.v.0
2021-04-05 05:09:00+00:00,33,1,2786,13326.75,13328.0,13325.75,13327.75,36,NQ.v.0
2021-04-05 05:10:00+00:00,33,1,2786,13328.0,13329.5,13327.75,13328.0,46,NQ.v.0
2021-04-05 05:11:00+00:00,33,1,2786,13328.0,13329.0,13328.0,13328.75,20,NQ.v.0
2021-04-05 05:12:00+00:00,33,1,2786,13328.75,13328.75,13327.75,13327.75,15,NQ.v.0
2021-04-05 05:13:00+00:00,33,1,2786,13328.25,13329.0,13327.5,13328.25,23,NQ.v.0
2021-04-05 05:14:00+00:00,33,1,2786,13328.75,13330.0,13328.0,13329.25,35,NQ.v.0
2021-04-05 05:15:00+00:00,33,1,2786,13329.25,13332.5,13328.75,13329.75,110,NQ.v.0
2021-04-05 05:16:00+00:00,33,1,2786,13329.5,13330.75,13329.25,13329.5,31,NQ.v.0
2021-04-05 05:17:00+00:00,33,1,2786,13328.75,13328.75,13327.0,13328.5,37,NQ.v.0
2021-04-05 05:18:00+00:00,33,1,2786,13328.0,13329.0,13328.0,13328.5,18,NQ.v.0
2021-04-05 05:19:00+00:00,33,1,2786,13329.25,13329.5,13328.5,13328.75,33,NQ.v.0
2021-04-05 05:20:00+00:00,33,1,2786,13328.5,13329.25,13327.0,13327.75,36,NQ.v.0
2021-04-05 05:21:00+00:00,33,1,2786,13328.0,13329.5,13328.0,13328.75,16,NQ.v.0
2021-04-05 05:22:00+00:00,33,1,2786,13329.0,13329.0,13328.75,13329.0,3,NQ.v.0
2021-04-05 05:23:00+00:00,33,1,2786,13328.5,13329.75,13328.25,13329.0,21,NQ.v.0
2021-04-05 05:24:00+00:00,33,1,2786,13329.5,13330.75,13329.25,13330.75,15,NQ.v.0
2021-04-05 05:25:00+00:00,33,1,2786,13330.5,13330.5,13328.75,13328.75,14,NQ.v.0
2021-04-05 05:26:00+00:00,33,1,2786,13328.75,13330.0,13328.75,13329.25,12,NQ.v.0
2021-04-05 05:27:00+00:00,33,1,2786,13329.5,13329.75,13328.75,13329.0,8,NQ.v.0
2021-04-05 05:28:00+00:00,33,1,2786,13329.5,13330.0,13329.5,13330.0,4,NQ.v.0
2021-04-05 05:29:00+00:00,33,1,2786,13330.0,13331.0,13330.0,13331.0,10,NQ.v.0
2021-04-05 05:30:00+00:00,33,1,2786,13331.0,13332.0,13330.25,13330.75,36,NQ.v.0
2021-04-05 05:31:00+00:00,33,1,2786,13330.25,13331.5,13329.75,13330.25,16,NQ.v.0
2021-04-05 05:32:00+00:00,33,1,2786,13330.5,13332.0,13330.0,13332.0,25,NQ.v.0
2021-04-05 05:33:00+00:00,33,1,2786,13332.25,13332.25,13330.5,13330.5,14,NQ.v.0
2021-04-05 05:34:00+00:00,33,1,2786,13330.75,13331.75,13330.75,13331.5,10,NQ.v.0
2021-04-05 05:35:00+00:00,33,1,2786,13332.0,13332.0,13330.5,13331.0,14,NQ.v.0
2021-04-05 05:36:00+00:00,33,1,2786,13332.0,13334.25,13331.25,13333.25,93,NQ.v.0
2021-04-05 05:37:00+00:00,33,1,2786,13333.75,13334.0,13332.0,13333.0,26,NQ.v.0
2021-04-05 05:38:00+00:00,33,1,2786,13332.5,13332.5,13331.5,13332.0,16,NQ.v.0
2021-04-05 05:39:00+00:00,33,1,2786,13332.0,13332.75,13331.25,13332.0,26,NQ.v.0
2021-04-05 05:40:00+00:00,33,1,2786,13332.25,13334.0,13331.75,13332.0,27,NQ.v.0
2021-04-05 05:41:00+00:00,33,1,2786,13332.0,13333.0,13331.75,13332.0,20,NQ.v.0
2021-04-05 05:42:00+00:00,33,1,2786,13333.0,13333.25,13332.0,13332.5,13,NQ.v.0
2021-04-05 05:43:00+00:00,33,1,2786,13332.5,13333.5,13332.5,13333.25,21,NQ.v.0
2021-04-05 05:44:00+00:00,33,1,2786,13333.5,13333.75,13333.0,13333.0,8,NQ.v.0
2021-04-05 05:45:00+00:00,33,1,2786,13333.5,13334.5,13332.75,13332.75,36,NQ.v.0
2021-04-05 05:46:00+00:00,33,1,2786,13333.0,13333.0,13331.75,13332.25,33,NQ.v.0
2021-04-05 05:47:00+00:00,33,1,2786,13332.0,13333.25,13331.5,13332.5,50,NQ.v.0
2021-04-05 05:48:00+00:00,33,1,2786,13332.75,13334.5,13332.25,13334.5,36,NQ.v.0
2021-04-05 05:49:00+00:00,33,1,2786,13334.75,13334.75,13333.75,13333.75,16,NQ.v.0
2021-04-05 05:50:00+00:00,33,1,2786,13333.25,13334.75,13333.25,13334.75,21,NQ.v.0
2021-04-05 05:51:00+00:00,33,1,2786,13334.75,13334.75,13333.5,13333.75,18,NQ.v.0
2021-04-05 05:52:00+00:00,33,1,2786,13334.0,13334.25,13334.0,13334.0,4,NQ.v.0
2021-04-05 05:53:00+00:00,33,1,2786,13334.75,13334.75,13332.5,13333.25,25,NQ.v.0
2021-04-05 05:54:00+00:00,33,1,2786,13333.25,13334.0,13332.75,13333.0,21,NQ.v.0
2021-04-05 05:55:00+00:00,33,1,2786,13332.5,13332.5,13328.5,13329.0,80,NQ.v.0
2021-04-05 05:56:00+00:00,33,1,2786,13329.5,13330.75,13329.5,13329.5,36,NQ.v.0
2021-04-05 05:57:00+00:00,33,1,2786,13329.75,13330.5,13326.0,13327.0,121,NQ.v.0
2021-04-05 05:58:00+00:00,33,1,2786,13327.0,13329.75,13327.0,13329.25,56,NQ.v.0
2021-04-05 05:59:00+00:00,33,1,2786,13328.5,13328.5,13326.75,13327.0,59,NQ.v.0
2021-04-05 06:00:00+00:00,33,1,2786,13327.75,13328.25,13319.25,13319.75,180,NQ.v.0
2021-04-05 06:01:00+00:00,33,1,2786,13319.75,13321.0,13315.25,13318.5,242,NQ.v.0
2021-04-05 06:02:00+00:00,33,1,2786,13318.75,13319.0,13312.25,13312.75,226,NQ.v.0
2021-04-05 06:03:00+00:00,33,1,2786,13313.25,13317.0,13312.0,13316.25,115,NQ.v.0
2021-04-05 06:04:00+00:00,33,1,2786,13316.5,13318.5,13316.0,13316.75,104,NQ.v.0
2021-04-05 06:05:00+00:00,33,1,2786,13316.75,13317.5,13314.5,13315.0,51,NQ.v.0
2021-04-05 06:06:00+00:00,33,1,2786,13315.25,13318.75,13314.5,13318.0,70,NQ.v.0
2021-04-05 06:07:00+00:00,33,1,2786,13317.5,13318.25,13315.25,13316.75,90,NQ.v.0
2021-04-05 06:08:00+00:00,33,1,2786,13317.25,13318.25,13317.0,13318.25,21,NQ.v.0
2021-04-05 06:09:00+00:00,33,1,2786,13317.75,13318.5,13316.0,13316.0,40,NQ.v.0
2021-04-05 06:10:00+00:00,33,1,2786,13315.5,13316.75,13314.75,13315.5,51,NQ.v.0
2021-04-05 06:11:00+00:00,33,1,2786,13315.5,13318.25,13315.5,13316.75,61,NQ.v.0
2021-04-05 06:12:00+00:00,33,1,2786,13317.5,13319.75,13317.0,13318.75,85,NQ.v.0
2021-04-05 06:13:00+00:00,33,1,2786,13318.75,13318.75,13317.5,13318.75,20,NQ.v.0
2021-04-05 06:14:00+00:00,33,1,2786,13319.25,13320.0,13318.75,13318.75,24,NQ.v.0
2021-04-05 06:15:00+00:00,33,1,2786,13319.5,13322.5,13319.0,13321.5,64,NQ.v.0
2021-04-05 06:16:00+00:00,33,1,2786,13322.5,13324.75,13321.25,13322.5,96,NQ.v.0
2021-04-05 06:17:00+00:00,33,1,2786,13323.0,13324.75,13321.25,13324.75,60,NQ.v.0
2021-04-05 06:18:00+00:00,33,1,2786,13323.5,13325.75,13323.0,13323.75,70,NQ.v.0
2021-04-05 06:19:00+00:00,33,1,2786,13323.5,13323.75,13322.25,13322.5,31,NQ.v.0
2021-04-05 06:20:00+00:00,33,1,2786,13322.5,13324.75,13322.5,13324.75,20,NQ.v.0
2021-04-05 06:21:00+00:00,33,1,2786,13324.75,13325.25,13323.25,13324.0,32,NQ.v.0
2021-04-05 06:22:00+00:00,33,1,2786,13324.0,13325.0,13322.75,13322.75,29,NQ.v.0
2021-04-05 06:23:00+00:00,33,1,2786,13323.25,13324.25,13322.75,13324.25,26,NQ.v.0
2021-04-05 06:24:00+00:00,33,1,2786,13324.75,13325.0,13323.25,13325.0,24,NQ.v.0
2021-04-05 06:25:00+00:00,33,1,2786,13324.25,13327.75,13324.25,13326.25,66,NQ.v.0
2021-04-05 06:26:00+00:00,33,1,2786,13326.0,13329.5,13326.0,13327.5,95,NQ.v.0
2021-04-05 06:27:00+00:00,33,1,2786,13327.0,13328.5,13326.75,13327.0,34,NQ.v.0
2021-04-05 06:28:00+00:00,33,1,2786,13327.0,13329.0,13327.0,13328.25,42,NQ.v.0
2021-04-05 06:29:00+00:00,33,1,2786,13328.25,13332.5,13328.0,13330.25,89,NQ.v.0
2021-04-05 06:30:00+00:00,33,1,2786,13330.0,13330.25,13328.5,13329.25,35,NQ.v.0
2021-04-05 06:31:00+00:00,33,1,2786,13328.5,13329.0,13327.75,13328.25,17,NQ.v.0
2021-04-05 06:32:00+00:00,33,1,2786,13328.25,13329.25,13328.0,13328.5,30,NQ.v.0
2021-04-05 06:33:00+00:00,33,1,2786,13329.0,13329.5,13329.0,13329.25,14,NQ.v.0
2021-04-05 06:34:00+00:00,33,1,2786,13329.0,13331.25,13328.75,13330.5,57,NQ.v.0
2021-04-05 06:35:00+00:00,33,1,2786,13330.5,13330.5,13328.5,13328.5,34,NQ.v.0
2021-04-05 06:36:00+00:00,33,1,2786,13328.5,13329.5,13328.25,13328.25,24,NQ.v.0
2021-04-05 06:37:00+00:00,33,1,2786,13328.5,13328.5,13326.25,13326.5,101,NQ.v.0
2021-04-05 06:38:00+00:00,33,1,2786,13326.5,13327.0,13324.5,13325.75,74,NQ.v.0
2021-04-05 06:39:00+00:00,33,1,2786,13325.5,13326.5,13324.0,13324.75,55,NQ.v.0
2021-04-05 06:40:00+00:00,33,1,2786,13325.0,13326.0,13324.0,13324.75,49,NQ.v.0
2021-04-05 06:41:00+00:00,33,1,2786,13325.0,13327.5,13325.0,13326.25,26,NQ.v.0
2021-04-05 06:42:00+00:00,33,1,2786,13326.5,13330.0,13326.5,13328.5,46,NQ.v.0
2021-04-05 06:43:00+00:00,33,1,2786,13328.25,13329.0,13327.5,13327.5,37,NQ.v.0
2021-04-05 06:44:00+00:00,33,1,2786,13327.25,13327.25,13325.5,13325.75,35,NQ.v.0
2021-04-05 06:45:00+00:00,33,1,2786,13325.5,13325.75,13321.75,13323.5,135,NQ.v.0
2021-04-05 06:46:00+00:00,33,1,2786,13323.0,13323.75,13322.0,13323.75,28,NQ.v.0
2021-04-05 06:47:00+00:00,33,1,2786,13323.0,13324.5,13322.25,13324.25,22,NQ.v.0
2021-04-05 06:48:00+00:00,33,1,2786,13324.75,13325.75,13322.75,13322.75,31,NQ.v.0
2021-04-05 06:49:00+00:00,33,1,2786,13324.0,13324.75,13323.25,13324.0,13,NQ.v.0
2021-04-05 06:50:00+00:00,33,1,2786,13324.25,13324.75,13323.0,13324.75,19,NQ.v.0
2021-04-05 06:51:00+00:00,33,1,2786,13325.0,13325.25,13324.0,13324.25,11,NQ.v.0
2021-04-05 06:52:00+00:00,33,1,2786,13325.0,13325.0,13323.5,13324.25,20,NQ.v.0
2021-04-05 06:53:00+00:00,33,1,2786,13324.0,13324.25,13321.75,13323.25,33,NQ.v.0
2021-04-05 06:54:00+00:00,33,1,2786,13323.75,13325.25,13322.5,13322.5,40,NQ.v.0
2021-04-05 06:55:00+00:00,33,1,2786,13322.75,13323.5,13322.0,13322.5,30,NQ.v.0
2021-04-05 06:56:00+00:00,33,1,2786,13323.0,13325.75,13323.0,13325.5,45,NQ.v.0
2021-04-05 06:57:00+00:00,33,1,2786,13326.0,13327.0,13324.75,13326.75,49,NQ.v.0
2021-04-05 06:58:00+00:00,33,1,2786,13326.25,13326.75,13325.75,13326.0,13,NQ.v.0
2021-04-05 06:59:00+00:00,33,1,2786,13325.75,13326.25,13325.0,13326.25,33,NQ.v.0
2021-04-05 07:00:00+00:00,33,1,2786,13325.25,13325.75,13322.0,13323.25,78,NQ.v.0
2021-04-05 07:01:00+00:00,33,1,2786,13323.25,13323.5,13318.75,13320.0,94,NQ.v.0
2021-04-05 07:02:00+00:00,33,1,2786,13320.25,13321.0,13319.0,13321.0,32,NQ.v.0
2021-04-05 07:03:00+00:00,33,1,2786,13320.25,13321.25,13320.0,13320.5,18,NQ.v.0
2021-04-05 07:04:00+00:00,33,1,2786,13320.75,13321.5,13319.75,13319.75,31,NQ.v.0
2021-04-05 07:05:00+00:00,33,1,2786,13319.75,13321.0,13318.75,13321.0,46,NQ.v.0
2021-04-05 07:06:00+00:00,33,1,2786,13320.75,13323.0,13320.75,13322.5,38,NQ.v.0
2021-04-05 07:07:00+00:00,33,1,2786,13322.5,13326.5,13321.75,13323.75,70,NQ.v.0
2021-04-05 07:08:00+00:00,33,1,2786,13325.5,13326.0,13324.5,13324.75,25,NQ.v.0
2021-04-05 07:09:00+00:00,33,1,2786,13324.5,13324.75,13323.5,13324.75,16,NQ.v.0
2021-04-05 07:10:00+00:00,33,1,2786,13325.75,13325.75,13324.0,13324.75,21,NQ.v.0
2021-04-05 07:11:00+00:00,33,1,2786,13324.5,13324.5,13323.0,13323.0,34,NQ.v.0
2021-04-05 07:12:00+00:00,33,1,2786,13323.75,13325.75,13323.75,13325.0,29,NQ.v.0
2021-04-05 07:13:00+00:00,33,1,2786,13324.25,13324.25,13323.25,13323.25,12,NQ.v.0
2021-04-05 07:14:00+00:00,33,1,2786,13323.5,13323.5,13321.0,13321.5,41,NQ.v.0
2021-04-05 07:15:00+00:00,33,1,2786,13321.0,13322.0,13320.75,13322.0,25,NQ.v.0
2021-04-05 07:16:00+00:00,33,1,2786,13322.0,13323.5,13321.25,13321.75,33,NQ.v.0
2021-04-05 07:17:00+00:00,33,1,2786,13322.0,13322.0,13320.25,13321.25,48,NQ.v.0
2021-04-05 07:18:00+00:00,33,1,2786,13320.75,13320.75,13318.5,13318.75,79,NQ.v.0
2021-04-05 07:19:00+00:00,33,1,2786,13319.25,13319.5,13315.5,13316.0,68,NQ.v.0
2021-04-05 07:20:00+00:00,33,1,2786,13316.25,13317.5,13314.5,13317.25,116,NQ.v.0
2021-04-05 07:21:00+00:00,33,1,2786,13317.5,13318.5,13315.0,13315.5,51,NQ.v.0
2021-04-05 07:22:00+00:00,33,1,2786,13315.25,13316.5,13315.25,13315.75,22,NQ.v.0
2021-04-05 07:23:00+00:00,33,1,2786,13316.5,13317.5,13315.75,13315.75,46,NQ.v.0
2021-04-05 07:24:00+00:00,33,1,2786,13316.25,13317.0,13315.75,13315.75,12,NQ.v.0
2021-04-05 07:25:00+00:00,33,1,2786,13316.0,13316.0,13312.25,13315.5,100,NQ.v.0
2021-04-05 07:26:00+00:00,33,1,2786,13316.25,13318.75,13315.75,13317.25,84,NQ.v.0
2021-04-05 07:27:00+00:00,33,1,2786,13317.5,13318.5,13316.5,13316.5,34,NQ.v.0
2021-04-05 07:28:00+00:00,33,1,2786,13316.0,13316.75,13314.5,13315.25,35,NQ.v.0
2021-04-05 07:29:00+00:00,33,1,2786,13315.0,13317.75,13314.5,13317.75,43,NQ.v.0
2021-04-05 07:30:00+00:00,33,1,2786,13317.0,13318.0,13315.75,13317.75,45,NQ.v.0
2021-04-05 07:31:00+00:00,33,1,2786,13318.25,13319.0,13317.25,13318.25,50,NQ.v.0
2021-04-05 07:32:00+00:00,33,1,2786,13317.75,13318.5,13317.0,13317.75,35,NQ.v.0
2021-04-05 07:33:00+00:00,33,1,2786,13318.5,13318.5,13317.5,13318.5,12,NQ.v.0
2021-04-05 07:34:00+00:00,33,1,2786,13318.5,13319.5,13318.25,13319.25,24,NQ.v.0
2021-04-05 07:35:00+00:00,33,1,2786,13319.5,13321.75,13318.0,13318.75,79,NQ.v.0
2021-04-05 07:36:00+00:00,33,1,2786,13318.5,13318.5,13316.25,13317.25,68,NQ.v.0
2021-04-05 07:37:00+00:00,33,1,2786,13317.75,13318.0,13317.0,13317.25,22,NQ.v.0
2021-04-05 07:38:00+00:00,33,1,2786,13316.75,13316.75,13315.5,13315.5,38,NQ.v.0
2021-04-05 07:39:00+00:00,33,1,2786,13316.25,13319.25,13315.25,13317.75,42,NQ.v.0
2021-04-05 07:40:00+00:00,33,1,2786,13318.0,13318.0,13315.5,13316.25,17,NQ.v.0
2021-04-05 07:41:00+00:00,33,1,2786,13316.0,13316.0,13313.5,13315.0,42,NQ.v.0
2021-04-05 07:42:00+00:00,33,1,2786,13314.5,13314.75,13311.25,13314.0,152,NQ.v.0
2021-04-05 07:43:00+00:00,33,1,2786,13313.75,13315.75,13312.75,13313.5,50,NQ.v.0
2021-04-05 07:44:00+00:00,33,1,2786,13314.0,13314.5,13313.25,13314.0,25,NQ.v.0
2021-04-05 07:45:00+00:00,33,1,2786,13314.5,13314.5,13313.25,13314.25,14,NQ.v.0
2021-04-05 07:46:00+00:00,33,1,2786,13314.25,13314.25,13313.75,13313.75,4,NQ.v.0
2021-04-05 07:47:00+00:00,33,1,2786,13314.5,13316.0,13314.5,13316.0,24,NQ.v.0
2021-04-05 07:48:00+00:00,33,1,2786,13315.75,13317.25,13314.75,13316.0,44,NQ.v.0
2021-04-05 07:49:00+00:00,33,1,2786,13316.5,13317.5,13316.0,13317.5,14,NQ.v.0
2021-04-05 07:50:00+00:00,33,1,2786,13317.5,13318.0,13316.25,13316.25,23,NQ.v.0
2021-04-05 07:51:00+00:00,33,1,2786,13316.75,13318.5,13316.5,13318.25,51,NQ.v.0
2021-04-05 07:52:00+00:00,33,1,2786,13318.25,13319.75,13317.5,13319.0,27,NQ.v.0
2021-04-05 07:53:00+00:00,33,1,2786,13319.0,13321.0,13319.0,13320.25,47,NQ.v.0
2021-04-05 07:54:00+00:00,33,1,2786,13320.25,13320.75,13319.5,13319.5,19,NQ.v.0
2021-04-05 07:55:00+00:00,33,1,2786,13320.0,13320.75,13319.0,13319.0,33,NQ.v.0
2021-04-05 07:56:00+00:00,33,1,2786,13319.5,13320.0,13318.75,13319.5,28,NQ.v.0
2021-04-05 07:57:00+00:00,33,1,2786,13319.25,13323.0,13319.25,13322.0,93,NQ.v.0
2021-04-05 07:58:00+00:00,33,1,2786,13322.25,13323.25,13321.25,13321.5,34,NQ.v.0
2021-04-05 07:59:00+00:00,33,1,2786,13322.0,13324.0,13322.0,13322.0,96,NQ.v.0
2021-04-05 08:00:00+00:00,33,1,2786,13321.5,13324.5,13321.5,13324.5,89,NQ.v.0
2021-04-05 08:01:00+00:00,33,1,2786,13324.25,13325.0,13323.25,13323.75,43,NQ.v.0
2021-04-05 08:02:00+00:00,33,1,2786,13323.75,13324.0,13323.0,13324.0,20,NQ.v.0
2021-04-05 08:03:00+00:00,33,1,2786,13324.0,13325.0,13323.5,13324.75,27,NQ.v.0
2021-04-05 08:04:00+00:00,33,1,2786,13324.25,13325.0,13323.25,13324.0,29,NQ.v.0
2021-04-05 08:05:00+00:00,33,1,2786,13324.5,13325.0,13324.0,13324.75,16,NQ.v.0
2021-04-05 08:06:00+00:00,33,1,2786,13325.0,13325.0,13323.5,13324.5,34,NQ.v.0
2021-04-05 08:07:00+00:00,33,1,2786,13324.5,13326.5,13323.75,13325.75,92,NQ.v.0
2021-04-05 08:08:00+00:00,33,1,2786,13325.0,13326.25,13324.5,13326.0,43,NQ.v.0
2021-04-05 08:09:00+00:00,33,1,2786,13326.25,13326.25,13325.0,13325.25,87,NQ.v.0
2021-04-05 08:10:00+00:00,33,1,2786,13326.0,13342.5,13326.0,13341.0,595,NQ.v.0
2021-04-05 08:11:00+00:00,33,1,2786,13340.25,13341.0,13338.5,13340.5,153,NQ.v.0
2021-04-05 08:12:00+00:00,33,1,2786,13340.5,13344.25,13340.5,13343.0,212,NQ.v.0
2021-04-05 08:13:00+00:00,33,1,2786,13342.5,13349.0,13342.0,13347.0,268,NQ.v.0
2021-04-05 08:14:00+00:00,33,1,2786,13347.0,13347.25,13343.25,13344.25,135,NQ.v.0
2021-04-05 08:15:00+00:00,33,1,2786,13344.25,13346.0,13343.25,13344.25,96,NQ.v.0
2021-04-05 08:16:00+00:00,33,1,2786,13344.75,13353.5,13344.75,13352.25,453,NQ.v.0
2021-04-05 08:17:00+00:00,33,1,2786,13352.25,13354.75,13350.5,13351.25,247,NQ.v.0
2021-04-05 08:18:00+00:00,33,1,2786,13351.0,13354.75,13351.0,13354.0,78,NQ.v.0
2021-04-05 08:19:00+00:00,33,1,2786,13354.0,13355.0,13353.0,13354.25,59,NQ.v.0
2021-04-05 08:20:00+00:00,33,1,2786,13353.25,13359.5,13353.25,13355.5,354,NQ.v.0
2021-04-05 08:21:00+00:00,33,1,2786,13355.25,13356.75,13353.25,13356.5,97,NQ.v.0
2021-04-05 08:22:00+00:00,33,1,2786,13356.25,13356.75,13354.25,13356.0,73,NQ.v.0
2021-04-05 08:23:00+00:00,33,1,2786,13355.5,13355.75,13353.25,13353.75,60,NQ.v.0
2021-04-05 08:24:00+00:00,33,1,2786,13353.5,13355.75,13353.25,13355.0,49,NQ.v.0
2021-04-05 08:25:00+00:00,33,1,2786,13355.25,13355.25,13352.0,13353.75,82,NQ.v.0
2021-04-05 08:26:00+00:00,33,1,2786,13353.75,13354.5,13353.0,13353.75,45,NQ.v.0
2021-04-05 08:27:00+00:00,33,1,2786,13353.75,13354.0,13353.0,13353.25,17,NQ.v.0
2021-04-05 08:28:00+00:00,33,1,2786,13353.0,13353.0,13348.0,13349.0,147,NQ.v.0
2021-04-05 08:29:00+00:00,33,1,2786,13349.5,13349.75,13346.5,13349.75,111,NQ.v.0
2021-04-05 08:30:00+00:00,33,1,2786,13349.75,13352.0,13349.5,13352.0,76,NQ.v.0
2021-04-05 08:31:00+00:00,33,1,2786,13351.5,13352.5,13350.5,13351.25,36,NQ.v.0
2021-04-05 08:32:00+00:00,33,1,2786,13351.25,13352.0,13350.5,13351.25,34,NQ.v.0
2021-04-05 08:33:00+00:00,33,1,2786,13351.0,13356.75,13350.5,13355.5,115,NQ.v.0
2021-04-05 08:34:00+00:00,33,1,2786,13356.25,13358.75,13354.25,13358.5,128,NQ.v.0
2021-04-05 08:35:00+00:00,33,1,2786,13358.75,13362.25,13357.0,13362.0,254,NQ.v.0
2021-04-05 08:36:00+00:00,33,1,2786,13361.75,13366.25,13360.75,13363.75,249,NQ.v.0
2021-04-05 08:37:00+00:00,33,1,2786,13363.5,13363.75,13361.0,13361.0,60,NQ.v.0
2021-04-05 08:38:00+00:00,33,1,2786,13361.5,13362.0,13356.75,13359.25,117,NQ.v.0
2021-04-05 08:39:00+00:00,33,1,2786,13359.25,13359.75,13357.25,13357.75,119,NQ.v.0
2021-04-05 08:40:00+00:00,33,1,2786,13358.0,13359.25,13357.5,13358.5,43,NQ.v.0
2021-04-05 08:41:00+00:00,33,1,2786,13357.75,13358.75,13356.5,13357.25,45,NQ.v.0
2021-04-05 08:42:00+00:00,33,1,2786,13357.25,13358.0,13357.25,13358.0,4,NQ.v.0
2021-04-05 08:43:00+00:00,33,1,2786,13358.25,13359.25,13357.75,13358.75,15,NQ.v.0
2021-04-05 08:44:00+00:00,33,1,2786,13358.25,13359.5,13358.25,13358.5,11,NQ.v.0
2021-04-05 08:45:00+00:00,33,1,2786,13358.25,13358.5,13353.25,13354.5,132,NQ.v.0
2021-04-05 08:46:00+00:00,33,1,2786,13354.5,13354.75,13352.25,13353.5,62,NQ.v.0
2021-04-05 08:47:00+00:00,33,1,2786,13353.25,13354.5,13353.0,13354.25,22,NQ.v.0
2021-04-05 08:48:00+00:00,33,1,2786,13354.75,13358.5,13354.25,13355.75,99,NQ.v.0
2021-04-05 08:49:00+00:00,33,1,2786,13355.25,13356.0,13354.5,13356.0,25,NQ.v.0
2021-04-05 08:50:00+00:00,33,1,2786,13356.0,13357.0,13355.75,13356.25,16,NQ.v.0
2021-04-05 08:51:00+00:00,33,1,2786,13356.75,13356.75,13354.5,13355.5,56,NQ.v.0
2021-04-05 08:52:00+00:00,33,1,2786,13356.0,13356.0,13356.0,13356.0,2,NQ.v.0
2021-04-05 08:53:00+00:00,33,1,2786,13356.0,13356.75,13356.0,13356.5,15,NQ.v.0
2021-04-05 08:54:00+00:00,33,1,2786,13357.0,13357.0,13356.0,13357.0,13,NQ.v.0
2021-04-05 08:55:00+00:00,33,1,2786,13356.75,13356.75,13354.75,13354.75,24,NQ.v.0
2021-04-05 08:56:00+00:00,33,1,2786,13355.0,13355.25,13351.75,13353.75,80,NQ.v.0
2021-04-05 08:57:00+00:00,33,1,2786,13354.5,13355.5,13354.5,13355.25,16,NQ.v.0
2021-04-05 08:58:00+00:00,33,1,2786,13355.25,13357.0,13355.25,13357.0,25,NQ.v.0
2021-04-05 08:59:00+00:00,33,1,2786,13357.25,13361.75,13357.25,13360.75,100,NQ.v.0
2021-04-05 09:00:00+00:00,33,1,2786,13360.75,13361.5,13352.5,13353.25,196,NQ.v.0
2021-04-05 09:01:00+00:00,33,1,2786,13352.5,13354.25,13351.0,13354.0,109,NQ.v.0
2021-04-05 09:02:00+00:00,33,1,2786,13354.0,13356.5,13353.5,13355.0,49,NQ.v.0
2021-04-05 09:03:00+00:00,33,1,2786,13356.0,13356.5,13354.25,13355.75,34,NQ.v.0
2021-04-05 09:04:00+00:00,33,1,2786,13356.5,13357.25,13355.75,13356.75,28,NQ.v.0
2021-04-05 09:05:00+00:00,33,1,2786,13356.75,13357.75,13356.5,13356.5,28,NQ.v.0
2021-04-05 09:06:00+00:00,33,1,2786,13356.75,13358.5,13356.0,13358.0,27,NQ.v.0
2021-04-05 09:07:00+00:00,33,1,2786,13358.5,13360.0,13356.75,13357.5,53,NQ.v.0
2021-04-05 09:08:00+00:00,33,1,2786,13357.5,13359.0,13356.5,13358.5,20,NQ.v.0
2021-04-05 09:09:00+00:00,33,1,2786,13358.0,13360.25,13358.0,13359.5,34,NQ.v.0
2021-04-05 09:10:00+00:00,33,1,2786,13359.0,13359.25,13358.0,13358.5,32,NQ.v.0
2021-04-05 09:11:00+00:00,33,1,2786,13358.5,13359.5,13358.0,13359.0,33,NQ.v.0
2021-04-05 09:12:00+00:00,33,1,2786,13360.0,13362.5,13360.0,13361.5,67,NQ.v.0
2021-04-05 09:13:00+00:00,33,1,2786,13360.5,13361.5,13358.75,13361.25,48,NQ.v.0
2021-04-05 09:14:00+00:00,33,1,2786,13361.5,13363.25,13361.25,13363.25,30,NQ.v.0
2021-04-05 09:15:00+00:00,33,1,2786,13363.0,13363.25,13359.5,13362.25,49,NQ.v.0
2021-04-05 09:16:00+00:00,33,1,2786,13362.75,13363.5,13362.25,13363.5,39,NQ.v.0
2021-04-05 09:17:00+00:00,33,1,2786,13362.5,13363.75,13361.5,13363.75,38,NQ.v.0
2021-04-05 09:18:00+00:00,33,1,2786,13363.25,13363.5,13362.75,13363.25,13,NQ.v.0
2021-04-05 09:19:00+00:00,33,1,2786,13363.5,13365.0,13363.25,13364.5,63,NQ.v.0
2021-04-05 09:20:00+00:00,33,1,2786,13364.0,13367.75,13364.0,13366.5,145,NQ.v.0
2021-04-05 09:21:00+00:00,33,1,2786,13367.0,13368.0,13365.75,13366.5,47,NQ.v.0
2021-04-05 09:22:00+00:00,33,1,2786,13366.5,13366.75,13365.75,13366.0,51,NQ.v.0
2021-04-05 09:23:00+00:00,33,1,2786,13366.0,13366.0,13365.0,13365.5,18,NQ.v.0
2021-04-05 09:24:00+00:00,33,1,2786,13366.0,13366.5,13364.5,13364.75,33,NQ.v.0
2021-04-05 09:25:00+00:00,33,1,2786,13364.75,13367.0,13364.75,13365.75,43,NQ.v.0
2021-04-05 09:26:00+00:00,33,1,2786,13366.25,13373.5,13366.25,13371.75,357,NQ.v.0
2021-04-05 09:27:00+00:00,33,1,2786,13372.25,13374.75,13371.25,13373.75,222,NQ.v.0
2021-04-05 09:28:00+00:00,33,1,2786,13374.0,13374.0,13371.75,13372.0,87,NQ.v.0
2021-04-05 09:29:00+00:00,33,1,2786,13372.25,13374.5,13371.25,13373.75,94,NQ.v.0
2021-04-05 09:30:00+00:00,33,1,2786,13373.75,13374.5,13372.75,13373.5,63,NQ.v.0
2021-04-05 09:31:00+00:00,33,1,2786,13373.0,13374.25,13372.25,13374.25,40,NQ.v.0
2021-04-05 09:32:00+00:00,33,1,2786,13374.0,13374.75,13373.0,13374.0,66,NQ.v.0
2021-04-05 09:33:00+00:00,33,1,2786,13374.25,13374.75,13373.0,13374.0,54,NQ.v.0
2021-04-05 09:34:00+00:00,33,1,2786,13374.25,13374.5,13373.0,13373.0,33,NQ.v.0
2021-04-05 09:35:00+00:00,33,1,2786,13373.25,13374.5,13372.75,13374.5,36,NQ.v.0
2021-04-05 09:36:00+00:00,33,1,2786,13374.0,13377.0,13374.0,13376.25,114,NQ.v.0
2021-04-05 09:37:00+00:00,33,1,2786,13376.75,13377.0,13374.0,13375.0,47,NQ.v.0
2021-04-05 09:38:00+00:00,33,1,2786,13374.75,13378.0,13374.75,13377.75,65,NQ.v.0
2021-04-05 09:39:00+00:00,33,1,2786,13377.75,13380.25,13377.0,13379.25,120,NQ.v.0
2021-04-05 09:40:00+00:00,33,1,2786,13379.5,13383.25,13379.0,13380.5,190,NQ.v.0
2021-04-05 09:41:00+00:00,33,1,2786,13380.5,13382.0,13379.5,13381.25,85,NQ.v.0
2021-04-05 09:42:00+00:00,33,1,2786,13381.25,13382.25,13380.5,13381.0,45,NQ.v.0
2021-04-05 09:43:00+00:00,33,1,2786,13381.25,13384.25,13381.25,13382.5,97,NQ.v.0
2021-04-05 09:44:00+00:00,33,1,2786,13382.0,13382.5,13380.0,13381.5,57,NQ.v.0
2021-04-05 09:45:00+00:00,33,1,2786,13381.25,13381.25,13378.5,13378.75,78,NQ.v.0
2021-04-05 09:46:00+00:00,33,1,2786,13379.75,13380.0,13378.75,13379.0,45,NQ.v.0
2021-04-05 09:47:00+00:00,33,1,2786,13379.5,13379.75,13376.0,13377.25,131,NQ.v.0
2021-04-05 09:48:00+00:00,33,1,2786,13377.25,13378.25,13376.25,13378.0,59,NQ.v.0
2021-04-05 09:49:00+00:00,33,1,2786,13377.75,13378.25,13377.0,13377.5,41,NQ.v.0
2021-04-05 09:50:00+00:00,33,1,2786,13377.5,13378.0,13376.25,13377.0,88,NQ.v.0
2021-04-05 09:51:00+00:00,33,1,2786,13376.5,13376.5,13374.75,13375.5,105,NQ.v.0
2021-04-05 09:52:00+00:00,33,1,2786,13375.75,13375.75,13374.0,13375.0,72,NQ.v.0
2021-04-05 09:53:00+00:00,33,1,2786,13375.0,13375.25,13374.25,13374.75,23,NQ.v.0
2021-04-05 09:54:00+00:00,33,1,2786,13375.0,13376.75,13374.25,13375.0,86,NQ.v.0
2021-04-05 09:55:00+00:00,33,1,2786,13374.75,13375.0,13372.75,13373.5,48,NQ.v.0
2021-04-05 09:56:00+00:00,33,1,2786,13373.0,13374.25,13372.5,13373.75,22,NQ.v.0
2021-04-05 09:57:00+00:00,33,1,2786,13374.0,13378.0,13373.75,13377.0,127,NQ.v.0
2021-04-05 09:58:00+00:00,33,1,2786,13377.5,13378.0,13376.25,13376.5,48,NQ.v.0
2021-04-05 09:59:00+00:00,33,1,2786,13376.75,13377.75,13376.25,13377.5,30,NQ.v.0
2021-04-05 10:00:00+00:00,33,1,2786,13378.0,13378.0,13377.25,13377.75,43,NQ.v.0
2021-04-05 10:01:00+00:00,33,1,2786,13378.0,13378.0,13376.0,13377.0,57,NQ.v.0
2021-04-05 10:02:00+00:00,33,1,2786,13376.5,13377.0,13376.25,13377.0,17,NQ.v.0
2021-04-05 10:03:00+00:00,33,1,2786,13376.25,13376.5,13374.0,13374.0,37,NQ.v.0
2021-04-05 10:04:00+00:00,33,1,2786,13373.5,13374.0,13371.25,13371.25,115,NQ.v.0
2021-04-05 10:05:00+00:00,33,1,2786,13371.25,13373.75,13371.25,13373.5,39,NQ.v.0
2021-04-05 10:06:00+00:00,33,1,2786,13373.0,13373.25,13371.75,13373.0,50,NQ.v.0
2021-04-05 10:07:00+00:00,33,1,2786,13373.0,13373.0,13372.25,13372.75,15,NQ.v.0
2021-04-05 10:08:00+00:00,33,1,2786,13372.75,13374.5,13372.75,13374.25,36,NQ.v.0
2021-04-05 10:09:00+00:00,33,1,2786,13374.5,13374.5,13372.5,13372.5,19,NQ.v.0
2021-04-05 10:10:00+00:00,33,1,2786,13372.5,13373.25,13370.25,13371.25,68,NQ.v.0
2021-04-05 10:11:00+00:00,33,1,2786,13371.5,13372.75,13371.5,13372.0,23,NQ.v.0
2021-04-05 10:12:00+00:00,33,1,2786,13371.25,13372.25,13371.0,13372.0,34,NQ.v.0
2021-04-05 10:13:00+00:00,33,1,2786,13372.0,13374.0,13372.0,13374.0,49,NQ.v.0
2021-04-05 10:14:00+00:00,33,1,2786,13374.25,13374.5,13373.75,13374.5,18,NQ.v.0
2021-04-05 10:15:00+00:00,33,1,2786,13374.5,13377.5,13374.5,13376.0,97,NQ.v.0
2021-04-05 10:16:00+00:00,33,1,2786,13376.25,13378.75,13375.5,13377.0,65,NQ.v.0
2021-04-05 10:17:00+00:00,33,1,2786,13378.0,13379.0,13377.5,13378.5,35,NQ.v.0
2021-04-05 10:18:00+00:00,33,1,2786,13378.0,13381.0,13377.75,13380.25,135,NQ.v.0
2021-04-05 10:19:00+00:00,33,1,2786,13380.75,13381.75,13379.75,13380.25,68,NQ.v.0
2021-04-05 10:20:00+00:00,33,1,2786,13379.75,13380.5,13378.5,13379.75,62,NQ.v.0
2021-04-05 10:21:00+00:00,33,1,2786,13379.0,13380.0,13377.75,13378.25,29,NQ.v.0
2021-04-05 10:22:00+00:00,33,1,2786,13378.0,13379.25,13377.25,13378.75,50,NQ.v.0
2021-04-05 10:23:00+00:00,33,1,2786,13379.0,13379.5,13378.5,13378.5,14,NQ.v.0
2021-04-05 10:24:00+00:00,33,1,2786,13379.0,13380.5,13379.0,13380.0,26,NQ.v.0
2021-04-05 10:25:00+00:00,33,1,2786,13380.0,13381.0,13379.75,13380.75,20,NQ.v.0
2021-04-05 10:26:00+00:00,33,1,2786,13380.75,13385.25,13380.0,13384.0,244,NQ.v.0
2021-04-05 10:27:00+00:00,33,1,2786,13383.75,13384.0,13381.0,13381.75,83,NQ.v.0
2021-04-05 10:28:00+00:00,33,1,2786,13382.0,13382.75,13381.25,13381.5,22,NQ.v.0
2021-04-05 10:29:00+00:00,33,1,2786,13381.25,13382.0,13380.5,13380.75,30,NQ.v.0
2021-04-05 10:30:00+00:00,33,1,2786,13380.75,13382.5,13376.75,13377.25,169,NQ.v.0
2021-04-05 10:31:00+00:00,33,1,2786,13377.5,13379.5,13375.5,13375.75,114,NQ.v.0
2021-04-05 10:32:00+00:00,33,1,2786,13376.0,13377.5,13375.5,13377.5,57,NQ.v.0
2021-04-05 10:33:00+00:00,33,1,2786,13376.75,13377.5,13376.5,13377.0,28,NQ.v.0
2021-04-05 10:34:00+00:00,33,1,2786,13376.5,13377.0,13375.5,13376.5,40,NQ.v.0
2021-04-05 10:35:00+00:00,33,1,2786,13375.75,13376.5,13375.0,13375.0,49,NQ.v.0
2021-04-05 10:36:00+00:00,33,1,2786,13374.75,13375.5,13373.5,13374.5,62,NQ.v.0
2021-04-05 10:37:00+00:00,33,1,2786,13374.5,13374.75,13373.5,13373.5,19,NQ.v.0
2021-04-05 10:38:00+00:00,33,1,2786,13373.25,13374.0,13372.75,13373.0,41,NQ.v.0
2021-04-05 10:39:00+00:00,33,1,2786,13373.25,13375.25,13372.75,13374.75,39,NQ.v.0
2021-04-05 10:40:00+00:00,33,1,2786,13375.0,13376.25,13375.0,13376.25,28,NQ.v.0
2021-04-05 10:41:00+00:00,33,1,2786,13376.25,13376.25,13374.0,13374.5,19,NQ.v.0
2021-04-05 10:42:00+00:00,33,1,2786,13374.75,13374.75,13372.0,13372.0,46,NQ.v.0
2021-04-05 10:43:00+00:00,33,1,2786,13372.0,13373.5,13371.5,13373.5,52,NQ.v.0
2021-04-05 10:44:00+00:00,33,1,2786,13373.0,13373.5,13372.25,13373.25,34,NQ.v.0
2021-04-05 10:45:00+00:00,33,1,2786,13373.25,13373.25,13372.25,13373.0,30,NQ.v.0
2021-04-05 10:46:00+00:00,33,1,2786,13372.25,13373.25,13371.0,13371.75,44,NQ.v.0
2021-04-05 10:47:00+00:00,33,1,2786,13371.75,13372.75,13371.5,13372.0,19,NQ.v.0
2021-04-05 10:48:00+00:00,33,1,2786,13372.25,13372.25,13368.0,13369.5,121,NQ.v.0
2021-04-05 10:49:00+00:00,33,1,2786,13369.25,13369.25,13364.0,13366.25,275,NQ.v.0
2021-04-05 10:50:00+00:00,33,1,2786,13365.25,13367.5,13364.5,13366.25,82,NQ.v.0
2021-04-05 10:51:00+00:00,33,1,2786,13366.5,13366.5,13365.0,13365.5,25,NQ.v.0
2021-04-05 10:52:00+00:00,33,1,2786,13365.5,13365.75,13361.5,13364.5,99,NQ.v.0
2021-04-05 10:53:00+00:00,33,1,2786,13364.0,13365.25,13363.0,13364.0,55,NQ.v.0
2021-04-05 10:54:00+00:00,33,1,2786,13364.5,13365.25,13361.5,13363.0,92,NQ.v.0
2021-04-05 10:55:00+00:00,33,1,2786,13363.0,13363.5,13361.75,13362.0,88,NQ.v.0
2021-04-05 10:56:00+00:00,33,1,2786,13362.5,13362.75,13359.5,13362.25,182,NQ.v.0
2021-04-05 10:57:00+00:00,33,1,2786,13361.75,13362.25,13359.0,13359.75,131,NQ.v.0
2021-04-05 10:58:00+00:00,33,1,2786,13359.25,13362.5,13359.0,13362.5,61,NQ.v.0
2021-04-05 10:59:00+00:00,33,1,2786,13361.75,13362.75,13361.5,13362.0,56,NQ.v.0
2021-04-05 11:00:00+00:00,33,1,2786,13362.0,13365.75,13361.5,13365.5,232,NQ.v.0
2021-04-05 11:01:00+00:00,33,1,2786,13364.5,13365.5,13362.5,13363.25,160,NQ.v.0
2021-04-05 11:02:00+00:00,33,1,2786,13363.0,13365.0,13362.5,13364.0,39,NQ.v.0
2021-04-05 11:03:00+00:00,33,1,2786,13364.75,13366.75,13364.25,13366.0,70,NQ.v.0
2021-04-05 11:04:00+00:00,33,1,2786,13366.25,13366.25,13365.0,13366.25,28,NQ.v.0
2021-04-05 11:05:00+00:00,33,1,2786,13366.25,13369.25,13365.5,13368.5,138,NQ.v.0
2021-04-05 11:06:00+00:00,33,1,2786,13368.25,13369.75,13367.5,13368.5,64,NQ.v.0
2021-04-05 11:07:00+00:00,33,1,2786,13369.5,13372.0,13369.0,13371.0,188,NQ.v.0
2021-04-05 11:08:00+00:00,33,1,2786,13371.25,13372.0,13370.75,13371.0,47,NQ.v.0
2021-04-05 11:09:00+00:00,33,1,2786,13371.25,13372.0,13369.75,13370.25,41,NQ.v.0
2021-04-05 11:10:00+00:00,33,1,2786,13370.0,13370.75,13368.75,13370.75,99,NQ.v.0
2021-04-05 11:11:00+00:00,33,1,2786,13371.0,13373.75,13371.0,13373.5,92,NQ.v.0
2021-04-05 11:12:00+00:00,33,1,2786,13374.0,13374.75,13373.25,13373.25,64,NQ.v.0
2021-04-05 11:13:00+00:00,33,1,2786,13373.75,13373.75,13372.5,13373.0,33,NQ.v.0
2021-04-05 11:14:00+00:00,33,1,2786,13373.0,13374.0,13372.0,13373.25,48,NQ.v.0
2021-04-05 11:15:00+00:00,33,1,2786,13374.0,13378.0,13373.5,13376.75,165,NQ.v.0
2021-04-05 11:16:00+00:00,33,1,2786,13376.0,13376.5,13372.25,13374.75,85,NQ.v.0
2021-04-05 11:17:00+00:00,33,1,2786,13375.0,13375.0,13372.75,13372.75,74,NQ.v.0
2021-04-05 11:18:00+00:00,33,1,2786,13372.75,13376.0,13372.75,13375.25,65,NQ.v.0
2021-04-05 11:19:00+00:00,33,1,2786,13375.25,13375.5,13373.75,13375.0,40,NQ.v.0
2021-04-05 11:20:00+00:00,33,1,2786,13375.25,13377.5,13375.0,13376.75,78,NQ.v.0
2021-04-05 11:21:00+00:00,33,1,2786,13376.5,13378.0,13375.25,13377.0,56,NQ.v.0
2021-04-05 11:22:00+00:00,33,1,2786,13377.0,13381.25,13376.75,13378.75,132,NQ.v.0
2021-04-05 11:23:00+00:00,33,1,2786,13378.75,13380.25,13377.5,13380.0,56,NQ.v.0
2021-04-05 11:24:00+00:00,33,1,2786,13379.25,13380.25,13379.0,13380.25,85,NQ.v.0
2021-04-05 11:25:00+00:00,33,1,2786,13380.25,13382.0,13379.5,13382.0,115,NQ.v.0
2021-04-05 11:26:00+00:00,33,1,2786,13381.75,13381.75,13380.0,13381.25,100,NQ.v.0
2021-04-05 11:27:00+00:00,33,1,2786,13381.5,13381.75,13377.0,13377.5,128,NQ.v.0
2021-04-05 11:28:00+00:00,33,1,2786,13377.5,13378.0,13372.25,13373.5,216,NQ.v.0
2021-04-05 11:29:00+00:00,33,1,2786,13373.5,13376.75,13373.5,13373.5,114,NQ.v.0
2021-04-05 11:30:00+00:00,33,1,2786,13373.25,13373.75,13369.25,13369.5,204,NQ.v.0
2021-04-05 11:31:00+00:00,33,1,2786,13369.75,13371.75,13369.75,13371.25,143,NQ.v.0
2021-04-05 11:32:00+00:00,33,1,2786,13371.25,13371.25,13364.75,13368.25,224,NQ.v.0
2021-04-05 11:33:00+00:00,33,1,2786,13368.0,13370.0,13367.25,13369.0,101,NQ.v.0
2021-04-05 11:34:00+00:00,33,1,2786,13369.25,13373.25,13369.25,13371.0,182,NQ.v.0
2021-04-05 11:35:00+00:00,33,1,2786,13370.75,13375.5,13370.75,13373.75,146,NQ.v.0
2021-04-05 11:36:00+00:00,33,1,2786,13373.75,13378.5,13373.75,13376.0,144,NQ.v.0
2021-04-05 11:37:00+00:00,33,1,2786,13376.0,13377.5,13375.0,13376.25,66,NQ.v.0
2021-04-05 11:38:00+00:00,33,1,2786,13375.5,13376.25,13375.25,13376.25,40,NQ.v.0
2021-04-05 11:39:00+00:00,33,1,2786,13375.75,13375.75,13373.75,13374.5,52,NQ.v.0
2021-04-05 11:40:00+00:00,33,1,2786,13374.5,13376.25,13374.5,13375.75,57,NQ.v.0
2021-04-05 11:41:00+00:00,33,1,2786,13375.5,13379.5,13375.0,13378.0,129,NQ.v.0
2021-04-05 11:42:00+00:00,33,1,2786,13378.0,13378.5,13376.5,13376.75,59,NQ.v.0
2021-04-05 11:43:00+00:00,33,1,2786,13376.75,13378.5,13373.25,13373.25,92,NQ.v.0
2021-04-05 11:44:00+00:00,33,1,2786,13373.5,13375.25,13372.75,13374.25,76,NQ.v.0
2021-04-05 11:45:00+00:00,33,1,2786,13374.5,13375.25,13374.0,13375.25,44,NQ.v.0
2021-04-05 11:46:00+00:00,33,1,2786,13375.0,13377.0,13374.5,13377.0,69,NQ.v.0
2021-04-05 11:47:00+00:00,33,1,2786,13377.0,13378.0,13376.25,13377.5,78,NQ.v.0
2021-04-05 11:48:00+00:00,33,1,2786,13377.0,13378.75,13376.75,13377.0,64,NQ.v.0
2021-04-05 11:49:00+00:00,33,1,2786,13377.0,13382.75,13377.0,13380.5,330,NQ.v.0
2021-04-05 11:50:00+00:00,33,1,2786,13380.75,13381.75,13380.25,13380.5,141,NQ.v.0
2021-04-05 11:51:00+00:00,33,1,2786,13380.75,13381.25,13379.75,13381.0,81,NQ.v.0
2021-04-05 11:52:00+00:00,33,1,2786,13381.25,13381.75,13378.75,13379.5,136,NQ.v.0
2021-04-05 11:53:00+00:00,33,1,2786,13379.75,13383.5,13378.75,13383.25,154,NQ.v.0
2021-04-05 11:54:00+00:00,33,1,2786,13383.25,13384.5,13381.25,13384.0,186,NQ.v.0
2021-04-05 11:55:00+00:00,33,1,2786,13383.0,13384.75,13383.0,13383.75,114,NQ.v.0
2021-04-05 11:56:00+00:00,33,1,2786,13383.25,13384.5,13383.25,13384.0,70,NQ.v.0
2021-04-05 11:57:00+00:00,33,1,2786,13384.25,13384.5,13383.0,13383.5,60,NQ.v.0
2021-04-05 11:58:00+00:00,33,1,2786,13383.75,13384.25,13383.25,13383.75,41,NQ.v.0
2021-04-05 11:59:00+00:00,33,1,2786,13383.5,13384.25,13383.0,13383.5,78,NQ.v.0
2021-04-05 12:00:00+00:00,33,1,2786,13384.0,13388.75,13383.5,13385.25,388,NQ.v.0
2021-04-05 12:01:00+00:00,33,1,2786,13385.0,13388.0,13381.5,13386.5,327,NQ.v.0
2021-04-05 12:02:00+00:00,33,1,2786,13386.5,13386.75,13383.75,13384.0,74,NQ.v.0
2021-04-05 12:03:00+00:00,33,1,2786,13383.75,13386.75,13383.75,13384.75,74,NQ.v.0
2021-04-05 12:04:00+00:00,33,1,2786,13384.75,13386.75,13384.75,13386.5,79,NQ.v.0
2021-04-05 12:05:00+00:00,33,1,2786,13386.75,13388.25,13383.5,13384.0,186,NQ.v.0
2021-04-05 12:06:00+00:00,33,1,2786,13383.5,13384.0,13376.0,13377.0,451,NQ.v.0
2021-04-05 12:07:00+00:00,33,1,2786,13376.25,13381.75,13376.25,13380.5,205,NQ.v.0
2021-04-05 12:08:00+00:00,33,1,2786,13380.75,13380.75,13378.0,13379.0,76,NQ.v.0
2021-04-05 12:09:00+00:00,33,1,2786,13378.75,13381.25,13378.75,13380.25,93,NQ.v.0
2021-04-05 12:10:00+00:00,33,1,2786,13380.0,13380.5,13378.25,13379.5,49,NQ.v.0
2021-04-05 12:11:00+00:00,33,1,2786,13379.75,13380.0,13378.0,13378.0,47,NQ.v.0
2021-04-05 12:12:00+00:00,33,1,2786,13378.75,13379.75,13378.25,13378.75,47,NQ.v.0
2021-04-05 12:13:00+00:00,33,1,2786,13379.75,13381.5,13378.25,13378.75,92,NQ.v.0
2021-04-05 12:14:00+00:00,33,1,2786,13378.75,13379.25,13372.0,13373.0,391,NQ.v.0
2021-04-05 12:15:00+00:00,33,1,2786,13372.25,13374.5,13370.75,13372.25,232,NQ.v.0
2021-04-05 12:16:00+00:00,33,1,2786,13372.0,13374.75,13371.75,13373.25,184,NQ.v.0
2021-04-05 12:17:00+00:00,33,1,2786,13373.0,13373.25,13370.75,13372.0,123,NQ.v.0
2021-04-05 12:18:00+00:00,33,1,2786,13371.25,13373.75,13370.75,13373.75,61,NQ.v.0
2021-04-05 12:19:00+00:00,33,1,2786,13373.75,13374.0,13370.5,13371.0,93,NQ.v.0
2021-04-05 12:20:00+00:00,33,1,2786,13371.0,13372.25,13367.5,13368.5,215,NQ.v.0
2021-04-05 12:21:00+00:00,33,1,2786,13369.25,13373.25,13367.75,13372.75,125,NQ.v.0
2021-04-05 12:22:00+00:00,33,1,2786,13372.5,13376.75,13372.5,13376.5,177,NQ.v.0
2021-04-05 12:23:00+00:00,33,1,2786,13375.75,13377.5,13374.25,13375.5,94,NQ.v.0
2021-04-05 12:24:00+00:00,33,1,2786,13375.75,13377.75,13375.5,13377.75,88,NQ.v.0
2021-04-05 12:25:00+00:00,33,1,2786,13377.25,13378.0,13374.25,13377.0,131,NQ.v.0
2021-04-05 12:26:00+00:00,33,1,2786,13377.25,13378.75,13377.25,13378.5,101,NQ.v.0
2021-04-05 12:27:00+00:00,33,1,2786,13378.75,13381.0,13378.0,13379.25,209,NQ.v.0
2021-04-05 12:28:00+00:00,33,1,2786,13378.5,13380.5,13378.0,13379.5,144,NQ.v.0
2021-04-05 12:29:00+00:00,33,1,2786,13380.0,13380.75,13377.75,13377.75,58,NQ.v.0
2021-04-05 12:30:00+00:00,33,1,2786,13378.5,13381.75,13377.5,13381.0,136,NQ.v.0
2021-04-05 12:31:00+00:00,33,1,2786,13381.0,13383.5,13380.75,13382.75,207,NQ.v.0
2021-04-05 12:32:00+00:00,33,1,2786,13383.0,13385.0,13380.75,13380.75,167,NQ.v.0
2021-04-05 12:33:00+00:00,33,1,2786,13380.5,13383.0,13380.5,13382.75,60,NQ.v.0
2021-04-05 12:34:00+00:00,33,1,2786,13382.25,13384.5,13381.75,13382.5,63,NQ.v.0
2021-04-05 12:35:00+00:00,33,1,2786,13382.75,13384.5,13382.25,13384.5,81,NQ.v.0
2021-04-05 12:36:00+00:00,33,1,2786,13384.5,13391.0,13384.5,13389.75,591,NQ.v.0
2021-04-05 12:37:00+00:00,33,1,2786,13390.5,13396.0,13390.25,13396.0,477,NQ.v.0
2021-04-05 12:38:00+00:00,33,1,2786,13395.75,13405.5,13395.5,13402.0,981,NQ.v.0
2021-04-05 12:39:00+00:00,33,1,2786,13402.25,13413.0,13402.0,13409.0,799,NQ.v.0
2021-04-05 12:40:00+00:00,33,1,2786,13409.25,13417.75,13409.0,13413.25,656,NQ.v.0
2021-04-05 12:41:00+00:00,33,1,2786,13413.5,13415.25,13410.75,13414.0,264,NQ.v.0
2021-04-05 12:42:00+00:00,33,1,2786,13414.0,13415.25,13411.0,13414.75,173,NQ.v.0
2021-04-05 12:43:00+00:00,33,1,2786,13414.75,13420.25,13414.5,13417.75,475,NQ.v.0
2021-04-05 12:44:00+00:00,33,1,2786,13418.25,13422.75,13418.25,13421.75,447,NQ.v.0
2021-04-05 12:45:00+00:00,33,1,2786,13421.0,13425.0,13419.75,13422.0,446,NQ.v.0
2021-04-05 12:46:00+00:00,33,1,2786,13422.25,13424.5,13419.75,13420.0,209,NQ.v.0
2021-04-05 12:47:00+00:00,33,1,2786,13420.75,13427.25,13420.75,13427.0,372,NQ.v.0
2021-04-05 12:48:00+00:00,33,1,2786,13427.0,13427.5,13422.75,13424.5,245,NQ.v.0
2021-04-05 12:49:00+00:00,33,1,2786,13424.75,13425.0,13422.25,13423.0,194,NQ.v.0
2021-04-05 12:50:00+00:00,33,1,2786,13423.25,13425.5,13422.75,13425.0,177,NQ.v.0
2021-04-05 12:51:00+00:00,33,1,2786,13424.5,13430.0,13424.0,13430.0,361,NQ.v.0
2021-04-05 12:52:00+00:00,33,1,2786,13430.0,13433.25,13428.25,13428.75,515,NQ.v.0
2021-04-05 12:53:00+00:00,33,1,2786,13428.75,13429.0,13423.5,13426.25,429,NQ.v.0
2021-04-05 12:54:00+00:00,33,1,2786,13426.0,13427.75,13424.5,13425.5,159,NQ.v.0
2021-04-05 12:55:00+00:00,33,1,2786,13425.5,13427.75,13423.5,13427.75,244,NQ.v.0
2021-04-05 12:56:00+00:00,33,1,2786,13428.0,13430.0,13427.5,13428.0,188,NQ.v.0
2021-04-05 12:57:00+00:00,33,1,2786,13428.75,13429.75,13425.25,13428.0,137,NQ.v.0
2021-04-05 12:58:00+00:00,33,1,2786,13427.75,13427.75,13424.0,13424.0,98,NQ.v.0
2021-04-05 12:59:00+00:00,33,1,2786,13424.5,13426.0,13422.75,13423.5,145,NQ.v.0
2021-04-05 13:00:00+00:00,33,1,2786,13424.25,13425.0,13422.5,13422.5,156,NQ.v.0
2021-04-05 13:01:00+00:00,33,1,2786,13423.0,13426.75,13423.0,13424.5,121,NQ.v.0
2021-04-05 13:02:00+00:00,33,1,2786,13424.25,13424.25,13421.5,13421.75,179,NQ.v.0
2021-04-05 13:03:00+00:00,33,1,2786,13422.0,13424.5,13421.75,13423.0,120,NQ.v.0
2021-04-05 13:04:00+00:00,33,1,2786,13423.5,13424.5,13419.5,13420.0,282,NQ.v.0
2021-04-05 13:05:00+00:00,33,1,2786,13419.5,13420.5,13416.5,13417.5,385,NQ.v.0
2021-04-05 13:06:00+00:00,33,1,2786,13418.0,13418.5,13413.0,13416.75,333,NQ.v.0
2021-04-05 13:07:00+00:00,33,1,2786,13416.25,13419.0,13415.0,13417.0,112,NQ.v.0
2021-04-05 13:08:00+00:00,33,1,2786,13417.0,13420.5,13416.75,13420.0,189,NQ.v.0
2021-04-05 13:09:00+00:00,33,1,2786,13420.5,13422.75,13419.5,13420.75,226,NQ.v.0
2021-04-05 13:10:00+00:00,33,1,2786,13420.75,13421.25,13418.75,13421.25,91,NQ.v.0
2021-04-05 13:11:00+00:00,33,1,2786,13421.0,13422.25,13420.0,13421.75,72,NQ.v.0
2021-04-05 13:12:00+00:00,33,1,2786,13421.75,13423.5,13421.75,13422.75,124,NQ.v.0
2021-04-05 13:13:00+00:00,33,1,2786,13422.5,13424.0,13421.5,13423.25,126,NQ.v.0
2021-04-05 13:14:00+00:00,33,1,2786,13423.0,13424.0,13422.0,13423.25,93,NQ.v.0
2021-04-05 13:15:00+00:00,33,1,2786,13423.0,13424.0,13421.5,13421.75,134,NQ.v.0
2021-04-05 13:16:00+00:00,33,1,2786,13421.75,13425.75,13420.75,13424.75,307,NQ.v.0
2021-04-05 13:17:00+00:00,33,1,2786,13425.0,13425.25,13423.5,13423.75,60,NQ.v.0
2021-04-05 13:18:00+00:00,33,1,2786,13424.0,13427.75,13424.0,13427.0,179,NQ.v.0
2021-04-05 13:19:00+00:00,33,1,2786,13427.0,13429.5,13426.75,13429.0,171,NQ.v.0
2021-04-05 13:20:00+00:00,33,1,2786,13429.0,13429.25,13424.25,13424.75,227,NQ.v.0
2021-04-05 13:21:00+00:00,33,1,2786,13424.75,13426.0,13423.25,13424.0,151,NQ.v.0
2021-04-05 13:22:00+00:00,33,1,2786,13423.75,13424.75,13423.75,13424.75,62,NQ.v.0
2021-04-05 13:23:00+00:00,33,1,2786,13424.25,13425.25,13423.25,13423.75,143,NQ.v.0
2021-04-05 13:24:00+00:00,33,1,2786,13424.25,13425.25,13423.25,13424.5,115,NQ.v.0
2021-04-05 13:25:00+00:00,33,1,2786,13424.0,13425.0,13421.75,13422.0,166,NQ.v.0
2021-04-05 13:26:00+00:00,33,1,2786,13422.0,13426.5,13421.75,13423.75,251,NQ.v.0
2021-04-05 13:27:00+00:00,33,1,2786,13424.5,13426.75,13423.0,13426.5,155,NQ.v.0
2021-04-05 13:28:00+00:00,33,1,2786,13426.75,13429.75,13418.75,13422.0,653,NQ.v.0
2021-04-05 13:29:00+00:00,33,1,2786,13422.0,13425.0,13418.5,13418.75,472,NQ.v.0
2021-04-05 13:30:00+00:00,33,1,2786,13419.0,13432.0,13415.75,13429.75,3390,NQ.v.0
2021-04-05 13:31:00+00:00,33,1,2786,13430.25,13431.75,13409.25,13415.0,2873,NQ.v.0
2021-04-05 13:32:00+00:00,33,1,2786,13415.5,13428.75,13412.25,13419.75,1827,NQ.v.0
2021-04-05 13:33:00+00:00,33,1,2786,13420.0,13441.5,13419.25,13437.5,2870,NQ.v.0
2021-04-05 13:34:00+00:00,33,1,2786,13437.25,13442.5,13434.0,13436.5,1849,NQ.v.0
2021-04-05 13:35:00+00:00,33,1,2786,13436.75,13440.0,13427.25,13430.25,2240,NQ.v.0
2021-04-05 13:36:00+00:00,33,1,2786,13431.25,13433.0,13422.0,13430.75,2067,NQ.v.0
2021-04-05 13:37:00+00:00,33,1,2786,13430.75,13444.75,13426.75,13441.5,2649,NQ.v.0
2021-04-05 13:38:00+00:00,33,1,2786,13441.5,13442.75,13433.25,13435.75,1385,NQ.v.0
2021-04-05 13:39:00+00:00,33,1,2786,13435.5,13441.75,13432.5,13436.5,1293,NQ.v.0
2021-04-05 13:40:00+00:00,33,1,2786,13436.75,13442.0,13433.5,13437.75,1224,NQ.v.0
2021-04-05 13:41:00+00:00,33,1,2786,13437.75,13445.75,13430.5,13435.5,1567,NQ.v.0
2021-04-05 13:42:00+00:00,33,1,2786,13435.0,13444.25,13434.5,13442.25,923,NQ.v.0
2021-04-05 13:43:00+00:00,33,1,2786,13442.5,13445.25,13432.5,13433.25,1213,NQ.v.0
2021-04-05 13:44:00+00:00,33,1,2786,13432.5,13439.75,13430.25,13438.75,765,NQ.v.0
2021-04-05 13:45:00+00:00,33,1,2786,13439.25,13456.25,13439.25,13456.25,2691,NQ.v.0
2021-04-05 13:46:00+00:00,33,1,2786,13456.0,13465.0,13455.5,13461.0,2025,NQ.v.0
2021-04-05 13:47:00+00:00,33,1,2786,13460.75,13466.25,13460.5,13465.5,1093,NQ.v.0
2021-04-05 13:48:00+00:00,33,1,2786,13465.5,13475.25,13465.0,13471.0,2188,NQ.v.0
2021-04-05 13:49:00+00:00,33,1,2786,13471.0,13478.25,13471.0,13477.0,1329,NQ.v.0
2021-04-05 13:50:00+00:00,33,1,2786,13477.0,13485.5,13474.0,13476.75,2915,NQ.v.0
2021-04-05 13:51:00+00:00,33,1,2786,13476.25,13480.5,13473.75,13477.0,1323,NQ.v.0
2021-04-05 13:52:00+00:00,33,1,2786,13477.25,13481.5,13474.5,13480.0,1028,NQ.v.0
2021-04-05 13:53:00+00:00,33,1,2786,13480.25,13485.25,13480.0,13482.5,1101,NQ.v.0
2021-04-05 13:54:00+00:00,33,1,2786,13482.0,13482.0,13472.75,13475.5,1097,NQ.v.0
2021-04-05 13:55:00+00:00,33,1,2786,13475.25,13482.0,13475.0,13477.5,1346,NQ.v.0
2021-04-05 13:56:00+00:00,33,1,2786,13478.0,13479.5,13473.75,13475.5,716,NQ.v.0
2021-04-05 13:57:00+00:00,33,1,2786,13475.75,13480.75,13470.25,13477.25,1216,NQ.v.0
2021-04-05 13:58:00+00:00,33,1,2786,13477.25,13478.0,13473.5,13477.0,499,NQ.v.0
2021-04-05 13:59:00+00:00,33,1,2786,13476.5,13477.75,13472.0,13475.75,891,NQ.v.0
2021-04-05 14:00:00+00:00,33,1,2786,13476.0,13479.5,13457.0,13463.75,2574,NQ.v.0
2021-04-05 14:01:00+00:00,33,1,2786,13463.75,13481.25,13463.75,13476.5,1589,NQ.v.0
2021-04-05 14:02:00+00:00,33,1,2786,13476.5,13484.0,13476.5,13479.25,1178,NQ.v.0
2021-04-05 14:03:00+00:00,33,1,2786,13480.0,13483.0,13477.0,13479.5,662,NQ.v.0
2021-04-05 14:04:00+00:00,33,1,2786,13479.25,13484.75,13476.75,13482.25,713,NQ.v.0
2021-04-05 14:05:00+00:00,33,1,2786,13482.25,13483.5,13475.0,13477.75,917,NQ.v.0
2021-04-05 14:06:00+00:00,33,1,2786,13477.25,13481.5,13472.5,13481.5,1317,NQ.v.0
2021-04-05 14:07:00+00:00,33,1,2786,13481.25,13483.75,13477.25,13479.25,962,NQ.v.0
2021-04-05 14:08:00+00:00,33,1,2786,13479.25,13482.5,13474.25,13482.25,946,NQ.v.0
2021-04-05 14:09:00+00:00,33,1,2786,13482.0,13495.0,13482.0,13489.75,2400,NQ.v.0
2021-04-05 14:10:00+00:00,33,1,2786,13490.0,13497.75,13490.0,13491.75,1340,NQ.v.0
2021-04-05 14:11:00+00:00,33,1,2786,13492.25,13494.5,13491.0,13492.25,671,NQ.v.0
2021-04-05 14:12:00+00:00,33,1,2786,13492.0,13492.0,13486.0,13489.75,1056,NQ.v.0
2021-04-05 14:13:00+00:00,33,1,2786,13489.75,13491.25,13486.0,13489.25,562,NQ.v.0
2021-04-05 14:14:00+00:00,33,1,2786,13489.75,13490.0,13485.25,13488.5,628,NQ.v.0
2021-04-05 14:15:00+00:00,33,1,2786,13488.75,13504.0,13488.75,13498.25,3258,NQ.v.0
2021-04-05 14:16:00+00:00,33,1,2786,13498.75,13503.0,13493.75,13501.0,909,NQ.v.0
2021-04-05 14:17:00+00:00,33,1,2786,13501.5,13502.75,13495.5,13500.5,800,NQ.v.0
2021-04-05 14:18:00+00:00,33,1,2786,13500.5,13503.25,13500.0,13502.0,691,NQ.v.0
2021-04-05 14:19:00+00:00,33,1,2786,13502.0,13505.25,13497.75,13503.25,1026,NQ.v.0
2021-04-05 14:20:00+00:00,33,1,2786,13503.75,13511.75,13502.0,13510.5,1591,NQ.v.0
2021-04-05 14:21:00+00:00,33,1,2786,13510.25,13514.5,13506.25,13513.75,1214,NQ.v.0
2021-04-05 14:22:00+00:00,33,1,2786,13513.75,13517.5,13511.0,13516.5,1423,NQ.v.0
2021-04-05 14:23:00+00:00,33,1,2786,13516.75,13516.75,13505.75,13506.5,1358,NQ.v.0
2021-04-05 14:24:00+00:00,33,1,2786,13506.75,13511.25,13505.75,13510.0,631,NQ.v.0
2021-04-05 14:25:00+00:00,33,1,2786,13510.75,13515.0,13508.0,13509.75,766,NQ.v.0
2021-04-05 14:26:00+00:00,33,1,2786,13509.5,13511.5,13507.25,13510.0,466,NQ.v.0
2021-04-05 14:27:00+00:00,33,1,2786,13510.5,13512.75,13507.25,13508.0,458,NQ.v.0
2021-04-05 14:28:00+00:00,33,1,2786,13508.5,13517.0,13506.5,13515.0,978,NQ.v.0
2021-04-05 14:29:00+00:00,33,1,2786,13514.75,13514.75,13510.25,13514.25,555,NQ.v.0
2021-04-05 14:30:00+00:00,33,1,2786,13513.75,13517.25,13511.25,13517.25,647,NQ.v.0
2021-04-05 14:31:00+00:00,33,1,2786,13517.0,13525.75,13517.0,13522.75,1950,NQ.v.0
2021-04-05 14:32:00+00:00,33,1,2786,13522.5,13525.0,13520.0,13524.0,736,NQ.v.0
2021-04-05 14:33:00+00:00,33,1,2786,13524.5,13525.5,13521.0,13522.75,490,NQ.v.0
2021-04-05 14:34:00+00:00,33,1,2786,13522.25,13523.75,13521.0,13523.75,309,NQ.v.0
2021-04-05 14:35:00+00:00,33,1,2786,13523.5,13527.75,13520.0,13520.25,764,NQ.v.0
2021-04-05 14:36:00+00:00,33,1,2786,13520.25,13521.75,13518.25,13519.5,636,NQ.v.0
2021-04-05 14:37:00+00:00,33,1,2786,13519.75,13524.0,13518.5,13523.75,475,NQ.v.0
2021-04-05 14:38:00+00:00,33,1,2786,13523.0,13524.75,13522.25,13524.75,355,NQ.v.0
2021-04-05 14:39:00+00:00,33,1,2786,13524.75,13532.0,13524.5,13529.5,1144,NQ.v.0
2021-04-05 14:40:00+00:00,33,1,2786,13530.25,13536.5,13526.25,13529.25,1468,NQ.v.0
2021-04-05 14:41:00+00:00,33,1,2786,13529.25,13533.75,13528.25,13533.25,560,NQ.v.0
2021-04-05 14:42:00+00:00,33,1,2786,13533.0,13534.0,13524.25,13527.0,1072,NQ.v.0
2021-04-05 14:43:00+00:00,33,1,2786,13526.25,13534.75,13524.0,13534.5,809,NQ.v.0
2021-04-05 14:44:00+00:00,33,1,2786,13534.5,13535.5,13531.75,13534.75,499,NQ.v.0
2021-04-05 14:45:00+00:00,33,1,2786,13535.0,13538.25,13534.0,13535.75,748,NQ.v.0
2021-04-05 14:46:00+00:00,33,1,2786,13535.25,13535.5,13530.5,13534.0,470,NQ.v.0
2021-04-05 14:47:00+00:00,33,1,2786,13533.5,13534.75,13528.0,13528.5,616,NQ.v.0
2021-04-05 14:48:00+00:00,33,1,2786,13528.25,13531.25,13526.75,13530.5,446,NQ.v.0
2021-04-05 14:49:00+00:00,33,1,2786,13531.0,13534.25,13530.5,13534.25,401,NQ.v.0
2021-04-05 14:50:00+00:00,33,1,2786,13534.0,13534.5,13528.75,13528.75,467,NQ.v.0
2021-04-05 14:51:00+00:00,33,1,2786,13529.5,13530.75,13522.5,13524.25,939,NQ.v.0
2021-04-05 14:52:00+00:00,33,1,2786,13524.75,13528.75,13522.25,13523.5,843,NQ.v.0
2021-04-05 14:53:00+00:00,33,1,2786,13523.5,13528.0,13523.25,13525.0,569,NQ.v.0
2021-04-05 14:54:00+00:00,33,1,2786,13525.0,13526.25,13519.5,13520.25,646,NQ.v.0
2021-04-05 14:55:00+00:00,33,1,2786,13520.5,13521.25,13517.75,13519.25,990,NQ.v.0
2021-04-05 14:56:00+00:00,33,1,2786,13519.5,13526.0,13518.75,13525.75,705,NQ.v.0
2021-04-05 14:57:00+00:00,33,1,2786,13526.0,13528.5,13520.75,13521.0,673,NQ.v.0
2021-04-05 14:58:00+00:00,33,1,2786,13521.25,13523.25,13511.75,13512.75,982,NQ.v.0
2021-04-05 14:59:00+00:00,33,1,2786,13512.75,13516.75,13511.25,13515.5,989,NQ.v.0
2021-04-05 15:00:00+00:00,33,1,2786,13515.75,13520.25,13509.0,13511.25,999,NQ.v.0
2021-04-05 15:01:00+00:00,33,1,2786,13511.75,13511.75,13506.75,13509.75,863,NQ.v.0
2021-04-05 15:02:00+00:00,33,1,2786,13510.0,13514.75,13509.0,13511.75,715,NQ.v.0
2021-04-05 15:03:00+00:00,33,1,2786,13512.0,13517.25,13509.0,13515.5,528,NQ.v.0
2021-04-05 15:04:00+00:00,33,1,2786,13516.0,13521.5,13514.0,13520.5,903,NQ.v.0
2021-04-05 15:05:00+00:00,33,1,2786,13520.75,13523.0,13515.5,13517.0,745,NQ.v.0
2021-04-05 15:06:00+00:00,33,1,2786,13516.75,13523.0,13515.0,13522.0,610,NQ.v.0
2021-04-05 15:07:00+00:00,33,1,2786,13522.75,13524.75,13515.5,13518.25,613,NQ.v.0
2021-04-05 15:08:00+00:00,33,1,2786,13518.0,13520.0,13511.0,13516.0,821,NQ.v.0
2021-04-05 15:09:00+00:00,33,1,2786,13516.75,13519.0,13515.0,13516.75,404,NQ.v.0
2021-04-05 15:10:00+00:00,33,1,2786,13517.5,13527.25,13517.0,13526.5,1020,NQ.v.0
2021-04-05 15:11:00+00:00,33,1,2786,13526.25,13528.25,13518.75,13519.5,677,NQ.v.0
2021-04-05 15:12:00+00:00,33,1,2786,13519.25,13522.0,13516.0,13521.5,558,NQ.v.0
2021-04-05 15:13:00+00:00,33,1,2786,13521.75,13524.75,13520.25,13522.25,435,NQ.v.0
2021-04-05 15:14:00+00:00,33,1,2786,13522.25,13527.25,13518.75,13524.0,667,NQ.v.0
2021-04-05 15:15:00+00:00,33,1,2786,13524.25,13529.5,13521.0,13522.0,862,NQ.v.0
2021-04-05 15:16:00+00:00,33,1,2786,13522.75,13528.75,13521.25,13526.0,454,NQ.v.0
2021-04-05 15:17:00+00:00,33,1,2786,13526.25,13533.0,13525.25,13532.0,805,NQ.v.0
2021-04-05 15:18:00+00:00,33,1,2786,13531.75,13535.0,13525.5,13527.75,752,NQ.v.0
2021-04-05 15:19:00+00:00,33,1,2786,13528.0,13530.75,13525.0,13528.25,426,NQ.v.0
2021-04-05 15:20:00+00:00,33,1,2786,13528.25,13530.75,13526.25,13528.0,343,NQ.v.0
2021-04-05 15:21:00+00:00,33,1,2786,13528.0,13530.0,13523.0,13529.0,530,NQ.v.0
2021-04-05 15:22:00+00:00,33,1,2786,13529.25,13529.5,13522.75,13524.0,352,NQ.v.0
2021-04-05 15:23:00+00:00,33,1,2786,13524.0,13528.5,13524.0,13526.25,273,NQ.v.0
2021-04-05 15:24:00+00:00,33,1,2786,13527.0,13530.0,13524.25,13524.75,299,NQ.v.0
2021-04-05 15:25:00+00:00,33,1,2786,13524.5,13528.0,13524.0,13526.25,280,NQ.v.0
2021-04-05 15:26:00+00:00,33,1,2786,13526.0,13530.5,13523.0,13528.75,383,NQ.v.0
2021-04-05 15:27:00+00:00,33,1,2786,13529.25,13532.0,13527.75,13530.75,306,NQ.v.0
2021-04-05 15:28:00+00:00,33,1,2786,13530.75,13531.25,13525.75,13526.75,252,NQ.v.0
2021-04-05 15:29:00+00:00,33,1,2786,13527.0,13528.25,13525.25,13525.5,189,NQ.v.0
2021-04-05 15:30:00+00:00,33,1,2786,13525.5,13526.0,13520.25,13525.75,563,NQ.v.0
2021-04-05 15:31:00+00:00,33,1,2786,13525.75,13533.5,13524.75,13532.5,599,NQ.v.0
2021-04-05 15:32:00+00:00,33,1,2786,13533.0,13546.75,13533.0,13543.0,1972,NQ.v.0
2021-04-05 15:33:00+00:00,33,1,2786,13543.5,13544.0,13540.0,13540.5,807,NQ.v.0
2021-04-05 15:34:00+00:00,33,1,2786,13540.25,13546.0,13538.75,13544.5,512,NQ.v.0
2021-04-05 15:35:00+00:00,33,1,2786,13544.25,13548.25,13542.5,13546.0,840,NQ.v.0
2021-04-05 15:36:00+00:00,33,1,2786,13546.25,13556.25,13545.0,13555.5,1784,NQ.v.0
2021-04-05 15:37:00+00:00,33,1,2786,13555.75,13557.75,13553.0,13555.25,1380,NQ.v.0
2021-04-05 15:38:00+00:00,33,1,2786,13555.0,13557.25,13552.25,13555.75,869,NQ.v.0
2021-04-05 15:39:00+00:00,33,1,2786,13555.5,13557.75,13553.25,13553.5,716,NQ.v.0
2021-04-05 15:40:00+00:00,33,1,2786,13553.75,13557.5,13553.25,13555.0,682,NQ.v.0
2021-04-05 15:41:00+00:00,33,1,2786,13555.0,13556.75,13552.5,13554.0,425,NQ.v.0
2021-04-05 15:42:00+00:00,33,1,2786,13554.0,13555.0,13549.75,13549.75,597,NQ.v.0
2021-04-05 15:43:00+00:00,33,1,2786,13549.75,13551.0,13547.0,13549.25,812,NQ.v.0
2021-04-05 15:44:00+00:00,33,1,2786,13549.5,13550.0,13545.0,13546.25,532,NQ.v.0
2021-04-05 15:45:00+00:00,33,1,2786,13546.5,13548.75,13543.75,13545.0,541,NQ.v.0
2021-04-05 15:46:00+00:00,33,1,2786,13545.25,13545.25,13541.0,13543.25,645,NQ.v.0
2021-04-05 15:47:00+00:00,33,1,2786,13543.5,13546.0,13539.5,13545.75,642,NQ.v.0
2021-04-05 15:48:00+00:00,33,1,2786,13545.75,13549.0,13545.75,13547.5,481,NQ.v.0
2021-04-05 15:49:00+00:00,33,1,2786,13547.5,13548.5,13542.5,13543.5,330,NQ.v.0
2021-04-05 15:50:00+00:00,33,1,2786,13543.5,13545.0,13540.75,13541.75,383,NQ.v.0
2021-04-05 15:51:00+00:00,33,1,2786,13542.0,13543.0,13538.25,13540.25,481,NQ.v.0
2021-04-05 15:52:00+00:00,33,1,2786,13540.25,13543.0,13539.0,13543.0,343,NQ.v.0
2021-04-05 15:53:00+00:00,33,1,2786,13543.0,13546.25,13542.25,13546.0,369,NQ.v.0
2021-04-05 15:54:00+00:00,33,1,2786,13546.5,13546.5,13542.75,13544.5,328,NQ.v.0
2021-04-05 15:55:00+00:00,33,1,2786,13544.5,13546.75,13541.5,13541.75,376,NQ.v.0
2021-04-05 15:56:00+00:00,33,1,2786,13542.25,13546.25,13542.0,13546.25,160,NQ.v.0
2021-04-05 15:57:00+00:00,33,1,2786,13546.0,13550.5,13545.5,13546.5,657,NQ.v.0
2021-04-05 15:58:00+00:00,33,1,2786,13546.25,13548.25,13536.75,13539.0,1014,NQ.v.0
2021-04-05 15:59:00+00:00,33,1,2786,13539.0,13541.75,13539.0,13541.0,363,NQ.v.0
2021-04-05 16:00:00+00:00,33,1,2786,13540.75,13550.0,13540.5,13549.0,596,NQ.v.0
2021-04-05 16:01:00+00:00,33,1,2786,13549.0,13550.75,13547.5,13549.0,468,NQ.v.0
2021-04-05 16:02:00+00:00,33,1,2786,13549.0,13549.5,13547.0,13547.5,238,NQ.v.0
2021-04-05 16:03:00+00:00,33,1,2786,13547.75,13549.25,13545.0,13546.0,228,NQ.v.0
2021-04-05 16:04:00+00:00,33,1,2786,13546.0,13549.5,13544.0,13548.5,271,NQ.v.0
2021-04-05 16:05:00+00:00,33,1,2786,13548.75,13549.5,13546.25,13547.0,230,NQ.v.0
2021-04-05 16:06:00+00:00,33,1,2786,13547.75,13547.75,13543.25,13546.25,347,NQ.v.0
2021-04-05 16:07:00+00:00,33,1,2786,13546.25,13552.0,13546.0,13551.5,435,NQ.v.0
2021-04-05 16:08:00+00:00,33,1,2786,13551.75,13552.0,13544.5,13545.0,360,NQ.v.0
2021-04-05 16:09:00+00:00,33,1,2786,13545.25,13548.0,13543.75,13547.5,315,NQ.v.0
2021-04-05 16:10:00+00:00,33,1,2786,13547.5,13550.5,13547.0,13548.0,334,NQ.v.0
2021-04-05 16:11:00+00:00,33,1,2786,13548.5,13549.0,13546.0,13548.75,187,NQ.v.0
2021-04-05 16:12:00+00:00,33,1,2786,13549.0,13550.25,13548.25,13548.5,208,NQ.v.0
2021-04-05 16:13:00+00:00,33,1,2786,13549.0,13550.0,13547.75,13548.25,192,NQ.v.0
2021-04-05 16:14:00+00:00,33,1,2786,13548.75,13552.75,13547.75,13551.0,380,NQ.v.0
2021-04-05 16:15:00+00:00,33,1,2786,13551.5,13552.5,13547.0,13548.25,250,NQ.v.0
2021-04-05 16:16:00+00:00,33,1,2786,13549.0,13550.75,13546.75,13550.75,231,NQ.v.0
2021-04-05 16:17:00+00:00,33,1,2786,13550.75,13554.0,13550.25,13553.75,274,NQ.v.0
2021-04-05 16:18:00+00:00,33,1,2786,13554.0,13555.0,13552.25,13554.75,323,NQ.v.0
2021-04-05 16:19:00+00:00,33,1,2786,13554.75,13564.0,13553.75,13560.0,1497,NQ.v.0
2021-04-05 16:20:00+00:00,33,1,2786,13560.0,13572.0,13559.5,13568.0,1679,NQ.v.0
2021-04-05 16:21:00+00:00,33,1,2786,13568.5,13569.5,13565.0,13565.75,452,NQ.v.0
2021-04-05 16:22:00+00:00,33,1,2786,13565.5,13565.75,13562.75,13564.5,532,NQ.v.0
2021-04-05 16:23:00+00:00,33,1,2786,13565.0,13566.25,13562.75,13566.0,323,NQ.v.0
2021-04-05 16:24:00+00:00,33,1,2786,13566.0,13566.5,13564.0,13566.0,350,NQ.v.0
2021-04-05 16:25:00+00:00,33,1,2786,13566.25,13570.75,13566.0,13568.0,541,NQ.v.0
2021-04-05 16:26:00+00:00,33,1,2786,13568.0,13569.5,13566.0,13569.0,372,NQ.v.0
2021-04-05 16:27:00+00:00,33,1,2786,13569.0,13571.5,13566.25,13566.75,567,NQ.v.0
2021-04-05 16:28:00+00:00,33,1,2786,13566.75,13567.0,13563.75,13565.75,417,NQ.v.0
2021-04-05 16:29:00+00:00,33,1,2786,13566.25,13567.25,13564.5,13565.5,259,NQ.v.0
2021-04-05 16:30:00+00:00,33,1,2786,13566.0,13573.75,13566.0,13571.25,742,NQ.v.0
2021-04-05 16:31:00+00:00,33,1,2786,13571.75,13573.25,13569.0,13569.75,536,NQ.v.0
2021-04-05 16:32:00+00:00,33,1,2786,13569.5,13571.25,13568.75,13571.0,296,NQ.v.0
2021-04-05 16:33:00+00:00,33,1,2786,13570.75,13573.5,13569.25,13573.25,559,NQ.v.0
2021-04-05 16:34:00+00:00,33,1,2786,13573.5,13576.0,13572.5,13575.25,609,NQ.v.0
2021-04-05 16:35:00+00:00,33,1,2786,13575.25,13576.5,13572.75,13573.75,573,NQ.v.0
2021-04-05 16:36:00+00:00,33,1,2786,13573.75,13579.5,13572.5,13578.5,594,NQ.v.0
2021-04-05 16:37:00+00:00,33,1,2786,13578.75,13580.0,13574.25,13575.75,658,NQ.v.0
2021-04-05 16:38:00+00:00,33,1,2786,13576.0,13576.75,13572.25,13573.75,353,NQ.v.0
2021-04-05 16:39:00+00:00,33,1,2786,13573.5,13575.0,13571.75,13572.75,437,NQ.v.0
2021-04-05 16:40:00+00:00,33,1,2786,13572.25,13577.0,13572.25,13576.0,371,NQ.v.0
2021-04-05 16:41:00+00:00,33,1,2786,13576.75,13576.75,13572.5,13573.0,287,NQ.v.0
2021-04-05 16:42:00+00:00,33,1,2786,13572.5,13574.75,13572.0,13572.5,218,NQ.v.0
2021-04-05 16:43:00+00:00,33,1,2786,13572.75,13574.25,13570.0,13570.25,542,NQ.v.0
2021-04-05 16:44:00+00:00,33,1,2786,13570.25,13574.25,13570.0,13573.25,366,NQ.v.0
2021-04-05 16:45:00+00:00,33,1,2786,13573.5,13575.0,13570.75,13572.5,299,NQ.v.0
2021-04-05 16:46:00+00:00,33,1,2786,13572.75,13576.25,13572.0,13575.5,554,NQ.v.0
2021-04-05 16:47:00+00:00,33,1,2786,13575.25,13577.75,13575.0,13576.5,427,NQ.v.0
2021-04-05 16:48:00+00:00,33,1,2786,13576.0,13577.5,13575.0,13575.75,323,NQ.v.0
2021-04-05 16:49:00+00:00,33,1,2786,13576.25,13576.5,13573.25,13573.75,303,NQ.v.0
2021-04-05 16:50:00+00:00,33,1,2786,13574.5,13574.5,13572.5,13574.25,217,NQ.v.0
2021-04-05 16:51:00+00:00,33,1,2786,13574.5,13576.75,13572.75,13573.25,229,NQ.v.0
2021-04-05 16:52:00+00:00,33,1,2786,13573.5,13574.0,13571.0,13572.5,313,NQ.v.0
2021-04-05 16:53:00+00:00,33,1,2786,13573.0,13573.25,13566.75,13566.75,677,NQ.v.0
2021-04-05 16:54:00+00:00,33,1,2786,13567.25,13567.25,13564.0,13564.0,728,NQ.v.0
2021-04-05 16:55:00+00:00,33,1,2786,13564.5,13566.75,13562.5,13563.25,492,NQ.v.0
2021-04-05 16:56:00+00:00,33,1,2786,13563.25,13563.5,13559.25,13563.25,606,NQ.v.0
2021-04-05 16:57:00+00:00,33,1,2786,13563.25,13566.5,13563.25,13564.75,345,NQ.v.0
2021-04-05 16:58:00+00:00,33,1,2786,13565.25,13569.75,13565.25,13568.75,435,NQ.v.0
2021-04-05 16:59:00+00:00,33,1,2786,13569.0,13571.0,13567.25,13569.0,315,NQ.v.0
2021-04-05 17:00:00+00:00,33,1,2786,13570.0,13571.25,13567.0,13569.5,275,NQ.v.0
2021-04-05 17:01:00+00:00,33,1,2786,13569.75,13573.75,13569.5,13572.0,350,NQ.v.0
2021-04-05 17:02:00+00:00,33,1,2786,13572.25,13574.5,13571.25,13571.75,327,NQ.v.0
2021-04-05 17:03:00+00:00,33,1,2786,13572.5,13574.5,13570.5,13574.25,254,NQ.v.0
2021-04-05 17:04:00+00:00,33,1,2786,13574.25,13575.5,13572.0,13573.25,242,NQ.v.0
2021-04-05 17:05:00+00:00,33,1,2786,13573.5,13575.5,13570.75,13571.25,248,NQ.v.0
2021-04-05 17:06:00+00:00,33,1,2786,13572.0,13575.25,13572.0,13573.25,181,NQ.v.0
2021-04-05 17:07:00+00:00,33,1,2786,13574.0,13576.0,13572.0,13575.5,196,NQ.v.0
2021-04-05 17:08:00+00:00,33,1,2786,13576.0,13579.0,13574.0,13576.25,453,NQ.v.0
2021-04-05 17:09:00+00:00,33,1,2786,13576.5,13577.5,13574.0,13574.5,242,NQ.v.0
2021-04-05 17:10:00+00:00,33,1,2786,13574.75,13576.0,13574.0,13574.75,186,NQ.v.0
2021-04-05 17:11:00+00:00,33,1,2786,13575.0,13575.75,13572.75,13574.75,293,NQ.v.0
2021-04-05 17:12:00+00:00,33,1,2786,13575.0,13576.75,13572.5,13574.5,223,NQ.v.0
2021-04-05 17:13:00+00:00,33,1,2786,13575.5,13577.25,13574.5,13574.5,177,NQ.v.0
2021-04-05 17:14:00+00:00,33,1,2786,13574.75,13575.5,13574.0,13574.75,127,NQ.v.0
2021-04-05 17:15:00+00:00,33,1,2786,13575.25,13577.5,13568.0,13571.75,842,NQ.v.0
2021-04-05 17:16:00+00:00,33,1,2786,13572.0,13574.5,13570.75,13572.0,223,NQ.v.0
2021-04-05 17:17:00+00:00,33,1,2786,13572.0,13576.75,13572.0,13576.75,283,NQ.v.0
2021-04-05 17:18:00+00:00,33,1,2786,13576.75,13585.0,13575.5,13584.25,1015,NQ.v.0
2021-04-05 17:19:00+00:00,33,1,2786,13584.5,13588.0,13584.0,13586.5,750,NQ.v.0
2021-04-05 17:20:00+00:00,33,1,2786,13586.25,13587.5,13584.5,13585.75,510,NQ.v.0
2021-04-05 17:21:00+00:00,33,1,2786,13585.25,13586.5,13583.5,13584.0,417,NQ.v.0
2021-04-05 17:22:00+00:00,33,1,2786,13584.75,13585.75,13582.25,13583.5,222,NQ.v.0
2021-04-05 17:23:00+00:00,33,1,2786,13583.75,13583.75,13580.75,13581.75,328,NQ.v.0
2021-04-05 17:24:00+00:00,33,1,2786,13582.25,13582.25,13577.5,13579.0,418,NQ.v.0
2021-04-05 17:25:00+00:00,33,1,2786,13579.0,13582.75,13577.5,13581.0,357,NQ.v.0
2021-04-05 17:26:00+00:00,33,1,2786,13581.5,13585.0,13581.0,13583.5,365,NQ.v.0
2021-04-05 17:27:00+00:00,33,1,2786,13583.25,13584.0,13580.75,13582.25,192,NQ.v.0
2021-04-05 17:28:00+00:00,33,1,2786,13581.5,13584.25,13577.75,13578.5,268,NQ.v.0
2021-04-05 17:29:00+00:00,33,1,2786,13578.5,13581.75,13577.0,13581.0,249,NQ.v.0
2021-04-05 17:30:00+00:00,33,1,2786,13581.0,13584.5,13579.0,13583.25,428,NQ.v.0
2021-04-05 17:31:00+00:00,33,1,2786,13583.75,13586.25,13581.5,13582.25,447,NQ.v.0
2021-04-05 17:32:00+00:00,33,1,2786,13582.0,13583.0,13580.0,13582.75,299,NQ.v.0
2021-04-05 17:33:00+00:00,33,1,2786,13582.5,13582.5,13579.5,13581.0,198,NQ.v.0
2021-04-05 17:34:00+00:00,33,1,2786,13580.75,13581.25,13579.0,13581.25,200,NQ.v.0
2021-04-05 17:35:00+00:00,33,1,2786,13581.25,13582.5,13580.25,13581.0,262,NQ.v.0
2021-04-05 17:36:00+00:00,33,1,2786,13580.75,13581.25,13579.5,13579.5,177,NQ.v.0
2021-04-05 17:37:00+00:00,33,1,2786,13579.5,13585.0,13579.5,13584.25,252,NQ.v.0
2021-04-05 17:38:00+00:00,33,1,2786,13584.25,13584.75,13582.0,13582.25,227,NQ.v.0
2021-04-05 17:39:00+00:00,33,1,2786,13582.0,13583.25,13575.5,13575.75,730,NQ.v.0
2021-04-05 17:40:00+00:00,33,1,2786,13575.5,13576.75,13572.25,13574.25,519,NQ.v.0
2021-04-05 17:41:00+00:00,33,1,2786,13574.5,13576.25,13572.75,13575.75,270,NQ.v.0
2021-04-05 17:42:00+00:00,33,1,2786,13576.0,13584.0,13576.0,13583.0,725,NQ.v.0
2021-04-05 17:43:00+00:00,33,1,2786,13583.25,13584.5,13579.75,13582.75,420,NQ.v.0
2021-04-05 17:44:00+00:00,33,1,2786,13583.25,13583.75,13579.25,13579.75,237,NQ.v.0
2021-04-05 17:45:00+00:00,33,1,2786,13579.5,13582.0,13575.0,13581.25,455,NQ.v.0
2021-04-05 17:46:00+00:00,33,1,2786,13580.5,13583.5,13580.25,13583.0,198,NQ.v.0
2021-04-05 17:47:00+00:00,33,1,2786,13582.25,13584.25,13581.0,13583.25,225,NQ.v.0
2021-04-05 17:48:00+00:00,33,1,2786,13583.5,13584.0,13580.5,13581.25,207,NQ.v.0
2021-04-05 17:49:00+00:00,33,1,2786,13582.0,13583.75,13581.0,13583.0,93,NQ.v.0
2021-04-05 17:50:00+00:00,33,1,2786,13583.0,13584.0,13581.25,13583.0,246,NQ.v.0
2021-04-05 17:51:00+00:00,33,1,2786,13583.0,13590.0,13581.5,13588.75,805,NQ.v.0
2021-04-05 17:52:00+00:00,33,1,2786,13589.25,13589.25,13586.25,13588.5,291,NQ.v.0
2021-04-05 17:53:00+00:00,33,1,2786,13588.5,13593.0,13588.5,13593.0,556,NQ.v.0
2021-04-05 17:54:00+00:00,33,1,2786,13593.0,13593.5,13590.0,13593.5,379,NQ.v.0
2021-04-05 17:55:00+00:00,33,1,2786,13593.25,13597.0,13593.25,13595.0,1039,NQ.v.0
2021-04-05 17:56:00+00:00,33,1,2786,13595.0,13600.0,13595.0,13598.75,1130,NQ.v.0
2021-04-05 17:57:00+00:00,33,1,2786,13598.25,13599.25,13597.0,13599.0,701,NQ.v.0
2021-04-05 17:58:00+00:00,33,1,2786,13598.75,13599.75,13597.75,13598.25,436,NQ.v.0
2021-04-05 17:59:00+00:00,33,1,2786,13598.0,13599.5,13596.75,13598.75,531,NQ.v.0
2021-04-05 18:00:00+00:00,33,1,2786,13598.75,13608.5,13598.75,13604.25,1969,NQ.v.0
2021-04-05 18:01:00+00:00,33,1,2786,13604.5,13604.75,13597.75,13599.75,1202,NQ.v.0
2021-04-05 18:02:00+00:00,33,1,2786,13599.75,13604.5,13599.5,13603.5,431,NQ.v.0
2021-04-05 18:03:00+00:00,33,1,2786,13603.5,13604.25,13599.5,13602.25,329,NQ.v.0
2021-04-05 18:04:00+00:00,33,1,2786,13602.25,13602.25,13600.0,13601.25,239,NQ.v.0
2021-04-05 18:05:00+00:00,33,1,2786,13600.5,13603.5,13599.75,13602.75,314,NQ.v.0
2021-04-05 18:06:00+00:00,33,1,2786,13602.75,13604.0,13602.25,13603.25,174,NQ.v.0
2021-04-05 18:07:00+00:00,33,1,2786,13603.25,13605.0,13602.25,13604.25,176,NQ.v.0
2021-04-05 18:08:00+00:00,33,1,2786,13605.0,13606.0,13603.25,13604.0,272,NQ.v.0
2021-04-05 18:09:00+00:00,33,1,2786,13603.75,13607.0,13603.5,13605.25,300,NQ.v.0
2021-04-05 18:10:00+00:00,33,1,2786,13605.5,13606.0,13601.75,13602.0,351,NQ.v.0
2021-04-05 18:11:00+00:00,33,1,2786,13602.0,13603.75,13601.0,13601.25,345,NQ.v.0
2021-04-05 18:12:00+00:00,33,1,2786,13601.5,13604.75,13601.0,13604.25,494,NQ.v.0
2021-04-05 18:13:00+00:00,33,1,2786,13604.25,13606.5,13603.0,13603.25,283,NQ.v.0
2021-04-05 18:14:00+00:00,33,1,2786,13603.25,13604.0,13602.75,13603.0,97,NQ.v.0
2021-04-05 18:15:00+00:00,33,1,2786,13603.5,13604.0,13602.25,13602.5,204,NQ.v.0
2021-04-05 18:16:00+00:00,33,1,2786,13602.0,13602.25,13600.25,13601.25,356,NQ.v.0
2021-04-05 18:17:00+00:00,33,1,2786,13601.5,13601.75,13600.25,13601.5,190,NQ.v.0
2021-04-05 18:18:00+00:00,33,1,2786,13601.75,13604.5,13601.0,13602.75,229,NQ.v.0
2021-04-05 18:19:00+00:00,33,1,2786,13602.5,13602.75,13598.0,13599.25,322,NQ.v.0
2021-04-05 18:20:00+00:00,33,1,2786,13599.5,13601.0,13595.0,13595.75,513,NQ.v.0
2021-04-05 18:21:00+00:00,33,1,2786,13595.75,13599.5,13594.0,13599.0,337,NQ.v.0
2021-04-05 18:22:00+00:00,33,1,2786,13599.0,13600.0,13597.5,13600.0,192,NQ.v.0
2021-04-05 18:23:00+00:00,33,1,2786,13599.0,13601.25,13598.5,13598.75,229,NQ.v.0
2021-04-05 18:24:00+00:00,33,1,2786,13598.5,13598.5,13595.25,13597.0,241,NQ.v.0
2021-04-05 18:25:00+00:00,33,1,2786,13596.75,13598.25,13595.0,13596.25,229,NQ.v.0
2021-04-05 18:26:00+00:00,33,1,2786,13596.5,13596.75,13594.0,13596.0,242,NQ.v.0
2021-04-05 18:27:00+00:00,33,1,2786,13596.0,13596.5,13592.25,13594.5,493,NQ.v.0
2021-04-05 18:28:00+00:00,33,1,2786,13594.25,13597.75,13593.0,13596.5,340,NQ.v.0
2021-04-05 18:29:00+00:00,33,1,2786,13596.5,13598.75,13595.0,13596.0,287,NQ.v.0
2021-04-05 18:30:00+00:00,33,1,2786,13595.75,13599.5,13595.0,13598.5,372,NQ.v.0
2021-04-05 18:31:00+00:00,33,1,2786,13598.25,13600.5,13597.0,13599.5,360,NQ.v.0
2021-04-05 18:32:00+00:00,33,1,2786,13599.5,13603.5,13599.5,13602.5,440,NQ.v.0
2021-04-05 18:33:00+00:00,33,1,2786,13602.25,13604.5,13602.0,13604.0,341,NQ.v.0
2021-04-05 18:34:00+00:00,33,1,2786,13603.75,13604.0,13601.0,13601.5,278,NQ.v.0
2021-04-05 18:35:00+00:00,33,1,2786,13601.75,13602.0,13597.75,13601.5,396,NQ.v.0
2021-04-05 18:36:00+00:00,33,1,2786,13601.5,13604.5,13601.5,13603.0,336,NQ.v.0
2021-04-05 18:37:00+00:00,33,1,2786,13602.5,13605.0,13602.25,13603.25,188,NQ.v.0
2021-04-05 18:38:00+00:00,33,1,2786,13603.75,13604.75,13602.5,13603.75,252,NQ.v.0
2021-04-05 18:39:00+00:00,33,1,2786,13603.5,13606.0,13602.75,13606.0,240,NQ.v.0
2021-04-05 18:40:00+00:00,33,1,2786,13606.25,13615.0,13602.0,13603.0,1901,NQ.v.0
2021-04-05 18:41:00+00:00,33,1,2786,13602.5,13605.0,13598.0,13603.5,665,NQ.v.0
2021-04-05 18:42:00+00:00,33,1,2786,13603.75,13608.75,13603.25,13604.25,479,NQ.v.0
2021-04-05 18:43:00+00:00,33,1,2786,13604.0,13606.5,13602.5,13602.75,261,NQ.v.0
2021-04-05 18:44:00+00:00,33,1,2786,13603.5,13605.0,13597.0,13602.0,783,NQ.v.0
2021-04-05 18:45:00+00:00,33,1,2786,13602.25,13602.75,13594.0,13594.25,685,NQ.v.0
2021-04-05 18:46:00+00:00,33,1,2786,13594.75,13597.25,13594.0,13595.25,477,NQ.v.0
2021-04-05 18:47:00+00:00,33,1,2786,13595.5,13599.0,13594.75,13597.75,373,NQ.v.0
2021-04-05 18:48:00+00:00,33,1,2786,13597.75,13603.75,13597.75,13602.0,489,NQ.v.0
2021-04-05 18:49:00+00:00,33,1,2786,13602.0,13602.0,13599.0,13599.75,241,NQ.v.0
2021-04-05 18:50:00+00:00,33,1,2786,13600.0,13604.75,13596.25,13598.75,402,NQ.v.0
2021-04-05 18:51:00+00:00,33,1,2786,13599.0,13599.75,13595.0,13596.75,341,NQ.v.0
2021-04-05 18:52:00+00:00,33,1,2786,13596.75,13598.5,13595.25,13595.75,319,NQ.v.0
2021-04-05 18:53:00+00:00,33,1,2786,13595.25,13598.75,13594.75,13596.75,268,NQ.v.0
2021-04-05 18:54:00+00:00,33,1,2786,13596.5,13599.25,13594.5,13597.0,294,NQ.v.0
2021-04-05 18:55:00+00:00,33,1,2786,13597.75,13601.0,13597.0,13600.5,245,NQ.v.0
2021-04-05 18:56:00+00:00,33,1,2786,13600.5,13601.75,13598.0,13599.25,214,NQ.v.0
2021-04-05 18:57:00+00:00,33,1,2786,13599.25,13600.25,13597.0,13597.5,244,NQ.v.0
2021-04-05 18:58:00+00:00,33,1,2786,13597.75,13599.0,13596.5,13598.0,184,NQ.v.0
2021-04-05 18:59:00+00:00,33,1,2786,13598.0,13598.75,13595.5,13597.5,253,NQ.v.0
2021-04-05 19:00:00+00:00,33,1,2786,13597.5,13601.75,13595.5,13597.0,410,NQ.v.0
2021-04-05 19:01:00+00:00,33,1,2786,13597.0,13598.0,13585.75,13586.75,992,NQ.v.0
2021-04-05 19:02:00+00:00,33,1,2786,13586.5,13588.0,13579.75,13586.5,1238,NQ.v.0
2021-04-05 19:03:00+00:00,33,1,2786,13586.5,13588.25,13581.75,13582.25,605,NQ.v.0
2021-04-05 19:04:00+00:00,33,1,2786,13582.5,13585.5,13579.75,13581.0,618,NQ.v.0
2021-04-05 19:05:00+00:00,33,1,2786,13581.5,13583.0,13574.25,13577.0,1076,NQ.v.0
2021-04-05 19:06:00+00:00,33,1,2786,13577.25,13580.0,13571.0,13575.75,773,NQ.v.0
2021-04-05 19:07:00+00:00,33,1,2786,13575.75,13582.0,13574.25,13581.5,629,NQ.v.0
2021-04-05 19:08:00+00:00,33,1,2786,13581.25,13582.5,13578.75,13580.5,435,NQ.v.0
2021-04-05 19:09:00+00:00,33,1,2786,13580.25,13581.0,13577.5,13579.25,492,NQ.v.0
2021-04-05 19:10:00+00:00,33,1,2786,13578.5,13581.0,13577.5,13579.5,357,NQ.v.0
2021-04-05 19:11:00+00:00,33,1,2786,13578.75,13585.75,13578.25,13585.75,584,NQ.v.0
2021-04-05 19:12:00+00:00,33,1,2786,13585.75,13585.75,13581.75,13581.75,429,NQ.v.0
2021-04-05 19:13:00+00:00,33,1,2786,13581.5,13583.5,13580.75,13583.0,196,NQ.v.0
2021-04-05 19:14:00+00:00,33,1,2786,13582.75,13585.75,13582.0,13584.75,382,NQ.v.0
2021-04-05 19:15:00+00:00,33,1,2786,13585.0,13585.75,13581.0,13584.5,333,NQ.v.0
2021-04-05 19:16:00+00:00,33,1,2786,13584.5,13587.25,13582.75,13587.0,306,NQ.v.0
2021-04-05 19:17:00+00:00,33,1,2786,13587.75,13590.75,13586.25,13588.0,632,NQ.v.0
2021-04-05 19:18:00+00:00,33,1,2786,13587.5,13594.0,13586.25,13592.5,643,NQ.v.0
2021-04-05 19:19:00+00:00,33,1,2786,13592.0,13597.0,13591.5,13596.75,384,NQ.v.0
2021-04-05 19:20:00+00:00,33,1,2786,13596.5,13600.0,13593.75,13598.5,760,NQ.v.0
2021-04-05 19:21:00+00:00,33,1,2786,13598.0,13599.5,13596.25,13598.5,329,NQ.v.0
2021-04-05 19:22:00+00:00,33,1,2786,13598.5,13600.25,13596.75,13597.25,330,NQ.v.0
2021-04-05 19:23:00+00:00,33,1,2786,13597.5,13597.75,13591.25,13592.75,682,NQ.v.0
2021-04-05 19:24:00+00:00,33,1,2786,13593.0,13595.25,13588.0,13589.0,438,NQ.v.0
2021-04-05 19:25:00+00:00,33,1,2786,13588.5,13589.25,13580.0,13580.75,688,NQ.v.0
2021-04-05 19:26:00+00:00,33,1,2786,13580.0,13580.25,13574.75,13577.25,692,NQ.v.0
2021-04-05 19:27:00+00:00,33,1,2786,13577.25,13582.0,13577.25,13581.5,644,NQ.v.0
2021-04-05 19:28:00+00:00,33,1,2786,13581.75,13584.5,13576.75,13578.0,563,NQ.v.0
2021-04-05 19:29:00+00:00,33,1,2786,13578.5,13581.75,13576.75,13578.75,410,NQ.v.0
2021-04-05 19:30:00+00:00,33,1,2786,13579.0,13580.0,13568.0,13572.0,1323,NQ.v.0
2021-04-05 19:31:00+00:00,33,1,2786,13571.75,13572.75,13564.0,13565.5,1164,NQ.v.0
2021-04-05 19:32:00+00:00,33,1,2786,13565.5,13573.0,13564.5,13570.0,1054,NQ.v.0
2021-04-05 19:33:00+00:00,33,1,2786,13569.75,13574.0,13568.0,13572.25,675,NQ.v.0
2021-04-05 19:34:00+00:00,33,1,2786,13572.5,13573.75,13568.0,13569.0,519,NQ.v.0
2021-04-05 19:35:00+00:00,33,1,2786,13569.25,13575.25,13568.0,13575.0,743,NQ.v.0
2021-04-05 19:36:00+00:00,33,1,2786,13574.75,13580.0,13570.75,13578.0,589,NQ.v.0
2021-04-05 19:37:00+00:00,33,1,2786,13578.0,13581.5,13575.0,13578.5,599,NQ.v.0
2021-04-05 19:38:00+00:00,33,1,2786,13578.0,13582.75,13574.0,13580.25,622,NQ.v.0
2021-04-05 19:39:00+00:00,33,1,2786,13580.0,13585.75,13579.5,13582.5,579,NQ.v.0
2021-04-05 19:40:00+00:00,33,1,2786,13583.0,13584.5,13577.5,13579.5,607,NQ.v.0
2021-04-05 19:41:00+00:00,33,1,2786,13579.5,13580.0,13568.75,13569.75,816,NQ.v.0
2021-04-05 19:42:00+00:00,33,1,2786,13569.5,13573.5,13567.25,13570.5,790,NQ.v.0
2021-04-05 19:43:00+00:00,33,1,2786,13570.5,13580.0,13569.75,13574.25,628,NQ.v.0
2021-04-05 19:44:00+00:00,33,1,2786,13574.5,13580.0,13574.25,13576.0,546,NQ.v.0
2021-04-05 19:45:00+00:00,33,1,2786,13576.0,13579.0,13571.0,13578.5,642,NQ.v.0
2021-04-05 19:46:00+00:00,33,1,2786,13580.0,13585.0,13578.0,13584.0,551,NQ.v.0
2021-04-05 19:47:00+00:00,33,1,2786,13584.0,13592.5,13583.0,13592.0,884,NQ.v.0
2021-04-05 19:48:00+00:00,33,1,2786,13592.25,13599.0,13590.0,13595.5,1302,NQ.v.0
2021-04-05 19:49:00+00:00,33,1,2786,13595.0,13595.0,13587.0,13587.25,793,NQ.v.0
2021-04-05 19:50:00+00:00,33,1,2786,13587.25,13593.0,13568.75,13579.0,2344,NQ.v.0
2021-04-05 19:51:00+00:00,33,1,2786,13579.0,13588.5,13578.75,13588.25,906,NQ.v.0
2021-04-05 19:52:00+00:00,33,1,2786,13587.5,13590.5,13582.75,13588.25,726,NQ.v.0
2021-04-05 19:53:00+00:00,33,1,2786,13588.0,13599.0,13588.0,13597.0,1184,NQ.v.0
2021-04-05 19:54:00+00:00,33,1,2786,13597.0,13604.5,13593.75,13599.75,1978,NQ.v.0
2021-04-05 19:55:00+00:00,33,1,2786,13600.5,13601.5,13591.0,13596.5,1689,NQ.v.0
2021-04-05 19:56:00+00:00,33,1,2786,13596.75,13597.25,13589.75,13590.0,1101,NQ.v.0
2021-04-05 19:57:00+00:00,33,1,2786,13590.25,13594.0,13588.5,13593.0,1040,NQ.v.0
2021-04-05 19:58:00+00:00,33,1,2786,13593.0,13593.25,13579.5,13580.25,1929,NQ.v.0
2021-04-05 19:59:00+00:00,33,1,2786,13579.75,13593.75,13579.25,13581.75,4496,NQ.v.0
2021-04-05 20:00:00+00:00,33,1,2786,13582.25,13586.0,13580.0,13583.5,1923,NQ.v.0
2021-04-05 20:01:00+00:00,33,1,2786,13583.75,13589.25,13582.75,13588.5,1128,NQ.v.0
2021-04-05 20:02:00+00:00,33,1,2786,13588.75,13589.0,13582.5,13583.0,460,NQ.v.0
2021-04-05 20:03:00+00:00,33,1,2786,13583.25,13584.5,13578.75,13581.5,459,NQ.v.0
2021-04-05 20:04:00+00:00,33,1,2786,13581.25,13582.75,13579.25,13580.0,364,NQ.v.0
2021-04-05 20:05:00+00:00,33,1,2786,13580.75,13582.25,13575.5,13575.5,625,NQ.v.0
2021-04-05 20:06:00+00:00,33,1,2786,13575.25,13578.5,13574.5,13574.75,329,NQ.v.0
2021-04-05 20:07:00+00:00,33,1,2786,13574.75,13580.0,13574.0,13580.0,386,NQ.v.0
2021-04-05 20:08:00+00:00,33,1,2786,13580.25,13580.5,13577.25,13578.0,258,NQ.v.0
2021-04-05 20:09:00+00:00,33,1,2786,13578.0,13582.75,13577.25,13582.25,310,NQ.v.0
2021-04-05 20:10:00+00:00,33,1,2786,13582.0,13583.75,13579.0,13580.0,365,NQ.v.0
2021-04-05 20:11:00+00:00,33,1,2786,13580.25,13583.5,13578.5,13581.25,226,NQ.v.0
2021-04-05 20:12:00+00:00,33,1,2786,13581.0,13582.5,13579.75,13581.25,313,NQ.v.0
2021-04-05 20:13:00+00:00,33,1,2786,13581.25,13584.25,13575.25,13576.25,514,NQ.v.0
2021-04-05 20:14:00+00:00,33,1,2786,13576.0,13578.75,13574.0,13577.5,354,NQ.v.0
2021-04-05 20:30:00+00:00,33,1,2786,13578.25,13588.5,13578.25,13585.25,325,NQ.v.0
2021-04-05 20:31:00+00:00,33,1,2786,13585.75,13588.5,13585.0,13585.5,93,NQ.v.0
2021-04-05 20:32:00+00:00,33,1,2786,13585.75,13588.75,13585.25,13588.0,55,NQ.v.0
2021-04-05 20:33:00+00:00,33,1,2786,13588.0,13588.75,13587.25,13588.0,42,NQ.v.0
2021-04-05 20:34:00+00:00,33,1,2786,13588.5,13593.25,13588.5,13591.75,224,NQ.v.0
2021-04-05 20:35:00+00:00,33,1,2786,13592.0,13595.25,13591.75,13594.25,130,NQ.v.0
2021-04-05 20:36:00+00:00,33,1,2786,13594.75,13596.75,13593.5,13596.75,101,NQ.v.0
2021-04-05 20:37:00+00:00,33,1,2786,13596.0,13597.0,13594.5,13596.25,109,NQ.v.0
2021-04-05 20:38:00+00:00,33,1,2786,13596.5,13599.5,13595.5,13598.5,220,NQ.v.0
2021-04-05 20:39:00+00:00,33,1,2786,13597.75,13599.0,13595.5,13596.0,112,NQ.v.0
2021-04-05 20:40:00+00:00,33,1,2786,13596.25,13596.5,13592.5,13594.0,62,NQ.v.0
2021-04-05 20:41:00+00:00,33,1,2786,13594.0,13595.0,13592.5,13593.75,47,NQ.v.0
2021-04-05 20:42:00+00:00,33,1,2786,13594.0,13595.0,13593.0,13594.5,59,NQ.v.0
2021-04-05 20:43:00+00:00,33,1,2786,13593.25,13596.5,13592.75,13595.75,121,NQ.v.0
2021-04-05 20:44:00+00:00,33,1,2786,13595.5,13598.0,13595.25,13595.75,66,NQ.v.0
2021-04-05 20:45:00+00:00,33,1,2786,13596.25,13598.75,13594.5,13595.25,142,NQ.v.0
2021-04-05 20:46:00+00:00,33,1,2786,13595.0,13597.25,13594.5,13596.75,42,NQ.v.0
2021-04-05 20:47:00+00:00,33,1,2786,13596.75,13598.0,13596.75,13597.25,29,NQ.v.0
2021-04-05 20:48:00+00:00,33,1,2786,13597.5,13601.25,13597.25,13601.25,144,NQ.v.0
2021-04-05 20:49:00+00:00,33,1,2786,13601.25,13602.5,13600.0,13601.5,172,NQ.v.0
2021-04-05 20:50:00+00:00,33,1,2786,13601.75,13603.0,13598.25,13600.0,117,NQ.v.0
2021-04-05 20:51:00+00:00,33,1,2786,13599.0,13599.0,13597.25,13598.25,38,NQ.v.0
2021-04-05 20:52:00+00:00,33,1,2786,13597.75,13598.25,13597.25,13597.75,24,NQ.v.0
2021-04-05 20:53:00+00:00,33,1,2786,13597.5,13599.75,13596.75,13599.5,43,NQ.v.0
2021-04-05 20:54:00+00:00,33,1,2786,13599.5,13601.75,13598.75,13601.25,46,NQ.v.0
2021-04-05 20:55:00+00:00,33,1,2786,13600.75,13602.0,13597.25,13598.25,96,NQ.v.0
2021-04-05 20:56:00+00:00,33,1,2786,13598.75,13598.75,13596.25,13597.75,50,NQ.v.0
2021-04-05 20:57:00+00:00,33,1,2786,13598.0,13599.5,13597.25,13599.5,38,NQ.v.0
2021-04-05 20:58:00+00:00,33,1,2786,13599.75,13600.0,13598.25,13598.5,50,NQ.v.0
2021-04-05 20:59:00+00:00,33,1,2786,13599.0,13600.5,13598.25,13600.5,65,NQ.v.0
2021-04-05 22:00:00+00:00,33,1,2786,13603.75,13607.25,13600.5,13605.25,212,NQ.v.0
2021-04-05 22:01:00+00:00,33,1,2786,13605.75,13607.25,13602.0,13604.5,106,NQ.v.0
2021-04-05 22:02:00+00:00,33,1,2786,13603.75,13605.25,13602.0,13604.5,56,NQ.v.0
2021-04-05 22:03:00+00:00,33,1,2786,13604.5,13605.0,13602.25,13605.0,71,NQ.v.0
2021-04-05 22:04:00+00:00,33,1,2786,13605.0,13605.75,13602.25,13602.5,73,NQ.v.0
2021-04-05 22:05:00+00:00,33,1,2786,13603.25,13604.75,13603.0,13603.5,34,NQ.v.0
2021-04-05 22:06:00+00:00,33,1,2786,13604.25,13604.25,13602.5,13604.0,41,NQ.v.0
2021-04-05 22:07:00+00:00,33,1,2786,13603.5,13604.0,13603.5,13603.5,6,NQ.v.0
2021-04-05 22:08:00+00:00,33,1,2786,13603.25,13603.25,13602.0,13602.5,31,NQ.v.0
2021-04-05 22:09:00+00:00,33,1,2786,13602.0,13603.0,13598.5,13602.75,49,NQ.v.0
2021-04-05 22:10:00+00:00,33,1,2786,13602.75,13603.5,13601.75,13602.25,34,NQ.v.0
2021-04-05 22:11:00+00:00,33,1,2786,13602.25,13604.0,13601.75,13602.25,29,NQ.v.0
2021-04-05 22:12:00+00:00,33,1,2786,13602.5,13604.0,13602.5,13603.25,13,NQ.v.0
2021-04-05 22:13:00+00:00,33,1,2786,13602.5,13603.5,13601.75,13601.75,12,NQ.v.0
2021-04-05 22:14:00+00:00,33,1,2786,13601.75,13602.25,13600.0,13600.0,13,NQ.v.0
2021-04-05 22:15:00+00:00,33,1,2786,13600.0,13601.5,13599.5,13599.5,41,NQ.v.0
2021-04-05 22:16:00+00:00,33,1,2786,13599.25,13601.0,13599.25,13601.0,10,NQ.v.0
2021-04-05 22:17:00+00:00,33,1,2786,13600.5,13601.0,13600.5,13601.0,7,NQ.v.0
2021-04-05 22:18:00+00:00,33,1,2786,13601.25,13604.5,13600.0,13602.25,78,NQ.v.0
2021-04-05 22:19:00+00:00,33,1,2786,13602.0,13602.0,13600.0,13600.0,8,NQ.v.0
2021-04-05 22:20:00+00:00,33,1,2786,13600.5,13600.75,13594.5,13596.0,111,NQ.v.0
2021-04-05 22:21:00+00:00,33,1,2786,13595.75,13597.5,13595.75,13597.25,21,NQ.v.0
2021-04-05 22:22:00+00:00,33,1,2786,13596.0,13597.5,13595.75,13596.25,19,NQ.v.0
2021-04-05 22:23:00+00:00,33,1,2786,13596.0,13599.0,13596.0,13599.0,26,NQ.v.0
2021-04-05 22:24:00+00:00,33,1,2786,13599.0,13599.0,13598.25,13598.25,8,NQ.v.0
2021-04-05 22:25:00+00:00,33,1,2786,13599.0,13599.0,13596.25,13596.25,14,NQ.v.0
2021-04-05 22:26:00+00:00,33,1,2786,13596.0,13598.0,13595.0,13598.0,31,NQ.v.0
2021-04-05 22:27:00+00:00,33,1,2786,13599.0,13602.75,13599.0,13600.25,37,NQ.v.0
2021-04-05 22:28:00+00:00,33,1,2786,13600.25,13601.5,13600.25,13600.5,19,NQ.v.0
2021-04-05 22:29:00+00:00,33,1,2786,13600.5,13600.5,13599.5,13599.75,7,NQ.v.0
2021-04-05 22:30:00+00:00,33,1,2786,13600.25,13601.0,13600.25,13600.75,10,NQ.v.0
2021-04-05 22:31:00+00:00,33,1,2786,13601.0,13602.5,13600.5,13601.25,37,NQ.v.0
2021-04-05 22:32:00+00:00,33,1,2786,13601.0,13601.25,13597.0,13597.0,28,NQ.v.0
2021-04-05 22:33:00+00:00,33,1,2786,13597.75,13598.75,13597.75,13598.75,7,NQ.v.0
2021-04-05 22:34:00+00:00,33,1,2786,13599.0,13601.75,13597.75,13600.75,28,NQ.v.0
2021-04-05 22:35:00+00:00,33,1,2786,13600.75,13600.75,13599.75,13599.75,4,NQ.v.0
2021-04-05 22:36:00+00:00,33,1,2786,13601.0,13603.0,13601.0,13602.25,40,NQ.v.0
2021-04-05 22:37:00+00:00,33,1,2786,13602.0,13604.5,13602.0,13603.0,37,NQ.v.0
2021-04-05 22:38:00+00:00,33,1,2786,13602.5,13603.75,13602.5,13603.0,19,NQ.v.0
2021-04-05 22:39:00+00:00,33,1,2786,13602.75,13603.5,13602.25,13602.25,10,NQ.v.0
2021-04-05 22:40:00+00:00,33,1,2786,13603.0,13604.25,13603.0,13603.5,22,NQ.v.0
2021-04-05 22:41:00+00:00,33,1,2786,13603.0,13604.0,13602.5,13604.0,12,NQ.v.0
2021-04-05 22:42:00+00:00,33,1,2786,13603.25,13608.75,13603.25,13608.5,143,NQ.v.0
2021-04-05 22:43:00+00:00,33,1,2786,13608.25,13611.5,13608.25,13610.75,126,NQ.v.0
2021-04-05 22:44:00+00:00,33,1,2786,13611.25,13612.0,13610.0,13611.0,39,NQ.v.0
2021-04-05 22:45:00+00:00,33,1,2786,13611.0,13613.5,13610.75,13613.5,78,NQ.v.0
2021-04-05 22:46:00+00:00,33,1,2786,13612.5,13620.5,13612.5,13616.0,320,NQ.v.0
2021-04-05 22:47:00+00:00,33,1,2786,13615.75,13617.0,13612.5,13613.5,84,NQ.v.0
2021-04-05 22:48:00+00:00,33,1,2786,13613.75,13619.0,13613.75,13617.0,120,NQ.v.0
2021-04-05 22:49:00+00:00,33,1,2786,13616.75,13617.5,13615.0,13615.25,49,NQ.v.0
2021-04-05 22:50:00+00:00,33,1,2786,13615.0,13615.75,13606.75,13609.25,182,NQ.v.0
2021-04-05 22:51:00+00:00,33,1,2786,13609.5,13610.5,13608.0,13609.75,66,NQ.v.0
2021-04-05 22:52:00+00:00,33,1,2786,13610.0,13611.75,13610.0,13610.0,34,NQ.v.0
2021-04-05 22:53:00+00:00,33,1,2786,13610.75,13611.25,13609.75,13610.75,33,NQ.v.0
2021-04-05 22:54:00+00:00,33,1,2786,13610.0,13611.0,13608.5,13609.5,76,NQ.v.0
2021-04-05 22:55:00+00:00,33,1,2786,13610.0,13611.75,13608.0,13611.25,51,NQ.v.0
2021-04-05 22:56:00+00:00,33,1,2786,13611.75,13613.75,13611.0,13612.0,46,NQ.v.0
2021-04-05 22:57:00+00:00,33,1,2786,13612.0,13613.75,13611.25,13613.75,28,NQ.v.0
2021-04-05 22:58:00+00:00,33,1,2786,13613.0,13614.0,13611.75,13611.75,23,NQ.v.0
2021-04-05 22:59:00+00:00,33,1,2786,13611.5,13614.5,13611.5,13614.25,21,NQ.v.0
2021-04-05 23:00:00+00:00,33,1,2786,13614.25,13618.0,13613.5,13615.75,104,NQ.v.0
2021-04-05 23:01:00+00:00,33,1,2786,13615.25,13615.5,13612.0,13614.25,63,NQ.v.0
2021-04-05 23:02:00+00:00,33,1,2786,13614.0,13616.25,13612.5,13615.75,47,NQ.v.0
2021-04-05 23:03:00+00:00,33,1,2786,13615.5,13619.5,13615.25,13618.0,87,NQ.v.0
2021-04-05 23:04:00+00:00,33,1,2786,13618.0,13619.5,13618.0,13618.75,35,NQ.v.0
2021-04-05 23:05:00+00:00,33,1,2786,13618.75,13620.25,13617.75,13618.0,71,NQ.v.0
2021-04-05 23:06:00+00:00,33,1,2786,13617.75,13618.0,13616.75,13617.0,35,NQ.v.0
2021-04-05 23:07:00+00:00,33,1,2786,13617.0,13619.0,13616.5,13618.5,25,NQ.v.0
2021-04-05 23:08:00+00:00,33,1,2786,13619.0,13619.25,13618.0,13618.25,30,NQ.v.0
2021-04-05 23:09:00+00:00,33,1,2786,13618.0,13618.0,13616.25,13617.25,29,NQ.v.0
2021-04-05 23:10:00+00:00,33,1,2786,13616.75,13617.25,13616.0,13616.75,25,NQ.v.0
2021-04-05 23:11:00+00:00,33,1,2786,13617.0,13618.25,13616.75,13618.0,15,NQ.v.0
2021-04-05 23:12:00+00:00,33,1,2786,13617.5,13617.5,13614.5,13615.25,36,NQ.v.0
2021-04-05 23:13:00+00:00,33,1,2786,13615.0,13616.25,13614.5,13616.25,13,NQ.v.0
2021-04-05 23:14:00+00:00,33,1,2786,13615.0,13615.25,13613.75,13614.5,14,NQ.v.0
2021-04-05 23:15:00+00:00,33,1,2786,13614.5,13617.5,13614.5,13617.5,20,NQ.v.0
2021-04-05 23:16:00+00:00,33,1,2786,13617.5,13619.0,13616.75,13617.25,45,NQ.v.0
2021-04-05 23:17:00+00:00,33,1,2786,13617.75,13619.0,13617.5,13618.5,7,NQ.v.0
2021-04-05 23:18:00+00:00,33,1,2786,13618.5,13619.25,13617.25,13619.0,32,NQ.v.0
2021-04-05 23:19:00+00:00,33,1,2786,13619.0,13619.0,13618.0,13618.5,17,NQ.v.0
2021-04-05 23:20:00+00:00,33,1,2786,13617.75,13619.0,13617.75,13618.5,14,NQ.v.0
2021-04-05 23:21:00+00:00,33,1,2786,13617.75,13617.75,13617.0,13617.5,21,NQ.v.0
2021-04-05 23:22:00+00:00,33,1,2786,13617.75,13618.5,13616.75,13618.5,19,NQ.v.0
2021-04-05 23:23:00+00:00,33,1,2786,13618.25,13622.25,13618.0,13621.75,157,NQ.v.0
2021-04-05 23:24:00+00:00,33,1,2786,13621.75,13622.25,13619.75,13620.25,58,NQ.v.0
2021-04-05 23:25:00+00:00,33,1,2786,13620.25,13621.25,13619.25,13621.25,34,NQ.v.0
2021-04-05 23:26:00+00:00,33,1,2786,13620.75,13622.25,13620.5,13620.5,39,NQ.v.0
2021-04-05 23:27:00+00:00,33,1,2786,13620.0,13620.0,13619.0,13620.0,14,NQ.v.0
2021-04-05 23:28:00+00:00,33,1,2786,13619.75,13621.5,13619.5,13621.0,24,NQ.v.0
2021-04-05 23:29:00+00:00,33,1,2786,13620.75,13621.0,13619.0,13619.25,17,NQ.v.0
2021-04-05 23:30:00+00:00,33,1,2786,13620.0,13620.5,13613.75,13615.75,118,NQ.v.0
2021-04-05 23:31:00+00:00,33,1,2786,13616.0,13620.25,13616.0,13618.5,132,NQ.v.0
2021-04-05 23:32:00+00:00,33,1,2786,13618.5,13618.5,13616.5,13616.5,21,NQ.v.0
2021-04-05 23:33:00+00:00,33,1,2786,13616.0,13617.25,13616.0,13617.25,13,NQ.v.0
2021-04-05 23:34:00+00:00,33,1,2786,13616.25,13617.0,13616.0,13617.0,10,NQ.v.0
2021-04-05 23:35:00+00:00,33,1,2786,13617.5,13618.0,13616.75,13616.75,7,NQ.v.0
2021-04-05 23:36:00+00:00,33,1,2786,13616.25,13616.25,13615.5,13615.5,7,NQ.v.0
2021-04-05 23:37:00+00:00,33,1,2786,13615.25,13616.5,13613.5,13615.75,107,NQ.v.0
2021-04-05 23:38:00+00:00,33,1,2786,13615.0,13616.0,13614.0,13615.0,36,NQ.v.0
2021-04-05 23:39:00+00:00,33,1,2786,13615.0,13616.5,13615.0,13616.0,21,NQ.v.0
2021-04-05 23:40:00+00:00,33,1,2786,13616.0,13616.75,13615.0,13615.5,24,NQ.v.0
2021-04-05 23:41:00+00:00,33,1,2786,13615.5,13616.0,13614.75,13616.0,23,NQ.v.0
2021-04-05 23:42:00+00:00,33,1,2786,13615.25,13615.25,13613.5,13614.0,25,NQ.v.0
2021-04-05 23:43:00+00:00,33,1,2786,13614.5,13615.0,13612.75,13614.25,21,NQ.v.0
2021-04-05 23:44:00+00:00,33,1,2786,13614.5,13615.0,13613.75,13613.75,11,NQ.v.0
2021-04-05 23:45:00+00:00,33,1,2786,13614.75,13615.25,13614.5,13614.75,15,NQ.v.0
2021-04-05 23:46:00+00:00,33,1,2786,13615.25,13615.75,13614.75,13615.5,14,NQ.v.0
2021-04-05 23:47:00+00:00,33,1,2786,13616.0,13617.5,13615.75,13616.75,26,NQ.v.0
2021-04-05 23:48:00+00:00,33,1,2786,13617.5,13617.5,13611.5,13611.5,72,NQ.v.0
2021-04-05 23:49:00+00:00,33,1,2786,13612.25,13612.5,13611.0,13611.75,24,NQ.v.0
2021-04-05 23:50:00+00:00,33,1,2786,13612.75,13613.5,13611.5,13612.5,31,NQ.v.0
2021-04-05 23:51:00+00:00,33,1,2786,13612.0,13614.75,13612.0,13614.0,25,NQ.v.0
2021-04-05 23:52:00+00:00,33,1,2786,13613.0,13615.5,13612.75,13615.25,56,NQ.v.0
2021-04-05 23:53:00+00:00,33,1,2786,13615.5,13617.75,13615.0,13616.75,63,NQ.v.0
2021-04-05 23:54:00+00:00,33,1,2786,13616.5,13619.5,13616.5,13617.75,79,NQ.v.0
2021-04-05 23:55:00+00:00,33,1,2786,13617.5,13618.5,13616.0,13616.0,26,NQ.v.0
2021-04-05 23:56:00+00:00,33,1,2786,13616.0,13616.0,13614.0,13615.25,50,NQ.v.0
2021-04-05 23:57:00+00:00,33,1,2786,13615.25,13615.25,13614.0,13615.0,10,NQ.v.0
2021-04-05 23:58:00+00:00,33,1,2786,13615.0,13615.75,13614.25,13614.75,19,NQ.v.0
2021-04-05 23:59:00+00:00,33,1,2786,13614.75,13616.75,13614.0,13616.25,32,NQ.v.0
