timestamp,rtype,publisher_id,instrument_id,open,high,low,close,volume,symbol
2021-11-16 00:00:00+00:00,33,1,2770,16190.25,16192.25,16190.0,16191.5,81,NQ.v.0
2021-11-16 00:01:00+00:00,33,1,2770,16192.0,16192.25,16189.25,16189.5,48,NQ.v.0
2021-11-16 00:02:00+00:00,33,1,2770,16190.0,16193.25,16189.5,16193.0,61,NQ.v.0
2021-11-16 00:03:00+00:00,33,1,2770,16192.75,16199.5,16192.25,16198.0,227,NQ.v.0
2021-11-16 00:04:00+00:00,33,1,2770,16198.0,16198.5,16195.5,16197.0,78,NQ.v.0
2021-11-16 00:05:00+00:00,33,1,2770,16197.25,16197.25,16193.25,16193.5,62,NQ.v.0
2021-11-16 00:06:00+00:00,33,1,2770,16193.75,16194.5,16192.75,16193.75,37,NQ.v.0
2021-11-16 00:07:00+00:00,33,1,2770,16194.25,16195.5,16194.25,16194.75,35,NQ.v.0
2021-11-16 00:08:00+00:00,33,1,2770,16194.0,16194.75,16193.25,16194.5,27,NQ.v.0
2021-11-16 00:09:00+00:00,33,1,2770,16193.75,16193.75,16191.25,16192.0,26,NQ.v.0
2021-11-16 00:10:00+00:00,33,1,2770,16192.0,16192.0,16191.5,16192.0,18,NQ.v.0
2021-11-16 00:11:00+00:00,33,1,2770,16192.25,16193.25,16191.75,16192.5,34,NQ.v.0
2021-11-16 00:12:00+00:00,33,1,2770,16192.0,16192.75,16192.0,16192.75,27,NQ.v.0
2021-11-16 00:13:00+00:00,33,1,2770,16193.25,16193.25,16191.0,16191.5,39,NQ.v.0
2021-11-16 00:14:00+00:00,33,1,2770,16191.25,16192.5,16191.25,16192.0,16,NQ.v.0
2021-11-16 00:15:00+00:00,33,1,2770,16191.25,16192.25,16191.25,16192.0,18,NQ.v.0
2021-11-16 00:16:00+00:00,33,1,2770,16192.0,16192.0,16190.0,16190.0,18,NQ.v.0
2021-11-16 00:17:00+00:00,33,1,2770,16190.75,16192.25,16190.5,16192.25,33,NQ.v.0
2021-11-16 00:18:00+00:00,33,1,2770,16192.0,16192.0,16186.25,16187.75,115,NQ.v.0
2021-11-16 00:19:00+00:00,33,1,2770,16187.5,16189.5,16186.25,16189.0,64,NQ.v.0
2021-11-16 00:20:00+00:00,33,1,2770,16188.25,16193.0,16187.75,16192.0,71,NQ.v.0
2021-11-16 00:21:00+00:00,33,1,2770,16192.25,16194.25,16191.0,16191.75,40,NQ.v.0
2021-11-16 00:22:00+00:00,33,1,2770,16191.25,16191.5,16187.5,16188.25,52,NQ.v.0
2021-11-16 00:23:00+00:00,33,1,2770,16187.5,16187.5,16182.25,16182.75,205,NQ.v.0
2021-11-16 00:24:00+00:00,33,1,2770,16182.75,16185.0,16181.25,16184.25,96,NQ.v.0
2021-11-16 00:25:00+00:00,33,1,2770,16184.0,16186.25,16183.5,16185.5,45,NQ.v.0
2021-11-16 00:26:00+00:00,33,1,2770,16185.5,16185.5,16183.0,16184.75,58,NQ.v.0
2021-11-16 00:27:00+00:00,33,1,2770,16184.25,16184.5,16181.25,16182.0,109,NQ.v.0
2021-11-16 00:28:00+00:00,33,1,2770,16182.5,16183.75,16182.5,16183.5,52,NQ.v.0
2021-11-16 00:29:00+00:00,33,1,2770,16182.75,16183.5,16181.5,16183.0,40,NQ.v.0
2021-11-16 00:30:00+00:00,33,1,2770,16182.75,16183.25,16178.5,16180.5,161,NQ.v.0
2021-11-16 00:31:00+00:00,33,1,2770,16180.5,16180.75,16178.25,16179.5,81,NQ.v.0
2021-11-16 00:32:00+00:00,33,1,2770,16180.0,16182.5,16180.0,16182.5,48,NQ.v.0
2021-11-16 00:33:00+00:00,33,1,2770,16182.0,16182.75,16180.75,16182.5,54,NQ.v.0
2021-11-16 00:34:00+00:00,33,1,2770,16182.0,16184.25,16181.75,16183.0,74,NQ.v.0
2021-11-16 00:35:00+00:00,33,1,2770,16183.25,16185.0,16183.0,16185.0,62,NQ.v.0
2021-11-16 00:36:00+00:00,33,1,2770,16184.75,16185.75,16183.5,16183.75,55,NQ.v.0
2021-11-16 00:37:00+00:00,33,1,2770,16184.0,16185.0,16183.75,16185.0,19,NQ.v.0
2021-11-16 00:38:00+00:00,33,1,2770,16185.0,16185.75,16184.5,16185.5,20,NQ.v.0
2021-11-16 00:39:00+00:00,33,1,2770,16185.5,16186.0,16185.0,16185.25,34,NQ.v.0
2021-11-16 00:40:00+00:00,33,1,2770,16185.75,16186.5,16184.25,16186.25,46,NQ.v.0
2021-11-16 00:41:00+00:00,33,1,2770,16186.5,16189.0,16186.5,16188.25,62,NQ.v.0
2021-11-16 00:42:00+00:00,33,1,2770,16188.25,16188.5,16182.0,16182.0,96,NQ.v.0
2021-11-16 00:43:00+00:00,33,1,2770,16182.75,16185.75,16182.0,16185.0,45,NQ.v.0
2021-11-16 00:44:00+00:00,33,1,2770,16185.25,16187.5,16185.25,16186.5,43,NQ.v.0
2021-11-16 00:45:00+00:00,33,1,2770,16186.0,16189.5,16186.0,16188.75,79,NQ.v.0
2021-11-16 00:46:00+00:00,33,1,2770,16188.75,16188.75,16185.75,16187.5,57,NQ.v.0
2021-11-16 00:47:00+00:00,33,1,2770,16187.75,16189.5,16187.0,16188.75,23,NQ.v.0
2021-11-16 00:48:00+00:00,33,1,2770,16189.5,16189.5,16187.75,16188.5,29,NQ.v.0
2021-11-16 00:49:00+00:00,33,1,2770,16188.5,16188.5,16187.0,16188.5,34,NQ.v.0
2021-11-16 00:50:00+00:00,33,1,2770,16188.75,16192.25,16188.75,16189.25,122,NQ.v.0
2021-11-16 00:51:00+00:00,33,1,2770,16189.5,16192.0,16189.5,16191.75,46,NQ.v.0
2021-11-16 00:52:00+00:00,33,1,2770,16192.0,16194.25,16190.75,16191.25,131,NQ.v.0
2021-11-16 00:53:00+00:00,33,1,2770,16191.0,16193.5,16190.25,16193.5,44,NQ.v.0
2021-11-16 00:54:00+00:00,33,1,2770,16193.5,16193.5,16191.25,16191.25,38,NQ.v.0
2021-11-16 00:55:00+00:00,33,1,2770,16191.0,16195.25,16190.25,16195.0,89,NQ.v.0
2021-11-16 00:56:00+00:00,33,1,2770,16195.0,16195.75,16193.75,16195.5,129,NQ.v.0
2021-11-16 00:57:00+00:00,33,1,2770,16195.25,16196.5,16194.0,16196.0,156,NQ.v.0
2021-11-16 00:58:00+00:00,33,1,2770,16196.25,16196.25,16192.0,16193.0,81,NQ.v.0
2021-11-16 00:59:00+00:00,33,1,2770,16193.0,16194.0,16192.5,16193.25,35,NQ.v.0
2021-11-16 01:00:00+00:00,33,1,2770,16193.5,16195.75,16193.25,16193.25,81,NQ.v.0
2021-11-16 01:01:00+00:00,33,1,2770,16193.75,16195.0,16192.75,16192.75,57,NQ.v.0
2021-11-16 01:02:00+00:00,33,1,2770,16192.75,16192.75,16191.5,16192.25,25,NQ.v.0
2021-11-16 01:03:00+00:00,33,1,2770,16192.25,16193.0,16191.75,16192.75,31,NQ.v.0
2021-11-16 01:04:00+00:00,33,1,2770,16192.25,16193.25,16191.5,16191.75,57,NQ.v.0
2021-11-16 01:05:00+00:00,33,1,2770,16192.25,16193.25,16192.25,16192.75,21,NQ.v.0
2021-11-16 01:06:00+00:00,33,1,2770,16192.75,16197.75,16192.75,16197.5,87,NQ.v.0
2021-11-16 01:07:00+00:00,33,1,2770,16197.25,16198.0,16196.25,16198.0,68,NQ.v.0
2021-11-16 01:08:00+00:00,33,1,2770,16197.5,16198.0,16196.75,16197.0,69,NQ.v.0
2021-11-16 01:09:00+00:00,33,1,2770,16197.25,16198.0,16196.5,16197.75,28,NQ.v.0
2021-11-16 01:10:00+00:00,33,1,2770,16197.75,16199.0,16197.75,16198.75,34,NQ.v.0
2021-11-16 01:11:00+00:00,33,1,2770,16198.5,16202.5,16197.25,16199.0,375,NQ.v.0
2021-11-16 01:12:00+00:00,33,1,2770,16199.5,16207.5,16199.5,16207.5,318,NQ.v.0
2021-11-16 01:13:00+00:00,33,1,2770,16206.75,16212.0,16205.75,16210.75,249,NQ.v.0
2021-11-16 01:14:00+00:00,33,1,2770,16210.75,16211.5,16206.75,16208.75,181,NQ.v.0
2021-11-16 01:15:00+00:00,33,1,2770,16209.0,16210.0,16206.25,16206.25,89,NQ.v.0
2021-11-16 01:16:00+00:00,33,1,2770,16206.5,16210.0,16205.5,16209.5,71,NQ.v.0
2021-11-16 01:17:00+00:00,33,1,2770,16209.5,16215.75,16208.0,16213.75,177,NQ.v.0
2021-11-16 01:18:00+00:00,33,1,2770,16213.25,16216.0,16213.0,16213.75,65,NQ.v.0
2021-11-16 01:19:00+00:00,33,1,2770,16213.5,16219.0,16213.25,16217.0,199,NQ.v.0
2021-11-16 01:20:00+00:00,33,1,2770,16217.0,16217.0,16214.75,16216.25,142,NQ.v.0
2021-11-16 01:21:00+00:00,33,1,2770,16216.25,16217.5,16214.5,16215.5,110,NQ.v.0
2021-11-16 01:22:00+00:00,33,1,2770,16215.5,16216.0,16213.5,16215.25,39,NQ.v.0
2021-11-16 01:23:00+00:00,33,1,2770,16214.75,16217.25,16214.75,16216.0,52,NQ.v.0
2021-11-16 01:24:00+00:00,33,1,2770,16216.25,16217.0,16216.0,16217.0,41,NQ.v.0
2021-11-16 01:25:00+00:00,33,1,2770,16217.5,16217.75,16214.25,16214.5,64,NQ.v.0
2021-11-16 01:26:00+00:00,33,1,2770,16214.75,16215.75,16212.25,16212.75,51,NQ.v.0
2021-11-16 01:27:00+00:00,33,1,2770,16213.25,16214.75,16212.75,16213.5,45,NQ.v.0
2021-11-16 01:28:00+00:00,33,1,2770,16212.75,16215.5,16212.75,16215.5,88,NQ.v.0
2021-11-16 01:29:00+00:00,33,1,2770,16215.0,16215.5,16213.5,16214.25,28,NQ.v.0
2021-11-16 01:30:00+00:00,33,1,2770,16214.0,16214.75,16211.25,16212.0,76,NQ.v.0
2021-11-16 01:31:00+00:00,33,1,2770,16212.5,16213.75,16209.25,16209.5,90,NQ.v.0
2021-11-16 01:32:00+00:00,33,1,2770,16209.75,16210.75,16208.25,16209.75,101,NQ.v.0
2021-11-16 01:33:00+00:00,33,1,2770,16211.0,16213.25,16210.5,16212.25,66,NQ.v.0
2021-11-16 01:34:00+00:00,33,1,2770,16212.0,16212.0,16206.75,16208.75,85,NQ.v.0
2021-11-16 01:35:00+00:00,33,1,2770,16208.5,16212.5,16208.5,16212.0,49,NQ.v.0
2021-11-16 01:36:00+00:00,33,1,2770,16211.25,16212.75,16211.25,16212.5,17,NQ.v.0
2021-11-16 01:37:00+00:00,33,1,2770,16212.5,16214.5,16211.5,16213.5,36,NQ.v.0
2021-11-16 01:38:00+00:00,33,1,2770,16213.5,16215.5,16213.0,16215.5,28,NQ.v.0
2021-11-16 01:39:00+00:00,33,1,2770,16215.5,16216.25,16214.25,16214.25,25,NQ.v.0
2021-11-16 01:40:00+00:00,33,1,2770,16214.0,16214.0,16211.25,16211.5,49,NQ.v.0
2021-11-16 01:41:00+00:00,33,1,2770,16211.25,16212.75,16211.25,16212.5,23,NQ.v.0
2021-11-16 01:42:00+00:00,33,1,2770,16211.75,16213.0,16211.0,16213.0,8,NQ.v.0
2021-11-16 01:43:00+00:00,33,1,2770,16213.25,16214.75,16212.25,16212.5,44,NQ.v.0
2021-11-16 01:44:00+00:00,33,1,2770,16212.75,16214.0,16212.5,16213.5,18,NQ.v.0
2021-11-16 01:45:00+00:00,33,1,2770,16213.25,16213.75,16212.5,16213.5,22,NQ.v.0
2021-11-16 01:46:00+00:00,33,1,2770,16213.75,16216.25,16213.5,16215.5,57,NQ.v.0
2021-11-16 01:47:00+00:00,33,1,2770,16215.25,16218.25,16215.25,16217.75,62,NQ.v.0
2021-11-16 01:48:00+00:00,33,1,2770,16217.75,16218.0,16216.25,16216.25,51,NQ.v.0
2021-11-16 01:49:00+00:00,33,1,2770,16216.75,16217.25,16215.75,16217.25,22,NQ.v.0
2021-11-16 01:50:00+00:00,33,1,2770,16216.75,16222.0,16215.75,16220.75,160,NQ.v.0
2021-11-16 01:51:00+00:00,33,1,2770,16220.5,16222.0,16216.75,16218.5,131,NQ.v.0
2021-11-16 01:52:00+00:00,33,1,2770,16219.0,16219.0,16213.75,16214.5,84,NQ.v.0
2021-11-16 01:53:00+00:00,33,1,2770,16214.5,16214.5,16213.25,16214.0,32,NQ.v.0
2021-11-16 01:54:00+00:00,33,1,2770,16213.75,16214.75,16212.5,16214.25,26,NQ.v.0
2021-11-16 01:55:00+00:00,33,1,2770,16214.25,16216.0,16213.5,16216.0,55,NQ.v.0
2021-11-16 01:56:00+00:00,33,1,2770,16215.75,16220.5,16215.0,16220.5,73,NQ.v.0
2021-11-16 01:57:00+00:00,33,1,2770,16220.5,16224.75,16219.75,16223.25,128,NQ.v.0
2021-11-16 01:58:00+00:00,33,1,2770,16223.25,16225.75,16221.5,16222.0,195,NQ.v.0
2021-11-16 01:59:00+00:00,33,1,2770,16221.5,16222.5,16219.5,16219.75,57,NQ.v.0
2021-11-16 02:00:00+00:00,33,1,2770,16220.0,16221.25,16219.0,16219.5,47,NQ.v.0
2021-11-16 02:01:00+00:00,33,1,2770,16219.25,16221.0,16219.0,16220.0,38,NQ.v.0
2021-11-16 02:02:00+00:00,33,1,2770,16219.25,16220.5,16218.25,16218.5,38,NQ.v.0
2021-11-16 02:03:00+00:00,33,1,2770,16218.5,16219.5,16218.25,16219.0,28,NQ.v.0
2021-11-16 02:04:00+00:00,33,1,2770,16219.5,16219.5,16216.5,16216.5,37,NQ.v.0
2021-11-16 02:05:00+00:00,33,1,2770,16216.5,16218.25,16216.5,16217.25,31,NQ.v.0
2021-11-16 02:06:00+00:00,33,1,2770,16216.5,16217.75,16216.5,16217.5,10,NQ.v.0
2021-11-16 02:07:00+00:00,33,1,2770,16217.75,16218.25,16217.25,16217.5,16,NQ.v.0
2021-11-16 02:08:00+00:00,33,1,2770,16218.25,16218.5,16216.75,16217.25,25,NQ.v.0
2021-11-16 02:09:00+00:00,33,1,2770,16217.25,16218.75,16216.75,16218.0,43,NQ.v.0
2021-11-16 02:10:00+00:00,33,1,2770,16217.5,16218.0,16215.0,16217.75,43,NQ.v.0
2021-11-16 02:11:00+00:00,33,1,2770,16217.75,16217.75,16215.75,16216.25,74,NQ.v.0
2021-11-16 02:12:00+00:00,33,1,2770,16216.5,16216.75,16215.75,16216.25,36,NQ.v.0
2021-11-16 02:13:00+00:00,33,1,2770,16216.75,16219.75,16216.75,16219.75,29,NQ.v.0
2021-11-16 02:14:00+00:00,33,1,2770,16219.5,16221.25,16219.25,16220.75,20,NQ.v.0
2021-11-16 02:15:00+00:00,33,1,2770,16220.5,16220.5,16217.75,16218.25,50,NQ.v.0
2021-11-16 02:16:00+00:00,33,1,2770,16218.5,16218.5,16214.5,16217.0,83,NQ.v.0
2021-11-16 02:17:00+00:00,33,1,2770,16217.25,16218.75,16217.25,16217.25,16,NQ.v.0
2021-11-16 02:18:00+00:00,33,1,2770,16216.75,16216.75,16214.75,16215.75,40,NQ.v.0
2021-11-16 02:19:00+00:00,33,1,2770,16216.0,16216.75,16214.25,16215.5,37,NQ.v.0
2021-11-16 02:20:00+00:00,33,1,2770,16215.0,16216.0,16215.0,16215.5,17,NQ.v.0
2021-11-16 02:21:00+00:00,33,1,2770,16215.75,16216.5,16215.25,16216.0,18,NQ.v.0
2021-11-16 02:22:00+00:00,33,1,2770,16215.25,16215.5,16214.0,16214.0,28,NQ.v.0
2021-11-16 02:23:00+00:00,33,1,2770,16214.75,16217.5,16214.75,16217.5,23,NQ.v.0
2021-11-16 02:24:00+00:00,33,1,2770,16216.75,16217.75,16216.0,16216.25,14,NQ.v.0
2021-11-16 02:25:00+00:00,33,1,2770,16217.0,16218.0,16216.0,16216.0,17,NQ.v.0
2021-11-16 02:26:00+00:00,33,1,2770,16215.75,16217.25,16215.5,16216.5,19,NQ.v.0
2021-11-16 02:27:00+00:00,33,1,2770,16216.5,16216.75,16216.25,16216.25,9,NQ.v.0
2021-11-16 02:28:00+00:00,33,1,2770,16216.0,16216.25,16216.0,16216.0,6,NQ.v.0
2021-11-16 02:29:00+00:00,33,1,2770,16217.0,16217.0,16217.0,16217.0,1,NQ.v.0
2021-11-16 02:30:00+00:00,33,1,2770,16216.75,16219.0,16216.75,16218.25,33,NQ.v.0
2021-11-16 02:31:00+00:00,33,1,2770,16217.5,16220.0,16217.5,16219.5,32,NQ.v.0
2021-11-16 02:32:00+00:00,33,1,2770,16219.0,16219.75,16218.0,16219.0,33,NQ.v.0
2021-11-16 02:33:00+00:00,33,1,2770,16219.5,16221.25,16216.0,16217.25,57,NQ.v.0
2021-11-16 02:34:00+00:00,33,1,2770,16217.5,16218.25,16216.5,16217.5,32,NQ.v.0
2021-11-16 02:35:00+00:00,33,1,2770,16218.0,16218.75,16217.0,16217.75,15,NQ.v.0
2021-11-16 02:36:00+00:00,33,1,2770,16217.5,16219.0,16216.25,16217.75,23,NQ.v.0
2021-11-16 02:37:00+00:00,33,1,2770,16217.75,16217.75,16216.25,16216.25,15,NQ.v.0
2021-11-16 02:38:00+00:00,33,1,2770,16216.75,16217.0,16215.0,16215.75,31,NQ.v.0
2021-11-16 02:39:00+00:00,33,1,2770,16216.25,16217.25,16214.25,16217.25,43,NQ.v.0
2021-11-16 02:40:00+00:00,33,1,2770,16217.25,16217.5,16214.5,16215.0,55,NQ.v.0
2021-11-16 02:41:00+00:00,33,1,2770,16215.25,16215.75,16215.0,16215.75,17,NQ.v.0
2021-11-16 02:42:00+00:00,33,1,2770,16216.0,16216.75,16214.5,16216.5,43,NQ.v.0
2021-11-16 02:43:00+00:00,33,1,2770,16217.0,16217.0,16214.75,16215.5,30,NQ.v.0
2021-11-16 02:44:00+00:00,33,1,2770,16215.25,16216.0,16213.75,16214.25,32,NQ.v.0
2021-11-16 02:45:00+00:00,33,1,2770,16215.0,16215.25,16214.5,16214.5,9,NQ.v.0
2021-11-16 02:46:00+00:00,33,1,2770,16215.0,16215.75,16214.75,16214.75,20,NQ.v.0
2021-11-16 02:47:00+00:00,33,1,2770,16214.75,16214.75,16213.5,16213.5,26,NQ.v.0
2021-11-16 02:48:00+00:00,33,1,2770,16213.5,16213.5,16211.0,16211.75,83,NQ.v.0
2021-11-16 02:49:00+00:00,33,1,2770,16211.75,16212.0,16210.25,16212.0,83,NQ.v.0
2021-11-16 02:50:00+00:00,33,1,2770,16211.75,16212.0,16211.0,16211.5,30,NQ.v.0
2021-11-16 02:51:00+00:00,33,1,2770,16211.25,16212.0,16211.0,16211.5,22,NQ.v.0
2021-11-16 02:52:00+00:00,33,1,2770,16211.5,16212.25,16211.25,16212.25,24,NQ.v.0
2021-11-16 02:53:00+00:00,33,1,2770,16212.25,16213.5,16212.0,16213.0,53,NQ.v.0
2021-11-16 02:54:00+00:00,33,1,2770,16213.0,16213.0,16211.25,16211.25,15,NQ.v.0
2021-11-16 02:55:00+00:00,33,1,2770,16211.5,16213.5,16211.5,16213.0,21,NQ.v.0
2021-11-16 02:56:00+00:00,33,1,2770,16213.0,16214.0,16212.75,16213.5,36,NQ.v.0
2021-11-16 02:57:00+00:00,33,1,2770,16213.75,16213.75,16211.75,16212.5,37,NQ.v.0
2021-11-16 02:58:00+00:00,33,1,2770,16213.0,16213.5,16211.75,16212.0,38,NQ.v.0
2021-11-16 02:59:00+00:00,33,1,2770,16212.5,16213.5,16212.0,16212.75,36,NQ.v.0
2021-11-16 03:00:00+00:00,33,1,2770,16213.5,16215.0,16213.25,16213.5,39,NQ.v.0
2021-11-16 03:01:00+00:00,33,1,2770,16213.0,16213.25,16211.25,16211.75,45,NQ.v.0
2021-11-16 03:02:00+00:00,33,1,2770,16211.75,16214.25,16211.75,16213.25,24,NQ.v.0
2021-11-16 03:03:00+00:00,33,1,2770,16213.5,16215.75,16213.5,16215.5,41,NQ.v.0
2021-11-16 03:04:00+00:00,33,1,2770,16215.5,16217.0,16215.5,16216.25,39,NQ.v.0
2021-11-16 03:05:00+00:00,33,1,2770,16216.5,16216.5,16214.25,16215.75,23,NQ.v.0
2021-11-16 03:06:00+00:00,33,1,2770,16216.25,16216.25,16215.25,16215.75,12,NQ.v.0
2021-11-16 03:07:00+00:00,33,1,2770,16215.5,16215.75,16215.0,16215.5,12,NQ.v.0
2021-11-16 03:08:00+00:00,33,1,2770,16216.0,16217.75,16216.0,16216.25,27,NQ.v.0
2021-11-16 03:09:00+00:00,33,1,2770,16216.25,16216.25,16214.75,16215.25,17,NQ.v.0
2021-11-16 03:10:00+00:00,33,1,2770,16215.5,16216.0,16215.0,16215.75,33,NQ.v.0
2021-11-16 03:11:00+00:00,33,1,2770,16215.5,16215.5,16213.75,16214.5,19,NQ.v.0
2021-11-16 03:12:00+00:00,33,1,2770,16214.75,16215.0,16214.5,16214.5,7,NQ.v.0
2021-11-16 03:13:00+00:00,33,1,2770,16214.5,16214.5,16212.0,16213.25,46,NQ.v.0
2021-11-16 03:14:00+00:00,33,1,2770,16213.5,16216.75,16213.5,16216.75,36,NQ.v.0
2021-11-16 03:15:00+00:00,33,1,2770,16216.75,16217.0,16215.0,16215.5,25,NQ.v.0
2021-11-16 03:16:00+00:00,33,1,2770,16215.5,16216.25,16215.25,16216.25,14,NQ.v.0
2021-11-16 03:17:00+00:00,33,1,2770,16215.5,16218.0,16215.5,16217.5,23,NQ.v.0
2021-11-16 03:18:00+00:00,33,1,2770,16217.25,16217.5,16216.5,16216.75,30,NQ.v.0
2021-11-16 03:19:00+00:00,33,1,2770,16216.75,16220.0,16216.75,16219.5,91,NQ.v.0
2021-11-16 03:20:00+00:00,33,1,2770,16219.25,16219.25,16215.0,16216.5,57,NQ.v.0
2021-11-16 03:21:00+00:00,33,1,2770,16216.25,16216.75,16214.5,16215.5,28,NQ.v.0
2021-11-16 03:22:00+00:00,33,1,2770,16215.5,16215.5,16214.5,16214.75,16,NQ.v.0
2021-11-16 03:23:00+00:00,33,1,2770,16215.0,16215.0,16212.75,16213.25,28,NQ.v.0
2021-11-16 03:24:00+00:00,33,1,2770,16213.25,16214.75,16213.25,16214.75,20,NQ.v.0
2021-11-16 03:25:00+00:00,33,1,2770,16215.5,16215.5,16214.75,16214.75,11,NQ.v.0
2021-11-16 03:26:00+00:00,33,1,2770,16214.75,16215.25,16214.25,16214.75,12,NQ.v.0
2021-11-16 03:27:00+00:00,33,1,2770,16214.5,16216.0,16214.25,16214.75,14,NQ.v.0
2021-11-16 03:28:00+00:00,33,1,2770,16214.5,16215.75,16214.5,16215.75,9,NQ.v.0
2021-11-16 03:29:00+00:00,33,1,2770,16214.75,16216.5,16214.5,16216.5,21,NQ.v.0
2021-11-16 03:30:00+00:00,33,1,2770,16216.5,16217.75,16216.0,16217.5,19,NQ.v.0
2021-11-16 03:31:00+00:00,33,1,2770,16217.25,16218.25,16216.75,16218.25,42,NQ.v.0
2021-11-16 03:32:00+00:00,33,1,2770,16217.75,16217.75,16216.5,16216.5,10,NQ.v.0
2021-11-16 03:33:00+00:00,33,1,2770,16216.75,16217.75,16216.0,16217.75,18,NQ.v.0
2021-11-16 03:34:00+00:00,33,1,2770,16217.5,16218.0,16216.25,16216.75,13,NQ.v.0
2021-11-16 03:35:00+00:00,33,1,2770,16216.5,16216.5,16215.0,16215.25,17,NQ.v.0
2021-11-16 03:36:00+00:00,33,1,2770,16215.5,16215.5,16214.25,16214.25,39,NQ.v.0
2021-11-16 03:37:00+00:00,33,1,2770,16214.0,16214.75,16214.0,16214.0,13,NQ.v.0
2021-11-16 03:38:00+00:00,33,1,2770,16214.0,16214.0,16213.0,16213.5,13,NQ.v.0
2021-11-16 03:39:00+00:00,33,1,2770,16213.0,16214.25,16213.0,16214.25,10,NQ.v.0
2021-11-16 03:40:00+00:00,33,1,2770,16213.5,16213.75,16213.0,16213.0,14,NQ.v.0
2021-11-16 03:41:00+00:00,33,1,2770,16213.0,16214.5,16212.75,16214.0,17,NQ.v.0
2021-11-16 03:42:00+00:00,33,1,2770,16214.0,16214.0,16213.0,16213.75,7,NQ.v.0
2021-11-16 03:43:00+00:00,33,1,2770,16213.5,16215.0,16213.5,16214.75,10,NQ.v.0
2021-11-16 03:44:00+00:00,33,1,2770,16214.5,16214.75,16214.0,16214.75,10,NQ.v.0
2021-11-16 03:45:00+00:00,33,1,2770,16214.25,16214.75,16213.5,16214.0,9,NQ.v.0
2021-11-16 03:46:00+00:00,33,1,2770,16213.5,16213.5,16213.0,16213.0,7,NQ.v.0
2021-11-16 03:47:00+00:00,33,1,2770,16213.0,16213.75,16212.25,16213.5,20,NQ.v.0
2021-11-16 03:48:00+00:00,33,1,2770,16213.0,16213.0,16212.5,16212.5,13,NQ.v.0
2021-11-16 03:49:00+00:00,33,1,2770,16212.75,16213.25,16211.5,16212.25,21,NQ.v.0
2021-11-16 03:50:00+00:00,33,1,2770,16212.5,16213.0,16212.5,16213.0,9,NQ.v.0
2021-11-16 03:51:00+00:00,33,1,2770,16213.75,16213.75,16213.0,16213.5,11,NQ.v.0
2021-11-16 03:52:00+00:00,33,1,2770,16213.75,16215.0,16213.25,16214.5,28,NQ.v.0
2021-11-16 03:53:00+00:00,33,1,2770,16214.5,16216.25,16214.5,16216.25,22,NQ.v.0
2021-11-16 03:54:00+00:00,33,1,2770,16216.25,16216.25,16215.5,16216.0,17,NQ.v.0
2021-11-16 03:55:00+00:00,33,1,2770,16215.25,16216.0,16214.75,16215.25,11,NQ.v.0
2021-11-16 03:56:00+00:00,33,1,2770,16215.25,16216.0,16215.25,16215.5,16,NQ.v.0
2021-11-16 03:57:00+00:00,33,1,2770,16215.5,16217.25,16215.5,16217.25,31,NQ.v.0
2021-11-16 03:58:00+00:00,33,1,2770,16216.75,16217.25,16215.75,16216.0,14,NQ.v.0
2021-11-16 03:59:00+00:00,33,1,2770,16216.0,16216.5,16215.75,16216.25,11,NQ.v.0
2021-11-16 04:00:00+00:00,33,1,2770,16216.0,16216.5,16215.25,16215.75,10,NQ.v.0
2021-11-16 04:01:00+00:00,33,1,2770,16215.5,16215.5,16214.5,16214.5,29,NQ.v.0
2021-11-16 04:02:00+00:00,33,1,2770,16214.5,16214.75,16213.75,16214.0,25,NQ.v.0
2021-11-16 04:03:00+00:00,33,1,2770,16213.5,16213.75,16212.0,16213.0,54,NQ.v.0
2021-11-16 04:04:00+00:00,33,1,2770,16213.25,16213.25,16212.5,16212.5,24,NQ.v.0
2021-11-16 04:05:00+00:00,33,1,2770,16212.25,16213.0,16210.75,16211.5,41,NQ.v.0
2021-11-16 04:06:00+00:00,33,1,2770,16211.5,16211.5,16208.25,16209.5,78,NQ.v.0
2021-11-16 04:07:00+00:00,33,1,2770,16209.5,16210.0,16207.0,16209.0,104,NQ.v.0
2021-11-16 04:08:00+00:00,33,1,2770,16208.75,16210.75,16208.5,16210.75,29,NQ.v.0
2021-11-16 04:09:00+00:00,33,1,2770,16210.75,16210.75,16210.0,16210.0,28,NQ.v.0
2021-11-16 04:10:00+00:00,33,1,2770,16209.5,16210.0,16209.25,16209.25,23,NQ.v.0
2021-11-16 04:11:00+00:00,33,1,2770,16209.0,16211.5,16209.0,16211.25,25,NQ.v.0
2021-11-16 04:12:00+00:00,33,1,2770,16211.0,16211.5,16210.5,16211.5,21,NQ.v.0
2021-11-16 04:13:00+00:00,33,1,2770,16210.75,16211.75,16210.25,16211.5,28,NQ.v.0
2021-11-16 04:14:00+00:00,33,1,2770,16211.5,16211.5,16210.5,16210.5,11,NQ.v.0
2021-11-16 04:15:00+00:00,33,1,2770,16210.25,16210.75,16209.75,16210.0,12,NQ.v.0
2021-11-16 04:16:00+00:00,33,1,2770,16210.25,16210.25,16210.25,16210.25,2,NQ.v.0
2021-11-16 04:17:00+00:00,33,1,2770,16210.25,16210.25,16209.0,16209.75,23,NQ.v.0
2021-11-16 04:18:00+00:00,33,1,2770,16209.25,16209.25,16208.0,16208.0,20,NQ.v.0
2021-11-16 04:19:00+00:00,33,1,2770,16207.75,16208.0,16206.25,16206.75,56,NQ.v.0
2021-11-16 04:20:00+00:00,33,1,2770,16207.0,16207.25,16207.0,16207.25,9,NQ.v.0
2021-11-16 04:21:00+00:00,33,1,2770,16207.5,16208.0,16205.25,16206.0,77,NQ.v.0
2021-11-16 04:22:00+00:00,33,1,2770,16205.5,16206.75,16192.75,16194.25,450,NQ.v.0
2021-11-16 04:23:00+00:00,33,1,2770,16193.75,16195.0,16188.25,16192.25,421,NQ.v.0
2021-11-16 04:24:00+00:00,33,1,2770,16192.5,16192.75,16187.5,16192.75,161,NQ.v.0
2021-11-16 04:25:00+00:00,33,1,2770,16192.75,16193.5,16188.0,16190.75,135,NQ.v.0
2021-11-16 04:26:00+00:00,33,1,2770,16190.75,16192.75,16189.5,16192.0,72,NQ.v.0
2021-11-16 04:27:00+00:00,33,1,2770,16192.25,16192.25,16188.75,16190.0,65,NQ.v.0
2021-11-16 04:28:00+00:00,33,1,2770,16189.5,16189.5,16187.0,16188.25,71,NQ.v.0
2021-11-16 04:29:00+00:00,33,1,2770,16188.25,16190.0,16187.75,16190.0,31,NQ.v.0
2021-11-16 04:30:00+00:00,33,1,2770,16189.75,16189.75,16185.5,16186.75,123,NQ.v.0
2021-11-16 04:31:00+00:00,33,1,2770,16186.5,16189.75,16186.5,16189.75,40,NQ.v.0
2021-11-16 04:32:00+00:00,33,1,2770,16189.75,16191.5,16189.75,16191.25,35,NQ.v.0
2021-11-16 04:33:00+00:00,33,1,2770,16191.5,16191.5,16190.0,16191.25,35,NQ.v.0
2021-11-16 04:34:00+00:00,33,1,2770,16191.0,16191.5,16190.5,16190.5,27,NQ.v.0
2021-11-16 04:35:00+00:00,33,1,2770,16190.75,16193.25,16190.25,16192.5,62,NQ.v.0
2021-11-16 04:36:00+00:00,33,1,2770,16192.25,16193.75,16191.75,16192.75,35,NQ.v.0
2021-11-16 04:37:00+00:00,33,1,2770,16192.5,16192.5,16191.0,16192.0,38,NQ.v.0
2021-11-16 04:38:00+00:00,33,1,2770,16191.75,16193.0,16191.75,16192.75,21,NQ.v.0
2021-11-16 04:39:00+00:00,33,1,2770,16192.25,16195.0,16192.25,16194.25,65,NQ.v.0
2021-11-16 04:40:00+00:00,33,1,2770,16193.75,16194.75,16193.25,16194.25,39,NQ.v.0
2021-11-16 04:41:00+00:00,33,1,2770,16194.0,16194.25,16192.75,16192.75,22,NQ.v.0
2021-11-16 04:42:00+00:00,33,1,2770,16192.5,16193.0,16192.0,16192.75,15,NQ.v.0
2021-11-16 04:43:00+00:00,33,1,2770,16193.0,16193.0,16192.0,16192.25,23,NQ.v.0
2021-11-16 04:44:00+00:00,33,1,2770,16192.0,16193.0,16192.0,16193.0,9,NQ.v.0
2021-11-16 04:45:00+00:00,33,1,2770,16192.5,16192.5,16191.5,16191.75,14,NQ.v.0
2021-11-16 04:46:00+00:00,33,1,2770,16191.5,16192.75,16191.0,16192.75,20,NQ.v.0
2021-11-16 04:47:00+00:00,33,1,2770,16193.0,16193.25,16193.0,16193.0,7,NQ.v.0
2021-11-16 04:48:00+00:00,33,1,2770,16193.0,16194.0,16193.0,16193.0,40,NQ.v.0
2021-11-16 04:49:00+00:00,33,1,2770,16193.0,16193.5,16192.25,16193.0,20,NQ.v.0
2021-11-16 04:50:00+00:00,33,1,2770,16193.5,16193.75,16193.0,16193.25,14,NQ.v.0
2021-11-16 04:51:00+00:00,33,1,2770,16193.0,16193.25,16192.25,16192.25,8,NQ.v.0
2021-11-16 04:52:00+00:00,33,1,2770,16191.75,16192.75,16191.0,16191.75,32,NQ.v.0
2021-11-16 04:53:00+00:00,33,1,2770,16191.25,16191.5,16191.25,16191.5,7,NQ.v.0
2021-11-16 04:54:00+00:00,33,1,2770,16191.5,16191.5,16190.5,16191.5,20,NQ.v.0
2021-11-16 04:55:00+00:00,33,1,2770,16191.5,16191.5,16190.0,16190.5,31,NQ.v.0
2021-11-16 04:56:00+00:00,33,1,2770,16190.0,16190.0,16188.25,16188.25,40,NQ.v.0
2021-11-16 04:57:00+00:00,33,1,2770,16188.5,16189.0,16186.75,16188.0,53,NQ.v.0
2021-11-16 04:58:00+00:00,33,1,2770,16188.0,16190.0,16188.0,16188.75,32,NQ.v.0
2021-11-16 04:59:00+00:00,33,1,2770,16189.25,16190.75,16189.0,16190.5,25,NQ.v.0
2021-11-16 05:00:00+00:00,33,1,2770,16190.5,16194.25,16190.25,16193.75,57,NQ.v.0
2021-11-16 05:01:00+00:00,33,1,2770,16194.0,16196.0,16193.5,16194.75,85,NQ.v.0
2021-11-16 05:02:00+00:00,33,1,2770,16194.5,16197.0,16194.5,16196.0,67,NQ.v.0
2021-11-16 05:03:00+00:00,33,1,2770,16196.25,16196.25,16194.25,16195.5,19,NQ.v.0
2021-11-16 05:04:00+00:00,33,1,2770,16195.75,16195.75,16195.0,16195.75,31,NQ.v.0
2021-11-16 05:05:00+00:00,33,1,2770,16195.25,16196.25,16194.5,16195.0,55,NQ.v.0
2021-11-16 05:06:00+00:00,33,1,2770,16195.25,16195.25,16194.25,16194.25,21,NQ.v.0
2021-11-16 05:07:00+00:00,33,1,2770,16194.75,16196.0,16194.75,16195.5,25,NQ.v.0
2021-11-16 05:08:00+00:00,33,1,2770,16196.0,16196.0,16195.5,16196.0,9,NQ.v.0
2021-11-16 05:09:00+00:00,33,1,2770,16195.25,16195.25,16194.5,16195.0,12,NQ.v.0
2021-11-16 05:10:00+00:00,33,1,2770,16195.25,16196.0,16195.25,16195.5,17,NQ.v.0
2021-11-16 05:11:00+00:00,33,1,2770,16195.0,16195.0,16194.75,16194.75,13,NQ.v.0
2021-11-16 05:12:00+00:00,33,1,2770,16195.0,16195.0,16194.75,16195.0,5,NQ.v.0
2021-11-16 05:13:00+00:00,33,1,2770,16194.5,16195.75,16194.25,16195.0,23,NQ.v.0
2021-11-16 05:14:00+00:00,33,1,2770,16195.0,16195.5,16192.25,16193.25,46,NQ.v.0
2021-11-16 05:15:00+00:00,33,1,2770,16194.5,16194.5,16193.5,16193.75,6,NQ.v.0
2021-11-16 05:16:00+00:00,33,1,2770,16193.75,16193.75,16191.5,16192.25,27,NQ.v.0
2021-11-16 05:17:00+00:00,33,1,2770,16192.0,16192.5,16190.5,16191.5,31,NQ.v.0
2021-11-16 05:18:00+00:00,33,1,2770,16191.5,16191.5,16189.5,16190.0,27,NQ.v.0
2021-11-16 05:19:00+00:00,33,1,2770,16190.25,16190.75,16188.0,16188.0,50,NQ.v.0
2021-11-16 05:20:00+00:00,33,1,2770,16187.25,16188.75,16184.5,16185.25,119,NQ.v.0
2021-11-16 05:21:00+00:00,33,1,2770,16185.0,16185.0,16177.0,16180.0,310,NQ.v.0
2021-11-16 05:22:00+00:00,33,1,2770,16180.0,16183.0,16178.0,16180.0,127,NQ.v.0
2021-11-16 05:23:00+00:00,33,1,2770,16179.5,16183.5,16179.5,16182.25,75,NQ.v.0
2021-11-16 05:24:00+00:00,33,1,2770,16181.75,16183.25,16179.5,16179.75,55,NQ.v.0
2021-11-16 05:25:00+00:00,33,1,2770,16179.25,16181.25,16179.25,16180.5,44,NQ.v.0
2021-11-16 05:26:00+00:00,33,1,2770,16180.75,16180.75,16171.25,16175.0,304,NQ.v.0
2021-11-16 05:27:00+00:00,33,1,2770,16174.5,16177.5,16174.0,16177.0,74,NQ.v.0
2021-11-16 05:28:00+00:00,33,1,2770,16177.0,16178.25,16175.75,16177.0,36,NQ.v.0
2021-11-16 05:29:00+00:00,33,1,2770,16176.0,16178.25,16175.25,16176.25,53,NQ.v.0
2021-11-16 05:30:00+00:00,33,1,2770,16175.75,16181.75,16174.25,16181.75,106,NQ.v.0
2021-11-16 05:31:00+00:00,33,1,2770,16182.0,16185.0,16181.25,16183.25,214,NQ.v.0
2021-11-16 05:32:00+00:00,33,1,2770,16183.0,16184.75,16182.25,16182.25,69,NQ.v.0
2021-11-16 05:33:00+00:00,33,1,2770,16182.75,16183.0,16180.75,16181.5,41,NQ.v.0
2021-11-16 05:34:00+00:00,33,1,2770,16181.0,16182.5,16181.0,16181.75,42,NQ.v.0
2021-11-16 05:35:00+00:00,33,1,2770,16181.5,16182.0,16179.5,16181.5,36,NQ.v.0
2021-11-16 05:36:00+00:00,33,1,2770,16181.25,16184.75,16181.25,16183.75,32,NQ.v.0
2021-11-16 05:37:00+00:00,33,1,2770,16184.25,16185.5,16183.75,16185.5,37,NQ.v.0
2021-11-16 05:38:00+00:00,33,1,2770,16184.5,16185.25,16184.25,16185.0,26,NQ.v.0
2021-11-16 05:39:00+00:00,33,1,2770,16184.5,16185.0,16184.0,16184.75,16,NQ.v.0
2021-11-16 05:40:00+00:00,33,1,2770,16185.0,16185.75,16185.0,16185.0,10,NQ.v.0
2021-11-16 05:41:00+00:00,33,1,2770,16184.75,16185.5,16183.5,16183.5,26,NQ.v.0
2021-11-16 05:42:00+00:00,33,1,2770,16184.0,16184.0,16183.0,16183.0,15,NQ.v.0
2021-11-16 05:43:00+00:00,33,1,2770,16183.5,16183.75,16183.5,16183.5,6,NQ.v.0
2021-11-16 05:44:00+00:00,33,1,2770,16184.0,16184.5,16183.0,16184.5,8,NQ.v.0
2021-11-16 05:45:00+00:00,33,1,2770,16184.5,16187.5,16184.5,16187.5,46,NQ.v.0
2021-11-16 05:46:00+00:00,33,1,2770,16187.75,16188.5,16187.25,16187.5,41,NQ.v.0
2021-11-16 05:47:00+00:00,33,1,2770,16187.5,16187.5,16185.75,16187.25,62,NQ.v.0
2021-11-16 05:48:00+00:00,33,1,2770,16187.25,16187.5,16185.0,16185.25,43,NQ.v.0
2021-11-16 05:49:00+00:00,33,1,2770,16184.75,16185.0,16182.5,16183.25,60,NQ.v.0
2021-11-16 05:50:00+00:00,33,1,2770,16183.25,16184.25,16183.25,16183.75,23,NQ.v.0
2021-11-16 05:51:00+00:00,33,1,2770,16183.5,16183.75,16182.5,16183.0,18,NQ.v.0
2021-11-16 05:52:00+00:00,33,1,2770,16182.5,16183.25,16181.5,16182.25,33,NQ.v.0
2021-11-16 05:53:00+00:00,33,1,2770,16182.0,16183.5,16182.0,16183.5,31,NQ.v.0
2021-11-16 05:54:00+00:00,33,1,2770,16183.5,16183.5,16181.5,16182.25,23,NQ.v.0
2021-11-16 05:55:00+00:00,33,1,2770,16182.0,16182.25,16180.75,16182.25,24,NQ.v.0
2021-11-16 05:56:00+00:00,33,1,2770,16182.0,16182.75,16181.75,16182.5,10,NQ.v.0
2021-11-16 05:57:00+00:00,33,1,2770,16182.25,16184.0,16181.75,16182.75,43,NQ.v.0
2021-11-16 05:58:00+00:00,33,1,2770,16182.5,16183.5,16181.75,16181.75,16,NQ.v.0
2021-11-16 05:59:00+00:00,33,1,2770,16181.0,16184.75,16180.75,16184.0,25,NQ.v.0
2021-11-16 06:00:00+00:00,33,1,2770,16184.25,16186.5,16184.0,16185.0,55,NQ.v.0
2021-11-16 06:01:00+00:00,33,1,2770,16185.0,16186.75,16184.25,16184.75,51,NQ.v.0
2021-11-16 06:02:00+00:00,33,1,2770,16185.0,16185.0,16182.5,16182.75,45,NQ.v.0
2021-11-16 06:03:00+00:00,33,1,2770,16183.25,16185.0,16182.5,16185.0,25,NQ.v.0
2021-11-16 06:04:00+00:00,33,1,2770,16184.75,16187.75,16184.75,16187.25,45,NQ.v.0
2021-11-16 06:05:00+00:00,33,1,2770,16187.0,16187.0,16184.5,16185.75,50,NQ.v.0
2021-11-16 06:06:00+00:00,33,1,2770,16185.5,16186.0,16185.0,16186.0,11,NQ.v.0
2021-11-16 06:07:00+00:00,33,1,2770,16186.0,16187.75,16186.0,16187.75,22,NQ.v.0
2021-11-16 06:08:00+00:00,33,1,2770,16187.0,16187.75,16186.25,16186.5,27,NQ.v.0
2021-11-16 06:09:00+00:00,33,1,2770,16186.25,16187.25,16185.5,16186.75,16,NQ.v.0
2021-11-16 06:10:00+00:00,33,1,2770,16186.75,16187.5,16186.0,16187.25,22,NQ.v.0
2021-11-16 06:11:00+00:00,33,1,2770,16186.75,16189.25,16186.75,16189.25,37,NQ.v.0
2021-11-16 06:12:00+00:00,33,1,2770,16188.75,16188.75,16187.0,16188.5,17,NQ.v.0
2021-11-16 06:13:00+00:00,33,1,2770,16188.75,16189.75,16188.75,16189.75,36,NQ.v.0
2021-11-16 06:14:00+00:00,33,1,2770,16189.75,16191.0,16189.5,16191.0,66,NQ.v.0
2021-11-16 06:15:00+00:00,33,1,2770,16191.5,16194.25,16190.75,16194.25,110,NQ.v.0
2021-11-16 06:16:00+00:00,33,1,2770,16194.0,16194.25,16193.25,16193.5,41,NQ.v.0
2021-11-16 06:17:00+00:00,33,1,2770,16193.25,16193.25,16191.5,16192.5,54,NQ.v.0
2021-11-16 06:18:00+00:00,33,1,2770,16192.75,16192.75,16189.25,16189.5,85,NQ.v.0
2021-11-16 06:19:00+00:00,33,1,2770,16189.25,16189.25,16187.0,16187.75,92,NQ.v.0
2021-11-16 06:20:00+00:00,33,1,2770,16187.75,16190.25,16187.5,16189.25,83,NQ.v.0
2021-11-16 06:21:00+00:00,33,1,2770,16189.5,16191.25,16188.25,16188.5,102,NQ.v.0
2021-11-16 06:22:00+00:00,33,1,2770,16188.25,16189.25,16187.75,16188.0,31,NQ.v.0
2021-11-16 06:23:00+00:00,33,1,2770,16188.0,16188.0,16185.5,16187.25,64,NQ.v.0
2021-11-16 06:24:00+00:00,33,1,2770,16187.5,16188.5,16185.5,16188.0,25,NQ.v.0
2021-11-16 06:25:00+00:00,33,1,2770,16187.5,16188.25,16186.0,16188.0,29,NQ.v.0
2021-11-16 06:26:00+00:00,33,1,2770,16187.75,16187.75,16183.75,16184.25,59,NQ.v.0
2021-11-16 06:27:00+00:00,33,1,2770,16184.25,16188.5,16184.25,16187.75,57,NQ.v.0
2021-11-16 06:28:00+00:00,33,1,2770,16188.0,16188.5,16184.0,16184.0,106,NQ.v.0
2021-11-16 06:29:00+00:00,33,1,2770,16183.75,16183.75,16177.75,16179.25,173,NQ.v.0
2021-11-16 06:30:00+00:00,33,1,2770,16179.5,16183.75,16179.25,16182.5,77,NQ.v.0
2021-11-16 06:31:00+00:00,33,1,2770,16182.25,16184.75,16181.5,16183.5,62,NQ.v.0
2021-11-16 06:32:00+00:00,33,1,2770,16183.0,16184.25,16182.75,16183.75,16,NQ.v.0
2021-11-16 06:33:00+00:00,33,1,2770,16184.0,16185.25,16183.75,16185.25,17,NQ.v.0
2021-11-16 06:34:00+00:00,33,1,2770,16185.5,16186.0,16184.75,16185.75,25,NQ.v.0
2021-11-16 06:35:00+00:00,33,1,2770,16186.0,16186.0,16183.25,16183.75,28,NQ.v.0
2021-11-16 06:36:00+00:00,33,1,2770,16184.0,16185.5,16184.0,16185.25,12,NQ.v.0
2021-11-16 06:37:00+00:00,33,1,2770,16185.5,16186.25,16185.0,16185.75,13,NQ.v.0
2021-11-16 06:38:00+00:00,33,1,2770,16186.25,16186.75,16185.75,16186.5,24,NQ.v.0
2021-11-16 06:39:00+00:00,33,1,2770,16186.0,16187.5,16185.25,16185.25,58,NQ.v.0
2021-11-16 06:40:00+00:00,33,1,2770,16185.25,16187.75,16181.75,16187.5,149,NQ.v.0
2021-11-16 06:41:00+00:00,33,1,2770,16187.75,16187.75,16183.75,16185.5,73,NQ.v.0
2021-11-16 06:42:00+00:00,33,1,2770,16186.0,16188.0,16186.0,16186.75,48,NQ.v.0
2021-11-16 06:43:00+00:00,33,1,2770,16186.0,16188.5,16185.75,16188.25,26,NQ.v.0
2021-11-16 06:44:00+00:00,33,1,2770,16188.0,16188.5,16184.75,16185.5,24,NQ.v.0
2021-11-16 06:45:00+00:00,33,1,2770,16186.25,16189.0,16185.5,16188.25,48,NQ.v.0
2021-11-16 06:46:00+00:00,33,1,2770,16188.25,16189.0,16187.0,16187.0,68,NQ.v.0
2021-11-16 06:47:00+00:00,33,1,2770,16186.5,16189.5,16184.5,16184.75,195,NQ.v.0
2021-11-16 06:48:00+00:00,33,1,2770,16184.75,16186.75,16182.75,16185.75,87,NQ.v.0
2021-11-16 06:49:00+00:00,33,1,2770,16185.5,16186.0,16184.5,16184.5,25,NQ.v.0
2021-11-16 06:50:00+00:00,33,1,2770,16184.75,16187.25,16184.75,16186.0,35,NQ.v.0
2021-11-16 06:51:00+00:00,33,1,2770,16186.75,16188.5,16186.5,16188.0,26,NQ.v.0
2021-11-16 06:52:00+00:00,33,1,2770,16188.25,16188.5,16187.75,16187.75,14,NQ.v.0
2021-11-16 06:53:00+00:00,33,1,2770,16187.25,16189.0,16186.75,16188.5,53,NQ.v.0
2021-11-16 06:54:00+00:00,33,1,2770,16188.25,16189.25,16187.75,16187.75,16,NQ.v.0
2021-11-16 06:55:00+00:00,33,1,2770,16188.5,16189.0,16187.0,16187.5,21,NQ.v.0
2021-11-16 06:56:00+00:00,33,1,2770,16187.5,16187.75,16186.75,16186.75,5,NQ.v.0
2021-11-16 06:57:00+00:00,33,1,2770,16186.75,16187.25,16186.0,16187.25,16,NQ.v.0
2021-11-16 06:58:00+00:00,33,1,2770,16186.75,16187.5,16186.0,16186.75,20,NQ.v.0
2021-11-16 06:59:00+00:00,33,1,2770,16187.0,16189.25,16187.0,16189.25,26,NQ.v.0
2021-11-16 07:00:00+00:00,33,1,2770,16188.75,16191.0,16188.0,16189.5,93,NQ.v.0
2021-11-16 07:01:00+00:00,33,1,2770,16189.75,16191.5,16189.75,16190.5,58,NQ.v.0
2021-11-16 07:02:00+00:00,33,1,2770,16190.75,16193.25,16190.75,16193.0,102,NQ.v.0
2021-11-16 07:03:00+00:00,33,1,2770,16193.0,16194.75,16190.75,16191.5,77,NQ.v.0
2021-11-16 07:04:00+00:00,33,1,2770,16191.75,16192.25,16190.0,16190.0,32,NQ.v.0
2021-11-16 07:05:00+00:00,33,1,2770,16190.25,16192.25,16189.0,16190.0,41,NQ.v.0
2021-11-16 07:06:00+00:00,33,1,2770,16190.0,16191.0,16188.5,16190.25,36,NQ.v.0
2021-11-16 07:07:00+00:00,33,1,2770,16189.75,16189.75,16188.25,16188.5,34,NQ.v.0
2021-11-16 07:08:00+00:00,33,1,2770,16188.75,16190.0,16188.75,16190.0,26,NQ.v.0
2021-11-16 07:09:00+00:00,33,1,2770,16190.25,16191.5,16189.5,16191.25,12,NQ.v.0
2021-11-16 07:10:00+00:00,33,1,2770,16190.75,16192.5,16190.0,16190.75,54,NQ.v.0
2021-11-16 07:11:00+00:00,33,1,2770,16190.0,16190.0,16188.0,16188.0,49,NQ.v.0
2021-11-16 07:12:00+00:00,33,1,2770,16187.75,16188.25,16185.5,16187.5,69,NQ.v.0
2021-11-16 07:13:00+00:00,33,1,2770,16187.0,16188.0,16186.0,16187.75,40,NQ.v.0
2021-11-16 07:14:00+00:00,33,1,2770,16188.0,16188.0,16184.25,16185.0,53,NQ.v.0
2021-11-16 07:15:00+00:00,33,1,2770,16185.25,16192.5,16184.0,16190.0,188,NQ.v.0
2021-11-16 07:16:00+00:00,33,1,2770,16189.75,16192.75,16187.5,16192.25,69,NQ.v.0
2021-11-16 07:17:00+00:00,33,1,2770,16192.5,16194.25,16192.0,16193.5,106,NQ.v.0
2021-11-16 07:18:00+00:00,33,1,2770,16192.5,16197.0,16192.0,16193.0,139,NQ.v.0
2021-11-16 07:19:00+00:00,33,1,2770,16193.0,16195.25,16191.5,16195.25,61,NQ.v.0
2021-11-16 07:20:00+00:00,33,1,2770,16195.25,16195.25,16193.5,16193.5,44,NQ.v.0
2021-11-16 07:21:00+00:00,33,1,2770,16194.5,16195.25,16191.75,16193.0,25,NQ.v.0
2021-11-16 07:22:00+00:00,33,1,2770,16193.25,16196.0,16192.75,16193.25,52,NQ.v.0
2021-11-16 07:23:00+00:00,33,1,2770,16192.75,16196.0,16192.75,16195.0,24,NQ.v.0
2021-11-16 07:24:00+00:00,33,1,2770,16194.75,16197.0,16194.25,16197.0,27,NQ.v.0
2021-11-16 07:25:00+00:00,33,1,2770,16197.0,16197.0,16194.75,16196.0,44,NQ.v.0
2021-11-16 07:26:00+00:00,33,1,2770,16195.75,16196.0,16191.75,16193.5,44,NQ.v.0
2021-11-16 07:27:00+00:00,33,1,2770,16193.75,16194.25,16191.75,16192.5,41,NQ.v.0
2021-11-16 07:28:00+00:00,33,1,2770,16192.25,16192.5,16191.5,16191.75,27,NQ.v.0
2021-11-16 07:29:00+00:00,33,1,2770,16191.75,16193.75,16191.75,16193.25,17,NQ.v.0
2021-11-16 07:30:00+00:00,33,1,2770,16192.75,16192.75,16190.25,16191.25,64,NQ.v.0
2021-11-16 07:31:00+00:00,33,1,2770,16191.75,16191.75,16190.25,16190.25,29,NQ.v.0
2021-11-16 07:32:00+00:00,33,1,2770,16190.5,16192.5,16190.25,16192.5,47,NQ.v.0
2021-11-16 07:33:00+00:00,33,1,2770,16192.0,16194.5,16191.5,16194.5,28,NQ.v.0
2021-11-16 07:34:00+00:00,33,1,2770,16193.75,16193.75,16192.0,16193.5,12,NQ.v.0
2021-11-16 07:35:00+00:00,33,1,2770,16193.75,16194.5,16192.5,16194.0,41,NQ.v.0
2021-11-16 07:36:00+00:00,33,1,2770,16193.75,16193.75,16191.0,16192.75,35,NQ.v.0
2021-11-16 07:37:00+00:00,33,1,2770,16193.5,16195.75,16193.25,16195.75,49,NQ.v.0
2021-11-16 07:38:00+00:00,33,1,2770,16195.75,16198.0,16195.75,16196.25,75,NQ.v.0
2021-11-16 07:39:00+00:00,33,1,2770,16196.5,16199.25,16196.0,16198.75,91,NQ.v.0
2021-11-16 07:40:00+00:00,33,1,2770,16198.75,16201.25,16197.0,16199.75,137,NQ.v.0
2021-11-16 07:41:00+00:00,33,1,2770,16199.5,16201.25,16198.75,16200.5,59,NQ.v.0
2021-11-16 07:42:00+00:00,33,1,2770,16200.5,16203.0,16200.25,16201.0,106,NQ.v.0
2021-11-16 07:43:00+00:00,33,1,2770,16200.5,16200.5,16195.25,16195.5,92,NQ.v.0
2021-11-16 07:44:00+00:00,33,1,2770,16195.75,16197.5,16195.25,16197.5,32,NQ.v.0
2021-11-16 07:45:00+00:00,33,1,2770,16196.25,16199.0,16196.25,16199.0,44,NQ.v.0
2021-11-16 07:46:00+00:00,33,1,2770,16199.25,16201.5,16199.0,16200.75,47,NQ.v.0
2021-11-16 07:47:00+00:00,33,1,2770,16200.25,16202.5,16200.25,16201.0,51,NQ.v.0
2021-11-16 07:48:00+00:00,33,1,2770,16200.5,16201.75,16200.0,16200.0,50,NQ.v.0
2021-11-16 07:49:00+00:00,33,1,2770,16199.5,16200.5,16199.5,16200.0,19,NQ.v.0
2021-11-16 07:50:00+00:00,33,1,2770,16199.25,16201.5,16199.25,16201.25,29,NQ.v.0
2021-11-16 07:51:00+00:00,33,1,2770,16201.0,16202.25,16200.5,16200.5,41,NQ.v.0
2021-11-16 07:52:00+00:00,33,1,2770,16200.0,16201.0,16199.25,16200.25,23,NQ.v.0
2021-11-16 07:53:00+00:00,33,1,2770,16199.5,16199.75,16198.25,16198.5,27,NQ.v.0
2021-11-16 07:54:00+00:00,33,1,2770,16198.75,16199.5,16198.25,16198.75,19,NQ.v.0
2021-11-16 07:55:00+00:00,33,1,2770,16198.25,16198.5,16196.75,16197.0,42,NQ.v.0
2021-11-16 07:56:00+00:00,33,1,2770,16197.5,16197.5,16193.25,16194.5,61,NQ.v.0
2021-11-16 07:57:00+00:00,33,1,2770,16194.25,16195.5,16194.25,16194.5,24,NQ.v.0
2021-11-16 07:58:00+00:00,33,1,2770,16195.25,16198.0,16195.25,16196.5,47,NQ.v.0
2021-11-16 07:59:00+00:00,33,1,2770,16197.0,16197.5,16195.0,16197.0,38,NQ.v.0
2021-11-16 08:00:00+00:00,33,1,2770,16197.5,16205.25,16195.25,16203.0,257,NQ.v.0
2021-11-16 08:01:00+00:00,33,1,2770,16203.5,16205.25,16200.5,16204.75,134,NQ.v.0
2021-11-16 08:02:00+00:00,33,1,2770,16204.75,16204.75,16200.75,16201.0,91,NQ.v.0
2021-11-16 08:03:00+00:00,33,1,2770,16201.0,16201.5,16198.75,16199.75,98,NQ.v.0
2021-11-16 08:04:00+00:00,33,1,2770,16200.25,16200.25,16198.5,16198.75,42,NQ.v.0
2021-11-16 08:05:00+00:00,33,1,2770,16198.5,16200.0,16196.0,16199.0,112,NQ.v.0
2021-11-16 08:06:00+00:00,33,1,2770,16199.25,16200.5,16196.0,16196.0,136,NQ.v.0
2021-11-16 08:07:00+00:00,33,1,2770,16196.5,16196.75,16192.0,16193.0,172,NQ.v.0
2021-11-16 08:08:00+00:00,33,1,2770,16193.0,16196.0,16192.0,16192.25,96,NQ.v.0
2021-11-16 08:09:00+00:00,33,1,2770,16192.5,16194.5,16189.75,16194.0,141,NQ.v.0
2021-11-16 08:10:00+00:00,33,1,2770,16194.0,16195.25,16192.25,16192.25,57,NQ.v.0
2021-11-16 08:11:00+00:00,33,1,2770,16192.5,16194.75,16192.25,16194.75,50,NQ.v.0
2021-11-16 08:12:00+00:00,33,1,2770,16194.75,16197.0,16193.75,16195.25,59,NQ.v.0
2021-11-16 08:13:00+00:00,33,1,2770,16195.25,16195.5,16192.75,16195.5,120,NQ.v.0
2021-11-16 08:14:00+00:00,33,1,2770,16195.75,16196.75,16190.0,16191.75,171,NQ.v.0
2021-11-16 08:15:00+00:00,33,1,2770,16191.5,16193.25,16190.75,16193.25,64,NQ.v.0
2021-11-16 08:16:00+00:00,33,1,2770,16193.0,16196.0,16192.25,16195.0,56,NQ.v.0
2021-11-16 08:17:00+00:00,33,1,2770,16195.25,16196.5,16195.0,16195.5,24,NQ.v.0
2021-11-16 08:18:00+00:00,33,1,2770,16195.0,16195.0,16192.25,16192.5,33,NQ.v.0
2021-11-16 08:19:00+00:00,33,1,2770,16193.25,16194.5,16190.5,16191.5,34,NQ.v.0
2021-11-16 08:20:00+00:00,33,1,2770,16191.25,16193.75,16191.0,16192.25,40,NQ.v.0
2021-11-16 08:21:00+00:00,33,1,2770,16192.5,16194.0,16191.5,16192.25,35,NQ.v.0
2021-11-16 08:22:00+00:00,33,1,2770,16192.75,16193.25,16191.5,16191.75,16,NQ.v.0
2021-11-16 08:23:00+00:00,33,1,2770,16192.0,16192.75,16190.0,16190.75,41,NQ.v.0
2021-11-16 08:24:00+00:00,33,1,2770,16190.75,16191.0,16186.25,16186.75,154,NQ.v.0
2021-11-16 08:25:00+00:00,33,1,2770,16186.5,16188.5,16184.25,16186.75,123,NQ.v.0
2021-11-16 08:26:00+00:00,33,1,2770,16186.25,16190.25,16184.75,16190.0,112,NQ.v.0
2021-11-16 08:27:00+00:00,33,1,2770,16190.0,16191.75,16188.5,16191.0,52,NQ.v.0
2021-11-16 08:28:00+00:00,33,1,2770,16190.5,16192.5,16190.25,16190.75,59,NQ.v.0
2021-11-16 08:29:00+00:00,33,1,2770,16190.75,16190.75,16183.0,16183.0,179,NQ.v.0
2021-11-16 08:30:00+00:00,33,1,2770,16183.25,16187.75,16183.25,16186.75,64,NQ.v.0
2021-11-16 08:31:00+00:00,33,1,2770,16186.75,16190.5,16186.25,16190.25,111,NQ.v.0
2021-11-16 08:32:00+00:00,33,1,2770,16190.25,16191.75,16188.5,16189.25,75,NQ.v.0
2021-11-16 08:33:00+00:00,33,1,2770,16189.0,16189.25,16184.5,16185.5,81,NQ.v.0
2021-11-16 08:34:00+00:00,33,1,2770,16185.25,16186.75,16181.25,16181.5,101,NQ.v.0
2021-11-16 08:35:00+00:00,33,1,2770,16181.5,16184.0,16167.75,16169.25,611,NQ.v.0
2021-11-16 08:36:00+00:00,33,1,2770,16168.75,16175.75,16166.75,16172.5,295,NQ.v.0
2021-11-16 08:37:00+00:00,33,1,2770,16172.75,16172.75,16168.0,16171.25,108,NQ.v.0
2021-11-16 08:38:00+00:00,33,1,2770,16171.0,16172.75,16169.0,16170.0,98,NQ.v.0
2021-11-16 08:39:00+00:00,33,1,2770,16169.75,16171.5,16166.5,16170.0,97,NQ.v.0
2021-11-16 08:40:00+00:00,33,1,2770,16170.25,16173.5,16170.0,16171.75,110,NQ.v.0
2021-11-16 08:41:00+00:00,33,1,2770,16171.75,16174.5,16171.25,16172.5,90,NQ.v.0
2021-11-16 08:42:00+00:00,33,1,2770,16172.5,16175.75,16171.5,16175.0,119,NQ.v.0
2021-11-16 08:43:00+00:00,33,1,2770,16175.25,16178.5,16175.0,16177.75,205,NQ.v.0
2021-11-16 08:44:00+00:00,33,1,2770,16177.5,16177.5,16174.75,16175.5,89,NQ.v.0
2021-11-16 08:45:00+00:00,33,1,2770,16175.0,16177.5,16174.5,16175.25,58,NQ.v.0
2021-11-16 08:46:00+00:00,33,1,2770,16175.25,16177.75,16175.25,16177.5,58,NQ.v.0
2021-11-16 08:47:00+00:00,33,1,2770,16177.5,16177.5,16171.0,16171.5,86,NQ.v.0
2021-11-16 08:48:00+00:00,33,1,2770,16171.5,16175.5,16170.75,16175.5,87,NQ.v.0
2021-11-16 08:49:00+00:00,33,1,2770,16175.25,16176.0,16172.0,16172.75,62,NQ.v.0
2021-11-16 08:50:00+00:00,33,1,2770,16172.5,16175.0,16172.5,16173.0,50,NQ.v.0
2021-11-16 08:51:00+00:00,33,1,2770,16173.25,16174.75,16173.25,16174.75,54,NQ.v.0
2021-11-16 08:52:00+00:00,33,1,2770,16174.25,16175.0,16172.75,16173.5,60,NQ.v.0
2021-11-16 08:53:00+00:00,33,1,2770,16173.25,16174.75,16172.25,16172.75,37,NQ.v.0
2021-11-16 08:54:00+00:00,33,1,2770,16172.75,16173.0,16167.5,16167.5,108,NQ.v.0
2021-11-16 08:55:00+00:00,33,1,2770,16167.5,16173.25,16166.25,16169.75,172,NQ.v.0
2021-11-16 08:56:00+00:00,33,1,2770,16170.0,16174.75,16170.0,16172.25,65,NQ.v.0
2021-11-16 08:57:00+00:00,33,1,2770,16172.25,16172.5,16171.25,16171.5,37,NQ.v.0
2021-11-16 08:58:00+00:00,33,1,2770,16171.0,16171.75,16170.0,16171.75,35,NQ.v.0
2021-11-16 08:59:00+00:00,33,1,2770,16172.0,16174.5,16169.0,16169.25,85,NQ.v.0
2021-11-16 09:00:00+00:00,33,1,2770,16170.25,16175.5,16169.25,16173.75,149,NQ.v.0
2021-11-16 09:01:00+00:00,33,1,2770,16174.25,16177.25,16174.25,16175.75,131,NQ.v.0
2021-11-16 09:02:00+00:00,33,1,2770,16175.25,16179.0,16174.5,16178.25,86,NQ.v.0
2021-11-16 09:03:00+00:00,33,1,2770,16178.5,16180.75,16177.75,16179.0,103,NQ.v.0
2021-11-16 09:04:00+00:00,33,1,2770,16178.75,16179.25,16174.25,16174.25,109,NQ.v.0
2021-11-16 09:05:00+00:00,33,1,2770,16174.75,16177.0,16174.75,16176.0,57,NQ.v.0
2021-11-16 09:06:00+00:00,33,1,2770,16176.25,16177.0,16175.5,16176.0,40,NQ.v.0
2021-11-16 09:07:00+00:00,33,1,2770,16175.5,16178.0,16175.5,16177.5,70,NQ.v.0
2021-11-16 09:08:00+00:00,33,1,2770,16177.5,16179.25,16177.5,16179.0,62,NQ.v.0
2021-11-16 09:09:00+00:00,33,1,2770,16178.5,16179.75,16177.0,16178.75,57,NQ.v.0
2021-11-16 09:10:00+00:00,33,1,2770,16179.25,16180.75,16177.5,16177.5,71,NQ.v.0
2021-11-16 09:11:00+00:00,33,1,2770,16178.0,16182.0,16178.0,16181.5,112,NQ.v.0
2021-11-16 09:12:00+00:00,33,1,2770,16181.25,16183.75,16180.25,16180.5,150,NQ.v.0
2021-11-16 09:13:00+00:00,33,1,2770,16180.75,16181.25,16177.5,16177.5,67,NQ.v.0
2021-11-16 09:14:00+00:00,33,1,2770,16178.0,16179.25,16177.25,16179.25,20,NQ.v.0
2021-11-16 09:15:00+00:00,33,1,2770,16179.25,16179.75,16177.5,16178.0,34,NQ.v.0
2021-11-16 09:16:00+00:00,33,1,2770,16177.5,16178.5,16176.25,16177.5,77,NQ.v.0
2021-11-16 09:17:00+00:00,33,1,2770,16177.75,16179.0,16176.25,16177.0,40,NQ.v.0
2021-11-16 09:18:00+00:00,33,1,2770,16176.75,16176.75,16174.5,16176.25,85,NQ.v.0
2021-11-16 09:19:00+00:00,33,1,2770,16177.0,16177.5,16174.75,16176.0,82,NQ.v.0
2021-11-16 09:20:00+00:00,33,1,2770,16176.0,16176.25,16172.0,16172.0,126,NQ.v.0
2021-11-16 09:21:00+00:00,33,1,2770,16172.25,16177.25,16171.75,16175.5,116,NQ.v.0
2021-11-16 09:22:00+00:00,33,1,2770,16176.0,16176.0,16172.0,16173.0,124,NQ.v.0
2021-11-16 09:23:00+00:00,33,1,2770,16173.0,16173.25,16170.25,16171.75,69,NQ.v.0
2021-11-16 09:24:00+00:00,33,1,2770,16172.0,16174.0,16172.0,16173.5,142,NQ.v.0
2021-11-16 09:25:00+00:00,33,1,2770,16173.25,16174.0,16170.25,16170.5,84,NQ.v.0
2021-11-16 09:26:00+00:00,33,1,2770,16171.0,16172.25,16170.5,16171.75,49,NQ.v.0
2021-11-16 09:27:00+00:00,33,1,2770,16171.75,16173.0,16171.0,16173.0,48,NQ.v.0
2021-11-16 09:28:00+00:00,33,1,2770,16172.75,16174.5,16171.75,16174.25,81,NQ.v.0
2021-11-16 09:29:00+00:00,33,1,2770,16174.75,16175.0,16172.25,16174.25,49,NQ.v.0
2021-11-16 09:30:00+00:00,33,1,2770,16174.25,16177.0,16174.0,16174.0,72,NQ.v.0
2021-11-16 09:31:00+00:00,33,1,2770,16174.25,16175.5,16173.75,16173.75,25,NQ.v.0
2021-11-16 09:32:00+00:00,33,1,2770,16174.25,16174.75,16172.0,16172.0,49,NQ.v.0
2021-11-16 09:33:00+00:00,33,1,2770,16172.5,16173.5,16171.75,16173.0,36,NQ.v.0
2021-11-16 09:34:00+00:00,33,1,2770,16172.5,16175.0,16172.25,16174.5,61,NQ.v.0
2021-11-16 09:35:00+00:00,33,1,2770,16174.25,16176.5,16172.0,16175.25,119,NQ.v.0
2021-11-16 09:36:00+00:00,33,1,2770,16175.0,16177.25,16174.25,16175.0,62,NQ.v.0
2021-11-16 09:37:00+00:00,33,1,2770,16174.75,16175.25,16172.5,16172.75,34,NQ.v.0
2021-11-16 09:38:00+00:00,33,1,2770,16172.75,16173.5,16172.0,16172.5,20,NQ.v.0
2021-11-16 09:39:00+00:00,33,1,2770,16172.25,16174.25,16172.25,16172.25,32,NQ.v.0
2021-11-16 09:40:00+00:00,33,1,2770,16172.25,16174.75,16172.25,16174.75,27,NQ.v.0
2021-11-16 09:41:00+00:00,33,1,2770,16174.25,16174.25,16173.25,16174.25,31,NQ.v.0
2021-11-16 09:42:00+00:00,33,1,2770,16174.25,16174.25,16170.25,16171.25,42,NQ.v.0
2021-11-16 09:43:00+00:00,33,1,2770,16172.0,16174.25,16172.0,16172.75,41,NQ.v.0
2021-11-16 09:44:00+00:00,33,1,2770,16173.5,16174.5,16173.25,16174.5,35,NQ.v.0
2021-11-16 09:45:00+00:00,33,1,2770,16174.0,16175.75,16173.75,16175.25,40,NQ.v.0
2021-11-16 09:46:00+00:00,33,1,2770,16175.0,16176.5,16174.75,16176.0,44,NQ.v.0
2021-11-16 09:47:00+00:00,33,1,2770,16175.5,16177.75,16174.5,16177.5,56,NQ.v.0
2021-11-16 09:48:00+00:00,33,1,2770,16177.5,16177.5,16175.75,16176.25,44,NQ.v.0
2021-11-16 09:49:00+00:00,33,1,2770,16176.5,16176.5,16174.5,16175.0,23,NQ.v.0
2021-11-16 09:50:00+00:00,33,1,2770,16175.0,16176.75,16174.5,16175.0,86,NQ.v.0
2021-11-16 09:51:00+00:00,33,1,2770,16175.25,16177.0,16175.25,16176.75,25,NQ.v.0
2021-11-16 09:52:00+00:00,33,1,2770,16176.5,16177.75,16176.25,16176.75,40,NQ.v.0
2021-11-16 09:53:00+00:00,33,1,2770,16176.75,16177.5,16175.5,16175.75,49,NQ.v.0
2021-11-16 09:54:00+00:00,33,1,2770,16175.25,16175.25,16173.75,16174.0,76,NQ.v.0
2021-11-16 09:55:00+00:00,33,1,2770,16174.0,16178.25,16174.0,16177.75,96,NQ.v.0
2021-11-16 09:56:00+00:00,33,1,2770,16177.75,16180.75,16176.5,16180.5,126,NQ.v.0
2021-11-16 09:57:00+00:00,33,1,2770,16180.5,16181.0,16179.5,16179.75,69,NQ.v.0
2021-11-16 09:58:00+00:00,33,1,2770,16179.75,16180.5,16178.75,16179.75,97,NQ.v.0
2021-11-16 09:59:00+00:00,33,1,2770,16180.25,16180.25,16177.5,16178.0,73,NQ.v.0
2021-11-16 10:00:00+00:00,33,1,2770,16177.5,16178.75,16177.0,16178.0,59,NQ.v.0
2021-11-16 10:01:00+00:00,33,1,2770,16177.75,16179.0,16176.5,16177.25,66,NQ.v.0
2021-11-16 10:02:00+00:00,33,1,2770,16176.75,16177.25,16174.0,16174.25,56,NQ.v.0
2021-11-16 10:03:00+00:00,33,1,2770,16174.75,16177.0,16174.75,16176.25,38,NQ.v.0
2021-11-16 10:04:00+00:00,33,1,2770,16176.0,16178.5,16176.0,16177.0,49,NQ.v.0
2021-11-16 10:05:00+00:00,33,1,2770,16177.25,16177.25,16176.5,16176.5,15,NQ.v.0
2021-11-16 10:06:00+00:00,33,1,2770,16176.0,16177.5,16175.75,16176.5,57,NQ.v.0
2021-11-16 10:07:00+00:00,33,1,2770,16177.0,16177.25,16174.75,16175.0,93,NQ.v.0
2021-11-16 10:08:00+00:00,33,1,2770,16174.75,16174.75,16172.0,16172.25,87,NQ.v.0
2021-11-16 10:09:00+00:00,33,1,2770,16172.25,16172.5,16170.25,16171.75,174,NQ.v.0
2021-11-16 10:10:00+00:00,33,1,2770,16171.0,16171.5,16166.5,16168.25,194,NQ.v.0
2021-11-16 10:11:00+00:00,33,1,2770,16168.75,16169.75,16164.75,16164.75,186,NQ.v.0
2021-11-16 10:12:00+00:00,33,1,2770,16164.75,16166.25,16162.0,16162.75,169,NQ.v.0
2021-11-16 10:13:00+00:00,33,1,2770,16162.75,16163.75,16160.75,16162.0,166,NQ.v.0
2021-11-16 10:14:00+00:00,33,1,2770,16162.0,16162.5,16158.5,16162.25,177,NQ.v.0
2021-11-16 10:15:00+00:00,33,1,2770,16162.0,16162.25,16158.25,16159.25,104,NQ.v.0
2021-11-16 10:16:00+00:00,33,1,2770,16158.75,16159.5,16157.25,16159.0,123,NQ.v.0
2021-11-16 10:17:00+00:00,33,1,2770,16158.75,16159.5,16152.5,16152.5,219,NQ.v.0
2021-11-16 10:18:00+00:00,33,1,2770,16152.5,16153.75,16151.25,16151.5,160,NQ.v.0
2021-11-16 10:19:00+00:00,33,1,2770,16152.0,16156.75,16152.0,16156.25,103,NQ.v.0
2021-11-16 10:20:00+00:00,33,1,2770,16155.75,16157.25,16153.5,16155.0,114,NQ.v.0
2021-11-16 10:21:00+00:00,33,1,2770,16154.5,16157.75,16153.75,16157.25,79,NQ.v.0
2021-11-16 10:22:00+00:00,33,1,2770,16157.0,16161.75,16157.0,16161.75,147,NQ.v.0
2021-11-16 10:23:00+00:00,33,1,2770,16162.0,16162.25,16157.75,16157.75,73,NQ.v.0
2021-11-16 10:24:00+00:00,33,1,2770,16157.75,16158.0,16152.25,16154.5,231,NQ.v.0
2021-11-16 10:25:00+00:00,33,1,2770,16154.0,16156.0,16151.5,16154.75,195,NQ.v.0
2021-11-16 10:26:00+00:00,33,1,2770,16155.25,16156.5,16154.75,16156.25,59,NQ.v.0
2021-11-16 10:27:00+00:00,33,1,2770,16156.0,16156.5,16151.25,16151.75,100,NQ.v.0
2021-11-16 10:28:00+00:00,33,1,2770,16151.75,16154.5,16151.75,16153.25,55,NQ.v.0
2021-11-16 10:29:00+00:00,33,1,2770,16153.0,16156.75,16152.75,16155.25,126,NQ.v.0
2021-11-16 10:30:00+00:00,33,1,2770,16155.5,16158.75,16155.0,16158.75,92,NQ.v.0
2021-11-16 10:31:00+00:00,33,1,2770,16158.5,16159.25,16158.0,16158.75,43,NQ.v.0
2021-11-16 10:32:00+00:00,33,1,2770,16158.75,16159.75,16157.5,16157.5,54,NQ.v.0
2021-11-16 10:33:00+00:00,33,1,2770,16157.25,16159.0,16156.75,16158.5,72,NQ.v.0
2021-11-16 10:34:00+00:00,33,1,2770,16158.25,16161.25,16158.25,16160.5,76,NQ.v.0
2021-11-16 10:35:00+00:00,33,1,2770,16161.0,16162.0,16160.0,16160.25,58,NQ.v.0
2021-11-16 10:36:00+00:00,33,1,2770,16160.25,16160.5,16157.0,16157.0,88,NQ.v.0
2021-11-16 10:37:00+00:00,33,1,2770,16157.0,16158.25,16156.25,16158.25,46,NQ.v.0
2021-11-16 10:38:00+00:00,33,1,2770,16157.75,16158.5,16156.5,16158.25,25,NQ.v.0
2021-11-16 10:39:00+00:00,33,1,2770,16158.0,16160.5,16158.0,16160.5,24,NQ.v.0
2021-11-16 10:40:00+00:00,33,1,2770,16160.5,16161.0,16159.25,16159.75,26,NQ.v.0
2021-11-16 10:41:00+00:00,33,1,2770,16159.75,16162.0,16159.75,16160.25,61,NQ.v.0
2021-11-16 10:42:00+00:00,33,1,2770,16160.0,16161.25,16158.75,16160.25,56,NQ.v.0
2021-11-16 10:43:00+00:00,33,1,2770,16160.5,16163.75,16160.5,16163.75,102,NQ.v.0
2021-11-16 10:44:00+00:00,33,1,2770,16163.75,16164.5,16161.75,16162.5,92,NQ.v.0
2021-11-16 10:45:00+00:00,33,1,2770,16162.0,16164.75,16161.75,16163.25,70,NQ.v.0
2021-11-16 10:46:00+00:00,33,1,2770,16163.0,16163.5,16162.0,16162.75,47,NQ.v.0
2021-11-16 10:47:00+00:00,33,1,2770,16162.75,16167.0,16162.0,16166.75,93,NQ.v.0
2021-11-16 10:48:00+00:00,33,1,2770,16167.0,16167.0,16163.5,16163.75,50,NQ.v.0
2021-11-16 10:49:00+00:00,33,1,2770,16164.25,16164.25,16162.0,16162.75,30,NQ.v.0
2021-11-16 10:50:00+00:00,33,1,2770,16163.25,16163.25,16160.0,16161.25,93,NQ.v.0
2021-11-16 10:51:00+00:00,33,1,2770,16161.5,16163.0,16161.0,16162.5,33,NQ.v.0
2021-11-16 10:52:00+00:00,33,1,2770,16162.5,16165.25,16162.5,16163.0,48,NQ.v.0
2021-11-16 10:53:00+00:00,33,1,2770,16163.75,16165.0,16163.25,16164.0,23,NQ.v.0
2021-11-16 10:54:00+00:00,33,1,2770,16164.0,16164.0,16162.75,16164.0,22,NQ.v.0
2021-11-16 10:55:00+00:00,33,1,2770,16164.25,16165.75,16164.25,16164.5,48,NQ.v.0
2021-11-16 10:56:00+00:00,33,1,2770,16164.0,16165.25,16163.25,16163.75,25,NQ.v.0
2021-11-16 10:57:00+00:00,33,1,2770,16163.0,16164.0,16162.5,16163.5,55,NQ.v.0
2021-11-16 10:58:00+00:00,33,1,2770,16163.75,16165.5,16163.75,16165.0,119,NQ.v.0
2021-11-16 10:59:00+00:00,33,1,2770,16165.25,16166.5,16165.25,16166.0,33,NQ.v.0
2021-11-16 11:00:00+00:00,33,1,2770,16165.75,16166.5,16162.75,16165.75,175,NQ.v.0
2021-11-16 11:01:00+00:00,33,1,2770,16166.0,16166.75,16161.0,16161.5,147,NQ.v.0
2021-11-16 11:02:00+00:00,33,1,2770,16161.25,16163.75,16159.25,16162.25,159,NQ.v.0
2021-11-16 11:03:00+00:00,33,1,2770,16162.0,16162.75,16159.25,16159.75,75,NQ.v.0
2021-11-16 11:04:00+00:00,33,1,2770,16159.75,16161.75,16159.0,16161.5,52,NQ.v.0
2021-11-16 11:05:00+00:00,33,1,2770,16160.75,16160.75,16157.75,16158.75,88,NQ.v.0
2021-11-16 11:06:00+00:00,33,1,2770,16158.0,16161.5,16158.0,16161.5,55,NQ.v.0
2021-11-16 11:07:00+00:00,33,1,2770,16160.75,16161.5,16160.0,16161.25,23,NQ.v.0
2021-11-16 11:08:00+00:00,33,1,2770,16162.0,16162.5,16160.75,16161.0,56,NQ.v.0
2021-11-16 11:09:00+00:00,33,1,2770,16161.5,16162.75,16161.0,16161.75,38,NQ.v.0
2021-11-16 11:10:00+00:00,33,1,2770,16161.0,16163.5,16161.0,16163.25,41,NQ.v.0
2021-11-16 11:11:00+00:00,33,1,2770,16162.75,16166.0,16162.25,16165.5,60,NQ.v.0
2021-11-16 11:12:00+00:00,33,1,2770,16165.5,16167.25,16165.5,16165.5,88,NQ.v.0
2021-11-16 11:13:00+00:00,33,1,2770,16165.5,16166.0,16164.5,16165.25,30,NQ.v.0
2021-11-16 11:14:00+00:00,33,1,2770,16164.5,16165.5,16164.5,16165.5,25,NQ.v.0
2021-11-16 11:15:00+00:00,33,1,2770,16165.5,16167.0,16165.5,16166.0,31,NQ.v.0
2021-11-16 11:16:00+00:00,33,1,2770,16166.0,16167.75,16165.5,16167.0,47,NQ.v.0
2021-11-16 11:17:00+00:00,33,1,2770,16167.5,16168.75,16167.0,16168.5,42,NQ.v.0
2021-11-16 11:18:00+00:00,33,1,2770,16168.75,16171.0,16168.5,16171.0,126,NQ.v.0
2021-11-16 11:19:00+00:00,33,1,2770,16170.5,16174.25,16170.5,16174.25,215,NQ.v.0
2021-11-16 11:20:00+00:00,33,1,2770,16174.25,16175.5,16173.0,16173.5,119,NQ.v.0
2021-11-16 11:21:00+00:00,33,1,2770,16173.75,16174.75,16172.75,16173.0,72,NQ.v.0
2021-11-16 11:22:00+00:00,33,1,2770,16172.75,16173.5,16172.0,16172.75,56,NQ.v.0
2021-11-16 11:23:00+00:00,33,1,2770,16172.5,16174.75,16172.25,16173.0,66,NQ.v.0
2021-11-16 11:24:00+00:00,33,1,2770,16173.5,16174.5,16173.25,16173.25,12,NQ.v.0
2021-11-16 11:25:00+00:00,33,1,2770,16172.75,16173.5,16172.0,16173.5,31,NQ.v.0
2021-11-16 11:26:00+00:00,33,1,2770,16173.75,16178.75,16173.75,16177.25,143,NQ.v.0
2021-11-16 11:27:00+00:00,33,1,2770,16177.75,16179.75,16177.75,16178.0,126,NQ.v.0
2021-11-16 11:28:00+00:00,33,1,2770,16177.5,16183.25,16177.5,16181.0,220,NQ.v.0
2021-11-16 11:29:00+00:00,33,1,2770,16181.25,16183.0,16180.75,16182.75,69,NQ.v.0
2021-11-16 11:30:00+00:00,33,1,2770,16182.75,16185.25,16181.75,16185.25,183,NQ.v.0
2021-11-16 11:31:00+00:00,33,1,2770,16185.0,16188.0,16185.0,16186.75,238,NQ.v.0
2021-11-16 11:32:00+00:00,33,1,2770,16186.25,16190.5,16185.0,16189.25,184,NQ.v.0
2021-11-16 11:33:00+00:00,33,1,2770,16189.0,16192.25,16187.75,16191.25,211,NQ.v.0
2021-11-16 11:34:00+00:00,33,1,2770,16191.25,16196.0,16188.5,16195.5,267,NQ.v.0
2021-11-16 11:35:00+00:00,33,1,2770,16195.75,16196.5,16191.5,16194.0,199,NQ.v.0
2021-11-16 11:36:00+00:00,33,1,2770,16194.0,16194.5,16191.75,16191.75,116,NQ.v.0
2021-11-16 11:37:00+00:00,33,1,2770,16191.5,16191.75,16190.25,16191.0,130,NQ.v.0
2021-11-16 11:38:00+00:00,33,1,2770,16191.5,16194.75,16190.75,16193.75,80,NQ.v.0
2021-11-16 11:39:00+00:00,33,1,2770,16193.5,16193.5,16191.0,16191.75,65,NQ.v.0
2021-11-16 11:40:00+00:00,33,1,2770,16191.5,16192.0,16190.75,16190.75,68,NQ.v.0
2021-11-16 11:41:00+00:00,33,1,2770,16190.5,16191.75,16189.5,16190.5,92,NQ.v.0
2021-11-16 11:42:00+00:00,33,1,2770,16190.75,16194.0,16190.75,16193.25,89,NQ.v.0
2021-11-16 11:43:00+00:00,33,1,2770,16193.0,16193.75,16191.25,16192.25,51,NQ.v.0
2021-11-16 11:44:00+00:00,33,1,2770,16192.75,16194.0,16192.0,16193.25,39,NQ.v.0
2021-11-16 11:45:00+00:00,33,1,2770,16193.25,16199.0,16192.25,16196.5,279,NQ.v.0
2021-11-16 11:46:00+00:00,33,1,2770,16196.5,16201.25,16196.5,16199.0,204,NQ.v.0
2021-11-16 11:47:00+00:00,33,1,2770,16199.0,16200.5,16197.0,16198.75,106,NQ.v.0
2021-11-16 11:48:00+00:00,33,1,2770,16198.25,16199.5,16197.25,16197.25,69,NQ.v.0
2021-11-16 11:49:00+00:00,33,1,2770,16198.0,16198.5,16197.0,16197.5,40,NQ.v.0
2021-11-16 11:50:00+00:00,33,1,2770,16197.75,16198.25,16195.25,16196.0,58,NQ.v.0
2021-11-16 11:51:00+00:00,33,1,2770,16195.75,16196.0,16194.75,16195.5,69,NQ.v.0
2021-11-16 11:52:00+00:00,33,1,2770,16195.25,16196.0,16195.0,16195.5,34,NQ.v.0
2021-11-16 11:53:00+00:00,33,1,2770,16195.0,16196.5,16193.5,16196.5,108,NQ.v.0
2021-11-16 11:54:00+00:00,33,1,2770,16196.0,16198.0,16196.0,16197.75,76,NQ.v.0
2021-11-16 11:55:00+00:00,33,1,2770,16198.0,16203.75,16197.75,16202.0,208,NQ.v.0
2021-11-16 11:56:00+00:00,33,1,2770,16202.25,16202.75,16200.5,16201.0,101,NQ.v.0
2021-11-16 11:57:00+00:00,33,1,2770,16201.5,16201.75,16197.5,16199.25,195,NQ.v.0
2021-11-16 11:58:00+00:00,33,1,2770,16198.75,16198.75,16197.0,16197.5,50,NQ.v.0
2021-11-16 11:59:00+00:00,33,1,2770,16197.5,16201.75,16197.25,16200.5,143,NQ.v.0
2021-11-16 12:00:00+00:00,33,1,2770,16200.5,16204.25,16198.5,16199.0,317,NQ.v.0
2021-11-16 12:01:00+00:00,33,1,2770,16199.0,16199.5,16196.0,16196.5,143,NQ.v.0
2021-11-16 12:02:00+00:00,33,1,2770,16196.75,16198.5,16196.5,16197.25,149,NQ.v.0
2021-11-16 12:03:00+00:00,33,1,2770,16197.75,16198.5,16194.75,16196.75,199,NQ.v.0
2021-11-16 12:04:00+00:00,33,1,2770,16196.75,16197.0,16195.25,16195.5,120,NQ.v.0
2021-11-16 12:05:00+00:00,33,1,2770,16195.5,16199.0,16195.5,16197.5,72,NQ.v.0
2021-11-16 12:06:00+00:00,33,1,2770,16198.0,16198.75,16197.25,16198.0,52,NQ.v.0
2021-11-16 12:07:00+00:00,33,1,2770,16198.0,16198.25,16195.25,16196.75,89,NQ.v.0
2021-11-16 12:08:00+00:00,33,1,2770,16198.0,16198.75,16197.25,16197.75,39,NQ.v.0
2021-11-16 12:09:00+00:00,33,1,2770,16198.0,16198.75,16197.5,16198.25,44,NQ.v.0
2021-11-16 12:10:00+00:00,33,1,2770,16198.0,16202.5,16197.0,16202.5,184,NQ.v.0
2021-11-16 12:11:00+00:00,33,1,2770,16202.25,16202.5,16198.5,16199.25,122,NQ.v.0
2021-11-16 12:12:00+00:00,33,1,2770,16199.0,16199.0,16194.5,16195.75,107,NQ.v.0
2021-11-16 12:13:00+00:00,33,1,2770,16196.0,16197.5,16195.25,16196.5,43,NQ.v.0
2021-11-16 12:14:00+00:00,33,1,2770,16197.0,16197.25,16195.0,16195.75,44,NQ.v.0
2021-11-16 12:15:00+00:00,33,1,2770,16195.5,16196.0,16194.0,16195.0,65,NQ.v.0
2021-11-16 12:16:00+00:00,33,1,2770,16194.5,16194.5,16192.5,16194.0,137,NQ.v.0
2021-11-16 12:17:00+00:00,33,1,2770,16193.75,16195.75,16192.75,16195.75,58,NQ.v.0
2021-11-16 12:18:00+00:00,33,1,2770,16195.75,16197.75,16194.5,16197.25,84,NQ.v.0
2021-11-16 12:19:00+00:00,33,1,2770,16197.25,16199.5,16196.25,16196.25,156,NQ.v.0
2021-11-16 12:20:00+00:00,33,1,2770,16196.0,16196.0,16193.25,16194.5,87,NQ.v.0
2021-11-16 12:21:00+00:00,33,1,2770,16194.25,16194.25,16191.0,16191.25,134,NQ.v.0
2021-11-16 12:22:00+00:00,33,1,2770,16191.5,16192.5,16190.25,16191.25,118,NQ.v.0
2021-11-16 12:23:00+00:00,33,1,2770,16191.75,16192.5,16190.75,16191.5,100,NQ.v.0
2021-11-16 12:24:00+00:00,33,1,2770,16191.5,16191.75,16190.25,16191.25,113,NQ.v.0
2021-11-16 12:25:00+00:00,33,1,2770,16191.75,16192.5,16190.5,16191.75,130,NQ.v.0
2021-11-16 12:26:00+00:00,33,1,2770,16191.0,16193.0,16191.0,16191.75,52,NQ.v.0
2021-11-16 12:27:00+00:00,33,1,2770,16191.75,16191.75,16189.75,16191.0,105,NQ.v.0
2021-11-16 12:28:00+00:00,33,1,2770,16190.75,16190.75,16188.25,16188.5,173,NQ.v.0
2021-11-16 12:29:00+00:00,33,1,2770,16188.5,16189.25,16187.25,16189.25,131,NQ.v.0
2021-11-16 12:30:00+00:00,33,1,2770,16189.25,16189.25,16187.75,16188.25,68,NQ.v.0
2021-11-16 12:31:00+00:00,33,1,2770,16188.0,16188.0,16185.25,16188.0,153,NQ.v.0
2021-11-16 12:32:00+00:00,33,1,2770,16187.75,16188.75,16187.25,16188.0,44,NQ.v.0
2021-11-16 12:33:00+00:00,33,1,2770,16187.75,16191.75,16187.25,16190.25,117,NQ.v.0
2021-11-16 12:34:00+00:00,33,1,2770,16191.0,16192.5,16189.5,16189.75,115,NQ.v.0
2021-11-16 12:35:00+00:00,33,1,2770,16189.5,16189.5,16187.75,16188.0,59,NQ.v.0
2021-11-16 12:36:00+00:00,33,1,2770,16187.75,16188.75,16187.25,16188.75,43,NQ.v.0
2021-11-16 12:37:00+00:00,33,1,2770,16188.75,16189.5,16188.5,16189.5,32,NQ.v.0
2021-11-16 12:38:00+00:00,33,1,2770,16189.25,16191.5,16189.25,16191.5,62,NQ.v.0
2021-11-16 12:39:00+00:00,33,1,2770,16191.25,16194.0,16190.75,16194.0,130,NQ.v.0
2021-11-16 12:40:00+00:00,33,1,2770,16193.5,16193.5,16192.5,16193.0,38,NQ.v.0
2021-11-16 12:41:00+00:00,33,1,2770,16193.0,16193.25,16190.5,16190.75,54,NQ.v.0
2021-11-16 12:42:00+00:00,33,1,2770,16190.75,16190.75,16189.0,16190.25,50,NQ.v.0
2021-11-16 12:43:00+00:00,33,1,2770,16190.25,16190.5,16188.25,16189.75,116,NQ.v.0
2021-11-16 12:44:00+00:00,33,1,2770,16189.25,16189.25,16187.25,16188.75,67,NQ.v.0
2021-11-16 12:45:00+00:00,33,1,2770,16188.75,16189.25,16188.25,16188.5,19,NQ.v.0
2021-11-16 12:46:00+00:00,33,1,2770,16188.25,16188.5,16185.75,16186.75,73,NQ.v.0
2021-11-16 12:47:00+00:00,33,1,2770,16186.0,16186.75,16182.25,16183.0,146,NQ.v.0
2021-11-16 12:48:00+00:00,33,1,2770,16182.25,16184.5,16182.25,16184.5,49,NQ.v.0
2021-11-16 12:49:00+00:00,33,1,2770,16184.25,16184.25,16183.0,16183.0,60,NQ.v.0
2021-11-16 12:50:00+00:00,33,1,2770,16182.75,16183.5,16179.0,16180.25,206,NQ.v.0
2021-11-16 12:51:00+00:00,33,1,2770,16180.25,16180.5,16176.25,16176.25,229,NQ.v.0
2021-11-16 12:52:00+00:00,33,1,2770,16176.5,16179.5,16176.25,16177.25,109,NQ.v.0
2021-11-16 12:53:00+00:00,33,1,2770,16177.75,16180.0,16177.75,16179.0,85,NQ.v.0
2021-11-16 12:54:00+00:00,33,1,2770,16179.25,16180.5,16179.0,16180.5,49,NQ.v.0
2021-11-16 12:55:00+00:00,33,1,2770,16179.5,16181.25,16179.5,16181.0,87,NQ.v.0
2021-11-16 12:56:00+00:00,33,1,2770,16181.25,16181.75,16179.5,16181.25,89,NQ.v.0
2021-11-16 12:57:00+00:00,33,1,2770,16181.25,16182.0,16177.75,16181.5,143,NQ.v.0
2021-11-16 12:58:00+00:00,33,1,2770,16181.5,16184.0,16181.25,16183.5,143,NQ.v.0
2021-11-16 12:59:00+00:00,33,1,2770,16184.0,16187.25,16183.5,16185.5,170,NQ.v.0
2021-11-16 13:00:00+00:00,33,1,2770,16185.75,16188.0,16184.5,16185.0,155,NQ.v.0
2021-11-16 13:01:00+00:00,33,1,2770,16185.25,16187.0,16185.25,16187.0,94,NQ.v.0
2021-11-16 13:02:00+00:00,33,1,2770,16187.0,16190.5,16186.25,16190.0,254,NQ.v.0
2021-11-16 13:03:00+00:00,33,1,2770,16189.75,16192.25,16189.75,16191.25,141,NQ.v.0
2021-11-16 13:04:00+00:00,33,1,2770,16191.5,16192.5,16190.0,16190.75,163,NQ.v.0
2021-11-16 13:05:00+00:00,33,1,2770,16190.75,16191.75,16189.5,16191.5,45,NQ.v.0
2021-11-16 13:06:00+00:00,33,1,2770,16191.75,16192.25,16189.75,16190.0,59,NQ.v.0
2021-11-16 13:07:00+00:00,33,1,2770,16190.25,16191.5,16188.75,16190.75,60,NQ.v.0
2021-11-16 13:08:00+00:00,33,1,2770,16190.25,16193.25,16190.0,16193.0,99,NQ.v.0
2021-11-16 13:09:00+00:00,33,1,2770,16192.75,16195.0,16192.5,16194.25,170,NQ.v.0
2021-11-16 13:10:00+00:00,33,1,2770,16194.0,16194.5,16192.75,16194.0,69,NQ.v.0
2021-11-16 13:11:00+00:00,33,1,2770,16194.0,16195.75,16193.5,16194.0,149,NQ.v.0
2021-11-16 13:12:00+00:00,33,1,2770,16193.75,16194.0,16192.25,16193.25,77,NQ.v.0
2021-11-16 13:13:00+00:00,33,1,2770,16193.75,16194.0,16191.5,16191.75,87,NQ.v.0
2021-11-16 13:14:00+00:00,33,1,2770,16191.75,16194.5,16191.75,16192.5,57,NQ.v.0
2021-11-16 13:15:00+00:00,33,1,2770,16192.75,16195.0,16192.75,16193.75,99,NQ.v.0
2021-11-16 13:16:00+00:00,33,1,2770,16193.5,16195.0,16192.75,16194.0,68,NQ.v.0
2021-11-16 13:17:00+00:00,33,1,2770,16194.25,16194.25,16192.5,16193.75,71,NQ.v.0
2021-11-16 13:18:00+00:00,33,1,2770,16193.5,16193.5,16189.5,16190.25,158,NQ.v.0
2021-11-16 13:19:00+00:00,33,1,2770,16190.75,16192.5,16190.0,16192.5,144,NQ.v.0
2021-11-16 13:20:00+00:00,33,1,2770,16192.5,16194.25,16191.5,16194.25,127,NQ.v.0
2021-11-16 13:21:00+00:00,33,1,2770,16194.25,16196.25,16192.75,16193.25,183,NQ.v.0
2021-11-16 13:22:00+00:00,33,1,2770,16193.25,16194.0,16191.25,16194.0,78,NQ.v.0
2021-11-16 13:23:00+00:00,33,1,2770,16194.25,16194.25,16189.5,16190.0,108,NQ.v.0
2021-11-16 13:24:00+00:00,33,1,2770,16190.25,16190.5,16187.25,16188.5,210,NQ.v.0
2021-11-16 13:25:00+00:00,33,1,2770,16188.5,16191.5,16188.25,16191.5,66,NQ.v.0
2021-11-16 13:26:00+00:00,33,1,2770,16191.25,16192.25,16190.75,16191.75,68,NQ.v.0
2021-11-16 13:27:00+00:00,33,1,2770,16192.0,16192.5,16187.5,16189.0,185,NQ.v.0
2021-11-16 13:28:00+00:00,33,1,2770,16189.25,16190.5,16187.75,16189.5,79,NQ.v.0
2021-11-16 13:29:00+00:00,33,1,2770,16189.0,16196.5,16188.75,16196.5,155,NQ.v.0
2021-11-16 13:30:00+00:00,33,1,2770,16196.5,16199.5,16180.0,16184.25,975,NQ.v.0
2021-11-16 13:31:00+00:00,33,1,2770,16184.5,16184.75,16175.0,16182.25,526,NQ.v.0
2021-11-16 13:32:00+00:00,33,1,2770,16181.75,16184.25,16179.75,16182.5,314,NQ.v.0
2021-11-16 13:33:00+00:00,33,1,2770,16182.5,16183.0,16176.25,16177.5,365,NQ.v.0
2021-11-16 13:34:00+00:00,33,1,2770,16177.25,16184.25,16177.0,16184.0,251,NQ.v.0
2021-11-16 13:35:00+00:00,33,1,2770,16184.25,16192.5,16181.5,16191.0,512,NQ.v.0
2021-11-16 13:36:00+00:00,33,1,2770,16191.25,16202.0,16189.25,16202.0,531,NQ.v.0
2021-11-16 13:37:00+00:00,33,1,2770,16201.5,16213.0,16201.25,16207.5,1052,NQ.v.0
2021-11-16 13:38:00+00:00,33,1,2770,16206.25,16210.25,16204.0,16209.0,397,NQ.v.0
2021-11-16 13:39:00+00:00,33,1,2770,16208.5,16208.5,16204.0,16204.5,244,NQ.v.0
2021-11-16 13:40:00+00:00,33,1,2770,16204.75,16211.75,16201.75,16211.25,447,NQ.v.0
2021-11-16 13:41:00+00:00,33,1,2770,16211.0,16214.75,16205.75,16207.5,448,NQ.v.0
2021-11-16 13:42:00+00:00,33,1,2770,16207.25,16207.25,16201.0,16202.25,283,NQ.v.0
2021-11-16 13:43:00+00:00,33,1,2770,16202.0,16202.75,16192.75,16193.5,510,NQ.v.0
2021-11-16 13:44:00+00:00,33,1,2770,16194.0,16194.5,16181.5,16181.5,980,NQ.v.0
2021-11-16 13:45:00+00:00,33,1,2770,16181.25,16184.5,16163.75,16169.75,1372,NQ.v.0
2021-11-16 13:46:00+00:00,33,1,2770,16169.75,16174.5,16166.5,16171.0,553,NQ.v.0
2021-11-16 13:47:00+00:00,33,1,2770,16171.25,16174.75,16169.0,16174.25,425,NQ.v.0
2021-11-16 13:48:00+00:00,33,1,2770,16174.5,16178.75,16172.25,16175.75,520,NQ.v.0
2021-11-16 13:49:00+00:00,33,1,2770,16176.0,16181.0,16175.25,16178.0,347,NQ.v.0
2021-11-16 13:50:00+00:00,33,1,2770,16177.75,16182.5,16176.0,16181.0,322,NQ.v.0
2021-11-16 13:51:00+00:00,33,1,2770,16180.75,16181.25,16178.0,16178.0,163,NQ.v.0
2021-11-16 13:52:00+00:00,33,1,2770,16178.25,16181.5,16175.25,16181.0,212,NQ.v.0
2021-11-16 13:53:00+00:00,33,1,2770,16181.25,16183.5,16179.0,16183.5,201,NQ.v.0
2021-11-16 13:54:00+00:00,33,1,2770,16183.5,16183.5,16178.5,16178.5,182,NQ.v.0
2021-11-16 13:55:00+00:00,33,1,2770,16178.5,16181.5,16175.5,16180.25,257,NQ.v.0
2021-11-16 13:56:00+00:00,33,1,2770,16180.25,16182.5,16177.0,16177.25,215,NQ.v.0
2021-11-16 13:57:00+00:00,33,1,2770,16177.5,16178.5,16170.0,16170.75,440,NQ.v.0
2021-11-16 13:58:00+00:00,33,1,2770,16171.5,16180.0,16171.0,16178.0,249,NQ.v.0
2021-11-16 13:59:00+00:00,33,1,2770,16177.75,16178.0,16170.0,16170.0,394,NQ.v.0
2021-11-16 14:00:00+00:00,33,1,2770,16169.75,16171.5,16163.5,16164.0,636,NQ.v.0
2021-11-16 14:01:00+00:00,33,1,2770,16163.75,16168.25,16162.0,16167.0,571,NQ.v.0
2021-11-16 14:02:00+00:00,33,1,2770,16167.25,16172.25,16163.25,16169.25,367,NQ.v.0
2021-11-16 14:03:00+00:00,33,1,2770,16169.0,16172.5,16168.0,16168.0,314,NQ.v.0
2021-11-16 14:04:00+00:00,33,1,2770,16168.0,16170.25,16166.0,16168.25,230,NQ.v.0
2021-11-16 14:05:00+00:00,33,1,2770,16167.0,16173.5,16166.5,16173.0,224,NQ.v.0
2021-11-16 14:06:00+00:00,33,1,2770,16172.75,16174.75,16168.75,16170.5,335,NQ.v.0
2021-11-16 14:07:00+00:00,33,1,2770,16169.5,16174.0,16169.0,16169.0,198,NQ.v.0
2021-11-16 14:08:00+00:00,33,1,2770,16169.0,16169.25,16166.0,16166.75,273,NQ.v.0
2021-11-16 14:09:00+00:00,33,1,2770,16166.75,16169.5,16165.5,16167.75,153,NQ.v.0
2021-11-16 14:10:00+00:00,33,1,2770,16168.0,16170.75,16168.0,16169.75,207,NQ.v.0
2021-11-16 14:11:00+00:00,33,1,2770,16170.0,16173.0,16167.25,16168.5,280,NQ.v.0
2021-11-16 14:12:00+00:00,33,1,2770,16168.75,16170.25,16161.5,16161.5,296,NQ.v.0
2021-11-16 14:13:00+00:00,33,1,2770,16161.75,16163.5,16156.75,16157.75,626,NQ.v.0
2021-11-16 14:14:00+00:00,33,1,2770,16157.5,16162.25,16150.25,16151.5,603,NQ.v.0
2021-11-16 14:15:00+00:00,33,1,2770,16151.0,16154.75,16142.0,16151.5,1287,NQ.v.0
2021-11-16 14:16:00+00:00,33,1,2770,16152.0,16156.25,16149.5,16150.5,481,NQ.v.0
2021-11-16 14:17:00+00:00,33,1,2770,16150.0,16155.5,16150.0,16153.75,404,NQ.v.0
2021-11-16 14:18:00+00:00,33,1,2770,16153.75,16156.0,16152.25,16154.25,214,NQ.v.0
2021-11-16 14:19:00+00:00,33,1,2770,16153.5,16154.75,16152.75,16153.75,198,NQ.v.0
2021-11-16 14:20:00+00:00,33,1,2770,16154.0,16161.0,16153.5,16158.75,531,NQ.v.0
2021-11-16 14:21:00+00:00,33,1,2770,16158.75,16162.25,16156.5,16157.5,439,NQ.v.0
2021-11-16 14:22:00+00:00,33,1,2770,16157.5,16161.5,16157.5,16159.5,285,NQ.v.0
2021-11-16 14:23:00+00:00,33,1,2770,16159.0,16161.25,16158.0,16160.25,131,NQ.v.0
2021-11-16 14:24:00+00:00,33,1,2770,16160.5,16161.5,16158.75,16160.25,166,NQ.v.0
2021-11-16 14:25:00+00:00,33,1,2770,16159.75,16159.75,16154.0,16154.0,580,NQ.v.0
2021-11-16 14:26:00+00:00,33,1,2770,16153.75,16155.5,16151.25,16154.75,417,NQ.v.0
2021-11-16 14:27:00+00:00,33,1,2770,16155.0,16158.25,16153.75,16155.75,531,NQ.v.0
2021-11-16 14:28:00+00:00,33,1,2770,16155.75,16159.25,16155.5,16156.0,329,NQ.v.0
2021-11-16 14:29:00+00:00,33,1,2770,16156.25,16158.75,16155.5,16157.0,523,NQ.v.0
2021-11-16 14:30:00+00:00,33,1,2770,16157.25,16170.25,16150.5,16151.5,5065,NQ.v.0
2021-11-16 14:31:00+00:00,33,1,2770,16151.75,16182.0,16149.25,16180.75,4035,NQ.v.0
2021-11-16 14:32:00+00:00,33,1,2770,16180.5,16190.5,16178.5,16184.0,3805,NQ.v.0
2021-11-16 14:33:00+00:00,33,1,2770,16184.0,16195.0,16178.75,16188.75,3608,NQ.v.0
2021-11-16 14:34:00+00:00,33,1,2770,16189.0,16202.5,16187.5,16198.0,3546,NQ.v.0
2021-11-16 14:35:00+00:00,33,1,2770,16197.75,16231.5,16197.75,16229.25,6266,NQ.v.0
2021-11-16 14:36:00+00:00,33,1,2770,16229.5,16248.5,16228.0,16243.5,4589,NQ.v.0
2021-11-16 14:37:00+00:00,33,1,2770,16243.75,16245.75,16236.25,16241.75,2671,NQ.v.0
2021-11-16 14:38:00+00:00,33,1,2770,16241.75,16247.75,16236.75,16238.75,2227,NQ.v.0
2021-11-16 14:39:00+00:00,33,1,2770,16238.5,16243.25,16230.75,16238.25,2767,NQ.v.0
2021-11-16 14:40:00+00:00,33,1,2770,16238.5,16246.25,16234.0,16243.0,3257,NQ.v.0
2021-11-16 14:41:00+00:00,33,1,2770,16242.75,16251.75,16235.0,16236.25,2934,NQ.v.0
2021-11-16 14:42:00+00:00,33,1,2770,16236.75,16241.75,16223.5,16228.5,2859,NQ.v.0
2021-11-16 14:43:00+00:00,33,1,2770,16228.5,16235.25,16225.0,16234.5,1937,NQ.v.0
2021-11-16 14:44:00+00:00,33,1,2770,16235.0,16240.5,16228.25,16240.5,1851,NQ.v.0
2021-11-16 14:45:00+00:00,33,1,2770,16240.75,16244.75,16230.25,16232.75,2408,NQ.v.0
2021-11-16 14:46:00+00:00,33,1,2770,16232.75,16237.0,16226.75,16227.5,1609,NQ.v.0
2021-11-16 14:47:00+00:00,33,1,2770,16227.5,16233.25,16223.75,16227.25,1959,NQ.v.0
2021-11-16 14:48:00+00:00,33,1,2770,16227.25,16233.75,16223.5,16225.25,1908,NQ.v.0
2021-11-16 14:49:00+00:00,33,1,2770,16225.0,16230.5,16221.0,16230.25,1856,NQ.v.0
2021-11-16 14:50:00+00:00,33,1,2770,16230.5,16236.5,16212.25,16218.5,3534,NQ.v.0
2021-11-16 14:51:00+00:00,33,1,2770,16219.0,16221.75,16208.75,16210.5,2448,NQ.v.0
2021-11-16 14:52:00+00:00,33,1,2770,16210.5,16217.25,16206.25,16215.25,2102,NQ.v.0
2021-11-16 14:53:00+00:00,33,1,2770,16215.75,16216.25,16206.0,16209.5,1574,NQ.v.0
2021-11-16 14:54:00+00:00,33,1,2770,16209.75,16214.25,16206.0,16214.25,1718,NQ.v.0
2021-11-16 14:55:00+00:00,33,1,2770,16214.25,16215.5,16207.0,16208.75,1895,NQ.v.0
2021-11-16 14:56:00+00:00,33,1,2770,16208.75,16214.0,16205.75,16213.5,1140,NQ.v.0
2021-11-16 14:57:00+00:00,33,1,2770,16213.25,16220.0,16212.0,16214.75,1537,NQ.v.0
2021-11-16 14:58:00+00:00,33,1,2770,16215.0,16221.5,16214.5,16220.0,976,NQ.v.0
2021-11-16 14:59:00+00:00,33,1,2770,16219.5,16225.5,16216.25,16224.5,775,NQ.v.0
2021-11-16 15:00:00+00:00,33,1,2770,16224.5,16238.5,16224.25,16233.25,2840,NQ.v.0
2021-11-16 15:01:00+00:00,33,1,2770,16233.25,16243.0,16233.25,16242.5,1683,NQ.v.0
2021-11-16 15:02:00+00:00,33,1,2770,16242.25,16244.5,16233.25,16238.75,1432,NQ.v.0
2021-11-16 15:03:00+00:00,33,1,2770,16239.0,16244.5,16238.5,16243.75,937,NQ.v.0
2021-11-16 15:04:00+00:00,33,1,2770,16244.0,16246.75,16240.5,16246.5,1174,NQ.v.0
2021-11-16 15:05:00+00:00,33,1,2770,16246.25,16248.0,16242.5,16244.75,1054,NQ.v.0
2021-11-16 15:06:00+00:00,33,1,2770,16244.75,16249.25,16240.0,16240.5,1365,NQ.v.0
2021-11-16 15:07:00+00:00,33,1,2770,16240.75,16241.5,16225.25,16232.5,3111,NQ.v.0
2021-11-16 15:08:00+00:00,33,1,2770,16232.5,16240.25,16231.75,16239.5,1043,NQ.v.0
2021-11-16 15:09:00+00:00,33,1,2770,16240.0,16241.0,16233.0,16239.0,1038,NQ.v.0
2021-11-16 15:10:00+00:00,33,1,2770,16239.5,16242.0,16235.0,16237.5,1259,NQ.v.0
2021-11-16 15:11:00+00:00,33,1,2770,16237.5,16246.75,16236.75,16245.75,1418,NQ.v.0
2021-11-16 15:12:00+00:00,33,1,2770,16245.25,16246.25,16237.0,16241.0,943,NQ.v.0
2021-11-16 15:13:00+00:00,33,1,2770,16241.25,16243.0,16235.25,16241.25,828,NQ.v.0
2021-11-16 15:14:00+00:00,33,1,2770,16241.0,16247.75,16238.75,16247.0,989,NQ.v.0
2021-11-16 15:15:00+00:00,33,1,2770,16247.0,16248.5,16240.0,16244.75,1397,NQ.v.0
2021-11-16 15:16:00+00:00,33,1,2770,16244.75,16260.0,16240.25,16255.0,2788,NQ.v.0
2021-11-16 15:17:00+00:00,33,1,2770,16254.75,16255.75,16235.0,16235.75,2332,NQ.v.0
2021-11-16 15:18:00+00:00,33,1,2770,16236.25,16244.25,16234.0,16237.5,1308,NQ.v.0
2021-11-16 15:19:00+00:00,33,1,2770,16238.0,16242.0,16234.0,16234.75,921,NQ.v.0
2021-11-16 15:20:00+00:00,33,1,2770,16234.5,16237.25,16227.5,16229.75,1844,NQ.v.0
2021-11-16 15:21:00+00:00,33,1,2770,16230.25,16236.25,16228.75,16235.25,877,NQ.v.0
2021-11-16 15:22:00+00:00,33,1,2770,16235.25,16238.25,16230.0,16230.75,811,NQ.v.0
2021-11-16 15:23:00+00:00,33,1,2770,16230.75,16231.75,16216.0,16220.25,2093,NQ.v.0
2021-11-16 15:24:00+00:00,33,1,2770,16220.25,16223.0,16214.5,16217.0,1397,NQ.v.0
2021-11-16 15:25:00+00:00,33,1,2770,16217.0,16223.5,16212.0,16215.25,1453,NQ.v.0
2021-11-16 15:26:00+00:00,33,1,2770,16214.75,16219.0,16212.75,16216.5,1042,NQ.v.0
2021-11-16 15:27:00+00:00,33,1,2770,16216.75,16218.75,16208.25,16212.25,1194,NQ.v.0
2021-11-16 15:28:00+00:00,33,1,2770,16212.75,16218.0,16209.0,16217.0,961,NQ.v.0
2021-11-16 15:29:00+00:00,33,1,2770,16216.75,16218.0,16197.5,16198.25,2297,NQ.v.0
2021-11-16 15:30:00+00:00,33,1,2770,16198.25,16210.5,16194.75,16205.75,2142,NQ.v.0
2021-11-16 15:31:00+00:00,33,1,2770,16206.0,16215.0,16204.25,16214.75,1170,NQ.v.0
2021-11-16 15:32:00+00:00,33,1,2770,16214.5,16223.0,16213.75,16220.25,1459,NQ.v.0
2021-11-16 15:33:00+00:00,33,1,2770,16220.75,16221.25,16214.75,16216.75,1140,NQ.v.0
2021-11-16 15:34:00+00:00,33,1,2770,16217.0,16222.0,16216.5,16219.5,561,NQ.v.0
2021-11-16 15:35:00+00:00,33,1,2770,16219.75,16224.5,16218.25,16220.5,948,NQ.v.0
2021-11-16 15:36:00+00:00,33,1,2770,16220.75,16225.75,16217.25,16218.0,969,NQ.v.0
2021-11-16 15:37:00+00:00,33,1,2770,16218.0,16221.0,16211.0,16217.75,1230,NQ.v.0
2021-11-16 15:38:00+00:00,33,1,2770,16216.75,16221.25,16216.5,16219.25,622,NQ.v.0
2021-11-16 15:39:00+00:00,33,1,2770,16219.5,16224.75,16216.5,16224.0,661,NQ.v.0
2021-11-16 15:40:00+00:00,33,1,2770,16224.0,16235.75,16223.5,16234.75,1776,NQ.v.0
2021-11-16 15:41:00+00:00,33,1,2770,16234.75,16235.0,16224.5,16225.0,992,NQ.v.0
2021-11-16 15:42:00+00:00,33,1,2770,16225.5,16226.5,16218.25,16221.25,1027,NQ.v.0
2021-11-16 15:43:00+00:00,33,1,2770,16221.25,16221.25,16214.25,16216.25,979,NQ.v.0
2021-11-16 15:44:00+00:00,33,1,2770,16215.75,16221.5,16212.5,16220.0,685,NQ.v.0
2021-11-16 15:45:00+00:00,33,1,2770,16220.5,16224.5,16212.0,16214.75,960,NQ.v.0
2021-11-16 15:46:00+00:00,33,1,2770,16214.5,16217.0,16212.0,16214.5,432,NQ.v.0
2021-11-16 15:47:00+00:00,33,1,2770,16214.5,16218.75,16211.25,16218.25,611,NQ.v.0
2021-11-16 15:48:00+00:00,33,1,2770,16218.25,16220.75,16212.25,16212.75,601,NQ.v.0
2021-11-16 15:49:00+00:00,33,1,2770,16213.25,16222.5,16209.5,16221.75,893,NQ.v.0
2021-11-16 15:50:00+00:00,33,1,2770,16222.0,16225.5,16216.75,16221.75,820,NQ.v.0
2021-11-16 15:51:00+00:00,33,1,2770,16222.25,16230.5,16222.25,16230.25,771,NQ.v.0
2021-11-16 15:52:00+00:00,33,1,2770,16229.75,16231.5,16223.25,16225.0,814,NQ.v.0
2021-11-16 15:53:00+00:00,33,1,2770,16225.0,16233.25,16223.5,16230.5,744,NQ.v.0
2021-11-16 15:54:00+00:00,33,1,2770,16230.5,16234.0,16226.5,16229.5,804,NQ.v.0
2021-11-16 15:55:00+00:00,33,1,2770,16229.5,16231.5,16223.75,16224.75,514,NQ.v.0
2021-11-16 15:56:00+00:00,33,1,2770,16224.5,16230.5,16223.0,16225.25,586,NQ.v.0
2021-11-16 15:57:00+00:00,33,1,2770,16225.25,16226.75,16221.75,16224.25,426,NQ.v.0
2021-11-16 15:58:00+00:00,33,1,2770,16224.5,16232.5,16224.0,16231.0,594,NQ.v.0
2021-11-16 15:59:00+00:00,33,1,2770,16231.25,16234.75,16228.5,16230.5,755,NQ.v.0
2021-11-16 16:00:00+00:00,33,1,2770,16230.0,16241.0,16229.0,16237.25,1399,NQ.v.0
2021-11-16 16:01:00+00:00,33,1,2770,16237.5,16249.75,16236.75,16246.75,2047,NQ.v.0
2021-11-16 16:02:00+00:00,33,1,2770,16246.25,16251.25,16246.0,16247.5,961,NQ.v.0
2021-11-16 16:03:00+00:00,33,1,2770,16247.25,16249.75,16244.0,16249.0,805,NQ.v.0
2021-11-16 16:04:00+00:00,33,1,2770,16249.0,16256.0,16248.0,16255.25,1136,NQ.v.0
2021-11-16 16:05:00+00:00,33,1,2770,16255.5,16256.0,16251.0,16251.5,918,NQ.v.0
2021-11-16 16:06:00+00:00,33,1,2770,16251.5,16252.75,16247.0,16248.75,839,NQ.v.0
2021-11-16 16:07:00+00:00,33,1,2770,16249.0,16249.25,16245.5,16248.5,510,NQ.v.0
2021-11-16 16:08:00+00:00,33,1,2770,16248.75,16253.0,16248.25,16250.75,545,NQ.v.0
2021-11-16 16:09:00+00:00,33,1,2770,16251.25,16253.5,16249.0,16253.25,496,NQ.v.0
2021-11-16 16:10:00+00:00,33,1,2770,16252.75,16261.5,16252.75,16261.0,1996,NQ.v.0
2021-11-16 16:11:00+00:00,33,1,2770,16261.25,16269.25,16261.25,16264.0,1927,NQ.v.0
2021-11-16 16:12:00+00:00,33,1,2770,16264.5,16270.75,16263.25,16269.5,881,NQ.v.0
2021-11-16 16:13:00+00:00,33,1,2770,16270.0,16274.0,16269.25,16272.5,1144,NQ.v.0
2021-11-16 16:14:00+00:00,33,1,2770,16272.25,16283.0,16271.0,16281.25,1491,NQ.v.0
2021-11-16 16:15:00+00:00,33,1,2770,16281.75,16289.75,16281.75,16289.0,1815,NQ.v.0
2021-11-16 16:16:00+00:00,33,1,2770,16289.0,16292.5,16287.5,16290.75,1356,NQ.v.0
2021-11-16 16:17:00+00:00,33,1,2770,16290.75,16299.0,16290.75,16292.5,2063,NQ.v.0
2021-11-16 16:18:00+00:00,33,1,2770,16292.5,16300.75,16291.75,16299.0,1179,NQ.v.0
2021-11-16 16:19:00+00:00,33,1,2770,16298.75,16298.75,16292.75,16295.5,1336,NQ.v.0
2021-11-16 16:20:00+00:00,33,1,2770,16295.25,16303.5,16295.25,16301.0,1247,NQ.v.0
2021-11-16 16:21:00+00:00,33,1,2770,16301.25,16307.0,16295.5,16299.0,1734,NQ.v.0
2021-11-16 16:22:00+00:00,33,1,2770,16299.5,16302.5,16293.25,16298.25,1219,NQ.v.0
2021-11-16 16:23:00+00:00,33,1,2770,16298.5,16299.5,16293.0,16294.0,871,NQ.v.0
2021-11-16 16:24:00+00:00,33,1,2770,16293.75,16297.25,16293.25,16294.5,730,NQ.v.0
2021-11-16 16:25:00+00:00,33,1,2770,16294.5,16303.25,16294.0,16301.5,722,NQ.v.0
2021-11-16 16:26:00+00:00,33,1,2770,16301.5,16302.75,16295.0,16299.25,659,NQ.v.0
2021-11-16 16:27:00+00:00,33,1,2770,16299.0,16300.0,16297.0,16297.5,325,NQ.v.0
2021-11-16 16:28:00+00:00,33,1,2770,16297.75,16298.5,16294.25,16295.0,383,NQ.v.0
2021-11-16 16:29:00+00:00,33,1,2770,16294.75,16301.5,16294.75,16297.25,833,NQ.v.0
2021-11-16 16:30:00+00:00,33,1,2770,16298.0,16300.0,16295.75,16295.75,695,NQ.v.0
2021-11-16 16:31:00+00:00,33,1,2770,16296.25,16299.5,16295.5,16297.25,610,NQ.v.0
2021-11-16 16:32:00+00:00,33,1,2770,16297.0,16298.5,16293.0,16298.5,771,NQ.v.0
2021-11-16 16:33:00+00:00,33,1,2770,16298.75,16300.75,16295.25,16299.0,596,NQ.v.0
2021-11-16 16:34:00+00:00,33,1,2770,16299.0,16300.5,16296.75,16300.25,320,NQ.v.0
2021-11-16 16:35:00+00:00,33,1,2770,16300.5,16309.0,16300.0,16308.5,1251,NQ.v.0
2021-11-16 16:36:00+00:00,33,1,2770,16309.0,16309.25,16302.0,16304.0,741,NQ.v.0
2021-11-16 16:37:00+00:00,33,1,2770,16304.25,16308.25,16302.25,16306.25,433,NQ.v.0
2021-11-16 16:38:00+00:00,33,1,2770,16306.25,16306.25,16295.5,16297.5,919,NQ.v.0
2021-11-16 16:39:00+00:00,33,1,2770,16297.75,16300.25,16295.0,16296.75,674,NQ.v.0
2021-11-16 16:40:00+00:00,33,1,2770,16297.25,16299.0,16291.75,16296.5,975,NQ.v.0
2021-11-16 16:41:00+00:00,33,1,2770,16296.5,16296.75,16291.0,16292.25,583,NQ.v.0
2021-11-16 16:42:00+00:00,33,1,2770,16292.25,16295.5,16291.5,16295.25,423,NQ.v.0
2021-11-16 16:43:00+00:00,33,1,2770,16295.25,16295.5,16291.25,16291.5,433,NQ.v.0
2021-11-16 16:44:00+00:00,33,1,2770,16291.5,16292.0,16284.5,16285.0,1359,NQ.v.0
2021-11-16 16:45:00+00:00,33,1,2770,16285.25,16288.25,16283.75,16286.0,755,NQ.v.0
2021-11-16 16:46:00+00:00,33,1,2770,16286.0,16287.5,16284.75,16286.0,528,NQ.v.0
2021-11-16 16:47:00+00:00,33,1,2770,16286.25,16287.5,16282.75,16287.5,613,NQ.v.0
2021-11-16 16:48:00+00:00,33,1,2770,16287.25,16289.75,16285.5,16286.25,577,NQ.v.0
2021-11-16 16:49:00+00:00,33,1,2770,16286.5,16287.25,16282.5,16283.5,447,NQ.v.0
2021-11-16 16:50:00+00:00,33,1,2770,16283.5,16286.75,16282.75,16285.75,654,NQ.v.0
2021-11-16 16:51:00+00:00,33,1,2770,16286.25,16288.0,16285.0,16286.25,364,NQ.v.0
2021-11-16 16:52:00+00:00,33,1,2770,16286.25,16292.75,16285.0,16292.75,558,NQ.v.0
2021-11-16 16:53:00+00:00,33,1,2770,16292.75,16294.0,16290.75,16292.25,526,NQ.v.0
2021-11-16 16:54:00+00:00,33,1,2770,16292.5,16295.25,16290.0,16293.5,351,NQ.v.0
2021-11-16 16:55:00+00:00,33,1,2770,16293.5,16296.0,16290.5,16293.5,596,NQ.v.0
2021-11-16 16:56:00+00:00,33,1,2770,16293.0,16294.5,16289.0,16293.5,420,NQ.v.0
2021-11-16 16:57:00+00:00,33,1,2770,16293.75,16294.25,16288.25,16291.75,378,NQ.v.0
2021-11-16 16:58:00+00:00,33,1,2770,16292.0,16292.0,16287.0,16288.75,484,NQ.v.0
2021-11-16 16:59:00+00:00,33,1,2770,16288.5,16290.0,16286.25,16288.5,391,NQ.v.0
2021-11-16 17:00:00+00:00,33,1,2770,16288.25,16290.0,16283.75,16288.25,764,NQ.v.0
2021-11-16 17:01:00+00:00,33,1,2770,16288.25,16292.25,16286.5,16291.5,426,NQ.v.0
2021-11-16 17:02:00+00:00,33,1,2770,16291.5,16292.0,16288.25,16288.25,364,NQ.v.0
2021-11-16 17:03:00+00:00,33,1,2770,16288.5,16288.75,16281.75,16282.25,532,NQ.v.0
2021-11-16 17:04:00+00:00,33,1,2770,16282.25,16282.5,16277.75,16280.5,831,NQ.v.0
2021-11-16 17:05:00+00:00,33,1,2770,16280.5,16282.5,16278.75,16281.25,453,NQ.v.0
2021-11-16 17:06:00+00:00,33,1,2770,16281.75,16288.75,16281.5,16287.5,645,NQ.v.0
2021-11-16 17:07:00+00:00,33,1,2770,16287.25,16288.75,16285.0,16286.75,371,NQ.v.0
2021-11-16 17:08:00+00:00,33,1,2770,16287.0,16287.75,16284.0,16285.25,397,NQ.v.0
2021-11-16 17:09:00+00:00,33,1,2770,16284.75,16285.75,16281.75,16284.0,325,NQ.v.0
2021-11-16 17:10:00+00:00,33,1,2770,16284.0,16292.75,16283.0,16292.0,613,NQ.v.0
2021-11-16 17:11:00+00:00,33,1,2770,16292.25,16293.5,16288.5,16289.0,501,NQ.v.0
2021-11-16 17:12:00+00:00,33,1,2770,16289.0,16290.75,16287.0,16290.0,355,NQ.v.0
2021-11-16 17:13:00+00:00,33,1,2770,16289.5,16293.25,16289.0,16292.75,293,NQ.v.0
2021-11-16 17:14:00+00:00,33,1,2770,16292.5,16295.25,16292.25,16294.75,387,NQ.v.0
2021-11-16 17:15:00+00:00,33,1,2770,16294.5,16295.5,16291.25,16294.75,561,NQ.v.0
2021-11-16 17:16:00+00:00,33,1,2770,16294.25,16297.25,16293.75,16297.25,519,NQ.v.0
2021-11-16 17:17:00+00:00,33,1,2770,16297.0,16298.0,16293.75,16296.5,393,NQ.v.0
2021-11-16 17:18:00+00:00,33,1,2770,16296.5,16300.0,16294.75,16299.25,576,NQ.v.0
2021-11-16 17:19:00+00:00,33,1,2770,16299.0,16300.0,16295.25,16296.75,686,NQ.v.0
2021-11-16 17:20:00+00:00,33,1,2770,16297.0,16297.0,16290.0,16290.75,551,NQ.v.0
2021-11-16 17:21:00+00:00,33,1,2770,16290.75,16292.0,16288.5,16288.75,411,NQ.v.0
2021-11-16 17:22:00+00:00,33,1,2770,16289.5,16293.0,16288.0,16290.0,361,NQ.v.0
2021-11-16 17:23:00+00:00,33,1,2770,16290.75,16298.0,16290.75,16297.5,617,NQ.v.0
2021-11-16 17:24:00+00:00,33,1,2770,16297.75,16304.25,16297.0,16303.75,931,NQ.v.0
2021-11-16 17:25:00+00:00,33,1,2770,16303.5,16303.5,16293.5,16293.5,770,NQ.v.0
2021-11-16 17:26:00+00:00,33,1,2770,16293.5,16295.0,16292.0,16294.75,492,NQ.v.0
2021-11-16 17:27:00+00:00,33,1,2770,16294.5,16294.75,16290.25,16293.5,331,NQ.v.0
2021-11-16 17:28:00+00:00,33,1,2770,16293.25,16294.5,16291.75,16293.5,189,NQ.v.0
2021-11-16 17:29:00+00:00,33,1,2770,16293.5,16294.0,16289.25,16290.0,279,NQ.v.0
2021-11-16 17:30:00+00:00,33,1,2770,16289.75,16290.5,16284.25,16284.5,614,NQ.v.0
2021-11-16 17:31:00+00:00,33,1,2770,16285.0,16293.0,16284.0,16292.75,576,NQ.v.0
2021-11-16 17:32:00+00:00,33,1,2770,16292.75,16293.75,16291.0,16292.5,213,NQ.v.0
2021-11-16 17:33:00+00:00,33,1,2770,16292.5,16294.25,16289.0,16294.25,328,NQ.v.0
2021-11-16 17:34:00+00:00,33,1,2770,16294.5,16298.0,16293.5,16297.25,411,NQ.v.0
2021-11-16 17:35:00+00:00,33,1,2770,16297.5,16297.5,16292.5,16293.5,357,NQ.v.0
2021-11-16 17:36:00+00:00,33,1,2770,16293.75,16294.25,16290.5,16293.5,269,NQ.v.0
2021-11-16 17:37:00+00:00,33,1,2770,16293.5,16295.0,16293.0,16294.5,141,NQ.v.0
2021-11-16 17:38:00+00:00,33,1,2770,16294.75,16295.5,16292.75,16292.75,151,NQ.v.0
2021-11-16 17:39:00+00:00,33,1,2770,16293.25,16296.0,16291.75,16292.0,258,NQ.v.0
2021-11-16 17:40:00+00:00,33,1,2770,16292.0,16294.25,16290.0,16293.0,313,NQ.v.0
2021-11-16 17:41:00+00:00,33,1,2770,16293.25,16295.0,16291.25,16293.75,179,NQ.v.0
2021-11-16 17:42:00+00:00,33,1,2770,16294.25,16295.0,16291.0,16291.5,166,NQ.v.0
2021-11-16 17:43:00+00:00,33,1,2770,16291.75,16295.0,16287.0,16293.75,415,NQ.v.0
2021-11-16 17:44:00+00:00,33,1,2770,16294.0,16300.5,16291.25,16299.25,964,NQ.v.0
2021-11-16 17:45:00+00:00,33,1,2770,16299.0,16301.25,16295.0,16299.25,936,NQ.v.0
2021-11-16 17:46:00+00:00,33,1,2770,16299.5,16303.0,16298.5,16300.25,642,NQ.v.0
2021-11-16 17:47:00+00:00,33,1,2770,16300.5,16301.25,16298.25,16301.0,319,NQ.v.0
2021-11-16 17:48:00+00:00,33,1,2770,16301.5,16301.5,16295.75,16296.0,456,NQ.v.0
2021-11-16 17:49:00+00:00,33,1,2770,16296.25,16297.5,16294.5,16297.0,349,NQ.v.0
2021-11-16 17:50:00+00:00,33,1,2770,16297.25,16297.75,16294.25,16297.0,196,NQ.v.0
2021-11-16 17:51:00+00:00,33,1,2770,16296.75,16297.5,16292.75,16295.0,357,NQ.v.0
2021-11-16 17:52:00+00:00,33,1,2770,16294.75,16296.0,16292.5,16296.0,300,NQ.v.0
2021-11-16 17:53:00+00:00,33,1,2770,16296.25,16296.5,16293.5,16294.75,227,NQ.v.0
2021-11-16 17:54:00+00:00,33,1,2770,16295.0,16297.5,16294.25,16296.25,144,NQ.v.0
2021-11-16 17:55:00+00:00,33,1,2770,16296.0,16297.0,16293.25,16293.75,211,NQ.v.0
2021-11-16 17:56:00+00:00,33,1,2770,16293.75,16296.5,16293.25,16296.25,179,NQ.v.0
2021-11-16 17:57:00+00:00,33,1,2770,16296.5,16296.5,16293.25,16293.75,249,NQ.v.0
2021-11-16 17:58:00+00:00,33,1,2770,16294.0,16295.5,16290.25,16291.25,407,NQ.v.0
2021-11-16 17:59:00+00:00,33,1,2770,16291.75,16294.75,16290.5,16293.5,313,NQ.v.0
2021-11-16 18:00:00+00:00,33,1,2770,16293.5,16293.75,16288.25,16288.5,884,NQ.v.0
2021-11-16 18:01:00+00:00,33,1,2770,16288.75,16295.0,16288.5,16294.5,506,NQ.v.0
2021-11-16 18:02:00+00:00,33,1,2770,16294.75,16298.0,16294.5,16296.0,514,NQ.v.0
2021-11-16 18:03:00+00:00,33,1,2770,16296.25,16297.75,16295.0,16296.75,248,NQ.v.0
2021-11-16 18:04:00+00:00,33,1,2770,16296.75,16300.25,16296.75,16299.5,452,NQ.v.0
2021-11-16 18:05:00+00:00,33,1,2770,16300.0,16300.5,16295.25,16295.75,327,NQ.v.0
2021-11-16 18:06:00+00:00,33,1,2770,16296.0,16299.25,16295.0,16299.0,300,NQ.v.0
2021-11-16 18:07:00+00:00,33,1,2770,16299.0,16302.75,16299.0,16301.0,448,NQ.v.0
2021-11-16 18:08:00+00:00,33,1,2770,16301.0,16304.0,16300.5,16300.75,459,NQ.v.0
2021-11-16 18:09:00+00:00,33,1,2770,16300.75,16303.5,16300.5,16302.25,244,NQ.v.0
2021-11-16 18:10:00+00:00,33,1,2770,16302.5,16307.25,16301.5,16306.25,605,NQ.v.0
2021-11-16 18:11:00+00:00,33,1,2770,16306.25,16307.5,16303.0,16305.75,489,NQ.v.0
2021-11-16 18:12:00+00:00,33,1,2770,16305.5,16305.75,16301.0,16301.25,496,NQ.v.0
2021-11-16 18:13:00+00:00,33,1,2770,16301.0,16301.25,16296.25,16296.75,715,NQ.v.0
2021-11-16 18:14:00+00:00,33,1,2770,16297.25,16299.5,16294.5,16297.25,493,NQ.v.0
2021-11-16 18:15:00+00:00,33,1,2770,16296.75,16302.5,16296.0,16302.0,364,NQ.v.0
2021-11-16 18:16:00+00:00,33,1,2770,16302.25,16309.75,16302.0,16306.0,949,NQ.v.0
2021-11-16 18:17:00+00:00,33,1,2770,16306.0,16306.0,16299.5,16299.5,531,NQ.v.0
2021-11-16 18:18:00+00:00,33,1,2770,16299.25,16301.0,16296.0,16297.5,556,NQ.v.0
2021-11-16 18:19:00+00:00,33,1,2770,16297.25,16299.5,16290.5,16291.0,901,NQ.v.0
2021-11-16 18:20:00+00:00,33,1,2770,16290.75,16298.0,16290.5,16297.25,750,NQ.v.0
2021-11-16 18:21:00+00:00,33,1,2770,16297.0,16299.0,16295.0,16295.0,334,NQ.v.0
2021-11-16 18:22:00+00:00,33,1,2770,16295.0,16298.5,16292.0,16297.0,421,NQ.v.0
2021-11-16 18:23:00+00:00,33,1,2770,16296.75,16297.75,16294.75,16297.25,327,NQ.v.0
2021-11-16 18:24:00+00:00,33,1,2770,16297.0,16299.75,16295.0,16298.5,248,NQ.v.0
2021-11-16 18:25:00+00:00,33,1,2770,16298.75,16299.0,16295.75,16296.25,190,NQ.v.0
2021-11-16 18:26:00+00:00,33,1,2770,16296.5,16297.5,16294.5,16296.75,178,NQ.v.0
2021-11-16 18:27:00+00:00,33,1,2770,16296.25,16296.5,16292.25,16293.0,306,NQ.v.0
2021-11-16 18:28:00+00:00,33,1,2770,16292.75,16296.75,16291.75,16293.0,226,NQ.v.0
2021-11-16 18:29:00+00:00,33,1,2770,16293.0,16294.0,16290.75,16291.75,292,NQ.v.0
2021-11-16 18:30:00+00:00,33,1,2770,16291.75,16295.5,16291.25,16292.5,292,NQ.v.0
2021-11-16 18:31:00+00:00,33,1,2770,16292.25,16297.5,16292.0,16295.75,459,NQ.v.0
2021-11-16 18:32:00+00:00,33,1,2770,16295.75,16299.0,16294.5,16297.0,536,NQ.v.0
2021-11-16 18:33:00+00:00,33,1,2770,16297.25,16299.25,16295.5,16296.0,270,NQ.v.0
2021-11-16 18:34:00+00:00,33,1,2770,16295.75,16297.25,16294.5,16295.75,216,NQ.v.0
2021-11-16 18:35:00+00:00,33,1,2770,16295.5,16299.25,16294.75,16298.25,254,NQ.v.0
2021-11-16 18:36:00+00:00,33,1,2770,16298.5,16298.75,16293.75,16294.0,255,NQ.v.0
2021-11-16 18:37:00+00:00,33,1,2770,16293.75,16298.75,16293.25,16298.75,209,NQ.v.0
2021-11-16 18:38:00+00:00,33,1,2770,16298.5,16299.5,16296.75,16298.5,234,NQ.v.0
2021-11-16 18:39:00+00:00,33,1,2770,16298.5,16301.5,16296.75,16299.5,304,NQ.v.0
2021-11-16 18:40:00+00:00,33,1,2770,16299.5,16300.75,16296.25,16296.75,241,NQ.v.0
2021-11-16 18:41:00+00:00,33,1,2770,16296.5,16299.75,16294.5,16294.5,296,NQ.v.0
2021-11-16 18:42:00+00:00,33,1,2770,16294.25,16297.5,16294.25,16296.5,227,NQ.v.0
2021-11-16 18:43:00+00:00,33,1,2770,16296.5,16297.5,16294.25,16296.25,291,NQ.v.0
2021-11-16 18:44:00+00:00,33,1,2770,16296.25,16302.0,16296.25,16300.75,434,NQ.v.0
2021-11-16 18:45:00+00:00,33,1,2770,16300.75,16302.75,16300.0,16301.25,448,NQ.v.0
2021-11-16 18:46:00+00:00,33,1,2770,16301.5,16305.25,16301.0,16303.0,516,NQ.v.0
2021-11-16 18:47:00+00:00,33,1,2770,16303.5,16303.5,16298.0,16298.25,392,NQ.v.0
2021-11-16 18:48:00+00:00,33,1,2770,16298.0,16301.5,16296.0,16301.25,456,NQ.v.0
2021-11-16 18:49:00+00:00,33,1,2770,16301.25,16303.5,16300.5,16302.75,265,NQ.v.0
2021-11-16 18:50:00+00:00,33,1,2770,16302.75,16305.0,16301.25,16301.5,335,NQ.v.0
2021-11-16 18:51:00+00:00,33,1,2770,16301.75,16303.25,16299.0,16300.5,326,NQ.v.0
2021-11-16 18:52:00+00:00,33,1,2770,16300.25,16304.5,16300.25,16303.5,237,NQ.v.0
2021-11-16 18:53:00+00:00,33,1,2770,16303.75,16311.0,16303.75,16309.25,1268,NQ.v.0
2021-11-16 18:54:00+00:00,33,1,2770,16309.5,16311.0,16307.0,16308.25,743,NQ.v.0
2021-11-16 18:55:00+00:00,33,1,2770,16308.75,16314.0,16308.5,16309.5,691,NQ.v.0
2021-11-16 18:56:00+00:00,33,1,2770,16310.0,16313.25,16309.25,16309.75,486,NQ.v.0
2021-11-16 18:57:00+00:00,33,1,2770,16309.75,16310.25,16308.0,16309.25,359,NQ.v.0
2021-11-16 18:58:00+00:00,33,1,2770,16308.75,16308.75,16307.0,16307.75,227,NQ.v.0
2021-11-16 18:59:00+00:00,33,1,2770,16308.25,16314.75,16308.25,16312.25,638,NQ.v.0
2021-11-16 19:00:00+00:00,33,1,2770,16312.0,16314.5,16309.25,16314.0,707,NQ.v.0
2021-11-16 19:01:00+00:00,33,1,2770,16313.75,16318.75,16313.5,16318.75,807,NQ.v.0
2021-11-16 19:02:00+00:00,33,1,2770,16318.75,16323.25,16317.5,16318.5,1341,NQ.v.0
2021-11-16 19:03:00+00:00,33,1,2770,16318.75,16321.0,16318.0,16320.75,302,NQ.v.0
2021-11-16 19:04:00+00:00,33,1,2770,16321.0,16322.0,16319.75,16320.0,390,NQ.v.0
2021-11-16 19:05:00+00:00,33,1,2770,16320.25,16322.0,16318.75,16319.75,374,NQ.v.0
2021-11-16 19:06:00+00:00,33,1,2770,16320.0,16321.0,16318.0,16319.75,361,NQ.v.0
2021-11-16 19:07:00+00:00,33,1,2770,16319.5,16322.0,16318.0,16321.0,308,NQ.v.0
2021-11-16 19:08:00+00:00,33,1,2770,16320.75,16322.0,16317.25,16317.25,361,NQ.v.0
2021-11-16 19:09:00+00:00,33,1,2770,16317.0,16322.75,16316.75,16319.5,322,NQ.v.0
2021-11-16 19:10:00+00:00,33,1,2770,16319.75,16323.75,16318.75,16322.5,327,NQ.v.0
2021-11-16 19:11:00+00:00,33,1,2770,16322.75,16323.0,16318.25,16319.0,296,NQ.v.0
2021-11-16 19:12:00+00:00,33,1,2770,16319.0,16320.5,16318.0,16318.75,224,NQ.v.0
2021-11-16 19:13:00+00:00,33,1,2770,16318.25,16318.5,16315.5,16317.25,476,NQ.v.0
2021-11-16 19:14:00+00:00,33,1,2770,16317.5,16320.0,16315.5,16318.5,416,NQ.v.0
2021-11-16 19:15:00+00:00,33,1,2770,16318.75,16319.5,16314.0,16314.0,470,NQ.v.0
2021-11-16 19:16:00+00:00,33,1,2770,16314.5,16316.0,16311.0,16311.25,616,NQ.v.0
2021-11-16 19:17:00+00:00,33,1,2770,16311.25,16312.25,16308.25,16309.0,782,NQ.v.0
2021-11-16 19:18:00+00:00,33,1,2770,16309.0,16310.5,16306.0,16309.75,573,NQ.v.0
2021-11-16 19:19:00+00:00,33,1,2770,16309.5,16313.25,16309.5,16313.0,395,NQ.v.0
2021-11-16 19:20:00+00:00,33,1,2770,16312.75,16312.75,16306.75,16306.75,366,NQ.v.0
2021-11-16 19:21:00+00:00,33,1,2770,16307.25,16307.5,16301.75,16307.0,841,NQ.v.0
2021-11-16 19:22:00+00:00,33,1,2770,16307.5,16309.0,16301.5,16303.75,578,NQ.v.0
2021-11-16 19:23:00+00:00,33,1,2770,16303.5,16305.75,16301.75,16305.5,368,NQ.v.0
2021-11-16 19:24:00+00:00,33,1,2770,16305.75,16305.75,16301.0,16304.0,370,NQ.v.0
2021-11-16 19:25:00+00:00,33,1,2770,16304.25,16309.5,16303.25,16309.5,453,NQ.v.0
2021-11-16 19:26:00+00:00,33,1,2770,16309.0,16309.75,16305.25,16305.75,380,NQ.v.0
2021-11-16 19:27:00+00:00,33,1,2770,16306.0,16308.25,16304.25,16307.0,391,NQ.v.0
2021-11-16 19:28:00+00:00,33,1,2770,16307.5,16313.25,16306.75,16312.5,557,NQ.v.0
2021-11-16 19:29:00+00:00,33,1,2770,16312.25,16314.0,16309.75,16312.25,451,NQ.v.0
2021-11-16 19:30:00+00:00,33,1,2770,16312.25,16314.0,16311.0,16312.75,299,NQ.v.0
2021-11-16 19:31:00+00:00,33,1,2770,16312.5,16313.25,16310.25,16311.0,287,NQ.v.0
2021-11-16 19:32:00+00:00,33,1,2770,16311.25,16313.25,16309.25,16311.5,365,NQ.v.0
2021-11-16 19:33:00+00:00,33,1,2770,16311.75,16312.5,16310.0,16310.25,255,NQ.v.0
2021-11-16 19:34:00+00:00,33,1,2770,16310.25,16310.75,16308.25,16309.25,399,NQ.v.0
2021-11-16 19:35:00+00:00,33,1,2770,16309.5,16313.0,16307.5,16307.5,345,NQ.v.0
2021-11-16 19:36:00+00:00,33,1,2770,16307.5,16309.75,16307.25,16308.5,175,NQ.v.0
2021-11-16 19:37:00+00:00,33,1,2770,16308.75,16312.0,16308.5,16309.75,341,NQ.v.0
2021-11-16 19:38:00+00:00,33,1,2770,16310.5,16310.5,16306.5,16307.0,243,NQ.v.0
2021-11-16 19:39:00+00:00,33,1,2770,16306.75,16307.0,16303.5,16304.75,425,NQ.v.0
2021-11-16 19:40:00+00:00,33,1,2770,16304.5,16306.75,16302.75,16304.75,458,NQ.v.0
2021-11-16 19:41:00+00:00,33,1,2770,16304.5,16308.0,16304.25,16306.75,253,NQ.v.0
2021-11-16 19:42:00+00:00,33,1,2770,16306.75,16307.75,16304.75,16304.75,181,NQ.v.0
2021-11-16 19:43:00+00:00,33,1,2770,16304.75,16306.5,16302.5,16304.0,273,NQ.v.0
2021-11-16 19:44:00+00:00,33,1,2770,16304.0,16306.5,16303.25,16305.75,212,NQ.v.0
2021-11-16 19:45:00+00:00,33,1,2770,16305.75,16308.25,16305.0,16308.0,249,NQ.v.0
2021-11-16 19:46:00+00:00,33,1,2770,16308.0,16308.5,16304.75,16306.25,290,NQ.v.0
2021-11-16 19:47:00+00:00,33,1,2770,16306.0,16309.0,16303.25,16303.75,390,NQ.v.0
2021-11-16 19:48:00+00:00,33,1,2770,16303.75,16305.75,16302.75,16304.0,325,NQ.v.0
2021-11-16 19:49:00+00:00,33,1,2770,16303.5,16307.5,16302.75,16307.5,305,NQ.v.0
2021-11-16 19:50:00+00:00,33,1,2770,16307.75,16314.25,16306.75,16313.5,666,NQ.v.0
2021-11-16 19:51:00+00:00,33,1,2770,16313.25,16316.75,16311.75,16315.5,684,NQ.v.0
2021-11-16 19:52:00+00:00,33,1,2770,16315.25,16316.5,16311.25,16312.25,461,NQ.v.0
2021-11-16 19:53:00+00:00,33,1,2770,16312.25,16314.75,16311.5,16311.5,235,NQ.v.0
2021-11-16 19:54:00+00:00,33,1,2770,16311.75,16313.0,16309.75,16312.5,251,NQ.v.0
2021-11-16 19:55:00+00:00,33,1,2770,16312.5,16313.75,16310.0,16312.5,288,NQ.v.0
2021-11-16 19:56:00+00:00,33,1,2770,16312.75,16314.0,16311.5,16313.75,196,NQ.v.0
2021-11-16 19:57:00+00:00,33,1,2770,16313.5,16315.5,16308.75,16309.0,539,NQ.v.0
2021-11-16 19:58:00+00:00,33,1,2770,16309.0,16310.5,16307.0,16308.75,321,NQ.v.0
2021-11-16 19:59:00+00:00,33,1,2770,16309.0,16311.0,16308.0,16309.0,190,NQ.v.0
2021-11-16 20:00:00+00:00,33,1,2770,16309.25,16311.0,16304.0,16307.0,601,NQ.v.0
2021-11-16 20:01:00+00:00,33,1,2770,16307.0,16310.5,16305.5,16309.0,378,NQ.v.0
2021-11-16 20:02:00+00:00,33,1,2770,16309.25,16309.25,16305.25,16305.75,188,NQ.v.0
2021-11-16 20:03:00+00:00,33,1,2770,16305.5,16308.5,16305.25,16305.75,244,NQ.v.0
2021-11-16 20:04:00+00:00,33,1,2770,16306.0,16307.75,16305.25,16306.5,276,NQ.v.0
2021-11-16 20:05:00+00:00,33,1,2770,16306.0,16307.5,16304.25,16305.75,373,NQ.v.0
2021-11-16 20:06:00+00:00,33,1,2770,16306.0,16308.0,16305.25,16305.25,223,NQ.v.0
2021-11-16 20:07:00+00:00,33,1,2770,16305.75,16306.25,16301.25,16304.5,452,NQ.v.0
2021-11-16 20:08:00+00:00,33,1,2770,16304.5,16306.0,16299.25,16300.0,495,NQ.v.0
2021-11-16 20:09:00+00:00,33,1,2770,16299.5,16301.25,16297.25,16299.5,635,NQ.v.0
2021-11-16 20:10:00+00:00,33,1,2770,16299.5,16299.75,16295.25,16295.75,627,NQ.v.0
2021-11-16 20:11:00+00:00,33,1,2770,16295.75,16298.5,16292.5,16293.0,804,NQ.v.0
2021-11-16 20:12:00+00:00,33,1,2770,16293.0,16293.5,16284.75,16284.75,1235,NQ.v.0
2021-11-16 20:13:00+00:00,33,1,2770,16285.0,16291.5,16284.75,16290.75,872,NQ.v.0
2021-11-16 20:14:00+00:00,33,1,2770,16290.75,16296.5,16289.5,16295.75,1108,NQ.v.0
2021-11-16 20:15:00+00:00,33,1,2770,16295.75,16298.75,16290.75,16292.5,1006,NQ.v.0
2021-11-16 20:16:00+00:00,33,1,2770,16293.0,16294.25,16288.5,16288.75,424,NQ.v.0
2021-11-16 20:17:00+00:00,33,1,2770,16289.25,16293.0,16289.0,16292.0,385,NQ.v.0
2021-11-16 20:18:00+00:00,33,1,2770,16291.75,16294.0,16290.5,16293.75,375,NQ.v.0
2021-11-16 20:19:00+00:00,33,1,2770,16293.5,16296.5,16292.5,16294.5,567,NQ.v.0
2021-11-16 20:20:00+00:00,33,1,2770,16294.75,16301.5,16293.0,16299.75,765,NQ.v.0
2021-11-16 20:21:00+00:00,33,1,2770,16299.25,16303.5,16299.25,16300.75,622,NQ.v.0
2021-11-16 20:22:00+00:00,33,1,2770,16301.0,16304.0,16300.25,16301.0,314,NQ.v.0
2021-11-16 20:23:00+00:00,33,1,2770,16301.0,16305.0,16300.75,16303.75,443,NQ.v.0
2021-11-16 20:24:00+00:00,33,1,2770,16303.5,16304.25,16301.75,16303.25,293,NQ.v.0
2021-11-16 20:25:00+00:00,33,1,2770,16303.0,16305.5,16302.0,16304.0,520,NQ.v.0
2021-11-16 20:26:00+00:00,33,1,2770,16304.25,16306.0,16301.0,16302.75,498,NQ.v.0
2021-11-16 20:27:00+00:00,33,1,2770,16302.5,16303.25,16299.0,16301.0,375,NQ.v.0
2021-11-16 20:28:00+00:00,33,1,2770,16300.75,16304.75,16300.25,16304.75,377,NQ.v.0
2021-11-16 20:29:00+00:00,33,1,2770,16304.5,16306.25,16303.0,16303.0,312,NQ.v.0
2021-11-16 20:30:00+00:00,33,1,2770,16303.0,16308.75,16301.0,16307.5,647,NQ.v.0
2021-11-16 20:31:00+00:00,33,1,2770,16307.5,16316.5,16307.5,16314.5,1443,NQ.v.0
2021-11-16 20:32:00+00:00,33,1,2770,16314.5,16320.0,16314.25,16319.25,940,NQ.v.0
2021-11-16 20:33:00+00:00,33,1,2770,16319.5,16319.75,16316.0,16318.75,873,NQ.v.0
2021-11-16 20:34:00+00:00,33,1,2770,16318.25,16320.5,16316.25,16317.25,563,NQ.v.0
2021-11-16 20:35:00+00:00,33,1,2770,16317.0,16318.0,16315.0,16317.75,651,NQ.v.0
2021-11-16 20:36:00+00:00,33,1,2770,16317.75,16323.5,16317.75,16322.25,970,NQ.v.0
2021-11-16 20:37:00+00:00,33,1,2770,16322.25,16323.25,16320.0,16321.75,522,NQ.v.0
2021-11-16 20:38:00+00:00,33,1,2770,16321.75,16323.0,16319.5,16321.0,551,NQ.v.0
2021-11-16 20:39:00+00:00,33,1,2770,16320.75,16321.0,16312.75,16314.75,1081,NQ.v.0
2021-11-16 20:40:00+00:00,33,1,2770,16314.75,16319.75,16313.25,16318.5,627,NQ.v.0
2021-11-16 20:41:00+00:00,33,1,2770,16318.75,16320.25,16314.75,16320.25,546,NQ.v.0
2021-11-16 20:42:00+00:00,33,1,2770,16320.0,16320.0,16316.25,16320.0,483,NQ.v.0
2021-11-16 20:43:00+00:00,33,1,2770,16319.5,16320.0,16315.75,16318.0,465,NQ.v.0
2021-11-16 20:44:00+00:00,33,1,2770,16318.0,16318.75,16315.25,16316.0,425,NQ.v.0
2021-11-16 20:45:00+00:00,33,1,2770,16316.0,16320.0,16314.5,16318.0,734,NQ.v.0
2021-11-16 20:46:00+00:00,33,1,2770,16318.25,16318.25,16315.25,16317.25,300,NQ.v.0
2021-11-16 20:47:00+00:00,33,1,2770,16317.75,16319.25,16315.25,16315.75,366,NQ.v.0
2021-11-16 20:48:00+00:00,33,1,2770,16316.25,16317.25,16309.0,16311.0,1004,NQ.v.0
2021-11-16 20:49:00+00:00,33,1,2770,16311.5,16313.25,16302.0,16303.75,1451,NQ.v.0
2021-11-16 20:50:00+00:00,33,1,2770,16304.0,16311.75,16303.0,16311.75,1859,NQ.v.0
2021-11-16 20:51:00+00:00,33,1,2770,16311.75,16317.0,16308.25,16311.75,1340,NQ.v.0
2021-11-16 20:52:00+00:00,33,1,2770,16312.0,16313.5,16308.5,16311.25,1170,NQ.v.0
2021-11-16 20:53:00+00:00,33,1,2770,16311.5,16316.0,16307.75,16313.5,1067,NQ.v.0
2021-11-16 20:54:00+00:00,33,1,2770,16313.5,16319.25,16310.5,16311.25,2017,NQ.v.0
2021-11-16 20:55:00+00:00,33,1,2770,16311.5,16313.25,16304.5,16308.75,2442,NQ.v.0
2021-11-16 20:56:00+00:00,33,1,2770,16308.75,16309.5,16300.25,16305.25,1980,NQ.v.0
2021-11-16 20:57:00+00:00,33,1,2770,16305.25,16308.75,16302.5,16306.5,1135,NQ.v.0
2021-11-16 20:58:00+00:00,33,1,2770,16306.5,16306.75,16297.0,16299.0,1898,NQ.v.0
2021-11-16 20:59:00+00:00,33,1,2770,16299.25,16306.5,16296.5,16305.0,4935,NQ.v.0
2021-11-16 21:00:00+00:00,33,1,2770,16304.5,16305.5,16294.0,16295.25,2195,NQ.v.0
2021-11-16 21:01:00+00:00,33,1,2770,16295.0,16297.5,16294.25,16296.5,1138,NQ.v.0
2021-11-16 21:02:00+00:00,33,1,2770,16296.25,16298.75,16294.5,16295.25,763,NQ.v.0
2021-11-16 21:03:00+00:00,33,1,2770,16294.75,16299.5,16293.5,16299.25,442,NQ.v.0
2021-11-16 21:04:00+00:00,33,1,2770,16299.0,16302.0,16298.0,16300.5,513,NQ.v.0
2021-11-16 21:05:00+00:00,33,1,2770,16300.75,16305.5,16300.0,16305.0,622,NQ.v.0
2021-11-16 21:06:00+00:00,33,1,2770,16304.75,16305.75,16302.75,16303.75,208,NQ.v.0
2021-11-16 21:07:00+00:00,33,1,2770,16303.75,16304.25,16301.75,16303.5,175,NQ.v.0
2021-11-16 21:08:00+00:00,33,1,2770,16303.5,16304.75,16301.0,16301.0,201,NQ.v.0
2021-11-16 21:09:00+00:00,33,1,2770,16301.0,16301.0,16296.75,16298.25,270,NQ.v.0
2021-11-16 21:10:00+00:00,33,1,2770,16298.0,16298.25,16295.25,16296.0,231,NQ.v.0
2021-11-16 21:11:00+00:00,33,1,2770,16296.0,16297.5,16295.25,16295.25,294,NQ.v.0
2021-11-16 21:12:00+00:00,33,1,2770,16295.25,16297.75,16295.0,16297.25,195,NQ.v.0
2021-11-16 21:13:00+00:00,33,1,2770,16297.25,16298.25,16296.5,16298.0,238,NQ.v.0
2021-11-16 21:14:00+00:00,33,1,2770,16298.0,16298.0,16294.25,16296.25,311,NQ.v.0
2021-11-16 21:15:00+00:00,33,1,2770,16296.25,16297.5,16294.75,16294.75,108,NQ.v.0
2021-11-16 21:16:00+00:00,33,1,2770,16294.75,16297.0,16293.0,16295.75,265,NQ.v.0
2021-11-16 21:17:00+00:00,33,1,2770,16296.0,16300.75,16296.0,16299.5,157,NQ.v.0
2021-11-16 21:18:00+00:00,33,1,2770,16299.75,16300.25,16298.25,16300.25,99,NQ.v.0
2021-11-16 21:19:00+00:00,33,1,2770,16300.0,16302.0,16299.5,16301.0,44,NQ.v.0
2021-11-16 21:20:00+00:00,33,1,2770,16301.0,16301.75,16301.0,16301.5,30,NQ.v.0
2021-11-16 21:21:00+00:00,33,1,2770,16301.25,16301.25,16299.0,16299.75,37,NQ.v.0
2021-11-16 21:22:00+00:00,33,1,2770,16299.25,16300.5,16299.25,16299.75,41,NQ.v.0
2021-11-16 21:23:00+00:00,33,1,2770,16299.5,16299.5,16296.25,16298.25,101,NQ.v.0
2021-11-16 21:24:00+00:00,33,1,2770,16298.75,16299.0,16297.25,16299.0,22,NQ.v.0
2021-11-16 21:25:00+00:00,33,1,2770,16298.75,16299.0,16298.25,16299.0,13,NQ.v.0
2021-11-16 21:26:00+00:00,33,1,2770,16299.0,16300.25,16299.0,16300.0,29,NQ.v.0
2021-11-16 21:27:00+00:00,33,1,2770,16300.0,16300.25,16299.25,16299.5,26,NQ.v.0
2021-11-16 21:28:00+00:00,33,1,2770,16299.5,16299.75,16298.75,16299.0,23,NQ.v.0
2021-11-16 21:29:00+00:00,33,1,2770,16298.75,16299.5,16298.25,16298.75,65,NQ.v.0
2021-11-16 21:30:00+00:00,33,1,2770,16299.0,16299.0,16297.25,16298.25,86,NQ.v.0
2021-11-16 21:31:00+00:00,33,1,2770,16298.75,16299.0,16298.0,16298.5,45,NQ.v.0
2021-11-16 21:32:00+00:00,33,1,2770,16298.5,16298.5,16297.0,16297.0,26,NQ.v.0
2021-11-16 21:33:00+00:00,33,1,2770,16297.0,16298.0,16296.75,16296.75,30,NQ.v.0
2021-11-16 21:34:00+00:00,33,1,2770,16296.5,16296.5,16295.75,16295.75,17,NQ.v.0
2021-11-16 21:35:00+00:00,33,1,2770,16296.0,16298.25,16296.0,16298.25,25,NQ.v.0
2021-11-16 21:36:00+00:00,33,1,2770,16298.75,16299.5,16298.75,16298.75,15,NQ.v.0
2021-11-16 21:37:00+00:00,33,1,2770,16298.75,16298.75,16297.0,16298.0,24,NQ.v.0
2021-11-16 21:38:00+00:00,33,1,2770,16298.0,16298.0,16296.5,16297.0,36,NQ.v.0
2021-11-16 21:39:00+00:00,33,1,2770,16296.75,16296.75,16296.25,16296.75,12,NQ.v.0
2021-11-16 21:40:00+00:00,33,1,2770,16296.5,16298.25,16295.5,16296.0,51,NQ.v.0
2021-11-16 21:41:00+00:00,33,1,2770,16295.75,16295.75,16294.5,16295.75,47,NQ.v.0
2021-11-16 21:42:00+00:00,33,1,2770,16295.75,16298.0,16295.75,16297.25,74,NQ.v.0
2021-11-16 21:43:00+00:00,33,1,2770,16297.0,16297.0,16295.25,16295.5,37,NQ.v.0
2021-11-16 21:44:00+00:00,33,1,2770,16295.5,16295.75,16294.5,16295.25,47,NQ.v.0
2021-11-16 21:45:00+00:00,33,1,2770,16295.5,16296.25,16293.5,16294.25,60,NQ.v.0
2021-11-16 21:46:00+00:00,33,1,2770,16293.75,16293.75,16292.5,16293.25,47,NQ.v.0
2021-11-16 21:47:00+00:00,33,1,2770,16292.75,16293.5,16292.0,16292.0,60,NQ.v.0
2021-11-16 21:48:00+00:00,33,1,2770,16292.0,16293.0,16291.5,16292.25,48,NQ.v.0
2021-11-16 21:49:00+00:00,33,1,2770,16292.5,16292.5,16291.75,16292.25,33,NQ.v.0
2021-11-16 21:50:00+00:00,33,1,2770,16291.75,16292.0,16291.25,16291.5,38,NQ.v.0
2021-11-16 21:51:00+00:00,33,1,2770,16291.25,16292.5,16291.0,16292.5,31,NQ.v.0
2021-11-16 21:52:00+00:00,33,1,2770,16292.0,16293.25,16292.0,16293.0,52,NQ.v.0
2021-11-16 21:53:00+00:00,33,1,2770,16292.75,16294.0,16292.25,16293.25,35,NQ.v.0
2021-11-16 21:54:00+00:00,33,1,2770,16292.5,16292.75,16292.0,16292.75,52,NQ.v.0
2021-11-16 21:55:00+00:00,33,1,2770,16292.75,16293.75,16291.75,16292.0,67,NQ.v.0
2021-11-16 21:56:00+00:00,33,1,2770,16291.5,16292.0,16291.5,16292.0,16,NQ.v.0
2021-11-16 21:57:00+00:00,33,1,2770,16292.0,16292.75,16291.5,16292.75,15,NQ.v.0
2021-11-16 21:58:00+00:00,33,1,2770,16292.5,16294.0,16292.25,16294.0,33,NQ.v.0
2021-11-16 21:59:00+00:00,33,1,2770,16294.25,16294.25,16293.25,16294.25,51,NQ.v.0
2021-11-16 23:00:00+00:00,33,1,2770,16297.75,16302.5,16294.0,16301.25,301,NQ.v.0
2021-11-16 23:01:00+00:00,33,1,2770,16301.75,16302.5,16298.75,16299.75,82,NQ.v.0
2021-11-16 23:02:00+00:00,33,1,2770,16299.5,16300.0,16296.75,16300.0,53,NQ.v.0
2021-11-16 23:03:00+00:00,33,1,2770,16300.25,16300.25,16298.25,16299.0,36,NQ.v.0
2021-11-16 23:04:00+00:00,33,1,2770,16298.75,16298.75,16295.75,16296.5,39,NQ.v.0
2021-11-16 23:05:00+00:00,33,1,2770,16296.0,16296.5,16295.25,16296.0,25,NQ.v.0
2021-11-16 23:06:00+00:00,33,1,2770,16296.25,16296.75,16294.0,16294.75,71,NQ.v.0
2021-11-16 23:07:00+00:00,33,1,2770,16294.75,16295.0,16293.75,16295.0,33,NQ.v.0
2021-11-16 23:08:00+00:00,33,1,2770,16295.5,16296.75,16295.25,16295.75,22,NQ.v.0
2021-11-16 23:09:00+00:00,33,1,2770,16295.75,16296.75,16295.5,16295.75,20,NQ.v.0
2021-11-16 23:10:00+00:00,33,1,2770,16296.0,16297.0,16295.75,16297.0,12,NQ.v.0
2021-11-16 23:11:00+00:00,33,1,2770,16297.0,16299.0,16296.25,16298.0,51,NQ.v.0
2021-11-16 23:12:00+00:00,33,1,2770,16298.25,16299.5,16296.75,16299.5,56,NQ.v.0
2021-11-16 23:13:00+00:00,33,1,2770,16299.0,16299.5,16296.75,16297.75,41,NQ.v.0
2021-11-16 23:14:00+00:00,33,1,2770,16297.25,16299.75,16297.25,16299.25,29,NQ.v.0
2021-11-16 23:15:00+00:00,33,1,2770,16299.75,16299.75,16295.25,16296.0,93,NQ.v.0
2021-11-16 23:16:00+00:00,33,1,2770,16296.5,16296.75,16295.25,16295.25,38,NQ.v.0
2021-11-16 23:17:00+00:00,33,1,2770,16295.25,16295.5,16294.0,16294.0,31,NQ.v.0
2021-11-16 23:18:00+00:00,33,1,2770,16293.75,16295.75,16293.75,16295.25,37,NQ.v.0
2021-11-16 23:19:00+00:00,33,1,2770,16294.25,16294.75,16292.25,16293.0,67,NQ.v.0
2021-11-16 23:20:00+00:00,33,1,2770,16292.75,16295.0,16292.5,16294.25,41,NQ.v.0
2021-11-16 23:21:00+00:00,33,1,2770,16294.5,16296.0,16294.5,16295.75,42,NQ.v.0
2021-11-16 23:22:00+00:00,33,1,2770,16296.25,16296.5,16295.5,16295.5,20,NQ.v.0
2021-11-16 23:23:00+00:00,33,1,2770,16295.5,16295.75,16294.5,16295.75,21,NQ.v.0
2021-11-16 23:24:00+00:00,33,1,2770,16295.25,16296.0,16295.25,16295.5,11,NQ.v.0
2021-11-16 23:25:00+00:00,33,1,2770,16295.0,16295.0,16294.0,16295.0,35,NQ.v.0
2021-11-16 23:26:00+00:00,33,1,2770,16295.25,16295.5,16295.0,16295.5,8,NQ.v.0
2021-11-16 23:27:00+00:00,33,1,2770,16295.25,16299.0,16295.25,16298.75,55,NQ.v.0
2021-11-16 23:28:00+00:00,33,1,2770,16298.5,16298.75,16296.75,16298.75,36,NQ.v.0
2021-11-16 23:29:00+00:00,33,1,2770,16298.0,16298.25,16297.25,16298.0,20,NQ.v.0
2021-11-16 23:30:00+00:00,33,1,2770,16298.25,16298.25,16296.5,16297.75,39,NQ.v.0
2021-11-16 23:31:00+00:00,33,1,2770,16297.0,16297.0,16296.0,16296.5,26,NQ.v.0
2021-11-16 23:32:00+00:00,33,1,2770,16296.25,16298.75,16296.0,16298.0,29,NQ.v.0
2021-11-16 23:33:00+00:00,33,1,2770,16298.0,16298.75,16297.5,16297.75,17,NQ.v.0
2021-11-16 23:34:00+00:00,33,1,2770,16297.5,16299.5,16297.5,16299.25,55,NQ.v.0
2021-11-16 23:35:00+00:00,33,1,2770,16299.5,16300.25,16298.25,16299.5,64,NQ.v.0
2021-11-16 23:36:00+00:00,33,1,2770,16299.25,16301.0,16299.0,16300.0,58,NQ.v.0
2021-11-16 23:37:00+00:00,33,1,2770,16300.0,16301.75,16298.5,16301.75,98,NQ.v.0
2021-11-16 23:38:00+00:00,33,1,2770,16301.25,16303.25,16301.0,16302.5,72,NQ.v.0
2021-11-16 23:39:00+00:00,33,1,2770,16303.0,16304.0,16302.75,16303.5,70,NQ.v.0
2021-11-16 23:40:00+00:00,33,1,2770,16303.75,16305.25,16302.75,16304.0,98,NQ.v.0
2021-11-16 23:41:00+00:00,33,1,2770,16304.0,16304.75,16302.75,16302.75,41,NQ.v.0
2021-11-16 23:42:00+00:00,33,1,2770,16303.0,16304.5,16302.75,16304.5,49,NQ.v.0
2021-11-16 23:43:00+00:00,33,1,2770,16304.0,16306.0,16303.25,16305.75,65,NQ.v.0
2021-11-16 23:44:00+00:00,33,1,2770,16305.75,16306.0,16304.75,16305.25,46,NQ.v.0
2021-11-16 23:45:00+00:00,33,1,2770,16305.25,16306.0,16304.5,16304.75,39,NQ.v.0
2021-11-16 23:46:00+00:00,33,1,2770,16304.5,16306.0,16303.75,16305.5,54,NQ.v.0
2021-11-16 23:47:00+00:00,33,1,2770,16305.5,16309.0,16305.5,16308.0,118,NQ.v.0
2021-11-16 23:48:00+00:00,33,1,2770,16308.25,16308.5,16307.0,16307.5,74,NQ.v.0
2021-11-16 23:49:00+00:00,33,1,2770,16307.5,16309.25,16307.0,16309.0,63,NQ.v.0
2021-11-16 23:50:00+00:00,33,1,2770,16309.5,16310.75,16309.5,16310.0,70,NQ.v.0
2021-11-16 23:51:00+00:00,33,1,2770,16310.5,16310.75,16308.5,16308.5,58,NQ.v.0
2021-11-16 23:52:00+00:00,33,1,2770,16308.5,16309.0,16306.0,16307.0,91,NQ.v.0
2021-11-16 23:53:00+00:00,33,1,2770,16307.0,16308.0,16307.0,16308.0,20,NQ.v.0
2021-11-16 23:54:00+00:00,33,1,2770,16307.75,16308.25,16306.25,16306.5,24,NQ.v.0
2021-11-16 23:55:00+00:00,33,1,2770,16306.5,16307.5,16306.0,16306.5,31,NQ.v.0
2021-11-16 23:56:00+00:00,33,1,2770,16306.5,16307.25,16304.25,16305.0,79,NQ.v.0
2021-11-16 23:57:00+00:00,33,1,2770,16305.5,16306.0,16305.25,16305.25,36,NQ.v.0
2021-11-16 23:58:00+00:00,33,1,2770,16305.5,16305.75,16305.0,16305.0,38,NQ.v.0
2021-11-16 23:59:00+00:00,33,1,2770,16304.75,16305.25,16304.75,16304.75,10,NQ.v.0
2021-11-17 00:00:00+00:00,33,1,2770,16305.25,16305.5,16302.0,16303.75,209,NQ.v.0
2021-11-17 00:01:00+00:00,33,1,2770,16303.5,16305.5,16301.5,16303.75,91,NQ.v.0
2021-11-17 00:02:00+00:00,33,1,2770,16303.25,16304.5,16302.5,16304.5,51,NQ.v.0
2021-11-17 00:03:00+00:00,33,1,2770,16305.0,16305.5,16302.0,16304.75,59,NQ.v.0
2021-11-17 00:04:00+00:00,33,1,2770,16304.5,16305.25,16304.25,16305.25,19,NQ.v.0
2021-11-17 00:05:00+00:00,33,1,2770,16304.5,16307.5,16304.25,16307.0,81,NQ.v.0
2021-11-17 00:06:00+00:00,33,1,2770,16307.5,16309.75,16306.5,16309.25,87,NQ.v.0
2021-11-17 00:07:00+00:00,33,1,2770,16309.0,16309.5,16308.75,16308.75,24,NQ.v.0
2021-11-17 00:08:00+00:00,33,1,2770,16308.5,16308.5,16305.75,16305.75,76,NQ.v.0
2021-11-17 00:09:00+00:00,33,1,2770,16305.5,16307.25,16303.75,16306.0,86,NQ.v.0
2021-11-17 00:10:00+00:00,33,1,2770,16305.75,16307.0,16305.25,16306.75,22,NQ.v.0
2021-11-17 00:11:00+00:00,33,1,2770,16306.75,16308.0,16306.25,16307.75,32,NQ.v.0
2021-11-17 00:12:00+00:00,33,1,2770,16308.25,16308.25,16305.75,16306.5,44,NQ.v.0
2021-11-17 00:13:00+00:00,33,1,2770,16305.75,16306.25,16305.75,16306.25,12,NQ.v.0
2021-11-17 00:14:00+00:00,33,1,2770,16305.75,16306.25,16304.75,16305.5,50,NQ.v.0
2021-11-17 00:15:00+00:00,33,1,2770,16305.25,16305.75,16303.75,16305.5,36,NQ.v.0
2021-11-17 00:16:00+00:00,33,1,2770,16305.5,16308.5,16303.75,16307.75,69,NQ.v.0
2021-11-17 00:17:00+00:00,33,1,2770,16308.5,16309.0,16307.0,16308.75,37,NQ.v.0
2021-11-17 00:18:00+00:00,33,1,2770,16308.5,16309.0,16307.75,16307.75,28,NQ.v.0
2021-11-17 00:19:00+00:00,33,1,2770,16307.5,16308.25,16307.0,16307.5,36,NQ.v.0
2021-11-17 00:20:00+00:00,33,1,2770,16307.5,16309.75,16306.5,16309.75,77,NQ.v.0
2021-11-17 00:21:00+00:00,33,1,2770,16309.5,16309.5,16308.0,16309.25,32,NQ.v.0
2021-11-17 00:22:00+00:00,33,1,2770,16309.5,16310.0,16308.0,16308.25,38,NQ.v.0
2021-11-17 00:23:00+00:00,33,1,2770,16308.25,16309.0,16308.0,16308.5,29,NQ.v.0
2021-11-17 00:24:00+00:00,33,1,2770,16308.0,16309.5,16307.75,16308.25,33,NQ.v.0
2021-11-17 00:25:00+00:00,33,1,2770,16308.0,16308.25,16306.5,16307.0,50,NQ.v.0
2021-11-17 00:26:00+00:00,33,1,2770,16307.0,16308.25,16306.5,16306.75,49,NQ.v.0
2021-11-17 00:27:00+00:00,33,1,2770,16306.75,16307.0,16305.75,16306.25,25,NQ.v.0
2021-11-17 00:28:00+00:00,33,1,2770,16306.0,16306.0,16303.5,16304.25,72,NQ.v.0
2021-11-17 00:29:00+00:00,33,1,2770,16304.75,16305.25,16303.5,16304.75,32,NQ.v.0
2021-11-17 00:30:00+00:00,33,1,2770,16304.5,16305.0,16303.75,16304.0,51,NQ.v.0
2021-11-17 00:31:00+00:00,33,1,2770,16304.25,16305.0,16303.5,16305.0,21,NQ.v.0
2021-11-17 00:32:00+00:00,33,1,2770,16305.0,16305.0,16303.75,16305.0,15,NQ.v.0
2021-11-17 00:33:00+00:00,33,1,2770,16304.25,16306.0,16303.5,16306.0,46,NQ.v.0
2021-11-17 00:34:00+00:00,33,1,2770,16306.5,16307.75,16305.75,16306.75,36,NQ.v.0
2021-11-17 00:35:00+00:00,33,1,2770,16306.25,16306.25,16305.5,16305.75,7,NQ.v.0
2021-11-17 00:36:00+00:00,33,1,2770,16305.5,16308.0,16305.5,16307.0,37,NQ.v.0
2021-11-17 00:37:00+00:00,33,1,2770,16307.0,16308.0,16307.0,16308.0,23,NQ.v.0
2021-11-17 00:38:00+00:00,33,1,2770,16308.0,16309.0,16307.75,16308.25,25,NQ.v.0
2021-11-17 00:39:00+00:00,33,1,2770,16308.5,16308.75,16306.5,16307.0,19,NQ.v.0
2021-11-17 00:40:00+00:00,33,1,2770,16307.5,16307.75,16307.5,16307.5,6,NQ.v.0
2021-11-17 00:41:00+00:00,33,1,2770,16307.75,16307.75,16307.0,16307.75,11,NQ.v.0
2021-11-17 00:42:00+00:00,33,1,2770,16306.75,16306.75,16304.75,16306.25,24,NQ.v.0
2021-11-17 00:43:00+00:00,33,1,2770,16306.25,16306.5,16305.75,16305.75,10,NQ.v.0
2021-11-17 00:44:00+00:00,33,1,2770,16305.75,16306.5,16305.5,16305.5,17,NQ.v.0
2021-11-17 00:45:00+00:00,33,1,2770,16305.75,16306.0,16304.5,16304.75,19,NQ.v.0
2021-11-17 00:46:00+00:00,33,1,2770,16304.25,16305.0,16303.75,16304.25,28,NQ.v.0
2021-11-17 00:47:00+00:00,33,1,2770,16304.5,16304.5,16302.0,16302.0,84,NQ.v.0
2021-11-17 00:48:00+00:00,33,1,2770,16302.25,16304.0,16302.0,16302.75,37,NQ.v.0
2021-11-17 00:49:00+00:00,33,1,2770,16302.75,16303.0,16302.0,16302.75,34,NQ.v.0
2021-11-17 00:50:00+00:00,33,1,2770,16302.75,16304.25,16302.75,16304.25,39,NQ.v.0
2021-11-17 00:51:00+00:00,33,1,2770,16303.75,16305.25,16303.5,16305.0,22,NQ.v.0
2021-11-17 00:52:00+00:00,33,1,2770,16304.75,16305.5,16304.25,16304.25,28,NQ.v.0
2021-11-17 00:53:00+00:00,33,1,2770,16304.5,16305.0,16303.75,16305.0,9,NQ.v.0
2021-11-17 00:54:00+00:00,33,1,2770,16305.25,16306.0,16305.0,16306.0,17,NQ.v.0
2021-11-17 00:55:00+00:00,33,1,2770,16306.0,16306.0,16302.75,16303.5,27,NQ.v.0
2021-11-17 00:56:00+00:00,33,1,2770,16303.75,16304.25,16303.5,16304.0,20,NQ.v.0
2021-11-17 00:57:00+00:00,33,1,2770,16304.0,16305.0,16303.0,16305.0,24,NQ.v.0
2021-11-17 00:58:00+00:00,33,1,2770,16305.0,16307.25,16305.0,16306.5,39,NQ.v.0
2021-11-17 00:59:00+00:00,33,1,2770,16306.75,16307.25,16305.5,16306.0,13,NQ.v.0
2021-11-17 01:00:00+00:00,33,1,2770,16305.25,16307.75,16304.75,16306.0,43,NQ.v.0
2021-11-17 01:01:00+00:00,33,1,2770,16306.0,16306.0,16305.0,16305.5,10,NQ.v.0
2021-11-17 01:02:00+00:00,33,1,2770,16305.0,16305.0,16302.25,16303.75,35,NQ.v.0
2021-11-17 01:03:00+00:00,33,1,2770,16304.5,16304.5,16304.0,16304.0,10,NQ.v.0
2021-11-17 01:04:00+00:00,33,1,2770,16304.0,16305.0,16304.0,16304.75,12,NQ.v.0
2021-11-17 01:05:00+00:00,33,1,2770,16303.75,16305.25,16303.25,16305.0,11,NQ.v.0
2021-11-17 01:06:00+00:00,33,1,2770,16304.5,16304.5,16303.25,16304.0,13,NQ.v.0
2021-11-17 01:07:00+00:00,33,1,2770,16304.25,16304.75,16303.5,16304.75,19,NQ.v.0
2021-11-17 01:08:00+00:00,33,1,2770,16303.5,16304.0,16302.5,16303.25,11,NQ.v.0
2021-11-17 01:09:00+00:00,33,1,2770,16303.75,16304.75,16303.25,16304.25,16,NQ.v.0
2021-11-17 01:10:00+00:00,33,1,2770,16304.75,16308.0,16304.75,16307.25,70,NQ.v.0
2021-11-17 01:11:00+00:00,33,1,2770,16306.75,16308.75,16306.5,16307.0,50,NQ.v.0
2021-11-17 01:12:00+00:00,33,1,2770,16307.0,16308.75,16307.0,16307.75,42,NQ.v.0
2021-11-17 01:13:00+00:00,33,1,2770,16307.25,16308.25,16307.25,16307.25,7,NQ.v.0
2021-11-17 01:14:00+00:00,33,1,2770,16307.25,16309.0,16307.25,16308.0,32,NQ.v.0
2021-11-17 01:15:00+00:00,33,1,2770,16307.75,16310.5,16307.5,16309.0,126,NQ.v.0
2021-11-17 01:16:00+00:00,33,1,2770,16309.25,16312.25,16309.0,16311.25,118,NQ.v.0
2021-11-17 01:17:00+00:00,33,1,2770,16311.5,16311.75,16309.5,16310.5,58,NQ.v.0
2021-11-17 01:18:00+00:00,33,1,2770,16311.0,16311.0,16308.0,16308.0,70,NQ.v.0
2021-11-17 01:19:00+00:00,33,1,2770,16307.75,16309.0,16307.0,16307.25,125,NQ.v.0
2021-11-17 01:20:00+00:00,33,1,2770,16307.0,16307.5,16306.25,16307.25,34,NQ.v.0
2021-11-17 01:21:00+00:00,33,1,2770,16307.5,16307.5,16305.5,16306.5,60,NQ.v.0
2021-11-17 01:22:00+00:00,33,1,2770,16307.0,16307.25,16306.0,16306.25,16,NQ.v.0
2021-11-17 01:23:00+00:00,33,1,2770,16306.0,16306.5,16305.25,16306.0,31,NQ.v.0
2021-11-17 01:24:00+00:00,33,1,2770,16305.5,16306.0,16305.25,16305.75,10,NQ.v.0
2021-11-17 01:25:00+00:00,33,1,2770,16305.25,16307.0,16304.75,16307.0,48,NQ.v.0
2021-11-17 01:26:00+00:00,33,1,2770,16306.5,16308.25,16306.5,16307.0,24,NQ.v.0
2021-11-17 01:27:00+00:00,33,1,2770,16306.75,16308.0,16305.75,16306.25,29,NQ.v.0
2021-11-17 01:28:00+00:00,33,1,2770,16306.25,16306.25,16305.5,16305.75,9,NQ.v.0
2021-11-17 01:29:00+00:00,33,1,2770,16305.75,16306.0,16305.0,16305.0,18,NQ.v.0
2021-11-17 01:30:00+00:00,33,1,2770,16305.5,16306.75,16305.5,16306.25,30,NQ.v.0
2021-11-17 01:31:00+00:00,33,1,2770,16305.5,16308.25,16305.5,16308.0,45,NQ.v.0
2021-11-17 01:32:00+00:00,33,1,2770,16308.0,16308.0,16305.75,16306.0,34,NQ.v.0
2021-11-17 01:33:00+00:00,33,1,2770,16305.75,16306.5,16305.25,16306.5,10,NQ.v.0
2021-11-17 01:34:00+00:00,33,1,2770,16306.0,16306.75,16306.0,16306.75,7,NQ.v.0
2021-11-17 01:35:00+00:00,33,1,2770,16306.25,16308.0,16306.25,16306.5,24,NQ.v.0
2021-11-17 01:36:00+00:00,33,1,2770,16306.5,16306.75,16305.0,16305.5,27,NQ.v.0
2021-11-17 01:37:00+00:00,33,1,2770,16306.0,16307.5,16306.0,16307.5,14,NQ.v.0
2021-11-17 01:38:00+00:00,33,1,2770,16307.25,16307.25,16304.5,16305.0,46,NQ.v.0
2021-11-17 01:39:00+00:00,33,1,2770,16305.25,16305.5,16299.0,16299.75,258,NQ.v.0
2021-11-17 01:40:00+00:00,33,1,2770,16299.5,16300.5,16297.25,16298.0,147,NQ.v.0
2021-11-17 01:41:00+00:00,33,1,2770,16297.75,16300.75,16296.5,16300.0,184,NQ.v.0
2021-11-17 01:42:00+00:00,33,1,2770,16300.25,16302.0,16300.0,16302.0,105,NQ.v.0
2021-11-17 01:43:00+00:00,33,1,2770,16301.25,16301.75,16299.5,16299.75,34,NQ.v.0
2021-11-17 01:44:00+00:00,33,1,2770,16299.75,16300.25,16297.75,16298.25,86,NQ.v.0
2021-11-17 01:45:00+00:00,33,1,2770,16297.5,16299.75,16297.0,16299.5,69,NQ.v.0
2021-11-17 01:46:00+00:00,33,1,2770,16299.25,16300.75,16298.5,16300.75,27,NQ.v.0
2021-11-17 01:47:00+00:00,33,1,2770,16300.75,16302.25,16300.0,16301.5,34,NQ.v.0
2021-11-17 01:48:00+00:00,33,1,2770,16301.5,16301.5,16300.0,16301.0,47,NQ.v.0
2021-11-17 01:49:00+00:00,33,1,2770,16301.25,16301.75,16300.75,16300.75,15,NQ.v.0
2021-11-17 01:50:00+00:00,33,1,2770,16300.75,16302.5,16300.75,16301.75,12,NQ.v.0
2021-11-17 01:51:00+00:00,33,1,2770,16302.0,16303.75,16302.0,16303.5,51,NQ.v.0
2021-11-17 01:52:00+00:00,33,1,2770,16303.25,16303.25,16300.75,16300.75,19,NQ.v.0
2021-11-17 01:53:00+00:00,33,1,2770,16301.25,16301.75,16299.75,16301.0,28,NQ.v.0
2021-11-17 01:54:00+00:00,33,1,2770,16302.0,16303.25,16301.75,16303.25,21,NQ.v.0
2021-11-17 01:55:00+00:00,33,1,2770,16303.0,16303.75,16302.75,16303.75,20,NQ.v.0
2021-11-17 01:56:00+00:00,33,1,2770,16304.0,16304.5,16303.5,16304.0,11,NQ.v.0
2021-11-17 01:57:00+00:00,33,1,2770,16303.75,16303.75,16302.75,16303.0,16,NQ.v.0
2021-11-17 01:58:00+00:00,33,1,2770,16302.25,16303.0,16301.25,16302.0,25,NQ.v.0
2021-11-17 01:59:00+00:00,33,1,2770,16302.25,16302.75,16301.25,16301.5,32,NQ.v.0
2021-11-17 02:00:00+00:00,33,1,2770,16301.25,16302.0,16300.0,16300.75,58,NQ.v.0
2021-11-17 02:01:00+00:00,33,1,2770,16301.25,16301.25,16299.25,16299.75,40,NQ.v.0
2021-11-17 02:02:00+00:00,33,1,2770,16299.5,16299.5,16297.25,16297.5,64,NQ.v.0
2021-11-17 02:03:00+00:00,33,1,2770,16297.75,16298.25,16296.25,16298.0,37,NQ.v.0
2021-11-17 02:04:00+00:00,33,1,2770,16297.25,16297.5,16296.75,16296.75,17,NQ.v.0
2021-11-17 02:05:00+00:00,33,1,2770,16296.5,16298.0,16296.5,16297.25,43,NQ.v.0
2021-11-17 02:06:00+00:00,33,1,2770,16297.25,16298.75,16297.25,16298.0,14,NQ.v.0
2021-11-17 02:07:00+00:00,33,1,2770,16298.75,16299.5,16298.75,16299.0,10,NQ.v.0
2021-11-17 02:08:00+00:00,33,1,2770,16299.5,16299.5,16297.75,16298.0,18,NQ.v.0
2021-11-17 02:09:00+00:00,33,1,2770,16298.5,16299.0,16297.75,16299.0,21,NQ.v.0
2021-11-17 02:10:00+00:00,33,1,2770,16299.25,16299.75,16298.75,16299.5,31,NQ.v.0
2021-11-17 02:11:00+00:00,33,1,2770,16298.5,16301.0,16298.5,16300.5,28,NQ.v.0
2021-11-17 02:12:00+00:00,33,1,2770,16300.25,16300.25,16300.0,16300.0,11,NQ.v.0
2021-11-17 02:13:00+00:00,33,1,2770,16300.5,16301.25,16299.5,16300.5,19,NQ.v.0
2021-11-17 02:14:00+00:00,33,1,2770,16301.0,16302.0,16301.0,16302.0,29,NQ.v.0
2021-11-17 02:15:00+00:00,33,1,2770,16301.75,16302.25,16301.25,16301.75,20,NQ.v.0
2021-11-17 02:16:00+00:00,33,1,2770,16301.75,16302.25,16301.5,16301.5,26,NQ.v.0
2021-11-17 02:17:00+00:00,33,1,2770,16301.75,16301.75,16300.0,16301.0,15,NQ.v.0
2021-11-17 02:18:00+00:00,33,1,2770,16301.5,16301.75,16300.75,16300.75,9,NQ.v.0
2021-11-17 02:19:00+00:00,33,1,2770,16301.0,16302.25,16301.0,16302.25,9,NQ.v.0
2021-11-17 02:20:00+00:00,33,1,2770,16302.5,16303.25,16302.25,16303.0,23,NQ.v.0
2021-11-17 02:21:00+00:00,33,1,2770,16303.5,16303.75,16302.75,16303.0,25,NQ.v.0
2021-11-17 02:22:00+00:00,33,1,2770,16303.25,16303.25,16301.25,16301.75,28,NQ.v.0
2021-11-17 02:23:00+00:00,33,1,2770,16302.25,16302.5,16301.75,16301.75,7,NQ.v.0
2021-11-17 02:24:00+00:00,33,1,2770,16302.75,16302.75,16301.75,16301.75,3,NQ.v.0
2021-11-17 02:25:00+00:00,33,1,2770,16302.75,16302.75,16302.25,16302.75,4,NQ.v.0
2021-11-17 02:26:00+00:00,33,1,2770,16302.25,16302.25,16301.25,16301.25,10,NQ.v.0
2021-11-17 02:27:00+00:00,33,1,2770,16301.5,16301.5,16301.0,16301.0,8,NQ.v.0
2021-11-17 02:28:00+00:00,33,1,2770,16300.5,16301.0,16299.75,16299.75,26,NQ.v.0
2021-11-17 02:29:00+00:00,33,1,2770,16300.25,16301.25,16300.25,16301.25,19,NQ.v.0
2021-11-17 02:30:00+00:00,33,1,2770,16301.0,16302.0,16301.0,16301.25,19,NQ.v.0
2021-11-17 02:31:00+00:00,33,1,2770,16300.75,16300.75,16298.75,16298.75,17,NQ.v.0
2021-11-17 02:32:00+00:00,33,1,2770,16298.75,16300.0,16298.5,16299.75,33,NQ.v.0
2021-11-17 02:33:00+00:00,33,1,2770,16299.75,16300.25,16299.0,16300.0,31,NQ.v.0
2021-11-17 02:34:00+00:00,33,1,2770,16300.25,16300.5,16300.0,16300.5,4,NQ.v.0
2021-11-17 02:35:00+00:00,33,1,2770,16300.5,16300.75,16300.5,16300.75,7,NQ.v.0
2021-11-17 02:36:00+00:00,33,1,2770,16301.0,16301.5,16300.75,16301.5,3,NQ.v.0
2021-11-17 02:37:00+00:00,33,1,2770,16301.0,16301.0,16299.75,16300.0,29,NQ.v.0
2021-11-17 02:38:00+00:00,33,1,2770,16300.0,16300.0,16298.5,16299.25,15,NQ.v.0
2021-11-17 02:39:00+00:00,33,1,2770,16299.5,16299.5,16298.75,16299.5,5,NQ.v.0
2021-11-17 02:40:00+00:00,33,1,2770,16298.75,16299.0,16297.75,16298.0,39,NQ.v.0
2021-11-17 02:41:00+00:00,33,1,2770,16297.75,16298.25,16297.75,16298.0,11,NQ.v.0
2021-11-17 02:42:00+00:00,33,1,2770,16298.0,16298.25,16297.5,16297.5,21,NQ.v.0
2021-11-17 02:43:00+00:00,33,1,2770,16298.0,16299.25,16297.0,16298.0,39,NQ.v.0
2021-11-17 02:44:00+00:00,33,1,2770,16297.75,16298.75,16297.5,16298.5,10,NQ.v.0
2021-11-17 02:45:00+00:00,33,1,2770,16298.25,16299.75,16298.25,16299.0,13,NQ.v.0
2021-11-17 02:46:00+00:00,33,1,2770,16299.25,16299.5,16299.0,16299.5,16,NQ.v.0
2021-11-17 02:47:00+00:00,33,1,2770,16299.5,16299.5,16298.5,16299.0,10,NQ.v.0
2021-11-17 02:48:00+00:00,33,1,2770,16299.0,16300.5,16299.0,16300.0,8,NQ.v.0
2021-11-17 02:49:00+00:00,33,1,2770,16300.0,16300.0,16299.75,16299.75,8,NQ.v.0
2021-11-17 02:50:00+00:00,33,1,2770,16299.0,16299.0,16297.75,16297.75,18,NQ.v.0
2021-11-17 02:51:00+00:00,33,1,2770,16297.75,16298.25,16297.5,16298.0,20,NQ.v.0
2021-11-17 02:52:00+00:00,33,1,2770,16297.75,16297.75,16292.75,16292.75,155,NQ.v.0
2021-11-17 02:53:00+00:00,33,1,2770,16293.0,16294.75,16292.0,16294.25,81,NQ.v.0
2021-11-17 02:54:00+00:00,33,1,2770,16294.25,16295.5,16294.25,16295.0,16,NQ.v.0
2021-11-17 02:55:00+00:00,33,1,2770,16294.5,16295.25,16294.5,16295.25,13,NQ.v.0
2021-11-17 02:56:00+00:00,33,1,2770,16295.0,16295.75,16295.0,16295.25,13,NQ.v.0
2021-11-17 02:57:00+00:00,33,1,2770,16295.25,16295.25,16294.5,16294.5,23,NQ.v.0
2021-11-17 02:58:00+00:00,33,1,2770,16295.0,16295.75,16294.5,16295.75,20,NQ.v.0
2021-11-17 02:59:00+00:00,33,1,2770,16296.0,16296.0,16294.25,16294.5,33,NQ.v.0
2021-11-17 03:00:00+00:00,33,1,2770,16294.5,16295.0,16293.0,16294.0,81,NQ.v.0
2021-11-17 03:01:00+00:00,33,1,2770,16293.75,16296.0,16293.5,16296.0,31,NQ.v.0
2021-11-17 03:02:00+00:00,33,1,2770,16295.75,16297.75,16295.75,16297.0,56,NQ.v.0
2021-11-17 03:03:00+00:00,33,1,2770,16297.25,16298.75,16296.75,16297.25,81,NQ.v.0
2021-11-17 03:04:00+00:00,33,1,2770,16297.0,16297.25,16296.0,16296.5,17,NQ.v.0
2021-11-17 03:05:00+00:00,33,1,2770,16296.25,16296.75,16295.75,16296.0,12,NQ.v.0
2021-11-17 03:06:00+00:00,33,1,2770,16296.25,16297.0,16296.25,16297.0,5,NQ.v.0
2021-11-17 03:07:00+00:00,33,1,2770,16297.0,16297.25,16296.5,16297.25,13,NQ.v.0
2021-11-17 03:08:00+00:00,33,1,2770,16297.0,16297.25,16295.0,16295.0,31,NQ.v.0
2021-11-17 03:09:00+00:00,33,1,2770,16294.75,16295.0,16293.75,16294.5,11,NQ.v.0
2021-11-17 03:10:00+00:00,33,1,2770,16294.75,16294.75,16293.75,16294.5,18,NQ.v.0
2021-11-17 03:11:00+00:00,33,1,2770,16293.5,16294.25,16293.0,16293.0,17,NQ.v.0
2021-11-17 03:12:00+00:00,33,1,2770,16293.0,16293.5,16292.5,16292.5,21,NQ.v.0
2021-11-17 03:13:00+00:00,33,1,2770,16293.0,16293.5,16291.0,16291.75,64,NQ.v.0
2021-11-17 03:14:00+00:00,33,1,2770,16292.25,16294.5,16292.0,16294.25,45,NQ.v.0
2021-11-17 03:15:00+00:00,33,1,2770,16294.5,16294.75,16293.25,16293.25,18,NQ.v.0
2021-11-17 03:16:00+00:00,33,1,2770,16294.0,16294.5,16294.0,16294.5,4,NQ.v.0
2021-11-17 03:17:00+00:00,33,1,2770,16294.5,16295.25,16292.75,16292.75,61,NQ.v.0
2021-11-17 03:18:00+00:00,33,1,2770,16293.0,16293.75,16291.5,16292.0,38,NQ.v.0
2021-11-17 03:19:00+00:00,33,1,2770,16292.0,16292.0,16289.25,16290.75,91,NQ.v.0
2021-11-17 03:20:00+00:00,33,1,2770,16289.75,16290.25,16286.0,16287.75,151,NQ.v.0
2021-11-17 03:21:00+00:00,33,1,2770,16288.5,16288.75,16286.75,16288.5,47,NQ.v.0
2021-11-17 03:22:00+00:00,33,1,2770,16288.25,16289.0,16287.0,16288.0,47,NQ.v.0
2021-11-17 03:23:00+00:00,33,1,2770,16287.75,16288.25,16287.0,16287.25,42,NQ.v.0
2021-11-17 03:24:00+00:00,33,1,2770,16287.25,16287.25,16283.25,16283.5,131,NQ.v.0
2021-11-17 03:25:00+00:00,33,1,2770,16283.5,16284.5,16281.75,16283.25,62,NQ.v.0
2021-11-17 03:26:00+00:00,33,1,2770,16283.5,16286.5,16283.0,16286.5,104,NQ.v.0
2021-11-17 03:27:00+00:00,33,1,2770,16286.75,16288.75,16285.5,16288.0,91,NQ.v.0
2021-11-17 03:28:00+00:00,33,1,2770,16287.25,16288.0,16287.0,16287.5,32,NQ.v.0
2021-11-17 03:29:00+00:00,33,1,2770,16287.5,16288.25,16287.0,16288.0,74,NQ.v.0
2021-11-17 03:30:00+00:00,33,1,2770,16288.5,16289.25,16288.25,16288.5,36,NQ.v.0
2021-11-17 03:31:00+00:00,33,1,2770,16288.0,16290.25,16288.0,16288.5,50,NQ.v.0
2021-11-17 03:32:00+00:00,33,1,2770,16288.75,16290.75,16288.75,16290.5,31,NQ.v.0
2021-11-17 03:33:00+00:00,33,1,2770,16290.5,16290.5,16289.5,16290.0,15,NQ.v.0
2021-11-17 03:34:00+00:00,33,1,2770,16290.0,16290.0,16289.5,16289.5,5,NQ.v.0
2021-11-17 03:35:00+00:00,33,1,2770,16289.5,16290.25,16289.0,16289.75,26,NQ.v.0
2021-11-17 03:36:00+00:00,33,1,2770,16289.5,16290.0,16289.25,16290.0,8,NQ.v.0
2021-11-17 03:37:00+00:00,33,1,2770,16289.5,16289.75,16288.75,16289.75,13,NQ.v.0
2021-11-17 03:38:00+00:00,33,1,2770,16289.25,16289.5,16288.75,16288.75,7,NQ.v.0
2021-11-17 03:39:00+00:00,33,1,2770,16288.75,16288.75,16288.0,16288.25,34,NQ.v.0
2021-11-17 03:40:00+00:00,33,1,2770,16288.0,16288.75,16287.75,16288.75,12,NQ.v.0
2021-11-17 03:41:00+00:00,33,1,2770,16288.25,16291.75,16287.25,16289.0,119,NQ.v.0
2021-11-17 03:42:00+00:00,33,1,2770,16289.25,16289.5,16283.25,16284.0,127,NQ.v.0
2021-11-17 03:43:00+00:00,33,1,2770,16283.75,16284.75,16280.5,16284.75,147,NQ.v.0
2021-11-17 03:44:00+00:00,33,1,2770,16285.0,16285.25,16282.25,16284.25,109,NQ.v.0
2021-11-17 03:45:00+00:00,33,1,2770,16283.75,16284.0,16273.25,16277.25,440,NQ.v.0
2021-11-17 03:46:00+00:00,33,1,2770,16277.0,16277.5,16275.0,16277.25,91,NQ.v.0
2021-11-17 03:47:00+00:00,33,1,2770,16277.5,16278.0,16276.75,16277.0,45,NQ.v.0
2021-11-17 03:48:00+00:00,33,1,2770,16277.0,16277.5,16276.0,16277.5,27,NQ.v.0
2021-11-17 03:49:00+00:00,33,1,2770,16278.0,16279.0,16278.0,16278.25,46,NQ.v.0
2021-11-17 03:50:00+00:00,33,1,2770,16279.0,16279.5,16278.5,16279.5,35,NQ.v.0
2021-11-17 03:51:00+00:00,33,1,2770,16279.5,16280.5,16279.0,16279.0,28,NQ.v.0
2021-11-17 03:52:00+00:00,33,1,2770,16279.0,16281.5,16278.5,16281.5,55,NQ.v.0
2021-11-17 03:53:00+00:00,33,1,2770,16281.25,16282.25,16281.0,16282.0,65,NQ.v.0
2021-11-17 03:54:00+00:00,33,1,2770,16282.0,16282.75,16281.25,16281.5,51,NQ.v.0
2021-11-17 03:55:00+00:00,33,1,2770,16281.5,16282.0,16281.5,16282.0,15,NQ.v.0
2021-11-17 03:56:00+00:00,33,1,2770,16281.5,16282.25,16280.0,16281.0,33,NQ.v.0
2021-11-17 03:57:00+00:00,33,1,2770,16281.0,16282.5,16280.75,16282.5,18,NQ.v.0
2021-11-17 03:58:00+00:00,33,1,2770,16282.25,16283.0,16281.0,16281.75,41,NQ.v.0
2021-11-17 03:59:00+00:00,33,1,2770,16281.75,16282.25,16281.0,16282.25,9,NQ.v.0
2021-11-17 04:00:00+00:00,33,1,2770,16281.75,16283.0,16281.0,16282.5,41,NQ.v.0
2021-11-17 04:01:00+00:00,33,1,2770,16282.25,16282.5,16282.0,16282.0,8,NQ.v.0
2021-11-17 04:02:00+00:00,33,1,2770,16282.25,16282.25,16281.0,16281.0,11,NQ.v.0
2021-11-17 04:03:00+00:00,33,1,2770,16280.75,16285.0,16280.75,16283.25,113,NQ.v.0
2021-11-17 04:04:00+00:00,33,1,2770,16283.0,16283.0,16282.25,16282.25,33,NQ.v.0
2021-11-17 04:05:00+00:00,33,1,2770,16282.5,16284.0,16282.25,16284.0,27,NQ.v.0
2021-11-17 04:06:00+00:00,33,1,2770,16283.5,16283.75,16283.5,16283.5,14,NQ.v.0
2021-11-17 04:07:00+00:00,33,1,2770,16284.0,16284.0,16281.5,16283.0,46,NQ.v.0
2021-11-17 04:08:00+00:00,33,1,2770,16283.0,16283.5,16282.5,16282.5,24,NQ.v.0
2021-11-17 04:09:00+00:00,33,1,2770,16282.0,16282.5,16281.25,16281.75,26,NQ.v.0
2021-11-17 04:10:00+00:00,33,1,2770,16281.5,16282.75,16281.5,16282.5,14,NQ.v.0
2021-11-17 04:11:00+00:00,33,1,2770,16282.5,16285.0,16282.5,16285.0,48,NQ.v.0
2021-11-17 04:12:00+00:00,33,1,2770,16284.75,16286.75,16284.75,16286.25,55,NQ.v.0
2021-11-17 04:13:00+00:00,33,1,2770,16285.25,16289.0,16285.0,16287.75,128,NQ.v.0
2021-11-17 04:14:00+00:00,33,1,2770,16287.75,16288.25,16287.0,16287.5,19,NQ.v.0
2021-11-17 04:15:00+00:00,33,1,2770,16287.5,16288.0,16286.5,16288.0,22,NQ.v.0
2021-11-17 04:16:00+00:00,33,1,2770,16288.0,16288.0,16287.25,16287.5,11,NQ.v.0
2021-11-17 04:17:00+00:00,33,1,2770,16287.5,16287.5,16287.5,16287.5,2,NQ.v.0
2021-11-17 04:18:00+00:00,33,1,2770,16287.25,16288.0,16286.75,16286.75,23,NQ.v.0
2021-11-17 04:19:00+00:00,33,1,2770,16287.25,16287.75,16287.25,16287.5,17,NQ.v.0
2021-11-17 04:20:00+00:00,33,1,2770,16287.5,16288.5,16287.5,16288.0,16,NQ.v.0
2021-11-17 04:21:00+00:00,33,1,2770,16287.75,16288.75,16287.0,16287.5,44,NQ.v.0
2021-11-17 04:22:00+00:00,33,1,2770,16287.75,16288.5,16286.5,16287.0,32,NQ.v.0
2021-11-17 04:23:00+00:00,33,1,2770,16287.0,16287.0,16285.75,16285.75,22,NQ.v.0
2021-11-17 04:24:00+00:00,33,1,2770,16285.5,16286.0,16285.25,16286.0,19,NQ.v.0
2021-11-17 04:25:00+00:00,33,1,2770,16285.25,16286.0,16285.25,16285.25,6,NQ.v.0
2021-11-17 04:26:00+00:00,33,1,2770,16285.5,16285.75,16285.25,16285.5,12,NQ.v.0
2021-11-17 04:27:00+00:00,33,1,2770,16285.5,16287.0,16285.5,16287.0,15,NQ.v.0
2021-11-17 04:28:00+00:00,33,1,2770,16287.0,16287.0,16286.0,16286.25,10,NQ.v.0
2021-11-17 04:29:00+00:00,33,1,2770,16286.0,16286.5,16285.75,16286.5,8,NQ.v.0
2021-11-17 04:30:00+00:00,33,1,2770,16286.75,16286.75,16284.25,16284.75,40,NQ.v.0
2021-11-17 04:31:00+00:00,33,1,2770,16284.25,16284.5,16283.75,16284.5,13,NQ.v.0
2021-11-17 04:32:00+00:00,33,1,2770,16284.0,16284.5,16283.25,16284.5,16,NQ.v.0
2021-11-17 04:33:00+00:00,33,1,2770,16284.5,16284.5,16284.0,16284.5,5,NQ.v.0
2021-11-17 04:34:00+00:00,33,1,2770,16284.0,16284.25,16283.5,16284.25,9,NQ.v.0
2021-11-17 04:35:00+00:00,33,1,2770,16284.0,16285.0,16283.75,16284.25,19,NQ.v.0
2021-11-17 04:36:00+00:00,33,1,2770,16284.5,16286.0,16284.5,16285.0,17,NQ.v.0
2021-11-17 04:37:00+00:00,33,1,2770,16285.75,16286.0,16285.75,16285.75,10,NQ.v.0
2021-11-17 04:38:00+00:00,33,1,2770,16285.5,16286.0,16285.5,16286.0,5,NQ.v.0
2021-11-17 04:39:00+00:00,33,1,2770,16285.5,16286.0,16285.0,16286.0,8,NQ.v.0
2021-11-17 04:40:00+00:00,33,1,2770,16286.25,16288.5,16286.25,16288.0,30,NQ.v.0
2021-11-17 04:41:00+00:00,33,1,2770,16287.5,16287.5,16287.25,16287.25,3,NQ.v.0
2021-11-17 04:42:00+00:00,33,1,2770,16287.25,16288.5,16287.25,16288.25,17,NQ.v.0
2021-11-17 04:43:00+00:00,33,1,2770,16288.0,16288.0,16286.75,16287.25,34,NQ.v.0
2021-11-17 04:44:00+00:00,33,1,2770,16287.0,16287.0,16286.25,16287.0,15,NQ.v.0
2021-11-17 04:45:00+00:00,33,1,2770,16287.0,16287.75,16287.0,16287.5,7,NQ.v.0
2021-11-17 04:46:00+00:00,33,1,2770,16287.0,16287.0,16286.0,16286.5,16,NQ.v.0
2021-11-17 04:47:00+00:00,33,1,2770,16287.0,16287.25,16286.5,16287.25,36,NQ.v.0
2021-11-17 04:48:00+00:00,33,1,2770,16287.25,16287.25,16286.25,16286.25,3,NQ.v.0
2021-11-17 04:49:00+00:00,33,1,2770,16286.25,16287.25,16286.25,16287.25,16,NQ.v.0
2021-11-17 04:50:00+00:00,33,1,2770,16287.0,16287.25,16287.0,16287.0,5,NQ.v.0
2021-11-17 04:51:00+00:00,33,1,2770,16287.0,16287.75,16286.75,16287.75,13,NQ.v.0
2021-11-17 04:52:00+00:00,33,1,2770,16287.5,16290.0,16286.5,16289.5,74,NQ.v.0
2021-11-17 04:53:00+00:00,33,1,2770,16289.25,16292.0,16289.0,16292.0,87,NQ.v.0
2021-11-17 04:54:00+00:00,33,1,2770,16292.0,16292.25,16291.0,16292.0,28,NQ.v.0
2021-11-17 04:55:00+00:00,33,1,2770,16292.0,16293.75,16292.0,16292.5,61,NQ.v.0
2021-11-17 04:56:00+00:00,33,1,2770,16292.25,16292.25,16291.25,16292.0,34,NQ.v.0
2021-11-17 04:57:00+00:00,33,1,2770,16292.0,16292.5,16291.25,16292.5,41,NQ.v.0
2021-11-17 04:58:00+00:00,33,1,2770,16293.0,16295.25,16293.0,16294.75,93,NQ.v.0
2021-11-17 04:59:00+00:00,33,1,2770,16294.5,16294.5,16293.5,16293.75,27,NQ.v.0
2021-11-17 05:00:00+00:00,33,1,2770,16293.75,16295.25,16293.75,16294.5,42,NQ.v.0
2021-11-17 05:01:00+00:00,33,1,2770,16295.0,16296.75,16294.5,16295.5,69,NQ.v.0
2021-11-17 05:02:00+00:00,33,1,2770,16295.25,16295.25,16294.0,16294.75,19,NQ.v.0
2021-11-17 05:03:00+00:00,33,1,2770,16295.0,16296.5,16295.0,16295.5,36,NQ.v.0
2021-11-17 05:04:00+00:00,33,1,2770,16295.5,16295.75,16293.5,16293.5,21,NQ.v.0
2021-11-17 05:05:00+00:00,33,1,2770,16294.25,16295.0,16293.0,16293.5,30,NQ.v.0
2021-11-17 05:06:00+00:00,33,1,2770,16294.0,16294.0,16293.25,16293.5,18,NQ.v.0
2021-11-17 05:07:00+00:00,33,1,2770,16293.0,16294.25,16293.0,16294.25,15,NQ.v.0
2021-11-17 05:08:00+00:00,33,1,2770,16294.5,16295.75,16294.5,16295.0,21,NQ.v.0
2021-11-17 05:09:00+00:00,33,1,2770,16295.0,16295.5,16294.75,16295.25,14,NQ.v.0
2021-11-17 05:10:00+00:00,33,1,2770,16295.5,16296.75,16295.0,16296.25,27,NQ.v.0
2021-11-17 05:11:00+00:00,33,1,2770,16297.0,16298.0,16295.5,16296.25,61,NQ.v.0
2021-11-17 05:12:00+00:00,33,1,2770,16296.0,16296.5,16295.5,16295.5,14,NQ.v.0
2021-11-17 05:13:00+00:00,33,1,2770,16295.75,16295.75,16293.75,16294.75,44,NQ.v.0
2021-11-17 05:14:00+00:00,33,1,2770,16295.0,16295.0,16293.75,16293.75,9,NQ.v.0
2021-11-17 05:15:00+00:00,33,1,2770,16294.0,16295.25,16293.75,16295.0,28,NQ.v.0
2021-11-17 05:16:00+00:00,33,1,2770,16295.25,16295.75,16294.5,16294.75,22,NQ.v.0
2021-11-17 05:17:00+00:00,33,1,2770,16294.75,16295.0,16294.5,16294.5,16,NQ.v.0
2021-11-17 05:18:00+00:00,33,1,2770,16294.25,16294.25,16293.5,16293.5,12,NQ.v.0
2021-11-17 05:19:00+00:00,33,1,2770,16293.5,16293.5,16291.75,16292.25,46,NQ.v.0
2021-11-17 05:20:00+00:00,33,1,2770,16292.25,16292.5,16291.0,16291.5,27,NQ.v.0
2021-11-17 05:21:00+00:00,33,1,2770,16291.5,16292.0,16290.25,16291.75,16,NQ.v.0
2021-11-17 05:22:00+00:00,33,1,2770,16291.5,16293.0,16291.25,16292.5,19,NQ.v.0
2021-11-17 05:23:00+00:00,33,1,2770,16292.5,16293.25,16292.0,16292.0,24,NQ.v.0
2021-11-17 05:24:00+00:00,33,1,2770,16292.25,16292.25,16290.25,16290.75,20,NQ.v.0
2021-11-17 05:25:00+00:00,33,1,2770,16290.5,16290.5,16287.5,16288.0,75,NQ.v.0
2021-11-17 05:26:00+00:00,33,1,2770,16288.5,16289.0,16288.5,16289.0,7,NQ.v.0
2021-11-17 05:27:00+00:00,33,1,2770,16289.0,16289.75,16288.5,16289.0,15,NQ.v.0
2021-11-17 05:28:00+00:00,33,1,2770,16289.0,16289.0,16288.0,16288.0,18,NQ.v.0
2021-11-17 05:29:00+00:00,33,1,2770,16288.25,16289.0,16288.0,16288.5,10,NQ.v.0
2021-11-17 05:30:00+00:00,33,1,2770,16288.25,16289.75,16288.25,16288.75,29,NQ.v.0
2021-11-17 05:31:00+00:00,33,1,2770,16290.5,16291.25,16290.25,16290.25,49,NQ.v.0
2021-11-17 05:32:00+00:00,33,1,2770,16290.0,16292.75,16290.0,16291.75,26,NQ.v.0
2021-11-17 05:33:00+00:00,33,1,2770,16292.0,16293.5,16292.0,16292.75,13,NQ.v.0
2021-11-17 05:34:00+00:00,33,1,2770,16292.5,16293.75,16292.5,16293.5,26,NQ.v.0
2021-11-17 05:35:00+00:00,33,1,2770,16293.25,16294.0,16293.0,16293.5,19,NQ.v.0
2021-11-17 05:36:00+00:00,33,1,2770,16293.75,16295.25,16293.75,16295.25,28,NQ.v.0
2021-11-17 05:37:00+00:00,33,1,2770,16295.5,16301.25,16295.25,16298.5,329,NQ.v.0
2021-11-17 05:38:00+00:00,33,1,2770,16298.75,16303.0,16298.75,16301.5,124,NQ.v.0
2021-11-17 05:39:00+00:00,33,1,2770,16301.5,16302.5,16299.75,16299.75,74,NQ.v.0
2021-11-17 05:40:00+00:00,33,1,2770,16300.0,16300.0,16298.5,16299.5,35,NQ.v.0
2021-11-17 05:41:00+00:00,33,1,2770,16299.75,16300.25,16299.75,16300.25,13,NQ.v.0
2021-11-17 05:42:00+00:00,33,1,2770,16300.5,16300.75,16298.5,16299.75,30,NQ.v.0
2021-11-17 05:43:00+00:00,33,1,2770,16300.0,16300.5,16299.0,16299.5,40,NQ.v.0
2021-11-17 05:44:00+00:00,33,1,2770,16299.25,16299.25,16298.25,16298.5,21,NQ.v.0
2021-11-17 05:45:00+00:00,33,1,2770,16298.25,16298.5,16295.0,16295.75,52,NQ.v.0
2021-11-17 05:46:00+00:00,33,1,2770,16296.0,16297.0,16295.25,16296.25,19,NQ.v.0
2021-11-17 05:47:00+00:00,33,1,2770,16296.0,16296.25,16295.0,16295.0,35,NQ.v.0
2021-11-17 05:48:00+00:00,33,1,2770,16294.75,16296.5,16294.5,16295.0,32,NQ.v.0
2021-11-17 05:49:00+00:00,33,1,2770,16295.0,16295.75,16294.5,16295.75,12,NQ.v.0
2021-11-17 05:50:00+00:00,33,1,2770,16294.75,16295.5,16294.5,16295.5,12,NQ.v.0
2021-11-17 05:51:00+00:00,33,1,2770,16295.25,16296.25,16294.25,16294.5,22,NQ.v.0
2021-11-17 05:52:00+00:00,33,1,2770,16294.5,16295.5,16294.5,16295.5,12,NQ.v.0
2021-11-17 05:53:00+00:00,33,1,2770,16295.25,16295.75,16294.0,16295.25,14,NQ.v.0
2021-11-17 05:54:00+00:00,33,1,2770,16295.25,16295.25,16294.25,16294.75,12,NQ.v.0
2021-11-17 05:55:00+00:00,33,1,2770,16295.5,16295.5,16293.75,16293.75,15,NQ.v.0
2021-11-17 05:56:00+00:00,33,1,2770,16293.75,16294.75,16293.25,16293.75,13,NQ.v.0
2021-11-17 05:57:00+00:00,33,1,2770,16294.75,16297.75,16294.75,16297.25,31,NQ.v.0
2021-11-17 05:58:00+00:00,33,1,2770,16297.0,16299.0,16296.5,16296.5,66,NQ.v.0
2021-11-17 05:59:00+00:00,33,1,2770,16296.25,16296.25,16291.0,16291.75,73,NQ.v.0
2021-11-17 06:00:00+00:00,33,1,2770,16291.75,16293.5,16290.0,16293.5,88,NQ.v.0
2021-11-17 06:01:00+00:00,33,1,2770,16293.75,16295.5,16293.5,16294.75,35,NQ.v.0
2021-11-17 06:02:00+00:00,33,1,2770,16294.5,16294.75,16294.0,16294.0,16,NQ.v.0
2021-11-17 06:03:00+00:00,33,1,2770,16294.0,16295.5,16294.0,16295.0,14,NQ.v.0
2021-11-17 06:04:00+00:00,33,1,2770,16294.25,16296.25,16294.25,16295.0,30,NQ.v.0
2021-11-17 06:05:00+00:00,33,1,2770,16294.75,16295.25,16293.25,16293.5,15,NQ.v.0
2021-11-17 06:06:00+00:00,33,1,2770,16294.25,16294.25,16291.0,16291.0,22,NQ.v.0
2021-11-17 06:07:00+00:00,33,1,2770,16291.75,16294.0,16291.75,16292.75,20,NQ.v.0
2021-11-17 06:08:00+00:00,33,1,2770,16292.5,16294.75,16291.25,16294.0,77,NQ.v.0
2021-11-17 06:09:00+00:00,33,1,2770,16294.25,16296.75,16292.75,16293.0,94,NQ.v.0
2021-11-17 06:10:00+00:00,33,1,2770,16292.75,16292.75,16289.0,16289.0,77,NQ.v.0
2021-11-17 06:11:00+00:00,33,1,2770,16289.25,16293.0,16289.25,16292.25,84,NQ.v.0
2021-11-17 06:12:00+00:00,33,1,2770,16293.5,16294.25,16293.0,16294.0,18,NQ.v.0
2021-11-17 06:13:00+00:00,33,1,2770,16294.0,16295.75,16293.5,16294.0,100,NQ.v.0
2021-11-17 06:14:00+00:00,33,1,2770,16293.5,16294.25,16293.5,16293.75,13,NQ.v.0
2021-11-17 06:15:00+00:00,33,1,2770,16294.5,16295.0,16289.75,16290.75,59,NQ.v.0
2021-11-17 06:16:00+00:00,33,1,2770,16291.0,16295.25,16290.5,16292.25,102,NQ.v.0
2021-11-17 06:17:00+00:00,33,1,2770,16292.75,16296.0,16292.75,16294.75,59,NQ.v.0
2021-11-17 06:18:00+00:00,33,1,2770,16295.0,16296.0,16294.5,16295.5,14,NQ.v.0
2021-11-17 06:19:00+00:00,33,1,2770,16296.0,16296.0,16295.5,16295.5,6,NQ.v.0
2021-11-17 06:20:00+00:00,33,1,2770,16296.0,16297.75,16296.0,16297.25,62,NQ.v.0
2021-11-17 06:21:00+00:00,33,1,2770,16297.25,16297.5,16296.5,16296.5,15,NQ.v.0
2021-11-17 06:22:00+00:00,33,1,2770,16296.25,16297.5,16294.25,16297.5,26,NQ.v.0
2021-11-17 06:23:00+00:00,33,1,2770,16297.75,16299.0,16297.75,16298.25,31,NQ.v.0
2021-11-17 06:24:00+00:00,33,1,2770,16299.0,16299.0,16297.75,16299.0,24,NQ.v.0
2021-11-17 06:25:00+00:00,33,1,2770,16299.5,16301.5,16297.5,16301.0,74,NQ.v.0
2021-11-17 06:26:00+00:00,33,1,2770,16300.5,16301.25,16296.5,16299.75,136,NQ.v.0
2021-11-17 06:27:00+00:00,33,1,2770,16299.75,16302.25,16299.25,16299.5,49,NQ.v.0
2021-11-17 06:28:00+00:00,33,1,2770,16299.25,16302.0,16299.25,16301.75,33,NQ.v.0
2021-11-17 06:29:00+00:00,33,1,2770,16301.5,16304.75,16301.5,16304.75,76,NQ.v.0
2021-11-17 06:30:00+00:00,33,1,2770,16304.75,16305.25,16301.0,16302.25,78,NQ.v.0
2021-11-17 06:31:00+00:00,33,1,2770,16303.0,16303.75,16302.0,16302.75,20,NQ.v.0
2021-11-17 06:32:00+00:00,33,1,2770,16303.0,16303.0,16301.25,16301.75,19,NQ.v.0
2021-11-17 06:33:00+00:00,33,1,2770,16301.5,16302.25,16301.0,16301.0,11,NQ.v.0
2021-11-17 06:34:00+00:00,33,1,2770,16300.75,16303.25,16300.5,16300.5,42,NQ.v.0
2021-11-17 06:35:00+00:00,33,1,2770,16300.25,16302.75,16299.25,16302.75,61,NQ.v.0
2021-11-17 06:36:00+00:00,33,1,2770,16303.0,16303.25,16298.5,16300.5,114,NQ.v.0
2021-11-17 06:37:00+00:00,33,1,2770,16300.75,16302.75,16300.75,16301.5,47,NQ.v.0
2021-11-17 06:38:00+00:00,33,1,2770,16302.0,16302.0,16300.25,16300.75,14,NQ.v.0
2021-11-17 06:39:00+00:00,33,1,2770,16300.0,16302.5,16298.75,16299.5,74,NQ.v.0
2021-11-17 06:40:00+00:00,33,1,2770,16299.0,16300.25,16299.0,16299.0,24,NQ.v.0
2021-11-17 06:41:00+00:00,33,1,2770,16298.75,16298.75,16297.0,16298.0,27,NQ.v.0
2021-11-17 06:42:00+00:00,33,1,2770,16297.0,16297.75,16295.0,16295.25,49,NQ.v.0
2021-11-17 06:43:00+00:00,33,1,2770,16296.0,16298.0,16295.75,16298.0,36,NQ.v.0
2021-11-17 06:44:00+00:00,33,1,2770,16297.5,16298.5,16296.25,16297.5,30,NQ.v.0
2021-11-17 06:45:00+00:00,33,1,2770,16297.5,16299.25,16297.5,16298.0,21,NQ.v.0
2021-11-17 06:46:00+00:00,33,1,2770,16297.75,16297.75,16296.25,16296.75,9,NQ.v.0
2021-11-17 06:47:00+00:00,33,1,2770,16296.25,16297.0,16296.25,16296.25,7,NQ.v.0
2021-11-17 06:48:00+00:00,33,1,2770,16296.0,16296.0,16294.25,16295.0,31,NQ.v.0
2021-11-17 06:49:00+00:00,33,1,2770,16294.25,16295.75,16294.25,16294.5,16,NQ.v.0
2021-11-17 06:50:00+00:00,33,1,2770,16294.5,16296.0,16293.5,16295.5,21,NQ.v.0
2021-11-17 06:51:00+00:00,33,1,2770,16295.25,16295.75,16295.0,16295.75,12,NQ.v.0
2021-11-17 06:52:00+00:00,33,1,2770,16294.75,16295.0,16293.25,16295.0,26,NQ.v.0
2021-11-17 06:53:00+00:00,33,1,2770,16295.0,16297.0,16295.0,16296.0,21,NQ.v.0
2021-11-17 06:54:00+00:00,33,1,2770,16296.25,16297.25,16296.25,16297.0,16,NQ.v.0
2021-11-17 06:55:00+00:00,33,1,2770,16296.75,16297.0,16296.0,16297.0,26,NQ.v.0
2021-11-17 06:56:00+00:00,33,1,2770,16296.25,16297.25,16295.75,16295.75,12,NQ.v.0
2021-11-17 06:57:00+00:00,33,1,2770,16295.75,16297.75,16295.0,16295.25,23,NQ.v.0
2021-11-17 06:58:00+00:00,33,1,2770,16295.0,16296.0,16294.0,16294.0,37,NQ.v.0
2021-11-17 06:59:00+00:00,33,1,2770,16294.25,16294.5,16293.0,16293.5,25,NQ.v.0
2021-11-17 07:00:00+00:00,33,1,2770,16293.5,16294.25,16292.5,16293.75,33,NQ.v.0
2021-11-17 07:01:00+00:00,33,1,2770,16293.75,16295.75,16293.5,16294.5,20,NQ.v.0
2021-11-17 07:02:00+00:00,33,1,2770,16294.25,16295.75,16294.25,16295.75,13,NQ.v.0
2021-11-17 07:03:00+00:00,33,1,2770,16295.5,16296.25,16294.75,16295.75,36,NQ.v.0
2021-11-17 07:04:00+00:00,33,1,2770,16295.0,16296.0,16295.0,16295.5,8,NQ.v.0
2021-11-17 07:05:00+00:00,33,1,2770,16296.25,16299.0,16296.25,16298.75,49,NQ.v.0
2021-11-17 07:06:00+00:00,33,1,2770,16299.0,16299.75,16298.75,16299.0,36,NQ.v.0
2021-11-17 07:07:00+00:00,33,1,2770,16299.0,16299.0,16295.5,16296.0,36,NQ.v.0
2021-11-17 07:08:00+00:00,33,1,2770,16296.0,16296.25,16294.75,16294.75,19,NQ.v.0
2021-11-17 07:09:00+00:00,33,1,2770,16294.5,16294.75,16291.75,16293.25,89,NQ.v.0
2021-11-17 07:10:00+00:00,33,1,2770,16292.5,16293.0,16292.25,16292.25,14,NQ.v.0
2021-11-17 07:11:00+00:00,33,1,2770,16292.25,16292.75,16291.5,16291.5,13,NQ.v.0
2021-11-17 07:12:00+00:00,33,1,2770,16291.0,16291.25,16289.25,16290.5,44,NQ.v.0
2021-11-17 07:13:00+00:00,33,1,2770,16290.25,16290.25,16286.25,16286.75,103,NQ.v.0
2021-11-17 07:14:00+00:00,33,1,2770,16286.25,16287.25,16284.75,16286.0,99,NQ.v.0
2021-11-17 07:15:00+00:00,33,1,2770,16286.25,16288.5,16285.5,16286.0,66,NQ.v.0
2021-11-17 07:16:00+00:00,33,1,2770,16285.5,16285.5,16284.0,16284.75,61,NQ.v.0
2021-11-17 07:17:00+00:00,33,1,2770,16284.25,16287.5,16283.5,16287.5,102,NQ.v.0
2021-11-17 07:18:00+00:00,33,1,2770,16286.75,16288.0,16286.5,16287.5,45,NQ.v.0
2021-11-17 07:19:00+00:00,33,1,2770,16287.75,16289.0,16287.75,16288.5,38,NQ.v.0
2021-11-17 07:20:00+00:00,33,1,2770,16288.5,16291.0,16288.0,16290.75,113,NQ.v.0
2021-11-17 07:21:00+00:00,33,1,2770,16290.5,16291.25,16289.5,16291.0,42,NQ.v.0
2021-11-17 07:22:00+00:00,33,1,2770,16290.75,16291.0,16289.75,16291.0,18,NQ.v.0
2021-11-17 07:23:00+00:00,33,1,2770,16290.5,16291.5,16290.5,16290.5,29,NQ.v.0
2021-11-17 07:24:00+00:00,33,1,2770,16290.25,16292.0,16290.25,16292.0,27,NQ.v.0
2021-11-17 07:25:00+00:00,33,1,2770,16292.0,16292.25,16290.25,16291.0,24,NQ.v.0
2021-11-17 07:26:00+00:00,33,1,2770,16290.0,16290.25,16289.75,16290.0,14,NQ.v.0
2021-11-17 07:27:00+00:00,33,1,2770,16290.25,16291.25,16290.25,16291.25,8,NQ.v.0
2021-11-17 07:28:00+00:00,33,1,2770,16291.5,16293.25,16291.5,16293.0,31,NQ.v.0
2021-11-17 07:29:00+00:00,33,1,2770,16292.75,16294.75,16292.5,16294.25,89,NQ.v.0
2021-11-17 07:30:00+00:00,33,1,2770,16293.5,16294.25,16292.5,16293.25,20,NQ.v.0
2021-11-17 07:31:00+00:00,33,1,2770,16294.0,16295.25,16294.0,16294.75,20,NQ.v.0
2021-11-17 07:32:00+00:00,33,1,2770,16295.0,16296.25,16294.75,16295.25,33,NQ.v.0
2021-11-17 07:33:00+00:00,33,1,2770,16294.5,16297.5,16294.5,16297.0,52,NQ.v.0
2021-11-17 07:34:00+00:00,33,1,2770,16296.25,16297.0,16295.5,16296.75,32,NQ.v.0
2021-11-17 07:35:00+00:00,33,1,2770,16297.0,16299.0,16297.0,16298.5,86,NQ.v.0
2021-11-17 07:36:00+00:00,33,1,2770,16298.25,16300.5,16298.25,16300.5,70,NQ.v.0
2021-11-17 07:37:00+00:00,33,1,2770,16300.0,16300.25,16299.25,16299.5,55,NQ.v.0
2021-11-17 07:38:00+00:00,33,1,2770,16299.25,16300.25,16298.75,16298.75,59,NQ.v.0
2021-11-17 07:39:00+00:00,33,1,2770,16298.5,16299.25,16298.0,16298.5,43,NQ.v.0
2021-11-17 07:40:00+00:00,33,1,2770,16298.75,16298.75,16296.0,16297.0,46,NQ.v.0
2021-11-17 07:41:00+00:00,33,1,2770,16296.75,16297.0,16295.75,16296.5,48,NQ.v.0
2021-11-17 07:42:00+00:00,33,1,2770,16296.25,16300.0,16296.0,16300.0,31,NQ.v.0
2021-11-17 07:43:00+00:00,33,1,2770,16299.25,16299.75,16298.25,16299.75,25,NQ.v.0
2021-11-17 07:44:00+00:00,33,1,2770,16299.5,16299.5,16298.25,16298.75,25,NQ.v.0
2021-11-17 07:45:00+00:00,33,1,2770,16299.0,16300.5,16299.0,16300.0,41,NQ.v.0
2021-11-17 07:46:00+00:00,33,1,2770,16300.0,16300.0,16298.75,16300.0,29,NQ.v.0
2021-11-17 07:47:00+00:00,33,1,2770,16299.75,16300.5,16299.0,16299.25,30,NQ.v.0
2021-11-17 07:48:00+00:00,33,1,2770,16299.75,16300.5,16299.5,16299.5,14,NQ.v.0
2021-11-17 07:49:00+00:00,33,1,2770,16299.75,16300.25,16299.0,16299.25,13,NQ.v.0
2021-11-17 07:50:00+00:00,33,1,2770,16299.0,16301.0,16299.0,16299.5,37,NQ.v.0
2021-11-17 07:51:00+00:00,33,1,2770,16299.0,16302.0,16299.0,16302.0,66,NQ.v.0
2021-11-17 07:52:00+00:00,33,1,2770,16301.25,16303.25,16300.75,16303.25,105,NQ.v.0
2021-11-17 07:53:00+00:00,33,1,2770,16303.25,16304.75,16302.75,16304.25,56,NQ.v.0
2021-11-17 07:54:00+00:00,33,1,2770,16304.0,16306.0,16301.0,16301.0,162,NQ.v.0
2021-11-17 07:55:00+00:00,33,1,2770,16301.0,16301.5,16300.75,16301.25,32,NQ.v.0
2021-11-17 07:56:00+00:00,33,1,2770,16301.25,16303.25,16300.75,16303.25,42,NQ.v.0
2021-11-17 07:57:00+00:00,33,1,2770,16302.5,16304.75,16301.0,16304.75,34,NQ.v.0
2021-11-17 07:58:00+00:00,33,1,2770,16304.25,16309.5,16304.25,16308.75,194,NQ.v.0
2021-11-17 07:59:00+00:00,33,1,2770,16308.25,16309.5,16306.0,16307.5,66,NQ.v.0
2021-11-17 08:00:00+00:00,33,1,2770,16307.75,16309.75,16306.75,16309.0,113,NQ.v.0
2021-11-17 08:01:00+00:00,33,1,2770,16308.75,16311.0,16306.25,16306.25,168,NQ.v.0
2021-11-17 08:02:00+00:00,33,1,2770,16306.75,16307.75,16305.75,16307.0,63,NQ.v.0
2021-11-17 08:03:00+00:00,33,1,2770,16307.0,16308.5,16304.75,16305.5,68,NQ.v.0
2021-11-17 08:04:00+00:00,33,1,2770,16305.25,16309.25,16303.5,16309.0,188,NQ.v.0
2021-11-17 08:05:00+00:00,33,1,2770,16308.75,16308.75,16305.25,16305.75,240,NQ.v.0
2021-11-17 08:06:00+00:00,33,1,2770,16306.0,16308.75,16305.25,16305.75,51,NQ.v.0
2021-11-17 08:07:00+00:00,33,1,2770,16306.0,16306.0,16304.5,16305.25,64,NQ.v.0
2021-11-17 08:08:00+00:00,33,1,2770,16305.25,16305.25,16303.0,16303.0,61,NQ.v.0
2021-11-17 08:09:00+00:00,33,1,2770,16303.75,16306.0,16302.0,16305.5,101,NQ.v.0
2021-11-17 08:10:00+00:00,33,1,2770,16305.5,16306.75,16304.75,16305.25,68,NQ.v.0
2021-11-17 08:11:00+00:00,33,1,2770,16305.25,16308.25,16304.75,16308.25,34,NQ.v.0
2021-11-17 08:12:00+00:00,33,1,2770,16308.5,16310.0,16308.5,16309.0,70,NQ.v.0
2021-11-17 08:13:00+00:00,33,1,2770,16308.75,16311.5,16308.25,16310.25,85,NQ.v.0
2021-11-17 08:14:00+00:00,33,1,2770,16310.25,16312.25,16309.75,16310.0,107,NQ.v.0
2021-11-17 08:15:00+00:00,33,1,2770,16310.25,16317.0,16310.25,16314.0,307,NQ.v.0
2021-11-17 08:16:00+00:00,33,1,2770,16313.75,16318.25,16313.5,16318.0,298,NQ.v.0
2021-11-17 08:17:00+00:00,33,1,2770,16318.5,16319.0,16316.0,16317.0,113,NQ.v.0
2021-11-17 08:18:00+00:00,33,1,2770,16317.25,16317.75,16315.0,16315.25,59,NQ.v.0
2021-11-17 08:19:00+00:00,33,1,2770,16315.5,16316.75,16314.75,16314.75,45,NQ.v.0
2021-11-17 08:20:00+00:00,33,1,2770,16314.75,16318.5,16313.75,16318.25,108,NQ.v.0
2021-11-17 08:21:00+00:00,33,1,2770,16318.25,16319.25,16317.5,16318.0,70,NQ.v.0
2021-11-17 08:22:00+00:00,33,1,2770,16317.75,16318.0,16316.25,16316.5,76,NQ.v.0
2021-11-17 08:23:00+00:00,33,1,2770,16316.5,16317.25,16316.0,16317.0,24,NQ.v.0
2021-11-17 08:24:00+00:00,33,1,2770,16316.75,16319.25,16316.5,16319.25,75,NQ.v.0
2021-11-17 08:25:00+00:00,33,1,2770,16319.0,16320.75,16317.5,16319.75,119,NQ.v.0
2021-11-17 08:26:00+00:00,33,1,2770,16319.75,16321.5,16319.25,16321.5,86,NQ.v.0
2021-11-17 08:27:00+00:00,33,1,2770,16321.5,16326.75,16321.0,16324.0,542,NQ.v.0
2021-11-17 08:28:00+00:00,33,1,2770,16324.0,16324.5,16322.25,16323.0,104,NQ.v.0
2021-11-17 08:29:00+00:00,33,1,2770,16322.75,16323.5,16321.75,16321.75,92,NQ.v.0
2021-11-17 08:30:00+00:00,33,1,2770,16321.75,16321.75,16318.0,16321.25,207,NQ.v.0
2021-11-17 08:31:00+00:00,33,1,2770,16321.0,16321.5,16318.25,16319.0,77,NQ.v.0
2021-11-17 08:32:00+00:00,33,1,2770,16318.0,16319.5,16316.25,16318.75,125,NQ.v.0
2021-11-17 08:33:00+00:00,33,1,2770,16318.25,16320.5,16317.0,16318.0,112,NQ.v.0
2021-11-17 08:34:00+00:00,33,1,2770,16318.75,16322.0,16318.75,16322.0,110,NQ.v.0
2021-11-17 08:35:00+00:00,33,1,2770,16321.5,16322.0,16319.75,16321.0,61,NQ.v.0
2021-11-17 08:36:00+00:00,33,1,2770,16321.0,16325.75,16318.25,16325.75,236,NQ.v.0
2021-11-17 08:37:00+00:00,33,1,2770,16325.5,16329.75,16324.5,16329.75,260,NQ.v.0
2021-11-17 08:38:00+00:00,33,1,2770,16330.0,16330.25,16324.5,16324.75,122,NQ.v.0
2021-11-17 08:39:00+00:00,33,1,2770,16324.5,16326.0,16324.0,16324.5,58,NQ.v.0
2021-11-17 08:40:00+00:00,33,1,2770,16324.25,16325.5,16323.5,16325.0,53,NQ.v.0
2021-11-17 08:41:00+00:00,33,1,2770,16324.75,16326.5,16324.5,16326.0,29,NQ.v.0
2021-11-17 08:42:00+00:00,33,1,2770,16326.25,16326.5,16324.25,16326.25,63,NQ.v.0
2021-11-17 08:43:00+00:00,33,1,2770,16326.0,16326.5,16325.75,16326.0,19,NQ.v.0
2021-11-17 08:44:00+00:00,33,1,2770,16326.25,16329.0,16326.25,16328.0,54,NQ.v.0
2021-11-17 08:45:00+00:00,33,1,2770,16328.5,16330.5,16328.5,16330.5,38,NQ.v.0
2021-11-17 08:46:00+00:00,33,1,2770,16330.25,16332.5,16329.75,16330.5,202,NQ.v.0
2021-11-17 08:47:00+00:00,33,1,2770,16330.0,16330.0,16325.25,16325.5,91,NQ.v.0
2021-11-17 08:48:00+00:00,33,1,2770,16325.0,16325.75,16322.0,16323.0,113,NQ.v.0
2021-11-17 08:49:00+00:00,33,1,2770,16322.5,16323.75,16321.25,16322.0,59,NQ.v.0
2021-11-17 08:50:00+00:00,33,1,2770,16322.0,16322.0,16319.25,16319.5,130,NQ.v.0
2021-11-17 08:51:00+00:00,33,1,2770,16319.25,16320.5,16318.25,16319.0,155,NQ.v.0
2021-11-17 08:52:00+00:00,33,1,2770,16318.75,16320.25,16318.75,16319.5,33,NQ.v.0
2021-11-17 08:53:00+00:00,33,1,2770,16319.75,16320.5,16318.75,16318.75,44,NQ.v.0
2021-11-17 08:54:00+00:00,33,1,2770,16318.5,16320.75,16318.5,16319.5,63,NQ.v.0
2021-11-17 08:55:00+00:00,33,1,2770,16319.25,16319.25,16318.75,16318.75,16,NQ.v.0
2021-11-17 08:56:00+00:00,33,1,2770,16318.75,16320.0,16317.75,16319.75,43,NQ.v.0
2021-11-17 08:57:00+00:00,33,1,2770,16319.5,16321.75,16319.0,16320.5,52,NQ.v.0
2021-11-17 08:58:00+00:00,33,1,2770,16320.75,16321.25,16320.0,16320.25,34,NQ.v.0
2021-11-17 08:59:00+00:00,33,1,2770,16320.25,16320.75,16319.75,16320.75,16,NQ.v.0
2021-11-17 09:00:00+00:00,33,1,2770,16321.25,16322.0,16316.5,16319.75,150,NQ.v.0
2021-11-17 09:01:00+00:00,33,1,2770,16319.5,16320.25,16318.5,16320.0,31,NQ.v.0
2021-11-17 09:02:00+00:00,33,1,2770,16319.75,16321.75,16319.25,16320.75,81,NQ.v.0
2021-11-17 09:03:00+00:00,33,1,2770,16320.5,16323.75,16320.5,16323.25,127,NQ.v.0
2021-11-17 09:04:00+00:00,33,1,2770,16323.0,16324.75,16322.25,16324.5,48,NQ.v.0
2021-11-17 09:05:00+00:00,33,1,2770,16324.0,16326.25,16324.0,16324.75,62,NQ.v.0
2021-11-17 09:06:00+00:00,33,1,2770,16324.5,16325.0,16322.75,16324.5,75,NQ.v.0
2021-11-17 09:07:00+00:00,33,1,2770,16323.75,16323.75,16321.5,16322.25,49,NQ.v.0
2021-11-17 09:08:00+00:00,33,1,2770,16322.5,16324.0,16322.25,16323.0,32,NQ.v.0
2021-11-17 09:09:00+00:00,33,1,2770,16323.0,16323.25,16321.75,16322.5,42,NQ.v.0
2021-11-17 09:10:00+00:00,33,1,2770,16322.5,16323.0,16320.75,16320.75,49,NQ.v.0
2021-11-17 09:11:00+00:00,33,1,2770,16321.0,16321.75,16320.0,16321.75,64,NQ.v.0
2021-11-17 09:12:00+00:00,33,1,2770,16322.75,16323.5,16320.5,16320.5,40,NQ.v.0
2021-11-17 09:13:00+00:00,33,1,2770,16320.5,16320.5,16319.0,16319.5,56,NQ.v.0
2021-11-17 09:14:00+00:00,33,1,2770,16319.75,16321.75,16319.75,16319.75,32,NQ.v.0
2021-11-17 09:15:00+00:00,33,1,2770,16319.25,16319.75,16318.0,16318.5,50,NQ.v.0
2021-11-17 09:16:00+00:00,33,1,2770,16318.25,16319.0,16317.0,16318.75,50,NQ.v.0
2021-11-17 09:17:00+00:00,33,1,2770,16318.5,16319.25,16316.0,16318.75,111,NQ.v.0
2021-11-17 09:18:00+00:00,33,1,2770,16319.5,16320.0,16318.5,16320.0,35,NQ.v.0
2021-11-17 09:19:00+00:00,33,1,2770,16319.5,16320.75,16319.5,16320.75,23,NQ.v.0
2021-11-17 09:20:00+00:00,33,1,2770,16320.25,16320.25,16318.5,16319.5,45,NQ.v.0
2021-11-17 09:21:00+00:00,33,1,2770,16319.5,16324.0,16319.5,16323.25,187,NQ.v.0
2021-11-17 09:22:00+00:00,33,1,2770,16323.25,16323.5,16322.5,16323.25,60,NQ.v.0
2021-11-17 09:23:00+00:00,33,1,2770,16323.0,16325.0,16322.75,16324.0,87,NQ.v.0
2021-11-17 09:24:00+00:00,33,1,2770,16324.0,16324.5,16323.25,16324.0,28,NQ.v.0
2021-11-17 09:25:00+00:00,33,1,2770,16324.5,16326.75,16323.5,16325.0,125,NQ.v.0
2021-11-17 09:26:00+00:00,33,1,2770,16325.0,16325.0,16324.25,16324.5,18,NQ.v.0
2021-11-17 09:27:00+00:00,33,1,2770,16324.5,16326.75,16324.25,16325.5,46,NQ.v.0
2021-11-17 09:28:00+00:00,33,1,2770,16325.0,16325.75,16324.5,16324.5,52,NQ.v.0
2021-11-17 09:29:00+00:00,33,1,2770,16324.75,16324.75,16323.75,16323.75,48,NQ.v.0
2021-11-17 09:30:00+00:00,33,1,2770,16324.0,16325.25,16322.0,16322.25,59,NQ.v.0
2021-11-17 09:31:00+00:00,33,1,2770,16322.0,16322.5,16321.25,16321.25,48,NQ.v.0
2021-11-17 09:32:00+00:00,33,1,2770,16321.25,16323.0,16321.25,16321.5,31,NQ.v.0
2021-11-17 09:33:00+00:00,33,1,2770,16321.75,16322.5,16320.5,16321.25,52,NQ.v.0
2021-11-17 09:34:00+00:00,33,1,2770,16321.25,16322.75,16321.0,16321.75,32,NQ.v.0
2021-11-17 09:35:00+00:00,33,1,2770,16321.5,16322.0,16320.25,16322.0,31,NQ.v.0
2021-11-17 09:36:00+00:00,33,1,2770,16322.0,16322.25,16321.0,16321.5,11,NQ.v.0
2021-11-17 09:37:00+00:00,33,1,2770,16321.75,16322.0,16318.5,16319.75,95,NQ.v.0
2021-11-17 09:38:00+00:00,33,1,2770,16319.75,16319.75,16316.0,16316.25,98,NQ.v.0
2021-11-17 09:39:00+00:00,33,1,2770,16316.25,16316.75,16315.5,16316.25,39,NQ.v.0
2021-11-17 09:40:00+00:00,33,1,2770,16315.75,16316.75,16315.25,16316.5,33,NQ.v.0
2021-11-17 09:41:00+00:00,33,1,2770,16316.5,16318.0,16315.5,16316.25,70,NQ.v.0
2021-11-17 09:42:00+00:00,33,1,2770,16316.25,16316.25,16313.0,16314.25,105,NQ.v.0
2021-11-17 09:43:00+00:00,33,1,2770,16315.0,16315.5,16314.0,16314.5,50,NQ.v.0
2021-11-17 09:44:00+00:00,33,1,2770,16314.75,16315.0,16313.0,16314.0,73,NQ.v.0
2021-11-17 09:45:00+00:00,33,1,2770,16314.0,16317.25,16313.5,16316.25,95,NQ.v.0
2021-11-17 09:46:00+00:00,33,1,2770,16316.25,16317.5,16316.25,16316.5,43,NQ.v.0
2021-11-17 09:47:00+00:00,33,1,2770,16316.5,16319.0,16316.5,16318.0,48,NQ.v.0
2021-11-17 09:48:00+00:00,33,1,2770,16317.5,16318.75,16317.0,16318.75,44,NQ.v.0
2021-11-17 09:49:00+00:00,33,1,2770,16317.75,16317.75,16315.5,16316.0,37,NQ.v.0
2021-11-17 09:50:00+00:00,33,1,2770,16316.0,16316.0,16314.75,16315.5,41,NQ.v.0
2021-11-17 09:51:00+00:00,33,1,2770,16316.0,16316.0,16314.75,16315.25,29,NQ.v.0
2021-11-17 09:52:00+00:00,33,1,2770,16315.25,16315.25,16313.75,16315.0,74,NQ.v.0
2021-11-17 09:53:00+00:00,33,1,2770,16314.5,16315.75,16314.25,16314.25,42,NQ.v.0
2021-11-17 09:54:00+00:00,33,1,2770,16313.75,16315.0,16313.75,16314.75,18,NQ.v.0
2021-11-17 09:55:00+00:00,33,1,2770,16315.25,16316.75,16315.25,16316.5,28,NQ.v.0
2021-11-17 09:56:00+00:00,33,1,2770,16316.25,16316.5,16315.75,16316.0,17,NQ.v.0
2021-11-17 09:57:00+00:00,33,1,2770,16315.5,16316.25,16315.0,16315.25,15,NQ.v.0
2021-11-17 09:58:00+00:00,33,1,2770,16315.0,16315.75,16314.5,16315.75,28,NQ.v.0
2021-11-17 09:59:00+00:00,33,1,2770,16315.25,16315.25,16313.0,16313.5,64,NQ.v.0
2021-11-17 10:00:00+00:00,33,1,2770,16313.5,16318.0,16313.5,16317.5,62,NQ.v.0
2021-11-17 10:01:00+00:00,33,1,2770,16317.5,16318.5,16317.25,16317.75,74,NQ.v.0
2021-11-17 10:02:00+00:00,33,1,2770,16318.0,16320.5,16318.0,16319.25,83,NQ.v.0
2021-11-17 10:03:00+00:00,33,1,2770,16319.25,16319.75,16318.0,16319.5,75,NQ.v.0
2021-11-17 10:04:00+00:00,33,1,2770,16319.5,16319.5,16317.25,16317.75,26,NQ.v.0
2021-11-17 10:05:00+00:00,33,1,2770,16318.0,16319.0,16317.0,16318.0,92,NQ.v.0
2021-11-17 10:06:00+00:00,33,1,2770,16318.25,16319.0,16316.5,16317.0,62,NQ.v.0
2021-11-17 10:07:00+00:00,33,1,2770,16316.5,16316.5,16315.5,16315.75,27,NQ.v.0
2021-11-17 10:08:00+00:00,33,1,2770,16315.75,16316.5,16314.25,16314.25,55,NQ.v.0
2021-11-17 10:09:00+00:00,33,1,2770,16314.5,16315.0,16311.0,16311.0,80,NQ.v.0
2021-11-17 10:10:00+00:00,33,1,2770,16311.25,16311.25,16307.0,16310.25,246,NQ.v.0
2021-11-17 10:11:00+00:00,33,1,2770,16310.25,16312.75,16309.75,16312.5,87,NQ.v.0
2021-11-17 10:12:00+00:00,33,1,2770,16312.0,16312.5,16310.25,16310.75,86,NQ.v.0
2021-11-17 10:13:00+00:00,33,1,2770,16310.75,16314.0,16310.75,16313.5,38,NQ.v.0
2021-11-17 10:14:00+00:00,33,1,2770,16313.75,16313.75,16312.0,16312.0,39,NQ.v.0
2021-11-17 10:15:00+00:00,33,1,2770,16312.25,16313.0,16312.0,16312.0,25,NQ.v.0
2021-11-17 10:16:00+00:00,33,1,2770,16312.5,16313.0,16311.75,16312.0,23,NQ.v.0
2021-11-17 10:17:00+00:00,33,1,2770,16312.25,16312.5,16311.25,16312.0,17,NQ.v.0
2021-11-17 10:18:00+00:00,33,1,2770,16311.5,16313.25,16310.75,16312.75,75,NQ.v.0
2021-11-17 10:19:00+00:00,33,1,2770,16313.0,16313.75,16312.75,16312.75,51,NQ.v.0
2021-11-17 10:20:00+00:00,33,1,2770,16312.25,16313.0,16311.0,16311.5,52,NQ.v.0
2021-11-17 10:21:00+00:00,33,1,2770,16311.75,16312.5,16308.0,16308.0,110,NQ.v.0
2021-11-17 10:22:00+00:00,33,1,2770,16308.0,16309.25,16306.0,16306.0,138,NQ.v.0
2021-11-17 10:23:00+00:00,33,1,2770,16305.75,16307.25,16305.75,16306.75,54,NQ.v.0
2021-11-17 10:24:00+00:00,33,1,2770,16307.0,16307.75,16303.5,16303.75,121,NQ.v.0
2021-11-17 10:25:00+00:00,33,1,2770,16303.5,16306.5,16303.5,16306.25,137,NQ.v.0
2021-11-17 10:26:00+00:00,33,1,2770,16306.25,16307.25,16305.5,16307.25,17,NQ.v.0
2021-11-17 10:27:00+00:00,33,1,2770,16307.0,16307.5,16306.5,16307.5,24,NQ.v.0
2021-11-17 10:28:00+00:00,33,1,2770,16307.0,16307.5,16305.0,16305.25,42,NQ.v.0
2021-11-17 10:29:00+00:00,33,1,2770,16305.5,16308.75,16305.5,16307.5,70,NQ.v.0
2021-11-17 10:30:00+00:00,33,1,2770,16307.5,16307.75,16306.75,16307.25,21,NQ.v.0
2021-11-17 10:31:00+00:00,33,1,2770,16307.5,16307.75,16305.75,16306.0,30,NQ.v.0
2021-11-17 10:32:00+00:00,33,1,2770,16306.75,16308.5,16306.25,16308.0,31,NQ.v.0
2021-11-17 10:33:00+00:00,33,1,2770,16308.25,16308.75,16307.75,16308.75,17,NQ.v.0
2021-11-17 10:34:00+00:00,33,1,2770,16308.5,16308.75,16308.25,16308.75,5,NQ.v.0
2021-11-17 10:35:00+00:00,33,1,2770,16309.0,16309.75,16309.0,16309.25,28,NQ.v.0
2021-11-17 10:36:00+00:00,33,1,2770,16309.25,16309.75,16309.0,16309.25,13,NQ.v.0
2021-11-17 10:37:00+00:00,33,1,2770,16309.5,16310.0,16309.25,16310.0,15,NQ.v.0
2021-11-17 10:38:00+00:00,33,1,2770,16310.0,16310.0,16308.0,16308.75,24,NQ.v.0
2021-11-17 10:39:00+00:00,33,1,2770,16308.75,16309.0,16307.75,16308.25,24,NQ.v.0
2021-11-17 10:40:00+00:00,33,1,2770,16307.5,16310.0,16307.25,16309.75,62,NQ.v.0
2021-11-17 10:41:00+00:00,33,1,2770,16309.25,16311.25,16309.25,16310.5,44,NQ.v.0
2021-11-17 10:42:00+00:00,33,1,2770,16310.5,16313.0,16310.25,16312.0,71,NQ.v.0
2021-11-17 10:43:00+00:00,33,1,2770,16312.0,16313.75,16312.0,16313.75,41,NQ.v.0
2021-11-17 10:44:00+00:00,33,1,2770,16313.5,16315.75,16313.5,16315.25,103,NQ.v.0
2021-11-17 10:45:00+00:00,33,1,2770,16315.75,16316.5,16314.25,16315.5,84,NQ.v.0
2021-11-17 10:46:00+00:00,33,1,2770,16315.25,16316.25,16315.25,16315.75,30,NQ.v.0
2021-11-17 10:47:00+00:00,33,1,2770,16315.75,16316.0,16315.5,16315.5,21,NQ.v.0
2021-11-17 10:48:00+00:00,33,1,2770,16315.25,16315.25,16313.75,16313.75,17,NQ.v.0
2021-11-17 10:49:00+00:00,33,1,2770,16313.75,16314.75,16313.75,16314.75,18,NQ.v.0
2021-11-17 10:50:00+00:00,33,1,2770,16314.25,16315.5,16314.25,16315.5,21,NQ.v.0
2021-11-17 10:51:00+00:00,33,1,2770,16315.5,16315.75,16315.25,16315.75,19,NQ.v.0
2021-11-17 10:52:00+00:00,33,1,2770,16316.0,16316.5,16314.25,16314.5,40,NQ.v.0
2021-11-17 10:53:00+00:00,33,1,2770,16314.75,16314.75,16310.25,16311.5,107,NQ.v.0
2021-11-17 10:54:00+00:00,33,1,2770,16311.25,16311.75,16310.25,16311.0,69,NQ.v.0
2021-11-17 10:55:00+00:00,33,1,2770,16310.75,16312.75,16310.75,16311.5,21,NQ.v.0
2021-11-17 10:56:00+00:00,33,1,2770,16311.75,16312.0,16310.75,16310.75,28,NQ.v.0
2021-11-17 10:57:00+00:00,33,1,2770,16310.5,16312.0,16310.25,16312.0,21,NQ.v.0
2021-11-17 10:58:00+00:00,33,1,2770,16312.25,16313.25,16311.0,16313.25,36,NQ.v.0
2021-11-17 10:59:00+00:00,33,1,2770,16313.0,16314.0,16313.0,16314.0,35,NQ.v.0
2021-11-17 11:00:00+00:00,33,1,2770,16314.25,16314.5,16312.25,16312.75,37,NQ.v.0
2021-11-17 11:01:00+00:00,33,1,2770,16313.0,16314.0,16312.25,16312.5,38,NQ.v.0
2021-11-17 11:02:00+00:00,33,1,2770,16312.5,16312.5,16310.5,16311.25,42,NQ.v.0
2021-11-17 11:03:00+00:00,33,1,2770,16311.25,16311.5,16309.25,16310.75,77,NQ.v.0
2021-11-17 11:04:00+00:00,33,1,2770,16310.75,16310.75,16307.0,16308.25,77,NQ.v.0
2021-11-17 11:05:00+00:00,33,1,2770,16308.0,16310.0,16308.0,16309.25,51,NQ.v.0
2021-11-17 11:06:00+00:00,33,1,2770,16308.75,16310.25,16308.75,16310.0,29,NQ.v.0
2021-11-17 11:07:00+00:00,33,1,2770,16309.75,16311.5,16309.5,16311.5,42,NQ.v.0
2021-11-17 11:08:00+00:00,33,1,2770,16312.5,16313.5,16312.5,16313.0,40,NQ.v.0
2021-11-17 11:09:00+00:00,33,1,2770,16313.25,16315.0,16312.75,16314.5,57,NQ.v.0
2021-11-17 11:10:00+00:00,33,1,2770,16315.0,16316.0,16314.5,16315.0,32,NQ.v.0
2021-11-17 11:11:00+00:00,33,1,2770,16315.5,16315.75,16314.25,16314.75,36,NQ.v.0
2021-11-17 11:12:00+00:00,33,1,2770,16315.0,16315.5,16314.0,16314.25,59,NQ.v.0
2021-11-17 11:13:00+00:00,33,1,2770,16314.25,16314.75,16312.25,16313.0,47,NQ.v.0
2021-11-17 11:14:00+00:00,33,1,2770,16313.5,16314.0,16312.25,16312.75,22,NQ.v.0
2021-11-17 11:15:00+00:00,33,1,2770,16312.75,16313.25,16312.0,16312.0,19,NQ.v.0
2021-11-17 11:16:00+00:00,33,1,2770,16312.5,16312.5,16309.0,16309.75,33,NQ.v.0
2021-11-17 11:17:00+00:00,33,1,2770,16310.0,16312.0,16309.75,16312.0,56,NQ.v.0
2021-11-17 11:18:00+00:00,33,1,2770,16312.25,16312.5,16312.0,16312.5,20,NQ.v.0
2021-11-17 11:19:00+00:00,33,1,2770,16313.25,16314.0,16312.5,16313.0,28,NQ.v.0
2021-11-17 11:20:00+00:00,33,1,2770,16312.5,16313.0,16312.25,16312.5,12,NQ.v.0
2021-11-17 11:21:00+00:00,33,1,2770,16313.0,16313.5,16312.5,16313.0,21,NQ.v.0
2021-11-17 11:22:00+00:00,33,1,2770,16313.0,16315.25,16313.0,16315.0,26,NQ.v.0
2021-11-17 11:23:00+00:00,33,1,2770,16315.0,16315.5,16313.5,16313.75,31,NQ.v.0
2021-11-17 11:24:00+00:00,33,1,2770,16313.75,16315.0,16313.0,16315.0,59,NQ.v.0
2021-11-17 11:25:00+00:00,33,1,2770,16315.0,16317.0,16314.75,16317.0,61,NQ.v.0
2021-11-17 11:26:00+00:00,33,1,2770,16317.25,16318.5,16316.75,16317.25,59,NQ.v.0
2021-11-17 11:27:00+00:00,33,1,2770,16317.0,16319.0,16317.0,16319.0,54,NQ.v.0
2021-11-17 11:28:00+00:00,33,1,2770,16319.25,16320.25,16319.25,16320.25,57,NQ.v.0
2021-11-17 11:29:00+00:00,33,1,2770,16319.75,16320.0,16318.75,16319.5,35,NQ.v.0
2021-11-17 11:30:00+00:00,33,1,2770,16319.0,16321.0,16319.0,16320.25,47,NQ.v.0
2021-11-17 11:31:00+00:00,33,1,2770,16320.25,16321.5,16320.25,16321.0,45,NQ.v.0
2021-11-17 11:32:00+00:00,33,1,2770,16321.25,16323.25,16321.25,16323.25,118,NQ.v.0
2021-11-17 11:33:00+00:00,33,1,2770,16322.75,16322.75,16320.25,16320.5,56,NQ.v.0
2021-11-17 11:34:00+00:00,33,1,2770,16320.75,16321.0,16320.25,16321.0,24,NQ.v.0
2021-11-17 11:35:00+00:00,33,1,2770,16320.75,16323.25,16320.5,16323.25,44,NQ.v.0
2021-11-17 11:36:00+00:00,33,1,2770,16323.25,16323.25,16320.0,16320.75,68,NQ.v.0
2021-11-17 11:37:00+00:00,33,1,2770,16320.5,16320.5,16319.5,16319.75,31,NQ.v.0
2021-11-17 11:38:00+00:00,33,1,2770,16319.5,16320.25,16319.25,16319.75,37,NQ.v.0
2021-11-17 11:39:00+00:00,33,1,2770,16320.0,16320.5,16318.75,16319.25,36,NQ.v.0
2021-11-17 11:40:00+00:00,33,1,2770,16319.25,16319.75,16319.25,16319.25,11,NQ.v.0
2021-11-17 11:41:00+00:00,33,1,2770,16318.75,16319.75,16318.5,16318.75,24,NQ.v.0
2021-11-17 11:42:00+00:00,33,1,2770,16319.25,16319.25,16317.0,16317.5,52,NQ.v.0
2021-11-17 11:43:00+00:00,33,1,2770,16317.5,16317.75,16317.0,16317.0,38,NQ.v.0
2021-11-17 11:44:00+00:00,33,1,2770,16316.75,16317.25,16315.75,16316.5,42,NQ.v.0
2021-11-17 11:45:00+00:00,33,1,2770,16316.25,16318.0,16316.0,16318.0,26,NQ.v.0
2021-11-17 11:46:00+00:00,33,1,2770,16317.5,16318.25,16317.0,16317.75,14,NQ.v.0
2021-11-17 11:47:00+00:00,33,1,2770,16317.5,16318.0,16317.5,16317.75,13,NQ.v.0
2021-11-17 11:48:00+00:00,33,1,2770,16317.5,16317.5,16316.0,16316.0,36,NQ.v.0
2021-11-17 11:49:00+00:00,33,1,2770,16316.25,16316.25,16313.25,16315.0,140,NQ.v.0
2021-11-17 11:50:00+00:00,33,1,2770,16315.25,16315.5,16314.5,16315.25,26,NQ.v.0
2021-11-17 11:51:00+00:00,33,1,2770,16315.0,16315.0,16312.75,16314.5,54,NQ.v.0
2021-11-17 11:52:00+00:00,33,1,2770,16314.25,16315.0,16313.75,16314.75,14,NQ.v.0
2021-11-17 11:53:00+00:00,33,1,2770,16314.75,16316.0,16313.25,16314.25,55,NQ.v.0
2021-11-17 11:54:00+00:00,33,1,2770,16314.5,16318.0,16314.5,16317.0,74,NQ.v.0
2021-11-17 11:55:00+00:00,33,1,2770,16317.0,16317.0,16315.25,16315.75,26,NQ.v.0
2021-11-17 11:56:00+00:00,33,1,2770,16315.75,16317.0,16313.75,16316.75,153,NQ.v.0
2021-11-17 11:57:00+00:00,33,1,2770,16317.0,16321.25,16317.0,16320.25,144,NQ.v.0
2021-11-17 11:58:00+00:00,33,1,2770,16320.5,16321.5,16320.5,16321.0,37,NQ.v.0
2021-11-17 11:59:00+00:00,33,1,2770,16320.75,16321.25,16320.75,16321.0,23,NQ.v.0
2021-11-17 12:00:00+00:00,33,1,2770,16321.25,16325.0,16321.25,16324.0,195,NQ.v.0
2021-11-17 12:01:00+00:00,33,1,2770,16324.0,16326.5,16322.0,16325.0,220,NQ.v.0
2021-11-17 12:02:00+00:00,33,1,2770,16325.25,16325.25,16323.25,16324.0,70,NQ.v.0
2021-11-17 12:03:00+00:00,33,1,2770,16324.25,16328.25,16323.5,16327.75,101,NQ.v.0
2021-11-17 12:04:00+00:00,33,1,2770,16327.75,16330.0,16327.0,16327.25,241,NQ.v.0
2021-11-17 12:05:00+00:00,33,1,2770,16327.25,16328.0,16326.0,16326.0,75,NQ.v.0
2021-11-17 12:06:00+00:00,33,1,2770,16326.0,16327.25,16326.0,16327.25,58,NQ.v.0
2021-11-17 12:07:00+00:00,33,1,2770,16327.5,16328.5,16327.0,16327.25,63,NQ.v.0
2021-11-17 12:08:00+00:00,33,1,2770,16327.25,16329.25,16327.0,16328.0,73,NQ.v.0
2021-11-17 12:09:00+00:00,33,1,2770,16328.5,16329.0,16324.0,16326.75,191,NQ.v.0
2021-11-17 12:10:00+00:00,33,1,2770,16327.25,16327.25,16324.0,16324.5,56,NQ.v.0
2021-11-17 12:11:00+00:00,33,1,2770,16324.0,16324.75,16323.0,16323.25,51,NQ.v.0
2021-11-17 12:12:00+00:00,33,1,2770,16323.75,16324.75,16323.75,16324.0,15,NQ.v.0
2021-11-17 12:13:00+00:00,33,1,2770,16324.25,16325.5,16324.25,16325.0,27,NQ.v.0
2021-11-17 12:14:00+00:00,33,1,2770,16325.0,16325.25,16323.25,16323.75,80,NQ.v.0
2021-11-17 12:15:00+00:00,33,1,2770,16323.75,16324.5,16319.75,16320.5,206,NQ.v.0
2021-11-17 12:16:00+00:00,33,1,2770,16320.5,16321.0,16319.0,16320.0,117,NQ.v.0
2021-11-17 12:17:00+00:00,33,1,2770,16319.75,16321.5,16319.0,16321.0,77,NQ.v.0
2021-11-17 12:18:00+00:00,33,1,2770,16321.5,16323.75,16321.5,16322.5,38,NQ.v.0
2021-11-17 12:19:00+00:00,33,1,2770,16323.0,16325.25,16323.0,16323.75,96,NQ.v.0
2021-11-17 12:20:00+00:00,33,1,2770,16323.75,16325.0,16323.25,16324.25,61,NQ.v.0
2021-11-17 12:21:00+00:00,33,1,2770,16324.75,16325.75,16322.0,16322.25,89,NQ.v.0
2021-11-17 12:22:00+00:00,33,1,2770,16322.75,16324.75,16322.25,16324.75,47,NQ.v.0
2021-11-17 12:23:00+00:00,33,1,2770,16324.75,16326.5,16324.5,16326.25,49,NQ.v.0
2021-11-17 12:24:00+00:00,33,1,2770,16326.25,16327.0,16326.25,16326.75,30,NQ.v.0
2021-11-17 12:25:00+00:00,33,1,2770,16326.5,16327.25,16323.75,16324.25,70,NQ.v.0
2021-11-17 12:26:00+00:00,33,1,2770,16324.25,16325.5,16323.75,16324.5,62,NQ.v.0
2021-11-17 12:27:00+00:00,33,1,2770,16324.25,16324.75,16324.0,16324.75,21,NQ.v.0
2021-11-17 12:28:00+00:00,33,1,2770,16324.0,16326.0,16323.0,16325.75,62,NQ.v.0
2021-11-17 12:29:00+00:00,33,1,2770,16325.75,16326.75,16325.25,16326.25,63,NQ.v.0
2021-11-17 12:30:00+00:00,33,1,2770,16326.0,16327.0,16325.75,16326.0,67,NQ.v.0
2021-11-17 12:31:00+00:00,33,1,2770,16326.0,16326.5,16325.75,16326.0,29,NQ.v.0
2021-11-17 12:32:00+00:00,33,1,2770,16326.0,16326.25,16325.25,16326.0,39,NQ.v.0
2021-11-17 12:33:00+00:00,33,1,2770,16325.5,16326.5,16325.5,16326.0,30,NQ.v.0
2021-11-17 12:34:00+00:00,33,1,2770,16325.75,16326.5,16325.5,16326.25,29,NQ.v.0
2021-11-17 12:35:00+00:00,33,1,2770,16326.25,16327.25,16326.25,16327.0,35,NQ.v.0
2021-11-17 12:36:00+00:00,33,1,2770,16326.5,16328.0,16325.75,16325.75,45,NQ.v.0
2021-11-17 12:37:00+00:00,33,1,2770,16325.5,16325.75,16323.25,16324.5,71,NQ.v.0
2021-11-17 12:38:00+00:00,33,1,2770,16324.0,16324.5,16323.25,16324.5,41,NQ.v.0
2021-11-17 12:39:00+00:00,33,1,2770,16324.25,16326.0,16323.5,16325.5,47,NQ.v.0
2021-11-17 12:40:00+00:00,33,1,2770,16326.0,16326.25,16325.0,16325.75,35,NQ.v.0
2021-11-17 12:41:00+00:00,33,1,2770,16326.25,16326.5,16324.75,16326.5,52,NQ.v.0
2021-11-17 12:42:00+00:00,33,1,2770,16326.75,16327.75,16326.0,16326.5,60,NQ.v.0
2021-11-17 12:43:00+00:00,33,1,2770,16327.0,16327.0,16326.0,16326.5,40,NQ.v.0
2021-11-17 12:44:00+00:00,33,1,2770,16326.5,16326.5,16324.75,16325.0,88,NQ.v.0
2021-11-17 12:45:00+00:00,33,1,2770,16325.25,16326.25,16325.0,16325.5,52,NQ.v.0
2021-11-17 12:46:00+00:00,33,1,2770,16325.75,16326.25,16325.5,16326.0,26,NQ.v.0
2021-11-17 12:47:00+00:00,33,1,2770,16326.0,16326.25,16324.5,16325.0,29,NQ.v.0
2021-11-17 12:48:00+00:00,33,1,2770,16324.75,16325.25,16323.0,16323.5,72,NQ.v.0
2021-11-17 12:49:00+00:00,33,1,2770,16323.5,16325.25,16322.25,16322.5,91,NQ.v.0
2021-11-17 12:50:00+00:00,33,1,2770,16323.0,16323.0,16320.75,16321.0,112,NQ.v.0
2021-11-17 12:51:00+00:00,33,1,2770,16321.0,16322.25,16320.75,16321.75,46,NQ.v.0
2021-11-17 12:52:00+00:00,33,1,2770,16321.75,16321.75,16321.0,16321.0,36,NQ.v.0
2021-11-17 12:53:00+00:00,33,1,2770,16321.25,16321.75,16318.5,16318.75,65,NQ.v.0
2021-11-17 12:54:00+00:00,33,1,2770,16318.75,16319.25,16317.0,16317.75,163,NQ.v.0
2021-11-17 12:55:00+00:00,33,1,2770,16317.75,16318.0,16315.5,16316.5,143,NQ.v.0
2021-11-17 12:56:00+00:00,33,1,2770,16317.0,16318.0,16316.5,16317.75,57,NQ.v.0
2021-11-17 12:57:00+00:00,33,1,2770,16317.5,16318.25,16314.25,16314.25,174,NQ.v.0
2021-11-17 12:58:00+00:00,33,1,2770,16314.5,16316.0,16313.5,16316.0,113,NQ.v.0
2021-11-17 12:59:00+00:00,33,1,2770,16316.0,16316.5,16315.75,16316.5,30,NQ.v.0
2021-11-17 13:00:00+00:00,33,1,2770,16316.5,16316.75,16313.75,16316.75,150,NQ.v.0
2021-11-17 13:01:00+00:00,33,1,2770,16316.75,16317.25,16314.25,16315.75,95,NQ.v.0
2021-11-17 13:02:00+00:00,33,1,2770,16316.0,16316.0,16315.0,16315.25,63,NQ.v.0
2021-11-17 13:03:00+00:00,33,1,2770,16315.25,16315.25,16311.25,16312.75,200,NQ.v.0
2021-11-17 13:04:00+00:00,33,1,2770,16312.75,16313.25,16306.75,16306.75,339,NQ.v.0
2021-11-17 13:05:00+00:00,33,1,2770,16307.25,16308.75,16302.5,16304.75,605,NQ.v.0
2021-11-17 13:06:00+00:00,33,1,2770,16304.5,16307.0,16304.5,16306.0,123,NQ.v.0
2021-11-17 13:07:00+00:00,33,1,2770,16305.75,16308.75,16305.75,16308.75,180,NQ.v.0
2021-11-17 13:08:00+00:00,33,1,2770,16308.5,16309.25,16306.75,16308.0,77,NQ.v.0
2021-11-17 13:09:00+00:00,33,1,2770,16308.0,16308.25,16305.0,16305.75,126,NQ.v.0
2021-11-17 13:10:00+00:00,33,1,2770,16305.5,16308.75,16303.25,16306.75,218,NQ.v.0
2021-11-17 13:11:00+00:00,33,1,2770,16307.0,16307.75,16304.5,16305.0,99,NQ.v.0
2021-11-17 13:12:00+00:00,33,1,2770,16304.75,16304.75,16299.0,16300.0,367,NQ.v.0
2021-11-17 13:13:00+00:00,33,1,2770,16299.75,16300.25,16290.5,16295.0,784,NQ.v.0
2021-11-17 13:14:00+00:00,33,1,2770,16295.25,16296.75,16293.5,16294.5,234,NQ.v.0
2021-11-17 13:15:00+00:00,33,1,2770,16294.25,16296.5,16290.25,16292.25,232,NQ.v.0
2021-11-17 13:16:00+00:00,33,1,2770,16292.25,16296.5,16291.5,16295.75,216,NQ.v.0
2021-11-17 13:17:00+00:00,33,1,2770,16295.25,16299.0,16295.25,16299.0,263,NQ.v.0
2021-11-17 13:18:00+00:00,33,1,2770,16299.25,16299.5,16296.75,16298.25,133,NQ.v.0
2021-11-17 13:19:00+00:00,33,1,2770,16298.25,16299.25,16297.5,16299.25,109,NQ.v.0
2021-11-17 13:20:00+00:00,33,1,2770,16299.5,16303.75,16298.0,16303.75,394,NQ.v.0
2021-11-17 13:21:00+00:00,33,1,2770,16303.25,16305.75,16302.75,16305.0,251,NQ.v.0
2021-11-17 13:22:00+00:00,33,1,2770,16305.0,16306.75,16304.5,16306.5,214,NQ.v.0
2021-11-17 13:23:00+00:00,33,1,2770,16306.5,16307.75,16305.75,16306.75,153,NQ.v.0
2021-11-17 13:24:00+00:00,33,1,2770,16306.5,16307.0,16304.25,16305.0,150,NQ.v.0
2021-11-17 13:25:00+00:00,33,1,2770,16305.0,16305.25,16304.0,16304.25,121,NQ.v.0
2021-11-17 13:26:00+00:00,33,1,2770,16304.25,16306.25,16304.25,16306.25,68,NQ.v.0
2021-11-17 13:27:00+00:00,33,1,2770,16306.0,16308.5,16306.0,16307.5,137,NQ.v.0
2021-11-17 13:28:00+00:00,33,1,2770,16307.5,16309.0,16306.5,16307.25,194,NQ.v.0
2021-11-17 13:29:00+00:00,33,1,2770,16307.5,16309.0,16307.0,16308.0,103,NQ.v.0
2021-11-17 13:30:00+00:00,33,1,2770,16307.75,16309.0,16307.25,16309.0,107,NQ.v.0
2021-11-17 13:31:00+00:00,33,1,2770,16308.25,16312.5,16308.25,16310.75,339,NQ.v.0
2021-11-17 13:32:00+00:00,33,1,2770,16310.75,16313.0,16310.75,16312.5,150,NQ.v.0
2021-11-17 13:33:00+00:00,33,1,2770,16312.75,16313.75,16310.75,16311.0,181,NQ.v.0
2021-11-17 13:34:00+00:00,33,1,2770,16311.0,16311.0,16308.0,16309.5,215,NQ.v.0
2021-11-17 13:35:00+00:00,33,1,2770,16309.75,16312.5,16309.5,16309.75,158,NQ.v.0
2021-11-17 13:36:00+00:00,33,1,2770,16309.75,16312.0,16307.75,16310.5,112,NQ.v.0
2021-11-17 13:37:00+00:00,33,1,2770,16310.0,16311.5,16309.75,16311.5,94,NQ.v.0
2021-11-17 13:38:00+00:00,33,1,2770,16311.25,16311.75,16310.0,16310.25,71,NQ.v.0
2021-11-17 13:39:00+00:00,33,1,2770,16310.0,16310.5,16308.5,16309.5,80,NQ.v.0
2021-11-17 13:40:00+00:00,33,1,2770,16309.0,16312.0,16308.0,16311.25,114,NQ.v.0
2021-11-17 13:41:00+00:00,33,1,2770,16310.75,16311.25,16308.75,16308.75,75,NQ.v.0
2021-11-17 13:42:00+00:00,33,1,2770,16308.75,16311.25,16308.5,16309.5,91,NQ.v.0
2021-11-17 13:43:00+00:00,33,1,2770,16308.5,16308.75,16307.75,16308.5,64,NQ.v.0
2021-11-17 13:44:00+00:00,33,1,2770,16308.25,16308.25,16306.25,16307.0,161,NQ.v.0
2021-11-17 13:45:00+00:00,33,1,2770,16307.0,16308.25,16305.25,16305.5,139,NQ.v.0
2021-11-17 13:46:00+00:00,33,1,2770,16305.75,16306.75,16304.75,16305.25,98,NQ.v.0
2021-11-17 13:47:00+00:00,33,1,2770,16305.25,16308.25,16305.25,16307.25,155,NQ.v.0
2021-11-17 13:48:00+00:00,33,1,2770,16307.75,16312.0,16307.75,16310.5,247,NQ.v.0
2021-11-17 13:49:00+00:00,33,1,2770,16310.75,16310.75,16307.75,16309.25,91,NQ.v.0
2021-11-17 13:50:00+00:00,33,1,2770,16309.25,16310.0,16308.75,16309.0,55,NQ.v.0
2021-11-17 13:51:00+00:00,33,1,2770,16309.0,16309.75,16307.0,16309.75,75,NQ.v.0
2021-11-17 13:52:00+00:00,33,1,2770,16309.75,16311.75,16309.25,16310.0,135,NQ.v.0
2021-11-17 13:53:00+00:00,33,1,2770,16310.25,16310.25,16308.5,16309.75,79,NQ.v.0
2021-11-17 13:54:00+00:00,33,1,2770,16309.75,16310.0,16308.0,16308.5,43,NQ.v.0
2021-11-17 13:55:00+00:00,33,1,2770,16308.25,16310.75,16307.75,16310.25,71,NQ.v.0
2021-11-17 13:56:00+00:00,33,1,2770,16310.75,16311.75,16310.0,16311.25,142,NQ.v.0
2021-11-17 13:57:00+00:00,33,1,2770,16311.25,16311.5,16309.5,16309.75,83,NQ.v.0
2021-11-17 13:58:00+00:00,33,1,2770,16309.5,16311.75,16309.5,16311.25,68,NQ.v.0
2021-11-17 13:59:00+00:00,33,1,2770,16311.0,16311.5,16309.0,16309.25,74,NQ.v.0
2021-11-17 14:00:00+00:00,33,1,2770,16309.5,16310.0,16307.75,16309.0,163,NQ.v.0
2021-11-17 14:01:00+00:00,33,1,2770,16308.75,16309.25,16305.25,16306.25,233,NQ.v.0
2021-11-17 14:02:00+00:00,33,1,2770,16306.25,16308.5,16306.0,16308.0,104,NQ.v.0
2021-11-17 14:03:00+00:00,33,1,2770,16308.0,16308.25,16305.0,16305.0,172,NQ.v.0
2021-11-17 14:04:00+00:00,33,1,2770,16304.75,16306.0,16303.0,16304.75,235,NQ.v.0
2021-11-17 14:05:00+00:00,33,1,2770,16304.25,16307.5,16303.5,16305.5,184,NQ.v.0
2021-11-17 14:06:00+00:00,33,1,2770,16305.5,16305.5,16301.5,16302.25,233,NQ.v.0
2021-11-17 14:07:00+00:00,33,1,2770,16302.0,16305.5,16301.5,16304.25,158,NQ.v.0
2021-11-17 14:08:00+00:00,33,1,2770,16304.25,16304.5,16302.5,16303.5,105,NQ.v.0
2021-11-17 14:09:00+00:00,33,1,2770,16304.0,16304.25,16302.0,16303.0,71,NQ.v.0
2021-11-17 14:10:00+00:00,33,1,2770,16302.5,16303.75,16302.0,16303.0,65,NQ.v.0
2021-11-17 14:11:00+00:00,33,1,2770,16303.5,16306.25,16302.75,16304.75,173,NQ.v.0
2021-11-17 14:12:00+00:00,33,1,2770,16304.5,16307.5,16304.25,16307.0,136,NQ.v.0
2021-11-17 14:13:00+00:00,33,1,2770,16307.25,16307.75,16306.25,16307.0,107,NQ.v.0
2021-11-17 14:14:00+00:00,33,1,2770,16306.5,16307.25,16305.75,16307.25,104,NQ.v.0
2021-11-17 14:15:00+00:00,33,1,2770,16307.25,16309.5,16306.75,16309.5,286,NQ.v.0
2021-11-17 14:16:00+00:00,33,1,2770,16309.5,16309.75,16307.5,16309.25,118,NQ.v.0
2021-11-17 14:17:00+00:00,33,1,2770,16309.0,16310.0,16308.5,16309.0,141,NQ.v.0
2021-11-17 14:18:00+00:00,33,1,2770,16308.75,16311.0,16306.75,16307.0,361,NQ.v.0
2021-11-17 14:19:00+00:00,33,1,2770,16307.0,16308.0,16305.5,16307.5,136,NQ.v.0
2021-11-17 14:20:00+00:00,33,1,2770,16307.75,16309.5,16307.0,16309.0,174,NQ.v.0
2021-11-17 14:21:00+00:00,33,1,2770,16309.75,16311.25,16309.5,16311.0,139,NQ.v.0
2021-11-17 14:22:00+00:00,33,1,2770,16310.75,16312.5,16310.75,16311.25,198,NQ.v.0
2021-11-17 14:23:00+00:00,33,1,2770,16311.5,16313.25,16311.25,16312.75,171,NQ.v.0
2021-11-17 14:24:00+00:00,33,1,2770,16312.75,16316.0,16312.25,16314.0,365,NQ.v.0
2021-11-17 14:25:00+00:00,33,1,2770,16314.25,16314.25,16308.5,16311.5,534,NQ.v.0
2021-11-17 14:26:00+00:00,33,1,2770,16311.25,16312.0,16309.0,16311.25,205,NQ.v.0
2021-11-17 14:27:00+00:00,33,1,2770,16311.25,16312.0,16309.75,16310.25,215,NQ.v.0
2021-11-17 14:28:00+00:00,33,1,2770,16309.75,16312.0,16309.5,16312.0,252,NQ.v.0
2021-11-17 14:29:00+00:00,33,1,2770,16312.0,16315.25,16310.75,16314.5,366,NQ.v.0
2021-11-17 14:30:00+00:00,33,1,2770,16315.25,16322.5,16310.5,16316.5,4087,NQ.v.0
2021-11-17 14:31:00+00:00,33,1,2770,16316.75,16319.25,16300.0,16300.25,3401,NQ.v.0
2021-11-17 14:32:00+00:00,33,1,2770,16300.25,16307.25,16292.5,16297.0,3016,NQ.v.0
2021-11-17 14:33:00+00:00,33,1,2770,16296.75,16308.25,16294.25,16307.75,2416,NQ.v.0
2021-11-17 14:34:00+00:00,33,1,2770,16307.5,16309.25,16301.75,16307.0,1486,NQ.v.0
2021-11-17 14:35:00+00:00,33,1,2770,16307.0,16317.5,16303.75,16311.75,2531,NQ.v.0
2021-11-17 14:36:00+00:00,33,1,2770,16311.75,16314.25,16304.25,16305.5,2048,NQ.v.0
2021-11-17 14:37:00+00:00,33,1,2770,16305.0,16313.25,16300.25,16307.0,1803,NQ.v.0
2021-11-17 14:38:00+00:00,33,1,2770,16307.0,16309.0,16300.25,16301.5,1624,NQ.v.0
2021-11-17 14:39:00+00:00,33,1,2770,16301.25,16305.0,16298.25,16300.5,1642,NQ.v.0
2021-11-17 14:40:00+00:00,33,1,2770,16300.25,16305.5,16294.75,16303.25,2298,NQ.v.0
2021-11-17 14:41:00+00:00,33,1,2770,16303.0,16316.25,16302.75,16308.75,2026,NQ.v.0
2021-11-17 14:42:00+00:00,33,1,2770,16308.5,16313.0,16307.25,16310.0,1052,NQ.v.0
2021-11-17 14:43:00+00:00,33,1,2770,16310.0,16310.0,16303.25,16307.0,1171,NQ.v.0
2021-11-17 14:44:00+00:00,33,1,2770,16306.5,16314.0,16303.0,16312.5,1306,NQ.v.0
2021-11-17 14:45:00+00:00,33,1,2770,16312.75,16321.75,16311.75,16313.75,2655,NQ.v.0
2021-11-17 14:46:00+00:00,33,1,2770,16313.5,16313.5,16307.5,16308.0,1359,NQ.v.0
2021-11-17 14:47:00+00:00,33,1,2770,16307.75,16313.25,16307.0,16310.25,1142,NQ.v.0
2021-11-17 14:48:00+00:00,33,1,2770,16310.25,16313.25,16308.75,16312.25,1064,NQ.v.0
2021-11-17 14:49:00+00:00,33,1,2770,16312.5,16316.25,16303.0,16303.25,1566,NQ.v.0
2021-11-17 14:50:00+00:00,33,1,2770,16303.75,16305.75,16295.25,16298.0,2761,NQ.v.0
2021-11-17 14:51:00+00:00,33,1,2770,16297.75,16298.5,16270.0,16275.5,5045,NQ.v.0
2021-11-17 14:52:00+00:00,33,1,2770,16275.75,16287.25,16275.0,16278.75,2850,NQ.v.0
2021-11-17 14:53:00+00:00,33,1,2770,16279.25,16283.75,16273.25,16277.0,1766,NQ.v.0
2021-11-17 14:54:00+00:00,33,1,2770,16277.75,16286.5,16276.25,16282.75,1557,NQ.v.0
2021-11-17 14:55:00+00:00,33,1,2770,16282.75,16288.5,16278.0,16282.5,2042,NQ.v.0
2021-11-17 14:56:00+00:00,33,1,2770,16282.75,16289.0,16282.5,16287.5,1507,NQ.v.0
2021-11-17 14:57:00+00:00,33,1,2770,16287.0,16288.25,16277.5,16286.25,1622,NQ.v.0
2021-11-17 14:58:00+00:00,33,1,2770,16286.25,16292.25,16285.0,16287.5,1388,NQ.v.0
2021-11-17 14:59:00+00:00,33,1,2770,16287.25,16293.5,16283.75,16284.5,1338,NQ.v.0
2021-11-17 15:00:00+00:00,33,1,2770,16284.5,16304.0,16282.75,16295.25,3324,NQ.v.0
2021-11-17 15:01:00+00:00,33,1,2770,16295.0,16297.5,16292.25,16293.75,1111,NQ.v.0
2021-11-17 15:02:00+00:00,33,1,2770,16293.5,16296.75,16289.75,16296.0,1265,NQ.v.0
2021-11-17 15:03:00+00:00,33,1,2770,16295.75,16300.5,16294.0,16299.0,1528,NQ.v.0
2021-11-17 15:04:00+00:00,33,1,2770,16299.0,16304.25,16297.5,16302.0,1465,NQ.v.0
2021-11-17 15:05:00+00:00,33,1,2770,16301.75,16314.5,16300.0,16311.0,2949,NQ.v.0
2021-11-17 15:06:00+00:00,33,1,2770,16310.75,16313.5,16305.25,16308.0,1349,NQ.v.0
2021-11-17 15:07:00+00:00,33,1,2770,16307.5,16309.25,16304.75,16308.0,734,NQ.v.0
2021-11-17 15:08:00+00:00,33,1,2770,16307.75,16308.25,16301.0,16305.0,1082,NQ.v.0
2021-11-17 15:09:00+00:00,33,1,2770,16304.5,16310.5,16304.5,16310.5,1125,NQ.v.0
2021-11-17 15:10:00+00:00,33,1,2770,16310.25,16315.5,16309.5,16310.5,1503,NQ.v.0
2021-11-17 15:11:00+00:00,33,1,2770,16310.5,16323.5,16310.5,16320.75,2456,NQ.v.0
2021-11-17 15:12:00+00:00,33,1,2770,16320.5,16327.0,16319.5,16323.5,1819,NQ.v.0
2021-11-17 15:13:00+00:00,33,1,2770,16323.25,16327.0,16320.75,16322.25,1088,NQ.v.0
2021-11-17 15:14:00+00:00,33,1,2770,16322.25,16322.5,16317.5,16320.75,1184,NQ.v.0
2021-11-17 15:15:00+00:00,33,1,2770,16320.5,16321.5,16313.5,16317.0,1649,NQ.v.0
2021-11-17 15:16:00+00:00,33,1,2770,16316.75,16320.25,16313.75,16313.75,918,NQ.v.0
2021-11-17 15:17:00+00:00,33,1,2770,16313.5,16318.0,16312.25,16316.0,954,NQ.v.0
2021-11-17 15:18:00+00:00,33,1,2770,16315.75,16316.25,16309.0,16309.0,1356,NQ.v.0
2021-11-17 15:19:00+00:00,33,1,2770,16309.0,16313.5,16305.25,16308.5,1539,NQ.v.0
2021-11-17 15:20:00+00:00,33,1,2770,16308.75,16312.5,16300.0,16312.5,2058,NQ.v.0
2021-11-17 15:21:00+00:00,33,1,2770,16312.25,16316.0,16304.5,16306.5,1443,NQ.v.0
2021-11-17 15:22:00+00:00,33,1,2770,16306.5,16311.0,16304.5,16310.0,720,NQ.v.0
2021-11-17 15:23:00+00:00,33,1,2770,16309.75,16313.0,16303.25,16303.75,930,NQ.v.0
2021-11-17 15:24:00+00:00,33,1,2770,16303.5,16305.25,16300.0,16303.25,1371,NQ.v.0
2021-11-17 15:25:00+00:00,33,1,2770,16303.0,16310.5,16302.0,16308.0,1157,NQ.v.0
2021-11-17 15:26:00+00:00,33,1,2770,16307.75,16317.25,16307.5,16313.0,1455,NQ.v.0
2021-11-17 15:27:00+00:00,33,1,2770,16313.0,16316.75,16309.0,16309.5,944,NQ.v.0
2021-11-17 15:28:00+00:00,33,1,2770,16309.75,16320.0,16309.25,16317.5,1225,NQ.v.0
2021-11-17 15:29:00+00:00,33,1,2770,16317.0,16320.5,16311.0,16313.0,1215,NQ.v.0
2021-11-17 15:30:00+00:00,33,1,2770,16313.0,16315.5,16307.0,16310.25,1141,NQ.v.0
2021-11-17 15:31:00+00:00,33,1,2770,16310.25,16317.5,16309.5,16314.0,905,NQ.v.0
2021-11-17 15:32:00+00:00,33,1,2770,16313.5,16316.25,16311.25,16314.75,657,NQ.v.0
2021-11-17 15:33:00+00:00,33,1,2770,16314.75,16320.5,16314.25,16316.5,1156,NQ.v.0
2021-11-17 15:34:00+00:00,33,1,2770,16316.5,16318.75,16314.25,16316.5,618,NQ.v.0
2021-11-17 15:35:00+00:00,33,1,2770,16316.0,16318.25,16313.5,16316.75,711,NQ.v.0
2021-11-17 15:36:00+00:00,33,1,2770,16317.25,16317.75,16313.5,16316.5,595,NQ.v.0
2021-11-17 15:37:00+00:00,33,1,2770,16316.75,16317.0,16314.25,16315.5,429,NQ.v.0
2021-11-17 15:38:00+00:00,33,1,2770,16315.75,16318.25,16314.5,16317.75,462,NQ.v.0
2021-11-17 15:39:00+00:00,33,1,2770,16317.75,16346.5,16317.25,16344.5,5408,NQ.v.0
2021-11-17 15:40:00+00:00,33,1,2770,16344.75,16349.75,16341.25,16347.0,2865,NQ.v.0
2021-11-17 15:41:00+00:00,33,1,2770,16347.25,16353.75,16345.25,16352.5,2386,NQ.v.0
2021-11-17 15:42:00+00:00,33,1,2770,16352.5,16352.75,16342.5,16343.5,1239,NQ.v.0
2021-11-17 15:43:00+00:00,33,1,2770,16343.5,16348.5,16340.25,16343.75,1446,NQ.v.0
2021-11-17 15:44:00+00:00,33,1,2770,16343.75,16345.0,16339.0,16340.5,935,NQ.v.0
2021-11-17 15:45:00+00:00,33,1,2770,16340.75,16344.0,16339.0,16343.5,1084,NQ.v.0
2021-11-17 15:46:00+00:00,33,1,2770,16343.75,16349.0,16341.0,16346.75,1212,NQ.v.0
2021-11-17 15:47:00+00:00,33,1,2770,16346.75,16347.25,16341.5,16341.5,822,NQ.v.0
2021-11-17 15:48:00+00:00,33,1,2770,16341.5,16343.75,16332.0,16332.75,1811,NQ.v.0
2021-11-17 15:49:00+00:00,33,1,2770,16333.25,16339.25,16331.5,16336.25,1219,NQ.v.0
2021-11-17 15:50:00+00:00,33,1,2770,16336.0,16339.75,16334.5,16338.0,909,NQ.v.0
2021-11-17 15:51:00+00:00,33,1,2770,16337.75,16340.0,16335.25,16335.5,783,NQ.v.0
2021-11-17 15:52:00+00:00,33,1,2770,16335.5,16337.25,16333.0,16333.5,986,NQ.v.0
2021-11-17 15:53:00+00:00,33,1,2770,16333.75,16335.0,16327.75,16332.75,1523,NQ.v.0
2021-11-17 15:54:00+00:00,33,1,2770,16333.0,16334.25,16327.75,16331.75,786,NQ.v.0
2021-11-17 15:55:00+00:00,33,1,2770,16332.25,16336.25,16331.5,16334.0,706,NQ.v.0
2021-11-17 15:56:00+00:00,33,1,2770,16333.75,16334.75,16328.0,16329.0,930,NQ.v.0
2021-11-17 15:57:00+00:00,33,1,2770,16329.25,16331.25,16325.25,16326.75,719,NQ.v.0
2021-11-17 15:58:00+00:00,33,1,2770,16326.75,16327.5,16324.0,16326.25,619,NQ.v.0
2021-11-17 15:59:00+00:00,33,1,2770,16326.75,16335.0,16326.0,16334.0,757,NQ.v.0
2021-11-17 16:00:00+00:00,33,1,2770,16333.5,16338.0,16331.0,16332.5,1472,NQ.v.0
2021-11-17 16:01:00+00:00,33,1,2770,16332.5,16332.75,16327.75,16330.0,810,NQ.v.0
2021-11-17 16:02:00+00:00,33,1,2770,16330.0,16334.75,16328.25,16331.75,721,NQ.v.0
2021-11-17 16:03:00+00:00,33,1,2770,16332.25,16336.75,16332.0,16336.5,652,NQ.v.0
2021-11-17 16:04:00+00:00,33,1,2770,16336.5,16339.0,16334.5,16337.0,776,NQ.v.0
2021-11-17 16:05:00+00:00,33,1,2770,16337.5,16343.75,16337.0,16343.5,1019,NQ.v.0
2021-11-17 16:06:00+00:00,33,1,2770,16343.5,16344.75,16338.25,16344.75,968,NQ.v.0
2021-11-17 16:07:00+00:00,33,1,2770,16344.5,16346.75,16340.5,16341.75,859,NQ.v.0
2021-11-17 16:08:00+00:00,33,1,2770,16341.25,16346.25,16341.0,16344.0,427,NQ.v.0
2021-11-17 16:09:00+00:00,33,1,2770,16344.25,16345.75,16339.75,16340.25,612,NQ.v.0
2021-11-17 16:10:00+00:00,33,1,2770,16340.25,16343.0,16337.5,16340.5,751,NQ.v.0
2021-11-17 16:11:00+00:00,33,1,2770,16340.5,16342.0,16337.0,16338.5,497,NQ.v.0
2021-11-17 16:12:00+00:00,33,1,2770,16339.0,16345.0,16338.25,16344.75,663,NQ.v.0
2021-11-17 16:13:00+00:00,33,1,2770,16345.0,16348.5,16343.25,16343.25,1018,NQ.v.0
2021-11-17 16:14:00+00:00,33,1,2770,16343.5,16344.25,16339.25,16340.0,568,NQ.v.0
2021-11-17 16:15:00+00:00,33,1,2770,16339.75,16343.25,16336.25,16342.25,778,NQ.v.0
2021-11-17 16:16:00+00:00,33,1,2770,16341.75,16345.5,16338.5,16344.5,677,NQ.v.0
2021-11-17 16:17:00+00:00,33,1,2770,16345.0,16348.0,16344.0,16345.5,696,NQ.v.0
2021-11-17 16:18:00+00:00,33,1,2770,16345.75,16352.0,16344.25,16348.25,1232,NQ.v.0
2021-11-17 16:19:00+00:00,33,1,2770,16348.5,16350.0,16344.5,16346.75,647,NQ.v.0
2021-11-17 16:20:00+00:00,33,1,2770,16346.25,16357.5,16345.5,16355.5,1614,NQ.v.0
2021-11-17 16:21:00+00:00,33,1,2770,16356.0,16357.75,16348.25,16350.25,1316,NQ.v.0
2021-11-17 16:22:00+00:00,33,1,2770,16350.0,16352.75,16346.5,16350.75,1004,NQ.v.0
2021-11-17 16:23:00+00:00,33,1,2770,16350.75,16352.0,16342.5,16342.75,1007,NQ.v.0
2021-11-17 16:24:00+00:00,33,1,2770,16342.75,16346.0,16339.75,16340.5,908,NQ.v.0
2021-11-17 16:25:00+00:00,33,1,2770,16340.5,16342.5,16337.75,16340.75,881,NQ.v.0
2021-11-17 16:26:00+00:00,33,1,2770,16341.0,16345.25,16340.75,16345.0,730,NQ.v.0
2021-11-17 16:27:00+00:00,33,1,2770,16345.0,16346.5,16342.25,16345.5,608,NQ.v.0
2021-11-17 16:28:00+00:00,33,1,2770,16345.25,16356.75,16344.5,16356.0,1355,NQ.v.0
2021-11-17 16:29:00+00:00,33,1,2770,16355.75,16356.25,16349.5,16354.75,1223,NQ.v.0
2021-11-17 16:30:00+00:00,33,1,2770,16354.25,16354.25,16347.75,16352.25,852,NQ.v.0
2021-11-17 16:31:00+00:00,33,1,2770,16352.0,16356.25,16350.75,16355.0,535,NQ.v.0
2021-11-17 16:32:00+00:00,33,1,2770,16354.75,16357.25,16351.5,16353.5,731,NQ.v.0
2021-11-17 16:33:00+00:00,33,1,2770,16353.75,16354.0,16350.75,16353.25,451,NQ.v.0
2021-11-17 16:34:00+00:00,33,1,2770,16353.0,16356.5,16351.5,16354.5,502,NQ.v.0
2021-11-17 16:35:00+00:00,33,1,2770,16354.25,16360.0,16352.5,16353.5,1104,NQ.v.0
2021-11-17 16:36:00+00:00,33,1,2770,16353.75,16357.25,16352.75,16354.0,500,NQ.v.0
2021-11-17 16:37:00+00:00,33,1,2770,16354.25,16359.5,16352.0,16357.0,820,NQ.v.0
2021-11-17 16:38:00+00:00,33,1,2770,16356.75,16357.75,16354.5,16356.75,476,NQ.v.0
2021-11-17 16:39:00+00:00,33,1,2770,16356.5,16359.75,16356.25,16359.5,387,NQ.v.0
2021-11-17 16:40:00+00:00,33,1,2770,16359.75,16364.75,16358.25,16364.0,1222,NQ.v.0
2021-11-17 16:41:00+00:00,33,1,2770,16364.0,16364.0,16361.25,16363.5,658,NQ.v.0
2021-11-17 16:42:00+00:00,33,1,2770,16363.25,16373.75,16362.0,16371.5,2042,NQ.v.0
2021-11-17 16:43:00+00:00,33,1,2770,16371.75,16373.25,16368.0,16371.25,899,NQ.v.0
2021-11-17 16:44:00+00:00,33,1,2770,16370.75,16372.75,16367.25,16368.25,484,NQ.v.0
2021-11-17 16:45:00+00:00,33,1,2770,16368.25,16372.0,16364.5,16371.5,948,NQ.v.0
2021-11-17 16:46:00+00:00,33,1,2770,16371.5,16375.5,16371.25,16374.25,838,NQ.v.0
2021-11-17 16:47:00+00:00,33,1,2770,16374.25,16374.5,16369.25,16370.5,590,NQ.v.0
2021-11-17 16:48:00+00:00,33,1,2770,16370.5,16372.75,16369.0,16371.25,353,NQ.v.0
2021-11-17 16:49:00+00:00,33,1,2770,16371.25,16376.0,16370.75,16374.5,535,NQ.v.0
2021-11-17 16:50:00+00:00,33,1,2770,16374.25,16376.5,16372.75,16376.25,584,NQ.v.0
2021-11-17 16:51:00+00:00,33,1,2770,16376.0,16376.5,16369.75,16372.5,511,NQ.v.0
2021-11-17 16:52:00+00:00,33,1,2770,16372.75,16373.5,16369.0,16372.75,545,NQ.v.0
2021-11-17 16:53:00+00:00,33,1,2770,16373.25,16381.0,16372.75,16377.75,1150,NQ.v.0
2021-11-17 16:54:00+00:00,33,1,2770,16378.0,16379.0,16374.5,16377.75,602,NQ.v.0
2021-11-17 16:55:00+00:00,33,1,2770,16377.5,16378.75,16374.25,16376.0,631,NQ.v.0
2021-11-17 16:56:00+00:00,33,1,2770,16376.25,16381.5,16375.75,16381.25,662,NQ.v.0
2021-11-17 16:57:00+00:00,33,1,2770,16381.0,16386.5,16378.0,16385.25,1052,NQ.v.0
2021-11-17 16:58:00+00:00,33,1,2770,16385.5,16388.5,16383.0,16387.5,845,NQ.v.0
2021-11-17 16:59:00+00:00,33,1,2770,16387.0,16390.75,16386.75,16388.75,1119,NQ.v.0
2021-11-17 17:00:00+00:00,33,1,2770,16389.25,16396.5,16388.75,16393.25,1852,NQ.v.0
2021-11-17 17:01:00+00:00,33,1,2770,16393.5,16395.0,16388.5,16388.5,1100,NQ.v.0
2021-11-17 17:02:00+00:00,33,1,2770,16388.75,16390.75,16387.0,16388.0,898,NQ.v.0
2021-11-17 17:03:00+00:00,33,1,2770,16388.5,16388.5,16379.0,16381.5,1546,NQ.v.0
2021-11-17 17:04:00+00:00,33,1,2770,16381.75,16385.75,16380.5,16383.0,639,NQ.v.0
2021-11-17 17:05:00+00:00,33,1,2770,16383.75,16384.25,16375.75,16376.25,929,NQ.v.0
2021-11-17 17:06:00+00:00,33,1,2770,16376.5,16376.75,16370.75,16371.5,1032,NQ.v.0
2021-11-17 17:07:00+00:00,33,1,2770,16371.5,16372.5,16365.75,16367.0,1363,NQ.v.0
2021-11-17 17:08:00+00:00,33,1,2770,16367.25,16367.5,16356.0,16356.75,2133,NQ.v.0
2021-11-17 17:09:00+00:00,33,1,2770,16357.0,16363.25,16355.25,16361.75,1509,NQ.v.0
2021-11-17 17:10:00+00:00,33,1,2770,16361.75,16364.0,16359.5,16363.25,839,NQ.v.0
2021-11-17 17:11:00+00:00,33,1,2770,16362.75,16366.0,16361.5,16365.25,690,NQ.v.0
2021-11-17 17:12:00+00:00,33,1,2770,16365.5,16366.0,16359.75,16363.0,646,NQ.v.0
2021-11-17 17:13:00+00:00,33,1,2770,16362.25,16363.5,16357.75,16358.0,603,NQ.v.0
2021-11-17 17:14:00+00:00,33,1,2770,16358.25,16359.75,16356.75,16359.25,395,NQ.v.0
2021-11-17 17:15:00+00:00,33,1,2770,16359.25,16360.0,16355.25,16357.75,875,NQ.v.0
2021-11-17 17:16:00+00:00,33,1,2770,16357.5,16359.75,16354.5,16356.75,630,NQ.v.0
2021-11-17 17:17:00+00:00,33,1,2770,16356.25,16356.5,16344.0,16347.75,1842,NQ.v.0
2021-11-17 17:18:00+00:00,33,1,2770,16348.0,16348.75,16338.25,16338.5,1452,NQ.v.0
2021-11-17 17:19:00+00:00,33,1,2770,16338.25,16340.75,16335.5,16336.75,1013,NQ.v.0
2021-11-17 17:20:00+00:00,33,1,2770,16336.75,16341.75,16335.0,16337.5,1247,NQ.v.0
2021-11-17 17:21:00+00:00,33,1,2770,16337.5,16341.75,16336.5,16340.25,706,NQ.v.0
2021-11-17 17:22:00+00:00,33,1,2770,16340.25,16340.25,16325.0,16325.25,1661,NQ.v.0
2021-11-17 17:23:00+00:00,33,1,2770,16325.25,16331.25,16325.25,16328.75,1229,NQ.v.0
2021-11-17 17:24:00+00:00,33,1,2770,16328.5,16332.25,16326.25,16327.25,1063,NQ.v.0
2021-11-17 17:25:00+00:00,33,1,2770,16327.5,16331.25,16326.5,16327.25,811,NQ.v.0
2021-11-17 17:26:00+00:00,33,1,2770,16327.5,16331.5,16326.0,16330.75,696,NQ.v.0
2021-11-17 17:27:00+00:00,33,1,2770,16330.75,16337.5,16330.0,16332.5,1343,NQ.v.0
2021-11-17 17:28:00+00:00,33,1,2770,16332.25,16332.25,16308.25,16314.0,3637,NQ.v.0
2021-11-17 17:29:00+00:00,33,1,2770,16314.5,16316.5,16307.25,16309.5,1779,NQ.v.0
2021-11-17 17:30:00+00:00,33,1,2770,16310.0,16319.5,16305.0,16315.5,2171,NQ.v.0
2021-11-17 17:31:00+00:00,33,1,2770,16315.25,16318.0,16311.0,16314.5,987,NQ.v.0
2021-11-17 17:32:00+00:00,33,1,2770,16314.75,16316.0,16308.25,16311.5,1040,NQ.v.0
2021-11-17 17:33:00+00:00,33,1,2770,16311.25,16319.75,16307.25,16316.75,1224,NQ.v.0
2021-11-17 17:34:00+00:00,33,1,2770,16316.0,16320.5,16313.5,16320.5,999,NQ.v.0
2021-11-17 17:35:00+00:00,33,1,2770,16320.25,16327.0,16318.75,16320.0,1649,NQ.v.0
2021-11-17 17:36:00+00:00,33,1,2770,16320.0,16328.5,16318.0,16327.75,1058,NQ.v.0
2021-11-17 17:37:00+00:00,33,1,2770,16327.25,16329.25,16323.5,16323.75,799,NQ.v.0
2021-11-17 17:38:00+00:00,33,1,2770,16323.75,16331.25,16322.75,16330.75,985,NQ.v.0
2021-11-17 17:39:00+00:00,33,1,2770,16330.5,16337.0,16329.5,16336.25,987,NQ.v.0
2021-11-17 17:40:00+00:00,33,1,2770,16336.25,16337.25,16331.0,16332.25,959,NQ.v.0
2021-11-17 17:41:00+00:00,33,1,2770,16332.75,16334.75,16321.25,16323.25,1186,NQ.v.0
2021-11-17 17:42:00+00:00,33,1,2770,16323.5,16324.5,16315.75,16317.75,1375,NQ.v.0
2021-11-17 17:43:00+00:00,33,1,2770,16317.75,16318.25,16314.0,16316.25,843,NQ.v.0
2021-11-17 17:44:00+00:00,33,1,2770,16316.75,16327.5,16316.75,16327.25,1198,NQ.v.0
2021-11-17 17:45:00+00:00,33,1,2770,16327.0,16327.0,16319.5,16321.0,920,NQ.v.0
2021-11-17 17:46:00+00:00,33,1,2770,16320.25,16322.25,16313.75,16316.0,1095,NQ.v.0
2021-11-17 17:47:00+00:00,33,1,2770,16316.25,16325.5,16315.25,16325.0,789,NQ.v.0
2021-11-17 17:48:00+00:00,33,1,2770,16325.0,16325.5,16317.25,16318.75,696,NQ.v.0
2021-11-17 17:49:00+00:00,33,1,2770,16318.0,16320.25,16316.5,16319.25,576,NQ.v.0
2021-11-17 17:50:00+00:00,33,1,2770,16318.75,16319.5,16313.25,16314.25,781,NQ.v.0
2021-11-17 17:51:00+00:00,33,1,2770,16314.75,16320.75,16312.5,16317.25,618,NQ.v.0
2021-11-17 17:52:00+00:00,33,1,2770,16317.75,16318.25,16311.5,16315.25,691,NQ.v.0
2021-11-17 17:53:00+00:00,33,1,2770,16315.0,16315.0,16309.25,16310.25,586,NQ.v.0
2021-11-17 17:54:00+00:00,33,1,2770,16310.25,16312.0,16294.5,16303.5,2272,NQ.v.0
2021-11-17 17:55:00+00:00,33,1,2770,16303.0,16303.75,16294.0,16299.0,1173,NQ.v.0
2021-11-17 17:56:00+00:00,33,1,2770,16299.0,16302.75,16297.0,16300.25,920,NQ.v.0
2021-11-17 17:57:00+00:00,33,1,2770,16300.25,16301.0,16295.0,16297.25,696,NQ.v.0
2021-11-17 17:58:00+00:00,33,1,2770,16297.25,16303.5,16295.0,16301.0,928,NQ.v.0
2021-11-17 17:59:00+00:00,33,1,2770,16300.75,16306.25,16300.5,16305.0,713,NQ.v.0
2021-11-17 18:00:00+00:00,33,1,2770,16305.0,16308.25,16296.25,16303.5,996,NQ.v.0
2021-11-17 18:01:00+00:00,33,1,2770,16303.25,16307.25,16300.0,16302.5,769,NQ.v.0
2021-11-17 18:02:00+00:00,33,1,2770,16302.75,16303.25,16295.0,16302.5,935,NQ.v.0
2021-11-17 18:03:00+00:00,33,1,2770,16302.5,16313.25,16301.5,16310.25,1283,NQ.v.0
2021-11-17 18:04:00+00:00,33,1,2770,16310.25,16314.75,16307.0,16310.5,881,NQ.v.0
2021-11-17 18:05:00+00:00,33,1,2770,16310.5,16312.75,16307.0,16310.75,833,NQ.v.0
2021-11-17 18:06:00+00:00,33,1,2770,16310.75,16315.75,16309.5,16313.75,705,NQ.v.0
2021-11-17 18:07:00+00:00,33,1,2770,16313.75,16319.0,16311.75,16318.75,878,NQ.v.0
2021-11-17 18:08:00+00:00,33,1,2770,16318.75,16319.0,16309.25,16309.25,735,NQ.v.0
2021-11-17 18:09:00+00:00,33,1,2770,16309.0,16310.0,16302.75,16306.25,767,NQ.v.0
2021-11-17 18:10:00+00:00,33,1,2770,16305.75,16306.75,16295.25,16295.5,1027,NQ.v.0
2021-11-17 18:11:00+00:00,33,1,2770,16295.75,16302.25,16288.25,16300.25,2072,NQ.v.0
2021-11-17 18:12:00+00:00,33,1,2770,16300.5,16305.0,16299.0,16304.25,744,NQ.v.0
2021-11-17 18:13:00+00:00,33,1,2770,16304.0,16307.25,16302.0,16306.5,619,NQ.v.0
2021-11-17 18:14:00+00:00,33,1,2770,16306.0,16309.0,16304.0,16308.5,586,NQ.v.0
2021-11-17 18:15:00+00:00,33,1,2770,16308.0,16308.25,16301.75,16306.25,538,NQ.v.0
2021-11-17 18:16:00+00:00,33,1,2770,16305.75,16306.0,16297.75,16300.0,737,NQ.v.0
2021-11-17 18:17:00+00:00,33,1,2770,16300.25,16302.0,16295.5,16298.75,691,NQ.v.0
2021-11-17 18:18:00+00:00,33,1,2770,16298.5,16300.75,16294.25,16300.5,423,NQ.v.0
2021-11-17 18:19:00+00:00,33,1,2770,16300.25,16308.0,16300.0,16306.75,654,NQ.v.0
2021-11-17 18:20:00+00:00,33,1,2770,16306.25,16308.5,16303.0,16306.25,653,NQ.v.0
2021-11-17 18:21:00+00:00,33,1,2770,16305.75,16315.25,16305.25,16312.0,792,NQ.v.0
2021-11-17 18:22:00+00:00,33,1,2770,16311.75,16314.75,16308.0,16314.25,479,NQ.v.0
2021-11-17 18:23:00+00:00,33,1,2770,16314.0,16323.5,16313.75,16322.75,774,NQ.v.0
2021-11-17 18:24:00+00:00,33,1,2770,16322.75,16322.75,16316.75,16318.5,664,NQ.v.0
2021-11-17 18:25:00+00:00,33,1,2770,16318.75,16326.75,16317.75,16326.25,811,NQ.v.0
2021-11-17 18:26:00+00:00,33,1,2770,16326.75,16326.75,16319.0,16319.5,716,NQ.v.0
2021-11-17 18:27:00+00:00,33,1,2770,16319.25,16325.5,16319.25,16324.0,639,NQ.v.0
2021-11-17 18:28:00+00:00,33,1,2770,16324.25,16327.0,16324.0,16324.5,595,NQ.v.0
2021-11-17 18:29:00+00:00,33,1,2770,16324.75,16329.0,16323.0,16325.5,719,NQ.v.0
2021-11-17 18:30:00+00:00,33,1,2770,16325.0,16328.25,16324.25,16327.75,559,NQ.v.0
2021-11-17 18:31:00+00:00,33,1,2770,16327.25,16327.25,16318.5,16319.75,908,NQ.v.0
2021-11-17 18:32:00+00:00,33,1,2770,16319.5,16324.25,16319.25,16323.75,434,NQ.v.0
2021-11-17 18:33:00+00:00,33,1,2770,16324.25,16327.5,16321.5,16323.25,625,NQ.v.0
2021-11-17 18:34:00+00:00,33,1,2770,16323.0,16326.25,16322.5,16324.25,431,NQ.v.0
2021-11-17 18:35:00+00:00,33,1,2770,16324.0,16326.0,16322.75,16323.25,282,NQ.v.0
2021-11-17 18:36:00+00:00,33,1,2770,16323.25,16325.5,16319.25,16324.25,588,NQ.v.0
2021-11-17 18:37:00+00:00,33,1,2770,16324.25,16325.0,16320.75,16324.0,329,NQ.v.0
2021-11-17 18:38:00+00:00,33,1,2770,16323.5,16326.0,16320.75,16321.25,341,NQ.v.0
2021-11-17 18:39:00+00:00,33,1,2770,16321.5,16327.75,16320.75,16325.75,498,NQ.v.0
2021-11-17 18:40:00+00:00,33,1,2770,16325.5,16326.5,16322.0,16325.0,451,NQ.v.0
2021-11-17 18:41:00+00:00,33,1,2770,16325.0,16325.75,16322.0,16325.25,375,NQ.v.0
2021-11-17 18:42:00+00:00,33,1,2770,16325.25,16327.75,16324.5,16325.75,322,NQ.v.0
2021-11-17 18:43:00+00:00,33,1,2770,16325.5,16333.5,16324.5,16333.0,794,NQ.v.0
2021-11-17 18:44:00+00:00,33,1,2770,16333.0,16342.0,16332.75,16340.5,1485,NQ.v.0
2021-11-17 18:45:00+00:00,33,1,2770,16340.75,16343.0,16336.25,16337.25,843,NQ.v.0
2021-11-17 18:46:00+00:00,33,1,2770,16337.75,16339.5,16335.25,16337.0,523,NQ.v.0
2021-11-17 18:47:00+00:00,33,1,2770,16337.0,16341.75,16336.25,16338.5,535,NQ.v.0
2021-11-17 18:48:00+00:00,33,1,2770,16337.75,16339.0,16335.25,16337.75,336,NQ.v.0
2021-11-17 18:49:00+00:00,33,1,2770,16337.5,16337.75,16330.5,16330.75,692,NQ.v.0
2021-11-17 18:50:00+00:00,33,1,2770,16331.0,16337.0,16330.25,16337.0,496,NQ.v.0
2021-11-17 18:51:00+00:00,33,1,2770,16337.25,16344.0,16335.5,16343.5,764,NQ.v.0
2021-11-17 18:52:00+00:00,33,1,2770,16343.5,16344.75,16340.25,16342.25,681,NQ.v.0
2021-11-17 18:53:00+00:00,33,1,2770,16342.5,16347.0,16341.25,16344.75,496,NQ.v.0
2021-11-17 18:54:00+00:00,33,1,2770,16345.0,16346.5,16341.25,16343.75,362,NQ.v.0
2021-11-17 18:55:00+00:00,33,1,2770,16343.75,16347.5,16342.75,16344.5,603,NQ.v.0
2021-11-17 18:56:00+00:00,33,1,2770,16344.75,16346.25,16341.25,16345.5,387,NQ.v.0
2021-11-17 18:57:00+00:00,33,1,2770,16345.75,16349.0,16344.75,16348.75,658,NQ.v.0
2021-11-17 18:58:00+00:00,33,1,2770,16349.0,16349.0,16345.0,16345.75,459,NQ.v.0
2021-11-17 18:59:00+00:00,33,1,2770,16345.5,16349.75,16344.0,16348.0,528,NQ.v.0
2021-11-17 19:00:00+00:00,33,1,2770,16348.0,16349.5,16341.25,16344.25,896,NQ.v.0
2021-11-17 19:01:00+00:00,33,1,2770,16344.5,16347.25,16342.25,16343.75,522,NQ.v.0
2021-11-17 19:02:00+00:00,33,1,2770,16343.75,16345.25,16340.5,16340.5,358,NQ.v.0
2021-11-17 19:03:00+00:00,33,1,2770,16341.0,16341.5,16337.0,16339.5,763,NQ.v.0
2021-11-17 19:04:00+00:00,33,1,2770,16339.25,16345.5,16338.0,16344.25,544,NQ.v.0
2021-11-17 19:05:00+00:00,33,1,2770,16344.25,16344.75,16340.5,16343.75,421,NQ.v.0
2021-11-17 19:06:00+00:00,33,1,2770,16344.25,16345.25,16340.75,16342.5,450,NQ.v.0
2021-11-17 19:07:00+00:00,33,1,2770,16342.25,16342.5,16338.0,16339.0,353,NQ.v.0
2021-11-17 19:08:00+00:00,33,1,2770,16338.5,16342.75,16338.5,16341.25,294,NQ.v.0
2021-11-17 19:09:00+00:00,33,1,2770,16341.25,16343.0,16339.0,16341.0,272,NQ.v.0
2021-11-17 19:10:00+00:00,33,1,2770,16341.25,16342.0,16337.5,16338.0,358,NQ.v.0
2021-11-17 19:11:00+00:00,33,1,2770,16338.0,16340.5,16335.75,16336.25,416,NQ.v.0
2021-11-17 19:12:00+00:00,33,1,2770,16336.5,16339.0,16335.5,16338.0,448,NQ.v.0
2021-11-17 19:13:00+00:00,33,1,2770,16338.0,16338.75,16333.25,16337.25,519,NQ.v.0
2021-11-17 19:14:00+00:00,33,1,2770,16337.25,16338.5,16334.5,16337.25,364,NQ.v.0
2021-11-17 19:15:00+00:00,33,1,2770,16337.0,16342.25,16336.75,16339.5,637,NQ.v.0
2021-11-17 19:16:00+00:00,33,1,2770,16339.25,16340.75,16334.5,16336.25,587,NQ.v.0
2021-11-17 19:17:00+00:00,33,1,2770,16336.0,16337.0,16327.5,16329.5,872,NQ.v.0
2021-11-17 19:18:00+00:00,33,1,2770,16329.75,16329.75,16326.5,16328.5,613,NQ.v.0
2021-11-17 19:19:00+00:00,33,1,2770,16328.5,16334.25,16324.25,16333.5,1008,NQ.v.0
2021-11-17 19:20:00+00:00,33,1,2770,16334.0,16334.5,16324.25,16325.25,684,NQ.v.0
2021-11-17 19:21:00+00:00,33,1,2770,16325.25,16327.75,16322.5,16324.25,792,NQ.v.0
2021-11-17 19:22:00+00:00,33,1,2770,16324.5,16329.75,16324.0,16328.75,537,NQ.v.0
2021-11-17 19:23:00+00:00,33,1,2770,16329.0,16332.0,16327.25,16329.75,485,NQ.v.0
2021-11-17 19:24:00+00:00,33,1,2770,16329.25,16329.75,16325.5,16326.75,389,NQ.v.0
2021-11-17 19:25:00+00:00,33,1,2770,16326.75,16327.75,16322.5,16327.5,437,NQ.v.0
2021-11-17 19:26:00+00:00,33,1,2770,16327.75,16328.25,16323.0,16324.75,436,NQ.v.0
2021-11-17 19:27:00+00:00,33,1,2770,16325.25,16330.75,16324.5,16329.5,466,NQ.v.0
2021-11-17 19:28:00+00:00,33,1,2770,16329.75,16334.25,16329.25,16332.25,596,NQ.v.0
2021-11-17 19:29:00+00:00,33,1,2770,16332.75,16337.75,16332.75,16333.25,784,NQ.v.0
2021-11-17 19:30:00+00:00,33,1,2770,16333.0,16338.25,16328.5,16330.75,835,NQ.v.0
2021-11-17 19:31:00+00:00,33,1,2770,16330.75,16336.75,16329.75,16334.0,667,NQ.v.0
2021-11-17 19:32:00+00:00,33,1,2770,16333.75,16336.0,16330.5,16331.0,362,NQ.v.0
2021-11-17 19:33:00+00:00,33,1,2770,16330.5,16330.75,16324.25,16324.25,674,NQ.v.0
2021-11-17 19:34:00+00:00,33,1,2770,16324.0,16326.25,16317.75,16318.25,1010,NQ.v.0
2021-11-17 19:35:00+00:00,33,1,2770,16318.75,16326.5,16317.25,16325.25,783,NQ.v.0
2021-11-17 19:36:00+00:00,33,1,2770,16325.25,16330.0,16325.25,16328.0,509,NQ.v.0
2021-11-17 19:37:00+00:00,33,1,2770,16328.25,16328.75,16322.25,16324.0,482,NQ.v.0
2021-11-17 19:38:00+00:00,33,1,2770,16324.0,16326.25,16321.0,16322.0,438,NQ.v.0
2021-11-17 19:39:00+00:00,33,1,2770,16322.0,16324.5,16319.75,16320.5,373,NQ.v.0
2021-11-17 19:40:00+00:00,33,1,2770,16320.5,16323.5,16318.5,16320.0,473,NQ.v.0
2021-11-17 19:41:00+00:00,33,1,2770,16319.75,16322.25,16318.5,16322.0,271,NQ.v.0
2021-11-17 19:42:00+00:00,33,1,2770,16322.0,16326.75,16321.25,16322.0,619,NQ.v.0
2021-11-17 19:43:00+00:00,33,1,2770,16322.0,16327.25,16321.25,16325.75,304,NQ.v.0
2021-11-17 19:44:00+00:00,33,1,2770,16325.75,16326.5,16323.25,16326.0,254,NQ.v.0
2021-11-17 19:45:00+00:00,33,1,2770,16325.75,16326.75,16324.5,16326.5,351,NQ.v.0
2021-11-17 19:46:00+00:00,33,1,2770,16326.5,16333.0,16326.25,16332.5,758,NQ.v.0
2021-11-17 19:47:00+00:00,33,1,2770,16332.75,16333.5,16330.25,16332.0,439,NQ.v.0
2021-11-17 19:48:00+00:00,33,1,2770,16331.75,16332.25,16330.0,16330.5,284,NQ.v.0
2021-11-17 19:49:00+00:00,33,1,2770,16330.75,16333.0,16330.0,16333.0,269,NQ.v.0
2021-11-17 19:50:00+00:00,33,1,2770,16333.0,16335.0,16331.25,16331.25,415,NQ.v.0
2021-11-17 19:51:00+00:00,33,1,2770,16331.0,16331.25,16326.75,16328.5,600,NQ.v.0
2021-11-17 19:52:00+00:00,33,1,2770,16328.75,16329.5,16325.25,16325.5,343,NQ.v.0
2021-11-17 19:53:00+00:00,33,1,2770,16325.75,16331.0,16325.5,16329.25,341,NQ.v.0
2021-11-17 19:54:00+00:00,33,1,2770,16329.0,16330.0,16324.5,16330.0,313,NQ.v.0
2021-11-17 19:55:00+00:00,33,1,2770,16329.75,16333.5,16328.0,16332.25,353,NQ.v.0
2021-11-17 19:56:00+00:00,33,1,2770,16332.0,16339.0,16330.25,16339.0,694,NQ.v.0
2021-11-17 19:57:00+00:00,33,1,2770,16338.5,16340.75,16336.75,16337.5,541,NQ.v.0
2021-11-17 19:58:00+00:00,33,1,2770,16337.25,16338.75,16335.25,16337.75,379,NQ.v.0
2021-11-17 19:59:00+00:00,33,1,2770,16338.0,16344.5,16337.25,16342.75,686,NQ.v.0
2021-11-17 20:00:00+00:00,33,1,2770,16342.75,16343.5,16336.0,16337.25,724,NQ.v.0
2021-11-17 20:01:00+00:00,33,1,2770,16336.75,16337.75,16329.5,16331.5,795,NQ.v.0
2021-11-17 20:02:00+00:00,33,1,2770,16331.75,16332.75,16329.5,16330.0,402,NQ.v.0
2021-11-17 20:03:00+00:00,33,1,2770,16330.0,16332.75,16317.75,16318.25,1105,NQ.v.0
2021-11-17 20:04:00+00:00,33,1,2770,16318.25,16322.75,16318.0,16318.25,652,NQ.v.0
2021-11-17 20:05:00+00:00,33,1,2770,16317.75,16319.5,16307.5,16310.0,1139,NQ.v.0
2021-11-17 20:06:00+00:00,33,1,2770,16310.0,16310.25,16305.0,16305.75,1011,NQ.v.0
2021-11-17 20:07:00+00:00,33,1,2770,16306.25,16314.5,16305.0,16309.25,673,NQ.v.0
2021-11-17 20:08:00+00:00,33,1,2770,16309.25,16315.0,16308.5,16308.75,626,NQ.v.0
2021-11-17 20:09:00+00:00,33,1,2770,16309.0,16309.75,16303.5,16307.5,738,NQ.v.0
2021-11-17 20:10:00+00:00,33,1,2770,16307.25,16312.75,16306.25,16309.25,663,NQ.v.0
2021-11-17 20:11:00+00:00,33,1,2770,16309.0,16318.75,16309.0,16318.5,627,NQ.v.0
2021-11-17 20:12:00+00:00,33,1,2770,16318.0,16318.25,16311.75,16312.75,538,NQ.v.0
2021-11-17 20:13:00+00:00,33,1,2770,16313.25,16317.5,16313.25,16317.5,458,NQ.v.0
2021-11-17 20:14:00+00:00,33,1,2770,16317.5,16319.5,16315.0,16319.25,473,NQ.v.0
2021-11-17 20:15:00+00:00,33,1,2770,16319.25,16323.0,16318.5,16322.75,632,NQ.v.0
2021-11-17 20:16:00+00:00,33,1,2770,16322.75,16327.75,16322.25,16326.0,665,NQ.v.0
2021-11-17 20:17:00+00:00,33,1,2770,16326.25,16331.75,16325.0,16329.5,832,NQ.v.0
2021-11-17 20:18:00+00:00,33,1,2770,16329.25,16330.5,16323.25,16324.25,719,NQ.v.0
2021-11-17 20:19:00+00:00,33,1,2770,16324.25,16324.25,16312.25,16315.25,1007,NQ.v.0
2021-11-17 20:20:00+00:00,33,1,2770,16315.75,16325.25,16314.0,16324.5,931,NQ.v.0
2021-11-17 20:21:00+00:00,33,1,2770,16324.25,16325.25,16317.5,16319.75,546,NQ.v.0
2021-11-17 20:22:00+00:00,33,1,2770,16319.5,16324.0,16317.75,16321.0,468,NQ.v.0
2021-11-17 20:23:00+00:00,33,1,2770,16320.75,16326.25,16320.5,16325.75,365,NQ.v.0
2021-11-17 20:24:00+00:00,33,1,2770,16326.0,16327.5,16323.75,16325.0,419,NQ.v.0
2021-11-17 20:25:00+00:00,33,1,2770,16325.5,16329.25,16325.0,16325.5,489,NQ.v.0
2021-11-17 20:26:00+00:00,33,1,2770,16325.5,16326.25,16321.0,16322.75,504,NQ.v.0
2021-11-17 20:27:00+00:00,33,1,2770,16322.75,16324.25,16321.0,16323.75,295,NQ.v.0
2021-11-17 20:28:00+00:00,33,1,2770,16323.75,16323.75,16315.25,16319.5,647,NQ.v.0
2021-11-17 20:29:00+00:00,33,1,2770,16319.75,16322.25,16311.75,16314.5,886,NQ.v.0
2021-11-17 20:30:00+00:00,33,1,2770,16314.5,16320.25,16314.0,16318.25,889,NQ.v.0
2021-11-17 20:31:00+00:00,33,1,2770,16318.25,16320.5,16315.75,16317.25,623,NQ.v.0
2021-11-17 20:32:00+00:00,33,1,2770,16317.5,16321.5,16314.25,16321.25,591,NQ.v.0
2021-11-17 20:33:00+00:00,33,1,2770,16321.25,16325.5,16319.5,16321.5,701,NQ.v.0
2021-11-17 20:34:00+00:00,33,1,2770,16321.25,16325.25,16318.0,16324.25,614,NQ.v.0
2021-11-17 20:35:00+00:00,33,1,2770,16324.75,16325.75,16320.25,16322.75,604,NQ.v.0
2021-11-17 20:36:00+00:00,33,1,2770,16322.5,16327.25,16321.5,16326.25,692,NQ.v.0
2021-11-17 20:37:00+00:00,33,1,2770,16326.5,16328.75,16324.75,16326.0,662,NQ.v.0
2021-11-17 20:38:00+00:00,33,1,2770,16326.25,16329.25,16324.5,16328.75,493,NQ.v.0
2021-11-17 20:39:00+00:00,33,1,2770,16329.0,16330.0,16322.0,16323.0,654,NQ.v.0
2021-11-17 20:40:00+00:00,33,1,2770,16323.0,16325.0,16318.25,16319.25,732,NQ.v.0
2021-11-17 20:41:00+00:00,33,1,2770,16319.25,16321.25,16312.0,16314.0,857,NQ.v.0
2021-11-17 20:42:00+00:00,33,1,2770,16314.25,16323.75,16314.25,16323.25,734,NQ.v.0
2021-11-17 20:43:00+00:00,33,1,2770,16323.25,16329.25,16323.0,16325.5,625,NQ.v.0
2021-11-17 20:44:00+00:00,33,1,2770,16325.25,16328.75,16322.5,16324.0,567,NQ.v.0
2021-11-17 20:45:00+00:00,33,1,2770,16324.25,16334.5,16322.5,16333.75,1256,NQ.v.0
2021-11-17 20:46:00+00:00,33,1,2770,16334.0,16335.75,16330.0,16331.0,568,NQ.v.0
2021-11-17 20:47:00+00:00,33,1,2770,16331.5,16334.75,16327.5,16333.5,614,NQ.v.0
2021-11-17 20:48:00+00:00,33,1,2770,16333.25,16339.0,16332.0,16333.5,822,NQ.v.0
2021-11-17 20:49:00+00:00,33,1,2770,16334.25,16339.0,16324.75,16330.75,1200,NQ.v.0
2021-11-17 20:50:00+00:00,33,1,2770,16330.5,16331.75,16322.5,16326.5,1647,NQ.v.0
2021-11-17 20:51:00+00:00,33,1,2770,16326.25,16331.25,16324.25,16329.0,1150,NQ.v.0
2021-11-17 20:52:00+00:00,33,1,2770,16329.25,16331.5,16326.0,16329.25,817,NQ.v.0
2021-11-17 20:53:00+00:00,33,1,2770,16329.25,16329.25,16322.5,16325.25,1109,NQ.v.0
2021-11-17 20:54:00+00:00,33,1,2770,16325.25,16328.75,16311.75,16313.0,2714,NQ.v.0
2021-11-17 20:55:00+00:00,33,1,2770,16313.5,16319.5,16311.0,16316.0,2251,NQ.v.0
2021-11-17 20:56:00+00:00,33,1,2770,16316.0,16317.0,16312.25,16312.75,1615,NQ.v.0
2021-11-17 20:57:00+00:00,33,1,2770,16312.75,16314.75,16309.75,16310.75,1491,NQ.v.0
2021-11-17 20:58:00+00:00,33,1,2770,16311.0,16311.75,16306.25,16308.0,1929,NQ.v.0
2021-11-17 20:59:00+00:00,33,1,2770,16307.75,16315.75,16304.0,16312.75,5136,NQ.v.0
2021-11-17 21:00:00+00:00,33,1,2770,16313.25,16314.75,16303.75,16305.25,1496,NQ.v.0
2021-11-17 21:01:00+00:00,33,1,2770,16305.0,16307.75,16303.75,16307.0,751,NQ.v.0
2021-11-17 21:02:00+00:00,33,1,2770,16307.5,16309.0,16306.25,16308.5,475,NQ.v.0
2021-11-17 21:03:00+00:00,33,1,2770,16308.5,16309.0,16306.75,16308.0,406,NQ.v.0
2021-11-17 21:04:00+00:00,33,1,2770,16308.0,16308.0,16305.0,16306.75,298,NQ.v.0
2021-11-17 21:05:00+00:00,33,1,2770,16306.75,16308.0,16295.5,16296.0,817,NQ.v.0
2021-11-17 21:06:00+00:00,33,1,2770,16296.75,16298.5,16293.0,16294.0,542,NQ.v.0
2021-11-17 21:07:00+00:00,33,1,2770,16293.75,16295.0,16285.25,16285.5,717,NQ.v.0
2021-11-17 21:08:00+00:00,33,1,2770,16285.75,16287.5,16283.75,16285.25,380,NQ.v.0
2021-11-17 21:09:00+00:00,33,1,2770,16285.75,16290.5,16284.75,16290.25,334,NQ.v.0
2021-11-17 21:10:00+00:00,33,1,2770,16290.25,16293.75,16290.25,16292.75,358,NQ.v.0
2021-11-17 21:11:00+00:00,33,1,2770,16293.0,16293.5,16290.0,16290.25,236,NQ.v.0
2021-11-17 21:12:00+00:00,33,1,2770,16290.25,16296.0,16289.5,16295.25,281,NQ.v.0
2021-11-17 21:13:00+00:00,33,1,2770,16295.75,16303.5,16295.25,16303.5,514,NQ.v.0
2021-11-17 21:14:00+00:00,33,1,2770,16303.5,16304.25,16300.25,16302.25,437,NQ.v.0
2021-11-17 21:15:00+00:00,33,1,2770,16301.5,16302.0,16296.0,16297.5,193,NQ.v.0
2021-11-17 21:16:00+00:00,33,1,2770,16297.0,16297.75,16295.5,16296.5,67,NQ.v.0
2021-11-17 21:17:00+00:00,33,1,2770,16296.0,16297.5,16295.75,16297.0,93,NQ.v.0
2021-11-17 21:18:00+00:00,33,1,2770,16297.5,16302.0,16297.5,16301.0,131,NQ.v.0
2021-11-17 21:19:00+00:00,33,1,2770,16301.25,16301.5,16300.5,16300.75,50,NQ.v.0
2021-11-17 21:20:00+00:00,33,1,2770,16301.0,16313.0,16300.75,16312.25,803,NQ.v.0
2021-11-17 21:21:00+00:00,33,1,2770,16312.5,16314.75,16310.5,16311.5,299,NQ.v.0
2021-11-17 21:22:00+00:00,33,1,2770,16311.5,16311.5,16304.0,16308.25,281,NQ.v.0
2021-11-17 21:23:00+00:00,33,1,2770,16308.0,16311.75,16307.5,16310.25,204,NQ.v.0
2021-11-17 21:24:00+00:00,33,1,2770,16310.0,16312.0,16307.25,16307.5,106,NQ.v.0
2021-11-17 21:25:00+00:00,33,1,2770,16307.25,16309.5,16306.5,16308.5,80,NQ.v.0
2021-11-17 21:26:00+00:00,33,1,2770,16308.5,16313.0,16308.25,16311.0,148,NQ.v.0
2021-11-17 21:27:00+00:00,33,1,2770,16311.25,16311.5,16308.0,16308.5,81,NQ.v.0
2021-11-17 21:28:00+00:00,33,1,2770,16308.25,16310.75,16308.25,16310.5,69,NQ.v.0
2021-11-17 21:29:00+00:00,33,1,2770,16310.0,16311.75,16309.75,16311.25,50,NQ.v.0
2021-11-17 21:30:00+00:00,33,1,2770,16311.5,16312.0,16310.0,16311.25,51,NQ.v.0
2021-11-17 21:31:00+00:00,33,1,2770,16311.75,16311.75,16308.5,16309.75,77,NQ.v.0
2021-11-17 21:32:00+00:00,33,1,2770,16310.75,16311.75,16309.5,16311.5,49,NQ.v.0
2021-11-17 21:33:00+00:00,33,1,2770,16311.25,16312.5,16310.0,16310.25,93,NQ.v.0
2021-11-17 21:34:00+00:00,33,1,2770,16310.5,16310.5,16308.75,16309.5,71,NQ.v.0
2021-11-17 21:35:00+00:00,33,1,2770,16309.75,16310.0,16308.25,16310.0,115,NQ.v.0
2021-11-17 21:36:00+00:00,33,1,2770,16310.0,16311.0,16309.0,16309.0,42,NQ.v.0
2021-11-17 21:37:00+00:00,33,1,2770,16308.5,16310.5,16308.0,16308.25,65,NQ.v.0
2021-11-17 21:38:00+00:00,33,1,2770,16309.0,16310.25,16308.5,16309.25,47,NQ.v.0
2021-11-17 21:39:00+00:00,33,1,2770,16309.0,16309.25,16308.0,16308.75,38,NQ.v.0
2021-11-17 21:40:00+00:00,33,1,2770,16308.0,16309.25,16308.0,16309.25,46,NQ.v.0
2021-11-17 21:41:00+00:00,33,1,2770,16309.0,16312.0,16309.0,16311.5,58,NQ.v.0
2021-11-17 21:42:00+00:00,33,1,2770,16311.75,16313.5,16311.25,16313.5,92,NQ.v.0
2021-11-17 21:43:00+00:00,33,1,2770,16313.5,16316.5,16313.5,16315.5,173,NQ.v.0
2021-11-17 21:44:00+00:00,33,1,2770,16315.75,16316.5,16315.0,16316.0,83,NQ.v.0
2021-11-17 21:45:00+00:00,33,1,2770,16316.5,16317.0,16315.75,16316.5,55,NQ.v.0
2021-11-17 21:46:00+00:00,33,1,2770,16316.75,16318.0,16316.75,16318.0,72,NQ.v.0
2021-11-17 21:47:00+00:00,33,1,2770,16318.25,16318.75,16316.75,16317.0,61,NQ.v.0
2021-11-17 21:48:00+00:00,33,1,2770,16317.5,16319.0,16317.25,16318.75,29,NQ.v.0
2021-11-17 21:49:00+00:00,33,1,2770,16318.75,16320.5,16318.75,16319.75,95,NQ.v.0
2021-11-17 21:50:00+00:00,33,1,2770,16320.0,16320.5,16318.0,16319.0,77,NQ.v.0
2021-11-17 21:51:00+00:00,33,1,2770,16319.25,16320.0,16318.25,16319.25,59,NQ.v.0
2021-11-17 21:52:00+00:00,33,1,2770,16319.5,16320.0,16318.5,16319.0,29,NQ.v.0
2021-11-17 21:53:00+00:00,33,1,2770,16318.75,16320.0,16318.75,16319.75,30,NQ.v.0
2021-11-17 21:54:00+00:00,33,1,2770,16319.75,16320.0,16319.5,16319.5,49,NQ.v.0
2021-11-17 21:55:00+00:00,33,1,2770,16319.75,16321.0,16319.75,16321.0,92,NQ.v.0
2021-11-17 21:56:00+00:00,33,1,2770,16321.0,16322.25,16320.75,16322.25,73,NQ.v.0
2021-11-17 21:57:00+00:00,33,1,2770,16322.25,16322.75,16321.75,16322.25,22,NQ.v.0
2021-11-17 21:58:00+00:00,33,1,2770,16322.25,16322.5,16321.75,16322.0,30,NQ.v.0
2021-11-17 21:59:00+00:00,33,1,2770,16322.25,16322.25,16321.25,16322.25,50,NQ.v.0
2021-11-17 23:00:00+00:00,33,1,2770,16322.5,16328.0,16322.25,16327.75,215,NQ.v.0
2021-11-17 23:01:00+00:00,33,1,2770,16328.0,16328.5,16326.0,16327.0,82,NQ.v.0
2021-11-17 23:02:00+00:00,33,1,2770,16327.25,16329.75,16325.5,16329.5,142,NQ.v.0
2021-11-17 23:03:00+00:00,33,1,2770,16329.5,16329.75,16328.25,16329.75,67,NQ.v.0
2021-11-17 23:04:00+00:00,33,1,2770,16329.75,16329.75,16327.25,16329.0,58,NQ.v.0
2021-11-17 23:05:00+00:00,33,1,2770,16328.75,16329.75,16328.75,16329.75,17,NQ.v.0
2021-11-17 23:06:00+00:00,33,1,2770,16329.5,16332.0,16329.5,16331.25,106,NQ.v.0
2021-11-17 23:07:00+00:00,33,1,2770,16331.0,16331.0,16328.75,16328.75,56,NQ.v.0
2021-11-17 23:08:00+00:00,33,1,2770,16329.25,16329.5,16327.25,16329.0,48,NQ.v.0
2021-11-17 23:09:00+00:00,33,1,2770,16328.5,16328.5,16326.25,16326.75,28,NQ.v.0
2021-11-17 23:10:00+00:00,33,1,2770,16327.0,16328.5,16324.75,16326.0,111,NQ.v.0
2021-11-17 23:11:00+00:00,33,1,2770,16325.5,16325.5,16323.25,16324.75,97,NQ.v.0
2021-11-17 23:12:00+00:00,33,1,2770,16324.5,16325.0,16324.25,16324.5,23,NQ.v.0
2021-11-17 23:13:00+00:00,33,1,2770,16324.75,16324.75,16323.5,16323.5,24,NQ.v.0
2021-11-17 23:14:00+00:00,33,1,2770,16323.0,16323.0,16320.75,16321.25,57,NQ.v.0
2021-11-17 23:15:00+00:00,33,1,2770,16321.5,16323.5,16321.5,16322.5,32,NQ.v.0
2021-11-17 23:16:00+00:00,33,1,2770,16322.75,16322.75,16320.25,16321.25,30,NQ.v.0
2021-11-17 23:17:00+00:00,33,1,2770,16321.25,16321.5,16320.5,16321.25,31,NQ.v.0
2021-11-17 23:18:00+00:00,33,1,2770,16321.0,16323.25,16320.5,16323.25,31,NQ.v.0
2021-11-17 23:19:00+00:00,33,1,2770,16322.75,16322.75,16321.5,16322.25,40,NQ.v.0
2021-11-17 23:20:00+00:00,33,1,2770,16322.5,16325.0,16322.25,16322.5,131,NQ.v.0
2021-11-17 23:21:00+00:00,33,1,2770,16323.0,16323.5,16322.0,16323.0,44,NQ.v.0
2021-11-17 23:22:00+00:00,33,1,2770,16322.5,16323.5,16322.5,16323.0,22,NQ.v.0
2021-11-17 23:23:00+00:00,33,1,2770,16323.25,16324.0,16320.25,16322.0,132,NQ.v.0
2021-11-17 23:24:00+00:00,33,1,2770,16321.5,16322.75,16321.5,16322.0,12,NQ.v.0
2021-11-17 23:25:00+00:00,33,1,2770,16322.0,16323.75,16321.75,16323.0,35,NQ.v.0
2021-11-17 23:26:00+00:00,33,1,2770,16322.75,16323.75,16322.5,16323.25,14,NQ.v.0
2021-11-17 23:27:00+00:00,33,1,2770,16323.0,16326.5,16322.25,16326.0,44,NQ.v.0
2021-11-17 23:28:00+00:00,33,1,2770,16326.75,16328.5,16326.75,16328.0,59,NQ.v.0
2021-11-17 23:29:00+00:00,33,1,2770,16328.25,16329.25,16327.25,16328.75,64,NQ.v.0
2021-11-17 23:30:00+00:00,33,1,2770,16328.5,16329.25,16326.5,16326.5,39,NQ.v.0
2021-11-17 23:31:00+00:00,33,1,2770,16326.5,16327.75,16325.5,16327.25,66,NQ.v.0
2021-11-17 23:32:00+00:00,33,1,2770,16328.25,16330.0,16328.0,16329.5,42,NQ.v.0
2021-11-17 23:33:00+00:00,33,1,2770,16329.75,16330.25,16328.25,16328.25,50,NQ.v.0
2021-11-17 23:34:00+00:00,33,1,2770,16328.75,16329.75,16327.25,16327.75,41,NQ.v.0
2021-11-17 23:35:00+00:00,33,1,2770,16328.25,16330.0,16328.25,16328.5,23,NQ.v.0
2021-11-17 23:36:00+00:00,33,1,2770,16328.5,16329.25,16327.5,16328.0,32,NQ.v.0
2021-11-17 23:37:00+00:00,33,1,2770,16328.25,16330.0,16328.25,16329.5,18,NQ.v.0
2021-11-17 23:38:00+00:00,33,1,2770,16330.0,16330.25,16329.25,16329.75,21,NQ.v.0
2021-11-17 23:39:00+00:00,33,1,2770,16329.75,16331.0,16329.5,16329.5,78,NQ.v.0
2021-11-17 23:40:00+00:00,33,1,2770,16329.5,16330.0,16327.25,16327.25,46,NQ.v.0
2021-11-17 23:41:00+00:00,33,1,2770,16326.75,16327.5,16326.5,16327.0,32,NQ.v.0
2021-11-17 23:42:00+00:00,33,1,2770,16327.5,16328.75,16327.5,16328.75,34,NQ.v.0
2021-11-17 23:43:00+00:00,33,1,2770,16329.0,16329.75,16328.5,16328.5,36,NQ.v.0
2021-11-17 23:44:00+00:00,33,1,2770,16328.75,16330.5,16327.75,16330.25,66,NQ.v.0
2021-11-17 23:45:00+00:00,33,1,2770,16330.25,16331.25,16328.5,16329.0,98,NQ.v.0
2021-11-17 23:46:00+00:00,33,1,2770,16329.25,16329.5,16328.75,16329.0,7,NQ.v.0
2021-11-17 23:47:00+00:00,33,1,2770,16329.5,16329.5,16329.25,16329.25,8,NQ.v.0
2021-11-17 23:48:00+00:00,33,1,2770,16329.75,16330.5,16329.5,16329.5,48,NQ.v.0
2021-11-17 23:49:00+00:00,33,1,2770,16329.5,16329.5,16328.25,16328.25,15,NQ.v.0
2021-11-17 23:50:00+00:00,33,1,2770,16328.25,16329.5,16328.25,16329.5,17,NQ.v.0
2021-11-17 23:51:00+00:00,33,1,2770,16329.25,16329.25,16327.25,16328.75,39,NQ.v.0
2021-11-17 23:52:00+00:00,33,1,2770,16329.0,16329.25,16329.0,16329.0,13,NQ.v.0
2021-11-17 23:53:00+00:00,33,1,2770,16329.0,16329.0,16328.0,16328.25,19,NQ.v.0
2021-11-17 23:54:00+00:00,33,1,2770,16328.25,16328.5,16328.25,16328.5,2,NQ.v.0
2021-11-17 23:55:00+00:00,33,1,2770,16328.75,16329.5,16328.5,16328.75,17,NQ.v.0
2021-11-17 23:56:00+00:00,33,1,2770,16328.75,16329.0,16327.75,16328.0,22,NQ.v.0
2021-11-17 23:57:00+00:00,33,1,2770,16327.75,16329.25,16327.0,16329.25,27,NQ.v.0
2021-11-17 23:58:00+00:00,33,1,2770,16329.0,16330.0,16328.5,16330.0,33,NQ.v.0
2021-11-17 23:59:00+00:00,33,1,2770,16329.5,16330.0,16328.5,16329.5,21,NQ.v.0
2021-11-18 00:00:00+00:00,33,1,2770,16329.25,16330.5,16328.5,16329.5,46,NQ.v.0
2021-11-18 00:01:00+00:00,33,1,2770,16330.0,16330.75,16328.25,16328.25,53,NQ.v.0
2021-11-18 00:02:00+00:00,33,1,2770,16328.5,16328.5,16326.25,16327.0,57,NQ.v.0
2021-11-18 00:03:00+00:00,33,1,2770,16327.0,16327.75,16326.5,16327.25,27,NQ.v.0
2021-11-18 00:04:00+00:00,33,1,2770,16327.75,16332.75,16326.75,16331.0,178,NQ.v.0
2021-11-18 00:05:00+00:00,33,1,2770,16330.5,16333.0,16329.5,16331.5,73,NQ.v.0
2021-11-18 00:06:00+00:00,33,1,2770,16331.75,16333.75,16331.5,16333.5,103,NQ.v.0
2021-11-18 00:07:00+00:00,33,1,2770,16333.25,16333.25,16331.75,16332.0,22,NQ.v.0
2021-11-18 00:08:00+00:00,33,1,2770,16331.75,16332.75,16331.75,16332.25,27,NQ.v.0
2021-11-18 00:09:00+00:00,33,1,2770,16332.0,16332.0,16330.0,16330.0,34,NQ.v.0
2021-11-18 00:10:00+00:00,33,1,2770,16330.75,16331.5,16329.5,16331.0,51,NQ.v.0
2021-11-18 00:11:00+00:00,33,1,2770,16331.0,16331.75,16330.5,16330.5,22,NQ.v.0
2021-11-18 00:12:00+00:00,33,1,2770,16331.0,16331.0,16328.5,16330.5,39,NQ.v.0
2021-11-18 00:13:00+00:00,33,1,2770,16329.5,16329.5,16327.25,16327.25,50,NQ.v.0
2021-11-18 00:14:00+00:00,33,1,2770,16327.0,16328.25,16326.0,16327.75,49,NQ.v.0
2021-11-18 00:15:00+00:00,33,1,2770,16328.25,16328.25,16326.75,16327.0,42,NQ.v.0
2021-11-18 00:16:00+00:00,33,1,2770,16327.5,16329.0,16327.5,16329.0,14,NQ.v.0
2021-11-18 00:17:00+00:00,33,1,2770,16328.75,16329.25,16328.0,16328.0,11,NQ.v.0
2021-11-18 00:18:00+00:00,33,1,2770,16328.0,16329.25,16328.0,16328.5,28,NQ.v.0
2021-11-18 00:19:00+00:00,33,1,2770,16328.75,16330.0,16328.5,16328.5,36,NQ.v.0
2021-11-18 00:20:00+00:00,33,1,2770,16328.5,16332.75,16328.5,16332.25,62,NQ.v.0
2021-11-18 00:21:00+00:00,33,1,2770,16332.5,16332.75,16331.25,16332.75,26,NQ.v.0
2021-11-18 00:22:00+00:00,33,1,2770,16333.0,16334.0,16331.5,16332.0,54,NQ.v.0
2021-11-18 00:23:00+00:00,33,1,2770,16331.75,16332.5,16331.5,16332.0,14,NQ.v.0
2021-11-18 00:24:00+00:00,33,1,2770,16332.5,16332.5,16331.25,16332.5,20,NQ.v.0
2021-11-18 00:25:00+00:00,33,1,2770,16333.0,16333.5,16332.25,16333.25,36,NQ.v.0
2021-11-18 00:26:00+00:00,33,1,2770,16333.75,16334.0,16332.0,16332.0,34,NQ.v.0
2021-11-18 00:27:00+00:00,33,1,2770,16332.25,16333.5,16332.25,16333.5,23,NQ.v.0
2021-11-18 00:28:00+00:00,33,1,2770,16332.5,16332.5,16331.0,16331.5,49,NQ.v.0
2021-11-18 00:29:00+00:00,33,1,2770,16331.75,16333.25,16331.5,16333.25,20,NQ.v.0
2021-11-18 00:30:00+00:00,33,1,2770,16333.5,16333.5,16330.75,16331.25,49,NQ.v.0
2021-11-18 00:31:00+00:00,33,1,2770,16330.5,16331.25,16330.5,16331.25,12,NQ.v.0
2021-11-18 00:32:00+00:00,33,1,2770,16331.75,16333.0,16331.75,16332.5,20,NQ.v.0
2021-11-18 00:33:00+00:00,33,1,2770,16332.5,16332.75,16331.5,16332.0,19,NQ.v.0
2021-11-18 00:34:00+00:00,33,1,2770,16332.25,16332.25,16330.75,16331.5,26,NQ.v.0
2021-11-18 00:35:00+00:00,33,1,2770,16331.25,16331.5,16330.25,16330.25,22,NQ.v.0
2021-11-18 00:36:00+00:00,33,1,2770,16330.25,16330.75,16330.0,16330.5,22,NQ.v.0
2021-11-18 00:37:00+00:00,33,1,2770,16330.5,16330.75,16329.5,16330.75,42,NQ.v.0
2021-11-18 00:38:00+00:00,33,1,2770,16331.0,16332.5,16331.0,16332.5,25,NQ.v.0
2021-11-18 00:39:00+00:00,33,1,2770,16332.5,16333.25,16332.0,16332.75,26,NQ.v.0
2021-11-18 00:40:00+00:00,33,1,2770,16333.25,16333.75,16332.75,16333.75,49,NQ.v.0
2021-11-18 00:41:00+00:00,33,1,2770,16333.5,16333.5,16332.0,16332.0,22,NQ.v.0
2021-11-18 00:42:00+00:00,33,1,2770,16332.0,16332.0,16330.75,16331.0,35,NQ.v.0
2021-11-18 00:43:00+00:00,33,1,2770,16330.75,16331.75,16330.75,16331.75,43,NQ.v.0
2021-11-18 00:44:00+00:00,33,1,2770,16332.0,16332.5,16331.5,16332.0,22,NQ.v.0
2021-11-18 00:45:00+00:00,33,1,2770,16332.25,16338.25,16332.25,16337.0,331,NQ.v.0
2021-11-18 00:46:00+00:00,33,1,2770,16337.5,16337.75,16336.0,16337.0,72,NQ.v.0
2021-11-18 00:47:00+00:00,33,1,2770,16337.0,16338.25,16336.25,16336.25,48,NQ.v.0
2021-11-18 00:48:00+00:00,33,1,2770,16336.0,16337.5,16336.0,16336.75,21,NQ.v.0
2021-11-18 00:49:00+00:00,33,1,2770,16337.0,16337.0,16334.5,16335.0,49,NQ.v.0
2021-11-18 00:50:00+00:00,33,1,2770,16335.5,16336.0,16335.25,16336.0,13,NQ.v.0
2021-11-18 00:51:00+00:00,33,1,2770,16335.75,16335.75,16333.75,16335.0,31,NQ.v.0
2021-11-18 00:52:00+00:00,33,1,2770,16334.25,16335.5,16334.25,16335.0,30,NQ.v.0
2021-11-18 00:53:00+00:00,33,1,2770,16335.0,16335.5,16334.5,16335.0,22,NQ.v.0
2021-11-18 00:54:00+00:00,33,1,2770,16334.75,16335.25,16333.75,16334.25,16,NQ.v.0
2021-11-18 00:55:00+00:00,33,1,2770,16334.0,16334.25,16332.5,16332.5,64,NQ.v.0
2021-11-18 00:56:00+00:00,33,1,2770,16333.25,16334.0,16332.5,16333.25,24,NQ.v.0
2021-11-18 00:57:00+00:00,33,1,2770,16333.75,16334.5,16333.0,16334.25,16,NQ.v.0
2021-11-18 00:58:00+00:00,33,1,2770,16334.5,16335.25,16334.0,16334.5,26,NQ.v.0
2021-11-18 00:59:00+00:00,33,1,2770,16334.25,16334.25,16331.5,16332.0,67,NQ.v.0
2021-11-18 01:00:00+00:00,33,1,2770,16332.0,16335.25,16331.75,16333.5,47,NQ.v.0
2021-11-18 01:01:00+00:00,33,1,2770,16333.75,16334.5,16331.75,16332.0,57,NQ.v.0
2021-11-18 01:02:00+00:00,33,1,2770,16332.0,16334.25,16331.75,16334.25,13,NQ.v.0
2021-11-18 01:03:00+00:00,33,1,2770,16333.75,16334.0,16333.25,16333.5,13,NQ.v.0
2021-11-18 01:04:00+00:00,33,1,2770,16333.5,16334.5,16332.5,16333.5,29,NQ.v.0
2021-11-18 01:05:00+00:00,33,1,2770,16333.75,16336.0,16333.5,16335.5,49,NQ.v.0
2021-11-18 01:06:00+00:00,33,1,2770,16335.5,16337.0,16335.0,16335.25,80,NQ.v.0
2021-11-18 01:07:00+00:00,33,1,2770,16335.5,16335.75,16334.5,16335.5,51,NQ.v.0
2021-11-18 01:08:00+00:00,33,1,2770,16335.5,16337.25,16335.25,16336.75,43,NQ.v.0
2021-11-18 01:09:00+00:00,33,1,2770,16337.0,16338.5,16337.0,16338.0,91,NQ.v.0
2021-11-18 01:10:00+00:00,33,1,2770,16336.5,16337.75,16336.5,16337.5,25,NQ.v.0
2021-11-18 01:11:00+00:00,33,1,2770,16337.75,16338.25,16336.0,16337.25,35,NQ.v.0
2021-11-18 01:12:00+00:00,33,1,2770,16336.75,16336.75,16335.75,16336.5,49,NQ.v.0
2021-11-18 01:13:00+00:00,33,1,2770,16336.75,16337.75,16335.5,16335.5,44,NQ.v.0
2021-11-18 01:14:00+00:00,33,1,2770,16335.5,16335.75,16334.25,16335.0,71,NQ.v.0
2021-11-18 01:15:00+00:00,33,1,2770,16334.5,16336.25,16333.75,16336.0,70,NQ.v.0
2021-11-18 01:16:00+00:00,33,1,2770,16336.0,16336.0,16334.5,16335.5,35,NQ.v.0
2021-11-18 01:17:00+00:00,33,1,2770,16336.5,16338.5,16335.0,16338.5,63,NQ.v.0
2021-11-18 01:18:00+00:00,33,1,2770,16338.0,16338.5,16335.75,16336.5,56,NQ.v.0
2021-11-18 01:19:00+00:00,33,1,2770,16336.75,16337.0,16336.0,16336.75,29,NQ.v.0
2021-11-18 01:20:00+00:00,33,1,2770,16337.0,16338.25,16336.75,16337.25,70,NQ.v.0
2021-11-18 01:21:00+00:00,33,1,2770,16337.25,16338.5,16337.0,16337.75,24,NQ.v.0
2021-11-18 01:22:00+00:00,33,1,2770,16337.75,16337.75,16335.5,16335.5,22,NQ.v.0
2021-11-18 01:23:00+00:00,33,1,2770,16335.5,16336.25,16335.0,16335.75,35,NQ.v.0
2021-11-18 01:24:00+00:00,33,1,2770,16336.0,16336.0,16334.75,16334.75,26,NQ.v.0
2021-11-18 01:25:00+00:00,33,1,2770,16334.5,16338.0,16334.25,16337.5,52,NQ.v.0
2021-11-18 01:26:00+00:00,33,1,2770,16338.0,16338.0,16337.0,16337.5,10,NQ.v.0
2021-11-18 01:27:00+00:00,33,1,2770,16337.0,16339.25,16336.75,16338.0,90,NQ.v.0
2021-11-18 01:28:00+00:00,33,1,2770,16337.75,16341.0,16337.5,16339.75,125,NQ.v.0
2021-11-18 01:29:00+00:00,33,1,2770,16339.25,16339.75,16337.5,16338.25,46,NQ.v.0
2021-11-18 01:30:00+00:00,33,1,2770,16337.5,16338.0,16336.5,16337.0,71,NQ.v.0
2021-11-18 01:31:00+00:00,33,1,2770,16336.75,16338.75,16336.0,16338.75,49,NQ.v.0
2021-11-18 01:32:00+00:00,33,1,2770,16338.25,16339.25,16337.75,16339.25,36,NQ.v.0
2021-11-18 01:33:00+00:00,33,1,2770,16338.75,16338.75,16337.25,16337.25,16,NQ.v.0
2021-11-18 01:34:00+00:00,33,1,2770,16337.75,16339.0,16337.75,16338.25,34,NQ.v.0
2021-11-18 01:35:00+00:00,33,1,2770,16338.75,16340.0,16338.25,16338.75,21,NQ.v.0
2021-11-18 01:36:00+00:00,33,1,2770,16338.75,16339.0,16338.0,16338.5,30,NQ.v.0
2021-11-18 01:37:00+00:00,33,1,2770,16338.5,16339.5,16338.0,16339.0,15,NQ.v.0
2021-11-18 01:38:00+00:00,33,1,2770,16339.5,16340.0,16338.25,16338.25,20,NQ.v.0
2021-11-18 01:39:00+00:00,33,1,2770,16339.0,16339.75,16338.0,16338.0,15,NQ.v.0
2021-11-18 01:40:00+00:00,33,1,2770,16337.75,16339.5,16337.25,16339.25,67,NQ.v.0
2021-11-18 01:41:00+00:00,33,1,2770,16339.5,16341.0,16339.25,16340.0,84,NQ.v.0
2021-11-18 01:42:00+00:00,33,1,2770,16339.75,16339.75,16337.5,16338.25,24,NQ.v.0
2021-11-18 01:43:00+00:00,33,1,2770,16338.0,16338.25,16336.0,16336.75,70,NQ.v.0
2021-11-18 01:44:00+00:00,33,1,2770,16337.25,16337.75,16336.5,16336.5,24,NQ.v.0
2021-11-18 01:45:00+00:00,33,1,2770,16336.25,16339.0,16335.5,16338.75,91,NQ.v.0
2021-11-18 01:46:00+00:00,33,1,2770,16338.5,16339.5,16338.25,16338.5,63,NQ.v.0
2021-11-18 01:47:00+00:00,33,1,2770,16338.5,16339.5,16337.0,16337.75,40,NQ.v.0
2021-11-18 01:48:00+00:00,33,1,2770,16338.0,16338.5,16337.25,16337.5,15,NQ.v.0
2021-11-18 01:49:00+00:00,33,1,2770,16338.0,16339.5,16337.0,16339.0,50,NQ.v.0
2021-11-18 01:50:00+00:00,33,1,2770,16339.0,16339.75,16337.5,16338.5,29,NQ.v.0
2021-11-18 01:51:00+00:00,33,1,2770,16338.5,16338.75,16336.75,16337.0,55,NQ.v.0
2021-11-18 01:52:00+00:00,33,1,2770,16337.0,16337.5,16336.0,16336.5,48,NQ.v.0
2021-11-18 01:53:00+00:00,33,1,2770,16336.5,16336.75,16335.5,16336.25,29,NQ.v.0
2021-11-18 01:54:00+00:00,33,1,2770,16336.25,16337.0,16336.0,16336.5,32,NQ.v.0
2021-11-18 01:55:00+00:00,33,1,2770,16336.75,16338.25,16336.75,16338.0,25,NQ.v.0
2021-11-18 01:56:00+00:00,33,1,2770,16338.5,16339.0,16337.75,16338.25,29,NQ.v.0
2021-11-18 01:57:00+00:00,33,1,2770,16338.0,16339.5,16337.75,16339.5,33,NQ.v.0
2021-11-18 01:58:00+00:00,33,1,2770,16339.0,16339.75,16338.0,16338.0,26,NQ.v.0
2021-11-18 01:59:00+00:00,33,1,2770,16337.75,16338.5,16337.5,16338.0,34,NQ.v.0
2021-11-18 02:00:00+00:00,33,1,2770,16338.0,16339.25,16338.0,16338.75,45,NQ.v.0
2021-11-18 02:01:00+00:00,33,1,2770,16338.75,16339.75,16338.5,16339.5,46,NQ.v.0
2021-11-18 02:02:00+00:00,33,1,2770,16339.5,16340.75,16339.5,16340.25,38,NQ.v.0
2021-11-18 02:03:00+00:00,33,1,2770,16340.5,16341.25,16339.5,16340.25,64,NQ.v.0
2021-11-18 02:04:00+00:00,33,1,2770,16339.5,16340.0,16338.75,16339.0,27,NQ.v.0
2021-11-18 02:05:00+00:00,33,1,2770,16339.75,16340.25,16338.5,16338.75,52,NQ.v.0
2021-11-18 02:06:00+00:00,33,1,2770,16339.0,16340.0,16339.0,16339.5,24,NQ.v.0
2021-11-18 02:07:00+00:00,33,1,2770,16339.0,16339.5,16338.75,16338.75,12,NQ.v.0
2021-11-18 02:08:00+00:00,33,1,2770,16339.0,16339.0,16337.5,16337.5,47,NQ.v.0
2021-11-18 02:09:00+00:00,33,1,2770,16337.5,16338.75,16335.75,16336.25,144,NQ.v.0
2021-11-18 02:10:00+00:00,33,1,2770,16335.75,16339.0,16335.5,16338.25,104,NQ.v.0
2021-11-18 02:11:00+00:00,33,1,2770,16338.75,16338.75,16336.25,16336.25,35,NQ.v.0
2021-11-18 02:12:00+00:00,33,1,2770,16337.25,16337.25,16333.5,16335.0,82,NQ.v.0
2021-11-18 02:13:00+00:00,33,1,2770,16335.0,16335.0,16332.75,16332.75,56,NQ.v.0
2021-11-18 02:14:00+00:00,33,1,2770,16332.75,16335.5,16332.5,16335.5,35,NQ.v.0
2021-11-18 02:15:00+00:00,33,1,2770,16334.5,16334.75,16333.0,16333.0,40,NQ.v.0
2021-11-18 02:16:00+00:00,33,1,2770,16333.5,16333.5,16330.75,16331.0,133,NQ.v.0
2021-11-18 02:17:00+00:00,33,1,2770,16330.75,16332.0,16330.25,16331.75,53,NQ.v.0
2021-11-18 02:18:00+00:00,33,1,2770,16332.0,16332.0,16330.5,16331.25,41,NQ.v.0
2021-11-18 02:19:00+00:00,33,1,2770,16331.0,16331.5,16329.25,16330.25,44,NQ.v.0
2021-11-18 02:20:00+00:00,33,1,2770,16330.25,16331.0,16330.0,16331.0,34,NQ.v.0
2021-11-18 02:21:00+00:00,33,1,2770,16331.25,16331.25,16328.5,16330.5,59,NQ.v.0
2021-11-18 02:22:00+00:00,33,1,2770,16330.25,16331.5,16330.0,16331.5,39,NQ.v.0
2021-11-18 02:23:00+00:00,33,1,2770,16331.0,16331.75,16330.0,16331.75,26,NQ.v.0
2021-11-18 02:24:00+00:00,33,1,2770,16331.25,16331.25,16330.75,16330.75,8,NQ.v.0
2021-11-18 02:25:00+00:00,33,1,2770,16330.25,16333.25,16330.25,16333.0,41,NQ.v.0
2021-11-18 02:26:00+00:00,33,1,2770,16333.0,16334.0,16332.0,16334.0,25,NQ.v.0
2021-11-18 02:27:00+00:00,33,1,2770,16334.0,16334.25,16332.75,16334.0,64,NQ.v.0
2021-11-18 02:28:00+00:00,33,1,2770,16334.0,16335.25,16332.75,16334.75,45,NQ.v.0
2021-11-18 02:29:00+00:00,33,1,2770,16334.75,16335.75,16334.0,16335.5,27,NQ.v.0
2021-11-18 02:30:00+00:00,33,1,2770,16335.75,16336.75,16334.0,16336.5,70,NQ.v.0
2021-11-18 02:31:00+00:00,33,1,2770,16336.5,16338.0,16336.25,16338.0,55,NQ.v.0
2021-11-18 02:32:00+00:00,33,1,2770,16338.25,16339.5,16337.25,16337.5,49,NQ.v.0
2021-11-18 02:33:00+00:00,33,1,2770,16337.5,16337.75,16336.5,16337.25,34,NQ.v.0
2021-11-18 02:34:00+00:00,33,1,2770,16337.75,16337.75,16336.5,16336.75,21,NQ.v.0
2021-11-18 02:35:00+00:00,33,1,2770,16337.0,16337.25,16336.25,16337.25,28,NQ.v.0
2021-11-18 02:36:00+00:00,33,1,2770,16337.0,16338.5,16336.75,16338.5,30,NQ.v.0
2021-11-18 02:37:00+00:00,33,1,2770,16338.0,16339.75,16338.0,16339.5,52,NQ.v.0
2021-11-18 02:38:00+00:00,33,1,2770,16339.75,16342.0,16339.5,16341.75,76,NQ.v.0
2021-11-18 02:39:00+00:00,33,1,2770,16342.0,16343.0,16341.5,16342.25,113,NQ.v.0
2021-11-18 02:40:00+00:00,33,1,2770,16342.0,16342.0,16340.5,16341.5,39,NQ.v.0
2021-11-18 02:41:00+00:00,33,1,2770,16341.0,16342.75,16341.0,16342.5,18,NQ.v.0
2021-11-18 02:42:00+00:00,33,1,2770,16342.25,16342.25,16339.25,16339.5,47,NQ.v.0
2021-11-18 02:43:00+00:00,33,1,2770,16339.75,16339.75,16338.75,16338.75,17,NQ.v.0
2021-11-18 02:44:00+00:00,33,1,2770,16338.5,16339.5,16338.5,16339.0,22,NQ.v.0
2021-11-18 02:45:00+00:00,33,1,2770,16338.5,16339.25,16337.75,16338.75,23,NQ.v.0
2021-11-18 02:46:00+00:00,33,1,2770,16339.25,16339.75,16339.0,16339.0,13,NQ.v.0
2021-11-18 02:47:00+00:00,33,1,2770,16338.75,16338.75,16337.75,16338.75,32,NQ.v.0
2021-11-18 02:48:00+00:00,33,1,2770,16338.25,16338.5,16337.75,16338.25,17,NQ.v.0
2021-11-18 02:49:00+00:00,33,1,2770,16338.25,16340.0,16338.25,16339.5,19,NQ.v.0
2021-11-18 02:50:00+00:00,33,1,2770,16339.0,16341.5,16339.0,16341.5,46,NQ.v.0
2021-11-18 02:51:00+00:00,33,1,2770,16341.0,16341.25,16340.0,16340.0,20,NQ.v.0
2021-11-18 02:52:00+00:00,33,1,2770,16339.75,16339.75,16337.75,16337.75,21,NQ.v.0
2021-11-18 02:53:00+00:00,33,1,2770,16337.75,16338.0,16337.25,16337.25,22,NQ.v.0
2021-11-18 02:54:00+00:00,33,1,2770,16337.75,16338.0,16336.0,16336.0,25,NQ.v.0
2021-11-18 02:55:00+00:00,33,1,2770,16336.25,16337.75,16336.25,16337.75,25,NQ.v.0
2021-11-18 02:56:00+00:00,33,1,2770,16338.0,16338.5,16337.5,16337.75,47,NQ.v.0
2021-11-18 02:57:00+00:00,33,1,2770,16338.0,16338.0,16335.5,16336.0,29,NQ.v.0
2021-11-18 02:58:00+00:00,33,1,2770,16335.5,16336.25,16335.25,16336.0,25,NQ.v.0
2021-11-18 02:59:00+00:00,33,1,2770,16336.0,16336.25,16335.25,16335.25,26,NQ.v.0
2021-11-18 03:00:00+00:00,33,1,2770,16335.75,16336.25,16334.75,16335.0,36,NQ.v.0
2021-11-18 03:01:00+00:00,33,1,2770,16334.5,16335.0,16333.75,16333.75,33,NQ.v.0
2021-11-18 03:02:00+00:00,33,1,2770,16334.5,16334.5,16333.5,16333.5,14,NQ.v.0
2021-11-18 03:03:00+00:00,33,1,2770,16333.25,16333.75,16332.25,16333.25,43,NQ.v.0
2021-11-18 03:04:00+00:00,33,1,2770,16333.5,16335.0,16333.25,16335.0,19,NQ.v.0
2021-11-18 03:05:00+00:00,33,1,2770,16335.5,16338.5,16335.5,16338.0,83,NQ.v.0
2021-11-18 03:06:00+00:00,33,1,2770,16337.0,16339.0,16336.0,16338.5,50,NQ.v.0
2021-11-18 03:07:00+00:00,33,1,2770,16338.25,16340.0,16337.5,16338.5,101,NQ.v.0
2021-11-18 03:08:00+00:00,33,1,2770,16338.0,16338.0,16336.25,16337.0,21,NQ.v.0
2021-11-18 03:09:00+00:00,33,1,2770,16336.75,16336.75,16336.0,16336.0,16,NQ.v.0
2021-11-18 03:10:00+00:00,33,1,2770,16335.75,16335.75,16335.25,16335.5,16,NQ.v.0
2021-11-18 03:11:00+00:00,33,1,2770,16335.75,16337.0,16335.75,16336.0,14,NQ.v.0
2021-11-18 03:12:00+00:00,33,1,2770,16337.25,16337.75,16337.25,16337.75,19,NQ.v.0
2021-11-18 03:13:00+00:00,33,1,2770,16338.25,16338.25,16336.25,16336.5,34,NQ.v.0
2021-11-18 03:14:00+00:00,33,1,2770,16336.5,16337.75,16336.0,16337.25,14,NQ.v.0
2021-11-18 03:15:00+00:00,33,1,2770,16336.5,16337.0,16336.5,16336.5,7,NQ.v.0
2021-11-18 03:16:00+00:00,33,1,2770,16337.25,16338.5,16337.0,16337.25,17,NQ.v.0
2021-11-18 03:17:00+00:00,33,1,2770,16337.25,16337.25,16336.0,16336.5,9,NQ.v.0
2021-11-18 03:18:00+00:00,33,1,2770,16336.5,16337.0,16336.5,16336.5,6,NQ.v.0
2021-11-18 03:19:00+00:00,33,1,2770,16336.0,16336.0,16335.0,16335.25,15,NQ.v.0
2021-11-18 03:20:00+00:00,33,1,2770,16335.0,16336.0,16335.0,16335.75,20,NQ.v.0
2021-11-18 03:21:00+00:00,33,1,2770,16335.75,16337.5,16334.5,16337.5,29,NQ.v.0
2021-11-18 03:22:00+00:00,33,1,2770,16337.75,16338.25,16336.75,16337.25,29,NQ.v.0
2021-11-18 03:23:00+00:00,33,1,2770,16337.0,16337.0,16336.0,16336.25,18,NQ.v.0
2021-11-18 03:24:00+00:00,33,1,2770,16336.0,16336.0,16335.5,16335.75,12,NQ.v.0
2021-11-18 03:25:00+00:00,33,1,2770,16336.25,16336.5,16336.0,16336.5,13,NQ.v.0
2021-11-18 03:26:00+00:00,33,1,2770,16336.25,16336.25,16334.5,16335.5,40,NQ.v.0
2021-11-18 03:27:00+00:00,33,1,2770,16336.0,16338.0,16336.0,16337.5,14,NQ.v.0
2021-11-18 03:28:00+00:00,33,1,2770,16337.25,16337.25,16336.5,16336.5,5,NQ.v.0
2021-11-18 03:29:00+00:00,33,1,2770,16336.75,16337.75,16336.75,16337.75,11,NQ.v.0
2021-11-18 03:30:00+00:00,33,1,2770,16336.25,16338.0,16336.25,16337.25,19,NQ.v.0
2021-11-18 03:31:00+00:00,33,1,2770,16337.75,16338.25,16337.75,16338.25,10,NQ.v.0
2021-11-18 03:32:00+00:00,33,1,2770,16338.5,16338.75,16338.25,16338.5,13,NQ.v.0
2021-11-18 03:33:00+00:00,33,1,2770,16338.25,16339.25,16337.5,16338.0,24,NQ.v.0
2021-11-18 03:34:00+00:00,33,1,2770,16337.75,16337.75,16337.0,16337.0,8,NQ.v.0
2021-11-18 03:35:00+00:00,33,1,2770,16337.0,16340.5,16337.0,16340.5,66,NQ.v.0
2021-11-18 03:36:00+00:00,33,1,2770,16341.0,16342.0,16340.75,16341.5,56,NQ.v.0
2021-11-18 03:37:00+00:00,33,1,2770,16341.0,16341.75,16340.0,16340.0,19,NQ.v.0
2021-11-18 03:38:00+00:00,33,1,2770,16339.25,16339.75,16338.75,16338.75,21,NQ.v.0
2021-11-18 03:39:00+00:00,33,1,2770,16339.0,16339.5,16339.0,16339.0,6,NQ.v.0
2021-11-18 03:40:00+00:00,33,1,2770,16338.5,16339.0,16337.0,16338.5,36,NQ.v.0
2021-11-18 03:41:00+00:00,33,1,2770,16339.0,16339.0,16338.5,16338.5,6,NQ.v.0
2021-11-18 03:42:00+00:00,33,1,2770,16339.0,16340.0,16338.5,16340.0,14,NQ.v.0
2021-11-18 03:43:00+00:00,33,1,2770,16339.25,16339.75,16338.75,16338.75,11,NQ.v.0
2021-11-18 03:44:00+00:00,33,1,2770,16339.25,16340.75,16338.75,16339.25,43,NQ.v.0
2021-11-18 03:45:00+00:00,33,1,2770,16339.5,16341.25,16339.5,16341.25,27,NQ.v.0
2021-11-18 03:46:00+00:00,33,1,2770,16341.5,16343.0,16341.5,16342.25,59,NQ.v.0
2021-11-18 03:47:00+00:00,33,1,2770,16342.5,16342.5,16341.25,16341.75,24,NQ.v.0
2021-11-18 03:48:00+00:00,33,1,2770,16342.0,16342.75,16341.5,16341.5,37,NQ.v.0
2021-11-18 03:49:00+00:00,33,1,2770,16342.25,16343.0,16341.75,16342.5,34,NQ.v.0
2021-11-18 03:50:00+00:00,33,1,2770,16342.25,16346.5,16342.25,16345.25,135,NQ.v.0
2021-11-18 03:51:00+00:00,33,1,2770,16345.75,16346.5,16344.25,16344.25,51,NQ.v.0
2021-11-18 03:52:00+00:00,33,1,2770,16344.25,16344.25,16343.25,16343.5,30,NQ.v.0
2021-11-18 03:53:00+00:00,33,1,2770,16343.25,16345.75,16343.25,16343.75,50,NQ.v.0
2021-11-18 03:54:00+00:00,33,1,2770,16343.5,16343.5,16342.5,16342.5,31,NQ.v.0
2021-11-18 03:55:00+00:00,33,1,2770,16343.5,16344.0,16343.0,16343.25,27,NQ.v.0
2021-11-18 03:56:00+00:00,33,1,2770,16343.25,16343.75,16342.25,16342.5,17,NQ.v.0
2021-11-18 03:57:00+00:00,33,1,2770,16342.5,16342.5,16341.5,16341.75,13,NQ.v.0
2021-11-18 03:58:00+00:00,33,1,2770,16341.5,16341.75,16340.25,16340.25,21,NQ.v.0
2021-11-18 03:59:00+00:00,33,1,2770,16340.5,16341.0,16338.75,16340.5,61,NQ.v.0
2021-11-18 04:00:00+00:00,33,1,2770,16340.25,16341.25,16340.25,16341.25,21,NQ.v.0
2021-11-18 04:01:00+00:00,33,1,2770,16342.0,16342.25,16341.0,16342.25,13,NQ.v.0
2021-11-18 04:02:00+00:00,33,1,2770,16342.25,16342.25,16341.25,16341.25,10,NQ.v.0
2021-11-18 04:03:00+00:00,33,1,2770,16341.75,16342.25,16341.75,16342.25,3,NQ.v.0
2021-11-18 04:04:00+00:00,33,1,2770,16342.5,16343.75,16342.5,16342.5,30,NQ.v.0
2021-11-18 04:05:00+00:00,33,1,2770,16343.25,16343.75,16342.75,16343.75,23,NQ.v.0
2021-11-18 04:06:00+00:00,33,1,2770,16343.5,16344.75,16343.5,16344.25,25,NQ.v.0
2021-11-18 04:07:00+00:00,33,1,2770,16344.0,16344.5,16343.0,16343.0,15,NQ.v.0
2021-11-18 04:08:00+00:00,33,1,2770,16342.75,16342.75,16341.5,16341.75,17,NQ.v.0
2021-11-18 04:09:00+00:00,33,1,2770,16341.5,16342.0,16341.25,16341.5,16,NQ.v.0
2021-11-18 04:10:00+00:00,33,1,2770,16342.0,16342.25,16341.5,16341.5,13,NQ.v.0
2021-11-18 04:11:00+00:00,33,1,2770,16342.0,16343.5,16342.0,16342.75,12,NQ.v.0
2021-11-18 04:12:00+00:00,33,1,2770,16342.5,16343.0,16342.5,16342.75,7,NQ.v.0
2021-11-18 04:13:00+00:00,33,1,2770,16342.75,16342.75,16339.5,16340.75,56,NQ.v.0
2021-11-18 04:14:00+00:00,33,1,2770,16340.5,16341.0,16339.75,16340.0,14,NQ.v.0
2021-11-18 04:15:00+00:00,33,1,2770,16340.5,16341.0,16340.25,16340.5,12,NQ.v.0
2021-11-18 04:16:00+00:00,33,1,2770,16340.5,16340.75,16340.5,16340.75,3,NQ.v.0
2021-11-18 04:17:00+00:00,33,1,2770,16340.25,16342.0,16340.25,16342.0,19,NQ.v.0
2021-11-18 04:18:00+00:00,33,1,2770,16341.5,16343.25,16341.0,16343.0,19,NQ.v.0
2021-11-18 04:19:00+00:00,33,1,2770,16343.25,16343.25,16342.75,16342.75,3,NQ.v.0
2021-11-18 04:20:00+00:00,33,1,2770,16343.0,16343.0,16342.25,16342.5,20,NQ.v.0
2021-11-18 04:21:00+00:00,33,1,2770,16342.75,16343.0,16342.5,16342.75,9,NQ.v.0
2021-11-18 04:22:00+00:00,33,1,2770,16343.25,16344.75,16343.25,16344.0,25,NQ.v.0
2021-11-18 04:23:00+00:00,33,1,2770,16343.25,16343.25,16342.75,16343.25,3,NQ.v.0
2021-11-18 04:24:00+00:00,33,1,2770,16343.25,16344.25,16343.0,16343.5,13,NQ.v.0
2021-11-18 04:25:00+00:00,33,1,2770,16342.75,16343.75,16342.75,16343.75,3,NQ.v.0
2021-11-18 04:26:00+00:00,33,1,2770,16342.5,16342.5,16342.25,16342.25,4,NQ.v.0
2021-11-18 04:27:00+00:00,33,1,2770,16343.25,16343.25,16342.5,16342.5,13,NQ.v.0
2021-11-18 04:28:00+00:00,33,1,2770,16342.25,16343.5,16342.25,16343.5,13,NQ.v.0
2021-11-18 04:29:00+00:00,33,1,2770,16342.75,16342.75,16342.5,16342.5,2,NQ.v.0
2021-11-18 04:30:00+00:00,33,1,2770,16343.0,16343.0,16342.25,16342.25,9,NQ.v.0
2021-11-18 04:31:00+00:00,33,1,2770,16342.5,16343.25,16342.5,16343.25,27,NQ.v.0
2021-11-18 04:32:00+00:00,33,1,2770,16344.0,16344.5,16344.0,16344.25,14,NQ.v.0
2021-11-18 04:33:00+00:00,33,1,2770,16344.0,16344.25,16344.0,16344.0,5,NQ.v.0
2021-11-18 04:34:00+00:00,33,1,2770,16343.75,16343.75,16343.25,16343.25,5,NQ.v.0
2021-11-18 04:35:00+00:00,33,1,2770,16343.0,16343.5,16343.0,16343.5,5,NQ.v.0
2021-11-18 04:36:00+00:00,33,1,2770,16343.25,16343.75,16343.25,16343.75,6,NQ.v.0
2021-11-18 04:37:00+00:00,33,1,2770,16343.0,16343.0,16342.0,16342.75,55,NQ.v.0
2021-11-18 04:38:00+00:00,33,1,2770,16342.5,16342.5,16340.75,16340.75,36,NQ.v.0
2021-11-18 04:39:00+00:00,33,1,2770,16341.25,16342.25,16341.25,16342.25,13,NQ.v.0
2021-11-18 04:40:00+00:00,33,1,2770,16342.0,16342.0,16341.5,16341.75,5,NQ.v.0
2021-11-18 04:41:00+00:00,33,1,2770,16341.5,16342.0,16341.5,16342.0,6,NQ.v.0
2021-11-18 04:42:00+00:00,33,1,2770,16342.25,16342.25,16341.25,16341.25,7,NQ.v.0
2021-11-18 04:43:00+00:00,33,1,2770,16340.75,16341.75,16340.75,16341.75,10,NQ.v.0
2021-11-18 04:44:00+00:00,33,1,2770,16341.25,16341.25,16341.25,16341.25,1,NQ.v.0
2021-11-18 04:45:00+00:00,33,1,2770,16341.0,16342.0,16341.0,16342.0,5,NQ.v.0
2021-11-18 04:46:00+00:00,33,1,2770,16342.0,16342.25,16341.75,16342.25,11,NQ.v.0
2021-11-18 04:47:00+00:00,33,1,2770,16342.5,16342.5,16341.5,16341.5,5,NQ.v.0
2021-11-18 04:48:00+00:00,33,1,2770,16341.75,16342.25,16341.5,16342.25,10,NQ.v.0
2021-11-18 04:49:00+00:00,33,1,2770,16342.0,16342.25,16342.0,16342.0,4,NQ.v.0
2021-11-18 04:50:00+00:00,33,1,2770,16342.5,16342.75,16342.5,16342.75,5,NQ.v.0
2021-11-18 04:51:00+00:00,33,1,2770,16342.75,16344.0,16342.75,16344.0,14,NQ.v.0
2021-11-18 04:52:00+00:00,33,1,2770,16343.75,16344.25,16343.5,16344.25,11,NQ.v.0
2021-11-18 04:53:00+00:00,33,1,2770,16344.0,16344.25,16343.25,16343.75,8,NQ.v.0
2021-11-18 04:54:00+00:00,33,1,2770,16344.0,16344.0,16343.5,16343.75,5,NQ.v.0
2021-11-18 04:55:00+00:00,33,1,2770,16344.25,16344.25,16343.25,16343.25,7,NQ.v.0
2021-11-18 04:56:00+00:00,33,1,2770,16343.5,16343.75,16342.75,16343.0,14,NQ.v.0
2021-11-18 04:57:00+00:00,33,1,2770,16343.25,16346.25,16342.5,16346.25,66,NQ.v.0
2021-11-18 04:58:00+00:00,33,1,2770,16345.75,16346.75,16344.75,16346.25,58,NQ.v.0
2021-11-18 04:59:00+00:00,33,1,2770,16346.0,16348.5,16346.0,16346.75,105,NQ.v.0
2021-11-18 05:00:00+00:00,33,1,2770,16347.0,16349.25,16346.25,16348.0,103,NQ.v.0
2021-11-18 05:01:00+00:00,33,1,2770,16348.0,16349.0,16348.0,16348.5,26,NQ.v.0
2021-11-18 05:02:00+00:00,33,1,2770,16348.0,16348.5,16347.25,16347.5,24,NQ.v.0
2021-11-18 05:03:00+00:00,33,1,2770,16347.0,16347.0,16346.25,16346.75,36,NQ.v.0
2021-11-18 05:04:00+00:00,33,1,2770,16347.0,16353.25,16347.0,16351.75,244,NQ.v.0
2021-11-18 05:05:00+00:00,33,1,2770,16351.5,16353.25,16350.25,16351.75,127,NQ.v.0
2021-11-18 05:06:00+00:00,33,1,2770,16351.5,16352.5,16348.25,16348.75,52,NQ.v.0
2021-11-18 05:07:00+00:00,33,1,2770,16348.75,16350.75,16348.25,16349.0,54,NQ.v.0
2021-11-18 05:08:00+00:00,33,1,2770,16349.0,16350.5,16348.75,16350.5,49,NQ.v.0
2021-11-18 05:09:00+00:00,33,1,2770,16350.25,16351.0,16348.5,16349.0,70,NQ.v.0
2021-11-18 05:10:00+00:00,33,1,2770,16349.0,16349.0,16346.5,16348.0,121,NQ.v.0
2021-11-18 05:11:00+00:00,33,1,2770,16348.5,16349.5,16348.25,16348.25,29,NQ.v.0
2021-11-18 05:12:00+00:00,33,1,2770,16348.5,16349.0,16347.5,16348.5,20,NQ.v.0
2021-11-18 05:13:00+00:00,33,1,2770,16348.25,16348.5,16347.75,16348.25,19,NQ.v.0
2021-11-18 05:14:00+00:00,33,1,2770,16348.25,16350.0,16348.0,16349.25,51,NQ.v.0
2021-11-18 05:15:00+00:00,33,1,2770,16349.5,16350.0,16348.0,16348.25,25,NQ.v.0
2021-11-18 05:16:00+00:00,33,1,2770,16348.5,16349.25,16347.75,16348.25,38,NQ.v.0
2021-11-18 05:17:00+00:00,33,1,2770,16348.0,16348.25,16347.5,16347.5,33,NQ.v.0
2021-11-18 05:18:00+00:00,33,1,2770,16347.25,16347.25,16345.5,16345.75,59,NQ.v.0
2021-11-18 05:19:00+00:00,33,1,2770,16346.0,16347.0,16345.25,16346.0,49,NQ.v.0
2021-11-18 05:20:00+00:00,33,1,2770,16346.0,16347.0,16346.0,16346.5,17,NQ.v.0
2021-11-18 05:21:00+00:00,33,1,2770,16346.75,16347.25,16345.75,16347.0,62,NQ.v.0
2021-11-18 05:22:00+00:00,33,1,2770,16346.5,16347.0,16345.75,16346.25,32,NQ.v.0
2021-11-18 05:23:00+00:00,33,1,2770,16346.75,16346.75,16345.75,16346.0,20,NQ.v.0
2021-11-18 05:24:00+00:00,33,1,2770,16346.25,16346.75,16346.25,16346.25,9,NQ.v.0
2021-11-18 05:25:00+00:00,33,1,2770,16346.0,16347.25,16345.75,16347.25,15,NQ.v.0
2021-11-18 05:26:00+00:00,33,1,2770,16347.5,16347.5,16346.25,16346.5,11,NQ.v.0
2021-11-18 05:27:00+00:00,33,1,2770,16346.75,16348.5,16346.75,16348.5,14,NQ.v.0
2021-11-18 05:28:00+00:00,33,1,2770,16347.5,16348.25,16347.25,16347.75,11,NQ.v.0
2021-11-18 05:29:00+00:00,33,1,2770,16347.5,16347.5,16346.75,16347.0,24,NQ.v.0
2021-11-18 05:30:00+00:00,33,1,2770,16346.5,16347.75,16346.0,16347.75,32,NQ.v.0
2021-11-18 05:31:00+00:00,33,1,2770,16347.75,16348.5,16347.5,16348.5,39,NQ.v.0
2021-11-18 05:32:00+00:00,33,1,2770,16348.5,16350.5,16348.5,16349.5,68,NQ.v.0
2021-11-18 05:33:00+00:00,33,1,2770,16349.0,16349.5,16348.25,16348.75,15,NQ.v.0
2021-11-18 05:34:00+00:00,33,1,2770,16348.75,16350.25,16348.75,16349.5,36,NQ.v.0
2021-11-18 05:35:00+00:00,33,1,2770,16349.25,16350.5,16349.0,16350.25,26,NQ.v.0
2021-11-18 05:36:00+00:00,33,1,2770,16350.0,16350.0,16349.0,16349.0,20,NQ.v.0
2021-11-18 05:37:00+00:00,33,1,2770,16349.0,16349.25,16348.5,16348.5,7,NQ.v.0
2021-11-18 05:38:00+00:00,33,1,2770,16348.75,16349.0,16348.0,16349.0,20,NQ.v.0
2021-11-18 05:39:00+00:00,33,1,2770,16348.25,16348.25,16348.25,16348.25,5,NQ.v.0
2021-11-18 05:40:00+00:00,33,1,2770,16348.0,16348.75,16347.75,16348.5,14,NQ.v.0
2021-11-18 05:41:00+00:00,33,1,2770,16348.25,16349.75,16348.0,16349.75,26,NQ.v.0
2021-11-18 05:42:00+00:00,33,1,2770,16349.0,16350.0,16348.5,16350.0,9,NQ.v.0
2021-11-18 05:43:00+00:00,33,1,2770,16348.75,16349.0,16348.25,16348.25,20,NQ.v.0
2021-11-18 05:44:00+00:00,33,1,2770,16348.5,16349.0,16348.25,16349.0,16,NQ.v.0
2021-11-18 05:45:00+00:00,33,1,2770,16349.0,16349.0,16348.0,16348.0,13,NQ.v.0
2021-11-18 05:46:00+00:00,33,1,2770,16348.75,16348.75,16347.0,16347.25,30,NQ.v.0
2021-11-18 05:47:00+00:00,33,1,2770,16347.5,16347.75,16347.0,16347.25,14,NQ.v.0
2021-11-18 05:48:00+00:00,33,1,2770,16347.5,16347.5,16346.75,16347.5,17,NQ.v.0
2021-11-18 05:49:00+00:00,33,1,2770,16347.0,16347.0,16346.25,16346.75,13,NQ.v.0
2021-11-18 05:50:00+00:00,33,1,2770,16346.5,16346.75,16345.75,16346.5,26,NQ.v.0
2021-11-18 05:51:00+00:00,33,1,2770,16345.75,16345.75,16344.5,16345.0,68,NQ.v.0
2021-11-18 05:52:00+00:00,33,1,2770,16345.0,16345.0,16343.0,16343.5,48,NQ.v.0
2021-11-18 05:53:00+00:00,33,1,2770,16343.5,16344.0,16341.75,16342.5,60,NQ.v.0
2021-11-18 05:54:00+00:00,33,1,2770,16342.5,16345.5,16342.5,16343.5,42,NQ.v.0
2021-11-18 05:55:00+00:00,33,1,2770,16343.75,16345.5,16343.0,16345.0,53,NQ.v.0
2021-11-18 05:56:00+00:00,33,1,2770,16345.5,16345.75,16345.25,16345.25,8,NQ.v.0
2021-11-18 05:57:00+00:00,33,1,2770,16345.75,16345.75,16344.25,16345.0,26,NQ.v.0
2021-11-18 05:58:00+00:00,33,1,2770,16345.25,16345.5,16344.25,16345.5,11,NQ.v.0
2021-11-18 05:59:00+00:00,33,1,2770,16346.0,16346.25,16345.5,16346.25,47,NQ.v.0
2021-11-18 06:00:00+00:00,33,1,2770,16346.0,16346.75,16344.5,16346.0,37,NQ.v.0
2021-11-18 06:01:00+00:00,33,1,2770,16346.0,16347.25,16345.25,16345.5,25,NQ.v.0
2021-11-18 06:02:00+00:00,33,1,2770,16345.5,16347.0,16345.25,16347.0,23,NQ.v.0
2021-11-18 06:03:00+00:00,33,1,2770,16346.0,16346.25,16344.5,16345.0,71,NQ.v.0
2021-11-18 06:04:00+00:00,33,1,2770,16345.25,16346.0,16344.25,16346.0,24,NQ.v.0
2021-11-18 06:05:00+00:00,33,1,2770,16345.25,16345.25,16344.75,16344.75,6,NQ.v.0
2021-11-18 06:06:00+00:00,33,1,2770,16345.0,16345.75,16344.75,16345.5,16,NQ.v.0
2021-11-18 06:07:00+00:00,33,1,2770,16345.25,16346.0,16345.0,16345.5,23,NQ.v.0
2021-11-18 06:08:00+00:00,33,1,2770,16345.5,16347.25,16345.5,16346.75,23,NQ.v.0
2021-11-18 06:09:00+00:00,33,1,2770,16346.5,16346.5,16345.5,16345.5,6,NQ.v.0
2021-11-18 06:10:00+00:00,33,1,2770,16345.5,16345.5,16343.5,16345.25,27,NQ.v.0
2021-11-18 06:11:00+00:00,33,1,2770,16345.0,16345.25,16344.0,16344.0,22,NQ.v.0
2021-11-18 06:12:00+00:00,33,1,2770,16343.75,16344.25,16342.75,16342.75,11,NQ.v.0
2021-11-18 06:13:00+00:00,33,1,2770,16342.75,16344.5,16342.5,16344.0,23,NQ.v.0
2021-11-18 06:14:00+00:00,33,1,2770,16343.75,16344.0,16342.5,16343.25,13,NQ.v.0
2021-11-18 06:15:00+00:00,33,1,2770,16343.5,16343.5,16342.5,16342.75,21,NQ.v.0
2021-11-18 06:16:00+00:00,33,1,2770,16342.5,16344.0,16342.0,16344.0,19,NQ.v.0
2021-11-18 06:17:00+00:00,33,1,2770,16343.75,16344.25,16343.25,16343.5,24,NQ.v.0
2021-11-18 06:18:00+00:00,33,1,2770,16342.75,16343.25,16342.75,16343.25,4,NQ.v.0
2021-11-18 06:19:00+00:00,33,1,2770,16343.75,16344.25,16342.75,16344.25,13,NQ.v.0
2021-11-18 06:20:00+00:00,33,1,2770,16343.75,16344.25,16343.75,16343.75,12,NQ.v.0
2021-11-18 06:21:00+00:00,33,1,2770,16343.75,16344.75,16343.75,16344.75,6,NQ.v.0
2021-11-18 06:22:00+00:00,33,1,2770,16344.75,16346.75,16344.75,16346.75,26,NQ.v.0
2021-11-18 06:23:00+00:00,33,1,2770,16346.75,16346.75,16346.0,16346.25,14,NQ.v.0
2021-11-18 06:24:00+00:00,33,1,2770,16346.25,16346.25,16345.5,16345.75,6,NQ.v.0
2021-11-18 06:25:00+00:00,33,1,2770,16345.5,16348.0,16345.0,16348.0,40,NQ.v.0
2021-11-18 06:26:00+00:00,33,1,2770,16347.5,16348.75,16347.0,16348.0,26,NQ.v.0
2021-11-18 06:27:00+00:00,33,1,2770,16348.0,16349.5,16348.0,16348.75,27,NQ.v.0
2021-11-18 06:28:00+00:00,33,1,2770,16349.0,16349.25,16348.5,16348.75,16,NQ.v.0
2021-11-18 06:29:00+00:00,33,1,2770,16348.25,16351.75,16348.0,16351.5,118,NQ.v.0
2021-11-18 06:30:00+00:00,33,1,2770,16351.0,16351.75,16350.5,16350.5,27,NQ.v.0
2021-11-18 06:31:00+00:00,33,1,2770,16350.25,16350.5,16349.25,16349.5,103,NQ.v.0
2021-11-18 06:32:00+00:00,33,1,2770,16349.5,16350.5,16348.75,16349.75,33,NQ.v.0
2021-11-18 06:33:00+00:00,33,1,2770,16349.75,16351.0,16349.75,16351.0,13,NQ.v.0
2021-11-18 06:34:00+00:00,33,1,2770,16351.0,16351.75,16350.75,16350.75,27,NQ.v.0
2021-11-18 06:35:00+00:00,33,1,2770,16350.25,16351.5,16350.25,16351.5,12,NQ.v.0
2021-11-18 06:36:00+00:00,33,1,2770,16351.75,16352.0,16351.5,16352.0,22,NQ.v.0
2021-11-18 06:37:00+00:00,33,1,2770,16351.25,16352.0,16350.25,16352.0,14,NQ.v.0
2021-11-18 06:38:00+00:00,33,1,2770,16351.75,16352.5,16351.25,16352.5,30,NQ.v.0
2021-11-18 06:39:00+00:00,33,1,2770,16352.5,16352.5,16352.25,16352.25,16,NQ.v.0
2021-11-18 06:40:00+00:00,33,1,2770,16352.5,16352.5,16352.0,16352.5,13,NQ.v.0
2021-11-18 06:41:00+00:00,33,1,2770,16352.75,16357.75,16352.75,16354.5,253,NQ.v.0
2021-11-18 06:42:00+00:00,33,1,2770,16354.25,16355.0,16353.5,16354.25,28,NQ.v.0
2021-11-18 06:43:00+00:00,33,1,2770,16354.0,16354.75,16354.0,16354.75,18,NQ.v.0
2021-11-18 06:44:00+00:00,33,1,2770,16354.75,16356.5,16354.75,16356.5,20,NQ.v.0
2021-11-18 06:45:00+00:00,33,1,2770,16356.25,16356.25,16353.5,16354.75,40,NQ.v.0
2021-11-18 06:46:00+00:00,33,1,2770,16354.25,16354.25,16352.25,16353.0,55,NQ.v.0
2021-11-18 06:47:00+00:00,33,1,2770,16353.25,16353.5,16352.0,16352.0,17,NQ.v.0
2021-11-18 06:48:00+00:00,33,1,2770,16352.0,16353.0,16352.0,16353.0,15,NQ.v.0
2021-11-18 06:49:00+00:00,33,1,2770,16352.25,16352.25,16351.5,16352.0,12,NQ.v.0
2021-11-18 06:50:00+00:00,33,1,2770,16351.75,16351.75,16350.5,16350.75,43,NQ.v.0
2021-11-18 06:51:00+00:00,33,1,2770,16350.5,16351.0,16349.25,16349.5,45,NQ.v.0
2021-11-18 06:52:00+00:00,33,1,2770,16349.5,16351.5,16349.5,16351.5,21,NQ.v.0
2021-11-18 06:53:00+00:00,33,1,2770,16351.25,16351.25,16350.0,16350.25,18,NQ.v.0
2021-11-18 06:54:00+00:00,33,1,2770,16350.0,16351.75,16350.0,16351.5,23,NQ.v.0
2021-11-18 06:55:00+00:00,33,1,2770,16351.25,16352.75,16351.25,16352.75,11,NQ.v.0
2021-11-18 06:56:00+00:00,33,1,2770,16353.25,16355.25,16353.25,16354.5,66,NQ.v.0
2021-11-18 06:57:00+00:00,33,1,2770,16354.25,16356.5,16354.25,16354.75,56,NQ.v.0
2021-11-18 06:58:00+00:00,33,1,2770,16355.0,16356.5,16355.0,16355.0,19,NQ.v.0
2021-11-18 06:59:00+00:00,33,1,2770,16354.75,16354.75,16352.75,16354.25,19,NQ.v.0
2021-11-18 07:00:00+00:00,33,1,2770,16354.5,16355.5,16353.5,16353.5,35,NQ.v.0
2021-11-18 07:01:00+00:00,33,1,2770,16353.0,16353.25,16351.0,16352.5,36,NQ.v.0
2021-11-18 07:02:00+00:00,33,1,2770,16352.5,16352.5,16351.5,16352.5,12,NQ.v.0
2021-11-18 07:03:00+00:00,33,1,2770,16353.0,16353.75,16352.75,16353.0,11,NQ.v.0
2021-11-18 07:04:00+00:00,33,1,2770,16352.75,16354.0,16352.75,16353.75,23,NQ.v.0
2021-11-18 07:05:00+00:00,33,1,2770,16354.0,16354.5,16353.75,16354.5,15,NQ.v.0
2021-11-18 07:06:00+00:00,33,1,2770,16353.75,16356.25,16353.5,16356.25,26,NQ.v.0
2021-11-18 07:07:00+00:00,33,1,2770,16355.75,16356.75,16355.5,16356.5,34,NQ.v.0
2021-11-18 07:08:00+00:00,33,1,2770,16356.0,16356.0,16354.75,16355.75,14,NQ.v.0
2021-11-18 07:09:00+00:00,33,1,2770,16355.75,16357.75,16355.5,16357.25,82,NQ.v.0
2021-11-18 07:10:00+00:00,33,1,2770,16357.75,16359.25,16357.75,16359.0,74,NQ.v.0
2021-11-18 07:11:00+00:00,33,1,2770,16359.0,16361.75,16357.5,16361.25,196,NQ.v.0
2021-11-18 07:12:00+00:00,33,1,2770,16361.75,16362.5,16360.75,16361.5,67,NQ.v.0
2021-11-18 07:13:00+00:00,33,1,2770,16361.5,16363.25,16361.25,16362.75,65,NQ.v.0
2021-11-18 07:14:00+00:00,33,1,2770,16362.75,16364.5,16361.75,16362.25,115,NQ.v.0
2021-11-18 07:15:00+00:00,33,1,2770,16362.5,16363.0,16360.75,16362.0,97,NQ.v.0
2021-11-18 07:16:00+00:00,33,1,2770,16361.75,16362.75,16360.75,16361.5,86,NQ.v.0
2021-11-18 07:17:00+00:00,33,1,2770,16361.5,16361.5,16360.25,16361.25,21,NQ.v.0
2021-11-18 07:18:00+00:00,33,1,2770,16361.0,16361.5,16360.5,16361.0,25,NQ.v.0
2021-11-18 07:19:00+00:00,33,1,2770,16361.25,16362.0,16360.75,16361.0,40,NQ.v.0
2021-11-18 07:20:00+00:00,33,1,2770,16361.25,16362.0,16359.75,16361.0,59,NQ.v.0
2021-11-18 07:21:00+00:00,33,1,2770,16360.75,16360.75,16359.0,16359.5,29,NQ.v.0
2021-11-18 07:22:00+00:00,33,1,2770,16359.5,16361.5,16359.5,16360.5,32,NQ.v.0
2021-11-18 07:23:00+00:00,33,1,2770,16360.75,16360.75,16360.25,16360.25,10,NQ.v.0
2021-11-18 07:24:00+00:00,33,1,2770,16360.0,16361.0,16360.0,16361.0,9,NQ.v.0
2021-11-18 07:25:00+00:00,33,1,2770,16361.25,16361.25,16360.25,16361.0,13,NQ.v.0
2021-11-18 07:26:00+00:00,33,1,2770,16361.25,16362.5,16361.25,16361.75,24,NQ.v.0
2021-11-18 07:27:00+00:00,33,1,2770,16361.5,16362.0,16360.25,16361.0,13,NQ.v.0
2021-11-18 07:28:00+00:00,33,1,2770,16360.75,16360.75,16359.0,16359.0,36,NQ.v.0
2021-11-18 07:29:00+00:00,33,1,2770,16359.0,16359.5,16358.75,16359.25,30,NQ.v.0
2021-11-18 07:30:00+00:00,33,1,2770,16359.0,16361.25,16358.0,16360.5,55,NQ.v.0
2021-11-18 07:31:00+00:00,33,1,2770,16360.25,16362.25,16360.25,16360.5,66,NQ.v.0
2021-11-18 07:32:00+00:00,33,1,2770,16360.5,16362.25,16360.5,16360.75,25,NQ.v.0
2021-11-18 07:33:00+00:00,33,1,2770,16361.0,16361.75,16361.0,16361.25,18,NQ.v.0
2021-11-18 07:34:00+00:00,33,1,2770,16361.25,16361.25,16360.5,16361.25,16,NQ.v.0
2021-11-18 07:35:00+00:00,33,1,2770,16360.75,16363.0,16360.75,16363.0,41,NQ.v.0
2021-11-18 07:36:00+00:00,33,1,2770,16362.5,16362.75,16361.75,16362.5,24,NQ.v.0
2021-11-18 07:37:00+00:00,33,1,2770,16362.75,16363.25,16361.25,16361.5,43,NQ.v.0
2021-11-18 07:38:00+00:00,33,1,2770,16361.5,16362.0,16361.0,16362.0,23,NQ.v.0
2021-11-18 07:39:00+00:00,33,1,2770,16361.75,16362.0,16360.25,16360.25,27,NQ.v.0
2021-11-18 07:40:00+00:00,33,1,2770,16360.25,16361.75,16359.5,16361.75,37,NQ.v.0
2021-11-18 07:41:00+00:00,33,1,2770,16361.75,16362.75,16361.0,16361.75,53,NQ.v.0
2021-11-18 07:42:00+00:00,33,1,2770,16361.75,16363.0,16361.75,16362.75,35,NQ.v.0
2021-11-18 07:43:00+00:00,33,1,2770,16363.0,16364.75,16362.75,16364.0,56,NQ.v.0
2021-11-18 07:44:00+00:00,33,1,2770,16363.75,16367.75,16363.75,16367.0,153,NQ.v.0
2021-11-18 07:45:00+00:00,33,1,2770,16366.75,16367.0,16366.0,16366.0,58,NQ.v.0
2021-11-18 07:46:00+00:00,33,1,2770,16366.25,16366.25,16364.75,16365.25,40,NQ.v.0
2021-11-18 07:47:00+00:00,33,1,2770,16365.5,16365.5,16364.0,16364.5,32,NQ.v.0
2021-11-18 07:48:00+00:00,33,1,2770,16365.25,16365.25,16364.0,16364.25,42,NQ.v.0
2021-11-18 07:49:00+00:00,33,1,2770,16363.75,16364.0,16362.75,16363.0,30,NQ.v.0
2021-11-18 07:50:00+00:00,33,1,2770,16362.75,16363.5,16362.75,16362.75,19,NQ.v.0
2021-11-18 07:51:00+00:00,33,1,2770,16362.75,16366.0,16362.75,16366.0,42,NQ.v.0
2021-11-18 07:52:00+00:00,33,1,2770,16366.25,16367.25,16365.75,16366.75,32,NQ.v.0
2021-11-18 07:53:00+00:00,33,1,2770,16366.75,16366.75,16364.25,16364.5,27,NQ.v.0
2021-11-18 07:54:00+00:00,33,1,2770,16364.75,16366.0,16364.25,16365.5,29,NQ.v.0
2021-11-18 07:55:00+00:00,33,1,2770,16365.25,16371.0,16365.0,16370.25,181,NQ.v.0
2021-11-18 07:56:00+00:00,33,1,2770,16370.25,16371.75,16368.75,16369.5,132,NQ.v.0
2021-11-18 07:57:00+00:00,33,1,2770,16369.5,16370.25,16368.0,16369.75,60,NQ.v.0
2021-11-18 07:58:00+00:00,33,1,2770,16370.0,16370.5,16368.25,16369.5,98,NQ.v.0
2021-11-18 07:59:00+00:00,33,1,2770,16369.0,16369.5,16368.0,16368.5,27,NQ.v.0
2021-11-18 08:00:00+00:00,33,1,2770,16368.75,16370.0,16364.75,16365.5,166,NQ.v.0
2021-11-18 08:01:00+00:00,33,1,2770,16365.5,16372.75,16365.25,16372.5,334,NQ.v.0
2021-11-18 08:02:00+00:00,33,1,2770,16372.5,16377.0,16371.5,16376.5,371,NQ.v.0
2021-11-18 08:03:00+00:00,33,1,2770,16376.5,16377.0,16373.25,16373.25,289,NQ.v.0
2021-11-18 08:04:00+00:00,33,1,2770,16373.5,16375.75,16372.75,16373.5,136,NQ.v.0
2021-11-18 08:05:00+00:00,33,1,2770,16373.25,16377.0,16371.75,16377.0,105,NQ.v.0
2021-11-18 08:06:00+00:00,33,1,2770,16377.0,16379.0,16374.0,16374.75,324,NQ.v.0
2021-11-18 08:07:00+00:00,33,1,2770,16374.5,16376.0,16373.5,16374.25,76,NQ.v.0
2021-11-18 08:08:00+00:00,33,1,2770,16374.0,16376.75,16373.0,16376.0,62,NQ.v.0
2021-11-18 08:09:00+00:00,33,1,2770,16376.25,16379.0,16376.25,16379.0,76,NQ.v.0
2021-11-18 08:10:00+00:00,33,1,2770,16379.0,16381.25,16376.5,16380.0,201,NQ.v.0
2021-11-18 08:11:00+00:00,33,1,2770,16380.0,16380.75,16377.25,16377.75,117,NQ.v.0
2021-11-18 08:12:00+00:00,33,1,2770,16377.5,16379.75,16377.5,16378.5,157,NQ.v.0
2021-11-18 08:13:00+00:00,33,1,2770,16378.75,16379.75,16376.75,16379.0,118,NQ.v.0
2021-11-18 08:14:00+00:00,33,1,2770,16379.0,16379.75,16378.0,16378.75,101,NQ.v.0
2021-11-18 08:15:00+00:00,33,1,2770,16379.75,16383.5,16379.25,16383.25,159,NQ.v.0
2021-11-18 08:16:00+00:00,33,1,2770,16383.5,16384.75,16381.75,16382.25,202,NQ.v.0
2021-11-18 08:17:00+00:00,33,1,2770,16382.5,16382.75,16380.0,16381.0,101,NQ.v.0
2021-11-18 08:18:00+00:00,33,1,2770,16381.25,16382.25,16380.5,16382.0,78,NQ.v.0
2021-11-18 08:19:00+00:00,33,1,2770,16381.5,16381.75,16380.25,16381.5,87,NQ.v.0
2021-11-18 08:20:00+00:00,33,1,2770,16381.5,16386.25,16381.25,16385.75,158,NQ.v.0
2021-11-18 08:21:00+00:00,33,1,2770,16385.75,16386.25,16383.0,16383.75,96,NQ.v.0
2021-11-18 08:22:00+00:00,33,1,2770,16383.75,16383.75,16382.0,16382.0,48,NQ.v.0
2021-11-18 08:23:00+00:00,33,1,2770,16382.0,16384.5,16381.75,16384.5,56,NQ.v.0
2021-11-18 08:24:00+00:00,33,1,2770,16383.75,16383.75,16382.0,16382.0,63,NQ.v.0
2021-11-18 08:25:00+00:00,33,1,2770,16382.0,16382.5,16378.5,16379.0,118,NQ.v.0
2021-11-18 08:26:00+00:00,33,1,2770,16378.75,16379.25,16378.25,16379.25,105,NQ.v.0
2021-11-18 08:27:00+00:00,33,1,2770,16379.5,16380.5,16378.75,16379.0,119,NQ.v.0
2021-11-18 08:28:00+00:00,33,1,2770,16379.25,16380.25,16378.0,16379.0,84,NQ.v.0
2021-11-18 08:29:00+00:00,33,1,2770,16378.75,16380.75,16378.75,16380.75,60,NQ.v.0
2021-11-18 08:30:00+00:00,33,1,2770,16380.75,16380.75,16375.5,16376.5,138,NQ.v.0
2021-11-18 08:31:00+00:00,33,1,2770,16376.5,16377.25,16374.5,16376.25,181,NQ.v.0
2021-11-18 08:32:00+00:00,33,1,2770,16376.5,16377.0,16373.25,16374.5,142,NQ.v.0
2021-11-18 08:33:00+00:00,33,1,2770,16374.25,16374.75,16373.0,16374.0,97,NQ.v.0
2021-11-18 08:34:00+00:00,33,1,2770,16373.75,16375.5,16373.25,16375.5,98,NQ.v.0
2021-11-18 08:35:00+00:00,33,1,2770,16375.0,16375.5,16373.75,16374.25,88,NQ.v.0
2021-11-18 08:36:00+00:00,33,1,2770,16374.0,16377.0,16373.25,16376.75,107,NQ.v.0
2021-11-18 08:37:00+00:00,33,1,2770,16376.75,16377.25,16375.75,16376.25,26,NQ.v.0
2021-11-18 08:38:00+00:00,33,1,2770,16376.0,16377.25,16375.75,16376.0,39,NQ.v.0
2021-11-18 08:39:00+00:00,33,1,2770,16375.75,16378.25,16375.75,16378.25,37,NQ.v.0
2021-11-18 08:40:00+00:00,33,1,2770,16378.25,16378.5,16373.25,16373.25,83,NQ.v.0
2021-11-18 08:41:00+00:00,33,1,2770,16373.5,16374.75,16372.75,16374.5,89,NQ.v.0
2021-11-18 08:42:00+00:00,33,1,2770,16374.0,16375.5,16374.0,16374.0,40,NQ.v.0
2021-11-18 08:43:00+00:00,33,1,2770,16374.25,16377.5,16374.25,16376.75,130,NQ.v.0
2021-11-18 08:44:00+00:00,33,1,2770,16376.75,16377.5,16375.75,16377.5,34,NQ.v.0
2021-11-18 08:45:00+00:00,33,1,2770,16377.5,16378.25,16377.25,16378.0,23,NQ.v.0
2021-11-18 08:46:00+00:00,33,1,2770,16378.25,16380.0,16377.0,16379.75,82,NQ.v.0
2021-11-18 08:47:00+00:00,33,1,2770,16379.25,16381.25,16379.25,16380.75,64,NQ.v.0
2021-11-18 08:48:00+00:00,33,1,2770,16380.5,16380.5,16379.0,16379.0,45,NQ.v.0
2021-11-18 08:49:00+00:00,33,1,2770,16378.75,16378.75,16375.5,16376.75,73,NQ.v.0
2021-11-18 08:50:00+00:00,33,1,2770,16376.5,16376.5,16373.5,16374.5,69,NQ.v.0
2021-11-18 08:51:00+00:00,33,1,2770,16374.25,16376.25,16374.25,16375.75,49,NQ.v.0
2021-11-18 08:52:00+00:00,33,1,2770,16375.75,16378.5,16375.75,16376.75,90,NQ.v.0
2021-11-18 08:53:00+00:00,33,1,2770,16377.25,16377.5,16375.0,16375.5,55,NQ.v.0
2021-11-18 08:54:00+00:00,33,1,2770,16376.0,16377.25,16376.0,16377.25,20,NQ.v.0
2021-11-18 08:55:00+00:00,33,1,2770,16377.0,16379.5,16376.75,16379.5,62,NQ.v.0
2021-11-18 08:56:00+00:00,33,1,2770,16379.0,16379.5,16378.75,16379.5,24,NQ.v.0
2021-11-18 08:57:00+00:00,33,1,2770,16379.0,16380.75,16379.0,16380.75,60,NQ.v.0
2021-11-18 08:58:00+00:00,33,1,2770,16380.75,16381.25,16378.75,16380.75,101,NQ.v.0
2021-11-18 08:59:00+00:00,33,1,2770,16381.0,16385.25,16381.0,16383.25,154,NQ.v.0
2021-11-18 09:00:00+00:00,33,1,2770,16383.0,16386.0,16380.75,16385.75,249,NQ.v.0
2021-11-18 09:01:00+00:00,33,1,2770,16385.25,16394.25,16385.25,16392.25,754,NQ.v.0
2021-11-18 09:02:00+00:00,33,1,2770,16392.0,16404.0,16392.0,16403.0,923,NQ.v.0
2021-11-18 09:03:00+00:00,33,1,2770,16403.25,16410.25,16401.5,16403.0,1227,NQ.v.0
2021-11-18 09:04:00+00:00,33,1,2770,16403.25,16408.5,16402.5,16408.5,298,NQ.v.0
2021-11-18 09:05:00+00:00,33,1,2770,16408.75,16409.75,16405.5,16406.5,277,NQ.v.0
2021-11-18 09:06:00+00:00,33,1,2770,16406.25,16407.5,16403.25,16404.25,186,NQ.v.0
2021-11-18 09:07:00+00:00,33,1,2770,16404.75,16405.25,16402.25,16403.5,119,NQ.v.0
2021-11-18 09:08:00+00:00,33,1,2770,16403.5,16405.25,16402.25,16403.75,131,NQ.v.0
2021-11-18 09:09:00+00:00,33,1,2770,16403.75,16408.0,16403.5,16405.0,99,NQ.v.0
2021-11-18 09:10:00+00:00,33,1,2770,16405.5,16407.0,16403.5,16405.75,164,NQ.v.0
2021-11-18 09:11:00+00:00,33,1,2770,16406.0,16406.0,16403.75,16405.5,73,NQ.v.0
2021-11-18 09:12:00+00:00,33,1,2770,16405.25,16405.25,16402.75,16402.75,104,NQ.v.0
2021-11-18 09:13:00+00:00,33,1,2770,16403.0,16404.25,16401.5,16401.75,105,NQ.v.0
2021-11-18 09:14:00+00:00,33,1,2770,16402.0,16404.0,16401.25,16403.5,109,NQ.v.0
2021-11-18 09:15:00+00:00,33,1,2770,16403.5,16405.0,16403.25,16404.25,90,NQ.v.0
2021-11-18 09:16:00+00:00,33,1,2770,16404.5,16405.0,16403.25,16403.75,166,NQ.v.0
2021-11-18 09:17:00+00:00,33,1,2770,16403.5,16403.75,16402.0,16402.5,46,NQ.v.0
2021-11-18 09:18:00+00:00,33,1,2770,16403.0,16404.25,16402.5,16404.25,101,NQ.v.0
2021-11-18 09:19:00+00:00,33,1,2770,16404.25,16404.5,16403.25,16404.0,79,NQ.v.0
2021-11-18 09:20:00+00:00,33,1,2770,16404.5,16407.0,16403.5,16405.75,165,NQ.v.0
2021-11-18 09:21:00+00:00,33,1,2770,16406.0,16409.0,16405.5,16407.75,187,NQ.v.0
2021-11-18 09:22:00+00:00,33,1,2770,16407.75,16408.0,16404.0,16404.5,228,NQ.v.0
2021-11-18 09:23:00+00:00,33,1,2770,16404.75,16405.75,16403.75,16405.75,71,NQ.v.0
2021-11-18 09:24:00+00:00,33,1,2770,16405.0,16405.25,16403.25,16404.5,98,NQ.v.0
2021-11-18 09:25:00+00:00,33,1,2770,16404.75,16406.5,16404.25,16405.75,60,NQ.v.0
2021-11-18 09:26:00+00:00,33,1,2770,16406.5,16408.5,16405.5,16405.75,148,NQ.v.0
2021-11-18 09:27:00+00:00,33,1,2770,16405.25,16406.25,16404.0,16405.0,132,NQ.v.0
2021-11-18 09:28:00+00:00,33,1,2770,16405.25,16406.5,16404.75,16405.25,81,NQ.v.0
2021-11-18 09:29:00+00:00,33,1,2770,16405.5,16406.75,16405.25,16406.0,62,NQ.v.0
2021-11-18 09:30:00+00:00,33,1,2770,16405.75,16406.5,16404.25,16406.25,52,NQ.v.0
2021-11-18 09:31:00+00:00,33,1,2770,16406.25,16406.25,16404.5,16405.5,29,NQ.v.0
2021-11-18 09:32:00+00:00,33,1,2770,16405.25,16406.25,16404.75,16404.75,56,NQ.v.0
2021-11-18 09:33:00+00:00,33,1,2770,16404.5,16404.5,16401.5,16402.25,152,NQ.v.0
2021-11-18 09:34:00+00:00,33,1,2770,16402.5,16402.5,16397.25,16401.0,399,NQ.v.0
2021-11-18 09:35:00+00:00,33,1,2770,16401.25,16402.0,16398.25,16398.75,79,NQ.v.0
2021-11-18 09:36:00+00:00,33,1,2770,16398.75,16399.5,16396.75,16398.5,104,NQ.v.0
2021-11-18 09:37:00+00:00,33,1,2770,16399.0,16399.0,16396.75,16398.75,81,NQ.v.0
2021-11-18 09:38:00+00:00,33,1,2770,16398.5,16401.5,16397.5,16400.0,63,NQ.v.0
2021-11-18 09:39:00+00:00,33,1,2770,16399.75,16401.5,16399.75,16401.0,40,NQ.v.0
2021-11-18 09:40:00+00:00,33,1,2770,16400.5,16402.5,16400.5,16401.0,44,NQ.v.0
2021-11-18 09:41:00+00:00,33,1,2770,16400.0,16400.25,16398.5,16400.0,75,NQ.v.0
2021-11-18 09:42:00+00:00,33,1,2770,16400.25,16401.5,16399.5,16400.25,54,NQ.v.0
2021-11-18 09:43:00+00:00,33,1,2770,16400.0,16400.5,16399.5,16400.0,40,NQ.v.0
2021-11-18 09:44:00+00:00,33,1,2770,16399.75,16400.25,16399.25,16399.75,52,NQ.v.0
2021-11-18 09:45:00+00:00,33,1,2770,16399.5,16401.75,16399.25,16400.75,67,NQ.v.0
2021-11-18 09:46:00+00:00,33,1,2770,16400.75,16401.0,16398.5,16399.25,69,NQ.v.0
2021-11-18 09:47:00+00:00,33,1,2770,16399.0,16400.25,16398.25,16399.5,51,NQ.v.0
2021-11-18 09:48:00+00:00,33,1,2770,16399.5,16401.5,16398.75,16401.25,73,NQ.v.0
2021-11-18 09:49:00+00:00,33,1,2770,16401.0,16401.5,16399.75,16401.0,66,NQ.v.0
2021-11-18 09:50:00+00:00,33,1,2770,16401.0,16401.0,16398.5,16398.75,161,NQ.v.0
2021-11-18 09:51:00+00:00,33,1,2770,16398.75,16399.0,16397.0,16397.75,178,NQ.v.0
2021-11-18 09:52:00+00:00,33,1,2770,16397.5,16397.5,16393.25,16394.5,155,NQ.v.0
2021-11-18 09:53:00+00:00,33,1,2770,16394.75,16395.0,16392.25,16392.75,101,NQ.v.0
2021-11-18 09:54:00+00:00,33,1,2770,16392.75,16394.75,16392.75,16393.25,83,NQ.v.0
2021-11-18 09:55:00+00:00,33,1,2770,16393.5,16394.25,16391.75,16393.5,164,NQ.v.0
2021-11-18 09:56:00+00:00,33,1,2770,16394.0,16394.5,16393.5,16394.25,31,NQ.v.0
2021-11-18 09:57:00+00:00,33,1,2770,16394.25,16394.5,16393.0,16394.25,18,NQ.v.0
2021-11-18 09:58:00+00:00,33,1,2770,16394.25,16394.25,16388.75,16390.0,207,NQ.v.0
2021-11-18 09:59:00+00:00,33,1,2770,16390.5,16391.25,16386.25,16387.75,168,NQ.v.0
2021-11-18 10:00:00+00:00,33,1,2770,16387.25,16388.5,16385.5,16388.25,88,NQ.v.0
2021-11-18 10:01:00+00:00,33,1,2770,16388.25,16388.5,16386.75,16388.0,57,NQ.v.0
2021-11-18 10:02:00+00:00,33,1,2770,16388.25,16389.5,16387.0,16388.0,62,NQ.v.0
2021-11-18 10:03:00+00:00,33,1,2770,16388.5,16388.75,16384.25,16385.0,163,NQ.v.0
2021-11-18 10:04:00+00:00,33,1,2770,16385.0,16385.0,16382.5,16383.5,138,NQ.v.0
2021-11-18 10:05:00+00:00,33,1,2770,16383.75,16384.25,16381.5,16382.5,117,NQ.v.0
2021-11-18 10:06:00+00:00,33,1,2770,16382.0,16383.75,16381.0,16383.25,57,NQ.v.0
2021-11-18 10:07:00+00:00,33,1,2770,16382.75,16384.5,16382.75,16384.5,27,NQ.v.0
2021-11-18 10:08:00+00:00,33,1,2770,16384.75,16386.0,16382.0,16386.0,134,NQ.v.0
2021-11-18 10:09:00+00:00,33,1,2770,16386.0,16388.75,16385.0,16388.25,150,NQ.v.0
2021-11-18 10:10:00+00:00,33,1,2770,16388.25,16389.0,16387.75,16387.75,57,NQ.v.0
2021-11-18 10:11:00+00:00,33,1,2770,16387.75,16389.0,16386.75,16388.0,74,NQ.v.0
2021-11-18 10:12:00+00:00,33,1,2770,16388.5,16388.75,16386.0,16386.75,35,NQ.v.0
2021-11-18 10:13:00+00:00,33,1,2770,16387.0,16389.75,16386.75,16389.0,42,NQ.v.0
2021-11-18 10:14:00+00:00,33,1,2770,16389.0,16390.5,16388.5,16388.5,73,NQ.v.0
2021-11-18 10:15:00+00:00,33,1,2770,16388.5,16389.5,16387.5,16389.0,61,NQ.v.0
2021-11-18 10:16:00+00:00,33,1,2770,16388.5,16389.75,16388.5,16389.25,22,NQ.v.0
2021-11-18 10:17:00+00:00,33,1,2770,16389.0,16391.0,16389.0,16390.75,37,NQ.v.0
2021-11-18 10:18:00+00:00,33,1,2770,16390.5,16392.0,16389.5,16389.75,55,NQ.v.0
2021-11-18 10:19:00+00:00,33,1,2770,16389.75,16390.75,16388.25,16390.75,35,NQ.v.0
2021-11-18 10:20:00+00:00,33,1,2770,16391.0,16392.5,16390.75,16392.0,76,NQ.v.0
2021-11-18 10:21:00+00:00,33,1,2770,16392.5,16392.5,16389.5,16390.5,42,NQ.v.0
2021-11-18 10:22:00+00:00,33,1,2770,16390.5,16392.5,16390.0,16392.5,55,NQ.v.0
2021-11-18 10:23:00+00:00,33,1,2770,16392.25,16392.75,16391.5,16391.5,52,NQ.v.0
2021-11-18 10:24:00+00:00,33,1,2770,16391.0,16391.75,16390.25,16390.25,50,NQ.v.0
2021-11-18 10:25:00+00:00,33,1,2770,16390.25,16391.0,16389.75,16390.25,37,NQ.v.0
2021-11-18 10:26:00+00:00,33,1,2770,16390.75,16391.0,16390.0,16391.0,18,NQ.v.0
2021-11-18 10:27:00+00:00,33,1,2770,16390.75,16393.75,16390.5,16393.25,57,NQ.v.0
2021-11-18 10:28:00+00:00,33,1,2770,16393.25,16393.25,16390.75,16391.25,30,NQ.v.0
2021-11-18 10:29:00+00:00,33,1,2770,16391.5,16391.5,16391.0,16391.25,8,NQ.v.0
2021-11-18 10:30:00+00:00,33,1,2770,16390.75,16391.25,16389.75,16390.0,64,NQ.v.0
2021-11-18 10:31:00+00:00,33,1,2770,16390.5,16391.25,16390.0,16390.25,33,NQ.v.0
2021-11-18 10:32:00+00:00,33,1,2770,16390.0,16393.0,16390.0,16392.25,34,NQ.v.0
2021-11-18 10:33:00+00:00,33,1,2770,16392.25,16392.75,16392.25,16392.5,11,NQ.v.0
2021-11-18 10:34:00+00:00,33,1,2770,16392.75,16393.0,16391.0,16392.25,39,NQ.v.0
2021-11-18 10:35:00+00:00,33,1,2770,16392.75,16393.5,16391.75,16392.0,49,NQ.v.0
2021-11-18 10:36:00+00:00,33,1,2770,16391.75,16392.0,16391.0,16391.75,22,NQ.v.0
2021-11-18 10:37:00+00:00,33,1,2770,16391.25,16391.5,16390.0,16390.75,31,NQ.v.0
2021-11-18 10:38:00+00:00,33,1,2770,16390.5,16391.5,16390.0,16391.5,21,NQ.v.0
2021-11-18 10:39:00+00:00,33,1,2770,16392.0,16392.5,16391.5,16392.5,27,NQ.v.0
2021-11-18 10:40:00+00:00,33,1,2770,16392.25,16392.25,16391.5,16392.0,31,NQ.v.0
2021-11-18 10:41:00+00:00,33,1,2770,16392.0,16392.0,16390.75,16391.0,43,NQ.v.0
2021-11-18 10:42:00+00:00,33,1,2770,16390.5,16392.25,16390.25,16391.25,56,NQ.v.0
2021-11-18 10:43:00+00:00,33,1,2770,16391.25,16391.25,16390.0,16390.0,24,NQ.v.0
2021-11-18 10:44:00+00:00,33,1,2770,16390.25,16391.25,16390.25,16390.5,31,NQ.v.0
2021-11-18 10:45:00+00:00,33,1,2770,16390.75,16390.75,16388.5,16388.75,57,NQ.v.0
2021-11-18 10:46:00+00:00,33,1,2770,16388.5,16390.5,16387.75,16390.25,110,NQ.v.0
2021-11-18 10:47:00+00:00,33,1,2770,16390.0,16391.0,16389.75,16390.0,27,NQ.v.0
2021-11-18 10:48:00+00:00,33,1,2770,16389.75,16390.25,16388.0,16389.5,32,NQ.v.0
2021-11-18 10:49:00+00:00,33,1,2770,16390.25,16391.25,16390.0,16390.5,35,NQ.v.0
2021-11-18 10:50:00+00:00,33,1,2770,16389.75,16390.0,16389.25,16389.5,23,NQ.v.0
2021-11-18 10:51:00+00:00,33,1,2770,16389.25,16390.25,16387.5,16390.25,34,NQ.v.0
2021-11-18 10:52:00+00:00,33,1,2770,16390.25,16395.0,16390.25,16392.5,270,NQ.v.0
2021-11-18 10:53:00+00:00,33,1,2770,16393.0,16394.25,16392.75,16393.0,53,NQ.v.0
2021-11-18 10:54:00+00:00,33,1,2770,16393.5,16397.0,16393.25,16396.25,163,NQ.v.0
2021-11-18 10:55:00+00:00,33,1,2770,16397.0,16397.0,16396.0,16397.0,78,NQ.v.0
2021-11-18 10:56:00+00:00,33,1,2770,16396.75,16397.0,16395.75,16395.75,43,NQ.v.0
2021-11-18 10:57:00+00:00,33,1,2770,16395.25,16399.75,16395.25,16398.75,184,NQ.v.0
2021-11-18 10:58:00+00:00,33,1,2770,16398.75,16401.75,16397.75,16401.0,133,NQ.v.0
2021-11-18 10:59:00+00:00,33,1,2770,16401.0,16401.75,16400.0,16400.5,95,NQ.v.0
2021-11-18 11:00:00+00:00,33,1,2770,16400.5,16400.75,16398.25,16398.25,92,NQ.v.0
2021-11-18 11:01:00+00:00,33,1,2770,16398.25,16399.25,16397.0,16397.5,69,NQ.v.0
2021-11-18 11:02:00+00:00,33,1,2770,16397.5,16399.75,16396.5,16399.25,54,NQ.v.0
2021-11-18 11:03:00+00:00,33,1,2770,16399.0,16399.0,16397.75,16397.75,17,NQ.v.0
2021-11-18 11:04:00+00:00,33,1,2770,16397.0,16398.0,16396.75,16397.5,56,NQ.v.0
2021-11-18 11:05:00+00:00,33,1,2770,16397.0,16397.0,16393.0,16394.25,120,NQ.v.0
2021-11-18 11:06:00+00:00,33,1,2770,16394.25,16397.0,16393.25,16396.5,117,NQ.v.0
2021-11-18 11:07:00+00:00,33,1,2770,16396.75,16396.75,16394.75,16394.75,42,NQ.v.0
2021-11-18 11:08:00+00:00,33,1,2770,16394.5,16394.5,16392.5,16393.0,59,NQ.v.0
2021-11-18 11:09:00+00:00,33,1,2770,16393.0,16393.5,16391.25,16393.5,41,NQ.v.0
2021-11-18 11:10:00+00:00,33,1,2770,16393.0,16393.5,16392.0,16392.25,43,NQ.v.0
2021-11-18 11:11:00+00:00,33,1,2770,16392.25,16393.0,16392.25,16393.0,36,NQ.v.0
2021-11-18 11:12:00+00:00,33,1,2770,16392.75,16393.0,16389.5,16391.0,118,NQ.v.0
2021-11-18 11:13:00+00:00,33,1,2770,16391.0,16394.75,16391.0,16394.25,91,NQ.v.0
2021-11-18 11:14:00+00:00,33,1,2770,16394.0,16397.0,16393.5,16397.0,91,NQ.v.0
2021-11-18 11:15:00+00:00,33,1,2770,16397.25,16397.5,16395.5,16397.25,130,NQ.v.0
2021-11-18 11:16:00+00:00,33,1,2770,16397.75,16400.75,16397.25,16400.75,82,NQ.v.0
2021-11-18 11:17:00+00:00,33,1,2770,16400.75,16400.75,16399.25,16399.25,48,NQ.v.0
2021-11-18 11:18:00+00:00,33,1,2770,16399.0,16399.0,16397.5,16397.5,45,NQ.v.0
2021-11-18 11:19:00+00:00,33,1,2770,16398.25,16398.5,16397.25,16398.25,40,NQ.v.0
2021-11-18 11:20:00+00:00,33,1,2770,16399.5,16404.5,16399.25,16403.5,272,NQ.v.0
2021-11-18 11:21:00+00:00,33,1,2770,16403.25,16405.75,16403.25,16405.25,295,NQ.v.0
2021-11-18 11:22:00+00:00,33,1,2770,16405.0,16408.25,16405.0,16406.75,120,NQ.v.0
2021-11-18 11:23:00+00:00,33,1,2770,16406.75,16408.0,16405.75,16408.0,98,NQ.v.0
2021-11-18 11:24:00+00:00,33,1,2770,16408.25,16408.5,16405.5,16406.5,103,NQ.v.0
2021-11-18 11:25:00+00:00,33,1,2770,16406.5,16407.0,16406.0,16406.75,48,NQ.v.0
2021-11-18 11:26:00+00:00,33,1,2770,16406.0,16407.5,16405.75,16407.25,89,NQ.v.0
2021-11-18 11:27:00+00:00,33,1,2770,16407.75,16408.75,16406.5,16406.5,125,NQ.v.0
2021-11-18 11:28:00+00:00,33,1,2770,16406.0,16406.0,16404.25,16405.0,75,NQ.v.0
2021-11-18 11:29:00+00:00,33,1,2770,16405.0,16405.5,16401.5,16402.0,97,NQ.v.0
2021-11-18 11:30:00+00:00,33,1,2770,16401.75,16403.5,16401.5,16403.0,87,NQ.v.0
2021-11-18 11:31:00+00:00,33,1,2770,16402.75,16402.75,16401.75,16402.5,30,NQ.v.0
2021-11-18 11:32:00+00:00,33,1,2770,16403.0,16403.0,16401.5,16401.5,40,NQ.v.0
2021-11-18 11:33:00+00:00,33,1,2770,16401.75,16402.75,16399.5,16399.75,151,NQ.v.0
2021-11-18 11:34:00+00:00,33,1,2770,16399.5,16400.5,16399.5,16400.0,30,NQ.v.0
2021-11-18 11:35:00+00:00,33,1,2770,16400.0,16400.75,16399.5,16399.5,40,NQ.v.0
2021-11-18 11:36:00+00:00,33,1,2770,16399.5,16400.25,16398.25,16398.75,87,NQ.v.0
2021-11-18 11:37:00+00:00,33,1,2770,16398.75,16398.75,16397.25,16398.0,76,NQ.v.0
2021-11-18 11:38:00+00:00,33,1,2770,16397.75,16398.25,16397.5,16397.5,31,NQ.v.0
2021-11-18 11:39:00+00:00,33,1,2770,16398.25,16399.75,16398.25,16399.5,38,NQ.v.0
2021-11-18 11:40:00+00:00,33,1,2770,16399.75,16402.25,16399.5,16402.25,93,NQ.v.0
2021-11-18 11:41:00+00:00,33,1,2770,16402.25,16404.75,16402.25,16404.75,130,NQ.v.0
2021-11-18 11:42:00+00:00,33,1,2770,16404.25,16404.75,16402.75,16403.25,67,NQ.v.0
2021-11-18 11:43:00+00:00,33,1,2770,16403.25,16403.5,16399.25,16399.5,100,NQ.v.0
2021-11-18 11:44:00+00:00,33,1,2770,16399.5,16401.0,16399.25,16400.25,57,NQ.v.0
2021-11-18 11:45:00+00:00,33,1,2770,16399.5,16403.25,16399.5,16403.0,52,NQ.v.0
2021-11-18 11:46:00+00:00,33,1,2770,16403.25,16403.25,16401.0,16403.0,38,NQ.v.0
2021-11-18 11:47:00+00:00,33,1,2770,16403.25,16404.25,16402.5,16404.0,46,NQ.v.0
2021-11-18 11:48:00+00:00,33,1,2770,16404.0,16405.5,16403.0,16404.5,61,NQ.v.0
2021-11-18 11:49:00+00:00,33,1,2770,16404.0,16404.75,16403.75,16404.25,34,NQ.v.0
2021-11-18 11:50:00+00:00,33,1,2770,16404.0,16404.75,16403.25,16404.75,60,NQ.v.0
2021-11-18 11:51:00+00:00,33,1,2770,16404.75,16406.75,16404.75,16406.5,97,NQ.v.0
2021-11-18 11:52:00+00:00,33,1,2770,16406.75,16407.75,16402.0,16404.5,128,NQ.v.0
2021-11-18 11:53:00+00:00,33,1,2770,16403.75,16404.0,16400.25,16400.25,80,NQ.v.0
2021-11-18 11:54:00+00:00,33,1,2770,16400.0,16401.5,16399.25,16400.75,105,NQ.v.0
2021-11-18 11:55:00+00:00,33,1,2770,16401.0,16401.5,16400.75,16401.5,16,NQ.v.0
2021-11-18 11:56:00+00:00,33,1,2770,16401.25,16401.75,16400.25,16400.25,35,NQ.v.0
2021-11-18 11:57:00+00:00,33,1,2770,16400.5,16401.25,16400.0,16400.75,34,NQ.v.0
2021-11-18 11:58:00+00:00,33,1,2770,16400.5,16401.0,16398.25,16399.25,57,NQ.v.0
2021-11-18 11:59:00+00:00,33,1,2770,16399.25,16400.0,16399.25,16400.0,19,NQ.v.0
2021-11-18 12:00:00+00:00,33,1,2770,16399.5,16400.0,16397.75,16398.75,164,NQ.v.0
2021-11-18 12:01:00+00:00,33,1,2770,16398.5,16399.0,16395.0,16398.25,169,NQ.v.0
2021-11-18 12:02:00+00:00,33,1,2770,16398.0,16398.25,16396.0,16397.0,82,NQ.v.0
2021-11-18 12:03:00+00:00,33,1,2770,16396.75,16397.75,16394.25,16397.75,111,NQ.v.0
2021-11-18 12:04:00+00:00,33,1,2770,16397.75,16397.75,16396.25,16397.0,71,NQ.v.0
2021-11-18 12:05:00+00:00,33,1,2770,16397.0,16398.0,16395.25,16395.75,115,NQ.v.0
2021-11-18 12:06:00+00:00,33,1,2770,16395.25,16398.5,16395.0,16398.5,76,NQ.v.0
2021-11-18 12:07:00+00:00,33,1,2770,16398.25,16399.0,16397.5,16398.75,65,NQ.v.0
2021-11-18 12:08:00+00:00,33,1,2770,16399.0,16401.5,16399.0,16400.0,147,NQ.v.0
2021-11-18 12:09:00+00:00,33,1,2770,16399.75,16400.0,16397.25,16398.75,52,NQ.v.0
2021-11-18 12:10:00+00:00,33,1,2770,16398.5,16398.75,16397.25,16398.5,41,NQ.v.0
2021-11-18 12:11:00+00:00,33,1,2770,16398.25,16398.75,16396.25,16396.75,53,NQ.v.0
2021-11-18 12:12:00+00:00,33,1,2770,16397.0,16400.25,16396.75,16400.25,87,NQ.v.0
2021-11-18 12:13:00+00:00,33,1,2770,16399.75,16400.5,16397.25,16397.75,82,NQ.v.0
2021-11-18 12:14:00+00:00,33,1,2770,16397.5,16398.0,16396.0,16396.25,121,NQ.v.0
2021-11-18 12:15:00+00:00,33,1,2770,16396.25,16396.75,16395.5,16396.25,52,NQ.v.0
2021-11-18 12:16:00+00:00,33,1,2770,16396.25,16396.25,16394.5,16394.75,106,NQ.v.0
2021-11-18 12:17:00+00:00,33,1,2770,16394.75,16396.0,16394.5,16395.5,86,NQ.v.0
2021-11-18 12:18:00+00:00,33,1,2770,16395.75,16395.75,16395.25,16395.75,25,NQ.v.0
2021-11-18 12:19:00+00:00,33,1,2770,16395.25,16395.75,16393.5,16394.5,138,NQ.v.0
2021-11-18 12:20:00+00:00,33,1,2770,16394.5,16396.25,16393.5,16394.5,84,NQ.v.0
2021-11-18 12:21:00+00:00,33,1,2770,16394.25,16395.25,16394.25,16394.75,34,NQ.v.0
2021-11-18 12:22:00+00:00,33,1,2770,16395.0,16396.75,16395.0,16396.5,58,NQ.v.0
2021-11-18 12:23:00+00:00,33,1,2770,16396.75,16398.25,16396.5,16397.75,82,NQ.v.0
2021-11-18 12:24:00+00:00,33,1,2770,16397.75,16399.0,16397.75,16398.25,66,NQ.v.0
2021-11-18 12:25:00+00:00,33,1,2770,16398.5,16400.0,16397.25,16397.25,138,NQ.v.0
2021-11-18 12:26:00+00:00,33,1,2770,16397.25,16397.75,16396.5,16397.0,70,NQ.v.0
2021-11-18 12:27:00+00:00,33,1,2770,16397.0,16400.0,16396.75,16399.75,130,NQ.v.0
2021-11-18 12:28:00+00:00,33,1,2770,16399.5,16400.0,16397.75,16399.0,60,NQ.v.0
2021-11-18 12:29:00+00:00,33,1,2770,16399.0,16400.0,16398.5,16399.25,59,NQ.v.0
2021-11-18 12:30:00+00:00,33,1,2770,16399.0,16401.75,16398.75,16401.25,129,NQ.v.0
2021-11-18 12:31:00+00:00,33,1,2770,16401.5,16401.5,16400.25,16401.5,46,NQ.v.0
2021-11-18 12:32:00+00:00,33,1,2770,16402.0,16402.25,16400.0,16400.25,82,NQ.v.0
2021-11-18 12:33:00+00:00,33,1,2770,16400.0,16400.75,16399.75,16400.25,45,NQ.v.0
2021-11-18 12:34:00+00:00,33,1,2770,16400.0,16400.25,16397.5,16398.25,145,NQ.v.0
2021-11-18 12:35:00+00:00,33,1,2770,16398.5,16398.75,16396.75,16397.0,81,NQ.v.0
2021-11-18 12:36:00+00:00,33,1,2770,16397.75,16398.25,16396.75,16396.75,41,NQ.v.0
2021-11-18 12:37:00+00:00,33,1,2770,16396.75,16396.75,16395.0,16396.25,93,NQ.v.0
2021-11-18 12:38:00+00:00,33,1,2770,16396.5,16399.75,16396.25,16399.5,70,NQ.v.0
2021-11-18 12:39:00+00:00,33,1,2770,16399.25,16401.0,16396.25,16398.0,122,NQ.v.0
2021-11-18 12:40:00+00:00,33,1,2770,16397.75,16398.0,16396.5,16397.0,88,NQ.v.0
2021-11-18 12:41:00+00:00,33,1,2770,16397.0,16397.25,16395.75,16396.5,80,NQ.v.0
2021-11-18 12:42:00+00:00,33,1,2770,16396.25,16397.0,16393.0,16394.0,145,NQ.v.0
2021-11-18 12:43:00+00:00,33,1,2770,16394.0,16396.0,16393.0,16396.0,113,NQ.v.0
2021-11-18 12:44:00+00:00,33,1,2770,16395.25,16395.25,16393.25,16394.75,59,NQ.v.0
2021-11-18 12:45:00+00:00,33,1,2770,16394.5,16395.25,16393.75,16394.0,72,NQ.v.0
2021-11-18 12:46:00+00:00,33,1,2770,16394.25,16394.25,16392.5,16393.5,70,NQ.v.0
2021-11-18 12:47:00+00:00,33,1,2770,16393.25,16394.5,16393.25,16394.0,58,NQ.v.0
2021-11-18 12:48:00+00:00,33,1,2770,16394.5,16396.0,16393.5,16393.75,93,NQ.v.0
2021-11-18 12:49:00+00:00,33,1,2770,16393.5,16393.5,16389.75,16390.25,234,NQ.v.0
2021-11-18 12:50:00+00:00,33,1,2770,16390.25,16391.25,16390.0,16391.25,69,NQ.v.0
2021-11-18 12:51:00+00:00,33,1,2770,16391.25,16393.0,16390.75,16392.0,74,NQ.v.0
2021-11-18 12:52:00+00:00,33,1,2770,16392.25,16394.25,16391.75,16394.0,94,NQ.v.0
2021-11-18 12:53:00+00:00,33,1,2770,16393.75,16396.5,16393.75,16396.0,104,NQ.v.0
2021-11-18 12:54:00+00:00,33,1,2770,16396.5,16397.25,16396.0,16396.0,103,NQ.v.0
2021-11-18 12:55:00+00:00,33,1,2770,16396.5,16397.25,16395.5,16396.5,80,NQ.v.0
2021-11-18 12:56:00+00:00,33,1,2770,16396.25,16397.25,16396.0,16396.5,111,NQ.v.0
2021-11-18 12:57:00+00:00,33,1,2770,16396.75,16397.0,16393.75,16394.5,107,NQ.v.0
2021-11-18 12:58:00+00:00,33,1,2770,16394.75,16396.25,16394.25,16394.5,63,NQ.v.0
2021-11-18 12:59:00+00:00,33,1,2770,16395.0,16395.0,16392.0,16393.0,65,NQ.v.0
2021-11-18 13:00:00+00:00,33,1,2770,16393.25,16394.5,16390.0,16391.25,246,NQ.v.0
2021-11-18 13:01:00+00:00,33,1,2770,16390.75,16395.5,16390.25,16394.75,200,NQ.v.0
2021-11-18 13:02:00+00:00,33,1,2770,16394.75,16398.0,16394.75,16395.0,175,NQ.v.0
2021-11-18 13:03:00+00:00,33,1,2770,16395.25,16395.75,16393.25,16393.5,112,NQ.v.0
2021-11-18 13:04:00+00:00,33,1,2770,16393.5,16393.75,16387.0,16387.75,238,NQ.v.0
2021-11-18 13:05:00+00:00,33,1,2770,16388.0,16389.75,16386.0,16389.25,217,NQ.v.0
2021-11-18 13:06:00+00:00,33,1,2770,16389.75,16390.25,16387.75,16387.75,115,NQ.v.0
2021-11-18 13:07:00+00:00,33,1,2770,16388.0,16390.5,16387.25,16389.0,126,NQ.v.0
2021-11-18 13:08:00+00:00,33,1,2770,16389.25,16390.0,16387.25,16389.0,158,NQ.v.0
2021-11-18 13:09:00+00:00,33,1,2770,16389.5,16392.5,16388.5,16391.75,174,NQ.v.0
2021-11-18 13:10:00+00:00,33,1,2770,16391.25,16392.0,16389.5,16389.5,142,NQ.v.0
2021-11-18 13:11:00+00:00,33,1,2770,16390.0,16390.75,16388.5,16388.5,90,NQ.v.0
2021-11-18 13:12:00+00:00,33,1,2770,16389.0,16393.0,16388.25,16392.0,242,NQ.v.0
2021-11-18 13:13:00+00:00,33,1,2770,16391.75,16392.5,16391.0,16392.0,82,NQ.v.0
2021-11-18 13:14:00+00:00,33,1,2770,16392.0,16394.0,16391.25,16393.25,137,NQ.v.0
2021-11-18 13:15:00+00:00,33,1,2770,16393.25,16394.75,16393.0,16393.75,184,NQ.v.0
2021-11-18 13:16:00+00:00,33,1,2770,16393.0,16393.5,16391.5,16392.25,74,NQ.v.0
2021-11-18 13:17:00+00:00,33,1,2770,16392.75,16393.0,16390.5,16392.5,99,NQ.v.0
2021-11-18 13:18:00+00:00,33,1,2770,16391.5,16391.75,16387.0,16389.0,242,NQ.v.0
2021-11-18 13:19:00+00:00,33,1,2770,16388.25,16389.5,16386.5,16386.75,96,NQ.v.0
2021-11-18 13:20:00+00:00,33,1,2770,16387.25,16388.25,16385.0,16387.75,217,NQ.v.0
2021-11-18 13:21:00+00:00,33,1,2770,16387.75,16390.5,16387.25,16387.75,133,NQ.v.0
2021-11-18 13:22:00+00:00,33,1,2770,16387.5,16389.5,16386.5,16388.25,114,NQ.v.0
2021-11-18 13:23:00+00:00,33,1,2770,16388.25,16388.25,16385.0,16386.75,112,NQ.v.0
2021-11-18 13:24:00+00:00,33,1,2770,16386.75,16389.0,16386.5,16387.75,125,NQ.v.0
2021-11-18 13:25:00+00:00,33,1,2770,16387.25,16388.75,16385.75,16387.75,107,NQ.v.0
2021-11-18 13:26:00+00:00,33,1,2770,16387.5,16387.75,16386.0,16386.25,60,NQ.v.0
2021-11-18 13:27:00+00:00,33,1,2770,16386.5,16388.75,16386.5,16388.75,58,NQ.v.0
2021-11-18 13:28:00+00:00,33,1,2770,16388.5,16390.5,16388.0,16389.75,96,NQ.v.0
2021-11-18 13:29:00+00:00,33,1,2770,16390.0,16392.75,16389.75,16390.75,140,NQ.v.0
2021-11-18 13:30:00+00:00,33,1,2770,16390.75,16396.0,16390.0,16395.75,382,NQ.v.0
2021-11-18 13:31:00+00:00,33,1,2770,16395.5,16397.25,16391.75,16395.0,319,NQ.v.0
2021-11-18 13:32:00+00:00,33,1,2770,16394.75,16398.0,16394.0,16396.5,280,NQ.v.0
2021-11-18 13:33:00+00:00,33,1,2770,16396.25,16397.25,16391.5,16392.75,143,NQ.v.0
2021-11-18 13:34:00+00:00,33,1,2770,16393.5,16394.5,16392.0,16392.5,98,NQ.v.0
2021-11-18 13:35:00+00:00,33,1,2770,16392.25,16394.5,16391.25,16394.5,104,NQ.v.0
2021-11-18 13:36:00+00:00,33,1,2770,16394.25,16397.25,16393.0,16396.75,148,NQ.v.0
2021-11-18 13:37:00+00:00,33,1,2770,16396.25,16400.0,16395.25,16399.0,245,NQ.v.0
2021-11-18 13:38:00+00:00,33,1,2770,16398.75,16401.5,16398.5,16401.25,238,NQ.v.0
2021-11-18 13:39:00+00:00,33,1,2770,16401.25,16401.75,16398.25,16399.5,127,NQ.v.0
2021-11-18 13:40:00+00:00,33,1,2770,16400.0,16401.75,16399.0,16399.0,154,NQ.v.0
2021-11-18 13:41:00+00:00,33,1,2770,16399.5,16402.75,16398.25,16402.0,244,NQ.v.0
2021-11-18 13:42:00+00:00,33,1,2770,16402.0,16404.25,16401.25,16404.0,180,NQ.v.0
2021-11-18 13:43:00+00:00,33,1,2770,16404.25,16405.25,16398.25,16398.5,359,NQ.v.0
2021-11-18 13:44:00+00:00,33,1,2770,16399.0,16400.75,16396.75,16399.25,266,NQ.v.0
2021-11-18 13:45:00+00:00,33,1,2770,16399.5,16400.25,16397.25,16398.25,124,NQ.v.0
2021-11-18 13:46:00+00:00,33,1,2770,16398.25,16400.0,16396.75,16400.0,131,NQ.v.0
2021-11-18 13:47:00+00:00,33,1,2770,16400.0,16402.5,16400.0,16400.75,141,NQ.v.0
2021-11-18 13:48:00+00:00,33,1,2770,16401.5,16403.25,16400.5,16403.0,124,NQ.v.0
2021-11-18 13:49:00+00:00,33,1,2770,16403.0,16403.0,16400.5,16401.75,61,NQ.v.0
2021-11-18 13:50:00+00:00,33,1,2770,16401.5,16402.0,16400.25,16401.0,64,NQ.v.0
2021-11-18 13:51:00+00:00,33,1,2770,16401.25,16401.25,16397.0,16399.0,176,NQ.v.0
2021-11-18 13:52:00+00:00,33,1,2770,16398.75,16401.75,16398.5,16401.5,143,NQ.v.0
2021-11-18 13:53:00+00:00,33,1,2770,16401.75,16402.75,16400.5,16402.25,109,NQ.v.0
2021-11-18 13:54:00+00:00,33,1,2770,16401.75,16403.25,16400.0,16401.5,128,NQ.v.0
2021-11-18 13:55:00+00:00,33,1,2770,16401.75,16401.75,16398.5,16399.0,229,NQ.v.0
2021-11-18 13:56:00+00:00,33,1,2770,16398.5,16399.5,16398.0,16399.25,129,NQ.v.0
2021-11-18 13:57:00+00:00,33,1,2770,16399.0,16401.5,16397.75,16398.25,184,NQ.v.0
2021-11-18 13:58:00+00:00,33,1,2770,16397.75,16399.0,16395.5,16398.75,210,NQ.v.0
2021-11-18 13:59:00+00:00,33,1,2770,16398.5,16399.25,16396.5,16397.25,125,NQ.v.0
2021-11-18 14:00:00+00:00,33,1,2770,16397.5,16400.0,16396.75,16398.75,270,NQ.v.0
2021-11-18 14:01:00+00:00,33,1,2770,16399.0,16399.5,16396.25,16397.0,188,NQ.v.0
2021-11-18 14:02:00+00:00,33,1,2770,16397.5,16397.5,16395.0,16395.75,140,NQ.v.0
2021-11-18 14:03:00+00:00,33,1,2770,16395.25,16396.5,16394.5,16395.25,150,NQ.v.0
2021-11-18 14:04:00+00:00,33,1,2770,16395.5,16400.0,16395.25,16398.5,226,NQ.v.0
2021-11-18 14:05:00+00:00,33,1,2770,16398.25,16400.0,16397.75,16398.5,168,NQ.v.0
2021-11-18 14:06:00+00:00,33,1,2770,16398.75,16399.5,16397.5,16398.0,177,NQ.v.0
2021-11-18 14:07:00+00:00,33,1,2770,16397.5,16400.0,16397.5,16399.75,221,NQ.v.0
2021-11-18 14:08:00+00:00,33,1,2770,16400.0,16400.0,16398.75,16399.5,73,NQ.v.0
2021-11-18 14:09:00+00:00,33,1,2770,16400.0,16401.0,16399.25,16400.0,161,NQ.v.0
2021-11-18 14:10:00+00:00,33,1,2770,16400.0,16400.75,16399.25,16399.75,121,NQ.v.0
2021-11-18 14:11:00+00:00,33,1,2770,16400.0,16403.0,16400.0,16402.5,261,NQ.v.0
2021-11-18 14:12:00+00:00,33,1,2770,16402.5,16404.5,16402.0,16404.5,285,NQ.v.0
2021-11-18 14:13:00+00:00,33,1,2770,16404.5,16408.0,16404.25,16406.75,403,NQ.v.0
2021-11-18 14:14:00+00:00,33,1,2770,16407.0,16407.0,16405.0,16405.5,108,NQ.v.0
2021-11-18 14:15:00+00:00,33,1,2770,16405.25,16406.75,16403.5,16404.5,160,NQ.v.0
2021-11-18 14:16:00+00:00,33,1,2770,16404.25,16404.25,16402.75,16403.75,133,NQ.v.0
2021-11-18 14:17:00+00:00,33,1,2770,16404.0,16404.0,16402.5,16403.0,129,NQ.v.0
2021-11-18 14:18:00+00:00,33,1,2770,16403.0,16403.75,16401.5,16401.5,122,NQ.v.0
2021-11-18 14:19:00+00:00,33,1,2770,16401.5,16403.25,16401.5,16402.0,126,NQ.v.0
2021-11-18 14:20:00+00:00,33,1,2770,16402.0,16402.5,16400.25,16400.75,134,NQ.v.0
2021-11-18 14:21:00+00:00,33,1,2770,16400.75,16401.25,16396.0,16396.0,300,NQ.v.0
2021-11-18 14:22:00+00:00,33,1,2770,16396.5,16398.25,16394.5,16397.25,369,NQ.v.0
2021-11-18 14:23:00+00:00,33,1,2770,16397.0,16397.5,16395.5,16397.25,167,NQ.v.0
2021-11-18 14:24:00+00:00,33,1,2770,16397.25,16399.75,16396.75,16398.0,188,NQ.v.0
2021-11-18 14:25:00+00:00,33,1,2770,16397.75,16398.5,16395.0,16398.25,548,NQ.v.0
2021-11-18 14:26:00+00:00,33,1,2770,16398.25,16399.5,16394.0,16394.75,414,NQ.v.0
2021-11-18 14:27:00+00:00,33,1,2770,16394.5,16396.75,16393.25,16396.5,314,NQ.v.0
2021-11-18 14:28:00+00:00,33,1,2770,16396.25,16397.75,16393.75,16395.5,352,NQ.v.0
2021-11-18 14:29:00+00:00,33,1,2770,16395.5,16398.75,16395.5,16397.75,444,NQ.v.0
2021-11-18 14:30:00+00:00,33,1,2770,16398.0,16402.5,16380.75,16383.25,5441,NQ.v.0
2021-11-18 14:31:00+00:00,33,1,2770,16383.5,16386.5,16364.0,16372.75,4788,NQ.v.0
2021-11-18 14:32:00+00:00,33,1,2770,16372.75,16376.0,16356.75,16369.0,3804,NQ.v.0
2021-11-18 14:33:00+00:00,33,1,2770,16369.0,16375.25,16365.75,16367.25,3012,NQ.v.0
2021-11-18 14:34:00+00:00,33,1,2770,16367.25,16368.0,16353.25,16361.5,4139,NQ.v.0
2021-11-18 14:35:00+00:00,33,1,2770,16361.75,16372.25,16356.0,16365.5,3819,NQ.v.0
2021-11-18 14:36:00+00:00,33,1,2770,16365.25,16374.25,16364.25,16373.0,2499,NQ.v.0
2021-11-18 14:37:00+00:00,33,1,2770,16372.75,16376.5,16369.75,16372.5,1984,NQ.v.0
2021-11-18 14:38:00+00:00,33,1,2770,16372.5,16381.0,16370.25,16375.5,2086,NQ.v.0
2021-11-18 14:39:00+00:00,33,1,2770,16375.25,16386.75,16375.25,16382.75,2716,NQ.v.0
2021-11-18 14:40:00+00:00,33,1,2770,16382.5,16391.25,16380.0,16385.25,3107,NQ.v.0
2021-11-18 14:41:00+00:00,33,1,2770,16385.5,16393.0,16382.75,16385.0,1983,NQ.v.0
2021-11-18 14:42:00+00:00,33,1,2770,16385.25,16389.5,16378.0,16382.25,2099,NQ.v.0
2021-11-18 14:43:00+00:00,33,1,2770,16383.25,16390.25,16380.75,16389.25,1606,NQ.v.0
2021-11-18 14:44:00+00:00,33,1,2770,16388.75,16392.75,16382.0,16382.25,1968,NQ.v.0
2021-11-18 14:45:00+00:00,33,1,2770,16382.0,16388.0,16377.5,16384.25,2295,NQ.v.0
2021-11-18 14:46:00+00:00,33,1,2770,16384.25,16406.75,16383.25,16401.5,3709,NQ.v.0
2021-11-18 14:47:00+00:00,33,1,2770,16401.5,16418.25,16401.5,16416.25,4324,NQ.v.0
2021-11-18 14:48:00+00:00,33,1,2770,16416.0,16421.0,16409.25,16412.25,2760,NQ.v.0
2021-11-18 14:49:00+00:00,33,1,2770,16412.5,16421.0,16412.0,16412.0,2062,NQ.v.0
2021-11-18 14:50:00+00:00,33,1,2770,16411.75,16417.25,16408.75,16410.75,1905,NQ.v.0
2021-11-18 14:51:00+00:00,33,1,2770,16411.25,16414.25,16386.0,16391.0,4400,NQ.v.0
2021-11-18 14:52:00+00:00,33,1,2770,16391.25,16393.5,16380.0,16389.5,2945,NQ.v.0
2021-11-18 14:53:00+00:00,33,1,2770,16389.75,16390.75,16374.5,16381.5,2554,NQ.v.0
2021-11-18 14:54:00+00:00,33,1,2770,16381.25,16391.0,16380.0,16385.0,1475,NQ.v.0
2021-11-18 14:55:00+00:00,33,1,2770,16384.75,16393.75,16383.5,16392.5,1735,NQ.v.0
2021-11-18 14:56:00+00:00,33,1,2770,16393.0,16396.75,16387.5,16387.5,1696,NQ.v.0
2021-11-18 14:57:00+00:00,33,1,2770,16388.25,16395.25,16381.25,16393.5,2121,NQ.v.0
2021-11-18 14:58:00+00:00,33,1,2770,16393.0,16400.5,16391.5,16397.75,1788,NQ.v.0
2021-11-18 14:59:00+00:00,33,1,2770,16397.5,16400.0,16392.75,16396.5,1425,NQ.v.0
2021-11-18 15:00:00+00:00,33,1,2770,16396.75,16402.5,16386.25,16390.25,2609,NQ.v.0
2021-11-18 15:01:00+00:00,33,1,2770,16390.75,16395.75,16385.25,16389.75,1631,NQ.v.0
2021-11-18 15:02:00+00:00,33,1,2770,16390.25,16394.0,16386.5,16390.25,1376,NQ.v.0
2021-11-18 15:03:00+00:00,33,1,2770,16390.5,16396.5,16390.0,16394.75,1182,NQ.v.0
2021-11-18 15:04:00+00:00,33,1,2770,16394.5,16405.75,16389.75,16402.75,2200,NQ.v.0
2021-11-18 15:05:00+00:00,33,1,2770,16402.5,16417.5,16402.0,16412.0,3119,NQ.v.0
2021-11-18 15:06:00+00:00,33,1,2770,16412.0,16415.75,16405.5,16413.25,2008,NQ.v.0
2021-11-18 15:07:00+00:00,33,1,2770,16413.5,16419.0,16410.0,16413.25,2026,NQ.v.0
2021-11-18 15:08:00+00:00,33,1,2770,16413.25,16417.5,16406.0,16407.75,1524,NQ.v.0
2021-11-18 15:09:00+00:00,33,1,2770,16407.75,16408.0,16375.5,16378.75,3988,NQ.v.0
2021-11-18 15:10:00+00:00,33,1,2770,16378.25,16379.75,16346.0,16349.0,7277,NQ.v.0
2021-11-18 15:11:00+00:00,33,1,2770,16349.25,16358.75,16343.25,16345.0,3337,NQ.v.0
2021-11-18 15:12:00+00:00,33,1,2770,16344.75,16345.75,16330.75,16337.5,3912,NQ.v.0
2021-11-18 15:13:00+00:00,33,1,2770,16338.0,16338.25,16326.5,16332.0,2940,NQ.v.0
2021-11-18 15:14:00+00:00,33,1,2770,16332.5,16342.25,16328.75,16337.75,2917,NQ.v.0
2021-11-18 15:15:00+00:00,33,1,2770,16336.5,16337.5,16323.25,16335.5,3669,NQ.v.0
2021-11-18 15:16:00+00:00,33,1,2770,16335.75,16345.5,16335.5,16341.75,2905,NQ.v.0
2021-11-18 15:17:00+00:00,33,1,2770,16341.75,16344.0,16334.0,16342.0,1749,NQ.v.0
2021-11-18 15:18:00+00:00,33,1,2770,16342.0,16352.25,16342.0,16345.25,2233,NQ.v.0
2021-11-18 15:19:00+00:00,33,1,2770,16345.25,16349.5,16318.5,16318.75,3084,NQ.v.0
2021-11-18 15:20:00+00:00,33,1,2770,16319.0,16332.75,16303.5,16325.75,6373,NQ.v.0
2021-11-18 15:21:00+00:00,33,1,2770,16325.25,16332.25,16315.5,16318.0,2795,NQ.v.0
2021-11-18 15:22:00+00:00,33,1,2770,16317.25,16337.0,16317.25,16336.75,2195,NQ.v.0
2021-11-18 15:23:00+00:00,33,1,2770,16336.5,16341.75,16326.75,16337.0,1858,NQ.v.0
2021-11-18 15:24:00+00:00,33,1,2770,16337.75,16342.75,16333.75,16334.0,1384,NQ.v.0
2021-11-18 15:25:00+00:00,33,1,2770,16333.5,16341.25,16330.5,16338.0,1457,NQ.v.0
2021-11-18 15:26:00+00:00,33,1,2770,16338.25,16344.5,16328.5,16332.25,1517,NQ.v.0
2021-11-18 15:27:00+00:00,33,1,2770,16331.5,16339.75,16328.0,16337.75,1167,NQ.v.0
2021-11-18 15:28:00+00:00,33,1,2770,16337.5,16342.5,16328.0,16338.75,1391,NQ.v.0
2021-11-18 15:29:00+00:00,33,1,2770,16338.25,16342.5,16325.5,16333.5,1543,NQ.v.0
2021-11-18 15:30:00+00:00,33,1,2770,16334.0,16349.0,16330.5,16345.75,2128,NQ.v.0
2021-11-18 15:31:00+00:00,33,1,2770,16345.75,16350.25,16340.25,16346.5,1595,NQ.v.0
2021-11-18 15:32:00+00:00,33,1,2770,16346.5,16346.5,16336.75,16342.25,1226,NQ.v.0
2021-11-18 15:33:00+00:00,33,1,2770,16343.0,16358.75,16342.25,16357.25,1958,NQ.v.0
2021-11-18 15:34:00+00:00,33,1,2770,16357.25,16359.5,16348.75,16349.5,1845,NQ.v.0
2021-11-18 15:35:00+00:00,33,1,2770,16349.75,16359.0,16348.75,16357.25,1263,NQ.v.0
2021-11-18 15:36:00+00:00,33,1,2770,16357.5,16364.0,16353.5,16363.75,1638,NQ.v.0
2021-11-18 15:37:00+00:00,33,1,2770,16363.75,16370.0,16362.75,16370.0,1935,NQ.v.0
2021-11-18 15:38:00+00:00,33,1,2770,16369.5,16372.75,16359.25,16359.75,2030,NQ.v.0
2021-11-18 15:39:00+00:00,33,1,2770,16359.5,16365.75,16359.0,16362.0,1283,NQ.v.0
2021-11-18 15:40:00+00:00,33,1,2770,16362.25,16369.5,16362.25,16364.0,1308,NQ.v.0
2021-11-18 15:41:00+00:00,33,1,2770,16364.25,16366.75,16356.5,16362.0,1335,NQ.v.0
2021-11-18 15:42:00+00:00,33,1,2770,16361.75,16365.75,16356.0,16356.5,816,NQ.v.0
2021-11-18 15:43:00+00:00,33,1,2770,16356.75,16356.75,16343.5,16344.5,1913,NQ.v.0
2021-11-18 15:44:00+00:00,33,1,2770,16345.0,16345.5,16335.5,16342.25,1914,NQ.v.0
2021-11-18 15:45:00+00:00,33,1,2770,16342.75,16347.25,16339.5,16341.0,1688,NQ.v.0
2021-11-18 15:46:00+00:00,33,1,2770,16340.5,16349.0,16340.0,16342.5,1479,NQ.v.0
2021-11-18 15:47:00+00:00,33,1,2770,16342.0,16351.75,16341.75,16350.75,1083,NQ.v.0
2021-11-18 15:48:00+00:00,33,1,2770,16350.25,16352.25,16346.25,16349.25,1041,NQ.v.0
2021-11-18 15:49:00+00:00,33,1,2770,16349.25,16360.0,16347.25,16355.5,1508,NQ.v.0
2021-11-18 15:50:00+00:00,33,1,2770,16355.75,16365.0,16355.0,16365.0,1187,NQ.v.0
2021-11-18 15:51:00+00:00,33,1,2770,16365.0,16367.75,16356.0,16357.5,1760,NQ.v.0
2021-11-18 15:52:00+00:00,33,1,2770,16357.25,16358.0,16348.5,16356.25,1475,NQ.v.0
2021-11-18 15:53:00+00:00,33,1,2770,16356.5,16359.75,16351.0,16357.0,815,NQ.v.0
2021-11-18 15:54:00+00:00,33,1,2770,16357.5,16361.0,16353.0,16357.75,873,NQ.v.0
2021-11-18 15:55:00+00:00,33,1,2770,16357.25,16362.5,16350.0,16362.25,1068,NQ.v.0
2021-11-18 15:56:00+00:00,33,1,2770,16362.0,16364.0,16355.25,16360.0,778,NQ.v.0
2021-11-18 15:57:00+00:00,33,1,2770,16359.75,16364.25,16355.0,16364.25,704,NQ.v.0
2021-11-18 15:58:00+00:00,33,1,2770,16363.75,16365.25,16358.5,16361.5,802,NQ.v.0
2021-11-18 15:59:00+00:00,33,1,2770,16361.5,16362.0,16354.75,16359.5,794,NQ.v.0
2021-11-18 16:00:00+00:00,33,1,2770,16358.75,16361.0,16354.75,16356.25,809,NQ.v.0
2021-11-18 16:01:00+00:00,33,1,2770,16356.0,16363.0,16356.0,16359.5,942,NQ.v.0
2021-11-18 16:02:00+00:00,33,1,2770,16359.75,16362.75,16348.25,16348.5,1147,NQ.v.0
2021-11-18 16:03:00+00:00,33,1,2770,16348.25,16349.25,16337.25,16343.75,1660,NQ.v.0
2021-11-18 16:04:00+00:00,33,1,2770,16343.5,16344.0,16337.25,16338.25,1156,NQ.v.0
2021-11-18 16:05:00+00:00,33,1,2770,16337.75,16351.75,16337.75,16344.25,1492,NQ.v.0
2021-11-18 16:06:00+00:00,33,1,2770,16344.25,16345.75,16333.25,16343.5,1483,NQ.v.0
2021-11-18 16:07:00+00:00,33,1,2770,16344.25,16355.0,16344.0,16348.75,1277,NQ.v.0
2021-11-18 16:08:00+00:00,33,1,2770,16348.75,16353.0,16346.5,16349.0,899,NQ.v.0
2021-11-18 16:09:00+00:00,33,1,2770,16349.0,16355.5,16347.0,16348.75,1024,NQ.v.0
2021-11-18 16:10:00+00:00,33,1,2770,16348.5,16359.75,16345.0,16359.75,1391,NQ.v.0
2021-11-18 16:11:00+00:00,33,1,2770,16359.5,16367.0,16351.0,16364.5,2150,NQ.v.0
2021-11-18 16:12:00+00:00,33,1,2770,16364.25,16383.0,16361.0,16381.25,2801,NQ.v.0
2021-11-18 16:13:00+00:00,33,1,2770,16381.5,16386.0,16377.0,16378.0,2103,NQ.v.0
2021-11-18 16:14:00+00:00,33,1,2770,16378.25,16380.0,16372.25,16376.5,1238,NQ.v.0
2021-11-18 16:15:00+00:00,33,1,2770,16376.75,16383.5,16376.5,16383.0,1190,NQ.v.0
2021-11-18 16:16:00+00:00,33,1,2770,16382.75,16384.75,16378.25,16380.75,965,NQ.v.0
2021-11-18 16:17:00+00:00,33,1,2770,16380.75,16385.0,16379.5,16385.0,824,NQ.v.0
2021-11-18 16:18:00+00:00,33,1,2770,16384.75,16395.25,16384.75,16390.0,1923,NQ.v.0
2021-11-18 16:19:00+00:00,33,1,2770,16389.75,16392.5,16386.75,16390.25,990,NQ.v.0
2021-11-18 16:20:00+00:00,33,1,2770,16390.0,16397.25,16389.25,16395.0,1049,NQ.v.0
2021-11-18 16:21:00+00:00,33,1,2770,16395.25,16397.5,16388.75,16390.0,1028,NQ.v.0
2021-11-18 16:22:00+00:00,33,1,2770,16390.0,16390.25,16384.5,16387.75,1044,NQ.v.0
2021-11-18 16:23:00+00:00,33,1,2770,16388.25,16393.0,16386.25,16390.75,736,NQ.v.0
2021-11-18 16:24:00+00:00,33,1,2770,16390.75,16393.5,16389.0,16389.25,506,NQ.v.0
2021-11-18 16:25:00+00:00,33,1,2770,16389.5,16395.5,16388.25,16393.75,813,NQ.v.0
2021-11-18 16:26:00+00:00,33,1,2770,16394.25,16395.75,16391.0,16393.0,694,NQ.v.0
2021-11-18 16:27:00+00:00,33,1,2770,16392.75,16394.25,16390.75,16391.75,529,NQ.v.0
2021-11-18 16:28:00+00:00,33,1,2770,16391.5,16393.5,16389.0,16393.0,485,NQ.v.0
2021-11-18 16:29:00+00:00,33,1,2770,16393.0,16393.5,16385.75,16385.75,587,NQ.v.0
2021-11-18 16:30:00+00:00,33,1,2770,16386.0,16391.5,16385.75,16389.25,721,NQ.v.0
2021-11-18 16:31:00+00:00,33,1,2770,16389.0,16397.0,16387.75,16393.25,1094,NQ.v.0
2021-11-18 16:32:00+00:00,33,1,2770,16393.25,16402.0,16392.25,16401.75,1438,NQ.v.0
2021-11-18 16:33:00+00:00,33,1,2770,16402.0,16417.5,16401.5,16414.75,2712,NQ.v.0
2021-11-18 16:34:00+00:00,33,1,2770,16415.25,16437.0,16414.5,16430.75,4392,NQ.v.0
2021-11-18 16:35:00+00:00,33,1,2770,16430.25,16436.25,16423.5,16425.5,2287,NQ.v.0
2021-11-18 16:36:00+00:00,33,1,2770,16425.5,16431.25,16420.75,16429.75,1590,NQ.v.0
2021-11-18 16:37:00+00:00,33,1,2770,16430.5,16446.75,16430.5,16444.75,2680,NQ.v.0
2021-11-18 16:38:00+00:00,33,1,2770,16444.75,16448.0,16440.75,16441.5,1781,NQ.v.0
2021-11-18 16:39:00+00:00,33,1,2770,16441.25,16443.5,16438.0,16440.25,1200,NQ.v.0
2021-11-18 16:40:00+00:00,33,1,2770,16440.25,16444.0,16434.5,16442.75,1451,NQ.v.0
2021-11-18 16:41:00+00:00,33,1,2770,16443.25,16445.25,16439.25,16440.75,1225,NQ.v.0
2021-11-18 16:42:00+00:00,33,1,2770,16441.0,16448.0,16440.75,16447.0,1091,NQ.v.0
2021-11-18 16:43:00+00:00,33,1,2770,16446.75,16460.0,16446.75,16453.5,3559,NQ.v.0
2021-11-18 16:44:00+00:00,33,1,2770,16453.0,16459.75,16450.75,16457.5,1215,NQ.v.0
2021-11-18 16:45:00+00:00,33,1,2770,16457.25,16474.0,16457.25,16466.25,3158,NQ.v.0
2021-11-18 16:46:00+00:00,33,1,2770,16466.5,16467.5,16459.25,16466.5,1695,NQ.v.0
2021-11-18 16:47:00+00:00,33,1,2770,16466.75,16469.5,16464.25,16469.25,1296,NQ.v.0
2021-11-18 16:48:00+00:00,33,1,2770,16469.25,16479.0,16467.5,16469.75,2329,NQ.v.0
2021-11-18 16:49:00+00:00,33,1,2770,16470.0,16472.75,16465.25,16468.0,1014,NQ.v.0
2021-11-18 16:50:00+00:00,33,1,2770,16467.75,16472.0,16466.5,16469.5,942,NQ.v.0
2021-11-18 16:51:00+00:00,33,1,2770,16470.0,16472.0,16461.0,16464.75,1513,NQ.v.0
2021-11-18 16:52:00+00:00,33,1,2770,16464.75,16468.0,16461.75,16467.25,910,NQ.v.0
2021-11-18 16:53:00+00:00,33,1,2770,16466.5,16467.0,16461.0,16466.5,854,NQ.v.0
2021-11-18 16:54:00+00:00,33,1,2770,16466.5,16469.25,16462.25,16463.5,442,NQ.v.0
2021-11-18 16:55:00+00:00,33,1,2770,16463.5,16465.25,16459.25,16462.25,883,NQ.v.0
2021-11-18 16:56:00+00:00,33,1,2770,16462.5,16463.25,16459.25,16461.75,771,NQ.v.0
2021-11-18 16:57:00+00:00,33,1,2770,16462.0,16466.5,16459.25,16460.5,808,NQ.v.0
2021-11-18 16:58:00+00:00,33,1,2770,16460.75,16463.5,16456.75,16456.75,1001,NQ.v.0
2021-11-18 16:59:00+00:00,33,1,2770,16457.0,16457.75,16452.0,16454.25,1030,NQ.v.0
2021-11-18 17:00:00+00:00,33,1,2770,16454.75,16464.25,16454.75,16464.25,1060,NQ.v.0
2021-11-18 17:01:00+00:00,33,1,2770,16464.5,16464.75,16452.5,16455.5,980,NQ.v.0
2021-11-18 17:02:00+00:00,33,1,2770,16455.75,16463.5,16454.75,16462.0,1046,NQ.v.0
2021-11-18 17:03:00+00:00,33,1,2770,16461.75,16468.75,16460.0,16468.5,1011,NQ.v.0
2021-11-18 17:04:00+00:00,33,1,2770,16468.25,16471.5,16466.75,16469.5,966,NQ.v.0
2021-11-18 17:05:00+00:00,33,1,2770,16469.75,16472.0,16464.5,16465.25,666,NQ.v.0
2021-11-18 17:06:00+00:00,33,1,2770,16465.0,16469.25,16463.25,16468.0,657,NQ.v.0
2021-11-18 17:07:00+00:00,33,1,2770,16468.0,16471.25,16466.0,16470.5,558,NQ.v.0
2021-11-18 17:08:00+00:00,33,1,2770,16470.75,16471.25,16466.0,16467.75,583,NQ.v.0
2021-11-18 17:09:00+00:00,33,1,2770,16467.25,16469.0,16462.75,16465.0,478,NQ.v.0
2021-11-18 17:10:00+00:00,33,1,2770,16465.0,16468.5,16464.0,16468.0,504,NQ.v.0
2021-11-18 17:11:00+00:00,33,1,2770,16467.75,16469.25,16465.25,16467.75,466,NQ.v.0
2021-11-18 17:12:00+00:00,33,1,2770,16467.5,16467.75,16464.0,16467.0,493,NQ.v.0
2021-11-18 17:13:00+00:00,33,1,2770,16466.75,16468.0,16463.5,16465.75,397,NQ.v.0
2021-11-18 17:14:00+00:00,33,1,2770,16466.75,16471.0,16466.0,16471.0,558,NQ.v.0
2021-11-18 17:15:00+00:00,33,1,2770,16470.75,16471.5,16465.0,16467.0,853,NQ.v.0
2021-11-18 17:16:00+00:00,33,1,2770,16467.25,16475.5,16464.75,16474.75,997,NQ.v.0
2021-11-18 17:17:00+00:00,33,1,2770,16474.75,16477.0,16471.75,16473.75,970,NQ.v.0
2021-11-18 17:18:00+00:00,33,1,2770,16473.75,16476.75,16469.5,16476.25,609,NQ.v.0
2021-11-18 17:19:00+00:00,33,1,2770,16476.25,16478.0,16469.0,16469.75,740,NQ.v.0
2021-11-18 17:20:00+00:00,33,1,2770,16470.0,16471.75,16466.75,16466.75,584,NQ.v.0
2021-11-18 17:21:00+00:00,33,1,2770,16467.5,16471.5,16467.25,16469.5,496,NQ.v.0
2021-11-18 17:22:00+00:00,33,1,2770,16469.5,16475.5,16469.5,16472.75,669,NQ.v.0
2021-11-18 17:23:00+00:00,33,1,2770,16473.75,16474.5,16471.25,16473.5,471,NQ.v.0
2021-11-18 17:24:00+00:00,33,1,2770,16473.75,16478.5,16472.0,16476.5,614,NQ.v.0
2021-11-18 17:25:00+00:00,33,1,2770,16476.5,16485.0,16475.75,16483.75,2071,NQ.v.0
2021-11-18 17:26:00+00:00,33,1,2770,16483.0,16485.5,16475.25,16480.25,1460,NQ.v.0
2021-11-18 17:27:00+00:00,33,1,2770,16480.5,16485.5,16480.0,16484.5,905,NQ.v.0
2021-11-18 17:28:00+00:00,33,1,2770,16484.75,16486.0,16482.75,16483.25,741,NQ.v.0
2021-11-18 17:29:00+00:00,33,1,2770,16483.0,16487.0,16481.25,16487.0,690,NQ.v.0
2021-11-18 17:30:00+00:00,33,1,2770,16486.5,16490.0,16483.0,16484.0,1623,NQ.v.0
2021-11-18 17:31:00+00:00,33,1,2770,16483.75,16484.5,16476.0,16484.0,1510,NQ.v.0
2021-11-18 17:32:00+00:00,33,1,2770,16484.0,16488.75,16481.25,16486.0,925,NQ.v.0
2021-11-18 17:33:00+00:00,33,1,2770,16485.75,16486.25,16477.0,16477.5,919,NQ.v.0
2021-11-18 17:34:00+00:00,33,1,2770,16477.25,16481.25,16476.5,16479.5,785,NQ.v.0
2021-11-18 17:35:00+00:00,33,1,2770,16479.75,16484.75,16478.25,16479.5,840,NQ.v.0
2021-11-18 17:36:00+00:00,33,1,2770,16479.75,16481.0,16473.5,16474.75,849,NQ.v.0
2021-11-18 17:37:00+00:00,33,1,2770,16474.25,16476.25,16468.75,16470.0,1187,NQ.v.0
2021-11-18 17:38:00+00:00,33,1,2770,16470.0,16473.75,16466.75,16473.25,1011,NQ.v.0
2021-11-18 17:39:00+00:00,33,1,2770,16473.0,16473.0,16468.5,16472.0,692,NQ.v.0
2021-11-18 17:40:00+00:00,33,1,2770,16472.25,16473.25,16462.75,16464.0,1103,NQ.v.0
2021-11-18 17:41:00+00:00,33,1,2770,16464.0,16469.5,16463.25,16468.75,856,NQ.v.0
2021-11-18 17:42:00+00:00,33,1,2770,16468.25,16472.0,16466.75,16472.0,535,NQ.v.0
2021-11-18 17:43:00+00:00,33,1,2770,16472.5,16473.75,16466.75,16467.5,491,NQ.v.0
2021-11-18 17:44:00+00:00,33,1,2770,16467.5,16469.25,16466.0,16468.75,428,NQ.v.0
2021-11-18 17:45:00+00:00,33,1,2770,16468.75,16471.25,16466.0,16468.25,925,NQ.v.0
2021-11-18 17:46:00+00:00,33,1,2770,16468.5,16468.5,16459.5,16462.75,1042,NQ.v.0
2021-11-18 17:47:00+00:00,33,1,2770,16462.75,16467.75,16462.0,16462.25,662,NQ.v.0
2021-11-18 17:48:00+00:00,33,1,2770,16462.25,16462.75,16451.75,16457.0,2076,NQ.v.0
2021-11-18 17:49:00+00:00,33,1,2770,16457.25,16457.75,16443.0,16444.5,2559,NQ.v.0
2021-11-18 17:50:00+00:00,33,1,2770,16444.25,16446.25,16431.5,16433.25,2804,NQ.v.0
2021-11-18 17:51:00+00:00,33,1,2770,16433.75,16448.25,16431.25,16443.75,2056,NQ.v.0
2021-11-18 17:52:00+00:00,33,1,2770,16443.5,16443.5,16429.5,16430.75,1419,NQ.v.0
2021-11-18 17:53:00+00:00,33,1,2770,16430.75,16440.25,16430.75,16439.0,1417,NQ.v.0
2021-11-18 17:54:00+00:00,33,1,2770,16438.75,16445.75,16437.75,16445.25,1142,NQ.v.0
2021-11-18 17:55:00+00:00,33,1,2770,16445.25,16445.25,16430.0,16430.25,1527,NQ.v.0
2021-11-18 17:56:00+00:00,33,1,2770,16430.0,16435.75,16430.0,16433.5,1253,NQ.v.0
2021-11-18 17:57:00+00:00,33,1,2770,16433.5,16434.5,16423.5,16428.75,1482,NQ.v.0
2021-11-18 17:58:00+00:00,33,1,2770,16428.75,16432.75,16427.0,16431.0,1004,NQ.v.0
2021-11-18 17:59:00+00:00,33,1,2770,16430.75,16440.5,16429.5,16438.75,1102,NQ.v.0
2021-11-18 18:00:00+00:00,33,1,2770,16438.75,16439.75,16431.0,16432.5,934,NQ.v.0
2021-11-18 18:01:00+00:00,33,1,2770,16432.5,16434.25,16430.25,16434.0,679,NQ.v.0
2021-11-18 18:02:00+00:00,33,1,2770,16433.75,16437.5,16428.75,16436.5,775,NQ.v.0
2021-11-18 18:03:00+00:00,33,1,2770,16436.25,16440.75,16435.5,16438.75,688,NQ.v.0
2021-11-18 18:04:00+00:00,33,1,2770,16439.0,16447.0,16437.25,16447.0,909,NQ.v.0
2021-11-18 18:05:00+00:00,33,1,2770,16446.75,16453.0,16444.75,16452.25,1232,NQ.v.0
2021-11-18 18:06:00+00:00,33,1,2770,16451.5,16453.75,16449.75,16451.75,721,NQ.v.0
2021-11-18 18:07:00+00:00,33,1,2770,16451.5,16453.5,16449.5,16451.0,597,NQ.v.0
2021-11-18 18:08:00+00:00,33,1,2770,16450.5,16452.5,16448.5,16450.75,652,NQ.v.0
2021-11-18 18:09:00+00:00,33,1,2770,16450.0,16451.0,16442.0,16445.5,804,NQ.v.0
2021-11-18 18:10:00+00:00,33,1,2770,16445.25,16457.25,16445.0,16457.25,1033,NQ.v.0
2021-11-18 18:11:00+00:00,33,1,2770,16456.75,16458.0,16452.0,16457.5,656,NQ.v.0
2021-11-18 18:12:00+00:00,33,1,2770,16457.75,16460.5,16456.75,16459.5,689,NQ.v.0
2021-11-18 18:13:00+00:00,33,1,2770,16459.25,16460.0,16457.25,16459.0,509,NQ.v.0
2021-11-18 18:14:00+00:00,33,1,2770,16459.25,16459.75,16454.5,16458.75,443,NQ.v.0
2021-11-18 18:15:00+00:00,33,1,2770,16459.0,16459.0,16450.75,16452.5,721,NQ.v.0
2021-11-18 18:16:00+00:00,33,1,2770,16452.75,16459.25,16452.5,16456.25,486,NQ.v.0
2021-11-18 18:17:00+00:00,33,1,2770,16456.25,16456.25,16447.5,16447.5,832,NQ.v.0
2021-11-18 18:18:00+00:00,33,1,2770,16447.25,16449.0,16444.25,16445.75,825,NQ.v.0
2021-11-18 18:19:00+00:00,33,1,2770,16446.0,16447.0,16432.25,16436.5,1449,NQ.v.0
2021-11-18 18:20:00+00:00,33,1,2770,16437.0,16440.5,16434.0,16435.25,958,NQ.v.0
2021-11-18 18:21:00+00:00,33,1,2770,16434.5,16441.75,16434.5,16441.25,574,NQ.v.0
2021-11-18 18:22:00+00:00,33,1,2770,16440.75,16441.0,16433.25,16434.75,744,NQ.v.0
2021-11-18 18:23:00+00:00,33,1,2770,16434.5,16440.0,16433.5,16436.0,761,NQ.v.0
2021-11-18 18:24:00+00:00,33,1,2770,16435.75,16443.75,16434.25,16440.25,736,NQ.v.0
2021-11-18 18:25:00+00:00,33,1,2770,16440.25,16449.0,16440.25,16445.25,806,NQ.v.0
2021-11-18 18:26:00+00:00,33,1,2770,16445.5,16450.0,16445.25,16448.25,451,NQ.v.0
2021-11-18 18:27:00+00:00,33,1,2770,16448.25,16450.25,16441.5,16443.75,721,NQ.v.0
2021-11-18 18:28:00+00:00,33,1,2770,16443.75,16444.5,16437.25,16437.5,595,NQ.v.0
2021-11-18 18:29:00+00:00,33,1,2770,16438.0,16442.5,16437.75,16441.5,415,NQ.v.0
2021-11-18 18:30:00+00:00,33,1,2770,16440.75,16442.5,16434.5,16437.25,747,NQ.v.0
2021-11-18 18:31:00+00:00,33,1,2770,16437.75,16441.25,16434.25,16440.0,666,NQ.v.0
2021-11-18 18:32:00+00:00,33,1,2770,16439.25,16445.5,16438.0,16444.75,551,NQ.v.0
2021-11-18 18:33:00+00:00,33,1,2770,16445.5,16448.5,16442.5,16447.5,496,NQ.v.0
2021-11-18 18:34:00+00:00,33,1,2770,16447.25,16448.25,16443.5,16443.75,432,NQ.v.0
2021-11-18 18:35:00+00:00,33,1,2770,16443.5,16444.5,16440.25,16443.0,443,NQ.v.0
2021-11-18 18:36:00+00:00,33,1,2770,16443.0,16447.0,16442.0,16443.5,366,NQ.v.0
2021-11-18 18:37:00+00:00,33,1,2770,16444.25,16446.5,16439.5,16440.25,485,NQ.v.0
2021-11-18 18:38:00+00:00,33,1,2770,16440.25,16444.0,16439.25,16442.25,298,NQ.v.0
2021-11-18 18:39:00+00:00,33,1,2770,16442.0,16443.5,16435.0,16435.5,588,NQ.v.0
2021-11-18 18:40:00+00:00,33,1,2770,16435.25,16438.5,16431.5,16434.25,754,NQ.v.0
2021-11-18 18:41:00+00:00,33,1,2770,16434.5,16444.5,16433.5,16444.5,643,NQ.v.0
2021-11-18 18:42:00+00:00,33,1,2770,16444.25,16444.25,16437.0,16441.5,442,NQ.v.0
2021-11-18 18:43:00+00:00,33,1,2770,16441.5,16441.75,16438.75,16441.25,297,NQ.v.0
2021-11-18 18:44:00+00:00,33,1,2770,16441.25,16442.25,16438.0,16439.0,251,NQ.v.0
2021-11-18 18:45:00+00:00,33,1,2770,16438.75,16447.25,16438.25,16446.75,602,NQ.v.0
2021-11-18 18:46:00+00:00,33,1,2770,16446.75,16448.25,16440.5,16441.25,657,NQ.v.0
2021-11-18 18:47:00+00:00,33,1,2770,16441.5,16442.75,16437.25,16438.0,364,NQ.v.0
2021-11-18 18:48:00+00:00,33,1,2770,16437.75,16442.25,16437.0,16438.5,303,NQ.v.0
2021-11-18 18:49:00+00:00,33,1,2770,16438.25,16441.25,16437.75,16438.75,417,NQ.v.0
2021-11-18 18:50:00+00:00,33,1,2770,16438.25,16439.25,16426.0,16428.25,1026,NQ.v.0
2021-11-18 18:51:00+00:00,33,1,2770,16428.25,16442.75,16428.0,16442.75,1254,NQ.v.0
2021-11-18 18:52:00+00:00,33,1,2770,16442.25,16442.75,16436.25,16440.5,686,NQ.v.0
2021-11-18 18:53:00+00:00,33,1,2770,16439.75,16440.5,16428.5,16428.75,690,NQ.v.0
2021-11-18 18:54:00+00:00,33,1,2770,16429.0,16433.0,16428.0,16431.25,718,NQ.v.0
2021-11-18 18:55:00+00:00,33,1,2770,16431.25,16434.0,16428.75,16432.0,470,NQ.v.0
2021-11-18 18:56:00+00:00,33,1,2770,16432.0,16434.5,16428.5,16432.75,365,NQ.v.0
2021-11-18 18:57:00+00:00,33,1,2770,16432.75,16437.0,16430.75,16436.0,456,NQ.v.0
2021-11-18 18:58:00+00:00,33,1,2770,16435.75,16438.0,16434.5,16437.5,448,NQ.v.0
2021-11-18 18:59:00+00:00,33,1,2770,16437.75,16438.0,16433.0,16437.0,384,NQ.v.0
2021-11-18 19:00:00+00:00,33,1,2770,16436.5,16436.75,16417.25,16420.75,2582,NQ.v.0
2021-11-18 19:01:00+00:00,33,1,2770,16420.5,16423.25,16417.0,16420.0,963,NQ.v.0
2021-11-18 19:02:00+00:00,33,1,2770,16420.25,16434.75,16420.25,16434.25,1078,NQ.v.0
2021-11-18 19:03:00+00:00,33,1,2770,16434.75,16440.5,16433.5,16440.0,990,NQ.v.0
2021-11-18 19:04:00+00:00,33,1,2770,16440.0,16441.75,16434.25,16435.25,534,NQ.v.0
2021-11-18 19:05:00+00:00,33,1,2770,16436.0,16444.75,16434.5,16444.5,880,NQ.v.0
2021-11-18 19:06:00+00:00,33,1,2770,16444.25,16451.5,16442.75,16450.75,1037,NQ.v.0
2021-11-18 19:07:00+00:00,33,1,2770,16450.5,16454.75,16447.0,16450.0,948,NQ.v.0
2021-11-18 19:08:00+00:00,33,1,2770,16450.0,16452.0,16447.0,16447.5,646,NQ.v.0
2021-11-18 19:09:00+00:00,33,1,2770,16447.5,16448.75,16443.25,16448.25,630,NQ.v.0
2021-11-18 19:10:00+00:00,33,1,2770,16448.25,16449.0,16442.0,16444.75,664,NQ.v.0
2021-11-18 19:11:00+00:00,33,1,2770,16444.25,16453.75,16444.0,16450.25,593,NQ.v.0
2021-11-18 19:12:00+00:00,33,1,2770,16450.0,16450.25,16444.0,16445.75,434,NQ.v.0
2021-11-18 19:13:00+00:00,33,1,2770,16446.0,16450.5,16445.5,16446.25,402,NQ.v.0
2021-11-18 19:14:00+00:00,33,1,2770,16446.25,16449.0,16444.25,16448.5,334,NQ.v.0
2021-11-18 19:15:00+00:00,33,1,2770,16448.5,16449.25,16443.75,16446.25,523,NQ.v.0
2021-11-18 19:16:00+00:00,33,1,2770,16446.5,16448.5,16443.25,16445.75,359,NQ.v.0
2021-11-18 19:17:00+00:00,33,1,2770,16446.0,16446.75,16437.25,16437.5,634,NQ.v.0
2021-11-18 19:18:00+00:00,33,1,2770,16437.5,16444.75,16437.5,16439.25,818,NQ.v.0
2021-11-18 19:19:00+00:00,33,1,2770,16439.75,16444.0,16438.0,16441.5,457,NQ.v.0
2021-11-18 19:20:00+00:00,33,1,2770,16441.5,16442.75,16435.0,16437.0,764,NQ.v.0
2021-11-18 19:21:00+00:00,33,1,2770,16436.5,16440.75,16434.25,16435.75,545,NQ.v.0
2021-11-18 19:22:00+00:00,33,1,2770,16435.75,16437.5,16430.25,16433.75,683,NQ.v.0
2021-11-18 19:23:00+00:00,33,1,2770,16433.5,16433.75,16428.5,16431.0,625,NQ.v.0
2021-11-18 19:24:00+00:00,33,1,2770,16431.0,16431.75,16426.5,16426.5,546,NQ.v.0
2021-11-18 19:25:00+00:00,33,1,2770,16426.75,16431.75,16424.5,16427.25,912,NQ.v.0
2021-11-18 19:26:00+00:00,33,1,2770,16427.5,16429.75,16424.5,16424.75,550,NQ.v.0
2021-11-18 19:27:00+00:00,33,1,2770,16425.25,16426.25,16420.75,16422.5,776,NQ.v.0
2021-11-18 19:28:00+00:00,33,1,2770,16422.5,16424.25,16420.5,16423.25,429,NQ.v.0
2021-11-18 19:29:00+00:00,33,1,2770,16423.25,16431.0,16421.75,16429.25,932,NQ.v.0
2021-11-18 19:30:00+00:00,33,1,2770,16429.5,16431.25,16417.75,16418.5,1432,NQ.v.0
2021-11-18 19:31:00+00:00,33,1,2770,16418.5,16420.0,16406.0,16417.75,2064,NQ.v.0
2021-11-18 19:32:00+00:00,33,1,2770,16417.75,16422.5,16414.75,16420.0,975,NQ.v.0
2021-11-18 19:33:00+00:00,33,1,2770,16419.5,16423.5,16416.0,16422.5,774,NQ.v.0
2021-11-18 19:34:00+00:00,33,1,2770,16422.5,16432.0,16420.5,16431.0,1202,NQ.v.0
2021-11-18 19:35:00+00:00,33,1,2770,16430.5,16434.0,16425.0,16432.25,1193,NQ.v.0
2021-11-18 19:36:00+00:00,33,1,2770,16432.5,16434.25,16430.0,16432.5,734,NQ.v.0
2021-11-18 19:37:00+00:00,33,1,2770,16432.5,16438.5,16431.75,16437.0,1006,NQ.v.0
2021-11-18 19:38:00+00:00,33,1,2770,16437.25,16442.75,16436.25,16441.75,1041,NQ.v.0
2021-11-18 19:39:00+00:00,33,1,2770,16442.25,16443.5,16438.0,16439.25,618,NQ.v.0
2021-11-18 19:40:00+00:00,33,1,2770,16438.75,16440.5,16436.75,16438.25,501,NQ.v.0
2021-11-18 19:41:00+00:00,33,1,2770,16438.25,16441.5,16437.0,16440.5,409,NQ.v.0
2021-11-18 19:42:00+00:00,33,1,2770,16441.0,16444.75,16438.25,16443.75,568,NQ.v.0
2021-11-18 19:43:00+00:00,33,1,2770,16444.0,16445.25,16439.0,16439.5,668,NQ.v.0
2021-11-18 19:44:00+00:00,33,1,2770,16439.5,16442.0,16438.5,16441.0,572,NQ.v.0
2021-11-18 19:45:00+00:00,33,1,2770,16441.25,16448.25,16440.25,16447.25,637,NQ.v.0
2021-11-18 19:46:00+00:00,33,1,2770,16447.0,16449.5,16443.5,16448.25,565,NQ.v.0
2021-11-18 19:47:00+00:00,33,1,2770,16447.75,16447.75,16442.5,16444.25,453,NQ.v.0
2021-11-18 19:48:00+00:00,33,1,2770,16444.0,16447.25,16443.5,16446.25,364,NQ.v.0
2021-11-18 19:49:00+00:00,33,1,2770,16445.75,16450.5,16445.75,16447.0,588,NQ.v.0
2021-11-18 19:50:00+00:00,33,1,2770,16446.25,16448.5,16443.75,16445.5,449,NQ.v.0
2021-11-18 19:51:00+00:00,33,1,2770,16445.25,16449.25,16445.0,16448.25,370,NQ.v.0
2021-11-18 19:52:00+00:00,33,1,2770,16448.25,16455.0,16446.75,16454.75,664,NQ.v.0
2021-11-18 19:53:00+00:00,33,1,2770,16454.75,16457.75,16449.0,16449.5,857,NQ.v.0
2021-11-18 19:54:00+00:00,33,1,2770,16449.5,16455.25,16448.0,16453.75,594,NQ.v.0
2021-11-18 19:55:00+00:00,33,1,2770,16453.5,16454.25,16445.75,16448.0,556,NQ.v.0
2021-11-18 19:56:00+00:00,33,1,2770,16448.25,16448.5,16442.0,16443.25,826,NQ.v.0
2021-11-18 19:57:00+00:00,33,1,2770,16443.25,16449.5,16442.5,16448.75,624,NQ.v.0
2021-11-18 19:58:00+00:00,33,1,2770,16449.25,16451.0,16445.5,16450.5,610,NQ.v.0
2021-11-18 19:59:00+00:00,33,1,2770,16450.0,16451.25,16447.0,16447.25,549,NQ.v.0
2021-11-18 20:00:00+00:00,33,1,2770,16447.0,16450.0,16440.0,16440.5,895,NQ.v.0
2021-11-18 20:01:00+00:00,33,1,2770,16440.5,16453.0,16440.25,16452.25,818,NQ.v.0
2021-11-18 20:02:00+00:00,33,1,2770,16452.25,16456.75,16447.25,16448.25,947,NQ.v.0
2021-11-18 20:03:00+00:00,33,1,2770,16448.5,16456.5,16447.0,16455.0,603,NQ.v.0
2021-11-18 20:04:00+00:00,33,1,2770,16454.75,16456.25,16453.0,16454.25,511,NQ.v.0
2021-11-18 20:05:00+00:00,33,1,2770,16454.25,16461.25,16452.75,16460.0,924,NQ.v.0
2021-11-18 20:06:00+00:00,33,1,2770,16459.5,16465.0,16456.25,16464.75,1001,NQ.v.0
2021-11-18 20:07:00+00:00,33,1,2770,16464.5,16470.5,16463.75,16470.0,1511,NQ.v.0
2021-11-18 20:08:00+00:00,33,1,2770,16470.25,16470.25,16463.75,16467.75,801,NQ.v.0
2021-11-18 20:09:00+00:00,33,1,2770,16467.25,16472.0,16466.0,16469.25,769,NQ.v.0
2021-11-18 20:10:00+00:00,33,1,2770,16469.0,16471.0,16465.5,16470.75,873,NQ.v.0
2021-11-18 20:11:00+00:00,33,1,2770,16470.5,16473.75,16469.0,16471.75,922,NQ.v.0
2021-11-18 20:12:00+00:00,33,1,2770,16472.0,16472.75,16464.5,16467.75,947,NQ.v.0
2021-11-18 20:13:00+00:00,33,1,2770,16468.0,16468.75,16462.5,16464.0,773,NQ.v.0
2021-11-18 20:14:00+00:00,33,1,2770,16464.25,16466.75,16462.0,16466.25,555,NQ.v.0
2021-11-18 20:15:00+00:00,33,1,2770,16466.25,16468.25,16462.5,16465.75,655,NQ.v.0
2021-11-18 20:16:00+00:00,33,1,2770,16465.75,16466.75,16462.75,16464.75,579,NQ.v.0
2021-11-18 20:17:00+00:00,33,1,2770,16464.25,16466.25,16459.25,16459.75,937,NQ.v.0
2021-11-18 20:18:00+00:00,33,1,2770,16459.75,16463.75,16459.75,16463.0,604,NQ.v.0
2021-11-18 20:19:00+00:00,33,1,2770,16463.25,16468.0,16462.5,16465.25,571,NQ.v.0
2021-11-18 20:20:00+00:00,33,1,2770,16465.5,16469.25,16464.25,16465.5,495,NQ.v.0
2021-11-18 20:21:00+00:00,33,1,2770,16465.75,16467.25,16463.5,16465.75,476,NQ.v.0
2021-11-18 20:22:00+00:00,33,1,2770,16465.5,16471.75,16463.5,16471.75,828,NQ.v.0
2021-11-18 20:23:00+00:00,33,1,2770,16471.25,16473.25,16468.5,16471.5,702,NQ.v.0
2021-11-18 20:24:00+00:00,33,1,2770,16471.0,16471.5,16465.75,16467.75,654,NQ.v.0
2021-11-18 20:25:00+00:00,33,1,2770,16468.0,16475.0,16467.25,16468.75,1166,NQ.v.0
2021-11-18 20:26:00+00:00,33,1,2770,16469.0,16472.0,16465.75,16471.75,648,NQ.v.0
2021-11-18 20:27:00+00:00,33,1,2770,16471.25,16472.0,16467.0,16470.5,565,NQ.v.0
2021-11-18 20:28:00+00:00,33,1,2770,16470.0,16470.25,16467.0,16468.75,680,NQ.v.0
2021-11-18 20:29:00+00:00,33,1,2770,16469.0,16476.5,16467.75,16475.5,1344,NQ.v.0
2021-11-18 20:30:00+00:00,33,1,2770,16475.25,16481.5,16472.0,16474.75,2496,NQ.v.0
2021-11-18 20:31:00+00:00,33,1,2770,16475.0,16475.5,16468.0,16471.0,1830,NQ.v.0
2021-11-18 20:32:00+00:00,33,1,2770,16470.5,16475.75,16467.75,16474.25,1254,NQ.v.0
2021-11-18 20:33:00+00:00,33,1,2770,16474.5,16479.25,16470.5,16471.5,957,NQ.v.0
2021-11-18 20:34:00+00:00,33,1,2770,16471.75,16477.25,16469.25,16475.25,922,NQ.v.0
2021-11-18 20:35:00+00:00,33,1,2770,16475.5,16484.25,16474.75,16481.0,1335,NQ.v.0
2021-11-18 20:36:00+00:00,33,1,2770,16480.75,16484.5,16479.25,16483.75,964,NQ.v.0
2021-11-18 20:37:00+00:00,33,1,2770,16483.75,16491.5,16482.5,16487.5,2631,NQ.v.0
2021-11-18 20:38:00+00:00,33,1,2770,16487.5,16488.5,16478.25,16479.5,1495,NQ.v.0
2021-11-18 20:39:00+00:00,33,1,2770,16479.5,16484.75,16479.0,16483.0,1348,NQ.v.0
2021-11-18 20:40:00+00:00,33,1,2770,16482.75,16485.0,16479.5,16482.25,1386,NQ.v.0
2021-11-18 20:41:00+00:00,33,1,2770,16482.0,16486.5,16476.75,16486.25,1344,NQ.v.0
2021-11-18 20:42:00+00:00,33,1,2770,16486.25,16493.75,16485.5,16492.0,1994,NQ.v.0
2021-11-18 20:43:00+00:00,33,1,2770,16492.25,16494.75,16487.25,16489.75,2494,NQ.v.0
2021-11-18 20:44:00+00:00,33,1,2770,16490.0,16491.75,16484.5,16485.75,1162,NQ.v.0
2021-11-18 20:45:00+00:00,33,1,2770,16486.0,16493.75,16485.75,16493.5,1120,NQ.v.0
2021-11-18 20:46:00+00:00,33,1,2770,16494.0,16495.75,16490.75,16494.0,1577,NQ.v.0
2021-11-18 20:47:00+00:00,33,1,2770,16493.75,16499.0,16490.5,16497.25,1580,NQ.v.0
2021-11-18 20:48:00+00:00,33,1,2770,16497.5,16503.25,16496.75,16498.75,2265,NQ.v.0
2021-11-18 20:49:00+00:00,33,1,2770,16498.5,16498.5,16490.0,16493.0,2295,NQ.v.0
2021-11-18 20:50:00+00:00,33,1,2770,16493.5,16499.0,16488.25,16498.25,3465,NQ.v.0
2021-11-18 20:51:00+00:00,33,1,2770,16498.25,16499.0,16492.75,16497.5,1639,NQ.v.0
2021-11-18 20:52:00+00:00,33,1,2770,16497.25,16500.25,16493.0,16495.0,2497,NQ.v.0
2021-11-18 20:53:00+00:00,33,1,2770,16494.75,16494.75,16488.5,16492.75,2591,NQ.v.0
2021-11-18 20:54:00+00:00,33,1,2770,16492.75,16495.5,16487.75,16491.25,3580,NQ.v.0
2021-11-18 20:55:00+00:00,33,1,2770,16491.25,16495.25,16488.5,16492.75,4134,NQ.v.0
2021-11-18 20:56:00+00:00,33,1,2770,16493.0,16493.0,16489.0,16490.25,2894,NQ.v.0
2021-11-18 20:57:00+00:00,33,1,2770,16490.25,16490.25,16482.75,16484.5,3497,NQ.v.0
2021-11-18 20:58:00+00:00,33,1,2770,16484.25,16484.5,16477.75,16483.0,2611,NQ.v.0
2021-11-18 20:59:00+00:00,33,1,2770,16483.0,16484.75,16477.25,16481.0,5574,NQ.v.0
2021-11-18 21:00:00+00:00,33,1,2770,16481.25,16495.75,16479.75,16494.75,2767,NQ.v.0
2021-11-18 21:01:00+00:00,33,1,2770,16494.75,16497.25,16490.75,16496.0,1021,NQ.v.0
2021-11-18 21:02:00+00:00,33,1,2770,16495.5,16497.25,16491.75,16492.5,570,NQ.v.0
2021-11-18 21:03:00+00:00,33,1,2770,16492.25,16492.75,16487.25,16488.25,589,NQ.v.0
2021-11-18 21:04:00+00:00,33,1,2770,16488.5,16490.0,16486.0,16486.75,435,NQ.v.0
2021-11-18 21:05:00+00:00,33,1,2770,16487.0,16489.75,16485.5,16489.0,463,NQ.v.0
2021-11-18 21:06:00+00:00,33,1,2770,16489.0,16495.5,16489.0,16491.75,560,NQ.v.0
2021-11-18 21:07:00+00:00,33,1,2770,16491.75,16495.0,16491.0,16493.0,315,NQ.v.0
2021-11-18 21:08:00+00:00,33,1,2770,16493.25,16493.75,16490.75,16492.25,200,NQ.v.0
2021-11-18 21:09:00+00:00,33,1,2770,16492.5,16492.75,16491.0,16491.25,173,NQ.v.0
2021-11-18 21:10:00+00:00,33,1,2770,16491.25,16491.75,16490.0,16490.5,179,NQ.v.0
2021-11-18 21:11:00+00:00,33,1,2770,16490.75,16492.0,16489.75,16490.0,250,NQ.v.0
2021-11-18 21:12:00+00:00,33,1,2770,16490.0,16490.75,16487.75,16488.25,173,NQ.v.0
2021-11-18 21:13:00+00:00,33,1,2770,16488.5,16489.0,16485.0,16485.0,376,NQ.v.0
2021-11-18 21:14:00+00:00,33,1,2770,16485.0,16485.0,16478.0,16479.75,914,NQ.v.0
2021-11-18 21:15:00+00:00,33,1,2770,16479.25,16486.75,16478.0,16486.25,278,NQ.v.0
2021-11-18 21:16:00+00:00,33,1,2770,16486.25,16487.5,16485.75,16486.75,54,NQ.v.0
2021-11-18 21:17:00+00:00,33,1,2770,16487.0,16490.0,16486.75,16490.0,111,NQ.v.0
2021-11-18 21:18:00+00:00,33,1,2770,16490.0,16490.5,16487.75,16489.25,99,NQ.v.0
2021-11-18 21:19:00+00:00,33,1,2770,16489.0,16489.0,16488.5,16488.75,16,NQ.v.0
2021-11-18 21:20:00+00:00,33,1,2770,16488.75,16489.25,16487.5,16488.75,44,NQ.v.0
2021-11-18 21:21:00+00:00,33,1,2770,16488.5,16489.25,16488.25,16489.25,26,NQ.v.0
2021-11-18 21:22:00+00:00,33,1,2770,16489.0,16490.5,16489.0,16490.25,41,NQ.v.0
2021-11-18 21:23:00+00:00,33,1,2770,16490.25,16490.25,16489.25,16490.0,27,NQ.v.0
2021-11-18 21:24:00+00:00,33,1,2770,16490.0,16490.25,16488.5,16489.0,35,NQ.v.0
2021-11-18 21:25:00+00:00,33,1,2770,16488.75,16490.5,16488.5,16490.0,57,NQ.v.0
2021-11-18 21:26:00+00:00,33,1,2770,16490.25,16490.25,16489.25,16489.75,18,NQ.v.0
2021-11-18 21:27:00+00:00,33,1,2770,16490.25,16490.75,16489.0,16489.0,42,NQ.v.0
2021-11-18 21:28:00+00:00,33,1,2770,16489.25,16489.75,16489.0,16489.5,22,NQ.v.0
2021-11-18 21:29:00+00:00,33,1,2770,16489.5,16489.5,16488.75,16489.5,20,NQ.v.0
2021-11-18 21:30:00+00:00,33,1,2770,16489.75,16492.5,16489.0,16492.5,96,NQ.v.0
2021-11-18 21:31:00+00:00,33,1,2770,16492.5,16493.25,16492.0,16492.75,118,NQ.v.0
2021-11-18 21:32:00+00:00,33,1,2770,16492.75,16493.25,16491.0,16491.0,91,NQ.v.0
2021-11-18 21:33:00+00:00,33,1,2770,16490.5,16491.5,16490.0,16491.5,26,NQ.v.0
2021-11-18 21:34:00+00:00,33,1,2770,16491.0,16492.5,16491.0,16492.5,33,NQ.v.0
2021-11-18 21:35:00+00:00,33,1,2770,16491.75,16493.0,16491.5,16492.0,77,NQ.v.0
2021-11-18 21:36:00+00:00,33,1,2770,16492.0,16493.25,16491.25,16493.25,40,NQ.v.0
2021-11-18 21:37:00+00:00,33,1,2770,16493.25,16494.75,16493.25,16494.75,35,NQ.v.0
2021-11-18 21:38:00+00:00,33,1,2770,16494.5,16495.0,16494.25,16495.0,34,NQ.v.0
2021-11-18 21:39:00+00:00,33,1,2770,16494.75,16496.25,16494.75,16495.5,111,NQ.v.0
2021-11-18 21:40:00+00:00,33,1,2770,16495.25,16497.0,16495.0,16496.75,78,NQ.v.0
2021-11-18 21:41:00+00:00,33,1,2770,16496.25,16496.25,16495.5,16496.0,25,NQ.v.0
2021-11-18 21:42:00+00:00,33,1,2770,16495.75,16495.75,16494.75,16494.75,51,NQ.v.0
2021-11-18 21:43:00+00:00,33,1,2770,16494.5,16495.0,16493.75,16493.75,87,NQ.v.0
2021-11-18 21:44:00+00:00,33,1,2770,16493.5,16494.25,16492.5,16494.25,101,NQ.v.0
2021-11-18 21:45:00+00:00,33,1,2770,16494.25,16496.75,16494.25,16496.75,114,NQ.v.0
2021-11-18 21:46:00+00:00,33,1,2770,16496.5,16497.75,16496.5,16497.5,40,NQ.v.0
2021-11-18 21:47:00+00:00,33,1,2770,16497.5,16498.75,16497.0,16498.75,66,NQ.v.0
2021-11-18 21:48:00+00:00,33,1,2770,16498.25,16498.25,16497.5,16498.0,37,NQ.v.0
2021-11-18 21:49:00+00:00,33,1,2770,16497.75,16498.25,16496.5,16498.0,51,NQ.v.0
2021-11-18 21:50:00+00:00,33,1,2770,16497.75,16499.0,16497.0,16499.0,144,NQ.v.0
2021-11-18 21:51:00+00:00,33,1,2770,16499.0,16504.0,16499.0,16503.5,291,NQ.v.0
2021-11-18 21:52:00+00:00,33,1,2770,16503.25,16506.0,16503.0,16505.5,264,NQ.v.0
2021-11-18 21:53:00+00:00,33,1,2770,16504.5,16506.75,16504.25,16506.75,86,NQ.v.0
2021-11-18 21:54:00+00:00,33,1,2770,16506.5,16507.5,16503.25,16504.0,169,NQ.v.0
2021-11-18 21:55:00+00:00,33,1,2770,16504.0,16507.0,16504.0,16507.0,89,NQ.v.0
2021-11-18 21:56:00+00:00,33,1,2770,16506.5,16507.75,16506.5,16507.75,37,NQ.v.0
2021-11-18 21:57:00+00:00,33,1,2770,16507.5,16508.0,16506.0,16506.0,51,NQ.v.0
2021-11-18 21:58:00+00:00,33,1,2770,16505.75,16505.75,16503.25,16505.25,108,NQ.v.0
2021-11-18 21:59:00+00:00,33,1,2770,16504.25,16506.0,16503.25,16505.5,136,NQ.v.0
2021-11-18 23:00:00+00:00,33,1,2770,16503.25,16504.5,16495.5,16496.5,313,NQ.v.0
2021-11-18 23:01:00+00:00,33,1,2770,16496.75,16497.0,16493.75,16496.0,138,NQ.v.0
2021-11-18 23:02:00+00:00,33,1,2770,16496.0,16497.0,16494.5,16494.5,68,NQ.v.0
2021-11-18 23:03:00+00:00,33,1,2770,16494.0,16494.0,16490.25,16493.5,141,NQ.v.0
2021-11-18 23:04:00+00:00,33,1,2770,16493.25,16494.0,16491.0,16491.5,74,NQ.v.0
2021-11-18 23:05:00+00:00,33,1,2770,16492.0,16495.5,16492.0,16494.25,49,NQ.v.0
2021-11-18 23:06:00+00:00,33,1,2770,16494.25,16495.5,16493.25,16494.0,56,NQ.v.0
2021-11-18 23:07:00+00:00,33,1,2770,16495.0,16498.25,16495.0,16497.0,97,NQ.v.0
2021-11-18 23:08:00+00:00,33,1,2770,16497.25,16498.25,16496.5,16498.0,60,NQ.v.0
2021-11-18 23:09:00+00:00,33,1,2770,16498.0,16498.5,16497.0,16498.0,58,NQ.v.0
2021-11-18 23:10:00+00:00,33,1,2770,16498.0,16499.0,16497.75,16498.5,50,NQ.v.0
2021-11-18 23:11:00+00:00,33,1,2770,16498.0,16498.25,16497.0,16498.25,45,NQ.v.0
2021-11-18 23:12:00+00:00,33,1,2770,16498.75,16498.75,16498.5,16498.5,25,NQ.v.0
2021-11-18 23:13:00+00:00,33,1,2770,16498.75,16499.5,16497.5,16497.5,50,NQ.v.0
2021-11-18 23:14:00+00:00,33,1,2770,16497.5,16498.75,16496.25,16498.75,49,NQ.v.0
2021-11-18 23:15:00+00:00,33,1,2770,16499.25,16500.0,16498.75,16498.75,39,NQ.v.0
2021-11-18 23:16:00+00:00,33,1,2770,16499.0,16501.25,16499.0,16500.25,94,NQ.v.0
2021-11-18 23:17:00+00:00,33,1,2770,16500.25,16501.25,16498.75,16500.75,62,NQ.v.0
2021-11-18 23:18:00+00:00,33,1,2770,16501.5,16505.0,16500.75,16505.0,197,NQ.v.0
2021-11-18 23:19:00+00:00,33,1,2770,16504.5,16504.5,16501.5,16502.25,51,NQ.v.0
2021-11-18 23:20:00+00:00,33,1,2770,16503.0,16503.25,16500.25,16500.25,61,NQ.v.0
2021-11-18 23:21:00+00:00,33,1,2770,16500.5,16503.25,16500.25,16501.75,79,NQ.v.0
2021-11-18 23:22:00+00:00,33,1,2770,16501.75,16502.75,16501.0,16501.0,19,NQ.v.0
2021-11-18 23:23:00+00:00,33,1,2770,16501.75,16502.0,16500.25,16500.25,20,NQ.v.0
2021-11-18 23:24:00+00:00,33,1,2770,16500.25,16501.25,16500.0,16501.0,26,NQ.v.0
2021-11-18 23:25:00+00:00,33,1,2770,16501.0,16501.0,16498.75,16499.25,63,NQ.v.0
2021-11-18 23:26:00+00:00,33,1,2770,16499.5,16500.0,16499.0,16499.25,23,NQ.v.0
2021-11-18 23:27:00+00:00,33,1,2770,16499.25,16500.75,16498.25,16500.75,46,NQ.v.0
2021-11-18 23:28:00+00:00,33,1,2770,16501.0,16502.5,16500.75,16501.75,41,NQ.v.0
2021-11-18 23:29:00+00:00,33,1,2770,16501.25,16501.5,16500.0,16501.0,58,NQ.v.0
2021-11-18 23:30:00+00:00,33,1,2770,16501.25,16501.25,16499.5,16500.0,37,NQ.v.0
2021-11-18 23:31:00+00:00,33,1,2770,16500.5,16500.75,16499.0,16500.25,49,NQ.v.0
2021-11-18 23:32:00+00:00,33,1,2770,16500.0,16500.75,16499.5,16499.75,27,NQ.v.0
2021-11-18 23:33:00+00:00,33,1,2770,16499.5,16499.5,16496.75,16496.75,79,NQ.v.0
2021-11-18 23:34:00+00:00,33,1,2770,16496.5,16497.75,16495.75,16496.5,48,NQ.v.0
2021-11-18 23:35:00+00:00,33,1,2770,16496.75,16498.0,16496.0,16497.75,79,NQ.v.0
2021-11-18 23:36:00+00:00,33,1,2770,16497.75,16497.75,16494.0,16494.0,90,NQ.v.0
2021-11-18 23:37:00+00:00,33,1,2770,16494.0,16495.75,16494.0,16495.75,37,NQ.v.0
2021-11-18 23:38:00+00:00,33,1,2770,16496.75,16498.25,16496.75,16496.75,26,NQ.v.0
2021-11-18 23:39:00+00:00,33,1,2770,16497.25,16498.5,16496.75,16497.0,28,NQ.v.0
2021-11-18 23:40:00+00:00,33,1,2770,16497.0,16497.5,16496.25,16497.25,20,NQ.v.0
2021-11-18 23:41:00+00:00,33,1,2770,16497.0,16497.75,16496.25,16496.25,33,NQ.v.0
2021-11-18 23:42:00+00:00,33,1,2770,16496.5,16496.75,16495.5,16496.25,32,NQ.v.0
2021-11-18 23:43:00+00:00,33,1,2770,16495.75,16495.75,16494.5,16494.75,42,NQ.v.0
2021-11-18 23:44:00+00:00,33,1,2770,16495.0,16497.0,16495.0,16496.5,48,NQ.v.0
2021-11-18 23:45:00+00:00,33,1,2770,16496.25,16498.5,16496.25,16498.5,48,NQ.v.0
2021-11-18 23:46:00+00:00,33,1,2770,16498.5,16500.25,16497.5,16500.0,43,NQ.v.0
2021-11-18 23:47:00+00:00,33,1,2770,16500.0,16501.0,16499.5,16500.75,42,NQ.v.0
2021-11-18 23:48:00+00:00,33,1,2770,16500.5,16501.0,16500.0,16501.0,24,NQ.v.0
2021-11-18 23:49:00+00:00,33,1,2770,16500.5,16501.5,16500.0,16500.5,40,NQ.v.0
2021-11-18 23:50:00+00:00,33,1,2770,16501.0,16503.0,16500.75,16501.75,57,NQ.v.0
2021-11-18 23:51:00+00:00,33,1,2770,16502.0,16502.0,16499.75,16499.75,23,NQ.v.0
2021-11-18 23:52:00+00:00,33,1,2770,16500.25,16502.25,16500.25,16501.0,38,NQ.v.0
2021-11-18 23:53:00+00:00,33,1,2770,16500.5,16501.0,16500.0,16500.25,21,NQ.v.0
2021-11-18 23:54:00+00:00,33,1,2770,16500.25,16500.75,16500.25,16500.5,12,NQ.v.0
2021-11-18 23:55:00+00:00,33,1,2770,16500.25,16501.25,16498.25,16499.75,55,NQ.v.0
2021-11-18 23:56:00+00:00,33,1,2770,16500.5,16500.5,16495.75,16495.75,31,NQ.v.0
2021-11-18 23:57:00+00:00,33,1,2770,16496.75,16498.0,16496.0,16496.0,45,NQ.v.0
2021-11-18 23:58:00+00:00,33,1,2770,16496.5,16496.75,16494.75,16496.5,38,NQ.v.0
2021-11-18 23:59:00+00:00,33,1,2770,16495.75,16497.0,16495.75,16496.0,21,NQ.v.0
2021-11-19 00:00:00+00:00,33,1,2770,16496.25,16496.25,16493.25,16495.25,87,NQ.v.0
2021-11-19 00:01:00+00:00,33,1,2770,16495.25,16496.25,16493.75,16495.25,49,NQ.v.0
2021-11-19 00:02:00+00:00,33,1,2770,16495.75,16497.75,16495.5,16497.75,25,NQ.v.0
2021-11-19 00:03:00+00:00,33,1,2770,16498.0,16498.75,16497.25,16497.5,46,NQ.v.0
2021-11-19 00:04:00+00:00,33,1,2770,16497.25,16499.0,16496.25,16499.0,31,NQ.v.0
2021-11-19 00:05:00+00:00,33,1,2770,16498.5,16499.75,16497.5,16499.5,83,NQ.v.0
2021-11-19 00:06:00+00:00,33,1,2770,16499.75,16501.25,16499.25,16500.5,95,NQ.v.0
2021-11-19 00:07:00+00:00,33,1,2770,16500.0,16501.5,16499.5,16500.0,66,NQ.v.0
2021-11-19 00:08:00+00:00,33,1,2770,16500.5,16501.25,16499.0,16499.25,59,NQ.v.0
2021-11-19 00:09:00+00:00,33,1,2770,16499.5,16503.0,16499.25,16502.5,95,NQ.v.0
2021-11-19 00:10:00+00:00,33,1,2770,16502.5,16502.75,16499.25,16499.5,44,NQ.v.0
2021-11-19 00:11:00+00:00,33,1,2770,16500.0,16501.5,16500.0,16500.75,26,NQ.v.0
2021-11-19 00:12:00+00:00,33,1,2770,16500.5,16501.0,16500.5,16500.5,10,NQ.v.0
2021-11-19 00:13:00+00:00,33,1,2770,16500.5,16500.5,16497.75,16497.75,30,NQ.v.0
2021-11-19 00:14:00+00:00,33,1,2770,16498.25,16498.5,16496.5,16496.5,28,NQ.v.0
2021-11-19 00:15:00+00:00,33,1,2770,16496.5,16497.25,16495.5,16495.75,34,NQ.v.0
2021-11-19 00:16:00+00:00,33,1,2770,16496.0,16496.5,16495.0,16496.25,54,NQ.v.0
2021-11-19 00:17:00+00:00,33,1,2770,16496.25,16497.0,16495.25,16496.5,43,NQ.v.0
2021-11-19 00:18:00+00:00,33,1,2770,16496.75,16498.0,16496.25,16497.75,31,NQ.v.0
2021-11-19 00:19:00+00:00,33,1,2770,16498.0,16498.0,16497.25,16497.75,8,NQ.v.0
2021-11-19 00:20:00+00:00,33,1,2770,16497.75,16498.5,16497.25,16497.5,22,NQ.v.0
2021-11-19 00:21:00+00:00,33,1,2770,16497.75,16497.75,16497.75,16497.75,3,NQ.v.0
2021-11-19 00:22:00+00:00,33,1,2770,16497.5,16497.5,16496.5,16497.0,18,NQ.v.0
2021-11-19 00:23:00+00:00,33,1,2770,16497.25,16498.0,16497.0,16497.75,21,NQ.v.0
2021-11-19 00:24:00+00:00,33,1,2770,16498.25,16498.25,16496.0,16496.5,21,NQ.v.0
2021-11-19 00:25:00+00:00,33,1,2770,16496.5,16496.5,16494.75,16494.75,17,NQ.v.0
2021-11-19 00:26:00+00:00,33,1,2770,16494.75,16497.5,16494.25,16497.5,35,NQ.v.0
2021-11-19 00:27:00+00:00,33,1,2770,16497.5,16498.0,16497.0,16497.0,17,NQ.v.0
2021-11-19 00:28:00+00:00,33,1,2770,16497.5,16500.0,16497.5,16499.5,49,NQ.v.0
2021-11-19 00:29:00+00:00,33,1,2770,16499.5,16500.75,16499.0,16500.75,37,NQ.v.0
2021-11-19 00:30:00+00:00,33,1,2770,16500.75,16504.25,16500.5,16503.25,109,NQ.v.0
2021-11-19 00:31:00+00:00,33,1,2770,16502.75,16502.75,16501.5,16501.75,26,NQ.v.0
2021-11-19 00:32:00+00:00,33,1,2770,16502.75,16502.75,16501.5,16502.25,22,NQ.v.0
2021-11-19 00:33:00+00:00,33,1,2770,16502.5,16503.0,16501.5,16503.0,28,NQ.v.0
2021-11-19 00:34:00+00:00,33,1,2770,16502.75,16503.0,16501.5,16502.0,32,NQ.v.0
2021-11-19 00:35:00+00:00,33,1,2770,16502.25,16502.5,16500.75,16501.0,36,NQ.v.0
2021-11-19 00:36:00+00:00,33,1,2770,16501.25,16501.25,16499.0,16499.75,55,NQ.v.0
2021-11-19 00:37:00+00:00,33,1,2770,16499.5,16500.25,16498.5,16499.75,27,NQ.v.0
2021-11-19 00:38:00+00:00,33,1,2770,16500.0,16500.0,16499.75,16500.0,7,NQ.v.0
2021-11-19 00:39:00+00:00,33,1,2770,16500.0,16501.25,16500.0,16500.5,25,NQ.v.0
2021-11-19 00:40:00+00:00,33,1,2770,16500.5,16501.25,16500.5,16501.25,3,NQ.v.0
2021-11-19 00:41:00+00:00,33,1,2770,16501.5,16501.75,16501.25,16501.25,16,NQ.v.0
2021-11-19 00:42:00+00:00,33,1,2770,16501.25,16501.25,16499.75,16500.0,15,NQ.v.0
2021-11-19 00:43:00+00:00,33,1,2770,16500.25,16500.5,16499.5,16500.25,20,NQ.v.0
2021-11-19 00:44:00+00:00,33,1,2770,16500.25,16500.25,16499.0,16499.25,17,NQ.v.0
2021-11-19 00:45:00+00:00,33,1,2770,16499.5,16501.5,16499.5,16501.25,20,NQ.v.0
2021-11-19 00:46:00+00:00,33,1,2770,16501.5,16501.5,16500.75,16500.75,9,NQ.v.0
2021-11-19 00:47:00+00:00,33,1,2770,16501.0,16502.0,16500.25,16500.75,43,NQ.v.0
2021-11-19 00:48:00+00:00,33,1,2770,16501.0,16501.0,16499.5,16499.5,14,NQ.v.0
2021-11-19 00:49:00+00:00,33,1,2770,16500.0,16501.0,16499.75,16501.0,18,NQ.v.0
2021-11-19 00:50:00+00:00,33,1,2770,16501.0,16502.0,16501.0,16502.0,21,NQ.v.0
2021-11-19 00:51:00+00:00,33,1,2770,16502.0,16504.0,16502.0,16503.5,66,NQ.v.0
2021-11-19 00:52:00+00:00,33,1,2770,16503.75,16505.0,16503.25,16504.75,94,NQ.v.0
2021-11-19 00:53:00+00:00,33,1,2770,16504.5,16504.5,16503.25,16503.75,46,NQ.v.0
2021-11-19 00:54:00+00:00,33,1,2770,16503.25,16505.0,16503.0,16504.75,31,NQ.v.0
2021-11-19 00:55:00+00:00,33,1,2770,16504.5,16504.75,16502.75,16503.75,36,NQ.v.0
2021-11-19 00:56:00+00:00,33,1,2770,16502.0,16503.5,16502.0,16502.75,19,NQ.v.0
2021-11-19 00:57:00+00:00,33,1,2770,16502.5,16502.75,16501.75,16501.75,15,NQ.v.0
2021-11-19 00:58:00+00:00,33,1,2770,16501.75,16502.75,16501.75,16502.75,17,NQ.v.0
2021-11-19 00:59:00+00:00,33,1,2770,16503.25,16503.75,16502.75,16503.0,18,NQ.v.0
2021-11-19 01:00:00+00:00,33,1,2770,16503.0,16503.25,16501.0,16501.5,49,NQ.v.0
2021-11-19 01:01:00+00:00,33,1,2770,16501.5,16502.0,16497.25,16498.75,112,NQ.v.0
2021-11-19 01:02:00+00:00,33,1,2770,16499.0,16499.5,16497.0,16499.25,33,NQ.v.0
2021-11-19 01:03:00+00:00,33,1,2770,16499.0,16500.75,16499.0,16500.0,41,NQ.v.0
2021-11-19 01:04:00+00:00,33,1,2770,16500.25,16500.5,16499.25,16500.5,14,NQ.v.0
2021-11-19 01:05:00+00:00,33,1,2770,16499.75,16500.0,16499.0,16499.0,19,NQ.v.0
2021-11-19 01:06:00+00:00,33,1,2770,16498.5,16499.5,16498.5,16499.5,15,NQ.v.0
2021-11-19 01:07:00+00:00,33,1,2770,16498.75,16500.25,16498.75,16499.5,11,NQ.v.0
2021-11-19 01:08:00+00:00,33,1,2770,16499.75,16500.25,16497.25,16497.5,34,NQ.v.0
2021-11-19 01:09:00+00:00,33,1,2770,16497.75,16498.5,16496.5,16496.5,52,NQ.v.0
2021-11-19 01:10:00+00:00,33,1,2770,16496.75,16496.75,16494.5,16495.5,99,NQ.v.0
2021-11-19 01:11:00+00:00,33,1,2770,16495.5,16499.25,16495.5,16497.75,83,NQ.v.0
2021-11-19 01:12:00+00:00,33,1,2770,16497.25,16498.5,16497.25,16497.75,15,NQ.v.0
2021-11-19 01:13:00+00:00,33,1,2770,16498.25,16499.0,16497.75,16498.0,18,NQ.v.0
2021-11-19 01:14:00+00:00,33,1,2770,16498.25,16500.0,16498.25,16499.0,27,NQ.v.0
2021-11-19 01:15:00+00:00,33,1,2770,16498.75,16500.5,16497.75,16500.0,30,NQ.v.0
2021-11-19 01:16:00+00:00,33,1,2770,16500.25,16502.25,16499.75,16501.75,45,NQ.v.0
2021-11-19 01:17:00+00:00,33,1,2770,16502.0,16503.5,16500.5,16501.5,50,NQ.v.0
2021-11-19 01:18:00+00:00,33,1,2770,16501.0,16503.25,16501.0,16502.25,46,NQ.v.0
2021-11-19 01:19:00+00:00,33,1,2770,16502.0,16502.0,16500.5,16502.0,22,NQ.v.0
2021-11-19 01:20:00+00:00,33,1,2770,16502.25,16504.75,16501.0,16504.75,81,NQ.v.0
2021-11-19 01:21:00+00:00,33,1,2770,16504.5,16505.0,16502.75,16503.0,114,NQ.v.0
2021-11-19 01:22:00+00:00,33,1,2770,16502.75,16503.5,16502.75,16502.75,22,NQ.v.0
2021-11-19 01:23:00+00:00,33,1,2770,16502.75,16503.5,16502.0,16503.0,26,NQ.v.0
2021-11-19 01:24:00+00:00,33,1,2770,16503.25,16503.25,16502.0,16502.0,7,NQ.v.0
2021-11-19 01:25:00+00:00,33,1,2770,16502.5,16503.5,16502.0,16502.0,21,NQ.v.0
2021-11-19 01:26:00+00:00,33,1,2770,16501.75,16501.75,16500.5,16500.75,19,NQ.v.0
2021-11-19 01:27:00+00:00,33,1,2770,16501.0,16501.0,16500.25,16501.0,20,NQ.v.0
2021-11-19 01:28:00+00:00,33,1,2770,16501.25,16501.25,16499.5,16499.75,20,NQ.v.0
2021-11-19 01:29:00+00:00,33,1,2770,16500.0,16500.75,16500.0,16500.75,8,NQ.v.0
2021-11-19 01:30:00+00:00,33,1,2770,16500.5,16500.5,16497.25,16497.25,51,NQ.v.0
2021-11-19 01:31:00+00:00,33,1,2770,16497.5,16501.25,16497.5,16501.0,31,NQ.v.0
2021-11-19 01:32:00+00:00,33,1,2770,16501.25,16501.75,16499.5,16500.0,33,NQ.v.0
2021-11-19 01:33:00+00:00,33,1,2770,16499.0,16500.0,16498.5,16500.0,23,NQ.v.0
2021-11-19 01:34:00+00:00,33,1,2770,16500.25,16501.75,16500.25,16500.75,23,NQ.v.0
2021-11-19 01:35:00+00:00,33,1,2770,16501.5,16505.0,16501.5,16502.75,93,NQ.v.0
2021-11-19 01:36:00+00:00,33,1,2770,16503.5,16503.5,16501.75,16502.5,30,NQ.v.0
2021-11-19 01:37:00+00:00,33,1,2770,16502.75,16503.0,16502.0,16502.75,14,NQ.v.0
2021-11-19 01:38:00+00:00,33,1,2770,16502.0,16503.0,16501.25,16503.0,23,NQ.v.0
2021-11-19 01:39:00+00:00,33,1,2770,16502.0,16502.25,16500.5,16501.0,10,NQ.v.0
2021-11-19 01:40:00+00:00,33,1,2770,16501.25,16503.25,16500.75,16503.25,42,NQ.v.0
2021-11-19 01:41:00+00:00,33,1,2770,16503.0,16503.25,16501.75,16503.0,32,NQ.v.0
2021-11-19 01:42:00+00:00,33,1,2770,16502.75,16502.75,16502.0,16502.0,13,NQ.v.0
2021-11-19 01:43:00+00:00,33,1,2770,16502.0,16503.75,16501.5,16501.5,34,NQ.v.0
2021-11-19 01:44:00+00:00,33,1,2770,16501.5,16501.5,16500.25,16501.25,29,NQ.v.0
2021-11-19 01:45:00+00:00,33,1,2770,16501.25,16501.75,16500.0,16501.0,20,NQ.v.0
2021-11-19 01:46:00+00:00,33,1,2770,16501.25,16502.75,16501.25,16502.75,28,NQ.v.0
2021-11-19 01:47:00+00:00,33,1,2770,16502.75,16538.25,16502.75,16530.0,1756,NQ.v.0
2021-11-19 01:48:00+00:00,33,1,2770,16530.0,16534.0,16527.0,16529.75,416,NQ.v.0
2021-11-19 01:49:00+00:00,33,1,2770,16529.5,16534.0,16527.25,16533.5,213,NQ.v.0
2021-11-19 01:50:00+00:00,33,1,2770,16534.0,16536.25,16531.75,16532.5,192,NQ.v.0
2021-11-19 01:51:00+00:00,33,1,2770,16532.25,16533.25,16530.5,16530.75,62,NQ.v.0
2021-11-19 01:52:00+00:00,33,1,2770,16531.25,16539.25,16531.0,16533.25,244,NQ.v.0
2021-11-19 01:53:00+00:00,33,1,2770,16533.5,16536.25,16532.0,16535.25,85,NQ.v.0
2021-11-19 01:54:00+00:00,33,1,2770,16535.5,16539.0,16535.0,16536.5,101,NQ.v.0
2021-11-19 01:55:00+00:00,33,1,2770,16536.75,16538.75,16535.75,16536.75,100,NQ.v.0
2021-11-19 01:56:00+00:00,33,1,2770,16537.0,16537.25,16532.0,16532.25,154,NQ.v.0
2021-11-19 01:57:00+00:00,33,1,2770,16532.5,16536.0,16530.25,16532.5,162,NQ.v.0
2021-11-19 01:58:00+00:00,33,1,2770,16533.0,16534.25,16531.0,16533.0,122,NQ.v.0
2021-11-19 01:59:00+00:00,33,1,2770,16533.25,16533.5,16527.0,16529.0,123,NQ.v.0
2021-11-19 02:00:00+00:00,33,1,2770,16529.5,16531.75,16528.75,16529.25,136,NQ.v.0
2021-11-19 02:01:00+00:00,33,1,2770,16530.75,16531.0,16527.0,16527.75,77,NQ.v.0
2021-11-19 02:02:00+00:00,33,1,2770,16527.75,16530.25,16527.25,16529.0,41,NQ.v.0
2021-11-19 02:03:00+00:00,33,1,2770,16529.25,16532.25,16529.0,16531.5,101,NQ.v.0
2021-11-19 02:04:00+00:00,33,1,2770,16530.75,16531.5,16529.75,16530.0,44,NQ.v.0
2021-11-19 02:05:00+00:00,33,1,2770,16530.0,16530.0,16527.75,16528.5,45,NQ.v.0
2021-11-19 02:06:00+00:00,33,1,2770,16528.0,16528.75,16527.5,16527.5,34,NQ.v.0
2021-11-19 02:07:00+00:00,33,1,2770,16527.0,16530.5,16527.0,16530.0,54,NQ.v.0
2021-11-19 02:08:00+00:00,33,1,2770,16529.75,16530.75,16528.0,16529.25,66,NQ.v.0
2021-11-19 02:09:00+00:00,33,1,2770,16529.5,16530.5,16529.25,16529.25,22,NQ.v.0
2021-11-19 02:10:00+00:00,33,1,2770,16528.75,16529.25,16528.0,16529.0,27,NQ.v.0
2021-11-19 02:11:00+00:00,33,1,2770,16528.75,16529.5,16528.0,16529.5,29,NQ.v.0
2021-11-19 02:12:00+00:00,33,1,2770,16529.25,16532.0,16527.25,16531.75,99,NQ.v.0
2021-11-19 02:13:00+00:00,33,1,2770,16531.5,16532.75,16530.75,16532.75,56,NQ.v.0
2021-11-19 02:14:00+00:00,33,1,2770,16533.0,16535.5,16532.5,16535.0,83,NQ.v.0
2021-11-19 02:15:00+00:00,33,1,2770,16534.75,16534.75,16531.75,16532.75,31,NQ.v.0
2021-11-19 02:16:00+00:00,33,1,2770,16532.5,16533.75,16532.0,16533.75,28,NQ.v.0
2021-11-19 02:17:00+00:00,33,1,2770,16533.25,16533.75,16532.5,16533.5,34,NQ.v.0
2021-11-19 02:18:00+00:00,33,1,2770,16532.5,16532.5,16523.25,16525.75,233,NQ.v.0
2021-11-19 02:19:00+00:00,33,1,2770,16525.75,16529.75,16525.75,16528.5,117,NQ.v.0
2021-11-19 02:20:00+00:00,33,1,2770,16528.0,16530.25,16528.0,16529.25,32,NQ.v.0
2021-11-19 02:21:00+00:00,33,1,2770,16529.0,16530.25,16527.75,16529.25,32,NQ.v.0
2021-11-19 02:22:00+00:00,33,1,2770,16529.25,16530.5,16528.75,16529.5,50,NQ.v.0
2021-11-19 02:23:00+00:00,33,1,2770,16529.75,16532.5,16529.75,16531.25,75,NQ.v.0
2021-11-19 02:24:00+00:00,33,1,2770,16531.75,16532.25,16530.5,16531.5,31,NQ.v.0
2021-11-19 02:25:00+00:00,33,1,2770,16531.0,16532.5,16530.5,16532.5,31,NQ.v.0
2021-11-19 02:26:00+00:00,33,1,2770,16532.25,16533.5,16532.25,16533.25,34,NQ.v.0
2021-11-19 02:27:00+00:00,33,1,2770,16533.5,16538.0,16533.5,16537.5,174,NQ.v.0
2021-11-19 02:28:00+00:00,33,1,2770,16537.75,16542.75,16537.25,16542.0,277,NQ.v.0
2021-11-19 02:29:00+00:00,33,1,2770,16542.25,16543.75,16540.0,16540.25,170,NQ.v.0
2021-11-19 02:30:00+00:00,33,1,2770,16540.0,16543.25,16538.0,16543.0,138,NQ.v.0
2021-11-19 02:31:00+00:00,33,1,2770,16543.5,16554.0,16543.5,16552.0,777,NQ.v.0
2021-11-19 02:32:00+00:00,33,1,2770,16551.75,16552.75,16550.25,16551.75,184,NQ.v.0
2021-11-19 02:33:00+00:00,33,1,2770,16551.75,16558.0,16550.0,16555.0,390,NQ.v.0
2021-11-19 02:34:00+00:00,33,1,2770,16554.75,16555.25,16551.25,16552.5,179,NQ.v.0
2021-11-19 02:35:00+00:00,33,1,2770,16552.75,16558.0,16552.5,16553.5,271,NQ.v.0
2021-11-19 02:36:00+00:00,33,1,2770,16554.25,16558.0,16553.25,16553.5,256,NQ.v.0
2021-11-19 02:37:00+00:00,33,1,2770,16553.75,16556.5,16553.75,16556.0,101,NQ.v.0
2021-11-19 02:38:00+00:00,33,1,2770,16555.75,16559.0,16555.5,16557.75,147,NQ.v.0
2021-11-19 02:39:00+00:00,33,1,2770,16557.5,16559.75,16556.25,16558.75,193,NQ.v.0
2021-11-19 02:40:00+00:00,33,1,2770,16558.75,16559.75,16557.75,16558.25,153,NQ.v.0
2021-11-19 02:41:00+00:00,33,1,2770,16558.25,16558.5,16557.0,16558.25,62,NQ.v.0
2021-11-19 02:42:00+00:00,33,1,2770,16558.5,16559.5,16557.25,16559.25,159,NQ.v.0
2021-11-19 02:43:00+00:00,33,1,2770,16559.0,16559.5,16558.0,16558.25,132,NQ.v.0
2021-11-19 02:44:00+00:00,33,1,2770,16558.25,16559.25,16558.0,16558.25,68,NQ.v.0
2021-11-19 02:45:00+00:00,33,1,2770,16558.25,16559.75,16558.25,16558.25,170,NQ.v.0
2021-11-19 02:46:00+00:00,33,1,2770,16558.75,16559.5,16558.25,16559.5,61,NQ.v.0
2021-11-19 02:47:00+00:00,33,1,2770,16559.0,16559.5,16558.25,16559.5,42,NQ.v.0
2021-11-19 02:48:00+00:00,33,1,2770,16559.5,16566.25,16559.0,16564.75,543,NQ.v.0
2021-11-19 02:49:00+00:00,33,1,2770,16564.75,16565.75,16560.75,16562.5,114,NQ.v.0
2021-11-19 02:50:00+00:00,33,1,2770,16562.25,16563.75,16561.75,16563.0,79,NQ.v.0
2021-11-19 02:51:00+00:00,33,1,2770,16563.25,16564.5,16562.5,16563.5,119,NQ.v.0
2021-11-19 02:52:00+00:00,33,1,2770,16563.5,16564.0,16563.0,16563.25,47,NQ.v.0
2021-11-19 02:53:00+00:00,33,1,2770,16563.0,16563.0,16561.5,16562.75,68,NQ.v.0
2021-11-19 02:54:00+00:00,33,1,2770,16562.5,16564.0,16560.0,16561.0,153,NQ.v.0
2021-11-19 02:55:00+00:00,33,1,2770,16560.75,16562.5,16560.0,16561.75,85,NQ.v.0
2021-11-19 02:56:00+00:00,33,1,2770,16561.5,16562.5,16561.0,16561.75,47,NQ.v.0
2021-11-19 02:57:00+00:00,33,1,2770,16561.5,16562.5,16560.5,16561.75,136,NQ.v.0
2021-11-19 02:58:00+00:00,33,1,2770,16562.0,16565.25,16561.5,16564.0,105,NQ.v.0
2021-11-19 02:59:00+00:00,33,1,2770,16563.75,16565.0,16563.25,16564.5,45,NQ.v.0
2021-11-19 03:00:00+00:00,33,1,2770,16564.25,16569.0,16563.25,16567.75,236,NQ.v.0
2021-11-19 03:01:00+00:00,33,1,2770,16568.5,16568.5,16561.75,16562.75,196,NQ.v.0
2021-11-19 03:02:00+00:00,33,1,2770,16562.5,16563.0,16557.5,16561.5,265,NQ.v.0
2021-11-19 03:03:00+00:00,33,1,2770,16561.75,16562.0,16561.0,16561.5,71,NQ.v.0
2021-11-19 03:04:00+00:00,33,1,2770,16561.25,16562.75,16561.0,16561.5,59,NQ.v.0
2021-11-19 03:05:00+00:00,33,1,2770,16561.5,16563.75,16561.0,16562.5,98,NQ.v.0
2021-11-19 03:06:00+00:00,33,1,2770,16562.25,16564.0,16562.0,16563.25,82,NQ.v.0
2021-11-19 03:07:00+00:00,33,1,2770,16563.75,16565.25,16562.75,16564.75,80,NQ.v.0
2021-11-19 03:08:00+00:00,33,1,2770,16564.75,16565.0,16564.0,16564.75,19,NQ.v.0
2021-11-19 03:09:00+00:00,33,1,2770,16565.0,16567.0,16564.25,16564.75,65,NQ.v.0
2021-11-19 03:10:00+00:00,33,1,2770,16564.5,16565.0,16563.25,16563.75,33,NQ.v.0
2021-11-19 03:11:00+00:00,33,1,2770,16563.5,16565.0,16563.5,16565.0,39,NQ.v.0
2021-11-19 03:12:00+00:00,33,1,2770,16564.75,16566.0,16564.75,16565.75,47,NQ.v.0
2021-11-19 03:13:00+00:00,33,1,2770,16566.0,16569.5,16565.75,16569.5,117,NQ.v.0
2021-11-19 03:14:00+00:00,33,1,2770,16569.25,16590.0,16569.25,16586.5,1509,NQ.v.0
2021-11-19 03:15:00+00:00,33,1,2770,16585.75,16586.75,16580.75,16581.75,279,NQ.v.0
2021-11-19 03:16:00+00:00,33,1,2770,16581.5,16582.0,16579.0,16579.75,169,NQ.v.0
2021-11-19 03:17:00+00:00,33,1,2770,16579.25,16583.25,16579.25,16581.75,122,NQ.v.0
2021-11-19 03:18:00+00:00,33,1,2770,16581.5,16582.5,16580.75,16581.25,61,NQ.v.0
2021-11-19 03:19:00+00:00,33,1,2770,16581.5,16582.25,16580.25,16580.25,42,NQ.v.0
2021-11-19 03:20:00+00:00,33,1,2770,16580.5,16581.25,16580.0,16581.25,71,NQ.v.0
2021-11-19 03:21:00+00:00,33,1,2770,16581.25,16581.25,16578.75,16579.0,68,NQ.v.0
2021-11-19 03:22:00+00:00,33,1,2770,16578.75,16581.25,16578.75,16580.5,60,NQ.v.0
2021-11-19 03:23:00+00:00,33,1,2770,16580.75,16582.25,16580.75,16582.25,62,NQ.v.0
2021-11-19 03:24:00+00:00,33,1,2770,16581.75,16583.75,16581.75,16583.75,100,NQ.v.0
2021-11-19 03:25:00+00:00,33,1,2770,16583.75,16584.0,16578.5,16579.0,135,NQ.v.0
2021-11-19 03:26:00+00:00,33,1,2770,16578.25,16579.5,16578.0,16579.5,57,NQ.v.0
2021-11-19 03:27:00+00:00,33,1,2770,16579.25,16579.5,16576.75,16577.25,66,NQ.v.0
2021-11-19 03:28:00+00:00,33,1,2770,16577.0,16578.5,16576.75,16578.25,50,NQ.v.0
2021-11-19 03:29:00+00:00,33,1,2770,16578.5,16578.5,16576.25,16578.25,46,NQ.v.0
2021-11-19 03:30:00+00:00,33,1,2770,16578.25,16578.5,16575.25,16575.5,66,NQ.v.0
2021-11-19 03:31:00+00:00,33,1,2770,16575.75,16576.75,16575.25,16576.75,42,NQ.v.0
2021-11-19 03:32:00+00:00,33,1,2770,16576.5,16576.5,16575.5,16575.5,42,NQ.v.0
2021-11-19 03:33:00+00:00,33,1,2770,16575.25,16575.25,16572.5,16574.0,117,NQ.v.0
2021-11-19 03:34:00+00:00,33,1,2770,16573.75,16575.25,16573.75,16574.0,37,NQ.v.0
2021-11-19 03:35:00+00:00,33,1,2770,16574.5,16576.25,16572.0,16574.75,111,NQ.v.0
2021-11-19 03:36:00+00:00,33,1,2770,16574.25,16574.25,16570.5,16570.5,77,NQ.v.0
2021-11-19 03:37:00+00:00,33,1,2770,16570.25,16571.75,16568.0,16568.75,156,NQ.v.0
2021-11-19 03:38:00+00:00,33,1,2770,16568.5,16569.5,16567.5,16569.0,66,NQ.v.0
2021-11-19 03:39:00+00:00,33,1,2770,16568.5,16569.5,16568.5,16568.75,45,NQ.v.0
2021-11-19 03:40:00+00:00,33,1,2770,16568.5,16569.0,16567.0,16567.75,75,NQ.v.0
2021-11-19 03:41:00+00:00,33,1,2770,16567.75,16568.75,16566.5,16566.5,42,NQ.v.0
2021-11-19 03:42:00+00:00,33,1,2770,16566.5,16568.0,16565.25,16568.0,83,NQ.v.0
2021-11-19 03:43:00+00:00,33,1,2770,16568.25,16570.0,16568.0,16570.0,49,NQ.v.0
2021-11-19 03:44:00+00:00,33,1,2770,16569.5,16572.0,16569.25,16570.75,102,NQ.v.0
2021-11-19 03:45:00+00:00,33,1,2770,16570.5,16571.25,16570.25,16571.0,31,NQ.v.0
2021-11-19 03:46:00+00:00,33,1,2770,16571.0,16571.0,16569.75,16569.75,59,NQ.v.0
2021-11-19 03:47:00+00:00,33,1,2770,16569.75,16571.75,16568.5,16571.75,54,NQ.v.0
2021-11-19 03:48:00+00:00,33,1,2770,16571.25,16572.0,16571.25,16572.0,21,NQ.v.0
2021-11-19 03:49:00+00:00,33,1,2770,16571.75,16574.0,16571.5,16573.25,45,NQ.v.0
2021-11-19 03:50:00+00:00,33,1,2770,16573.25,16575.0,16572.5,16575.0,87,NQ.v.0
2021-11-19 03:51:00+00:00,33,1,2770,16574.75,16576.5,16574.25,16575.5,57,NQ.v.0
2021-11-19 03:52:00+00:00,33,1,2770,16575.5,16576.0,16574.0,16575.75,58,NQ.v.0
2021-11-19 03:53:00+00:00,33,1,2770,16576.0,16577.25,16575.25,16576.75,67,NQ.v.0
2021-11-19 03:54:00+00:00,33,1,2770,16576.5,16577.25,16576.25,16576.25,23,NQ.v.0
2021-11-19 03:55:00+00:00,33,1,2770,16576.5,16577.0,16576.25,16577.0,19,NQ.v.0
2021-11-19 03:56:00+00:00,33,1,2770,16577.25,16578.25,16576.5,16576.5,54,NQ.v.0
2021-11-19 03:57:00+00:00,33,1,2770,16576.25,16576.25,16572.5,16572.75,84,NQ.v.0
2021-11-19 03:58:00+00:00,33,1,2770,16572.75,16574.75,16572.75,16573.5,73,NQ.v.0
2021-11-19 03:59:00+00:00,33,1,2770,16573.0,16575.75,16572.75,16575.75,22,NQ.v.0
2021-11-19 04:00:00+00:00,33,1,2770,16575.0,16575.5,16572.75,16572.75,26,NQ.v.0
2021-11-19 04:01:00+00:00,33,1,2770,16572.5,16572.75,16570.5,16572.75,81,NQ.v.0
2021-11-19 04:02:00+00:00,33,1,2770,16572.5,16573.25,16572.25,16572.5,23,NQ.v.0
2021-11-19 04:03:00+00:00,33,1,2770,16572.0,16574.25,16571.5,16574.25,44,NQ.v.0
2021-11-19 04:04:00+00:00,33,1,2770,16574.25,16575.5,16573.5,16573.75,55,NQ.v.0
2021-11-19 04:05:00+00:00,33,1,2770,16574.0,16574.0,16573.25,16574.0,9,NQ.v.0
2021-11-19 04:06:00+00:00,33,1,2770,16573.75,16573.75,16572.5,16573.0,32,NQ.v.0
2021-11-19 04:07:00+00:00,33,1,2770,16573.0,16573.5,16572.75,16573.5,17,NQ.v.0
2021-11-19 04:08:00+00:00,33,1,2770,16573.25,16575.75,16573.25,16575.75,16,NQ.v.0
2021-11-19 04:09:00+00:00,33,1,2770,16575.75,16578.0,16575.0,16578.0,73,NQ.v.0
2021-11-19 04:10:00+00:00,33,1,2770,16577.5,16582.0,16577.5,16581.25,198,NQ.v.0
2021-11-19 04:11:00+00:00,33,1,2770,16581.0,16581.5,16579.25,16579.25,50,NQ.v.0
2021-11-19 04:12:00+00:00,33,1,2770,16579.0,16580.5,16578.0,16578.0,42,NQ.v.0
2021-11-19 04:13:00+00:00,33,1,2770,16578.25,16579.5,16578.25,16579.0,21,NQ.v.0
2021-11-19 04:14:00+00:00,33,1,2770,16579.5,16579.5,16578.25,16579.0,8,NQ.v.0
2021-11-19 04:15:00+00:00,33,1,2770,16579.25,16580.0,16578.25,16578.5,26,NQ.v.0
2021-11-19 04:16:00+00:00,33,1,2770,16578.5,16578.5,16576.0,16577.75,43,NQ.v.0
2021-11-19 04:17:00+00:00,33,1,2770,16577.25,16577.75,16577.25,16577.25,18,NQ.v.0
2021-11-19 04:18:00+00:00,33,1,2770,16577.5,16577.75,16575.5,16577.5,75,NQ.v.0
2021-11-19 04:19:00+00:00,33,1,2770,16577.5,16578.0,16577.25,16577.25,17,NQ.v.0
2021-11-19 04:20:00+00:00,33,1,2770,16577.75,16580.75,16577.75,16580.0,111,NQ.v.0
2021-11-19 04:21:00+00:00,33,1,2770,16580.0,16581.25,16578.0,16579.0,66,NQ.v.0
2021-11-19 04:22:00+00:00,33,1,2770,16578.25,16578.75,16577.75,16578.5,21,NQ.v.0
2021-11-19 04:23:00+00:00,33,1,2770,16580.0,16580.75,16575.75,16576.0,97,NQ.v.0
2021-11-19 04:24:00+00:00,33,1,2770,16575.5,16577.25,16574.75,16575.75,67,NQ.v.0
2021-11-19 04:25:00+00:00,33,1,2770,16575.25,16577.25,16575.0,16576.5,34,NQ.v.0
2021-11-19 04:26:00+00:00,33,1,2770,16576.5,16576.75,16574.75,16576.75,49,NQ.v.0
2021-11-19 04:27:00+00:00,33,1,2770,16576.75,16577.75,16573.5,16573.5,109,NQ.v.0
2021-11-19 04:28:00+00:00,33,1,2770,16573.75,16574.75,16573.25,16573.75,41,NQ.v.0
2021-11-19 04:29:00+00:00,33,1,2770,16574.5,16574.75,16572.75,16573.75,70,NQ.v.0
2021-11-19 04:30:00+00:00,33,1,2770,16574.25,16575.75,16573.5,16575.0,61,NQ.v.0
2021-11-19 04:31:00+00:00,33,1,2770,16574.5,16574.75,16573.25,16573.25,45,NQ.v.0
2021-11-19 04:32:00+00:00,33,1,2770,16573.5,16575.0,16573.5,16573.75,24,NQ.v.0
2021-11-19 04:33:00+00:00,33,1,2770,16573.0,16573.5,16572.0,16572.25,51,NQ.v.0
2021-11-19 04:34:00+00:00,33,1,2770,16572.5,16572.5,16570.5,16571.5,57,NQ.v.0
2021-11-19 04:35:00+00:00,33,1,2770,16571.25,16573.25,16570.75,16570.75,121,NQ.v.0
2021-11-19 04:36:00+00:00,33,1,2770,16570.75,16571.0,16568.0,16568.25,211,NQ.v.0
2021-11-19 04:37:00+00:00,33,1,2770,16568.5,16572.0,16568.0,16569.75,140,NQ.v.0
2021-11-19 04:38:00+00:00,33,1,2770,16569.0,16571.0,16568.75,16568.75,63,NQ.v.0
2021-11-19 04:39:00+00:00,33,1,2770,16568.5,16570.5,16567.0,16569.75,91,NQ.v.0
2021-11-19 04:40:00+00:00,33,1,2770,16569.5,16571.0,16569.5,16571.0,25,NQ.v.0
2021-11-19 04:41:00+00:00,33,1,2770,16571.25,16573.0,16571.25,16572.5,52,NQ.v.0
2021-11-19 04:42:00+00:00,33,1,2770,16572.75,16573.5,16572.5,16572.5,27,NQ.v.0
2021-11-19 04:43:00+00:00,33,1,2770,16573.25,16573.75,16572.75,16572.75,10,NQ.v.0
2021-11-19 04:44:00+00:00,33,1,2770,16573.25,16575.25,16572.75,16572.75,91,NQ.v.0
2021-11-19 04:45:00+00:00,33,1,2770,16572.5,16573.0,16572.0,16572.25,28,NQ.v.0
2021-11-19 04:46:00+00:00,33,1,2770,16572.5,16572.5,16568.75,16571.5,87,NQ.v.0
2021-11-19 04:47:00+00:00,33,1,2770,16572.5,16574.75,16572.25,16574.0,90,NQ.v.0
2021-11-19 04:48:00+00:00,33,1,2770,16574.0,16575.5,16573.75,16575.0,20,NQ.v.0
2021-11-19 04:49:00+00:00,33,1,2770,16575.0,16576.75,16573.5,16573.5,68,NQ.v.0
2021-11-19 04:50:00+00:00,33,1,2770,16573.25,16576.5,16573.25,16575.25,94,NQ.v.0
2021-11-19 04:51:00+00:00,33,1,2770,16575.0,16575.0,16574.25,16574.25,9,NQ.v.0
2021-11-19 04:52:00+00:00,33,1,2770,16574.0,16575.75,16573.75,16574.5,34,NQ.v.0
2021-11-19 04:53:00+00:00,33,1,2770,16573.75,16575.25,16573.5,16573.75,20,NQ.v.0
2021-11-19 04:54:00+00:00,33,1,2770,16573.5,16573.5,16570.5,16570.5,41,NQ.v.0
2021-11-19 04:55:00+00:00,33,1,2770,16570.25,16573.5,16570.25,16573.5,30,NQ.v.0
2021-11-19 04:56:00+00:00,33,1,2770,16573.5,16573.5,16572.5,16572.5,6,NQ.v.0
2021-11-19 04:57:00+00:00,33,1,2770,16572.0,16572.5,16570.75,16572.25,29,NQ.v.0
2021-11-19 04:58:00+00:00,33,1,2770,16572.0,16573.5,16572.0,16572.5,22,NQ.v.0
2021-11-19 04:59:00+00:00,33,1,2770,16572.25,16572.25,16571.25,16571.25,37,NQ.v.0
2021-11-19 05:00:00+00:00,33,1,2770,16571.0,16571.0,16568.5,16570.0,62,NQ.v.0
2021-11-19 05:01:00+00:00,33,1,2770,16569.75,16569.75,16568.5,16568.5,46,NQ.v.0
2021-11-19 05:02:00+00:00,33,1,2770,16568.75,16571.0,16567.5,16569.0,98,NQ.v.0
2021-11-19 05:03:00+00:00,33,1,2770,16569.0,16570.0,16568.5,16569.0,38,NQ.v.0
2021-11-19 05:04:00+00:00,33,1,2770,16569.0,16572.0,16569.0,16572.0,51,NQ.v.0
2021-11-19 05:05:00+00:00,33,1,2770,16571.25,16572.0,16569.5,16570.0,33,NQ.v.0
2021-11-19 05:06:00+00:00,33,1,2770,16569.75,16571.0,16569.75,16571.0,9,NQ.v.0
2021-11-19 05:07:00+00:00,33,1,2770,16571.0,16572.25,16571.0,16571.0,25,NQ.v.0
2021-11-19 05:08:00+00:00,33,1,2770,16571.25,16571.25,16570.0,16570.0,17,NQ.v.0
2021-11-19 05:09:00+00:00,33,1,2770,16570.0,16572.25,16570.0,16571.75,23,NQ.v.0
2021-11-19 05:10:00+00:00,33,1,2770,16571.75,16571.75,16565.5,16565.5,119,NQ.v.0
2021-11-19 05:11:00+00:00,33,1,2770,16565.5,16566.25,16562.0,16566.0,250,NQ.v.0
2021-11-19 05:12:00+00:00,33,1,2770,16566.0,16568.75,16566.0,16567.5,49,NQ.v.0
2021-11-19 05:13:00+00:00,33,1,2770,16567.75,16568.0,16565.75,16567.25,28,NQ.v.0
2021-11-19 05:14:00+00:00,33,1,2770,16567.0,16567.0,16564.5,16565.5,14,NQ.v.0
2021-11-19 05:15:00+00:00,33,1,2770,16566.0,16566.5,16565.0,16565.25,24,NQ.v.0
2021-11-19 05:16:00+00:00,33,1,2770,16565.5,16566.25,16565.25,16566.25,19,NQ.v.0
2021-11-19 05:17:00+00:00,33,1,2770,16566.25,16568.0,16566.25,16567.75,28,NQ.v.0
2021-11-19 05:18:00+00:00,33,1,2770,16567.5,16567.5,16562.25,16563.25,89,NQ.v.0
2021-11-19 05:19:00+00:00,33,1,2770,16562.75,16564.5,16559.25,16563.25,239,NQ.v.0
2021-11-19 05:20:00+00:00,33,1,2770,16563.25,16563.5,16556.75,16558.75,181,NQ.v.0
2021-11-19 05:21:00+00:00,33,1,2770,16559.25,16561.75,16559.0,16561.0,51,NQ.v.0
2021-11-19 05:22:00+00:00,33,1,2770,16561.0,16563.75,16561.0,16563.25,49,NQ.v.0
2021-11-19 05:23:00+00:00,33,1,2770,16562.75,16563.5,16562.0,16563.25,34,NQ.v.0
2021-11-19 05:24:00+00:00,33,1,2770,16563.5,16564.25,16563.0,16564.25,19,NQ.v.0
2021-11-19 05:25:00+00:00,33,1,2770,16563.75,16565.0,16562.25,16564.5,43,NQ.v.0
2021-11-19 05:26:00+00:00,33,1,2770,16565.0,16565.75,16564.0,16564.75,25,NQ.v.0
2021-11-19 05:27:00+00:00,33,1,2770,16564.75,16565.75,16563.75,16565.75,27,NQ.v.0
2021-11-19 05:28:00+00:00,33,1,2770,16565.25,16565.25,16563.25,16563.75,18,NQ.v.0
2021-11-19 05:29:00+00:00,33,1,2770,16563.0,16564.25,16562.75,16563.5,28,NQ.v.0
2021-11-19 05:30:00+00:00,33,1,2770,16563.5,16564.0,16562.75,16562.75,7,NQ.v.0
2021-11-19 05:31:00+00:00,33,1,2770,16563.0,16565.0,16562.5,16564.0,25,NQ.v.0
2021-11-19 05:32:00+00:00,33,1,2770,16563.75,16565.0,16563.75,16564.25,18,NQ.v.0
2021-11-19 05:33:00+00:00,33,1,2770,16564.5,16565.0,16563.0,16563.0,29,NQ.v.0
2021-11-19 05:34:00+00:00,33,1,2770,16563.0,16564.75,16562.75,16564.75,28,NQ.v.0
2021-11-19 05:35:00+00:00,33,1,2770,16564.5,16565.0,16564.25,16565.0,13,NQ.v.0
2021-11-19 05:36:00+00:00,33,1,2770,16565.25,16566.0,16564.0,16564.25,25,NQ.v.0
2021-11-19 05:37:00+00:00,33,1,2770,16564.75,16565.5,16564.5,16565.5,23,NQ.v.0
2021-11-19 05:38:00+00:00,33,1,2770,16565.75,16567.0,16565.75,16567.0,33,NQ.v.0
2021-11-19 05:39:00+00:00,33,1,2770,16566.75,16567.75,16566.5,16567.5,28,NQ.v.0
2021-11-19 05:40:00+00:00,33,1,2770,16568.0,16568.0,16566.25,16566.25,19,NQ.v.0
2021-11-19 05:41:00+00:00,33,1,2770,16566.75,16570.0,16566.75,16569.0,125,NQ.v.0
2021-11-19 05:42:00+00:00,33,1,2770,16569.25,16570.25,16569.0,16569.75,38,NQ.v.0
2021-11-19 05:43:00+00:00,33,1,2770,16569.5,16569.5,16567.25,16569.0,22,NQ.v.0
2021-11-19 05:44:00+00:00,33,1,2770,16569.5,16570.0,16569.25,16569.75,17,NQ.v.0
2021-11-19 05:45:00+00:00,33,1,2770,16570.0,16572.75,16570.0,16571.75,77,NQ.v.0
2021-11-19 05:46:00+00:00,33,1,2770,16572.0,16572.25,16569.75,16570.25,38,NQ.v.0
2021-11-19 05:47:00+00:00,33,1,2770,16570.0,16571.0,16567.75,16567.75,99,NQ.v.0
2021-11-19 05:48:00+00:00,33,1,2770,16567.75,16569.25,16567.75,16567.75,44,NQ.v.0
2021-11-19 05:49:00+00:00,33,1,2770,16567.5,16567.5,16566.0,16566.5,43,NQ.v.0
2021-11-19 05:50:00+00:00,33,1,2770,16566.5,16567.5,16566.0,16567.5,61,NQ.v.0
2021-11-19 05:51:00+00:00,33,1,2770,16566.5,16569.0,16566.5,16567.75,84,NQ.v.0
2021-11-19 05:52:00+00:00,33,1,2770,16569.25,16571.75,16569.25,16570.0,45,NQ.v.0
2021-11-19 05:53:00+00:00,33,1,2770,16570.0,16570.0,16568.25,16568.5,45,NQ.v.0
2021-11-19 05:54:00+00:00,33,1,2770,16567.75,16568.25,16566.0,16566.5,49,NQ.v.0
2021-11-19 05:55:00+00:00,33,1,2770,16566.5,16567.25,16566.0,16567.0,22,NQ.v.0
2021-11-19 05:56:00+00:00,33,1,2770,16566.25,16566.5,16565.0,16565.5,45,NQ.v.0
2021-11-19 05:57:00+00:00,33,1,2770,16565.25,16567.5,16565.0,16567.25,28,NQ.v.0
2021-11-19 05:58:00+00:00,33,1,2770,16567.0,16568.25,16566.25,16566.75,30,NQ.v.0
2021-11-19 05:59:00+00:00,33,1,2770,16567.0,16568.0,16565.0,16565.75,48,NQ.v.0
2021-11-19 06:00:00+00:00,33,1,2770,16565.75,16569.25,16565.75,16567.0,72,NQ.v.0
2021-11-19 06:01:00+00:00,33,1,2770,16567.0,16567.0,16563.0,16564.25,71,NQ.v.0
2021-11-19 06:02:00+00:00,33,1,2770,16564.75,16566.25,16564.75,16564.75,25,NQ.v.0
2021-11-19 06:03:00+00:00,33,1,2770,16565.25,16568.25,16565.25,16568.25,33,NQ.v.0
2021-11-19 06:04:00+00:00,33,1,2770,16568.5,16569.0,16567.75,16568.5,34,NQ.v.0
2021-11-19 06:05:00+00:00,33,1,2770,16568.5,16569.0,16566.25,16567.25,48,NQ.v.0
2021-11-19 06:06:00+00:00,33,1,2770,16567.75,16569.0,16567.5,16568.75,17,NQ.v.0
2021-11-19 06:07:00+00:00,33,1,2770,16567.25,16570.0,16567.25,16570.0,28,NQ.v.0
2021-11-19 06:08:00+00:00,33,1,2770,16569.75,16570.0,16567.75,16568.0,17,NQ.v.0
2021-11-19 06:09:00+00:00,33,1,2770,16567.75,16568.0,16567.0,16567.0,15,NQ.v.0
2021-11-19 06:10:00+00:00,33,1,2770,16567.25,16568.5,16567.0,16567.5,35,NQ.v.0
2021-11-19 06:11:00+00:00,33,1,2770,16568.0,16570.5,16567.75,16570.0,54,NQ.v.0
2021-11-19 06:12:00+00:00,33,1,2770,16570.0,16570.5,16568.25,16569.0,50,NQ.v.0
2021-11-19 06:13:00+00:00,33,1,2770,16569.5,16569.5,16567.5,16567.5,20,NQ.v.0
2021-11-19 06:14:00+00:00,33,1,2770,16567.25,16569.75,16567.0,16568.0,25,NQ.v.0
2021-11-19 06:15:00+00:00,33,1,2770,16567.5,16567.75,16566.25,16566.5,20,NQ.v.0
2021-11-19 06:16:00+00:00,33,1,2770,16566.75,16566.75,16565.0,16566.75,33,NQ.v.0
2021-11-19 06:17:00+00:00,33,1,2770,16566.0,16566.25,16566.0,16566.0,9,NQ.v.0
2021-11-19 06:18:00+00:00,33,1,2770,16566.0,16566.0,16564.25,16564.5,33,NQ.v.0
2021-11-19 06:19:00+00:00,33,1,2770,16564.25,16567.0,16564.25,16566.25,11,NQ.v.0
2021-11-19 06:20:00+00:00,33,1,2770,16566.5,16567.0,16566.5,16567.0,15,NQ.v.0
2021-11-19 06:21:00+00:00,33,1,2770,16567.0,16568.0,16567.0,16567.0,14,NQ.v.0
2021-11-19 06:22:00+00:00,33,1,2770,16566.75,16568.0,16566.75,16567.75,8,NQ.v.0
2021-11-19 06:23:00+00:00,33,1,2770,16568.0,16568.25,16567.75,16567.75,4,NQ.v.0
2021-11-19 06:24:00+00:00,33,1,2770,16567.0,16568.75,16566.5,16568.75,29,NQ.v.0
2021-11-19 06:25:00+00:00,33,1,2770,16568.5,16569.75,16568.5,16568.5,26,NQ.v.0
2021-11-19 06:26:00+00:00,33,1,2770,16569.25,16569.75,16568.25,16568.5,11,NQ.v.0
2021-11-19 06:27:00+00:00,33,1,2770,16568.0,16568.0,16565.5,16565.5,23,NQ.v.0
2021-11-19 06:28:00+00:00,33,1,2770,16566.25,16566.75,16565.5,16566.75,12,NQ.v.0
2021-11-19 06:29:00+00:00,33,1,2770,16566.25,16567.75,16566.25,16567.75,10,NQ.v.0
2021-11-19 06:30:00+00:00,33,1,2770,16568.5,16571.75,16567.25,16571.75,84,NQ.v.0
2021-11-19 06:31:00+00:00,33,1,2770,16572.0,16575.25,16571.5,16574.25,104,NQ.v.0
2021-11-19 06:32:00+00:00,33,1,2770,16574.25,16574.75,16571.75,16574.75,39,NQ.v.0
2021-11-19 06:33:00+00:00,33,1,2770,16574.75,16574.75,16571.25,16573.0,45,NQ.v.0
2021-11-19 06:34:00+00:00,33,1,2770,16571.25,16573.25,16570.75,16572.25,68,NQ.v.0
2021-11-19 06:35:00+00:00,33,1,2770,16572.5,16572.75,16570.0,16570.0,45,NQ.v.0
2021-11-19 06:36:00+00:00,33,1,2770,16570.0,16573.25,16569.75,16572.5,20,NQ.v.0
2021-11-19 06:37:00+00:00,33,1,2770,16571.5,16571.5,16569.75,16570.75,20,NQ.v.0
2021-11-19 06:38:00+00:00,33,1,2770,16571.25,16571.25,16567.75,16568.5,68,NQ.v.0
2021-11-19 06:39:00+00:00,33,1,2770,16568.5,16568.5,16564.75,16566.0,102,NQ.v.0
2021-11-19 06:40:00+00:00,33,1,2770,16566.0,16569.0,16565.25,16568.5,82,NQ.v.0
2021-11-19 06:41:00+00:00,33,1,2770,16568.5,16570.25,16567.5,16570.0,59,NQ.v.0
2021-11-19 06:42:00+00:00,33,1,2770,16570.25,16570.5,16567.75,16569.25,51,NQ.v.0
2021-11-19 06:43:00+00:00,33,1,2770,16568.75,16568.75,16566.25,16566.5,40,NQ.v.0
2021-11-19 06:44:00+00:00,33,1,2770,16566.5,16567.25,16565.75,16566.5,19,NQ.v.0
2021-11-19 06:45:00+00:00,33,1,2770,16566.75,16566.75,16565.5,16565.75,24,NQ.v.0
2021-11-19 06:46:00+00:00,33,1,2770,16566.25,16566.75,16565.75,16566.0,12,NQ.v.0
2021-11-19 06:47:00+00:00,33,1,2770,16566.0,16566.5,16564.0,16564.75,54,NQ.v.0
2021-11-19 06:48:00+00:00,33,1,2770,16565.0,16565.5,16564.75,16565.5,15,NQ.v.0
2021-11-19 06:49:00+00:00,33,1,2770,16566.0,16566.25,16565.5,16566.25,16,NQ.v.0
2021-11-19 06:50:00+00:00,33,1,2770,16566.0,16566.5,16565.75,16566.25,14,NQ.v.0
2021-11-19 06:51:00+00:00,33,1,2770,16565.75,16568.0,16565.75,16566.5,25,NQ.v.0
2021-11-19 06:52:00+00:00,33,1,2770,16566.25,16569.0,16566.25,16566.25,54,NQ.v.0
2021-11-19 06:53:00+00:00,33,1,2770,16566.25,16566.25,16564.25,16564.75,46,NQ.v.0
2021-11-19 06:54:00+00:00,33,1,2770,16565.0,16565.25,16564.0,16565.0,13,NQ.v.0
2021-11-19 06:55:00+00:00,33,1,2770,16565.25,16567.0,16565.25,16566.75,12,NQ.v.0
2021-11-19 06:56:00+00:00,33,1,2770,16566.25,16566.5,16564.5,16564.5,12,NQ.v.0
2021-11-19 06:57:00+00:00,33,1,2770,16564.5,16565.25,16564.25,16565.0,10,NQ.v.0
2021-11-19 06:58:00+00:00,33,1,2770,16565.0,16566.25,16565.0,16565.0,18,NQ.v.0
2021-11-19 06:59:00+00:00,33,1,2770,16565.5,16565.5,16564.5,16564.5,5,NQ.v.0
2021-11-19 07:00:00+00:00,33,1,2770,16565.25,16565.75,16563.0,16565.25,77,NQ.v.0
2021-11-19 07:01:00+00:00,33,1,2770,16565.75,16566.0,16562.75,16563.5,88,NQ.v.0
2021-11-19 07:02:00+00:00,33,1,2770,16563.25,16563.75,16562.0,16562.25,102,NQ.v.0
2021-11-19 07:03:00+00:00,33,1,2770,16562.0,16563.5,16562.0,16562.75,37,NQ.v.0
2021-11-19 07:04:00+00:00,33,1,2770,16562.75,16563.5,16562.75,16563.0,18,NQ.v.0
2021-11-19 07:05:00+00:00,33,1,2770,16562.25,16564.5,16562.0,16564.5,69,NQ.v.0
2021-11-19 07:06:00+00:00,33,1,2770,16564.5,16565.25,16563.75,16563.75,37,NQ.v.0
2021-11-19 07:07:00+00:00,33,1,2770,16563.5,16570.0,16563.5,16568.25,144,NQ.v.0
2021-11-19 07:08:00+00:00,33,1,2770,16568.75,16568.75,16562.5,16563.0,73,NQ.v.0
2021-11-19 07:09:00+00:00,33,1,2770,16563.25,16564.75,16563.0,16564.25,48,NQ.v.0
2021-11-19 07:10:00+00:00,33,1,2770,16564.75,16565.0,16563.0,16563.5,36,NQ.v.0
2021-11-19 07:11:00+00:00,33,1,2770,16563.75,16564.5,16561.5,16561.5,103,NQ.v.0
2021-11-19 07:12:00+00:00,33,1,2770,16561.75,16563.0,16560.5,16561.25,119,NQ.v.0
2021-11-19 07:13:00+00:00,33,1,2770,16561.0,16561.0,16559.0,16560.5,120,NQ.v.0
2021-11-19 07:14:00+00:00,33,1,2770,16560.5,16562.25,16560.5,16561.25,42,NQ.v.0
2021-11-19 07:15:00+00:00,33,1,2770,16560.5,16562.5,16559.5,16562.0,62,NQ.v.0
2021-11-19 07:16:00+00:00,33,1,2770,16562.25,16564.25,16562.25,16563.5,52,NQ.v.0
2021-11-19 07:17:00+00:00,33,1,2770,16564.0,16565.5,16562.75,16563.25,75,NQ.v.0
2021-11-19 07:18:00+00:00,33,1,2770,16562.75,16562.75,16560.25,16560.25,45,NQ.v.0
2021-11-19 07:19:00+00:00,33,1,2770,16561.0,16562.25,16559.75,16562.0,56,NQ.v.0
2021-11-19 07:20:00+00:00,33,1,2770,16561.5,16561.75,16560.25,16561.75,46,NQ.v.0
2021-11-19 07:21:00+00:00,33,1,2770,16561.25,16561.75,16559.5,16560.75,39,NQ.v.0
2021-11-19 07:22:00+00:00,33,1,2770,16559.75,16563.5,16559.5,16563.0,65,NQ.v.0
2021-11-19 07:23:00+00:00,33,1,2770,16562.5,16563.75,16561.0,16561.5,39,NQ.v.0
2021-11-19 07:24:00+00:00,33,1,2770,16561.25,16561.25,16559.0,16559.5,36,NQ.v.0
2021-11-19 07:25:00+00:00,33,1,2770,16559.0,16559.25,16553.25,16554.0,220,NQ.v.0
2021-11-19 07:26:00+00:00,33,1,2770,16553.5,16555.0,16552.5,16553.25,145,NQ.v.0
2021-11-19 07:27:00+00:00,33,1,2770,16552.75,16555.0,16551.75,16553.75,106,NQ.v.0
2021-11-19 07:28:00+00:00,33,1,2770,16554.0,16554.0,16551.0,16551.75,103,NQ.v.0
2021-11-19 07:29:00+00:00,33,1,2770,16552.25,16554.5,16552.25,16553.25,42,NQ.v.0
2021-11-19 07:30:00+00:00,33,1,2770,16553.0,16553.75,16550.25,16551.75,114,NQ.v.0
2021-11-19 07:31:00+00:00,33,1,2770,16552.25,16554.0,16552.0,16552.25,48,NQ.v.0
2021-11-19 07:32:00+00:00,33,1,2770,16552.75,16556.0,16552.75,16554.5,99,NQ.v.0
2021-11-19 07:33:00+00:00,33,1,2770,16554.75,16557.5,16554.5,16556.0,72,NQ.v.0
2021-11-19 07:34:00+00:00,33,1,2770,16556.25,16557.5,16555.75,16557.0,38,NQ.v.0
2021-11-19 07:35:00+00:00,33,1,2770,16557.25,16559.25,16557.25,16559.25,89,NQ.v.0
2021-11-19 07:36:00+00:00,33,1,2770,16559.5,16559.5,16557.5,16558.5,52,NQ.v.0
2021-11-19 07:37:00+00:00,33,1,2770,16558.5,16559.0,16557.25,16558.0,77,NQ.v.0
2021-11-19 07:38:00+00:00,33,1,2770,16557.75,16560.0,16557.75,16559.25,35,NQ.v.0
2021-11-19 07:39:00+00:00,33,1,2770,16559.25,16559.75,16558.75,16559.75,33,NQ.v.0
2021-11-19 07:40:00+00:00,33,1,2770,16559.5,16560.25,16559.25,16559.5,36,NQ.v.0
2021-11-19 07:41:00+00:00,33,1,2770,16559.25,16561.25,16559.25,16561.25,25,NQ.v.0
2021-11-19 07:42:00+00:00,33,1,2770,16561.25,16561.75,16561.0,16561.0,29,NQ.v.0
2021-11-19 07:43:00+00:00,33,1,2770,16561.0,16561.75,16560.0,16560.25,24,NQ.v.0
2021-11-19 07:44:00+00:00,33,1,2770,16560.0,16561.75,16559.75,16561.25,37,NQ.v.0
2021-11-19 07:45:00+00:00,33,1,2770,16561.0,16563.5,16560.25,16562.25,67,NQ.v.0
2021-11-19 07:46:00+00:00,33,1,2770,16563.5,16565.0,16563.25,16564.0,59,NQ.v.0
2021-11-19 07:47:00+00:00,33,1,2770,16564.0,16566.75,16564.0,16565.75,57,NQ.v.0
2021-11-19 07:48:00+00:00,33,1,2770,16565.75,16569.75,16565.25,16568.75,163,NQ.v.0
2021-11-19 07:49:00+00:00,33,1,2770,16569.0,16572.0,16568.0,16571.5,136,NQ.v.0
2021-11-19 07:50:00+00:00,33,1,2770,16571.0,16571.5,16568.25,16569.5,95,NQ.v.0
2021-11-19 07:51:00+00:00,33,1,2770,16569.0,16570.75,16568.25,16568.25,78,NQ.v.0
2021-11-19 07:52:00+00:00,33,1,2770,16568.25,16569.25,16566.75,16568.0,105,NQ.v.0
2021-11-19 07:53:00+00:00,33,1,2770,16568.0,16568.0,16566.75,16566.75,53,NQ.v.0
2021-11-19 07:54:00+00:00,33,1,2770,16567.0,16568.25,16566.75,16567.5,39,NQ.v.0
2021-11-19 07:55:00+00:00,33,1,2770,16567.0,16568.5,16567.0,16567.25,78,NQ.v.0
2021-11-19 07:56:00+00:00,33,1,2770,16567.0,16567.0,16564.75,16565.25,71,NQ.v.0
2021-11-19 07:57:00+00:00,33,1,2770,16565.25,16567.0,16564.75,16567.0,29,NQ.v.0
2021-11-19 07:58:00+00:00,33,1,2770,16566.75,16566.75,16565.75,16566.25,13,NQ.v.0
2021-11-19 07:59:00+00:00,33,1,2770,16566.0,16566.25,16562.0,16563.25,127,NQ.v.0
2021-11-19 08:00:00+00:00,33,1,2770,16563.0,16566.0,16557.5,16559.75,405,NQ.v.0
2021-11-19 08:01:00+00:00,33,1,2770,16559.5,16559.5,16554.0,16555.5,172,NQ.v.0
2021-11-19 08:02:00+00:00,33,1,2770,16555.75,16557.25,16553.0,16554.25,91,NQ.v.0
2021-11-19 08:03:00+00:00,33,1,2770,16554.25,16555.5,16551.0,16555.25,108,NQ.v.0
2021-11-19 08:04:00+00:00,33,1,2770,16555.25,16556.5,16553.0,16556.5,82,NQ.v.0
2021-11-19 08:05:00+00:00,33,1,2770,16556.0,16556.0,16550.0,16550.0,343,NQ.v.0
2021-11-19 08:06:00+00:00,33,1,2770,16550.25,16552.75,16549.25,16551.75,220,NQ.v.0
2021-11-19 08:07:00+00:00,33,1,2770,16551.75,16558.0,16550.0,16557.0,179,NQ.v.0
2021-11-19 08:08:00+00:00,33,1,2770,16556.5,16557.0,16551.0,16552.5,136,NQ.v.0
2021-11-19 08:09:00+00:00,33,1,2770,16552.5,16553.25,16550.5,16552.75,141,NQ.v.0
2021-11-19 08:10:00+00:00,33,1,2770,16553.0,16554.0,16547.5,16548.75,188,NQ.v.0
2021-11-19 08:11:00+00:00,33,1,2770,16548.5,16555.25,16548.0,16555.25,212,NQ.v.0
2021-11-19 08:12:00+00:00,33,1,2770,16555.5,16555.75,16551.5,16554.5,156,NQ.v.0
2021-11-19 08:13:00+00:00,33,1,2770,16554.0,16557.25,16553.75,16556.75,78,NQ.v.0
2021-11-19 08:14:00+00:00,33,1,2770,16556.75,16558.25,16555.75,16557.0,199,NQ.v.0
2021-11-19 08:15:00+00:00,33,1,2770,16557.0,16558.25,16555.25,16556.75,60,NQ.v.0
2021-11-19 08:16:00+00:00,33,1,2770,16557.0,16558.25,16554.25,16554.5,112,NQ.v.0
2021-11-19 08:17:00+00:00,33,1,2770,16554.25,16555.0,16552.25,16552.5,52,NQ.v.0
2021-11-19 08:18:00+00:00,33,1,2770,16552.25,16552.75,16549.75,16550.75,61,NQ.v.0
2021-11-19 08:19:00+00:00,33,1,2770,16550.75,16554.25,16550.75,16552.0,91,NQ.v.0
2021-11-19 08:20:00+00:00,33,1,2770,16552.75,16552.75,16550.0,16550.75,63,NQ.v.0
2021-11-19 08:21:00+00:00,33,1,2770,16551.0,16552.0,16550.75,16551.0,23,NQ.v.0
2021-11-19 08:22:00+00:00,33,1,2770,16550.5,16551.5,16549.5,16551.25,72,NQ.v.0
2021-11-19 08:23:00+00:00,33,1,2770,16552.25,16554.25,16552.25,16554.25,33,NQ.v.0
2021-11-19 08:24:00+00:00,33,1,2770,16553.25,16554.75,16553.25,16554.5,24,NQ.v.0
2021-11-19 08:25:00+00:00,33,1,2770,16554.0,16554.25,16552.0,16553.75,25,NQ.v.0
2021-11-19 08:26:00+00:00,33,1,2770,16555.0,16556.0,16553.75,16553.75,52,NQ.v.0
2021-11-19 08:27:00+00:00,33,1,2770,16554.5,16556.75,16554.5,16555.75,55,NQ.v.0
2021-11-19 08:28:00+00:00,33,1,2770,16556.0,16557.5,16555.5,16557.0,55,NQ.v.0
2021-11-19 08:29:00+00:00,33,1,2770,16556.75,16558.0,16555.5,16556.75,40,NQ.v.0
2021-11-19 08:30:00+00:00,33,1,2770,16555.75,16557.0,16551.75,16553.5,75,NQ.v.0
2021-11-19 08:31:00+00:00,33,1,2770,16554.25,16555.75,16553.0,16555.5,24,NQ.v.0
2021-11-19 08:32:00+00:00,33,1,2770,16555.25,16557.0,16552.0,16552.0,70,NQ.v.0
2021-11-19 08:33:00+00:00,33,1,2770,16552.5,16552.5,16549.5,16549.5,65,NQ.v.0
2021-11-19 08:34:00+00:00,33,1,2770,16549.5,16551.0,16549.25,16550.5,63,NQ.v.0
2021-11-19 08:35:00+00:00,33,1,2770,16550.0,16553.5,16547.75,16553.0,141,NQ.v.0
2021-11-19 08:36:00+00:00,33,1,2770,16552.75,16553.0,16551.5,16551.5,19,NQ.v.0
2021-11-19 08:37:00+00:00,33,1,2770,16552.75,16553.0,16551.0,16551.25,39,NQ.v.0
2021-11-19 08:38:00+00:00,33,1,2770,16552.0,16552.5,16551.0,16552.25,9,NQ.v.0
2021-11-19 08:39:00+00:00,33,1,2770,16552.5,16553.0,16551.25,16552.5,37,NQ.v.0
2021-11-19 08:40:00+00:00,33,1,2770,16552.75,16553.25,16552.0,16552.0,29,NQ.v.0
2021-11-19 08:41:00+00:00,33,1,2770,16551.5,16552.75,16549.0,16549.0,74,NQ.v.0
2021-11-19 08:42:00+00:00,33,1,2770,16548.5,16551.5,16548.0,16548.5,98,NQ.v.0
2021-11-19 08:43:00+00:00,33,1,2770,16548.5,16548.5,16545.75,16548.0,118,NQ.v.0
2021-11-19 08:44:00+00:00,33,1,2770,16547.25,16549.5,16547.0,16549.25,40,NQ.v.0
2021-11-19 08:45:00+00:00,33,1,2770,16549.5,16551.0,16547.75,16551.0,161,NQ.v.0
2021-11-19 08:46:00+00:00,33,1,2770,16550.5,16552.5,16549.75,16549.75,66,NQ.v.0
2021-11-19 08:47:00+00:00,33,1,2770,16550.5,16553.25,16549.25,16553.25,36,NQ.v.0
2021-11-19 08:48:00+00:00,33,1,2770,16553.25,16555.5,16552.25,16554.75,164,NQ.v.0
2021-11-19 08:49:00+00:00,33,1,2770,16555.0,16556.75,16554.0,16554.0,173,NQ.v.0
2021-11-19 08:50:00+00:00,33,1,2770,16554.25,16555.75,16553.75,16554.25,38,NQ.v.0
2021-11-19 08:51:00+00:00,33,1,2770,16554.25,16555.5,16553.75,16555.5,41,NQ.v.0
2021-11-19 08:52:00+00:00,33,1,2770,16556.5,16561.5,16556.0,16561.0,128,NQ.v.0
2021-11-19 08:53:00+00:00,33,1,2770,16560.75,16563.5,16560.5,16562.75,176,NQ.v.0
2021-11-19 08:54:00+00:00,33,1,2770,16563.0,16564.5,16562.0,16563.0,85,NQ.v.0
2021-11-19 08:55:00+00:00,33,1,2770,16563.25,16563.5,16558.75,16558.75,109,NQ.v.0
2021-11-19 08:56:00+00:00,33,1,2770,16559.0,16560.75,16559.0,16560.75,65,NQ.v.0
2021-11-19 08:57:00+00:00,33,1,2770,16560.5,16561.75,16558.0,16558.0,84,NQ.v.0
2021-11-19 08:58:00+00:00,33,1,2770,16558.0,16559.5,16557.5,16559.25,74,NQ.v.0
2021-11-19 08:59:00+00:00,33,1,2770,16558.75,16559.5,16557.75,16558.5,27,NQ.v.0
2021-11-19 09:00:00+00:00,33,1,2770,16558.0,16563.75,16557.0,16561.25,128,NQ.v.0
2021-11-19 09:01:00+00:00,33,1,2770,16561.5,16567.25,16561.5,16566.0,152,NQ.v.0
2021-11-19 09:02:00+00:00,33,1,2770,16566.0,16566.0,16564.0,16564.25,56,NQ.v.0
2021-11-19 09:03:00+00:00,33,1,2770,16563.75,16566.25,16562.75,16563.25,104,NQ.v.0
2021-11-19 09:04:00+00:00,33,1,2770,16562.75,16564.25,16562.0,16563.75,63,NQ.v.0
2021-11-19 09:05:00+00:00,33,1,2770,16564.0,16565.5,16562.0,16564.5,68,NQ.v.0
2021-11-19 09:06:00+00:00,33,1,2770,16564.5,16565.25,16563.0,16565.25,28,NQ.v.0
2021-11-19 09:07:00+00:00,33,1,2770,16565.25,16565.75,16563.25,16563.75,23,NQ.v.0
2021-11-19 09:08:00+00:00,33,1,2770,16563.5,16564.5,16562.5,16564.0,55,NQ.v.0
2021-11-19 09:09:00+00:00,33,1,2770,16564.25,16564.5,16563.0,16563.25,29,NQ.v.0
2021-11-19 09:10:00+00:00,33,1,2770,16563.5,16564.75,16561.5,16564.75,54,NQ.v.0
2021-11-19 09:11:00+00:00,33,1,2770,16564.75,16566.0,16564.25,16565.25,41,NQ.v.0
2021-11-19 09:12:00+00:00,33,1,2770,16565.5,16566.75,16565.0,16566.25,47,NQ.v.0
2021-11-19 09:13:00+00:00,33,1,2770,16566.25,16566.5,16564.5,16564.75,25,NQ.v.0
2021-11-19 09:14:00+00:00,33,1,2770,16565.25,16565.25,16564.0,16564.5,10,NQ.v.0
2021-11-19 09:15:00+00:00,33,1,2770,16564.5,16566.5,16563.75,16564.5,65,NQ.v.0
2021-11-19 09:16:00+00:00,33,1,2770,16565.0,16566.0,16564.75,16566.0,13,NQ.v.0
2021-11-19 09:17:00+00:00,33,1,2770,16566.0,16568.75,16566.0,16568.75,91,NQ.v.0
2021-11-19 09:18:00+00:00,33,1,2770,16568.75,16569.25,16568.0,16568.5,55,NQ.v.0
2021-11-19 09:19:00+00:00,33,1,2770,16568.5,16569.0,16567.5,16568.25,48,NQ.v.0
2021-11-19 09:20:00+00:00,33,1,2770,16568.5,16569.75,16568.25,16568.5,56,NQ.v.0
2021-11-19 09:21:00+00:00,33,1,2770,16569.0,16570.25,16568.0,16570.25,57,NQ.v.0
2021-11-19 09:22:00+00:00,33,1,2770,16570.0,16571.25,16569.75,16570.0,101,NQ.v.0
2021-11-19 09:23:00+00:00,33,1,2770,16570.0,16571.0,16569.75,16570.0,41,NQ.v.0
2021-11-19 09:24:00+00:00,33,1,2770,16569.75,16569.75,16566.0,16566.75,55,NQ.v.0
2021-11-19 09:25:00+00:00,33,1,2770,16567.0,16570.25,16566.75,16569.75,72,NQ.v.0
2021-11-19 09:26:00+00:00,33,1,2770,16570.25,16574.0,16569.75,16572.25,205,NQ.v.0
2021-11-19 09:27:00+00:00,33,1,2770,16572.5,16574.25,16564.0,16567.75,336,NQ.v.0
2021-11-19 09:28:00+00:00,33,1,2770,16567.5,16569.0,16562.0,16567.0,385,NQ.v.0
2021-11-19 09:29:00+00:00,33,1,2770,16567.25,16568.0,16561.0,16561.5,202,NQ.v.0
2021-11-19 09:30:00+00:00,33,1,2770,16561.25,16562.0,16555.0,16559.75,334,NQ.v.0
2021-11-19 09:31:00+00:00,33,1,2770,16560.5,16562.75,16553.25,16553.75,333,NQ.v.0
2021-11-19 09:32:00+00:00,33,1,2770,16553.75,16558.5,16551.5,16557.75,228,NQ.v.0
2021-11-19 09:33:00+00:00,33,1,2770,16557.0,16558.25,16552.0,16555.5,137,NQ.v.0
2021-11-19 09:34:00+00:00,33,1,2770,16556.75,16559.0,16553.0,16558.5,156,NQ.v.0
2021-11-19 09:35:00+00:00,33,1,2770,16558.5,16558.75,16554.25,16554.25,179,NQ.v.0
2021-11-19 09:36:00+00:00,33,1,2770,16555.5,16560.75,16554.75,16556.5,187,NQ.v.0
2021-11-19 09:37:00+00:00,33,1,2770,16558.0,16561.25,16555.5,16560.25,222,NQ.v.0
2021-11-19 09:38:00+00:00,33,1,2770,16560.25,16560.75,16553.75,16554.5,210,NQ.v.0
2021-11-19 09:39:00+00:00,33,1,2770,16554.75,16560.0,16554.75,16558.75,322,NQ.v.0
2021-11-19 09:40:00+00:00,33,1,2770,16558.75,16563.0,16557.5,16560.5,190,NQ.v.0
2021-11-19 09:41:00+00:00,33,1,2770,16560.25,16565.25,16559.0,16560.0,209,NQ.v.0
2021-11-19 09:42:00+00:00,33,1,2770,16559.5,16559.5,16550.5,16552.75,407,NQ.v.0
2021-11-19 09:43:00+00:00,33,1,2770,16553.0,16554.5,16544.25,16544.75,428,NQ.v.0
2021-11-19 09:44:00+00:00,33,1,2770,16545.25,16547.75,16539.25,16540.0,678,NQ.v.0
2021-11-19 09:45:00+00:00,33,1,2770,16540.5,16547.0,16539.75,16545.5,387,NQ.v.0
2021-11-19 09:46:00+00:00,33,1,2770,16545.0,16554.75,16544.75,16554.75,289,NQ.v.0
2021-11-19 09:47:00+00:00,33,1,2770,16554.25,16554.75,16551.25,16554.25,169,NQ.v.0
2021-11-19 09:48:00+00:00,33,1,2770,16554.25,16559.25,16553.75,16557.5,224,NQ.v.0
2021-11-19 09:49:00+00:00,33,1,2770,16558.75,16558.75,16550.25,16551.5,246,NQ.v.0
2021-11-19 09:50:00+00:00,33,1,2770,16551.0,16553.5,16550.5,16552.5,135,NQ.v.0
2021-11-19 09:51:00+00:00,33,1,2770,16552.75,16557.0,16552.25,16554.0,84,NQ.v.0
2021-11-19 09:52:00+00:00,33,1,2770,16553.75,16557.0,16553.25,16555.5,157,NQ.v.0
2021-11-19 09:53:00+00:00,33,1,2770,16554.75,16555.25,16545.5,16545.75,228,NQ.v.0
2021-11-19 09:54:00+00:00,33,1,2770,16546.25,16547.0,16540.0,16540.0,306,NQ.v.0
2021-11-19 09:55:00+00:00,33,1,2770,16540.0,16544.0,16539.25,16543.25,266,NQ.v.0
2021-11-19 09:56:00+00:00,33,1,2770,16543.75,16548.25,16543.0,16544.25,159,NQ.v.0
2021-11-19 09:57:00+00:00,33,1,2770,16545.0,16551.25,16543.0,16545.25,362,NQ.v.0
2021-11-19 09:58:00+00:00,33,1,2770,16544.25,16544.5,16539.0,16539.0,120,NQ.v.0
2021-11-19 09:59:00+00:00,33,1,2770,16539.0,16541.75,16537.75,16540.0,168,NQ.v.0
2021-11-19 10:00:00+00:00,33,1,2770,16541.0,16543.0,16533.5,16534.25,448,NQ.v.0
2021-11-19 10:01:00+00:00,33,1,2770,16534.75,16536.75,16531.5,16534.5,282,NQ.v.0
2021-11-19 10:02:00+00:00,33,1,2770,16534.25,16536.0,16531.5,16535.0,326,NQ.v.0
2021-11-19 10:03:00+00:00,33,1,2770,16535.0,16540.5,16529.5,16530.75,335,NQ.v.0
2021-11-19 10:04:00+00:00,33,1,2770,16531.0,16534.0,16527.25,16532.5,442,NQ.v.0
2021-11-19 10:05:00+00:00,33,1,2770,16532.25,16539.75,16529.5,16538.5,514,NQ.v.0
2021-11-19 10:06:00+00:00,33,1,2770,16537.5,16539.25,16534.5,16535.0,136,NQ.v.0
2021-11-19 10:07:00+00:00,33,1,2770,16535.25,16536.75,16528.0,16529.0,322,NQ.v.0
2021-11-19 10:08:00+00:00,33,1,2770,16529.25,16532.75,16527.5,16528.25,154,NQ.v.0
2021-11-19 10:09:00+00:00,33,1,2770,16529.5,16533.0,16524.0,16526.75,416,NQ.v.0
2021-11-19 10:10:00+00:00,33,1,2770,16526.5,16526.75,16514.25,16518.75,664,NQ.v.0
2021-11-19 10:11:00+00:00,33,1,2770,16518.75,16519.0,16512.25,16515.5,336,NQ.v.0
2021-11-19 10:12:00+00:00,33,1,2770,16515.5,16516.75,16509.5,16515.5,503,NQ.v.0
2021-11-19 10:13:00+00:00,33,1,2770,16516.25,16518.0,16511.25,16518.0,306,NQ.v.0
2021-11-19 10:14:00+00:00,33,1,2770,16517.25,16518.25,16508.0,16511.5,346,NQ.v.0
2021-11-19 10:15:00+00:00,33,1,2770,16512.75,16515.0,16510.5,16510.75,257,NQ.v.0
2021-11-19 10:16:00+00:00,33,1,2770,16510.0,16518.75,16510.0,16516.5,291,NQ.v.0
2021-11-19 10:17:00+00:00,33,1,2770,16516.5,16526.5,16514.5,16525.5,432,NQ.v.0
2021-11-19 10:18:00+00:00,33,1,2770,16525.75,16529.75,16524.75,16526.0,454,NQ.v.0
2021-11-19 10:19:00+00:00,33,1,2770,16526.25,16529.25,16522.0,16522.5,252,NQ.v.0
2021-11-19 10:20:00+00:00,33,1,2770,16521.75,16525.5,16516.25,16525.25,565,NQ.v.0
2021-11-19 10:21:00+00:00,33,1,2770,16525.0,16531.25,16524.25,16531.0,432,NQ.v.0
2021-11-19 10:22:00+00:00,33,1,2770,16530.75,16533.0,16526.0,16532.5,426,NQ.v.0
2021-11-19 10:23:00+00:00,33,1,2770,16532.25,16536.75,16532.25,16536.0,318,NQ.v.0
2021-11-19 10:24:00+00:00,33,1,2770,16535.75,16535.75,16529.5,16531.0,198,NQ.v.0
2021-11-19 10:25:00+00:00,33,1,2770,16531.25,16534.25,16530.75,16532.75,194,NQ.v.0
2021-11-19 10:26:00+00:00,33,1,2770,16532.75,16538.5,16531.75,16537.75,222,NQ.v.0
2021-11-19 10:27:00+00:00,33,1,2770,16538.0,16545.25,16538.0,16544.0,566,NQ.v.0
2021-11-19 10:28:00+00:00,33,1,2770,16544.0,16546.0,16539.0,16539.75,303,NQ.v.0
2021-11-19 10:29:00+00:00,33,1,2770,16539.5,16543.0,16538.75,16539.0,98,NQ.v.0
2021-11-19 10:30:00+00:00,33,1,2770,16538.75,16543.5,16537.25,16542.5,226,NQ.v.0
2021-11-19 10:31:00+00:00,33,1,2770,16542.25,16545.75,16541.5,16544.5,153,NQ.v.0
2021-11-19 10:32:00+00:00,33,1,2770,16544.5,16545.0,16540.0,16540.25,159,NQ.v.0
2021-11-19 10:33:00+00:00,33,1,2770,16539.75,16540.75,16537.0,16538.0,192,NQ.v.0
2021-11-19 10:34:00+00:00,33,1,2770,16538.0,16541.75,16536.0,16541.5,199,NQ.v.0
2021-11-19 10:35:00+00:00,33,1,2770,16542.0,16544.25,16540.5,16543.5,137,NQ.v.0
2021-11-19 10:36:00+00:00,33,1,2770,16542.75,16543.75,16540.25,16540.5,124,NQ.v.0
2021-11-19 10:37:00+00:00,33,1,2770,16541.0,16542.75,16537.25,16537.25,250,NQ.v.0
2021-11-19 10:38:00+00:00,33,1,2770,16537.25,16547.0,16536.0,16545.75,299,NQ.v.0
2021-11-19 10:39:00+00:00,33,1,2770,16546.5,16546.5,16539.75,16542.75,312,NQ.v.0
2021-11-19 10:40:00+00:00,33,1,2770,16542.75,16552.0,16542.75,16547.25,633,NQ.v.0
2021-11-19 10:41:00+00:00,33,1,2770,16546.75,16551.0,16544.75,16548.25,260,NQ.v.0
2021-11-19 10:42:00+00:00,33,1,2770,16547.5,16549.75,16545.5,16549.0,410,NQ.v.0
2021-11-19 10:43:00+00:00,33,1,2770,16548.75,16550.0,16545.25,16546.0,222,NQ.v.0
2021-11-19 10:44:00+00:00,33,1,2770,16545.5,16545.75,16541.25,16541.25,179,NQ.v.0
2021-11-19 10:45:00+00:00,33,1,2770,16541.0,16543.5,16538.5,16539.25,269,NQ.v.0
2021-11-19 10:46:00+00:00,33,1,2770,16539.5,16544.25,16539.5,16541.75,165,NQ.v.0
2021-11-19 10:47:00+00:00,33,1,2770,16541.0,16544.25,16539.0,16540.0,100,NQ.v.0
2021-11-19 10:48:00+00:00,33,1,2770,16539.25,16545.5,16538.5,16544.5,158,NQ.v.0
2021-11-19 10:49:00+00:00,33,1,2770,16543.75,16543.75,16538.0,16543.25,133,NQ.v.0
2021-11-19 10:50:00+00:00,33,1,2770,16543.75,16547.5,16540.25,16544.5,322,NQ.v.0
2021-11-19 10:51:00+00:00,33,1,2770,16544.25,16548.25,16543.25,16547.25,152,NQ.v.0
2021-11-19 10:52:00+00:00,33,1,2770,16547.5,16549.25,16546.75,16547.5,105,NQ.v.0
2021-11-19 10:53:00+00:00,33,1,2770,16547.0,16549.0,16542.0,16543.25,154,NQ.v.0
2021-11-19 10:54:00+00:00,33,1,2770,16542.5,16546.25,16539.25,16546.25,199,NQ.v.0
2021-11-19 10:55:00+00:00,33,1,2770,16545.75,16548.75,16544.0,16547.25,154,NQ.v.0
2021-11-19 10:56:00+00:00,33,1,2770,16547.25,16548.5,16545.0,16548.5,108,NQ.v.0
2021-11-19 10:57:00+00:00,33,1,2770,16548.5,16549.0,16540.5,16541.25,226,NQ.v.0
2021-11-19 10:58:00+00:00,33,1,2770,16541.5,16547.25,16540.0,16543.75,434,NQ.v.0
2021-11-19 10:59:00+00:00,33,1,2770,16543.75,16548.25,16543.0,16544.5,208,NQ.v.0
2021-11-19 11:00:00+00:00,33,1,2770,16544.0,16549.0,16542.75,16545.0,191,NQ.v.0
2021-11-19 11:01:00+00:00,33,1,2770,16544.5,16547.5,16544.0,16544.25,116,NQ.v.0
2021-11-19 11:02:00+00:00,33,1,2770,16544.25,16544.25,16536.0,16540.25,323,NQ.v.0
2021-11-19 11:03:00+00:00,33,1,2770,16540.25,16544.75,16540.0,16541.5,180,NQ.v.0
2021-11-19 11:04:00+00:00,33,1,2770,16540.75,16544.25,16538.0,16539.0,144,NQ.v.0
2021-11-19 11:05:00+00:00,33,1,2770,16539.25,16540.75,16534.0,16536.75,360,NQ.v.0
2021-11-19 11:06:00+00:00,33,1,2770,16537.0,16540.0,16534.25,16538.5,144,NQ.v.0
2021-11-19 11:07:00+00:00,33,1,2770,16538.5,16539.5,16532.5,16533.0,231,NQ.v.0
2021-11-19 11:08:00+00:00,33,1,2770,16533.25,16536.0,16532.25,16535.25,134,NQ.v.0
2021-11-19 11:09:00+00:00,33,1,2770,16535.75,16538.25,16534.0,16536.0,176,NQ.v.0
2021-11-19 11:10:00+00:00,33,1,2770,16536.5,16540.0,16534.75,16535.75,333,NQ.v.0
2021-11-19 11:11:00+00:00,33,1,2770,16535.75,16541.5,16533.5,16541.0,153,NQ.v.0
2021-11-19 11:12:00+00:00,33,1,2770,16540.5,16541.0,16535.5,16536.5,149,NQ.v.0
2021-11-19 11:13:00+00:00,33,1,2770,16536.75,16538.5,16534.0,16536.0,155,NQ.v.0
2021-11-19 11:14:00+00:00,33,1,2770,16536.75,16538.0,16534.0,16536.0,54,NQ.v.0
2021-11-19 11:15:00+00:00,33,1,2770,16536.25,16537.75,16535.25,16537.0,60,NQ.v.0
2021-11-19 11:16:00+00:00,33,1,2770,16537.75,16544.75,16537.75,16544.25,168,NQ.v.0
2021-11-19 11:17:00+00:00,33,1,2770,16544.5,16545.75,16542.0,16545.5,114,NQ.v.0
2021-11-19 11:18:00+00:00,33,1,2770,16545.75,16548.25,16544.5,16548.0,106,NQ.v.0
2021-11-19 11:19:00+00:00,33,1,2770,16547.25,16550.5,16546.75,16548.0,168,NQ.v.0
2021-11-19 11:20:00+00:00,33,1,2770,16547.75,16548.25,16542.75,16545.5,118,NQ.v.0
2021-11-19 11:21:00+00:00,33,1,2770,16546.25,16548.5,16545.5,16546.0,120,NQ.v.0
2021-11-19 11:22:00+00:00,33,1,2770,16546.0,16546.0,16541.5,16543.5,149,NQ.v.0
2021-11-19 11:23:00+00:00,33,1,2770,16544.0,16545.75,16541.5,16545.75,54,NQ.v.0
2021-11-19 11:24:00+00:00,33,1,2770,16546.0,16547.75,16543.25,16543.5,117,NQ.v.0
2021-11-19 11:25:00+00:00,33,1,2770,16543.5,16548.0,16543.5,16548.0,86,NQ.v.0
2021-11-19 11:26:00+00:00,33,1,2770,16548.0,16550.5,16547.75,16550.5,152,NQ.v.0
2021-11-19 11:27:00+00:00,33,1,2770,16550.5,16551.5,16548.5,16550.5,121,NQ.v.0
2021-11-19 11:28:00+00:00,33,1,2770,16550.5,16550.5,16548.0,16548.75,49,NQ.v.0
2021-11-19 11:29:00+00:00,33,1,2770,16548.5,16550.0,16548.5,16548.75,51,NQ.v.0
2021-11-19 11:30:00+00:00,33,1,2770,16549.5,16550.5,16543.75,16544.75,149,NQ.v.0
2021-11-19 11:31:00+00:00,33,1,2770,16544.5,16544.5,16539.25,16539.25,239,NQ.v.0
2021-11-19 11:32:00+00:00,33,1,2770,16539.0,16539.5,16534.5,16535.0,259,NQ.v.0
2021-11-19 11:33:00+00:00,33,1,2770,16534.75,16535.25,16531.0,16532.25,133,NQ.v.0
2021-11-19 11:34:00+00:00,33,1,2770,16532.5,16533.5,16527.25,16529.75,270,NQ.v.0
2021-11-19 11:35:00+00:00,33,1,2770,16529.25,16533.75,16527.25,16532.0,243,NQ.v.0
2021-11-19 11:36:00+00:00,33,1,2770,16531.5,16536.5,16531.25,16534.25,204,NQ.v.0
2021-11-19 11:37:00+00:00,33,1,2770,16534.0,16536.25,16533.25,16535.5,45,NQ.v.0
2021-11-19 11:38:00+00:00,33,1,2770,16535.25,16536.0,16530.25,16532.0,91,NQ.v.0
2021-11-19 11:39:00+00:00,33,1,2770,16531.5,16531.5,16522.5,16524.0,248,NQ.v.0
2021-11-19 11:40:00+00:00,33,1,2770,16524.5,16528.75,16521.0,16528.25,193,NQ.v.0
2021-11-19 11:41:00+00:00,33,1,2770,16528.5,16528.5,16518.0,16519.5,258,NQ.v.0
2021-11-19 11:42:00+00:00,33,1,2770,16519.0,16522.25,16515.5,16519.75,356,NQ.v.0
2021-11-19 11:43:00+00:00,33,1,2770,16519.5,16527.25,16519.5,16527.25,229,NQ.v.0
2021-11-19 11:44:00+00:00,33,1,2770,16527.5,16532.5,16526.5,16532.25,211,NQ.v.0
2021-11-19 11:45:00+00:00,33,1,2770,16531.75,16532.25,16528.5,16531.25,120,NQ.v.0
2021-11-19 11:46:00+00:00,33,1,2770,16531.0,16534.0,16530.5,16530.5,125,NQ.v.0
2021-11-19 11:47:00+00:00,33,1,2770,16530.0,16532.0,16528.5,16530.75,65,NQ.v.0
2021-11-19 11:48:00+00:00,33,1,2770,16530.25,16534.0,16529.5,16532.0,112,NQ.v.0
2021-11-19 11:49:00+00:00,33,1,2770,16532.5,16532.75,16525.0,16525.0,130,NQ.v.0
2021-11-19 11:50:00+00:00,33,1,2770,16525.5,16528.5,16523.25,16527.25,116,NQ.v.0
2021-11-19 11:51:00+00:00,33,1,2770,16527.0,16534.75,16527.0,16532.0,123,NQ.v.0
2021-11-19 11:52:00+00:00,33,1,2770,16531.75,16534.5,16531.25,16532.0,112,NQ.v.0
2021-11-19 11:53:00+00:00,33,1,2770,16532.0,16532.0,16520.25,16521.0,227,NQ.v.0
2021-11-19 11:54:00+00:00,33,1,2770,16521.25,16528.0,16521.25,16526.0,146,NQ.v.0
2021-11-19 11:55:00+00:00,33,1,2770,16526.75,16529.75,16521.0,16528.25,194,NQ.v.0
2021-11-19 11:56:00+00:00,33,1,2770,16528.75,16529.5,16525.0,16527.5,117,NQ.v.0
2021-11-19 11:57:00+00:00,33,1,2770,16527.75,16529.0,16526.25,16528.0,66,NQ.v.0
2021-11-19 11:58:00+00:00,33,1,2770,16527.5,16532.25,16526.5,16531.75,193,NQ.v.0
2021-11-19 11:59:00+00:00,33,1,2770,16531.25,16532.25,16528.75,16531.75,92,NQ.v.0
2021-11-19 12:00:00+00:00,33,1,2770,16531.5,16533.75,16530.75,16533.0,214,NQ.v.0
2021-11-19 12:01:00+00:00,33,1,2770,16532.25,16532.5,16530.0,16532.25,77,NQ.v.0
2021-11-19 12:02:00+00:00,33,1,2770,16532.25,16533.75,16530.75,16531.25,124,NQ.v.0
2021-11-19 12:03:00+00:00,33,1,2770,16531.25,16532.5,16529.75,16531.75,122,NQ.v.0
2021-11-19 12:04:00+00:00,33,1,2770,16532.0,16536.5,16530.75,16536.5,171,NQ.v.0
2021-11-19 12:05:00+00:00,33,1,2770,16537.0,16544.75,16535.75,16544.0,415,NQ.v.0
2021-11-19 12:06:00+00:00,33,1,2770,16543.75,16549.25,16543.0,16546.75,352,NQ.v.0
2021-11-19 12:07:00+00:00,33,1,2770,16547.25,16549.5,16546.5,16549.5,181,NQ.v.0
2021-11-19 12:08:00+00:00,33,1,2770,16549.25,16551.5,16548.0,16550.5,230,NQ.v.0
2021-11-19 12:09:00+00:00,33,1,2770,16550.5,16554.75,16550.25,16554.0,277,NQ.v.0
2021-11-19 12:10:00+00:00,33,1,2770,16553.5,16553.75,16545.75,16546.5,279,NQ.v.0
2021-11-19 12:11:00+00:00,33,1,2770,16545.5,16546.75,16540.0,16543.75,325,NQ.v.0
2021-11-19 12:12:00+00:00,33,1,2770,16542.75,16543.0,16535.75,16537.25,206,NQ.v.0
2021-11-19 12:13:00+00:00,33,1,2770,16537.0,16542.25,16536.0,16540.25,214,NQ.v.0
2021-11-19 12:14:00+00:00,33,1,2770,16541.0,16542.25,16539.0,16541.25,80,NQ.v.0
2021-11-19 12:15:00+00:00,33,1,2770,16540.0,16541.0,16534.75,16537.25,254,NQ.v.0
2021-11-19 12:16:00+00:00,33,1,2770,16537.25,16539.25,16535.0,16535.5,145,NQ.v.0
2021-11-19 12:17:00+00:00,33,1,2770,16535.25,16537.25,16532.75,16534.75,199,NQ.v.0
2021-11-19 12:18:00+00:00,33,1,2770,16534.25,16537.75,16534.25,16536.5,114,NQ.v.0
2021-11-19 12:19:00+00:00,33,1,2770,16536.0,16538.0,16534.5,16537.75,134,NQ.v.0
2021-11-19 12:20:00+00:00,33,1,2770,16538.0,16538.25,16534.25,16535.25,83,NQ.v.0
2021-11-19 12:21:00+00:00,33,1,2770,16535.75,16537.25,16534.0,16536.25,102,NQ.v.0
2021-11-19 12:22:00+00:00,33,1,2770,16536.5,16538.75,16535.75,16536.5,116,NQ.v.0
2021-11-19 12:23:00+00:00,33,1,2770,16537.0,16538.75,16535.75,16537.25,124,NQ.v.0
2021-11-19 12:24:00+00:00,33,1,2770,16536.75,16544.5,16536.75,16544.5,271,NQ.v.0
2021-11-19 12:25:00+00:00,33,1,2770,16544.75,16545.0,16542.0,16543.5,291,NQ.v.0
2021-11-19 12:26:00+00:00,33,1,2770,16543.5,16546.5,16542.0,16546.0,267,NQ.v.0
2021-11-19 12:27:00+00:00,33,1,2770,16546.25,16547.75,16543.5,16547.0,129,NQ.v.0
2021-11-19 12:28:00+00:00,33,1,2770,16546.75,16548.75,16545.75,16548.25,169,NQ.v.0
2021-11-19 12:29:00+00:00,33,1,2770,16548.5,16549.75,16547.75,16548.75,139,NQ.v.0
2021-11-19 12:30:00+00:00,33,1,2770,16548.25,16551.75,16545.25,16549.5,269,NQ.v.0
2021-11-19 12:31:00+00:00,33,1,2770,16549.75,16549.75,16544.5,16547.25,157,NQ.v.0
2021-11-19 12:32:00+00:00,33,1,2770,16547.5,16547.75,16544.25,16546.5,135,NQ.v.0
2021-11-19 12:33:00+00:00,33,1,2770,16547.0,16552.0,16546.75,16551.75,168,NQ.v.0
2021-11-19 12:34:00+00:00,33,1,2770,16551.5,16553.25,16550.0,16553.25,216,NQ.v.0
2021-11-19 12:35:00+00:00,33,1,2770,16553.75,16558.5,16553.0,16556.5,392,NQ.v.0
2021-11-19 12:36:00+00:00,33,1,2770,16556.0,16556.5,16551.0,16553.5,241,NQ.v.0
2021-11-19 12:37:00+00:00,33,1,2770,16553.25,16555.0,16550.25,16553.5,120,NQ.v.0
2021-11-19 12:38:00+00:00,33,1,2770,16554.0,16554.0,16550.5,16553.25,146,NQ.v.0
2021-11-19 12:39:00+00:00,33,1,2770,16553.0,16553.25,16546.0,16548.5,312,NQ.v.0
2021-11-19 12:40:00+00:00,33,1,2770,16548.5,16552.25,16547.25,16547.5,175,NQ.v.0
2021-11-19 12:41:00+00:00,33,1,2770,16547.25,16550.0,16546.75,16548.5,158,NQ.v.0
2021-11-19 12:42:00+00:00,33,1,2770,16548.25,16549.0,16546.0,16548.25,150,NQ.v.0
2021-11-19 12:43:00+00:00,33,1,2770,16548.25,16548.5,16542.5,16543.5,256,NQ.v.0
2021-11-19 12:44:00+00:00,33,1,2770,16543.75,16546.5,16541.5,16543.25,392,NQ.v.0
2021-11-19 12:45:00+00:00,33,1,2770,16543.0,16543.0,16537.0,16539.25,472,NQ.v.0
2021-11-19 12:46:00+00:00,33,1,2770,16540.0,16541.0,16535.25,16537.0,394,NQ.v.0
2021-11-19 12:47:00+00:00,33,1,2770,16536.75,16544.0,16536.75,16540.75,267,NQ.v.0
2021-11-19 12:48:00+00:00,33,1,2770,16541.25,16547.25,16540.25,16546.5,220,NQ.v.0
2021-11-19 12:49:00+00:00,33,1,2770,16546.5,16547.0,16543.25,16546.0,109,NQ.v.0
2021-11-19 12:50:00+00:00,33,1,2770,16547.0,16549.25,16546.25,16548.75,169,NQ.v.0
2021-11-19 12:51:00+00:00,33,1,2770,16548.5,16548.5,16546.0,16546.75,94,NQ.v.0
2021-11-19 12:52:00+00:00,33,1,2770,16546.5,16548.0,16543.5,16548.0,135,NQ.v.0
2021-11-19 12:53:00+00:00,33,1,2770,16548.0,16550.0,16545.5,16549.0,224,NQ.v.0
2021-11-19 12:54:00+00:00,33,1,2770,16548.5,16548.5,16543.5,16548.0,151,NQ.v.0
2021-11-19 12:55:00+00:00,33,1,2770,16547.75,16548.5,16546.25,16547.25,137,NQ.v.0
2021-11-19 12:56:00+00:00,33,1,2770,16547.75,16550.5,16546.25,16549.5,123,NQ.v.0
2021-11-19 12:57:00+00:00,33,1,2770,16549.5,16549.5,16544.25,16547.75,263,NQ.v.0
2021-11-19 12:58:00+00:00,33,1,2770,16547.5,16548.75,16546.25,16547.75,121,NQ.v.0
2021-11-19 12:59:00+00:00,33,1,2770,16547.5,16549.75,16547.0,16549.75,180,NQ.v.0
2021-11-19 13:00:00+00:00,33,1,2770,16550.0,16555.25,16548.5,16553.5,475,NQ.v.0
2021-11-19 13:01:00+00:00,33,1,2770,16553.75,16555.25,16551.25,16555.0,202,NQ.v.0
2021-11-19 13:02:00+00:00,33,1,2770,16555.0,16557.5,16554.5,16554.75,305,NQ.v.0
2021-11-19 13:03:00+00:00,33,1,2770,16555.5,16561.0,16555.0,16558.75,444,NQ.v.0
2021-11-19 13:04:00+00:00,33,1,2770,16559.0,16562.0,16558.0,16560.5,256,NQ.v.0
2021-11-19 13:05:00+00:00,33,1,2770,16560.25,16560.5,16555.5,16556.5,204,NQ.v.0
2021-11-19 13:06:00+00:00,33,1,2770,16556.5,16563.5,16556.5,16558.75,362,NQ.v.0
2021-11-19 13:07:00+00:00,33,1,2770,16558.75,16561.5,16556.75,16560.25,279,NQ.v.0
2021-11-19 13:08:00+00:00,33,1,2770,16560.0,16563.0,16555.0,16561.75,255,NQ.v.0
2021-11-19 13:09:00+00:00,33,1,2770,16561.5,16564.25,16559.75,16563.5,255,NQ.v.0
2021-11-19 13:10:00+00:00,33,1,2770,16563.75,16564.25,16555.25,16557.0,380,NQ.v.0
2021-11-19 13:11:00+00:00,33,1,2770,16556.75,16557.25,16551.25,16553.75,420,NQ.v.0
2021-11-19 13:12:00+00:00,33,1,2770,16554.0,16555.0,16548.75,16551.0,299,NQ.v.0
2021-11-19 13:13:00+00:00,33,1,2770,16551.25,16555.0,16550.5,16554.0,260,NQ.v.0
2021-11-19 13:14:00+00:00,33,1,2770,16554.25,16554.5,16550.0,16550.25,269,NQ.v.0
2021-11-19 13:15:00+00:00,33,1,2770,16550.5,16553.25,16549.0,16550.5,160,NQ.v.0
2021-11-19 13:16:00+00:00,33,1,2770,16550.25,16551.0,16543.0,16543.75,439,NQ.v.0
2021-11-19 13:17:00+00:00,33,1,2770,16543.75,16547.75,16542.25,16545.25,275,NQ.v.0
2021-11-19 13:18:00+00:00,33,1,2770,16545.25,16545.5,16541.75,16543.25,264,NQ.v.0
2021-11-19 13:19:00+00:00,33,1,2770,16543.5,16546.0,16543.25,16544.75,194,NQ.v.0
2021-11-19 13:20:00+00:00,33,1,2770,16545.0,16548.75,16544.25,16548.25,248,NQ.v.0
2021-11-19 13:21:00+00:00,33,1,2770,16548.75,16550.0,16545.0,16546.25,366,NQ.v.0
2021-11-19 13:22:00+00:00,33,1,2770,16546.25,16548.5,16544.75,16547.5,174,NQ.v.0
2021-11-19 13:23:00+00:00,33,1,2770,16547.0,16549.75,16546.25,16549.5,331,NQ.v.0
2021-11-19 13:24:00+00:00,33,1,2770,16549.75,16552.25,16546.25,16551.0,414,NQ.v.0
2021-11-19 13:25:00+00:00,33,1,2770,16551.0,16551.75,16548.0,16549.5,314,NQ.v.0
2021-11-19 13:26:00+00:00,33,1,2770,16549.25,16549.25,16542.0,16545.25,377,NQ.v.0
2021-11-19 13:27:00+00:00,33,1,2770,16545.75,16551.5,16545.5,16550.25,332,NQ.v.0
2021-11-19 13:28:00+00:00,33,1,2770,16551.0,16551.0,16546.5,16550.5,232,NQ.v.0
2021-11-19 13:29:00+00:00,33,1,2770,16549.75,16554.0,16549.0,16552.25,278,NQ.v.0
2021-11-19 13:30:00+00:00,33,1,2770,16552.0,16555.0,16551.75,16553.5,198,NQ.v.0
2021-11-19 13:31:00+00:00,33,1,2770,16553.5,16556.5,16550.25,16551.5,310,NQ.v.0
2021-11-19 13:32:00+00:00,33,1,2770,16551.5,16551.5,16547.0,16548.25,345,NQ.v.0
2021-11-19 13:33:00+00:00,33,1,2770,16548.75,16549.0,16546.0,16547.0,218,NQ.v.0
2021-11-19 13:34:00+00:00,33,1,2770,16547.0,16547.25,16542.25,16546.25,299,NQ.v.0
2021-11-19 13:35:00+00:00,33,1,2770,16546.0,16550.0,16545.0,16549.0,263,NQ.v.0
2021-11-19 13:36:00+00:00,33,1,2770,16549.0,16549.0,16545.75,16546.75,170,NQ.v.0
2021-11-19 13:37:00+00:00,33,1,2770,16546.5,16548.75,16545.25,16548.0,176,NQ.v.0
2021-11-19 13:38:00+00:00,33,1,2770,16548.0,16551.25,16545.75,16548.0,198,NQ.v.0
2021-11-19 13:39:00+00:00,33,1,2770,16548.25,16552.25,16547.25,16550.5,316,NQ.v.0
2021-11-19 13:40:00+00:00,33,1,2770,16550.25,16556.25,16549.0,16555.0,487,NQ.v.0
2021-11-19 13:41:00+00:00,33,1,2770,16554.75,16558.75,16554.5,16557.75,453,NQ.v.0
2021-11-19 13:42:00+00:00,33,1,2770,16557.75,16559.25,16554.25,16556.75,343,NQ.v.0
2021-11-19 13:43:00+00:00,33,1,2770,16556.75,16562.0,16554.5,16556.0,439,NQ.v.0
2021-11-19 13:44:00+00:00,33,1,2770,16556.25,16560.0,16555.75,16558.0,198,NQ.v.0
2021-11-19 13:45:00+00:00,33,1,2770,16559.0,16563.0,16558.5,16562.25,386,NQ.v.0
2021-11-19 13:46:00+00:00,33,1,2770,16562.0,16563.25,16560.5,16562.0,305,NQ.v.0
2021-11-19 13:47:00+00:00,33,1,2770,16561.5,16563.5,16560.0,16561.75,220,NQ.v.0
2021-11-19 13:48:00+00:00,33,1,2770,16561.5,16563.75,16559.0,16561.25,261,NQ.v.0
2021-11-19 13:49:00+00:00,33,1,2770,16561.5,16562.0,16558.75,16560.75,229,NQ.v.0
2021-11-19 13:50:00+00:00,33,1,2770,16560.25,16561.5,16556.25,16559.5,301,NQ.v.0
2021-11-19 13:51:00+00:00,33,1,2770,16559.25,16559.75,16556.75,16558.25,143,NQ.v.0
2021-11-19 13:52:00+00:00,33,1,2770,16558.0,16564.25,16557.5,16563.5,260,NQ.v.0
2021-11-19 13:53:00+00:00,33,1,2770,16563.25,16564.25,16561.75,16563.75,215,NQ.v.0
2021-11-19 13:54:00+00:00,33,1,2770,16564.25,16566.5,16562.5,16563.75,374,NQ.v.0
2021-11-19 13:55:00+00:00,33,1,2770,16564.25,16566.75,16564.0,16565.25,184,NQ.v.0
2021-11-19 13:56:00+00:00,33,1,2770,16565.5,16567.25,16563.5,16564.5,149,NQ.v.0
2021-11-19 13:57:00+00:00,33,1,2770,16565.0,16567.5,16564.0,16566.25,120,NQ.v.0
2021-11-19 13:58:00+00:00,33,1,2770,16566.5,16567.0,16563.75,16566.5,137,NQ.v.0
2021-11-19 13:59:00+00:00,33,1,2770,16567.0,16567.5,16563.25,16566.5,189,NQ.v.0
2021-11-19 14:00:00+00:00,33,1,2770,16566.25,16567.0,16559.0,16561.75,388,NQ.v.0
2021-11-19 14:01:00+00:00,33,1,2770,16561.75,16563.25,16558.5,16559.75,229,NQ.v.0
2021-11-19 14:02:00+00:00,33,1,2770,16559.75,16561.25,16557.75,16558.5,266,NQ.v.0
2021-11-19 14:03:00+00:00,33,1,2770,16559.25,16559.25,16557.0,16557.5,185,NQ.v.0
2021-11-19 14:04:00+00:00,33,1,2770,16557.75,16557.75,16553.75,16555.5,261,NQ.v.0
2021-11-19 14:05:00+00:00,33,1,2770,16555.5,16560.0,16555.25,16559.25,239,NQ.v.0
2021-11-19 14:06:00+00:00,33,1,2770,16559.5,16563.25,16558.5,16561.5,338,NQ.v.0
2021-11-19 14:07:00+00:00,33,1,2770,16561.25,16563.5,16561.0,16562.5,168,NQ.v.0
2021-11-19 14:08:00+00:00,33,1,2770,16562.5,16564.5,16560.75,16561.0,186,NQ.v.0
2021-11-19 14:09:00+00:00,33,1,2770,16561.25,16561.75,16558.5,16560.75,162,NQ.v.0
2021-11-19 14:10:00+00:00,33,1,2770,16560.25,16561.0,16558.0,16559.5,204,NQ.v.0
2021-11-19 14:11:00+00:00,33,1,2770,16559.25,16560.0,16555.75,16557.25,222,NQ.v.0
2021-11-19 14:12:00+00:00,33,1,2770,16557.25,16566.5,16557.25,16565.75,450,NQ.v.0
2021-11-19 14:13:00+00:00,33,1,2770,16565.25,16569.5,16558.5,16561.0,1889,NQ.v.0
2021-11-19 14:14:00+00:00,33,1,2770,16560.75,16562.5,16543.25,16547.0,1701,NQ.v.0
2021-11-19 14:15:00+00:00,33,1,2770,16547.75,16549.5,16530.25,16543.0,2754,NQ.v.0
2021-11-19 14:16:00+00:00,33,1,2770,16542.25,16549.0,16540.0,16540.75,971,NQ.v.0
2021-11-19 14:17:00+00:00,33,1,2770,16540.75,16544.0,16539.75,16541.5,495,NQ.v.0
2021-11-19 14:18:00+00:00,33,1,2770,16540.25,16550.0,16538.5,16547.25,579,NQ.v.0
2021-11-19 14:19:00+00:00,33,1,2770,16547.25,16550.75,16540.75,16541.25,575,NQ.v.0
2021-11-19 14:20:00+00:00,33,1,2770,16541.75,16551.25,16541.5,16545.5,430,NQ.v.0
2021-11-19 14:21:00+00:00,33,1,2770,16545.5,16547.75,16543.0,16547.0,313,NQ.v.0
2021-11-19 14:22:00+00:00,33,1,2770,16547.25,16551.0,16543.75,16550.5,520,NQ.v.0
2021-11-19 14:23:00+00:00,33,1,2770,16550.0,16552.5,16545.75,16546.0,390,NQ.v.0
2021-11-19 14:24:00+00:00,33,1,2770,16545.5,16546.0,16540.25,16541.5,477,NQ.v.0
2021-11-19 14:25:00+00:00,33,1,2770,16542.0,16557.25,16542.0,16553.0,1286,NQ.v.0
2021-11-19 14:26:00+00:00,33,1,2770,16553.5,16555.0,16549.25,16551.5,622,NQ.v.0
2021-11-19 14:27:00+00:00,33,1,2770,16551.5,16562.0,16549.25,16561.25,815,NQ.v.0
2021-11-19 14:28:00+00:00,33,1,2770,16561.25,16568.5,16557.75,16561.5,1697,NQ.v.0
2021-11-19 14:29:00+00:00,33,1,2770,16561.0,16562.0,16547.25,16549.5,1986,NQ.v.0
2021-11-19 14:30:00+00:00,33,1,2770,16549.0,16559.5,16537.75,16541.0,7187,NQ.v.0
2021-11-19 14:31:00+00:00,33,1,2770,16541.75,16545.25,16518.5,16519.5,4966,NQ.v.0
2021-11-19 14:32:00+00:00,33,1,2770,16519.25,16533.5,16516.25,16532.5,4064,NQ.v.0
2021-11-19 14:33:00+00:00,33,1,2770,16532.75,16533.5,16525.25,16527.5,2122,NQ.v.0
2021-11-19 14:34:00+00:00,33,1,2770,16528.0,16533.5,16524.0,16530.5,1858,NQ.v.0
2021-11-19 14:35:00+00:00,33,1,2770,16529.75,16542.25,16525.5,16541.25,2991,NQ.v.0
2021-11-19 14:36:00+00:00,33,1,2770,16541.25,16552.5,16539.0,16551.0,2519,NQ.v.0
2021-11-19 14:37:00+00:00,33,1,2770,16551.5,16562.0,16550.0,16556.25,2680,NQ.v.0
2021-11-19 14:38:00+00:00,33,1,2770,16556.0,16558.75,16546.0,16550.0,1648,NQ.v.0
2021-11-19 14:39:00+00:00,33,1,2770,16550.25,16560.0,16550.0,16556.5,1429,NQ.v.0
2021-11-19 14:40:00+00:00,33,1,2770,16556.5,16562.0,16544.0,16550.25,2363,NQ.v.0
2021-11-19 14:41:00+00:00,33,1,2770,16550.0,16554.5,16544.5,16546.5,1237,NQ.v.0
2021-11-19 14:42:00+00:00,33,1,2770,16546.5,16556.25,16545.0,16550.5,1340,NQ.v.0
2021-11-19 14:43:00+00:00,33,1,2770,16550.75,16559.5,16548.25,16556.0,1225,NQ.v.0
2021-11-19 14:44:00+00:00,33,1,2770,16556.5,16564.0,16555.5,16563.75,1465,NQ.v.0
2021-11-19 14:45:00+00:00,33,1,2770,16563.75,16576.5,16563.5,16574.0,2961,NQ.v.0
2021-11-19 14:46:00+00:00,33,1,2770,16574.25,16578.0,16556.0,16556.0,2236,NQ.v.0
2021-11-19 14:47:00+00:00,33,1,2770,16556.5,16565.25,16555.5,16560.75,1512,NQ.v.0
2021-11-19 14:48:00+00:00,33,1,2770,16560.75,16575.5,16560.25,16571.25,1874,NQ.v.0
2021-11-19 14:49:00+00:00,33,1,2770,16571.0,16583.25,16568.25,16580.25,1824,NQ.v.0
2021-11-19 14:50:00+00:00,33,1,2770,16580.25,16585.75,16575.0,16579.5,2018,NQ.v.0
2021-11-19 14:51:00+00:00,33,1,2770,16579.75,16581.5,16571.25,16573.25,1488,NQ.v.0
2021-11-19 14:52:00+00:00,33,1,2770,16573.0,16588.0,16572.5,16581.0,1804,NQ.v.0
2021-11-19 14:53:00+00:00,33,1,2770,16581.25,16584.25,16574.75,16576.0,1182,NQ.v.0
2021-11-19 14:54:00+00:00,33,1,2770,16576.0,16589.0,16575.25,16587.5,1502,NQ.v.0
2021-11-19 14:55:00+00:00,33,1,2770,16587.5,16587.75,16580.0,16584.0,1340,NQ.v.0
2021-11-19 14:56:00+00:00,33,1,2770,16583.25,16594.0,16580.0,16590.5,2509,NQ.v.0
2021-11-19 14:57:00+00:00,33,1,2770,16590.5,16609.5,16589.75,16603.5,4234,NQ.v.0
2021-11-19 14:58:00+00:00,33,1,2770,16603.0,16615.25,16603.0,16611.0,3081,NQ.v.0
2021-11-19 14:59:00+00:00,33,1,2770,16611.25,16616.0,16608.5,16612.5,1985,NQ.v.0
2021-11-19 15:00:00+00:00,33,1,2770,16613.0,16617.0,16600.25,16605.25,3768,NQ.v.0
2021-11-19 15:01:00+00:00,33,1,2770,16605.5,16607.75,16601.5,16604.75,1466,NQ.v.0
2021-11-19 15:02:00+00:00,33,1,2770,16604.75,16611.0,16600.75,16608.5,1491,NQ.v.0
2021-11-19 15:03:00+00:00,33,1,2770,16608.75,16613.25,16605.25,16606.25,1515,NQ.v.0
2021-11-19 15:04:00+00:00,33,1,2770,16606.0,16607.0,16588.5,16590.25,3035,NQ.v.0
2021-11-19 15:05:00+00:00,33,1,2770,16590.25,16599.75,16589.25,16594.75,2375,NQ.v.0
2021-11-19 15:06:00+00:00,33,1,2770,16594.5,16594.5,16574.5,16583.25,3230,NQ.v.0
2021-11-19 15:07:00+00:00,33,1,2770,16583.75,16597.5,16582.75,16591.0,2093,NQ.v.0
2021-11-19 15:08:00+00:00,33,1,2770,16591.25,16594.0,16583.5,16592.25,1435,NQ.v.0
2021-11-19 15:09:00+00:00,33,1,2770,16592.0,16595.0,16585.0,16586.5,1247,NQ.v.0
2021-11-19 15:10:00+00:00,33,1,2770,16586.5,16586.75,16571.0,16572.25,2329,NQ.v.0
2021-11-19 15:11:00+00:00,33,1,2770,16572.75,16579.75,16570.5,16578.75,1521,NQ.v.0
2021-11-19 15:12:00+00:00,33,1,2770,16578.25,16584.0,16577.0,16579.5,1201,NQ.v.0
2021-11-19 15:13:00+00:00,33,1,2770,16579.75,16589.25,16578.0,16587.5,1421,NQ.v.0
2021-11-19 15:14:00+00:00,33,1,2770,16587.5,16588.25,16582.5,16587.75,1254,NQ.v.0
2021-11-19 15:15:00+00:00,33,1,2770,16587.75,16593.5,16578.5,16579.25,1804,NQ.v.0
2021-11-19 15:16:00+00:00,33,1,2770,16580.0,16588.0,16576.5,16587.5,1270,NQ.v.0
2021-11-19 15:17:00+00:00,33,1,2770,16587.25,16596.0,16585.25,16587.75,1496,NQ.v.0
2021-11-19 15:18:00+00:00,33,1,2770,16588.0,16591.25,16584.75,16585.5,1025,NQ.v.0
2021-11-19 15:19:00+00:00,33,1,2770,16585.75,16593.5,16584.75,16590.25,819,NQ.v.0
2021-11-19 15:20:00+00:00,33,1,2770,16590.5,16596.0,16583.0,16585.0,1346,NQ.v.0
2021-11-19 15:21:00+00:00,33,1,2770,16584.75,16591.0,16582.5,16590.0,1174,NQ.v.0
2021-11-19 15:22:00+00:00,33,1,2770,16590.25,16596.75,16589.25,16593.0,1037,NQ.v.0
2021-11-19 15:23:00+00:00,33,1,2770,16593.0,16599.0,16589.75,16597.0,925,NQ.v.0
2021-11-19 15:24:00+00:00,33,1,2770,16596.5,16599.5,16587.75,16587.75,1191,NQ.v.0
2021-11-19 15:25:00+00:00,33,1,2770,16587.5,16590.0,16577.0,16578.25,1803,NQ.v.0
2021-11-19 15:26:00+00:00,33,1,2770,16578.25,16580.25,16562.5,16563.25,3113,NQ.v.0
2021-11-19 15:27:00+00:00,33,1,2770,16563.5,16565.25,16549.25,16554.5,3296,NQ.v.0
2021-11-19 15:28:00+00:00,33,1,2770,16554.25,16562.5,16550.75,16556.75,1762,NQ.v.0
2021-11-19 15:29:00+00:00,33,1,2770,16556.5,16562.0,16547.75,16548.0,1577,NQ.v.0
2021-11-19 15:30:00+00:00,33,1,2770,16548.25,16557.75,16546.5,16548.75,2320,NQ.v.0
2021-11-19 15:31:00+00:00,33,1,2770,16548.75,16557.0,16548.75,16551.25,1143,NQ.v.0
2021-11-19 15:32:00+00:00,33,1,2770,16551.25,16567.75,16551.25,16562.5,1678,NQ.v.0
2021-11-19 15:33:00+00:00,33,1,2770,16563.0,16569.0,16562.0,16565.75,1041,NQ.v.0
2021-11-19 15:34:00+00:00,33,1,2770,16566.25,16574.0,16565.5,16572.25,1411,NQ.v.0
2021-11-19 15:35:00+00:00,33,1,2770,16572.5,16573.0,16564.0,16565.5,1060,NQ.v.0
2021-11-19 15:36:00+00:00,33,1,2770,16565.75,16571.75,16561.75,16571.5,927,NQ.v.0
2021-11-19 15:37:00+00:00,33,1,2770,16571.5,16583.25,16570.75,16578.5,1757,NQ.v.0
2021-11-19 15:38:00+00:00,33,1,2770,16578.75,16585.25,16578.0,16580.5,1379,NQ.v.0
2021-11-19 15:39:00+00:00,33,1,2770,16580.0,16584.75,16579.75,16583.75,679,NQ.v.0
2021-11-19 15:40:00+00:00,33,1,2770,16583.5,16585.0,16578.5,16581.25,973,NQ.v.0
2021-11-19 15:41:00+00:00,33,1,2770,16581.5,16584.0,16578.75,16581.5,621,NQ.v.0
2021-11-19 15:42:00+00:00,33,1,2770,16581.75,16595.25,16581.5,16594.0,1707,NQ.v.0
2021-11-19 15:43:00+00:00,33,1,2770,16594.25,16595.5,16589.75,16595.5,954,NQ.v.0
2021-11-19 15:44:00+00:00,33,1,2770,16595.25,16597.0,16587.0,16589.25,991,NQ.v.0
2021-11-19 15:45:00+00:00,33,1,2770,16589.0,16590.75,16573.25,16580.0,2491,NQ.v.0
2021-11-19 15:46:00+00:00,33,1,2770,16579.75,16586.5,16574.25,16586.25,1176,NQ.v.0
2021-11-19 15:47:00+00:00,33,1,2770,16585.75,16589.75,16566.75,16566.75,1975,NQ.v.0
2021-11-19 15:48:00+00:00,33,1,2770,16567.0,16572.0,16560.5,16569.25,1563,NQ.v.0
2021-11-19 15:49:00+00:00,33,1,2770,16569.5,16577.25,16566.5,16577.25,1022,NQ.v.0
2021-11-19 15:50:00+00:00,33,1,2770,16577.5,16584.75,16573.75,16580.0,1310,NQ.v.0
2021-11-19 15:51:00+00:00,33,1,2770,16579.75,16582.5,16572.25,16574.75,1103,NQ.v.0
2021-11-19 15:52:00+00:00,33,1,2770,16574.5,16575.0,16565.0,16569.0,1119,NQ.v.0
2021-11-19 15:53:00+00:00,33,1,2770,16569.5,16570.0,16561.0,16567.5,1253,NQ.v.0
2021-11-19 15:54:00+00:00,33,1,2770,16567.75,16571.75,16567.0,16571.5,677,NQ.v.0
2021-11-19 15:55:00+00:00,33,1,2770,16571.25,16575.0,16565.0,16574.75,1157,NQ.v.0
2021-11-19 15:56:00+00:00,33,1,2770,16574.5,16576.75,16567.0,16569.5,1120,NQ.v.0
2021-11-19 15:57:00+00:00,33,1,2770,16569.5,16573.75,16565.75,16567.5,794,NQ.v.0
2021-11-19 15:58:00+00:00,33,1,2770,16567.25,16572.75,16565.5,16567.75,888,NQ.v.0
2021-11-19 15:59:00+00:00,33,1,2770,16567.25,16572.0,16564.25,16565.5,1021,NQ.v.0
2021-11-19 16:00:00+00:00,33,1,2770,16565.75,16571.5,16562.0,16568.75,1187,NQ.v.0
2021-11-19 16:01:00+00:00,33,1,2770,16568.75,16578.5,16565.5,16575.5,1349,NQ.v.0
2021-11-19 16:02:00+00:00,33,1,2770,16575.25,16583.5,16574.5,16582.25,985,NQ.v.0
2021-11-19 16:03:00+00:00,33,1,2770,16581.75,16583.25,16576.0,16580.25,858,NQ.v.0
2021-11-19 16:04:00+00:00,33,1,2770,16580.25,16588.25,16578.75,16588.0,1181,NQ.v.0
2021-11-19 16:05:00+00:00,33,1,2770,16588.5,16591.75,16584.0,16589.75,1382,NQ.v.0
2021-11-19 16:06:00+00:00,33,1,2770,16590.0,16590.25,16579.5,16582.25,1131,NQ.v.0
2021-11-19 16:07:00+00:00,33,1,2770,16581.75,16586.75,16577.5,16585.5,822,NQ.v.0
2021-11-19 16:08:00+00:00,33,1,2770,16585.0,16587.75,16581.25,16582.75,652,NQ.v.0
2021-11-19 16:09:00+00:00,33,1,2770,16583.0,16584.5,16580.25,16581.75,446,NQ.v.0
2021-11-19 16:10:00+00:00,33,1,2770,16581.5,16587.25,16579.0,16587.0,661,NQ.v.0
2021-11-19 16:11:00+00:00,33,1,2770,16587.25,16590.5,16584.0,16588.25,750,NQ.v.0
2021-11-19 16:12:00+00:00,33,1,2770,16588.5,16590.5,16584.75,16589.75,672,NQ.v.0
2021-11-19 16:13:00+00:00,33,1,2770,16589.75,16592.0,16587.75,16591.25,611,NQ.v.0
2021-11-19 16:14:00+00:00,33,1,2770,16591.75,16592.25,16585.5,16587.0,583,NQ.v.0
2021-11-19 16:15:00+00:00,33,1,2770,16586.75,16592.75,16585.5,16592.75,675,NQ.v.0
2021-11-19 16:16:00+00:00,33,1,2770,16593.0,16595.0,16590.75,16595.0,681,NQ.v.0
2021-11-19 16:17:00+00:00,33,1,2770,16595.5,16603.75,16592.75,16602.25,1613,NQ.v.0
2021-11-19 16:18:00+00:00,33,1,2770,16602.75,16603.25,16596.75,16599.5,1054,NQ.v.0
2021-11-19 16:19:00+00:00,33,1,2770,16599.25,16599.5,16594.0,16595.25,505,NQ.v.0
2021-11-19 16:20:00+00:00,33,1,2770,16595.5,16599.25,16594.25,16595.25,537,NQ.v.0
2021-11-19 16:21:00+00:00,33,1,2770,16595.75,16595.75,16586.0,16589.75,1203,NQ.v.0
2021-11-19 16:22:00+00:00,33,1,2770,16589.5,16595.25,16589.0,16595.25,540,NQ.v.0
2021-11-19 16:23:00+00:00,33,1,2770,16595.25,16598.25,16593.5,16595.5,516,NQ.v.0
2021-11-19 16:24:00+00:00,33,1,2770,16594.75,16600.75,16592.75,16593.25,763,NQ.v.0
2021-11-19 16:25:00+00:00,33,1,2770,16593.5,16600.5,16591.25,16599.5,617,NQ.v.0
2021-11-19 16:26:00+00:00,33,1,2770,16599.5,16602.75,16594.0,16594.75,812,NQ.v.0
2021-11-19 16:27:00+00:00,33,1,2770,16595.0,16596.75,16587.5,16590.75,811,NQ.v.0
2021-11-19 16:28:00+00:00,33,1,2770,16590.25,16602.25,16589.5,16601.75,959,NQ.v.0
2021-11-19 16:29:00+00:00,33,1,2770,16602.0,16607.25,16600.5,16607.25,970,NQ.v.0
2021-11-19 16:30:00+00:00,33,1,2770,16607.25,16615.5,16607.25,16611.25,1632,NQ.v.0
2021-11-19 16:31:00+00:00,33,1,2770,16611.5,16612.0,16599.25,16600.5,1210,NQ.v.0
2021-11-19 16:32:00+00:00,33,1,2770,16600.5,16604.5,16599.0,16602.0,721,NQ.v.0
2021-11-19 16:33:00+00:00,33,1,2770,16601.5,16605.75,16595.75,16601.0,929,NQ.v.0
2021-11-19 16:34:00+00:00,33,1,2770,16600.5,16603.5,16598.5,16602.5,807,NQ.v.0
2021-11-19 16:35:00+00:00,33,1,2770,16602.5,16612.25,16602.5,16609.75,1061,NQ.v.0
2021-11-19 16:36:00+00:00,33,1,2770,16609.25,16613.5,16608.5,16611.0,711,NQ.v.0
2021-11-19 16:37:00+00:00,33,1,2770,16611.0,16626.25,16610.75,16625.75,2558,NQ.v.0
2021-11-19 16:38:00+00:00,33,1,2770,16625.75,16625.75,16616.0,16621.75,1363,NQ.v.0
2021-11-19 16:39:00+00:00,33,1,2770,16621.5,16622.25,16614.75,16618.0,984,NQ.v.0
2021-11-19 16:40:00+00:00,33,1,2770,16618.25,16619.5,16610.25,16610.75,1285,NQ.v.0
2021-11-19 16:41:00+00:00,33,1,2770,16610.75,16615.5,16607.0,16615.25,1010,NQ.v.0
2021-11-19 16:42:00+00:00,33,1,2770,16615.25,16619.0,16612.75,16614.25,959,NQ.v.0
2021-11-19 16:43:00+00:00,33,1,2770,16614.25,16614.5,16609.5,16613.25,956,NQ.v.0
2021-11-19 16:44:00+00:00,33,1,2770,16613.0,16613.5,16609.0,16610.0,600,NQ.v.0
2021-11-19 16:45:00+00:00,33,1,2770,16610.5,16612.0,16607.25,16609.5,722,NQ.v.0
2021-11-19 16:46:00+00:00,33,1,2770,16609.25,16615.5,16609.25,16612.5,637,NQ.v.0
2021-11-19 16:47:00+00:00,33,1,2770,16612.25,16612.75,16606.0,16608.75,969,NQ.v.0
2021-11-19 16:48:00+00:00,33,1,2770,16608.5,16611.0,16606.5,16607.75,717,NQ.v.0
2021-11-19 16:49:00+00:00,33,1,2770,16607.75,16610.5,16605.0,16606.0,673,NQ.v.0
2021-11-19 16:50:00+00:00,33,1,2770,16606.5,16613.25,16604.0,16612.5,905,NQ.v.0
2021-11-19 16:51:00+00:00,33,1,2770,16612.25,16612.25,16606.5,16610.0,816,NQ.v.0
2021-11-19 16:52:00+00:00,33,1,2770,16609.75,16614.25,16609.0,16610.75,483,NQ.v.0
2021-11-19 16:53:00+00:00,33,1,2770,16610.5,16611.0,16601.75,16602.25,915,NQ.v.0
2021-11-19 16:54:00+00:00,33,1,2770,16602.5,16603.5,16599.5,16602.25,849,NQ.v.0
2021-11-19 16:55:00+00:00,33,1,2770,16602.25,16604.5,16599.5,16602.75,884,NQ.v.0
2021-11-19 16:56:00+00:00,33,1,2770,16602.5,16603.0,16595.0,16600.75,920,NQ.v.0
2021-11-19 16:57:00+00:00,33,1,2770,16600.75,16606.75,16599.5,16603.0,694,NQ.v.0
2021-11-19 16:58:00+00:00,33,1,2770,16603.25,16607.0,16603.0,16604.75,587,NQ.v.0
2021-11-19 16:59:00+00:00,33,1,2770,16605.0,16608.0,16602.75,16603.5,493,NQ.v.0
2021-11-19 17:00:00+00:00,33,1,2770,16603.75,16606.25,16602.75,16606.25,568,NQ.v.0
2021-11-19 17:01:00+00:00,33,1,2770,16606.5,16609.0,16605.75,16607.75,581,NQ.v.0
2021-11-19 17:02:00+00:00,33,1,2770,16607.75,16608.0,16605.0,16608.0,364,NQ.v.0
2021-11-19 17:03:00+00:00,33,1,2770,16608.0,16609.0,16605.25,16608.5,499,NQ.v.0
2021-11-19 17:04:00+00:00,33,1,2770,16608.5,16608.5,16602.75,16605.5,640,NQ.v.0
2021-11-19 17:05:00+00:00,33,1,2770,16605.25,16610.5,16604.5,16610.0,550,NQ.v.0
2021-11-19 17:06:00+00:00,33,1,2770,16610.25,16611.0,16605.75,16609.5,518,NQ.v.0
2021-11-19 17:07:00+00:00,33,1,2770,16609.25,16612.5,16608.25,16611.0,440,NQ.v.0
2021-11-19 17:08:00+00:00,33,1,2770,16611.0,16612.75,16604.25,16604.25,704,NQ.v.0
2021-11-19 17:09:00+00:00,33,1,2770,16604.25,16608.0,16603.0,16603.75,572,NQ.v.0
2021-11-19 17:10:00+00:00,33,1,2770,16604.0,16612.5,16603.25,16612.0,690,NQ.v.0
2021-11-19 17:11:00+00:00,33,1,2770,16611.75,16617.0,16611.0,16614.0,920,NQ.v.0
2021-11-19 17:12:00+00:00,33,1,2770,16614.0,16615.5,16611.5,16613.5,591,NQ.v.0
2021-11-19 17:13:00+00:00,33,1,2770,16613.75,16616.5,16613.0,16616.5,462,NQ.v.0
2021-11-19 17:14:00+00:00,33,1,2770,16616.5,16619.5,16615.25,16617.0,804,NQ.v.0
2021-11-19 17:15:00+00:00,33,1,2770,16616.75,16617.0,16610.25,16611.75,655,NQ.v.0
2021-11-19 17:16:00+00:00,33,1,2770,16612.0,16613.0,16609.0,16609.25,392,NQ.v.0
2021-11-19 17:17:00+00:00,33,1,2770,16609.75,16612.0,16609.0,16610.5,464,NQ.v.0
2021-11-19 17:18:00+00:00,33,1,2770,16610.25,16610.75,16604.75,16605.5,617,NQ.v.0
2021-11-19 17:19:00+00:00,33,1,2770,16605.75,16606.25,16598.0,16603.25,1086,NQ.v.0
2021-11-19 17:20:00+00:00,33,1,2770,16603.25,16603.5,16597.5,16599.0,795,NQ.v.0
2021-11-19 17:21:00+00:00,33,1,2770,16599.25,16607.25,16598.75,16607.0,812,NQ.v.0
2021-11-19 17:22:00+00:00,33,1,2770,16607.0,16607.75,16604.25,16605.75,477,NQ.v.0
2021-11-19 17:23:00+00:00,33,1,2770,16605.75,16606.5,16601.75,16605.25,318,NQ.v.0
2021-11-19 17:24:00+00:00,33,1,2770,16605.25,16607.5,16605.0,16606.5,297,NQ.v.0
2021-11-19 17:25:00+00:00,33,1,2770,16606.25,16610.0,16605.0,16605.75,452,NQ.v.0
2021-11-19 17:26:00+00:00,33,1,2770,16606.0,16608.0,16603.75,16607.75,248,NQ.v.0
2021-11-19 17:27:00+00:00,33,1,2770,16607.75,16608.0,16605.25,16607.5,220,NQ.v.0
2021-11-19 17:28:00+00:00,33,1,2770,16607.25,16609.5,16606.75,16608.75,201,NQ.v.0
2021-11-19 17:29:00+00:00,33,1,2770,16609.0,16609.25,16606.75,16607.0,245,NQ.v.0
2021-11-19 17:30:00+00:00,33,1,2770,16607.25,16613.0,16606.5,16610.0,616,NQ.v.0
2021-11-19 17:31:00+00:00,33,1,2770,16610.25,16614.5,16610.0,16614.25,654,NQ.v.0
2021-11-19 17:32:00+00:00,33,1,2770,16614.0,16614.0,16610.25,16611.25,375,NQ.v.0
2021-11-19 17:33:00+00:00,33,1,2770,16611.0,16612.75,16609.75,16612.25,349,NQ.v.0
2021-11-19 17:34:00+00:00,33,1,2770,16612.75,16614.75,16612.0,16614.75,528,NQ.v.0
2021-11-19 17:35:00+00:00,33,1,2770,16614.5,16616.0,16613.5,16615.25,595,NQ.v.0
2021-11-19 17:36:00+00:00,33,1,2770,16615.25,16618.0,16614.5,16616.25,728,NQ.v.0
2021-11-19 17:37:00+00:00,33,1,2770,16616.5,16627.75,16615.5,16626.0,1723,NQ.v.0
2021-11-19 17:38:00+00:00,33,1,2770,16626.5,16628.5,16615.5,16619.75,1402,NQ.v.0
2021-11-19 17:39:00+00:00,33,1,2770,16619.75,16619.75,16608.25,16612.5,1470,NQ.v.0
2021-11-19 17:40:00+00:00,33,1,2770,16613.0,16613.0,16601.5,16601.5,1302,NQ.v.0
2021-11-19 17:41:00+00:00,33,1,2770,16602.0,16603.25,16588.0,16600.75,2568,NQ.v.0
2021-11-19 17:42:00+00:00,33,1,2770,16600.75,16603.75,16597.75,16602.0,851,NQ.v.0
2021-11-19 17:43:00+00:00,33,1,2770,16602.25,16603.75,16598.75,16602.75,665,NQ.v.0
2021-11-19 17:44:00+00:00,33,1,2770,16603.0,16603.75,16597.75,16600.25,880,NQ.v.0
2021-11-19 17:45:00+00:00,33,1,2770,16600.5,16601.75,16595.0,16595.0,955,NQ.v.0
2021-11-19 17:46:00+00:00,33,1,2770,16595.25,16596.75,16591.5,16594.25,917,NQ.v.0
2021-11-19 17:47:00+00:00,33,1,2770,16594.25,16595.0,16588.75,16589.25,715,NQ.v.0
2021-11-19 17:48:00+00:00,33,1,2770,16589.25,16591.5,16586.25,16590.75,813,NQ.v.0
2021-11-19 17:49:00+00:00,33,1,2770,16591.5,16595.25,16590.25,16593.0,701,NQ.v.0
2021-11-19 17:50:00+00:00,33,1,2770,16593.25,16596.25,16590.5,16595.0,584,NQ.v.0
2021-11-19 17:51:00+00:00,33,1,2770,16595.25,16597.5,16593.5,16597.25,406,NQ.v.0
2021-11-19 17:52:00+00:00,33,1,2770,16597.0,16600.5,16595.25,16600.0,742,NQ.v.0
2021-11-19 17:53:00+00:00,33,1,2770,16600.0,16603.25,16597.0,16597.0,945,NQ.v.0
2021-11-19 17:54:00+00:00,33,1,2770,16597.0,16602.0,16593.25,16601.25,851,NQ.v.0
2021-11-19 17:55:00+00:00,33,1,2770,16601.0,16603.75,16599.25,16599.5,558,NQ.v.0
2021-11-19 17:56:00+00:00,33,1,2770,16599.5,16600.75,16594.75,16595.0,767,NQ.v.0
2021-11-19 17:57:00+00:00,33,1,2770,16595.25,16599.5,16595.25,16596.25,590,NQ.v.0
2021-11-19 17:58:00+00:00,33,1,2770,16596.5,16596.5,16590.75,16594.5,617,NQ.v.0
2021-11-19 17:59:00+00:00,33,1,2770,16594.25,16595.0,16590.0,16591.0,529,NQ.v.0
2021-11-19 18:00:00+00:00,33,1,2770,16590.75,16593.0,16584.0,16587.5,1329,NQ.v.0
2021-11-19 18:01:00+00:00,33,1,2770,16587.75,16589.25,16585.75,16586.75,677,NQ.v.0
2021-11-19 18:02:00+00:00,33,1,2770,16586.75,16596.75,16586.75,16594.75,801,NQ.v.0
2021-11-19 18:03:00+00:00,33,1,2770,16595.0,16598.0,16593.75,16598.0,899,NQ.v.0
2021-11-19 18:04:00+00:00,33,1,2770,16598.0,16598.0,16594.25,16597.25,663,NQ.v.0
2021-11-19 18:05:00+00:00,33,1,2770,16596.75,16603.5,16596.5,16600.75,943,NQ.v.0
2021-11-19 18:06:00+00:00,33,1,2770,16600.75,16604.0,16600.75,16601.75,545,NQ.v.0
2021-11-19 18:07:00+00:00,33,1,2770,16601.5,16602.5,16597.75,16598.5,458,NQ.v.0
2021-11-19 18:08:00+00:00,33,1,2770,16598.75,16604.0,16598.25,16601.25,655,NQ.v.0
2021-11-19 18:09:00+00:00,33,1,2770,16601.5,16606.75,16601.5,16604.25,799,NQ.v.0
2021-11-19 18:10:00+00:00,33,1,2770,16604.5,16607.0,16598.0,16599.0,811,NQ.v.0
2021-11-19 18:11:00+00:00,33,1,2770,16599.5,16609.75,16598.5,16608.0,1156,NQ.v.0
2021-11-19 18:12:00+00:00,33,1,2770,16608.25,16609.25,16602.75,16605.75,701,NQ.v.0
2021-11-19 18:13:00+00:00,33,1,2770,16605.75,16606.25,16597.0,16598.75,836,NQ.v.0
2021-11-19 18:14:00+00:00,33,1,2770,16599.0,16601.25,16591.75,16600.0,2045,NQ.v.0
2021-11-19 18:15:00+00:00,33,1,2770,16599.75,16605.0,16592.25,16593.75,1128,NQ.v.0
2021-11-19 18:16:00+00:00,33,1,2770,16593.75,16593.75,16585.25,16585.25,1043,NQ.v.0
2021-11-19 18:17:00+00:00,33,1,2770,16585.25,16585.5,16575.5,16582.0,1851,NQ.v.0
2021-11-19 18:18:00+00:00,33,1,2770,16582.25,16587.25,16580.0,16587.0,700,NQ.v.0
2021-11-19 18:19:00+00:00,33,1,2770,16586.75,16590.0,16585.0,16585.5,600,NQ.v.0
2021-11-19 18:20:00+00:00,33,1,2770,16585.25,16585.75,16580.0,16583.25,759,NQ.v.0
2021-11-19 18:21:00+00:00,33,1,2770,16583.25,16587.5,16581.75,16586.0,698,NQ.v.0
2021-11-19 18:22:00+00:00,33,1,2770,16585.75,16588.25,16584.0,16587.5,522,NQ.v.0
2021-11-19 18:23:00+00:00,33,1,2770,16587.5,16589.25,16580.75,16586.25,726,NQ.v.0
2021-11-19 18:24:00+00:00,33,1,2770,16586.5,16587.75,16584.0,16587.0,317,NQ.v.0
2021-11-19 18:25:00+00:00,33,1,2770,16587.25,16588.0,16581.75,16582.25,485,NQ.v.0
2021-11-19 18:26:00+00:00,33,1,2770,16582.25,16587.0,16581.0,16581.0,475,NQ.v.0
2021-11-19 18:27:00+00:00,33,1,2770,16581.0,16583.75,16576.5,16579.0,882,NQ.v.0
2021-11-19 18:28:00+00:00,33,1,2770,16579.0,16579.25,16562.0,16563.5,2452,NQ.v.0
2021-11-19 18:29:00+00:00,33,1,2770,16563.75,16564.25,16558.5,16560.25,1500,NQ.v.0
2021-11-19 18:30:00+00:00,33,1,2770,16560.25,16570.0,16556.75,16570.0,1501,NQ.v.0
2021-11-19 18:31:00+00:00,33,1,2770,16569.5,16572.0,16566.5,16570.25,867,NQ.v.0
2021-11-19 18:32:00+00:00,33,1,2770,16570.0,16572.0,16563.75,16564.5,659,NQ.v.0
2021-11-19 18:33:00+00:00,33,1,2770,16564.5,16566.25,16561.25,16562.25,548,NQ.v.0
2021-11-19 18:34:00+00:00,33,1,2770,16562.5,16565.25,16559.25,16563.5,629,NQ.v.0
2021-11-19 18:35:00+00:00,33,1,2770,16564.0,16566.75,16554.25,16557.25,1171,NQ.v.0
2021-11-19 18:36:00+00:00,33,1,2770,16557.5,16561.0,16553.5,16555.5,721,NQ.v.0
2021-11-19 18:37:00+00:00,33,1,2770,16555.75,16558.75,16552.75,16554.0,808,NQ.v.0
2021-11-19 18:38:00+00:00,33,1,2770,16554.0,16557.0,16551.25,16552.0,647,NQ.v.0
2021-11-19 18:39:00+00:00,33,1,2770,16551.5,16552.0,16541.75,16549.75,2352,NQ.v.0
2021-11-19 18:40:00+00:00,33,1,2770,16549.5,16549.75,16533.5,16542.25,2056,NQ.v.0
2021-11-19 18:41:00+00:00,33,1,2770,16542.5,16548.5,16542.0,16546.5,1151,NQ.v.0
2021-11-19 18:42:00+00:00,33,1,2770,16546.25,16555.0,16543.5,16554.0,1047,NQ.v.0
2021-11-19 18:43:00+00:00,33,1,2770,16553.5,16558.75,16551.0,16555.0,1099,NQ.v.0
2021-11-19 18:44:00+00:00,33,1,2770,16554.75,16557.75,16553.75,16556.25,528,NQ.v.0
2021-11-19 18:45:00+00:00,33,1,2770,16556.0,16556.25,16547.5,16554.5,1146,NQ.v.0
2021-11-19 18:46:00+00:00,33,1,2770,16554.25,16556.5,16550.25,16553.75,650,NQ.v.0
2021-11-19 18:47:00+00:00,33,1,2770,16553.75,16553.75,16545.5,16546.5,521,NQ.v.0
2021-11-19 18:48:00+00:00,33,1,2770,16546.0,16555.0,16545.5,16554.25,592,NQ.v.0
2021-11-19 18:49:00+00:00,33,1,2770,16554.0,16559.5,16549.75,16558.5,779,NQ.v.0
2021-11-19 18:50:00+00:00,33,1,2770,16558.25,16570.0,16557.5,16570.0,1612,NQ.v.0
2021-11-19 18:51:00+00:00,33,1,2770,16569.75,16571.25,16566.0,16570.25,872,NQ.v.0
2021-11-19 18:52:00+00:00,33,1,2770,16570.25,16572.5,16567.5,16571.5,778,NQ.v.0
2021-11-19 18:53:00+00:00,33,1,2770,16571.5,16574.75,16570.75,16573.75,653,NQ.v.0
2021-11-19 18:54:00+00:00,33,1,2770,16573.25,16578.5,16573.0,16577.0,694,NQ.v.0
2021-11-19 18:55:00+00:00,33,1,2770,16576.75,16579.25,16572.75,16573.25,902,NQ.v.0
2021-11-19 18:56:00+00:00,33,1,2770,16573.75,16576.5,16573.25,16574.0,491,NQ.v.0
2021-11-19 18:57:00+00:00,33,1,2770,16574.0,16575.75,16572.0,16575.25,424,NQ.v.0
2021-11-19 18:58:00+00:00,33,1,2770,16574.75,16583.5,16574.5,16581.75,1375,NQ.v.0
2021-11-19 18:59:00+00:00,33,1,2770,16581.5,16581.5,16577.25,16581.0,598,NQ.v.0
2021-11-19 19:00:00+00:00,33,1,2770,16581.25,16583.25,16574.25,16575.25,747,NQ.v.0
2021-11-19 19:01:00+00:00,33,1,2770,16575.75,16584.0,16574.75,16581.5,803,NQ.v.0
2021-11-19 19:02:00+00:00,33,1,2770,16581.25,16584.25,16580.25,16582.25,591,NQ.v.0
2021-11-19 19:03:00+00:00,33,1,2770,16582.0,16583.75,16576.0,16578.75,691,NQ.v.0
2021-11-19 19:04:00+00:00,33,1,2770,16578.5,16580.75,16573.0,16575.0,839,NQ.v.0
2021-11-19 19:05:00+00:00,33,1,2770,16575.25,16580.25,16573.0,16579.5,740,NQ.v.0
2021-11-19 19:06:00+00:00,33,1,2770,16579.25,16579.5,16573.0,16574.25,469,NQ.v.0
2021-11-19 19:07:00+00:00,33,1,2770,16573.75,16576.25,16571.75,16574.5,562,NQ.v.0
2021-11-19 19:08:00+00:00,33,1,2770,16574.0,16578.5,16572.75,16575.0,452,NQ.v.0
2021-11-19 19:09:00+00:00,33,1,2770,16575.5,16578.75,16575.5,16577.25,335,NQ.v.0
2021-11-19 19:10:00+00:00,33,1,2770,16576.75,16578.25,16574.75,16576.25,421,NQ.v.0
2021-11-19 19:11:00+00:00,33,1,2770,16576.75,16586.75,16576.75,16585.0,960,NQ.v.0
2021-11-19 19:12:00+00:00,33,1,2770,16584.5,16585.0,16580.75,16582.0,462,NQ.v.0
2021-11-19 19:13:00+00:00,33,1,2770,16582.25,16584.25,16578.75,16580.75,475,NQ.v.0
2021-11-19 19:14:00+00:00,33,1,2770,16581.25,16581.75,16578.75,16580.25,295,NQ.v.0
2021-11-19 19:15:00+00:00,33,1,2770,16580.25,16583.75,16578.25,16579.0,576,NQ.v.0
2021-11-19 19:16:00+00:00,33,1,2770,16578.75,16582.5,16576.75,16580.0,565,NQ.v.0
2021-11-19 19:17:00+00:00,33,1,2770,16580.0,16581.0,16577.75,16580.5,238,NQ.v.0
2021-11-19 19:18:00+00:00,33,1,2770,16579.75,16590.0,16579.75,16587.75,912,NQ.v.0
2021-11-19 19:19:00+00:00,33,1,2770,16588.0,16589.0,16580.0,16582.75,760,NQ.v.0
2021-11-19 19:20:00+00:00,33,1,2770,16583.0,16586.75,16583.0,16586.75,512,NQ.v.0
2021-11-19 19:21:00+00:00,33,1,2770,16587.0,16591.25,16583.25,16591.0,792,NQ.v.0
2021-11-19 19:22:00+00:00,33,1,2770,16590.5,16590.75,16586.5,16587.25,449,NQ.v.0
2021-11-19 19:23:00+00:00,33,1,2770,16587.0,16588.75,16583.25,16588.75,423,NQ.v.0
2021-11-19 19:24:00+00:00,33,1,2770,16589.0,16592.0,16587.75,16589.0,473,NQ.v.0
2021-11-19 19:25:00+00:00,33,1,2770,16589.5,16591.5,16587.25,16588.25,508,NQ.v.0
2021-11-19 19:26:00+00:00,33,1,2770,16588.5,16590.75,16586.25,16587.25,396,NQ.v.0
2021-11-19 19:27:00+00:00,33,1,2770,16587.25,16587.75,16582.75,16583.75,472,NQ.v.0
2021-11-19 19:28:00+00:00,33,1,2770,16583.5,16585.75,16581.25,16582.5,491,NQ.v.0
2021-11-19 19:29:00+00:00,33,1,2770,16582.5,16583.75,16576.5,16576.75,592,NQ.v.0
2021-11-19 19:30:00+00:00,33,1,2770,16576.5,16588.5,16576.5,16588.25,963,NQ.v.0
2021-11-19 19:31:00+00:00,33,1,2770,16588.5,16589.75,16584.0,16585.25,585,NQ.v.0
2021-11-19 19:32:00+00:00,33,1,2770,16585.0,16585.5,16578.25,16579.0,673,NQ.v.0
2021-11-19 19:33:00+00:00,33,1,2770,16578.75,16579.25,16569.0,16570.5,1395,NQ.v.0
2021-11-19 19:34:00+00:00,33,1,2770,16570.5,16574.75,16565.75,16573.5,983,NQ.v.0
2021-11-19 19:35:00+00:00,33,1,2770,16573.0,16575.25,16570.75,16573.0,653,NQ.v.0
2021-11-19 19:36:00+00:00,33,1,2770,16572.75,16581.75,16571.25,16579.0,954,NQ.v.0
2021-11-19 19:37:00+00:00,33,1,2770,16578.75,16580.25,16575.5,16576.0,422,NQ.v.0
2021-11-19 19:38:00+00:00,33,1,2770,16576.5,16577.25,16571.0,16573.0,453,NQ.v.0
2021-11-19 19:39:00+00:00,33,1,2770,16573.5,16574.25,16571.0,16573.25,312,NQ.v.0
2021-11-19 19:40:00+00:00,33,1,2770,16573.0,16575.25,16570.75,16574.5,347,NQ.v.0
2021-11-19 19:41:00+00:00,33,1,2770,16574.5,16583.75,16574.5,16583.5,682,NQ.v.0
2021-11-19 19:42:00+00:00,33,1,2770,16584.0,16585.5,16579.0,16581.25,608,NQ.v.0
2021-11-19 19:43:00+00:00,33,1,2770,16580.75,16585.25,16578.75,16583.75,386,NQ.v.0
2021-11-19 19:44:00+00:00,33,1,2770,16583.0,16585.5,16582.25,16582.75,458,NQ.v.0
2021-11-19 19:45:00+00:00,33,1,2770,16583.25,16588.0,16579.75,16586.5,642,NQ.v.0
2021-11-19 19:46:00+00:00,33,1,2770,16586.5,16588.75,16583.25,16584.5,470,NQ.v.0
2021-11-19 19:47:00+00:00,33,1,2770,16584.75,16587.5,16579.25,16581.25,570,NQ.v.0
2021-11-19 19:48:00+00:00,33,1,2770,16580.75,16583.25,16579.75,16582.25,303,NQ.v.0
2021-11-19 19:49:00+00:00,33,1,2770,16582.25,16582.25,16577.5,16581.75,290,NQ.v.0
2021-11-19 19:50:00+00:00,33,1,2770,16582.0,16583.25,16577.75,16582.0,402,NQ.v.0
2021-11-19 19:51:00+00:00,33,1,2770,16582.5,16588.5,16582.0,16587.25,455,NQ.v.0
2021-11-19 19:52:00+00:00,33,1,2770,16586.75,16588.0,16584.0,16586.0,371,NQ.v.0
2021-11-19 19:53:00+00:00,33,1,2770,16585.5,16589.0,16583.75,16585.75,395,NQ.v.0
2021-11-19 19:54:00+00:00,33,1,2770,16586.25,16591.25,16586.25,16590.5,447,NQ.v.0
2021-11-19 19:55:00+00:00,33,1,2770,16590.75,16591.5,16586.5,16586.5,383,NQ.v.0
2021-11-19 19:56:00+00:00,33,1,2770,16586.75,16587.25,16577.25,16584.75,882,NQ.v.0
2021-11-19 19:57:00+00:00,33,1,2770,16585.25,16587.75,16582.75,16583.75,301,NQ.v.0
2021-11-19 19:58:00+00:00,33,1,2770,16583.75,16585.0,16582.5,16584.25,233,NQ.v.0
2021-11-19 19:59:00+00:00,33,1,2770,16584.0,16584.5,16579.25,16583.0,411,NQ.v.0
2021-11-19 20:00:00+00:00,33,1,2770,16582.25,16583.0,16576.0,16580.25,781,NQ.v.0
2021-11-19 20:01:00+00:00,33,1,2770,16580.5,16587.25,16580.25,16585.5,601,NQ.v.0
2021-11-19 20:02:00+00:00,33,1,2770,16585.75,16587.75,16582.25,16584.5,445,NQ.v.0
2021-11-19 20:03:00+00:00,33,1,2770,16584.25,16584.25,16577.25,16580.25,553,NQ.v.0
2021-11-19 20:04:00+00:00,33,1,2770,16580.0,16581.0,16574.5,16577.0,503,NQ.v.0
2021-11-19 20:05:00+00:00,33,1,2770,16577.25,16578.0,16572.0,16574.25,573,NQ.v.0
2021-11-19 20:06:00+00:00,33,1,2770,16573.75,16579.5,16572.0,16579.5,561,NQ.v.0
2021-11-19 20:07:00+00:00,33,1,2770,16578.75,16579.75,16574.25,16578.25,483,NQ.v.0
2021-11-19 20:08:00+00:00,33,1,2770,16578.25,16583.25,16576.75,16582.5,512,NQ.v.0
2021-11-19 20:09:00+00:00,33,1,2770,16582.25,16583.75,16579.0,16581.75,362,NQ.v.0
2021-11-19 20:10:00+00:00,33,1,2770,16582.0,16582.0,16572.0,16573.75,959,NQ.v.0
2021-11-19 20:11:00+00:00,33,1,2770,16573.5,16578.0,16571.5,16576.25,401,NQ.v.0
2021-11-19 20:12:00+00:00,33,1,2770,16576.5,16577.75,16574.0,16575.0,317,NQ.v.0
2021-11-19 20:13:00+00:00,33,1,2770,16575.0,16576.75,16574.5,16575.75,234,NQ.v.0
2021-11-19 20:14:00+00:00,33,1,2770,16576.0,16576.25,16566.75,16569.5,896,NQ.v.0
2021-11-19 20:15:00+00:00,33,1,2770,16569.0,16570.75,16565.5,16568.25,640,NQ.v.0
2021-11-19 20:16:00+00:00,33,1,2770,16568.25,16571.75,16565.75,16566.0,651,NQ.v.0
2021-11-19 20:17:00+00:00,33,1,2770,16565.75,16567.25,16561.0,16562.0,818,NQ.v.0
2021-11-19 20:18:00+00:00,33,1,2770,16561.75,16568.0,16561.25,16567.25,605,NQ.v.0
2021-11-19 20:19:00+00:00,33,1,2770,16567.25,16571.0,16566.25,16569.75,588,NQ.v.0
2021-11-19 20:20:00+00:00,33,1,2770,16570.0,16571.5,16568.5,16568.5,464,NQ.v.0
2021-11-19 20:21:00+00:00,33,1,2770,16569.0,16575.25,16568.25,16570.25,877,NQ.v.0
2021-11-19 20:22:00+00:00,33,1,2770,16570.0,16570.5,16564.0,16567.25,525,NQ.v.0
2021-11-19 20:23:00+00:00,33,1,2770,16567.25,16573.75,16566.75,16572.25,712,NQ.v.0
2021-11-19 20:24:00+00:00,33,1,2770,16572.5,16576.0,16570.5,16575.25,610,NQ.v.0
2021-11-19 20:25:00+00:00,33,1,2770,16575.25,16578.75,16572.5,16578.0,635,NQ.v.0
2021-11-19 20:26:00+00:00,33,1,2770,16577.5,16577.75,16569.0,16572.0,819,NQ.v.0
2021-11-19 20:27:00+00:00,33,1,2770,16572.5,16574.0,16569.0,16573.75,532,NQ.v.0
2021-11-19 20:28:00+00:00,33,1,2770,16574.25,16579.5,16572.5,16577.25,1050,NQ.v.0
2021-11-19 20:29:00+00:00,33,1,2770,16577.25,16579.5,16576.0,16577.0,513,NQ.v.0
2021-11-19 20:30:00+00:00,33,1,2770,16577.0,16581.5,16576.5,16578.5,786,NQ.v.0
2021-11-19 20:31:00+00:00,33,1,2770,16578.0,16578.5,16574.5,16575.75,649,NQ.v.0
2021-11-19 20:32:00+00:00,33,1,2770,16575.5,16576.0,16569.25,16571.25,726,NQ.v.0
2021-11-19 20:33:00+00:00,33,1,2770,16571.25,16574.25,16570.25,16573.5,469,NQ.v.0
2021-11-19 20:34:00+00:00,33,1,2770,16573.25,16575.25,16571.0,16572.5,588,NQ.v.0
2021-11-19 20:35:00+00:00,33,1,2770,16572.5,16575.25,16569.75,16570.5,757,NQ.v.0
2021-11-19 20:36:00+00:00,33,1,2770,16570.75,16571.75,16565.25,16566.75,812,NQ.v.0
2021-11-19 20:37:00+00:00,33,1,2770,16567.0,16573.25,16567.0,16570.25,765,NQ.v.0
2021-11-19 20:38:00+00:00,33,1,2770,16570.75,16571.25,16566.0,16567.25,635,NQ.v.0
2021-11-19 20:39:00+00:00,33,1,2770,16567.5,16572.25,16566.25,16570.0,560,NQ.v.0
2021-11-19 20:40:00+00:00,33,1,2770,16570.75,16571.75,16565.25,16568.5,725,NQ.v.0
2021-11-19 20:41:00+00:00,33,1,2770,16568.5,16573.5,16568.5,16572.25,680,NQ.v.0
2021-11-19 20:42:00+00:00,33,1,2770,16572.5,16578.25,16572.5,16574.75,983,NQ.v.0
2021-11-19 20:43:00+00:00,33,1,2770,16574.5,16576.25,16572.25,16573.25,638,NQ.v.0
2021-11-19 20:44:00+00:00,33,1,2770,16572.75,16574.0,16567.75,16568.75,729,NQ.v.0
2021-11-19 20:45:00+00:00,33,1,2770,16568.5,16570.0,16559.75,16568.25,1635,NQ.v.0
2021-11-19 20:46:00+00:00,33,1,2770,16568.5,16569.5,16560.5,16564.0,1006,NQ.v.0
2021-11-19 20:47:00+00:00,33,1,2770,16564.25,16573.0,16562.0,16569.25,935,NQ.v.0
2021-11-19 20:48:00+00:00,33,1,2770,16569.0,16576.5,16566.75,16574.25,1130,NQ.v.0
2021-11-19 20:49:00+00:00,33,1,2770,16574.75,16576.5,16571.25,16572.5,818,NQ.v.0
2021-11-19 20:50:00+00:00,33,1,2770,16572.5,16576.5,16565.75,16571.25,1759,NQ.v.0
2021-11-19 20:51:00+00:00,33,1,2770,16570.75,16571.0,16563.0,16564.75,1345,NQ.v.0
2021-11-19 20:52:00+00:00,33,1,2770,16564.5,16564.5,16560.25,16560.75,1135,NQ.v.0
2021-11-19 20:53:00+00:00,33,1,2770,16560.75,16565.25,16559.25,16560.25,1235,NQ.v.0
2021-11-19 20:54:00+00:00,33,1,2770,16560.5,16569.5,16558.5,16569.0,1896,NQ.v.0
2021-11-19 20:55:00+00:00,33,1,2770,16569.25,16569.75,16561.5,16567.5,2027,NQ.v.0
2021-11-19 20:56:00+00:00,33,1,2770,16567.75,16573.75,16567.0,16568.75,1854,NQ.v.0
2021-11-19 20:57:00+00:00,33,1,2770,16568.75,16571.0,16568.0,16570.0,1301,NQ.v.0
2021-11-19 20:58:00+00:00,33,1,2770,16570.0,16574.0,16568.5,16573.75,1592,NQ.v.0
2021-11-19 20:59:00+00:00,33,1,2770,16573.75,16580.5,16570.0,16572.75,6785,NQ.v.0
2021-11-19 21:00:00+00:00,33,1,2770,16572.75,16579.0,16568.5,16573.5,2606,NQ.v.0
2021-11-19 21:01:00+00:00,33,1,2770,16573.25,16575.5,16570.0,16574.5,643,NQ.v.0
2021-11-19 21:02:00+00:00,33,1,2770,16574.75,16575.25,16570.0,16572.75,512,NQ.v.0
2021-11-19 21:03:00+00:00,33,1,2770,16573.0,16574.5,16572.0,16573.25,327,NQ.v.0
2021-11-19 21:04:00+00:00,33,1,2770,16573.5,16573.5,16570.5,16571.75,402,NQ.v.0
2021-11-19 21:05:00+00:00,33,1,2770,16571.75,16577.75,16571.0,16577.25,450,NQ.v.0
2021-11-19 21:06:00+00:00,33,1,2770,16577.25,16577.25,16573.25,16574.0,224,NQ.v.0
2021-11-19 21:07:00+00:00,33,1,2770,16573.5,16573.5,16569.75,16572.0,252,NQ.v.0
2021-11-19 21:08:00+00:00,33,1,2770,16571.75,16575.25,16571.0,16575.0,201,NQ.v.0
2021-11-19 21:09:00+00:00,33,1,2770,16575.25,16576.0,16572.75,16574.25,192,NQ.v.0
2021-11-19 21:10:00+00:00,33,1,2770,16574.25,16575.25,16571.75,16574.25,263,NQ.v.0
2021-11-19 21:11:00+00:00,33,1,2770,16574.0,16575.75,16573.5,16575.25,140,NQ.v.0
2021-11-19 21:12:00+00:00,33,1,2770,16575.5,16578.0,16572.75,16575.25,385,NQ.v.0
2021-11-19 21:13:00+00:00,33,1,2770,16575.25,16580.0,16575.0,16577.0,409,NQ.v.0
2021-11-19 21:14:00+00:00,33,1,2770,16576.75,16578.5,16575.25,16575.25,268,NQ.v.0
2021-11-19 21:15:00+00:00,33,1,2770,16576.0,16576.75,16575.0,16575.75,60,NQ.v.0
2021-11-19 21:16:00+00:00,33,1,2770,16575.75,16577.5,16575.25,16575.25,51,NQ.v.0
2021-11-19 21:17:00+00:00,33,1,2770,16575.25,16577.0,16573.0,16576.25,86,NQ.v.0
2021-11-19 21:18:00+00:00,33,1,2770,16576.25,16576.75,16575.5,16576.5,30,NQ.v.0
2021-11-19 21:19:00+00:00,33,1,2770,16576.5,16577.0,16575.75,16575.75,37,NQ.v.0
2021-11-19 21:20:00+00:00,33,1,2770,16576.25,16576.75,16575.5,16576.75,15,NQ.v.0
2021-11-19 21:21:00+00:00,33,1,2770,16577.0,16577.75,16577.0,16577.25,19,NQ.v.0
2021-11-19 21:22:00+00:00,33,1,2770,16577.5,16578.5,16577.0,16578.0,32,NQ.v.0
2021-11-19 21:23:00+00:00,33,1,2770,16578.5,16579.75,16578.25,16579.75,61,NQ.v.0
2021-11-19 21:24:00+00:00,33,1,2770,16580.0,16581.75,16579.5,16579.75,117,NQ.v.0
2021-11-19 21:25:00+00:00,33,1,2770,16579.75,16580.25,16579.5,16580.0,44,NQ.v.0
2021-11-19 21:26:00+00:00,33,1,2770,16580.0,16581.5,16579.25,16581.5,45,NQ.v.0
2021-11-19 21:27:00+00:00,33,1,2770,16581.5,16582.75,16580.75,16582.25,115,NQ.v.0
2021-11-19 21:28:00+00:00,33,1,2770,16581.75,16583.25,16580.25,16580.25,103,NQ.v.0
2021-11-19 21:29:00+00:00,33,1,2770,16580.25,16582.0,16580.0,16581.0,83,NQ.v.0
2021-11-19 21:30:00+00:00,33,1,2770,16580.25,16582.0,16579.5,16582.0,71,NQ.v.0
2021-11-19 21:31:00+00:00,33,1,2770,16582.5,16582.5,16581.5,16581.75,31,NQ.v.0
2021-11-19 21:32:00+00:00,33,1,2770,16581.75,16582.25,16581.0,16581.0,58,NQ.v.0
2021-11-19 21:33:00+00:00,33,1,2770,16581.0,16581.25,16580.25,16580.5,41,NQ.v.0
2021-11-19 21:34:00+00:00,33,1,2770,16580.25,16580.5,16579.5,16580.5,40,NQ.v.0
2021-11-19 21:35:00+00:00,33,1,2770,16580.5,16581.0,16578.5,16579.75,89,NQ.v.0
2021-11-19 21:36:00+00:00,33,1,2770,16579.75,16582.0,16579.5,16582.0,33,NQ.v.0
2021-11-19 21:37:00+00:00,33,1,2770,16581.5,16582.25,16580.25,16582.0,26,NQ.v.0
2021-11-19 21:38:00+00:00,33,1,2770,16581.75,16582.75,16581.25,16582.0,32,NQ.v.0
2021-11-19 21:39:00+00:00,33,1,2770,16581.75,16581.75,16580.5,16581.25,27,NQ.v.0
2021-11-19 21:40:00+00:00,33,1,2770,16580.75,16581.5,16579.25,16580.75,53,NQ.v.0
2021-11-19 21:41:00+00:00,33,1,2770,16581.0,16581.75,16580.5,16581.5,31,NQ.v.0
2021-11-19 21:42:00+00:00,33,1,2770,16581.25,16581.75,16580.5,16580.75,15,NQ.v.0
2021-11-19 21:43:00+00:00,33,1,2770,16580.5,16581.75,16580.5,16581.25,28,NQ.v.0
2021-11-19 21:44:00+00:00,33,1,2770,16581.75,16583.5,16581.5,16583.5,80,NQ.v.0
2021-11-19 21:45:00+00:00,33,1,2770,16583.5,16584.75,16583.25,16583.75,95,NQ.v.0
2021-11-19 21:46:00+00:00,33,1,2770,16584.25,16587.75,16583.75,16587.75,147,NQ.v.0
2021-11-19 21:47:00+00:00,33,1,2770,16587.25,16590.75,16587.0,16588.75,189,NQ.v.0
2021-11-19 21:48:00+00:00,33,1,2770,16588.75,16589.75,16588.75,16589.25,53,NQ.v.0
2021-11-19 21:49:00+00:00,33,1,2770,16589.0,16589.5,16587.75,16588.0,102,NQ.v.0
2021-11-19 21:50:00+00:00,33,1,2770,16587.75,16588.5,16586.0,16586.25,97,NQ.v.0
2021-11-19 21:51:00+00:00,33,1,2770,16586.5,16587.0,16585.5,16586.0,50,NQ.v.0
2021-11-19 21:52:00+00:00,33,1,2770,16586.0,16587.75,16585.0,16586.5,131,NQ.v.0
2021-11-19 21:53:00+00:00,33,1,2770,16586.75,16587.5,16585.0,16586.0,70,NQ.v.0
2021-11-19 21:54:00+00:00,33,1,2770,16586.0,16587.0,16585.75,16585.75,62,NQ.v.0
2021-11-19 21:55:00+00:00,33,1,2770,16585.75,16588.0,16585.5,16585.75,59,NQ.v.0
2021-11-19 21:56:00+00:00,33,1,2770,16585.75,16586.5,16585.75,16586.5,15,NQ.v.0
2021-11-19 21:57:00+00:00,33,1,2770,16586.75,16587.0,16585.5,16585.75,35,NQ.v.0
2021-11-19 21:58:00+00:00,33,1,2770,16585.75,16589.0,16585.75,16586.75,61,NQ.v.0
2021-11-19 21:59:00+00:00,33,1,2770,16587.25,16588.25,16586.25,16588.25,81,NQ.v.0
2021-11-21 23:00:00+00:00,33,1,2770,16600.25,16616.25,16599.5,16611.75,608,NQ.v.0
2021-11-21 23:01:00+00:00,33,1,2770,16612.25,16619.25,16612.25,16617.0,330,NQ.v.0
2021-11-21 23:02:00+00:00,33,1,2770,16617.25,16618.75,16612.25,16612.25,210,NQ.v.0
2021-11-21 23:03:00+00:00,33,1,2770,16613.25,16614.0,16611.5,16612.5,168,NQ.v.0
2021-11-21 23:04:00+00:00,33,1,2770,16611.75,16613.25,16610.75,16613.25,79,NQ.v.0
2021-11-21 23:05:00+00:00,33,1,2770,16614.0,16617.25,16613.75,16615.0,108,NQ.v.0
2021-11-21 23:06:00+00:00,33,1,2770,16614.75,16618.75,16614.75,16616.0,115,NQ.v.0
2021-11-21 23:07:00+00:00,33,1,2770,16616.25,16617.5,16615.5,16617.0,61,NQ.v.0
2021-11-21 23:08:00+00:00,33,1,2770,16616.25,16617.0,16615.0,16615.25,61,NQ.v.0
2021-11-21 23:09:00+00:00,33,1,2770,16614.75,16615.5,16611.0,16611.25,76,NQ.v.0
2021-11-21 23:10:00+00:00,33,1,2770,16610.5,16611.25,16607.5,16608.25,118,NQ.v.0
2021-11-21 23:11:00+00:00,33,1,2770,16607.75,16610.0,16605.5,16605.5,143,NQ.v.0
2021-11-21 23:12:00+00:00,33,1,2770,16605.5,16605.5,16601.0,16601.75,196,NQ.v.0
2021-11-21 23:13:00+00:00,33,1,2770,16602.25,16603.25,16600.0,16600.0,71,NQ.v.0
2021-11-21 23:14:00+00:00,33,1,2770,16599.75,16602.0,16596.25,16600.5,204,NQ.v.0
2021-11-21 23:15:00+00:00,33,1,2770,16601.25,16601.25,16599.25,16599.5,56,NQ.v.0
2021-11-21 23:16:00+00:00,33,1,2770,16599.5,16600.0,16599.0,16600.0,18,NQ.v.0
2021-11-21 23:17:00+00:00,33,1,2770,16600.0,16601.0,16599.25,16599.5,37,NQ.v.0
2021-11-21 23:18:00+00:00,33,1,2770,16600.0,16600.0,16597.75,16598.75,36,NQ.v.0
2021-11-21 23:19:00+00:00,33,1,2770,16598.75,16598.75,16596.5,16598.25,41,NQ.v.0
2021-11-21 23:20:00+00:00,33,1,2770,16598.5,16600.0,16598.25,16599.5,42,NQ.v.0
2021-11-21 23:21:00+00:00,33,1,2770,16598.75,16600.0,16597.25,16597.25,27,NQ.v.0
2021-11-21 23:22:00+00:00,33,1,2770,16598.0,16599.25,16597.5,16598.75,26,NQ.v.0
2021-11-21 23:23:00+00:00,33,1,2770,16599.5,16600.5,16598.5,16600.5,43,NQ.v.0
2021-11-21 23:24:00+00:00,33,1,2770,16599.75,16601.25,16599.5,16601.0,24,NQ.v.0
2021-11-21 23:25:00+00:00,33,1,2770,16600.5,16604.75,16600.25,16603.0,102,NQ.v.0
2021-11-21 23:26:00+00:00,33,1,2770,16602.5,16604.75,16602.0,16604.25,42,NQ.v.0
2021-11-21 23:27:00+00:00,33,1,2770,16604.0,16606.0,16604.0,16604.5,60,NQ.v.0
2021-11-21 23:28:00+00:00,33,1,2770,16604.0,16605.0,16603.5,16604.5,27,NQ.v.0
2021-11-21 23:29:00+00:00,33,1,2770,16605.0,16605.0,16604.0,16604.0,16,NQ.v.0
2021-11-21 23:30:00+00:00,33,1,2770,16603.75,16604.25,16603.0,16603.75,23,NQ.v.0
2021-11-21 23:31:00+00:00,33,1,2770,16603.75,16603.75,16602.5,16602.5,22,NQ.v.0
2021-11-21 23:32:00+00:00,33,1,2770,16601.75,16602.25,16599.75,16599.75,50,NQ.v.0
2021-11-21 23:33:00+00:00,33,1,2770,16600.0,16601.25,16599.75,16601.0,22,NQ.v.0
2021-11-21 23:34:00+00:00,33,1,2770,16601.0,16601.0,16599.5,16600.5,24,NQ.v.0
2021-11-21 23:35:00+00:00,33,1,2770,16600.25,16603.75,16600.25,16603.0,26,NQ.v.0
2021-11-21 23:36:00+00:00,33,1,2770,16603.0,16606.25,16603.0,16605.25,54,NQ.v.0
2021-11-21 23:37:00+00:00,33,1,2770,16605.5,16605.5,16603.75,16604.0,15,NQ.v.0
2021-11-21 23:38:00+00:00,33,1,2770,16604.0,16604.0,16602.75,16603.25,21,NQ.v.0
2021-11-21 23:39:00+00:00,33,1,2770,16602.75,16602.75,16602.0,16602.25,24,NQ.v.0
2021-11-21 23:40:00+00:00,33,1,2770,16602.5,16604.25,16602.5,16604.25,21,NQ.v.0
2021-11-21 23:41:00+00:00,33,1,2770,16604.25,16604.25,16603.5,16603.5,13,NQ.v.0
2021-11-21 23:42:00+00:00,33,1,2770,16603.0,16603.25,16602.0,16602.0,15,NQ.v.0
2021-11-21 23:43:00+00:00,33,1,2770,16602.25,16602.5,16601.75,16602.25,10,NQ.v.0
2021-11-21 23:44:00+00:00,33,1,2770,16601.75,16601.75,16599.0,16599.0,52,NQ.v.0
2021-11-21 23:45:00+00:00,33,1,2770,16599.25,16599.75,16597.0,16597.0,79,NQ.v.0
2021-11-21 23:46:00+00:00,33,1,2770,16597.25,16597.25,16591.5,16595.0,227,NQ.v.0
2021-11-21 23:47:00+00:00,33,1,2770,16595.0,16595.5,16593.25,16595.5,78,NQ.v.0
2021-11-21 23:48:00+00:00,33,1,2770,16595.0,16595.25,16593.0,16593.5,30,NQ.v.0
2021-11-21 23:49:00+00:00,33,1,2770,16593.5,16595.0,16593.5,16595.0,14,NQ.v.0
2021-11-21 23:50:00+00:00,33,1,2770,16594.0,16594.5,16592.0,16593.5,73,NQ.v.0
2021-11-21 23:51:00+00:00,33,1,2770,16593.0,16594.5,16592.75,16594.5,32,NQ.v.0
2021-11-21 23:52:00+00:00,33,1,2770,16594.5,16596.25,16593.75,16596.25,43,NQ.v.0
2021-11-21 23:53:00+00:00,33,1,2770,16596.5,16597.5,16596.0,16596.75,45,NQ.v.0
2021-11-21 23:54:00+00:00,33,1,2770,16596.5,16597.75,16596.5,16596.75,16,NQ.v.0
2021-11-21 23:55:00+00:00,33,1,2770,16596.5,16596.5,16595.25,16596.25,13,NQ.v.0
2021-11-21 23:56:00+00:00,33,1,2770,16596.0,16596.5,16594.75,16596.5,15,NQ.v.0
2021-11-21 23:57:00+00:00,33,1,2770,16596.0,16596.25,16593.25,16593.5,33,NQ.v.0
2021-11-21 23:58:00+00:00,33,1,2770,16593.25,16593.25,16590.0,16591.25,168,NQ.v.0
2021-11-21 23:59:00+00:00,33,1,2770,16591.25,16591.75,16587.75,16588.75,142,NQ.v.0
2021-11-22 00:00:00+00:00,33,1,2770,16588.75,16590.0,16582.75,16583.25,256,NQ.v.0
2021-11-22 00:01:00+00:00,33,1,2770,16583.25,16589.0,16582.75,16587.75,118,NQ.v.0
2021-11-22 00:02:00+00:00,33,1,2770,16587.75,16593.25,16587.75,16593.0,172,NQ.v.0
2021-11-22 00:03:00+00:00,33,1,2770,16593.75,16593.75,16590.5,16593.25,101,NQ.v.0
2021-11-22 00:04:00+00:00,33,1,2770,16593.5,16595.0,16592.25,16592.5,50,NQ.v.0
2021-11-22 00:05:00+00:00,33,1,2770,16593.25,16597.5,16593.25,16597.5,84,NQ.v.0
2021-11-22 00:06:00+00:00,33,1,2770,16596.5,16598.0,16596.5,16597.25,33,NQ.v.0
2021-11-22 00:07:00+00:00,33,1,2770,16597.75,16598.75,16596.75,16598.75,44,NQ.v.0
2021-11-22 00:08:00+00:00,33,1,2770,16598.5,16598.75,16596.5,16598.5,37,NQ.v.0
2021-11-22 00:09:00+00:00,33,1,2770,16598.75,16602.0,16598.25,16601.5,128,NQ.v.0
2021-11-22 00:10:00+00:00,33,1,2770,16601.0,16606.0,16601.0,16605.0,181,NQ.v.0
2021-11-22 00:11:00+00:00,33,1,2770,16605.0,16607.75,16605.0,16605.75,86,NQ.v.0
2021-11-22 00:12:00+00:00,33,1,2770,16606.0,16607.25,16606.0,16606.75,47,NQ.v.0
2021-11-22 00:13:00+00:00,33,1,2770,16607.25,16607.5,16606.25,16606.75,36,NQ.v.0
2021-11-22 00:14:00+00:00,33,1,2770,16606.25,16608.5,16606.0,16607.0,83,NQ.v.0
2021-11-22 00:15:00+00:00,33,1,2770,16607.5,16607.75,16603.0,16604.75,123,NQ.v.0
2021-11-22 00:16:00+00:00,33,1,2770,16604.25,16604.5,16601.5,16602.25,78,NQ.v.0
2021-11-22 00:17:00+00:00,33,1,2770,16601.75,16603.75,16601.25,16603.5,48,NQ.v.0
2021-11-22 00:18:00+00:00,33,1,2770,16603.25,16605.75,16603.25,16605.0,59,NQ.v.0
2021-11-22 00:19:00+00:00,33,1,2770,16604.25,16604.25,16601.75,16601.75,50,NQ.v.0
2021-11-22 00:20:00+00:00,33,1,2770,16602.25,16604.25,16602.25,16603.25,33,NQ.v.0
2021-11-22 00:21:00+00:00,33,1,2770,16603.0,16605.0,16603.0,16604.25,24,NQ.v.0
2021-11-22 00:22:00+00:00,33,1,2770,16604.25,16605.75,16602.75,16604.75,36,NQ.v.0
2021-11-22 00:23:00+00:00,33,1,2770,16605.0,16605.0,16604.25,16604.75,26,NQ.v.0
2021-11-22 00:24:00+00:00,33,1,2770,16604.25,16604.5,16603.0,16604.5,18,NQ.v.0
2021-11-22 00:25:00+00:00,33,1,2770,16604.5,16606.0,16603.75,16605.0,49,NQ.v.0
2021-11-22 00:26:00+00:00,33,1,2770,16605.5,16606.25,16604.25,16606.25,32,NQ.v.0
2021-11-22 00:27:00+00:00,33,1,2770,16607.0,16609.0,16606.5,16608.5,40,NQ.v.0
2021-11-22 00:28:00+00:00,33,1,2770,16608.5,16611.0,16608.5,16610.0,100,NQ.v.0
2021-11-22 00:29:00+00:00,33,1,2770,16610.0,16610.5,16608.75,16610.0,31,NQ.v.0
2021-11-22 00:30:00+00:00,33,1,2770,16610.0,16610.5,16607.0,16607.25,47,NQ.v.0
2021-11-22 00:31:00+00:00,33,1,2770,16607.75,16609.5,16607.0,16608.5,15,NQ.v.0
2021-11-22 00:32:00+00:00,33,1,2770,16609.0,16611.25,16608.0,16611.0,58,NQ.v.0
2021-11-22 00:33:00+00:00,33,1,2770,16610.0,16610.25,16609.0,16609.75,14,NQ.v.0
2021-11-22 00:34:00+00:00,33,1,2770,16609.75,16610.5,16609.25,16610.0,29,NQ.v.0
2021-11-22 00:35:00+00:00,33,1,2770,16609.75,16611.25,16607.75,16608.5,81,NQ.v.0
2021-11-22 00:36:00+00:00,33,1,2770,16608.0,16608.0,16606.0,16607.25,57,NQ.v.0
2021-11-22 00:37:00+00:00,33,1,2770,16606.75,16606.75,16604.75,16605.25,55,NQ.v.0
2021-11-22 00:38:00+00:00,33,1,2770,16604.5,16608.25,16604.0,16608.25,59,NQ.v.0
2021-11-22 00:39:00+00:00,33,1,2770,16608.25,16608.5,16604.75,16605.25,30,NQ.v.0
2021-11-22 00:40:00+00:00,33,1,2770,16605.25,16607.25,16605.25,16607.25,8,NQ.v.0
2021-11-22 00:41:00+00:00,33,1,2770,16607.25,16608.5,16606.75,16608.5,39,NQ.v.0
2021-11-22 00:42:00+00:00,33,1,2770,16608.0,16610.5,16607.5,16608.25,58,NQ.v.0
2021-11-22 00:43:00+00:00,33,1,2770,16609.5,16611.0,16609.0,16609.5,45,NQ.v.0
2021-11-22 00:44:00+00:00,33,1,2770,16610.0,16610.5,16608.5,16609.75,49,NQ.v.0
2021-11-22 00:45:00+00:00,33,1,2770,16610.5,16610.5,16607.25,16608.75,47,NQ.v.0
2021-11-22 00:46:00+00:00,33,1,2770,16608.75,16611.75,16608.5,16611.5,83,NQ.v.0
2021-11-22 00:47:00+00:00,33,1,2770,16611.75,16613.0,16609.75,16610.0,161,NQ.v.0
2021-11-22 00:48:00+00:00,33,1,2770,16610.25,16614.5,16610.0,16614.0,179,NQ.v.0
2021-11-22 00:49:00+00:00,33,1,2770,16613.75,16614.5,16610.25,16610.5,73,NQ.v.0
2021-11-22 00:50:00+00:00,33,1,2770,16611.5,16613.0,16611.0,16612.25,129,NQ.v.0
2021-11-22 00:51:00+00:00,33,1,2770,16613.0,16613.75,16611.75,16613.75,190,NQ.v.0
2021-11-22 00:52:00+00:00,33,1,2770,16613.25,16613.75,16611.5,16612.25,93,NQ.v.0
2021-11-22 00:53:00+00:00,33,1,2770,16612.5,16614.0,16612.5,16613.0,109,NQ.v.0
2021-11-22 00:54:00+00:00,33,1,2770,16612.75,16615.0,16612.5,16614.75,102,NQ.v.0
2021-11-22 00:55:00+00:00,33,1,2770,16614.75,16614.75,16612.5,16612.75,59,NQ.v.0
2021-11-22 00:56:00+00:00,33,1,2770,16613.0,16613.25,16612.0,16613.25,72,NQ.v.0
2021-11-22 00:57:00+00:00,33,1,2770,16613.0,16614.5,16612.75,16614.5,77,NQ.v.0
2021-11-22 00:58:00+00:00,33,1,2770,16614.5,16616.0,16614.5,16614.5,132,NQ.v.0
2021-11-22 00:59:00+00:00,33,1,2770,16614.5,16615.25,16613.75,16613.75,50,NQ.v.0
2021-11-22 01:00:00+00:00,33,1,2770,16613.5,16617.5,16613.25,16614.5,331,NQ.v.0
2021-11-22 01:01:00+00:00,33,1,2770,16614.0,16616.75,16612.5,16615.75,112,NQ.v.0
2021-11-22 01:02:00+00:00,33,1,2770,16616.0,16618.75,16616.0,16618.75,77,NQ.v.0
2021-11-22 01:03:00+00:00,33,1,2770,16618.0,16623.5,16617.0,16622.0,353,NQ.v.0
2021-11-22 01:04:00+00:00,33,1,2770,16621.5,16625.5,16620.75,16624.5,181,NQ.v.0
2021-11-22 01:05:00+00:00,33,1,2770,16624.5,16627.25,16623.25,16623.5,174,NQ.v.0
2021-11-22 01:06:00+00:00,33,1,2770,16624.25,16625.0,16622.5,16625.0,77,NQ.v.0
2021-11-22 01:07:00+00:00,33,1,2770,16624.75,16624.75,16622.5,16623.25,36,NQ.v.0
2021-11-22 01:08:00+00:00,33,1,2770,16623.0,16626.75,16622.25,16626.5,100,NQ.v.0
2021-11-22 01:09:00+00:00,33,1,2770,16626.5,16632.25,16625.0,16628.75,874,NQ.v.0
2021-11-22 01:10:00+00:00,33,1,2770,16628.75,16629.0,16625.75,16625.75,114,NQ.v.0
2021-11-22 01:11:00+00:00,33,1,2770,16626.25,16627.5,16625.0,16626.25,71,NQ.v.0
2021-11-22 01:12:00+00:00,33,1,2770,16626.5,16627.5,16625.5,16626.0,50,NQ.v.0
2021-11-22 01:13:00+00:00,33,1,2770,16625.75,16626.25,16623.5,16624.75,57,NQ.v.0
2021-11-22 01:14:00+00:00,33,1,2770,16624.5,16626.0,16623.5,16625.5,68,NQ.v.0
2021-11-22 01:15:00+00:00,33,1,2770,16625.25,16626.0,16623.75,16625.5,68,NQ.v.0
2021-11-22 01:16:00+00:00,33,1,2770,16626.0,16626.5,16623.75,16624.75,44,NQ.v.0
2021-11-22 01:17:00+00:00,33,1,2770,16624.75,16626.5,16624.5,16626.25,49,NQ.v.0
2021-11-22 01:18:00+00:00,33,1,2770,16626.5,16628.5,16625.75,16626.0,96,NQ.v.0
2021-11-22 01:19:00+00:00,33,1,2770,16626.0,16626.25,16625.5,16626.0,20,NQ.v.0
2021-11-22 01:20:00+00:00,33,1,2770,16626.0,16626.25,16622.75,16623.25,101,NQ.v.0
2021-11-22 01:21:00+00:00,33,1,2770,16622.75,16624.0,16622.75,16623.5,42,NQ.v.0
2021-11-22 01:22:00+00:00,33,1,2770,16624.0,16627.0,16624.0,16626.75,38,NQ.v.0
2021-11-22 01:23:00+00:00,33,1,2770,16625.75,16626.75,16624.75,16624.75,26,NQ.v.0
2021-11-22 01:24:00+00:00,33,1,2770,16625.0,16625.25,16623.0,16623.75,34,NQ.v.0
2021-11-22 01:25:00+00:00,33,1,2770,16623.75,16624.5,16623.5,16624.5,15,NQ.v.0
2021-11-22 01:26:00+00:00,33,1,2770,16624.5,16624.5,16623.75,16624.25,12,NQ.v.0
2021-11-22 01:27:00+00:00,33,1,2770,16624.0,16624.75,16623.75,16624.75,27,NQ.v.0
2021-11-22 01:28:00+00:00,33,1,2770,16624.25,16624.25,16622.0,16623.0,58,NQ.v.0
2021-11-22 01:29:00+00:00,33,1,2770,16623.25,16626.5,16623.25,16625.25,60,NQ.v.0
2021-11-22 01:30:00+00:00,33,1,2770,16624.5,16627.25,16622.5,16622.75,48,NQ.v.0
2021-11-22 01:31:00+00:00,33,1,2770,16622.75,16623.5,16622.5,16622.5,10,NQ.v.0
2021-11-22 01:32:00+00:00,33,1,2770,16623.25,16623.75,16620.0,16620.75,117,NQ.v.0
2021-11-22 01:33:00+00:00,33,1,2770,16621.0,16621.5,16619.0,16619.5,120,NQ.v.0
2021-11-22 01:34:00+00:00,33,1,2770,16619.75,16620.5,16619.25,16619.75,35,NQ.v.0
2021-11-22 01:35:00+00:00,33,1,2770,16619.5,16620.25,16617.5,16617.5,100,NQ.v.0
2021-11-22 01:36:00+00:00,33,1,2770,16617.5,16619.0,16617.0,16617.5,70,NQ.v.0
2021-11-22 01:37:00+00:00,33,1,2770,16617.75,16619.5,16617.75,16618.75,63,NQ.v.0
2021-11-22 01:38:00+00:00,33,1,2770,16618.5,16619.5,16618.0,16619.0,37,NQ.v.0
2021-11-22 01:39:00+00:00,33,1,2770,16619.25,16620.75,16619.25,16620.25,60,NQ.v.0
2021-11-22 01:40:00+00:00,33,1,2770,16620.0,16623.25,16620.0,16623.25,85,NQ.v.0
2021-11-22 01:41:00+00:00,33,1,2770,16622.75,16622.75,16620.5,16621.5,37,NQ.v.0
2021-11-22 01:42:00+00:00,33,1,2770,16621.5,16621.5,16618.25,16618.25,41,NQ.v.0
2021-11-22 01:43:00+00:00,33,1,2770,16618.25,16618.5,16616.5,16617.25,45,NQ.v.0
2021-11-22 01:44:00+00:00,33,1,2770,16617.25,16618.5,16617.0,16617.0,50,NQ.v.0
2021-11-22 01:45:00+00:00,33,1,2770,16617.25,16619.0,16616.0,16617.25,73,NQ.v.0
2021-11-22 01:46:00+00:00,33,1,2770,16617.25,16618.0,16615.0,16616.0,79,NQ.v.0
2021-11-22 01:47:00+00:00,33,1,2770,16616.0,16617.5,16615.25,16615.5,74,NQ.v.0
2021-11-22 01:48:00+00:00,33,1,2770,16616.0,16618.0,16615.75,16617.25,45,NQ.v.0
2021-11-22 01:49:00+00:00,33,1,2770,16617.75,16618.75,16616.75,16618.0,47,NQ.v.0
2021-11-22 01:50:00+00:00,33,1,2770,16617.75,16619.0,16617.5,16618.75,29,NQ.v.0
2021-11-22 01:51:00+00:00,33,1,2770,16619.0,16621.25,16619.0,16620.5,33,NQ.v.0
2021-11-22 01:52:00+00:00,33,1,2770,16621.25,16622.25,16620.25,16622.25,39,NQ.v.0
2021-11-22 01:53:00+00:00,33,1,2770,16622.25,16623.75,16622.25,16623.25,78,NQ.v.0
2021-11-22 01:54:00+00:00,33,1,2770,16624.0,16624.75,16621.0,16622.0,63,NQ.v.0
2021-11-22 01:55:00+00:00,33,1,2770,16621.75,16623.5,16621.0,16623.25,25,NQ.v.0
2021-11-22 01:56:00+00:00,33,1,2770,16623.0,16624.75,16623.0,16623.75,40,NQ.v.0
2021-11-22 01:57:00+00:00,33,1,2770,16624.25,16624.75,16621.0,16621.0,52,NQ.v.0
2021-11-22 01:58:00+00:00,33,1,2770,16621.0,16623.25,16620.5,16621.25,49,NQ.v.0
2021-11-22 01:59:00+00:00,33,1,2770,16621.5,16623.25,16621.0,16622.75,29,NQ.v.0
2021-11-22 02:00:00+00:00,33,1,2770,16623.5,16628.0,16622.5,16623.0,129,NQ.v.0
2021-11-22 02:01:00+00:00,33,1,2770,16622.5,16624.5,16622.25,16622.25,38,NQ.v.0
2021-11-22 02:02:00+00:00,33,1,2770,16622.75,16625.0,16622.75,16625.0,54,NQ.v.0
2021-11-22 02:03:00+00:00,33,1,2770,16624.5,16625.5,16622.5,16623.75,65,NQ.v.0
2021-11-22 02:04:00+00:00,33,1,2770,16624.0,16627.25,16624.0,16626.25,34,NQ.v.0
2021-11-22 02:05:00+00:00,33,1,2770,16626.75,16627.75,16624.75,16625.25,36,NQ.v.0
2021-11-22 02:06:00+00:00,33,1,2770,16625.5,16627.25,16625.25,16626.75,28,NQ.v.0
2021-11-22 02:07:00+00:00,33,1,2770,16626.0,16626.25,16624.75,16626.25,23,NQ.v.0
2021-11-22 02:08:00+00:00,33,1,2770,16625.75,16626.25,16624.5,16624.5,23,NQ.v.0
2021-11-22 02:09:00+00:00,33,1,2770,16624.75,16625.25,16624.0,16624.0,59,NQ.v.0
2021-11-22 02:10:00+00:00,33,1,2770,16624.0,16624.0,16622.0,16623.0,40,NQ.v.0
2021-11-22 02:11:00+00:00,33,1,2770,16623.0,16624.75,16622.75,16624.75,48,NQ.v.0
2021-11-22 02:12:00+00:00,33,1,2770,16625.0,16625.0,16622.0,16622.75,76,NQ.v.0
2021-11-22 02:13:00+00:00,33,1,2770,16622.5,16622.75,16621.75,16622.75,15,NQ.v.0
2021-11-22 02:14:00+00:00,33,1,2770,16623.0,16623.0,16620.5,16621.5,61,NQ.v.0
2021-11-22 02:15:00+00:00,33,1,2770,16620.75,16620.75,16619.0,16620.5,61,NQ.v.0
2021-11-22 02:16:00+00:00,33,1,2770,16621.0,16622.25,16621.0,16622.25,33,NQ.v.0
2021-11-22 02:17:00+00:00,33,1,2770,16620.5,16622.75,16620.5,16622.5,27,NQ.v.0
2021-11-22 02:18:00+00:00,33,1,2770,16623.0,16623.5,16621.75,16623.5,50,NQ.v.0
2021-11-22 02:19:00+00:00,33,1,2770,16623.25,16623.75,16620.75,16621.0,22,NQ.v.0
2021-11-22 02:20:00+00:00,33,1,2770,16620.75,16620.75,16618.0,16620.25,39,NQ.v.0
2021-11-22 02:21:00+00:00,33,1,2770,16619.75,16620.5,16619.0,16619.5,19,NQ.v.0
2021-11-22 02:22:00+00:00,33,1,2770,16620.0,16620.25,16619.25,16619.75,10,NQ.v.0
2021-11-22 02:23:00+00:00,33,1,2770,16619.5,16620.5,16619.0,16619.75,44,NQ.v.0
2021-11-22 02:24:00+00:00,33,1,2770,16620.5,16620.5,16618.25,16618.25,34,NQ.v.0
2021-11-22 02:25:00+00:00,33,1,2770,16618.5,16619.5,16618.0,16618.75,32,NQ.v.0
2021-11-22 02:26:00+00:00,33,1,2770,16619.25,16620.0,16618.75,16620.0,14,NQ.v.0
2021-11-22 02:27:00+00:00,33,1,2770,16619.25,16620.25,16619.0,16620.25,16,NQ.v.0
2021-11-22 02:28:00+00:00,33,1,2770,16620.5,16620.75,16619.25,16619.5,23,NQ.v.0
2021-11-22 02:29:00+00:00,33,1,2770,16619.5,16620.0,16618.25,16618.75,30,NQ.v.0
2021-11-22 02:30:00+00:00,33,1,2770,16619.5,16622.25,16619.25,16621.0,68,NQ.v.0
2021-11-22 02:31:00+00:00,33,1,2770,16620.5,16620.5,16617.75,16617.75,36,NQ.v.0
2021-11-22 02:32:00+00:00,33,1,2770,16617.5,16619.25,16617.0,16618.5,33,NQ.v.0
2021-11-22 02:33:00+00:00,33,1,2770,16618.5,16621.5,16618.5,16621.5,28,NQ.v.0
2021-11-22 02:34:00+00:00,33,1,2770,16621.5,16622.25,16621.0,16622.25,27,NQ.v.0
2021-11-22 02:35:00+00:00,33,1,2770,16621.5,16622.75,16621.5,16622.75,18,NQ.v.0
2021-11-22 02:36:00+00:00,33,1,2770,16622.25,16622.25,16619.75,16619.75,45,NQ.v.0
2021-11-22 02:37:00+00:00,33,1,2770,16620.0,16621.25,16619.75,16621.25,10,NQ.v.0
2021-11-22 02:38:00+00:00,33,1,2770,16620.25,16621.0,16619.25,16621.0,21,NQ.v.0
2021-11-22 02:39:00+00:00,33,1,2770,16620.75,16623.25,16620.25,16623.25,22,NQ.v.0
2021-11-22 02:40:00+00:00,33,1,2770,16623.0,16626.25,16622.75,16624.0,173,NQ.v.0
2021-11-22 02:41:00+00:00,33,1,2770,16624.0,16624.5,16622.75,16623.75,28,NQ.v.0
2021-11-22 02:42:00+00:00,33,1,2770,16624.0,16624.0,16621.5,16622.25,26,NQ.v.0
2021-11-22 02:43:00+00:00,33,1,2770,16622.0,16622.5,16621.5,16621.5,21,NQ.v.0
2021-11-22 02:44:00+00:00,33,1,2770,16622.0,16622.75,16621.25,16622.25,11,NQ.v.0
2021-11-22 02:45:00+00:00,33,1,2770,16622.25,16623.25,16621.5,16623.25,14,NQ.v.0
2021-11-22 02:46:00+00:00,33,1,2770,16623.0,16624.25,16623.0,16624.0,16,NQ.v.0
2021-11-22 02:47:00+00:00,33,1,2770,16624.0,16625.25,16623.25,16623.75,35,NQ.v.0
2021-11-22 02:48:00+00:00,33,1,2770,16624.5,16624.5,16623.75,16623.75,10,NQ.v.0
2021-11-22 02:49:00+00:00,33,1,2770,16624.25,16625.25,16624.0,16625.25,10,NQ.v.0
2021-11-22 02:50:00+00:00,33,1,2770,16625.25,16626.0,16623.25,16624.0,69,NQ.v.0
2021-11-22 02:51:00+00:00,33,1,2770,16624.5,16625.5,16624.25,16624.75,20,NQ.v.0
2021-11-22 02:52:00+00:00,33,1,2770,16625.25,16626.0,16624.75,16626.0,54,NQ.v.0
2021-11-22 02:53:00+00:00,33,1,2770,16625.25,16625.25,16624.25,16624.25,12,NQ.v.0
2021-11-22 02:54:00+00:00,33,1,2770,16624.25,16625.75,16623.5,16625.0,50,NQ.v.0
2021-11-22 02:55:00+00:00,33,1,2770,16625.25,16625.25,16623.75,16624.5,19,NQ.v.0
2021-11-22 02:56:00+00:00,33,1,2770,16623.75,16624.75,16622.75,16624.75,22,NQ.v.0
2021-11-22 02:57:00+00:00,33,1,2770,16625.0,16625.0,16624.25,16624.25,4,NQ.v.0
2021-11-22 02:58:00+00:00,33,1,2770,16624.5,16626.0,16624.25,16625.75,20,NQ.v.0
2021-11-22 02:59:00+00:00,33,1,2770,16625.25,16626.75,16624.5,16626.75,39,NQ.v.0
2021-11-22 03:00:00+00:00,33,1,2770,16626.0,16627.0,16624.0,16624.75,51,NQ.v.0
2021-11-22 03:01:00+00:00,33,1,2770,16624.75,16625.0,16624.5,16624.5,4,NQ.v.0
2021-11-22 03:02:00+00:00,33,1,2770,16624.25,16624.5,16623.25,16624.5,35,NQ.v.0
2021-11-22 03:03:00+00:00,33,1,2770,16624.5,16625.25,16624.0,16624.75,33,NQ.v.0
2021-11-22 03:04:00+00:00,33,1,2770,16624.5,16624.5,16623.75,16623.75,7,NQ.v.0
2021-11-22 03:05:00+00:00,33,1,2770,16623.75,16623.75,16622.25,16622.75,31,NQ.v.0
2021-11-22 03:06:00+00:00,33,1,2770,16622.5,16623.75,16622.5,16623.75,16,NQ.v.0
2021-11-22 03:07:00+00:00,33,1,2770,16622.75,16623.0,16622.5,16623.0,6,NQ.v.0
2021-11-22 03:08:00+00:00,33,1,2770,16623.0,16623.25,16621.5,16621.5,25,NQ.v.0
2021-11-22 03:09:00+00:00,33,1,2770,16622.25,16622.5,16621.0,16621.25,14,NQ.v.0
2021-11-22 03:10:00+00:00,33,1,2770,16621.75,16622.5,16621.25,16621.5,23,NQ.v.0
2021-11-22 03:11:00+00:00,33,1,2770,16622.25,16623.25,16622.0,16622.25,36,NQ.v.0
2021-11-22 03:12:00+00:00,33,1,2770,16622.0,16622.75,16622.0,16622.75,5,NQ.v.0
2021-11-22 03:13:00+00:00,33,1,2770,16623.0,16624.25,16623.0,16623.25,22,NQ.v.0
2021-11-22 03:14:00+00:00,33,1,2770,16623.0,16623.0,16621.25,16621.5,39,NQ.v.0
2021-11-22 03:15:00+00:00,33,1,2770,16621.25,16621.75,16620.25,16621.75,27,NQ.v.0
2021-11-22 03:16:00+00:00,33,1,2770,16622.25,16623.0,16621.5,16623.0,12,NQ.v.0
2021-11-22 03:17:00+00:00,33,1,2770,16623.0,16623.25,16622.75,16623.0,5,NQ.v.0
2021-11-22 03:18:00+00:00,33,1,2770,16623.25,16624.0,16622.75,16623.25,14,NQ.v.0
2021-11-22 03:19:00+00:00,33,1,2770,16622.75,16623.0,16621.5,16623.0,15,NQ.v.0
2021-11-22 03:20:00+00:00,33,1,2770,16623.0,16623.0,16621.25,16622.25,34,NQ.v.0
2021-11-22 03:21:00+00:00,33,1,2770,16622.25,16623.0,16621.75,16623.0,30,NQ.v.0
2021-11-22 03:22:00+00:00,33,1,2770,16623.0,16623.5,16622.5,16622.5,12,NQ.v.0
2021-11-22 03:23:00+00:00,33,1,2770,16622.25,16623.25,16622.25,16623.25,19,NQ.v.0
2021-11-22 03:24:00+00:00,33,1,2770,16622.75,16622.75,16621.75,16622.5,12,NQ.v.0
2021-11-22 03:25:00+00:00,33,1,2770,16622.5,16623.0,16622.5,16622.5,8,NQ.v.0
2021-11-22 03:26:00+00:00,33,1,2770,16623.25,16623.75,16623.25,16623.5,35,NQ.v.0
2021-11-22 03:27:00+00:00,33,1,2770,16624.0,16624.25,16623.0,16624.0,30,NQ.v.0
2021-11-22 03:28:00+00:00,33,1,2770,16624.25,16625.75,16624.25,16625.75,60,NQ.v.0
2021-11-22 03:29:00+00:00,33,1,2770,16625.5,16628.5,16625.25,16626.75,144,NQ.v.0
2021-11-22 03:30:00+00:00,33,1,2770,16626.75,16626.75,16625.25,16625.25,29,NQ.v.0
2021-11-22 03:31:00+00:00,33,1,2770,16625.75,16625.75,16625.0,16625.75,11,NQ.v.0
2021-11-22 03:32:00+00:00,33,1,2770,16625.75,16625.75,16623.5,16623.5,21,NQ.v.0
2021-11-22 03:33:00+00:00,33,1,2770,16623.25,16624.25,16622.5,16623.25,56,NQ.v.0
2021-11-22 03:34:00+00:00,33,1,2770,16623.0,16623.75,16622.25,16623.75,14,NQ.v.0
2021-11-22 03:35:00+00:00,33,1,2770,16623.5,16625.0,16623.5,16625.0,24,NQ.v.0
2021-11-22 03:36:00+00:00,33,1,2770,16624.75,16626.0,16624.25,16626.0,18,NQ.v.0
2021-11-22 03:37:00+00:00,33,1,2770,16626.0,16626.25,16625.25,16625.25,22,NQ.v.0
2021-11-22 03:38:00+00:00,33,1,2770,16625.0,16625.75,16624.5,16625.25,21,NQ.v.0
2021-11-22 03:39:00+00:00,33,1,2770,16624.75,16625.25,16623.75,16624.0,10,NQ.v.0
2021-11-22 03:40:00+00:00,33,1,2770,16624.75,16625.75,16624.75,16625.75,9,NQ.v.0
2021-11-22 03:41:00+00:00,33,1,2770,16626.0,16626.75,16625.75,16626.5,20,NQ.v.0
2021-11-22 03:42:00+00:00,33,1,2770,16626.5,16627.75,16626.5,16627.5,31,NQ.v.0
2021-11-22 03:43:00+00:00,33,1,2770,16627.0,16627.5,16626.75,16627.5,19,NQ.v.0
2021-11-22 03:44:00+00:00,33,1,2770,16627.5,16628.75,16627.0,16627.0,71,NQ.v.0
2021-11-22 03:45:00+00:00,33,1,2770,16626.75,16626.75,16624.75,16625.0,45,NQ.v.0
2021-11-22 03:46:00+00:00,33,1,2770,16625.5,16626.25,16624.75,16624.75,29,NQ.v.0
2021-11-22 03:47:00+00:00,33,1,2770,16624.75,16625.0,16623.75,16624.0,45,NQ.v.0
2021-11-22 03:48:00+00:00,33,1,2770,16624.0,16625.25,16623.75,16623.75,21,NQ.v.0
2021-11-22 03:49:00+00:00,33,1,2770,16623.5,16623.75,16623.25,16623.75,10,NQ.v.0
2021-11-22 03:50:00+00:00,33,1,2770,16623.75,16624.75,16623.75,16624.75,22,NQ.v.0
2021-11-22 03:51:00+00:00,33,1,2770,16625.0,16625.5,16625.0,16625.25,11,NQ.v.0
2021-11-22 03:52:00+00:00,33,1,2770,16625.25,16625.75,16625.25,16625.5,13,NQ.v.0
2021-11-22 03:53:00+00:00,33,1,2770,16625.25,16625.25,16623.5,16623.5,23,NQ.v.0
2021-11-22 03:54:00+00:00,33,1,2770,16623.75,16624.5,16623.25,16624.0,17,NQ.v.0
2021-11-22 03:55:00+00:00,33,1,2770,16624.0,16624.75,16624.0,16624.75,8,NQ.v.0
2021-11-22 03:56:00+00:00,33,1,2770,16624.25,16624.25,16624.25,16624.25,3,NQ.v.0
2021-11-22 03:57:00+00:00,33,1,2770,16624.5,16625.25,16624.0,16624.0,21,NQ.v.0
2021-11-22 03:58:00+00:00,33,1,2770,16624.25,16624.25,16623.75,16624.25,4,NQ.v.0
2021-11-22 03:59:00+00:00,33,1,2770,16624.5,16625.5,16624.5,16624.75,12,NQ.v.0
2021-11-22 04:00:00+00:00,33,1,2770,16625.0,16629.75,16625.0,16628.75,135,NQ.v.0
2021-11-22 04:01:00+00:00,33,1,2770,16629.0,16629.0,16626.5,16627.0,53,NQ.v.0
2021-11-22 04:02:00+00:00,33,1,2770,16626.75,16627.25,16626.25,16626.75,42,NQ.v.0
2021-11-22 04:03:00+00:00,33,1,2770,16627.25,16630.0,16626.5,16626.5,192,NQ.v.0
2021-11-22 04:04:00+00:00,33,1,2770,16626.5,16626.75,16624.25,16626.75,103,NQ.v.0
2021-11-22 04:05:00+00:00,33,1,2770,16627.75,16627.75,16624.5,16625.5,87,NQ.v.0
2021-11-22 04:06:00+00:00,33,1,2770,16625.75,16627.0,16625.25,16627.0,24,NQ.v.0
2021-11-22 04:07:00+00:00,33,1,2770,16627.0,16627.5,16626.5,16627.25,23,NQ.v.0
2021-11-22 04:08:00+00:00,33,1,2770,16627.0,16628.25,16627.0,16628.25,27,NQ.v.0
2021-11-22 04:09:00+00:00,33,1,2770,16628.0,16628.0,16627.5,16627.5,24,NQ.v.0
2021-11-22 04:10:00+00:00,33,1,2770,16627.75,16628.25,16626.5,16626.5,61,NQ.v.0
2021-11-22 04:11:00+00:00,33,1,2770,16627.0,16628.25,16626.0,16626.5,52,NQ.v.0
2021-11-22 04:12:00+00:00,33,1,2770,16626.0,16627.0,16625.25,16626.25,26,NQ.v.0
2021-11-22 04:13:00+00:00,33,1,2770,16625.5,16626.0,16625.5,16625.5,10,NQ.v.0
2021-11-22 04:14:00+00:00,33,1,2770,16625.5,16627.25,16625.5,16626.75,29,NQ.v.0
2021-11-22 04:15:00+00:00,33,1,2770,16626.5,16627.25,16626.5,16626.75,18,NQ.v.0
2021-11-22 04:16:00+00:00,33,1,2770,16626.5,16626.75,16625.5,16626.0,23,NQ.v.0
2021-11-22 04:17:00+00:00,33,1,2770,16625.5,16626.0,16625.25,16626.0,8,NQ.v.0
2021-11-22 04:18:00+00:00,33,1,2770,16626.0,16627.75,16626.0,16627.0,20,NQ.v.0
2021-11-22 04:19:00+00:00,33,1,2770,16627.0,16627.25,16626.75,16627.25,12,NQ.v.0
2021-11-22 04:20:00+00:00,33,1,2770,16627.25,16627.75,16627.0,16627.25,16,NQ.v.0
2021-11-22 04:21:00+00:00,33,1,2770,16627.25,16627.25,16626.75,16627.0,7,NQ.v.0
2021-11-22 04:22:00+00:00,33,1,2770,16627.0,16627.0,16626.0,16626.5,16,NQ.v.0
2021-11-22 04:23:00+00:00,33,1,2770,16626.5,16626.5,16625.75,16626.0,9,NQ.v.0
2021-11-22 04:24:00+00:00,33,1,2770,16625.75,16626.5,16625.0,16626.5,38,NQ.v.0
2021-11-22 04:25:00+00:00,33,1,2770,16626.5,16626.5,16625.25,16625.5,12,NQ.v.0
2021-11-22 04:26:00+00:00,33,1,2770,16625.0,16625.75,16625.0,16625.75,4,NQ.v.0
2021-11-22 04:27:00+00:00,33,1,2770,16625.75,16625.75,16623.0,16623.0,73,NQ.v.0
2021-11-22 04:28:00+00:00,33,1,2770,16623.25,16624.0,16619.0,16621.5,231,NQ.v.0
2021-11-22 04:29:00+00:00,33,1,2770,16621.5,16626.75,16621.0,16624.25,128,NQ.v.0
2021-11-22 04:30:00+00:00,33,1,2770,16624.75,16624.75,16621.0,16622.25,56,NQ.v.0
2021-11-22 04:31:00+00:00,33,1,2770,16622.5,16623.25,16621.5,16621.75,27,NQ.v.0
2021-11-22 04:32:00+00:00,33,1,2770,16622.0,16622.75,16621.75,16622.25,20,NQ.v.0
2021-11-22 04:33:00+00:00,33,1,2770,16621.75,16622.25,16621.0,16621.75,28,NQ.v.0
2021-11-22 04:34:00+00:00,33,1,2770,16621.75,16621.75,16619.75,16619.75,25,NQ.v.0
2021-11-22 04:35:00+00:00,33,1,2770,16620.0,16620.5,16618.75,16618.75,41,NQ.v.0
2021-11-22 04:36:00+00:00,33,1,2770,16619.25,16620.5,16619.0,16620.0,25,NQ.v.0
2021-11-22 04:37:00+00:00,33,1,2770,16619.5,16620.25,16619.25,16619.75,9,NQ.v.0
2021-11-22 04:38:00+00:00,33,1,2770,16619.75,16620.0,16619.75,16620.0,2,NQ.v.0
2021-11-22 04:39:00+00:00,33,1,2770,16620.0,16620.75,16619.25,16620.25,23,NQ.v.0
2021-11-22 04:40:00+00:00,33,1,2770,16620.5,16620.75,16619.5,16619.75,36,NQ.v.0
2021-11-22 04:41:00+00:00,33,1,2770,16619.25,16620.0,16619.0,16619.25,22,NQ.v.0
2021-11-22 04:42:00+00:00,33,1,2770,16619.75,16620.0,16619.5,16619.75,8,NQ.v.0
2021-11-22 04:43:00+00:00,33,1,2770,16619.5,16621.25,16619.5,16621.25,29,NQ.v.0
2021-11-22 04:44:00+00:00,33,1,2770,16621.25,16621.25,16619.75,16619.75,26,NQ.v.0
2021-11-22 04:45:00+00:00,33,1,2770,16620.0,16620.0,16618.75,16619.5,37,NQ.v.0
2021-11-22 04:46:00+00:00,33,1,2770,16619.75,16620.0,16618.75,16618.75,40,NQ.v.0
2021-11-22 04:47:00+00:00,33,1,2770,16619.0,16619.0,16616.25,16616.5,111,NQ.v.0
2021-11-22 04:48:00+00:00,33,1,2770,16616.75,16617.5,16616.25,16617.5,18,NQ.v.0
2021-11-22 04:49:00+00:00,33,1,2770,16617.0,16617.75,16616.75,16617.75,29,NQ.v.0
2021-11-22 04:50:00+00:00,33,1,2770,16617.25,16618.0,16616.75,16617.5,19,NQ.v.0
2021-11-22 04:51:00+00:00,33,1,2770,16617.5,16617.5,16616.0,16617.0,45,NQ.v.0
2021-11-22 04:52:00+00:00,33,1,2770,16617.25,16617.25,16614.75,16614.75,69,NQ.v.0
2021-11-22 04:53:00+00:00,33,1,2770,16615.25,16616.5,16615.0,16616.5,43,NQ.v.0
2021-11-22 04:54:00+00:00,33,1,2770,16616.25,16616.25,16615.5,16615.75,19,NQ.v.0
2021-11-22 04:55:00+00:00,33,1,2770,16615.0,16615.25,16614.0,16614.5,63,NQ.v.0
2021-11-22 04:56:00+00:00,33,1,2770,16614.25,16616.0,16614.25,16614.75,35,NQ.v.0
2021-11-22 04:57:00+00:00,33,1,2770,16615.0,16615.25,16614.25,16614.25,27,NQ.v.0
2021-11-22 04:58:00+00:00,33,1,2770,16614.25,16614.25,16612.75,16613.5,84,NQ.v.0
2021-11-22 04:59:00+00:00,33,1,2770,16613.0,16613.25,16610.75,16611.75,99,NQ.v.0
2021-11-22 05:00:00+00:00,33,1,2770,16611.5,16611.75,16610.5,16610.75,56,NQ.v.0
2021-11-22 05:01:00+00:00,33,1,2770,16611.25,16614.25,16611.25,16612.5,86,NQ.v.0
2021-11-22 05:02:00+00:00,33,1,2770,16612.75,16613.75,16611.25,16612.5,80,NQ.v.0
2021-11-22 05:03:00+00:00,33,1,2770,16613.0,16613.0,16608.5,16609.0,114,NQ.v.0
2021-11-22 05:04:00+00:00,33,1,2770,16608.75,16609.25,16607.25,16608.75,63,NQ.v.0
2021-11-22 05:05:00+00:00,33,1,2770,16609.0,16610.25,16608.75,16609.25,29,NQ.v.0
2021-11-22 05:06:00+00:00,33,1,2770,16608.75,16610.0,16608.5,16609.5,15,NQ.v.0
2021-11-22 05:07:00+00:00,33,1,2770,16609.25,16610.5,16609.25,16610.0,36,NQ.v.0
2021-11-22 05:08:00+00:00,33,1,2770,16609.5,16610.0,16608.0,16609.25,33,NQ.v.0
2021-11-22 05:09:00+00:00,33,1,2770,16608.5,16608.75,16607.0,16608.5,74,NQ.v.0
2021-11-22 05:10:00+00:00,33,1,2770,16609.0,16609.25,16607.25,16608.25,31,NQ.v.0
2021-11-22 05:11:00+00:00,33,1,2770,16608.25,16608.25,16606.5,16607.0,35,NQ.v.0
2021-11-22 05:12:00+00:00,33,1,2770,16606.5,16608.0,16606.25,16607.5,25,NQ.v.0
2021-11-22 05:13:00+00:00,33,1,2770,16607.0,16608.0,16607.0,16608.0,12,NQ.v.0
2021-11-22 05:14:00+00:00,33,1,2770,16608.25,16608.75,16607.75,16608.25,36,NQ.v.0
2021-11-22 05:15:00+00:00,33,1,2770,16608.0,16609.25,16607.75,16609.0,26,NQ.v.0
2021-11-22 05:16:00+00:00,33,1,2770,16608.5,16609.0,16607.5,16608.25,19,NQ.v.0
2021-11-22 05:17:00+00:00,33,1,2770,16608.0,16609.25,16608.0,16608.5,15,NQ.v.0
2021-11-22 05:18:00+00:00,33,1,2770,16608.25,16609.0,16608.0,16608.5,18,NQ.v.0
2021-11-22 05:19:00+00:00,33,1,2770,16608.5,16610.5,16608.5,16609.5,20,NQ.v.0
2021-11-22 05:20:00+00:00,33,1,2770,16610.0,16610.5,16609.5,16610.0,31,NQ.v.0
2021-11-22 05:21:00+00:00,33,1,2770,16609.75,16611.0,16609.5,16609.5,45,NQ.v.0
2021-11-22 05:22:00+00:00,33,1,2770,16610.0,16610.25,16609.75,16610.25,3,NQ.v.0
2021-11-22 05:23:00+00:00,33,1,2770,16609.5,16610.5,16609.25,16610.25,16,NQ.v.0
2021-11-22 05:24:00+00:00,33,1,2770,16609.75,16611.5,16609.75,16611.5,35,NQ.v.0
2021-11-22 05:25:00+00:00,33,1,2770,16611.0,16612.25,16611.0,16611.25,61,NQ.v.0
2021-11-22 05:26:00+00:00,33,1,2770,16611.5,16613.0,16611.5,16612.5,78,NQ.v.0
2021-11-22 05:27:00+00:00,33,1,2770,16612.5,16613.5,16612.25,16613.0,95,NQ.v.0
2021-11-22 05:28:00+00:00,33,1,2770,16613.0,16613.25,16612.75,16613.25,12,NQ.v.0
2021-11-22 05:29:00+00:00,33,1,2770,16613.0,16613.25,16611.75,16612.5,13,NQ.v.0
2021-11-22 05:30:00+00:00,33,1,2770,16613.0,16613.0,16611.75,16612.0,25,NQ.v.0
2021-11-22 05:31:00+00:00,33,1,2770,16612.5,16613.5,16612.0,16613.5,42,NQ.v.0
2021-11-22 05:32:00+00:00,33,1,2770,16613.0,16613.0,16612.5,16612.75,12,NQ.v.0
2021-11-22 05:33:00+00:00,33,1,2770,16613.25,16614.5,16611.5,16612.0,84,NQ.v.0
2021-11-22 05:34:00+00:00,33,1,2770,16612.0,16612.5,16611.75,16612.0,10,NQ.v.0
2021-11-22 05:35:00+00:00,33,1,2770,16612.0,16612.0,16610.5,16611.25,24,NQ.v.0
2021-11-22 05:36:00+00:00,33,1,2770,16611.5,16611.75,16610.0,16611.25,33,NQ.v.0
2021-11-22 05:37:00+00:00,33,1,2770,16612.0,16614.0,16612.0,16614.0,14,NQ.v.0
2021-11-22 05:38:00+00:00,33,1,2770,16613.75,16616.0,16613.75,16615.5,98,NQ.v.0
2021-11-22 05:39:00+00:00,33,1,2770,16615.5,16617.0,16615.25,16616.75,57,NQ.v.0
2021-11-22 05:40:00+00:00,33,1,2770,16617.0,16617.25,16616.0,16616.25,33,NQ.v.0
2021-11-22 05:41:00+00:00,33,1,2770,16616.75,16618.0,16616.0,16617.75,37,NQ.v.0
2021-11-22 05:42:00+00:00,33,1,2770,16617.75,16619.0,16617.25,16617.5,48,NQ.v.0
2021-11-22 05:43:00+00:00,33,1,2770,16618.0,16618.0,16615.25,16615.5,28,NQ.v.0
2021-11-22 05:44:00+00:00,33,1,2770,16615.5,16616.5,16614.75,16616.25,84,NQ.v.0
2021-11-22 05:45:00+00:00,33,1,2770,16616.5,16617.5,16616.5,16617.0,18,NQ.v.0
2021-11-22 05:46:00+00:00,33,1,2770,16617.25,16618.5,16617.25,16618.0,17,NQ.v.0
2021-11-22 05:47:00+00:00,33,1,2770,16617.0,16617.0,16617.0,16617.0,6,NQ.v.0
2021-11-22 05:48:00+00:00,33,1,2770,16617.25,16617.25,16616.5,16616.5,26,NQ.v.0
2021-11-22 05:49:00+00:00,33,1,2770,16616.5,16618.0,16616.5,16617.25,14,NQ.v.0
2021-11-22 05:50:00+00:00,33,1,2770,16617.75,16618.5,16617.75,16618.0,20,NQ.v.0
2021-11-22 05:51:00+00:00,33,1,2770,16618.0,16618.75,16617.75,16618.5,29,NQ.v.0
2021-11-22 05:52:00+00:00,33,1,2770,16618.75,16620.5,16618.5,16619.75,85,NQ.v.0
2021-11-22 05:53:00+00:00,33,1,2770,16620.25,16620.25,16619.25,16619.25,26,NQ.v.0
2021-11-22 05:54:00+00:00,33,1,2770,16619.75,16620.0,16619.25,16619.5,6,NQ.v.0
2021-11-22 05:55:00+00:00,33,1,2770,16619.75,16620.0,16619.25,16619.25,15,NQ.v.0
2021-11-22 05:56:00+00:00,33,1,2770,16619.0,16619.0,16617.0,16617.5,56,NQ.v.0
2021-11-22 05:57:00+00:00,33,1,2770,16617.5,16619.0,16617.5,16618.75,7,NQ.v.0
2021-11-22 05:58:00+00:00,33,1,2770,16618.5,16618.5,16617.25,16617.25,22,NQ.v.0
2021-11-22 05:59:00+00:00,33,1,2770,16617.25,16619.75,16617.25,16619.75,46,NQ.v.0
2021-11-22 06:00:00+00:00,33,1,2770,16619.5,16620.75,16619.0,16619.0,40,NQ.v.0
2021-11-22 06:01:00+00:00,33,1,2770,16618.0,16618.0,16617.0,16617.25,20,NQ.v.0
2021-11-22 06:02:00+00:00,33,1,2770,16616.75,16617.25,16616.5,16617.25,20,NQ.v.0
2021-11-22 06:03:00+00:00,33,1,2770,16617.5,16618.0,16616.75,16617.5,18,NQ.v.0
2021-11-22 06:04:00+00:00,33,1,2770,16616.5,16616.75,16616.5,16616.75,19,NQ.v.0
2021-11-22 06:05:00+00:00,33,1,2770,16616.5,16616.5,16614.25,16615.0,56,NQ.v.0
2021-11-22 06:06:00+00:00,33,1,2770,16615.25,16616.5,16615.0,16616.25,14,NQ.v.0
2021-11-22 06:07:00+00:00,33,1,2770,16616.5,16616.5,16614.5,16615.0,4,NQ.v.0
2021-11-22 06:08:00+00:00,33,1,2770,16614.75,16616.0,16614.75,16615.25,21,NQ.v.0
2021-11-22 06:09:00+00:00,33,1,2770,16615.0,16615.25,16613.25,16613.25,25,NQ.v.0
2021-11-22 06:10:00+00:00,33,1,2770,16613.5,16614.75,16613.5,16614.5,9,NQ.v.0
2021-11-22 06:11:00+00:00,33,1,2770,16614.0,16615.0,16613.75,16614.0,19,NQ.v.0
2021-11-22 06:12:00+00:00,33,1,2770,16614.0,16614.25,16613.25,16614.25,8,NQ.v.0
2021-11-22 06:13:00+00:00,33,1,2770,16614.0,16614.5,16614.0,16614.5,6,NQ.v.0
2021-11-22 06:14:00+00:00,33,1,2770,16614.0,16615.0,16614.0,16614.25,11,NQ.v.0
2021-11-22 06:15:00+00:00,33,1,2770,16614.25,16616.5,16614.25,16616.5,18,NQ.v.0
2021-11-22 06:16:00+00:00,33,1,2770,16616.5,16618.75,16616.5,16618.25,38,NQ.v.0
2021-11-22 06:17:00+00:00,33,1,2770,16618.0,16618.0,16617.75,16617.75,5,NQ.v.0
2021-11-22 06:18:00+00:00,33,1,2770,16617.25,16617.5,16616.25,16616.75,9,NQ.v.0
2021-11-22 06:19:00+00:00,33,1,2770,16616.5,16617.75,16616.5,16617.25,6,NQ.v.0
2021-11-22 06:20:00+00:00,33,1,2770,16617.0,16617.25,16616.5,16616.5,15,NQ.v.0
2021-11-22 06:21:00+00:00,33,1,2770,16616.0,16617.75,16616.0,16616.5,48,NQ.v.0
2021-11-22 06:22:00+00:00,33,1,2770,16616.0,16618.25,16616.0,16618.25,14,NQ.v.0
2021-11-22 06:23:00+00:00,33,1,2770,16617.5,16619.5,16617.5,16618.75,18,NQ.v.0
2021-11-22 06:24:00+00:00,33,1,2770,16618.75,16619.25,16618.5,16618.5,17,NQ.v.0
2021-11-22 06:25:00+00:00,33,1,2770,16619.0,16619.25,16617.75,16619.25,13,NQ.v.0
2021-11-22 06:26:00+00:00,33,1,2770,16618.75,16618.75,16618.0,16618.0,20,NQ.v.0
2021-11-22 06:27:00+00:00,33,1,2770,16617.25,16619.25,16617.0,16619.25,22,NQ.v.0
2021-11-22 06:28:00+00:00,33,1,2770,16618.5,16622.5,16618.5,16622.0,105,NQ.v.0
2021-11-22 06:29:00+00:00,33,1,2770,16621.75,16623.75,16621.75,16623.0,40,NQ.v.0
2021-11-22 06:30:00+00:00,33,1,2770,16622.75,16624.25,16621.5,16622.75,53,NQ.v.0
2021-11-22 06:31:00+00:00,33,1,2770,16622.25,16623.25,16621.25,16621.5,32,NQ.v.0
2021-11-22 06:32:00+00:00,33,1,2770,16621.25,16621.75,16619.0,16619.25,45,NQ.v.0
2021-11-22 06:33:00+00:00,33,1,2770,16619.5,16620.25,16618.0,16618.0,40,NQ.v.0
2021-11-22 06:34:00+00:00,33,1,2770,16618.25,16618.25,16616.75,16616.75,22,NQ.v.0
2021-11-22 06:35:00+00:00,33,1,2770,16616.5,16617.5,16616.25,16617.25,18,NQ.v.0
2021-11-22 06:36:00+00:00,33,1,2770,16618.0,16619.0,16617.25,16617.25,18,NQ.v.0
2021-11-22 06:37:00+00:00,33,1,2770,16617.75,16617.75,16617.5,16617.5,7,NQ.v.0
2021-11-22 06:38:00+00:00,33,1,2770,16618.0,16618.0,16617.0,16617.0,10,NQ.v.0
2021-11-22 06:39:00+00:00,33,1,2770,16617.0,16617.0,16616.25,16616.25,4,NQ.v.0
2021-11-22 06:40:00+00:00,33,1,2770,16617.25,16618.0,16615.75,16615.75,23,NQ.v.0
2021-11-22 06:41:00+00:00,33,1,2770,16616.25,16616.25,16614.0,16614.0,34,NQ.v.0
2021-11-22 06:42:00+00:00,33,1,2770,16613.75,16614.0,16612.25,16613.5,74,NQ.v.0
2021-11-22 06:43:00+00:00,33,1,2770,16613.0,16614.25,16612.5,16614.25,32,NQ.v.0
2021-11-22 06:44:00+00:00,33,1,2770,16615.0,16616.25,16615.0,16616.0,31,NQ.v.0
2021-11-22 06:45:00+00:00,33,1,2770,16616.25,16616.75,16615.5,16616.25,26,NQ.v.0
2021-11-22 06:46:00+00:00,33,1,2770,16616.75,16616.75,16615.5,16616.0,10,NQ.v.0
2021-11-22 06:47:00+00:00,33,1,2770,16616.25,16617.25,16616.0,16617.25,10,NQ.v.0
2021-11-22 06:48:00+00:00,33,1,2770,16616.5,16617.25,16616.5,16617.25,11,NQ.v.0
2021-11-22 06:49:00+00:00,33,1,2770,16616.5,16616.75,16616.5,16616.75,9,NQ.v.0
2021-11-22 06:50:00+00:00,33,1,2770,16616.25,16616.25,16615.0,16616.0,14,NQ.v.0
2021-11-22 06:51:00+00:00,33,1,2770,16616.25,16616.25,16614.25,16615.0,22,NQ.v.0
2021-11-22 06:52:00+00:00,33,1,2770,16615.75,16615.75,16615.0,16615.0,3,NQ.v.0
2021-11-22 06:53:00+00:00,33,1,2770,16615.25,16615.25,16614.25,16614.25,17,NQ.v.0
2021-11-22 06:54:00+00:00,33,1,2770,16614.25,16614.5,16613.75,16613.75,14,NQ.v.0
2021-11-22 06:55:00+00:00,33,1,2770,16613.75,16614.5,16613.25,16614.5,16,NQ.v.0
2021-11-22 06:56:00+00:00,33,1,2770,16615.0,16615.75,16614.5,16614.75,17,NQ.v.0
2021-11-22 06:57:00+00:00,33,1,2770,16614.25,16614.25,16614.0,16614.25,5,NQ.v.0
2021-11-22 06:58:00+00:00,33,1,2770,16614.0,16614.0,16613.0,16613.5,17,NQ.v.0
2021-11-22 06:59:00+00:00,33,1,2770,16613.5,16617.5,16613.5,16616.5,89,NQ.v.0
2021-11-22 07:00:00+00:00,33,1,2770,16616.5,16619.5,16616.5,16618.75,49,NQ.v.0
2021-11-22 07:01:00+00:00,33,1,2770,16619.0,16619.25,16613.5,16615.0,136,NQ.v.0
2021-11-22 07:02:00+00:00,33,1,2770,16614.5,16616.0,16613.75,16614.75,24,NQ.v.0
2021-11-22 07:03:00+00:00,33,1,2770,16614.5,16614.5,16612.25,16612.5,56,NQ.v.0
2021-11-22 07:04:00+00:00,33,1,2770,16612.5,16613.25,16610.0,16611.0,104,NQ.v.0
2021-11-22 07:05:00+00:00,33,1,2770,16611.5,16611.75,16610.0,16611.25,41,NQ.v.0
2021-11-22 07:06:00+00:00,33,1,2770,16611.5,16611.5,16610.0,16611.5,20,NQ.v.0
2021-11-22 07:07:00+00:00,33,1,2770,16612.0,16612.75,16611.0,16612.75,32,NQ.v.0
2021-11-22 07:08:00+00:00,33,1,2770,16613.0,16613.25,16611.75,16612.75,27,NQ.v.0
2021-11-22 07:09:00+00:00,33,1,2770,16612.75,16618.5,16612.75,16617.25,103,NQ.v.0
2021-11-22 07:10:00+00:00,33,1,2770,16617.25,16620.5,16617.25,16619.25,53,NQ.v.0
2021-11-22 07:11:00+00:00,33,1,2770,16619.25,16621.25,16619.25,16619.5,33,NQ.v.0
2021-11-22 07:12:00+00:00,33,1,2770,16619.25,16619.75,16618.5,16618.75,20,NQ.v.0
2021-11-22 07:13:00+00:00,33,1,2770,16618.75,16619.25,16618.75,16619.0,11,NQ.v.0
2021-11-22 07:14:00+00:00,33,1,2770,16619.5,16621.25,16618.25,16619.0,50,NQ.v.0
2021-11-22 07:15:00+00:00,33,1,2770,16619.0,16620.0,16618.0,16619.25,13,NQ.v.0
2021-11-22 07:16:00+00:00,33,1,2770,16619.75,16620.0,16617.0,16617.0,25,NQ.v.0
2021-11-22 07:17:00+00:00,33,1,2770,16617.75,16619.0,16617.25,16617.25,17,NQ.v.0
2021-11-22 07:18:00+00:00,33,1,2770,16617.25,16620.0,16617.25,16619.0,52,NQ.v.0
2021-11-22 07:19:00+00:00,33,1,2770,16619.0,16619.0,16617.25,16618.0,16,NQ.v.0
2021-11-22 07:20:00+00:00,33,1,2770,16617.75,16618.0,16616.75,16617.75,32,NQ.v.0
2021-11-22 07:21:00+00:00,33,1,2770,16618.5,16618.75,16616.5,16617.5,15,NQ.v.0
2021-11-22 07:22:00+00:00,33,1,2770,16617.75,16619.5,16617.5,16619.5,12,NQ.v.0
2021-11-22 07:23:00+00:00,33,1,2770,16619.5,16619.75,16618.0,16619.75,31,NQ.v.0
2021-11-22 07:24:00+00:00,33,1,2770,16620.75,16621.5,16619.75,16620.25,32,NQ.v.0
2021-11-22 07:25:00+00:00,33,1,2770,16620.25,16621.75,16619.25,16621.0,38,NQ.v.0
2021-11-22 07:26:00+00:00,33,1,2770,16621.75,16623.0,16620.75,16620.75,44,NQ.v.0
2021-11-22 07:27:00+00:00,33,1,2770,16620.25,16620.25,16618.0,16619.25,37,NQ.v.0
2021-11-22 07:28:00+00:00,33,1,2770,16619.25,16620.0,16618.25,16619.0,35,NQ.v.0
2021-11-22 07:29:00+00:00,33,1,2770,16618.25,16619.5,16616.5,16616.5,23,NQ.v.0
2021-11-22 07:30:00+00:00,33,1,2770,16617.25,16619.25,16617.25,16618.5,18,NQ.v.0
2021-11-22 07:31:00+00:00,33,1,2770,16618.5,16620.5,16618.0,16620.25,33,NQ.v.0
2021-11-22 07:32:00+00:00,33,1,2770,16620.25,16621.75,16619.25,16621.5,60,NQ.v.0
2021-11-22 07:33:00+00:00,33,1,2770,16621.5,16621.5,16620.75,16621.25,39,NQ.v.0
2021-11-22 07:34:00+00:00,33,1,2770,16620.5,16623.25,16620.5,16623.25,52,NQ.v.0
2021-11-22 07:35:00+00:00,33,1,2770,16623.25,16627.25,16622.25,16626.5,158,NQ.v.0
2021-11-22 07:36:00+00:00,33,1,2770,16626.75,16626.75,16623.75,16625.75,58,NQ.v.0
2021-11-22 07:37:00+00:00,33,1,2770,16626.0,16626.25,16624.5,16626.25,51,NQ.v.0
2021-11-22 07:38:00+00:00,33,1,2770,16626.75,16627.5,16625.75,16627.0,59,NQ.v.0
2021-11-22 07:39:00+00:00,33,1,2770,16626.5,16631.0,16626.5,16628.0,202,NQ.v.0
2021-11-22 07:40:00+00:00,33,1,2770,16627.75,16628.5,16626.75,16627.0,45,NQ.v.0
2021-11-22 07:41:00+00:00,33,1,2770,16626.75,16626.75,16624.75,16625.5,41,NQ.v.0
2021-11-22 07:42:00+00:00,33,1,2770,16625.5,16627.5,16625.0,16627.5,34,NQ.v.0
2021-11-22 07:43:00+00:00,33,1,2770,16627.0,16627.5,16626.75,16626.75,21,NQ.v.0
2021-11-22 07:44:00+00:00,33,1,2770,16626.5,16626.5,16625.0,16625.25,25,NQ.v.0
2021-11-22 07:45:00+00:00,33,1,2770,16624.75,16625.5,16624.25,16624.5,39,NQ.v.0
2021-11-22 07:46:00+00:00,33,1,2770,16624.25,16624.5,16622.0,16622.75,59,NQ.v.0
2021-11-22 07:47:00+00:00,33,1,2770,16623.25,16623.5,16622.0,16622.25,20,NQ.v.0
2021-11-22 07:48:00+00:00,33,1,2770,16622.75,16623.75,16622.0,16623.75,33,NQ.v.0
2021-11-22 07:49:00+00:00,33,1,2770,16623.25,16623.25,16621.75,16623.25,22,NQ.v.0
2021-11-22 07:50:00+00:00,33,1,2770,16624.0,16624.75,16623.25,16624.75,26,NQ.v.0
2021-11-22 07:51:00+00:00,33,1,2770,16624.5,16626.25,16624.25,16626.0,36,NQ.v.0
2021-11-22 07:52:00+00:00,33,1,2770,16625.5,16627.75,16625.5,16627.5,39,NQ.v.0
2021-11-22 07:53:00+00:00,33,1,2770,16627.0,16628.25,16627.0,16628.25,32,NQ.v.0
2021-11-22 07:54:00+00:00,33,1,2770,16628.0,16628.5,16627.0,16627.25,18,NQ.v.0
2021-11-22 07:55:00+00:00,33,1,2770,16627.5,16628.75,16627.0,16628.5,36,NQ.v.0
2021-11-22 07:56:00+00:00,33,1,2770,16628.5,16630.25,16628.5,16630.0,39,NQ.v.0
2021-11-22 07:57:00+00:00,33,1,2770,16629.75,16629.75,16626.0,16626.0,41,NQ.v.0
2021-11-22 07:58:00+00:00,33,1,2770,16626.0,16627.0,16625.25,16627.0,36,NQ.v.0
2021-11-22 07:59:00+00:00,33,1,2770,16626.5,16627.25,16624.0,16624.0,119,NQ.v.0
2021-11-22 08:00:00+00:00,33,1,2770,16623.75,16626.5,16621.25,16621.5,143,NQ.v.0
2021-11-22 08:01:00+00:00,33,1,2770,16621.75,16622.75,16619.5,16620.0,75,NQ.v.0
2021-11-22 08:02:00+00:00,33,1,2770,16620.25,16623.25,16619.5,16622.75,57,NQ.v.0
2021-11-22 08:03:00+00:00,33,1,2770,16623.0,16623.25,16620.5,16622.25,48,NQ.v.0
2021-11-22 08:04:00+00:00,33,1,2770,16623.0,16623.25,16622.25,16622.5,19,NQ.v.0
2021-11-22 08:05:00+00:00,33,1,2770,16623.0,16626.0,16622.0,16625.0,76,NQ.v.0
2021-11-22 08:06:00+00:00,33,1,2770,16624.5,16624.5,16621.75,16622.0,131,NQ.v.0
2021-11-22 08:07:00+00:00,33,1,2770,16622.25,16622.75,16619.75,16621.25,105,NQ.v.0
2021-11-22 08:08:00+00:00,33,1,2770,16621.25,16621.25,16618.25,16618.75,47,NQ.v.0
2021-11-22 08:09:00+00:00,33,1,2770,16618.5,16620.75,16617.0,16619.75,116,NQ.v.0
2021-11-22 08:10:00+00:00,33,1,2770,16620.25,16622.75,16620.25,16621.75,36,NQ.v.0
2021-11-22 08:11:00+00:00,33,1,2770,16621.5,16621.75,16619.5,16621.25,63,NQ.v.0
2021-11-22 08:12:00+00:00,33,1,2770,16621.0,16621.0,16618.75,16620.0,53,NQ.v.0
2021-11-22 08:13:00+00:00,33,1,2770,16620.25,16620.75,16619.5,16620.25,28,NQ.v.0
2021-11-22 08:14:00+00:00,33,1,2770,16619.75,16622.0,16619.75,16621.0,39,NQ.v.0
2021-11-22 08:15:00+00:00,33,1,2770,16621.25,16623.5,16620.25,16620.75,58,NQ.v.0
2021-11-22 08:16:00+00:00,33,1,2770,16620.0,16622.0,16619.0,16621.5,53,NQ.v.0
2021-11-22 08:17:00+00:00,33,1,2770,16621.0,16623.5,16621.0,16623.0,14,NQ.v.0
2021-11-22 08:18:00+00:00,33,1,2770,16623.0,16625.25,16622.5,16625.0,57,NQ.v.0
2021-11-22 08:19:00+00:00,33,1,2770,16624.75,16625.5,16623.75,16625.0,43,NQ.v.0
2021-11-22 08:20:00+00:00,33,1,2770,16625.75,16628.5,16625.75,16627.0,69,NQ.v.0
2021-11-22 08:21:00+00:00,33,1,2770,16627.5,16628.0,16626.5,16628.0,39,NQ.v.0
2021-11-22 08:22:00+00:00,33,1,2770,16628.0,16631.5,16626.75,16631.5,121,NQ.v.0
2021-11-22 08:23:00+00:00,33,1,2770,16630.75,16635.0,16630.0,16630.0,443,NQ.v.0
2021-11-22 08:24:00+00:00,33,1,2770,16629.25,16631.75,16628.25,16631.5,172,NQ.v.0
2021-11-22 08:25:00+00:00,33,1,2770,16632.0,16633.5,16628.5,16628.75,111,NQ.v.0
2021-11-22 08:26:00+00:00,33,1,2770,16628.0,16628.0,16622.0,16622.25,196,NQ.v.0
2021-11-22 08:27:00+00:00,33,1,2770,16622.5,16623.0,16620.25,16622.75,155,NQ.v.0
2021-11-22 08:28:00+00:00,33,1,2770,16622.75,16624.25,16622.5,16622.5,30,NQ.v.0
2021-11-22 08:29:00+00:00,33,1,2770,16622.5,16623.0,16621.5,16623.0,49,NQ.v.0
2021-11-22 08:30:00+00:00,33,1,2770,16623.5,16627.25,16623.0,16626.25,114,NQ.v.0
2021-11-22 08:31:00+00:00,33,1,2770,16626.25,16627.5,16623.5,16626.5,41,NQ.v.0
2021-11-22 08:32:00+00:00,33,1,2770,16627.5,16629.25,16626.5,16628.75,53,NQ.v.0
2021-11-22 08:33:00+00:00,33,1,2770,16629.0,16629.5,16627.75,16627.75,57,NQ.v.0
2021-11-22 08:34:00+00:00,33,1,2770,16627.0,16630.25,16626.75,16629.25,35,NQ.v.0
2021-11-22 08:35:00+00:00,33,1,2770,16630.0,16630.0,16627.75,16628.0,33,NQ.v.0
2021-11-22 08:36:00+00:00,33,1,2770,16627.75,16630.25,16627.75,16628.5,27,NQ.v.0
2021-11-22 08:37:00+00:00,33,1,2770,16627.75,16630.25,16627.0,16629.5,43,NQ.v.0
2021-11-22 08:38:00+00:00,33,1,2770,16628.75,16628.75,16628.0,16628.25,16,NQ.v.0
2021-11-22 08:39:00+00:00,33,1,2770,16628.0,16628.5,16625.0,16626.25,99,NQ.v.0
2021-11-22 08:40:00+00:00,33,1,2770,16625.75,16625.75,16623.25,16624.0,54,NQ.v.0
2021-11-22 08:41:00+00:00,33,1,2770,16623.5,16624.0,16622.0,16622.0,48,NQ.v.0
2021-11-22 08:42:00+00:00,33,1,2770,16622.75,16623.75,16621.75,16623.25,58,NQ.v.0
2021-11-22 08:43:00+00:00,33,1,2770,16623.0,16623.0,16621.25,16622.5,64,NQ.v.0
2021-11-22 08:44:00+00:00,33,1,2770,16621.75,16622.0,16621.0,16621.25,30,NQ.v.0
2021-11-22 08:45:00+00:00,33,1,2770,16621.0,16623.5,16620.25,16622.0,54,NQ.v.0
2021-11-22 08:46:00+00:00,33,1,2770,16621.5,16621.5,16619.75,16621.0,67,NQ.v.0
2021-11-22 08:47:00+00:00,33,1,2770,16621.0,16622.25,16620.5,16621.5,53,NQ.v.0
2021-11-22 08:48:00+00:00,33,1,2770,16621.25,16621.5,16616.25,16617.75,218,NQ.v.0
2021-11-22 08:49:00+00:00,33,1,2770,16618.0,16620.0,16618.0,16618.5,58,NQ.v.0
2021-11-22 08:50:00+00:00,33,1,2770,16618.5,16620.25,16618.0,16619.75,39,NQ.v.0
2021-11-22 08:51:00+00:00,33,1,2770,16619.0,16619.25,16617.25,16618.75,53,NQ.v.0
2021-11-22 08:52:00+00:00,33,1,2770,16618.25,16620.75,16615.5,16615.75,228,NQ.v.0
2021-11-22 08:53:00+00:00,33,1,2770,16615.5,16618.25,16614.5,16618.25,127,NQ.v.0
2021-11-22 08:54:00+00:00,33,1,2770,16618.5,16621.25,16617.25,16620.5,117,NQ.v.0
2021-11-22 08:55:00+00:00,33,1,2770,16621.25,16622.0,16620.25,16621.5,100,NQ.v.0
2021-11-22 08:56:00+00:00,33,1,2770,16621.25,16623.25,16621.25,16623.0,58,NQ.v.0
2021-11-22 08:57:00+00:00,33,1,2770,16622.5,16624.0,16622.0,16623.75,59,NQ.v.0
2021-11-22 08:58:00+00:00,33,1,2770,16623.75,16627.0,16623.25,16626.75,115,NQ.v.0
2021-11-22 08:59:00+00:00,33,1,2770,16627.0,16627.0,16624.5,16626.0,72,NQ.v.0
2021-11-22 09:00:00+00:00,33,1,2770,16626.75,16628.75,16625.75,16627.25,155,NQ.v.0
2021-11-22 09:01:00+00:00,33,1,2770,16627.75,16632.0,16627.0,16629.25,298,NQ.v.0
2021-11-22 09:02:00+00:00,33,1,2770,16629.5,16631.0,16628.25,16630.75,155,NQ.v.0
2021-11-22 09:03:00+00:00,33,1,2770,16630.5,16633.25,16630.5,16632.75,152,NQ.v.0
2021-11-22 09:04:00+00:00,33,1,2770,16632.5,16638.0,16631.75,16637.5,305,NQ.v.0
2021-11-22 09:05:00+00:00,33,1,2770,16637.25,16638.5,16635.75,16636.25,154,NQ.v.0
2021-11-22 09:06:00+00:00,33,1,2770,16636.25,16642.75,16635.5,16642.75,404,NQ.v.0
2021-11-22 09:07:00+00:00,33,1,2770,16642.75,16645.0,16639.25,16644.5,463,NQ.v.0
2021-11-22 09:08:00+00:00,33,1,2770,16644.5,16649.5,16640.0,16640.75,582,NQ.v.0
2021-11-22 09:09:00+00:00,33,1,2770,16640.75,16646.25,16640.25,16642.75,175,NQ.v.0
2021-11-22 09:10:00+00:00,33,1,2770,16642.75,16644.25,16641.0,16643.5,132,NQ.v.0
2021-11-22 09:11:00+00:00,33,1,2770,16644.0,16648.25,16643.0,16646.0,213,NQ.v.0
2021-11-22 09:12:00+00:00,33,1,2770,16646.25,16647.5,16643.25,16646.5,183,NQ.v.0
2021-11-22 09:13:00+00:00,33,1,2770,16646.75,16647.5,16643.5,16643.5,119,NQ.v.0
2021-11-22 09:14:00+00:00,33,1,2770,16644.0,16644.5,16641.5,16642.75,122,NQ.v.0
2021-11-22 09:15:00+00:00,33,1,2770,16642.25,16645.25,16642.25,16645.25,79,NQ.v.0
2021-11-22 09:16:00+00:00,33,1,2770,16645.0,16645.25,16643.0,16643.5,63,NQ.v.0
2021-11-22 09:17:00+00:00,33,1,2770,16643.25,16644.5,16642.75,16644.5,73,NQ.v.0
2021-11-22 09:18:00+00:00,33,1,2770,16644.0,16644.75,16641.5,16643.0,65,NQ.v.0
2021-11-22 09:19:00+00:00,33,1,2770,16643.5,16643.5,16641.0,16643.5,74,NQ.v.0
2021-11-22 09:20:00+00:00,33,1,2770,16643.25,16644.75,16642.5,16643.75,67,NQ.v.0
2021-11-22 09:21:00+00:00,33,1,2770,16643.5,16644.25,16642.25,16642.25,70,NQ.v.0
2021-11-22 09:22:00+00:00,33,1,2770,16642.75,16643.5,16641.25,16643.0,125,NQ.v.0
2021-11-22 09:23:00+00:00,33,1,2770,16642.5,16644.75,16642.25,16643.25,95,NQ.v.0
2021-11-22 09:24:00+00:00,33,1,2770,16643.25,16644.5,16643.0,16643.75,29,NQ.v.0
2021-11-22 09:25:00+00:00,33,1,2770,16643.75,16645.25,16643.75,16645.0,59,NQ.v.0
2021-11-22 09:26:00+00:00,33,1,2770,16645.25,16646.25,16644.75,16646.0,100,NQ.v.0
2021-11-22 09:27:00+00:00,33,1,2770,16645.5,16648.25,16645.5,16647.25,89,NQ.v.0
2021-11-22 09:28:00+00:00,33,1,2770,16647.25,16648.0,16646.0,16647.0,93,NQ.v.0
2021-11-22 09:29:00+00:00,33,1,2770,16647.0,16647.0,16644.25,16645.75,99,NQ.v.0
2021-11-22 09:30:00+00:00,33,1,2770,16645.25,16645.25,16643.75,16645.0,101,NQ.v.0
2021-11-22 09:31:00+00:00,33,1,2770,16645.25,16646.25,16644.25,16644.75,69,NQ.v.0
2021-11-22 09:32:00+00:00,33,1,2770,16645.0,16645.0,16643.5,16644.0,50,NQ.v.0
2021-11-22 09:33:00+00:00,33,1,2770,16644.0,16645.0,16643.75,16645.0,58,NQ.v.0
2021-11-22 09:34:00+00:00,33,1,2770,16644.5,16645.25,16642.25,16642.25,101,NQ.v.0
2021-11-22 09:35:00+00:00,33,1,2770,16642.75,16644.0,16642.25,16642.25,67,NQ.v.0
2021-11-22 09:36:00+00:00,33,1,2770,16642.75,16643.25,16640.25,16641.0,108,NQ.v.0
2021-11-22 09:37:00+00:00,33,1,2770,16640.75,16641.75,16639.75,16639.75,72,NQ.v.0
2021-11-22 09:38:00+00:00,33,1,2770,16639.75,16640.0,16639.0,16639.75,64,NQ.v.0
2021-11-22 09:39:00+00:00,33,1,2770,16640.0,16640.0,16637.75,16638.25,63,NQ.v.0
2021-11-22 09:40:00+00:00,33,1,2770,16638.25,16639.25,16637.75,16638.75,47,NQ.v.0
2021-11-22 09:41:00+00:00,33,1,2770,16638.25,16640.0,16638.25,16639.5,28,NQ.v.0
2021-11-22 09:42:00+00:00,33,1,2770,16639.0,16639.5,16638.25,16638.75,68,NQ.v.0
2021-11-22 09:43:00+00:00,33,1,2770,16638.75,16638.75,16637.25,16637.75,83,NQ.v.0
2021-11-22 09:44:00+00:00,33,1,2770,16638.25,16639.5,16637.75,16638.5,54,NQ.v.0
2021-11-22 09:45:00+00:00,33,1,2770,16638.5,16640.0,16636.5,16639.5,140,NQ.v.0
2021-11-22 09:46:00+00:00,33,1,2770,16638.75,16638.75,16637.25,16637.25,58,NQ.v.0
2021-11-22 09:47:00+00:00,33,1,2770,16637.25,16637.75,16636.0,16637.0,105,NQ.v.0
2021-11-22 09:48:00+00:00,33,1,2770,16637.0,16637.75,16636.0,16637.5,72,NQ.v.0
2021-11-22 09:49:00+00:00,33,1,2770,16637.25,16637.75,16637.0,16637.25,33,NQ.v.0
2021-11-22 09:50:00+00:00,33,1,2770,16637.25,16637.5,16636.0,16636.75,39,NQ.v.0
2021-11-22 09:51:00+00:00,33,1,2770,16637.5,16637.75,16636.0,16637.25,58,NQ.v.0
2021-11-22 09:52:00+00:00,33,1,2770,16637.25,16640.25,16637.0,16639.25,132,NQ.v.0
2021-11-22 09:53:00+00:00,33,1,2770,16639.25,16640.0,16638.75,16640.0,34,NQ.v.0
2021-11-22 09:54:00+00:00,33,1,2770,16640.0,16643.5,16640.0,16642.75,89,NQ.v.0
2021-11-22 09:55:00+00:00,33,1,2770,16643.5,16645.0,16642.5,16644.0,141,NQ.v.0
2021-11-22 09:56:00+00:00,33,1,2770,16644.0,16646.0,16643.0,16645.75,70,NQ.v.0
2021-11-22 09:57:00+00:00,33,1,2770,16645.5,16645.5,16642.25,16642.25,60,NQ.v.0
2021-11-22 09:58:00+00:00,33,1,2770,16642.75,16643.5,16642.0,16642.25,28,NQ.v.0
2021-11-22 09:59:00+00:00,33,1,2770,16642.25,16642.5,16639.0,16639.5,127,NQ.v.0
2021-11-22 10:00:00+00:00,33,1,2770,16639.75,16640.75,16639.0,16640.25,77,NQ.v.0
2021-11-22 10:01:00+00:00,33,1,2770,16640.5,16641.5,16640.5,16640.5,91,NQ.v.0
2021-11-22 10:02:00+00:00,33,1,2770,16640.75,16643.0,16640.75,16642.25,32,NQ.v.0
2021-11-22 10:03:00+00:00,33,1,2770,16643.0,16644.25,16642.5,16643.25,36,NQ.v.0
2021-11-22 10:04:00+00:00,33,1,2770,16643.25,16643.25,16642.0,16642.75,29,NQ.v.0
2021-11-22 10:05:00+00:00,33,1,2770,16643.5,16645.0,16643.25,16644.25,45,NQ.v.0
2021-11-22 10:06:00+00:00,33,1,2770,16644.25,16646.0,16643.75,16644.5,37,NQ.v.0
2021-11-22 10:07:00+00:00,33,1,2770,16645.25,16645.25,16642.25,16643.5,166,NQ.v.0
2021-11-22 10:08:00+00:00,33,1,2770,16642.75,16642.75,16639.25,16639.75,219,NQ.v.0
2021-11-22 10:09:00+00:00,33,1,2770,16639.75,16640.25,16638.5,16639.5,122,NQ.v.0
2021-11-22 10:10:00+00:00,33,1,2770,16639.75,16643.25,16639.75,16641.75,70,NQ.v.0
2021-11-22 10:11:00+00:00,33,1,2770,16641.25,16642.0,16640.25,16641.0,37,NQ.v.0
2021-11-22 10:12:00+00:00,33,1,2770,16641.5,16641.5,16638.0,16638.0,74,NQ.v.0
2021-11-22 10:13:00+00:00,33,1,2770,16638.25,16641.0,16636.75,16640.75,165,NQ.v.0
2021-11-22 10:14:00+00:00,33,1,2770,16640.5,16640.5,16638.25,16640.0,35,NQ.v.0
2021-11-22 10:15:00+00:00,33,1,2770,16640.0,16641.0,16639.0,16639.25,34,NQ.v.0
2021-11-22 10:16:00+00:00,33,1,2770,16640.0,16640.75,16639.5,16640.25,47,NQ.v.0
2021-11-22 10:17:00+00:00,33,1,2770,16640.75,16641.25,16639.75,16640.0,93,NQ.v.0
2021-11-22 10:18:00+00:00,33,1,2770,16640.0,16642.25,16639.25,16641.5,40,NQ.v.0
2021-11-22 10:19:00+00:00,33,1,2770,16641.25,16641.75,16641.0,16641.75,18,NQ.v.0
2021-11-22 10:20:00+00:00,33,1,2770,16641.75,16642.75,16641.25,16641.5,24,NQ.v.0
2021-11-22 10:21:00+00:00,33,1,2770,16642.25,16642.75,16641.25,16642.25,33,NQ.v.0
2021-11-22 10:22:00+00:00,33,1,2770,16642.0,16642.0,16640.25,16640.5,18,NQ.v.0
2021-11-22 10:23:00+00:00,33,1,2770,16641.0,16641.75,16640.5,16641.5,12,NQ.v.0
2021-11-22 10:24:00+00:00,33,1,2770,16641.25,16641.25,16639.0,16639.5,25,NQ.v.0
2021-11-22 10:25:00+00:00,33,1,2770,16640.0,16642.5,16639.0,16639.0,39,NQ.v.0
2021-11-22 10:26:00+00:00,33,1,2770,16639.0,16639.25,16635.0,16635.0,179,NQ.v.0
2021-11-22 10:27:00+00:00,33,1,2770,16635.25,16636.0,16633.25,16634.25,119,NQ.v.0
2021-11-22 10:28:00+00:00,33,1,2770,16634.5,16636.5,16633.75,16636.5,66,NQ.v.0
2021-11-22 10:29:00+00:00,33,1,2770,16636.75,16637.0,16633.75,16633.75,80,NQ.v.0
2021-11-22 10:30:00+00:00,33,1,2770,16634.0,16638.0,16633.75,16636.75,107,NQ.v.0
2021-11-22 10:31:00+00:00,33,1,2770,16637.0,16637.5,16636.5,16637.0,18,NQ.v.0
2021-11-22 10:32:00+00:00,33,1,2770,16637.25,16637.75,16635.75,16636.25,39,NQ.v.0
2021-11-22 10:33:00+00:00,33,1,2770,16635.75,16636.5,16635.25,16636.0,27,NQ.v.0
2021-11-22 10:34:00+00:00,33,1,2770,16635.75,16636.75,16633.25,16633.5,63,NQ.v.0
2021-11-22 10:35:00+00:00,33,1,2770,16633.75,16635.0,16632.75,16634.75,135,NQ.v.0
2021-11-22 10:36:00+00:00,33,1,2770,16635.0,16636.0,16634.5,16635.75,58,NQ.v.0
2021-11-22 10:37:00+00:00,33,1,2770,16636.25,16639.0,16636.25,16638.75,108,NQ.v.0
2021-11-22 10:38:00+00:00,33,1,2770,16638.75,16639.75,16638.0,16638.5,76,NQ.v.0
2021-11-22 10:39:00+00:00,33,1,2770,16638.25,16640.75,16637.75,16640.0,56,NQ.v.0
2021-11-22 10:40:00+00:00,33,1,2770,16639.75,16640.0,16638.5,16639.5,69,NQ.v.0
2021-11-22 10:41:00+00:00,33,1,2770,16639.0,16639.75,16637.25,16637.75,70,NQ.v.0
2021-11-22 10:42:00+00:00,33,1,2770,16637.75,16637.75,16630.5,16631.0,268,NQ.v.0
2021-11-22 10:43:00+00:00,33,1,2770,16631.0,16635.25,16630.25,16634.75,130,NQ.v.0
2021-11-22 10:44:00+00:00,33,1,2770,16634.75,16635.5,16634.5,16634.5,9,NQ.v.0
2021-11-22 10:45:00+00:00,33,1,2770,16634.5,16634.5,16632.0,16633.25,67,NQ.v.0
2021-11-22 10:46:00+00:00,33,1,2770,16633.5,16633.5,16632.0,16632.0,29,NQ.v.0
2021-11-22 10:47:00+00:00,33,1,2770,16632.25,16633.5,16631.5,16632.5,43,NQ.v.0
2021-11-22 10:48:00+00:00,33,1,2770,16632.75,16633.25,16630.25,16630.75,91,NQ.v.0
2021-11-22 10:49:00+00:00,33,1,2770,16630.5,16632.75,16630.5,16632.25,52,NQ.v.0
2021-11-22 10:50:00+00:00,33,1,2770,16632.0,16633.5,16631.0,16631.0,49,NQ.v.0
2021-11-22 10:51:00+00:00,33,1,2770,16631.5,16631.75,16626.0,16628.75,253,NQ.v.0
2021-11-22 10:52:00+00:00,33,1,2770,16629.0,16631.0,16628.75,16629.5,74,NQ.v.0
2021-11-22 10:53:00+00:00,33,1,2770,16629.5,16632.25,16629.5,16632.25,92,NQ.v.0
2021-11-22 10:54:00+00:00,33,1,2770,16632.25,16632.5,16631.25,16631.25,53,NQ.v.0
2021-11-22 10:55:00+00:00,33,1,2770,16631.25,16633.0,16631.25,16632.0,37,NQ.v.0
2021-11-22 10:56:00+00:00,33,1,2770,16631.5,16633.5,16631.5,16633.0,35,NQ.v.0
2021-11-22 10:57:00+00:00,33,1,2770,16633.0,16633.0,16631.25,16631.5,44,NQ.v.0
2021-11-22 10:58:00+00:00,33,1,2770,16631.25,16633.0,16631.25,16632.25,35,NQ.v.0
2021-11-22 10:59:00+00:00,33,1,2770,16632.75,16633.5,16632.75,16632.75,18,NQ.v.0
2021-11-22 11:00:00+00:00,33,1,2770,16633.25,16633.25,16629.5,16632.25,91,NQ.v.0
2021-11-22 11:01:00+00:00,33,1,2770,16631.5,16632.75,16630.25,16632.5,74,NQ.v.0
2021-11-22 11:02:00+00:00,33,1,2770,16632.75,16632.75,16631.25,16631.75,52,NQ.v.0
2021-11-22 11:03:00+00:00,33,1,2770,16632.25,16635.5,16632.25,16634.75,64,NQ.v.0
2021-11-22 11:04:00+00:00,33,1,2770,16635.0,16636.75,16634.75,16636.0,83,NQ.v.0
2021-11-22 11:05:00+00:00,33,1,2770,16635.75,16636.75,16635.75,16636.75,27,NQ.v.0
2021-11-22 11:06:00+00:00,33,1,2770,16636.5,16637.25,16635.0,16636.25,86,NQ.v.0
2021-11-22 11:07:00+00:00,33,1,2770,16636.5,16639.0,16636.0,16638.5,104,NQ.v.0
2021-11-22 11:08:00+00:00,33,1,2770,16638.75,16639.25,16637.75,16639.25,50,NQ.v.0
2021-11-22 11:09:00+00:00,33,1,2770,16639.5,16641.0,16638.75,16640.75,106,NQ.v.0
2021-11-22 11:10:00+00:00,33,1,2770,16641.0,16641.5,16638.5,16639.0,129,NQ.v.0
2021-11-22 11:11:00+00:00,33,1,2770,16638.75,16640.0,16638.75,16639.75,24,NQ.v.0
2021-11-22 11:12:00+00:00,33,1,2770,16640.0,16640.0,16637.5,16637.5,43,NQ.v.0
2021-11-22 11:13:00+00:00,33,1,2770,16638.0,16638.75,16638.0,16638.25,25,NQ.v.0
2021-11-22 11:14:00+00:00,33,1,2770,16638.5,16638.5,16636.0,16636.25,89,NQ.v.0
2021-11-22 11:15:00+00:00,33,1,2770,16636.0,16638.5,16635.5,16637.75,61,NQ.v.0
2021-11-22 11:16:00+00:00,33,1,2770,16637.75,16637.75,16634.0,16635.0,97,NQ.v.0
2021-11-22 11:17:00+00:00,33,1,2770,16635.5,16635.5,16633.75,16635.25,54,NQ.v.0
2021-11-22 11:18:00+00:00,33,1,2770,16635.75,16637.0,16635.0,16637.0,25,NQ.v.0
2021-11-22 11:19:00+00:00,33,1,2770,16636.75,16638.0,16636.5,16637.0,29,NQ.v.0
2021-11-22 11:20:00+00:00,33,1,2770,16637.75,16638.75,16636.75,16638.0,51,NQ.v.0
2021-11-22 11:21:00+00:00,33,1,2770,16637.75,16638.75,16636.5,16637.75,59,NQ.v.0
2021-11-22 11:22:00+00:00,33,1,2770,16637.25,16637.25,16634.0,16634.5,58,NQ.v.0
2021-11-22 11:23:00+00:00,33,1,2770,16634.25,16635.0,16634.0,16634.5,22,NQ.v.0
2021-11-22 11:24:00+00:00,33,1,2770,16634.75,16636.75,16634.75,16635.75,28,NQ.v.0
2021-11-22 11:25:00+00:00,33,1,2770,16636.0,16636.5,16635.0,16635.75,21,NQ.v.0
2021-11-22 11:26:00+00:00,33,1,2770,16635.25,16636.5,16634.75,16634.75,33,NQ.v.0
2021-11-22 11:27:00+00:00,33,1,2770,16634.75,16636.5,16634.75,16636.5,44,NQ.v.0
2021-11-22 11:28:00+00:00,33,1,2770,16635.25,16635.5,16634.5,16635.0,27,NQ.v.0
2021-11-22 11:29:00+00:00,33,1,2770,16635.0,16635.25,16631.0,16633.0,136,NQ.v.0
2021-11-22 11:30:00+00:00,33,1,2770,16632.5,16632.5,16630.5,16631.0,55,NQ.v.0
2021-11-22 11:31:00+00:00,33,1,2770,16631.0,16632.25,16630.0,16631.75,42,NQ.v.0
2021-11-22 11:32:00+00:00,33,1,2770,16632.25,16634.5,16632.25,16633.5,64,NQ.v.0
2021-11-22 11:33:00+00:00,33,1,2770,16632.75,16633.5,16632.0,16633.5,23,NQ.v.0
2021-11-22 11:34:00+00:00,33,1,2770,16633.5,16634.5,16633.0,16634.5,18,NQ.v.0
2021-11-22 11:35:00+00:00,33,1,2770,16635.25,16635.25,16633.75,16634.25,31,NQ.v.0
2021-11-22 11:36:00+00:00,33,1,2770,16634.25,16635.75,16634.25,16635.25,31,NQ.v.0
2021-11-22 11:37:00+00:00,33,1,2770,16635.25,16638.25,16635.25,16638.0,59,NQ.v.0
2021-11-22 11:38:00+00:00,33,1,2770,16638.0,16639.75,16638.0,16638.75,52,NQ.v.0
2021-11-22 11:39:00+00:00,33,1,2770,16639.25,16644.0,16639.25,16643.75,178,NQ.v.0
2021-11-22 11:40:00+00:00,33,1,2770,16643.5,16646.0,16642.25,16642.25,179,NQ.v.0
2021-11-22 11:41:00+00:00,33,1,2770,16642.75,16643.0,16639.75,16640.25,105,NQ.v.0
2021-11-22 11:42:00+00:00,33,1,2770,16640.0,16640.25,16638.5,16639.25,37,NQ.v.0
2021-11-22 11:43:00+00:00,33,1,2770,16639.0,16639.25,16637.75,16638.25,42,NQ.v.0
2021-11-22 11:44:00+00:00,33,1,2770,16638.25,16639.75,16637.25,16639.25,47,NQ.v.0
2021-11-22 11:45:00+00:00,33,1,2770,16639.0,16639.25,16637.75,16638.5,24,NQ.v.0
2021-11-22 11:46:00+00:00,33,1,2770,16638.5,16639.5,16638.25,16639.5,11,NQ.v.0
2021-11-22 11:47:00+00:00,33,1,2770,16639.0,16639.0,16638.0,16638.5,19,NQ.v.0
2021-11-22 11:48:00+00:00,33,1,2770,16638.25,16639.0,16637.25,16638.0,36,NQ.v.0
2021-11-22 11:49:00+00:00,33,1,2770,16638.25,16638.75,16638.0,16638.75,12,NQ.v.0
2021-11-22 11:50:00+00:00,33,1,2770,16638.75,16640.25,16638.75,16639.5,50,NQ.v.0
2021-11-22 11:51:00+00:00,33,1,2770,16639.75,16640.0,16634.25,16638.75,301,NQ.v.0
2021-11-22 11:52:00+00:00,33,1,2770,16639.0,16643.5,16638.0,16643.5,452,NQ.v.0
2021-11-22 11:53:00+00:00,33,1,2770,16643.0,16644.75,16636.25,16644.0,734,NQ.v.0
2021-11-22 11:54:00+00:00,33,1,2770,16643.75,16644.5,16637.5,16642.0,215,NQ.v.0
2021-11-22 11:55:00+00:00,33,1,2770,16643.0,16644.5,16640.25,16640.75,266,NQ.v.0
2021-11-22 11:56:00+00:00,33,1,2770,16641.0,16642.75,16639.5,16642.75,108,NQ.v.0
2021-11-22 11:57:00+00:00,33,1,2770,16642.0,16644.0,16641.0,16643.75,113,NQ.v.0
2021-11-22 11:58:00+00:00,33,1,2770,16644.25,16645.25,16642.75,16644.75,159,NQ.v.0
2021-11-22 11:59:00+00:00,33,1,2770,16644.5,16645.5,16640.5,16641.25,144,NQ.v.0
2021-11-22 12:00:00+00:00,33,1,2770,16640.75,16645.5,16640.25,16643.75,203,NQ.v.0
2021-11-22 12:01:00+00:00,33,1,2770,16643.5,16643.5,16637.75,16639.25,290,NQ.v.0
2021-11-22 12:02:00+00:00,33,1,2770,16640.0,16642.0,16637.5,16642.0,180,NQ.v.0
2021-11-22 12:03:00+00:00,33,1,2770,16641.5,16647.25,16639.75,16646.5,189,NQ.v.0
2021-11-22 12:04:00+00:00,33,1,2770,16646.5,16647.25,16643.0,16643.75,151,NQ.v.0
2021-11-22 12:05:00+00:00,33,1,2770,16643.5,16646.5,16642.75,16646.0,207,NQ.v.0
2021-11-22 12:06:00+00:00,33,1,2770,16646.0,16647.25,16644.0,16644.0,192,NQ.v.0
2021-11-22 12:07:00+00:00,33,1,2770,16644.0,16645.5,16643.25,16644.75,52,NQ.v.0
2021-11-22 12:08:00+00:00,33,1,2770,16644.75,16645.5,16642.0,16643.25,94,NQ.v.0
2021-11-22 12:09:00+00:00,33,1,2770,16643.25,16644.75,16643.0,16644.75,120,NQ.v.0
2021-11-22 12:10:00+00:00,33,1,2770,16644.5,16645.25,16643.0,16643.0,47,NQ.v.0
2021-11-22 12:11:00+00:00,33,1,2770,16643.0,16643.0,16641.25,16642.25,66,NQ.v.0
2021-11-22 12:12:00+00:00,33,1,2770,16642.5,16642.75,16639.75,16639.75,199,NQ.v.0
2021-11-22 12:13:00+00:00,33,1,2770,16640.5,16641.0,16637.25,16637.75,175,NQ.v.0
2021-11-22 12:14:00+00:00,33,1,2770,16638.0,16638.0,16634.25,16634.5,231,NQ.v.0
2021-11-22 12:15:00+00:00,33,1,2770,16634.25,16637.75,16634.25,16636.5,152,NQ.v.0
2021-11-22 12:16:00+00:00,33,1,2770,16636.5,16638.25,16634.25,16637.75,116,NQ.v.0
2021-11-22 12:17:00+00:00,33,1,2770,16637.75,16638.5,16636.25,16636.75,47,NQ.v.0
2021-11-22 12:18:00+00:00,33,1,2770,16636.25,16636.75,16633.0,16634.5,118,NQ.v.0
2021-11-22 12:19:00+00:00,33,1,2770,16633.75,16634.0,16631.5,16633.0,128,NQ.v.0
2021-11-22 12:20:00+00:00,33,1,2770,16632.25,16633.5,16628.5,16629.0,380,NQ.v.0
2021-11-22 12:21:00+00:00,33,1,2770,16629.0,16635.5,16628.5,16634.75,235,NQ.v.0
2021-11-22 12:22:00+00:00,33,1,2770,16634.25,16634.25,16630.75,16632.0,162,NQ.v.0
2021-11-22 12:23:00+00:00,33,1,2770,16631.5,16632.0,16627.5,16629.25,124,NQ.v.0
2021-11-22 12:24:00+00:00,33,1,2770,16629.5,16633.75,16629.5,16632.5,115,NQ.v.0
2021-11-22 12:25:00+00:00,33,1,2770,16632.75,16635.25,16632.25,16632.25,75,NQ.v.0
2021-11-22 12:26:00+00:00,33,1,2770,16631.75,16634.25,16631.5,16634.25,56,NQ.v.0
2021-11-22 12:27:00+00:00,33,1,2770,16634.0,16634.5,16632.5,16634.0,49,NQ.v.0
2021-11-22 12:28:00+00:00,33,1,2770,16634.0,16636.0,16633.25,16636.0,100,NQ.v.0
2021-11-22 12:29:00+00:00,33,1,2770,16635.75,16636.5,16633.5,16634.0,107,NQ.v.0
2021-11-22 12:30:00+00:00,33,1,2770,16633.5,16636.5,16631.5,16636.5,211,NQ.v.0
2021-11-22 12:31:00+00:00,33,1,2770,16636.5,16637.25,16634.75,16636.5,110,NQ.v.0
2021-11-22 12:32:00+00:00,33,1,2770,16636.5,16643.5,16636.5,16643.5,360,NQ.v.0
2021-11-22 12:33:00+00:00,33,1,2770,16643.25,16643.25,16640.25,16640.25,114,NQ.v.0
2021-11-22 12:34:00+00:00,33,1,2770,16640.75,16642.0,16639.75,16640.25,79,NQ.v.0
2021-11-22 12:35:00+00:00,33,1,2770,16640.0,16641.5,16639.5,16640.0,48,NQ.v.0
2021-11-22 12:36:00+00:00,33,1,2770,16640.25,16640.5,16639.5,16640.5,40,NQ.v.0
2021-11-22 12:37:00+00:00,33,1,2770,16640.75,16642.25,16640.75,16642.0,77,NQ.v.0
2021-11-22 12:38:00+00:00,33,1,2770,16641.25,16643.0,16640.75,16642.25,52,NQ.v.0
2021-11-22 12:39:00+00:00,33,1,2770,16642.25,16642.25,16639.0,16641.5,169,NQ.v.0
2021-11-22 12:40:00+00:00,33,1,2770,16641.25,16641.5,16639.5,16640.0,56,NQ.v.0
2021-11-22 12:41:00+00:00,33,1,2770,16639.75,16640.25,16638.75,16639.25,78,NQ.v.0
2021-11-22 12:42:00+00:00,33,1,2770,16639.0,16641.25,16637.75,16640.25,94,NQ.v.0
2021-11-22 12:43:00+00:00,33,1,2770,16640.25,16642.25,16638.5,16642.0,90,NQ.v.0
2021-11-22 12:44:00+00:00,33,1,2770,16641.75,16642.5,16639.75,16640.5,68,NQ.v.0
2021-11-22 12:45:00+00:00,33,1,2770,16640.75,16642.5,16640.75,16641.25,22,NQ.v.0
2021-11-22 12:46:00+00:00,33,1,2770,16641.25,16642.0,16640.5,16642.0,28,NQ.v.0
2021-11-22 12:47:00+00:00,33,1,2770,16642.25,16643.25,16641.5,16643.0,59,NQ.v.0
2021-11-22 12:48:00+00:00,33,1,2770,16643.25,16644.0,16641.0,16641.5,109,NQ.v.0
2021-11-22 12:49:00+00:00,33,1,2770,16642.0,16642.0,16641.0,16641.0,14,NQ.v.0
2021-11-22 12:50:00+00:00,33,1,2770,16641.25,16641.75,16641.0,16641.5,43,NQ.v.0
2021-11-22 12:51:00+00:00,33,1,2770,16641.75,16642.0,16639.25,16640.0,76,NQ.v.0
2021-11-22 12:52:00+00:00,33,1,2770,16639.75,16640.0,16639.0,16639.5,28,NQ.v.0
2021-11-22 12:53:00+00:00,33,1,2770,16639.25,16639.75,16636.5,16639.0,104,NQ.v.0
2021-11-22 12:54:00+00:00,33,1,2770,16638.5,16639.0,16637.75,16637.75,26,NQ.v.0
2021-11-22 12:55:00+00:00,33,1,2770,16637.75,16639.0,16635.75,16636.25,65,NQ.v.0
2021-11-22 12:56:00+00:00,33,1,2770,16636.0,16636.75,16634.25,16634.5,112,NQ.v.0
2021-11-22 12:57:00+00:00,33,1,2770,16634.5,16635.5,16634.0,16634.5,52,NQ.v.0
2021-11-22 12:58:00+00:00,33,1,2770,16634.75,16636.0,16634.0,16634.75,107,NQ.v.0
2021-11-22 12:59:00+00:00,33,1,2770,16634.75,16635.0,16634.25,16634.25,41,NQ.v.0
2021-11-22 13:00:00+00:00,33,1,2770,16635.0,16636.75,16632.5,16634.25,200,NQ.v.0
2021-11-22 13:01:00+00:00,33,1,2770,16634.5,16635.25,16632.5,16635.0,97,NQ.v.0
2021-11-22 13:02:00+00:00,33,1,2770,16635.5,16635.5,16633.0,16633.75,87,NQ.v.0
2021-11-22 13:03:00+00:00,33,1,2770,16634.0,16634.25,16630.25,16632.75,237,NQ.v.0
2021-11-22 13:04:00+00:00,33,1,2770,16633.5,16638.0,16633.5,16637.0,191,NQ.v.0
2021-11-22 13:05:00+00:00,33,1,2770,16637.0,16638.0,16634.75,16635.25,134,NQ.v.0
2021-11-22 13:06:00+00:00,33,1,2770,16635.5,16636.0,16634.25,16636.0,64,NQ.v.0
2021-11-22 13:07:00+00:00,33,1,2770,16635.5,16637.0,16634.0,16636.5,143,NQ.v.0
2021-11-22 13:08:00+00:00,33,1,2770,16636.75,16637.5,16634.75,16636.25,93,NQ.v.0
2021-11-22 13:09:00+00:00,33,1,2770,16636.25,16636.5,16633.75,16634.75,131,NQ.v.0
2021-11-22 13:10:00+00:00,33,1,2770,16634.75,16638.0,16634.75,16637.75,139,NQ.v.0
2021-11-22 13:11:00+00:00,33,1,2770,16638.0,16640.0,16633.75,16636.0,267,NQ.v.0
2021-11-22 13:12:00+00:00,33,1,2770,16635.25,16637.5,16635.25,16636.5,64,NQ.v.0
2021-11-22 13:13:00+00:00,33,1,2770,16637.0,16638.0,16636.5,16636.75,62,NQ.v.0
2021-11-22 13:14:00+00:00,33,1,2770,16637.0,16637.75,16634.0,16634.0,105,NQ.v.0
2021-11-22 13:15:00+00:00,33,1,2770,16634.0,16635.25,16631.75,16632.25,197,NQ.v.0
2021-11-22 13:16:00+00:00,33,1,2770,16632.0,16632.5,16630.25,16631.75,154,NQ.v.0
2021-11-22 13:17:00+00:00,33,1,2770,16631.5,16633.5,16630.25,16632.75,181,NQ.v.0
2021-11-22 13:18:00+00:00,33,1,2770,16633.0,16634.0,16631.5,16632.75,133,NQ.v.0
2021-11-22 13:19:00+00:00,33,1,2770,16632.5,16633.25,16631.0,16633.0,75,NQ.v.0
2021-11-22 13:20:00+00:00,33,1,2770,16633.0,16633.5,16630.25,16631.75,221,NQ.v.0
2021-11-22 13:21:00+00:00,33,1,2770,16631.25,16633.5,16631.25,16633.5,67,NQ.v.0
2021-11-22 13:22:00+00:00,33,1,2770,16633.75,16634.75,16633.25,16634.75,76,NQ.v.0
2021-11-22 13:23:00+00:00,33,1,2770,16634.75,16636.25,16634.25,16636.0,95,NQ.v.0
2021-11-22 13:24:00+00:00,33,1,2770,16635.75,16637.25,16635.75,16637.0,70,NQ.v.0
2021-11-22 13:25:00+00:00,33,1,2770,16637.25,16640.5,16636.75,16640.5,148,NQ.v.0
2021-11-22 13:26:00+00:00,33,1,2770,16640.25,16642.0,16638.5,16641.5,276,NQ.v.0
2021-11-22 13:27:00+00:00,33,1,2770,16641.5,16642.5,16640.5,16641.25,146,NQ.v.0
2021-11-22 13:28:00+00:00,33,1,2770,16641.0,16641.0,16639.5,16640.5,106,NQ.v.0
2021-11-22 13:29:00+00:00,33,1,2770,16640.25,16641.75,16639.5,16639.5,87,NQ.v.0
2021-11-22 13:30:00+00:00,33,1,2770,16639.5,16644.0,16639.0,16643.5,292,NQ.v.0
2021-11-22 13:31:00+00:00,33,1,2770,16643.75,16645.0,16642.5,16642.5,239,NQ.v.0
2021-11-22 13:32:00+00:00,33,1,2770,16642.25,16644.25,16642.0,16643.75,138,NQ.v.0
2021-11-22 13:33:00+00:00,33,1,2770,16644.0,16647.0,16644.0,16646.25,310,NQ.v.0
2021-11-22 13:34:00+00:00,33,1,2770,16646.0,16646.75,16644.0,16645.0,197,NQ.v.0
2021-11-22 13:35:00+00:00,33,1,2770,16645.25,16645.25,16642.75,16643.0,202,NQ.v.0
2021-11-22 13:36:00+00:00,33,1,2770,16643.5,16644.0,16642.75,16643.5,74,NQ.v.0
2021-11-22 13:37:00+00:00,33,1,2770,16643.5,16645.75,16643.5,16645.25,80,NQ.v.0
2021-11-22 13:38:00+00:00,33,1,2770,16645.0,16645.5,16644.0,16644.5,61,NQ.v.0
2021-11-22 13:39:00+00:00,33,1,2770,16645.0,16648.25,16645.0,16645.75,226,NQ.v.0
2021-11-22 13:40:00+00:00,33,1,2770,16645.25,16645.25,16639.5,16641.25,379,NQ.v.0
2021-11-22 13:41:00+00:00,33,1,2770,16641.25,16645.25,16641.25,16644.75,124,NQ.v.0
2021-11-22 13:42:00+00:00,33,1,2770,16645.0,16645.75,16644.0,16644.25,83,NQ.v.0
2021-11-22 13:43:00+00:00,33,1,2770,16644.5,16646.0,16644.25,16646.0,53,NQ.v.0
2021-11-22 13:44:00+00:00,33,1,2770,16646.0,16646.0,16643.25,16643.75,71,NQ.v.0
2021-11-22 13:45:00+00:00,33,1,2770,16643.75,16646.0,16643.75,16645.0,154,NQ.v.0
2021-11-22 13:46:00+00:00,33,1,2770,16645.0,16646.0,16645.0,16645.25,58,NQ.v.0
2021-11-22 13:47:00+00:00,33,1,2770,16645.5,16646.25,16642.75,16644.75,131,NQ.v.0
2021-11-22 13:48:00+00:00,33,1,2770,16645.0,16646.25,16643.75,16644.0,122,NQ.v.0
2021-11-22 13:49:00+00:00,33,1,2770,16644.0,16644.25,16641.75,16642.25,208,NQ.v.0
2021-11-22 13:50:00+00:00,33,1,2770,16642.0,16642.75,16638.0,16639.75,466,NQ.v.0
2021-11-22 13:51:00+00:00,33,1,2770,16639.5,16640.75,16639.0,16640.0,42,NQ.v.0
2021-11-22 13:52:00+00:00,33,1,2770,16639.75,16640.75,16639.25,16640.75,48,NQ.v.0
2021-11-22 13:53:00+00:00,33,1,2770,16641.0,16642.75,16640.5,16642.25,117,NQ.v.0
2021-11-22 13:54:00+00:00,33,1,2770,16642.25,16644.75,16642.0,16643.5,94,NQ.v.0
2021-11-22 13:55:00+00:00,33,1,2770,16643.25,16647.25,16642.5,16646.5,246,NQ.v.0
2021-11-22 13:56:00+00:00,33,1,2770,16647.0,16653.0,16646.75,16652.75,644,NQ.v.0
2021-11-22 13:57:00+00:00,33,1,2770,16652.75,16654.0,16648.0,16650.75,515,NQ.v.0
2021-11-22 13:58:00+00:00,33,1,2770,16650.75,16651.5,16650.0,16650.25,164,NQ.v.0
2021-11-22 13:59:00+00:00,33,1,2770,16650.0,16651.5,16649.75,16651.0,119,NQ.v.0
2021-11-22 14:00:00+00:00,33,1,2770,16651.5,16662.0,16643.5,16648.5,2663,NQ.v.0
2021-11-22 14:01:00+00:00,33,1,2770,16649.0,16649.25,16639.0,16642.5,865,NQ.v.0
2021-11-22 14:02:00+00:00,33,1,2770,16643.0,16652.0,16642.25,16651.25,548,NQ.v.0
2021-11-22 14:03:00+00:00,33,1,2770,16651.25,16654.5,16649.5,16652.25,493,NQ.v.0
2021-11-22 14:04:00+00:00,33,1,2770,16652.75,16656.75,16651.75,16652.25,475,NQ.v.0
2021-11-22 14:05:00+00:00,33,1,2770,16652.25,16652.25,16646.25,16648.5,663,NQ.v.0
2021-11-22 14:06:00+00:00,33,1,2770,16649.25,16653.5,16648.25,16652.5,232,NQ.v.0
2021-11-22 14:07:00+00:00,33,1,2770,16652.25,16655.75,16648.0,16649.5,531,NQ.v.0
2021-11-22 14:08:00+00:00,33,1,2770,16650.0,16651.5,16645.5,16651.0,352,NQ.v.0
2021-11-22 14:09:00+00:00,33,1,2770,16651.0,16652.5,16648.0,16648.75,191,NQ.v.0
2021-11-22 14:10:00+00:00,33,1,2770,16648.0,16652.5,16645.25,16651.0,404,NQ.v.0
2021-11-22 14:11:00+00:00,33,1,2770,16651.0,16654.5,16651.0,16654.25,305,NQ.v.0
2021-11-22 14:12:00+00:00,33,1,2770,16654.5,16654.75,16651.25,16652.0,234,NQ.v.0
2021-11-22 14:13:00+00:00,33,1,2770,16652.0,16653.25,16651.0,16652.0,143,NQ.v.0
2021-11-22 14:14:00+00:00,33,1,2770,16652.0,16653.75,16651.0,16651.25,125,NQ.v.0
2021-11-22 14:15:00+00:00,33,1,2770,16651.0,16652.25,16647.5,16650.25,405,NQ.v.0
2021-11-22 14:16:00+00:00,33,1,2770,16650.5,16650.5,16642.0,16644.5,573,NQ.v.0
2021-11-22 14:17:00+00:00,33,1,2770,16645.0,16647.0,16642.5,16644.75,450,NQ.v.0
2021-11-22 14:18:00+00:00,33,1,2770,16644.5,16647.25,16642.5,16644.75,348,NQ.v.0
2021-11-22 14:19:00+00:00,33,1,2770,16645.0,16645.5,16642.25,16645.0,266,NQ.v.0
2021-11-22 14:20:00+00:00,33,1,2770,16644.75,16644.75,16636.25,16637.0,637,NQ.v.0
2021-11-22 14:21:00+00:00,33,1,2770,16637.5,16639.75,16636.0,16639.25,379,NQ.v.0
2021-11-22 14:22:00+00:00,33,1,2770,16639.25,16644.5,16639.0,16642.5,268,NQ.v.0
2021-11-22 14:23:00+00:00,33,1,2770,16642.75,16644.0,16639.75,16640.5,283,NQ.v.0
2021-11-22 14:24:00+00:00,33,1,2770,16640.5,16640.75,16637.0,16637.75,252,NQ.v.0
2021-11-22 14:25:00+00:00,33,1,2770,16637.5,16642.75,16636.75,16642.5,453,NQ.v.0
2021-11-22 14:26:00+00:00,33,1,2770,16642.25,16642.25,16638.25,16639.0,264,NQ.v.0
2021-11-22 14:27:00+00:00,33,1,2770,16639.0,16640.75,16637.0,16638.0,403,NQ.v.0
2021-11-22 14:28:00+00:00,33,1,2770,16637.75,16641.25,16633.75,16640.0,775,NQ.v.0
2021-11-22 14:29:00+00:00,33,1,2770,16640.5,16641.25,16636.0,16638.75,726,NQ.v.0
2021-11-22 14:30:00+00:00,33,1,2770,16638.5,16653.5,16638.25,16653.25,5110,NQ.v.0
2021-11-22 14:31:00+00:00,33,1,2770,16652.75,16677.25,16646.75,16670.0,5661,NQ.v.0
2021-11-22 14:32:00+00:00,33,1,2770,16669.75,16682.0,16666.5,16670.0,3548,NQ.v.0
2021-11-22 14:33:00+00:00,33,1,2770,16670.5,16679.5,16668.5,16675.0,2614,NQ.v.0
2021-11-22 14:34:00+00:00,33,1,2770,16674.75,16676.0,16664.0,16670.25,2766,NQ.v.0
2021-11-22 14:35:00+00:00,33,1,2770,16670.5,16691.25,16669.75,16675.0,5451,NQ.v.0
2021-11-22 14:36:00+00:00,33,1,2770,16675.25,16681.5,16670.0,16678.75,2658,NQ.v.0
2021-11-22 14:37:00+00:00,33,1,2770,16679.25,16684.5,16675.5,16678.25,2066,NQ.v.0
2021-11-22 14:38:00+00:00,33,1,2770,16678.75,16689.5,16678.5,16686.75,2443,NQ.v.0
2021-11-22 14:39:00+00:00,33,1,2770,16687.0,16699.25,16687.0,16696.25,3514,NQ.v.0
2021-11-22 14:40:00+00:00,33,1,2770,16696.0,16705.25,16688.0,16692.25,3955,NQ.v.0
2021-11-22 14:41:00+00:00,33,1,2770,16692.25,16700.0,16691.75,16698.75,1778,NQ.v.0
2021-11-22 14:42:00+00:00,33,1,2770,16699.0,16708.0,16690.5,16692.5,2611,NQ.v.0
2021-11-22 14:43:00+00:00,33,1,2770,16692.5,16700.75,16692.0,16696.75,1898,NQ.v.0
2021-11-22 14:44:00+00:00,33,1,2770,16697.25,16711.5,16695.25,16711.5,2439,NQ.v.0
2021-11-22 14:45:00+00:00,33,1,2770,16711.25,16714.5,16697.75,16700.25,3245,NQ.v.0
2021-11-22 14:46:00+00:00,33,1,2770,16699.75,16706.5,16696.5,16704.25,1626,NQ.v.0
2021-11-22 14:47:00+00:00,33,1,2770,16703.75,16707.5,16696.25,16700.5,2425,NQ.v.0
2021-11-22 14:48:00+00:00,33,1,2770,16700.75,16711.75,16700.0,16711.25,2294,NQ.v.0
2021-11-22 14:49:00+00:00,33,1,2770,16711.75,16731.0,16710.75,16730.25,4906,NQ.v.0
2021-11-22 14:50:00+00:00,33,1,2770,16730.25,16734.25,16715.0,16716.25,4195,NQ.v.0
2021-11-22 14:51:00+00:00,33,1,2770,16716.75,16727.5,16716.75,16722.75,2212,NQ.v.0
2021-11-22 14:52:00+00:00,33,1,2770,16722.75,16726.0,16718.5,16723.25,1177,NQ.v.0
2021-11-22 14:53:00+00:00,33,1,2770,16722.75,16732.5,16720.75,16731.5,1929,NQ.v.0
2021-11-22 14:54:00+00:00,33,1,2770,16732.0,16735.25,16723.0,16729.25,2316,NQ.v.0
2021-11-22 14:55:00+00:00,33,1,2770,16729.5,16736.5,16727.5,16729.75,1998,NQ.v.0
2021-11-22 14:56:00+00:00,33,1,2770,16730.0,16737.75,16725.75,16727.25,2744,NQ.v.0
2021-11-22 14:57:00+00:00,33,1,2770,16727.0,16732.25,16724.25,16728.5,1494,NQ.v.0
2021-11-22 14:58:00+00:00,33,1,2770,16728.25,16730.75,16720.0,16720.75,1427,NQ.v.0
2021-11-22 14:59:00+00:00,33,1,2770,16721.0,16725.0,16719.0,16721.5,1331,NQ.v.0
2021-11-22 15:00:00+00:00,33,1,2770,16721.5,16742.75,16721.5,16737.5,4264,NQ.v.0
2021-11-22 15:01:00+00:00,33,1,2770,16737.5,16748.25,16734.0,16745.0,3502,NQ.v.0
2021-11-22 15:02:00+00:00,33,1,2770,16745.25,16751.0,16743.25,16745.75,2494,NQ.v.0
2021-11-22 15:03:00+00:00,33,1,2770,16746.0,16749.0,16741.5,16747.5,1926,NQ.v.0
2021-11-22 15:04:00+00:00,33,1,2770,16747.75,16758.25,16740.5,16744.25,3660,NQ.v.0
2021-11-22 15:05:00+00:00,33,1,2770,16744.5,16744.5,16728.75,16735.0,3137,NQ.v.0
2021-11-22 15:06:00+00:00,33,1,2770,16735.5,16740.0,16732.5,16736.25,1541,NQ.v.0
2021-11-22 15:07:00+00:00,33,1,2770,16737.0,16744.25,16734.75,16743.0,1875,NQ.v.0
2021-11-22 15:08:00+00:00,33,1,2770,16743.25,16748.5,16740.25,16740.75,2334,NQ.v.0
2021-11-22 15:09:00+00:00,33,1,2770,16740.75,16746.25,16740.25,16743.0,1320,NQ.v.0
2021-11-22 15:10:00+00:00,33,1,2770,16743.25,16751.0,16740.75,16745.5,1942,NQ.v.0
2021-11-22 15:11:00+00:00,33,1,2770,16745.75,16750.25,16742.75,16745.75,1424,NQ.v.0
2021-11-22 15:12:00+00:00,33,1,2770,16746.0,16749.25,16741.75,16747.75,1324,NQ.v.0
2021-11-22 15:13:00+00:00,33,1,2770,16748.0,16751.75,16745.5,16750.5,1433,NQ.v.0
2021-11-22 15:14:00+00:00,33,1,2770,16750.25,16758.0,16749.0,16754.75,1912,NQ.v.0
2021-11-22 15:15:00+00:00,33,1,2770,16755.0,16758.0,16750.5,16752.0,1588,NQ.v.0
2021-11-22 15:16:00+00:00,33,1,2770,16752.25,16767.5,16752.0,16756.0,3605,NQ.v.0
2021-11-22 15:17:00+00:00,33,1,2770,16756.25,16757.0,16751.0,16753.5,1504,NQ.v.0
2021-11-22 15:18:00+00:00,33,1,2770,16753.5,16757.75,16750.5,16756.0,1428,NQ.v.0
2021-11-22 15:19:00+00:00,33,1,2770,16755.75,16757.0,16750.5,16750.5,1073,NQ.v.0
2021-11-22 15:20:00+00:00,33,1,2770,16750.75,16756.0,16747.75,16748.0,1708,NQ.v.0
2021-11-22 15:21:00+00:00,33,1,2770,16748.25,16754.5,16746.25,16748.25,1314,NQ.v.0
2021-11-22 15:22:00+00:00,33,1,2770,16748.5,16754.5,16747.75,16750.75,1053,NQ.v.0
2021-11-22 15:23:00+00:00,33,1,2770,16750.5,16752.5,16748.25,16752.0,835,NQ.v.0
2021-11-22 15:24:00+00:00,33,1,2770,16752.0,16756.25,16751.5,16753.25,933,NQ.v.0
2021-11-22 15:25:00+00:00,33,1,2770,16753.25,16754.0,16746.5,16748.75,1171,NQ.v.0
2021-11-22 15:26:00+00:00,33,1,2770,16748.75,16749.75,16738.0,16742.5,2140,NQ.v.0
2021-11-22 15:27:00+00:00,33,1,2770,16742.75,16747.75,16742.75,16743.75,1106,NQ.v.0
2021-11-22 15:28:00+00:00,33,1,2770,16744.25,16746.0,16740.5,16741.5,862,NQ.v.0
2021-11-22 15:29:00+00:00,33,1,2770,16741.5,16744.0,16737.0,16743.5,1478,NQ.v.0
2021-11-22 15:30:00+00:00,33,1,2770,16744.0,16748.75,16743.5,16746.75,1627,NQ.v.0
2021-11-22 15:31:00+00:00,33,1,2770,16747.25,16750.25,16744.5,16746.0,980,NQ.v.0
2021-11-22 15:32:00+00:00,33,1,2770,16746.0,16747.25,16741.5,16747.25,951,NQ.v.0
2021-11-22 15:33:00+00:00,33,1,2770,16747.5,16749.0,16743.25,16747.5,1046,NQ.v.0
2021-11-22 15:34:00+00:00,33,1,2770,16747.75,16748.75,16743.0,16744.75,760,NQ.v.0
2021-11-22 15:35:00+00:00,33,1,2770,16745.0,16747.0,16740.25,16740.5,855,NQ.v.0
2021-11-22 15:36:00+00:00,33,1,2770,16740.75,16742.0,16736.0,16738.25,1058,NQ.v.0
2021-11-22 15:37:00+00:00,33,1,2770,16738.5,16741.75,16738.5,16739.0,873,NQ.v.0
2021-11-22 15:38:00+00:00,33,1,2770,16739.25,16743.75,16738.75,16742.25,851,NQ.v.0
2021-11-22 15:39:00+00:00,33,1,2770,16742.5,16744.5,16738.75,16740.0,751,NQ.v.0
2021-11-22 15:40:00+00:00,33,1,2770,16740.25,16745.75,16737.5,16742.75,1053,NQ.v.0
2021-11-22 15:41:00+00:00,33,1,2770,16743.0,16743.25,16734.5,16736.75,1387,NQ.v.0
2021-11-22 15:42:00+00:00,33,1,2770,16736.75,16739.0,16735.25,16738.5,704,NQ.v.0
2021-11-22 15:43:00+00:00,33,1,2770,16738.75,16739.75,16736.0,16736.75,720,NQ.v.0
2021-11-22 15:44:00+00:00,33,1,2770,16737.0,16740.75,16735.5,16737.5,796,NQ.v.0
2021-11-22 15:45:00+00:00,33,1,2770,16737.75,16738.75,16733.75,16736.5,1286,NQ.v.0
2021-11-22 15:46:00+00:00,33,1,2770,16736.75,16741.0,16734.75,16737.0,976,NQ.v.0
2021-11-22 15:47:00+00:00,33,1,2770,16737.25,16741.5,16735.25,16741.0,949,NQ.v.0
2021-11-22 15:48:00+00:00,33,1,2770,16741.0,16743.75,16739.75,16742.75,1001,NQ.v.0
2021-11-22 15:49:00+00:00,33,1,2770,16743.0,16744.5,16734.75,16735.0,915,NQ.v.0
2021-11-22 15:50:00+00:00,33,1,2770,16735.25,16739.5,16734.5,16735.25,993,NQ.v.0
2021-11-22 15:51:00+00:00,33,1,2770,16735.0,16735.25,16730.0,16733.75,1324,NQ.v.0
2021-11-22 15:52:00+00:00,33,1,2770,16734.0,16735.25,16730.0,16730.75,879,NQ.v.0
2021-11-22 15:53:00+00:00,33,1,2770,16730.75,16731.5,16723.5,16729.25,1794,NQ.v.0
2021-11-22 15:54:00+00:00,33,1,2770,16729.5,16731.0,16722.75,16725.25,1226,NQ.v.0
2021-11-22 15:55:00+00:00,33,1,2770,16725.75,16727.5,16720.25,16723.25,1334,NQ.v.0
2021-11-22 15:56:00+00:00,33,1,2770,16723.5,16726.5,16706.5,16707.75,3061,NQ.v.0
2021-11-22 15:57:00+00:00,33,1,2770,16708.0,16708.25,16694.25,16695.0,3925,NQ.v.0
2021-11-22 15:58:00+00:00,33,1,2770,16694.75,16699.5,16691.5,16694.5,2323,NQ.v.0
2021-11-22 15:59:00+00:00,33,1,2770,16694.25,16703.0,16690.0,16699.0,2170,NQ.v.0
2021-11-22 16:00:00+00:00,33,1,2770,16698.75,16703.75,16695.0,16697.75,1555,NQ.v.0
2021-11-22 16:01:00+00:00,33,1,2770,16697.5,16704.75,16693.25,16703.0,1773,NQ.v.0
2021-11-22 16:02:00+00:00,33,1,2770,16702.75,16705.5,16694.25,16695.0,1195,NQ.v.0
2021-11-22 16:03:00+00:00,33,1,2770,16694.5,16694.75,16672.5,16676.25,3972,NQ.v.0
2021-11-22 16:04:00+00:00,33,1,2770,16676.25,16682.25,16669.0,16669.5,1893,NQ.v.0
2021-11-22 16:05:00+00:00,33,1,2770,16669.25,16673.5,16657.25,16665.75,3555,NQ.v.0
2021-11-22 16:06:00+00:00,33,1,2770,16665.25,16669.25,16660.75,16664.75,2376,NQ.v.0
2021-11-22 16:07:00+00:00,33,1,2770,16664.5,16667.0,16657.75,16659.0,2224,NQ.v.0
2021-11-22 16:08:00+00:00,33,1,2770,16658.75,16666.0,16655.25,16662.5,2131,NQ.v.0
2021-11-22 16:09:00+00:00,33,1,2770,16662.0,16669.0,16660.75,16663.75,1438,NQ.v.0
2021-11-22 16:10:00+00:00,33,1,2770,16663.75,16667.0,16659.75,16666.25,1526,NQ.v.0
2021-11-22 16:11:00+00:00,33,1,2770,16666.75,16667.75,16648.5,16649.75,2318,NQ.v.0
2021-11-22 16:12:00+00:00,33,1,2770,16649.75,16651.25,16636.5,16649.0,3423,NQ.v.0
2021-11-22 16:13:00+00:00,33,1,2770,16649.0,16649.75,16643.25,16647.0,1472,NQ.v.0
2021-11-22 16:14:00+00:00,33,1,2770,16647.0,16658.75,16645.75,16654.25,1805,NQ.v.0
2021-11-22 16:15:00+00:00,33,1,2770,16654.0,16658.25,16650.5,16654.0,1217,NQ.v.0
2021-11-22 16:16:00+00:00,33,1,2770,16653.5,16654.0,16645.25,16647.5,1386,NQ.v.0
2021-11-22 16:17:00+00:00,33,1,2770,16647.25,16651.5,16640.25,16643.5,1302,NQ.v.0
2021-11-22 16:18:00+00:00,33,1,2770,16643.5,16648.75,16641.0,16644.75,851,NQ.v.0
2021-11-22 16:19:00+00:00,33,1,2770,16644.75,16644.75,16639.5,16642.0,1010,NQ.v.0
2021-11-22 16:20:00+00:00,33,1,2770,16642.25,16652.25,16638.25,16648.25,2015,NQ.v.0
2021-11-22 16:21:00+00:00,33,1,2770,16648.5,16649.0,16641.75,16642.5,936,NQ.v.0
2021-11-22 16:22:00+00:00,33,1,2770,16642.75,16643.0,16621.75,16628.75,4060,NQ.v.0
2021-11-22 16:23:00+00:00,33,1,2770,16629.25,16634.75,16627.75,16632.25,1400,NQ.v.0
2021-11-22 16:24:00+00:00,33,1,2770,16632.5,16638.75,16629.5,16632.0,1581,NQ.v.0
2021-11-22 16:25:00+00:00,33,1,2770,16632.25,16633.0,16617.75,16618.25,2356,NQ.v.0
2021-11-22 16:26:00+00:00,33,1,2770,16618.25,16624.5,16616.75,16618.5,1571,NQ.v.0
2021-11-22 16:27:00+00:00,33,1,2770,16618.25,16622.0,16608.5,16608.75,2056,NQ.v.0
2021-11-22 16:28:00+00:00,33,1,2770,16608.25,16614.25,16603.25,16609.0,2975,NQ.v.0
2021-11-22 16:29:00+00:00,33,1,2770,16609.5,16615.0,16606.5,16612.75,1491,NQ.v.0
2021-11-22 16:30:00+00:00,33,1,2770,16612.75,16614.75,16604.5,16609.75,1856,NQ.v.0
2021-11-22 16:31:00+00:00,33,1,2770,16609.5,16611.5,16604.25,16607.5,1502,NQ.v.0
2021-11-22 16:32:00+00:00,33,1,2770,16608.0,16628.75,16607.75,16628.25,2793,NQ.v.0
2021-11-22 16:33:00+00:00,33,1,2770,16628.0,16636.25,16624.5,16635.25,2812,NQ.v.0
2021-11-22 16:34:00+00:00,33,1,2770,16635.0,16635.25,16621.25,16625.25,2020,NQ.v.0
2021-11-22 16:35:00+00:00,33,1,2770,16625.25,16634.25,16624.25,16630.0,1794,NQ.v.0
2021-11-22 16:36:00+00:00,33,1,2770,16629.75,16631.0,16625.75,16630.25,957,NQ.v.0
2021-11-22 16:37:00+00:00,33,1,2770,16630.5,16632.75,16618.0,16619.25,1530,NQ.v.0
2021-11-22 16:38:00+00:00,33,1,2770,16619.0,16625.5,16615.75,16624.0,1411,NQ.v.0
2021-11-22 16:39:00+00:00,33,1,2770,16623.75,16624.25,16614.75,16617.25,1012,NQ.v.0
2021-11-22 16:40:00+00:00,33,1,2770,16616.75,16619.5,16603.5,16618.5,2386,NQ.v.0
2021-11-22 16:41:00+00:00,33,1,2770,16618.5,16622.0,16607.0,16608.25,1305,NQ.v.0
2021-11-22 16:42:00+00:00,33,1,2770,16608.25,16608.75,16591.75,16592.25,3853,NQ.v.0
2021-11-22 16:43:00+00:00,33,1,2770,16592.25,16597.75,16582.0,16586.25,4142,NQ.v.0
2021-11-22 16:44:00+00:00,33,1,2770,16586.5,16591.75,16578.75,16580.0,3271,NQ.v.0
2021-11-22 16:45:00+00:00,33,1,2770,16580.0,16599.25,16578.5,16598.75,3252,NQ.v.0
2021-11-22 16:46:00+00:00,33,1,2770,16598.25,16601.5,16588.75,16593.25,2553,NQ.v.0
2021-11-22 16:47:00+00:00,33,1,2770,16593.25,16593.75,16575.5,16578.0,3548,NQ.v.0
2021-11-22 16:48:00+00:00,33,1,2770,16577.5,16585.0,16570.25,16571.5,3063,NQ.v.0
2021-11-22 16:49:00+00:00,33,1,2770,16571.25,16584.0,16560.25,16566.75,3245,NQ.v.0
2021-11-22 16:50:00+00:00,33,1,2770,16566.5,16573.0,16554.0,16554.0,2722,NQ.v.0
2021-11-22 16:51:00+00:00,33,1,2770,16554.25,16556.5,16544.25,16551.5,3660,NQ.v.0
2021-11-22 16:52:00+00:00,33,1,2770,16550.75,16553.25,16535.25,16536.25,3549,NQ.v.0
2021-11-22 16:53:00+00:00,33,1,2770,16536.5,16540.0,16522.5,16524.0,4301,NQ.v.0
2021-11-22 16:54:00+00:00,33,1,2770,16524.0,16529.75,16513.5,16519.5,4400,NQ.v.0
2021-11-22 16:55:00+00:00,33,1,2770,16519.0,16525.0,16504.75,16515.75,3742,NQ.v.0
2021-11-22 16:56:00+00:00,33,1,2770,16515.75,16517.0,16482.25,16482.75,4476,NQ.v.0
2021-11-22 16:57:00+00:00,33,1,2770,16482.25,16492.75,16474.0,16485.5,5697,NQ.v.0
2021-11-22 16:58:00+00:00,33,1,2770,16485.5,16495.0,16455.25,16492.75,5958,NQ.v.0
2021-11-22 16:59:00+00:00,33,1,2770,16492.25,16510.75,16484.25,16506.25,5135,NQ.v.0
2021-11-22 17:00:00+00:00,33,1,2770,16506.0,16528.75,16499.25,16525.25,6174,NQ.v.0
2021-11-22 17:01:00+00:00,33,1,2770,16525.25,16535.0,16512.5,16514.0,4202,NQ.v.0
2021-11-22 17:02:00+00:00,33,1,2770,16513.75,16516.0,16479.5,16483.5,4116,NQ.v.0
2021-11-22 17:03:00+00:00,33,1,2770,16483.75,16490.75,16465.75,16486.5,3793,NQ.v.0
2021-11-22 17:04:00+00:00,33,1,2770,16486.0,16502.25,16482.0,16497.5,2370,NQ.v.0
2021-11-22 17:05:00+00:00,33,1,2770,16497.5,16499.5,16480.5,16492.25,2043,NQ.v.0
2021-11-22 17:06:00+00:00,33,1,2770,16492.0,16505.5,16486.5,16501.0,2400,NQ.v.0
2021-11-22 17:07:00+00:00,33,1,2770,16500.25,16510.75,16496.75,16510.25,2356,NQ.v.0
2021-11-22 17:08:00+00:00,33,1,2770,16509.75,16513.5,16497.25,16503.25,2030,NQ.v.0
2021-11-22 17:09:00+00:00,33,1,2770,16503.5,16510.75,16486.25,16491.0,2202,NQ.v.0
2021-11-22 17:10:00+00:00,33,1,2770,16490.25,16504.5,16485.75,16500.75,1896,NQ.v.0
2021-11-22 17:11:00+00:00,33,1,2770,16501.0,16508.5,16496.0,16499.0,1565,NQ.v.0
2021-11-22 17:12:00+00:00,33,1,2770,16498.75,16504.25,16489.0,16499.25,1668,NQ.v.0
2021-11-22 17:13:00+00:00,33,1,2770,16499.0,16504.0,16495.0,16496.0,1135,NQ.v.0
2021-11-22 17:14:00+00:00,33,1,2770,16496.25,16503.75,16493.75,16497.0,1444,NQ.v.0
2021-11-22 17:15:00+00:00,33,1,2770,16497.5,16524.75,16497.25,16519.0,3234,NQ.v.0
2021-11-22 17:16:00+00:00,33,1,2770,16518.75,16518.75,16493.0,16503.75,2312,NQ.v.0
2021-11-22 17:17:00+00:00,33,1,2770,16503.25,16503.5,16494.0,16495.25,1475,NQ.v.0
2021-11-22 17:18:00+00:00,33,1,2770,16494.75,16498.5,16483.0,16483.75,2107,NQ.v.0
2021-11-22 17:19:00+00:00,33,1,2770,16483.75,16498.5,16483.75,16498.5,2049,NQ.v.0
2021-11-22 17:20:00+00:00,33,1,2770,16498.5,16503.0,16487.0,16491.0,1836,NQ.v.0
2021-11-22 17:21:00+00:00,33,1,2770,16491.25,16497.25,16484.5,16484.75,1715,NQ.v.0
2021-11-22 17:22:00+00:00,33,1,2770,16484.75,16486.75,16475.25,16480.5,2221,NQ.v.0
2021-11-22 17:23:00+00:00,33,1,2770,16480.75,16489.25,16480.75,16486.75,1321,NQ.v.0
2021-11-22 17:24:00+00:00,33,1,2770,16487.0,16487.0,16473.75,16476.5,1876,NQ.v.0
2021-11-22 17:25:00+00:00,33,1,2770,16477.0,16499.0,16477.0,16491.5,2641,NQ.v.0
2021-11-22 17:26:00+00:00,33,1,2770,16491.75,16501.5,16490.25,16496.75,1924,NQ.v.0
2021-11-22 17:27:00+00:00,33,1,2770,16496.75,16511.25,16491.75,16510.5,2045,NQ.v.0
2021-11-22 17:28:00+00:00,33,1,2770,16510.25,16514.75,16500.0,16500.0,3107,NQ.v.0
2021-11-22 17:29:00+00:00,33,1,2770,16500.0,16508.5,16492.0,16507.5,2352,NQ.v.0
2021-11-22 17:30:00+00:00,33,1,2770,16507.25,16518.25,16503.5,16516.25,2121,NQ.v.0
2021-11-22 17:31:00+00:00,33,1,2770,16516.0,16522.0,16514.5,16520.5,1795,NQ.v.0
2021-11-22 17:32:00+00:00,33,1,2770,16520.25,16530.5,16517.75,16529.25,2189,NQ.v.0
2021-11-22 17:33:00+00:00,33,1,2770,16528.75,16529.5,16515.75,16522.25,2032,NQ.v.0
2021-11-22 17:34:00+00:00,33,1,2770,16522.0,16532.0,16521.5,16528.5,1506,NQ.v.0
2021-11-22 17:35:00+00:00,33,1,2770,16528.75,16530.25,16519.25,16519.25,1380,NQ.v.0
2021-11-22 17:36:00+00:00,33,1,2770,16519.0,16534.75,16518.75,16527.25,1712,NQ.v.0
2021-11-22 17:37:00+00:00,33,1,2770,16527.25,16539.0,16526.5,16537.5,1879,NQ.v.0
2021-11-22 17:38:00+00:00,33,1,2770,16537.25,16541.75,16535.25,16540.25,1429,NQ.v.0
2021-11-22 17:39:00+00:00,33,1,2770,16540.0,16541.0,16536.0,16537.5,1368,NQ.v.0
2021-11-22 17:40:00+00:00,33,1,2770,16537.75,16546.5,16537.5,16541.0,1847,NQ.v.0
2021-11-22 17:41:00+00:00,33,1,2770,16541.0,16551.75,16540.0,16550.5,1379,NQ.v.0
2021-11-22 17:42:00+00:00,33,1,2770,16550.5,16553.75,16546.0,16553.75,1943,NQ.v.0
2021-11-22 17:43:00+00:00,33,1,2770,16553.5,16554.25,16541.0,16545.0,1566,NQ.v.0
2021-11-22 17:44:00+00:00,33,1,2770,16545.0,16555.0,16544.75,16554.0,1238,NQ.v.0
2021-11-22 17:45:00+00:00,33,1,2770,16553.75,16553.75,16544.25,16546.0,1248,NQ.v.0
2021-11-22 17:46:00+00:00,33,1,2770,16546.5,16552.75,16546.0,16552.25,1042,NQ.v.0
2021-11-22 17:47:00+00:00,33,1,2770,16552.5,16559.5,16550.25,16559.0,1578,NQ.v.0
2021-11-22 17:48:00+00:00,33,1,2770,16558.75,16559.25,16549.5,16551.25,1248,NQ.v.0
2021-11-22 17:49:00+00:00,33,1,2770,16551.0,16561.0,16550.75,16557.0,1193,NQ.v.0
2021-11-22 17:50:00+00:00,33,1,2770,16558.0,16560.5,16550.5,16551.5,1232,NQ.v.0
2021-11-22 17:51:00+00:00,33,1,2770,16551.75,16555.25,16532.0,16537.25,2729,NQ.v.0
2021-11-22 17:52:00+00:00,33,1,2770,16537.25,16544.25,16525.5,16526.0,2247,NQ.v.0
2021-11-22 17:53:00+00:00,33,1,2770,16526.25,16538.75,16526.0,16536.5,1134,NQ.v.0
2021-11-22 17:54:00+00:00,33,1,2770,16536.25,16537.25,16515.5,16518.75,1808,NQ.v.0
2021-11-22 17:55:00+00:00,33,1,2770,16519.0,16526.5,16514.25,16518.0,1853,NQ.v.0
2021-11-22 17:56:00+00:00,33,1,2770,16518.25,16528.0,16515.25,16528.0,1317,NQ.v.0
2021-11-22 17:57:00+00:00,33,1,2770,16527.5,16542.75,16526.0,16539.0,1754,NQ.v.0
2021-11-22 17:58:00+00:00,33,1,2770,16539.5,16540.5,16524.0,16525.25,1213,NQ.v.0
2021-11-22 17:59:00+00:00,33,1,2770,16525.5,16534.5,16525.5,16528.75,1056,NQ.v.0
2021-11-22 18:00:00+00:00,33,1,2770,16529.0,16530.5,16500.75,16503.0,2372,NQ.v.0
2021-11-22 18:01:00+00:00,33,1,2770,16503.25,16515.5,16501.25,16507.75,1736,NQ.v.0
2021-11-22 18:02:00+00:00,33,1,2770,16507.75,16510.25,16500.25,16506.0,1168,NQ.v.0
2021-11-22 18:03:00+00:00,33,1,2770,16506.25,16510.5,16500.5,16506.5,1312,NQ.v.0
2021-11-22 18:04:00+00:00,33,1,2770,16506.0,16508.25,16494.0,16494.0,1532,NQ.v.0
2021-11-22 18:05:00+00:00,33,1,2770,16494.5,16510.25,16494.5,16501.25,1173,NQ.v.0
2021-11-22 18:06:00+00:00,33,1,2770,16501.75,16509.25,16499.25,16507.0,737,NQ.v.0
2021-11-22 18:07:00+00:00,33,1,2770,16507.75,16512.75,16503.5,16506.0,1099,NQ.v.0
2021-11-22 18:08:00+00:00,33,1,2770,16505.75,16508.0,16501.25,16502.75,767,NQ.v.0
2021-11-22 18:09:00+00:00,33,1,2770,16502.25,16503.25,16497.0,16500.0,951,NQ.v.0
2021-11-22 18:10:00+00:00,33,1,2770,16500.0,16515.0,16499.5,16511.0,1157,NQ.v.0
2021-11-22 18:11:00+00:00,33,1,2770,16511.0,16517.5,16509.5,16515.0,1058,NQ.v.0
2021-11-22 18:12:00+00:00,33,1,2770,16514.75,16515.25,16504.75,16508.5,832,NQ.v.0
2021-11-22 18:13:00+00:00,33,1,2770,16509.0,16517.75,16508.5,16513.5,1062,NQ.v.0
2021-11-22 18:14:00+00:00,33,1,2770,16513.75,16516.75,16505.5,16515.75,768,NQ.v.0
2021-11-22 18:15:00+00:00,33,1,2770,16515.5,16525.25,16513.25,16520.75,1195,NQ.v.0
2021-11-22 18:16:00+00:00,33,1,2770,16520.75,16524.5,16519.75,16521.5,751,NQ.v.0
2021-11-22 18:17:00+00:00,33,1,2770,16521.25,16527.5,16520.75,16527.25,1097,NQ.v.0
2021-11-22 18:18:00+00:00,33,1,2770,16527.0,16534.75,16524.0,16534.5,971,NQ.v.0
2021-11-22 18:19:00+00:00,33,1,2770,16534.5,16544.5,16532.25,16540.75,1514,NQ.v.0
2021-11-22 18:20:00+00:00,33,1,2770,16540.5,16545.25,16538.0,16543.5,925,NQ.v.0
2021-11-22 18:21:00+00:00,33,1,2770,16544.0,16546.0,16541.0,16545.25,721,NQ.v.0
2021-11-22 18:22:00+00:00,33,1,2770,16545.75,16549.5,16544.5,16548.5,923,NQ.v.0
2021-11-22 18:23:00+00:00,33,1,2770,16548.75,16549.25,16545.25,16546.25,687,NQ.v.0
2021-11-22 18:24:00+00:00,33,1,2770,16546.0,16547.25,16542.25,16544.0,467,NQ.v.0
2021-11-22 18:25:00+00:00,33,1,2770,16544.0,16548.0,16537.0,16538.0,879,NQ.v.0
2021-11-22 18:26:00+00:00,33,1,2770,16538.5,16539.25,16531.0,16533.75,1244,NQ.v.0
2021-11-22 18:27:00+00:00,33,1,2770,16533.75,16538.0,16532.75,16535.0,469,NQ.v.0
2021-11-22 18:28:00+00:00,33,1,2770,16535.25,16536.0,16527.25,16530.0,882,NQ.v.0
2021-11-22 18:29:00+00:00,33,1,2770,16530.25,16539.5,16529.75,16538.5,595,NQ.v.0
2021-11-22 18:30:00+00:00,33,1,2770,16539.0,16541.75,16536.5,16537.75,699,NQ.v.0
2021-11-22 18:31:00+00:00,33,1,2770,16537.75,16540.25,16531.25,16532.25,838,NQ.v.0
2021-11-22 18:32:00+00:00,33,1,2770,16531.75,16550.0,16531.5,16548.5,958,NQ.v.0
2021-11-22 18:33:00+00:00,33,1,2770,16548.0,16550.25,16544.5,16546.0,746,NQ.v.0
2021-11-22 18:34:00+00:00,33,1,2770,16545.75,16546.0,16538.0,16538.75,454,NQ.v.0
2021-11-22 18:35:00+00:00,33,1,2770,16539.0,16543.25,16537.5,16542.25,611,NQ.v.0
2021-11-22 18:36:00+00:00,33,1,2770,16541.75,16545.0,16539.25,16544.0,466,NQ.v.0
2021-11-22 18:37:00+00:00,33,1,2770,16544.25,16547.0,16542.5,16543.25,490,NQ.v.0
2021-11-22 18:38:00+00:00,33,1,2770,16543.25,16543.25,16538.25,16542.0,395,NQ.v.0
2021-11-22 18:39:00+00:00,33,1,2770,16542.0,16542.25,16530.25,16531.5,759,NQ.v.0
2021-11-22 18:40:00+00:00,33,1,2770,16531.25,16532.0,16515.5,16521.0,1673,NQ.v.0
2021-11-22 18:41:00+00:00,33,1,2770,16520.75,16525.25,16519.75,16525.0,598,NQ.v.0
2021-11-22 18:42:00+00:00,33,1,2770,16525.0,16531.0,16524.75,16529.5,971,NQ.v.0
2021-11-22 18:43:00+00:00,33,1,2770,16530.0,16543.75,16530.0,16540.25,1219,NQ.v.0
2021-11-22 18:44:00+00:00,33,1,2770,16540.0,16542.25,16537.0,16537.0,493,NQ.v.0
2021-11-22 18:45:00+00:00,33,1,2770,16537.0,16540.0,16533.0,16534.75,994,NQ.v.0
2021-11-22 18:46:00+00:00,33,1,2770,16535.25,16539.5,16534.0,16538.0,468,NQ.v.0
2021-11-22 18:47:00+00:00,33,1,2770,16537.5,16540.75,16533.75,16538.25,554,NQ.v.0
2021-11-22 18:48:00+00:00,33,1,2770,16538.5,16539.5,16534.25,16536.75,287,NQ.v.0
2021-11-22 18:49:00+00:00,33,1,2770,16536.75,16538.25,16525.5,16526.0,590,NQ.v.0
2021-11-22 18:50:00+00:00,33,1,2770,16526.0,16534.75,16521.5,16532.0,933,NQ.v.0
2021-11-22 18:51:00+00:00,33,1,2770,16531.75,16531.75,16526.0,16529.5,395,NQ.v.0
2021-11-22 18:52:00+00:00,33,1,2770,16529.25,16530.75,16526.25,16527.0,345,NQ.v.0
2021-11-22 18:53:00+00:00,33,1,2770,16527.0,16531.5,16527.0,16530.75,370,NQ.v.0
2021-11-22 18:54:00+00:00,33,1,2770,16530.5,16530.5,16517.0,16520.25,938,NQ.v.0
2021-11-22 18:55:00+00:00,33,1,2770,16520.5,16527.75,16520.5,16526.0,694,NQ.v.0
2021-11-22 18:56:00+00:00,33,1,2770,16526.5,16529.0,16522.75,16526.25,342,NQ.v.0
2021-11-22 18:57:00+00:00,33,1,2770,16526.0,16526.75,16512.25,16513.0,1039,NQ.v.0
2021-11-22 18:58:00+00:00,33,1,2770,16513.25,16518.25,16508.25,16511.5,1121,NQ.v.0
2021-11-22 18:59:00+00:00,33,1,2770,16511.5,16515.75,16506.5,16511.25,964,NQ.v.0
2021-11-22 19:00:00+00:00,33,1,2770,16511.75,16517.5,16508.0,16516.5,958,NQ.v.0
2021-11-22 19:01:00+00:00,33,1,2770,16516.5,16533.5,16516.25,16532.0,1602,NQ.v.0
2021-11-22 19:02:00+00:00,33,1,2770,16532.0,16549.0,16532.0,16547.75,1862,NQ.v.0
2021-11-22 19:03:00+00:00,33,1,2770,16548.0,16548.25,16539.5,16542.5,947,NQ.v.0
2021-11-22 19:04:00+00:00,33,1,2770,16542.25,16547.5,16538.25,16546.5,686,NQ.v.0
2021-11-22 19:05:00+00:00,33,1,2770,16546.0,16550.25,16544.25,16547.25,752,NQ.v.0
2021-11-22 19:06:00+00:00,33,1,2770,16547.75,16547.75,16538.25,16541.0,758,NQ.v.0
2021-11-22 19:07:00+00:00,33,1,2770,16541.25,16543.5,16538.5,16539.0,495,NQ.v.0
2021-11-22 19:08:00+00:00,33,1,2770,16539.25,16541.5,16533.0,16535.0,837,NQ.v.0
2021-11-22 19:09:00+00:00,33,1,2770,16535.0,16536.0,16530.5,16531.0,811,NQ.v.0
2021-11-22 19:10:00+00:00,33,1,2770,16531.75,16532.75,16526.5,16527.0,604,NQ.v.0
2021-11-22 19:11:00+00:00,33,1,2770,16527.25,16538.0,16527.25,16536.25,746,NQ.v.0
2021-11-22 19:12:00+00:00,33,1,2770,16536.5,16542.25,16535.75,16539.75,891,NQ.v.0
2021-11-22 19:13:00+00:00,33,1,2770,16539.5,16540.75,16536.25,16539.75,332,NQ.v.0
2021-11-22 19:14:00+00:00,33,1,2770,16539.5,16543.5,16537.75,16542.75,458,NQ.v.0
2021-11-22 19:15:00+00:00,33,1,2770,16543.0,16544.5,16537.25,16540.25,620,NQ.v.0
2021-11-22 19:16:00+00:00,33,1,2770,16541.0,16544.75,16539.5,16542.5,346,NQ.v.0
2021-11-22 19:17:00+00:00,33,1,2770,16542.5,16544.0,16540.5,16541.5,315,NQ.v.0
2021-11-22 19:18:00+00:00,33,1,2770,16541.5,16542.0,16534.0,16535.0,841,NQ.v.0
2021-11-22 19:19:00+00:00,33,1,2770,16535.0,16539.25,16534.5,16537.0,435,NQ.v.0
2021-11-22 19:20:00+00:00,33,1,2770,16536.75,16541.25,16536.25,16539.0,430,NQ.v.0
2021-11-22 19:21:00+00:00,33,1,2770,16539.25,16539.5,16528.0,16535.0,924,NQ.v.0
2021-11-22 19:22:00+00:00,33,1,2770,16535.75,16542.5,16535.0,16541.25,544,NQ.v.0
2021-11-22 19:23:00+00:00,33,1,2770,16541.0,16549.0,16540.75,16547.25,688,NQ.v.0
2021-11-22 19:24:00+00:00,33,1,2770,16546.75,16546.75,16540.25,16542.5,610,NQ.v.0
2021-11-22 19:25:00+00:00,33,1,2770,16543.0,16543.0,16532.75,16533.5,899,NQ.v.0
2021-11-22 19:26:00+00:00,33,1,2770,16533.5,16539.5,16529.0,16531.25,801,NQ.v.0
2021-11-22 19:27:00+00:00,33,1,2770,16531.5,16533.75,16524.0,16531.25,888,NQ.v.0
2021-11-22 19:28:00+00:00,33,1,2770,16531.25,16533.0,16527.5,16530.0,493,NQ.v.0
2021-11-22 19:29:00+00:00,33,1,2770,16530.25,16535.5,16529.75,16532.75,442,NQ.v.0
2021-11-22 19:30:00+00:00,33,1,2770,16533.25,16546.5,16530.0,16546.0,986,NQ.v.0
2021-11-22 19:31:00+00:00,33,1,2770,16546.25,16553.25,16544.5,16547.25,1400,NQ.v.0
2021-11-22 19:32:00+00:00,33,1,2770,16547.0,16552.75,16545.5,16552.0,575,NQ.v.0
2021-11-22 19:33:00+00:00,33,1,2770,16551.75,16554.25,16548.0,16548.5,703,NQ.v.0
2021-11-22 19:34:00+00:00,33,1,2770,16548.0,16548.0,16540.0,16542.0,1104,NQ.v.0
2021-11-22 19:35:00+00:00,33,1,2770,16542.25,16554.75,16540.5,16553.75,866,NQ.v.0
2021-11-22 19:36:00+00:00,33,1,2770,16553.75,16553.75,16546.0,16550.0,708,NQ.v.0
2021-11-22 19:37:00+00:00,33,1,2770,16550.75,16550.75,16544.75,16545.5,535,NQ.v.0
2021-11-22 19:38:00+00:00,33,1,2770,16545.25,16552.5,16545.0,16551.5,644,NQ.v.0
2021-11-22 19:39:00+00:00,33,1,2770,16551.25,16552.0,16547.75,16551.25,430,NQ.v.0
2021-11-22 19:40:00+00:00,33,1,2770,16551.0,16552.25,16547.5,16548.75,463,NQ.v.0
2021-11-22 19:41:00+00:00,33,1,2770,16549.0,16559.75,16546.75,16559.5,1186,NQ.v.0
2021-11-22 19:42:00+00:00,33,1,2770,16559.75,16560.0,16554.25,16556.0,644,NQ.v.0
2021-11-22 19:43:00+00:00,33,1,2770,16555.75,16558.5,16554.5,16557.0,514,NQ.v.0
2021-11-22 19:44:00+00:00,33,1,2770,16557.0,16557.75,16552.0,16554.75,466,NQ.v.0
2021-11-22 19:45:00+00:00,33,1,2770,16555.0,16556.25,16549.0,16550.25,728,NQ.v.0
2021-11-22 19:46:00+00:00,33,1,2770,16550.25,16558.0,16548.75,16557.0,515,NQ.v.0
2021-11-22 19:47:00+00:00,33,1,2770,16557.0,16569.0,16554.75,16568.75,1362,NQ.v.0
2021-11-22 19:48:00+00:00,33,1,2770,16568.75,16577.25,16564.5,16567.25,1667,NQ.v.0
2021-11-22 19:49:00+00:00,33,1,2770,16567.25,16569.25,16565.0,16566.0,579,NQ.v.0
2021-11-22 19:50:00+00:00,33,1,2770,16565.75,16570.5,16565.25,16568.75,649,NQ.v.0
2021-11-22 19:51:00+00:00,33,1,2770,16569.5,16574.0,16568.0,16573.0,706,NQ.v.0
2021-11-22 19:52:00+00:00,33,1,2770,16573.25,16574.75,16567.75,16569.5,961,NQ.v.0
2021-11-22 19:53:00+00:00,33,1,2770,16569.5,16572.75,16569.0,16571.0,582,NQ.v.0
2021-11-22 19:54:00+00:00,33,1,2770,16571.0,16575.5,16569.0,16574.25,754,NQ.v.0
2021-11-22 19:55:00+00:00,33,1,2770,16574.5,16578.5,16568.75,16570.25,1219,NQ.v.0
2021-11-22 19:56:00+00:00,33,1,2770,16570.5,16571.25,16567.25,16570.0,783,NQ.v.0
2021-11-22 19:57:00+00:00,33,1,2770,16570.25,16576.0,16570.25,16575.25,617,NQ.v.0
2021-11-22 19:58:00+00:00,33,1,2770,16575.0,16575.5,16569.75,16571.5,688,NQ.v.0
2021-11-22 19:59:00+00:00,33,1,2770,16571.5,16572.25,16563.0,16570.75,1043,NQ.v.0
2021-11-22 20:00:00+00:00,33,1,2770,16571.0,16571.5,16561.0,16563.0,1212,NQ.v.0
2021-11-22 20:01:00+00:00,33,1,2770,16562.5,16575.0,16560.25,16574.0,1313,NQ.v.0
2021-11-22 20:02:00+00:00,33,1,2770,16574.25,16583.0,16572.25,16581.25,1359,NQ.v.0
2021-11-22 20:03:00+00:00,33,1,2770,16581.75,16597.0,16579.75,16592.0,2437,NQ.v.0
2021-11-22 20:04:00+00:00,33,1,2770,16592.0,16594.5,16587.5,16590.0,1525,NQ.v.0
2021-11-22 20:05:00+00:00,33,1,2770,16590.25,16591.0,16580.25,16582.75,1254,NQ.v.0
2021-11-22 20:06:00+00:00,33,1,2770,16582.75,16586.0,16582.0,16584.0,603,NQ.v.0
2021-11-22 20:07:00+00:00,33,1,2770,16584.25,16590.5,16582.5,16587.75,829,NQ.v.0
2021-11-22 20:08:00+00:00,33,1,2770,16587.5,16592.75,16584.75,16590.25,1065,NQ.v.0
2021-11-22 20:09:00+00:00,33,1,2770,16589.75,16594.75,16589.25,16591.75,792,NQ.v.0
2021-11-22 20:10:00+00:00,33,1,2770,16591.5,16594.0,16585.25,16588.5,963,NQ.v.0
2021-11-22 20:11:00+00:00,33,1,2770,16588.25,16595.5,16586.75,16595.5,1026,NQ.v.0
2021-11-22 20:12:00+00:00,33,1,2770,16595.25,16598.75,16593.25,16595.0,1484,NQ.v.0
2021-11-22 20:13:00+00:00,33,1,2770,16594.75,16595.0,16583.5,16586.25,1348,NQ.v.0
2021-11-22 20:14:00+00:00,33,1,2770,16586.75,16588.5,16576.0,16578.75,1620,NQ.v.0
2021-11-22 20:15:00+00:00,33,1,2770,16579.0,16583.5,16576.0,16581.75,1023,NQ.v.0
2021-11-22 20:16:00+00:00,33,1,2770,16581.25,16583.5,16576.25,16581.25,892,NQ.v.0
2021-11-22 20:17:00+00:00,33,1,2770,16581.25,16581.25,16572.5,16573.5,1395,NQ.v.0
2021-11-22 20:18:00+00:00,33,1,2770,16573.75,16577.0,16572.75,16574.75,680,NQ.v.0
2021-11-22 20:19:00+00:00,33,1,2770,16575.0,16576.0,16569.0,16571.5,1126,NQ.v.0
2021-11-22 20:20:00+00:00,33,1,2770,16571.75,16580.5,16571.75,16574.5,1490,NQ.v.0
2021-11-22 20:21:00+00:00,33,1,2770,16574.25,16579.0,16573.25,16579.0,622,NQ.v.0
2021-11-22 20:22:00+00:00,33,1,2770,16579.25,16580.5,16570.75,16572.0,960,NQ.v.0
2021-11-22 20:23:00+00:00,33,1,2770,16571.75,16578.25,16571.75,16574.0,688,NQ.v.0
2021-11-22 20:24:00+00:00,33,1,2770,16573.75,16574.75,16563.5,16567.0,1352,NQ.v.0
2021-11-22 20:25:00+00:00,33,1,2770,16566.75,16570.25,16566.0,16569.25,594,NQ.v.0
2021-11-22 20:26:00+00:00,33,1,2770,16568.75,16569.25,16562.5,16564.75,799,NQ.v.0
2021-11-22 20:27:00+00:00,33,1,2770,16564.75,16564.75,16555.75,16557.5,1227,NQ.v.0
2021-11-22 20:28:00+00:00,33,1,2770,16557.75,16560.5,16546.0,16551.75,2042,NQ.v.0
2021-11-22 20:29:00+00:00,33,1,2770,16552.0,16554.0,16548.0,16549.0,893,NQ.v.0
2021-11-22 20:30:00+00:00,33,1,2770,16549.0,16554.5,16543.75,16545.75,1648,NQ.v.0
2021-11-22 20:31:00+00:00,33,1,2770,16545.75,16556.5,16545.25,16552.75,1226,NQ.v.0
2021-11-22 20:32:00+00:00,33,1,2770,16552.75,16560.0,16547.5,16554.75,1044,NQ.v.0
2021-11-22 20:33:00+00:00,33,1,2770,16555.25,16556.0,16547.5,16548.25,766,NQ.v.0
2021-11-22 20:34:00+00:00,33,1,2770,16548.25,16549.25,16545.75,16548.5,646,NQ.v.0
2021-11-22 20:35:00+00:00,33,1,2770,16548.25,16555.75,16545.75,16551.75,968,NQ.v.0
2021-11-22 20:36:00+00:00,33,1,2770,16551.75,16551.75,16533.5,16538.25,2193,NQ.v.0
2021-11-22 20:37:00+00:00,33,1,2770,16538.25,16541.25,16534.5,16535.75,1306,NQ.v.0
2021-11-22 20:38:00+00:00,33,1,2770,16535.75,16538.0,16532.0,16534.0,1027,NQ.v.0
2021-11-22 20:39:00+00:00,33,1,2770,16534.25,16536.0,16524.0,16528.0,2131,NQ.v.0
2021-11-22 20:40:00+00:00,33,1,2770,16527.75,16532.75,16525.25,16529.0,1361,NQ.v.0
2021-11-22 20:41:00+00:00,33,1,2770,16529.5,16530.5,16517.0,16517.5,1971,NQ.v.0
2021-11-22 20:42:00+00:00,33,1,2770,16517.0,16523.0,16513.5,16519.25,1692,NQ.v.0
2021-11-22 20:43:00+00:00,33,1,2770,16519.25,16519.25,16506.5,16511.25,2192,NQ.v.0
2021-11-22 20:44:00+00:00,33,1,2770,16511.25,16514.0,16492.25,16497.5,3163,NQ.v.0
2021-11-22 20:45:00+00:00,33,1,2770,16498.0,16505.75,16494.25,16500.75,1706,NQ.v.0
2021-11-22 20:46:00+00:00,33,1,2770,16500.75,16510.75,16497.5,16506.25,1661,NQ.v.0
2021-11-22 20:47:00+00:00,33,1,2770,16506.25,16513.0,16502.0,16504.5,1628,NQ.v.0
2021-11-22 20:48:00+00:00,33,1,2770,16503.75,16506.75,16485.25,16490.0,2378,NQ.v.0
2021-11-22 20:49:00+00:00,33,1,2770,16489.0,16489.25,16473.25,16479.25,2003,NQ.v.0
2021-11-22 20:50:00+00:00,33,1,2770,16479.0,16479.0,16449.0,16453.75,4986,NQ.v.0
2021-11-22 20:51:00+00:00,33,1,2770,16453.75,16457.5,16442.5,16451.75,3878,NQ.v.0
2021-11-22 20:52:00+00:00,33,1,2770,16451.75,16456.75,16444.5,16446.75,2138,NQ.v.0
2021-11-22 20:53:00+00:00,33,1,2770,16447.0,16447.0,16429.5,16432.0,2904,NQ.v.0
2021-11-22 20:54:00+00:00,33,1,2770,16432.5,16439.25,16407.0,16411.5,4518,NQ.v.0
2021-11-22 20:55:00+00:00,33,1,2770,16412.25,16419.5,16406.75,16412.25,3952,NQ.v.0
2021-11-22 20:56:00+00:00,33,1,2770,16412.25,16412.5,16395.5,16404.5,4149,NQ.v.0
2021-11-22 20:57:00+00:00,33,1,2770,16404.25,16410.25,16400.0,16406.75,3540,NQ.v.0
2021-11-22 20:58:00+00:00,33,1,2770,16406.5,16407.75,16394.5,16396.25,3159,NQ.v.0
2021-11-22 20:59:00+00:00,33,1,2770,16396.0,16396.5,16377.0,16383.25,8126,NQ.v.0
2021-11-22 21:00:00+00:00,33,1,2770,16383.75,16392.0,16380.0,16383.75,3853,NQ.v.0
2021-11-22 21:01:00+00:00,33,1,2770,16383.5,16386.0,16380.0,16380.0,1717,NQ.v.0
2021-11-22 21:02:00+00:00,33,1,2770,16380.0,16380.75,16364.5,16367.25,2120,NQ.v.0
2021-11-22 21:03:00+00:00,33,1,2770,16367.75,16381.0,16366.0,16379.75,1384,NQ.v.0
2021-11-22 21:04:00+00:00,33,1,2770,16380.0,16384.25,16374.75,16384.0,1407,NQ.v.0
2021-11-22 21:05:00+00:00,33,1,2770,16384.0,16392.0,16383.0,16388.75,1472,NQ.v.0
2021-11-22 21:06:00+00:00,33,1,2770,16388.5,16389.0,16380.5,16385.0,1241,NQ.v.0
2021-11-22 21:07:00+00:00,33,1,2770,16385.0,16388.25,16382.0,16385.25,808,NQ.v.0
2021-11-22 21:08:00+00:00,33,1,2770,16385.25,16390.25,16383.5,16386.75,604,NQ.v.0
2021-11-22 21:09:00+00:00,33,1,2770,16386.5,16387.25,16381.25,16385.5,737,NQ.v.0
2021-11-22 21:10:00+00:00,33,1,2770,16386.25,16388.25,16383.0,16385.0,654,NQ.v.0
2021-11-22 21:11:00+00:00,33,1,2770,16385.0,16391.0,16384.5,16390.0,507,NQ.v.0
2021-11-22 21:12:00+00:00,33,1,2770,16390.25,16390.5,16383.25,16387.5,548,NQ.v.0
2021-11-22 21:13:00+00:00,33,1,2770,16387.25,16402.0,16386.5,16400.5,1044,NQ.v.0
2021-11-22 21:14:00+00:00,33,1,2770,16400.5,16406.75,16399.5,16403.0,772,NQ.v.0
2021-11-22 21:15:00+00:00,33,1,2770,16403.0,16403.75,16394.75,16397.25,338,NQ.v.0
2021-11-22 21:16:00+00:00,33,1,2770,16397.5,16398.0,16392.25,16393.25,231,NQ.v.0
2021-11-22 21:17:00+00:00,33,1,2770,16392.75,16397.0,16392.25,16394.5,145,NQ.v.0
2021-11-22 21:18:00+00:00,33,1,2770,16394.25,16396.25,16391.75,16391.75,149,NQ.v.0
2021-11-22 21:19:00+00:00,33,1,2770,16391.5,16394.5,16390.75,16393.0,166,NQ.v.0
2021-11-22 21:20:00+00:00,33,1,2770,16392.25,16395.25,16391.75,16394.0,128,NQ.v.0
2021-11-22 21:21:00+00:00,33,1,2770,16393.75,16396.75,16393.5,16396.75,106,NQ.v.0
2021-11-22 21:22:00+00:00,33,1,2770,16396.0,16397.75,16393.75,16395.75,166,NQ.v.0
2021-11-22 21:23:00+00:00,33,1,2770,16395.5,16397.25,16394.5,16396.25,131,NQ.v.0
2021-11-22 21:24:00+00:00,33,1,2770,16395.75,16395.75,16390.75,16392.5,154,NQ.v.0
2021-11-22 21:25:00+00:00,33,1,2770,16392.5,16394.5,16391.0,16392.25,119,NQ.v.0
2021-11-22 21:26:00+00:00,33,1,2770,16392.5,16393.75,16392.25,16393.5,135,NQ.v.0
2021-11-22 21:27:00+00:00,33,1,2770,16393.75,16396.0,16393.5,16393.75,89,NQ.v.0
2021-11-22 21:28:00+00:00,33,1,2770,16393.5,16393.5,16387.0,16387.0,196,NQ.v.0
2021-11-22 21:29:00+00:00,33,1,2770,16386.5,16387.0,16382.25,16383.0,300,NQ.v.0
2021-11-22 21:30:00+00:00,33,1,2770,16383.75,16387.0,16381.25,16385.0,232,NQ.v.0
2021-11-22 21:31:00+00:00,33,1,2770,16385.5,16386.0,16381.75,16383.25,132,NQ.v.0
2021-11-22 21:32:00+00:00,33,1,2770,16383.0,16384.75,16380.75,16381.5,150,NQ.v.0
2021-11-22 21:33:00+00:00,33,1,2770,16381.25,16381.5,16377.0,16378.0,272,NQ.v.0
2021-11-22 21:34:00+00:00,33,1,2770,16377.5,16381.25,16377.5,16380.0,127,NQ.v.0
2021-11-22 21:35:00+00:00,33,1,2770,16380.25,16381.25,16375.0,16378.0,282,NQ.v.0
2021-11-22 21:36:00+00:00,33,1,2770,16378.25,16383.75,16376.75,16381.75,210,NQ.v.0
2021-11-22 21:37:00+00:00,33,1,2770,16382.25,16384.25,16380.75,16382.0,142,NQ.v.0
2021-11-22 21:38:00+00:00,33,1,2770,16382.0,16383.5,16381.0,16381.25,75,NQ.v.0
2021-11-22 21:39:00+00:00,33,1,2770,16381.25,16383.5,16381.25,16382.25,62,NQ.v.0
2021-11-22 21:40:00+00:00,33,1,2770,16382.75,16385.0,16381.25,16384.0,165,NQ.v.0
2021-11-22 21:41:00+00:00,33,1,2770,16384.0,16384.5,16380.25,16381.0,81,NQ.v.0
2021-11-22 21:42:00+00:00,33,1,2770,16381.0,16383.5,16379.75,16382.25,172,NQ.v.0
2021-11-22 21:43:00+00:00,33,1,2770,16382.25,16382.75,16380.0,16380.5,103,NQ.v.0
2021-11-22 21:44:00+00:00,33,1,2770,16380.75,16382.75,16380.25,16381.0,82,NQ.v.0
2021-11-22 21:45:00+00:00,33,1,2770,16381.25,16384.0,16381.25,16382.25,137,NQ.v.0
2021-11-22 21:46:00+00:00,33,1,2770,16382.0,16383.75,16379.75,16380.75,84,NQ.v.0
2021-11-22 21:47:00+00:00,33,1,2770,16381.25,16381.5,16379.75,16380.25,63,NQ.v.0
2021-11-22 21:48:00+00:00,33,1,2770,16381.0,16381.25,16379.5,16379.5,69,NQ.v.0
2021-11-22 21:49:00+00:00,33,1,2770,16380.0,16383.5,16379.5,16383.0,155,NQ.v.0
2021-11-22 21:50:00+00:00,33,1,2770,16383.0,16384.5,16381.5,16382.5,175,NQ.v.0
2021-11-22 21:51:00+00:00,33,1,2770,16383.0,16384.25,16381.25,16383.5,64,NQ.v.0
2021-11-22 21:52:00+00:00,33,1,2770,16383.5,16383.75,16382.0,16383.0,37,NQ.v.0
2021-11-22 21:53:00+00:00,33,1,2770,16383.5,16384.75,16381.25,16384.25,169,NQ.v.0
2021-11-22 21:54:00+00:00,33,1,2770,16384.5,16390.5,16384.25,16389.75,192,NQ.v.0
2021-11-22 21:55:00+00:00,33,1,2770,16390.0,16392.0,16389.0,16391.5,97,NQ.v.0
2021-11-22 21:56:00+00:00,33,1,2770,16392.0,16394.25,16391.5,16393.5,71,NQ.v.0
2021-11-22 21:57:00+00:00,33,1,2770,16394.5,16396.0,16392.25,16393.5,94,NQ.v.0
2021-11-22 21:58:00+00:00,33,1,2770,16393.75,16396.0,16393.75,16395.75,195,NQ.v.0
2021-11-22 21:59:00+00:00,33,1,2770,16396.0,16399.25,16395.5,16398.5,159,NQ.v.0
2021-11-22 23:00:00+00:00,33,1,2770,16399.0,16405.5,16393.0,16403.0,436,NQ.v.0
2021-11-22 23:01:00+00:00,33,1,2770,16402.5,16408.0,16401.5,16407.25,236,NQ.v.0
2021-11-22 23:02:00+00:00,33,1,2770,16407.0,16407.5,16402.25,16404.75,131,NQ.v.0
2021-11-22 23:03:00+00:00,33,1,2770,16405.5,16410.75,16404.0,16409.75,229,NQ.v.0
2021-11-22 23:04:00+00:00,33,1,2770,16409.75,16412.75,16409.25,16409.25,141,NQ.v.0
2021-11-22 23:05:00+00:00,33,1,2770,16410.0,16410.0,16405.0,16406.25,124,NQ.v.0
2021-11-22 23:06:00+00:00,33,1,2770,16406.25,16412.75,16405.5,16411.25,172,NQ.v.0
2021-11-22 23:07:00+00:00,33,1,2770,16411.0,16411.75,16408.5,16409.25,61,NQ.v.0
2021-11-22 23:08:00+00:00,33,1,2770,16409.75,16412.5,16409.25,16411.75,95,NQ.v.0
2021-11-22 23:09:00+00:00,33,1,2770,16411.5,16413.0,16410.5,16410.5,78,NQ.v.0
2021-11-22 23:10:00+00:00,33,1,2770,16411.25,16412.75,16411.25,16412.5,68,NQ.v.0
2021-11-22 23:11:00+00:00,33,1,2770,16412.25,16414.25,16412.25,16414.0,98,NQ.v.0
2021-11-22 23:12:00+00:00,33,1,2770,16414.0,16414.5,16413.0,16413.75,61,NQ.v.0
2021-11-22 23:13:00+00:00,33,1,2770,16413.25,16413.5,16411.25,16412.0,40,NQ.v.0
2021-11-22 23:14:00+00:00,33,1,2770,16412.5,16413.0,16410.25,16410.75,57,NQ.v.0
2021-11-22 23:15:00+00:00,33,1,2770,16411.0,16413.0,16410.5,16411.0,62,NQ.v.0
2021-11-22 23:16:00+00:00,33,1,2770,16411.0,16412.0,16409.75,16411.25,56,NQ.v.0
2021-11-22 23:17:00+00:00,33,1,2770,16411.75,16412.75,16411.25,16412.5,31,NQ.v.0
2021-11-22 23:18:00+00:00,33,1,2770,16412.25,16412.25,16411.25,16411.25,29,NQ.v.0
2021-11-22 23:19:00+00:00,33,1,2770,16411.0,16411.25,16409.75,16410.25,25,NQ.v.0
2021-11-22 23:20:00+00:00,33,1,2770,16410.25,16411.0,16409.0,16409.0,56,NQ.v.0
2021-11-22 23:21:00+00:00,33,1,2770,16409.25,16409.25,16407.5,16407.75,62,NQ.v.0
2021-11-22 23:22:00+00:00,33,1,2770,16407.5,16407.5,16405.0,16407.0,84,NQ.v.0
2021-11-22 23:23:00+00:00,33,1,2770,16407.0,16409.0,16406.75,16408.25,73,NQ.v.0
2021-11-22 23:24:00+00:00,33,1,2770,16409.0,16409.0,16407.25,16407.25,29,NQ.v.0
2021-11-22 23:25:00+00:00,33,1,2770,16407.25,16407.25,16406.0,16406.0,25,NQ.v.0
2021-11-22 23:26:00+00:00,33,1,2770,16405.25,16410.0,16405.0,16409.75,86,NQ.v.0
2021-11-22 23:27:00+00:00,33,1,2770,16409.25,16410.25,16409.0,16409.0,58,NQ.v.0
2021-11-22 23:28:00+00:00,33,1,2770,16409.0,16409.0,16407.5,16408.0,24,NQ.v.0
2021-11-22 23:29:00+00:00,33,1,2770,16407.75,16409.25,16407.25,16409.0,52,NQ.v.0
2021-11-22 23:30:00+00:00,33,1,2770,16408.5,16409.0,16407.5,16407.75,30,NQ.v.0
2021-11-22 23:31:00+00:00,33,1,2770,16407.5,16407.75,16406.0,16406.75,62,NQ.v.0
2021-11-22 23:32:00+00:00,33,1,2770,16406.25,16407.0,16402.75,16403.75,102,NQ.v.0
2021-11-22 23:33:00+00:00,33,1,2770,16403.25,16405.0,16401.75,16404.75,72,NQ.v.0
2021-11-22 23:34:00+00:00,33,1,2770,16404.75,16404.75,16402.0,16404.25,67,NQ.v.0
2021-11-22 23:35:00+00:00,33,1,2770,16404.0,16404.5,16402.75,16403.5,22,NQ.v.0
2021-11-22 23:36:00+00:00,33,1,2770,16403.5,16406.0,16403.5,16406.0,72,NQ.v.0
2021-11-22 23:37:00+00:00,33,1,2770,16406.0,16406.5,16404.75,16405.75,55,NQ.v.0
2021-11-22 23:38:00+00:00,33,1,2770,16406.25,16406.25,16404.25,16405.0,17,NQ.v.0
2021-11-22 23:39:00+00:00,33,1,2770,16405.0,16405.5,16404.0,16404.0,19,NQ.v.0
2021-11-22 23:40:00+00:00,33,1,2770,16404.5,16405.25,16404.5,16405.25,14,NQ.v.0
2021-11-22 23:41:00+00:00,33,1,2770,16404.75,16405.75,16401.75,16402.75,77,NQ.v.0
2021-11-22 23:42:00+00:00,33,1,2770,16402.5,16403.25,16402.0,16402.5,40,NQ.v.0
2021-11-22 23:43:00+00:00,33,1,2770,16402.25,16402.5,16400.0,16400.5,70,NQ.v.0
2021-11-22 23:44:00+00:00,33,1,2770,16400.75,16400.75,16395.5,16396.25,165,NQ.v.0
2021-11-22 23:45:00+00:00,33,1,2770,16396.25,16397.75,16393.25,16394.5,126,NQ.v.0
2021-11-22 23:46:00+00:00,33,1,2770,16394.25,16395.5,16393.0,16395.0,85,NQ.v.0
2021-11-22 23:47:00+00:00,33,1,2770,16395.0,16395.5,16393.25,16393.25,53,NQ.v.0
2021-11-22 23:48:00+00:00,33,1,2770,16393.0,16396.75,16392.25,16396.75,79,NQ.v.0
2021-11-22 23:49:00+00:00,33,1,2770,16396.75,16396.75,16394.5,16395.5,43,NQ.v.0
2021-11-22 23:50:00+00:00,33,1,2770,16395.5,16397.0,16394.5,16395.25,38,NQ.v.0
2021-11-22 23:51:00+00:00,33,1,2770,16395.25,16398.5,16395.0,16398.5,94,NQ.v.0
2021-11-22 23:52:00+00:00,33,1,2770,16398.25,16398.5,16396.75,16398.0,40,NQ.v.0
2021-11-22 23:53:00+00:00,33,1,2770,16397.75,16397.75,16395.25,16396.0,44,NQ.v.0
2021-11-22 23:54:00+00:00,33,1,2770,16396.0,16396.75,16395.25,16395.75,29,NQ.v.0
2021-11-22 23:55:00+00:00,33,1,2770,16395.25,16397.75,16395.25,16396.25,33,NQ.v.0
2021-11-22 23:56:00+00:00,33,1,2770,16395.75,16397.5,16395.75,16397.0,23,NQ.v.0
2021-11-22 23:57:00+00:00,33,1,2770,16397.25,16398.25,16396.75,16397.75,42,NQ.v.0
2021-11-22 23:58:00+00:00,33,1,2770,16397.5,16398.25,16396.5,16396.5,28,NQ.v.0
2021-11-22 23:59:00+00:00,33,1,2770,16396.25,16397.75,16396.25,16397.25,6,NQ.v.0
