signal_id,marker_bar_timestamp,actionable_timestamp,first_eligible_1m,signal_type,direction,confidence,quality_score,phase44_entry,stop,target,phase44_net_R,lookahead_ok,A_MFE_R,A_MAE_R,A_wrong_direction,A_exit_type,A_filled,A_sim_net_R,A_sim_MFE_R,A_sim_MAE_R,B1_w5_filled,B1_w5_delay_min,B1_w5_net_R,B1_w5_gross_R,B1_w5_MFE_R,B1_w5_MAE_R,B1_w5_entry_price,B1_w5_entry_time,B1_w5_wrong_direction,B1_w5_exit_type,B1_w5_rel_volume_1m,B1_w5_volume_expansion,B1_w5_directional_volume_response,B1_w5_breakout_volume,B1_w5_pullback_volume_ratio,B1_w5_lookahead_ok,B1_w10_filled,B1_w10_delay_min,B1_w10_net_R,B1_w10_gross_R,B1_w10_MFE_R,B1_w10_MAE_R,B1_w10_entry_price,B1_w10_entry_time,B1_w10_wrong_direction,B1_w10_exit_type,B1_w10_rel_volume_1m,B1_w10_volume_expansion,B1_w10_directional_volume_response,B1_w10_breakout_volume,B1_w10_pullback_volume_ratio,B1_w10_lookahead_ok,B1_w15_filled,B1_w15_delay_min,B1_w15_net_R,B1_w15_gross_R,B1_w15_MFE_R,B1_w15_MAE_R,B1_w15_entry_price,B1_w15_entry_time,B1_w15_wrong_direction,B1_w15_exit_type,B1_w15_rel_volume_1m,B1_w15_volume_expansion,B1_w15_directional_volume_response,B1_w15_breakout_volume,B1_w15_pullback_volume_ratio,B1_w15_lookahead_ok,B2_w5_filled,B2_w5_delay_min,B2_w10_filled,B2_w10_delay_min,B2_w15_filled,B2_w15_delay_min,B3_w5_filled,B3_w5_delay_min,B3_w5_net_R,B3_w5_gross_R,B3_w5_MFE_R,B3_w5_MAE_R,B3_w5_entry_price,B3_w5_entry_time,B3_w5_wrong_direction,B3_w5_exit_type,B3_w5_rel_volume_1m,B3_w5_volume_expansion,B3_w5_directional_volume_response,B3_w5_breakout_volume,B3_w5_pullback_volume_ratio,B3_w5_lookahead_ok,B3_w10_filled,B3_w10_delay_min,B3_w10_net_R,B3_w10_gross_R,B3_w10_MFE_R,B3_w10_MAE_R,B3_w10_entry_price,B3_w10_entry_time,B3_w10_wrong_direction,B3_w10_exit_type,B3_w10_rel_volume_1m,B3_w10_volume_expansion,B3_w10_directional_volume_response,B3_w10_breakout_volume,B3_w10_pullback_volume_ratio,B3_w10_lookahead_ok,B3_w15_filled,B3_w15_delay_min,B3_w15_net_R,B3_w15_gross_R,B3_w15_MFE_R,B3_w15_MAE_R,B3_w15_entry_price,B3_w15_entry_time,B3_w15_wrong_direction,B3_w15_exit_type,B3_w15_rel_volume_1m,B3_w15_volume_expansion,B3_w15_directional_volume_response,B3_w15_breakout_volume,B3_w15_pullback_volume_ratio,B3_w15_lookahead_ok,B4_w5_filled,B4_w5_delay_min,B4_w10_filled,B4_w10_delay_min,B4_w15_filled,B4_w15_delay_min,B2_w10_net_R,B2_w10_gross_R,B2_w10_MFE_R,B2_w10_MAE_R,B2_w10_entry_price,B2_w10_entry_time,B2_w10_wrong_direction,B2_w10_exit_type,B2_w10_rel_volume_1m,B2_w10_volume_expansion,B2_w10_directional_volume_response,B2_w10_breakout_volume,B2_w10_pullback_volume_ratio,B2_w10_lookahead_ok,B2_w15_net_R,B2_w15_gross_R,B2_w15_MFE_R,B2_w15_MAE_R,B2_w15_entry_price,B2_w15_entry_time,B2_w15_wrong_direction,B2_w15_exit_type,B2_w15_rel_volume_1m,B2_w15_volume_expansion,B2_w15_directional_volume_response,B2_w15_breakout_volume,B2_w15_pullback_volume_ratio,B2_w15_lookahead_ok,B4_w10_net_R,B4_w10_gross_R,B4_w10_MFE_R,B4_w10_MAE_R,B4_w10_entry_price,B4_w10_entry_time,B4_w10_wrong_direction,B4_w10_exit_type,B4_w10_rel_volume_1m,B4_w10_volume_expansion,B4_w10_directional_volume_response,B4_w10_breakout_volume,B4_w10_pullback_volume_ratio,B4_w10_lookahead_ok,B4_w15_net_R,B4_w15_gross_R,B4_w15_MFE_R,B4_w15_MAE_R,B4_w15_entry_price,B4_w15_entry_time,B4_w15_wrong_direction,B4_w15_exit_type,B4_w15_rel_volume_1m,B4_w15_volume_expansion,B4_w15_directional_volume_response,B4_w15_breakout_volume,B4_w15_pullback_volume_ratio,B4_w15_lookahead_ok,B2_w5_net_R,B2_w5_gross_R,B2_w5_MFE_R,B2_w5_MAE_R,B2_w5_entry_price,B2_w5_entry_time,B2_w5_wrong_direction,B2_w5_exit_type,B2_w5_rel_volume_1m,B2_w5_volume_expansion,B2_w5_directional_volume_response,B2_w5_breakout_volume,B2_w5_pullback_volume_ratio,B2_w5_lookahead_ok,B4_w5_net_R,B4_w5_gross_R,B4_w5_MFE_R,B4_w5_MAE_R,B4_w5_entry_price,B4_w5_entry_time,B4_w5_wrong_direction,B4_w5_exit_type,B4_w5_rel_volume_1m,B4_w5_volume_expansion,B4_w5_directional_volume_response,B4_w5_breakout_volume,B4_w5_pullback_volume_ratio,B4_w5_lookahead_ok,B_filled,B_net_R,B_gross_R,B_MFE_R,B_MAE_R,B_delay_min,B_entry_price,B_wrong_direction,B_exit_type,B_rule,B_window,fold,train_start,train_end,test_start,test_end,selected_rule,selected_window,segment,phase44_avgr_if_taken
1529,2020-01-02 21:00:00+00:00,2020-01-02 15:15:00-06:00,2020-01-02 15:15:00-06:00,L,Long,B,42.26709468563703,8665.70039787371,8658.532448396087,8687.20424630658,1.5450167667701542,True,2.3437110122962896,0.0,0,TIME,True,2.8988553138853366,31.501282595695823,0.0,False,,,,,,,,,,,,,,,,False,,,,,,,,,,,,,,,,False,,,,,,,,,,,,,,,,False,,False,,False,,False,,,,,,,,,,,,,,,,False,,,,,,,,,,,,,,,,False,,,,,,,,,,,,,,,,False,,False,,False,,,,,,,,,,,,,,,,,,,,,,,,,,,,,,,,,,,,,,,,,,,,,,,,,,,,,,,,,,,,,,,,,,,,,,,,,,,,,,,,,,,,,,False,,,,,,,,,B1,5,1,2018-01-01,2019-12-31,2020-01-01,2020-12-31,B1,5,unfilled_1m,1.5450167667701542
1536,2020-01-08 16:15:00+00:00,2020-01-08 10:30:00-06:00,2020-01-08 10:30:00-06:00,L,Long,A,48.80525716149375,8660.30056168083,8647.734149975047,8697.999796798178,2.9423065217840665,True,3.8554711920569353,0.3422267057230607,0,TARGET,True,2.9423065217840665,19.034824253697394,0.0,False,,,,,,,,,,,,,,,,True,6.0,2.9971345668663503,3.0,0.031618572509236206,0.0059284823454817896,8900.75,2020-01-08 10:36:00-06:00,0.0,TARGET,1.2298701298701298,1.0798175598631699,0.0006912683752746918,1.2865973778955235,,True,True,6.0,2.9971345668663503,3.0,0.031618572509236206,0.0059284823454817896,8900.75,2020-01-08 10:36:00-06:00,0.0,TARGET,1.2298701298701298,1.0798175598631699,0.0006912683752746918,1.2865973778955235,,True,False,,True,6.0,True,6.0,False,,,,,,,,,,,,,,,,True,6.0,2.9971345668663503,3.0,0.031618572509236206,0.0059284823454817896,8900.75,2020-01-08 10:36:00-06:00,0.0,TARGET,1.2298701298701298,1.0798175598631699,0.0006912683752746918,1.2865973778955235,,True,True,6.0,2.9971345668663503,3.0,0.031618572509236206,0.0059284823454817896,8900.75,2020-01-08 10:36:00-06:00,0.0,TARGET,1.2298701298701298,1.0798175598631699,0.0006912683752746918,1.2865973778955235,,True,False,,False,,False,,2.9971345668663503,3.0,0.031618572509236206,0.0059284823454817896,8900.75,2020-01-08 10:36:00-06:00,0.0,TARGET,1.2298701298701298,1.0798175598631699,0.0006912683752746918,1.2865973778955235,,True,2.9971345668663503,3.0,0.031618572509236206,0.0059284823454817896,8900.75,2020-01-08 10:36:00-06:00,0.0,TARGET,1.2298701298701298,1.0798175598631699,0.0006912683752746918,1.2865973778955235,,True,,,,,,,,,,,,,,,,,,,,,,,,,,,,,,,,,,,,,,,,,,,,,,,,,,,,,,,,,False,,,,,,,,,B1,5,1,2018-01-01,2019-12-31,2020-01-01,2020-12-31,B1,5,unfilled_1m,2.9423065217840665
1537,2020-01-08 20:15:00+00:00,2020-01-08 14:30:00-06:00,2020-01-08 14:30:00-06:00,L,Long,B,42.05514648596627,8742.352440801144,8732.330978078899,8772.41682896788,-1.0723447285185923,True,0.5136534796891772,4.3259593936235445,0,STOP,True,2.9276552714814077,22.940519320452772,0.0,False,,,,,,,,,,,,,,,,False,,,,,,,,,,,,,,,,False,,,,,,,,,,,,,,,,False,,False,,False,,False,,,,,,,,,,,,,,,,False,,,,,,,,,,,,,,,,False,,,,,,,,,,,,,,,,False,,False,,False,,,,,,,,,,,,,,,,,,,,,,,,,,,,,,,,,,,,,,,,,,,,,,,,,,,,,,,,,,,,,,,,,,,,,,,,,,,,,,,,,,,,,,False,,,,,,,,,B1,5,1,2018-01-01,2019-12-31,2020-01-01,2020-12-31,B1,5,unfilled_1m,-1.0723447285185923
1543,2020-01-13 20:45:00+00:00,2020-01-13 15:00:00-06:00,2020-01-13 15:00:00-06:00,L,Long,B,39.536744300138935,8851.339292944105,8844.663859940512,8871.365591954886,2.5370200025645833,True,2.9077824682605025,0.0,0,TIME,True,2.8913928130789732,35.15288175757228,0.0,False,,,,,,,,,,,,,,,,False,,,,,,,,,,,,,,,,True,14.0,2.997017518152937,3.0,0.005142210081142849,0.006170652097371419,9087.75,2020-01-13 15:14:00-06:00,0.0,TARGET,0.8953620247119919,2.3133867982726715,0.00017245031292599286,0.8330093852390736,,True,False,,False,,True,14.0,False,,,,,,,,,,,,,,,,False,,,,,,,,,,,,,,,,True,14.0,2.997017518152937,3.0,0.005142210081142849,0.006170652097371419,9087.75,2020-01-13 15:14:00-06:00,0.0,TARGET,0.8953620247119919,2.3133867982726715,0.00017245031292599286,0.8330093852390736,,True,False,,False,,False,,,,,,,,,,,,,,,,2.997017518152937,3.0,0.005142210081142849,0.006170652097371419,9087.75,2020-01-13 15:14:00-06:00,0.0,TARGET,0.8953620247119919,2.3133867982726715,0.00017245031292599286,0.8330093852390736,,True,,,,,,,,,,,,,,,,,,,,,,,,,,,,,,,,,,,,,,,,,,,,,,,,,,,,,,,,,False,,,,,,,,,B1,5,1,2018-01-01,2019-12-31,2020-01-01,2020-12-31,B1,5,unfilled_1m,2.5370200025645833
1545,2020-01-14 19:30:00+00:00,2020-01-14 13:45:00-06:00,2020-01-14 13:45:00-06:00,L,Long,A,46.442553713121896,8845.156965105616,8832.853993834357,8882.065878919393,-1.058928854177985,True,0.5968505276069056,1.0490933304678585,0,STOP,True,2.9410711458220145,18.864795322782374,0.0,False,,,,,,,,,,,,,,,,False,,,,,,,,,,,,,,,,False,,,,,,,,,,,,,,,,False,,False,,False,,False,,,,,,,,,,,,,,,,False,,,,,,,,,,,,,,,,False,,,,,,,,,,,,,,,,False,,False,,False,,,,,,,,,,,,,,,,,,,,,,,,,,,,,,,,,,,,,,,,,,,,,,,,,,,,,,,,,,,,,,,,,,,,,,,,,,,,,,,,,,,,,,False,,,,,,,,,B1,5,1,2018-01-01,2019-12-31,2020-01-01,2020-12-31,B1,5,unfilled_1m,-1.058928854177985
1546,2020-01-14 20:15:00+00:00,2020-01-14 14:30:00-06:00,2020-01-14 14:30:00-06:00,RS,Short,B,42.19035741946029,8828.797694119154,8841.416431503612,8797.250850658005,-0.648028850407614,True,1.331170750874161,0.7886926859341467,0,TIME,True,-1.0574542426798512,0.0,17.25230498488465,False,,,,,,,,,,,,,,,,False,,,,,,,,,,,,,,,,False,,,,,,,,,,,,,,,,False,,False,,False,,False,,,,,,,,,,,,,,,,False,,,,,,,,,,,,,,,,False,,,,,,,,,,,,,,,,False,,False,,False,,,,,,,,,,,,,,,,,,,,,,,,,,,,,,,,,,,,,,,,,,,,,,,,,,,,,,,,,,,,,,,,,,,,,,,,,,,,,,,,,,,,,,False,,,,,,,,,B1,5,1,2018-01-01,2019-12-31,2020-01-01,2020-12-31,B1,5,unfilled_1m,-0.648028850407614
1568,2020-01-28 15:45:00+00:00,2020-01-28 10:00:00-06:00,2020-01-28 10:00:00-06:00,L,Long,A,46.35992863446721,8848.0,8835.961328055644,8884.116015833068,-1.060222589613791,True,0.1661312816932157,1.038320510582598,1,STOP,True,2.9397774103862093,18.83513406196833,0.0,False,,,,,,,,,,,,,,,,False,,,,,,,,,,,,,,,,False,,,,,,,,,,,,,,,,False,,False,,False,,False,,,,,,,,,,,,,,,,False,,,,,,,,,,,,,,,,False,,,,,,,,,,,,,,,,False,,False,,False,,,,,,,,,,,,,,,,,,,,,,,,,,,,,,,,,,,,,,,,,,,,,,,,,,,,,,,,,,,,,,,,,,,,,,,,,,,,,,,,,,,,,,False,,,,,,,,,B1,5,1,2018-01-01,2019-12-31,2020-01-01,2020-12-31,B1,5,unfilled_1m,-1.060222589613791
1570,2020-01-28 20:45:00+00:00,2020-01-28 15:00:00-06:00,2020-01-28 15:00:00-06:00,RS,Short,B,39.10603084405893,8883.818056551796,8893.763734137501,8858.953862587532,-1.0728959886093667,True,1.263670216884959,2.7833139783247107,0,STOP,True,-1.0728959886093667,0.0,21.88709030353806,False,,,,,,,,,,,,,,,,False,,,,,,,,,,,,,,,,False,,,,,,,,,,,,,,,,False,,False,,False,,False,,,,,,,,,,,,,,,,False,,,,,,,,,,,,,,,,False,,,,,,,,,,,,,,,,False,,False,,False,,,,,,,,,,,,,,,,,,,,,,,,,,,,,,,,,,,,,,,,,,,,,,,,,,,,,,,,,,,,,,,,,,,,,,,,,,,,,,,,,,,,,,False,,,,,,,,,B1,5,1,2018-01-01,2019-12-31,2020-01-01,2020-12-31,B1,5,unfilled_1m,-1.0728959886093667
1574,2020-01-30 15:45:00+00:00,2020-01-30 10:00:00-06:00,2020-01-30 10:00:00-06:00,S,Short,A+,82.32709898271288,8818.79328718725,8835.621287133186,8768.309287349442,-1.0430829571148834,True,1.1316429313306702,1.5424716482138168,0,STOP,True,-1.0430829571148834,0.0,12.952027187603626,False,,,,,,,,,,,,,,,,False,,,,,,,,,,,,,,,,False,,,,,,,,,,,,,,,,False,,False,,False,,False,,,,,,,,,,,,,,,,False,,,,,,,,,,,,,,,,False,,,,,,,,,,,,,,,,False,,False,,False,,,,,,,,,,,,,,,,,,,,,,,,,,,,,,,,,,,,,,,,,,,,,,,,,,,,,,,,,,,,,,,,,,,,,,,,,,,,,,,,,,,,,,False,,,,,,,,,B1,5,1,2018-01-01,2019-12-31,2020-01-01,2020-12-31,B1,5,unfilled_1m,-1.0430829571148834
1575,2020-01-30 19:15:00+00:00,2020-01-30 13:30:00-06:00,2020-01-30 13:30:00-06:00,L,Long,B,40.783693807233895,8854.75,8839.859935383347,8899.42019384996,2.9513098150568693,True,3.005359691317366,0.9738036988626102,0,TARGET,True,2.9513098150568693,15.093957332370458,0.0,False,,,,,,,,,,,,,,,,False,,,,,,,,,,,,,,,,True,12.0,2.9972809787567285,3.0,0.015939090046764734,0.14813977808169576,9106.5,2020-01-30 13:42:00-06:00,0.0,TARGET,7.0489145122061085,3.3423030924312322,0.01707040775700689,10.401435597500997,,True,False,,False,,True,12.0,False,,,,,,,,,,,,,,,,False,,,,,,,,,,,,,,,,False,,,,,,,,,,,,,,,,False,,False,,False,,,,,,,,,,,,,,,,2.9972809787567285,3.0,0.015939090046764734,0.14813977808169576,9106.5,2020-01-30 13:42:00-06:00,0.0,TARGET,7.0489145122061085,3.3423030924312322,0.01707040775700689,10.401435597500997,,True,,,,,,,,,,,,,,,,,,,,,,,,,,,,,,,,,,,,,,,,,,,,,,,,,,,,,,,,,False,,,,,,,,,B1,5,1,2018-01-01,2019-12-31,2020-01-01,2020-12-31,B1,5,unfilled_1m,2.9513098150568693
1582,2020-02-03 21:00:00+00:00,2020-02-03 15:15:00-06:00,2020-02-03 15:15:00-06:00,RS,Short,A,49.03636625972346,8906.408605077913,8921.937962571012,8867.585211345167,2.4533142307837137,True,3.7450747787704977,0.0,0,TARGET,True,-1.0466857692162865,0.0,13.238886091292361,False,,,,,,,,,,,,,,,,False,,,,,,,,,,,,,,,,False,,,,,,,,,,,,,,,,False,,False,,False,,False,,,,,,,,,,,,,,,,False,,,,,,,,,,,,,,,,False,,,,,,,,,,,,,,,,False,,False,,False,,,,,,,,,,,,,,,,,,,,,,,,,,,,,,,,,,,,,,,,,,,,,,,,,,,,,,,,,,,,,,,,,,,,,,,,,,,,,,,,,,,,,,False,,,,,,,,,B1,5,1,2018-01-01,2019-12-31,2020-01-01,2020-12-31,B1,5,unfilled_1m,2.4533142307837137
1588,2020-02-06 16:15:00+00:00,2020-02-06 10:30:00-06:00,2020-02-06 10:30:00-06:00,L,Long,B,44.314516137268875,9213.10558499052,9199.352403806535,9254.365128542477,-1.0527150766285414,True,0.4649407961646921,1.061978664799951,1,STOP,True,2.9472849233714586,16.80661455101248,0.0,False,,,,,,,,,,,,,,,,False,,,,,,,,,,,,,,,,False,,,,,,,,,,,,,,,,False,,False,,False,,False,,,,,,,,,,,,,,,,False,,,,,,,,,,,,,,,,False,,,,,,,,,,,,,,,,False,,False,,False,,,,,,,,,,,,,,,,,,,,,,,,,,,,,,,,,,,,,,,,,,,,,,,,,,,,,,,,,,,,,,,,,,,,,,,,,,,,,,,,,,,,,,False,,,,,,,,,B1,5,1,2018-01-01,2019-12-31,2020-01-01,2020-12-31,B1,5,unfilled_1m,-1.0527150766285414
1589,2020-02-06 20:45:00+00:00,2020-02-06 15:00:00-06:00,2020-02-06 15:00:00-06:00,L,Long,B,42.350375231864334,9217.586728102948,9207.09880024314,9249.050511682375,2.496991993758183,True,2.7329775986444345,0.0,0,TIME,True,2.930872903619179,22.4937923916447,0.0,False,,,,,,,,,,,,,,,,True,8.0,2.9970152473486102,3.0,0.0020584501044066165,0.004116900208813233,9450.0,2020-02-06 15:08:00-06:00,0.0,TARGET,0.1741139579981021,0.5831951354339414,3.685731541028278e-05,0.17154471544715447,,True,True,8.0,2.9970152473486102,3.0,0.0020584501044066165,0.004116900208813233,9450.0,2020-02-06 15:08:00-06:00,0.0,TARGET,0.1741139579981021,0.5831951354339414,3.685731541028278e-05,0.17154471544715447,,True,False,,True,8.0,True,8.0,False,,,,,,,,,,,,,,,,True,10.0,2.9970090907110722,3.0,0.005156740153323548,0.0,9449.5,2020-02-06 15:10:00-06:00,0.0,TARGET,0.20318530677432237,0.9828326180257511,5.375699308790429e-06,0.19370664862121467,,True,True,10.0,2.9970090907110722,3.0,0.005156740153323548,0.0,9449.5,2020-02-06 15:10:00-06:00,0.0,TARGET,0.20318530677432237,0.9828326180257511,5.375699308790429e-06,0.19370664862121467,,True,False,,True,9.0,True,9.0,2.9970152473486102,3.0,0.0020584501044066165,0.004116900208813233,9450.0,2020-02-06 15:08:00-06:00,0.0,TARGET,0.1741139579981021,0.5831951354339414,3.685731541028278e-05,0.17154471544715447,,True,2.9970152473486102,3.0,0.0020584501044066165,0.004116900208813233,9450.0,2020-02-06 15:08:00-06:00,0.0,TARGET,0.1741139579981021,0.5831951354339414,3.685731541028278e-05,0.17154471544715447,,True,2.9970060028580163,3.0,0.007226889653064486,0.0,9449.25,2020-02-06 15:09:00-06:00,0.0,TARGET,0.08627981728979868,0.3849056603773585,-6.847604546813227e-06,0.0841688327763337,,True,2.9970060028580163,3.0,0.007226889653064486,0.0,9449.25,2020-02-06 15:09:00-06:00,0.0,TARGET,0.08627981728979868,0.3849056603773585,-6.847604546813227e-06,0.0841688327763337,,True,,,,,,,,,,,,,,,,,,,,,,,,,,,,,False,,,,,,,,,B1,5,1,2018-01-01,2019-12-31,2020-01-01,2020-12-31,B1,5,unfilled_1m,2.496991993758183
1594,2020-02-10 20:00:00+00:00,2020-02-10 14:15:00-06:00,2020-02-10 14:15:00-06:00,L,Long,B,42.44384930329045,9270.239413444628,9260.683676955254,9298.906622912751,2.9241293435826523,True,3.21907019826034,0.0,0,TARGET,True,2.9241293435826523,24.489016290434073,0.0,False,,,,,,,,,,,,,,,,False,,,,,,,,,,,,,,,,True,11.0,2.9970476407717035,3.0,0.006108329437854861,0.0010180549063091434,9506.25,2020-02-10 14:26:00-06:00,0.0,TARGET,0.7534380499250473,1.1853978671041836,0.00011890445039459857,0.7684637372864456,,True,False,,False,,True,11.0,False,,,,,,,,,,,,,,,,False,,,,,,,,,,,,,,,,True,11.0,2.9970476407717035,3.0,0.006108329437854861,0.0010180549063091434,9506.25,2020-02-10 14:26:00-06:00,0.0,TARGET,0.7534380499250473,1.1853978671041836,0.00011890445039459857,0.7684637372864456,,True,False,,False,,True,12.0,,,,,,,,,,,,,,,2.9970476407717035,3.0,0.006108329437854861,0.0010180549063091434,9506.25,2020-02-10 14:26:00-06:00,0.0,TARGET,0.7534380499250473,1.1853978671041836,0.00011890445039459857,0.7684637372864456,,True,,,,,,,,,,,,,,,2.997059614666564,3.0,0.011153185747515636,0.0,9507.25,2020-02-10 14:27:00-06:00,0.0,TARGET,0.6802184066837709,0.9972993827160495,7.155486197863373e-05,0.6739229616111582,,True,,,,,,,,,,,,,,,,,,,,,,,,,,,,,False,,,,,,,,,B1,5,1,2018-01-01,2019-12-31,2020-01-01,2020-12-31,B1,5,unfilled_1m,2.9241293435826523
1597,2020-02-12 16:15:00+00:00,2020-02-12 10:30:00-06:00,2020-02-12 10:30:00-06:00,L,Long,A,52.14959171379605,9374.33622456962,9364.039303459764,9405.22698789919,0.868101768966872,True,1.1813021873825051,0.4453976602025667,0,TIME,True,2.9295906036119894,22.5469121258133,0.0,False,,,,,,,,,,,,,,,,True,9.0,2.9970373179013006,3.0,0.009194530651135823,0.007151301617550085,9608.75,2020-02-12 10:39:00-06:00,0.0,TARGET,1.5624684375315625,1.8783389995143274,0.0004473025404134012,1.5636529034214384,,True,True,9.0,2.9970373179013006,3.0,0.009194530651135823,0.007151301617550085,9608.75,2020-02-12 10:39:00-06:00,0.0,TARGET,1.5624684375315625,1.8783389995143274,0.0004473025404134012,1.5636529034214384,,True,False,,True,9.0,True,9.0,False,,,,,,,,,,,,,,,,True,9.0,2.9970373179013006,3.0,0.009194530651135823,0.007151301617550085,9608.75,2020-02-12 10:39:00-06:00,0.0,TARGET,1.5624684375315625,1.8783389995143274,0.0004473025404134012,1.5636529034214384,,True,True,9.0,2.9970373179013006,3.0,0.009194530651135823,0.007151301617550085,9608.75,2020-02-12 10:39:00-06:00,0.0,TARGET,1.5624684375315625,1.8783389995143274,0.0004473025404134012,1.5636529034214384,,True,False,,True,10.0,True,10.0,2.9970373179013006,3.0,0.009194530651135823,0.007151301617550085,9608.75,2020-02-12 10:39:00-06:00,0.0,TARGET,1.5624684375315625,1.8783389995143274,0.0004473025404134012,1.5636529034214384,,True,2.9970373179013006,3.0,0.009194530651135823,0.007151301617550085,9608.75,2020-02-12 10:39:00-06:00,0.0,TARGET,1.5624684375315625,1.8783389995143274,0.0004473025404134012,1.5636529034214384,,True,2.997025161347892,3.0,0.0,0.02769677365755501,9607.75,2020-02-12 10:40:00-06:00,0.0,TARGET,0.830432111406922,0.9972946384653222,-8.642457254141095e-05,0.8191091808908191,,True,2.997025161347892,3.0,0.0,0.02769677365755501,9607.75,2020-02-12 10:40:00-06:00,0.0,TARGET,0.830432111406922,0.9972946384653222,-8.642457254141095e-05,0.8191091808908191,,True,,,,,,,,,,,,,,,,,,,,,,,,,,,,,False,,,,,,,,,B1,5,1,2018-01-01,2019-12-31,2020-01-01,2020-12-31,B1,5,unfilled_1m,0.868101768966872
1604,2020-02-18 19:30:00+00:00,2020-02-18 13:45:00-06:00,2020-02-18 13:45:00-06:00,L,Long,B,45.76161806137931,9417.496838419636,9406.469749425743,9450.578105401302,0.0252252956802761,True,1.1111873303235147,0.6118422027221249,0,TIME,True,2.9342528204495744,20.676641106881238,0.0,False,,,,,,,,,,,,,,,,False,,,,,,,,,,,,,,,,True,12.0,2.9969858261143076,3.0,0.004157481221644842,0.015590554581168155,9647.0,2020-02-18 13:57:00-06:00,0.0,TARGET,1.1355893708834885,1.4934289127837514,0.00020603731360473423,1.1632415664986429,,True,False,,False,,True,12.0,False,,,,,,,,,,,,,,,,False,,,,,,,,,,,,,,,,False,,,,,,,,,,,,,,,,False,,False,,True,15.0,,,,,,,,,,,,,,,2.9969858261143076,3.0,0.004157481221644842,0.015590554581168155,9647.0,2020-02-18 13:57:00-06:00,0.0,TARGET,1.1355893708834885,1.4934289127837514,0.00020603731360473423,1.1632415664986429,,True,,,,,,,,,,,,,,,2.9969826900119036,3.0,0.0010404517200332268,0.015606775800498403,9646.75,2020-02-18 14:00:00-06:00,0.0,TARGET,0.9134082634161785,0.9369925300422216,0.00014205048030107662,0.9038220551378446,,True,,,,,,,,,,,,,,,,,,,,,,,,,,,,,False,,,,,,,,,B1,5,1,2018-01-01,2019-12-31,2020-01-01,2020-12-31,B1,5,unfilled_1m,0.0252252956802761
1612,2020-02-25 17:00:00+00:00,2020-02-25 11:15:00-06:00,2020-02-25 11:15:00-06:00,L,Long,A,60.18077627056222,8805.25,8772.74345964372,8902.76962106884,-1.0223032039723023,True,0.030763039961796444,1.330501478347696,1,STOP,True,2.9776967960276974,6.944756271375547,0.0,False,,,,,,,,,,,,,,,,False,,,,,,,,,,,,,,,,True,13.0,2.9969051024193503,3.0,0.004268824249171878,0.04588986067859769,9007.0,2020-02-25 11:28:00-06:00,0.0,TARGET,1.030708242115851,1.027364944562397,0.00022891909874870768,1.0193393604259926,,True,False,,False,,True,13.0,False,,,,,,,,,,,,,,,,False,,,,,,,,,,,,,,,,True,13.0,2.9969051024193503,3.0,0.004268824249171878,0.04588986067859769,9007.0,2020-02-25 11:28:00-06:00,0.0,TARGET,1.030708242115851,1.027364944562397,0.00022891909874870768,1.0193393604259926,,True,False,,False,,False,,,,,,,,,,,,,,,,2.9969051024193503,3.0,0.004268824249171878,0.04588986067859769,9007.0,2020-02-25 11:28:00-06:00,0.0,TARGET,1.030708242115851,1.027364944562397,0.00022891909874870768,1.0193393604259926,,True,,,,,,,,,,,,,,,,,,,,,,,,,,,,,,,,,,,,,,,,,,,,,,,,,,,,,,,,,False,,,,,,,,,B1,5,1,2018-01-01,2019-12-31,2020-01-01,2020-12-31,B1,5,unfilled_1m,-1.0223032039723023
1616,2020-02-26 17:15:00+00:00,2020-02-26 11:30:00-06:00,2020-02-26 11:30:00-06:00,S,Short,A,58.27305938820715,8697.75,8733.693521065718,8589.919436802847,-0.1523223055968768,True,0.4381874544567688,0.9250624038531786,1,TIME,True,-1.0201705336178513,0.0,6.718874301670455,False,,,,,,,,,,,,,,,,True,10.0,0.996249479044898,1.0,0.0,0.07759698527797136,8927.0,2020-02-26 11:40:00-06:00,0.0,STOP,1.1296037796628369,0.9637229754488824,0.0013902038013304079,1.0576053081331054,,True,True,10.0,0.996249479044898,1.0,0.0,0.07759698527797136,8927.0,2020-02-26 11:40:00-06:00,0.0,STOP,1.1296037796628369,0.9637229754488824,0.0013902038013304079,1.0576053081331054,,True,False,,True,10.0,True,10.0,False,,,,,,,,,,,,,,,,False,,,,,,,,,,,,,,,,False,,,,,,,,,,,,,,,,False,,False,,True,13.0,0.996249479044898,1.0,0.0,0.07759698527797136,8927.0,2020-02-26 11:40:00-06:00,0.0,STOP,1.1296037796628369,0.9637229754488824,0.0013902038013304079,1.0576053081331054,,True,0.996249479044898,1.0,0.0,0.07759698527797136,8927.0,2020-02-26 11:40:00-06:00,0.0,STOP,1.1296037796628369,0.9637229754488824,0.0013902038013304079,1.0576053081331054,,True,,,,,,,,,,,,,,,0.9963208517480829,1.0,0.06470226236130035,0.021567420787100115,8930.75,2020-02-26 11:43:00-06:00,0.0,STOP,0.7425838378811755,0.7892571697226141,0.0002701362741340914,0.7315611722409848,,True,,,,,,,,,,,,,,,,,,,,,,,,,,,,,False,,,,,,,,,B1,5,1,2018-01-01,2019-12-31,2020-01-01,2020-12-31,B1,5,unfilled_1m,-0.1523223055968768
1618,2020-02-26 19:15:00+00:00,2020-02-26 13:30:00-06:00,2020-02-26 13:30:00-06:00,L,Long,A,50.74714125419867,8652.25,8612.937607584885,8770.187177245345,0.4585068191644744,True,1.3863312978898115,0.5469013376996504,0,TIME,True,2.9815579781473374,5.914165628612499,0.0,False,,,,,,,,,,,,,,,,False,,,,,,,,,,,,,,,,False,,,,,,,,,,,,,,,,False,,False,,False,,False,,,,,,,,,,,,,,,,False,,,,,,,,,,,,,,,,False,,,,,,,,,,,,,,,,False,,False,,False,,,,,,,,,,,,,,,,,,,,,,,,,,,,,,,,,,,,,,,,,,,,,,,,,,,,,,,,,,,,,,,,,,,,,,,,,,,,,,,,,,,,,,False,,,,,,,,,B1,5,1,2018-01-01,2019-12-31,2020-01-01,2020-12-31,B1,5,unfilled_1m,0.4585068191644744
1619,2020-02-26 19:15:00+00:00,2020-02-26 13:30:00-06:00,2020-02-26 13:30:00-06:00,RL,Long,A,50.74714125419867,8652.25,8612.937607584885,8750.530981037788,0.5157406800865308,True,0.8394299601901611,0.5469013376996504,0,TIME,True,2.4815579781473374,5.914165628612499,0.0,False,,,,,,,,,,,,,,,,False,,,,,,,,,,,,,,,,False,,,,,,,,,,,,,,,,False,,False,,False,,False,,,,,,,,,,,,,,,,False,,,,,,,,,,,,,,,,False,,,,,,,,,,,,,,,,False,,False,,False,,,,,,,,,,,,,,,,,,,,,,,,,,,,,,,,,,,,,,,,,,,,,,,,,,,,,,,,,,,,,,,,,,,,,,,,,,,,,,,,,,,,,,False,,,,,,,,,B1,5,1,2018-01-01,2019-12-31,2020-01-01,2020-12-31,B1,5,unfilled_1m,0.5157406800865308
1622,2020-02-27 18:30:00+00:00,2020-02-27 12:45:00-06:00,2020-02-27 12:45:00-06:00,S,Short,A+,100.0,8468.275736977723,8517.44917588287,8320.75542026228,1.0585132570883602,True,2.039225630957989,0.14182988169141883,0,TIME,True,-1.0147437319036907,0.0,3.6345691292208904,False,,,,,,,,,,,,,,,,False,,,,,,,,,,,,,,,,True,15.0,0.9933971351687979,1.0,0.07968974796278333,0.11611934703148429,8627.25,2020-02-27 13:00:00-06:00,0.0,STOP,1.1223442666565315,0.8757413997627521,0.0017210880774491582,1.1548464050370544,,True,False,,False,,True,15.0,False,,,,,,,,,,,,,,,,False,,,,,,,,,,,,,,,,False,,,,,,,,,,,,,,,,False,,False,,False,,,,,,,,,,,,,,,,0.9933971351687979,1.0,0.07968974796278333,0.11611934703148429,8627.25,2020-02-27 13:00:00-06:00,0.0,STOP,1.1223442666565315,0.8757413997627521,0.0017210880774491582,1.1548464050370544,,True,,,,,,,,,,,,,,,,,,,,,,,,,,,,,,,,,,,,,,,,,,,,,,,,,,,,,,,,,False,,,,,,,,,B1,5,1,2018-01-01,2019-12-31,2020-01-01,2020-12-31,B1,5,unfilled_1m,1.0585132570883602
1625,2020-02-28 19:45:00+00:00,2020-02-28 14:00:00-06:00,2020-02-28 14:00:00-06:00,RL,Long,B,37.32817705012937,8085.695415477138,8021.481807689928,8246.229434945164,-1.0112904417768036,True,0.8340067840500395,1.1204076200725206,0,STOP,True,2.488709558223196,3.968077691059324,0.0,False,,,,,,,,,,,,,,,,False,,,,,,,,,,,,,,,,True,14.0,2.49743606240123,2.5,0.10786220243101097,0.03005995805454404,8304.25,2020-02-28 14:14:00-06:00,0.0,TARGET,1.5217078780908568,1.401801085948881,0.0009167743338800008,1.6101308183754184,,True,False,,False,,True,14.0,False,,,,,,,,,,,,,,,,False,,,,,,,,,,,,,,,,False,,,,,,,,,,,,,,,,False,,False,,True,15.0,,,,,,,,,,,,,,,2.49743606240123,2.5,0.10786220243101097,0.03005995805454404,8304.25,2020-02-28 14:14:00-06:00,0.0,TARGET,1.5217078780908568,1.401801085948881,0.0009167743338800008,1.6101308183754184,,True,,,,,,,,,,,,,,,2.4976074043790146,2.5,0.1303552096950685,0.0,8324.5,2020-02-28 14:15:00-06:00,0.0,TARGET,1.2641388631998292,1.0871161140340144,0.00308261576660097,1.2773145485911443,,True,,,,,,,,,,,,,,,,,,,,,,,,,,,,,False,,,,,,,,,B1,5,1,2018-01-01,2019-12-31,2020-01-01,2020-12-31,B1,5,unfilled_1m,-1.0112904417768036
1628,2020-03-02 19:30:00+00:00,2020-03-02 13:45:00-06:00,2020-03-02 13:45:00-06:00,S,Short,A+,100.0,8420.685932691988,8464.310687158504,8289.811669292436,-1.0166190047111088,True,1.5057032067058074,1.4570641848952963,0,STOP,True,-1.0166190047111088,0.0,3.9957604217991434,False,,,,,,,,,,,,,,,,False,,,,,,,,,,,,,,,,False,,,,,,,,,,,,,,,,False,,False,,False,,False,,,,,,,,,,,,,,,,False,,,,,,,,,,,,,,,,False,,,,,,,,,,,,,,,,False,,False,,False,,,,,,,,,,,,,,,,,,,,,,,,,,,,,,,,,,,,,,,,,,,,,,,,,,,,,,,,,,,,,,,,,,,,,,,,,,,,,,,,,,,,,,False,,,,,,,,,B1,5,1,2018-01-01,2019-12-31,2020-01-01,2020-12-31,B1,5,unfilled_1m,-1.0166190047111088
1629,2020-03-03 16:15:00+00:00,2020-03-03 10:30:00-06:00,2020-03-03 10:30:00-06:00,S,Short,A+,100.0,8553.52683091371,8612.643544193234,8376.17669107514,-1.0122638753032829,True,1.1168894082712806,1.022945386025652,0,STOP,True,-1.0122638753032829,0.0,3.0739728074367436,False,,,,,,,,,,,,,,,,False,,,,,,,,,,,,,,,,False,,,,,,,,,,,,,,,,False,,False,,False,,False,,,,,,,,,,,,,,,,False,,,,,,,,,,,,,,,,False,,,,,,,,,,,,,,,,False,,False,,False,,,,,,,,,,,,,,,,,,,,,,,,,,,,,,,,,,,,,,,,,,,,,,,,,,,,,,,,,,,,,,,,,,,,,,,,,,,,,,,,,,,,,,False,,,,,,,,,B1,5,1,2018-01-01,2019-12-31,2020-01-01,2020-12-31,B1,5,unfilled_1m,-1.0122638753032829
1634,2020-03-05 16:15:00+00:00,2020-03-05 10:30:00-06:00,2020-03-05 10:30:00-06:00,L,Long,A+,77.8454142754447,8627.75,8597.320747041827,8719.037758874516,-1.0238257574379683,True,0.287552244940997,1.6924503559384394,1,STOP,True,2.9761742425620317,7.640673937003634,0.0,False,,,,,,,,,,,,,,,,False,,,,,,,,,,,,,,,,False,,,,,,,,,,,,,,,,False,,False,,False,,False,,,,,,,,,,,,,,,,False,,,,,,,,,,,,,,,,False,,,,,,,,,,,,,,,,False,,False,,False,,,,,,,,,,,,,,,,,,,,,,,,,,,,,,,,,,,,,,,,,,,,,,,,,,,,,,,,,,,,,,,,,,,,,,,,,,,,,,,,,,,,,,False,,,,,,,,,B1,5,1,2018-01-01,2019-12-31,2020-01-01,2020-12-31,B1,5,unfilled_1m,-1.0238257574379683
1635,2020-03-05 16:45:00+00:00,2020-03-05 11:00:00-06:00,2020-03-05 11:00:00-06:00,RS,Short,A+,83.72518753750879,8591.927211538512,8623.585916895303,8512.780448146534,2.477099505749546,True,2.6746896496305483,0.0,0,TARGET,True,-1.0229004942504538,0.0,6.422334273308311,False,,,,,,,,,,,,,,,,True,6.0,0.9950398211065253,1.0,0.05131219544973825,0.01026243908994765,8769.75,2020-03-05 11:06:00-06:00,0.0,STOP,1.2032239493379389,1.4086722084924734,0.0007198775765270228,1.2115356746050916,,True,True,6.0,0.9950398211065253,1.0,0.05131219544973825,0.01026243908994765,8769.75,2020-03-05 11:06:00-06:00,0.0,STOP,1.2032239493379389,1.4086722084924734,0.0007198775765270228,1.2115356746050916,,True,False,,False,,False,,False,,,,,,,,,,,,,,,,False,,,,,,,,,,,,,,,,False,,,,,,,,,,,,,,,,False,,False,,False,,,,,,,,,,,,,,,,,,,,,,,,,,,,,,,,,,,,,,,,,,,,,,,,,,,,,,,,,,,,,,,,,,,,,,,,,,,,,,,,,,,,,,False,,,,,,,,,B1,5,1,2018-01-01,2019-12-31,2020-01-01,2020-12-31,B1,5,unfilled_1m,2.477099505749546
1638,2020-03-06 16:15:00+00:00,2020-03-06 10:30:00-06:00,2020-03-06 10:30:00-06:00,S,Short,A+,69.37532455049174,8236.75,8276.183363911186,8118.449908266443,1.756761106052838,True,1.927301971274135,0.786136330388134,0,TIME,True,-1.0183854464364968,0.0,6.168634269900439,False,,,,,,,,,,,,,,,,False,,,,,,,,,,,,,,,,True,13.0,0.9957680700686643,1.0,0.08026074007705684,0.013133575648972938,8447.5,2020-03-06 10:43:00-06:00,0.0,STOP,0.7676715678388727,0.8817442719881744,0.0008623483380003536,0.7598484124709405,,True,False,,False,,True,13.0,False,,,,,,,,,,,,,,,,False,,,,,,,,,,,,,,,,True,13.0,0.9957680700686643,1.0,0.08026074007705684,0.013133575648972938,8447.5,2020-03-06 10:43:00-06:00,0.0,STOP,0.7676715678388727,0.8817442719881744,0.0008623483380003536,0.7598484124709405,,True,False,,False,,False,,,,,,,,,,,,,,,,0.9957680700686643,1.0,0.08026074007705684,0.013133575648972938,8447.5,2020-03-06 10:43:00-06:00,0.0,STOP,0.7676715678388727,0.8817442719881744,0.0008623483380003536,0.7598484124709405,,True,,,,,,,,,,,,,,,,,,,,,,,,,,,,,,,,,,,,,,,,,,,,,,,,,,,,,,,,,False,,,,,,,,,B1,5,1,2018-01-01,2019-12-31,2020-01-01,2020-12-31,B1,5,unfilled_1m,1.756761106052838
1644,2020-03-09 17:30:00+00:00,2020-03-09 12:45:00-05:00,2020-03-09 12:45:00-05:00,S,Short,A+,100.0,7855.78629456362,7896.55585028127,7733.47762741067,2.982217122869305,True,3.275392439604343,0.0,0,TARGET,True,-1.017782877130695,0.0,4.604261737272591,False,,,,,,,,,,,,,,,,True,9.0,0.993465180436841,1.0,0.08788205619420755,0.01126693028130866,8007.5,2020-03-09 12:54:00-05:00,0.0,STOP,1.1652695850150057,1.0760703363914372,0.001888723222391988,1.198191008246874,,True,True,9.0,0.993465180436841,1.0,0.08788205619420755,0.01126693028130866,8007.5,2020-03-09 12:54:00-05:00,0.0,STOP,1.1652695850150057,1.0760703363914372,0.001888723222391988,1.198191008246874,,True,False,,True,9.0,True,9.0,False,,,,,,,,,,,,,,,,False,,,,,,,,,,,,,,,,False,,,,,,,,,,,,,,,,False,,True,10.0,True,10.0,0.993465180436841,1.0,0.08788205619420755,0.01126693028130866,8007.5,2020-03-09 12:54:00-05:00,0.0,STOP,1.1652695850150057,1.0760703363914372,0.001888723222391988,1.198191008246874,,True,0.993465180436841,1.0,0.08788205619420755,0.01126693028130866,8007.5,2020-03-09 12:54:00-05:00,0.0,STOP,1.1652695850150057,1.0760703363914372,0.001888723222391988,1.198191008246874,,True,0.9932990831585186,1.0,0.004621321959642361,0.2010275052444427,8004.75,2020-03-09 12:55:00-05:00,0.0,STOP,1.7211670256510672,1.458921161825726,0.0005910970116190954,1.8193107730518474,,True,0.9932990831585186,1.0,0.004621321959642361,0.2010275052444427,8004.75,2020-03-09 12:55:00-05:00,0.0,STOP,1.7211670256510672,1.458921161825726,0.0005910970116190954,1.8193107730518474,,True,,,,,,,,,,,,,,,,,,,,,,,,,,,,,False,,,,,,,,,B1,5,1,2018-01-01,2019-12-31,2020-01-01,2020-12-31,B1,5,unfilled_1m,2.982217122869305
1653,2020-03-12 17:00:00+00:00,2020-03-12 12:15:00-05:00,2020-03-12 12:15:00-05:00,L,Long,A+,100.0,7370.0,7300.0512960636925,7579.846111808923,-1.0103647381466876,True,0.5646995266126318,2.276668344634471,0,STOP,True,2.9896352618533126,3.7313057328075163,0.0,False,,,,,,,,,,,,,,,,True,7.0,2.9976851756061307,3.0,0.03192861232923113,0.12851266462515532,7613.25,2020-03-12 12:22:00-05:00,0.0,TARGET,0.7097128223888787,1.2477489066117828,0.0023381966276443786,0.6988220885414791,,True,True,7.0,2.9976851756061307,3.0,0.03192861232923113,0.12851266462515532,7613.25,2020-03-12 12:22:00-05:00,0.0,TARGET,0.7097128223888787,1.2477489066117828,0.0023381966276443786,0.6988220885414791,,True,False,,True,7.0,True,7.0,False,,,,,,,,,,,,,,,,False,,,,,,,,,,,,,,,,False,,,,,,,,,,,,,,,,False,,False,,True,13.0,2.9976851756061307,3.0,0.03192861232923113,0.12851266462515532,7613.25,2020-03-12 12:22:00-05:00,0.0,TARGET,0.7097128223888787,1.2477489066117828,0.0023381966276443786,0.6988220885414791,,True,2.9976851756061307,3.0,0.03192861232923113,0.12851266462515532,7613.25,2020-03-12 12:22:00-05:00,0.0,TARGET,0.7097128223888787,1.2477489066117828,0.0023381966276443786,0.6988220885414791,,True,,,,,,,,,,,,,,,2.997664670553275,3.0,0.0,0.09905017998177486,7610.5,2020-03-12 12:28:00-05:00,0.0,TARGET,0.9268516629259335,1.3378000294507435,0.004067150719890167,0.9024983857348632,,True,,,,,,,,,,,,,,,,,,,,,,,,,,,,,False,,,,,,,,,B1,5,1,2018-01-01,2019-12-31,2020-01-01,2020-12-31,B1,5,unfilled_1m,-1.0103647381466876
1654,2020-03-13 14:45:00+00:00,2020-03-13 10:00:00-05:00,2020-03-13 10:00:00-05:00,S,Short,A+,100.0,7274.6704228840845,7327.644263512783,7115.748900997989,2.986313999676149,True,3.349208227654279,0.48287186302398644,0,TARGET,True,-1.013686000323851,0.0,3.5881781434012017,False,,,,,,,,,,,,,,,,True,10.0,0.9951539291405317,1.0,0.07185553343349603,0.04177647292645118,7477.25,2020-03-13 10:10:00-05:00,0.0,STOP,0.8647906657515443,0.9850853981236469,0.0035418637415902967,0.8602489365054357,,True,True,10.0,0.9951539291405317,1.0,0.07185553343349603,0.04177647292645118,7477.25,2020-03-13 10:10:00-05:00,0.0,STOP,0.8647906657515443,0.9850853981236469,0.0035418637415902967,0.8602489365054357,,True,False,,True,10.0,True,10.0,False,,,,,,,,,,,,,,,,True,10.0,0.9951539291405317,1.0,0.07185553343349603,0.04177647292645118,7477.25,2020-03-13 10:10:00-05:00,0.0,STOP,0.8647906657515443,0.9850853981236469,0.0035418637415902967,0.8602489365054357,,True,True,10.0,0.9951539291405317,1.0,0.07185553343349603,0.04177647292645118,7477.25,2020-03-13 10:10:00-05:00,0.0,STOP,0.8647906657515443,0.9850853981236469,0.0035418637415902967,0.8602489365054357,,True,False,,False,,True,11.0,0.9951539291405317,1.0,0.07185553343349603,0.04177647292645118,7477.25,2020-03-13 10:10:00-05:00,0.0,STOP,0.8647906657515443,0.9850853981236469,0.0035418637415902967,0.8602489365054357,,True,0.9951539291405317,1.0,0.07185553343349603,0.04177647292645118,7477.25,2020-03-13 10:10:00-05:00,0.0,STOP,0.8647906657515443,0.9850853981236469,0.0035418637415902967,0.8602489365054357,,True,,,,,,,,,,,,,,,0.9951376786897655,1.0,0.03688657545695118,0.1207197014954766,7476.75,2020-03-13 10:11:00-05:00,0.0,STOP,0.8633919716030694,0.9549653579676675,5.773459303913681e-05,0.873237949421889,,True,,,,,,,,,,,,,,,,,,,,,,,,,,,,,False,,,,,,,,,B1,5,1,2018-01-01,2019-12-31,2020-01-01,2020-12-31,B1,5,unfilled_1m,2.986313999676149
1656,2020-03-13 16:45:00+00:00,2020-03-13 12:00:00-05:00,2020-03-13 12:00:00-05:00,L,Long,A+,72.93597887955117,7243.5,7179.806370892599,7434.580887322201,1.6018085549492649,True,2.029245339154055,0.5220302323162269,0,TIME,True,2.9886173859119016,3.728787373687335,0.0,False,,,,,,,,,,,,,,,,False,,,,,,,,,,,,,,,,True,12.0,2.9976437601191055,3.0,0.005687475574572787,0.07149969293748647,7487.5,2020-03-13 12:12:00-05:00,0.0,TARGET,1.3881920053520656,1.3633377135348228,0.00553769061167567,1.3747412008281574,,True,False,,False,,True,12.0,False,,,,,,,,,,,,,,,,False,,,,,,,,,,,,,,,,True,15.0,2.9977089126362095,3.0,0.004740180752670174,0.05767219915748711,7496.25,2020-03-13 12:15:00-05:00,0.0,TARGET,0.8713008765078539,0.8607681755829903,5.811965957428013e-05,0.8529436751338035,,True,False,,False,,True,13.0,,,,,,,,,,,,,,,2.9976437601191055,3.0,0.005687475574572787,0.07149969293748647,7487.5,2020-03-13 12:12:00-05:00,0.0,TARGET,1.3881920053520656,1.3633377135348228,0.00553769061167567,1.3747412008281574,,True,,,,,,,,,,,,,,,2.997639925013723,3.0,0.02848366362747983,0.05696732725495966,7487.0,2020-03-13 12:13:00-05:00,0.0,TARGET,0.8678170547830457,0.8639092728485657,-5.7951055411244645e-05,0.866365612978759,,True,,,,,,,,,,,,,,,,,,,,,,,,,,,,,False,,,,,,,,,B1,5,1,2018-01-01,2019-12-31,2020-01-01,2020-12-31,B1,5,unfilled_1m,1.6018085549492649
1659,2020-03-16 20:00:00+00:00,2020-03-16 15:15:00-05:00,2020-03-16 15:15:00-05:00,S,Short,A+,100.0,6833.5,6923.053742861449,6564.838771415653,-1.0080956973637794,True,0.7872367781330205,1.0719819957556023,0,STOP,True,-1.0080956973637794,0.0,2.668788510266552,False,,,,,,,,,,,,,,,,False,,,,,,,,,,,,,,,,False,,,,,,,,,,,,,,,,False,,False,,False,,False,,,,,,,,,,,,,,,,False,,,,,,,,,,,,,,,,False,,,,,,,,,,,,,,,,False,,False,,False,,,,,,,,,,,,,,,,,,,,,,,,,,,,,,,,,,,,,,,,,,,,,,,,,,,,,,,,,,,,,,,,,,,,,,,,,,,,,,,,,,,,,,False,,,,,,,,,B1,5,1,2018-01-01,2019-12-31,2020-01-01,2020-12-31,B1,5,unfilled_1m,-1.0080956973637794
1661,2020-03-18 15:00:00+00:00,2020-03-18 10:15:00-05:00,2020-03-18 10:15:00-05:00,S,Short,A+,100.0,6942.753735359148,6993.2991498222245,6791.117491969919,0.7573137101706905,True,1.7361364288199044,0.8753764334680438,0,TIME,True,-1.014343536554233,0.0,3.57591814333399,False,,,,,,,,,,,,,,,,False,,,,,,,,,,,,,,,,True,11.0,0.9940913204843358,1.0,0.11002368753305693,0.09576135766766065,7116.0,2020-03-18 10:26:00-05:00,0.0,STOP,1.1919473789117003,1.3303670745272524,0.0052115646704664,1.1971971971971973,,True,False,,False,,True,11.0,False,,,,,,,,,,,,,,,,False,,,,,,,,,,,,,,,,False,,,,,,,,,,,,,,,,False,,False,,True,15.0,,,,,,,,,,,,,,,0.9940913204843358,1.0,0.11002368753305693,0.09576135766766065,7116.0,2020-03-18 10:26:00-05:00,0.0,STOP,1.1919473789117003,1.3303670745272524,0.0052115646704664,1.1971971971971973,,True,,,,,,,,,,,,,,,0.9945365836087053,1.0,0.3014298698645349,0.013187556806573401,7126.0,2020-03-18 10:30:00-05:00,0.0,STOP,1.0668812420125906,1.1196105702364394,-0.0021753185698070517,1.0941216445803603,,True,,,,,,,,,,,,,,,,,,,,,,,,,,,,,False,,,,,,,,,B1,5,1,2018-01-01,2019-12-31,2020-01-01,2020-12-31,B1,5,unfilled_1m,0.7573137101706905
1664,2020-03-18 19:30:00+00:00,2020-03-18 14:45:00-05:00,2020-03-18 14:45:00-05:00,RS,Short,A,57.14308746810565,6753.0,6824.586535456719,6574.033661358203,-1.0101276028428323,True,0.47145737371806934,3.5097382265678494,1,STOP,True,-1.0101276028428325,0.0,2.9614507623179467,False,,,,,,,,,,,,,,,,False,,,,,,,,,,,,,,,,False,,,,,,,,,,,,,,,,False,,False,,False,,False,,,,,,,,,,,,,,,,False,,,,,,,,,,,,,,,,False,,,,,,,,,,,,,,,,False,,False,,False,,,,,,,,,,,,,,,,,,,,,,,,,,,,,,,,,,,,,,,,,,,,,,,,,,,,,,,,,,,,,,,,,,,,,,,,,,,,,,,,,,,,,,False,,,,,,,,,B1,5,1,2018-01-01,2019-12-31,2020-01-01,2020-12-31,B1,5,unfilled_1m,-1.0101276028428323
1667,2020-03-19 19:15:00+00:00,2020-03-19 14:30:00-05:00,2020-03-19 14:30:00-05:00,RS,Short,B,42.38632773798269,7229.036559584198,7295.978706150674,7061.681193168006,2.489169752731487,True,2.7454536343809934,0.19365140021210828,0,TARGET,True,-1.0108302472685133,0.0,3.341892244128226,False,,,,,,,,,,,,,,,,False,,,,,,,,,,,,,,,,False,,,,,,,,,,,,,,,,False,,False,,False,,False,,,,,,,,,,,,,,,,False,,,,,,,,,,,,,,,,False,,,,,,,,,,,,,,,,False,,False,,False,,,,,,,,,,,,,,,,,,,,,,,,,,,,,,,,,,,,,,,,,,,,,,,,,,,,,,,,,,,,,,,,,,,,,,,,,,,,,,,,,,,,,,False,,,,,,,,,B1,5,1,2018-01-01,2019-12-31,2020-01-01,2020-12-31,B1,5,unfilled_1m,2.489169752731487
1669,2020-03-20 15:15:00+00:00,2020-03-20 10:30:00-05:00,2020-03-20 10:30:00-05:00,RS,Short,A+,100.0,7211.925024265654,7264.478426701275,7080.541518176603,2.486204508815806,True,2.543603612143116,0.0,0,TARGET,True,-1.013795491184194,0.0,2.4465585437946564,False,,,,,,,,,,,,,,,,False,,,,,,,,,,,,,,,,True,15.0,0.9851347834206745,1.0,0.1999115333081703,0.18453372305369564,7313.25,2020-03-20 10:45:00-05:00,0.0,STOP,1.1741399304213376,1.3581488933601609,0.0040000678990949655,1.1360448807854138,,True,False,,False,,True,15.0,False,,,,,,,,,,,,,,,,False,,,,,,,,,,,,,,,,True,15.0,0.9851347834206745,1.0,0.1999115333081703,0.18453372305369564,7313.25,2020-03-20 10:45:00-05:00,0.0,STOP,1.1741399304213376,1.3581488933601609,0.0040000678990949655,1.1360448807854138,,True,False,,False,,False,,,,,,,,,,,,,,,,0.9851347834206745,1.0,0.1999115333081703,0.18453372305369564,7313.25,2020-03-20 10:45:00-05:00,0.0,STOP,1.1741399304213376,1.3581488933601609,0.0040000678990949655,1.1360448807854138,,True,,,,,,,,,,,,,,,,,,,,,,,,,,,,,,,,,,,,,,,,,,,,,,,,,,,,,,,,,False,,,,,,,,,B1,5,1,2018-01-01,2019-12-31,2020-01-01,2020-12-31,B1,5,unfilled_1m,2.486204508815806
1672,2020-03-23 17:30:00+00:00,2020-03-23 12:45:00-05:00,2020-03-23 12:45:00-05:00,S,Short,A+,100.0,6789.565978555132,6868.137735046182,6553.850709081982,0.2779749305670594,True,1.4485609541909124,0.9855197962093255,0,TIME,True,-1.0092272342172035,0.0,2.643240150403474,False,,,,,,,,,,,,,,,,True,8.0,0.9943955835941893,1.0,0.019325573813140078,0.1565371478864346,6997.5,2020-03-23 12:53:00-05:00,0.0,STOP,1.3989148384052843,1.257955027577429,0.007605229374125365,1.4659168160187876,,True,True,8.0,0.9943955835941893,1.0,0.019325573813140078,0.1565371478864346,6997.5,2020-03-23 12:53:00-05:00,0.0,STOP,1.3989148384052843,1.257955027577429,0.007605229374125365,1.4659168160187876,,True,False,,True,8.0,True,8.0,False,,,,,,,,,,,,,,,,False,,,,,,,,,,,,,,,,False,,,,,,,,,,,,,,,,False,,False,,False,,0.9943955835941893,1.0,0.019325573813140078,0.1565371478864346,6997.5,2020-03-23 12:53:00-05:00,0.0,STOP,1.3989148384052843,1.257955027577429,0.007605229374125365,1.4659168160187876,,True,0.9943955835941893,1.0,0.019325573813140078,0.1565371478864346,6997.5,2020-03-23 12:53:00-05:00,0.0,STOP,1.3989148384052843,1.257955027577429,0.007605229374125365,1.4659168160187876,,True,,,,,,,,,,,,,,,,,,,,,,,,,,,,,,,,,,,,,,,,,,,,,,,,,,,,,,,,,False,,,,,,,,,B1,5,1,2018-01-01,2019-12-31,2020-01-01,2020-12-31,B1,5,unfilled_1m,0.2779749305670594
1673,2020-03-24 16:30:00+00:00,2020-03-24 11:45:00-05:00,2020-03-24 11:45:00-05:00,L,Long,A+,89.90772318007424,7295.942198633089,7255.67063672408,7416.756884360118,-1.0180027782790768,True,0.06972169028991432,1.8733367929345908,1,STOP,True,2.981997221720923,5.302943100380195,0.0,False,,,,,,,,,,,,,,,,False,,,,,,,,,,,,,,,,False,,,,,,,,,,,,,,,,False,,False,,False,,False,,,,,,,,,,,,,,,,False,,,,,,,,,,,,,,,,False,,,,,,,,,,,,,,,,False,,False,,False,,,,,,,,,,,,,,,,,,,,,,,,,,,,,,,,,,,,,,,,,,,,,,,,,,,,,,,,,,,,,,,,,,,,,,,,,,,,,,,,,,,,,,False,,,,,,,,,B1,5,1,2018-01-01,2019-12-31,2020-01-01,2020-12-31,B1,5,unfilled_1m,-1.0180027782790768
1676,2020-03-26 15:30:00+00:00,2020-03-26 10:45:00-05:00,2020-03-26 10:45:00-05:00,L,Long,A+,100.0,7517.08216880452,7470.813493201616,7655.888195613229,0.2527159259070394,True,0.5817722432018578,0.8392755638348784,0,TIME,True,2.9843306515573897,4.925964018325569,0.0,False,,,,,,,,,,,,,,,,True,7.0,2.997263495285111,3.0,0.03491402567272181,0.011323467785747615,7735.75,2020-03-26 10:52:00-05:00,0.0,TARGET,0.6494287432351172,0.8510028653295129,0.0011353281794390956,0.6161186598900529,,True,True,7.0,2.997263495285111,3.0,0.03491402567272181,0.011323467785747615,7735.75,2020-03-26 10:52:00-05:00,0.0,TARGET,0.6494287432351172,0.8510028653295129,0.0011353281794390956,0.6161186598900529,,True,False,,True,7.0,True,7.0,False,,,,,,,,,,,,,,,,False,,,,,,,,,,,,,,,,False,,,,,,,,,,,,,,,,False,,True,8.0,True,8.0,2.997263495285111,3.0,0.03491402567272181,0.011323467785747615,7735.75,2020-03-26 10:52:00-05:00,0.0,TARGET,0.6494287432351172,0.8510028653295129,0.0011353281794390956,0.6161186598900529,,True,2.997263495285111,3.0,0.03491402567272181,0.011323467785747615,7735.75,2020-03-26 10:52:00-05:00,0.0,TARGET,0.6494287432351172,0.8510028653295129,0.0011353281794390956,0.6161186598900529,,True,2.9972789014211605,3.0,0.0281492956431656,0.015012957676354986,7737.25,2020-03-26 10:53:00-05:00,0.0,TARGET,0.8300351802990326,1.1299012271774918,0.00016094790685434275,0.8254523588257804,,True,2.9972789014211605,3.0,0.0281492956431656,0.015012957676354986,7737.25,2020-03-26 10:53:00-05:00,0.0,TARGET,0.8300351802990326,1.1299012271774918,0.00016094790685434275,0.8254523588257804,,True,,,,,,,,,,,,,,,,,,,,,,,,,,,,,False,,,,,,,,,B1,5,1,2018-01-01,2019-12-31,2020-01-01,2020-12-31,B1,5,unfilled_1m,0.2527159259070394
1679,2020-03-27 19:00:00+00:00,2020-03-27 14:15:00-05:00,2020-03-27 14:15:00-05:00,L,Long,A,59.741325738283344,7526.5,7492.069344063218,7629.791967810347,-1.0210568163827944,True,1.829764733953177,2.5340789371018206,0,STOP,True,2.9789431836172056,6.367871713003716,0.0,False,,,,,,,,,,,,,,,,True,9.0,2.9974169933528896,3.0,0.01781383894558857,0.014251071156470856,7772.75,2020-03-27 14:24:00-05:00,0.0,TARGET,1.7728324060761391,1.818881477680862,0.00394318341884003,1.87739970872501,,True,True,9.0,2.9974169933528896,3.0,0.01781383894558857,0.014251071156470856,7772.75,2020-03-27 14:24:00-05:00,0.0,TARGET,1.7728324060761391,1.818881477680862,0.00394318341884003,1.87739970872501,,True,False,,True,9.0,True,9.0,False,,,,,,,,,,,,,,,,False,,,,,,,,,,,,,,,,False,,,,,,,,,,,,,,,,False,,False,,True,15.0,2.9974169933528896,3.0,0.01781383894558857,0.014251071156470856,7772.75,2020-03-27 14:24:00-05:00,0.0,TARGET,1.7728324060761391,1.818881477680862,0.00394318341884003,1.87739970872501,,True,2.9974169933528896,3.0,0.01781383894558857,0.014251071156470856,7772.75,2020-03-27 14:24:00-05:00,0.0,TARGET,1.7728324060761391,1.818881477680862,0.00394318341884003,1.87739970872501,,True,,,,,,,,,,,,,,,2.99736057132408,3.0,0.0182029563856537,0.0364059127713074,7766.75,2020-03-27 14:30:00-05:00,0.0,TARGET,1.2647433412702807,1.0463624702217336,-0.0008949903022916713,1.3165782799169934,,True,,,,,,,,,,,,,,,,,,,,,,,,,,,,,False,,,,,,,,,B1,5,1,2018-01-01,2019-12-31,2020-01-01,2020-12-31,B1,5,unfilled_1m,-1.0210568163827944
1685,2020-03-31 19:15:00+00:00,2020-03-31 14:30:00-05:00,2020-03-31 14:30:00-05:00,S,Short,A+,100.0,7576.788705918623,7611.420932556786,7472.892026004135,0.0812453079618816,True,0.903456374478232,0.9373146699613585,0,TIME,True,-1.020934258936764,0.0,5.867693585068183,False,,,,,,,,,,,,,,,,False,,,,,,,,,,,,,,,,False,,,,,,,,,,,,,,,,False,,False,,False,,False,,,,,,,,,,,,,,,,False,,,,,,,,,,,,,,,,False,,,,,,,,,,,,,,,,False,,False,,False,,,,,,,,,,,,,,,,,,,,,,,,,,,,,,,,,,,,,,,,,,,,,,,,,,,,,,,,,,,,,,,,,,,,,,,,,,,,,,,,,,,,,,False,,,,,,,,,B1,5,1,2018-01-01,2019-12-31,2020-01-01,2020-12-31,B1,5,unfilled_1m,0.0812453079618816
1688,2020-04-01 19:00:00+00:00,2020-04-01 14:15:00-05:00,2020-04-01 14:15:00-05:00,S,Short,A+,86.47652706019709,7247.486201791338,7275.626939315948,7163.063989217508,-1.0257633617230524,True,1.9184359238675175,1.33307800393841,0,STOP,True,-1.0257633617230524,0.0,7.516284817470994,False,,,,,,,,,,,,,,,,True,9.0,0.9957068344882052,1.0,0.013323617105570042,0.026647234211140083,7444.5,2020-04-01 14:24:00-05:00,0.0,STOP,1.479752359687405,1.4210526315789473,0.0012908858325015027,1.5262221291740816,,True,True,9.0,0.9957068344882052,1.0,0.013323617105570042,0.026647234211140083,7444.5,2020-04-01 14:24:00-05:00,0.0,STOP,1.479752359687405,1.4210526315789473,0.0012908858325015027,1.5262221291740816,,True,False,,True,9.0,True,9.0,False,,,,,,,,,,,,,,,,True,9.0,0.9957068344882052,1.0,0.013323617105570042,0.026647234211140083,7444.5,2020-04-01 14:24:00-05:00,0.0,STOP,1.479752359687405,1.4210526315789473,0.0012908858325015027,1.5262221291740816,,True,True,9.0,0.9957068344882052,1.0,0.013323617105570042,0.026647234211140083,7444.5,2020-04-01 14:24:00-05:00,0.0,STOP,1.479752359687405,1.4210526315789473,0.0012908858325015027,1.5262221291740816,,True,False,,True,10.0,True,10.0,0.9957068344882052,1.0,0.013323617105570042,0.026647234211140083,7444.5,2020-04-01 14:24:00-05:00,0.0,STOP,1.479752359687405,1.4210526315789473,0.0012908858325015027,1.5262221291740816,,True,0.9957068344882052,1.0,0.013323617105570042,0.026647234211140083,7444.5,2020-04-01 14:24:00-05:00,0.0,STOP,1.479752359687405,1.4210526315789473,0.0012908858325015027,1.5262221291740816,,True,0.9957004694550147,1.0,0.0326171282723027,0.0,7444.25,2020-04-01 14:25:00-05:00,0.0,STOP,0.7797551692212735,0.8326010544815466,2.618561250661592e-05,0.7693088399472242,,True,0.9957004694550147,1.0,0.0326171282723027,0.0,7444.25,2020-04-01 14:25:00-05:00,0.0,STOP,0.7797551692212735,0.8326010544815466,2.618561250661592e-05,0.7693088399472242,,True,,,,,,,,,,,,,,,,,,,,,,,,,,,,,False,,,,,,,,,B1,5,1,2018-01-01,2019-12-31,2020-01-01,2020-12-31,B1,5,unfilled_1m,-1.0257633617230524
1691,2020-04-03 16:15:00+00:00,2020-04-03 11:30:00-05:00,2020-04-03 11:30:00-05:00,S,Short,A,58.61083074061365,7273.25,7302.098834210527,7186.703497368421,-1.025130998178618,True,0.3466344576361126,1.0832326801128518,1,STOP,True,-1.025130998178618,0.0,7.712616682403505,False,,,,,,,,,,,,,,,,False,,,,,,,,,,,,,,,,False,,,,,,,,,,,,,,,,False,,False,,False,,False,,,,,,,,,,,,,,,,False,,,,,,,,,,,,,,,,False,,,,,,,,,,,,,,,,False,,False,,False,,,,,,,,,,,,,,,,,,,,,,,,,,,,,,,,,,,,,,,,,,,,,,,,,,,,,,,,,,,,,,,,,,,,,,,,,,,,,,,,,,,,,,False,,,,,,,,,B1,5,1,2018-01-01,2019-12-31,2020-01-01,2020-12-31,B1,5,unfilled_1m,-1.025130998178618
1695,2020-04-06 18:15:00+00:00,2020-04-06 13:30:00-05:00,2020-04-06 13:30:00-05:00,S,Short,A,46.93275819617315,7715.75,7735.679497337409,7655.961507987773,-1.0363782381324351,True,0.26342862095901465,1.5680275057084203,1,STOP,True,-1.0363782381324353,0.0,10.976192539958943,False,,,,,,,,,,,,,,,,False,,,,,,,,,,,,,,,,True,11.0,0.9963070591702486,1.0,0.0,0.03565598042518589,7932.0,2020-04-06 13:41:00-05:00,0.0,STOP,0.8217074107257136,1.1580086580086582,0.0002071357223911557,0.7887946922226318,,True,False,,False,,True,11.0,False,,,,,,,,,,,,,,,,False,,,,,,,,,,,,,,,,False,,,,,,,,,,,,,,,,False,,False,,False,,,,,,,,,,,,,,,,0.9963070591702486,1.0,0.0,0.03565598042518589,7932.0,2020-04-06 13:41:00-05:00,0.0,STOP,0.8217074107257136,1.1580086580086582,0.0002071357223911557,0.7887946922226318,,True,,,,,,,,,,,,,,,,,,,,,,,,,,,,,,,,,,,,,,,,,,,,,,,,,,,,,,,,,False,,,,,,,,,B1,5,1,2018-01-01,2019-12-31,2020-01-01,2020-12-31,B1,5,unfilled_1m,-1.0363782381324351
1696,2020-04-06 19:00:00+00:00,2020-04-06 14:15:00-05:00,2020-04-06 14:15:00-05:00,RL,Long,A,47.77840017717071,7733.452056156478,7713.736843638151,7782.740087452294,2.463226366475834,True,3.058447571258563,0.3526239521899831,0,TARGET,True,2.4632263664758334,11.74463342093237,0.0,False,,,,,,,,,,,,,,,,True,9.0,2.497070862774906,2.5,0.02020094637995853,0.0020200946379958533,7961.25,2020-04-06 14:24:00-05:00,0.0,TARGET,1.3510747185261003,1.4895363151415675,0.002039550476122184,1.4034409433597528,,True,True,9.0,2.497070862774906,2.5,0.02020094637995853,0.0020200946379958533,7961.25,2020-04-06 14:24:00-05:00,0.0,TARGET,1.3510747185261003,1.4895363151415675,0.002039550476122184,1.4034409433597528,,True,False,,True,9.0,True,9.0,False,,,,,,,,,,,,,,,,False,,,,,,,,,,,,,,,,True,12.0,2.4971231660661437,2.5,0.030752362741222502,0.0029760351039892744,7965.75,2020-04-06 14:27:00-05:00,0.0,TARGET,1.44,1.3222185539782108,9.039264304330885e-05,1.4859475002318896,,True,False,,False,,False,,2.497070862774906,2.5,0.02020094637995853,0.0020200946379958533,7961.25,2020-04-06 14:24:00-05:00,0.0,TARGET,1.3510747185261003,1.4895363151415675,0.002039550476122184,1.4034409433597528,,True,2.497070862774906,2.5,0.02020094637995853,0.0020200946379958533,7961.25,2020-04-06 14:24:00-05:00,0.0,TARGET,1.3510747185261003,1.4895363151415675,0.002039550476122184,1.4034409433597528,,True,,,,,,,,,,,,,,,,,,,,,,,,,,,,,,,,,,,,,,,,,,,,,,,,,,,,,,,,,False,,,,,,,,,B1,5,1,2018-01-01,2019-12-31,2020-01-01,2020-12-31,B1,5,unfilled_1m,2.463226366475834
1702,2020-04-08 17:30:00+00:00,2020-04-08 12:45:00-05:00,2020-04-08 12:45:00-05:00,RS,Short,A+,66.57278351770013,7956.826625349954,7982.703698805629,7892.133941710767,-0.778618752408705,True,1.8482238894547813,0.9341618437437624,0,TIME,True,-1.0280170785634575,0.0,7.407073098059819,False,,,,,,,,,,,,,,,,True,9.0,0.9954272033182838,1.0,0.13560707400951535,0.004730479325913326,8141.25,2020-04-08 12:54:00-05:00,0.0,STOP,0.8899398108340499,1.4266023432115782,0.0006553915572744814,0.8461931527848748,,True,True,9.0,0.9954272033182838,1.0,0.13560707400951535,0.004730479325913326,8141.25,2020-04-08 12:54:00-05:00,0.0,STOP,0.8899398108340499,1.4266023432115782,0.0006553915572744814,0.8461931527848748,,True,False,,True,9.0,True,9.0,False,,,,,,,,,,,,,,,,False,,,,,,,,,,,,,,,,False,,,,,,,,,,,,,,,,False,,True,10.0,True,10.0,0.9954272033182838,1.0,0.13560707400951535,0.004730479325913326,8141.25,2020-04-08 12:54:00-05:00,0.0,STOP,0.8899398108340499,1.4266023432115782,0.0006553915572744814,0.8461931527848748,,True,0.9954272033182838,1.0,0.13560707400951535,0.004730479325913326,8141.25,2020-04-08 12:54:00-05:00,0.0,STOP,0.8899398108340499,1.4266023432115782,0.0006553915572744814,0.8461931527848748,,True,0.9948870316510853,1.0,0.019394017875193813,0.02292020294341087,8124.5,2020-04-08 12:55:00-05:00,0.0,STOP,2.443576388888889,2.4911504424778763,0.0050274717658699355,2.4204643164230437,,True,0.9948870316510853,1.0,0.019394017875193813,0.02292020294341087,8124.5,2020-04-08 12:55:00-05:00,0.0,STOP,2.443576388888889,2.4911504424778763,0.0050274717658699355,2.4204643164230437,,True,,,,,,,,,,,,,,,,,,,,,,,,,,,,,False,,,,,,,,,B1,5,1,2018-01-01,2019-12-31,2020-01-01,2020-12-31,B1,5,unfilled_1m,-0.778618752408705
1705,2020-04-13 17:45:00+00:00,2020-04-13 13:00:00-05:00,2020-04-13 13:00:00-05:00,L,Long,A+,67.38125794028394,8025.80030980452,8002.882973665899,8094.552318220382,0.7406921159075538,True,1.0559556332857445,0.9185321399133043,0,TIME,True,2.968364560539905,9.782973415380988,0.0,False,,,,,,,,,,,,,,,,True,6.0,2.997130043012061,3.0,0.0069274823846810765,0.03562705226407411,8255.5,2020-04-13 13:06:00-05:00,0.0,TARGET,1.3125204315135666,1.2823379112104758,0.0005964736714243546,1.3467505241090147,,True,True,6.0,2.997130043012061,3.0,0.0069274823846810765,0.03562705226407411,8255.5,2020-04-13 13:06:00-05:00,0.0,TARGET,1.3125204315135666,1.2823379112104758,0.0005964736714243546,1.3467505241090147,,True,False,,True,6.0,True,6.0,False,,,,,,,,,,,,,,,,False,,,,,,,,,,,,,,,,False,,,,,,,,,,,,,,,,False,,False,,False,,2.997130043012061,3.0,0.0069274823846810765,0.03562705226407411,8255.5,2020-04-13 13:06:00-05:00,0.0,TARGET,1.3125204315135666,1.2823379112104758,0.0005964736714243546,1.3467505241090147,,True,2.997130043012061,3.0,0.0069274823846810765,0.03562705226407411,8255.5,2020-04-13 13:06:00-05:00,0.0,TARGET,1.3125204315135666,1.2823379112104758,0.0005964736714243546,1.3467505241090147,,True,,,,,,,,,,,,,,,,,,,,,,,,,,,,,,,,,,,,,,,,,,,,,,,,,,,,,,,,,False,,,,,,,,,B1,5,1,2018-01-01,2019-12-31,2020-01-01,2020-12-31,B1,5,unfilled_1m,0.7406921159075538
1706,2020-04-15 18:15:00+00:00,2020-04-15 13:30:00-05:00,2020-04-15 13:30:00-05:00,L,Long,A+,68.72284862051995,8397.177811635345,8374.993052032043,8463.732090445252,-0.220999087797891,True,2.178170475079751,0.7066928790615189,0,TIME,True,2.9673199073163685,10.190427681308043,0.0,False,,,,,,,,,,,,,,,,True,8.0,2.9971429353725854,3.0,0.009851946991085688,0.005911168194651413,8628.75,2020-04-15 13:38:00-05:00,0.0,TARGET,0.8318633367375361,0.9283050145047658,0.00045818075713169077,0.7836963176769002,,True,True,8.0,2.9971429353725854,3.0,0.009851946991085688,0.005911168194651413,8628.75,2020-04-15 13:38:00-05:00,0.0,TARGET,0.8318633367375361,0.9283050145047658,0.00045818075713169077,0.7836963176769002,,True,False,,False,,False,,False,,,,,,,,,,,,,,,,False,,,,,,,,,,,,,,,,False,,,,,,,,,,,,,,,,False,,True,10.0,True,10.0,,,,,,,,,,,,,,,,,,,,,,,,,,,,,2.9971230951930257,3.0,0.014880542105040766,0.013888505964704716,8627.0,2020-04-15 13:40:00-05:00,0.0,TARGET,0.722305389221557,1.0179324894514767,-0.00016741346372037806,0.7152784211989253,,True,2.9971230951930257,3.0,0.014880542105040766,0.013888505964704716,8627.0,2020-04-15 13:40:00-05:00,0.0,TARGET,0.722305389221557,1.0179324894514767,-0.00016741346372037806,0.7152784211989253,,True,,,,,,,,,,,,,,,,,,,,,,,,,,,,,False,,,,,,,,,B1,5,1,2018-01-01,2019-12-31,2020-01-01,2020-12-31,B1,5,unfilled_1m,-0.220999087797891
1707,2020-04-16 14:45:00+00:00,2020-04-16 10:00:00-05:00,2020-04-16 10:00:00-05:00,L,Long,A+,92.71014780048831,8487.229371249887,8461.109642902456,8565.58855629218,2.9722432029017893,True,3.2454636442822413,0.20020771963354783,0,TARGET,True,2.9722432029017893,8.576682949007504,0.0,False,,,,,,,,,,,,,,,,True,6.0,2.997215718707554,3.0,0.020162036945297956,0.005760581984370844,8721.5,2020-04-16 10:06:00-05:00,0.0,TARGET,1.5659685134444805,1.5484937545922117,0.002382692596461931,1.6197521375732538,,True,True,6.0,2.997215718707554,3.0,0.020162036945297956,0.005760581984370844,8721.5,2020-04-16 10:06:00-05:00,0.0,TARGET,1.5659685134444805,1.5484937545922117,0.002382692596461931,1.6197521375732538,,True,False,,False,,False,,False,,,,,,,,,,,,,,,,False,,,,,,,,,,,,,,,,False,,,,,,,,,,,,,,,,False,,False,,False,,,,,,,,,,,,,,,,,,,,,,,,,,,,,,,,,,,,,,,,,,,,,,,,,,,,,,,,,,,,,,,,,,,,,,,,,,,,,,,,,,,,,,False,,,,,,,,,B1,5,1,2018-01-01,2019-12-31,2020-01-01,2020-12-31,B1,5,unfilled_1m,2.9722432029017893
1708,2020-04-17 14:45:00+00:00,2020-04-17 10:00:00-05:00,2020-04-17 10:00:00-05:00,S,Short,A,48.097951800649454,8555.75,8579.689737100793,8483.930788697624,0.8573611278012084,True,2.1721207622734635,0.7936595092922272,0,TIME,True,-1.0302843760124665,0.0,9.127084356860612,False,,,,,,,,,,,,,,,,False,,,,,,,,,,,,,,,,True,11.0,0.9959902718552865,1.0,0.05530659509949663,0.02350530291728607,8760.5,2020-04-17 10:11:00-05:00,0.0,STOP,1.474840948525159,1.4268128916741272,0.0018495411769681714,1.496039894397184,,True,False,,False,,True,11.0,False,,,,,,,,,,,,,,,,False,,,,,,,,,,,,,,,,True,11.0,0.9959902718552865,1.0,0.05530659509949663,0.02350530291728607,8760.5,2020-04-17 10:11:00-05:00,0.0,STOP,1.474840948525159,1.4268128916741272,0.0018495411769681714,1.496039894397184,,True,False,,False,,True,14.0,,,,,,,,,,,,,,,0.9959902718552865,1.0,0.05530659509949663,0.02350530291728607,8760.5,2020-04-17 10:11:00-05:00,0.0,STOP,1.474840948525159,1.4268128916741272,0.0018495411769681714,1.496039894397184,,True,,,,,,,,,,,,,,,0.9960341395034275,1.0,0.03692352876119225,0.03282091445439311,8762.5,2020-04-17 10:14:00-05:00,0.0,STOP,0.7779357406880865,0.6988148753575807,-4.439258963060633e-05,0.7698801283133547,,True,,,,,,,,,,,,,,,,,,,,,,,,,,,,,False,,,,,,,,,B1,5,1,2018-01-01,2019-12-31,2020-01-01,2020-12-31,B1,5,unfilled_1m,0.8573611278012084
1711,2020-04-20 16:15:00+00:00,2020-04-20 11:30:00-05:00,2020-04-20 11:30:00-05:00,S,Short,B,37.21955257913641,8603.5,8624.013883193998,8541.958350418003,-1.03534191908688,True,0.012186868650648245,1.0724444412570457,1,STOP,True,-1.03534191908688,0.0,10.602575726063973,False,,,,,,,,,,,,,,,,False,,,,,,,,,,,,,,,,False,,,,,,,,,,,,,,,,False,,False,,False,,False,,,,,,,,,,,,,,,,False,,,,,,,,,,,,,,,,False,,,,,,,,,,,,,,,,False,,False,,False,,,,,,,,,,,,,,,,,,,,,,,,,,,,,,,,,,,,,,,,,,,,,,,,,,,,,,,,,,,,,,,,,,,,,,,,,,,,,,,,,,,,,,False,,,,,,,,,B1,5,1,2018-01-01,2019-12-31,2020-01-01,2020-12-31,B1,5,unfilled_1m,-1.03534191908688
1714,2020-04-20 18:15:00+00:00,2020-04-20 13:30:00-05:00,2020-04-20 13:30:00-05:00,S,Short,A+,85.93622837770634,8583.170837261803,8603.650720617106,8521.731187195894,2.964599407749446,True,3.072324005473894,0.21138610328441207,0,TARGET,True,-1.0354005922505543,0.0,9.25684777833982,False,,,,,,,,,,,,,,,,False,,,,,,,,,,,,,,,,True,11.0,0.9958535717015318,1.0,0.0014298028615407534,0.07863915738474143,8778.5,2020-04-20 13:41:00-05:00,0.0,STOP,1.4078097475044038,1.5447809278350517,0.0005210102404860975,1.4372424128887225,,True,False,,False,,True,11.0,False,,,,,,,,,,,,,,,,False,,,,,,,,,,,,,,,,False,,,,,,,,,,,,,,,,False,,False,,True,15.0,,,,,,,,,,,,,,,0.9958535717015318,1.0,0.0014298028615407534,0.07863915738474143,8778.5,2020-04-20 13:41:00-05:00,0.0,STOP,1.4078097475044038,1.5447809278350517,0.0005210102404860975,1.4372424128887225,,True,,,,,,,,,,,,,,,0.9957995189632765,1.0,0.0,0.08690650420807407,8776.25,2020-04-20 13:45:00-05:00,0.0,STOP,1.246940440576557,1.0584025854108956,0.001773489461778683,1.2589236683141132,,True,,,,,,,,,,,,,,,,,,,,,,,,,,,,,False,,,,,,,,,B1,5,1,2018-01-01,2019-12-31,2020-01-01,2020-12-31,B1,5,unfilled_1m,2.964599407749446
1717,2020-04-21 18:45:00+00:00,2020-04-21 14:00:00-05:00,2020-04-21 14:00:00-05:00,S,Short,A+,92.55064323573912,8215.702003249131,8248.969302049825,8115.900106847049,-1.021793173059932,True,1.1934243139783356,1.1963098353521393,0,STOP,True,-1.021793173059932,0.0,6.652117987597186,False,,,,,,,,,,,,,,,,True,6.0,0.9947946843269025,1.0,0.010769618633994778,0.13462023292493472,8388.25,2020-04-21 14:06:00-05:00,0.0,STOP,2.2423762858360217,2.2065165309056063,0.009251166559753225,2.409417920209287,,True,True,6.0,0.9947946843269025,1.0,0.010769618633994778,0.13462023292493472,8388.25,2020-04-21 14:06:00-05:00,0.0,STOP,2.2423762858360217,2.2065165309056063,0.009251166559753225,2.409417920209287,,True,False,,True,6.0,True,6.0,False,,,,,,,,,,,,,,,,False,,,,,,,,,,,,,,,,False,,,,,,,,,,,,,,,,False,,False,,True,11.0,0.9947946843269025,1.0,0.010769618633994778,0.13462023292493472,8388.25,2020-04-21 14:06:00-05:00,0.0,STOP,2.2423762858360217,2.2065165309056063,0.009251166559753225,2.409417920209287,,True,0.9947946843269025,1.0,0.010769618633994778,0.13462023292493472,8388.25,2020-04-21 14:06:00-05:00,0.0,STOP,2.2423762858360217,2.2065165309056063,0.009251166559753225,2.409417920209287,,True,,,,,,,,,,,,,,,0.9955393042105667,1.0,0.06767952232243629,0.0061526838474942076,8411.5,2020-04-21 14:11:00-05:00,0.0,STOP,0.9289135366775901,1.0013586956521738,-0.0005801393091517319,0.923790423665079,,True,,,,,,,,,,,,,,,,,,,,,,,,,,,,,False,,,,,,,,,B1,5,1,2018-01-01,2019-12-31,2020-01-01,2020-12-31,B1,5,unfilled_1m,-1.021793173059932
1720,2020-04-22 20:00:00+00:00,2020-04-22 15:15:00-05:00,2020-04-22 15:15:00-05:00,S,Short,A,60.44503930740448,8431.329568346995,8449.672753073273,8376.300014168159,0.7689269097742368,True,1.626193531391615,0.15921072030753497,0,TIME,True,-1.0395242162589888,0.0,11.335023593538855,False,,,,,,,,,,,,,,,,False,,,,,,,,,,,,,,,,False,,,,,,,,,,,,,,,,False,,False,,False,,False,,,,,,,,,,,,,,,,False,,,,,,,,,,,,,,,,False,,,,,,,,,,,,,,,,False,,False,,False,,,,,,,,,,,,,,,,,,,,,,,,,,,,,,,,,,,,,,,,,,,,,,,,,,,,,,,,,,,,,,,,,,,,,,,,,,,,,,,,,,,,,,False,,,,,,,,,B1,5,1,2018-01-01,2019-12-31,2020-01-01,2020-12-31,B1,5,unfilled_1m,0.7689269097742368
1721,2020-04-23 15:45:00+00:00,2020-04-23 11:00:00-05:00,2020-04-23 11:00:00-05:00,S,Short,A,51.10223618738253,8517.330188078966,8536.834235386168,8458.818046157361,-1.0371717720215066,True,0.337375518799938,1.6750273113299026,1,STOP,True,-1.0371717720215066,0.0,10.90388105460051,False,,,,,,,,,,,,,,,,False,,,,,,,,,,,,,,,,False,,,,,,,,,,,,,,,,False,,False,,False,,False,,,,,,,,,,,,,,,,False,,,,,,,,,,,,,,,,False,,,,,,,,,,,,,,,,False,,False,,False,,,,,,,,,,,,,,,,,,,,,,,,,,,,,,,,,,,,,,,,,,,,,,,,,,,,,,,,,,,,,,,,,,,,,,,,,,,,,,,,,,,,,,False,,,,,,,,,B1,5,1,2018-01-01,2019-12-31,2020-01-01,2020-12-31,B1,5,unfilled_1m,-1.0371717720215066
1723,2020-04-23 18:30:00+00:00,2020-04-23 13:45:00-05:00,2020-04-23 13:45:00-05:00,L,Long,A,56.413682968402824,8465.75,8436.761804705426,8552.714585883723,-1.0250101806143033,True,1.078025026478589,1.6385980402474556,0,STOP,True,2.974989819385697,7.3391943802662345,0.0,False,,,,,,,,,,,,,,,,True,6.0,2.9972006446117154,3.0,0.0,0.03282002869023456,8695.75,2020-04-23 13:51:00-05:00,0.0,TARGET,1.4185352709075163,1.3910909777274445,0.0023693317699821836,1.4117421702902022,,True,True,6.0,2.9972006446117154,3.0,0.0,0.03282002869023456,8695.75,2020-04-23 13:51:00-05:00,0.0,TARGET,1.4185352709075163,1.3910909777274445,0.0023693317699821836,1.4117421702902022,,True,False,,True,6.0,True,6.0,False,,,,,,,,,,,,,,,,False,,,,,,,,,,,,,,,,False,,,,,,,,,,,,,,,,False,,False,,False,,2.9972006446117154,3.0,0.0,0.03282002869023456,8695.75,2020-04-23 13:51:00-05:00,0.0,TARGET,1.4185352709075163,1.3910909777274445,0.0023693317699821836,1.4117421702902022,,True,2.9972006446117154,3.0,0.0,0.03282002869023456,8695.75,2020-04-23 13:51:00-05:00,0.0,TARGET,1.4185352709075163,1.3910909777274445,0.0023693317699821836,1.4117421702902022,,True,,,,,,,,,,,,,,,,,,,,,,,,,,,,,,,,,,,,,,,,,,,,,,,,,,,,,,,,,False,,,,,,,,,B1,5,1,2018-01-01,2019-12-31,2020-01-01,2020-12-31,B1,5,unfilled_1m,-1.0250101806143033
1724,2020-04-23 19:30:00+00:00,2020-04-23 14:45:00-05:00,2020-04-23 14:45:00-05:00,RS,Short,A,59.669909962353294,8443.211722421664,8472.447048413655,8370.123407441686,1.53022827362757,True,2.187823130112724,0.48018200933289434,0,TIME,True,-1.0247987657192061,0.0,7.056130574184435,False,,,,,,,,,,,,,,,,True,6.0,0.9954631626462277,1.0,0.04693280021143769,0.026595253453148022,8632.25,2020-04-23 14:51:00-05:00,0.0,STOP,1.3255912760232262,1.0975609756097562,0.0017253313883566891,1.329923273657289,,True,True,6.0,0.9954631626462277,1.0,0.04693280021143769,0.026595253453148022,8632.25,2020-04-23 14:51:00-05:00,0.0,STOP,1.3255912760232262,1.0975609756097562,0.0017253313883566891,1.329923273657289,,True,False,,True,6.0,True,6.0,False,,,,,,,,,,,,,,,,False,,,,,,,,,,,,,,,,False,,,,,,,,,,,,,,,,False,,True,8.0,True,8.0,0.9954631626462277,1.0,0.04693280021143769,0.026595253453148022,8632.25,2020-04-23 14:51:00-05:00,0.0,STOP,1.3255912760232262,1.0975609756097562,0.0017253313883566891,1.329923273657289,,True,0.9954631626462277,1.0,0.04693280021143769,0.026595253453148022,8632.25,2020-04-23 14:51:00-05:00,0.0,STOP,1.3255912760232262,1.0975609756097562,0.0017253313883566891,1.329923273657289,,True,0.9956207364891234,1.0,0.003020181731639022,0.03926236251130729,8638.0,2020-04-23 14:53:00-05:00,0.0,STOP,1.2023697320587046,0.8156740957252466,-0.0016028808808527097,1.2243778707067936,,True,0.9956207364891234,1.0,0.003020181731639022,0.03926236251130729,8638.0,2020-04-23 14:53:00-05:00,0.0,STOP,1.2023697320587046,0.8156740957252466,-0.0016028808808527097,1.2243778707067936,,True,,,,,,,,,,,,,,,,,,,,,,,,,,,,,False,,,,,,,,,B1,5,1,2018-01-01,2019-12-31,2020-01-01,2020-12-31,B1,5,unfilled_1m,1.53022827362757
1727,2020-04-24 19:45:00+00:00,2020-04-24 15:00:00-05:00,2020-04-24 15:00:00-05:00,L,Long,B,42.11903711534374,8560.0,8540.835600129207,8617.493199612381,-1.0378305610865963,True,2.295923707324463,1.6958527383646604,0,STOP,True,2.9621694389134037,11.257853178528476,0.0,False,,,,,,,,,,,,,,,,False,,,,,,,,,,,,,,,,False,,,,,,,,,,,,,,,,False,,False,,False,,False,,,,,,,,,,,,,,,,False,,,,,,,,,,,,,,,,False,,,,,,,,,,,,,,,,False,,False,,False,,,,,,,,,,,,,,,,,,,,,,,,,,,,,,,,,,,,,,,,,,,,,,,,,,,,,,,,,,,,,,,,,,,,,,,,,,,,,,,,,,,,,,False,,,,,,,,,B1,5,1,2018-01-01,2019-12-31,2020-01-01,2020-12-31,B1,5,unfilled_1m,-1.0378305610865963
1730,2020-04-28 14:45:00+00:00,2020-04-28 10:00:00-05:00,2020-04-28 10:00:00-05:00,S,Short,A+,100.0,8527.058004746128,8549.301364549881,8460.327925334868,0.8579191684391162,True,1.9919654736085188,0.6492722044371663,0,TIME,True,-1.0325939968780107,0.0,7.932344610282289,False,,,,,,,,,,,,,,,,False,,,,,,,,,,,,,,,,False,,,,,,,,,,,,,,,,False,,False,,False,,False,,,,,,,,,,,,,,,,False,,,,,,,,,,,,,,,,False,,,,,,,,,,,,,,,,False,,False,,False,,,,,,,,,,,,,,,,,,,,,,,,,,,,,,,,,,,,,,,,,,,,,,,,,,,,,,,,,,,,,,,,,,,,,,,,,,,,,,,,,,,,,,False,,,,,,,,,B1,5,1,2018-01-01,2019-12-31,2020-01-01,2020-12-31,B1,5,unfilled_1m,0.8579191684391162
1737,2020-04-30 14:45:00+00:00,2020-04-30 10:00:00-05:00,2020-04-30 10:00:00-05:00,S,Short,B,38.72328948089886,8758.0,8782.781167143958,8683.656498568129,-1.0292560877293775,True,0.0,1.4022745497874194,1,STOP,True,-1.0292560877293777,0.0,9.220711787810801,False,,,,,,,,,,,,,,,,False,,,,,,,,,,,,,,,,True,13.0,0.9964885741350342,1.0,0.013319201556766686,0.015740874567087903,8989.25,2020-04-30 10:13:00-05:00,0.0,STOP,1.101683680233329,1.2440119760479043,0.0006124377687040663,1.119267290726648,,True,False,,False,,True,13.0,False,,,,,,,,,,,,,,,,False,,,,,,,,,,,,,,,,False,,,,,,,,,,,,,,,,False,,False,,True,14.0,,,,,,,,,,,,,,,0.9964885741350342,1.0,0.013319201556766686,0.015740874567087903,8989.25,2020-04-30 10:13:00-05:00,0.0,STOP,1.101683680233329,1.2440119760479043,0.0006124377687040663,1.119267290726648,,True,,,,,,,,,,,,,,,0.9964628768681666,1.0,0.0,0.04634851000333413,8987.75,2020-04-30 10:14:00-05:00,0.0,STOP,1.1336460328995177,1.1956521739130435,0.00018916695490157868,1.1374784568474083,,True,,,,,,,,,,,,,,,,,,,,,,,,,,,,,False,,,,,,,,,B1,5,1,2018-01-01,2019-12-31,2020-01-01,2020-12-31,B1,5,unfilled_1m,-1.0292560877293775
1746,2020-05-04 16:45:00+00:00,2020-05-04 12:00:00-05:00,2020-05-04 12:00:00-05:00,S,Short,A,56.48731914763759,8513.0,8532.884759805018,8453.345720584945,-1.036460083355749,True,1.2572442536465178,1.1440922708183312,0,STOP,True,-1.036460083355749,0.0,10.762010811214193,False,,,,,,,,,,,,,,,,True,10.0,0.9961561960780554,1.0,0.04506528736073011,0.0026508992565135356,8721.5,2020-05-04 12:10:00-05:00,0.0,STOP,0.979131415679639,0.9156118143459916,0.001205378077649673,0.9927942353883107,,True,True,10.0,0.9961561960780554,1.0,0.04506528736073011,0.0026508992565135356,8721.5,2020-05-04 12:10:00-05:00,0.0,STOP,0.979131415679639,0.9156118143459916,0.001205378077649673,0.9927942353883107,,True,False,,True,10.0,True,10.0,False,,,,,,,,,,,,,,,,False,,,,,,,,,,,,,,,,False,,,,,,,,,,,,,,,,False,,False,,False,,0.9961561960780554,1.0,0.04506528736073011,0.0026508992565135356,8721.5,2020-05-04 12:10:00-05:00,0.0,STOP,0.979131415679639,0.9156118143459916,0.001205378077649673,0.9927942353883107,,True,0.9961561960780554,1.0,0.04506528736073011,0.0026508992565135356,8721.5,2020-05-04 12:10:00-05:00,0.0,STOP,0.979131415679639,0.9156118143459916,0.001205378077649673,0.9927942353883107,,True,,,,,,,,,,,,,,,,,,,,,,,,,,,,,,,,,,,,,,,,,,,,,,,,,,,,,,,,,False,,,,,,,,,B1,5,1,2018-01-01,2019-12-31,2020-01-01,2020-12-31,B1,5,unfilled_1m,-1.036460083355749
1749,2020-05-06 14:45:00+00:00,2020-05-06 10:00:00-05:00,2020-05-06 10:00:00-05:00,L,Long,A+,70.42691203891974,8816.939485044019,8796.843071344601,8877.228726142268,-1.0360760885421576,True,0.761853094038643,1.6390727985946034,0,STOP,True,2.9639239114578424,10.788517702652097,0.0,False,,,,,,,,,,,,,,,,False,,,,,,,,,,,,,,,,False,,,,,,,,,,,,,,,,False,,False,,False,,False,,,,,,,,,,,,,,,,False,,,,,,,,,,,,,,,,False,,,,,,,,,,,,,,,,False,,False,,False,,,,,,,,,,,,,,,,,,,,,,,,,,,,,,,,,,,,,,,,,,,,,,,,,,,,,,,,,,,,,,,,,,,,,,,,,,,,,,,,,,,,,,False,,,,,,,,,B1,5,1,2018-01-01,2019-12-31,2020-01-01,2020-12-31,B1,5,unfilled_1m,-1.0360760885421576
1751,2020-05-07 20:00:00+00:00,2020-05-07 15:15:00-05:00,2020-05-07 15:15:00-05:00,L,Long,A,55.02257973119653,8883.44926437612,8866.820458899567,8933.335680805783,1.7936186496338102,True,1.9574909135701586,0.0,0,TIME,True,2.9564009573013386,13.804403205482316,0.0,False,,,,,,,,,,,,,,,,False,,,,,,,,,,,,,,,,True,15.0,2.9970490013260664,3.0,0.021369300742277976,0.0010175857496322847,9112.5,2020-05-07 15:30:00-05:00,0.0,TARGET,0.6041436027202278,1.4692307692307693,0.0001492081014375135,0.5659678494703311,,True,False,,False,,False,,False,,,,,,,,,,,,,,,,False,,,,,,,,,,,,,,,,False,,,,,,,,,,,,,,,,False,,False,,False,,,,,,,,,,,,,,,,,,,,,,,,,,,,,,,,,,,,,,,,,,,,,,,,,,,,,,,,,,,,,,,,,,,,,,,,,,,,,,,,,,,,,,False,,,,,,,,,B1,5,1,2018-01-01,2019-12-31,2020-01-01,2020-12-31,B1,5,unfilled_1m,1.7936186496338102
1752,2020-05-08 15:45:00+00:00,2020-05-08 11:00:00-05:00,2020-05-08 11:00:00-05:00,L,Long,B,42.20561101905552,8992.75,8977.607290345579,9038.178128963264,0.6455251552119674,True,0.9245373066974469,0.47877824811117786,0,TIME,True,2.952122175188882,14.049665142848703,0.0,False,,,,,,,,,,,,,,,,True,7.0,2.996856609944072,3.0,0.01083927605492419,0.005419638027462095,9208.25,2020-05-08 11:07:00-05:00,0.0,TARGET,1.7026834481120874,1.3922330097087379,0.0007399553241651635,1.7880299251870324,,True,True,7.0,2.996856609944072,3.0,0.01083927605492419,0.005419638027462095,9208.25,2020-05-08 11:07:00-05:00,0.0,TARGET,1.7026834481120874,1.3922330097087379,0.0007399553241651635,1.7880299251870324,,True,False,,True,7.0,True,7.0,False,,,,,,,,,,,,,,,,False,,,,,,,,,,,,,,,,False,,,,,,,,,,,,,,,,False,,True,8.0,True,8.0,2.996856609944072,3.0,0.01083927605492419,0.005419638027462095,9208.25,2020-05-08 11:07:00-05:00,0.0,TARGET,1.7026834481120874,1.3922330097087379,0.0007399553241651635,1.7880299251870324,,True,2.996856609944072,3.0,0.01083927605492419,0.005419638027462095,9208.25,2020-05-08 11:07:00-05:00,0.0,TARGET,1.7026834481120874,1.3922330097087379,0.0007399553241651635,1.7880299251870324,,True,2.9968735541488973,3.0,0.016171271643634025,0.024795949853572176,9209.5,2020-05-08 11:08:00-05:00,0.0,TARGET,1.3189138356647465,1.0082674335010784,0.00017903969750835314,1.3322251246734742,,True,2.9968735541488973,3.0,0.016171271643634025,0.024795949853572176,9209.5,2020-05-08 11:08:00-05:00,0.0,TARGET,1.3189138356647465,1.0082674335010784,0.00017903969750835314,1.3322251246734742,,True,,,,,,,,,,,,,,,,,,,,,,,,,,,,,False,,,,,,,,,B1,5,1,2018-01-01,2019-12-31,2020-01-01,2020-12-31,B1,5,unfilled_1m,0.6455251552119674
1754,2020-05-11 15:30:00+00:00,2020-05-11 10:45:00-05:00,2020-05-11 10:45:00-05:00,L,Long,B,40.017531577917026,9046.25,9028.949187693408,9098.152436919774,1.027408406322479,True,1.4594690441430436,0.28900377111743436,0,TIME,True,2.958094453187972,12.268210083935088,0.0,False,,,,,,,,,,,,,,,,False,,,,,,,,,,,,,,,,True,14.0,2.9969253710667574,3.0,0.021204337470639923,0.005301084367659981,9264.75,2020-05-11 10:59:00-05:00,0.0,TARGET,1.4001388567461235,1.534753932014206,0.0009073398828649702,1.424534965858253,,True,False,,False,,True,14.0,False,,,,,,,,,,,,,,,,False,,,,,,,,,,,,,,,,True,14.0,2.9969253710667574,3.0,0.021204337470639923,0.005301084367659981,9264.75,2020-05-11 10:59:00-05:00,0.0,TARGET,1.4001388567461235,1.534753932014206,0.0009073398828649702,1.424534965858253,,True,False,,False,,False,,,,,,,,,,,,,,,,2.9969253710667574,3.0,0.021204337470639923,0.005301084367659981,9264.75,2020-05-11 10:59:00-05:00,0.0,TARGET,1.4001388567461235,1.534753932014206,0.0009073398828649702,1.424534965858253,,True,,,,,,,,,,,,,,,,,,,,,,,,,,,,,,,,,,,,,,,,,,,,,,,,,,,,,,,,,False,,,,,,,,,B1,5,1,2018-01-01,2019-12-31,2020-01-01,2020-12-31,B1,5,unfilled_1m,1.027408406322479
1755,2020-05-11 20:00:00+00:00,2020-05-11 15:15:00-05:00,2020-05-11 15:15:00-05:00,S,Short,A,47.451360881817514,9073.926349053234,9089.97498957536,9025.780427486858,-1.045175166021102,True,0.898914087666496,1.5156206479441243,0,STOP,True,-1.045175166021102,0.0,13.261163813430626,False,,,,,,,,,,,,,,,,False,,,,,,,,,,,,,,,,False,,,,,,,,,,,,,,,,False,,False,,False,,False,,,,,,,,,,,,,,,,False,,,,,,,,,,,,,,,,False,,,,,,,,,,,,,,,,False,,False,,False,,,,,,,,,,,,,,,,,,,,,,,,,,,,,,,,,,,,,,,,,,,,,,,,,,,,,,,,,,,,,,,,,,,,,,,,,,,,,,,,,,,,,,False,,,,,,,,,B1,5,1,2018-01-01,2019-12-31,2020-01-01,2020-12-31,B1,5,unfilled_1m,-1.045175166021102
1756,2020-05-12 17:15:00+00:00,2020-05-12 12:30:00-05:00,2020-05-12 12:30:00-05:00,S,Short,A+,80.28081665690928,9077.348260377565,9096.405018462385,9020.177986123104,0.6624033490575646,True,1.8811311041472492,0.30969273977069833,0,TIME,True,-1.0380442463913895,0.0,9.96506009979231,False,,,,,,,,,,,,,,,,False,,,,,,,,,,,,,,,,False,,,,,,,,,,,,,,,,False,,False,,False,,False,,,,,,,,,,,,,,,,False,,,,,,,,,,,,,,,,False,,,,,,,,,,,,,,,,False,,False,,False,,,,,,,,,,,,,,,,,,,,,,,,,,,,,,,,,,,,,,,,,,,,,,,,,,,,,,,,,,,,,,,,,,,,,,,,,,,,,,,,,,,,,,False,,,,,,,,,B1,5,1,2018-01-01,2019-12-31,2020-01-01,2020-12-31,B1,5,unfilled_1m,0.6624033490575646
1760,2020-05-13 20:00:00+00:00,2020-05-13 15:15:00-05:00,2020-05-13 15:15:00-05:00,L,Long,A+,77.17474516621455,8782.5,8747.096950848254,8888.70914745524,0.4173369343603931,True,1.059230797869018,0.0,0,TIME,True,2.9795215379078654,6.43306171239117,0.0,False,,,,,,,,,,,,,,,,False,,,,,,,,,,,,,,,,False,,,,,,,,,,,,,,,,False,,False,,False,,False,,,,,,,,,,,,,,,,False,,,,,,,,,,,,,,,,False,,,,,,,,,,,,,,,,False,,False,,False,,,,,,,,,,,,,,,,,,,,,,,,,,,,,,,,,,,,,,,,,,,,,,,,,,,,,,,,,,,,,,,,,,,,,,,,,,,,,,,,,,,,,,False,,,,,,,,,B1,5,1,2018-01-01,2019-12-31,2020-01-01,2020-12-31,B1,5,unfilled_1m,0.4173369343603931
1764,2020-05-15 15:00:00+00:00,2020-05-15 10:15:00-05:00,2020-05-15 10:15:00-05:00,S,Short,B,42.833206158793566,8771.75,8799.454501667682,8688.636494996954,-1.0261690323362045,True,0.712880536055223,1.6242847656954447,0,STOP,True,-1.0261690323362045,0.0,7.616090790260863,False,,,,,,,,,,,,,,,,False,,,,,,,,,,,,,,,,True,15.0,0.9959620263012214,1.0,0.008354428342300588,0.058480998396104114,8979.0,2020-05-15 10:30:00-05:00,0.0,STOP,1.1746888786462106,1.2531610002809779,0.0005557485024068867,1.1834947591880058,,True,False,,False,,True,15.0,False,,,,,,,,,,,,,,,,False,,,,,,,,,,,,,,,,True,15.0,0.9959620263012214,1.0,0.008354428342300588,0.058480998396104114,8979.0,2020-05-15 10:30:00-05:00,0.0,STOP,1.1746888786462106,1.2531610002809779,0.0005557485024068867,1.1834947591880058,,True,False,,False,,False,,,,,,,,,,,,,,,,0.9959620263012214,1.0,0.008354428342300588,0.058480998396104114,8979.0,2020-05-15 10:30:00-05:00,0.0,STOP,1.1746888786462106,1.2531610002809779,0.0005557485024068867,1.1834947591880058,,True,,,,,,,,,,,,,,,,,,,,,,,,,,,,,,,,,,,,,,,,,,,,,,,,,,,,,,,,,False,,,,,,,,,B1,5,1,2018-01-01,2019-12-31,2020-01-01,2020-12-31,B1,5,unfilled_1m,-1.0261690323362045
1766,2020-05-15 17:15:00+00:00,2020-05-15 12:30:00-05:00,2020-05-15 12:30:00-05:00,L,Long,B,38.70142625082298,8873.5,8846.906755566986,8953.279733299041,-1.027262562934967,True,0.0188017675413566,1.3725290305190316,1,STOP,True,2.972737437065033,7.943746786223163,0.0,False,,,,,,,,,,,,,,,,False,,,,,,,,,,,,,,,,False,,,,,,,,,,,,,,,,False,,False,,False,,False,,,,,,,,,,,,,,,,False,,,,,,,,,,,,,,,,False,,,,,,,,,,,,,,,,False,,False,,False,,,,,,,,,,,,,,,,,,,,,,,,,,,,,,,,,,,,,,,,,,,,,,,,,,,,,,,,,,,,,,,,,,,,,,,,,,,,,,,,,,,,,,False,,,,,,,,,B1,5,1,2018-01-01,2019-12-31,2020-01-01,2020-12-31,B1,5,unfilled_1m,-1.027262562934967
1769,2020-05-18 14:45:00+00:00,2020-05-18 10:00:00-05:00,2020-05-18 10:00:00-05:00,L,Long,A+,69.77416040153682,9116.30750895929,9097.438250135663,9172.915285430166,-0.0149719160635857,True,0.9508847808184552,0.6787499752376632,0,TIME,True,2.961577717133636,11.470640848367708,0.0,False,,,,,,,,,,,,,,,,False,,,,,,,,,,,,,,,,False,,,,,,,,,,,,,,,,False,,False,,False,,False,,,,,,,,,,,,,,,,False,,,,,,,,,,,,,,,,False,,,,,,,,,,,,,,,,False,,False,,False,,,,,,,,,,,,,,,,,,,,,,,,,,,,,,,,,,,,,,,,,,,,,,,,,,,,,,,,,,,,,,,,,,,,,,,,,,,,,,,,,,,,,,False,,,,,,,,,B1,5,1,2018-01-01,2019-12-31,2020-01-01,2020-12-31,B1,5,unfilled_1m,-0.0149719160635857
1781,2020-05-21 20:30:00+00:00,2020-05-21 15:45:00-05:00,2020-05-21 15:45:00-05:00,S,Short,B,43.469549576451094,9148.75,9168.341703589222,9089.974889232337,-1.0370054598212102,True,0.5742226523980881,1.0846427878630553,0,STOP,True,-1.0370054598212102,0.0,10.846427878630553,False,,,,,,,,,,,,,,,,False,,,,,,,,,,,,,,,,True,11.0,0.9961923928018561,1.0,0.0,0.006564839996799855,9358.75,2020-05-21 15:56:00-05:00,0.0,STOP,1.0986775178026449,1.2217194570135745,0.00026407695919841896,1.0609037328094302,,True,False,,False,,True,11.0,False,,,,,,,,,,,,,,,,False,,,,,,,,,,,,,,,,False,,,,,,,,,,,,,,,,False,,False,,False,,,,,,,,,,,,,,,,0.9961923928018561,1.0,0.0,0.006564839996799855,9358.75,2020-05-21 15:56:00-05:00,0.0,STOP,1.0986775178026449,1.2217194570135745,0.00026407695919841896,1.0609037328094302,,True,,,,,,,,,,,,,,,,,,,,,,,,,,,,,,,,,,,,,,,,,,,,,,,,,,,,,,,,,False,,,,,,,,,B1,5,1,2018-01-01,2019-12-31,2020-01-01,2020-12-31,B1,5,unfilled_1m,-1.0370054598212102
1791,2020-05-29 17:00:00+00:00,2020-05-29 12:15:00-05:00,2020-05-29 12:15:00-05:00,L,Long,B,44.66452424774209,9241.5,9216.702278948482,9315.893163154553,-1.029236557605184,True,0.3629365771678029,1.1593807326193704,1,STOP,True,2.9707634423948157,8.861701425847189,0.0,False,,,,,,,,,,,,,,,,False,,,,,,,,,,,,,,,,False,,,,,,,,,,,,,,,,False,,False,,False,,False,,,,,,,,,,,,,,,,False,,,,,,,,,,,,,,,,False,,,,,,,,,,,,,,,,False,,False,,False,,,,,,,,,,,,,,,,,,,,,,,,,,,,,,,,,,,,,,,,,,,,,,,,,,,,,,,,,,,,,,,,,,,,,,,,,,,,,,,,,,,,,,False,,,,,,,,,B1,5,1,2018-01-01,2019-12-31,2020-01-01,2020-12-31,B1,5,unfilled_1m,-1.029236557605184
1797,2020-06-02 20:00:00+00:00,2020-06-02 15:15:00-05:00,2020-06-02 15:15:00-05:00,L,Long,A,48.99394040627092,9435.25,9419.218365624713,9483.344903125862,0.1575010969494321,True,0.9824325849321013,0.14034751213315733,0,TIME,True,2.9547769127570938,13.410984492723923,0.0,False,,,,,,,,,,,,,,,,False,,,,,,,,,,,,,,,,False,,,,,,,,,,,,,,,,False,,False,,False,,False,,,,,,,,,,,,,,,,False,,,,,,,,,,,,,,,,False,,,,,,,,,,,,,,,,False,,False,,False,,,,,,,,,,,,,,,,,,,,,,,,,,,,,,,,,,,,,,,,,,,,,,,,,,,,,,,,,,,,,,,,,,,,,,,,,,,,,,,,,,,,,,False,,,,,,,,,B1,5,1,2018-01-01,2019-12-31,2020-01-01,2020-12-31,B1,5,unfilled_1m,0.1575010969494321
1800,2020-06-03 20:00:00+00:00,2020-06-03 15:15:00-05:00,2020-06-03 15:15:00-05:00,S,Short,A,49.469621535988814,9479.604842781147,9493.78093769816,9437.076558030109,1.3847144009729622,True,1.6298453781809092,0.2394987645559542,0,TIME,True,-1.0511424340937443,0.0,14.647556921310835,False,,,,,,,,,,,,,,,,False,,,,,,,,,,,,,,,,False,,,,,,,,,,,,,,,,False,,False,,False,,False,,,,,,,,,,,,,,,,False,,,,,,,,,,,,,,,,False,,,,,,,,,,,,,,,,False,,False,,False,,,,,,,,,,,,,,,,,,,,,,,,,,,,,,,,,,,,,,,,,,,,,,,,,,,,,,,,,,,,,,,,,,,,,,,,,,,,,,,,,,,,,,False,,,,,,,,,B1,5,1,2018-01-01,2019-12-31,2020-01-01,2020-12-31,B1,5,unfilled_1m,1.3847144009729622
1801,2020-06-04 15:15:00+00:00,2020-06-04 10:30:00-05:00,2020-06-04 10:30:00-05:00,S,Short,A+,76.86632967848753,9445.802823991608,9462.792085478624,9394.835039530555,-1.0426740150273184,True,0.8418743806220003,1.2182504827657883,0,STOP,True,-1.0426740150273184,0.0,12.166342613912322,False,,,,,,,,,,,,,,,,False,,,,,,,,,,,,,,,,True,13.0,0.9963560132717308,1.0,0.010052377181432126,0.018848207215185236,9661.75,2020-06-04 10:43:00-05:00,0.0,STOP,1.1348602798902037,1.2370021581322346,0.0007336446782492651,1.1459469283896764,,True,False,,False,,True,13.0,False,,,,,,,,,,,,,,,,False,,,,,,,,,,,,,,,,True,13.0,0.9963560132717308,1.0,0.010052377181432126,0.018848207215185236,9661.75,2020-06-04 10:43:00-05:00,0.0,STOP,1.1348602798902037,1.2370021581322346,0.0007336446782492651,1.1459469283896764,,True,False,,False,,False,,,,,,,,,,,,,,,,0.9963560132717308,1.0,0.010052377181432126,0.018848207215185236,9661.75,2020-06-04 10:43:00-05:00,0.0,STOP,1.1348602798902037,1.2370021581322346,0.0007336446782492651,1.1459469283896764,,True,,,,,,,,,,,,,,,,,,,,,,,,,,,,,,,,,,,,,,,,,,,,,,,,,,,,,,,,,False,,,,,,,,,B1,5,1,2018-01-01,2019-12-31,2020-01-01,2020-12-31,B1,5,unfilled_1m,-1.0426740150273184
1802,2020-06-04 17:45:00+00:00,2020-06-04 13:00:00-05:00,2020-06-04 13:00:00-05:00,L,Long,B,43.8066830122907,9453.0,9435.683151636536,9504.950545090394,-1.0418667406899318,True,0.4186674068993183,2.1655210701688876,1,STOP,True,2.958133259310068,12.256849257155904,0.0,False,,,,,,,,,,,,,,,,False,,,,,,,,,,,,,,,,False,,,,,,,,,,,,,,,,False,,False,,False,,False,,,,,,,,,,,,,,,,False,,,,,,,,,,,,,,,,False,,,,,,,,,,,,,,,,False,,False,,False,,,,,,,,,,,,,,,,,,,,,,,,,,,,,,,,,,,,,,,,,,,,,,,,,,,,,,,,,,,,,,,,,,,,,,,,,,,,,,,,,,,,,,False,,,,,,,,,B1,5,1,2018-01-01,2019-12-31,2020-01-01,2020-12-31,B1,5,unfilled_1m,-1.0418667406899318
1811,2020-06-09 17:30:00+00:00,2020-06-09 12:45:00-05:00,2020-06-09 12:45:00-05:00,L,Long,A,48.85342205813072,9785.585356738684,9770.111443737134,9832.007095743336,-1.0468530487361145,True,0.5276392119109409,1.0556707108956898,0,STOP,True,2.9531469512638853,14.147335792788386,0.0,False,,,,,,,,,,,,,,,,False,,,,,,,,,,,,,,,,True,11.0,2.996839423850032,3.0,0.004359415379266171,0.014168099982615055,9999.5,2020-06-09 12:56:00-05:00,0.0,TARGET,1.1771310938523438,1.5764411027568923,0.0003827111221728819,1.1645991483058693,,True,False,,False,,True,11.0,False,,,,,,,,,,,,,,,,False,,,,,,,,,,,,,,,,False,,,,,,,,,,,,,,,,False,,False,,True,12.0,,,,,,,,,,,,,,,2.996839423850032,3.0,0.004359415379266171,0.014168099982615055,9999.5,2020-06-09 12:56:00-05:00,0.0,TARGET,1.1771310938523438,1.5764411027568923,0.0003827111221728819,1.1645991483058693,,True,,,,,,,,,,,,,,,2.9968255852575836,3.0,0.005473128866234884,0.006567754639481861,9998.5,2020-06-09 12:57:00-05:00,0.0,TARGET,0.9751452242643559,1.1906976744186046,-9.751939839632452e-05,0.9581734818003181,,True,,,,,,,,,,,,,,,,,,,,,,,,,,,,,False,,,,,,,,,B1,5,1,2018-01-01,2019-12-31,2020-01-01,2020-12-31,B1,5,unfilled_1m,-1.0468530487361145
1815,2020-06-10 18:15:00+00:00,2020-06-10 13:30:00-05:00,2020-06-10 13:30:00-05:00,L,Long,A+,100.0,9907.865611958256,9887.948850106102,9967.615897514725,-1.036401499670571,True,1.3498372999242245,1.8384319815671715,0,STOP,True,2.9635985003294287,11.93137668692126,0.0,False,,,,,,,,,,,,,,,,False,,,,,,,,,,,,,,,,False,,,,,,,,,,,,,,,,False,,False,,False,,False,,,,,,,,,,,,,,,,False,,,,,,,,,,,,,,,,False,,,,,,,,,,,,,,,,False,,False,,False,,,,,,,,,,,,,,,,,,,,,,,,,,,,,,,,,,,,,,,,,,,,,,,,,,,,,,,,,,,,,,,,,,,,,,,,,,,,,,,,,,,,,,False,,,,,,,,,B1,5,1,2018-01-01,2019-12-31,2020-01-01,2020-12-31,B1,5,unfilled_1m,-1.036401499670571
1817,2020-06-11 15:00:00+00:00,2020-06-11 10:15:00-05:00,2020-06-11 10:15:00-05:00,S,Short,A+,72.997040253794,9673.555216056488,9701.228711377382,9590.534730093805,-1.026198353030331,True,0.12847007634063706,1.3711597867748582,1,STOP,True,-1.026198353030331,0.0,8.2821046378794,False,,,,,,,,,,,,,,,,True,10.0,0.9963433939173113,1.0,0.016391682439639173,0.051696844617323545,9899.5,2020-06-11 10:25:00-05:00,0.0,STOP,0.8028361460910669,0.9829987339482728,0.0008304014225821624,0.7628337836415312,,True,True,10.0,0.9963433939173113,1.0,0.016391682439639173,0.051696844617323545,9899.5,2020-06-11 10:25:00-05:00,0.0,STOP,0.8028361460910669,0.9829987339482728,0.0008304014225821624,0.7628337836415312,,True,False,,True,10.0,True,10.0,False,,,,,,,,,,,,,,,,False,,,,,,,,,,,,,,,,False,,,,,,,,,,,,,,,,False,,False,,True,13.0,0.9963433939173113,1.0,0.016391682439639173,0.051696844617323545,9899.5,2020-06-11 10:25:00-05:00,0.0,STOP,0.8028361460910669,0.9829987339482728,0.0008304014225821624,0.7628337836415312,,True,0.9963433939173113,1.0,0.016391682439639173,0.051696844617323545,9899.5,2020-06-11 10:25:00-05:00,0.0,STOP,0.8028361460910669,0.9829987339482728,0.0008304014225821624,0.7628337836415312,,True,,,,,,,,,,,,,,,0.9963248579909318,1.0,0.02281122626318188,0.013940193827500037,9898.5,2020-06-11 10:28:00-05:00,0.0,STOP,0.7715559585883776,0.920483231157591,0.0003700695027687737,0.7641643589551681,,True,,,,,,,,,,,,,,,,,,,,,,,,,,,,,False,,,,,,,,,B1,5,1,2018-01-01,2019-12-31,2020-01-01,2020-12-31,B1,5,unfilled_1m,-1.026198353030331
1824,2020-06-15 15:15:00+00:00,2020-06-15 10:30:00-05:00,2020-06-15 10:30:00-05:00,L,Long,B,40.82456678341856,9407.0,9376.650651807013,9498.048044578962,1.664780399194033,True,1.9769782078504106,0.7578416463426574,0,TIME,True,2.9761115133218077,7.471330143834677,0.0,False,,,,,,,,,,,,,,,,True,7.0,2.9971855518847943,3.0,0.003881997400283886,0.02523298310184526,9634.25,2020-06-15 10:37:00-05:00,0.0,TARGET,0.9183673469387754,0.9454855195911415,0.0008825868009542307,0.9229490022172949,,True,True,7.0,2.9971855518847943,3.0,0.003881997400283886,0.02523298310184526,9634.25,2020-06-15 10:37:00-05:00,0.0,TARGET,0.9183673469387754,0.9454855195911415,0.0008825868009542307,0.9229490022172949,,True,False,,False,,False,,False,,,,,,,,,,,,,,,,False,,,,,,,,,,,,,,,,False,,,,,,,,,,,,,,,,False,,True,8.0,True,8.0,,,,,,,,,,,,,,,,,,,,,,,,,,,,,2.997157970002136,3.0,0.015680165505456048,0.01666017584954705,9631.75,2020-06-15 10:38:00-05:00,0.0,TARGET,0.842986741102582,0.8728323699421965,-0.00021874737034609029,0.8328736900165471,,True,2.997157970002136,3.0,0.015680165505456048,0.01666017584954705,9631.75,2020-06-15 10:38:00-05:00,0.0,TARGET,0.842986741102582,0.8728323699421965,-0.00021874737034609029,0.8328736900165471,,True,,,,,,,,,,,,,,,,,,,,,,,,,,,,,False,,,,,,,,,B1,5,1,2018-01-01,2019-12-31,2020-01-01,2020-12-31,B1,5,unfilled_1m,1.664780399194033
1826,2020-06-15 18:15:00+00:00,2020-06-15 13:30:00-05:00,2020-06-15 13:30:00-05:00,L,Long,A+,100.0,9581.222806773,9553.4077238896,9664.668055423204,-1.026064995133727,True,0.6570964862344297,1.4011393363943607,0,STOP,True,2.973935004866273,8.233920933728188,0.0,False,,,,,,,,,,,,,,,,False,,,,,,,,,,,,,,,,False,,,,,,,,,,,,,,,,False,,False,,False,,False,,,,,,,,,,,,,,,,False,,,,,,,,,,,,,,,,False,,,,,,,,,,,,,,,,False,,False,,False,,,,,,,,,,,,,,,,,,,,,,,,,,,,,,,,,,,,,,,,,,,,,,,,,,,,,,,,,,,,,,,,,,,,,,,,,,,,,,,,,,,,,,False,,,,,,,,,B1,5,1,2018-01-01,2019-12-31,2020-01-01,2020-12-31,B1,5,unfilled_1m,-1.026064995133727
1827,2020-06-15 20:00:00+00:00,2020-06-15 15:15:00-05:00,2020-06-15 15:15:00-05:00,RL,Long,A+,74.1066615869286,9566.78295858288,9539.673961309243,9634.555451766972,1.7703362810763426,True,2.110629206959332,0.0,0,TIME,True,2.473256111515971,8.971819907689532,0.0,False,,,,,,,,,,,,,,,,False,,,,,,,,,,,,,,,,True,15.0,2.4972675128171455,2.5,0.006595658717234543,0.003768947838419739,9805.0,2020-06-15 15:30:00-05:00,0.0,TARGET,0.4501372369624886,0.8113456464379948,0.0,0.43370944992947813,,True,False,,False,,False,,False,,,,,,,,,,,,,,,,False,,,,,,,,,,,,,,,,False,,,,,,,,,,,,,,,,False,,False,,False,,,,,,,,,,,,,,,,,,,,,,,,,,,,,,,,,,,,,,,,,,,,,,,,,,,,,,,,,,,,,,,,,,,,,,,,,,,,,,,,,,,,,,False,,,,,,,,,B1,5,1,2018-01-01,2019-12-31,2020-01-01,2020-12-31,B1,5,unfilled_1m,1.7703362810763426
1829,2020-06-16 16:45:00+00:00,2020-06-16 12:00:00-05:00,2020-06-16 12:00:00-05:00,L,Long,B,44.70506542110443,9751.0,9720.050446803203,9843.848659590383,-1.0234252170100806,True,0.525047967467324,1.1793385115419892,0,STOP,True,2.9765747829899194,7.092186391327853,0.0,False,,,,,,,,,,,,,,,,True,9.0,2.9970789633153565,3.0,0.021152334612936582,0.009065286262687105,9968.25,2020-06-16 12:09:00-05:00,0.0,TARGET,0.5889014722536806,0.6326034063260341,0.00011817914907882031,0.5749032614704256,,True,True,9.0,2.9970789633153565,3.0,0.021152334612936582,0.009065286262687105,9968.25,2020-06-16 12:09:00-05:00,0.0,TARGET,0.5889014722536806,0.6326034063260341,0.00011817914907882031,0.5749032614704256,,True,False,,True,9.0,True,9.0,False,,,,,,,,,,,,,,,,True,9.0,2.9970789633153565,3.0,0.021152334612936582,0.009065286262687105,9968.25,2020-06-16 12:09:00-05:00,0.0,TARGET,0.5889014722536806,0.6326034063260341,0.00011817914907882031,0.5749032614704256,,True,True,9.0,2.9970789633153565,3.0,0.021152334612936582,0.009065286262687105,9968.25,2020-06-16 12:09:00-05:00,0.0,TARGET,0.5889014722536806,0.6326034063260341,0.00011817914907882031,0.5749032614704256,,True,False,,False,,False,,2.9970789633153565,3.0,0.021152334612936582,0.009065286262687105,9968.25,2020-06-16 12:09:00-05:00,0.0,TARGET,0.5889014722536806,0.6326034063260341,0.00011817914907882031,0.5749032614704256,,True,2.9970789633153565,3.0,0.021152334612936582,0.009065286262687105,9968.25,2020-06-16 12:09:00-05:00,0.0,TARGET,0.5889014722536806,0.6326034063260341,0.00011817914907882031,0.5749032614704256,,True,,,,,,,,,,,,,,,,,,,,,,,,,,,,,,,,,,,,,,,,,,,,,,,,,,,,,,,,,False,,,,,,,,,B1,5,1,2018-01-01,2019-12-31,2020-01-01,2020-12-31,B1,5,unfilled_1m,-1.0234252170100806
1830,2020-06-17 14:45:00+00:00,2020-06-17 10:00:00-05:00,2020-06-17 10:00:00-05:00,L,Long,A,48.442845092765445,9788.37746134206,9768.485319852702,9848.05388581014,0.912296882045099,True,1.1623956460550808,0.6222287001468007,0,TIME,True,2.9635534464508066,10.701338454274998,0.0,False,,,,,,,,,,,,,,,,True,10.0,2.9969346511618284,3.0,0.011627185248236324,0.012684202088985082,10005.0,2020-06-17 10:10:00-05:00,0.0,TARGET,1.7095425167912812,1.511992826720466,0.001025828092883966,1.7817989697530048,,True,True,10.0,2.9969346511618284,3.0,0.011627185248236324,0.012684202088985082,10005.0,2020-06-17 10:10:00-05:00,0.0,TARGET,1.7095425167912812,1.511992826720466,0.001025828092883966,1.7817989697530048,,True,False,,True,10.0,True,10.0,False,,,,,,,,,,,,,,,,True,10.0,2.9969346511618284,3.0,0.011627185248236324,0.012684202088985082,10005.0,2020-06-17 10:10:00-05:00,0.0,TARGET,1.7095425167912812,1.511992826720466,0.001025828092883966,1.7817989697530048,,True,True,10.0,2.9969346511618284,3.0,0.011627185248236324,0.012684202088985082,10005.0,2020-06-17 10:10:00-05:00,0.0,TARGET,1.7095425167912812,1.511992826720466,0.001025828092883966,1.7817989697530048,,True,False,,False,,True,11.0,2.9969346511618284,3.0,0.011627185248236324,0.012684202088985082,10005.0,2020-06-17 10:10:00-05:00,0.0,TARGET,1.7095425167912812,1.511992826720466,0.001025828092883966,1.7817989697530048,,True,2.9969346511618284,3.0,0.011627185248236324,0.012684202088985082,10005.0,2020-06-17 10:10:00-05:00,0.0,TARGET,1.7095425167912812,1.511992826720466,0.001025828092883966,1.7817989697530048,,True,,,,,,,,,,,,,,,2.996924899863936,3.0,0.007422655500843702,0.016966069716214175,10004.25,2020-06-17 10:11:00-05:00,0.0,TARGET,0.8054972322962397,0.8353127474267618,-6.038210137152261e-05,0.8021796983905715,,True,,,,,,,,,,,,,,,,,,,,,,,,,,,,,False,,,,,,,,,B1,5,1,2018-01-01,2019-12-31,2020-01-01,2020-12-31,B1,5,unfilled_1m,0.912296882045099
1834,2020-06-18 18:15:00+00:00,2020-06-18 13:30:00-05:00,2020-06-18 13:30:00-05:00,S,Short,B,38.87995920889267,9770.25,9787.420363045556,9718.738910863334,0.3072154028429416,True,1.9219162642307244,0.8444783585256213,0,TIME,True,-1.042223917926281,0.0,11.793577075961263,False,,,,,,,,,,,,,,,,False,,,,,,,,,,,,,,,,False,,,,,,,,,,,,,,,,False,,False,,False,,False,,,,,,,,,,,,,,,,False,,,,,,,,,,,,,,,,False,,,,,,,,,,,,,,,,False,,False,,False,,,,,,,,,,,,,,,,,,,,,,,,,,,,,,,,,,,,,,,,,,,,,,,,,,,,,,,,,,,,,,,,,,,,,,,,,,,,,,,,,,,,,,False,,,,,,,,,B1,5,1,2018-01-01,2019-12-31,2020-01-01,2020-12-31,B1,5,unfilled_1m,0.3072154028429416
1842,2020-06-23 15:15:00+00:00,2020-06-23 10:30:00-05:00,2020-06-23 10:30:00-05:00,L,Long,A,57.76318789627231,10040.49860529683,10025.24046126533,10086.273037391336,1.5910450611195115,True,1.966254522255849,0.0,0,TIME,True,2.9524843913844814,13.97623421714385,0.0,False,,,,,,,,,,,,,,,,False,,,,,,,,,,,,,,,,False,,,,,,,,,,,,,,,,False,,False,,False,,False,,,,,,,,,,,,,,,,False,,,,,,,,,,,,,,,,False,,,,,,,,,,,,,,,,False,,False,,False,,,,,,,,,,,,,,,,,,,,,,,,,,,,,,,,,,,,,,,,,,,,,,,,,,,,,,,,,,,,,,,,,,,,,,,,,,,,,,,,,,,,,,False,,,,,,,,,B1,5,1,2018-01-01,2019-12-31,2020-01-01,2020-12-31,B1,5,unfilled_1m,1.5910450611195115
1847,2020-06-24 19:15:00+00:00,2020-06-24 14:30:00-05:00,2020-06-24 14:30:00-05:00,L,Long,B,44.727538701802075,9810.75,9781.784555001535,9897.646334995396,-1.0250298243316625,True,0.9666690776366195,1.2601221904905933,0,STOP,True,2.9749701756683375,7.2500180822746465,0.0,False,,,,,,,,,,,,,,,,False,,,,,,,,,,,,,,,,True,12.0,2.9968643963209085,3.0,0.00973118383166376,0.00864994118370112,10013.0,2020-06-24 14:42:00-05:00,0.0,TARGET,0.8906666666666667,0.8501323559356546,0.00017793760197123496,0.8537832310838446,,True,False,,False,,True,12.0,False,,,,,,,,,,,,,,,,False,,,,,,,,,,,,,,,,True,12.0,2.9968643963209085,3.0,0.00973118383166376,0.00864994118370112,10013.0,2020-06-24 14:42:00-05:00,0.0,TARGET,0.8906666666666667,0.8501323559356546,0.00017793760197123496,0.8537832310838446,,True,False,,False,,True,13.0,,,,,,,,,,,,,,,2.9968643963209085,3.0,0.00973118383166376,0.00864994118370112,10013.0,2020-06-24 14:42:00-05:00,0.0,TARGET,0.8906666666666667,0.8501323559356546,0.00017793760197123496,0.8537832310838446,,True,,,,,,,,,,,,,,,2.996861002302726,3.0,0.09416993091821414,0.005412064995299663,10012.75,2020-06-24 14:43:00-05:00,0.0,TARGET,0.5673678867520163,0.6152152641878669,-1.4165781652662283e-05,0.5365333333333333,,True,,,,,,,,,,,,,,,,,,,,,,,,,,,,,False,,,,,,,,,B1,5,1,2018-01-01,2019-12-31,2020-01-01,2020-12-31,B1,5,unfilled_1m,-1.0250298243316625
1850,2020-06-26 15:15:00+00:00,2020-06-26 10:30:00-05:00,2020-06-26 10:30:00-05:00,L,Long,A,48.98754070591675,9734.25,9709.079075976108,9809.76277207168,-1.0288030745042107,True,1.9168942687285027,2.0460114992646194,0,STOP,True,2.9711969254957893,8.00526829323924,0.0,False,,,,,,,,,,,,,,,,True,8.0,2.997006246712225,3.0,0.01135561591914596,0.01135561591914596,9951.25,2020-06-26 10:38:00-05:00,0.0,TARGET,1.573808601317319,1.5430785594894392,0.0024551778497261785,1.5940038457010555,,True,True,8.0,2.997006246712225,3.0,0.01135561591914596,0.01135561591914596,9951.25,2020-06-26 10:38:00-05:00,0.0,TARGET,1.573808601317319,1.5430785594894392,0.0024551778497261785,1.5940038457010555,,True,False,,True,8.0,True,8.0,False,,,,,,,,,,,,,,,,False,,,,,,,,,,,,,,,,False,,,,,,,,,,,,,,,,False,,False,,False,,2.997006246712225,3.0,0.01135561591914596,0.01135561591914596,9951.25,2020-06-26 10:38:00-05:00,0.0,TARGET,1.573808601317319,1.5430785594894392,0.0024551778497261785,1.5940038457010555,,True,2.997006246712225,3.0,0.01135561591914596,0.01135561591914596,9951.25,2020-06-26 10:38:00-05:00,0.0,TARGET,1.573808601317319,1.5430785594894392,0.0024551778497261785,1.5940038457010555,,True,,,,,,,,,,,,,,,,,,,,,,,,,,,,,,,,,,,,,,,,,,,,,,,,,,,,,,,,,False,,,,,,,,,B1,5,1,2018-01-01,2019-12-31,2020-01-01,2020-12-31,B1,5,unfilled_1m,-1.0288030745042107
1854,2020-06-29 20:00:00+00:00,2020-06-29 15:15:00-05:00,2020-06-29 15:15:00-05:00,L,Long,A+,87.8939572488258,9757.504933446726,9736.92593265703,9819.241935815817,1.8961108438662464,True,2.2593451950570413,0.0,0,TIME,True,2.964769912426311,10.71456621274243,0.0,False,,,,,,,,,,,,,,,,False,,,,,,,,,,,,,,,,False,,,,,,,,,,,,,,,,False,,False,,False,,False,,,,,,,,,,,,,,,,False,,,,,,,,,,,,,,,,False,,,,,,,,,,,,,,,,False,,False,,False,,,,,,,,,,,,,,,,,,,,,,,,,,,,,,,,,,,,,,,,,,,,,,,,,,,,,,,,,,,,,,,,,,,,,,,,,,,,,,,,,,,,,,False,,,,,,,,,B1,5,1,2018-01-01,2019-12-31,2020-01-01,2020-12-31,B1,5,unfilled_1m,1.8961108438662464
1856,2020-06-30 16:45:00+00:00,2020-06-30 12:00:00-05:00,2020-06-30 12:00:00-05:00,S,Short,B,40.96412709218574,9867.0,9883.377993230311,9817.866020309066,-0.2884968831990512,True,1.5569673061536096,0.6868973409501219,0,TIME,True,-1.0442667175278968,0.0,12.242037054266616,False,,,,,,,,,,,,,,,,True,7.0,0.9958182407096255,1.0,0.03749163501714986,0.0072099298109903585,10056.75,2020-06-30 12:07:00-05:00,0.0,STOP,2.9148281855863085,2.4330357142857144,0.0034016220073138288,3.0315672368238076,,True,True,7.0,0.9958182407096255,1.0,0.03749163501714986,0.0072099298109903585,10056.75,2020-06-30 12:07:00-05:00,0.0,STOP,2.9148281855863085,2.4330357142857144,0.0034016220073138288,3.0315672368238076,,True,False,,True,7.0,True,7.0,False,,,,,,,,,,,,,,,,False,,,,,,,,,,,,,,,,False,,,,,,,,,,,,,,,,False,,False,,False,,0.9958182407096255,1.0,0.03749163501714986,0.0072099298109903585,10056.75,2020-06-30 12:07:00-05:00,0.0,STOP,2.9148281855863085,2.4330357142857144,0.0034016220073138288,3.0315672368238076,,True,0.9958182407096255,1.0,0.03749163501714986,0.0072099298109903585,10056.75,2020-06-30 12:07:00-05:00,0.0,STOP,2.9148281855863085,2.4330357142857144,0.0034016220073138288,3.0315672368238076,,True,,,,,,,,,,,,,,,,,,,,,,,,,,,,,,,,,,,,,,,,,,,,,,,,,,,,,,,,,False,,,,,,,,,B1,5,1,2018-01-01,2019-12-31,2020-01-01,2020-12-31,B1,5,unfilled_1m,-0.2884968831990512
1867,2020-07-07 16:15:00+00:00,2020-07-07 11:30:00-05:00,2020-07-07 11:30:00-05:00,S,Short,B,42.68232846587966,10430.75,10449.54608043808,10374.361758685758,0.3737481345189213,True,1.5960774427854294,0.7448361399665338,0,TIME,True,-1.0385718715339811,0.0,10.480908540957653,False,,,,,,,,,,,,,,,,True,9.0,0.9960154746776242,1.0,0.01923563948733146,0.0068698712454755215,10631.5,2020-07-07 11:39:00-05:00,0.0,STOP,0.5239161071043688,0.7669902912621359,0.00012317004586805848,0.5133620339533751,,True,True,9.0,0.9960154746776242,1.0,0.01923563948733146,0.0068698712454755215,10631.5,2020-07-07 11:39:00-05:00,0.0,STOP,0.5239161071043688,0.7669902912621359,0.00012317004586805848,0.5133620339533751,,True,False,,True,9.0,True,9.0,False,,,,,,,,,,,,,,,,False,,,,,,,,,,,,,,,,False,,,,,,,,,,,,,,,,False,,True,10.0,True,10.0,0.9960154746776242,1.0,0.01923563948733146,0.0068698712454755215,10631.5,2020-07-07 11:39:00-05:00,0.0,STOP,0.5239161071043688,0.7669902912621359,0.00012317004586805848,0.5133620339533751,,True,0.9960154746776242,1.0,0.01923563948733146,0.0068698712454755215,10631.5,2020-07-07 11:39:00-05:00,0.0,STOP,0.5239161071043688,0.7669902912621359,0.00012317004586805848,0.5133620339533751,,True,0.9960044952363093,1.0,0.0137776026334162,0.00551104105336648,10631.0,2020-07-07 11:40:00-05:00,0.0,STOP,1.3076152304609219,1.7140980735551663,6.149721255055341e-05,1.2981845312111415,,True,0.9960044952363093,1.0,0.0137776026334162,0.00551104105336648,10631.0,2020-07-07 11:40:00-05:00,0.0,STOP,1.3076152304609219,1.7140980735551663,6.149721255055341e-05,1.2981845312111415,,True,,,,,,,,,,,,,,,,,,,,,,,,,,,,,False,,,,,,,,,B1,5,1,2018-01-01,2019-12-31,2020-01-01,2020-12-31,B1,5,unfilled_1m,0.3737481345189213
1873,2020-07-08 19:15:00+00:00,2020-07-08 14:30:00-05:00,2020-07-08 14:30:00-05:00,L,Long,A,50.10689405747236,10433.5,10411.411966671838,10499.764099984488,1.6875653638422703,True,1.8901637542700147,0.6338273667013223,0,TIME,True,2.967176797081539,9.450818771350074,0.0,False,,,,,,,,,,,,,,,,False,,,,,,,,,,,,,,,,False,,,,,,,,,,,,,,,,False,,False,,False,,False,,,,,,,,,,,,,,,,False,,,,,,,,,,,,,,,,False,,,,,,,,,,,,,,,,False,,False,,False,,,,,,,,,,,,,,,,,,,,,,,,,,,,,,,,,,,,,,,,,,,,,,,,,,,,,,,,,,,,,,,,,,,,,,,,,,,,,,,,,,,,,,False,,,,,,,,,B1,5,1,2018-01-01,2019-12-31,2020-01-01,2020-12-31,B1,5,unfilled_1m,1.6875653638422703
1880,2020-07-13 17:00:00+00:00,2020-07-13 12:15:00-05:00,2020-07-13 12:15:00-05:00,S,Short,A,48.57659905861097,10777.25,10796.57400993943,10719.277970181713,-1.0375180928944086,True,0.02587454682373006,1.8241555510729695,1,STOP,True,-1.0375180928944086,0.0,10.660313291376786,False,,,,,,,,,,,,,,,,True,10.0,0.9964404248149996,1.0,0.0024548794379313306,0.0319134326931073,11000.25,2020-07-13 12:25:00-05:00,0.0,STOP,1.2065727699530517,1.2403474903474905,0.00046598521262211325,1.1979955716117003,,True,True,10.0,0.9964404248149996,1.0,0.0024548794379313306,0.0319134326931073,11000.25,2020-07-13 12:25:00-05:00,0.0,STOP,1.2065727699530517,1.2403474903474905,0.00046598521262211325,1.1979955716117003,,True,False,,True,10.0,True,10.0,False,,,,,,,,,,,,,,,,True,10.0,0.9964404248149996,1.0,0.0024548794379313306,0.0319134326931073,11000.25,2020-07-13 12:25:00-05:00,0.0,STOP,1.2065727699530517,1.2403474903474905,0.00046598521262211325,1.1979955716117003,,True,True,10.0,0.9964404248149996,1.0,0.0024548794379313306,0.0319134326931073,11000.25,2020-07-13 12:25:00-05:00,0.0,STOP,1.2065727699530517,1.2403474903474905,0.00046598521262211325,1.1979955716117003,,True,False,,False,,False,,0.9964404248149996,1.0,0.0024548794379313306,0.0319134326931073,11000.25,2020-07-13 12:25:00-05:00,0.0,STOP,1.2065727699530517,1.2403474903474905,0.00046598521262211325,1.1979955716117003,,True,0.9964404248149996,1.0,0.0024548794379313306,0.0319134326931073,11000.25,2020-07-13 12:25:00-05:00,0.0,STOP,1.2065727699530517,1.2403474903474905,0.00046598521262211325,1.1979955716117003,,True,,,,,,,,,,,,,,,,,,,,,,,,,,,,,,,,,,,,,,,,,,,,,,,,,,,,,,,,,False,,,,,,,,,B1,5,1,2018-01-01,2019-12-31,2020-01-01,2020-12-31,B1,5,unfilled_1m,-1.0375180928944086
1884,2020-07-15 15:00:00+00:00,2020-07-15 10:15:00-05:00,2020-07-15 10:15:00-05:00,S,Short,A+,92.16637494210198,10500.018255104498,10529.141121341028,10412.64965639491,2.975105472307853,True,4.267033817867236,0.0,0,TARGET,True,-1.0248945276921473,0.0,5.6993615788855,False,,,,,,,,,,,,,,,,True,6.0,0.9930859455177097,1.0,0.16927512698021133,0.007152470154093436,10634.0,2020-07-15 10:21:00-05:00,0.0,STOP,0.9133501259445844,1.280729019497033,0.0009223808782643236,0.9055944055944056,,True,True,6.0,0.9930859455177097,1.0,0.16927512698021133,0.007152470154093436,10634.0,2020-07-15 10:21:00-05:00,0.0,STOP,0.9133501259445844,1.280729019497033,0.0009223808782643236,0.9055944055944056,,True,False,,False,,False,,False,,,,,,,,,,,,,,,,False,,,,,,,,,,,,,,,,False,,,,,,,,,,,,,,,,False,,False,,False,,,,,,,,,,,,,,,,,,,,,,,,,,,,,,,,,,,,,,,,,,,,,,,,,,,,,,,,,,,,,,,,,,,,,,,,,,,,,,,,,,,,,,False,,,,,,,,,B1,5,1,2018-01-01,2019-12-31,2020-01-01,2020-12-31,B1,5,unfilled_1m,2.975105472307853
1888,2020-07-16 15:00:00+00:00,2020-07-16 10:15:00-05:00,2020-07-16 10:15:00-05:00,S,Short,A+,75.62604319454253,10300.559810517052,10326.687915844725,10222.175494534033,-1.0277478979400831,True,0.7486118978683098,1.2033091986065045,0,STOP,True,-1.0277478979400831,0.0,7.6714398908465755,False,,,,,,,,,,,,,,,,False,,,,,,,,,,,,,,,,False,,,,,,,,,,,,,,,,False,,False,,False,,False,,,,,,,,,,,,,,,,False,,,,,,,,,,,,,,,,False,,,,,,,,,,,,,,,,False,,False,,False,,,,,,,,,,,,,,,,,,,,,,,,,,,,,,,,,,,,,,,,,,,,,,,,,,,,,,,,,,,,,,,,,,,,,,,,,,,,,,,,,,,,,,False,,,,,,,,,B1,5,1,2018-01-01,2019-12-31,2020-01-01,2020-12-31,B1,5,unfilled_1m,-1.0277478979400831
1889,2020-07-16 16:00:00+00:00,2020-07-16 11:15:00-05:00,2020-07-16 11:15:00-05:00,RL,Long,B,43.982136136581374,10340.033652692173,10314.071607157402,10404.938766529092,0.7700220416397165,True,1.3660844735954223,0.665727693491071,0,TIME,True,2.4720746195044985,7.933363610813377,0.0,False,,,,,,,,,,,,,,,,False,,,,,,,,,,,,,,,,False,,,,,,,,,,,,,,,,False,,False,,False,,False,,,,,,,,,,,,,,,,False,,,,,,,,,,,,,,,,False,,,,,,,,,,,,,,,,False,,False,,False,,,,,,,,,,,,,,,,,,,,,,,,,,,,,,,,,,,,,,,,,,,,,,,,,,,,,,,,,,,,,,,,,,,,,,,,,,,,,,,,,,,,,,False,,,,,,,,,B1,5,1,2018-01-01,2019-12-31,2020-01-01,2020-12-31,B1,5,unfilled_1m,0.7700220416397165
1892,2020-07-17 15:00:00+00:00,2020-07-17 10:15:00-05:00,2020-07-17 10:15:00-05:00,L,Long,A,62.998253133617666,10400.701494076133,10380.079481760213,10462.5675310239,1.1310004846550106,True,1.5540920756373486,0.8947475054065581,0,TIME,True,2.96484339215333,10.112907641068032,0.0,False,,,,,,,,,,,,,,,,False,,,,,,,,,,,,,,,,True,14.0,2.9968973407280415,3.0,0.018188002628721646,0.024607297674152814,10613.75,2020-07-17 10:29:00-05:00,0.0,TARGET,1.09526943043065,1.3687865497076022,0.0004903883301483995,1.037037037037037,,True,False,,False,,True,14.0,False,,,,,,,,,,,,,,,,False,,,,,,,,,,,,,,,,False,,,,,,,,,,,,,,,,False,,False,,False,,,,,,,,,,,,,,,,2.9968973407280415,3.0,0.018188002628721646,0.024607297674152814,10613.75,2020-07-17 10:29:00-05:00,0.0,TARGET,1.09526943043065,1.3687865497076022,0.0004903883301483995,1.037037037037037,,True,,,,,,,,,,,,,,,,,,,,,,,,,,,,,,,,,,,,,,,,,,,,,,,,,,,,,,,,,False,,,,,,,,,B1,5,1,2018-01-01,2019-12-31,2020-01-01,2020-12-31,B1,5,unfilled_1m,1.1310004846550106
1893,2020-07-17 18:15:00+00:00,2020-07-17 13:30:00-05:00,2020-07-17 13:30:00-05:00,L,Long,B,37.83207253529087,10437.5,10418.90376401895,10493.288707943148,0.8482899451306056,True,1.425019559173442,0.5108560683829321,0,TIME,True,2.961013615833934,10.701090274547735,0.0,False,,,,,,,,,,,,,,,,True,7.0,2.9966215623648496,3.0,0.013979741938553515,0.0,10633.5,2020-07-17 13:37:00-05:00,0.0,TARGET,0.8810182623132263,0.7893692978976596,0.00024862939531915035,0.8820921985815603,,True,True,7.0,2.9966215623648496,3.0,0.013979741938553515,0.0,10633.5,2020-07-17 13:37:00-05:00,0.0,TARGET,0.8810182623132263,0.7893692978976596,0.00024862939531915035,0.8820921985815603,,True,False,,True,7.0,True,7.0,False,,,,,,,,,,,,,,,,False,,,,,,,,,,,,,,,,False,,,,,,,,,,,,,,,,False,,True,8.0,True,8.0,2.9966215623648496,3.0,0.013979741938553515,0.0,10633.5,2020-07-17 13:37:00-05:00,0.0,TARGET,0.8810182623132263,0.7893692978976596,0.00024862939531915035,0.8820921985815603,,True,2.9966215623648496,3.0,0.013979741938553515,0.0,10633.5,2020-07-17 13:37:00-05:00,0.0,TARGET,0.8810182623132263,0.7893692978976596,0.00024862939531915035,0.8820921985815603,,True,2.9966643084628197,3.0,0.021854530760837106,0.0,10636.25,2020-07-17 13:38:00-05:00,0.0,TARGET,0.7577092511013216,0.6656346749226006,0.0001959562176638997,0.7614831211953514,,True,2.9966643084628197,3.0,0.021854530760837106,0.0,10636.25,2020-07-17 13:38:00-05:00,0.0,TARGET,0.7577092511013216,0.6656346749226006,0.0001959562176638997,0.7614831211953514,,True,,,,,,,,,,,,,,,,,,,,,,,,,,,,,False,,,,,,,,,B1,5,1,2018-01-01,2019-12-31,2020-01-01,2020-12-31,B1,5,unfilled_1m,0.8482899451306056
1902,2020-07-24 15:00:00+00:00,2020-07-24 10:15:00-05:00,2020-07-24 10:15:00-05:00,L,Long,A,59.24730241028055,10297.0,10263.818930028256,10396.54320991523,-1.021849807755367,True,1.1000248042357255,1.5068832934735965,0,STOP,True,2.978150192244633,6.163152670307009,0.0,False,,,,,,,,,,,,,,,,True,9.0,2.9970758001404074,3.0,0.03327537771260462,0.009075103012528533,10511.75,2020-07-24 10:24:00-05:00,0.0,TARGET,1.712462781794981,1.4434246378890006,0.0018755098203036226,1.7325816585617766,,True,True,9.0,2.9970758001404074,3.0,0.03327537771260462,0.009075103012528533,10511.75,2020-07-24 10:24:00-05:00,0.0,TARGET,1.712462781794981,1.4434246378890006,0.0018755098203036226,1.7325816585617766,,True,False,,True,9.0,True,9.0,False,,,,,,,,,,,,,,,,False,,,,,,,,,,,,,,,,False,,,,,,,,,,,,,,,,False,,False,,False,,2.9970758001404074,3.0,0.03327537771260462,0.009075103012528533,10511.75,2020-07-24 10:24:00-05:00,0.0,TARGET,1.712462781794981,1.4434246378890006,0.0018755098203036226,1.7325816585617766,,True,2.9970758001404074,3.0,0.03327537771260462,0.009075103012528533,10511.75,2020-07-24 10:24:00-05:00,0.0,TARGET,1.712462781794981,1.4434246378890006,0.0018755098203036226,1.7325816585617766,,True,,,,,,,,,,,,,,,,,,,,,,,,,,,,,,,,,,,,,,,,,,,,,,,,,,,,,,,,,False,,,,,,,,,B1,5,1,2018-01-01,2019-12-31,2020-01-01,2020-12-31,B1,5,unfilled_1m,-1.021849807755367
1916,2020-07-31 15:15:00+00:00,2020-07-31 10:30:00-05:00,2020-07-31 10:30:00-05:00,L,Long,A,49.19102862052341,10615.25,10589.76782164947,10691.696535051591,-1.0284512567970827,True,0.529782023118091,1.5304814001189293,0,STOP,True,2.9715487432029173,8.084081241653832,0.0,False,,,,,,,,,,,,,,,,False,,,,,,,,,,,,,,,,True,11.0,2.996864623232062,3.0,0.0043246576109492695,0.02811027447117025,10821.0,2020-07-31 10:41:00-05:00,0.0,TARGET,0.896672190621221,1.3476036618201401,0.00035231070424479073,0.9014769452449567,,True,False,,False,,True,11.0,False,,,,,,,,,,,,,,,,False,,,,,,,,,,,,,,,,True,11.0,2.996864623232062,3.0,0.0043246576109492695,0.02811027447117025,10821.0,2020-07-31 10:41:00-05:00,0.0,TARGET,0.896672190621221,1.3476036618201401,0.00035231070424479073,0.9014769452449567,,True,False,,False,,True,12.0,,,,,,,,,,,,,,,2.996864623232062,3.0,0.0043246576109492695,0.02811027447117025,10821.0,2020-07-31 10:41:00-05:00,0.0,TARGET,0.896672190621221,1.3476036618201401,0.00035231070424479073,0.9014769452449567,,True,,,,,,,,,,,,,,,2.9968441512843107,3.0,0.00544111847532618,0.026117368681565667,10819.5,2020-07-31 10:42:00-05:00,0.0,TARGET,0.828790497717502,1.1835443037974684,-0.00011488640112527167,0.8375509472835581,,True,,,,,,,,,,,,,,,,,,,,,,,,,,,,,False,,,,,,,,,B1,5,1,2018-01-01,2019-12-31,2020-01-01,2020-12-31,B1,5,unfilled_1m,-1.0284512567970827
1919,2020-08-03 15:15:00+00:00,2020-08-03 10:30:00-05:00,2020-08-03 10:30:00-05:00,L,Long,B,41.837433106628005,10843.0,10825.073281966324,10896.780154101032,0.3918731798427045,True,0.7530658972066206,0.7251745676804495,0,TIME,True,2.9595575721870517,11.17047747523154,0.0,False,,,,,,,,,,,,,,,,True,10.0,2.996736831804806,3.0,0.0033756912364072355,0.013502764945628942,11047.25,2020-08-03 10:40:00-05:00,0.0,TARGET,2.5897476093431573,2.063452410691981,0.001172653947041241,2.768328445747801,,True,True,10.0,2.996736831804806,3.0,0.0033756912364072355,0.013502764945628942,11047.25,2020-08-03 10:40:00-05:00,0.0,TARGET,2.5897476093431573,2.063452410691981,0.001172653947041241,2.768328445747801,,True,False,,True,10.0,True,10.0,False,,,,,,,,,,,,,,,,False,,,,,,,,,,,,,,,,False,,,,,,,,,,,,,,,,False,,False,,True,11.0,2.996736831804806,3.0,0.0033756912364072355,0.013502764945628942,11047.25,2020-08-03 10:40:00-05:00,0.0,TARGET,2.5897476093431573,2.063452410691981,0.001172653947041241,2.768328445747801,,True,2.996736831804806,3.0,0.0033756912364072355,0.013502764945628942,11047.25,2020-08-03 10:40:00-05:00,0.0,TARGET,2.5897476093431573,2.063452410691981,0.001172653947041241,2.768328445747801,,True,,,,,,,,,,,,,,,2.9967183688489434,3.0,0.00678958169184117,0.02715832676736468,11046.0,2020-08-03 10:41:00-05:00,0.0,TARGET,0.9037359799887034,0.6854345165238678,-0.00010225802575174145,0.8778805455400533,,True,,,,,,,,,,,,,,,,,,,,,,,,,,,,,False,,,,,,,,,B1,5,1,2018-01-01,2019-12-31,2020-01-01,2020-12-31,B1,5,unfilled_1m,0.3918731798427045
1925,2020-08-04 18:30:00+00:00,2020-08-04 13:45:00-05:00,2020-08-04 13:45:00-05:00,S,Short,A,60.58448932903988,10820.292925870444,10837.431477844148,10768.877269949327,-1.0423022902467147,True,0.8777244363191072,1.0039981298278609,0,STOP,True,-1.0423022902467147,0.0,11.15654778903941,False,,,,,,,,,,,,,,,,False,,,,,,,,,,,,,,,,False,,,,,,,,,,,,,,,,False,,False,,False,,False,,,,,,,,,,,,,,,,False,,,,,,,,,,,,,,,,False,,,,,,,,,,,,,,,,False,,False,,False,,,,,,,,,,,,,,,,,,,,,,,,,,,,,,,,,,,,,,,,,,,,,,,,,,,,,,,,,,,,,,,,,,,,,,,,,,,,,,,,,,,,,,False,,,,,,,,,B1,5,1,2018-01-01,2019-12-31,2020-01-01,2020-12-31,B1,5,unfilled_1m,-1.0423022902467147
1934,2020-08-07 17:00:00+00:00,2020-08-07 12:15:00-05:00,2020-08-07 12:15:00-05:00,S,Short,A+,100.0,10936.0880597609,10957.465857854642,10871.95466547967,2.966086310815509,True,3.1031287445976825,0.0,0,TARGET,True,-1.033913689184491,0.0,7.375031775851904,False,,,,,,,,,,,,,,,,True,8.0,0.99421315429403,1.0,0.0,0.055872993023158755,11082.75,2020-08-07 12:23:00-05:00,0.0,STOP,0.833463986704713,1.1156816655473472,0.0002255500945009599,0.8459041435936605,,True,True,8.0,0.99421315429403,1.0,0.0,0.055872993023158755,11082.75,2020-08-07 12:23:00-05:00,0.0,STOP,0.833463986704713,1.1156816655473472,0.0002255500945009599,0.8459041435936605,,True,False,,True,8.0,True,8.0,False,,,,,,,,,,,,,,,,False,,,,,,,,,,,,,,,,False,,,,,,,,,,,,,,,,False,,False,,False,,0.99421315429403,1.0,0.0,0.055872993023158755,11082.75,2020-08-07 12:23:00-05:00,0.0,STOP,0.833463986704713,1.1156816655473472,0.0002255500945009599,0.8459041435936605,,True,0.99421315429403,1.0,0.0,0.055872993023158755,11082.75,2020-08-07 12:23:00-05:00,0.0,STOP,0.833463986704713,1.1156816655473472,0.0002255500945009599,0.8459041435936605,,True,,,,,,,,,,,,,,,,,,,,,,,,,,,,,,,,,,,,,,,,,,,,,,,,,,,,,,,,,False,,,,,,,,,B1,5,1,2018-01-01,2019-12-31,2020-01-01,2020-12-31,B1,5,unfilled_1m,2.966086310815509
1939,2020-08-10 16:45:00+00:00,2020-08-10 12:00:00-05:00,2020-08-10 12:00:00-05:00,L,Long,A,62.59732384504423,10869.420978215285,10846.172201358848,10939.167308784588,-0.253603802543803,True,1.5303610165996473,0.5987832521791542,0,TIME,True,2.9688155637401086,9.079145242269943,0.0,False,,,,,,,,,,,,,,,,True,6.0,2.9970174158065737,3.0,0.01337020500501516,0.01337020500501516,11089.25,2020-08-10 12:06:00-05:00,0.0,TARGET,2.7706240271685294,2.3232083531086856,0.0027510540291880024,2.9383957379755383,,True,True,6.0,2.9970174158065737,3.0,0.01337020500501516,0.01337020500501516,11089.25,2020-08-10 12:06:00-05:00,0.0,TARGET,2.7706240271685294,2.3232083531086856,0.0027510540291880024,2.9383957379755383,,True,False,,True,6.0,True,6.0,False,,,,,,,,,,,,,,,,False,,,,,,,,,,,,,,,,False,,,,,,,,,,,,,,,,False,,False,,False,,2.9970174158065737,3.0,0.01337020500501516,0.01337020500501516,11089.25,2020-08-10 12:06:00-05:00,0.0,TARGET,2.7706240271685294,2.3232083531086856,0.0027510540291880024,2.9383957379755383,,True,2.9970174158065737,3.0,0.01337020500501516,0.01337020500501516,11089.25,2020-08-10 12:06:00-05:00,0.0,TARGET,2.7706240271685294,2.3232083531086856,0.0027510540291880024,2.9383957379755383,,True,,,,,,,,,,,,,,,,,,,,,,,,,,,,,,,,,,,,,,,,,,,,,,,,,,,,,,,,,False,,,,,,,,,B1,5,1,2018-01-01,2019-12-31,2020-01-01,2020-12-31,B1,5,unfilled_1m,-0.253603802543803
1940,2020-08-11 15:15:00+00:00,2020-08-11 10:30:00-05:00,2020-08-11 10:30:00-05:00,L,Long,A,59.275703284113504,10864.206638837532,10838.258618361871,10942.05070026451,-1.0279404743294414,True,0.1269214800241798,1.7518345524727408,1,STOP,True,2.9720595256705584,7.738292073216832,0.0,False,,,,,,,,,,,,,,,,False,,,,,,,,,,,,,,,,False,,,,,,,,,,,,,,,,False,,False,,False,,False,,,,,,,,,,,,,,,,False,,,,,,,,,,,,,,,,False,,,,,,,,,,,,,,,,False,,False,,False,,,,,,,,,,,,,,,,,,,,,,,,,,,,,,,,,,,,,,,,,,,,,,,,,,,,,,,,,,,,,,,,,,,,,,,,,,,,,,,,,,,,,,False,,,,,,,,,B1,5,1,2018-01-01,2019-12-31,2020-01-01,2020-12-31,B1,5,unfilled_1m,-1.0279404743294414
1956,2020-08-18 14:45:00+00:00,2020-08-18 10:00:00-05:00,2020-08-18 10:00:00-05:00,L,Long,A,55.184327592687666,11127.727416120408,11108.75969671043,11184.630574350344,1.5577826327422255,True,1.8200703591930258,0.0,0,TIME,True,2.9617771654920944,11.243976108555946,0.0,False,,,,,,,,,,,,,,,,True,7.0,2.9969343351929645,3.0,0.027485270683766962,0.002114251591058997,11345.25,2020-08-18 10:07:00-05:00,0.0,TARGET,1.1702365848197627,1.3410879233664044,0.0006192137494911788,1.20079644662276,,True,True,7.0,2.9969343351929645,3.0,0.027485270683766962,0.002114251591058997,11345.25,2020-08-18 10:07:00-05:00,0.0,TARGET,1.1702365848197627,1.3410879233664044,0.0006192137494911788,1.20079644662276,,True,False,,False,,False,,False,,,,,,,,,,,,,,,,True,7.0,2.9969343351929645,3.0,0.027485270683766962,0.002114251591058997,11345.25,2020-08-18 10:07:00-05:00,0.0,TARGET,1.1702365848197627,1.3410879233664044,0.0006192137494911788,1.20079644662276,,True,True,7.0,2.9969343351929645,3.0,0.027485270683766962,0.002114251591058997,11345.25,2020-08-18 10:07:00-05:00,0.0,TARGET,1.1702365848197627,1.3410879233664044,0.0006192137494911788,1.20079644662276,,True,False,,False,,True,14.0,,,,,,,,,,,,,,,,,,,,,,,,,,,,,,,,,,,,,,,,,,,2.996931090970065,3.0,0.003174733479243335,0.01904840087546001,11345.0,2020-08-18 10:14:00-05:00,0.0,TARGET,0.8092874568856734,0.9909353110836424,-0.000178296421433305,0.8021345785041274,,True,,,,,,,,,,,,,,,,,,,,,,,,,,,,,False,,,,,,,,,B1,5,1,2018-01-01,2019-12-31,2020-01-01,2020-12-31,B1,5,unfilled_1m,1.5577826327422255
1959,2020-08-19 18:15:00+00:00,2020-08-19 13:30:00-05:00,2020-08-19 13:30:00-05:00,S,Short,A+,94.69574291641288,11178.138013991347,11195.042916551613,11127.423306310551,1.9765280439938104,True,2.803211306448572,0.5538030151476887,0,TIME,True,-1.0428869671040932,0.0,10.107244652818105,False,,,,,,,,,,,,,,,,False,,,,,,,,,,,,,,,,False,,,,,,,,,,,,,,,,False,,False,,False,,False,,,,,,,,,,,,,,,,False,,,,,,,,,,,,,,,,False,,,,,,,,,,,,,,,,False,,False,,False,,,,,,,,,,,,,,,,,,,,,,,,,,,,,,,,,,,,,,,,,,,,,,,,,,,,,,,,,,,,,,,,,,,,,,,,,,,,,,,,,,,,,,False,,,,,,,,,B1,5,1,2018-01-01,2019-12-31,2020-01-01,2020-12-31,B1,5,unfilled_1m,1.9765280439938104
1972,2020-08-26 16:45:00+00:00,2020-08-26 12:00:00-05:00,2020-08-26 12:00:00-05:00,S,Short,B,39.82568032840462,11705.5,11723.443614094564,11651.669157716313,-1.0404043464253756,True,0.013932533250129516,1.4768485245137288,1,STOP,True,-1.0404043464253756,0.0,11.438609798356334,False,,,,,,,,,,,,,,,,False,,,,,,,,,,,,,,,,False,,,,,,,,,,,,,,,,False,,False,,False,,False,,,,,,,,,,,,,,,,False,,,,,,,,,,,,,,,,False,,,,,,,,,,,,,,,,False,,False,,False,,,,,,,,,,,,,,,,,,,,,,,,,,,,,,,,,,,,,,,,,,,,,,,,,,,,,,,,,,,,,,,,,,,,,,,,,,,,,,,,,,,,,,False,,,,,,,,,B1,5,1,2018-01-01,2019-12-31,2020-01-01,2020-12-31,B1,5,unfilled_1m,-1.0404043464253756
1974,2020-08-26 19:15:00+00:00,2020-08-26 14:30:00-05:00,2020-08-26 14:30:00-05:00,RL,Long,A+,65.89274237987864,11734.828000022357,11711.57049986666,11792.9717504116,2.4688272602323327,True,2.6194560709364363,0.024852199010526838,0,TARGET,True,2.4688272602323327,9.466709599213736,0.0,False,,,,,,,,,,,,,,,,False,,,,,,,,,,,,,,,,True,15.0,2.4969624538362325,2.5,0.01885373480959217,0.004189718846576038,11950.25,2020-08-26 14:45:00-05:00,0.0,TARGET,1.0323709536307963,1.123021438589461,0.0005834557656471475,1.0435187340004655,,True,False,,False,,True,15.0,False,,,,,,,,,,,,,,,,False,,,,,,,,,,,,,,,,False,,,,,,,,,,,,,,,,False,,False,,False,,,,,,,,,,,,,,,,2.4969624538362325,2.5,0.01885373480959217,0.004189718846576038,11950.25,2020-08-26 14:45:00-05:00,0.0,TARGET,1.0323709536307963,1.123021438589461,0.0005834557656471475,1.0435187340004655,,True,,,,,,,,,,,,,,,,,,,,,,,,,,,,,,,,,,,,,,,,,,,,,,,,,,,,,,,,,False,,,,,,,,,B1,5,1,2018-01-01,2019-12-31,2020-01-01,2020-12-31,B1,5,unfilled_1m,2.4688272602323327
1979,2020-08-31 15:00:00+00:00,2020-08-31 10:15:00-05:00,2020-08-31 10:15:00-05:00,L,Long,B,39.625332838697936,11886.75,11869.989874517158,11937.030376448529,-1.0432574326929829,True,0.611570600142172,4.057248859479775,0,STOP,True,2.956742567307017,12.097164797934182,0.0,False,,,,,,,,,,,,,,,,False,,,,,,,,,,,,,,,,False,,,,,,,,,,,,,,,,False,,False,,False,,False,,,,,,,,,,,,,,,,False,,,,,,,,,,,,,,,,False,,,,,,,,,,,,,,,,False,,False,,False,,,,,,,,,,,,,,,,,,,,,,,,,,,,,,,,,,,,,,,,,,,,,,,,,,,,,,,,,,,,,,,,,,,,,,,,,,,,,,,,,,,,,,False,,,,,,,,,B1,5,1,2018-01-01,2019-12-31,2020-01-01,2020-12-31,B1,5,unfilled_1m,-1.0432574326929829
1998,2020-09-10 15:00:00+00:00,2020-09-10 10:15:00-05:00,2020-09-10 10:15:00-05:00,S,Short,B,40.82892465057227,11252.0,11293.238836966724,11128.283489099826,-1.0175805151969977,True,1.194262584071904,1.176075844212941,0,STOP,True,-1.0175805151969977,0.0,4.946793241637938,False,,,,,,,,,,,,,,,,False,,,,,,,,,,,,,,,,False,,,,,,,,,,,,,,,,False,,False,,False,,False,,,,,,,,,,,,,,,,False,,,,,,,,,,,,,,,,False,,,,,,,,,,,,,,,,False,,False,,False,,,,,,,,,,,,,,,,,,,,,,,,,,,,,,,,,,,,,,,,,,,,,,,,,,,,,,,,,,,,,,,,,,,,,,,,,,,,,,,,,,,,,,False,,,,,,,,,B1,5,1,2018-01-01,2019-12-31,2020-01-01,2020-12-31,B1,5,unfilled_1m,-1.0175805151969977
2002,2020-09-11 15:30:00+00:00,2020-09-11 10:45:00-05:00,2020-09-11 10:45:00-05:00,S,Short,A+,75.64845133884384,10956.95605099654,10998.311231556345,10832.890509317136,2.562703138081481,True,2.9006293618538614,0.4725876840314414,0,TIME,True,-1.017531056331662,0.0,4.84930657510843,False,,,,,,,,,,,,,,,,True,6.0,0.9949978876750161,1.0,0.02932272742231962,0.025872994784399663,11143.25,2020-09-11 10:51:00-05:00,0.0,STOP,1.1729559748427674,1.6231505657093124,0.0011042060056796197,1.1934090545512717,,True,True,6.0,0.9949978876750161,1.0,0.02932272742231962,0.025872994784399663,11143.25,2020-09-11 10:51:00-05:00,0.0,STOP,1.1729559748427674,1.6231505657093124,0.0011042060056796197,1.1934090545512717,,True,False,,True,6.0,True,6.0,False,,,,,,,,,,,,,,,,False,,,,,,,,,,,,,,,,True,13.0,0.9945050267745252,1.0,0.11558391957033129,0.0037896367072239767,11130.25,2020-09-11 10:58:00-05:00,0.0,STOP,1.2300123001230012,1.4342453662842012,0.001517647983371427,1.2336306699563484,,True,False,,True,7.0,True,7.0,0.9949978876750161,1.0,0.02932272742231962,0.025872994784399663,11143.25,2020-09-11 10:51:00-05:00,0.0,STOP,1.1729559748427674,1.6231505657093124,0.0011042060056796197,1.1934090545512717,,True,0.9949978876750161,1.0,0.02932272742231962,0.025872994784399663,11143.25,2020-09-11 10:51:00-05:00,0.0,STOP,1.1729559748427674,1.6231505657093124,0.0011042060056796197,1.1934090545512717,,True,0.9949892447921255,1.0,0.03110123922129032,0.019006312857455195,11143.0,2020-09-11 10:52:00-05:00,0.0,STOP,1.0739957716701902,1.2397500976181177,2.409520946922197e-05,0.9984276729559748,,True,0.9949892447921255,1.0,0.03110123922129032,0.019006312857455195,11143.0,2020-09-11 10:52:00-05:00,0.0,STOP,1.0739957716701902,1.2397500976181177,2.409520946922197e-05,0.9984276729559748,,True,,,,,,,,,,,,,,,,,,,,,,,,,,,,,False,,,,,,,,,B1,5,1,2018-01-01,2019-12-31,2020-01-01,2020-12-31,B1,5,unfilled_1m,2.562703138081481
2013,2020-09-16 14:45:00+00:00,2020-09-16 10:00:00-05:00,2020-09-16 10:00:00-05:00,S,Short,A,51.485160175143406,11189.5,11212.545266463309,11120.364200610082,-1.0314598228297471,True,0.10848214768878338,1.670625074407264,1,STOP,True,-1.0314598228297471,0.0,8.27718786865417,False,,,,,,,,,,,,,,,,True,10.0,0.9956509933184325,1.0,0.044989724292077524,0.0284934920516491,11379.25,2020-09-16 10:10:00-05:00,0.0,STOP,0.9400105835377881,1.0480583565758421,0.0005778965054134746,0.9352414684344038,,True,True,10.0,0.9956509933184325,1.0,0.044989724292077524,0.0284934920516491,11379.25,2020-09-16 10:10:00-05:00,0.0,STOP,0.9400105835377881,1.0480583565758421,0.0005778965054134746,0.9352414684344038,,True,False,,True,10.0,True,10.0,False,,,,,,,,,,,,,,,,False,,,,,,,,,,,,,,,,False,,,,,,,,,,,,,,,,False,,False,,True,11.0,0.9956509933184325,1.0,0.044989724292077524,0.0284934920516491,11379.25,2020-09-16 10:10:00-05:00,0.0,STOP,0.9400105835377881,1.0480583565758421,0.0005778965054134746,0.9352414684344038,,True,0.9956509933184325,1.0,0.044989724292077524,0.0284934920516491,11379.25,2020-09-16 10:10:00-05:00,0.0,STOP,0.9400105835377881,1.0480583565758421,0.0005778965054134746,0.9352414684344038,,True,,,,,,,,,,,,,,,0.9956897764720644,1.0,0.004458851925450707,0.05499250708055872,11380.75,2020-09-16 10:11:00-05:00,0.0,STOP,1.1042765084944346,1.1066536203522506,-0.00014556449350715207,1.0881801125703565,,True,,,,,,,,,,,,,,,,,,,,,,,,,,,,,False,,,,,,,,,B1,5,1,2018-01-01,2019-12-31,2020-01-01,2020-12-31,B1,5,unfilled_1m,-1.0314598228297471
2015,2020-09-16 19:00:00+00:00,2020-09-16 14:15:00-05:00,2020-09-16 14:15:00-05:00,RS,Short,A+,100.0,11179.320052180632,11209.87683163695,11102.928103539836,2.4762736776290044,True,2.9639920761317904,0.0,0,TARGET,True,-1.0237263223709954,0.0,3.949367373347895,False,,,,,,,,,,,,,,,,True,7.0,0.9920871542323527,1.0,0.08458559268864367,0.06002848513387615,11301.5,2020-09-16 14:22:00-05:00,0.0,STOP,0.7702431687139635,0.9546372533789032,0.0006809381326207674,0.7774790447572355,,True,True,7.0,0.9920871542323527,1.0,0.08458559268864367,0.06002848513387615,11301.5,2020-09-16 14:22:00-05:00,0.0,STOP,0.7702431687139635,0.9546372533789032,0.0006809381326207674,0.7774790447572355,,True,False,,True,7.0,True,7.0,False,,,,,,,,,,,,,,,,False,,,,,,,,,,,,,,,,False,,,,,,,,,,,,,,,,False,,True,8.0,True,8.0,0.9920871542323527,1.0,0.08458559268864367,0.06002848513387615,11301.5,2020-09-16 14:22:00-05:00,0.0,STOP,0.7702431687139635,0.9546372533789032,0.0006809381326207674,0.7774790447572355,,True,0.9920871542323527,1.0,0.08458559268864367,0.06002848513387615,11301.5,2020-09-16 14:22:00-05:00,0.0,STOP,0.7702431687139635,0.9546372533789032,0.0006809381326207674,0.7774790447572355,,True,0.9920655044255511,1.0,0.23529883427676138,0.013680164783532638,11301.25,2020-09-16 14:23:00-05:00,0.0,STOP,0.7331496331155763,0.9440280656992505,1.6217971798358284e-05,0.7420406116821259,,True,0.9920655044255511,1.0,0.23529883427676138,0.013680164783532638,11301.25,2020-09-16 14:23:00-05:00,0.0,STOP,0.7331496331155763,0.9440280656992505,1.6217971798358284e-05,0.7420406116821259,,True,,,,,,,,,,,,,,,,,,,,,,,,,,,,,False,,,,,,,,,B1,5,1,2018-01-01,2019-12-31,2020-01-01,2020-12-31,B1,5,unfilled_1m,2.4762736776290044
2019,2020-09-18 15:00:00+00:00,2020-09-18 10:15:00-05:00,2020-09-18 10:15:00-05:00,S,Short,A+,93.3299977461521,10758.5,10788.655942014631,10668.032173956106,-1.0240416963147176,True,0.4062217653176419,1.0031190531313199,1,STOP,True,-1.0240416963147176,0.0,6.781416408772063,False,,,,,,,,,,,,,,,,False,,,,,,,,,,,,,,,,True,13.0,0.9955064970532367,1.0,0.04338554569288687,0.04183606191814091,10950.0,2020-09-18 10:28:00-05:00,0.0,STOP,1.1401522947108458,1.4101476327846598,0.0014299025472373661,1.1700929315685722,,True,False,,False,,True,13.0,False,,,,,,,,,,,,,,,,False,,,,,,,,,,,,,,,,False,,,,,,,,,,,,,,,,False,,False,,True,14.0,,,,,,,,,,,,,,,0.9955064970532367,1.0,0.04338554569288687,0.04183606191814091,10950.0,2020-09-18 10:28:00-05:00,0.0,STOP,1.1401522947108458,1.4101476327846598,0.0014299025472373661,1.1700929315685722,,True,,,,,,,,,,,,,,,0.9955341759409184,1.0,0.0939362991737857,0.009239635984306788,10951.0,2020-09-18 10:29:00-05:00,0.0,STOP,0.8040372353121698,0.9861157577785213,-7.342805801941462e-05,0.8088083967894628,,True,,,,,,,,,,,,,,,,,,,,,,,,,,,,,False,,,,,,,,,B1,5,1,2018-01-01,2019-12-31,2020-01-01,2020-12-31,B1,5,unfilled_1m,-1.0240416963147176
2021,2020-09-18 17:30:00+00:00,2020-09-18 12:45:00-05:00,2020-09-18 12:45:00-05:00,S,Short,B,44.826378448478174,10617.5,10655.019441451916,10504.941675644255,-1.019323315378486,True,0.34648703437285006,1.2993263788981877,1,STOP,True,-1.019323315378486,0.0,5.064041271603193,False,,,,,,,,,,,,,,,,False,,,,,,,,,,,,,,,,False,,,,,,,,,,,,,,,,False,,False,,False,,False,,,,,,,,,,,,,,,,False,,,,,,,,,,,,,,,,False,,,,,,,,,,,,,,,,False,,False,,False,,,,,,,,,,,,,,,,,,,,,,,,,,,,,,,,,,,,,,,,,,,,,,,,,,,,,,,,,,,,,,,,,,,,,,,,,,,,,,,,,,,,,,False,,,,,,,,,B1,5,1,2018-01-01,2019-12-31,2020-01-01,2020-12-31,B1,5,unfilled_1m,-1.019323315378486
2022,2020-09-21 16:00:00+00:00,2020-09-21 11:15:00-05:00,2020-09-21 11:15:00-05:00,L,Long,A+,75.36484759370299,10625.25,10584.427579684694,10747.717260945916,0.5211596920436196,True,1.083963166765225,0.5327954548507039,0,TIME,True,2.9822401515049766,4.513451152011135,0.0,False,,,,,,,,,,,,,,,,False,,,,,,,,,,,,,,,,True,11.0,2.9970774663339097,3.0,0.061473984010866234,0.003023310689058995,10832.5,2020-09-21 11:26:00-05:00,0.0,TARGET,1.618663594470046,1.632907189108418,0.00220704749309554,1.6390983709012126,,True,False,,False,,True,11.0,False,,,,,,,,,,,,,,,,False,,,,,,,,,,,,,,,,True,11.0,2.9970774663339097,3.0,0.061473984010866234,0.003023310689058995,10832.5,2020-09-21 11:26:00-05:00,0.0,TARGET,1.618663594470046,1.632907189108418,0.00220704749309554,1.6390983709012126,,True,False,,False,,False,,,,,,,,,,,,,,,,2.9970774663339097,3.0,0.061473984010866234,0.003023310689058995,10832.5,2020-09-21 11:26:00-05:00,0.0,TARGET,1.618663594470046,1.632907189108418,0.00220704749309554,1.6390983709012126,,True,,,,,,,,,,,,,,,,,,,,,,,,,,,,,,,,,,,,,,,,,,,,,,,,,,,,,,,,,False,,,,,,,,,B1,5,1,2018-01-01,2019-12-31,2020-01-01,2020-12-31,B1,5,unfilled_1m,0.5211596920436196
2025,2020-09-22 15:30:00+00:00,2020-09-22 10:45:00-05:00,2020-09-22 10:45:00-05:00,RL,Long,A,58.524650269935776,10796.259669700114,10765.281612860035,10873.704811800306,2.2117375099926737,True,2.3077732302238747,0.0,0,TIME,True,2.476596337086514,6.907803527012483,0.0,False,,,,,,,,,,,,,,,,False,,,,,,,,,,,,,,,,True,11.0,2.4969913065833866,2.5,0.01659968781579896,0.009337324396386916,11006.25,2020-09-22 10:56:00-05:00,0.0,TARGET,0.7327236948720917,0.9738461538461538,0.00019977471061883954,0.7103978452387633,,True,False,,False,,True,11.0,False,,,,,,,,,,,,,,,,False,,,,,,,,,,,,,,,,False,,,,,,,,,,,,,,,,False,,False,,True,12.0,,,,,,,,,,,,,,,2.4969913065833866,2.5,0.01659968781579896,0.009337324396386916,11006.25,2020-09-22 10:56:00-05:00,0.0,TARGET,0.7327236948720917,0.9738461538461538,0.00019977471061883954,0.7103978452387633,,True,,,,,,,,,,,,,,,2.497000641909876,2.5,0.041370456415504686,0.0,11007.0,2020-09-22 10:57:00-05:00,0.0,TARGET,0.5874243241623209,0.8077810748433893,4.002891476410234e-05,0.567195277231161,,True,,,,,,,,,,,,,,,,,,,,,,,,,,,,,False,,,,,,,,,B1,5,1,2018-01-01,2019-12-31,2020-01-01,2020-12-31,B1,5,unfilled_1m,2.2117375099926737
2032,2020-09-25 14:45:00+00:00,2020-09-25 10:00:00-05:00,2020-09-25 10:00:00-05:00,L,Long,A+,68.39521681848983,10783.75,10751.246200492196,10881.261398523411,-0.0223050846663614,True,2.045914662500742,0.6230040889569929,0,TIME,True,2.9776949153336387,5.914693140838611,0.0,False,,,,,,,,,,,,,,,,True,10.0,2.9967232201136755,3.0,0.04632688804803318,0.009039392789860132,10972.5,2020-09-25 10:10:00-05:00,0.0,TARGET,1.1965988147384694,1.3831308077198,0.0007365699564082196,1.2165348142714936,,True,True,10.0,2.9967232201136755,3.0,0.04632688804803318,0.009039392789860132,10972.5,2020-09-25 10:10:00-05:00,0.0,TARGET,1.1965988147384694,1.3831308077198,0.0007365699564082196,1.2165348142714936,,True,False,,True,10.0,True,10.0,False,,,,,,,,,,,,,,,,True,10.0,2.9967232201136755,3.0,0.04632688804803318,0.009039392789860132,10972.5,2020-09-25 10:10:00-05:00,0.0,TARGET,1.1965988147384694,1.3831308077198,0.0007365699564082196,1.2165348142714936,,True,True,10.0,2.9967232201136755,3.0,0.04632688804803318,0.009039392789860132,10972.5,2020-09-25 10:10:00-05:00,0.0,TARGET,1.1965988147384694,1.3831308077198,0.0007365699564082196,1.2165348142714936,,True,False,,False,,True,11.0,2.9967232201136755,3.0,0.04632688804803318,0.009039392789860132,10972.5,2020-09-25 10:10:00-05:00,0.0,TARGET,1.1965988147384694,1.3831308077198,0.0007365699564082196,1.2165348142714936,,True,2.9967232201136755,3.0,0.04632688804803318,0.009039392789860132,10972.5,2020-09-25 10:10:00-05:00,0.0,TARGET,1.1965988147384694,1.3831308077198,0.0007365699564082196,1.2165348142714936,,True,,,,,,,,,,,,,,,2.996834113662925,3.0,0.0775096310111446,0.017466959101103005,10980.25,2020-09-25 10:11:00-05:00,0.0,TARGET,0.9110809965599918,1.0205511443250819,0.0006435067417034138,0.9007987632053595,,True,,,,,,,,,,,,,,,,,,,,,,,,,,,,,False,,,,,,,,,B1,5,1,2018-01-01,2019-12-31,2020-01-01,2020-12-31,B1,5,unfilled_1m,-0.0223050846663614
2036,2020-09-28 20:30:00+00:00,2020-09-28 15:45:00-05:00,2020-09-28 15:45:00-05:00,L,Long,A,55.37658750265837,11219.665292582073,11196.857897814063,11288.0874768861,-0.0609579742103085,True,0.5079364625273408,0.8403104684694004,0,TIME,True,2.968212064228532,8.071272904704182,0.0,False,,,,,,,,,,,,,,,,False,,,,,,,,,,,,,,,,False,,,,,,,,,,,,,,,,False,,False,,False,,False,,,,,,,,,,,,,,,,False,,,,,,,,,,,,,,,,False,,,,,,,,,,,,,,,,False,,False,,False,,,,,,,,,,,,,,,,,,,,,,,,,,,,,,,,,,,,,,,,,,,,,,,,,,,,,,,,,,,,,,,,,,,,,,,,,,,,,,,,,,,,,,False,,,,,,,,,B1,5,1,2018-01-01,2019-12-31,2020-01-01,2020-12-31,B1,5,unfilled_1m,-0.0609579742103085
2037,2020-09-29 14:45:00+00:00,2020-09-29 10:00:00-05:00,2020-09-29 10:00:00-05:00,S,Short,A,49.232610335505605,11135.5,11157.444103815493,11069.66768855352,-1.0330384875179155,True,0.7974807331910636,1.1050804445647595,0,STOP,True,-1.0330384875179155,0.0,8.715325155588053,False,,,,,,,,,,,,,,,,False,,,,,,,,,,,,,,,,True,14.0,0.9957178100920365,1.0,0.00147661720964256,0.07678409490141312,11326.75,2020-09-29 10:14:00-05:00,0.0,STOP,1.3514846601558645,1.652194886637723,0.0009240818841773214,1.3517513566847559,,True,False,,False,,True,14.0,False,,,,,,,,,,,,,,,,False,,,,,,,,,,,,,,,,True,14.0,0.9957178100920365,1.0,0.00147661720964256,0.07678409490141312,11326.75,2020-09-29 10:14:00-05:00,0.0,STOP,1.3514846601558645,1.652194886637723,0.0009240818841773214,1.3517513566847559,,True,False,,False,,False,,,,,,,,,,,,,,,,0.9957178100920365,1.0,0.00147661720964256,0.07678409490141312,11326.75,2020-09-29 10:14:00-05:00,0.0,STOP,1.3514846601558645,1.652194886637723,0.0009240818841773214,1.3517513566847559,,True,,,,,,,,,,,,,,,,,,,,,,,,,,,,,,,,,,,,,,,,,,,,,,,,,,,,,,,,,False,,,,,,,,,B1,5,1,2018-01-01,2019-12-31,2020-01-01,2020-12-31,B1,5,unfilled_1m,-1.0330384875179155
2040,2020-09-30 15:15:00+00:00,2020-09-30 10:30:00-05:00,2020-09-30 10:30:00-05:00,L,Long,B,40.25606992675279,11287.75,11261.23707665018,11367.288770049465,0.8590150433243465,True,1.1220942936948106,0.7354903773797918,0,TIME,True,2.972654844943572,7.03430540417083,0.0,False,,,,,,,,,,,,,,,,False,,,,,,,,,,,,,,,,True,13.0,2.996497803188959,3.0,0.032606659964863956,0.007245924436636435,11468.25,2020-09-30 10:43:00-05:00,0.0,TARGET,1.0902340234023402,1.2262718299164768,0.0010229121319288515,1.111493461803166,,True,False,,False,,True,13.0,False,,,,,,,,,,,,,,,,False,,,,,,,,,,,,,,,,True,13.0,2.996497803188959,3.0,0.032606659964863956,0.007245924436636435,11468.25,2020-09-30 10:43:00-05:00,0.0,TARGET,1.0902340234023402,1.2262718299164768,0.0010229121319288515,1.111493461803166,,True,False,,False,,True,14.0,,,,,,,,,,,,,,,2.996497803188959,3.0,0.032606659964863956,0.007245924436636435,11468.25,2020-09-30 10:43:00-05:00,0.0,TARGET,1.0902340234023402,1.2262718299164768,0.0010229121319288515,1.111493461803166,,True,,,,,,,,,,,,,,,2.996576360070349,3.0,0.003541696478948993,0.030694702817557935,11473.0,2020-09-30 10:44:00-05:00,0.0,TARGET,1.098815548017572,1.1475029036004645,0.00045511510937452183,1.1116111611161117,,True,,,,,,,,,,,,,,,,,,,,,,,,,,,,,False,,,,,,,,,B1,5,1,2018-01-01,2019-12-31,2020-01-01,2020-12-31,B1,5,unfilled_1m,0.8590150433243465
2043,2020-10-01 15:30:00+00:00,2020-10-01 10:45:00-05:00,2020-10-01 10:45:00-05:00,L,Long,A,52.91048234775677,11358.826389800572,11334.38813940374,11432.141140991069,-1.0296666082157009,True,0.39583890181772047,1.5682951593597028,1,STOP,True,2.9703333917842993,7.863640280252715,0.0,False,,,,,,,,,,,,,,,,False,,,,,,,,,,,,,,,,False,,,,,,,,,,,,,,,,False,,False,,False,,False,,,,,,,,,,,,,,,,False,,,,,,,,,,,,,,,,False,,,,,,,,,,,,,,,,False,,False,,False,,,,,,,,,,,,,,,,,,,,,,,,,,,,,,,,,,,,,,,,,,,,,,,,,,,,,,,,,,,,,,,,,,,,,,,,,,,,,,,,,,,,,,False,,,,,,,,,B1,5,1,2018-01-01,2019-12-31,2020-01-01,2020-12-31,B1,5,unfilled_1m,-1.0296666082157009
2045,2020-10-01 19:30:00+00:00,2020-10-01 14:45:00-05:00,2020-10-01 14:45:00-05:00,RS,Short,B,37.010661249365725,11375.28282096804,11401.103353512057,11310.731489607995,-1.0280784293958327,True,0.708072962355503,1.5091547382119777,0,STOP,True,-1.0280784293958327,0.0,6.8634207574862875,False,,,,,,,,,,,,,,,,False,,,,,,,,,,,,,,,,False,,,,,,,,,,,,,,,,False,,False,,False,,False,,,,,,,,,,,,,,,,False,,,,,,,,,,,,,,,,False,,,,,,,,,,,,,,,,False,,False,,False,,,,,,,,,,,,,,,,,,,,,,,,,,,,,,,,,,,,,,,,,,,,,,,,,,,,,,,,,,,,,,,,,,,,,,,,,,,,,,,,,,,,,,False,,,,,,,,,B1,5,1,2018-01-01,2019-12-31,2020-01-01,2020-12-31,B1,5,unfilled_1m,-1.0280784293958327
2048,2020-10-02 20:00:00+00:00,2020-10-02 15:15:00-05:00,2020-10-02 15:15:00-05:00,S,Short,A+,64.05544539976088,11050.5,11089.749213358948,10932.752359923155,-1.0184717077860803,True,0.0,2.3439960225095025,1,STOP,True,-1.0184717077860803,0.0,5.146599962466516,False,,,,,,,,,,,,,,,,False,,,,,,,,,,,,,,,,False,,,,,,,,,,,,,,,,False,,False,,False,,False,,,,,,,,,,,,,,,,False,,,,,,,,,,,,,,,,False,,,,,,,,,,,,,,,,False,,False,,False,,,,,,,,,,,,,,,,,,,,,,,,,,,,,,,,,,,,,,,,,,,,,,,,,,,,,,,,,,,,,,,,,,,,,,,,,,,,,,,,,,,,,,False,,,,,,,,,B1,5,1,2018-01-01,2019-12-31,2020-01-01,2020-12-31,B1,5,unfilled_1m,-1.0184717077860803
2050,2020-10-06 14:45:00+00:00,2020-10-06 10:00:00-05:00,2020-10-06 10:00:00-05:00,S,Short,B,45.27715841259802,11265.5,11284.547200999554,11208.358397001335,2.9619366646040546,True,3.8063335395945352,0.8268931482567439,0,TARGET,True,-1.0380633353959454,0.0,10.040845371689032,False,,,,,,,,,,,,,,,,True,8.0,0.9951892068043284,1.0,0.05142572036752318,0.003317788410807947,11435.25,2020-10-06 10:08:00-05:00,0.0,STOP,1.1337249009698127,1.1472539624032436,0.0003221231742057417,1.1548629469876166,,True,True,8.0,0.9951892068043284,1.0,0.05142572036752318,0.003317788410807947,11435.25,2020-10-06 10:08:00-05:00,0.0,STOP,1.1337249009698127,1.1472539624032436,0.0003221231742057417,1.1548629469876166,,True,False,,True,8.0,True,8.0,False,,,,,,,,,,,,,,,,False,,,,,,,,,,,,,,,,False,,,,,,,,,,,,,,,,False,,False,,False,,0.9951892068043284,1.0,0.05142572036752318,0.003317788410807947,11435.25,2020-10-06 10:08:00-05:00,0.0,STOP,1.1337249009698127,1.1472539624032436,0.0003221231742057417,1.1548629469876166,,True,0.9951892068043284,1.0,0.05142572036752318,0.003317788410807947,11435.25,2020-10-06 10:08:00-05:00,0.0,STOP,1.1337249009698127,1.1472539624032436,0.0003221231742057417,1.1548629469876166,,True,,,,,,,,,,,,,,,,,,,,,,,,,,,,,,,,,,,,,,,,,,,,,,,,,,,,,,,,,False,,,,,,,,,B1,5,1,2018-01-01,2019-12-31,2020-01-01,2020-12-31,B1,5,unfilled_1m,2.9619366646040546
2052,2020-10-07 15:00:00+00:00,2020-10-07 10:15:00-05:00,2020-10-07 10:15:00-05:00,L,Long,A,49.00461548755671,11239.75,11220.2228420747,11298.331473775896,1.2815485026408466,True,1.4723084695674065,0.47369924673038294,0,TIME,True,2.9628722212022134,9.4227742052314,0.0,False,,,,,,,,,,,,,,,,False,,,,,,,,,,,,,,,,True,15.0,2.9966086180252556,3.0,0.03391381974744631,0.016372188843594773,11434.0,2020-10-07 10:30:00-05:00,0.0,TARGET,1.3527008624602814,1.1996779388083736,0.0007398114581066267,1.3802686428902269,,True,False,,False,,True,15.0,False,,,,,,,,,,,,,,,,False,,,,,,,,,,,,,,,,True,15.0,2.9966086180252556,3.0,0.03391381974744631,0.016372188843594773,11434.0,2020-10-07 10:30:00-05:00,0.0,TARGET,1.3527008624602814,1.1996779388083736,0.0007398114581066267,1.3802686428902269,,True,False,,False,,False,,,,,,,,,,,,,,,,2.9966086180252556,3.0,0.03391381974744631,0.016372188843594773,11434.0,2020-10-07 10:30:00-05:00,0.0,TARGET,1.3527008624602814,1.1996779388083736,0.0007398114581066267,1.3802686428902269,,True,,,,,,,,,,,,,,,,,,,,,,,,,,,,,,,,,,,,,,,,,,,,,,,,,,,,,,,,,False,,,,,,,,,B1,5,1,2018-01-01,2019-12-31,2020-01-01,2020-12-31,B1,5,unfilled_1m,1.2815485026408466
2068,2020-10-13 19:15:00+00:00,2020-10-13 14:30:00-05:00,2020-10-13 14:30:00-05:00,L,Long,A+,65.6162393525844,11939.47717841028,11906.448614481536,12038.562870196523,-1.0219506970258876,True,0.7500423464721679,1.5434270324395378,0,STOP,True,2.9780493029741124,6.0106404268141995,0.0,False,,,,,,,,,,,,,,,,False,,,,,,,,,,,,,,,,False,,,,,,,,,,,,,,,,False,,False,,False,,False,,,,,,,,,,,,,,,,False,,,,,,,,,,,,,,,,False,,,,,,,,,,,,,,,,False,,False,,False,,,,,,,,,,,,,,,,,,,,,,,,,,,,,,,,,,,,,,,,,,,,,,,,,,,,,,,,,,,,,,,,,,,,,,,,,,,,,,,,,,,,,,False,,,,,,,,,B1,5,1,2018-01-01,2019-12-31,2020-01-01,2020-12-31,B1,5,unfilled_1m,-1.0219506970258876
2078,2020-10-19 14:45:00+00:00,2020-10-19 10:00:00-05:00,2020-10-19 10:00:00-05:00,S,Short,B,43.9818292284919,11616.5,11641.401841045012,11541.79447686496,-1.0291143132224447,True,0.18070953034620857,1.2248090390131914,1,STOP,True,-1.0291143132224447,0.0,7.880943406765207,False,,,,,,,,,,,,,,,,False,,,,,,,,,,,,,,,,False,,,,,,,,,,,,,,,,False,,False,,False,,False,,,,,,,,,,,,,,,,False,,,,,,,,,,,,,,,,False,,,,,,,,,,,,,,,,False,,False,,False,,,,,,,,,,,,,,,,,,,,,,,,,,,,,,,,,,,,,,,,,,,,,,,,,,,,,,,,,,,,,,,,,,,,,,,,,,,,,,,,,,,,,,False,,,,,,,,,B1,5,1,2018-01-01,2019-12-31,2020-01-01,2020-12-31,B1,5,unfilled_1m,-1.0291143132224447
2087,2020-10-22 14:45:00+00:00,2020-10-22 10:00:00-05:00,2020-10-22 10:00:00-05:00,S,Short,B,40.8433660577835,11383.25,11409.199493025664,11305.401520923006,-1.027938888797672,True,0.6936551701491007,1.5029195353230516,0,STOP,True,-1.0279388887976721,0.0,7.880693460860616,False,,,,,,,,,,,,,,,,True,6.0,0.995420103107329,1.0,0.08686011348169084,0.020530572277490562,11567.5,2020-10-22 10:06:00-05:00,0.0,STOP,0.5880148987283186,1.0609193574041673,0.0006727714015197911,0.5755457761670549,,True,True,6.0,0.995420103107329,1.0,0.08686011348169084,0.020530572277490562,11567.5,2020-10-22 10:06:00-05:00,0.0,STOP,0.5880148987283186,1.0609193574041673,0.0006727714015197911,0.5755457761670549,,True,False,,True,6.0,True,6.0,False,,,,,,,,,,,,,,,,True,6.0,0.995420103107329,1.0,0.08686011348169084,0.020530572277490562,11567.5,2020-10-22 10:06:00-05:00,0.0,STOP,0.5880148987283186,1.0609193574041673,0.0006727714015197911,0.5755457761670549,,True,True,6.0,0.995420103107329,1.0,0.08686011348169084,0.020530572277490562,11567.5,2020-10-22 10:06:00-05:00,0.0,STOP,0.5880148987283186,1.0609193574041673,0.0006727714015197911,0.5755457761670549,,True,False,,False,,False,,0.995420103107329,1.0,0.08686011348169084,0.020530572277490562,11567.5,2020-10-22 10:06:00-05:00,0.0,STOP,0.5880148987283186,1.0609193574041673,0.0006727714015197911,0.5755457761670549,,True,0.995420103107329,1.0,0.08686011348169084,0.020530572277490562,11567.5,2020-10-22 10:06:00-05:00,0.0,STOP,0.5880148987283186,1.0609193574041673,0.0006727714015197911,0.5755457761670549,,True,,,,,,,,,,,,,,,,,,,,,,,,,,,,,,,,,,,,,,,,,,,,,,,,,,,,,,,,,False,,,,,,,,,B1,5,1,2018-01-01,2019-12-31,2020-01-01,2020-12-31,B1,5,unfilled_1m,-1.027938888797672
2089,2020-10-22 17:00:00+00:00,2020-10-22 12:15:00-05:00,2020-10-22 12:15:00-05:00,L,Long,A+,82.80466006243726,11431.904816020538,11403.41145444893,11517.384900735367,1.3729578337447257,True,1.8985188477502184,0.0,0,TIME,True,2.974555476784375,7.724437266776049,0.0,False,,,,,,,,,,,,,,,,False,,,,,,,,,,,,,,,,False,,,,,,,,,,,,,,,,False,,False,,False,,False,,,,,,,,,,,,,,,,False,,,,,,,,,,,,,,,,False,,,,,,,,,,,,,,,,False,,False,,False,,,,,,,,,,,,,,,,,,,,,,,,,,,,,,,,,,,,,,,,,,,,,,,,,,,,,,,,,,,,,,,,,,,,,,,,,,,,,,,,,,,,,,False,,,,,,,,,B1,5,1,2018-01-01,2019-12-31,2020-01-01,2020-12-31,B1,5,unfilled_1m,1.3729578337447257
2098,2020-10-27 19:30:00+00:00,2020-10-27 14:45:00-05:00,2020-10-27 14:45:00-05:00,L,Long,A+,70.09549718410946,11412.72355044922,11388.385431249297,11485.737908048992,-1.0297886617303724,True,1.1412734617088844,1.5499780463454595,0,STOP,True,2.9702113382696274,8.639798655906102,0.0,False,,,,,,,,,,,,,,,,False,,,,,,,,,,,,,,,,False,,,,,,,,,,,,,,,,False,,False,,False,,False,,,,,,,,,,,,,,,,False,,,,,,,,,,,,,,,,False,,,,,,,,,,,,,,,,False,,False,,False,,,,,,,,,,,,,,,,,,,,,,,,,,,,,,,,,,,,,,,,,,,,,,,,,,,,,,,,,,,,,,,,,,,,,,,,,,,,,,,,,,,,,,False,,,,,,,,,B1,5,1,2018-01-01,2019-12-31,2020-01-01,2020-12-31,B1,5,unfilled_1m,-1.0297886617303724
2102,2020-10-28 20:00:00+00:00,2020-10-28 15:15:00-05:00,2020-10-28 15:15:00-05:00,S,Short,A,53.33098161910231,10981.0,11014.90250599779,10879.29248200663,-0.7956638958122503,True,0.0368704307605306,0.8996385105569465,1,TIME,True,-1.0213848498411078,0.0,5.70016859557803,False,,,,,,,,,,,,,,,,False,,,,,,,,,,,,,,,,False,,,,,,,,,,,,,,,,False,,False,,False,,False,,,,,,,,,,,,,,,,False,,,,,,,,,,,,,,,,False,,,,,,,,,,,,,,,,False,,False,,False,,,,,,,,,,,,,,,,,,,,,,,,,,,,,,,,,,,,,,,,,,,,,,,,,,,,,,,,,,,,,,,,,,,,,,,,,,,,,,,,,,,,,,False,,,,,,,,,B1,5,1,2018-01-01,2019-12-31,2020-01-01,2020-12-31,B1,5,unfilled_1m,-0.7956638958122503
2103,2020-10-28 20:45:00+00:00,2020-10-28 16:00:00-05:00,2020-10-28 16:00:00-05:00,RL,Long,B,37.262662064146674,10991.674238837822,10959.57686121728,11071.91768288918,0.6340318951524783,True,0.8046065777550817,0.28582518317480327,0,TIME,True,2.4774124849521666,6.178877399480943,0.0,False,,,,,,,,,,,,,,,,False,,,,,,,,,,,,,,,,False,,,,,,,,,,,,,,,,False,,False,,False,,False,,,,,,,,,,,,,,,,False,,,,,,,,,,,,,,,,False,,,,,,,,,,,,,,,,False,,False,,False,,,,,,,,,,,,,,,,,,,,,,,,,,,,,,,,,,,,,,,,,,,,,,,,,,,,,,,,,,,,,,,,,,,,,,,,,,,,,,,,,,,,,,False,,,,,,,,,B1,5,1,2018-01-01,2019-12-31,2020-01-01,2020-12-31,B1,5,unfilled_1m,0.6340318951524783
2106,2020-10-29 17:30:00+00:00,2020-10-29 12:45:00-05:00,2020-10-29 12:45:00-05:00,L,Long,A,50.39902237934564,11182.25,11155.968322342778,11261.095032971663,2.9724142419880573,True,3.338827952479962,0.43756719605150496,0,TARGET,True,2.9724142419880573,7.143760092058265,0.0,False,,,,,,,,,,,,,,,,True,9.0,2.9967347001668867,3.0,0.020267378274496563,0.007881758217859774,11378.0,2020-10-29 12:54:00-05:00,0.0,TARGET,1.244579131616072,1.7765513126491648,0.001286598904343113,1.2594511711521177,,True,True,9.0,2.9967347001668867,3.0,0.020267378274496563,0.007881758217859774,11378.0,2020-10-29 12:54:00-05:00,0.0,TARGET,1.244579131616072,1.7765513126491648,0.001286598904343113,1.2594511711521177,,True,False,,True,9.0,True,9.0,False,,,,,,,,,,,,,,,,False,,,,,,,,,,,,,,,,False,,,,,,,,,,,,,,,,False,,False,,False,,2.9967347001668867,3.0,0.020267378274496563,0.007881758217859774,11378.0,2020-10-29 12:54:00-05:00,0.0,TARGET,1.244579131616072,1.7765513126491648,0.001286598904343113,1.2594511711521177,,True,2.9967347001668867,3.0,0.020267378274496563,0.007881758217859774,11378.0,2020-10-29 12:54:00-05:00,0.0,TARGET,1.244579131616072,1.7765513126491648,0.001286598904343113,1.2594511711521177,,True,,,,,,,,,,,,,,,,,,,,,,,,,,,,,,,,,,,,,,,,,,,,,,,,,,,,,,,,,False,,,,,,,,,B1,5,1,2018-01-01,2019-12-31,2020-01-01,2020-12-31,B1,5,unfilled_1m,2.9724142419880573
2110,2020-10-30 16:45:00+00:00,2020-10-30 12:00:00-05:00,2020-10-30 12:00:00-05:00,S,Short,A,60.98006785273506,10847.149185723032,10882.53878515192,10740.980387436372,1.16345441563324,True,1.9892620108484462,0.4620231520230383,0,TIME,True,-1.020486244877024,0.0,5.195052140852706,False,,,,,,,,,,,,,,,,True,10.0,0.9942213216978817,1.0,0.019926476903856277,0.021919124594241904,11008.0,2020-10-30 12:10:00-05:00,0.0,STOP,1.0181116707748366,1.3772107857349958,0.0008086302329888811,0.8845849434331207,,True,True,10.0,0.9942213216978817,1.0,0.019926476903856277,0.021919124594241904,11008.0,2020-10-30 12:10:00-05:00,0.0,STOP,1.0181116707748366,1.3772107857349958,0.0008086302329888811,0.8845849434331207,,True,False,,True,10.0,True,10.0,False,,,,,,,,,,,,,,,,True,10.0,0.9942213216978817,1.0,0.019926476903856277,0.021919124594241904,11008.0,2020-10-30 12:10:00-05:00,0.0,STOP,1.0181116707748366,1.3772107857349958,0.0008086302329888811,0.8845849434331207,,True,True,10.0,0.9942213216978817,1.0,0.019926476903856277,0.021919124594241904,11008.0,2020-10-30 12:10:00-05:00,0.0,STOP,1.0181116707748366,1.3772107857349958,0.0008086302329888811,0.8845849434331207,,True,False,,False,,True,11.0,0.9942213216978817,1.0,0.019926476903856277,0.021919124594241904,11008.0,2020-10-30 12:10:00-05:00,0.0,STOP,1.0181116707748366,1.3772107857349958,0.0008086302329888811,0.8845849434331207,,True,0.9942213216978817,1.0,0.019926476903856277,0.021919124594241904,11008.0,2020-10-30 12:10:00-05:00,0.0,STOP,1.0181116707748366,1.3772107857349958,0.0008086302329888811,0.8845849434331207,,True,,,,,,,,,,,,,,,0.9942328136684053,1.0,0.041762383780512946,0.025852904245079442,11008.25,2020-10-30 12:11:00-05:00,0.0,STOP,0.8330628583793142,1.1056863871338312,-1.891948715432242e-05,0.8252063015753939,,True,,,,,,,,,,,,,,,,,,,,,,,,,,,,,False,,,,,,,,,B1,5,1,2018-01-01,2019-12-31,2020-01-01,2020-12-31,B1,5,unfilled_1m,1.16345441563324
2120,2020-11-04 21:45:00+00:00,2020-11-04 16:00:00-06:00,2020-11-04 16:00:00-06:00,L,Long,B,37.523203338413666,11631.5,11593.434099771046,11745.697700686862,-1.0190459176228426,True,0.683026011301939,1.0508092481568292,0,STOP,True,2.9809540823771576,5.477343206017472,0.0,False,,,,,,,,,,,,,,,,False,,,,,,,,,,,,,,,,False,,,,,,,,,,,,,,,,False,,False,,False,,False,,,,,,,,,,,,,,,,False,,,,,,,,,,,,,,,,False,,,,,,,,,,,,,,,,False,,False,,False,,,,,,,,,,,,,,,,,,,,,,,,,,,,,,,,,,,,,,,,,,,,,,,,,,,,,,,,,,,,,,,,,,,,,,,,,,,,,,,,,,,,,,False,,,,,,,,,B1,5,1,2018-01-01,2019-12-31,2020-01-01,2020-12-31,B1,5,unfilled_1m,-1.0190459176228426
2129,2020-11-10 18:30:00+00:00,2020-11-10 12:45:00-06:00,2020-11-10 12:45:00-06:00,S,Short,B,37.72490560464853,11463.5,11510.32547739178,11323.023567824664,0.4596856497565308,True,1.537624473053204,0.9343204263344121,0,TIME,True,-1.0154830242078274,0.0,3.9348237383340674,False,,,,,,,,,,,,,,,,False,,,,,,,,,,,,,,,,True,11.0,0.994762488709808,1.0,0.027090575638924454,0.07585361178898847,11648.75,2020-11-10 12:56:00-06:00,0.0,STOP,0.7257794967292174,0.7966457023060797,0.0007779820953255623,0.7011393514460998,,True,False,,False,,True,11.0,False,,,,,,,,,,,,,,,,False,,,,,,,,,,,,,,,,True,11.0,0.994762488709808,1.0,0.027090575638924454,0.07585361178898847,11648.75,2020-11-10 12:56:00-06:00,0.0,STOP,0.7257794967292174,0.7966457023060797,0.0007779820953255623,0.7011393514460998,,True,False,,False,,True,13.0,,,,,,,,,,,,,,,0.994762488709808,1.0,0.027090575638924454,0.07585361178898847,11648.75,2020-11-10 12:56:00-06:00,0.0,STOP,0.7257794967292174,0.7966457023060797,0.0007779820953255623,0.7011393514460998,,True,,,,,,,,,,,,,,,0.9947813389141918,1.0,0.016195844749059916,0.06298384069078856,11649.25,2020-11-10 12:58:00-06:00,0.0,STOP,0.5373917606927315,0.5691418408181413,0.0002766436210425391,0.5106213224294405,,True,,,,,,,,,,,,,,,,,,,,,,,,,,,,,False,,,,,,,,,B1,5,1,2018-01-01,2019-12-31,2020-01-01,2020-12-31,B1,5,unfilled_1m,0.4596856497565308
2139,2020-11-16 19:00:00+00:00,2020-11-16 13:15:00-06:00,2020-11-16 13:15:00-06:00,L,Long,A,47.93122744113809,11794.150810010398,11770.921954580845,11863.83737629906,-1.03121118051635,True,0.46705658927122123,1.0074026282253166,1,STOP,True,2.96878881948365,8.00078981735572,0.0,False,,,,,,,,,,,,,,,,True,9.0,2.996640844341652,3.0,0.0011583295373614672,0.018533272597783475,11986.75,2020-11-16 13:24:00-06:00,0.0,TARGET,1.5632843313015417,2.1386527141922826,0.0011093370747867549,1.6494325346784364,,True,True,9.0,2.996640844341652,3.0,0.0011583295373614672,0.018533272597783475,11986.75,2020-11-16 13:24:00-06:00,0.0,TARGET,1.5632843313015417,2.1386527141922826,0.0011093370747867549,1.6494325346784364,,True,False,,True,9.0,True,9.0,False,,,,,,,,,,,,,,,,True,9.0,2.996640844341652,3.0,0.0011583295373614672,0.018533272597783475,11986.75,2020-11-16 13:24:00-06:00,0.0,TARGET,1.5632843313015417,2.1386527141922826,0.0011093370747867549,1.6494325346784364,,True,True,9.0,2.996640844341652,3.0,0.0011583295373614672,0.018533272597783475,11986.75,2020-11-16 13:24:00-06:00,0.0,TARGET,1.5632843313015417,2.1386527141922826,0.0011093370747867549,1.6494325346784364,,True,False,,False,,True,14.0,2.996640844341652,3.0,0.0011583295373614672,0.018533272597783475,11986.75,2020-11-16 13:24:00-06:00,0.0,TARGET,1.5632843313015417,2.1386527141922826,0.0011093370747867549,1.6494325346784364,,True,2.996640844341652,3.0,0.0011583295373614672,0.018533272597783475,11986.75,2020-11-16 13:24:00-06:00,0.0,TARGET,1.5632843313015417,2.1386527141922826,0.0011093370747867549,1.6494325346784364,,True,,,,,,,,,,,,,,,2.9965894878816366,3.0,0.01881661858407303,0.008232270630531951,11983.5,2020-11-16 13:29:00-06:00,0.0,TARGET,1.0966703799975244,0.8063341827448126,0.00013728973209792267,0.9733055036801055,,True,,,,,,,,,,,,,,,,,,,,,,,,,,,,,False,,,,,,,,,B1,5,1,2018-01-01,2019-12-31,2020-01-01,2020-12-31,B1,5,unfilled_1m,-1.03121118051635
2140,2020-11-17 15:45:00+00:00,2020-11-17 10:00:00-06:00,2020-11-17 10:00:00-06:00,L,Long,A,47.7108155884318,11842.97451991266,11826.223399092358,11893.227882373563,-1.0432806859778208,True,0.6581935743654006,3.5803287765660192,0,STOP,True,2.956719314022179,11.49328944329572,0.0,False,,,,,,,,,,,,,,,,False,,,,,,,,,,,,,,,,False,,,,,,,,,,,,,,,,False,,False,,False,,False,,,,,,,,,,,,,,,,False,,,,,,,,,,,,,,,,False,,,,,,,,,,,,,,,,False,,False,,False,,,,,,,,,,,,,,,,,,,,,,,,,,,,,,,,,,,,,,,,,,,,,,,,,,,,,,,,,,,,,,,,,,,,,,,,,,,,,,,,,,,,,,False,,,,,,,,,B1,5,1,2018-01-01,2019-12-31,2020-01-01,2020-12-31,B1,5,unfilled_1m,-1.0432806859778208
2143,2020-11-18 16:00:00+00:00,2020-11-18 10:15:00-06:00,2020-11-18 10:15:00-06:00,L,Long,B,39.76352301856657,11799.0,11781.751402161395,11850.745793515816,-1.042032402099221,True,0.08696359055011328,1.434899244076869,1,STOP,True,2.9579675979007787,10.667533774147229,0.0,False,,,,,,,,,,,,,,,,False,,,,,,,,,,,,,,,,True,14.0,2.9960597525822674,3.0,0.03260894414675337,0.017663178079491408,11965.75,2020-11-18 10:29:00-06:00,0.0,TARGET,0.48647384423481715,0.9017341040462428,0.00010166005145648271,0.47841754197653913,,True,False,,False,,True,14.0,False,,,,,,,,,,,,,,,,False,,,,,,,,,,,,,,,,True,14.0,2.9960597525822674,3.0,0.03260894414675337,0.017663178079491408,11965.75,2020-11-18 10:29:00-06:00,0.0,TARGET,0.48647384423481715,0.9017341040462428,0.00010166005145648271,0.47841754197653913,,True,False,,False,,True,15.0,,,,,,,,,,,,,,,2.9960597525822674,3.0,0.03260894414675337,0.017663178079491408,11965.75,2020-11-18 10:29:00-06:00,0.0,TARGET,0.48647384423481715,0.9017341040462428,0.00010166005145648271,0.47841754197653913,,True,,,,,,,,,,,,,,,2.996032801298753,3.0,0.013679995521540938,0.012311995969386844,11964.5,2020-11-18 10:30:00-06:00,0.0,TARGET,1.2832929782082325,2.0306513409961684,-0.00013405897856474765,1.3222109612536057,,True,,,,,,,,,,,,,,,,,,,,,,,,,,,,,False,,,,,,,,,B1,5,1,2018-01-01,2019-12-31,2020-01-01,2020-12-31,B1,5,unfilled_1m,-1.042032402099221
2146,2020-11-19 15:45:00+00:00,2020-11-19 10:00:00-06:00,2020-11-19 10:00:00-06:00,L,Long,B,37.69324707929177,11752.25,11734.58898847199,11805.233034584026,0.5251681074603517,True,1.5287912562188137,0.9342613232448306,0,TIME,True,2.958949123675606,10.475051200017797,0.0,False,,,,,,,,,,,,,,,,False,,,,,,,,,,,,,,,,False,,,,,,,,,,,,,,,,False,,False,,False,,False,,,,,,,,,,,,,,,,False,,,,,,,,,,,,,,,,False,,,,,,,,,,,,,,,,False,,False,,False,,,,,,,,,,,,,,,,,,,,,,,,,,,,,,,,,,,,,,,,,,,,,,,,,,,,,,,,,,,,,,,,,,,,,,,,,,,,,,,,,,,,,,False,,,,,,,,,B1,5,1,2018-01-01,2019-12-31,2020-01-01,2020-12-31,B1,5,unfilled_1m,0.5251681074603517
2150,2020-11-20 16:45:00+00:00,2020-11-20 11:00:00-06:00,2020-11-20 11:00:00-06:00,RS,Short,B,41.093769930235474,11806.009702891404,11819.428736326274,11772.462119304231,-0.4072794911140255,True,1.5284038892182397,0.6699660711206178,0,TIME,True,-1.0540277363134125,0.0,12.77963110688551,False,,,,,,,,,,,,,,,,False,,,,,,,,,,,,,,,,False,,,,,,,,,,,,,,,,False,,False,,False,,False,,,,,,,,,,,,,,,,False,,,,,,,,,,,,,,,,False,,,,,,,,,,,,,,,,False,,False,,False,,,,,,,,,,,,,,,,,,,,,,,,,,,,,,,,,,,,,,,,,,,,,,,,,,,,,,,,,,,,,,,,,,,,,,,,,,,,,,,,,,,,,,False,,,,,,,,,B1,5,1,2018-01-01,2019-12-31,2020-01-01,2020-12-31,B1,5,unfilled_1m,-0.4072794911140255
2158,2020-11-25 16:30:00+00:00,2020-11-25 10:45:00-06:00,2020-11-25 10:45:00-06:00,RS,Short,B,45.702365059438605,11939.067379840675,11956.303484521672,11895.977118138191,0.2374306675676635,True,1.8169638918011328,0.14113514650482084,0,TIME,True,-1.042062868230276,0.0,9.148390722712207,False,,,,,,,,,,,,,,,,True,6.0,0.9947727598094324,1.0,0.025234952644119475,0.014419972939496843,12095.0,2020-11-25 10:51:00-06:00,0.0,STOP,0.7841836396205135,1.0772876412686838,0.00035643238030770065,0.7579352356524527,,True,True,6.0,0.9947727598094324,1.0,0.025234952644119475,0.014419972939496843,12095.0,2020-11-25 10:51:00-06:00,0.0,STOP,0.7841836396205135,1.0772876412686838,0.00035643238030770065,0.7579352356524527,,True,False,,True,6.0,True,6.0,False,,,,,,,,,,,,,,,,False,,,,,,,,,,,,,,,,False,,,,,,,,,,,,,,,,False,,True,7.0,True,7.0,0.9947727598094324,1.0,0.025234952644119475,0.014419972939496843,12095.0,2020-11-25 10:51:00-06:00,0.0,STOP,0.7841836396205135,1.0772876412686838,0.00035643238030770065,0.7579352356524527,,True,0.9947727598094324,1.0,0.025234952644119475,0.014419972939496843,12095.0,2020-11-25 10:51:00-06:00,0.0,STOP,0.7841836396205135,1.0772876412686838,0.00035643238030770065,0.7579352356524527,,True,0.9947727598094324,1.0,0.018024966174371052,0.034247435731305,12095.0,2020-11-25 10:52:00-06:00,0.0,STOP,0.8482914506049727,1.1753868828297716,-0.0,0.8465468055463412,,True,0.9947727598094324,1.0,0.018024966174371052,0.034247435731305,12095.0,2020-11-25 10:52:00-06:00,0.0,STOP,0.8482914506049727,1.1753868828297716,-0.0,0.8465468055463412,,True,,,,,,,,,,,,,,,,,,,,,,,,,,,,,False,,,,,,,,,B1,5,1,2018-01-01,2019-12-31,2020-01-01,2020-12-31,B1,5,unfilled_1m,0.2374306675676635
2163,2020-11-27 16:45:00+00:00,2020-11-27 11:00:00-06:00,2020-11-27 11:00:00-06:00,S,Short,A,49.30743474298468,12088.09295087413,12101.28043585787,12048.530495922909,0.7293241194957647,True,2.907525651889289,0.0,0,TIME,True,-1.054976365917678,0.0,12.865004156216996,False,,,,,,,,,,,,,,,,False,,,,,,,,,,,,,,,,True,11.0,0.9951897419281526,1.0,0.07630064527757943,0.003317419359894758,12252.0,2020-11-27 11:11:00-06:00,0.0,STOP,1.0114655466000682,1.224237427864798,0.00024760478496945165,1.0151532414264555,,True,False,,False,,True,11.0,False,,,,,,,,,,,,,,,,False,,,,,,,,,,,,,,,,True,11.0,0.9951897419281526,1.0,0.07630064527757943,0.003317419359894758,12252.0,2020-11-27 11:11:00-06:00,0.0,STOP,1.0114655466000682,1.224237427864798,0.00024760478496945165,1.0151532414264555,,True,False,,False,,True,12.0,,,,,,,,,,,,,,,0.9951897419281526,1.0,0.07630064527757943,0.003317419359894758,12252.0,2020-11-27 11:11:00-06:00,0.0,STOP,1.0114655466000682,1.224237427864798,0.00024760478496945165,1.0151532414264555,,True,,,,,,,,,,,,,,,0.9948387395915429,1.0,0.0,0.0444936242108372,12241.75,2020-11-27 11:12:00-06:00,0.0,STOP,1.6767110209439704,1.5951407811080835,0.00140273326515464,1.5949597003065048,,True,,,,,,,,,,,,,,,,,,,,,,,,,,,,,False,,,,,,,,,B1,5,1,2018-01-01,2019-12-31,2020-01-01,2020-12-31,B1,5,unfilled_1m,0.7293241194957647
2171,2020-12-03 16:45:00+00:00,2020-12-03 11:00:00-06:00,2020-12-03 11:00:00-06:00,RL,Long,B,45.514266595543965,12495.10634671901,12478.736253497327,12536.031579773216,-0.5394805392624664,True,1.8261138086491158,0.999160267294349,0,TIME,True,-0.5394805392624664,1.8261138086491158,0.999160267294349,False,,,,,,,,,,,,,,,,False,,,,,,,,,,,,,,,,False,,,,,,,,,,,,,,,,False,,False,,False,,False,,,,,,,,,,,,,,,,False,,,,,,,,,,,,,,,,False,,,,,,,,,,,,,,,,False,,False,,False,,,,,,,,,,,,,,,,,,,,,,,,,,,,,,,,,,,,,,,,,,,,,,,,,,,,,,,,,,,,,,,,,,,,,,,,,,,,,,,,,,,,,,False,,,,,,,,,B1,5,1,2018-01-01,2019-12-31,2020-01-01,2020-12-31,B1,5,unfilled_1m,-0.5394805392624664
2203,2020-12-18 21:00:00+00:00,2020-12-18 15:15:00-06:00,2020-12-18 15:15:00-06:00,L,Long,A+,93.96446369507196,12720.225226214268,12697.00043650777,12789.899595333756,1.0678147832181208,True,2.5199269627554335,0.0,0,TIME,True,1.2292801849457686,2.6813923644830813,0.0,False,,,,,,,,,,,,,,,,False,,,,,,,,,,,,,,,,False,,,,,,,,,,,,,,,,False,,False,,False,,False,,,,,,,,,,,,,,,,False,,,,,,,,,,,,,,,,False,,,,,,,,,,,,,,,,False,,False,,False,,,,,,,,,,,,,,,,,,,,,,,,,,,,,,,,,,,,,,,,,,,,,,,,,,,,,,,,,,,,,,,,,,,,,,,,,,,,,,,,,,,,,,False,,,,,,,,,B1,5,1,2018-01-01,2019-12-31,2020-01-01,2020-12-31,B1,5,unfilled_1m,1.0678147832181208
2205,2020-12-21 21:00:00+00:00,2020-12-21 15:15:00-06:00,2020-12-21 15:15:00-06:00,L,Long,B,38.187880339116006,12685.5,12663.090846742776,12752.727459771671,0.9270765281282092,True,1.3052702020577676,0.3123723560480128,0,TIME,True,1.094418861725359,1.4726125356549173,0.14503002245086308,False,,,,,,,,,,,,,,,,False,,,,,,,,,,,,,,,,False,,,,,,,,,,,,,,,,False,,False,,False,,False,,,,,,,,,,,,,,,,False,,,,,,,,,,,,,,,,False,,,,,,,,,,,,,,,,False,,False,,False,,,,,,,,,,,,,,,,,,,,,,,,,,,,,,,,,,,,,,,,,,,,,,,,,,,,,,,,,,,,,,,,,,,,,,,,,,,,,,,,,,,,,,False,,,,,,,,,B1,5,1,2018-01-01,2019-12-31,2020-01-01,2020-12-31,B1,5,unfilled_1m,0.9270765281282092
2212,2020-12-28 16:00:00+00:00,2020-12-28 10:15:00-06:00,2020-12-28 10:15:00-06:00,L,Long,B,40.23636188378419,12810.25,12797.451451545703,12848.645645362883,0.6856246262093836,True,1.1329409777818873,0.703204744830137,0,TIME,True,0.9786266032219407,1.4259429547944444,0.4102027678175799,False,,,,,,,,,,,,,,,,True,10.0,0.2528122003157858,0.2798659044086189,0.2985236313691935,0.6716781705806854,12824.25,2020-12-28 10:25:00-06:00,0.0,TIME,1.8328456212975521,1.7455138662316476,0.0008936874031137462,1.8936656588747143,,True,True,10.0,0.2528122003157858,0.2798659044086189,0.2985236313691935,0.6716781705806854,12824.25,2020-12-28 10:25:00-06:00,0.0,TIME,1.8328456212975521,1.7455138662316476,0.0008936874031137462,1.8936656588747143,,True,False,,True,10.0,True,10.0,False,,,,,,,,,,,,,,,,True,10.0,0.2528122003157858,0.2798659044086189,0.2985236313691935,0.6716781705806854,12824.25,2020-12-28 10:25:00-06:00,0.0,TIME,1.8328456212975521,1.7455138662316476,0.0008936874031137462,1.8936656588747143,,True,True,10.0,0.2528122003157858,0.2798659044086189,0.2985236313691935,0.6716781705806854,12824.25,2020-12-28 10:25:00-06:00,0.0,TIME,1.8328456212975521,1.7455138662316476,0.0008936874031137462,1.8936656588747143,,True,False,,False,,True,14.0,0.2528122003157858,0.2798659044086189,0.2985236313691935,0.6716781705806854,12824.25,2020-12-28 10:25:00-06:00,0.0,TIME,1.8328456212975521,1.7455138662316476,0.0008936874031137462,1.8936656588747143,,True,0.2528122003157858,0.2798659044086189,0.2985236313691935,0.6716781705806854,12824.25,2020-12-28 10:25:00-06:00,0.0,TIME,1.8328456212975521,1.7455138662316476,0.0008936874031137462,1.8936656588747143,,True,,,,,,,,,,,,,,,0.5473022871547569,0.5777663300098201,0.5987760147374499,0.6302905418288947,12821.25,2020-12-28 10:29:00-06:00,0.0,TIME,0.9724268575036835,0.859375,-5.6880373040732274e-05,0.9872498041171023,,True,,,,,,,,,,,,,,,,,,,,,,,,,,,,,False,,,,,,,,,B1,5,1,2018-01-01,2019-12-31,2020-01-01,2020-12-31,B1,5,unfilled_1m,0.6856246262093836
2213,2020-12-29 15:45:00+00:00,2020-12-29 10:00:00-06:00,2020-12-29 10:00:00-06:00,L,Long,A,48.617666575802374,12876.678676893558,12861.733427099132,12921.514426276834,-1.0485103969470224,True,0.5735148775926671,1.0490742616698092,0,STOP,True,-1.0485103969470224,0.8244307238703695,1.617816846565935,False,,,,,,,,,,,,,,,,False,,,,,,,,,,,,,,,,False,,,,,,,,,,,,,,,,False,,False,,False,,False,,,,,,,,,,,,,,,,False,,,,,,,,,,,,,,,,False,,,,,,,,,,,,,,,,False,,False,,False,,,,,,,,,,,,,,,,,,,,,,,,,,,,,,,,,,,,,,,,,,,,,,,,,,,,,,,,,,,,,,,,,,,,,,,,,,,,,,,,,,,,,,False,,,,,,,,,B1,5,1,2018-01-01,2019-12-31,2020-01-01,2020-12-31,B1,5,unfilled_1m,-1.0485103969470224
2219,2021-01-04 16:00:00+00:00,2021-01-04 10:15:00-06:00,2021-01-04 10:15:00-06:00,S,Short,A+,100.0,12754.513361391806,12779.049773127444,12680.904126184892,2.97045207718996,True,5.013502492425674,0.0,0,TARGET,True,2.97045207718996,3.0164704680229852,0.0,False,,,,,,,,,,,,,,,,True,9.0,2.9897958857841878,3.0,0.3870526081859864,0.31667940669762523,12708.0,2021-01-04 10:24:00-06:00,0.0,TARGET,0.7290644995563028,1.006447453255964,0.0005732540490299822,0.6706766917293233,,True,True,9.0,2.9897958857841878,3.0,0.3870526081859864,0.31667940669762523,12708.0,2021-01-04 10:24:00-06:00,0.0,TARGET,0.7290644995563028,1.006447453255964,0.0005732540490299822,0.6706766917293233,,True,False,,True,9.0,True,9.0,False,,,,,,,,,,,,,,,,True,9.0,2.9897958857841878,3.0,0.3870526081859864,0.31667940669762523,12708.0,2021-01-04 10:24:00-06:00,0.0,TARGET,0.7290644995563028,1.006447453255964,0.0005732540490299822,0.6706766917293233,,True,True,9.0,2.9897958857841878,3.0,0.3870526081859864,0.31667940669762523,12708.0,2021-01-04 10:24:00-06:00,0.0,TARGET,0.7290644995563028,1.006447453255964,0.0005732540490299822,0.6706766917293233,,True,False,,False,,False,,2.9897958857841878,3.0,0.3870526081859864,0.31667940669762523,12708.0,2021-01-04 10:24:00-06:00,0.0,TARGET,0.7290644995563028,1.006447453255964,0.0005732540490299822,0.6706766917293233,,True,2.9897958857841878,3.0,0.3870526081859864,0.31667940669762523,12708.0,2021-01-04 10:24:00-06:00,0.0,TARGET,0.7290644995563028,1.006447453255964,0.0005732540490299822,0.6706766917293233,,True,,,,,,,,,,,,,,,,,,,,,,,,,,,,,,,,,,,,,,,,,,,,,,,,,,,,,,,,,False,,,,,,,,,B1,5,2,2018-01-01,2020-12-31,2021-01-01,2021-12-31,B1,5,unfilled_1m,2.97045207718996
2222,2021-01-06 15:45:00+00:00,2021-01-06 10:00:00-06:00,2021-01-06 10:00:00-06:00,L,Long,A,46.55864786829571,12730.0,12697.870655891997,12826.388032324016,0.5454515330624057,True,1.6262392355212951,0.25677461613494135,0,TIME,True,0.6621672676691972,1.7429549701280866,0.14005888152814983,False,,,,,,,,,,,,,,,,True,9.0,0.3443482652050137,0.35666158171666035,0.6666174801132818,0.31844784081844674,12756.75,2021-01-06 10:09:00-06:00,0.0,TIME,1.4785623061485131,1.728373997611329,0.002031111749718152,1.5167508890136627,,True,True,9.0,0.3443482652050137,0.35666158171666035,0.6666174801132818,0.31844784081844674,12756.75,2021-01-06 10:09:00-06:00,0.0,TIME,1.4785623061485131,1.728373997611329,0.002031111749718152,1.5167508890136627,,True,False,,True,9.0,True,9.0,False,,,,,,,,,,,,,,,,True,9.0,0.3443482652050137,0.35666158171666035,0.6666174801132818,0.31844784081844674,12756.75,2021-01-06 10:09:00-06:00,0.0,TIME,1.4785623061485131,1.728373997611329,0.002031111749718152,1.5167508890136627,,True,True,9.0,0.3443482652050137,0.35666158171666035,0.6666174801132818,0.31844784081844674,12756.75,2021-01-06 10:09:00-06:00,0.0,TIME,1.4785623061485131,1.728373997611329,0.002031111749718152,1.5167508890136627,,True,False,,False,,False,,0.3443482652050137,0.35666158171666035,0.6666174801132818,0.31844784081844674,12756.75,2021-01-06 10:09:00-06:00,0.0,TIME,1.4785623061485131,1.728373997611329,0.002031111749718152,1.5167508890136627,,True,0.3443482652050137,0.35666158171666035,0.6666174801132818,0.31844784081844674,12756.75,2021-01-06 10:09:00-06:00,0.0,TIME,1.4785623061485131,1.728373997611329,0.002031111749718152,1.5167508890136627,,True,,,,,,,,,,,,,,,,,,,,,,,,,,,,,,,,,,,,,,,,,,,,,,,,,,,,,,,,,False,,,,,,,,,B1,5,2,2018-01-01,2020-12-31,2021-01-01,2021-12-31,B1,5,unfilled_1m,0.5454515330624057
2231,2021-01-11 21:00:00+00:00,2021-01-11 15:15:00-06:00,2021-01-11 15:15:00-06:00,RL,Long,B,44.92379791917127,12893.75117561782,12871.149238279426,12950.256018963808,0.7200190027311023,True,0.9401328772859661,0.0,0,TIME,True,0.8859339835513514,1.1060478581062152,0.0,False,,,,,,,,,,,,,,,,False,,,,,,,,,,,,,,,,False,,,,,,,,,,,,,,,,False,,False,,False,,False,,,,,,,,,,,,,,,,False,,,,,,,,,,,,,,,,False,,,,,,,,,,,,,,,,False,,False,,False,,,,,,,,,,,,,,,,,,,,,,,,,,,,,,,,,,,,,,,,,,,,,,,,,,,,,,,,,,,,,,,,,,,,,,,,,,,,,,,,,,,,,,False,,,,,,,,,B1,5,2,2018-01-01,2020-12-31,2021-01-01,2021-12-31,B1,5,unfilled_1m,0.7200190027311023
2239,2021-01-14 20:15:00+00:00,2021-01-14 14:30:00-06:00,2021-01-14 14:30:00-06:00,S,Short,B,45.407017466099745,12916.477319320711,12934.447774051469,12862.56595512844,-1.04034399857223,True,0.8612647566575391,1.0724648300803794,0,STOP,True,-1.04034399857223,0.6525889019735911,1.0446413827891863,False,,,,,,,,,,,,,,,,False,,,,,,,,,,,,,,,,False,,,,,,,,,,,,,,,,False,,False,,False,,False,,,,,,,,,,,,,,,,False,,,,,,,,,,,,,,,,False,,,,,,,,,,,,,,,,False,,False,,False,,,,,,,,,,,,,,,,,,,,,,,,,,,,,,,,,,,,,,,,,,,,,,,,,,,,,,,,,,,,,,,,,,,,,,,,,,,,,,,,,,,,,,False,,,,,,,,,B1,5,2,2018-01-01,2020-12-31,2021-01-01,2021-12-31,B1,5,unfilled_1m,-1.04034399857223
2240,2021-01-15 16:30:00+00:00,2021-01-15 10:45:00-06:00,2021-01-15 10:45:00-06:00,L,Long,A,56.39267302646706,12854.5,12826.613151698875,12938.160544903372,-1.025997918164555,True,0.1524015892404949,1.2730015101264869,1,STOP,True,-1.025997918164555,0.28687357974681393,1.138529519620168,False,,,,,,,,,,,,,,,,False,,,,,,,,,,,,,,,,False,,,,,,,,,,,,,,,,False,,False,,False,,False,,,,,,,,,,,,,,,,False,,,,,,,,,,,,,,,,False,,,,,,,,,,,,,,,,False,,False,,False,,,,,,,,,,,,,,,,,,,,,,,,,,,,,,,,,,,,,,,,,,,,,,,,,,,,,,,,,,,,,,,,,,,,,,,,,,,,,,,,,,,,,,False,,,,,,,,,B1,5,2,2018-01-01,2020-12-31,2021-01-01,2021-12-31,B1,5,unfilled_1m,-1.025997918164555
2242,2021-01-17 23:15:00+00:00,2021-01-17 17:30:00-06:00,2021-01-17 17:30:00-06:00,RL,Long,B,38.497634530340925,12782.656641389653,12761.864853140289,12834.636112013064,-1.0348695355736022,True,0.46140132321908023,1.161835677621026,1,STOP,True,-1.0348695355736022,0.641760989979092,1.2339795443250305,False,,,,,,,,,,,,,,,,False,,,,,,,,,,,,,,,,False,,,,,,,,,,,,,,,,False,,False,,False,,False,,,,,,,,,,,,,,,,False,,,,,,,,,,,,,,,,False,,,,,,,,,,,,,,,,False,,False,,False,,,,,,,,,,,,,,,,,,,,,,,,,,,,,,,,,,,,,,,,,,,,,,,,,,,,,,,,,,,,,,,,,,,,,,,,,,,,,,,,,,,,,,False,,,,,,,,,B1,5,2,2018-01-01,2020-12-31,2021-01-01,2021-12-31,B1,5,unfilled_1m,-1.0348695355736022
2254,2021-01-22 21:00:00+00:00,2021-01-22 15:15:00-06:00,2021-01-22 15:15:00-06:00,S,Short,B,37.67385648632904,13354.5,13370.68178995867,13305.95463012399,-1.0448034489294291,True,0.4789334195904515,2.1938240510272293,1,STOP,True,-1.0448034489294293,0.2471914423692653,2.1320261904349134,False,,,,,,,,,,,,,,,,False,,,,,,,,,,,,,,,,False,,,,,,,,,,,,,,,,False,,False,,False,,False,,,,,,,,,,,,,,,,False,,,,,,,,,,,,,,,,False,,,,,,,,,,,,,,,,False,,False,,False,,,,,,,,,,,,,,,,,,,,,,,,,,,,,,,,,,,,,,,,,,,,,,,,,,,,,,,,,,,,,,,,,,,,,,,,,,,,,,,,,,,,,,False,,,,,,,,,B1,5,2,2018-01-01,2020-12-31,2021-01-01,2021-12-31,B1,5,unfilled_1m,-1.0448034489294291
2259,2021-01-27 17:15:00+00:00,2021-01-27 11:30:00-06:00,2021-01-27 11:30:00-06:00,L,Long,A+,69.3559851131803,13270.820763921449,13233.09580089708,13383.995652994545,0.8072701372531064,True,1.5156870012467485,0.3994904888763815,0,TIME,True,0.9066738132110542,1.6150906772046965,0.3000868129184336,False,,,,,,,,,,,,,,,,True,9.0,-0.08339731443576479,-0.07124393695517595,0.6537678920592617,0.4107003424474849,13292.75,2021-01-27 11:39:00-06:00,0.0,TIME,1.0456005138086062,0.9449001702522829,0.0007871867751847511,1.0695515066573231,,True,True,9.0,-0.08339731443576479,-0.07124393695517595,0.6537678920592617,0.4107003424474849,13292.75,2021-01-27 11:39:00-06:00,0.0,TIME,1.0456005138086062,0.9449001702522829,0.0007871867751847511,1.0695515066573231,,True,False,,True,9.0,True,9.0,False,,,,,,,,,,,,,,,,False,,,,,,,,,,,,,,,,False,,,,,,,,,,,,,,,,False,,True,10.0,True,10.0,-0.08339731443576479,-0.07124393695517595,0.6537678920592617,0.4107003424474849,13292.75,2021-01-27 11:39:00-06:00,0.0,TIME,1.0456005138086062,0.9449001702522829,0.0007871867751847511,1.0695515066573231,,True,-0.08339731443576479,-0.07124393695517595,0.6537678920592617,0.4107003424474849,13292.75,2021-01-27 11:39:00-06:00,0.0,TIME,1.0456005138086062,0.9449001702522829,0.0007871867751847511,1.0695515066573231,,True,-0.2312538002928032,-0.22137698113449497,0.3439857706859075,0.5210873555935035,13306.5,2021-01-27 11:40:00-06:00,0.0,TIME,0.9999565236294075,0.9370925684485006,0.0010343534783926046,0.9847998287304646,,True,-0.2312538002928032,-0.22137698113449497,0.3439857706859075,0.5210873555935035,13306.5,2021-01-27 11:40:00-06:00,0.0,TIME,0.9999565236294075,0.9370925684485006,0.0010343534783926046,0.9847998287304646,,True,,,,,,,,,,,,,,,,,,,,,,,,,,,,,False,,,,,,,,,B1,5,2,2018-01-01,2020-12-31,2021-01-01,2021-12-31,B1,5,unfilled_1m,0.8072701372531064
2267,2021-02-01 21:00:00+00:00,2021-02-01 15:15:00-06:00,2021-02-01 15:15:00-06:00,S,Short,A,49.60493372620059,13220.37621286382,13245.399016133651,13145.307803054318,-1.028973572312502,True,0.714396891149712,1.523561797815961,0,STOP,True,-1.028973572312502,0.5645335860850464,1.1838716396693856,False,,,,,,,,,,,,,,,,False,,,,,,,,,,,,,,,,False,,,,,,,,,,,,,,,,False,,False,,False,,False,,,,,,,,,,,,,,,,False,,,,,,,,,,,,,,,,False,,,,,,,,,,,,,,,,False,,False,,False,,,,,,,,,,,,,,,,,,,,,,,,,,,,,,,,,,,,,,,,,,,,,,,,,,,,,,,,,,,,,,,,,,,,,,,,,,,,,,,,,,,,,,False,,,,,,,,,B1,5,2,2018-01-01,2020-12-31,2021-01-01,2021-12-31,B1,5,unfilled_1m,-1.028973572312502
2268,2021-02-01 23:15:00+00:00,2021-02-01 17:30:00-06:00,2021-02-01 17:30:00-06:00,RL,Long,B,43.95773782894484,13247.749649479292,13224.448519177082,13306.002475234818,-0.5675539902044022,True,0.9549043429278239,0.847583324205467,0,TIME,True,-0.4066175913532155,1.1158407417790106,0.6866469253542804,False,,,,,,,,,,,,,,,,True,10.0,-0.39152990719461467,-0.37376094427028944,0.20832577221622692,0.8210486316757178,13265.25,2021-02-01 17:40:00-06:00,1.0,TIME,0.8658922914466737,1.3576158940397351,0.0001468941910394019,0.8475452196382429,,True,True,10.0,-0.39152990719461467,-0.37376094427028944,0.20832577221622692,0.8210486316757178,13265.25,2021-02-01 17:40:00-06:00,1.0,TIME,0.8658922914466737,1.3576158940397351,0.0001468941910394019,0.8475452196382429,,True,False,,True,10.0,True,10.0,False,,,,,,,,,,,,,,,,False,,,,,,,,,,,,,,,,False,,,,,,,,,,,,,,,,False,,False,,True,11.0,-0.39152990719461467,-0.37376094427028944,0.20832577221622692,0.8210486316757178,13265.25,2021-02-01 17:40:00-06:00,1.0,TIME,0.8658922914466737,1.3576158940397351,0.0001468941910394019,0.8475452196382429,,True,-0.39152990719461467,-0.37376094427028944,0.20832577221622692,0.8210486316757178,13265.25,2021-02-01 17:40:00-06:00,1.0,TIME,0.8658922914466737,1.3576158940397351,0.0001468941910394019,0.8475452196382429,,True,,,,,,,,,,,,,,,-0.4907046583689047,-0.4748754758408755,0.07641674323876159,0.8405841756263774,13270.25,2021-02-01 17:41:00-06:00,1.0,TIME,1.2581781580271767,1.745810055865922,0.00047423838903413236,1.3199577613516367,,True,,,,,,,,,,,,,,,,,,,,,,,,,,,,,False,,,,,,,,,B1,5,2,2018-01-01,2020-12-31,2021-01-01,2021-12-31,B1,5,unfilled_1m,-0.5675539902044022
2272,2021-02-03 16:45:00+00:00,2021-02-03 11:00:00-06:00,2021-02-03 11:00:00-06:00,L,Long,A,47.15702350902451,13458.947112843092,13433.333291257277,13535.78857760054,0.7057864089644058,True,1.1635470738740545,0.32002693606766447,0,TIME,True,0.8521917388928649,1.3099524038025137,0.17362160613920533,False,,,,,,,,,,,,,,,,False,,,,,,,,,,,,,,,,False,,,,,,,,,,,,,,,,False,,False,,False,,False,,,,,,,,,,,,,,,,False,,,,,,,,,,,,,,,,False,,,,,,,,,,,,,,,,False,,False,,False,,,,,,,,,,,,,,,,,,,,,,,,,,,,,,,,,,,,,,,,,,,,,,,,,,,,,,,,,,,,,,,,,,,,,,,,,,,,,,,,,,,,,,False,,,,,,,,,B1,5,2,2018-01-01,2020-12-31,2021-01-01,2021-12-31,B1,5,unfilled_1m,0.7057864089644058
2281,2021-02-08 21:00:00+00:00,2021-02-08 15:15:00-06:00,2021-02-08 15:15:00-06:00,L,Long,B,37.54539529495992,13679.75,13665.865531932086,13721.40340420374,-0.5383713631258363,True,1.0443324100768732,0.6121948610795463,0,TIME,True,-0.2682853950025071,1.3144183782002026,0.3421088929562171,False,,,,,,,,,,,,,,,,False,,,,,,,,,,,,,,,,False,,,,,,,,,,,,,,,,False,,False,,False,,False,,,,,,,,,,,,,,,,False,,,,,,,,,,,,,,,,False,,,,,,,,,,,,,,,,False,,False,,False,,,,,,,,,,,,,,,,,,,,,,,,,,,,,,,,,,,,,,,,,,,,,,,,,,,,,,,,,,,,,,,,,,,,,,,,,,,,,,,,,,,,,,False,,,,,,,,,B1,5,2,2018-01-01,2020-12-31,2021-01-01,2021-12-31,B1,5,unfilled_1m,-0.5383713631258363
2305,2021-02-19 20:00:00+00:00,2021-02-19 14:15:00-06:00,2021-02-19 14:15:00-06:00,RL,Long,B,38.30924468595902,13576.872065294723,13553.481789135038,13635.347755693936,-0.1324082397992851,True,1.042225176772116,0.8282101999339366,0,TIME,True,0.027914792489805114,1.202548209061206,0.6678871676448465,False,,,,,,,,,,,,,,,,False,,,,,,,,,,,,,,,,False,,,,,,,,,,,,,,,,False,,False,,False,,False,,,,,,,,,,,,,,,,False,,,,,,,,,,,,,,,,False,,,,,,,,,,,,,,,,False,,False,,False,,,,,,,,,,,,,,,,,,,,,,,,,,,,,,,,,,,,,,,,,,,,,,,,,,,,,,,,,,,,,,,,,,,,,,,,,,,,,,,,,,,,,,False,,,,,,,,,B1,5,2,2018-01-01,2020-12-31,2021-01-01,2021-12-31,B1,5,unfilled_1m,-0.1324082397992851
2306,2021-02-22 16:00:00+00:00,2021-02-22 10:15:00-06:00,2021-02-22 10:15:00-06:00,S,Short,B,37.84886075539163,13313.25,13340.967137008864,13230.098588973407,-1.0261571027255865,True,0.5231420545117301,1.0282447278334006,0,STOP,True,-1.0261571027255865,0.38784669558628265,1.0372644184284303,False,,,,,,,,,,,,,,,,False,,,,,,,,,,,,,,,,True,14.0,-1.0746104536077534,-1.0,1.2863871311681632,1.363570359038253,13331.25,2021-02-22 10:29:00-06:00,0.0,STOP,0.839918533604888,1.1304824561403508,0.0005823804531947549,0.8298120648718258,,True,False,,False,,True,14.0,False,,,,,,,,,,,,,,,,False,,,,,,,,,,,,,,,,True,14.0,-1.0746104536077534,-1.0,1.2863871311681632,1.363570359038253,13331.25,2021-02-22 10:29:00-06:00,0.0,STOP,0.839918533604888,1.1304824561403508,0.0005823804531947549,0.8298120648718258,,True,False,,False,,True,15.0,,,,,,,,,,,,,,,-1.0746104536077534,-1.0,1.2863871311681632,1.363570359038253,13331.25,2021-02-22 10:29:00-06:00,0.0,STOP,0.839918533604888,1.1304824561403508,0.0005823804531947549,0.8298120648718258,,True,,,,,,,,,,,,,,,-1.0528535947064994,-1.0,0.6196628344899939,1.2575510464649877,13327.25,2021-02-22 10:30:00-06:00,0.0,STOP,1.2333023931554945,1.5003927729772193,0.0003700485380306649,1.244806517311609,,True,,,,,,,,,,,,,,,,,,,,,,,,,,,,,False,,,,,,,,,B1,5,2,2018-01-01,2020-12-31,2021-01-01,2021-12-31,B1,5,unfilled_1m,-1.0261571027255865
2307,2021-02-22 16:30:00+00:00,2021-02-22 10:45:00-06:00,2021-02-22 10:45:00-06:00,RL,Long,B,39.993285241423735,13321.988788391574,13294.0757978074,13391.77126485201,-1.0259735694680827,True,0.7169139239337191,1.5311432955451696,0,STOP,True,-1.0259735694680827,0.8512599729065611,1.1370615518914997,False,,,,,,,,,,,,,,,,False,,,,,,,,,,,,,,,,False,,,,,,,,,,,,,,,,False,,False,,False,,False,,,,,,,,,,,,,,,,False,,,,,,,,,,,,,,,,False,,,,,,,,,,,,,,,,False,,False,,False,,,,,,,,,,,,,,,,,,,,,,,,,,,,,,,,,,,,,,,,,,,,,,,,,,,,,,,,,,,,,,,,,,,,,,,,,,,,,,,,,,,,,,False,,,,,,,,,B1,5,2,2018-01-01,2020-12-31,2021-01-01,2021-12-31,B1,5,unfilled_1m,-1.0259735694680827
2311,2021-02-23 20:15:00+00:00,2021-02-23 14:30:00-06:00,2021-02-23 14:30:00-06:00,L,Long,A+,100.0,13200.40061164717,13150.62849481866,13349.716962132705,-1.014566388697069,True,1.0668501107916368,1.022673233339634,0,STOP,True,-0.8413468085243964,1.1421935006040624,0.9473298435272084,False,,,,,,,,,,,,,,,,False,,,,,,,,,,,,,,,,False,,,,,,,,,,,,,,,,False,,False,,False,,False,,,,,,,,,,,,,,,,False,,,,,,,,,,,,,,,,False,,,,,,,,,,,,,,,,False,,False,,False,,,,,,,,,,,,,,,,,,,,,,,,,,,,,,,,,,,,,,,,,,,,,,,,,,,,,,,,,,,,,,,,,,,,,,,,,,,,,,,,,,,,,,False,,,,,,,,,B1,5,2,2018-01-01,2020-12-31,2021-01-01,2021-12-31,B1,5,unfilled_1m,-1.014566388697069
2322,2021-03-01 15:45:00+00:00,2021-03-01 10:00:00-06:00,2021-03-01 10:00:00-06:00,L,Long,A,59.99140813257392,13171.910226822822,13144.651504306736,13253.686394371072,1.6183727300920008,True,1.9751392658040487,0.2535051603663291,0,TIME,True,1.7559433736827648,2.112709909394813,0.115934516775565,False,,,,,,,,,,,,,,,,True,8.0,0.5930538905397535,0.6081271270214826,0.7640571595910935,0.327453068396183,13192.75,2021-03-01 10:08:00-06:00,0.0,TIME,1.0852420306965762,1.4136318897637796,0.0008850213799111496,1.1028988289498944,,True,True,8.0,0.5930538905397535,0.6081271270214826,0.7640571595910935,0.327453068396183,13192.75,2021-03-01 10:08:00-06:00,0.0,TIME,1.0852420306965762,1.4136318897637796,0.0008850213799111496,1.1028988289498944,,True,False,,False,,False,,False,,,,,,,,,,,,,,,,True,8.0,0.5930538905397535,0.6081271270214826,0.7640571595910935,0.327453068396183,13192.75,2021-03-01 10:08:00-06:00,0.0,TIME,1.0852420306965762,1.4136318897637796,0.0008850213799111496,1.1028988289498944,,True,True,8.0,0.5930538905397535,0.6081271270214826,0.7640571595910935,0.327453068396183,13192.75,2021-03-01 10:08:00-06:00,0.0,TIME,1.0852420306965762,1.4136318897637796,0.0008850213799111496,1.1028988289498944,,True,False,,False,,False,,,,,,,,,,,,,,,,,,,,,,,,,,,,,,,,,,,,,,,,,,,,,,,,,,,,,,,,,,,,,,,,,,,,,,,,,,,,,,,,,,,,,,False,,,,,,,,,B1,5,2,2018-01-01,2020-12-31,2021-01-01,2021-12-31,B1,5,unfilled_1m,1.6183727300920008
2323,2021-03-01 19:15:00+00:00,2021-03-01 13:30:00-06:00,2021-03-01 13:30:00-06:00,L,Long,B,45.02354946972494,13245.637676893815,13223.223498526171,13312.880211996744,0.9653408994647402,True,1.4772936381189787,0.15113990967010238,0,TIME,True,1.132645716018413,1.6445984546726515,0.0,False,,,,,,,,,,,,,,,,True,10.0,0.045149732312614474,0.06661435914975906,0.7549627370306027,0.08141755007192775,13257.0,2021-03-01 13:40:00-06:00,0.0,TIME,0.9299987432449415,1.185897435897436,0.0003157890469421962,0.9209707529558183,,True,True,10.0,0.045149732312614474,0.06661435914975906,0.7549627370306027,0.08141755007192775,13257.0,2021-03-01 13:40:00-06:00,0.0,TIME,0.9299987432449415,1.185897435897436,0.0003157890469421962,0.9209707529558183,,True,False,,True,10.0,True,10.0,False,,,,,,,,,,,,,,,,False,,,,,,,,,,,,,,,,False,,,,,,,,,,,,,,,,False,,False,,True,11.0,0.045149732312614474,0.06661435914975906,0.7549627370306027,0.08141755007192775,13257.0,2021-03-01 13:40:00-06:00,0.0,TIME,0.9299987432449415,1.185897435897436,0.0003157890469421962,0.9209707529558183,,True,0.045149732312614474,0.06661435914975906,0.7549627370306027,0.08141755007192775,13257.0,2021-03-01 13:40:00-06:00,0.0,TIME,0.9299987432449415,1.185897435897436,0.0003157890469421962,0.9209707529558183,,True,,,,,,,,,,,,,,,-0.05559230202993434,-0.03518500128476857,0.6685150244106028,0.12666600462516686,13258.75,2021-03-01 13:41:00-06:00,0.0,TIME,1.4104655540218347,1.609392898052692,0.00018618953907667063,1.4125926856855597,,True,,,,,,,,,,,,,,,,,,,,,,,,,,,,,False,,,,,,,,,B1,5,2,2018-01-01,2020-12-31,2021-01-01,2021-12-31,B1,5,unfilled_1m,0.9653408994647402
2336,2021-03-05 16:15:00+00:00,2021-03-05 10:30:00-06:00,2021-03-05 10:30:00-06:00,S,Short,A+,100.0,12250.959826556404,12307.409248752869,12081.611559967025,-1.0128433555524576,True,0.4288764280375518,1.3824795791883817,1,STOP,True,-1.0128433555524576,0.36244527862828774,1.0326088589662576,False,,,,,,,,,,,,,,,,False,,,,,,,,,,,,,,,,True,12.0,-1.0244443143533726,-1.0,0.48888628706745363,1.8543962612903413,12277.75,2021-03-05 10:42:00-06:00,1.0,STOP,1.0466725894093096,1.0709453745983428,0.0015322454188941002,1.05379207055789,,True,False,,False,,True,12.0,False,,,,,,,,,,,,,,,,False,,,,,,,,,,,,,,,,True,12.0,-1.0244443143533726,-1.0,0.48888628706745363,1.8543962612903413,12277.75,2021-03-05 10:42:00-06:00,1.0,STOP,1.0466725894093096,1.0709453745983428,0.0015322454188941002,1.05379207055789,,True,False,,False,,False,,,,,,,,,,,,,,,,-1.0244443143533726,-1.0,0.48888628706745363,1.8543962612903413,12277.75,2021-03-05 10:42:00-06:00,1.0,STOP,1.0466725894093096,1.0709453745983428,0.0015322454188941002,1.05379207055789,,True,,,,,,,,,,,,,,,,,,,,,,,,,,,,,,,,,,,,,,,,,,,,,,,,,,,,,,,,,False,,,,,,,,,B1,5,2,2018-01-01,2020-12-31,2021-01-01,2021-12-31,B1,5,unfilled_1m,-1.0128433555524576
2338,2021-03-05 18:30:00+00:00,2021-03-05 12:45:00-06:00,2021-03-05 12:45:00-06:00,L,Long,A,56.29169700036542,12582.5,12522.272443771555,12763.182668685336,-1.0120376791854222,True,0.5313182537013965,1.2618808525408167,0,STOP,True,-1.0120376791854222,0.5935821115570289,1.1996169946851842,False,,,,,,,,,,,,,,,,True,6.0,-1.0079038407847083,-1.0,0.010901849358218247,1.131066870915143,12614.0,2021-03-05 12:51:00-06:00,1.0,STOP,0.9805993490849148,1.245704467353952,0.0010311244469872857,0.9840098400984011,,True,True,6.0,-1.0079038407847083,-1.0,0.010901849358218247,1.131066870915143,12614.0,2021-03-05 12:51:00-06:00,1.0,STOP,0.9805993490849148,1.245704467353952,0.0010311244469872857,0.9840098400984011,,True,False,,True,6.0,True,6.0,False,,,,,,,,,,,,,,,,True,6.0,-1.0079038407847083,-1.0,0.010901849358218247,1.131066870915143,12614.0,2021-03-05 12:51:00-06:00,1.0,STOP,0.9805993490849148,1.245704467353952,0.0010311244469872857,0.9840098400984011,,True,True,6.0,-1.0079038407847083,-1.0,0.010901849358218247,1.131066870915143,12614.0,2021-03-05 12:51:00-06:00,1.0,STOP,0.9805993490849148,1.245704467353952,0.0010311244469872857,0.9840098400984011,,True,False,,False,,False,,-1.0079038407847083,-1.0,0.010901849358218247,1.131066870915143,12614.0,2021-03-05 12:51:00-06:00,1.0,STOP,0.9805993490849148,1.245704467353952,0.0010311244469872857,0.9840098400984011,,True,-1.0079038407847083,-1.0,0.010901849358218247,1.131066870915143,12614.0,2021-03-05 12:51:00-06:00,1.0,STOP,0.9805993490849148,1.245704467353952,0.0010311244469872857,0.9840098400984011,,True,,,,,,,,,,,,,,,,,,,,,,,,,,,,,,,,,,,,,,,,,,,,,,,,,,,,,,,,,False,,,,,,,,,B1,5,2,2018-01-01,2020-12-31,2021-01-01,2021-12-31,B1,5,unfilled_1m,-1.0120376791854222
2341,2021-03-08 18:45:00+00:00,2021-03-08 13:00:00-06:00,2021-03-08 13:00:00-06:00,S,Short,A+,100.0,12479.104667900949,12526.241802162203,12337.693265117172,1.3074547035331006,True,1.8850248173441586,0.2735705575052508,0,TIME,True,1.2278995914379134,1.8054697052489717,0.35312566960043784,False,,,,,,,,,,,,,,,,False,,,,,,,,,,,,,,,,False,,,,,,,,,,,,,,,,False,,False,,False,,False,,,,,,,,,,,,,,,,False,,,,,,,,,,,,,,,,False,,,,,,,,,,,,,,,,False,,False,,False,,,,,,,,,,,,,,,,,,,,,,,,,,,,,,,,,,,,,,,,,,,,,,,,,,,,,,,,,,,,,,,,,,,,,,,,,,,,,,,,,,,,,,False,,,,,,,,,B1,5,2,2018-01-01,2020-12-31,2021-01-01,2021-12-31,B1,5,unfilled_1m,1.3074547035331006
2354,2021-03-15 20:00:00+00:00,2021-03-15 15:15:00-05:00,2021-03-15 15:15:00-05:00,L,Long,A,62.09262712275686,13079.5,13057.804225424296,13144.587323727112,-0.4251980019339988,True,0.36873539463111005,0.4724422243711098,0,TIME,True,-0.25235328570066595,0.5415801108644429,0.2995975081377769,False,,,,,,,,,,,,,,,,False,,,,,,,,,,,,,,,,False,,,,,,,,,,,,,,,,False,,False,,False,,False,,,,,,,,,,,,,,,,False,,,,,,,,,,,,,,,,False,,,,,,,,,,,,,,,,False,,False,,False,,,,,,,,,,,,,,,,,,,,,,,,,,,,,,,,,,,,,,,,,,,,,,,,,,,,,,,,,,,,,,,,,,,,,,,,,,,,,,,,,,,,,,False,,,,,,,,,B1,5,2,2018-01-01,2020-12-31,2021-01-01,2021-12-31,B1,5,unfilled_1m,-0.4251980019339988
2356,2021-03-16 17:45:00+00:00,2021-03-16 13:00:00-05:00,2021-03-16 13:00:00-05:00,S,Short,B,45.04864680453018,13186.75,13209.0207617133,13119.937714860102,2.9674461067235507,True,3.34519317116615,0.6959797872896016,0,TARGET,True,2.9674461067235507,3.075781640602433,0.8643619938919246,False,,,,,,,,,,,,,,,,True,6.0,2.9861959351626006,3.0,0.728283420731763,0.6616431077236279,13156.5,2021-03-16 13:06:00-05:00,0.0,TARGET,3.0445544554455446,2.3653846153846154,0.009055852253660204,3.381443298969072,,True,True,6.0,2.9861959351626006,3.0,0.728283420731763,0.6616431077236279,13156.5,2021-03-16 13:06:00-05:00,0.0,TARGET,3.0445544554455446,2.3653846153846154,0.009055852253660204,3.381443298969072,,True,False,,True,6.0,True,6.0,False,,,,,,,,,,,,,,,,False,,,,,,,,,,,,,,,,False,,,,,,,,,,,,,,,,False,,False,,True,14.0,2.9861959351626006,3.0,0.728283420731763,0.6616431077236279,13156.5,2021-03-16 13:06:00-05:00,0.0,TARGET,3.0445544554455446,2.3653846153846154,0.009055852253660204,3.381443298969072,,True,2.9861959351626006,3.0,0.728283420731763,0.6616431077236279,13156.5,2021-03-16 13:06:00-05:00,0.0,TARGET,3.0445544554455446,2.3653846153846154,0.009055852253660204,3.381443298969072,,True,,,,,,,,,,,,,,,2.976245678046624,3.0,1.9740660657805518,0.4177484205593699,13178.5,2021-03-16 13:14:00-05:00,0.0,TARGET,1.0735339745578654,1.2038970076548365,0.00020361390914159483,1.0998092816274634,,True,,,,,,,,,,,,,,,,,,,,,,,,,,,,,False,,,,,,,,,B1,5,2,2018-01-01,2020-12-31,2021-01-01,2021-12-31,B1,5,unfilled_1m,2.9674461067235507
2357,2021-03-16 19:30:00+00:00,2021-03-16 14:45:00-05:00,2021-03-16 14:45:00-05:00,RL,Long,B,40.10411618060621,13153.568828046193,13125.567168438782,13223.57297706472,0.1591395658787269,True,0.9439144795122028,0.4667161957334079,0,TIME,True,0.2930601996045761,1.077835113238052,0.3327955620075588,False,,,,,,,,,,,,,,,,False,,,,,,,,,,,,,,,,False,,,,,,,,,,,,,,,,False,,False,,False,,False,,,,,,,,,,,,,,,,False,,,,,,,,,,,,,,,,False,,,,,,,,,,,,,,,,False,,False,,False,,,,,,,,,,,,,,,,,,,,,,,,,,,,,,,,,,,,,,,,,,,,,,,,,,,,,,,,,,,,,,,,,,,,,,,,,,,,,,,,,,,,,,False,,,,,,,,,B1,5,2,2018-01-01,2020-12-31,2021-01-01,2021-12-31,B1,5,unfilled_1m,0.1591395658787269
2359,2021-03-17 16:15:00+00:00,2021-03-17 11:30:00-05:00,2021-03-17 11:30:00-05:00,RL,Long,A,55.81371346534314,12987.762461082344,12960.314071401735,13056.383435283862,-1.0264132070564485,True,1.1289383194507592,1.1025222766974727,0,STOP,True,-1.0264132070564485,0.8830222537527908,1.0751982693976985,False,,,,,,,,,,,,,,,,False,,,,,,,,,,,,,,,,True,15.0,-1.0338217211667096,-1.0,0.8280490354608203,1.096290272300241,12981.75,2021-03-17 11:45:00-05:00,0.0,STOP,1.0995486459378134,1.0581563706563708,0.0007840296762324879,1.1213399820994758,,True,False,,False,,True,15.0,False,,,,,,,,,,,,,,,,False,,,,,,,,,,,,,,,,True,15.0,-1.0338217211667096,-1.0,0.8280490354608203,1.096290272300241,12981.75,2021-03-17 11:45:00-05:00,0.0,STOP,1.0995486459378134,1.0581563706563708,0.0007840296762324879,1.1213399820994758,,True,False,,False,,False,,,,,,,,,,,,,,,,-1.0338217211667096,-1.0,0.8280490354608203,1.096290272300241,12981.75,2021-03-17 11:45:00-05:00,0.0,STOP,1.0995486459378134,1.0581563706563708,0.0007840296762324879,1.1213399820994758,,True,,,,,,,,,,,,,,,,,,,,,,,,,,,,,,,,,,,,,,,,,,,,,,,,,,,,,,,,,False,,,,,,,,,B1,5,2,2018-01-01,2020-12-31,2021-01-01,2021-12-31,B1,5,unfilled_1m,-1.0264132070564485
2370,2021-03-23 16:00:00+00:00,2021-03-23 11:15:00-05:00,2021-03-23 11:15:00-05:00,RS,Short,A,55.80280119365517,13141.37777013248,13168.480391852285,13073.621215832973,0.5221919221983516,True,2.098607681592545,0.0,0,TIME,True,0.7712453189428994,2.347661078337093,0.0,False,,,,,,,,,,,,,,,,False,,,,,,,,,,,,,,,,True,14.0,-0.6942863009492451,-0.6842141134917523,0.2535412704817153,0.7293652986460304,13096.5,2021-03-23 11:29:00-05:00,0.0,TIME,1.330121491411814,1.5518084066471163,0.0012176418275883477,1.3064499537084662,,True,False,,False,,True,14.0,False,,,,,,,,,,,,,,,,False,,,,,,,,,,,,,,,,True,14.0,-0.6942863009492451,-0.6842141134917523,0.2535412704817153,0.7293652986460304,13096.5,2021-03-23 11:29:00-05:00,0.0,TIME,1.330121491411814,1.5518084066471163,0.0012176418275883477,1.3064499537084662,,True,False,,False,,True,15.0,,,,,,,,,,,,,,,-0.6942863009492451,-0.6842141134917523,0.2535412704817153,0.7293652986460304,13096.5,2021-03-23 11:29:00-05:00,0.0,TIME,1.330121491411814,1.5518084066471163,0.0012176418275883477,1.3064499537084662,,True,,,,,,,,,,,,,,,-0.6918832740406791,-0.6818459479040209,0.24920257994461675,0.730302005115474,13096.25,2021-03-23 11:30:00-05:00,0.0,TIME,1.0487715438210488,1.2503122658006496,2.0020072993239726e-05,1.0483870967741935,,True,,,,,,,,,,,,,,,,,,,,,,,,,,,,,False,,,,,,,,,B1,5,2,2018-01-01,2020-12-31,2021-01-01,2021-12-31,B1,5,unfilled_1m,0.5221919221983516
2372,2021-03-23 17:45:00+00:00,2021-03-23 13:00:00-05:00,2021-03-23 13:00:00-05:00,S,Short,A,50.88729758302083,13087.5,13114.273604906608,13007.179185280176,-1.027078908594078,True,0.5695908359444034,1.363282984391523,0,STOP,True,-1.0270789085940781,0.8217048125099591,1.1111690078259673,False,,,,,,,,,,,,,,,,False,,,,,,,,,,,,,,,,False,,,,,,,,,,,,,,,,False,,False,,False,,False,,,,,,,,,,,,,,,,False,,,,,,,,,,,,,,,,False,,,,,,,,,,,,,,,,False,,False,,False,,,,,,,,,,,,,,,,,,,,,,,,,,,,,,,,,,,,,,,,,,,,,,,,,,,,,,,,,,,,,,,,,,,,,,,,,,,,,,,,,,,,,,False,,,,,,,,,B1,5,2,2018-01-01,2020-12-31,2021-01-01,2021-12-31,B1,5,unfilled_1m,-1.027078908594078
2373,2021-03-24 15:00:00+00:00,2021-03-24 10:15:00-05:00,2021-03-24 10:15:00-05:00,L,Long,A+,71.82586356947593,13022.829856330369,12997.791571172453,13097.944711804108,-1.028955657123778,True,1.2948228468985727,1.1214768165339413,0,STOP,True,-1.0289556571237781,1.0252356943668461,1.1015073978278873,False,,,,,,,,,,,,,,,,True,10.0,-1.0171766640014523,-1.0,0.07699883862720064,1.0602147780206859,13040.0,2021-03-24 10:25:00-05:00,1.0,STOP,2.4402879890289895,2.3960203470975463,0.0032324177159776066,2.6520389153384394,,True,True,10.0,-1.0171766640014523,-1.0,0.07699883862720064,1.0602147780206859,13040.0,2021-03-24 10:25:00-05:00,1.0,STOP,2.4402879890289895,2.3960203470975463,0.0032324177159776066,2.6520389153384394,,True,False,,True,10.0,True,10.0,False,,,,,,,,,,,,,,,,True,10.0,-1.0171766640014523,-1.0,0.07699883862720064,1.0602147780206859,13040.0,2021-03-24 10:25:00-05:00,1.0,STOP,2.4402879890289895,2.3960203470975463,0.0032324177159776066,2.6520389153384394,,True,True,10.0,-1.0171766640014523,-1.0,0.07699883862720064,1.0602147780206859,13040.0,2021-03-24 10:25:00-05:00,1.0,STOP,2.4402879890289895,2.3960203470975463,0.0032324177159776066,2.6520389153384394,,True,False,,False,,True,13.0,-1.0171766640014523,-1.0,0.07699883862720064,1.0602147780206859,13040.0,2021-03-24 10:25:00-05:00,1.0,STOP,2.4402879890289895,2.3960203470975463,0.0032324177159776066,2.6520389153384394,,True,-1.0171766640014523,-1.0,0.07699883862720064,1.0602147780206859,13040.0,2021-03-24 10:25:00-05:00,1.0,STOP,2.4402879890289895,2.3960203470975463,0.0032324177159776066,2.6520389153384394,,True,,,,,,,,,,,,,,,-1.0216686803715984,-1.0,0.11207938123240602,1.0759620598310977,13031.25,2021-03-24 10:28:00-05:00,1.0,STOP,0.80234375,0.6859471012556773,0.00035418805899958047,0.7921937673557543,,True,,,,,,,,,,,,,,,,,,,,,,,,,,,,,False,,,,,,,,,B1,5,2,2018-01-01,2020-12-31,2021-01-01,2021-12-31,B1,5,unfilled_1m,-1.028955657123778
2380,2021-03-26 17:45:00+00:00,2021-03-26 13:00:00-05:00,2021-03-26 13:00:00-05:00,S,Short,A,58.72975911217334,12815.437245001503,12843.892145883883,12730.072542354368,2.9745210850321766,True,3.0728360419504352,0.14277874364385293,0,TARGET,True,2.9745210850321766,3.17826603492074,0.0,False,,,,,,,,,,,,,,,,True,6.0,2.990692257970646,3.0,0.5263688595910595,0.07702958920844773,12766.0,2021-03-26 13:06:00-05:00,0.0,TARGET,1.7182751540041068,1.0502008032128514,0.0023522364919679275,1.7974824934484686,,True,True,6.0,2.990692257970646,3.0,0.5263688595910595,0.07702958920844773,12766.0,2021-03-26 13:06:00-05:00,0.0,TARGET,1.7182751540041068,1.0502008032128514,0.0023522364919679275,1.7974824934484686,,True,False,,True,6.0,True,6.0,False,,,,,,,,,,,,,,,,False,,,,,,,,,,,,,,,,False,,,,,,,,,,,,,,,,False,,False,,False,,2.990692257970646,3.0,0.5263688595910595,0.07702958920844773,12766.0,2021-03-26 13:06:00-05:00,0.0,TARGET,1.7182751540041068,1.0502008032128514,0.0023522364919679275,1.7974824934484686,,True,2.990692257970646,3.0,0.5263688595910595,0.07702958920844773,12766.0,2021-03-26 13:06:00-05:00,0.0,TARGET,1.7182751540041068,1.0502008032128514,0.0023522364919679275,1.7974824934484686,,True,,,,,,,,,,,,,,,,,,,,,,,,,,,,,,,,,,,,,,,,,,,,,,,,,,,,,,,,,False,,,,,,,,,B1,5,2,2018-01-01,2020-12-31,2021-01-01,2021-12-31,B1,5,unfilled_1m,2.9745210850321766
2392,2021-04-01 17:15:00+00:00,2021-04-01 12:30:00-05:00,2021-04-01 12:30:00-05:00,RS,Short,B,45.000126214500256,13291.69991405694,13310.021941160392,13245.894846298312,-0.4925811915952952,True,1.2935203033552929,0.5348800046919095,0,TIME,True,-0.12417217430220215,1.6619293206483858,0.16647098739881652,False,,,,,,,,,,,,,,,,False,,,,,,,,,,,,,,,,False,,,,,,,,,,,,,,,,False,,False,,False,,False,,,,,,,,,,,,,,,,False,,,,,,,,,,,,,,,,False,,,,,,,,,,,,,,,,False,,False,,False,,,,,,,,,,,,,,,,,,,,,,,,,,,,,,,,,,,,,,,,,,,,,,,,,,,,,,,,,,,,,,,,,,,,,,,,,,,,,,,,,,,,,,False,,,,,,,,,B1,5,2,2018-01-01,2020-12-31,2021-01-01,2021-12-31,B1,5,unfilled_1m,-0.4925811915952952
2398,2021-04-06 15:15:00+00:00,2021-04-06 10:30:00-05:00,2021-04-06 10:30:00-05:00,L,Long,B,38.69192495996652,13638.75,13620.213515517557,13694.35945344733,-0.9697092249085696,True,1.2407962265867651,0.9575710009528295,0,TIME,True,-1.0391120549684958,0.8766495079145623,1.2138223955740093,False,,,,,,,,,,,,,,,,False,,,,,,,,,,,,,,,,True,12.0,-1.037110054301301,-1.0,0.7805907973721913,1.2028776221800979,13639.75,2021-04-06 10:42:00-05:00,0.0,STOP,0.8207972270363951,1.0047522063815342,0.0003913360332815495,0.8238241024213748,,True,False,,False,,True,12.0,False,,,,,,,,,,,,,,,,False,,,,,,,,,,,,,,,,False,,,,,,,,,,,,,,,,False,,False,,True,13.0,,,,,,,,,,,,,,,-1.037110054301301,-1.0,0.7805907973721913,1.2028776221800979,13639.75,2021-04-06 10:42:00-05:00,0.0,STOP,0.8207972270363951,1.0047522063815342,0.0003913360332815495,0.8238241024213748,,True,,,,,,,,,,,,,,,-1.033663804349824,-1.0,0.6152350450140265,1.1840372564420887,13641.75,2021-04-06 10:43:00-05:00,0.0,STOP,0.8289278917318672,0.9731876861966235,0.00012154590688721802,0.8152512998266898,,True,,,,,,,,,,,,,,,,,,,,,,,,,,,,,False,,,,,,,,,B1,5,2,2018-01-01,2020-12-31,2021-01-01,2021-12-31,B1,5,unfilled_1m,-0.9697092249085696
2401,2021-04-07 15:30:00+00:00,2021-04-07 10:45:00-05:00,2021-04-07 10:45:00-05:00,S,Short,A,46.483396107522005,13596.479331537388,13614.127736902004,13543.53411544354,-1.0410801987500564,True,1.0754133954470584,1.1485835713663377,0,STOP,True,0.9068429247140685,2.024507642431119,0.7661127554175371,False,,,,,,,,,,,,,,,,False,,,,,,,,,,,,,,,,False,,,,,,,,,,,,,,,,False,,False,,False,,False,,,,,,,,,,,,,,,,False,,,,,,,,,,,,,,,,False,,,,,,,,,,,,,,,,False,,False,,False,,,,,,,,,,,,,,,,,,,,,,,,,,,,,,,,,,,,,,,,,,,,,,,,,,,,,,,,,,,,,,,,,,,,,,,,,,,,,,,,,,,,,,False,,,,,,,,,B1,5,2,2018-01-01,2020-12-31,2021-01-01,2021-12-31,B1,5,unfilled_1m,-1.0410801987500564
2406,2021-04-08 20:00:00+00:00,2021-04-08 15:15:00-05:00,2021-04-08 15:15:00-05:00,L,Long,B,43.89079275424106,13760.894553570924,13746.106591202,13805.258440677688,1.6824796958748052,True,2.4415430286020072,0.0,0,TIME,True,1.226027357709227,1.9850906904364292,0.0,False,,,,,,,,,,,,,,,,False,,,,,,,,,,,,,,,,False,,,,,,,,,,,,,,,,False,,False,,False,,False,,,,,,,,,,,,,,,,False,,,,,,,,,,,,,,,,False,,,,,,,,,,,,,,,,False,,False,,False,,,,,,,,,,,,,,,,,,,,,,,,,,,,,,,,,,,,,,,,,,,,,,,,,,,,,,,,,,,,,,,,,,,,,,,,,,,,,,,,,,,,,,False,,,,,,,,,B1,5,2,2018-01-01,2020-12-31,2021-01-01,2021-12-31,B1,5,unfilled_1m,1.6824796958748052
2410,2021-04-12 17:45:00+00:00,2021-04-12 13:00:00-05:00,2021-04-12 13:00:00-05:00,S,Short,B,38.943384630692286,13789.969593175649,13807.150104988106,13738.428057738269,-1.0421989756716272,True,0.21650071990006886,1.4714583069650191,1,STOP,True,-1.0421989756716272,0.6093877347738393,1.0058144374849949,False,,,,,,,,,,,,,,,,False,,,,,,,,,,,,,,,,False,,,,,,,,,,,,,,,,False,,False,,False,,False,,,,,,,,,,,,,,,,False,,,,,,,,,,,,,,,,False,,,,,,,,,,,,,,,,False,,False,,False,,,,,,,,,,,,,,,,,,,,,,,,,,,,,,,,,,,,,,,,,,,,,,,,,,,,,,,,,,,,,,,,,,,,,,,,,,,,,,,,,,,,,,False,,,,,,,,,B1,5,2,2018-01-01,2020-12-31,2021-01-01,2021-12-31,B1,5,unfilled_1m,-1.0421989756716272
2418,2021-04-14 18:00:00+00:00,2021-04-14 13:15:00-05:00,2021-04-14 13:15:00-05:00,S,Short,A,56.10506879297067,13827.5,13848.8886864461,13763.333940661698,-1.033896424720939,True,0.2571452909864336,1.8000170369050348,1,STOP,True,-1.033896424720939,0.5727326935606929,1.3441685665199936,False,,,,,,,,,,,,,,,,False,,,,,,,,,,,,,,,,False,,,,,,,,,,,,,,,,False,,False,,False,,False,,,,,,,,,,,,,,,,False,,,,,,,,,,,,,,,,False,,,,,,,,,,,,,,,,False,,False,,False,,,,,,,,,,,,,,,,,,,,,,,,,,,,,,,,,,,,,,,,,,,,,,,,,,,,,,,,,,,,,,,,,,,,,,,,,,,,,,,,,,,,,,False,,,,,,,,,B1,5,2,2018-01-01,2020-12-31,2021-01-01,2021-12-31,B1,5,unfilled_1m,-1.033896424720939
2426,2021-04-20 14:45:00+00:00,2021-04-20 10:00:00-05:00,2021-04-20 10:00:00-05:00,S,Short,A+,66.05481468057873,13822.164811723238,13844.307194364968,13755.737663798049,2.9672573628714356,True,3.586552224672059,0.36514535980984875,0,TARGET,True,2.9672573628714356,3.1688013371696857,0.06030011757838729,False,,,,,,,,,,,,,,,,False,,,,,,,,,,,,,,,,True,14.0,2.982013136577174,3.0,1.2900922730854723,0.08683313376536833,13804.0,2021-04-20 10:14:00-05:00,0.0,TARGET,0.8120310736338889,1.1332468495181616,0.0003234129334868428,0.7897965773329028,,True,False,,False,,True,14.0,False,,,,,,,,,,,,,,,,False,,,,,,,,,,,,,,,,False,,,,,,,,,,,,,,,,False,,False,,True,15.0,,,,,,,,,,,,,,,2.982013136577174,3.0,1.2900922730854723,0.08683313376536833,13804.0,2021-04-20 10:14:00-05:00,0.0,TARGET,0.8120310736338889,1.1332468495181616,0.0003234129334868428,0.7897965773329028,,True,,,,,,,,,,,,,,,2.9867111934834845,3.0,0.6919344082737433,0.0,13789.75,2021-04-20 10:15:00-05:00,0.0,TARGET,1.5105200476379514,1.755883710198431,0.0015593241581310585,1.5158356018856651,,True,,,,,,,,,,,,,,,,,,,,,,,,,,,,,False,,,,,,,,,B1,5,2,2018-01-01,2020-12-31,2021-01-01,2021-12-31,B1,5,unfilled_1m,2.9672573628714356
2430,2021-04-21 19:45:00+00:00,2021-04-21 15:00:00-05:00,2021-04-21 15:00:00-05:00,L,Long,A,51.82456566902002,13916.506972504454,13899.543235419864,13967.398183758223,-1.0427382242712653,True,0.5448697683449817,1.0320233340775629,0,STOP,True,-1.0427382242712653,0.14696216306078821,1.0172860153633334,False,,,,,,,,,,,,,,,,False,,,,,,,,,,,,,,,,False,,,,,,,,,,,,,,,,False,,False,,False,,False,,,,,,,,,,,,,,,,False,,,,,,,,,,,,,,,,False,,,,,,,,,,,,,,,,False,,False,,False,,,,,,,,,,,,,,,,,,,,,,,,,,,,,,,,,,,,,,,,,,,,,,,,,,,,,,,,,,,,,,,,,,,,,,,,,,,,,,,,,,,,,,False,,,,,,,,,B1,5,2,2018-01-01,2020-12-31,2021-01-01,2021-12-31,B1,5,unfilled_1m,-1.0427382242712653
2431,2021-04-22 16:30:00+00:00,2021-04-22 11:45:00-05:00,2021-04-22 11:45:00-05:00,L,Long,B,38.8154651872703,13935.542611565876,13918.89317387496,13985.490924638623,-1.0435450141595817,True,0.7782478108070923,6.279047587469893,0,STOP,True,-1.0435450141595815,0.37282871345926544,1.6692822954038622,False,,,,,,,,,,,,,,,,False,,,,,,,,,,,,,,,,True,13.0,-1.0379445542266101,-1.0,0.19626493565487982,1.5832038142826972,13938.0,2021-04-22 11:58:00-05:00,1.0,STOP,1.7997125059894585,1.3063439065108515,0.000322864717087449,1.8897162406922923,,True,False,,False,,True,13.0,False,,,,,,,,,,,,,,,,False,,,,,,,,,,,,,,,,True,13.0,-1.0379445542266101,-1.0,0.19626493565487982,1.5832038142826972,13938.0,2021-04-22 11:58:00-05:00,1.0,STOP,1.7997125059894585,1.3063439065108515,0.000322864717087449,1.8897162406922923,,True,False,,False,,True,14.0,,,,,,,,,,,,,,,-1.0379445542266101,-1.0,0.19626493565487982,1.5832038142826972,13938.0,2021-04-22 11:58:00-05:00,1.0,STOP,1.7997125059894585,1.3063439065108515,0.000322864717087449,1.8897162406922923,,True,,,,,,,,,,,,,,,-1.0379445542266101,-1.0,0.19626493565487982,1.5832038142826972,13938.0,2021-04-22 11:59:00-05:00,1.0,STOP,0.9079493866512123,0.7074051776038531,0.0,0.9008145663632008,,True,,,,,,,,,,,,,,,,,,,,,,,,,,,,,False,,,,,,,,,B1,5,2,2018-01-01,2020-12-31,2021-01-01,2021-12-31,B1,5,unfilled_1m,-1.0435450141595817
2433,2021-04-23 20:00:00+00:00,2021-04-23 15:15:00-05:00,2021-04-23 15:15:00-05:00,S,Short,A,48.33282934881674,13926.119889537891,13940.137623113296,13884.066688811676,0.0995089206388219,True,1.1321294881603186,0.4729802022876037,0,TIME,True,0.5810418277731986,1.6136623952946954,0.0,False,,,,,,,,,,,,,,,,False,,,,,,,,,,,,,,,,False,,,,,,,,,,,,,,,,False,,False,,False,,False,,,,,,,,,,,,,,,,False,,,,,,,,,,,,,,,,False,,,,,,,,,,,,,,,,False,,False,,False,,,,,,,,,,,,,,,,,,,,,,,,,,,,,,,,,,,,,,,,,,,,,,,,,,,,,,,,,,,,,,,,,,,,,,,,,,,,,,,,,,,,,,False,,,,,,,,,B1,5,2,2018-01-01,2020-12-31,2021-01-01,2021-12-31,B1,5,unfilled_1m,0.0995089206388219
2441,2021-04-29 16:00:00+00:00,2021-04-29 11:15:00-05:00,2021-04-29 11:15:00-05:00,S,Short,A+,67.39731052002088,13851.431962752007,13875.28972215766,13779.85868453506,-1.0303884362178708,True,0.9716739261992068,1.333655717915125,0,STOP,True,-1.0303884362178708,1.254600746158693,1.0507288979556388,False,,,,,,,,,,,,,,,,False,,,,,,,,,,,,,,,,True,11.0,-1.014708948808455,-1.0,0.06086461575912435,1.0245543652785933,13826.0,2021-04-29 11:26:00-05:00,1.0,STOP,1.3400811119969496,1.8423560808234845,0.0013555733791876558,1.3164884560375945,,True,False,,False,,True,11.0,False,,,,,,,,,,,,,,,,False,,,,,,,,,,,,,,,,False,,,,,,,,,,,,,,,,False,,False,,True,12.0,,,,,,,,,,,,,,,-1.014708948808455,-1.0,0.06086461575912435,1.0245543652785933,13826.0,2021-04-29 11:26:00-05:00,1.0,STOP,1.3400811119969496,1.8423560808234845,0.0013555733791876558,1.3164884560375945,,True,,,,,,,,,,,,,,,-1.0171436453826093,-1.0,0.029558009280360637,1.0286187229565502,13833.0,2021-04-29 11:27:00-05:00,1.0,STOP,1.3638266296282202,1.473926632669847,-0.0006904951835234978,1.2423307566986723,,True,,,,,,,,,,,,,,,,,,,,,,,,,,,,,False,,,,,,,,,B1,5,2,2018-01-01,2020-12-31,2021-01-01,2021-12-31,B1,5,unfilled_1m,-1.0303884362178708
2450,2021-05-04 17:15:00+00:00,2021-05-04 12:30:00-05:00,2021-05-04 12:30:00-05:00,L,Long,B,42.666192495629865,13456.75,13428.480685495071,13541.55794351478,0.045101907220909,True,0.8931946331983955,0.9727862341764704,0,TIME,True,-1.0256461825373797,0.21224426927486625,1.1142824136930478,False,,,,,,,,,,,,,,,,False,,,,,,,,,,,,,,,,False,,,,,,,,,,,,,,,,False,,False,,False,,False,,,,,,,,,,,,,,,,False,,,,,,,,,,,,,,,,False,,,,,,,,,,,,,,,,False,,False,,False,,,,,,,,,,,,,,,,,,,,,,,,,,,,,,,,,,,,,,,,,,,,,,,,,,,,,,,,,,,,,,,,,,,,,,,,,,,,,,,,,,,,,,False,,,,,,,,,B1,5,2,2018-01-01,2020-12-31,2021-01-01,2021-12-31,B1,5,unfilled_1m,0.045101907220909
2453,2021-05-05 19:15:00+00:00,2021-05-05 14:30:00-05:00,2021-05-05 14:30:00-05:00,S,Short,A+,68.99895480582506,13512.758626856928,13536.40390410333,13441.822795117714,0.4877771885158845,True,1.4805758668892726,0.5705736922634143,0,TIME,True,0.7732464570577533,1.7660451354311413,0.2851044237215455,False,,,,,,,,,,,,,,,,False,,,,,,,,,,,,,,,,False,,,,,,,,,,,,,,,,False,,False,,False,,False,,,,,,,,,,,,,,,,False,,,,,,,,,,,,,,,,False,,,,,,,,,,,,,,,,False,,False,,False,,,,,,,,,,,,,,,,,,,,,,,,,,,,,,,,,,,,,,,,,,,,,,,,,,,,,,,,,,,,,,,,,,,,,,,,,,,,,,,,,,,,,,False,,,,,,,,,B1,5,2,2018-01-01,2020-12-31,2021-01-01,2021-12-31,B1,5,unfilled_1m,0.4877771885158845
2456,2021-05-06 20:00:00+00:00,2021-05-06 15:15:00-05:00,2021-05-06 15:15:00-05:00,L,Long,A,55.52061729861981,13604.0,13575.040325683452,13690.879022949644,0.4929268141611412,True,0.8287386017420237,0.1812865691310677,0,TIME,True,0.259844082421197,0.5956558700020795,0.41436930087101187,False,,,,,,,,,,,,,,,,False,,,,,,,,,,,,,,,,False,,,,,,,,,,,,,,,,False,,False,,False,,False,,,,,,,,,,,,,,,,False,,,,,,,,,,,,,,,,False,,,,,,,,,,,,,,,,False,,False,,False,,,,,,,,,,,,,,,,,,,,,,,,,,,,,,,,,,,,,,,,,,,,,,,,,,,,,,,,,,,,,,,,,,,,,,,,,,,,,,,,,,,,,,False,,,,,,,,,B1,5,2,2018-01-01,2020-12-31,2021-01-01,2021-12-31,B1,5,unfilled_1m,0.4929268141611412
2459,2021-05-10 20:00:00+00:00,2021-05-10 15:15:00-05:00,2021-05-10 15:15:00-05:00,S,Short,A,55.90022392813741,13355.985225962237,13380.65061658238,13281.989054101809,1.3687286158228016,True,1.7731414286429654,0.0,0,TIME,True,1.6423914214905817,2.0468042343107453,0.0,False,,,,,,,,,,,,,,,,False,,,,,,,,,,,,,,,,False,,,,,,,,,,,,,,,,False,,False,,False,,False,,,,,,,,,,,,,,,,False,,,,,,,,,,,,,,,,False,,,,,,,,,,,,,,,,False,,False,,False,,,,,,,,,,,,,,,,,,,,,,,,,,,,,,,,,,,,,,,,,,,,,,,,,,,,,,,,,,,,,,,,,,,,,,,,,,,,,,,,,,,,,,False,,,,,,,,,B1,5,2,2018-01-01,2020-12-31,2021-01-01,2021-12-31,B1,5,unfilled_1m,1.3687286158228016
2462,2021-05-11 17:30:00+00:00,2021-05-11 12:45:00-05:00,2021-05-11 12:45:00-05:00,L,Long,A+,70.0841555234846,13370.72975597962,13332.982348264422,13483.97197912521,-1.0192066169277127,True,0.15948761477348777,1.1849755701664009,1,STOP,True,-1.0192066169277127,0.0,1.1319917993313313,False,,,,,,,,,,,,,,,,False,,,,,,,,,,,,,,,,False,,,,,,,,,,,,,,,,False,,False,,False,,False,,,,,,,,,,,,,,,,False,,,,,,,,,,,,,,,,False,,,,,,,,,,,,,,,,False,,False,,False,,,,,,,,,,,,,,,,,,,,,,,,,,,,,,,,,,,,,,,,,,,,,,,,,,,,,,,,,,,,,,,,,,,,,,,,,,,,,,,,,,,,,,False,,,,,,,,,B1,5,2,2018-01-01,2020-12-31,2021-01-01,2021-12-31,B1,5,unfilled_1m,-1.0192066169277127
2464,2021-05-12 14:45:00+00:00,2021-05-12 10:00:00-05:00,2021-05-12 10:00:00-05:00,S,Short,A,53.70113688354945,13066.75,13106.620584611232,12947.138246166309,-1.0181838316911904,True,0.28216290555295387,1.034597320360831,1,STOP,True,-1.0181838316911904,0.4514606488847262,1.034597320360831,False,,,,,,,,,,,,,,,,False,,,,,,,,,,,,,,,,False,,,,,,,,,,,,,,,,False,,False,,False,,False,,,,,,,,,,,,,,,,False,,,,,,,,,,,,,,,,False,,,,,,,,,,,,,,,,False,,False,,False,,,,,,,,,,,,,,,,,,,,,,,,,,,,,,,,,,,,,,,,,,,,,,,,,,,,,,,,,,,,,,,,,,,,,,,,,,,,,,,,,,,,,,False,,,,,,,,,B1,5,2,2018-01-01,2020-12-31,2021-01-01,2021-12-31,B1,5,unfilled_1m,-1.0181838316911904
2466,2021-05-12 17:00:00+00:00,2021-05-12 12:15:00-05:00,2021-05-12 12:15:00-05:00,RL,Long,A,55.72690441596253,13052.2029185542,13013.329914337448,13149.38542909608,-0.6541279498856399,True,0.6636245889810467,0.9763309864752983,0,TIME,True,-1.0186504751718566,0.48998223393272783,1.072798961502142,False,,,,,,,,,,,,,,,,False,,,,,,,,,,,,,,,,False,,,,,,,,,,,,,,,,False,,False,,False,,False,,,,,,,,,,,,,,,,False,,,,,,,,,,,,,,,,False,,,,,,,,,,,,,,,,False,,False,,False,,,,,,,,,,,,,,,,,,,,,,,,,,,,,,,,,,,,,,,,,,,,,,,,,,,,,,,,,,,,,,,,,,,,,,,,,,,,,,,,,,,,,,False,,,,,,,,,B1,5,2,2018-01-01,2020-12-31,2021-01-01,2021-12-31,B1,5,unfilled_1m,-0.6541279498856399
2467,2021-05-12 19:15:00+00:00,2021-05-12 14:30:00-05:00,2021-05-12 14:30:00-05:00,S,Short,B,39.879513806441935,13009.5,13044.135441249427,12905.593676251716,0.9823752426010294,True,1.2415028782320137,0.9166910786945682,0,TIME,True,1.1772623223234968,1.436389957954481,0.7218039989721009,False,,,,,,,,,,,,,,,,False,,,,,,,,,,,,,,,,False,,,,,,,,,,,,,,,,False,,False,,False,,False,,,,,,,,,,,,,,,,False,,,,,,,,,,,,,,,,False,,,,,,,,,,,,,,,,False,,False,,False,,,,,,,,,,,,,,,,,,,,,,,,,,,,,,,,,,,,,,,,,,,,,,,,,,,,,,,,,,,,,,,,,,,,,,,,,,,,,,,,,,,,,,False,,,,,,,,,B1,5,2,2018-01-01,2020-12-31,2021-01-01,2021-12-31,B1,5,unfilled_1m,0.9823752426010294
2468,2021-05-13 15:15:00+00:00,2021-05-13 10:30:00-05:00,2021-05-13 10:30:00-05:00,S,Short,A+,77.56463728864725,13124.593269598156,13159.595499182424,13019.586580845347,-0.2251779528178091,True,1.7096987908750862,0.44016425767257533,0,TIME,True,-0.03233309464243751,1.902543649050458,0.2473193994972037,False,,,,,,,,,,,,,,,,True,10.0,-0.15091162205640518,-0.13719238368764108,0.9225005110031038,0.7616542680589728,13106.75,2021-05-13 10:40:00-05:00,0.0,TIME,0.9171086715184408,1.036381377195428,0.0010832886439852989,0.9137274179673097,,True,True,10.0,-0.15091162205640518,-0.13719238368764108,0.9225005110031038,0.7616542680589728,13106.75,2021-05-13 10:40:00-05:00,0.0,TIME,0.9171086715184408,1.036381377195428,0.0010832886439852989,0.9137274179673097,,True,False,,True,10.0,True,10.0,False,,,,,,,,,,,,,,,,False,,,,,,,,,,,,,,,,False,,,,,,,,,,,,,,,,False,,False,,False,,-0.15091162205640518,-0.13719238368764108,0.9225005110031038,0.7616542680589728,13106.75,2021-05-13 10:40:00-05:00,0.0,TIME,0.9171086715184408,1.036381377195428,0.0010832886439852989,0.9137274179673097,,True,-0.15091162205640518,-0.13719238368764108,0.9225005110031038,0.7616542680589728,13106.75,2021-05-13 10:40:00-05:00,0.0,TIME,0.9171086715184408,1.036381377195428,0.0010832886439852989,0.9137274179673097,,True,,,,,,,,,,,,,,,,,,,,,,,,,,,,,,,,,,,,,,,,,,,,,,,,,,,,,,,,,False,,,,,,,,,B1,5,2,2018-01-01,2020-12-31,2021-01-01,2021-12-31,B1,5,unfilled_1m,-0.2251779528178091
2471,2021-05-14 18:45:00+00:00,2021-05-14 14:00:00-05:00,2021-05-14 14:00:00-05:00,L,Long,B,45.70622177831779,13413.759127430048,13396.686632827932,13464.976611236392,-1.0424659674462644,True,0.6437766024297956,1.4502348957825506,0,STOP,True,-1.0424659674462644,0.24840380206802393,1.1720095918242668,False,,,,,,,,,,,,,,,,False,,,,,,,,,,,,,,,,True,15.0,-1.0588791018629424,-1.0,0.2030313857342841,1.1572788986854192,13409.0,2021-05-14 14:15:00-05:00,1.0,STOP,0.9440538784190937,1.0552033808769148,0.0004049995188412859,0.9262157305975772,,True,False,,False,,True,15.0,False,,,,,,,,,,,,,,,,False,,,,,,,,,,,,,,,,True,15.0,-1.0588791018629424,-1.0,0.2030313857342841,1.1572788986854192,13409.0,2021-05-14 14:15:00-05:00,1.0,STOP,0.9440538784190937,1.0552033808769148,0.0004049995188412859,0.9262157305975772,,True,False,,False,,False,,,,,,,,,,,,,,,,-1.0588791018629424,-1.0,0.2030313857342841,1.1572788986854192,13409.0,2021-05-14 14:15:00-05:00,1.0,STOP,0.9440538784190937,1.0552033808769148,0.0004049995188412859,0.9262157305975772,,True,,,,,,,,,,,,,,,,,,,,,,,,,,,,,,,,,,,,,,,,,,,,,,,,,,,,,,,,,False,,,,,,,,,B1,5,2,2018-01-01,2020-12-31,2021-01-01,2021-12-31,B1,5,unfilled_1m,-1.0424659674462644
2474,2021-05-17 19:00:00+00:00,2021-05-17 14:15:00-05:00,2021-05-17 14:15:00-05:00,L,Long,A,60.11678941189902,13271.191298121776,13245.109043345115,13349.438062451747,1.6134993787378822,True,2.00552836885226,0.6782886783855337,0,TIME,True,1.354702734897095,1.7467317250114727,0.937085322226321,False,,,,,,,,,,,,,,,,False,,,,,,,,,,,,,,,,False,,,,,,,,,,,,,,,,False,,False,,False,,False,,,,,,,,,,,,,,,,False,,,,,,,,,,,,,,,,False,,,,,,,,,,,,,,,,False,,False,,False,,,,,,,,,,,,,,,,,,,,,,,,,,,,,,,,,,,,,,,,,,,,,,,,,,,,,,,,,,,,,,,,,,,,,,,,,,,,,,,,,,,,,,False,,,,,,,,,B1,5,2,2018-01-01,2020-12-31,2021-01-01,2021-12-31,B1,5,unfilled_1m,1.6134993787378822
2478,2021-05-19 15:15:00+00:00,2021-05-19 10:30:00-05:00,2021-05-19 10:30:00-05:00,L,Long,B,41.83016758591139,13132.25,13100.06023481841,13228.819295544772,0.9871149982222328,True,1.4057263153282782,0.9164403602692642,0,TIME,True,-1.0225226868201769,0.00776644373109546,1.1261343410088416,False,,,,,,,,,,,,,,,,True,9.0,-1.026911890104203,-1.0,0.1299194694685656,1.1507153010072955,13127.0,2021-05-19 10:39:00-05:00,1.0,STOP,1.1946090513398708,1.6603498542274053,0.0010930467873488288,1.204144201289777,,True,True,9.0,-1.026911890104203,-1.0,0.1299194694685656,1.1507153010072955,13127.0,2021-05-19 10:39:00-05:00,1.0,STOP,1.1946090513398708,1.6603498542274053,0.0010930467873488288,1.204144201289777,,True,False,,True,9.0,True,9.0,False,,,,,,,,,,,,,,,,True,9.0,-1.026911890104203,-1.0,0.1299194694685656,1.1507153010072955,13127.0,2021-05-19 10:39:00-05:00,1.0,STOP,1.1946090513398708,1.6603498542274053,0.0010930467873488288,1.204144201289777,,True,True,9.0,-1.026911890104203,-1.0,0.1299194694685656,1.1507153010072955,13127.0,2021-05-19 10:39:00-05:00,1.0,STOP,1.1946090513398708,1.6603498542274053,0.0010930467873488288,1.204144201289777,,True,False,,True,10.0,True,10.0,-1.026911890104203,-1.0,0.1299194694685656,1.1507153010072955,13127.0,2021-05-19 10:39:00-05:00,1.0,STOP,1.1946090513398708,1.6603498542274053,0.0010930467873488288,1.204144201289777,,True,-1.026911890104203,-1.0,0.1299194694685656,1.1507153010072955,13127.0,2021-05-19 10:39:00-05:00,1.0,STOP,1.1946090513398708,1.6603498542274053,0.0010930467873488288,1.204144201289777,,True,-1.0266644450644566,-1.0,0.0,1.1493295286403706,13127.25,2021-05-19 10:40:00-05:00,1.0,STOP,0.6734738214208125,0.9262025694651927,1.282611833279087e-05,0.6502700718443547,,True,-1.0266644450644566,-1.0,0.0,1.1493295286403706,13127.25,2021-05-19 10:40:00-05:00,1.0,STOP,0.6734738214208125,0.9262025694651927,1.282611833279087e-05,0.6502700718443547,,True,,,,,,,,,,,,,,,,,,,,,,,,,,,,,False,,,,,,,,,B1,5,2,2018-01-01,2020-12-31,2021-01-01,2021-12-31,B1,5,unfilled_1m,0.9871149982222328
2487,2021-05-21 19:45:00+00:00,2021-05-21 15:00:00-05:00,2021-05-21 15:00:00-05:00,S,Short,B,42.75304334699515,13418.638463093404,13438.446487978636,13359.214388437704,1.977151347512932,True,2.7962638079429145,0.45999219808074543,0,TIME,True,2.9633986728005093,3.137034785317484,0.11922122070617636,False,,,,,,,,,,,,,,,,False,,,,,,,,,,,,,,,,False,,,,,,,,,,,,,,,,False,,False,,False,,False,,,,,,,,,,,,,,,,False,,,,,,,,,,,,,,,,False,,,,,,,,,,,,,,,,False,,False,,False,,,,,,,,,,,,,,,,,,,,,,,,,,,,,,,,,,,,,,,,,,,,,,,,,,,,,,,,,,,,,,,,,,,,,,,,,,,,,,,,,,,,,,False,,,,,,,,,B1,5,2,2018-01-01,2020-12-31,2021-01-01,2021-12-31,B1,5,unfilled_1m,1.977151347512932
2506,2021-06-02 20:00:00+00:00,2021-06-02 15:15:00-05:00,2021-06-02 15:15:00-05:00,L,Long,B,37.53484899227038,13684.25,13669.42868694098,13728.713939177063,0.3390387869138292,True,0.6409688508818662,0.9783208776617958,0,TIME,True,-1.0489160438830898,0.0,1.2313348977467429,False,,,,,,,,,,,,,,,,False,,,,,,,,,,,,,,,,False,,,,,,,,,,,,,,,,False,,False,,False,,False,,,,,,,,,,,,,,,,False,,,,,,,,,,,,,,,,False,,,,,,,,,,,,,,,,False,,False,,False,,,,,,,,,,,,,,,,,,,,,,,,,,,,,,,,,,,,,,,,,,,,,,,,,,,,,,,,,,,,,,,,,,,,,,,,,,,,,,,,,,,,,,False,,,,,,,,,B1,5,2,2018-01-01,2020-12-31,2021-01-01,2021-12-31,B1,5,unfilled_1m,0.3390387869138292
2507,2021-06-03 15:00:00+00:00,2021-06-03 10:15:00-05:00,2021-06-03 10:15:00-05:00,L,Long,A+,77.08066155254669,13589.229364915396,13563.13646639746,13667.508060469208,-1.0277853378190869,True,0.5469164368532757,1.8292090042272298,0,STOP,True,-1.0277853378190867,0.28822536060660786,1.1776907381245105,False,,,,,,,,,,,,,,,,False,,,,,,,,,,,,,,,,False,,,,,,,,,,,,,,,,False,,False,,False,,False,,,,,,,,,,,,,,,,False,,,,,,,,,,,,,,,,False,,,,,,,,,,,,,,,,False,,False,,False,,,,,,,,,,,,,,,,,,,,,,,,,,,,,,,,,,,,,,,,,,,,,,,,,,,,,,,,,,,,,,,,,,,,,,,,,,,,,,,,,,,,,,False,,,,,,,,,B1,5,2,2018-01-01,2020-12-31,2021-01-01,2021-12-31,B1,5,unfilled_1m,-1.0277853378190869
2515,2021-06-10 14:45:00+00:00,2021-06-10 10:00:00-05:00,2021-06-10 10:00:00-05:00,S,Short,A+,66.22109341568645,13903.755674030266,13930.421515605196,13823.758149305477,-0.9176281161416244,True,1.837769638455342,0.9748173856313878,0,TIME,True,-0.6644952839738186,2.0909024706231474,0.7216845534635821,False,,,,,,,,,,,,,,,,False,,,,,,,,,,,,,,,,False,,,,,,,,,,,,,,,,False,,False,,False,,False,,,,,,,,,,,,,,,,False,,,,,,,,,,,,,,,,False,,,,,,,,,,,,,,,,False,,False,,False,,,,,,,,,,,,,,,,,,,,,,,,,,,,,,,,,,,,,,,,,,,,,,,,,,,,,,,,,,,,,,,,,,,,,,,,,,,,,,,,,,,,,,False,,,,,,,,,B1,5,2,2018-01-01,2020-12-31,2021-01-01,2021-12-31,B1,5,unfilled_1m,-0.9176281161416244
2527,2021-06-16 17:00:00+00:00,2021-06-16 12:15:00-05:00,2021-06-16 12:15:00-05:00,L,Long,B,39.511181592377014,14034.989559522206,14022.03101999255,14073.865178111171,-1.055947662801105,True,1.4477279970369932,1.233901357912528,0,STOP,True,-1.055947662801105,0.0,1.0409783827363035,False,,,,,,,,,,,,,,,,False,,,,,,,,,,,,,,,,True,15.0,0.2968128598485926,1.0,3.3946965386619667,0.4849566483802809,14021.0,2021-06-16 12:30:00-05:00,0.0,STOP,1.4468232044198894,1.4107744107744107,0.0005935843759772853,1.5135916192540415,,True,False,,False,,True,15.0,False,,,,,,,,,,,,,,,,False,,,,,,,,,,,,,,,,True,15.0,0.2968128598485926,1.0,3.3946965386619667,0.4849566483802809,14021.0,2021-06-16 12:30:00-05:00,0.0,STOP,1.4468232044198894,1.4107744107744107,0.0005935843759772853,1.5135916192540415,,True,False,,False,,False,,,,,,,,,,,,,,,,0.2968128598485926,1.0,3.3946965386619667,0.4849566483802809,14021.0,2021-06-16 12:30:00-05:00,0.0,STOP,1.4468232044198894,1.4107744107744107,0.0005935843759772853,1.5135916192540415,,True,,,,,,,,,,,,,,,,,,,,,,,,,,,,,,,,,,,,,,,,,,,,,,,,,,,,,,,,,False,,,,,,,,,B1,5,2,2018-01-01,2020-12-31,2021-01-01,2021-12-31,B1,5,unfilled_1m,-1.055947662801105
2534,2021-06-18 19:30:00+00:00,2021-06-18 14:45:00-05:00,2021-06-18 14:45:00-05:00,RL,Long,B,45.768414563965784,14083.326334369527,14058.674184296024,14144.95670955329,-1.029409199515593,True,0.9197439396916114,1.6358140871805968,0,STOP,True,-1.029409199515593,0.3417010526609929,1.1186178198374117,False,,,,,,,,,,,,,,,,True,8.0,-1.027280442040826,-1.0,0.11288458775514211,1.1100317795922308,14085.25,2021-06-18 14:53:00-05:00,1.0,STOP,1.2646492004791916,0.8256256800870511,0.0004490862024749081,1.3029246042393345,,True,True,8.0,-1.027280442040826,-1.0,0.11288458775514211,1.1100317795922308,14085.25,2021-06-18 14:53:00-05:00,1.0,STOP,1.2646492004791916,0.8256256800870511,0.0004490862024749081,1.3029246042393345,,True,False,,True,8.0,True,8.0,False,,,,,,,,,,,,,,,,False,,,,,,,,,,,,,,,,False,,,,,,,,,,,,,,,,False,,False,,False,,-1.027280442040826,-1.0,0.11288458775514211,1.1100317795922308,14085.25,2021-06-18 14:53:00-05:00,1.0,STOP,1.2646492004791916,0.8256256800870511,0.0004490862024749081,1.3029246042393345,,True,-1.027280442040826,-1.0,0.11288458775514211,1.1100317795922308,14085.25,2021-06-18 14:53:00-05:00,1.0,STOP,1.2646492004791916,0.8256256800870511,0.0004490862024749081,1.3029246042393345,,True,,,,,,,,,,,,,,,,,,,,,,,,,,,,,,,,,,,,,,,,,,,,,,,,,,,,,,,,,False,,,,,,,,,B1,5,2,2018-01-01,2020-12-31,2021-01-01,2021-12-31,B1,5,unfilled_1m,-1.029409199515593
2559,2021-07-01 15:15:00+00:00,2021-07-01 10:30:00-05:00,2021-07-01 10:30:00-05:00,S,Short,B,44.62103171501134,14505.75,14523.482087716582,14452.553736850252,-1.0408863305656908,True,0.08459240806694636,1.6918481613389271,1,STOP,True,-1.0408863305656908,0.8882202847029367,1.0292076314811807,False,,,,,,,,,,,,,,,,False,,,,,,,,,,,,,,,,False,,,,,,,,,,,,,,,,False,,False,,False,,False,,,,,,,,,,,,,,,,False,,,,,,,,,,,,,,,,False,,,,,,,,,,,,,,,,False,,False,,False,,,,,,,,,,,,,,,,,,,,,,,,,,,,,,,,,,,,,,,,,,,,,,,,,,,,,,,,,,,,,,,,,,,,,,,,,,,,,,,,,,,,,,False,,,,,,,,,B1,5,2,2018-01-01,2020-12-31,2021-01-01,2021-12-31,B1,5,unfilled_1m,-1.0408863305656908
2563,2021-07-02 15:45:00+00:00,2021-07-02 11:00:00-05:00,2021-07-02 11:00:00-05:00,L,Long,B,37.699086799318074,14677.037313526866,14663.572094321911,14717.432971141723,1.8557207344935451,True,1.9652622115054674,0.5226289613076827,0,TIME,True,-1.0538424209041652,0.0,1.0053541142415774,False,,,,,,,,,,,,,,,,False,,,,,,,,,,,,,,,,False,,,,,,,,,,,,,,,,False,,False,,False,,False,,,,,,,,,,,,,,,,False,,,,,,,,,,,,,,,,False,,,,,,,,,,,,,,,,False,,False,,False,,,,,,,,,,,,,,,,,,,,,,,,,,,,,,,,,,,,,,,,,,,,,,,,,,,,,,,,,,,,,,,,,,,,,,,,,,,,,,,,,,,,,,False,,,,,,,,,B1,5,2,2018-01-01,2020-12-31,2021-01-01,2021-12-31,B1,5,unfilled_1m,1.8557207344935451
2571,2021-07-08 17:30:00+00:00,2021-07-08 12:45:00-05:00,2021-07-08 12:45:00-05:00,L,Long,B,41.26492870828122,14758.75,14731.153853430817,14841.538439707549,-1.0262717839312248,True,0.1540070092520077,1.839024875185739,1,STOP,True,-1.0262717839312248,0.0,1.105226772279114,False,,,,,,,,,,,,,,,,False,,,,,,,,,,,,,,,,False,,,,,,,,,,,,,,,,False,,False,,False,,False,,,,,,,,,,,,,,,,False,,,,,,,,,,,,,,,,False,,,,,,,,,,,,,,,,False,,False,,False,,,,,,,,,,,,,,,,,,,,,,,,,,,,,,,,,,,,,,,,,,,,,,,,,,,,,,,,,,,,,,,,,,,,,,,,,,,,,,,,,,,,,,False,,,,,,,,,B1,5,2,2018-01-01,2020-12-31,2021-01-01,2021-12-31,B1,5,unfilled_1m,-1.0262717839312248
2581,2021-07-14 15:15:00+00:00,2021-07-14 10:30:00-05:00,2021-07-14 10:30:00-05:00,S,Short,A,57.19637315340505,14963.400137895358,14984.667034695549,14899.59944749479,2.9659094598139255,True,4.09792452157741,0.0,0,TARGET,True,2.9659094598139255,3.169251185474006,0.0,False,,,,,,,,,,,,,,,,True,8.0,2.9903867872434025,3.0,0.1756897503791941,0.09613212756597413,14909.25,2021-07-14 10:38:00-05:00,0.0,TARGET,0.8420085731781995,1.1312217194570136,0.0003528244834141841,0.8181784372791848,,True,True,8.0,2.9903867872434025,3.0,0.1756897503791941,0.09613212756597413,14909.25,2021-07-14 10:38:00-05:00,0.0,TARGET,0.8420085731781995,1.1312217194570136,0.0003528244834141841,0.8181784372791848,,True,False,,True,8.0,True,8.0,False,,,,,,,,,,,,,,,,False,,,,,,,,,,,,,,,,False,,,,,,,,,,,,,,,,False,,True,10.0,True,10.0,2.9903867872434025,3.0,0.1756897503791941,0.09613212756597413,14909.25,2021-07-14 10:38:00-05:00,0.0,TARGET,0.8420085731781995,1.1312217194570136,0.0003528244834141841,0.8181784372791848,,True,2.9903867872434025,3.0,0.1756897503791941,0.09613212756597413,14909.25,2021-07-14 10:38:00-05:00,0.0,TARGET,0.8420085731781995,1.1312217194570136,0.0003528244834141841,0.8181784372791848,,True,2.991308729654008,3.0,0.06293678526407916,0.0449548466171994,14901.25,2021-07-14 10:40:00-05:00,0.0,TARGET,1.0358357311012294,1.207527443805541,0.0007987870049228561,1.0289150365613748,,True,2.991308729654008,3.0,0.06293678526407916,0.0449548466171994,14901.25,2021-07-14 10:40:00-05:00,0.0,TARGET,1.0358357311012294,1.207527443805541,0.0007987870049228561,1.0289150365613748,,True,,,,,,,,,,,,,,,,,,,,,,,,,,,,,False,,,,,,,,,B1,5,2,2018-01-01,2020-12-31,2021-01-01,2021-12-31,B1,5,unfilled_1m,2.9659094598139255
2584,2021-07-16 15:15:00+00:00,2021-07-16 10:30:00-05:00,2021-07-16 10:30:00-05:00,S,Short,A,50.84447214384006,14724.75,14745.558561242824,14662.324316271528,-1.034841428561046,True,0.09611428568564376,1.2855285710454851,1,STOP,True,-1.0348414285610459,1.3936571424418345,1.2975428567561906,False,,,,,,,,,,,,,,,,False,,,,,,,,,,,,,,,,False,,,,,,,,,,,,,,,,False,,False,,False,,False,,,,,,,,,,,,,,,,False,,,,,,,,,,,,,,,,False,,,,,,,,,,,,,,,,False,,False,,False,,,,,,,,,,,,,,,,,,,,,,,,,,,,,,,,,,,,,,,,,,,,,,,,,,,,,,,,,,,,,,,,,,,,,,,,,,,,,,,,,,,,,,False,,,,,,,,,B1,5,2,2018-01-01,2020-12-31,2021-01-01,2021-12-31,B1,5,unfilled_1m,-1.034841428561046
2589,2021-07-20 14:45:00+00:00,2021-07-20 10:00:00-05:00,2021-07-20 10:00:00-05:00,L,Long,A+,63.82511524193063,14649.5064763463,14626.693516077416,14717.945357152956,2.968219819284529,True,3.079106035594574,0.0,0,TARGET,True,2.313094093521667,2.4544611042904863,0.4495898921232533,False,,,,,,,,,,,,,,,,True,7.0,2.977731010457887,3.0,1.8045560491022528,0.38394809555367077,14659.25,2021-07-20 10:07:00-05:00,0.0,TARGET,1.0818614130434783,1.346723044397463,0.0006091977788279095,1.0695546320782436,,True,True,7.0,2.977731010457887,3.0,1.8045560491022528,0.38394809555367077,14659.25,2021-07-20 10:07:00-05:00,0.0,TARGET,1.0818614130434783,1.346723044397463,0.0006091977788279095,1.0695546320782436,,True,False,,True,7.0,True,7.0,False,,,,,,,,,,,,,,,,False,,,,,,,,,,,,,,,,False,,,,,,,,,,,,,,,,False,,False,,True,11.0,2.977731010457887,3.0,1.8045560491022528,0.38394809555367077,14659.25,2021-07-20 10:07:00-05:00,0.0,TARGET,1.0818614130434783,1.346723044397463,0.0006091977788279095,1.0695546320782436,,True,2.977731010457887,3.0,1.8045560491022528,0.38394809555367077,14659.25,2021-07-20 10:07:00-05:00,0.0,TARGET,1.0818614130434783,1.346723044397463,0.0006091977788279095,1.0695546320782436,,True,,,,,,,,,,,,,,,2.977731010457887,3.0,1.8045560491022528,0.10750546675502781,14659.25,2021-07-20 10:11:00-05:00,0.0,TARGET,0.6930473700536182,0.689594356261023,0.0005441139257304101,0.671850165385111,,True,,,,,,,,,,,,,,,,,,,,,,,,,,,,,False,,,,,,,,,B1,5,2,2018-01-01,2020-12-31,2021-01-01,2021-12-31,B1,5,unfilled_1m,2.968219819284529
2604,2021-07-27 18:15:00+00:00,2021-07-27 13:30:00-05:00,2021-07-27 13:30:00-05:00,L,Long,A,55.87389125821729,14869.308721703896,14842.716731266057,14949.08469301742,2.9727361514477546,True,3.166038980530965,0.0,0,TARGET,True,1.5499508542788922,2.6301633365730352,0.07741886447755833,False,,,,,,,,,,,,,,,,True,6.0,0.4617665706702126,0.47891283257730116,1.2830133909786956,0.2778876929769525,14885.0,2021-07-27 13:36:00-05:00,0.0,TIME,0.7762338284619071,0.9329110279297437,6.51913856103034e-05,0.7409101303453007,,True,True,6.0,0.4617665706702126,0.47891283257730116,1.2830133909786956,0.2778876929769525,14885.0,2021-07-27 13:36:00-05:00,0.0,TIME,0.7762338284619071,0.9329110279297437,6.51913856103034e-05,0.7409101303453007,,True,False,,False,,True,14.0,False,,,,,,,,,,,,,,,,False,,,,,,,,,,,,,,,,False,,,,,,,,,,,,,,,,False,,False,,True,15.0,,,,,,,,,,,,,,,0.6319993664104683,0.6497762642047491,1.3669821407326326,0.01838989426994573,14883.5,2021-07-27 13:44:00-05:00,0.0,TIME,0.7140876317249029,1.0185917721518987,0.0002639791621512798,0.7019696040346214,,True,,,,,,,,,,,,,,,0.39597489660997803,0.4114718898646195,1.0634143647150558,0.016031372332387776,14889.5,2021-07-27 13:45:00-05:00,0.0,TIME,1.524252491694352,1.9065824468085106,0.0006144734068039996,1.5904048807542983,,True,,,,,,,,,,,,,,,,,,,,,,,,,,,,,False,,,,,,,,,B1,5,2,2018-01-01,2020-12-31,2021-01-01,2021-12-31,B1,5,unfilled_1m,2.9727361514477546
2617,2021-08-04 16:00:00+00:00,2021-08-04 11:15:00-05:00,2021-08-04 11:15:00-05:00,L,Long,B,37.55648567461892,15072.5,15054.409176985831,15126.772469042502,1.6458621023864144,True,1.8932250883873951,0.6356814165388334,0,TIME,True,-1.0400755675644047,0.0,1.0364370921828805,False,,,,,,,,,,,,,,,,False,,,,,,,,,,,,,,,,True,15.0,-1.0955100650676164,-1.0,0.0,1.0209696610676242,15062.0,2021-08-04 11:30:00-05:00,1.0,STOP,1.2471308339709257,1.4353645649876718,0.0002691574805614959,1.2359720958447074,,True,False,,False,,True,15.0,False,,,,,,,,,,,,,,,,False,,,,,,,,,,,,,,,,False,,,,,,,,,,,,,,,,False,,False,,False,,,,,,,,,,,,,,,,-1.0955100650676164,-1.0,0.0,1.0209696610676242,15062.0,2021-08-04 11:30:00-05:00,1.0,STOP,1.2471308339709257,1.4353645649876718,0.0002691574805614959,1.2359720958447074,,True,,,,,,,,,,,,,,,,,,,,,,,,,,,,,,,,,,,,,,,,,,,,,,,,,,,,,,,,,False,,,,,,,,,B1,5,2,2018-01-01,2020-12-31,2021-01-01,2021-12-31,B1,5,unfilled_1m,1.6458621023864144
2645,2021-08-17 17:15:00+00:00,2021-08-17 12:30:00-05:00,2021-08-17 12:30:00-05:00,L,Long,B,41.55212477905308,14958.599668795803,14931.709118253588,15039.271320422456,-1.0269611437988904,True,0.33098359924703874,1.1844186211733563,1,STOP,True,-1.0269611437988904,0.0,1.2123094595860016,False,,,,,,,,,,,,,,,,False,,,,,,,,,,,,,,,,False,,,,,,,,,,,,,,,,False,,False,,False,,False,,,,,,,,,,,,,,,,False,,,,,,,,,,,,,,,,False,,,,,,,,,,,,,,,,False,,False,,False,,,,,,,,,,,,,,,,,,,,,,,,,,,,,,,,,,,,,,,,,,,,,,,,,,,,,,,,,,,,,,,,,,,,,,,,,,,,,,,,,,,,,,False,,,,,,,,,B1,5,2,2018-01-01,2020-12-31,2021-01-01,2021-12-31,B1,5,unfilled_1m,-1.0269611437988904
2650,2021-08-19 19:00:00+00:00,2021-08-19 14:15:00-05:00,2021-08-19 14:15:00-05:00,L,Long,A,59.81850502209599,14954.600466995258,14925.789178992563,15041.034331003337,-0.0633594372833094,True,1.3848576641561499,0.9319426119632968,0,TIME,True,-1.0251637483174023,0.8902598524003129,1.0447456216619964,False,,,,,,,,,,,,,,,,True,10.0,-1.0188503516308145,-1.0,0.4160077601283216,1.033519279068799,14964.25,2021-08-19 14:25:00-05:00,1.0,STOP,1.0948587979724838,1.417854463615904,0.0004025552528686551,1.0805660107675448,,True,True,10.0,-1.0188503516308145,-1.0,0.4160077601283216,1.033519279068799,14964.25,2021-08-19 14:25:00-05:00,1.0,STOP,1.0948587979724838,1.417854463615904,0.0004025552528686551,1.0805660107675448,,True,False,,True,10.0,True,10.0,False,,,,,,,,,,,,,,,,False,,,,,,,,,,,,,,,,False,,,,,,,,,,,,,,,,False,,False,,True,13.0,-1.0188503516308145,-1.0,0.4160077601283216,1.033519279068799,14964.25,2021-08-19 14:25:00-05:00,1.0,STOP,1.0948587979724838,1.417854463615904,0.0004025552528686551,1.0805660107675448,,True,-1.0188503516308145,-1.0,0.4160077601283216,1.033519279068799,14964.25,2021-08-19 14:25:00-05:00,1.0,STOP,1.0948587979724838,1.417854463615904,0.0004025552528686551,1.0805660107675448,,True,,,,,,,,,,,,,,,-1.0156889660082717,-1.0,0.17852961319757435,1.027897772955731,14972.0,2021-08-19 14:28:00-05:00,1.0,STOP,1.367076167076167,1.3949057360609707,0.0010737216933637108,1.3682191511336252,,True,,,,,,,,,,,,,,,,,,,,,,,,,,,,,False,,,,,,,,,B1,5,2,2018-01-01,2020-12-31,2021-01-01,2021-12-31,B1,5,unfilled_1m,-0.0633594372833094
2677,2021-09-07 14:45:00+00:00,2021-09-07 10:00:00-05:00,2021-09-07 10:00:00-05:00,L,Long,B,45.791765708857305,15681.700598418623,15667.13839514606,15725.387208236323,-1.0497864221800786,True,0.6557662602724424,1.8507225805177185,0,STOP,True,-1.0497864221800786,0.0,1.0266714547784876,False,,,,,,,,,,,,,,,,False,,,,,,,,,,,,,,,,False,,,,,,,,,,,,,,,,False,,False,,False,,False,,,,,,,,,,,,,,,,False,,,,,,,,,,,,,,,,False,,,,,,,,,,,,,,,,False,,False,,False,,,,,,,,,,,,,,,,,,,,,,,,,,,,,,,,,,,,,,,,,,,,,,,,,,,,,,,,,,,,,,,,,,,,,,,,,,,,,,,,,,,,,,False,,,,,,,,,B1,5,2,2018-01-01,2020-12-31,2021-01-01,2021-12-31,B1,5,unfilled_1m,-1.0497864221800786
2679,2021-09-08 14:45:00+00:00,2021-09-08 10:00:00-05:00,2021-09-08 10:00:00-05:00,S,Short,A+,67.33953432443293,15573.831213972084,15591.372759523638,15521.206577317424,-1.0413304516337656,True,0.6174606416664493,1.3920544205269842,0,STOP,True,-1.0413304516337656,1.4298177944680501,1.0215055438104645,False,,,,,,,,,,,,,,,,False,,,,,,,,,,,,,,,,True,13.0,-1.0343231668754584,-1.0,0.2367114956928171,1.0178594314791136,15570.25,2021-09-08 10:13:00-05:00,1.0,STOP,0.5605890313553685,0.876111270433037,0.00015297463053452786,0.5328101155439285,,True,False,,False,,True,13.0,False,,,,,,,,,,,,,,,,False,,,,,,,,,,,,,,,,False,,,,,,,,,,,,,,,,False,,False,,False,,,,,,,,,,,,,,,,-1.0343231668754584,-1.0,0.2367114956928171,1.0178594314791136,15570.25,2021-09-08 10:13:00-05:00,1.0,STOP,0.5605890313553685,0.876111270433037,0.00015297463053452786,0.5328101155439285,,True,,,,,,,,,,,,,,,,,,,,,,,,,,,,,,,,,,,,,,,,,,,,,,,,,,,,,,,,,False,,,,,,,,,B1,5,2,2018-01-01,2020-12-31,2021-01-01,2021-12-31,B1,5,unfilled_1m,-1.0413304516337656
2689,2021-09-14 15:15:00+00:00,2021-09-14 10:30:00-05:00,2021-09-14 10:30:00-05:00,L,Long,B,38.86638625760547,15465.75,15445.049245422226,15527.852263733324,0.4601281544696304,True,2.1255263828518363,0.27776765230450134,0,TIME,True,-0.228252549067612,1.437145679314594,0.9661483558417439,False,,,,,,,,,,,,,,,,True,6.0,-0.32623581696551107,-0.2702545229300092,2.8955841742500983,0.5212051513650177,15458.0,2021-09-14 10:36:00-05:00,0.0,TIME,1.1641443538998837,1.474056603773585,0.00039551263418967125,1.2027904738994468,,True,True,6.0,-0.32623581696551107,-0.2702545229300092,2.8955841742500983,0.5212051513650177,15458.0,2021-09-14 10:36:00-05:00,0.0,TIME,1.1641443538998837,1.474056603773585,0.00039551263418967125,1.2027904738994468,,True,False,,False,,False,,False,,,,,,,,,,,,,,,,False,,,,,,,,,,,,,,,,False,,,,,,,,,,,,,,,,False,,True,7.0,True,7.0,,,,,,,,,,,,,,,,,,,,,,,,,,,,,-0.6851626575811274,-0.6535732822713457,1.1982176841641339,0.729823498536336,15468.0,2021-09-14 10:37:00-05:00,0.0,TIME,1.91642966528112,2.0372093023255813,0.0012397656005182038,2.039580908032596,,True,-0.6851626575811274,-0.6535732822713457,1.1982176841641339,0.729823498536336,15468.0,2021-09-14 10:37:00-05:00,0.0,TIME,1.91642966528112,2.0372093023255813,0.0012397656005182038,2.039580908032596,,True,,,,,,,,,,,,,,,,,,,,,,,,,,,,,False,,,,,,,,,B1,5,2,2018-01-01,2020-12-31,2021-01-01,2021-12-31,B1,5,unfilled_1m,0.4601281544696304
2697,2021-09-16 18:00:00+00:00,2021-09-16 13:15:00-05:00,2021-09-16 13:15:00-05:00,L,Long,A,47.51397639106062,15497.433471826962,15478.905721603473,15553.01672249743,2.8115409342574447,True,2.958617614757231,0.45518056565065573,0,TIME,True,-1.0391304929770073,0.0,1.0218980501452457,False,,,,,,,,,,,,,,,,True,10.0,-3.6557445070732744,1.0,0.0,33.714011947771986,15478.75,2021-09-16 13:25:00-05:00,1.0,STOP,1.0117031105635972,1.6524144869215291,0.00013073844451368786,0.9968894621045445,,True,True,10.0,-3.6557445070732744,1.0,0.0,33.714011947771986,15478.75,2021-09-16 13:25:00-05:00,1.0,STOP,1.0117031105635972,1.6524144869215291,0.00013073844451368786,0.9968894621045445,,True,False,,True,10.0,True,10.0,False,,,,,,,,,,,,,,,,True,10.0,-3.6557445070732744,1.0,0.0,33.714011947771986,15478.75,2021-09-16 13:25:00-05:00,1.0,STOP,1.0117031105635972,1.6524144869215291,0.00013073844451368786,0.9968894621045445,,True,True,10.0,-3.6557445070732744,1.0,0.0,33.714011947771986,15478.75,2021-09-16 13:25:00-05:00,1.0,STOP,1.0117031105635972,1.6524144869215291,0.00013073844451368786,0.9968894621045445,,True,False,,False,,False,,-3.6557445070732744,1.0,0.0,33.714011947771986,15478.75,2021-09-16 13:25:00-05:00,1.0,STOP,1.0117031105635972,1.6524144869215291,0.00013073844451368786,0.9968894621045445,,True,-3.6557445070732744,1.0,0.0,33.714011947771986,15478.75,2021-09-16 13:25:00-05:00,1.0,STOP,1.0117031105635972,1.6524144869215291,0.00013073844451368786,0.9968894621045445,,True,,,,,,,,,,,,,,,,,,,,,,,,,,,,,,,,,,,,,,,,,,,,,,,,,,,,,,,,,False,,,,,,,,,B1,5,2,2018-01-01,2020-12-31,2021-01-01,2021-12-31,B1,5,unfilled_1m,2.8115409342574447
2702,2021-09-20 15:15:00+00:00,2021-09-20 10:30:00-05:00,2021-09-20 10:30:00-05:00,RL,Long,B,40.95840561947297,15052.610253553645,15023.355809162193,15125.746364532277,-1.0247825592001958,True,0.42351672383753913,1.6359994027994271,1,STOP,True,-1.0247825592001958,0.0,1.157439638933576,False,,,,,,,,,,,,,,,,False,,,,,,,,,,,,,,,,False,,,,,,,,,,,,,,,,False,,False,,False,,False,,,,,,,,,,,,,,,,False,,,,,,,,,,,,,,,,False,,,,,,,,,,,,,,,,False,,False,,False,,,,,,,,,,,,,,,,,,,,,,,,,,,,,,,,,,,,,,,,,,,,,,,,,,,,,,,,,,,,,,,,,,,,,,,,,,,,,,,,,,,,,,False,,,,,,,,,B1,5,2,2018-01-01,2020-12-31,2021-01-01,2021-12-31,B1,5,unfilled_1m,-1.0247825592001958
2706,2021-09-22 15:45:00+00:00,2021-09-22 11:00:00-05:00,2021-09-22 11:00:00-05:00,L,Long,B,40.31373998493133,15197.25,15178.77083157501,15252.68750527497,-1.03923336718007,True,0.16234496764166848,1.08229978427779,1,STOP,True,-1.03923336718007,0.0,1.59639218180974,False,,,,,,,,,,,,,,,,False,,,,,,,,,,,,,,,,False,,,,,,,,,,,,,,,,False,,False,,False,,False,,,,,,,,,,,,,,,,False,,,,,,,,,,,,,,,,False,,,,,,,,,,,,,,,,False,,False,,False,,,,,,,,,,,,,,,,,,,,,,,,,,,,,,,,,,,,,,,,,,,,,,,,,,,,,,,,,,,,,,,,,,,,,,,,,,,,,,,,,,,,,,False,,,,,,,,,B1,5,2,2018-01-01,2020-12-31,2021-01-01,2021-12-31,B1,5,unfilled_1m,-1.03923336718007
2707,2021-09-22 18:15:00+00:00,2021-09-22 13:30:00-05:00,2021-09-22 13:30:00-05:00,L,Long,A,51.931772529542265,15222.75,15198.566560892808,15295.30031732158,-1.0299791934797398,True,0.37215550526573415,2.832516901189199,1,STOP,True,-1.0299791934797398,0.0,1.2301806979617322,False,,,,,,,,,,,,,,,,False,,,,,,,,,,,,,,,,False,,,,,,,,,,,,,,,,False,,False,,False,,False,,,,,,,,,,,,,,,,False,,,,,,,,,,,,,,,,False,,,,,,,,,,,,,,,,False,,False,,False,,,,,,,,,,,,,,,,,,,,,,,,,,,,,,,,,,,,,,,,,,,,,,,,,,,,,,,,,,,,,,,,,,,,,,,,,,,,,,,,,,,,,,False,,,,,,,,,B1,5,2,2018-01-01,2020-12-31,2021-01-01,2021-12-31,B1,5,unfilled_1m,-1.0299791934797398
2716,2021-09-27 17:15:00+00:00,2021-09-27 12:30:00-05:00,2021-09-27 12:30:00-05:00,L,Long,A,46.99538464077081,15201.08356063492,15176.354299070306,15275.271345328758,1.2916454978497376,True,1.6242474228408912,0.28644448668275785,0,TIME,True,-1.0293174949080348,0.0,1.1356408909154907,False,,,,,,,,,,,,,,,,False,,,,,,,,,,,,,,,,False,,,,,,,,,,,,,,,,False,,False,,False,,False,,,,,,,,,,,,,,,,False,,,,,,,,,,,,,,,,False,,,,,,,,,,,,,,,,False,,False,,False,,,,,,,,,,,,,,,,,,,,,,,,,,,,,,,,,,,,,,,,,,,,,,,,,,,,,,,,,,,,,,,,,,,,,,,,,,,,,,,,,,,,,,False,,,,,,,,,B1,5,2,2018-01-01,2020-12-31,2021-01-01,2021-12-31,B1,5,unfilled_1m,1.2916454978497376
2730,2021-10-04 16:30:00+00:00,2021-10-04 11:45:00-05:00,2021-10-04 11:45:00-05:00,RS,Short,A,58.03138604847867,14440.338327734398,14474.370509584123,14355.257873110084,0.6497769620544307,True,1.5085229610341035,0.5042777551372424,0,TIME,True,1.2741859433484615,2.1329319423281343,0.0,False,,,,,,,,,,,,,,,,False,,,,,,,,,,,,,,,,False,,,,,,,,,,,,,,,,False,,False,,False,,False,,,,,,,,,,,,,,,,False,,,,,,,,,,,,,,,,False,,,,,,,,,,,,,,,,False,,False,,False,,,,,,,,,,,,,,,,,,,,,,,,,,,,,,,,,,,,,,,,,,,,,,,,,,,,,,,,,,,,,,,,,,,,,,,,,,,,,,,,,,,,,,False,,,,,,,,,B1,5,2,2018-01-01,2020-12-31,2021-01-01,2021-12-31,B1,5,unfilled_1m,0.6497769620544307
2733,2021-10-05 15:00:00+00:00,2021-10-05 10:15:00-05:00,2021-10-05 10:15:00-05:00,L,Long,A+,64.9543836577504,14703.856122226867,14680.148306718322,14774.97956875251,1.6732405294293788,True,2.125622993605977,0.8058997346246592,0,TIME,True,-1.0305806327765066,0.34351025594059026,1.3542421154447781,False,,,,,,,,,,,,,,,,False,,,,,,,,,,,,,,,,False,,,,,,,,,,,,,,,,False,,False,,False,,False,,,,,,,,,,,,,,,,False,,,,,,,,,,,,,,,,False,,,,,,,,,,,,,,,,False,,False,,False,,,,,,,,,,,,,,,,,,,,,,,,,,,,,,,,,,,,,,,,,,,,,,,,,,,,,,,,,,,,,,,,,,,,,,,,,,,,,,,,,,,,,,False,,,,,,,,,B1,5,2,2018-01-01,2020-12-31,2021-01-01,2021-12-31,B1,5,unfilled_1m,1.6732405294293788
2738,2021-10-07 15:45:00+00:00,2021-10-07 11:00:00-05:00,2021-10-07 11:00:00-05:00,L,Long,B,38.06984799450154,15012.531310953778,14994.032002525675,15068.02923623808,-1.039190654224599,True,0.5388682006662362,1.0828140431102704,0,STOP,True,-1.039190654224599,0.0,1.0017299309214451,False,,,,,,,,,,,,,,,,False,,,,,,,,,,,,,,,,False,,,,,,,,,,,,,,,,False,,False,,False,,False,,,,,,,,,,,,,,,,False,,,,,,,,,,,,,,,,False,,,,,,,,,,,,,,,,False,,False,,False,,,,,,,,,,,,,,,,,,,,,,,,,,,,,,,,,,,,,,,,,,,,,,,,,,,,,,,,,,,,,,,,,,,,,,,,,,,,,,,,,,,,,,False,,,,,,,,,B1,5,2,2018-01-01,2020-12-31,2021-01-01,2021-12-31,B1,5,unfilled_1m,-1.039190654224599
2748,2021-10-12 16:00:00+00:00,2021-10-12 11:15:00-05:00,2021-10-12 11:15:00-05:00,L,Long,B,44.574250577552085,14729.82515574236,14701.645499679496,14814.364123930962,-1.0257277802959228,True,0.3610705622149184,1.60843537767986,1,STOP,True,-1.0257277802959228,0.0,1.040649881493978,False,,,,,,,,,,,,,,,,False,,,,,,,,,,,,,,,,False,,,,,,,,,,,,,,,,False,,False,,False,,False,,,,,,,,,,,,,,,,False,,,,,,,,,,,,,,,,False,,,,,,,,,,,,,,,,False,,False,,False,,,,,,,,,,,,,,,,,,,,,,,,,,,,,,,,,,,,,,,,,,,,,,,,,,,,,,,,,,,,,,,,,,,,,,,,,,,,,,,,,,,,,,False,,,,,,,,,B1,5,2,2018-01-01,2020-12-31,2021-01-01,2021-12-31,B1,5,unfilled_1m,-1.0257277802959228
2750,2021-10-12 18:15:00+00:00,2021-10-12 13:30:00-05:00,2021-10-12 13:30:00-05:00,L,Long,B,38.58903521029984,14718.662874058911,14693.28750114862,14794.788992789789,-1.0285710086926825,True,0.18077077949968878,1.0704423598005306,1,STOP,True,-1.0285710086926823,0.0,1.237927583171426,False,,,,,,,,,,,,,,,,False,,,,,,,,,,,,,,,,False,,,,,,,,,,,,,,,,False,,False,,False,,False,,,,,,,,,,,,,,,,False,,,,,,,,,,,,,,,,False,,,,,,,,,,,,,,,,False,,False,,False,,,,,,,,,,,,,,,,,,,,,,,,,,,,,,,,,,,,,,,,,,,,,,,,,,,,,,,,,,,,,,,,,,,,,,,,,,,,,,,,,,,,,,False,,,,,,,,,B1,5,2,2018-01-01,2020-12-31,2021-01-01,2021-12-31,B1,5,unfilled_1m,-1.0285710086926825
2763,2021-10-20 17:15:00+00:00,2021-10-20 12:30:00-05:00,2021-10-20 12:30:00-05:00,S,Short,B,43.34332860112507,15376.17103421156,15392.819188809624,15326.226570417368,-1.043548370225028,True,1.2716745322644973,1.1910608873577782,0,STOP,True,0.4772921926424341,2.548092280239457,0.0,False,,,,,,,,,,,,,,,,False,,,,,,,,,,,,,,,,False,,,,,,,,,,,,,,,,False,,False,,False,,False,,,,,,,,,,,,,,,,False,,,,,,,,,,,,,,,,False,,,,,,,,,,,,,,,,False,,False,,False,,,,,,,,,,,,,,,,,,,,,,,,,,,,,,,,,,,,,,,,,,,,,,,,,,,,,,,,,,,,,,,,,,,,,,,,,,,,,,,,,,,,,,False,,,,,,,,,B1,5,2,2018-01-01,2020-12-31,2021-01-01,2021-12-31,B1,5,unfilled_1m,-1.043548370225028
2766,2021-10-21 19:15:00+00:00,2021-10-21 14:30:00-05:00,2021-10-21 14:30:00-05:00,L,Long,B,39.40253083343728,15481.670865477208,15469.190730903789,15519.11126919747,-1.0580923223010852,True,1.8693015195908789,2.317352053142494,0,STOP,True,-1.0580923223010852,0.0,1.2156011129495012,False,,,,,,,,,,,,,,,,False,,,,,,,,,,,,,,,,False,,,,,,,,,,,,,,,,False,,False,,False,,False,,,,,,,,,,,,,,,,False,,,,,,,,,,,,,,,,False,,,,,,,,,,,,,,,,False,,False,,False,,,,,,,,,,,,,,,,,,,,,,,,,,,,,,,,,,,,,,,,,,,,,,,,,,,,,,,,,,,,,,,,,,,,,,,,,,,,,,,,,,,,,,False,,,,,,,,,B1,5,2,2018-01-01,2020-12-31,2021-01-01,2021-12-31,B1,5,unfilled_1m,-1.0580923223010852
2771,2021-10-26 16:00:00+00:00,2021-10-26 11:15:00-05:00,2021-10-26 11:15:00-05:00,S,Short,B,43.73658945388635,15618.0,15639.093716451533,15554.718850645404,2.9656295749653294,True,4.444451513103962,0.2370374140322113,0,TARGET,True,2.9656295749653294,3.105190123821968,0.0,False,,,,,,,,,,,,,,,,False,,,,,,,,,,,,,,,,True,13.0,2.9867200834249186,3.0,0.5861480419346258,0.23354336045832746,15584.5,2021-10-26 11:28:00-05:00,0.0,TARGET,1.0043710539096649,1.2451830443159924,0.00030602899472846064,1.0185686844308723,,True,False,,False,,True,13.0,False,,,,,,,,,,,,,,,,False,,,,,,,,,,,,,,,,False,,,,,,,,,,,,,,,,False,,False,,False,,,,,,,,,,,,,,,,2.9867200834249186,3.0,0.5861480419346258,0.23354336045832746,15584.5,2021-10-26 11:28:00-05:00,0.0,TARGET,1.0043710539096649,1.2451830443159924,0.00030602899472846064,1.0185686844308723,,True,,,,,,,,,,,,,,,,,,,,,,,,,,,,,,,,,,,,,,,,,,,,,,,,,,,,,,,,,False,,,,,,,,,B1,5,2,2018-01-01,2020-12-31,2021-01-01,2021-12-31,B1,5,unfilled_1m,2.9656295749653294
2784,2021-11-02 16:00:00+00:00,2021-11-02 11:15:00-05:00,2021-11-02 11:15:00-05:00,S,Short,B,37.891722393416735,15954.687368191118,15974.1012325744,15896.44577504127,-1.0373444454790957,True,0.640643611471252,1.2523334524691112,0,STOP,True,0.04957118130211821,1.735222185858537,0.2092644580529927,False,,,,,,,,,,,,,,,,False,,,,,,,,,,,,,,,,False,,,,,,,,,,,,,,,,False,,False,,False,,False,,,,,,,,,,,,,,,,False,,,,,,,,,,,,,,,,False,,,,,,,,,,,,,,,,False,,False,,False,,,,,,,,,,,,,,,,,,,,,,,,,,,,,,,,,,,,,,,,,,,,,,,,,,,,,,,,,,,,,,,,,,,,,,,,,,,,,,,,,,,,,,False,,,,,,,,,B1,5,2,2018-01-01,2020-12-31,2021-01-01,2021-12-31,B1,5,unfilled_1m,-1.0373444454790957
2785,2021-11-02 19:00:00+00:00,2021-11-02 14:15:00-05:00,2021-11-02 14:15:00-05:00,L,Long,B,36.58754728169859,15975.337682627796,15958.26721432707,16026.549087529977,0.1720701108169798,True,1.4447358407358173,0.7520404479618307,0,TIME,True,-1.0424710082481545,0.0,1.5575250871509683,False,,,,,,,,,,,,,,,,False,,,,,,,,,,,,,,,,True,14.0,0.8195266816822406,1.0,0.6845539660328805,1.8047331831775943,15954.25,2021-11-02 14:29:00-05:00,0.0,STOP,1.933557297499067,1.6152167134393516,0.0005758423250334555,2.0315717227179135,,True,False,,False,,True,14.0,False,,,,,,,,,,,,,,,,False,,,,,,,,,,,,,,,,True,14.0,0.8195266816822406,1.0,0.6845539660328805,1.8047331831775943,15954.25,2021-11-02 14:29:00-05:00,0.0,STOP,1.933557297499067,1.6152167134393516,0.0005758423250334555,2.0315717227179135,,True,False,,False,,False,,,,,,,,,,,,,,,,0.8195266816822406,1.0,0.6845539660328805,1.8047331831775943,15954.25,2021-11-02 14:29:00-05:00,0.0,STOP,1.933557297499067,1.6152167134393516,0.0005758423250334555,2.0315717227179135,,True,,,,,,,,,,,,,,,,,,,,,,,,,,,,,,,,,,,,,,,,,,,,,,,,,,,,,,,,,False,,,,,,,,,B1,5,2,2018-01-01,2020-12-31,2021-01-01,2021-12-31,B1,5,unfilled_1m,0.1720701108169798
2788,2021-11-03 18:15:00+00:00,2021-11-03 13:30:00-05:00,2021-11-03 13:30:00-05:00,RL,Long,B,45.0858318752526,15998.417574675324,15980.563036757894,16043.053919468895,2.459394076544976,True,3.365106708587572,0.0,0,TARGET,True,2.4593940765449758,3.0290576868908192,0.4714529557836895,False,,,,,,,,,,,,,,,,False,,,,,,,,,,,,,,,,True,13.0,2.4854816962640474,2.5,0.44055542371167,0.04505680469778443,16030.5,2021-11-03 13:43:00-05:00,0.0,TARGET,2.080896882687422,1.8679409209383144,0.0009415382272314874,2.2397777584859795,,True,False,,False,,True,13.0,False,,,,,,,,,,,,,,,,False,,,,,,,,,,,,,,,,False,,,,,,,,,,,,,,,,False,,False,,False,,,,,,,,,,,,,,,,2.4854816962640474,2.5,0.44055542371167,0.04505680469778443,16030.5,2021-11-03 13:43:00-05:00,0.0,TARGET,2.080896882687422,1.8679409209383144,0.0009415382272314874,2.2397777584859795,,True,,,,,,,,,,,,,,,,,,,,,,,,,,,,,,,,,,,,,,,,,,,,,,,,,,,,,,,,,False,,,,,,,,,B1,5,2,2018-01-01,2020-12-31,2021-01-01,2021-12-31,B1,5,unfilled_1m,2.459394076544976
2801,2021-11-10 16:30:00+00:00,2021-11-10 10:45:00-06:00,2021-11-10 10:45:00-06:00,S,Short,A,53.419702718766025,16162.567356736,16188.723265181714,16084.099631398853,1.3129865784351895,True,1.6943535655808757,0.828976875683815,0,TIME,True,2.125422515963594,2.50678950310928,0.01654093815541074,False,,,,,,,,,,,,,,,,False,,,,,,,,,,,,,,,,False,,,,,,,,,,,,,,,,False,,False,,False,,False,,,,,,,,,,,,,,,,False,,,,,,,,,,,,,,,,False,,,,,,,,,,,,,,,,False,,False,,False,,,,,,,,,,,,,,,,,,,,,,,,,,,,,,,,,,,,,,,,,,,,,,,,,,,,,,,,,,,,,,,,,,,,,,,,,,,,,,,,,,,,,,False,,,,,,,,,B1,5,2,2018-01-01,2020-12-31,2021-01-01,2021-12-31,B1,5,unfilled_1m,1.3129865784351895
2803,2021-11-10 18:15:00+00:00,2021-11-10 12:30:00-06:00,2021-11-10 12:30:00-06:00,S,Short,A,48.54619051027424,16074.25,16103.246094802464,15987.261715592607,2.974996632996993,True,4.009160571171912,0.7673447114716133,0,TARGET,True,2.9749966329969926,3.267681411772376,0.03448740276276913,False,,,,,,,,,,,,,,,,True,8.0,2.986447608882908,3.0,1.3131799668630169,0.12150419622220085,16049.75,2021-11-10 12:38:00-06:00,0.0,TARGET,0.8947926756145934,1.1884342073021317,0.0006267615715500124,0.8888074403262015,,True,True,8.0,2.986447608882908,3.0,1.3131799668630169,0.12150419622220085,16049.75,2021-11-10 12:38:00-06:00,0.0,TARGET,0.8947926756145934,1.1884342073021317,0.0006267615715500124,0.8888074403262015,,True,False,,True,8.0,True,8.0,False,,,,,,,,,,,,,,,,False,,,,,,,,,,,,,,,,True,15.0,2.9885368416458853,3.0,0.9565808005847555,0.03952813225556841,16040.0,2021-11-10 12:45:00-06:00,0.0,TARGET,1.0883905013192612,1.2914166449256457,0.0005256205003956592,1.0745102295544582,,True,False,,True,9.0,True,9.0,2.986447608882908,3.0,1.3131799668630169,0.12150419622220085,16049.75,2021-11-10 12:38:00-06:00,0.0,TARGET,0.8947926756145934,1.1884342073021317,0.0006267615715500124,0.8888074403262015,,True,2.986447608882908,3.0,1.3131799668630169,0.12150419622220085,16049.75,2021-11-10 12:38:00-06:00,0.0,TARGET,0.8947926756145934,1.1884342073021317,0.0006267615715500124,0.8888074403262015,,True,2.9877110510038416,3.0,1.0975302724155243,0.19492815649078807,16044.25,2021-11-10 12:39:00-06:00,0.0,TARGET,0.8230105105105106,1.0650959436482876,0.00028203291688705205,0.8090032747566994,,True,2.9877110510038416,3.0,1.0975302724155243,0.19492815649078807,16044.25,2021-11-10 12:39:00-06:00,0.0,TARGET,0.8230105105105106,1.0650959436482876,0.00028203291688705205,0.8090032747566994,,True,,,,,,,,,,,,,,,,,,,,,,,,,,,,,False,,,,,,,,,B1,5,2,2018-01-01,2020-12-31,2021-01-01,2021-12-31,B1,5,unfilled_1m,2.974996632996993
2814,2021-11-15 19:45:00+00:00,2021-11-15 14:00:00-06:00,2021-11-15 14:00:00-06:00,L,Long,B,42.16924445620131,16191.719218207709,16171.68359140403,16251.826098618749,0.8512726833761477,True,1.2243580913468763,0.6098745164021915,0,TIME,True,-1.0361855412413081,0.0,1.0590743387080856,False,,,,,,,,,,,,,,,,True,10.0,-1.1587680963634601,-1.0,0.5474761943567593,1.3686904858918982,16176.25,2021-11-15 14:10:00-06:00,0.0,STOP,0.9619544471306782,1.2426035502958581,0.0004610908226033573,0.9448228457164282,,True,True,10.0,-1.1587680963634601,-1.0,0.5474761943567593,1.3686904858918982,16176.25,2021-11-15 14:10:00-06:00,0.0,STOP,0.9619544471306782,1.2426035502958581,0.0004610908226033573,0.9448228457164282,,True,False,,True,10.0,True,10.0,False,,,,,,,,,,,,,,,,True,10.0,-1.1587680963634601,-1.0,0.5474761943567593,1.3686904858918982,16176.25,2021-11-15 14:10:00-06:00,0.0,STOP,0.9619544471306782,1.2426035502958581,0.0004610908226033573,0.9448228457164282,,True,True,10.0,-1.1587680963634601,-1.0,0.5474761943567593,1.3686904858918982,16176.25,2021-11-15 14:10:00-06:00,0.0,STOP,0.9619544471306782,1.2426035502958581,0.0004610908226033573,0.9448228457164282,,True,False,,False,,True,12.0,-1.1587680963634601,-1.0,0.5474761943567593,1.3686904858918982,16176.25,2021-11-15 14:10:00-06:00,0.0,STOP,0.9619544471306782,1.2426035502958581,0.0004610908226033573,0.9448228457164282,,True,-1.1587680963634601,-1.0,0.5474761943567593,1.3686904858918982,16176.25,2021-11-15 14:10:00-06:00,0.0,STOP,0.9619544471306782,1.2426035502958581,0.0004610908226033573,0.9448228457164282,,True,,,,,,,,,,,,,,,-1.2186099749231316,-1.0,0.0,2.035334249284328,16175.0,2021-11-15 14:12:00-06:00,1.0,STOP,0.5722871888678382,0.7668067226890756,2.6536957920780195e-05,0.5580684207173345,,True,,,,,,,,,,,,,,,,,,,,,,,,,,,,,False,,,,,,,,,B1,5,2,2018-01-01,2020-12-31,2021-01-01,2021-12-31,B1,5,unfilled_1m,0.8512726833761477
2821,2021-11-22 16:00:00+00:00,2021-11-22 10:15:00-06:00,2021-11-22 10:15:00-06:00,S,Short,A+,70.131254586517,16708.9773708665,16728.501038046234,16650.406369327302,2.9628655829191435,True,4.326921274001209,0.0,0,TARGET,True,2.9628655829191435,3.264108647204278,0.0,False,,,,,,,,,,,,,,,,True,7.0,2.992731905209207,3.0,0.010024958332127935,0.06014974999276761,16628.75,2021-11-22 10:22:00-06:00,0.0,TARGET,1.9848447812270837,2.28809738503156,0.0016398747629185974,2.1343146274149034,,True,True,7.0,2.992731905209207,3.0,0.010024958332127935,0.06014974999276761,16628.75,2021-11-22 10:22:00-06:00,0.0,TARGET,1.9848447812270837,2.28809738503156,0.0016398747629185974,2.1343146274149034,,True,False,,False,,False,,False,,,,,,,,,,,,,,,,False,,,,,,,,,,,,,,,,False,,,,,,,,,,,,,,,,False,,True,9.0,True,9.0,,,,,,,,,,,,,,,,,,,,,,,,,,,,,2.9924871274477622,3.0,0.14766680533708698,0.01036258283067277,16632.0,2021-11-22 10:24:00-06:00,0.0,TARGET,0.8315363172566139,0.7911329063250601,1.2498854894199634e-05,0.8247691585372215,,True,2.9924871274477622,3.0,0.14766680533708698,0.01036258283067277,16632.0,2021-11-22 10:24:00-06:00,0.0,TARGET,0.8315363172566139,0.7911329063250601,1.2498854894199634e-05,0.8247691585372215,,True,,,,,,,,,,,,,,,,,,,,,,,,,,,,,False,,,,,,,,,B1,5,2,2018-01-01,2020-12-31,2021-01-01,2021-12-31,B1,5,unfilled_1m,2.9628655829191435
2826,2021-11-23 20:00:00+00:00,2021-11-23 14:15:00-06:00,2021-11-23 14:15:00-06:00,L,Long,A+,74.20744376570939,16285.560724145076,16245.62889527758,16405.356210747566,0.180664799472684,True,1.3633053481113087,0.5962843380924472,0,TIME,True,-1.0181559427795237,0.0,1.0908772620863665,False,,,,,,,,,,,,,,,,False,,,,,,,,,,,,,,,,True,11.0,-1.024896033543735,-1.0,0.07726355237710839,1.0988594115855415,16274.75,2021-11-23 14:26:00-06:00,1.0,STOP,1.1391589731006349,1.1815983710867906,0.0011385634168518395,1.1195852048352575,,True,False,,False,,True,11.0,False,,,,,,,,,,,,,,,,False,,,,,,,,,,,,,,,,False,,,,,,,,,,,,,,,,False,,False,,True,12.0,,,,,,,,,,,,,,,-1.024896033543735,-1.0,0.07726355237710839,1.0988594115855415,16274.75,2021-11-23 14:26:00-06:00,1.0,STOP,1.1391589731006349,1.1815983710867906,0.0011385634168518395,1.1195852048352575,,True,,,,,,,,,,,,,,,-1.0522669257069444,-1.0,0.39650771225957737,1.207546214608713,16259.5,2021-11-23 14:27:00-06:00,1.0,STOP,0.8285916402669701,0.8347793753098662,-0.0007764188398636625,0.826304327822593,,True,,,,,,,,,,,,,,,,,,,,,,,,,,,,,False,,,,,,,,,B1,5,2,2018-01-01,2020-12-31,2021-01-01,2021-12-31,B1,5,unfilled_1m,0.180664799472684
2829,2021-11-24 19:45:00+00:00,2021-11-24 14:00:00-06:00,2021-11-24 14:00:00-06:00,L,Long,B,44.30734861769102,16344.325717346586,16314.668935825714,16433.296061909205,1.296475230339903,True,1.5316659571249698,0.3734632275856067,0,TIME,True,-1.0244463479454011,0.0,1.0899941156404696,False,,,,,,,,,,,,,,,,True,9.0,0.24017696807680747,0.2633169417453371,0.7181371138509193,0.39896506325051073,16346.0,2021-11-24 14:09:00-06:00,0.0,TIME,2.9486087450312324,2.483855536952882,0.0027082928893188956,3.271123710528388,,True,True,9.0,0.24017696807680747,0.2633169417453371,0.7181371138509193,0.39896506325051073,16346.0,2021-11-24 14:09:00-06:00,0.0,TIME,2.9486087450312324,2.483855536952882,0.0027082928893188956,3.271123710528388,,True,False,,True,9.0,True,9.0,False,,,,,,,,,,,,,,,,False,,,,,,,,,,,,,,,,False,,,,,,,,,,,,,,,,False,,False,,False,,0.24017696807680747,0.2633169417453371,0.7181371138509193,0.39896506325051073,16346.0,2021-11-24 14:09:00-06:00,0.0,TIME,2.9486087450312324,2.483855536952882,0.0027082928893188956,3.271123710528388,,True,0.24017696807680747,0.2633169417453371,0.7181371138509193,0.39896506325051073,16346.0,2021-11-24 14:09:00-06:00,0.0,TIME,2.9486087450312324,2.483855536952882,0.0027082928893188956,3.271123710528388,,True,,,,,,,,,,,,,,,,,,,,,,,,,,,,,,,,,,,,,,,,,,,,,,,,,,,,,,,,,False,,,,,,,,,B1,5,2,2018-01-01,2020-12-31,2021-01-01,2021-12-31,B1,5,unfilled_1m,1.296475230339903
2839,2021-11-30 16:00:00+00:00,2021-11-30 10:15:00-06:00,2021-11-30 10:15:00-06:00,S,Short,A+,91.19683272604458,16223.0,16265.895411894408,16094.313764316776,2.9830984254963053,True,3.1005647020570946,0.42545342716196977,0,TARGET,True,2.9830984254963053,3.1763303808667604,0.0,False,,,,,,,,,,,,,,,,True,9.0,2.993578126977577,3.0,0.5868263279110444,0.3255225290676359,16153.0,2021-11-30 10:24:00-06:00,0.0,TARGET,0.8159668468811775,1.0468100708873136,0.0007318088312835512,0.7668546870803115,,True,True,9.0,2.993578126977577,3.0,0.5868263279110444,0.3255225290676359,16153.0,2021-11-30 10:24:00-06:00,0.0,TARGET,0.8159668468811775,1.0468100708873136,0.0007318088312835512,0.7668546870803115,,True,False,,True,9.0,True,9.0,False,,,,,,,,,,,,,,,,True,9.0,2.993578126977577,3.0,0.5868263279110444,0.3255225290676359,16153.0,2021-11-30 10:24:00-06:00,0.0,TARGET,0.8159668468811775,1.0468100708873136,0.0007318088312835512,0.7668546870803115,,True,True,9.0,2.993578126977577,3.0,0.5868263279110444,0.3255225290676359,16153.0,2021-11-30 10:24:00-06:00,0.0,TARGET,0.8159668468811775,1.0468100708873136,0.0007318088312835512,0.7668546870803115,,True,False,,False,,True,14.0,2.993578126977577,3.0,0.5868263279110444,0.3255225290676359,16153.0,2021-11-30 10:24:00-06:00,0.0,TARGET,0.8159668468811775,1.0468100708873136,0.0007318088312835512,0.7668546870803115,,True,2.993578126977577,3.0,0.5868263279110444,0.3255225290676359,16153.0,2021-11-30 10:24:00-06:00,0.0,TARGET,0.8159668468811775,1.0468100708873136,0.0007318088312835512,0.7668546870803115,,True,,,,,,,,,,,,,,,2.9927785544546346,3.0,0.7843983954448693,0.24154490272429308,16165.5,2021-11-30 10:29:00-06:00,0.0,TARGET,1.1059324180556258,1.2454358740301232,0.0007007902128229516,1.122105425479966,,True,,,,,,,,,,,,,,,,,,,,,,,,,,,,,False,,,,,,,,,B1,5,2,2018-01-01,2020-12-31,2021-01-01,2021-12-31,B1,5,unfilled_1m,2.9830984254963053
2840,2021-11-30 19:00:00+00:00,2021-11-30 13:15:00-06:00,2021-11-30 13:15:00-06:00,L,Long,A,50.39274858937373,16229.0,16189.157237603577,16348.528287189272,-1.0181965294671709,True,0.42040257734497777,1.0792424373632266,1,STOP,True,-1.0181965294671707,0.0,1.0855171026967336,False,,,,,,,,,,,,,,,,True,10.0,-1.0206595306408222,-1.0,0.0,1.1113402689545668,16224.25,2021-11-30 13:25:00-06:00,1.0,STOP,1.9722240680443883,2.190082644628099,0.0019773347177765156,2.0115215181294475,,True,True,10.0,-1.0206595306408222,-1.0,0.0,1.1113402689545668,16224.25,2021-11-30 13:25:00-06:00,1.0,STOP,1.9722240680443883,2.190082644628099,0.0019773347177765156,2.0115215181294475,,True,False,,True,10.0,True,10.0,False,,,,,,,,,,,,,,,,False,,,,,,,,,,,,,,,,False,,,,,,,,,,,,,,,,False,,False,,False,,-1.0206595306408222,-1.0,0.0,1.1113402689545668,16224.25,2021-11-30 13:25:00-06:00,1.0,STOP,1.9722240680443883,2.190082644628099,0.0019773347177765156,2.0115215181294475,,True,-1.0206595306408222,-1.0,0.0,1.1113402689545668,16224.25,2021-11-30 13:25:00-06:00,1.0,STOP,1.9722240680443883,2.190082644628099,0.0019773347177765156,2.0115215181294475,,True,,,,,,,,,,,,,,,,,,,,,,,,,,,,,,,,,,,,,,,,,,,,,,,,,,,,,,,,,False,,,,,,,,,B1,5,2,2018-01-01,2020-12-31,2021-01-01,2021-12-31,B1,5,unfilled_1m,-1.0181965294671709
2841,2021-11-30 19:45:00+00:00,2021-11-30 14:00:00-06:00,2021-11-30 14:00:00-06:00,RS,Short,A,48.657354166297786,16197.80349364286,16236.497912915798,16101.067445460512,0.5770468729705153,True,1.6230633466770075,0.0,0,TIME,True,1.1262216738664501,2.172238147572942,0.0,False,,,,,,,,,,,,,,,,True,9.0,0.1434597472846632,0.1506203887153951,0.24691867002523785,0.345686138035333,16135.25,2021-11-30 14:09:00-06:00,0.0,TIME,1.4648882279128133,1.886521426861384,0.001405864590353382,1.4560236511456022,,True,True,9.0,0.1434597472846632,0.1506203887153951,0.24691867002523785,0.345686138035333,16135.25,2021-11-30 14:09:00-06:00,0.0,TIME,1.4648882279128133,1.886521426861384,0.001405864590353382,1.4560236511456022,,True,False,,True,9.0,True,9.0,False,,,,,,,,,,,,,,,,False,,,,,,,,,,,,,,,,False,,,,,,,,,,,,,,,,False,,False,,True,11.0,0.1434597472846632,0.1506203887153951,0.24691867002523785,0.345686138035333,16135.25,2021-11-30 14:09:00-06:00,0.0,TIME,1.4648882279128133,1.886521426861384,0.001405864590353382,1.4560236511456022,,True,0.1434597472846632,0.1506203887153951,0.24691867002523785,0.345686138035333,16135.25,2021-11-30 14:09:00-06:00,0.0,TIME,1.4648882279128133,1.886521426861384,0.001405864590353382,1.4560236511456022,,True,,,,,,,,,,,,,,,0.04803483430049217,0.056181092749113655,0.41854914098089674,0.25562397200846715,16147.5,2021-11-30 14:11:00-06:00,0.0,TIME,0.934761441090555,0.9760065067100447,-0.0005647580394190019,0.93622001170275,,True,,,,,,,,,,,,,,,,,,,,,,,,,,,,,False,,,,,,,,,B1,5,2,2018-01-01,2020-12-31,2021-01-01,2021-12-31,B1,5,unfilled_1m,0.5770468729705153
2843,2021-12-01 17:00:00+00:00,2021-12-01 11:15:00-06:00,2021-12-01 11:15:00-06:00,RS,Short,B,40.90122228930829,16369.75,16399.786935355776,16294.657661610565,2.475863050227573,True,3.8452657913314345,0.898893301869686,0,TARGET,True,2.475863050227573,2.9047570588196336,0.19143098095372943,False,,,,,,,,,,,,,,,,True,6.0,2.4831540049493164,2.5,1.7252622517424328,0.1858868419385786,16356.75,2021-12-01 11:21:00-06:00,0.0,TARGET,0.9179179179179179,1.246940440576557,0.0006589202147744856,0.8992400098063251,,True,True,6.0,2.4831540049493164,2.5,1.7252622517424328,0.1858868419385786,16356.75,2021-12-01 11:21:00-06:00,0.0,TARGET,0.9179179179179179,1.246940440576557,0.0006589202147744856,0.8992400098063251,,True,False,,True,6.0,True,6.0,False,,,,,,,,,,,,,,,,False,,,,,,,,,,,,,,,,False,,,,,,,,,,,,,,,,False,,True,9.0,True,9.0,2.4831540049493164,2.5,1.7252622517424328,0.1858868419385786,16356.75,2021-12-01 11:21:00-06:00,0.0,TARGET,0.9179179179179179,1.246940440576557,0.0006589202147744856,0.8992400098063251,,True,2.4831540049493164,2.5,1.7252622517424328,0.1858868419385786,16356.75,2021-12-01 11:21:00-06:00,0.0,TARGET,0.9179179179179179,1.246940440576557,0.0006589202147744856,0.8992400098063251,,True,2.4866450372405695,2.5,1.1605002121987844,0.21183734032200033,16345.5,2021-12-01 11:24:00-06:00,0.0,TARGET,1.2161111399098026,1.2912813738441216,0.0007249711018859894,1.2374723072054015,,True,2.4866450372405695,2.5,1.1605002121987844,0.21183734032200033,16345.5,2021-12-01 11:24:00-06:00,0.0,TARGET,1.2161111399098026,1.2912813738441216,0.0007249711018859894,1.2374723072054015,,True,,,,,,,,,,,,,,,,,,,,,,,,,,,,,False,,,,,,,,,B1,5,2,2018-01-01,2020-12-31,2021-01-01,2021-12-31,B1,5,unfilled_1m,2.475863050227573
2848,2021-12-03 21:00:00+00:00,2021-12-03 15:15:00-06:00,2021-12-03 15:15:00-06:00,L,Long,A,55.336194715537545,15707.75,15654.112444128385,15868.662667614852,0.5924020862556695,True,1.025400936083771,0.2283847539459308,0,TIME,True,0.19622445185966708,0.6292233016877685,0.6245623883419332,False,,,,,,,,,,,,,,,,False,,,,,,,,,,,,,,,,True,11.0,-0.03366535538473958,-0.013740961381526359,1.4015780609156887,0.44658124489960666,15690.5,2021-12-03 15:26:00-06:00,0.0,TIME,0.7824331145885917,2.6226734348561758,0.0002743629027885097,0.746268656716418,,True,False,,False,,True,11.0,False,,,,,,,,,,,,,,,,False,,,,,,,,,,,,,,,,False,,,,,,,,,,,,,,,,False,,False,,True,12.0,,,,,,,,,,,,,,,-0.03366535538473958,-0.013740961381526359,1.4015780609156887,0.44658124489960666,15690.5,2021-12-03 15:26:00-06:00,0.0,TIME,0.7824331145885917,2.6226734348561758,0.0002743629027885097,0.746268656716418,,True,,,,,,,,,,,,,,,0.34242038148804477,0.36350358969006874,1.5412552202858913,0.41439409224667834,15688.5,2021-12-03 15:27:00-06:00,0.0,TIME,0.2515201768933112,0.7374392220421393,-3.206018634119024e-05,0.22968197879858657,,True,,,,,,,,,,,,,,,,,,,,,,,,,,,,,False,,,,,,,,,B1,5,2,2018-01-01,2020-12-31,2021-01-01,2021-12-31,B1,5,unfilled_1m,0.5924020862556695
2858,2021-12-09 20:15:00+00:00,2021-12-09 14:30:00-06:00,2021-12-09 14:30:00-06:00,S,Short,B,40.96377159011016,16190.75,16219.767041423009,16103.698875730974,-1.0249853177459065,True,0.28431568469479607,1.2664971409131824,1,STOP,True,1.3879774789191408,2.4296067601191664,0.9132564417469207,False,,,,,,,,,,,,,,,,False,,,,,,,,,,,,,,,,False,,,,,,,,,,,,,,,,False,,False,,False,,False,,,,,,,,,,,,,,,,False,,,,,,,,,,,,,,,,False,,,,,,,,,,,,,,,,False,,False,,False,,,,,,,,,,,,,,,,,,,,,,,,,,,,,,,,,,,,,,,,,,,,,,,,,,,,,,,,,,,,,,,,,,,,,,,,,,,,,,,,,,,,,,False,,,,,,,,,B1,5,2,2018-01-01,2020-12-31,2021-01-01,2021-12-31,B1,5,unfilled_1m,-1.0249853177459065
2862,2021-12-13 16:15:00+00:00,2021-12-13 10:30:00-06:00,2021-12-13 10:30:00-06:00,S,Short,B,44.07088100798981,16193.874786474724,16219.898594954328,16115.80336103591,-0.0230640156204121,True,2.3391959144809498,0.11048396423335394,0,TIME,True,2.972140895496975,3.021263645417089,0.0,False,,,,,,,,,,,,,,,,True,7.0,2.990352447701243,3.0,0.3925555762942603,0.2694661159308058,16144.75,2021-12-13 10:37:00-06:00,0.0,TARGET,0.908030506953791,0.949165259801163,0.00098318822389776,0.9171235669944265,,True,True,7.0,2.990352447701243,3.0,0.3925555762942603,0.2694661159308058,16144.75,2021-12-13 10:37:00-06:00,0.0,TARGET,0.908030506953791,0.949165259801163,0.00098318822389776,0.9171235669944265,,True,False,,True,7.0,True,7.0,False,,,,,,,,,,,,,,,,False,,,,,,,,,,,,,,,,False,,,,,,,,,,,,,,,,False,,False,,False,,2.990352447701243,3.0,0.3925555762942603,0.2694661159308058,16144.75,2021-12-13 10:37:00-06:00,0.0,TARGET,0.908030506953791,0.949165259801163,0.00098318822389776,0.9171235669944265,,True,2.990352447701243,3.0,0.3925555762942603,0.2694661159308058,16144.75,2021-12-13 10:37:00-06:00,0.0,TARGET,0.908030506953791,0.949165259801163,0.00098318822389776,0.9171235669944265,,True,,,,,,,,,,,,,,,,,,,,,,,,,,,,,,,,,,,,,,,,,,,,,,,,,,,,,,,,,False,,,,,,,,,B1,5,2,2018-01-01,2020-12-31,2021-01-01,2021-12-31,B1,5,unfilled_1m,-0.0230640156204121
2870,2021-12-17 16:00:00+00:00,2021-12-17 10:15:00-06:00,2021-12-17 10:15:00-06:00,L,Long,A+,100.0,15943.654623956574,15890.184921401857,16104.063731620732,-1.0135590804766137,True,0.5628491389610435,2.5370371906923137,0,STOP,True,-1.0135590804766135,0.16542781464651052,1.1530758730793518,False,,,,,,,,,,,,,,,,False,,,,,,,,,,,,,,,,False,,,,,,,,,,,,,,,,False,,False,,False,,False,,,,,,,,,,,,,,,,False,,,,,,,,,,,,,,,,False,,,,,,,,,,,,,,,,False,,False,,False,,,,,,,,,,,,,,,,,,,,,,,,,,,,,,,,,,,,,,,,,,,,,,,,,,,,,,,,,,,,,,,,,,,,,,,,,,,,,,,,,,,,,,False,,,,,,,,,B1,5,2,2018-01-01,2020-12-31,2021-01-01,2021-12-31,B1,5,unfilled_1m,-1.0135590804766137
2875,2021-12-20 21:15:00+00:00,2021-12-20 15:30:00-06:00,2021-12-20 15:30:00-06:00,L,Long,A,61.03062512715633,15709.0,15673.005416374344,15816.98375087697,0.5216062559650739,True,0.5625846435841676,0.4931297493145173,0,TIME,True,-1.0201419193381986,0.0,1.0279324351908248,False,,,,,,,,,,,,,,,,False,,,,,,,,,,,,,,,,False,,,,,,,,,,,,,,,,False,,False,,False,,False,,,,,,,,,,,,,,,,False,,,,,,,,,,,,,,,,False,,,,,,,,,,,,,,,,False,,False,,False,,,,,,,,,,,,,,,,,,,,,,,,,,,,,,,,,,,,,,,,,,,,,,,,,,,,,,,,,,,,,,,,,,,,,,,,,,,,,,,,,,,,,,False,,,,,,,,,B1,5,2,2018-01-01,2020-12-31,2021-01-01,2021-12-31,B1,5,unfilled_1m,0.5216062559650739
2876,2021-12-21 16:00:00+00:00,2021-12-21 10:15:00-06:00,2021-12-21 10:15:00-06:00,L,Long,A+,89.32369447056409,15703.507897686237,15672.943967371382,15795.199688630795,2.976279228733628,True,3.705089664424654,0.0,0,TARGET,True,2.976279228733628,3.0098256790309907,0.0,False,,,,,,,,,,,,,,,,False,,,,,,,,,,,,,,,,True,12.0,2.9855162312726815,3.0,1.4483768727318354,0.09489365717898232,15723.0,2021-12-21 10:27:00-06:00,0.0,TARGET,0.7203800659298041,0.9893475366178429,0.00034379119305605983,0.6886005560704356,,True,False,,False,,True,12.0,False,,,,,,,,,,,,,,,,False,,,,,,,,,,,,,,,,False,,,,,,,,,,,,,,,,False,,False,,True,13.0,,,,,,,,,,,,,,,2.9855162312726815,3.0,1.4483768727318354,0.09489365717898232,15723.0,2021-12-21 10:27:00-06:00,0.0,TARGET,0.7203800659298041,0.9893475366178429,0.00034379119305605983,0.6886005560704356,,True,,,,,,,,,,,,,,,2.9852209817803925,3.0,1.4982866746774484,0.05605834497092494,15722.0,2021-12-21 10:28:00-06:00,0.0,TARGET,0.5938218534439669,0.8519793459552495,-3.776771948378418e-05,0.5759162303664921,,True,,,,,,,,,,,,,,,,,,,,,,,,,,,,,False,,,,,,,,,B1,5,2,2018-01-01,2020-12-31,2021-01-01,2021-12-31,B1,5,unfilled_1m,2.976279228733628
2878,2021-12-21 20:30:00+00:00,2021-12-21 14:45:00-06:00,2021-12-21 14:45:00-06:00,RS,Short,B,45.294896715689895,15966.179337894517,15993.39019898627,15898.152185165136,-1.026643772777177,True,1.292841772845577,1.555285661956125,0,STOP,True,-0.4059284293958253,2.073779940452495,0.7743474943492067,False,,,,,,,,,,,,,,,,False,,,,,,,,,,,,,,,,True,15.0,-0.48795052041012993,-0.4626364504782985,0.08728989631666009,0.5150103882682945,15964.75,2021-12-21 15:00:00-06:00,0.0,TIME,1.4147636217948718,0.7992417812482318,0.0007307205834726,1.4925767422201088,,True,False,,False,,True,15.0,False,,,,,,,,,,,,,,,,False,,,,,,,,,,,,,,,,False,,,,,,,,,,,,,,,,False,,False,,False,,,,,,,,,,,,,,,,-0.48795052041012993,-0.4626364504782985,0.08728989631666009,0.5150103882682945,15964.75,2021-12-21 15:00:00-06:00,0.0,TIME,1.4147636217948718,0.7992417812482318,0.0007307205834726,1.4925767422201088,,True,,,,,,,,,,,,,,,,,,,,,,,,,,,,,,,,,,,,,,,,,,,,,,,,,,,,,,,,,False,,,,,,,,,B1,5,2,2018-01-01,2020-12-31,2021-01-01,2021-12-31,B1,5,unfilled_1m,-1.026643772777177
2880,2021-12-22 19:45:00+00:00,2021-12-22 14:00:00-06:00,2021-12-22 14:00:00-06:00,L,Long,A,53.64449741413467,16121.78653107357,16095.630332525488,16200.25512671782,2.570651419502994,True,2.9424562130062566,0.14476610837044715,0,TIME,True,1.7582244928249144,2.1300292863281767,0.9571930350485272,False,,,,,,,,,,,,,,,,True,6.0,1.654535923732797,1.680318589927451,1.9114735282243491,0.9601820513871149,16123.75,2021-12-22 14:06:00-06:00,0.0,TIME,1.963969009614487,1.7498336660013305,0.001493257633850045,2.0989624900239425,,True,True,6.0,1.654535923732797,1.680318589927451,1.9114735282243491,0.9601820513871149,16123.75,2021-12-22 14:06:00-06:00,0.0,TIME,1.963969009614487,1.7498336660013305,0.001493257633850045,2.0989624900239425,,True,False,,False,,False,,False,,,,,,,,,,,,,,,,False,,,,,,,,,,,,,,,,True,15.0,1.3541180927656233,1.3756828509700183,1.5615859389389397,0.9666960574383913,16129.25,2021-12-22 14:15:00-06:00,0.0,TIME,1.0626051536349952,1.1848341232227488,0.0001482520986964651,1.0429341213280028,,True,False,,False,,False,,,,,,,,,,,,,,,,,,,,,,,,,,,,,,,,,,,,,,,,,,,,,,,,,,,,,,,,,,,,,,,,,,,,,,,,,,,,,,,,,,,,,,False,,,,,,,,,B1,5,2,2018-01-01,2020-12-31,2021-01-01,2021-12-31,B1,5,unfilled_1m,2.570651419502994
2881,2021-12-23 16:00:00+00:00,2021-12-23 10:15:00-06:00,2021-12-23 10:15:00-06:00,L,Long,B,40.30931888276727,16318.160910371784,16300.031355996862,16372.549573496548,1.1646226482777005,True,1.4252468148890947,0.2846683522967706,0,TIME,True,-1.0399899514906372,0.0,1.2913119587852235,False,,,,,,,,,,,,,,,,False,,,,,,,,,,,,,,,,False,,,,,,,,,,,,,,,,False,,False,,False,,False,,,,,,,,,,,,,,,,False,,,,,,,,,,,,,,,,False,,,,,,,,,,,,,,,,False,,False,,False,,,,,,,,,,,,,,,,,,,,,,,,,,,,,,,,,,,,,,,,,,,,,,,,,,,,,,,,,,,,,,,,,,,,,,,,,,,,,,,,,,,,,,False,,,,,,,,,B1,5,2,2018-01-01,2020-12-31,2021-01-01,2021-12-31,B1,5,unfilled_1m,1.1646226482777005
2916,2022-01-18 16:00:00+00:00,2022-01-18 10:15:00-06:00,2022-01-18 10:15:00-06:00,S,Short,A+,72.3014632245061,15322.25,15361.614677143032,15204.155968570902,-1.0184175268951323,True,1.1812620698257355,1.600419578473577,0,STOP,True,-1.0184175268951325,1.7210861339934103,1.0605955143059023,False,,,,,,,,,,,,,,,,False,,,,,,,,,,,,,,,,False,,,,,,,,,,,,,,,,False,,False,,False,,False,,,,,,,,,,,,,,,,False,,,,,,,,,,,,,,,,False,,,,,,,,,,,,,,,,False,,False,,False,,,,,,,,,,,,,,,,,,,,,,,,,,,,,,,,,,,,,,,,,,,,,,,,,,,,,,,,,,,,,,,,,,,,,,,,,,,,,,,,,,,,,,False,,,,,,,,,B1,10,3,2018-01-01,2021-12-31,2022-01-01,2022-12-31,B1,10,unfilled_1m,-1.0184175268951323
2917,2022-01-18 20:45:00+00:00,2022-01-18 15:00:00-06:00,2022-01-18 15:00:00-06:00,S,Short,B,37.16557194863386,15235.75,15273.966048878068,15121.101853365795,-0.6731465118771941,True,0.5625908651257404,0.7195929670212959,0,TIME,True,-0.1170974009971018,1.1186399760058328,0.16354385614120362,False,,,,,,,,,,,,,,,,False,,,,,,,,,,,,,,,,False,,,,,,,,,,,,,,,,False,,False,,False,,False,,,,,,,,,,,,,,,,False,,,,,,,,,,,,,,,,False,,,,,,,,,,,,,,,,False,,False,,False,,,,,,,,,,,,,,,,,,,,,,,,,,,,,,,,,,,,,,,,,,,,,,,,,,,,,,,,,,,,,,,,,,,,,,,,,,,,,,,,,,,,,,False,,,,,,,,,B1,10,3,2018-01-01,2021-12-31,2022-01-01,2022-12-31,B1,10,unfilled_1m,-0.6731465118771941
2920,2022-01-19 19:15:00+00:00,2022-01-19 13:30:00-06:00,2022-01-19 13:30:00-06:00,S,Short,A+,74.75434576502833,15190.929140829589,15231.788695766392,15068.350476019172,-1.0177437077109952,True,0.6284733367582113,1.1336603945406298,0,STOP,True,1.3633075767894296,1.5156587223079752,0.613586203011458,False,,,,,,,,,,,,,,,,False,,,,,,,,,,,,,,,,False,,,,,,,,,,,,,,,,False,,False,,False,,False,,,,,,,,,,,,,,,,False,,,,,,,,,,,,,,,,False,,,,,,,,,,,,,,,,False,,False,,False,,,,,,,,,,,,,,,,,,,,,,,,,,,,,,,,,,,,,,,,,,,,,,,,,,,,,,,,,,,,,,,,,,,,,,,,,,,,,,,,,,,,,,False,,,,,,,,,B1,10,3,2018-01-01,2021-12-31,2022-01-01,2022-12-31,B1,10,unfilled_1m,-1.0177437077109952
2931,2022-01-25 16:00:00+00:00,2022-01-25 10:15:00-06:00,2022-01-25 10:15:00-06:00,S,Short,A+,96.7188442654546,14120.93043463002,14182.40597917094,13936.503801007271,-1.01179330749185,True,0.5844671226312218,1.290262102797343,0,STOP,True,0.3896742161279067,1.7393979252813572,0.9445961935534646,False,,,,,,,,,,,,,,,,False,,,,,,,,,,,,,,,,True,12.0,-0.1399765695939123,-0.13072982581663792,1.1478716413168208,0.46871425353770185,14104.0,2022-01-25 10:27:00-06:00,0.0,TIME,1.2813259227210705,1.429101707498144,0.004842022734633728,1.2720544505385583,,True,False,,False,,True,12.0,False,,,,,,,,,,,,,,,,False,,,,,,,,,,,,,,,,True,12.0,-0.1399765695939123,-0.13072982581663792,1.1478716413168208,0.46871425353770185,14104.0,2022-01-25 10:27:00-06:00,0.0,TIME,1.2813259227210705,1.429101707498144,0.004842022734633728,1.2720544505385583,,True,False,,False,,True,13.0,,,,,,,,,,,,,,,-0.1399765695939123,-0.13072982581663792,1.1478716413168208,0.46871425353770185,14104.0,2022-01-25 10:27:00-06:00,0.0,TIME,1.2813259227210705,1.429101707498144,0.004842022734633728,1.2720544505385583,,True,,,,,,,,,,,,,,,0.32028381878265294,0.3339229241346308,2.1681474369868283,0.21634442972102844,14129.25,2022-01-25 10:28:00-06:00,0.0,TIME,0.9673469387755103,1.0,-0.0017318143933693563,0.9465171231736946,,True,,,,,,,,,,,,,,,,,,,,,,,,,,,,,False,,,,,,,,,B1,10,3,2018-01-01,2021-12-31,2022-01-01,2022-12-31,B1,10,unfilled_1m,-1.01179330749185
2940,2022-01-28 19:15:00+00:00,2022-01-28 13:30:00-06:00,2022-01-28 13:30:00-06:00,S,Short,A+,100.0,14134.860212673282,14196.623910127217,13949.569120311482,-1.0117382868883575,True,0.8882274691245406,1.7630062935906885,0,STOP,True,-1.0117382868883575,1.232280705507433,1.321808613993803,False,,,,,,,,,,,,,,,,False,,,,,,,,,,,,,,,,False,,,,,,,,,,,,,,,,False,,False,,False,,False,,,,,,,,,,,,,,,,False,,,,,,,,,,,,,,,,False,,,,,,,,,,,,,,,,False,,False,,False,,,,,,,,,,,,,,,,,,,,,,,,,,,,,,,,,,,,,,,,,,,,,,,,,,,,,,,,,,,,,,,,,,,,,,,,,,,,,,,,,,,,,,False,,,,,,,,,B1,10,3,2018-01-01,2021-12-31,2022-01-01,2022-12-31,B1,10,unfilled_1m,-1.0117382868883575
2942,2022-01-31 16:45:00+00:00,2022-01-31 11:00:00-06:00,2022-01-31 11:00:00-06:00,L,Long,A+,81.15554159744893,14758.796665010244,14716.49846226034,14885.691273259952,0.8919607107855526,True,1.0982342503869449,0.6867115650749597,0,TIME,True,-1.0171402081617202,0.4303571737406031,1.100440727599242,False,,,,,,,,,,,,,,,,False,,,,,,,,,,,,,,,,False,,,,,,,,,,,,,,,,False,,False,,False,,False,,,,,,,,,,,,,,,,False,,,,,,,,,,,,,,,,False,,,,,,,,,,,,,,,,False,,False,,False,,,,,,,,,,,,,,,,,,,,,,,,,,,,,,,,,,,,,,,,,,,,,,,,,,,,,,,,,,,,,,,,,,,,,,,,,,,,,,,,,,,,,,False,,,,,,,,,B1,10,3,2018-01-01,2021-12-31,2022-01-01,2022-12-31,B1,10,unfilled_1m,0.8919607107855526
2948,2022-02-02 17:00:00+00:00,2022-02-02 11:15:00-06:00,2022-02-02 11:15:00-06:00,RL,Long,A+,68.38413732669468,15045.451807099013,15001.76511480232,15154.668537840744,2.14191526026957,True,2.2042912346622634,0.27358004167134625,0,TIME,True,1.6554971113357204,1.717873085728414,0.7599981906051958,False,,,,,,,,,,,,,,,,False,,,,,,,,,,,,,,,,False,,,,,,,,,,,,,,,,False,,False,,False,,False,,,,,,,,,,,,,,,,False,,,,,,,,,,,,,,,,False,,,,,,,,,,,,,,,,False,,False,,False,,,,,,,,,,,,,,,,,,,,,,,,,,,,,,,,,,,,,,,,,,,,,,,,,,,,,,,,,,,,,,,,,,,,,,,,,,,,,,,,,,,,,,False,,,,,,,,,B1,10,3,2018-01-01,2021-12-31,2022-01-01,2022-12-31,B1,10,unfilled_1m,2.14191526026957
2957,2022-02-07 19:30:00+00:00,2022-02-07 13:45:00-06:00,2022-02-07 13:45:00-06:00,L,Long,A,48.53676491879941,14717.356126618592,14681.688459096242,14824.35912918565,-1.0203265324133042,True,0.8170950164640427,1.033320348057441,0,STOP,True,-1.0203265324133042,0.0,1.418823548999417,False,,,,,,,,,,,,,,,,False,,,,,,,,,,,,,,,,False,,,,,,,,,,,,,,,,False,,False,,False,,False,,,,,,,,,,,,,,,,False,,,,,,,,,,,,,,,,False,,,,,,,,,,,,,,,,False,,False,,False,,,,,,,,,,,,,,,,,,,,,,,,,,,,,,,,,,,,,,,,,,,,,,,,,,,,,,,,,,,,,,,,,,,,,,,,,,,,,,,,,,,,,,False,,,,,,,,,B1,10,3,2018-01-01,2021-12-31,2022-01-01,2022-12-31,B1,10,unfilled_1m,-1.0203265324133042
2959,2022-02-08 19:30:00+00:00,2022-02-08 13:45:00-06:00,2022-02-08 13:45:00-06:00,S,Short,B,45.31346500414333,14666.75,14700.036845060084,14566.88946481975,-1.0217803759620765,True,0.8937464618920933,2.1179538004501706,0,STOP,True,-1.0217803759620763,1.532136791815017,1.0815083236341296,False,,,,,,,,,,,,,,,,False,,,,,,,,,,,,,,,,True,13.0,-1.0127110817443754,-1.0,0.47776134832307765,1.0475684610019775,14643.0,2022-02-08 13:58:00-06:00,1.0,STOP,0.8767847699629826,0.9283314669652856,0.00017959540556390874,0.8618807506367937,,True,False,,False,,True,13.0,False,,,,,,,,,,,,,,,,False,,,,,,,,,,,,,,,,True,13.0,-1.0127110817443754,-1.0,0.47776134832307765,1.0475684610019775,14643.0,2022-02-08 13:58:00-06:00,1.0,STOP,0.8767847699629826,0.9283314669652856,0.00017959540556390874,0.8618807506367937,,True,False,,False,,True,15.0,,,,,,,,,,,,,,,-1.0127110817443754,-1.0,0.47776134832307765,1.0475684610019775,14643.0,2022-02-08 13:58:00-06:00,1.0,STOP,0.8767847699629826,0.9283314669652856,0.00017959540556390874,0.8618807506367937,,True,,,,,,,,,,,,,,,-1.0118780713401279,-1.0,0.3809174602178916,1.0444511005974446,14639.0,2022-02-08 14:00:00-06:00,1.0,STOP,1.3116656993615787,1.1763481157609827,0.0007164146647704584,1.3032697076293178,,True,,,,,,,,,,,,,,,,,,,,,,,,,,,,,False,,,,,,,,,B1,10,3,2018-01-01,2021-12-31,2022-01-01,2022-12-31,B1,10,unfilled_1m,-1.0217803759620765
2964,2022-02-10 18:30:00+00:00,2022-02-10 12:45:00-06:00,2022-02-10 12:45:00-06:00,S,Short,A+,64.58088787433627,14804.0,14852.560830091836,14658.317509724486,0.1343675548309257,True,1.3694164591964084,0.8648946058082579,0,TIME,True,0.5719630399124849,1.8070119442779675,0.42729912072669884,False,,,,,,,,,,,,,,,,False,,,,,,,,,,,,,,,,False,,,,,,,,,,,,,,,,False,,False,,False,,False,,,,,,,,,,,,,,,,False,,,,,,,,,,,,,,,,False,,,,,,,,,,,,,,,,False,,False,,False,,,,,,,,,,,,,,,,,,,,,,,,,,,,,,,,,,,,,,,,,,,,,,,,,,,,,,,,,,,,,,,,,,,,,,,,,,,,,,,,,,,,,,False,,,,,,,,,B1,10,3,2018-01-01,2021-12-31,2022-01-01,2022-12-31,B1,10,unfilled_1m,0.1343675548309257
2968,2022-02-14 16:30:00+00:00,2022-02-14 10:45:00-06:00,2022-02-14 10:45:00-06:00,L,Long,B,45.18390007347038,14352.75,14302.170797641476,14504.487607075567,0.6282226393126438,True,1.2356857578926903,0.33610652614681175,0,TIME,True,0.20808948162912905,0.8155526002091755,0.7562396838303265,False,,,,,,,,,,,,,,,,False,,,,,,,,,,,,,,,,True,13.0,0.13737314309777682,0.15719314881835159,1.5104211256024218,0.46474496172382207,14338.75,2022-02-14 10:58:00-06:00,0.0,TIME,0.9867245340822058,1.1936380481778874,0.00039584637347192915,0.9409616555082166,,True,False,,False,,True,13.0,False,,,,,,,,,,,,,,,,False,,,,,,,,,,,,,,,,False,,,,,,,,,,,,,,,,False,,False,,True,14.0,,,,,,,,,,,,,,,0.13737314309777682,0.15719314881835159,1.5104211256024218,0.46474496172382207,14338.75,2022-02-14 10:58:00-06:00,0.0,TIME,0.9867245340822058,1.1936380481778874,0.00039584637347192915,0.9409616555082166,,True,,,,,,,,,,,,,,,0.20552904939186878,0.22469413759882761,1.4274686388631401,0.4824315307268946,14340.0,2022-02-14 10:59:00-06:00,0.0,TIME,0.8321955659580001,0.9673518742442563,7.254777839395016e-05,0.8169517487873372,,True,,,,,,,,,,,,,,,,,,,,,,,,,,,,,False,,,,,,,,,B1,10,3,2018-01-01,2021-12-31,2022-01-01,2022-12-31,B1,10,unfilled_1m,0.6282226393126438
2975,2022-02-17 18:15:00+00:00,2022-02-17 12:30:00-06:00,2022-02-17 12:30:00-06:00,S,Short,B,45.74614410153796,14326.5,14356.468143442962,14236.595569671115,1.0602925756971495,True,1.3597772607288383,0.5672690412856504,0,TIME,True,1.7693788773042123,2.0688635623359013,0.0,False,,,,,,,,,,,,,,,,False,,,,,,,,,,,,,,,,False,,,,,,,,,,,,,,,,False,,False,,False,,False,,,,,,,,,,,,,,,,False,,,,,,,,,,,,,,,,False,,,,,,,,,,,,,,,,False,,False,,False,,,,,,,,,,,,,,,,,,,,,,,,,,,,,,,,,,,,,,,,,,,,,,,,,,,,,,,,,,,,,,,,,,,,,,,,,,,,,,,,,,,,,,False,,,,,,,,,B1,10,3,2018-01-01,2021-12-31,2022-01-01,2022-12-31,B1,10,unfilled_1m,1.0602925756971495
2989,2022-02-28 15:45:00+00:00,2022-02-28 10:00:00-06:00,2022-02-28 10:00:00-06:00,L,Long,A+,100.0,14238.0,14190.503242057635,14380.490273827096,0.8374255785682325,True,1.5895821793061358,0.5842504036522552,0,TIME,True,-1.0152641997350589,0.08421627440032509,1.0316493614039823,False,,,,,,,,,,,,,,,,False,,,,,,,,,,,,,,,,False,,,,,,,,,,,,,,,,False,,False,,False,,False,,,,,,,,,,,,,,,,False,,,,,,,,,,,,,,,,False,,,,,,,,,,,,,,,,False,,False,,False,,,,,,,,,,,,,,,,,,,,,,,,,,,,,,,,,,,,,,,,,,,,,,,,,,,,,,,,,,,,,,,,,,,,,,,,,,,,,,,,,,,,,,False,,,,,,,,,B1,10,3,2018-01-01,2021-12-31,2022-01-01,2022-12-31,B1,10,unfilled_1m,0.8374255785682325
2990,2022-02-28 17:45:00+00:00,2022-02-28 12:00:00-06:00,2022-02-28 12:00:00-06:00,S,Short,B,38.90965365378047,14130.5,14178.47517781514,13986.57446655458,-1.015111981508304,True,0.13548673076410536,1.5059871227240942,1,STOP,True,-1.015111981508304,0.5784241198006037,1.063049733687596,False,,,,,,,,,,,,,,,,False,,,,,,,,,,,,,,,,True,15.0,2.844477874982504,2.8653560978057118,4.139647628739407,0.6983405565003871,14143.75,2022-02-28 12:15:00-06:00,0.0,TIME,2.037759825723881,1.9793687180391464,0.0025181955653751902,2.184170842048937,,True,False,,False,,True,15.0,False,,,,,,,,,,,,,,,,False,,,,,,,,,,,,,,,,True,15.0,2.844477874982504,2.8653560978057118,4.139647628739407,0.6983405565003871,14143.75,2022-02-28 12:15:00-06:00,0.0,TIME,2.037759825723881,1.9793687180391464,0.0025181955653751902,2.184170842048937,,True,False,,False,,False,,,,,,,,,,,,,,,,2.844477874982504,2.8653560978057118,4.139647628739407,0.6983405565003871,14143.75,2022-02-28 12:15:00-06:00,0.0,TIME,2.037759825723881,1.9793687180391464,0.0025181955653751902,2.184170842048937,,True,,,,,,,,,,,,,,,,,,,,,,,,,,,,,,,,,,,,,,,,,,,,,,,,,,,,,,,,,False,,,,,,,,,B1,10,3,2018-01-01,2021-12-31,2022-01-01,2022-12-31,B1,10,unfilled_1m,-1.015111981508304
2992,2022-03-01 18:15:00+00:00,2022-03-01 12:30:00-06:00,2022-03-01 12:30:00-06:00,S,Short,A+,94.34352919234249,14045.203666766718,14091.142416069926,13907.387418857092,-0.2943339433130303,True,1.2996363129665909,0.5506535031312965,0,TIME,True,0.16823851071144152,1.7622087669910629,0.08808104910682463,False,,,,,,,,,,,,,,,,False,,,,,,,,,,,,,,,,True,12.0,-0.6759654144155863,-0.6683050013565586,0.3407563050395101,0.7475506536913283,13996.5,2022-03-01 12:42:00-06:00,0.0,TIME,1.021326136423771,1.275442770288131,0.001675559123916448,1.0478879357150614,,True,False,,False,,True,12.0,False,,,,,,,,,,,,,,,,False,,,,,,,,,,,,,,,,False,,,,,,,,,,,,,,,,False,,False,,True,14.0,,,,,,,,,,,,,,,-0.6759654144155863,-0.6683050013565586,0.3407563050395101,0.7475506536913283,13996.5,2022-03-01 12:42:00-06:00,0.0,TIME,1.021326136423771,1.275442770288131,0.001675559123916448,1.0478879357150614,,True,,,,,,,,,,,,,,,-0.5818831604184449,-0.5737272340520191,0.4274830371367985,0.7312209845761027,14002.25,2022-03-01 12:44:00-06:00,0.0,TIME,0.6013527795392094,0.7922584238373711,-0.00010738634253098175,0.5986637908359198,,True,,,,,,,,,,,,,,,,,,,,,,,,,,,,,False,,,,,,,,,B1,10,3,2018-01-01,2021-12-31,2022-01-01,2022-12-31,B1,10,unfilled_1m,-0.2943339433130303
2999,2022-03-04 16:00:00+00:00,2022-03-04 10:15:00-06:00,2022-03-04 10:15:00-06:00,S,Short,A+,69.23340125665923,13792.122782780263,13836.415009846292,13659.246101582175,-1.0163685605358972,True,0.7478238276635971,1.2051147742055068,0,STOP,True,-1.0163685605358972,1.2275919813019607,1.1430271307934832,False,,,,,,,,,,,,,,,,False,,,,,,,,,,,,,,,,True,15.0,-1.0113431884269992,-1.0,0.46155042565030996,1.0991158441333653,13772.5,2022-03-04 10:30:00-06:00,1.0,STOP,0.7710380179410509,0.7918982158525886,0.00044761105500729163,0.7770124838570814,,True,False,,False,,True,15.0,False,,,,,,,,,,,,,,,,False,,,,,,,,,,,,,,,,True,15.0,-1.0113431884269992,-1.0,0.46155042565030996,1.0991158441333653,13772.5,2022-03-04 10:30:00-06:00,1.0,STOP,0.7710380179410509,0.7918982158525886,0.00044761105500729163,0.7770124838570814,,True,False,,False,,False,,,,,,,,,,,,,,,,-1.0113431884269992,-1.0,0.46155042565030996,1.0991158441333653,13772.5,2022-03-04 10:30:00-06:00,1.0,STOP,0.7710380179410509,0.7918982158525886,0.00044761105500729163,0.7770124838570814,,True,,,,,,,,,,,,,,,,,,,,,,,,,,,,,,,,,,,,,,,,,,,,,,,,,,,,,,,,,False,,,,,,,,,B1,10,3,2018-01-01,2021-12-31,2022-01-01,2022-12-31,B1,10,unfilled_1m,-1.0163685605358972
3004,2022-03-08 16:00:00+00:00,2022-03-08 10:15:00-06:00,2022-03-08 10:15:00-06:00,L,Long,A,50.522142330245224,13282.5,13221.47767898598,13465.566963042063,-1.0118808984639152,True,0.1597776000319625,1.4052235079734137,1,STOP,True,-1.0118808984639152,0.0,1.2413490464021701,False,,,,,,,,,,,,,,,,False,,,,,,,,,,,,,,,,False,,,,,,,,,,,,,,,,False,,False,,False,,False,,,,,,,,,,,,,,,,False,,,,,,,,,,,,,,,,False,,,,,,,,,,,,,,,,False,,False,,False,,,,,,,,,,,,,,,,,,,,,,,,,,,,,,,,,,,,,,,,,,,,,,,,,,,,,,,,,,,,,,,,,,,,,,,,,,,,,,,,,,,,,,False,,,,,,,,,B1,10,3,2018-01-01,2021-12-31,2022-01-01,2022-12-31,B1,10,unfilled_1m,-1.0118808984639152
3019,2022-03-14 17:00:00+00:00,2022-03-14 12:15:00-05:00,2022-03-14 12:15:00-05:00,S,Short,A+,75.5323382766148,13092.287963535511,13135.791431770347,12961.777558830996,-0.09624603817532,True,1.0582596147735563,0.866874251517502,0,TIME,True,0.39222076371942605,1.5467264166683026,0.3784074496227558,False,,,,,,,,,,,,,,,,False,,,,,,,,,,,,,,,,True,13.0,0.1002526830770675,0.10903615077868369,0.3422523621664238,0.6723895964685493,13053.25,2022-03-14 12:28:00-05:00,0.0,TIME,1.2682685162249194,1.2325469427058258,0.0008738476637657093,1.2832080200501252,,True,False,,False,,True,13.0,False,,,,,,,,,,,,,,,,False,,,,,,,,,,,,,,,,False,,,,,,,,,,,,,,,,False,,False,,False,,,,,,,,,,,,,,,,0.1002526830770675,0.10903615077868369,0.3422523621664238,0.6723895964685493,13053.25,2022-03-14 12:28:00-05:00,0.0,TIME,1.2682685162249194,1.2325469427058258,0.0008738476637657093,1.2832080200501252,,True,,,,,,,,,,,,,,,,,,,,,,,,,,,,,,,,,,,,,,,,,,,,,,,,,,,,,,,,,False,,,,,,,,,B1,10,3,2018-01-01,2021-12-31,2022-01-01,2022-12-31,B1,10,unfilled_1m,-0.09624603817532
3021,2022-03-16 17:15:00+00:00,2022-03-16 12:30:00-05:00,2022-03-16 12:30:00-05:00,S,Short,A,51.660248794236765,13716.25,13749.55486480316,13616.335405590518,-1.021768591594199,True,0.007506410894551362,1.621384753223094,1,STOP,True,-1.021768591594199,0.7656539112442389,1.1935193322336666,False,,,,,,,,,,,,,,,,False,,,,,,,,,,,,,,,,True,11.0,-1.018683224479137,-1.0,0.2576996479880967,1.1660909071461374,13710.75,2022-03-16 12:41:00-05:00,1.0,STOP,1.009160971353788,1.0796515245799627,0.00033110766271796154,1.0083545223392663,,True,False,,False,,True,11.0,False,,,,,,,,,,,,,,,,False,,,,,,,,,,,,,,,,False,,,,,,,,,,,,,,,,False,,False,,True,12.0,,,,,,,,,,,,,,,-1.018683224479137,-1.0,0.2576996479880967,1.1660909071461374,13710.75,2022-03-16 12:41:00-05:00,1.0,STOP,1.009160971353788,1.0796515245799627,0.00033110766271796154,1.0083545223392663,,True,,,,,,,,,,,,,,,-1.020391021144751,-1.0,0.1968788248458724,1.1812729490752343,13714.0,2022-03-16 12:42:00-05:00,1.0,STOP,0.7760676349447214,0.8594750320102433,-0.00018395928841029308,0.7808637487276429,,True,,,,,,,,,,,,,,,,,,,,,,,,,,,,,False,,,,,,,,,B1,10,3,2018-01-01,2021-12-31,2022-01-01,2022-12-31,B1,10,unfilled_1m,-1.021768591594199
3022,2022-03-16 17:45:00+00:00,2022-03-16 13:00:00-05:00,2022-03-16 13:00:00-05:00,RL,Long,A,60.902219126971424,13734.38595945182,13700.345348983788,13819.4874856219,-1.0212980904288091,True,1.038877977273397,5.431335011616546,0,STOP,True,-1.0212980904288091,0.297116896821769,1.480172028616785,False,,,,,,,,,,,,,,,,False,,,,,,,,,,,,,,,,False,,,,,,,,,,,,,,,,False,,False,,False,,False,,,,,,,,,,,,,,,,False,,,,,,,,,,,,,,,,False,,,,,,,,,,,,,,,,False,,False,,False,,,,,,,,,,,,,,,,,,,,,,,,,,,,,,,,,,,,,,,,,,,,,,,,,,,,,,,,,,,,,,,,,,,,,,,,,,,,,,,,,,,,,,False,,,,,,,,,B1,10,3,2018-01-01,2021-12-31,2022-01-01,2022-12-31,B1,10,unfilled_1m,-1.0212980904288091
3027,2022-03-18 15:00:00+00:00,2022-03-18 10:15:00-05:00,2022-03-18 10:15:00-05:00,L,Long,A,57.73007291281065,14239.275523248623,14204.356700624276,14344.031991121668,0.6658150247931197,True,1.8249319983355816,0.10096340551199247,0,TIME,True,-0.057290684458199896,1.101826289084262,0.8240691147633121,False,,,,,,,,,,,,,,,,False,,,,,,,,,,,,,,,,True,15.0,0.7403413386099201,0.7580704045221313,0.8436589985810815,0.8436589985810815,14245.25,2022-03-18 10:30:00-05:00,0.0,TIME,1.421810197609173,1.3015901375737,0.001723799965473474,1.4439324116743473,,True,False,,False,,True,15.0,False,,,,,,,,,,,,,,,,False,,,,,,,,,,,,,,,,True,15.0,0.7403413386099201,0.7580704045221313,0.8436589985810815,0.8436589985810815,14245.25,2022-03-18 10:30:00-05:00,0.0,TIME,1.421810197609173,1.3015901375737,0.001723799965473474,1.4439324116743473,,True,False,,False,,False,,,,,,,,,,,,,,,,0.7403413386099201,0.7580704045221313,0.8436589985810815,0.8436589985810815,14245.25,2022-03-18 10:30:00-05:00,0.0,TIME,1.421810197609173,1.3015901375737,0.001723799965473474,1.4439324116743473,,True,,,,,,,,,,,,,,,,,,,,,,,,,,,,,,,,,,,,,,,,,,,,,,,,,,,,,,,,,False,,,,,,,,,B1,10,3,2018-01-01,2021-12-31,2022-01-01,2022-12-31,B1,10,unfilled_1m,0.6658150247931197
3040,2022-03-25 19:30:00+00:00,2022-03-25 14:45:00-05:00,2022-03-25 14:45:00-05:00,S,Short,B,40.18677319743493,14697.75,14733.96245806828,14589.112625795156,-1.0200207342631369,True,0.0,2.3955844101063506,1,STOP,True,-1.0200207342631367,0.6696590425945707,1.0631700263872563,False,,,,,,,,,,,,,,,,False,,,,,,,,,,,,,,,,False,,,,,,,,,,,,,,,,False,,False,,False,,False,,,,,,,,,,,,,,,,False,,,,,,,,,,,,,,,,False,,,,,,,,,,,,,,,,False,,False,,False,,,,,,,,,,,,,,,,,,,,,,,,,,,,,,,,,,,,,,,,,,,,,,,,,,,,,,,,,,,,,,,,,,,,,,,,,,,,,,,,,,,,,,False,,,,,,,,,B1,10,3,2018-01-01,2021-12-31,2022-01-01,2022-12-31,B1,10,unfilled_1m,-1.0200207342631369
3045,2022-03-29 17:45:00+00:00,2022-03-29 13:00:00-05:00,2022-03-29 13:00:00-05:00,L,Long,A+,64.60351151161785,15187.79039560263,15153.692104798609,15290.08526801469,1.700513516370554,True,1.9637231901804144,0.14781959692932908,0,TIME,True,0.9600071917244287,1.2232168655342892,0.8883259215754544,False,,,,,,,,,,,,,,,,False,,,,,,,,,,,,,,,,False,,,,,,,,,,,,,,,,False,,False,,False,,False,,,,,,,,,,,,,,,,False,,,,,,,,,,,,,,,,False,,,,,,,,,,,,,,,,False,,False,,False,,,,,,,,,,,,,,,,,,,,,,,,,,,,,,,,,,,,,,,,,,,,,,,,,,,,,,,,,,,,,,,,,,,,,,,,,,,,,,,,,,,,,,False,,,,,,,,,B1,10,3,2018-01-01,2021-12-31,2022-01-01,2022-12-31,B1,10,unfilled_1m,1.700513516370554
3046,2022-03-30 15:00:00+00:00,2022-03-30 10:15:00-05:00,2022-03-30 10:15:00-05:00,S,Short,A+,73.48061039054842,15175.673465974727,15202.389506507869,15095.525344375312,0.2039398752958275,True,1.737662656902261,0.9105591075554612,0,TIME,True,1.1490649573107745,2.682787738917208,0.0,False,,,,,,,,,,,,,,,,False,,,,,,,,,,,,,,,,True,11.0,-0.504350965141,-0.4965669427944917,0.056367058371266626,0.7032461568224694,15109.25,2022-03-30 10:26:00-05:00,0.0,TIME,0.8708537558417873,1.206569804169299,0.00041766875466233046,0.8564062324851474,,True,False,,False,,True,11.0,False,,,,,,,,,,,,,,,,False,,,,,,,,,,,,,,,,False,,,,,,,,,,,,,,,,False,,False,,True,12.0,,,,,,,,,,,,,,,-0.504350965141,-0.4965669427944917,0.056367058371266626,0.7032461568224694,15109.25,2022-03-30 10:26:00-05:00,0.0,TIME,0.8708537558417873,1.206569804169299,0.00041766875466233046,0.8564062324851474,,True,,,,,,,,,,,,,,,-0.4830596811785812,-0.4753583448651239,0.04514576459612909,0.7063984342688433,15108.25,2022-03-30 10:27:00-05:00,0.0,TIME,0.785808760600638,1.0043754972155927,5.2008455787022186e-05,0.7675063642235647,,True,,,,,,,,,,,,,,,,,,,,,,,,,,,,,False,,,,,,,,,B1,10,3,2018-01-01,2021-12-31,2022-01-01,2022-12-31,B1,10,unfilled_1m,0.2039398752958275
3047,2022-03-30 16:45:00+00:00,2022-03-30 12:00:00-05:00,2022-03-30 12:00:00-05:00,L,Long,B,42.094217146480254,15217.75,15191.48379913743,15296.54860258771,-1.0276020123273,True,0.11421522342331,1.037454946095066,1,STOP,True,-1.0276020123273,0.0,1.2468495223711342,False,,,,,,,,,,,,,,,,False,,,,,,,,,,,,,,,,True,14.0,-0.4985557929095854,1.0,4.650690391788368,19.63624832088422,15191.0,2022-03-30 12:14:00-05:00,0.0,STOP,1.6703837575944014,1.3684475806451613,0.0017611953951572085,1.7688736867823112,,True,False,,False,,True,14.0,False,,,,,,,,,,,,,,,,False,,,,,,,,,,,,,,,,False,,,,,,,,,,,,,,,,False,,False,,False,,,,,,,,,,,,,,,,-0.4985557929095854,1.0,4.650690391788368,19.63624832088422,15191.0,2022-03-30 12:14:00-05:00,0.0,STOP,1.6703837575944014,1.3684475806451613,0.0017611953951572085,1.7688736867823112,,True,,,,,,,,,,,,,,,,,,,,,,,,,,,,,,,,,,,,,,,,,,,,,,,,,,,,,,,,,False,,,,,,,,,B1,10,3,2018-01-01,2021-12-31,2022-01-01,2022-12-31,B1,10,unfilled_1m,-1.0276020123273
3048,2022-03-30 17:30:00+00:00,2022-03-30 12:45:00-05:00,2022-03-30 12:45:00-05:00,RS,Short,B,44.61043265883063,15189.83142826818,15216.130409971922,15124.083974008829,2.472432392699948,True,2.7123266243434956,0.0,0,TARGET,True,2.472432392699948,2.579241623584623,0.0,False,,,,,,,,,,,,,,,,False,,,,,,,,,,,,,,,,True,11.0,2.490508037332262,2.5,0.2323894308308252,0.009819271725246135,15139.75,2022-03-30 12:56:00-05:00,0.0,TARGET,1.2372694742636938,1.346614739364889,0.00030638627321873357,1.2738221749911443,,True,False,,False,,True,11.0,False,,,,,,,,,,,,,,,,False,,,,,,,,,,,,,,,,False,,,,,,,,,,,,,,,,False,,False,,True,12.0,,,,,,,,,,,,,,,2.490508037332262,2.5,0.2323894308308252,0.009819271725246135,15139.75,2022-03-30 12:56:00-05:00,0.0,TARGET,1.2372694742636938,1.346614739364889,0.00030638627321873357,1.2738221749911443,,True,,,,,,,,,,,,,,,2.4912787630874806,2.5,0.1323222152244331,0.07819039990534683,15133.0,2022-03-30 12:57:00-05:00,0.0,TARGET,1.3786679087098275,1.3635167149249803,0.0006146738475729053,1.4258188824662812,,True,,,,,,,,,,,,,,,,,,,,,,,,,,,,,False,,,,,,,,,B1,10,3,2018-01-01,2021-12-31,2022-01-01,2022-12-31,B1,10,unfilled_1m,2.472432392699948
3051,2022-03-31 19:00:00+00:00,2022-03-31 14:15:00-05:00,2022-03-31 14:15:00-05:00,L,Long,B,36.86095321906129,15054.0,15026.737779158866,15135.7866625234,-1.0265935781323472,True,0.027510598067945365,2.026614057671975,1,STOP,True,-1.0265935781323472,0.0,1.2196365143455778,False,,,,,,,,,,,,,,,,False,,,,,,,,,,,,,,,,False,,,,,,,,,,,,,,,,False,,False,,False,,False,,,,,,,,,,,,,,,,False,,,,,,,,,,,,,,,,False,,,,,,,,,,,,,,,,False,,False,,False,,,,,,,,,,,,,,,,,,,,,,,,,,,,,,,,,,,,,,,,,,,,,,,,,,,,,,,,,,,,,,,,,,,,,,,,,,,,,,,,,,,,,,False,,,,,,,,,B1,10,3,2018-01-01,2021-12-31,2022-01-01,2022-12-31,B1,10,unfilled_1m,-1.0265935781323472
3057,2022-04-05 16:30:00+00:00,2022-04-05 11:45:00-05:00,2022-04-05 11:45:00-05:00,S,Short,B,36.64883053245056,14886.75,14914.756621449447,14802.730135651658,-1.0258867354389265,True,0.19638213091599263,1.3300426139310408,1,STOP,True,-1.0258867354389263,1.0979546410303225,1.1158075620226853,False,,,,,,,,,,,,,,,,False,,,,,,,,,,,,,,,,False,,,,,,,,,,,,,,,,False,,False,,False,,False,,,,,,,,,,,,,,,,False,,,,,,,,,,,,,,,,False,,,,,,,,,,,,,,,,False,,False,,False,,,,,,,,,,,,,,,,,,,,,,,,,,,,,,,,,,,,,,,,,,,,,,,,,,,,,,,,,,,,,,,,,,,,,,,,,,,,,,,,,,,,,,False,,,,,,,,,B1,10,3,2018-01-01,2021-12-31,2022-01-01,2022-12-31,B1,10,unfilled_1m,-1.0258867354389265
3061,2022-04-06 18:15:00+00:00,2022-04-06 13:30:00-05:00,2022-04-06 13:30:00-05:00,RS,Short,A+,67.17956985154207,14482.420186587538,14522.538529995754,14382.124328066997,-1.0180715338273796,True,0.4840724949665127,2.924592678680583,1,STOP,True,-1.0180715338273796,1.113460397230419,1.4477121555464667,False,,,,,,,,,,,,,,,,False,,,,,,,,,,,,,,,,True,12.0,-1.0256287619084064,-1.0,0.5214127422744755,1.696800788418632,14494.25,2022-04-06 13:42:00-05:00,0.0,STOP,0.9012267666092868,1.1102759583378075,0.0014123378756190003,0.9066994037179936,,True,False,,False,,True,12.0,False,,,,,,,,,,,,,,,,False,,,,,,,,,,,,,,,,False,,,,,,,,,,,,,,,,False,,False,,False,,,,,,,,,,,,,,,,-1.0256287619084064,-1.0,0.5214127422744755,1.696800788418632,14494.25,2022-04-06 13:42:00-05:00,0.0,STOP,0.9012267666092868,1.1102759583378075,0.0014123378756190003,0.9066994037179936,,True,,,,,,,,,,,,,,,,,,,,,,,,,,,,,,,,,,,,,,,,,,,,,,,,,,,,,,,,,False,,,,,,,,,B1,10,3,2018-01-01,2021-12-31,2022-01-01,2022-12-31,B1,10,unfilled_1m,-1.0180715338273796
3065,2022-04-08 15:00:00+00:00,2022-04-08 10:15:00-05:00,2022-04-08 10:15:00-05:00,L,Long,A,55.42877749553313,14489.75,14454.006715127978,14596.979854616064,-1.02028353025179,True,0.08393184931775141,1.475801683837129,1,STOP,True,-1.0202835302517899,0.0,1.349903909860502,False,,,,,,,,,,,,,,,,False,,,,,,,,,,,,,,,,True,15.0,0.9707150162591377,1.0,0.6058962153281852,0.14137578357657654,14429.25,2022-04-08 10:30:00-05:00,0.0,STOP,0.7849784848089713,1.0618532455315146,4.0803539079310924e-05,0.7810067462376751,,True,False,,False,,True,15.0,False,,,,,,,,,,,,,,,,False,,,,,,,,,,,,,,,,False,,,,,,,,,,,,,,,,False,,False,,False,,,,,,,,,,,,,,,,0.9707150162591377,1.0,0.6058962153281852,0.14137578357657654,14429.25,2022-04-08 10:30:00-05:00,0.0,STOP,0.7849784848089713,1.0618532455315146,4.0803539079310924e-05,0.7810067462376751,,True,,,,,,,,,,,,,,,,,,,,,,,,,,,,,,,,,,,,,,,,,,,,,,,,,,,,,,,,,False,,,,,,,,,B1,10,3,2018-01-01,2021-12-31,2022-01-01,2022-12-31,B1,10,unfilled_1m,-1.02028353025179
3066,2022-04-08 18:30:00+00:00,2022-04-08 13:45:00-05:00,2022-04-08 13:45:00-05:00,S,Short,A,46.93803351565767,14376.75,14410.36484893362,14275.905453199142,-1.0215678494177287,True,0.13386941017900622,1.717990763963913,1,STOP,True,-1.0215678494177287,0.8850255450723188,1.0932668497952174,False,,,,,,,,,,,,,,,,False,,,,,,,,,,,,,,,,True,15.0,-1.0206465362095258,-1.0,0.45564769565850194,1.0892827724336063,14375.25,2022-04-08 14:00:00-05:00,1.0,STOP,1.6389296373109412,1.645672490857375,0.000569854361819462,1.6760643525942787,,True,False,,False,,True,15.0,False,,,,,,,,,,,,,,,,False,,,,,,,,,,,,,,,,False,,,,,,,,,,,,,,,,False,,False,,False,,,,,,,,,,,,,,,,-1.0206465362095258,-1.0,0.45564769565850194,1.0892827724336063,14375.25,2022-04-08 14:00:00-05:00,1.0,STOP,1.6389296373109412,1.645672490857375,0.000569854361819462,1.6760643525942787,,True,,,,,,,,,,,,,,,,,,,,,,,,,,,,,,,,,,,,,,,,,,,,,,,,,,,,,,,,,False,,,,,,,,,B1,10,3,2018-01-01,2021-12-31,2022-01-01,2022-12-31,B1,10,unfilled_1m,-1.0215678494177287
3068,2022-04-11 14:45:00+00:00,2022-04-11 10:00:00-05:00,2022-04-11 10:00:00-05:00,S,Short,A,52.716404397450454,14074.75,14107.97490081758,13975.075297547266,-1.0218209831228866,True,0.3160280314349078,1.3619303259456743,1,STOP,True,-0.00677202924503374,1.0760002022664719,0.7148253091980058,False,,,,,,,,,,,,,,,,False,,,,,,,,,,,,,,,,True,13.0,-0.1175276397995231,-0.10573420881617995,0.04880040406900613,0.8458736705294396,14046.5,2022-04-11 10:13:00-05:00,1.0,TIME,0.6990726587180272,0.6724171731033131,0.0003606351881672993,0.7005718954248366,,True,False,,False,,True,13.0,False,,,,,,,,,,,,,,,,False,,,,,,,,,,,,,,,,True,13.0,-0.1175276397995231,-0.10573420881617995,0.04880040406900613,0.8458736705294396,14046.5,2022-04-11 10:13:00-05:00,1.0,TIME,0.6990726587180272,0.6724171731033131,0.0003606351881672993,0.7005718954248366,,True,False,,False,,True,14.0,,,,,,,,,,,,,,,-0.1175276397995231,-0.10573420881617995,0.04880040406900613,0.8458736705294396,14046.5,2022-04-11 10:13:00-05:00,1.0,TIME,0.6990726587180272,0.6724171731033131,0.0003606351881672993,0.7005718954248366,,True,,,,,,,,,,,,,,,-0.12570704598397528,-0.11309284413783242,0.12179229368689647,0.8351471567101472,14050.5,2022-04-11 10:14:00-05:00,1.0,TIME,0.7394569612940497,0.6876343035749171,-0.00021057401097605778,0.7174156730867217,,True,,,,,,,,,,,,,,,,,,,,,,,,,,,,,False,,,,,,,,,B1,10,3,2018-01-01,2021-12-31,2022-01-01,2022-12-31,B1,10,unfilled_1m,-1.0218209831228866
3072,2022-04-12 15:30:00+00:00,2022-04-12 10:45:00-05:00,2022-04-12 10:45:00-05:00,L,Long,A,50.866151091820875,14202.75,14163.221323459333,14321.336029622007,-1.0183411149435808,True,0.20238471661882168,2.030171688582555,1,STOP,True,-1.0183411149435808,0.0,1.3281497028110174,False,,,,,,,,,,,,,,,,False,,,,,,,,,,,,,,,,False,,,,,,,,,,,,,,,,False,,False,,False,,False,,,,,,,,,,,,,,,,False,,,,,,,,,,,,,,,,False,,,,,,,,,,,,,,,,False,,False,,False,,,,,,,,,,,,,,,,,,,,,,,,,,,,,,,,,,,,,,,,,,,,,,,,,,,,,,,,,,,,,,,,,,,,,,,,,,,,,,,,,,,,,,False,,,,,,,,,B1,10,3,2018-01-01,2021-12-31,2022-01-01,2022-12-31,B1,10,unfilled_1m,-1.0183411149435808
3073,2022-04-12 16:15:00+00:00,2022-04-12 11:30:00-05:00,2022-04-12 11:30:00-05:00,RS,Short,A+,79.59268634359681,14171.35860793512,14212.977231244104,14067.312049662662,0.8742145953508206,True,2.1050337798225867,0.0,0,TIME,True,2.482579913933782,2.639650214268595,0.0,False,,,,,,,,,,,,,,,,False,,,,,,,,,,,,,,,,False,,,,,,,,,,,,,,,,False,,False,,False,,False,,,,,,,,,,,,,,,,False,,,,,,,,,,,,,,,,False,,,,,,,,,,,,,,,,False,,False,,False,,,,,,,,,,,,,,,,,,,,,,,,,,,,,,,,,,,,,,,,,,,,,,,,,,,,,,,,,,,,,,,,,,,,,,,,,,,,,,,,,,,,,,False,,,,,,,,,B1,10,3,2018-01-01,2021-12-31,2022-01-01,2022-12-31,B1,10,unfilled_1m,0.8742145953508206
3075,2022-04-12 19:45:00+00:00,2022-04-12 15:00:00-05:00,2022-04-12 15:00:00-05:00,RL,Long,A,48.48639152163162,13951.927541673273,13910.083947877269,14056.53652616328,0.5699189807402458,True,0.8680530287098868,0.14763410866163532,0,TIME,True,-0.033518671462834895,0.264615376506806,0.7510717608647162,False,,,,,,,,,,,,,,,,False,,,,,,,,,,,,,,,,False,,,,,,,,,,,,,,,,False,,False,,False,,False,,,,,,,,,,,,,,,,False,,,,,,,,,,,,,,,,False,,,,,,,,,,,,,,,,False,,False,,False,,,,,,,,,,,,,,,,,,,,,,,,,,,,,,,,,,,,,,,,,,,,,,,,,,,,,,,,,,,,,,,,,,,,,,,,,,,,,,,,,,,,,,False,,,,,,,,,B1,10,3,2018-01-01,2021-12-31,2022-01-01,2022-12-31,B1,10,unfilled_1m,0.5699189807402458
3076,2022-04-13 15:15:00+00:00,2022-04-13 10:30:00-05:00,2022-04-13 10:30:00-05:00,L,Long,A+,69.19659353322277,14178.55923816928,14143.271686633225,14284.421892777438,0.2965850951723303,True,0.9476645552058475,0.7597364226840071,0,TIME,True,-1.0205454889455625,0.0,1.0147838716634046,False,,,,,,,,,,,,,,,,False,,,,,,,,,,,,,,,,True,12.0,-1.0312119088696732,-1.0,0.20449181673234199,1.0224590836617098,14166.5,2022-04-13 10:42:00-05:00,1.0,STOP,0.7615988988931582,1.0617204988807163,0.0005245264106668789,0.7368362647727903,,True,False,,False,,True,12.0,False,,,,,,,,,,,,,,,,False,,,,,,,,,,,,,,,,False,,,,,,,,,,,,,,,,False,,False,,False,,,,,,,,,,,,,,,,-1.0312119088696732,-1.0,0.20449181673234199,1.0224590836617098,14166.5,2022-04-13 10:42:00-05:00,1.0,STOP,0.7615988988931582,1.0617204988807163,0.0005245264106668789,0.7368362647727903,,True,,,,,,,,,,,,,,,,,,,,,,,,,,,,,,,,,,,,,,,,,,,,,,,,,,,,,,,,,False,,,,,,,,,B1,10,3,2018-01-01,2021-12-31,2022-01-01,2022-12-31,B1,10,unfilled_1m,0.2965850951723303
3083,2022-04-18 17:45:00+00:00,2022-04-18 13:00:00-05:00,2022-04-18 13:00:00-05:00,L,Long,A+,78.92426742609965,13977.06182974279,13942.774086891215,14079.925058297516,-0.6135378999386001,True,1.2814541466730545,0.709053081972508,0,TIME,True,-1.0211445822823155,0.0,1.0590323749211783,False,,,,,,,,,,,,,,,,False,,,,,,,,,,,,,,,,True,15.0,-1.0387164030820948,-1.0,0.05340193528564812,1.2682959630341428,13961.5,2022-04-18 13:15:00-05:00,1.0,STOP,2.128824860102393,1.9787516600265604,0.0014877017138351515,2.179823224626638,,True,False,,False,,True,15.0,False,,,,,,,,,,,,,,,,False,,,,,,,,,,,,,,,,True,15.0,-1.0387164030820948,-1.0,0.05340193528564812,1.2682959630341428,13961.5,2022-04-18 13:15:00-05:00,1.0,STOP,2.128824860102393,1.9787516600265604,0.0014877017138351515,2.179823224626638,,True,False,,False,,False,,,,,,,,,,,,,,,,-1.0387164030820948,-1.0,0.05340193528564812,1.2682959630341428,13961.5,2022-04-18 13:15:00-05:00,1.0,STOP,2.128824860102393,1.9787516600265604,0.0014877017138351515,2.179823224626638,,True,,,,,,,,,,,,,,,,,,,,,,,,,,,,,,,,,,,,,,,,,,,,,,,,,,,,,,,,,False,,,,,,,,,B1,10,3,2018-01-01,2021-12-31,2022-01-01,2022-12-31,B1,10,unfilled_1m,-0.6135378999386001
3085,2022-04-19 19:15:00+00:00,2022-04-19 14:30:00-05:00,2022-04-19 14:30:00-05:00,L,Long,A,58.089468989694026,14236.061927518456,14208.09493230064,14319.962913171908,-1.0259234141656433,True,1.1151742344374649,1.1285419571406325,0,STOP,True,-1.0259234141656433,0.0,1.0570290904767887,False,,,,,,,,,,,,,,,,False,,,,,,,,,,,,,,,,False,,,,,,,,,,,,,,,,False,,False,,False,,False,,,,,,,,,,,,,,,,False,,,,,,,,,,,,,,,,False,,,,,,,,,,,,,,,,False,,False,,False,,,,,,,,,,,,,,,,,,,,,,,,,,,,,,,,,,,,,,,,,,,,,,,,,,,,,,,,,,,,,,,,,,,,,,,,,,,,,,,,,,,,,,False,,,,,,,,,B1,10,3,2018-01-01,2021-12-31,2022-01-01,2022-12-31,B1,10,unfilled_1m,-1.0259234141656433
3086,2022-04-20 15:15:00+00:00,2022-04-20 10:30:00-05:00,2022-04-20 10:30:00-05:00,S,Short,A+,71.12341594593497,14071.581342457648,14106.19788605617,13967.731711662083,-1.0209437432115824,True,0.7173258759059992,1.1676110131364295,0,STOP,True,2.032448509985027,2.660038608290724,0.438190990939934,False,,,,,,,,,,,,,,,,False,,,,,,,,,,,,,,,,False,,,,,,,,,,,,,,,,False,,False,,False,,False,,,,,,,,,,,,,,,,False,,,,,,,,,,,,,,,,False,,,,,,,,,,,,,,,,False,,False,,False,,,,,,,,,,,,,,,,,,,,,,,,,,,,,,,,,,,,,,,,,,,,,,,,,,,,,,,,,,,,,,,,,,,,,,,,,,,,,,,,,,,,,,False,,,,,,,,,B1,10,3,2018-01-01,2021-12-31,2022-01-01,2022-12-31,B1,10,unfilled_1m,-1.0209437432115824
3096,2022-04-26 16:15:00+00:00,2022-04-26 11:30:00-05:00,2022-04-26 11:30:00-05:00,L,Long,A+,87.000502288188,13191.359033696908,13154.037191879155,13303.324559150167,-1.01942562222787,True,1.7051936132696284,1.1148708549832584,0,STOP,True,-1.0194256222278701,1.0286460805058717,1.0009965177853983,False,,,,,,,,,,,,,,,,False,,,,,,,,,,,,,,,,False,,,,,,,,,,,,,,,,False,,False,,False,,False,,,,,,,,,,,,,,,,False,,,,,,,,,,,,,,,,False,,,,,,,,,,,,,,,,False,,False,,False,,,,,,,,,,,,,,,,,,,,,,,,,,,,,,,,,,,,,,,,,,,,,,,,,,,,,,,,,,,,,,,,,,,,,,,,,,,,,,,,,,,,,,False,,,,,,,,,B1,10,3,2018-01-01,2021-12-31,2022-01-01,2022-12-31,B1,10,unfilled_1m,-1.01942562222787
3100,2022-04-27 16:30:00+00:00,2022-04-27 11:45:00-05:00,2022-04-27 11:45:00-05:00,L,Long,A+,81.10694153143491,13232.0,13172.683592505446,13409.94922248366,-1.0122225878238926,True,0.11379650732589788,1.8966084554316314,1,STOP,True,-1.0122225878238926,0.0,1.0663154204982284,False,,,,,,,,,,,,,,,,False,,,,,,,,,,,,,,,,False,,,,,,,,,,,,,,,,False,,False,,False,,False,,,,,,,,,,,,,,,,False,,,,,,,,,,,,,,,,False,,,,,,,,,,,,,,,,False,,False,,False,,,,,,,,,,,,,,,,,,,,,,,,,,,,,,,,,,,,,,,,,,,,,,,,,,,,,,,,,,,,,,,,,,,,,,,,,,,,,,,,,,,,,,False,,,,,,,,,B1,10,3,2018-01-01,2021-12-31,2022-01-01,2022-12-31,B1,10,unfilled_1m,-1.0122225878238926
3103,2022-04-28 15:45:00+00:00,2022-04-28 11:00:00-05:00,2022-04-28 11:00:00-05:00,RS,Short,B,44.79501641808635,13162.0,13205.642034212524,13052.89491446869,-1.0166124245370751,True,0.5041011583664151,2.7267289929819727,0,STOP,True,-1.0166124245370751,1.0826718060369598,1.191511828866072,False,,,,,,,,,,,,,,,,False,,,,,,,,,,,,,,,,False,,,,,,,,,,,,,,,,False,,False,,False,,False,,,,,,,,,,,,,,,,False,,,,,,,,,,,,,,,,False,,,,,,,,,,,,,,,,False,,False,,False,,,,,,,,,,,,,,,,,,,,,,,,,,,,,,,,,,,,,,,,,,,,,,,,,,,,,,,,,,,,,,,,,,,,,,,,,,,,,,,,,,,,,,False,,,,,,,,,B1,10,3,2018-01-01,2021-12-31,2022-01-01,2022-12-31,B1,10,unfilled_1m,-1.0166124245370751
3109,2022-05-03 14:45:00+00:00,2022-05-03 10:00:00-05:00,2022-05-03 10:00:00-05:00,S,Short,B,38.84559067395623,13052.0,13093.067037351722,12928.798887944837,-1.0176540614262155,True,0.6452863831651253,2.702897680427506,0,STOP,True,-1.0176540614262157,1.2601347293884992,1.53407706186426,False,,,,,,,,,,,,,,,,False,,,,,,,,,,,,,,,,False,,,,,,,,,,,,,,,,False,,False,,False,,False,,,,,,,,,,,,,,,,False,,,,,,,,,,,,,,,,False,,,,,,,,,,,,,,,,False,,False,,False,,,,,,,,,,,,,,,,,,,,,,,,,,,,,,,,,,,,,,,,,,,,,,,,,,,,,,,,,,,,,,,,,,,,,,,,,,,,,,,,,,,,,,False,,,,,,,,,B1,10,3,2018-01-01,2021-12-31,2022-01-01,2022-12-31,B1,10,unfilled_1m,-1.0176540614262155
3119,2022-05-09 16:15:00+00:00,2022-05-09 11:30:00-05:00,2022-05-09 11:30:00-05:00,L,Long,A,50.47890876050706,12403.75,12352.435659394469,12557.693021816602,-1.0141286040402095,True,0.5700160940360398,1.2325989041975902,0,STOP,True,-1.0141286040402095,0.07795091884253535,1.1108005935061287,False,,,,,,,,,,,,,,,,False,,,,,,,,,,,,,,,,False,,,,,,,,,,,,,,,,False,,False,,False,,False,,,,,,,,,,,,,,,,False,,,,,,,,,,,,,,,,False,,,,,,,,,,,,,,,,False,,False,,False,,,,,,,,,,,,,,,,,,,,,,,,,,,,,,,,,,,,,,,,,,,,,,,,,,,,,,,,,,,,,,,,,,,,,,,,,,,,,,,,,,,,,,False,,,,,,,,,B1,10,3,2018-01-01,2021-12-31,2022-01-01,2022-12-31,B1,10,unfilled_1m,-1.0141286040402095
3120,2022-05-09 19:00:00+00:00,2022-05-09 14:15:00-05:00,2022-05-09 14:15:00-05:00,L,Long,A+,81.0124908726981,12333.513855190497,12282.765577970978,12485.758686849042,-1.0142861992509404,True,0.40860785716540987,1.7392483060794386,1,STOP,True,-1.0142861992509404,0.0,1.0594222727588214,False,,,,,,,,,,,,,,,,False,,,,,,,,,,,,,,,,False,,,,,,,,,,,,,,,,False,,False,,False,,False,,,,,,,,,,,,,,,,False,,,,,,,,,,,,,,,,False,,,,,,,,,,,,,,,,False,,False,,False,,,,,,,,,,,,,,,,,,,,,,,,,,,,,,,,,,,,,,,,,,,,,,,,,,,,,,,,,,,,,,,,,,,,,,,,,,,,,,,,,,,,,,False,,,,,,,,,B1,10,3,2018-01-01,2021-12-31,2022-01-01,2022-12-31,B1,10,unfilled_1m,-1.0142861992509404
3121,2022-05-10 15:00:00+00:00,2022-05-10 10:15:00-05:00,2022-05-10 10:15:00-05:00,S,Short,A+,100.0,12274.795680927584,12328.75879589619,12112.906336021764,-1.0134351028553814,True,1.4740750413288808,1.1944143533951477,0,STOP,True,0.3765661218668628,1.9419872442231982,0.8052596499978935,False,,,,,,,,,,,,,,,,False,,,,,,,,,,,,,,,,False,,,,,,,,,,,,,,,,False,,False,,False,,False,,,,,,,,,,,,,,,,False,,,,,,,,,,,,,,,,False,,,,,,,,,,,,,,,,False,,False,,False,,,,,,,,,,,,,,,,,,,,,,,,,,,,,,,,,,,,,,,,,,,,,,,,,,,,,,,,,,,,,,,,,,,,,,,,,,,,,,,,,,,,,,False,,,,,,,,,B1,10,3,2018-01-01,2021-12-31,2022-01-01,2022-12-31,B1,10,unfilled_1m,-1.0134351028553814
3123,2022-05-10 17:45:00+00:00,2022-05-10 13:00:00-05:00,2022-05-10 13:00:00-05:00,L,Long,A+,100.0,12510.754505470728,12448.11152094245,12698.683459055565,-1.011573522645185,True,0.5426863803707471,1.4846755174754476,0,STOP,True,-1.011573522645185,0.13960852272809818,1.313068112736498,False,,,,,,,,,,,,,,,,False,,,,,,,,,,,,,,,,True,13.0,-1.0135797088210452,-1.0,0.28095949284921007,1.3673361985328223,12501.5,2022-05-10 13:13:00-05:00,1.0,STOP,0.9630258441803433,1.1847296356463217,0.0017943502395922426,0.9509616727983979,,True,False,,False,,True,13.0,False,,,,,,,,,,,,,,,,False,,,,,,,,,,,,,,,,True,13.0,-1.0135797088210452,-1.0,0.28095949284921007,1.3673361985328223,12501.5,2022-05-10 13:13:00-05:00,1.0,STOP,0.9630258441803433,1.1847296356463217,0.0017943502395922426,0.9509616727983979,,True,False,,False,,False,,,,,,,,,,,,,,,,-1.0135797088210452,-1.0,0.28095949284921007,1.3673361985328223,12501.5,2022-05-10 13:13:00-05:00,1.0,STOP,0.9630258441803433,1.1847296356463217,0.0017943502395922426,0.9509616727983979,,True,,,,,,,,,,,,,,,,,,,,,,,,,,,,,,,,,,,,,,,,,,,,,,,,,,,,,,,,,False,,,,,,,,,B1,10,3,2018-01-01,2021-12-31,2022-01-01,2022-12-31,B1,10,unfilled_1m,-1.011573522645185
3134,2022-05-17 14:45:00+00:00,2022-05-17 10:00:00-05:00,2022-05-17 10:00:00-05:00,S,Short,A,51.75996973796955,12389.5,12422.45699875964,12290.629003721082,-1.021998362329274,True,0.31101132948283644,2.3970629296725927,1,STOP,True,-1.0219983623292739,1.0771611899161653,1.039232979003624,False,,,,,,,,,,,,,,,,False,,,,,,,,,,,,,,,,False,,,,,,,,,,,,,,,,False,,False,,False,,False,,,,,,,,,,,,,,,,False,,,,,,,,,,,,,,,,False,,,,,,,,,,,,,,,,False,,False,,False,,,,,,,,,,,,,,,,,,,,,,,,,,,,,,,,,,,,,,,,,,,,,,,,,,,,,,,,,,,,,,,,,,,,,,,,,,,,,,,,,,,,,,False,,,,,,,,,B1,10,3,2018-01-01,2021-12-31,2022-01-01,2022-12-31,B1,10,unfilled_1m,-1.021998362329274
3145,2022-05-24 16:15:00+00:00,2022-05-24 11:30:00-05:00,2022-05-24 11:30:00-05:00,L,Long,B,38.807457357187175,11758.25,11718.300193042804,11878.099420871586,-1.0181477722977934,True,0.21902483807681594,1.5456895715706724,1,STOP,True,-1.0181477722977934,0.0,1.1764762730983256,False,,,,,,,,,,,,,,,,False,,,,,,,,,,,,,,,,True,12.0,0.9775543137144956,1.0,0.04643935093552628,0.2554164301453945,11686.0,2022-05-24 11:42:00-05:00,0.0,STOP,0.7234424757083368,0.9708525093140478,0.00040261792817365124,0.7211753693378373,,True,False,,False,,True,12.0,False,,,,,,,,,,,,,,,,False,,,,,,,,,,,,,,,,False,,,,,,,,,,,,,,,,False,,False,,False,,,,,,,,,,,,,,,,0.9775543137144956,1.0,0.04643935093552628,0.2554164301453945,11686.0,2022-05-24 11:42:00-05:00,0.0,STOP,0.7234424757083368,0.9708525093140478,0.00040261792817365124,0.7211753693378373,,True,,,,,,,,,,,,,,,,,,,,,,,,,,,,,,,,,,,,,,,,,,,,,,,,,,,,,,,,,False,,,,,,,,,B1,10,3,2018-01-01,2021-12-31,2022-01-01,2022-12-31,B1,10,unfilled_1m,-1.0181477722977934
3146,2022-05-24 18:45:00+00:00,2022-05-24 14:00:00-05:00,2022-05-24 14:00:00-05:00,RS,Short,A+,69.10817135389574,11721.9312721871,11766.325090884087,11610.94672544463,-1.0163311024210042,True,0.539067665037855,1.161619552597746,0,STOP,True,-1.0163311024210042,1.1078405424590327,1.2404593573888003,False,,,,,,,,,,,,,,,,False,,,,,,,,,,,,,,,,False,,,,,,,,,,,,,,,,False,,False,,False,,False,,,,,,,,,,,,,,,,False,,,,,,,,,,,,,,,,False,,,,,,,,,,,,,,,,False,,False,,False,,,,,,,,,,,,,,,,,,,,,,,,,,,,,,,,,,,,,,,,,,,,,,,,,,,,,,,,,,,,,,,,,,,,,,,,,,,,,,,,,,,,,,False,,,,,,,,,B1,10,3,2018-01-01,2021-12-31,2022-01-01,2022-12-31,B1,10,unfilled_1m,-1.0163311024210042
3159,2022-06-01 18:30:00+00:00,2022-06-01 13:45:00-05:00,2022-06-01 13:45:00-05:00,L,Long,A+,84.56416460954445,12674.585391321272,12635.66034461956,12791.360531426411,-1.0186255396314814,True,0.26755545750622656,1.3445171105978573,1,STOP,True,-1.0186255396314814,0.0,1.0555001163162487,False,,,,,,,,,,,,,,,,False,,,,,,,,,,,,,,,,False,,,,,,,,,,,,,,,,False,,False,,False,,False,,,,,,,,,,,,,,,,False,,,,,,,,,,,,,,,,False,,,,,,,,,,,,,,,,False,,False,,False,,,,,,,,,,,,,,,,,,,,,,,,,,,,,,,,,,,,,,,,,,,,,,,,,,,,,,,,,,,,,,,,,,,,,,,,,,,,,,,,,,,,,,False,,,,,,,,,B1,10,3,2018-01-01,2021-12-31,2022-01-01,2022-12-31,B1,10,unfilled_1m,-1.0186255396314814
3162,2022-06-03 15:15:00+00:00,2022-06-03 10:30:00-05:00,2022-06-03 10:30:00-05:00,S,Short,A,53.75719096372256,12547.5,12584.508704609792,12436.473886170625,-1.0195899858599258,True,0.15536885337182446,1.4050748478843256,1,STOP,True,-1.0195899858599258,0.837640774700271,1.067316470989055,False,,,,,,,,,,,,,,,,False,,,,,,,,,,,,,,,,True,11.0,-1.0207091352873767,-1.0,0.7640956812928653,1.071162170036727,12549.5,2022-06-03 10:41:00-05:00,0.0,STOP,1.0780888068784107,1.0816133606428233,0.0006653676763071838,1.0814429741650915,,True,False,,False,,True,11.0,False,,,,,,,,,,,,,,,,False,,,,,,,,,,,,,,,,False,,,,,,,,,,,,,,,,False,,False,,True,12.0,,,,,,,,,,,,,,,-1.0207091352873767,-1.0,0.7640956812928653,1.071162170036727,12549.5,2022-06-03 10:41:00-05:00,0.0,STOP,1.0780888068784107,1.0816133606428233,0.0006653676763071838,1.0814429741650915,,True,,,,,,,,,,,,,,,-1.018705475513153,-1.0,0.5934150852448521,1.0642770550587022,12545.75,2022-06-03 10:42:00-05:00,0.0,STOP,0.6289506953223768,0.7377201112140871,0.00018794096238570058,0.625024537709552,,True,,,,,,,,,,,,,,,,,,,,,,,,,,,,,False,,,,,,,,,B1,10,3,2018-01-01,2021-12-31,2022-01-01,2022-12-31,B1,10,unfilled_1m,-1.0195899858599258
3168,2022-06-06 18:45:00+00:00,2022-06-06 14:00:00-05:00,2022-06-06 14:00:00-05:00,RS,Short,B,43.493946098331655,12635.24673550046,12670.470014853345,12547.18853711825,0.5329354860004354,True,1.9801317986806173,0.0,0,TIME,True,2.4794170215459905,2.675694518850592,0.0,False,,,,,,,,,,,,,,,,False,,,,,,,,,,,,,,,,False,,,,,,,,,,,,,,,,False,,False,,False,,False,,,,,,,,,,,,,,,,False,,,,,,,,,,,,,,,,False,,,,,,,,,,,,,,,,False,,False,,False,,,,,,,,,,,,,,,,,,,,,,,,,,,,,,,,,,,,,,,,,,,,,,,,,,,,,,,,,,,,,,,,,,,,,,,,,,,,,,,,,,,,,,False,,,,,,,,,B1,10,3,2018-01-01,2021-12-31,2022-01-01,2022-12-31,B1,10,unfilled_1m,0.5329354860004354
3172,2022-06-08 15:15:00+00:00,2022-06-08 10:30:00-05:00,2022-06-08 10:30:00-05:00,L,Long,A,48.48206216594267,12773.251239188598,12741.528323410868,12868.419986521789,-1.0228541413115937,True,0.8037962522128448,1.1427461284642502,0,STOP,True,-1.0228541413115935,0.007841675498728988,1.5761867395461944,False,,,,,,,,,,,,,,,,False,,,,,,,,,,,,,,,,False,,,,,,,,,,,,,,,,False,,False,,False,,False,,,,,,,,,,,,,,,,False,,,,,,,,,,,,,,,,False,,,,,,,,,,,,,,,,False,,False,,False,,,,,,,,,,,,,,,,,,,,,,,,,,,,,,,,,,,,,,,,,,,,,,,,,,,,,,,,,,,,,,,,,,,,,,,,,,,,,,,,,,,,,,False,,,,,,,,,B1,10,3,2018-01-01,2021-12-31,2022-01-01,2022-12-31,B1,10,unfilled_1m,-1.0228541413115937
3176,2022-06-13 15:30:00+00:00,2022-06-13 10:45:00-05:00,2022-06-13 10:45:00-05:00,RL,Long,A+,82.69140873812047,11418.89968847073,11380.035786620996,11516.059443095068,1.2383036503988794,True,1.5271320867046578,0.2161308584816674,0,TIME,True,0.588600486325747,0.8774289226315256,0.8658340225547997,False,,,,,,,,,,,,,,,,False,,,,,,,,,,,,,,,,True,13.0,2.4745294208434094,2.5,4.092858581714188,0.7465514580379956,11408.5,2022-06-13 10:58:00-05:00,0.0,TARGET,1.0095887154291148,1.4759036144578312,0.0012182667313586863,0.9831764161135979,,True,False,,False,,True,13.0,False,,,,,,,,,,,,,,,,False,,,,,,,,,,,,,,,,True,13.0,2.4745294208434094,2.5,4.092858581714188,0.7465514580379956,11408.5,2022-06-13 10:58:00-05:00,0.0,TARGET,1.0095887154291148,1.4759036144578312,0.0012182667313586863,0.9831764161135979,,True,False,,False,,True,14.0,,,,,,,,,,,,,,,2.4745294208434094,2.5,4.092858581714188,0.7465514580379956,11408.5,2022-06-13 10:58:00-05:00,0.0,TARGET,1.0095887154291148,1.4759036144578312,0.0012182667313586863,0.9831764161135979,,True,,,,,,,,,,,,,,,2.4756009021422627,2.5,3.87861521117822,0.7572133817918435,11409.75,2022-06-13 10:59:00-05:00,0.0,TARGET,1.063601025556199,1.3373544093178036,0.0001165360285704335,1.0190981852761707,,True,,,,,,,,,,,,,,,,,,,,,,,,,,,,,False,,,,,,,,,B1,10,3,2018-01-01,2021-12-31,2022-01-01,2022-12-31,B1,10,unfilled_1m,1.2383036503988794
3179,2022-06-14 17:45:00+00:00,2022-06-14 13:00:00-05:00,2022-06-14 13:00:00-05:00,S,Short,A+,65.52842348188864,11325.0,11367.721684942251,11196.83494517324,0.6735455317105697,True,0.7256268108784593,0.9304408300780244,0,TIME,True,1.264580272829315,1.3166615519972042,0.3394060889592793,False,,,,,,,,,,,,,,,,False,,,,,,,,,,,,,,,,True,13.0,1.2269692215228118,1.2380851563632247,1.261083642239941,0.5672959849590008,11302.5,2022-06-14 13:13:00-05:00,0.0,TIME,0.4856433888691953,0.5977312390924957,0.0003434991477789086,0.48384248631467425,,True,False,,False,,True,13.0,False,,,,,,,,,,,,,,,,False,,,,,,,,,,,,,,,,False,,,,,,,,,,,,,,,,False,,False,,False,,,,,,,,,,,,,,,,1.2269692215228118,1.2380851563632247,1.261083642239941,0.5672959849590008,11302.5,2022-06-14 13:13:00-05:00,0.0,TIME,0.4856433888691953,0.5977312390924957,0.0003434991477789086,0.48384248631467425,,True,,,,,,,,,,,,,,,,,,,,,,,,,,,,,,,,,,,,,,,,,,,,,,,,,,,,,,,,,False,,,,,,,,,B1,10,3,2018-01-01,2021-12-31,2022-01-01,2022-12-31,B1,10,unfilled_1m,0.6735455317105697
3180,2022-06-14 19:30:00+00:00,2022-06-14 14:45:00-05:00,2022-06-14 14:45:00-05:00,L,Long,A+,90.97557495178516,11309.17785174278,11266.541919962703,11437.085647083002,0.934590768714979,True,1.9132254146100216,0.0,0,TIME,True,0.3423672861781349,1.3210019320731774,0.33253293996038763,False,,,,,,,,,,,,,,,,False,,,,,,,,,,,,,,,,False,,,,,,,,,,,,,,,,False,,False,,False,,False,,,,,,,,,,,,,,,,False,,,,,,,,,,,,,,,,False,,,,,,,,,,,,,,,,False,,False,,False,,,,,,,,,,,,,,,,,,,,,,,,,,,,,,,,,,,,,,,,,,,,,,,,,,,,,,,,,,,,,,,,,,,,,,,,,,,,,,,,,,,,,,False,,,,,,,,,B1,10,3,2018-01-01,2021-12-31,2022-01-01,2022-12-31,B1,10,unfilled_1m,0.934590768714979
3181,2022-06-15 14:45:00+00:00,2022-06-15 10:00:00-05:00,2022-06-15 10:00:00-05:00,S,Short,B,42.38865349112322,11488.75,11519.735818577396,11395.79254426781,-1.0233978004547182,True,0.540569872574523,1.1134125733624505,0,STOP,True,-1.0233978004547182,0.0,1.0246622957755884,False,,,,,,,,,,,,,,,,False,,,,,,,,,,,,,,,,True,11.0,-1.031201827367739,-1.0,0.710110553886475,1.3341471012412562,11496.5,2022-06-15 10:11:00-05:00,0.0,STOP,1.1451361510956266,1.4389400921658986,0.0011940421265279398,1.154130474958418,,True,False,,False,,True,11.0,False,,,,,,,,,,,,,,,,False,,,,,,,,,,,,,,,,False,,,,,,,,,,,,,,,,False,,False,,True,12.0,,,,,,,,,,,,,,,-1.031201827367739,-1.0,0.710110553886475,1.3341471012412562,11496.5,2022-06-15 10:11:00-05:00,0.0,STOP,1.1451361510956266,1.4389400921658986,0.0011940421265279398,1.154130474958418,,True,,,,,,,,,,,,,,,-1.0268659628730807,-1.0,0.47247038156107424,1.2877133928821434,11492.75,2022-06-15 10:12:00-05:00,1.0,STOP,0.6611795734618708,0.9190897597977244,0.00021566767281187797,0.6665444210140277,,True,,,,,,,,,,,,,,,,,,,,,,,,,,,,,False,,,,,,,,,B1,10,3,2018-01-01,2021-12-31,2022-01-01,2022-12-31,B1,10,unfilled_1m,-1.0233978004547182
3183,2022-06-15 16:45:00+00:00,2022-06-15 12:00:00-05:00,2022-06-15 12:00:00-05:00,S,Short,A+,78.18992403198553,11512.688913734177,11541.788443085445,11425.390325680371,-1.0249144923015194,True,1.0718013118936558,1.0588173400983463,0,STOP,True,-1.0249144923015194,0.7968827761527523,1.1017733613078624,False,,,,,,,,,,,,,,,,False,,,,,,,,,,,,,,,,False,,,,,,,,,,,,,,,,False,,False,,False,,False,,,,,,,,,,,,,,,,False,,,,,,,,,,,,,,,,False,,,,,,,,,,,,,,,,False,,False,,False,,,,,,,,,,,,,,,,,,,,,,,,,,,,,,,,,,,,,,,,,,,,,,,,,,,,,,,,,,,,,,,,,,,,,,,,,,,,,,,,,,,,,,False,,,,,,,,,B1,10,3,2018-01-01,2021-12-31,2022-01-01,2022-12-31,B1,10,unfilled_1m,-1.0249144923015194
3185,2022-06-16 14:45:00+00:00,2022-06-16 10:00:00-05:00,2022-06-16 10:00:00-05:00,S,Short,A+,80.45672972567462,11141.211710424592,11180.089977110476,11024.576910366935,-1.0186479506881727,True,0.26908891049893763,1.7307430426120063,1,STOP,True,-1.0186479506881727,0.06331842014668615,1.0362676376731577,False,,,,,,,,,,,,,,,,False,,,,,,,,,,,,,,,,False,,,,,,,,,,,,,,,,False,,False,,False,,False,,,,,,,,,,,,,,,,False,,,,,,,,,,,,,,,,False,,,,,,,,,,,,,,,,False,,False,,False,,,,,,,,,,,,,,,,,,,,,,,,,,,,,,,,,,,,,,,,,,,,,,,,,,,,,,,,,,,,,,,,,,,,,,,,,,,,,,,,,,,,,,False,,,,,,,,,B1,10,3,2018-01-01,2021-12-31,2022-01-01,2022-12-31,B1,10,unfilled_1m,-1.0186479506881727
3186,2022-06-16 15:15:00+00:00,2022-06-16 10:30:00-05:00,2022-06-16 10:30:00-05:00,RL,Long,A+,66.10336850891994,11196.868856827776,11156.317889634334,11298.24627481138,-1.0178787350876617,True,0.40396430235759384,1.2112869365966692,1,STOP,True,-1.0178787350876617,0.6012468964283435,1.0016741803964977,False,,,,,,,,,,,,,,,,False,,,,,,,,,,,,,,,,False,,,,,,,,,,,,,,,,False,,False,,False,,False,,,,,,,,,,,,,,,,False,,,,,,,,,,,,,,,,False,,,,,,,,,,,,,,,,False,,False,,False,,,,,,,,,,,,,,,,,,,,,,,,,,,,,,,,,,,,,,,,,,,,,,,,,,,,,,,,,,,,,,,,,,,,,,,,,,,,,,,,,,,,,,False,,,,,,,,,B1,10,3,2018-01-01,2021-12-31,2022-01-01,2022-12-31,B1,10,unfilled_1m,-1.0178787350876617
3189,2022-06-17 15:30:00+00:00,2022-06-17 10:45:00-05:00,2022-06-17 10:45:00-05:00,L,Long,B,37.504888988004225,11242.0,11196.86644782683,11377.400656519514,1.0419077988714922,True,1.0912059350222434,0.9416497916435603,0,TIME,True,1.219159524357339,1.26845766050809,0.7643980661577137,False,,,,,,,,,,,,,,,,False,,,,,,,,,,,,,,,,True,13.0,1.1114642635930403,1.1279852598227678,1.5951306704564392,0.7576870684668087,11240.75,2022-06-17 10:58:00-05:00,0.0,TIME,0.5762987012987013,0.7451026119402985,0.00019232180563053485,0.5691889725203758,,True,False,,False,,True,13.0,False,,,,,,,,,,,,,,,,False,,,,,,,,,,,,,,,,False,,,,,,,,,,,,,,,,False,,False,,False,,,,,,,,,,,,,,,,1.1114642635930403,1.1279852598227678,1.5951306704564392,0.7576870684668087,11240.75,2022-06-17 10:58:00-05:00,0.0,TIME,0.5762987012987013,0.7451026119402985,0.00019232180563053485,0.5691889725203758,,True,,,,,,,,,,,,,,,,,,,,,,,,,,,,,,,,,,,,,,,,,,,,,,,,,,,,,,,,,False,,,,,,,,,B1,10,3,2018-01-01,2021-12-31,2022-01-01,2022-12-31,B1,10,unfilled_1m,1.0419077988714922
3195,2022-06-22 16:00:00+00:00,2022-06-22 11:15:00-05:00,2022-06-22 11:15:00-05:00,S,Short,A+,63.94902477884858,11583.0,11620.65927838555,11470.022164843347,-1.0192515637866864,True,0.07966164325525374,1.4339095785945672,1,STOP,True,-1.0192515637866864,0.0,1.0356013623182987,False,,,,,,,,,,,,,,,,False,,,,,,,,,,,,,,,,False,,,,,,,,,,,,,,,,False,,False,,False,,False,,,,,,,,,,,,,,,,False,,,,,,,,,,,,,,,,False,,,,,,,,,,,,,,,,False,,False,,False,,,,,,,,,,,,,,,,,,,,,,,,,,,,,,,,,,,,,,,,,,,,,,,,,,,,,,,,,,,,,,,,,,,,,,,,,,,,,,,,,,,,,,False,,,,,,,,,B1,10,3,2018-01-01,2021-12-31,2022-01-01,2022-12-31,B1,10,unfilled_1m,-1.0192515637866864
3207,2022-06-29 15:15:00+00:00,2022-06-29 10:30:00-05:00,2022-06-29 10:30:00-05:00,RS,Short,B,44.12424233076704,11676.42223829348,11715.65575732102,11578.338440724629,1.0436799784576698,True,1.2660663515453277,0.8303553317165482,0,TIME,True,-1.018479096904132,0.43769304204975357,1.0087741983771334,False,,,,,,,,,,,,,,,,False,,,,,,,,,,,,,,,,False,,,,,,,,,,,,,,,,False,,False,,False,,False,,,,,,,,,,,,,,,,False,,,,,,,,,,,,,,,,False,,,,,,,,,,,,,,,,False,,False,,False,,,,,,,,,,,,,,,,,,,,,,,,,,,,,,,,,,,,,,,,,,,,,,,,,,,,,,,,,,,,,,,,,,,,,,,,,,,,,,,,,,,,,,False,,,,,,,,,B1,10,3,2018-01-01,2021-12-31,2022-01-01,2022-12-31,B1,10,unfilled_1m,1.0436799784576698
3214,2022-07-01 16:00:00+00:00,2022-07-01 11:15:00-05:00,2022-07-01 11:15:00-05:00,S,Short,A,49.99991741253668,11438.0,11478.945291398812,11315.164125803562,-1.0177065536776482,True,0.11600845512941847,1.1906130921177158,1,STOP,True,-1.0177065536776482,0.0,1.3310443799059593,False,,,,,,,,,,,,,,,,False,,,,,,,,,,,,,,,,False,,,,,,,,,,,,,,,,False,,False,,False,,False,,,,,,,,,,,,,,,,False,,,,,,,,,,,,,,,,False,,,,,,,,,,,,,,,,False,,False,,False,,,,,,,,,,,,,,,,,,,,,,,,,,,,,,,,,,,,,,,,,,,,,,,,,,,,,,,,,,,,,,,,,,,,,,,,,,,,,,,,,,,,,,False,,,,,,,,,B1,10,3,2018-01-01,2021-12-31,2022-01-01,2022-12-31,B1,10,unfilled_1m,-1.0177065536776482
3228,2022-07-11 19:00:00+00:00,2022-07-11 14:15:00-05:00,2022-07-11 14:15:00-05:00,S,Short,A,60.13512837939987,11894.28237383062,11920.119413224518,11816.771255648924,-0.4235247701005726,True,1.7139105280412692,0.5502807791800571,0,TIME,True,-0.7331577693787028,1.404277528763139,0.8599137784581873,False,,,,,,,,,,,,,,,,False,,,,,,,,,,,,,,,,False,,,,,,,,,,,,,,,,False,,False,,False,,False,,,,,,,,,,,,,,,,False,,,,,,,,,,,,,,,,False,,,,,,,,,,,,,,,,False,,False,,False,,,,,,,,,,,,,,,,,,,,,,,,,,,,,,,,,,,,,,,,,,,,,,,,,,,,,,,,,,,,,,,,,,,,,,,,,,,,,,,,,,,,,,False,,,,,,,,,B1,10,3,2018-01-01,2021-12-31,2022-01-01,2022-12-31,B1,10,unfilled_1m,-0.4235247701005726
3235,2022-07-14 18:30:00+00:00,2022-07-14 13:45:00-05:00,2022-07-14 13:45:00-05:00,L,Long,A,61.033798700628786,11791.0,11755.425993838926,11897.72201848322,-0.3295945906938582,True,1.0119748626847676,0.730870734161221,0,TIME,True,-0.10471128787502107,1.2368581655036046,0.5059874313423838,False,,,,,,,,,,,,,,,,False,,,,,,,,,,,,,,,,True,11.0,-0.02017630733573951,-0.005173412137369105,0.6466765171711382,0.8639598269406406,11803.75,2022-07-14 13:56:00-05:00,0.0,TIME,0.909605585959615,1.2352639671963097,0.0006747815919582199,0.9033830006559835,,True,False,,False,,True,11.0,False,,,,,,,,,,,,,,,,False,,,,,,,,,,,,,,,,False,,,,,,,,,,,,,,,,False,,False,,True,12.0,,,,,,,,,,,,,,,-0.02017630733573951,-0.005173412137369105,0.6466765171711382,0.8639598269406406,11803.75,2022-07-14 13:56:00-05:00,0.0,TIME,0.909605585959615,1.2352639671963097,0.0006747815919582199,0.9033830006559835,,True,,,,,,,,,,,,,,,0.019312655556643528,0.0329728265601231,0.4993028021961498,0.8761351057404138,11808.5,2022-07-14 13:57:00-05:00,1.0,TIME,1.1991152524824698,1.4738546968995836,0.00048254134908743627,1.202113606340819,,True,,,,,,,,,,,,,,,,,,,,,,,,,,,,,False,,,,,,,,,B1,10,3,2018-01-01,2021-12-31,2022-01-01,2022-12-31,B1,10,unfilled_1m,-0.3295945906938582
3250,2022-07-22 15:30:00+00:00,2022-07-22 10:45:00-05:00,2022-07-22 10:45:00-05:00,S,Short,A+,100.0,12474.508093255312,12506.313336655814,12379.092363053807,1.588829005927811,True,2.3897975657093027,0.0,0,TIME,True,1.3372981530032995,2.1382667127847914,0.023326554535230536,False,,,,,,,,,,,,,,,,False,,,,,,,,,,,,,,,,False,,,,,,,,,,,,,,,,False,,False,,False,,False,,,,,,,,,,,,,,,,False,,,,,,,,,,,,,,,,False,,,,,,,,,,,,,,,,False,,False,,False,,,,,,,,,,,,,,,,,,,,,,,,,,,,,,,,,,,,,,,,,,,,,,,,,,,,,,,,,,,,,,,,,,,,,,,,,,,,,,,,,,,,,,False,,,,,,,,,B1,10,3,2018-01-01,2021-12-31,2022-01-01,2022-12-31,B1,10,unfilled_1m,1.588829005927811
3265,2022-08-01 14:45:00+00:00,2022-08-01 10:00:00-05:00,2022-08-01 10:00:00-05:00,L,Long,A+,72.5776202413077,13051.180066834211,13018.680494238812,13148.678784620404,0.579851722987164,True,1.279091687860328,0.9055524268149039,0,TIME,True,0.8260088063308522,1.5252487712040161,0.6593953434712159,False,,,,,,,,,,,,,,,,False,,,,,,,,,,,,,,,,True,13.0,-1.0134709523944165,-1.0,0.3716124798459762,1.1659341555167502,13072.5,2022-08-01 10:13:00-05:00,1.0,STOP,0.7992007992007992,1.2028204064703443,0.00035168688429821314,0.7849240450654668,,True,False,,False,,True,13.0,False,,,,,,,,,,,,,,,,False,,,,,,,,,,,,,,,,True,13.0,-1.0134709523944165,-1.0,0.3716124798459762,1.1659341555167502,13072.5,2022-08-01 10:13:00-05:00,1.0,STOP,0.7992007992007992,1.2028204064703443,0.00035168688429821314,0.7849240450654668,,True,False,,False,,False,,,,,,,,,,,,,,,,-1.0134709523944165,-1.0,0.3716124798459762,1.1659341555167502,13072.5,2022-08-01 10:13:00-05:00,1.0,STOP,0.7992007992007992,1.2028204064703443,0.00035168688429821314,0.7849240450654668,,True,,,,,,,,,,,,,,,,,,,,,,,,,,,,,,,,,,,,,,,,,,,,,,,,,,,,,,,,,False,,,,,,,,,B1,10,3,2018-01-01,2021-12-31,2022-01-01,2022-12-31,B1,10,unfilled_1m,0.579851722987164
3267,2022-08-01 19:30:00+00:00,2022-08-01 14:45:00-05:00,2022-08-01 14:45:00-05:00,RS,Short,B,41.107624744853574,12953.771791969755,12986.820919323232,12871.148973586069,-0.2482125455993836,True,0.4545291562191503,0.7482257478620864,0,TIME,True,-0.4902764256660477,0.21246527615248628,0.9902896279287504,False,,,,,,,,,,,,,,,,False,,,,,,,,,,,,,,,,False,,,,,,,,,,,,,,,,False,,False,,False,,False,,,,,,,,,,,,,,,,False,,,,,,,,,,,,,,,,False,,,,,,,,,,,,,,,,False,,False,,False,,,,,,,,,,,,,,,,,,,,,,,,,,,,,,,,,,,,,,,,,,,,,,,,,,,,,,,,,,,,,,,,,,,,,,,,,,,,,,,,,,,,,,False,,,,,,,,,B1,10,3,2018-01-01,2021-12-31,2022-01-01,2022-12-31,B1,10,unfilled_1m,-0.2482125455993836
3268,2022-08-02 14:45:00+00:00,2022-08-02 10:00:00-05:00,2022-08-02 10:00:00-05:00,L,Long,A+,74.71945999034358,12938.397245864906,12906.862855020025,13033.000418399552,1.074311354284276,True,1.565045425417029,0.7974546262398431,0,TIME,True,1.3280026349991079,1.818736706131861,0.5437633455250113,False,,,,,,,,,,,,,,,,False,,,,,,,,,,,,,,,,False,,,,,,,,,,,,,,,,False,,False,,False,,False,,,,,,,,,,,,,,,,False,,,,,,,,,,,,,,,,False,,,,,,,,,,,,,,,,False,,False,,False,,,,,,,,,,,,,,,,,,,,,,,,,,,,,,,,,,,,,,,,,,,,,,,,,,,,,,,,,,,,,,,,,,,,,,,,,,,,,,,,,,,,,,False,,,,,,,,,B1,10,3,2018-01-01,2021-12-31,2022-01-01,2022-12-31,B1,10,unfilled_1m,1.074311354284276
3270,2022-08-02 16:30:00+00:00,2022-08-02 11:45:00-05:00,2022-08-02 11:45:00-05:00,L,Long,A+,80.43639471972138,13075.993206709143,13042.786052841888,13175.614668310916,-1.0218326449444648,True,0.25617351384170245,1.226940642730568,1,STOP,True,-1.0218326449444648,0.4970854580564875,1.3699821096080969,False,,,,,,,,,,,,,,,,False,,,,,,,,,,,,,,,,False,,,,,,,,,,,,,,,,False,,False,,False,,False,,,,,,,,,,,,,,,,False,,,,,,,,,,,,,,,,False,,,,,,,,,,,,,,,,False,,False,,False,,,,,,,,,,,,,,,,,,,,,,,,,,,,,,,,,,,,,,,,,,,,,,,,,,,,,,,,,,,,,,,,,,,,,,,,,,,,,,,,,,,,,,False,,,,,,,,,B1,10,3,2018-01-01,2021-12-31,2022-01-01,2022-12-31,B1,10,unfilled_1m,-1.0218326449444648
3271,2022-08-03 15:00:00+00:00,2022-08-03 10:15:00-05:00,2022-08-03 10:15:00-05:00,L,Long,A+,63.47598852575309,13140.462823998148,13109.931549725345,13232.05664681655,1.7215847439643923,True,2.4822801473884164,0.0,0,TIME,True,1.983611147727243,2.7443065511512668,0.0,False,,,,,,,,,,,,,,,,False,,,,,,,,,,,,,,,,True,12.0,0.3573735132897903,0.3664566262480759,0.4541556479142821,0.2662291729152688,13189.75,2022-08-03 10:27:00-05:00,0.0,TIME,1.0829133669306457,1.3062671877261542,0.0006572197876187637,1.116506355735626,,True,False,,False,,True,12.0,False,,,,,,,,,,,,,,,,False,,,,,,,,,,,,,,,,False,,,,,,,,,,,,,,,,False,,False,,True,13.0,,,,,,,,,,,,,,,0.3573735132897903,0.3664566262480759,0.4541556479142821,0.2662291729152688,13189.75,2022-08-03 10:27:00-05:00,0.0,TIME,1.0829133669306457,1.3062671877261542,0.0006572197876187637,1.116506355735626,,True,,,,,,,,,,,,,,,0.3696329837721337,0.37919530003385704,0.5308734200473999,0.22751718002031424,13185.75,2022-08-03 10:28:00-05:00,0.0,TIME,0.9143986346896613,1.0393411380343043,-0.0002773058275372036,0.916126709863211,,True,,,,,,,,,,,,,,,,,,,,,,,,,,,,,False,,,,,,,,,B1,10,3,2018-01-01,2021-12-31,2022-01-01,2022-12-31,B1,10,unfilled_1m,1.7215847439643923
3277,2022-08-05 15:15:00+00:00,2022-08-05 10:30:00-05:00,2022-08-05 10:30:00-05:00,S,Short,A+,100.0,13146.158878158973,13182.766690980414,13036.335439694649,-0.4115548206748687,True,1.889183560249907,0.48735831140881053,0,TIME,True,-0.6300874065745209,1.6706509743502547,0.7058908973084628,False,,,,,,,,,,,,,,,,False,,,,,,,,,,,,,,,,True,12.0,-0.5910382316152717,-0.5821985675013764,0.021337120274919557,0.8687256111931533,13100.75,2022-08-05 10:42:00-05:00,1.0,TIME,0.932469257367927,1.5234959592936246,0.0007822877824125181,0.9240684427903598,,True,False,,False,,True,12.0,False,,,,,,,,,,,,,,,,False,,,,,,,,,,,,,,,,False,,,,,,,,,,,,,,,,False,,False,,True,13.0,,,,,,,,,,,,,,,-0.5910382316152717,-0.5821985675013764,0.021337120274919557,0.8687256111931533,13100.75,2022-08-05 10:42:00-05:00,1.0,TIME,0.932469257367927,1.5234959592936246,0.0007822877824125181,0.9240684427903598,,True,,,,,,,,,,,,,,,-0.7106430307440332,-0.7014386324003187,0.003173930463349858,0.8633090860311614,13104.0,2022-08-05 10:43:00-05:00,1.0,TIME,0.7377261285845351,1.051220166264414,-0.0001830131800010618,0.7181295655957316,,True,,,,,,,,,,,,,,,,,,,,,,,,,,,,,False,,,,,,,,,B1,10,3,2018-01-01,2021-12-31,2022-01-01,2022-12-31,B1,10,unfilled_1m,-0.4115548206748687
3293,2022-08-16 16:30:00+00:00,2022-08-16 11:45:00-05:00,2022-08-16 11:45:00-05:00,RS,Short,B,43.89333185082625,13650.410774921898,13671.724128144386,13597.12739186568,-0.4722028004248078,True,1.2626251083525024,0.8721867875059862,0,TIME,True,-1.0340162335054375,0.8872735662235374,1.0364030871874084,False,,,,,,,,,,,,,,,,False,,,,,,,,,,,,,,,,False,,,,,,,,,,,,,,,,False,,False,,False,,False,,,,,,,,,,,,,,,,False,,,,,,,,,,,,,,,,False,,,,,,,,,,,,,,,,False,,False,,False,,,,,,,,,,,,,,,,,,,,,,,,,,,,,,,,,,,,,,,,,,,,,,,,,,,,,,,,,,,,,,,,,,,,,,,,,,,,,,,,,,,,,,False,,,,,,,,,B1,10,3,2018-01-01,2021-12-31,2022-01-01,2022-12-31,B1,10,unfilled_1m,-0.4722028004248078
3301,2022-08-19 15:00:00+00:00,2022-08-19 10:15:00-05:00,2022-08-19 10:15:00-05:00,S,Short,B,44.65633606032126,13251.515598192313,13273.933753638708,13184.261131853127,-1.0323398596166198,True,0.41330778593571893,1.7278139541991109,1,STOP,True,-1.0323398596166198,0.05645416257991393,1.0252583832173698,False,,,,,,,,,,,,,,,,False,,,,,,,,,,,,,,,,False,,,,,,,,,,,,,,,,False,,False,,False,,False,,,,,,,,,,,,,,,,False,,,,,,,,,,,,,,,,False,,,,,,,,,,,,,,,,False,,False,,False,,,,,,,,,,,,,,,,,,,,,,,,,,,,,,,,,,,,,,,,,,,,,,,,,,,,,,,,,,,,,,,,,,,,,,,,,,,,,,,,,,,,,,False,,,,,,,,,B1,10,3,2018-01-01,2021-12-31,2022-01-01,2022-12-31,B1,10,unfilled_1m,-1.0323398596166198
3318,2022-08-29 15:00:00+00:00,2022-08-29 10:15:00-05:00,2022-08-29 10:15:00-05:00,S,Short,A+,64.55869502698019,12457.0,12490.457796206803,12356.62661137959,-1.021669090083482,True,0.425909701640851,1.7185830066209777,1,STOP,True,-1.021669090083482,0.0,1.0610382040877342,False,,,,,,,,,,,,,,,,False,,,,,,,,,,,,,,,,True,12.0,-1.0261659207606697,-1.0,0.4330911022455673,1.0195686365364398,12462.75,2022-08-29 10:27:00-05:00,1.0,STOP,1.0117448376448914,1.0110463332310526,0.001398445388571646,1.0106586918181122,,True,False,,False,,True,12.0,False,,,,,,,,,,,,,,,,False,,,,,,,,,,,,,,,,True,12.0,-1.0261659207606697,-1.0,0.4330911022455673,1.0195686365364398,12462.75,2022-08-29 10:27:00-05:00,1.0,STOP,1.0117448376448914,1.0110463332310526,0.001398445388571646,1.0106586918181122,,True,False,,False,,True,14.0,,,,,,,,,,,,,,,-1.0261659207606697,-1.0,0.4330911022455673,1.0195686365364398,12462.75,2022-08-29 10:27:00-05:00,1.0,STOP,1.0117448376448914,1.0110463332310526,0.001398445388571646,1.0106586918181122,,True,,,,,,,,,,,,,,,-1.033398139225795,-1.0,0.8291951807783564,1.0249773762399128,12468.75,2022-08-29 10:29:00-05:00,0.0,STOP,0.8468526930564568,0.9391867578265564,0.00027158491689688297,0.829196616496565,,True,,,,,,,,,,,,,,,,,,,,,,,,,,,,,False,,,,,,,,,B1,10,3,2018-01-01,2021-12-31,2022-01-01,2022-12-31,B1,10,unfilled_1m,-1.021669090083482
3321,2022-08-30 14:45:00+00:00,2022-08-30 10:00:00-05:00,2022-08-30 10:00:00-05:00,S,Short,A,50.185585433613035,12337.25,12369.698518415473,12239.904444753583,-1.0223430848434143,True,1.2250174103803015,1.1094497301557447,0,STOP,True,-1.0223430848434143,0.9784730259012471,1.3559941146347991,False,,,,,,,,,,,,,,,,False,,,,,,,,,,,,,,,,True,11.0,-1.0124573617978434,-1.0,0.10309540798215279,1.1984841177925263,12311.5,2022-08-30 10:11:00-05:00,1.0,STOP,1.2142728202659607,1.4868847627468318,0.0012808265376654591,1.1969157769869514,,True,False,,False,,True,11.0,False,,,,,,,,,,,,,,,,False,,,,,,,,,,,,,,,,True,11.0,-1.0124573617978434,-1.0,0.10309540798215279,1.1984841177925263,12311.5,2022-08-30 10:11:00-05:00,1.0,STOP,1.2142728202659607,1.4868847627468318,0.0012808265376654591,1.1969157769869514,,True,False,,False,,True,12.0,,,,,,,,,,,,,,,-1.0124573617978434,-1.0,0.10309540798215279,1.1984841177925263,12311.5,2022-08-30 10:11:00-05:00,1.0,STOP,1.2142728202659607,1.4868847627468318,0.0012808265376654591,1.1969157769869514,,True,,,,,,,,,,,,,,,-1.0127869302454675,-1.0,0.07054858066464778,1.2037351575905528,12313.0,2022-08-30 10:12:00-05:00,1.0,STOP,0.8360513603897445,1.0346413243408952,-0.00010186224591512077,0.8123232444792106,,True,,,,,,,,,,,,,,,,,,,,,,,,,,,,,False,,,,,,,,,B1,10,3,2018-01-01,2021-12-31,2022-01-01,2022-12-31,B1,10,unfilled_1m,-1.0223430848434143
3322,2022-08-31 15:00:00+00:00,2022-08-31 10:15:00-05:00,2022-08-31 10:15:00-05:00,S,Short,A+,79.52641083164282,12340.389717664895,12374.037219641516,12239.447211735032,-1.0215469190106226,True,1.3638372826839056,1.162353222009771,0,STOP,True,-1.0215469190106226,1.126078176359795,1.0137537805572019,False,,,,,,,,,,,,,,,,False,,,,,,,,,,,,,,,,False,,,,,,,,,,,,,,,,False,,False,,False,,False,,,,,,,,,,,,,,,,False,,,,,,,,,,,,,,,,False,,,,,,,,,,,,,,,,False,,False,,False,,,,,,,,,,,,,,,,,,,,,,,,,,,,,,,,,,,,,,,,,,,,,,,,,,,,,,,,,,,,,,,,,,,,,,,,,,,,,,,,,,,,,,False,,,,,,,,,B1,10,3,2018-01-01,2021-12-31,2022-01-01,2022-12-31,B1,10,unfilled_1m,-1.0215469190106226
3327,2022-09-01 17:15:00+00:00,2022-09-01 12:30:00-05:00,2022-09-01 12:30:00-05:00,L,Long,A+,76.74119361947692,12091.468415549214,12057.978557260049,12191.937990416713,2.2038488133783276,True,2.5614197501258884,0.8202010086767231,0,TIME,True,2.4427271009758633,2.800298037723424,0.5813227210791876,False,,,,,,,,,,,,,,,,False,,,,,,,,,,,,,,,,False,,,,,,,,,,,,,,,,False,,False,,False,,False,,,,,,,,,,,,,,,,False,,,,,,,,,,,,,,,,False,,,,,,,,,,,,,,,,False,,False,,False,,,,,,,,,,,,,,,,,,,,,,,,,,,,,,,,,,,,,,,,,,,,,,,,,,,,,,,,,,,,,,,,,,,,,,,,,,,,,,,,,,,,,,False,,,,,,,,,B1,10,3,2018-01-01,2021-12-31,2022-01-01,2022-12-31,B1,10,unfilled_1m,2.2038488133783276
3330,2022-09-02 18:30:00+00:00,2022-09-02 13:45:00-05:00,2022-09-02 13:45:00-05:00,RL,Long,A,56.94422055061631,12124.849317368651,12083.952285694102,12227.091896555032,-1.0177274479421738,True,0.6394273999993737,1.1272044811344972,0,STOP,True,-0.35636614130411265,0.8350406186716363,0.9315912624622347,False,,,,,,,,,,,,,,,,False,,,,,,,,,,,,,,,,False,,,,,,,,,,,,,,,,False,,False,,False,,False,,,,,,,,,,,,,,,,False,,,,,,,,,,,,,,,,False,,,,,,,,,,,,,,,,False,,False,,False,,,,,,,,,,,,,,,,,,,,,,,,,,,,,,,,,,,,,,,,,,,,,,,,,,,,,,,,,,,,,,,,,,,,,,,,,,,,,,,,,,,,,,False,,,,,,,,,B1,10,3,2018-01-01,2021-12-31,2022-01-01,2022-12-31,B1,10,unfilled_1m,-1.0177274479421738
3332,2022-09-05 16:15:00+00:00,2022-09-05 11:30:00-05:00,2022-09-05 11:30:00-05:00,L,Long,B,37.79548977839093,12153.37370836108,12139.641632274994,12194.569936619338,-1.0527960954669209,True,0.3733078382892757,1.7021248800655358,1,STOP,True,-1.0527960954669207,0.9558854434415035,1.119547274913308,False,,,,,,,,,,,,,,,,False,,,,,,,,,,,,,,,,False,,,,,,,,,,,,,,,,False,,False,,False,,False,,,,,,,,,,,,,,,,False,,,,,,,,,,,,,,,,False,,,,,,,,,,,,,,,,False,,False,,False,,,,,,,,,,,,,,,,,,,,,,,,,,,,,,,,,,,,,,,,,,,,,,,,,,,,,,,,,,,,,,,,,,,,,,,,,,,,,,,,,,,,,,False,,,,,,,,,B1,10,3,2018-01-01,2021-12-31,2022-01-01,2022-12-31,B1,10,unfilled_1m,-1.0527960954669209
3333,2022-09-05 22:00:00+00:00,2022-09-05 17:15:00-05:00,2022-09-05 17:15:00-05:00,RS,Short,B,41.23583818635677,12138.721266770292,12153.792283957297,12101.04372380279,-1.0481055784758264,True,1.6734946591420865,2.374009185030893,0,STOP,True,-1.0481055784758264,1.1426744828571056,1.2957807019520255,False,,,,,,,,,,,,,,,,False,,,,,,,,,,,,,,,,False,,,,,,,,,,,,,,,,False,,False,,False,,False,,,,,,,,,,,,,,,,False,,,,,,,,,,,,,,,,False,,,,,,,,,,,,,,,,False,,False,,False,,,,,,,,,,,,,,,,,,,,,,,,,,,,,,,,,,,,,,,,,,,,,,,,,,,,,,,,,,,,,,,,,,,,,,,,,,,,,,,,,,,,,,False,,,,,,,,,B1,10,3,2018-01-01,2021-12-31,2022-01-01,2022-12-31,B1,10,unfilled_1m,-1.0481055784758264
3335,2022-09-06 17:15:00+00:00,2022-09-06 12:30:00-05:00,2022-09-06 12:30:00-05:00,S,Short,A+,71.96253117261361,11975.5,12016.259358516683,11853.221924449945,-1.0177873260616517,True,0.4784177354513179,1.8707360168288711,1,STOP,True,-1.0177873260616515,0.28214379270205925,1.1899107779173803,False,,,,,,,,,,,,,,,,False,,,,,,,,,,,,,,,,True,11.0,-1.024778396955853,-1.0,0.7860732827374093,1.2645526722297455,11987.0,2022-09-06 12:41:00-05:00,0.0,STOP,1.0516110635871114,1.2382487241471931,0.0010516987051458625,1.0022283819772813,,True,False,,False,,True,11.0,False,,,,,,,,,,,,,,,,False,,,,,,,,,,,,,,,,True,12.0,-1.024778396955853,-1.0,0.7860732827374093,1.2645526722297455,11987.0,2022-09-06 12:42:00-05:00,0.0,STOP,1.384133378091082,1.40792169360346,-0.0,1.41089250071286,,True,False,,False,,True,12.0,,,,,,,,,,,,,,,-1.024778396955853,-1.0,0.7860732827374093,1.2645526722297455,11987.0,2022-09-06 12:41:00-05:00,0.0,STOP,1.0516110635871114,1.2382487241471931,0.0010516987051458625,1.0022283819772813,,True,,,,,,,,,,,,,,,-1.024778396955853,-1.0,0.7860732827374093,1.2645526722297455,11987.0,2022-09-06 12:42:00-05:00,0.0,STOP,1.384133378091082,1.40792169360346,-0.0,1.41089250071286,,True,,,,,,,,,,,,,,,,,,,,,,,,,,,,,False,,,,,,,,,B1,10,3,2018-01-01,2021-12-31,2022-01-01,2022-12-31,B1,10,unfilled_1m,-1.0177873260616517
3342,2022-09-09 14:45:00+00:00,2022-09-09 10:00:00-05:00,2022-09-09 10:00:00-05:00,L,Long,B,40.90560952311434,12551.0,12526.299737670024,12625.10078698993,-1.029351914984326,True,0.4250966997729959,1.3056541493027733,1,STOP,True,-1.029351914984326,0.7489798996000404,1.1841979493676316,False,,,,,,,,,,,,,,,,False,,,,,,,,,,,,,,,,True,15.0,-1.022515344520193,-1.0,0.031055647614059326,1.1412950498166803,12558.5,2022-09-09 10:15:00-05:00,1.0,STOP,1.173375427519074,1.126831733198585,0.0009350722616402155,1.1910802510348513,,True,False,,False,,True,15.0,False,,,,,,,,,,,,,,,,False,,,,,,,,,,,,,,,,True,15.0,-1.022515344520193,-1.0,0.031055647614059326,1.1412950498166803,12558.5,2022-09-09 10:15:00-05:00,1.0,STOP,1.173375427519074,1.126831733198585,0.0009350722616402155,1.1910802510348513,,True,False,,False,,False,,,,,,,,,,,,,,,,-1.022515344520193,-1.0,0.031055647614059326,1.1412950498166803,12558.5,2022-09-09 10:15:00-05:00,1.0,STOP,1.173375427519074,1.126831733198585,0.0009350722616402155,1.1910802510348513,,True,,,,,,,,,,,,,,,,,,,,,,,,,,,,,,,,,,,,,,,,,,,,,,,,,,,,,,,,,False,,,,,,,,,B1,10,3,2018-01-01,2021-12-31,2022-01-01,2022-12-31,B1,10,unfilled_1m,-1.029351914984326
3351,2022-09-15 15:00:00+00:00,2022-09-15 10:15:00-05:00,2022-09-15 10:15:00-05:00,S,Short,A+,100.0,11917.16439897386,11951.189120405905,11815.09023467773,-1.0213080363184752,True,0.5265112606326513,1.6189875686758808,0,STOP,True,-1.0213080363184752,0.0,2.5227422125284473,False,,,,,,,,,,,,,,,,False,,,,,,,,,,,,,,,,False,,,,,,,,,,,,,,,,False,,False,,False,,False,,,,,,,,,,,,,,,,False,,,,,,,,,,,,,,,,False,,,,,,,,,,,,,,,,False,,False,,False,,,,,,,,,,,,,,,,,,,,,,,,,,,,,,,,,,,,,,,,,,,,,,,,,,,,,,,,,,,,,,,,,,,,,,,,,,,,,,,,,,,,,,False,,,,,,,,,B1,10,3,2018-01-01,2021-12-31,2022-01-01,2022-12-31,B1,10,unfilled_1m,-1.0213080363184752
3352,2022-09-15 16:00:00+00:00,2022-09-15 11:15:00-05:00,2022-09-15 11:15:00-05:00,RS,Short,A,60.94852005301019,11930.994014189204,11966.40623680011,11842.463457661936,-1.0204731571911192,True,0.5787271365139315,1.1297225325380926,0,STOP,True,-1.0204731571911192,0.0,2.266335742114026,False,,,,,,,,,,,,,,,,False,,,,,,,,,,,,,,,,False,,,,,,,,,,,,,,,,False,,False,,False,,False,,,,,,,,,,,,,,,,False,,,,,,,,,,,,,,,,False,,,,,,,,,,,,,,,,False,,False,,False,,,,,,,,,,,,,,,,,,,,,,,,,,,,,,,,,,,,,,,,,,,,,,,,,,,,,,,,,,,,,,,,,,,,,,,,,,,,,,,,,,,,,,False,,,,,,,,,B1,10,3,2018-01-01,2021-12-31,2022-01-01,2022-12-31,B1,10,unfilled_1m,-1.0204731571911192
3353,2022-09-15 20:45:00+00:00,2022-09-15 16:00:00-05:00,2022-09-15 16:00:00-05:00,S,Short,A,47.534775281146544,11884.0,11914.793224039631,11791.6203278811,1.3241549487485331,True,2.671042171295324,0.0,0,TIME,True,-1.0235441407196244,0.0,2.3381767335351165,False,,,,,,,,,,,,,,,,False,,,,,,,,,,,,,,,,False,,,,,,,,,,,,,,,,False,,False,,False,,False,,,,,,,,,,,,,,,,False,,,,,,,,,,,,,,,,False,,,,,,,,,,,,,,,,False,,False,,False,,,,,,,,,,,,,,,,,,,,,,,,,,,,,,,,,,,,,,,,,,,,,,,,,,,,,,,,,,,,,,,,,,,,,,,,,,,,,,,,,,,,,,False,,,,,,,,,B1,10,3,2018-01-01,2021-12-31,2022-01-01,2022-12-31,B1,10,unfilled_1m,1.3241549487485331
3358,2022-09-19 16:45:00+00:00,2022-09-19 12:00:00-05:00,2022-09-19 12:00:00-05:00,L,Long,A+,64.74931286730597,11843.436909909671,11814.184323038748,11931.19467052244,-1.0247841328768306,True,0.5405706565406945,1.0404860959467759,0,STOP,True,2.975215867123169,3.5830366234895563,0.0,False,,,,,,,,,,,,,,,,False,,,,,,,,,,,,,,,,False,,,,,,,,,,,,,,,,False,,False,,False,,False,,,,,,,,,,,,,,,,False,,,,,,,,,,,,,,,,False,,,,,,,,,,,,,,,,False,,False,,False,,,,,,,,,,,,,,,,,,,,,,,,,,,,,,,,,,,,,,,,,,,,,,,,,,,,,,,,,,,,,,,,,,,,,,,,,,,,,,,,,,,,,,False,,,,,,,,,B1,10,3,2018-01-01,2021-12-31,2022-01-01,2022-12-31,B1,10,unfilled_1m,-1.0247841328768306
3363,2022-09-21 17:45:00+00:00,2022-09-21 13:00:00-05:00,2022-09-21 13:00:00-05:00,L,Long,A,60.18487705173033,11920.928099193648,11900.45562266647,11982.345528775177,-1.0354133999879065,True,1.6764899332421774,12.049255441380899,0,STOP,True,-1.0354133999879065,6.023790069688632,2.3410992377996305,False,,,,,,,,,,,,,,,,False,,,,,,,,,,,,,,,,False,,,,,,,,,,,,,,,,False,,False,,False,,False,,,,,,,,,,,,,,,,False,,,,,,,,,,,,,,,,False,,,,,,,,,,,,,,,,False,,False,,False,,,,,,,,,,,,,,,,,,,,,,,,,,,,,,,,,,,,,,,,,,,,,,,,,,,,,,,,,,,,,,,,,,,,,,,,,,,,,,,,,,,,,,False,,,,,,,,,B1,10,3,2018-01-01,2021-12-31,2022-01-01,2022-12-31,B1,10,unfilled_1m,-1.0354133999879065
3369,2022-09-23 17:30:00+00:00,2022-09-23 12:45:00-05:00,2022-09-23 12:45:00-05:00,RS,Short,B,44.588290776388966,11245.92561732019,11275.827568126006,11171.170740305652,2.4757540902696222,True,2.656201859068782,0.37871718649230685,0,TARGET,True,-1.0242459097303778,0.0,2.4939637940045807,False,,,,,,,,,,,,,,,,False,,,,,,,,,,,,,,,,False,,,,,,,,,,,,,,,,False,,False,,False,,False,,,,,,,,,,,,,,,,False,,,,,,,,,,,,,,,,False,,,,,,,,,,,,,,,,False,,False,,False,,,,,,,,,,,,,,,,,,,,,,,,,,,,,,,,,,,,,,,,,,,,,,,,,,,,,,,,,,,,,,,,,,,,,,,,,,,,,,,,,,,,,,False,,,,,,,,,B1,10,3,2018-01-01,2021-12-31,2022-01-01,2022-12-31,B1,10,unfilled_1m,2.4757540902696222
3374,2022-09-26 17:30:00+00:00,2022-09-26 12:45:00-05:00,2022-09-26 12:45:00-05:00,RS,Short,B,43.52309883058673,11253.92752031302,11292.555354513255,11157.357934812428,0.4582840503367465,True,1.292527042914462,0.7914624342773485,0,TIME,True,-1.0187688493287461,0.0,2.092337853269752,False,,,,,,,,,,,,,,,,False,,,,,,,,,,,,,,,,True,12.0,0.9717840045555791,1.0,0.4767530264746975,0.02918896080457332,11318.25,2022-09-26 12:57:00-05:00,0.0,STOP,0.9174685606639174,1.010996409335727,0.0006277928081534019,0.9202798631326287,,True,False,,False,,True,12.0,False,,,,,,,,,,,,,,,,False,,,,,,,,,,,,,,,,True,12.0,0.9717840045555791,1.0,0.4767530264746975,0.02918896080457332,11318.25,2022-09-26 12:57:00-05:00,0.0,STOP,0.9174685606639174,1.010996409335727,0.0006277928081534019,0.9202798631326287,,True,False,,False,,True,13.0,,,,,,,,,,,,,,,0.9717840045555791,1.0,0.4767530264746975,0.02918896080457332,11318.25,2022-09-26 12:57:00-05:00,0.0,STOP,0.9174685606639174,1.010996409335727,0.0006277928081534019,0.9202798631326287,,True,,,,,,,,,,,,,,,0.9565729023371214,1.0,0.973365982099002,0.08984916757836942,11309.25,2022-09-26 12:58:00-05:00,0.0,STOP,1.3201549617562331,1.3930817610062893,0.001049755452990154,1.3532915839315718,,True,,,,,,,,,,,,,,,,,,,,,,,,,,,,,False,,,,,,,,,B1,10,3,2018-01-01,2021-12-31,2022-01-01,2022-12-31,B1,10,unfilled_1m,0.4582840503367465
3380,2022-09-30 15:15:00+00:00,2022-09-30 10:30:00-05:00,2022-09-30 10:30:00-05:00,L,Long,B,37.59401987486818,11240.5,11200.913280274928,11359.260159175215,-1.018314222674551,True,0.2652404663210814,1.6672257883039403,1,STOP,True,-1.018314222674551,2.5134691808521525,1.0167551208974788,False,,,,,,,,,,,,,,,,False,,,,,,,,,,,,,,,,False,,,,,,,,,,,,,,,,False,,False,,False,,False,,,,,,,,,,,,,,,,False,,,,,,,,,,,,,,,,False,,,,,,,,,,,,,,,,False,,False,,False,,,,,,,,,,,,,,,,,,,,,,,,,,,,,,,,,,,,,,,,,,,,,,,,,,,,,,,,,,,,,,,,,,,,,,,,,,,,,,,,,,,,,,False,,,,,,,,,B1,10,3,2018-01-01,2021-12-31,2022-01-01,2022-12-31,B1,10,unfilled_1m,-1.018314222674551
3381,2022-09-30 17:45:00+00:00,2022-09-30 13:00:00-05:00,2022-09-30 13:00:00-05:00,S,Short,A,61.22495545808961,11071.5,11107.027418226116,10964.91774532165,1.3658465045548671,True,1.5410632895286756,0.8796023342058651,0,TIME,True,-1.020406774153576,0.0,2.5121442664919504,False,,,,,,,,,,,,,,,,False,,,,,,,,,,,,,,,,False,,,,,,,,,,,,,,,,False,,False,,False,,False,,,,,,,,,,,,,,,,False,,,,,,,,,,,,,,,,False,,,,,,,,,,,,,,,,False,,False,,False,,,,,,,,,,,,,,,,,,,,,,,,,,,,,,,,,,,,,,,,,,,,,,,,,,,,,,,,,,,,,,,,,,,,,,,,,,,,,,,,,,,,,,False,,,,,,,,,B1,10,3,2018-01-01,2021-12-31,2022-01-01,2022-12-31,B1,10,unfilled_1m,1.3658465045548671
3383,2022-10-03 15:45:00+00:00,2022-10-03 11:00:00-05:00,2022-10-03 11:00:00-05:00,S,Short,A,51.11791407515067,11087.5,11119.150057871504,10992.549826385486,-1.0229067511643557,True,0.07108991740662111,1.461292746691656,1,STOP,True,-1.0229067511643557,0.0,3.151653005026869,False,,,,,,,,,,,,,,,,False,,,,,,,,,,,,,,,,False,,,,,,,,,,,,,,,,False,,False,,False,,False,,,,,,,,,,,,,,,,False,,,,,,,,,,,,,,,,False,,,,,,,,,,,,,,,,False,,False,,False,,,,,,,,,,,,,,,,,,,,,,,,,,,,,,,,,,,,,,,,,,,,,,,,,,,,,,,,,,,,,,,,,,,,,,,,,,,,,,,,,,,,,,False,,,,,,,,,B1,10,3,2018-01-01,2021-12-31,2022-01-01,2022-12-31,B1,10,unfilled_1m,-1.0229067511643557
3389,2022-10-05 17:15:00+00:00,2022-10-05 12:30:00-05:00,2022-10-05 12:30:00-05:00,L,Long,A+,64.85108401506523,11497.516500310474,11467.133730291103,11588.664810368586,0.7490594068617297,True,1.0444570942443474,0.8974329955132507,0,TIME,True,2.976137791269928,3.356622836709962,0.0,False,,,,,,,,,,,,,,,,False,,,,,,,,,,,,,,,,False,,,,,,,,,,,,,,,,False,,False,,False,,False,,,,,,,,,,,,,,,,False,,,,,,,,,,,,,,,,False,,,,,,,,,,,,,,,,False,,False,,False,,,,,,,,,,,,,,,,,,,,,,,,,,,,,,,,,,,,,,,,,,,,,,,,,,,,,,,,,,,,,,,,,,,,,,,,,,,,,,,,,,,,,,False,,,,,,,,,B1,10,3,2018-01-01,2021-12-31,2022-01-01,2022-12-31,B1,10,unfilled_1m,0.7490594068617297
3396,2022-10-10 16:30:00+00:00,2022-10-10 11:45:00-05:00,2022-10-10 11:45:00-05:00,S,Short,A,56.04041463206728,10836.0,10867.207116513307,10742.378650460076,-1.0232318804491547,True,1.546121698857535,1.546121698857535,0,STOP,True,-1.0232318804491547,0.0,2.916001546031828,False,,,,,,,,,,,,,,,,False,,,,,,,,,,,,,,,,True,14.0,0.9817806618552171,1.0,0.15706325986881842,0.01884759118425821,10907.0,2022-10-10 11:59:00-05:00,0.0,STOP,0.8602260002036038,0.7944716058668673,0.000315361011897589,0.8573892750240982,,True,False,,False,,True,14.0,False,,,,,,,,,,,,,,,,False,,,,,,,,,,,,,,,,False,,,,,,,,,,,,,,,,False,,False,,False,,,,,,,,,,,,,,,,0.9817806618552171,1.0,0.15706325986881842,0.01884759118425821,10907.0,2022-10-10 11:59:00-05:00,0.0,STOP,0.8602260002036038,0.7944716058668673,0.000315361011897589,0.8573892750240982,,True,,,,,,,,,,,,,,,,,,,,,,,,,,,,,,,,,,,,,,,,,,,,,,,,,,,,,,,,,False,,,,,,,,,B1,10,3,2018-01-01,2021-12-31,2022-01-01,2022-12-31,B1,10,unfilled_1m,-1.0232318804491547
3399,2022-10-11 17:15:00+00:00,2022-10-11 12:30:00-05:00,2022-10-11 12:30:00-05:00,RS,Short,A+,67.05180697308137,10901.048657009824,10935.732117119976,10814.340006734445,1.3356123311429244,True,1.7673743281420773,0.0,0,TIME,True,-1.0209033354139823,0.0,1.8654812058741663,False,,,,,,,,,,,,,,,,False,,,,,,,,,,,,,,,,False,,,,,,,,,,,,,,,,False,,False,,False,,False,,,,,,,,,,,,,,,,False,,,,,,,,,,,,,,,,False,,,,,,,,,,,,,,,,False,,False,,False,,,,,,,,,,,,,,,,,,,,,,,,,,,,,,,,,,,,,,,,,,,,,,,,,,,,,,,,,,,,,,,,,,,,,,,,,,,,,,,,,,,,,,False,,,,,,,,,B1,10,3,2018-01-01,2021-12-31,2022-01-01,2022-12-31,B1,10,unfilled_1m,1.3356123311429244
3408,2022-10-18 18:45:00+00:00,2022-10-18 14:00:00-05:00,2022-10-18 14:00:00-05:00,S,Short,A+,76.51786758624162,11050.25,11092.001266244575,10924.996201266273,-1.0173647428021229,True,0.9820061446717733,1.6107295909555306,0,STOP,True,-1.0173647428021229,0.0,2.2514287219304068,False,,,,,,,,,,,,,,,,False,,,,,,,,,,,,,,,,True,13.0,0.9408102082650865,1.0,0.48984655228893864,0.32656436819262574,11104.25,2022-10-18 14:13:00-05:00,0.0,STOP,0.7962059373432441,0.9158623583718002,0.0008058402046792218,0.7664281638207279,,True,False,,False,,True,13.0,False,,,,,,,,,,,,,,,,False,,,,,,,,,,,,,,,,False,,,,,,,,,,,,,,,,False,,False,,True,15.0,,,,,,,,,,,,,,,0.9408102082650865,1.0,0.48984655228893864,0.32656436819262574,11104.25,2022-10-18 14:13:00-05:00,0.0,STOP,0.7962059373432441,0.9158623583718002,0.0008058402046792218,0.7664281638207279,,True,,,,,,,,,,,,,,,0.9408102082650865,1.0,0.4082054602407822,0.6531287363852515,11104.25,2022-10-18 14:15:00-05:00,0.0,STOP,0.8462080300540032,0.9704868591124516,0.00028567519919901106,0.8309508438623997,,True,,,,,,,,,,,,,,,,,,,,,,,,,,,,,False,,,,,,,,,B1,10,3,2018-01-01,2021-12-31,2022-01-01,2022-12-31,B1,10,unfilled_1m,-1.0173647428021229
3427,2022-11-01 14:45:00+00:00,2022-11-01 10:00:00-05:00,2022-11-01 10:00:00-05:00,S,Short,A+,68.25071979825798,11268.75,11298.5971256891,11179.208622932703,-1.0242904461740097,True,0.2512804776621682,1.2061462927784072,1,STOP,True,-1.0242904461740097,0.0,3.4174144962054873,False,,,,,,,,,,,,,,,,False,,,,,,,,,,,,,,,,False,,,,,,,,,,,,,,,,False,,False,,False,,False,,,,,,,,,,,,,,,,False,,,,,,,,,,,,,,,,False,,,,,,,,,,,,,,,,False,,False,,False,,,,,,,,,,,,,,,,,,,,,,,,,,,,,,,,,,,,,,,,,,,,,,,,,,,,,,,,,,,,,,,,,,,,,,,,,,,,,,,,,,,,,,False,,,,,,,,,B1,10,3,2018-01-01,2021-12-31,2022-01-01,2022-12-31,B1,10,unfilled_1m,-1.0242904461740097
3436,2022-11-04 16:00:00+00:00,2022-11-04 11:15:00-05:00,2022-11-04 11:15:00-05:00,S,Short,A,49.89832590269085,10646.0,10694.932553744144,10499.202338767562,-1.0148163123427163,True,0.08685424476764914,1.24150479285522,1,STOP,True,-1.0148163123427165,0.0,1.9261206045531605,False,,,,,,,,,,,,,,,,False,,,,,,,,,,,,,,,,False,,,,,,,,,,,,,,,,False,,False,,False,,False,,,,,,,,,,,,,,,,False,,,,,,,,,,,,,,,,False,,,,,,,,,,,,,,,,False,,False,,False,,,,,,,,,,,,,,,,,,,,,,,,,,,,,,,,,,,,,,,,,,,,,,,,,,,,,,,,,,,,,,,,,,,,,,,,,,,,,,,,,,,,,,False,,,,,,,,,B1,10,3,2018-01-01,2021-12-31,2022-01-01,2022-12-31,B1,10,unfilled_1m,-1.0148163123427163
3457,2022-11-17 16:00:00+00:00,2022-11-17 10:15:00-06:00,2022-11-17 10:15:00-06:00,S,Short,B,39.4336148563799,11529.5,11557.095096506877,11446.71471047937,-1.0262727836381846,True,0.3623832225956498,1.4857712126421643,1,STOP,True,-1.0262727836381846,0.0,3.2523894227959573,False,,,,,,,,,,,,,,,,False,,,,,,,,,,,,,,,,False,,,,,,,,,,,,,,,,False,,False,,False,,False,,,,,,,,,,,,,,,,False,,,,,,,,,,,,,,,,False,,,,,,,,,,,,,,,,False,,False,,False,,,,,,,,,,,,,,,,,,,,,,,,,,,,,,,,,,,,,,,,,,,,,,,,,,,,,,,,,,,,,,,,,,,,,,,,,,,,,,,,,,,,,,False,,,,,,,,,B1,10,3,2018-01-01,2021-12-31,2022-01-01,2022-12-31,B1,10,unfilled_1m,-1.0262727836381846
3461,2022-11-21 16:45:00+00:00,2022-11-21 11:00:00-06:00,2022-11-21 11:00:00-06:00,S,Short,B,44.12298247332548,11494.919157510243,11517.258953421033,11427.89976977788,1.0382439303772169,True,1.3840393902304995,0.7645925933238771,0,TIME,True,-1.032453295584936,0.0,4.3904090655718875,False,,,,,,,,,,,,,,,,False,,,,,,,,,,,,,,,,True,14.0,0.9874980700854785,1.0,0.012933030946056742,0.11639727851451068,11575.25,2022-11-21 11:14:00-06:00,0.0,STOP,0.7797511634533193,1.2152161042036709,0.00038714870821659445,0.7842575345082868,,True,False,,False,,True,14.0,False,,,,,,,,,,,,,,,,False,,,,,,,,,,,,,,,,False,,,,,,,,,,,,,,,,False,,False,,True,15.0,,,,,,,,,,,,,,,0.9874980700854785,1.0,0.012933030946056742,0.11639727851451068,11575.25,2022-11-21 11:14:00-06:00,0.0,STOP,0.7797511634533193,1.2152161042036709,0.00038714870821659445,0.7842575345082868,,True,,,,,,,,,,,,,,,0.98796501652657,1.0,0.09544986892720392,0.008299988602365558,11577.5,2022-11-21 11:15:00-06:00,0.0,STOP,0.6276010523798135,0.9972636059592582,-0.00012199325006843979,0.6230411245132491,,True,,,,,,,,,,,,,,,,,,,,,,,,,,,,,False,,,,,,,,,B1,10,3,2018-01-01,2021-12-31,2022-01-01,2022-12-31,B1,10,unfilled_1m,1.0382439303772169
3472,2022-11-29 18:30:00+00:00,2022-11-29 12:45:00-06:00,2022-11-29 12:45:00-06:00,S,Short,B,36.55409196834816,11411.25,11435.519081640588,11338.442755078238,-1.029873400680621,True,0.030903517945469982,2.2353544647223287,1,STOP,True,-1.029873400680621,0.0,3.8732409158322376,False,,,,,,,,,,,,,,,,False,,,,,,,,,,,,,,,,False,,,,,,,,,,,,,,,,False,,False,,False,,False,,,,,,,,,,,,,,,,False,,,,,,,,,,,,,,,,False,,,,,,,,,,,,,,,,False,,False,,False,,,,,,,,,,,,,,,,,,,,,,,,,,,,,,,,,,,,,,,,,,,,,,,,,,,,,,,,,,,,,,,,,,,,,,,,,,,,,,,,,,,,,,False,,,,,,,,,B1,10,3,2018-01-01,2021-12-31,2022-01-01,2022-12-31,B1,10,unfilled_1m,-1.029873400680621
3476,2022-11-30 21:00:00+00:00,2022-11-30 15:15:00-06:00,2022-11-30 15:15:00-06:00,L,Long,A+,71.64176355015908,11965.0,11926.82264090564,12079.53207728308,0.3870094828582043,True,0.8381931270025406,0.20954828175063514,0,TIME,True,2.9810096869663485,3.1694177614783565,0.0,False,,,,,,,,,,,,,,,,False,,,,,,,,,,,,,,,,True,11.0,2.994254119715267,3.0,0.26153661985682836,0.0,12053.0,2022-11-30 15:26:00-06:00,0.0,TARGET,0.17653715579026782,0.8986175115207374,2.197284435012939e-05,0.1603728325680214,,True,False,,False,,True,11.0,False,,,,,,,,,,,,,,,,False,,,,,,,,,,,,,,,,True,11.0,2.994254119715267,3.0,0.26153661985682836,0.0,12053.0,2022-11-30 15:26:00-06:00,0.0,TARGET,0.17653715579026782,0.8986175115207374,2.197284435012939e-05,0.1603728325680214,,True,False,,False,,True,12.0,,,,,,,,,,,,,,,2.994254119715267,3.0,0.26153661985682836,0.0,12053.0,2022-11-30 15:26:00-06:00,0.0,TARGET,0.17653715579026782,0.8986175115207374,2.197284435012939e-05,0.1603728325680214,,True,,,,,,,,,,,,,,,2.994310483987484,3.0,0.24916156330674058,0.005885706219844266,12054.25,2022-11-30 15:27:00-06:00,0.0,TARGET,0.2853628536285363,1.3181818181818181,2.9594587823395755e-05,0.26254243681629574,,True,,,,,,,,,,,,,,,,,,,,,,,,,,,,,False,,,,,,,,,B1,10,3,2018-01-01,2021-12-31,2022-01-01,2022-12-31,B1,10,unfilled_1m,0.3870094828582043
3477,2022-12-01 16:00:00+00:00,2022-12-01 10:15:00-06:00,2022-12-01 10:15:00-06:00,L,Long,A,56.920243483282654,11957.5,11924.710511149511,12055.86846655146,-1.0221107441871329,True,0.1067415236620201,1.2580251003023797,1,STOP,True,2.977889255812867,3.057382213462147,0.0,False,,,,,,,,,,,,,,,,False,,,,,,,,,,,,,,,,True,15.0,2.9934412578930902,3.0,0.2035471688351352,0.13343647734747752,12035.25,2022-12-01 10:30:00-06:00,0.0,TARGET,1.1995802728226652,1.422173566878981,0.0011223617822069562,1.2150843926703796,,True,False,,False,,True,15.0,False,,,,,,,,,,,,,,,,False,,,,,,,,,,,,,,,,False,,,,,,,,,,,,,,,,False,,False,,False,,,,,,,,,,,,,,,,2.9934412578930902,3.0,0.2035471688351352,0.13343647734747752,12035.25,2022-12-01 10:30:00-06:00,0.0,TARGET,1.1995802728226652,1.422173566878981,0.0011223617822069562,1.2150843926703796,,True,,,,,,,,,,,,,,,,,,,,,,,,,,,,,,,,,,,,,,,,,,,,,,,,,,,,,,,,,False,,,,,,,,,B1,10,3,2018-01-01,2021-12-31,2022-01-01,2022-12-31,B1,10,unfilled_1m,-1.0221107441871329
3486,2022-12-07 16:30:00+00:00,2022-12-07 10:45:00-06:00,2022-12-07 10:45:00-06:00,S,Short,B,44.62921786446926,11403.75,11439.39771819069,11296.806845427927,-0.5883967071271845,True,0.5400065130964625,0.7994901622467108,0,TIME,True,-1.0203379076361005,0.0,2.503666560719963,False,,,,,,,,,,,,,,,,False,,,,,,,,,,,,,,,,False,,,,,,,,,,,,,,,,False,,False,,False,,False,,,,,,,,,,,,,,,,False,,,,,,,,,,,,,,,,False,,,,,,,,,,,,,,,,False,,False,,False,,,,,,,,,,,,,,,,,,,,,,,,,,,,,,,,,,,,,,,,,,,,,,,,,,,,,,,,,,,,,,,,,,,,,,,,,,,,,,,,,,,,,,False,,,,,,,,,B1,10,3,2018-01-01,2021-12-31,2022-01-01,2022-12-31,B1,10,unfilled_1m,-0.5883967071271845
3495,2022-12-14 18:45:00+00:00,2022-12-14 13:00:00-06:00,2022-12-14 13:00:00-06:00,L,Long,B,42.56243976838764,11840.5,11818.916515639114,11905.25045308266,-1.0335904985440556,True,0.27799033277839114,10.853205908889688,1,STOP,True,2.9664095014559444,9.984486118957216,0.0,False,,,,,,,,,,,,,,,,False,,,,,,,,,,,,,,,,False,,,,,,,,,,,,,,,,False,,False,,False,,False,,,,,,,,,,,,,,,,False,,,,,,,,,,,,,,,,False,,,,,,,,,,,,,,,,False,,False,,False,,,,,,,,,,,,,,,,,,,,,,,,,,,,,,,,,,,,,,,,,,,,,,,,,,,,,,,,,,,,,,,,,,,,,,,,,,,,,,,,,,,,,,False,,,,,,,,,B1,10,3,2018-01-01,2021-12-31,2022-01-01,2022-12-31,B1,10,unfilled_1m,-1.0335904985440556
3497,2022-12-14 20:45:00+00:00,2022-12-14 15:00:00-06:00,2022-12-14 15:00:00-06:00,RS,Short,A,51.902731334187855,11697.63123757556,11751.44070886626,11563.107559348811,0.3095410004230935,True,1.0245638221888722,0.0,0,TIME,True,-1.0134734644777177,0.0,3.161502210371015,False,,,,,,,,,,,,,,,,False,,,,,,,,,,,,,,,,False,,,,,,,,,,,,,,,,False,,False,,False,,False,,,,,,,,,,,,,,,,False,,,,,,,,,,,,,,,,False,,,,,,,,,,,,,,,,False,,False,,False,,,,,,,,,,,,,,,,,,,,,,,,,,,,,,,,,,,,,,,,,,,,,,,,,,,,,,,,,,,,,,,,,,,,,,,,,,,,,,,,,,,,,,False,,,,,,,,,B1,10,3,2018-01-01,2021-12-31,2022-01-01,2022-12-31,B1,10,unfilled_1m,0.3095410004230935
3510,2022-12-22 17:30:00+00:00,2022-12-22 11:45:00-06:00,2022-12-22 11:45:00-06:00,S,Short,A,60.839642840111864,10710.5,10734.277473000302,10639.167580999094,0.1482495637764038,True,2.0818023849452456,0.4941652125880129,0,TIME,True,-1.0304910450320264,0.0,9.073714435392661,False,,,,,,,,,,,,,,,,False,,,,,,,,,,,,,,,,True,15.0,0.996026799146585,1.0,0.0506925626125368,0.005480277039193167,10916.75,2022-12-22 12:00:00-06:00,0.0,STOP,1.436415763642548,1.5246544254177843,0.0014459127816858824,1.4230695166570384,,True,False,,False,,True,15.0,False,,,,,,,,,,,,,,,,False,,,,,,,,,,,,,,,,False,,,,,,,,,,,,,,,,False,,False,,False,,,,,,,,,,,,,,,,0.996026799146585,1.0,0.0506925626125368,0.005480277039193167,10916.75,2022-12-22 12:00:00-06:00,0.0,STOP,1.436415763642548,1.5246544254177843,0.0014459127816858824,1.4230695166570384,,True,,,,,,,,,,,,,,,,,,,,,,,,,,,,,,,,,,,,,,,,,,,,,,,,,,,,,,,,,False,,,,,,,,,B1,10,3,2018-01-01,2021-12-31,2022-01-01,2022-12-31,B1,10,unfilled_1m,0.1482495637764038
3517,2022-12-28 18:00:00+00:00,2022-12-28 12:15:00-06:00,2022-12-28 12:15:00-06:00,L,Long,A+,69.8656232251133,10657.154615656642,10631.301042333598,10734.715335625771,-1.028042545258291,True,0.3324640751186558,1.0406536582183534,1,STOP,True,2.971957454741709,8.435792670445514,0.0,False,,,,,,,,,,,,,,,,False,,,,,,,,,,,,,,,,False,,,,,,,,,,,,,,,,False,,False,,False,,False,,,,,,,,,,,,,,,,False,,,,,,,,,,,,,,,,False,,,,,,,,,,,,,,,,False,,False,,False,,,,,,,,,,,,,,,,,,,,,,,,,,,,,,,,,,,,,,,,,,,,,,,,,,,,,,,,,,,,,,,,,,,,,,,,,,,,,,,,,,,,,,False,,,,,,,,,B1,10,3,2018-01-01,2021-12-31,2022-01-01,2022-12-31,B1,10,unfilled_1m,-1.028042545258291
3525,2023-01-04 16:45:00+00:00,2023-01-04 11:00:00-06:00,2023-01-04 11:00:00-06:00,L,Long,A,59.374538772780305,10837.75,10807.187181290788,10929.438456127642,-1.0237216340187067,True,0.4008138161781484,1.4560175363206207,1,STOP,True,2.9762783659812935,7.059231089015144,0.0,False,,,,,,,,,,,,,,,,False,,,,,,,,,,,,,,,,True,15.0,2.9969545853320105,3.0,0.009451286900657616,0.017852430812353274,11045.25,2023-01-04 11:15:00-06:00,0.0,TARGET,0.7874762808349146,1.2011577424023154,0.00048153869598551683,0.7647655026260021,,True,False,,False,,True,15.0,False,,,,,,,,,,,,,,,,False,,,,,,,,,,,,,,,,False,,,,,,,,,,,,,,,,False,,False,,False,,,,,,,,,,,,,,,,2.9969545853320105,3.0,0.009451286900657616,0.017852430812353274,11045.25,2023-01-04 11:15:00-06:00,0.0,TARGET,0.7874762808349146,1.2011577424023154,0.00048153869598551683,0.7647655026260021,,True,,,,,,,,,,,,,,,,,,,,,,,,,,,,,,,,,,,,,,,,,,,,,,,,,,,,,,,,,False,,,,,,,,,B1,10,4,2018-01-01,2022-12-31,2023-01-01,2023-12-31,B1,10,unfilled_1m,-1.0237216340187067
3527,2023-01-04 19:30:00+00:00,2023-01-04 13:45:00-06:00,2023-01-04 13:45:00-06:00,S,Short,A,49.40423702253424,10733.0,10770.012235980816,10621.96329205755,-1.019588116761597,True,0.22965378272217246,1.4859950646728806,1,STOP,True,-1.019588116761597,0.0,5.943980258691522,False,,,,,,,,,,,,,,,,False,,,,,,,,,,,,,,,,False,,,,,,,,,,,,,,,,False,,False,,False,,False,,,,,,,,,,,,,,,,False,,,,,,,,,,,,,,,,False,,,,,,,,,,,,,,,,False,,False,,False,,,,,,,,,,,,,,,,,,,,,,,,,,,,,,,,,,,,,,,,,,,,,,,,,,,,,,,,,,,,,,,,,,,,,,,,,,,,,,,,,,,,,,False,,,,,,,,,B1,10,4,2018-01-01,2022-12-31,2023-01-01,2023-12-31,B1,10,unfilled_1m,-1.019588116761597
3536,2023-01-10 21:00:00+00:00,2023-01-10 15:15:00-06:00,2023-01-10 15:15:00-06:00,L,Long,B,44.49993145374234,11072.0,11048.357828419576,11142.926514741266,-0.4642128563641425,True,0.22206081967305225,0.5075675878241195,0,TIME,True,2.9693344582356263,8.93530441065377,0.0,False,,,,,,,,,,,,,,,,False,,,,,,,,,,,,,,,,False,,,,,,,,,,,,,,,,False,,False,,False,,False,,,,,,,,,,,,,,,,False,,,,,,,,,,,,,,,,False,,,,,,,,,,,,,,,,False,,False,,False,,,,,,,,,,,,,,,,,,,,,,,,,,,,,,,,,,,,,,,,,,,,,,,,,,,,,,,,,,,,,,,,,,,,,,,,,,,,,,,,,,,,,,False,,,,,,,,,B1,10,4,2018-01-01,2022-12-31,2023-01-01,2023-12-31,B1,10,unfilled_1m,-0.4642128563641425
3544,2023-01-13 17:15:00+00:00,2023-01-13 11:30:00-06:00,2023-01-13 11:30:00-06:00,RL,Long,A,47.77245775446727,11295.877038455254,11272.130699213309,11355.242886560114,0.7537145562686105,True,1.1421954882560212,0.2053806443832356,0,TIME,True,2.4694689782448918,9.332931669454004,0.0,False,,,,,,,,,,,,,,,,False,,,,,,,,,,,,,,,,True,13.0,2.496964867408192,2.5,0.028258131027174994,0.004186389781803703,11511.0,2023-01-13 11:43:00-06:00,0.0,TARGET,0.98989898989899,1.1583924349881796,0.0005377664605374136,0.9695290858725762,,True,False,,False,,True,13.0,False,,,,,,,,,,,,,,,,False,,,,,,,,,,,,,,,,True,13.0,2.496964867408192,2.5,0.028258131027174994,0.004186389781803703,11511.0,2023-01-13 11:43:00-06:00,0.0,TARGET,0.98989898989899,1.1583924349881796,0.0005377664605374136,0.9695290858725762,,True,False,,False,,True,14.0,,,,,,,,,,,,,,,2.496964867408192,2.5,0.028258131027174994,0.004186389781803703,11511.0,2023-01-13 11:43:00-06:00,0.0,TARGET,0.98989898989899,1.1583924349881796,0.0005377664605374136,0.9695290858725762,,True,,,,,,,,,,,,,,,2.497045270139029,2.5,0.028528426243857454,0.008150978926816415,11517.5,2023-01-13 11:44:00-06:00,0.0,TARGET,1.338148259604775,1.3696098562628336,0.0007556218996986529,1.3474747474747475,,True,,,,,,,,,,,,,,,,,,,,,,,,,,,,,False,,,,,,,,,B1,10,4,2018-01-01,2022-12-31,2023-01-01,2023-12-31,B1,10,unfilled_1m,0.7537145562686105
3550,2023-01-18 20:45:00+00:00,2023-01-18 15:00:00-06:00,2023-01-18 15:00:00-06:00,S,Short,A,52.705066128299435,11274.404758230294,11297.701977697883,11204.51309982752,0.0506394435582747,True,0.6826891188633074,0.06847348336678227,0,TIME,True,-1.031119593520961,0.0,8.97511576695213,False,,,,,,,,,,,,,,,,False,,,,,,,,,,,,,,,,True,14.0,0.9957860602505102,1.0,0.010171578705665069,0.011624661377902934,11469.75,2023-01-18 15:14:00-06:00,0.0,STOP,0.573452136166324,1.7544268406337373,0.0001499515293629362,0.5495347564313081,,True,False,,False,,True,14.0,False,,,,,,,,,,,,,,,,False,,,,,,,,,,,,,,,,False,,,,,,,,,,,,,,,,False,,False,,False,,,,,,,,,,,,,,,,0.9957860602505102,1.0,0.010171578705665069,0.011624661377902934,11469.75,2023-01-18 15:14:00-06:00,0.0,STOP,0.573452136166324,1.7544268406337373,0.0001499515293629362,0.5495347564313081,,True,,,,,,,,,,,,,,,,,,,,,,,,,,,,,,,,,,,,,,,,,,,,,,,,,,,,,,,,,False,,,,,,,,,B1,10,4,2018-01-01,2022-12-31,2023-01-01,2023-12-31,B1,10,unfilled_1m,0.0506394435582747
3551,2023-01-19 16:30:00+00:00,2023-01-19 10:45:00-06:00,2023-01-19 10:45:00-06:00,S,Short,A,54.51433935418206,11113.093835088595,11138.248376435862,11037.6302110468,-1.028821833401418,True,0.5602898853938659,1.407545636496042,0,STOP,True,-1.0288218334014179,0.0,8.195584330692038,False,,,,,,,,,,,,,,,,False,,,,,,,,,,,,,,,,False,,,,,,,,,,,,,,,,False,,False,,False,,False,,,,,,,,,,,,,,,,False,,,,,,,,,,,,,,,,False,,,,,,,,,,,,,,,,False,,False,,False,,,,,,,,,,,,,,,,,,,,,,,,,,,,,,,,,,,,,,,,,,,,,,,,,,,,,,,,,,,,,,,,,,,,,,,,,,,,,,,,,,,,,,False,,,,,,,,,B1,10,4,2018-01-01,2022-12-31,2023-01-01,2023-12-31,B1,10,unfilled_1m,-1.028821833401418
3555,2023-01-20 18:45:00+00:00,2023-01-20 13:00:00-06:00,2023-01-20 13:00:00-06:00,L,Long,A+,74.38384882538251,11371.713647617476,11349.09181599576,11439.579142482626,1.9587871187223285,True,2.2339637756833923,0.0,0,TIME,True,2.9679513130446953,10.345596956784627,0.0,False,,,,,,,,,,,,,,,,False,,,,,,,,,,,,,,,,True,12.0,2.9971807235970056,3.0,0.0077773142151564756,0.012638135599629273,11606.25,2023-01-20 13:12:00-06:00,0.0,TARGET,1.4191120094793337,1.6655759162303663,0.0007340076340488773,1.405591991715568,,True,False,,False,,True,12.0,False,,,,,,,,,,,,,,,,False,,,,,,,,,,,,,,,,False,,,,,,,,,,,,,,,,False,,False,,True,14.0,,,,,,,,,,,,,,,2.9971807235970056,3.0,0.0077773142151564756,0.012638135599629273,11606.25,2023-01-20 13:12:00-06:00,0.0,TARGET,1.4191120094793337,1.6655759162303663,0.0007340076340488773,1.405591991715568,,True,,,,,,,,,,,,,,,2.9971361779084815,3.0,0.030613270633471603,0.0009875248591442454,11602.25,2023-01-20 13:14:00-06:00,0.0,TARGET,0.9471068512602059,0.9037940379403794,-0.000285623417651653,0.9292281972694344,,True,,,,,,,,,,,,,,,,,,,,,,,,,,,,,False,,,,,,,,,B1,10,4,2018-01-01,2022-12-31,2023-01-01,2023-12-31,B1,10,unfilled_1m,1.9587871187223285
3560,2023-01-24 18:30:00+00:00,2023-01-24 12:45:00-06:00,2023-01-24 12:45:00-06:00,RL,Long,B,43.99880646469759,11701.471928441855,11678.36385536464,11759.242111134898,-0.2681715788741099,True,1.1696376183263149,0.8210086742611807,0,TIME,True,2.468625683432045,9.921990067800683,0.0,False,,,,,,,,,,,,,,,,False,,,,,,,,,,,,,,,,False,,,,,,,,,,,,,,,,False,,False,,False,,False,,,,,,,,,,,,,,,,False,,,,,,,,,,,,,,,,False,,,,,,,,,,,,,,,,False,,False,,False,,,,,,,,,,,,,,,,,,,,,,,,,,,,,,,,,,,,,,,,,,,,,,,,,,,,,,,,,,,,,,,,,,,,,,,,,,,,,,,,,,,,,,False,,,,,,,,,B1,10,4,2018-01-01,2022-12-31,2023-01-01,2023-12-31,B1,10,unfilled_1m,-0.2681715788741099
3564,2023-01-26 15:45:00+00:00,2023-01-26 10:00:00-06:00,2023-01-26 10:00:00-06:00,S,Short,A+,96.68505426661396,11750.379182377565,11780.738447962382,11659.301385623112,-0.3654837298826022,True,1.8323625853909127,0.5392362860919359,0,TIME,True,-1.0238806830809037,0.0,5.875333746928345,False,,,,,,,,,,,,,,,,False,,,,,,,,,,,,,,,,False,,,,,,,,,,,,,,,,False,,False,,False,,False,,,,,,,,,,,,,,,,False,,,,,,,,,,,,,,,,False,,,,,,,,,,,,,,,,False,,False,,False,,,,,,,,,,,,,,,,,,,,,,,,,,,,,,,,,,,,,,,,,,,,,,,,,,,,,,,,,,,,,,,,,,,,,,,,,,,,,,,,,,,,,,False,,,,,,,,,B1,10,4,2018-01-01,2022-12-31,2023-01-01,2023-12-31,B1,10,unfilled_1m,-0.3654837298826022
3569,2023-01-30 15:45:00+00:00,2023-01-30 10:00:00-06:00,2023-01-30 10:00:00-06:00,S,Short,B,43.50678697219866,11817.5,11842.224290176247,11743.32712947126,-1.029323389866072,True,0.5662447698275989,1.2740507321120973,0,STOP,True,-1.029323389866072,0.0,8.635232739870881,False,,,,,,,,,,,,,,,,False,,,,,,,,,,,,,,,,False,,,,,,,,,,,,,,,,False,,False,,False,,False,,,,,,,,,,,,,,,,False,,,,,,,,,,,,,,,,False,,,,,,,,,,,,,,,,False,,False,,False,,,,,,,,,,,,,,,,,,,,,,,,,,,,,,,,,,,,,,,,,,,,,,,,,,,,,,,,,,,,,,,,,,,,,,,,,,,,,,,,,,,,,,False,,,,,,,,,B1,10,4,2018-01-01,2022-12-31,2023-01-01,2023-12-31,B1,10,unfilled_1m,-1.029323389866072
3571,2023-01-31 20:15:00+00:00,2023-01-31 14:30:00-06:00,2023-01-31 14:30:00-06:00,S,Short,A,47.68743854399965,11880.04024894061,11898.509943818512,11824.631164306902,-1.0392534909099893,True,0.7466419468092577,3.5983134263309413,0,STOP,True,-1.0392534909099893,0.0,11.218904937477147,False,,,,,,,,,,,,,,,,False,,,,,,,,,,,,,,,,True,12.0,0.9961739417117191,1.0,0.0,0.052773217769391936,12088.0,2023-01-31 14:42:00-06:00,0.0,STOP,0.970015663459387,0.9535855697316321,0.0005213197579466624,0.9781688949060755,,True,False,,False,,True,12.0,False,,,,,,,,,,,,,,,,False,,,,,,,,,,,,,,,,True,12.0,0.9961739417117191,1.0,0.0,0.052773217769391936,12088.0,2023-01-31 14:42:00-06:00,0.0,STOP,0.970015663459387,0.9535855697316321,0.0005213197579466624,0.9781688949060755,,True,False,,False,,False,,,,,,,,,,,,,,,,0.9961739417117191,1.0,0.0,0.052773217769391936,12088.0,2023-01-31 14:42:00-06:00,0.0,STOP,0.970015663459387,0.9535855697316321,0.0005213197579466624,0.9781688949060755,,True,,,,,,,,,,,,,,,,,,,,,,,,,,,,,,,,,,,,,,,,,,,,,,,,,,,,,,,,,False,,,,,,,,,B1,10,4,2018-01-01,2022-12-31,2023-01-01,2023-12-31,B1,10,unfilled_1m,-1.0392534909099893
3582,2023-02-06 20:15:00+00:00,2023-02-06 14:30:00-06:00,2023-02-06 14:30:00-06:00,S,Short,A,51.88447820592948,12282.99436318656,12309.189869565884,12204.407844048585,-1.0276765025841328,True,0.9446033540352703,1.4699329058907993,0,STOP,True,-1.0276765025841328,0.0,7.778266770756933,False,,,,,,,,,,,,,,,,False,,,,,,,,,,,,,,,,True,15.0,0.9961954266175806,1.0,0.0655960928003338,0.0013119218560066759,12499.75,2023-02-06 14:45:00-06:00,0.0,STOP,1.067425129663711,1.3987138263665595,0.00029880134795540804,1.0787960771051741,,True,False,,False,,True,15.0,False,,,,,,,,,,,,,,,,False,,,,,,,,,,,,,,,,True,15.0,0.9961954266175806,1.0,0.0655960928003338,0.0013119218560066759,12499.75,2023-02-06 14:45:00-06:00,0.0,STOP,1.067425129663711,1.3987138263665595,0.00029880134795540804,1.0787960771051741,,True,False,,False,,False,,,,,,,,,,,,,,,,0.9961954266175806,1.0,0.0655960928003338,0.0013119218560066759,12499.75,2023-02-06 14:45:00-06:00,0.0,STOP,1.067425129663711,1.3987138263665595,0.00029880134795540804,1.0787960771051741,,True,,,,,,,,,,,,,,,,,,,,,,,,,,,,,,,,,,,,,,,,,,,,,,,,,,,,,,,,,False,,,,,,,,,B1,10,4,2018-01-01,2022-12-31,2023-01-01,2023-12-31,B1,10,unfilled_1m,-1.0276765025841328
3590,2023-02-09 20:30:00+00:00,2023-02-09 14:45:00-06:00,2023-02-09 14:45:00-06:00,S,Short,B,38.15746661679226,12207.0,12236.917311779074,12117.248064662776,-1.024233460725141,True,0.32589826492431295,1.5375713011813739,1,STOP,True,-1.0242334607251413,0.0,7.445521898655457,False,,,,,,,,,,,,,,,,False,,,,,,,,,,,,,,,,True,13.0,0.9960881158798293,1.0,0.002697851117359152,0.03911884120170771,12422.25,2023-02-09 14:58:00-06:00,0.0,STOP,1.151442237154846,0.9614819170832108,0.00030116995458964854,1.1746041248840065,,True,False,,False,,True,13.0,False,,,,,,,,,,,,,,,,False,,,,,,,,,,,,,,,,False,,,,,,,,,,,,,,,,False,,False,,False,,,,,,,,,,,,,,,,0.9960881158798293,1.0,0.002697851117359152,0.03911884120170771,12422.25,2023-02-09 14:58:00-06:00,0.0,STOP,1.151442237154846,0.9614819170832108,0.00030116995458964854,1.1746041248840065,,True,,,,,,,,,,,,,,,,,,,,,,,,,,,,,,,,,,,,,,,,,,,,,,,,,,,,,,,,,False,,,,,,,,,B1,10,4,2018-01-01,2022-12-31,2023-01-01,2023-12-31,B1,10,unfilled_1m,-1.024233460725141
3615,2023-02-22 20:00:00+00:00,2023-02-22 14:15:00-06:00,2023-02-22 14:15:00-06:00,S,Short,B,36.57697522362116,11864.0,11893.464605555995,11775.606183332016,-1.02460579350442,True,0.2630274478058679,1.0605945476043062,1,STOP,True,-1.02460579350442,0.0,7.602341717227667,False,,,,,,,,,,,,,,,,False,,,,,,,,,,,,,,,,False,,,,,,,,,,,,,,,,False,,False,,False,,False,,,,,,,,,,,,,,,,False,,,,,,,,,,,,,,,,False,,,,,,,,,,,,,,,,False,,False,,False,,,,,,,,,,,,,,,,,,,,,,,,,,,,,,,,,,,,,,,,,,,,,,,,,,,,,,,,,,,,,,,,,,,,,,,,,,,,,,,,,,,,,,False,,,,,,,,,B1,10,4,2018-01-01,2022-12-31,2023-01-01,2023-12-31,B1,10,unfilled_1m,-1.02460579350442
3626,2023-03-01 15:45:00+00:00,2023-03-01 10:00:00-06:00,2023-03-01 10:00:00-06:00,L,Long,B,40.23443856367893,11798.5,11773.110497176764,11874.66850846971,-1.0285551081896918,True,0.0,3.2789141472990893,1,STOP,True,2.9714448918103082,8.251441607917828,0.0,False,,,,,,,,,,,,,,,,False,,,,,,,,,,,,,,,,False,,,,,,,,,,,,,,,,False,,False,,False,,False,,,,,,,,,,,,,,,,False,,,,,,,,,,,,,,,,False,,,,,,,,,,,,,,,,False,,False,,False,,,,,,,,,,,,,,,,,,,,,,,,,,,,,,,,,,,,,,,,,,,,,,,,,,,,,,,,,,,,,,,,,,,,,,,,,,,,,,,,,,,,,,False,,,,,,,,,B1,10,4,2018-01-01,2022-12-31,2023-01-01,2023-12-31,B1,10,unfilled_1m,-1.0285551081896918
3629,2023-03-03 18:00:00+00:00,2023-03-03 12:15:00-06:00,2023-03-03 12:15:00-06:00,L,Long,A,53.649793136471615,12060.933078530246,12041.189317337454,12120.164362108624,1.1062695327639491,True,1.2189633593491407,0.8703042121740708,0,TIME,True,2.9632795396520164,10.943554237711725,0.0,False,,,,,,,,,,,,,,,,False,,,,,,,,,,,,,,,,True,15.0,2.9968314416461523,3.0,0.001092606328912991,0.017481701262607854,12270.0,2023-03-03 12:30:00-06:00,0.0,TARGET,0.6260076722077056,0.6611085016439643,0.00017861874640099124,0.6091425480119016,,True,False,,False,,True,15.0,False,,,,,,,,,,,,,,,,False,,,,,,,,,,,,,,,,False,,,,,,,,,,,,,,,,False,,False,,False,,,,,,,,,,,,,,,,2.9968314416461523,3.0,0.001092606328912991,0.017481701262607854,12270.0,2023-03-03 12:30:00-06:00,0.0,TARGET,0.6260076722077056,0.6611085016439643,0.00017861874640099124,0.6091425480119016,,True,,,,,,,,,,,,,,,,,,,,,,,,,,,,,,,,,,,,,,,,,,,,,,,,,,,,,,,,,False,,,,,,,,,B1,10,4,2018-01-01,2022-12-31,2023-01-01,2023-12-31,B1,10,unfilled_1m,1.1062695327639491
3635,2023-03-07 18:45:00+00:00,2023-03-07 13:00:00-06:00,2023-03-07 13:00:00-06:00,S,Short,A,53.582396290321874,11975.818904714488,12004.522068310016,11889.709413927902,1.3358773010115754,True,1.500493301762661,0.6421276603943272,0,TIME,True,-1.0252585397977856,0.0,7.453223564486867,False,,,,,,,,,,,,,,,,False,,,,,,,,,,,,,,,,False,,,,,,,,,,,,,,,,False,,False,,False,,False,,,,,,,,,,,,,,,,False,,,,,,,,,,,,,,,,False,,,,,,,,,,,,,,,,False,,False,,False,,,,,,,,,,,,,,,,,,,,,,,,,,,,,,,,,,,,,,,,,,,,,,,,,,,,,,,,,,,,,,,,,,,,,,,,,,,,,,,,,,,,,,False,,,,,,,,,B1,10,4,2018-01-01,2022-12-31,2023-01-01,2023-12-31,B1,10,unfilled_1m,1.3358773010115754
3637,2023-03-08 16:45:00+00:00,2023-03-08 11:00:00-06:00,2023-03-08 11:00:00-06:00,RL,Long,A,51.19160491479652,12006.436262237934,11980.429257366612,12071.453774416235,-1.0278771047872357,True,1.4059188262153346,1.0261182466021164,0,STOP,True,2.4721228952127645,9.461440830251002,0.0,False,,,,,,,,,,,,,,,,False,,,,,,,,,,,,,,,,False,,,,,,,,,,,,,,,,False,,False,,False,,False,,,,,,,,,,,,,,,,False,,,,,,,,,,,,,,,,False,,,,,,,,,,,,,,,,False,,False,,False,,,,,,,,,,,,,,,,,,,,,,,,,,,,,,,,,,,,,,,,,,,,,,,,,,,,,,,,,,,,,,,,,,,,,,,,,,,,,,,,,,,,,,False,,,,,,,,,B1,10,4,2018-01-01,2022-12-31,2023-01-01,2023-12-31,B1,10,unfilled_1m,-1.0278771047872357
3638,2023-03-08 20:45:00+00:00,2023-03-08 15:00:00-06:00,2023-03-08 15:00:00-06:00,L,Long,A,62.251056998377194,12021.75,11997.88544625395,12093.34366123815,0.262942272743669,True,0.30379784500264545,0.356176783796205,0,TIME,True,2.9696202154997353,8.799661717318006,0.0,False,,,,,,,,,,,,,,,,False,,,,,,,,,,,,,,,,True,11.0,2.9968321874744985,3.0,0.004369396586898317,0.004369396586898317,12226.75,2023-03-08 15:11:00-06:00,0.0,TARGET,0.3142728868209461,1.0881854154889767,5.1415838658601544e-05,0.30416748963065376,,True,False,,False,,True,11.0,False,,,,,,,,,,,,,,,,False,,,,,,,,,,,,,,,,True,11.0,2.9968321874744985,3.0,0.004369396586898317,0.004369396586898317,12226.75,2023-03-08 15:11:00-06:00,0.0,TARGET,0.3142728868209461,1.0881854154889767,5.1415838658601544e-05,0.30416748963065376,,True,False,,False,,True,12.0,,,,,,,,,,,,,,,2.9968321874744985,3.0,0.004369396586898317,0.004369396586898317,12226.75,2023-03-08 15:11:00-06:00,0.0,TARGET,0.3142728868209461,1.0881854154889767,5.1415838658601544e-05,0.30416748963065376,,True,,,,,,,,,,,,,,,2.9968390931024036,3.0,0.001089967895722879,0.002179935791445758,12227.25,2023-03-08 15:12:00-06:00,0.0,TARGET,0.2229579648799296,0.7997594708358388,9.117629986714272e-06,0.21713399453083548,,True,,,,,,,,,,,,,,,,,,,,,,,,,,,,,False,,,,,,,,,B1,10,4,2018-01-01,2022-12-31,2023-01-01,2023-12-31,B1,10,unfilled_1m,0.262942272743669
3651,2023-03-15 17:15:00+00:00,2023-03-15 12:30:00-05:00,2023-03-15 12:30:00-05:00,L,Long,A+,76.30136539122935,11927.05898481199,11887.969626299908,12044.327060348242,2.9814527526775376,True,3.1643142762185494,0.8201460968483515,0,TARGET,True,2.9814527526775376,9.169785047181342,0.0,False,,,,,,,,,,,,,,,,False,,,,,,,,,,,,,,,,False,,,,,,,,,,,,,,,,False,,False,,False,,False,,,,,,,,,,,,,,,,False,,,,,,,,,,,,,,,,False,,,,,,,,,,,,,,,,False,,False,,False,,,,,,,,,,,,,,,,,,,,,,,,,,,,,,,,,,,,,,,,,,,,,,,,,,,,,,,,,,,,,,,,,,,,,,,,,,,,,,,,,,,,,,False,,,,,,,,,B1,10,4,2018-01-01,2022-12-31,2023-01-01,2023-12-31,B1,10,unfilled_1m,2.9814527526775376
3655,2023-03-17 14:45:00+00:00,2023-03-17 10:00:00-05:00,2023-03-17 10:00:00-05:00,S,Short,A,61.22894710374749,12304.5,12334.81859956502,12213.54420130494,0.9243500821961992,True,2.4325002163057876,0.8163305810653321,0,TIME,True,-1.0239127139908026,0.0,11.247221339122353,False,,,,,,,,,,,,,,,,False,,,,,,,,,,,,,,,,False,,,,,,,,,,,,,,,,False,,False,,False,,False,,,,,,,,,,,,,,,,False,,,,,,,,,,,,,,,,False,,,,,,,,,,,,,,,,False,,False,,False,,,,,,,,,,,,,,,,,,,,,,,,,,,,,,,,,,,,,,,,,,,,,,,,,,,,,,,,,,,,,,,,,,,,,,,,,,,,,,,,,,,,,,False,,,,,,,,,B1,10,4,2018-01-01,2022-12-31,2023-01-01,2023-12-31,B1,10,unfilled_1m,0.9243500821961992
3663,2023-03-22 16:15:00+00:00,2023-03-22 11:30:00-05:00,2023-03-22 11:30:00-05:00,S,Short,A,53.89863871884284,12552.237441155836,12569.360618820552,12500.867908161685,-1.0423402720100206,True,1.1380738749204877,1.0957404759530047,0,STOP,True,-1.0423402720100206,0.0,19.667059785175766,False,,,,,,,,,,,,,,,,False,,,,,,,,,,,,,,,,False,,,,,,,,,,,,,,,,False,,False,,False,,False,,,,,,,,,,,,,,,,False,,,,,,,,,,,,,,,,False,,,,,,,,,,,,,,,,False,,False,,False,,,,,,,,,,,,,,,,,,,,,,,,,,,,,,,,,,,,,,,,,,,,,,,,,,,,,,,,,,,,,,,,,,,,,,,,,,,,,,,,,,,,,,False,,,,,,,,,B1,10,4,2018-01-01,2022-12-31,2023-01-01,2023-12-31,B1,10,unfilled_1m,-1.0423402720100206
3674,2023-03-28 14:45:00+00:00,2023-03-28 10:00:00-05:00,2023-03-28 10:00:00-05:00,S,Short,A,54.186964026664555,12317.75,12337.355184654749,12258.93444603576,-1.036980013846714,True,0.12751728912660026,2.1550421862395446,1,STOP,True,-1.036980013846714,0.0,17.571882441645517,False,,,,,,,,,,,,,,,,False,,,,,,,,,,,,,,,,False,,,,,,,,,,,,,,,,False,,False,,False,,False,,,,,,,,,,,,,,,,False,,,,,,,,,,,,,,,,False,,,,,,,,,,,,,,,,False,,False,,False,,,,,,,,,,,,,,,,,,,,,,,,,,,,,,,,,,,,,,,,,,,,,,,,,,,,,,,,,,,,,,,,,,,,,,,,,,,,,,,,,,,,,,False,,,,,,,,,B1,10,4,2018-01-01,2022-12-31,2023-01-01,2023-12-31,B1,10,unfilled_1m,-1.036980013846714
3675,2023-03-28 17:45:00+00:00,2023-03-28 13:00:00-05:00,2023-03-28 13:00:00-05:00,S,Short,A,50.71666122925463,12309.09587962302,12328.838860819846,12249.866936032537,-1.0367219110818275,True,0.587341876458125,1.1854400378369971,0,STOP,True,-1.0367219110818275,0.0,17.02651271485984,False,,,,,,,,,,,,,,,,False,,,,,,,,,,,,,,,,False,,,,,,,,,,,,,,,,False,,False,,False,,False,,,,,,,,,,,,,,,,False,,,,,,,,,,,,,,,,False,,,,,,,,,,,,,,,,False,,False,,False,,,,,,,,,,,,,,,,,,,,,,,,,,,,,,,,,,,,,,,,,,,,,,,,,,,,,,,,,,,,,,,,,,,,,,,,,,,,,,,,,,,,,,False,,,,,,,,,B1,10,4,2018-01-01,2022-12-31,2023-01-01,2023-12-31,B1,10,unfilled_1m,-1.0367219110818275
3677,2023-03-29 17:15:00+00:00,2023-03-29 12:30:00-05:00,2023-03-29 12:30:00-05:00,L,Long,B,40.889289941578134,12591.962982477957,12575.667211649336,12640.850294963811,-1.0444900709285037,True,0.3397824859145813,2.007452290658198,1,STOP,True,2.9555099290714963,21.127384592163704,0.0,False,,,,,,,,,,,,,,,,False,,,,,,,,,,,,,,,,True,14.0,2.997842793427304,3.0,0.003719321677061802,0.017108879714484288,12911.75,2023-03-29 12:44:00-05:00,0.0,TARGET,0.7343187417093044,0.8940932164282419,0.0001137618841122326,0.7501693930887621,,True,False,,False,,True,14.0,False,,,,,,,,,,,,,,,,False,,,,,,,,,,,,,,,,False,,,,,,,,,,,,,,,,False,,False,,False,,,,,,,,,,,,,,,,2.997842793427304,3.0,0.003719321677061802,0.017108879714484288,12911.75,2023-03-29 12:44:00-05:00,0.0,TARGET,0.7343187417093044,0.8940932164282419,0.0001137618841122326,0.7501693930887621,,True,,,,,,,,,,,,,,,,,,,,,,,,,,,,,,,,,,,,,,,,,,,,,,,,,,,,,,,,,False,,,,,,,,,B1,10,4,2018-01-01,2022-12-31,2023-01-01,2023-12-31,B1,10,unfilled_1m,-1.0444900709285037
3694,2023-04-11 14:45:00+00:00,2023-04-11 10:00:00-05:00,2023-04-11 10:00:00-05:00,S,Short,B,39.65087674655532,12725.75,12743.92287095069,12671.231387147933,-1.0398946320571592,True,0.48148693862088565,1.1830821920398904,1,STOP,True,-1.0398946320571592,0.0,18.805504145564306,False,,,,,,,,,,,,,,,,False,,,,,,,,,,,,,,,,False,,,,,,,,,,,,,,,,False,,False,,False,,False,,,,,,,,,,,,,,,,False,,,,,,,,,,,,,,,,False,,,,,,,,,,,,,,,,False,,False,,False,,,,,,,,,,,,,,,,,,,,,,,,,,,,,,,,,,,,,,,,,,,,,,,,,,,,,,,,,,,,,,,,,,,,,,,,,,,,,,,,,,,,,,False,,,,,,,,,B1,10,4,2018-01-01,2022-12-31,2023-01-01,2023-12-31,B1,10,unfilled_1m,-1.0398946320571592
3695,2023-04-11 19:45:00+00:00,2023-04-11 15:00:00-05:00,2023-04-11 15:00:00-05:00,S,Short,A,52.46132828548118,12742.249395868492,12759.342888927207,12690.968916692344,-0.0570745913756225,True,0.3509754178320422,0.3802970001028409,0,TIME,True,-1.0424138002402232,0.0,19.90527055896422,False,,,,,,,,,,,,,,,,False,,,,,,,,,,,,,,,,False,,,,,,,,,,,,,,,,False,,False,,False,,False,,,,,,,,,,,,,,,,False,,,,,,,,,,,,,,,,False,,,,,,,,,,,,,,,,False,,False,,False,,,,,,,,,,,,,,,,,,,,,,,,,,,,,,,,,,,,,,,,,,,,,,,,,,,,,,,,,,,,,,,,,,,,,,,,,,,,,,,,,,,,,,False,,,,,,,,,B1,10,4,2018-01-01,2022-12-31,2023-01-01,2023-12-31,B1,10,unfilled_1m,-0.0570745913756225
3699,2023-04-13 17:45:00+00:00,2023-04-13 13:00:00-05:00,2023-04-13 13:00:00-05:00,L,Long,B,39.160378703345074,12851.758396029823,12833.619566536396,12906.174884510112,0.8554357918077774,True,1.5156217208027516,0.24854944644895413,0,TIME,True,2.9600304969919535,18.881681648436732,0.0,False,,,,,,,,,,,,,,,,False,,,,,,,,,,,,,,,,True,13.0,2.9980332605933047,3.0,0.012885534043865042,0.0,13202.25,2023-04-13 13:13:00-05:00,0.0,TARGET,0.7723995880535531,1.0471204188481675,4.3881353712897394e-05,0.7550018875047187,,True,False,,False,,True,13.0,False,,,,,,,,,,,,,,,,False,,,,,,,,,,,,,,,,False,,,,,,,,,,,,,,,,False,,False,,True,14.0,,,,,,,,,,,,,,,2.9980332605933047,3.0,0.012885534043865042,0.0,13202.25,2023-04-13 13:13:00-05:00,0.0,TARGET,0.7723995880535531,1.0471204188481675,4.3881353712897394e-05,0.7550018875047187,,True,,,,,,,,,,,,,,,2.9980451921034783,3.0,0.017525863899848646,0.0,13204.5,2023-04-13 13:14:00-05:00,0.0,TARGET,1.4860834990059644,1.701280227596017,0.00025326651690139255,1.5396498455200824,,True,,,,,,,,,,,,,,,,,,,,,,,,,,,,,False,,,,,,,,,B1,10,4,2018-01-01,2022-12-31,2023-01-01,2023-12-31,B1,10,unfilled_1m,0.8554357918077774
3713,2023-04-20 17:00:00+00:00,2023-04-20 12:15:00-05:00,2023-04-20 12:15:00-05:00,L,Long,A,54.133776899452656,12839.757822771704,12820.56494989734,12897.336441394798,-1.0377744387067962,True,1.1197999053598156,1.6025648152334229,0,STOP,True,2.962225561293204,18.522093047525207,0.0,False,,,,,,,,,,,,,,,,False,,,,,,,,,,,,,,,,False,,,,,,,,,,,,,,,,False,,False,,False,,False,,,,,,,,,,,,,,,,False,,,,,,,,,,,,,,,,False,,,,,,,,,,,,,,,,False,,False,,False,,,,,,,,,,,,,,,,,,,,,,,,,,,,,,,,,,,,,,,,,,,,,,,,,,,,,,,,,,,,,,,,,,,,,,,,,,,,,,,,,,,,,,False,,,,,,,,,B1,10,4,2018-01-01,2022-12-31,2023-01-01,2023-12-31,B1,10,unfilled_1m,-1.0377744387067962
3727,2023-04-28 17:00:00+00:00,2023-04-28 12:15:00-05:00,2023-04-28 12:15:00-05:00,L,Long,B,37.58255101156359,12947.25,12924.073255243358,13016.780234269923,-1.0312813558423577,True,0.08629339542719278,1.2404675592658962,1,STOP,True,2.9687186441576427,14.637517199337575,0.0,False,,,,,,,,,,,,,,,,False,,,,,,,,,,,,,,,,False,,,,,,,,,,,,,,,,False,,False,,False,,False,,,,,,,,,,,,,,,,False,,,,,,,,,,,,,,,,False,,,,,,,,,,,,,,,,False,,False,,False,,,,,,,,,,,,,,,,,,,,,,,,,,,,,,,,,,,,,,,,,,,,,,,,,,,,,,,,,,,,,,,,,,,,,,,,,,,,,,,,,,,,,,False,,,,,,,,,B1,10,4,2018-01-01,2022-12-31,2023-01-01,2023-12-31,B1,10,unfilled_1m,-1.0312813558423577
3728,2023-04-28 20:00:00+00:00,2023-04-28 15:15:00-05:00,2023-04-28 15:15:00-05:00,L,Long,B,40.400839367056015,12987.25,12966.96251625834,13048.112451224984,-1.035736319458446,True,0.19716590046039167,1.0104752398595074,1,STOP,True,2.964263680541554,16.845361620584715,0.0,False,,,,,,,,,,,,,,,,False,,,,,,,,,,,,,,,,False,,,,,,,,,,,,,,,,False,,False,,False,,False,,,,,,,,,,,,,,,,False,,,,,,,,,,,,,,,,False,,,,,,,,,,,,,,,,False,,False,,False,,,,,,,,,,,,,,,,,,,,,,,,,,,,,,,,,,,,,,,,,,,,,,,,,,,,,,,,,,,,,,,,,,,,,,,,,,,,,,,,,,,,,,False,,,,,,,,,B1,10,4,2018-01-01,2022-12-31,2023-01-01,2023-12-31,B1,10,unfilled_1m,-1.035736319458446
3733,2023-05-02 19:00:00+00:00,2023-05-02 14:15:00-05:00,2023-05-02 14:15:00-05:00,RL,Long,B,41.10852383583641,12852.89533689369,12833.52156209835,12901.329773882033,-1.0374217212525074,True,1.29580648952065,1.104345287364302,0,STOP,True,2.462578278747493,18.780783143709414,0.0,False,,,,,,,,,,,,,,,,False,,,,,,,,,,,,,,,,False,,,,,,,,,,,,,,,,False,,False,,False,,False,,,,,,,,,,,,,,,,False,,,,,,,,,,,,,,,,False,,,,,,,,,,,,,,,,False,,False,,False,,,,,,,,,,,,,,,,,,,,,,,,,,,,,,,,,,,,,,,,,,,,,,,,,,,,,,,,,,,,,,,,,,,,,,,,,,,,,,,,,,,,,,False,,,,,,,,,B1,10,4,2018-01-01,2022-12-31,2023-01-01,2023-12-31,B1,10,unfilled_1m,-1.0374217212525074
3746,2023-05-10 14:45:00+00:00,2023-05-10 10:00:00-05:00,2023-05-10 10:00:00-05:00,S,Short,A+,75.99160074858708,12991.154187035065,13018.888420183728,12907.951487589064,-1.0261409787721114,True,0.3571105421222747,1.4367014494812356,1,STOP,True,-1.0261409787721114,0.0,12.2987288358241,False,,,,,,,,,,,,,,,,False,,,,,,,,,,,,,,,,True,14.0,0.997641214622747,1.0,0.0016267485360365454,0.05449607595722427,13326.25,2023-05-10 10:14:00-05:00,0.0,STOP,1.048176669000191,1.3638622060284864,0.0010411440357024119,1.0580073231836578,,True,False,,False,,True,14.0,False,,,,,,,,,,,,,,,,False,,,,,,,,,,,,,,,,False,,,,,,,,,,,,,,,,False,,False,,False,,,,,,,,,,,,,,,,0.997641214622747,1.0,0.0016267485360365454,0.05449607595722427,13326.25,2023-05-10 10:14:00-05:00,0.0,STOP,1.048176669000191,1.3638622060284864,0.0010411440357024119,1.0580073231836578,,True,,,,,,,,,,,,,,,,,,,,,,,,,,,,,,,,,,,,,,,,,,,,,,,,,,,,,,,,,False,,,,,,,,,B1,10,4,2018-01-01,2022-12-31,2023-01-01,2023-12-31,B1,10,unfilled_1m,-1.0261409787721114
3748,2023-05-10 17:30:00+00:00,2023-05-10 12:45:00-05:00,2023-05-10 12:45:00-05:00,S,Short,A,54.93387404855916,12934.5,12960.811512192866,12855.5654634214,-1.0275544786132276,True,0.05700926609633303,1.6532687167936577,1,STOP,True,-1.0275544786132276,0.0,13.045620391710873,False,,,,,,,,,,,,,,,,False,,,,,,,,,,,,,,,,False,,,,,,,,,,,,,,,,False,,False,,False,,False,,,,,,,,,,,,,,,,False,,,,,,,,,,,,,,,,False,,,,,,,,,,,,,,,,False,,False,,False,,,,,,,,,,,,,,,,,,,,,,,,,,,,,,,,,,,,,,,,,,,,,,,,,,,,,,,,,,,,,,,,,,,,,,,,,,,,,,,,,,,,,,False,,,,,,,,,B1,10,4,2018-01-01,2022-12-31,2023-01-01,2023-12-31,B1,10,unfilled_1m,-1.0275544786132276
3756,2023-05-15 17:30:00+00:00,2023-05-15 12:45:00-05:00,2023-05-15 12:45:00-05:00,S,Short,B,44.901133365161805,13102.743179776837,13120.16121347387,13050.489078685738,-1.0416235272368026,True,1.1909024943711153,1.1342738547192381,0,STOP,True,-1.0416235272368026,0.0,18.687919996308757,False,,,,,,,,,,,,,,,,False,,,,,,,,,,,,,,,,False,,,,,,,,,,,,,,,,False,,False,,False,,False,,,,,,,,,,,,,,,,False,,,,,,,,,,,,,,,,False,,,,,,,,,,,,,,,,False,,False,,False,,,,,,,,,,,,,,,,,,,,,,,,,,,,,,,,,,,,,,,,,,,,,,,,,,,,,,,,,,,,,,,,,,,,,,,,,,,,,,,,,,,,,,False,,,,,,,,,B1,10,4,2018-01-01,2022-12-31,2023-01-01,2023-12-31,B1,10,unfilled_1m,-1.0416235272368026
3763,2023-05-18 15:00:00+00:00,2023-05-18 10:15:00-05:00,2023-05-18 10:15:00-05:00,L,Long,A,52.24155926558448,13449.124718170768,13432.077573767212,13500.266151381436,2.9574708829328165,True,3.952291377034348,0.0,0,TARGET,True,2.9574708829328165,21.609207566306388,0.0,False,,,,,,,,,,,,,,,,False,,,,,,,,,,,,,,,,True,12.0,2.9981213841157737,3.0,0.023968547488402266,0.004534590065373402,13818.0,2023-05-18 10:27:00-05:00,0.0,TARGET,1.0462205906891373,1.1673803760938373,0.00017038498301229408,1.0153435083599855,,True,False,,False,,True,12.0,False,,,,,,,,,,,,,,,,False,,,,,,,,,,,,,,,,False,,,,,,,,,,,,,,,,False,,False,,True,13.0,,,,,,,,,,,,,,,2.9981213841157737,3.0,0.023968547488402266,0.004534590065373402,13818.0,2023-05-18 10:27:00-05:00,0.0,TARGET,1.0462205906891373,1.1673803760938373,0.00017038498301229408,1.0153435083599855,,True,,,,,,,,,,,,,,,2.998160703408584,3.0,0.003805441223618567,0.018392965914156408,13826.25,2023-05-18 10:28:00-05:00,0.0,TARGET,1.537901464282825,1.5833749791770781,0.0009181999623921943,1.5860170198564993,,True,,,,,,,,,,,,,,,,,,,,,,,,,,,,,False,,,,,,,,,B1,10,4,2018-01-01,2022-12-31,2023-01-01,2023-12-31,B1,10,unfilled_1m,2.9574708829328165
3765,2023-05-19 15:30:00+00:00,2023-05-19 10:45:00-05:00,2023-05-19 10:45:00-05:00,S,Short,B,36.8217623843269,13513.082134829,13532.036910127026,13456.217808934924,-1.0382489366716716,True,0.2285511044517692,1.842167191221485,1,STOP,True,-1.0382489366716716,0.0,18.46067071063741,False,,,,,,,,,,,,,,,,False,,,,,,,,,,,,,,,,False,,,,,,,,,,,,,,,,False,,False,,False,,False,,,,,,,,,,,,,,,,False,,,,,,,,,,,,,,,,False,,,,,,,,,,,,,,,,False,,False,,False,,,,,,,,,,,,,,,,,,,,,,,,,,,,,,,,,,,,,,,,,,,,,,,,,,,,,,,,,,,,,,,,,,,,,,,,,,,,,,,,,,,,,,False,,,,,,,,,B1,10,4,2018-01-01,2022-12-31,2023-01-01,2023-12-31,B1,10,unfilled_1m,-1.0382489366716716
3770,2023-05-22 17:30:00+00:00,2023-05-22 12:45:00-05:00,2023-05-22 12:45:00-05:00,L,Long,B,38.17478718678456,13572.884570248085,13555.219706020354,13625.879162931276,0.6589594803475401,True,0.7566109526578721,0.6303230018946696,0,TIME,True,2.958958076855078,19.593438437448004,0.0,False,,,,,,,,,,,,,,,,False,,,,,,,,,,,,,,,,True,11.0,2.9979848812952468,3.0,0.0006948685188804243,0.01737171297201061,13915.0,2023-05-22 12:56:00-05:00,0.0,TARGET,1.0945674044265594,1.1541072640868975,0.000550903928025994,1.1065907241659887,,True,False,,False,,True,11.0,False,,,,,,,,,,,,,,,,False,,,,,,,,,,,,,,,,False,,,,,,,,,,,,,,,,False,,False,,False,,,,,,,,,,,,,,,,2.9979848812952468,3.0,0.0006948685188804243,0.01737171297201061,13915.0,2023-05-22 12:56:00-05:00,0.0,TARGET,1.0945674044265594,1.1541072640868975,0.000550903928025994,1.1065907241659887,,True,,,,,,,,,,,,,,,,,,,,,,,,,,,,,,,,,,,,,,,,,,,,,,,,,,,,,,,,,False,,,,,,,,,B1,10,4,2018-01-01,2022-12-31,2023-01-01,2023-12-31,B1,10,unfilled_1m,0.6589594803475401
3779,2023-05-25 18:45:00+00:00,2023-05-25 14:00:00-05:00,2023-05-25 14:00:00-05:00,S,Short,A,52.56747562655666,13614.689474649997,13637.195811908949,13547.17046287314,-1.0322131491969724,True,0.2750103039327135,2.213177771971358,1,STOP,True,-1.0322131491969724,0.0,15.153977363168872,False,,,,,,,,,,,,,,,,False,,,,,,,,,,,,,,,,True,15.0,0.9979318461321258,1.0,0.004992095543144567,0.014263130123270192,13987.75,2023-05-25 14:15:00-05:00,0.0,STOP,1.4530371956114532,1.3520916334661355,0.0004932590086942195,1.5192352529727209,,True,False,,False,,True,15.0,False,,,,,,,,,,,,,,,,False,,,,,,,,,,,,,,,,False,,,,,,,,,,,,,,,,False,,False,,False,,,,,,,,,,,,,,,,0.9979318461321258,1.0,0.004992095543144567,0.014263130123270192,13987.75,2023-05-25 14:15:00-05:00,0.0,STOP,1.4530371956114532,1.3520916334661355,0.0004932590086942195,1.5192352529727209,,True,,,,,,,,,,,,,,,,,,,,,,,,,,,,,,,,,,,,,,,,,,,,,,,,,,,,,,,,,False,,,,,,,,,B1,10,4,2018-01-01,2022-12-31,2023-01-01,2023-12-31,B1,10,unfilled_1m,-1.0322131491969724
3780,2023-05-26 15:45:00+00:00,2023-05-26 11:00:00-05:00,2023-05-26 11:00:00-05:00,L,Long,B,43.3237940804219,13947.75,13923.690667599629,14019.92799720112,1.383039206835457,True,1.7041204351691581,0.29094739137034403,0,TIME,True,2.969866163036643,14.090166524935233,0.0,False,,,,,,,,,,,,,,,,False,,,,,,,,,,,,,,,,False,,,,,,,,,,,,,,,,False,,False,,False,,False,,,,,,,,,,,,,,,,False,,,,,,,,,,,,,,,,False,,,,,,,,,,,,,,,,False,,False,,False,,,,,,,,,,,,,,,,,,,,,,,,,,,,,,,,,,,,,,,,,,,,,,,,,,,,,,,,,,,,,,,,,,,,,,,,,,,,,,,,,,,,,,False,,,,,,,,,B1,10,4,2018-01-01,2022-12-31,2023-01-01,2023-12-31,B1,10,unfilled_1m,1.383039206835457
3786,2023-05-30 18:45:00+00:00,2023-05-30 14:00:00-05:00,2023-05-30 14:00:00-05:00,L,Long,B,39.58074812405769,14085.25,14057.472885251977,14168.581344244072,-1.0261006229976275,True,0.18000429653536235,1.8990453284480728,1,STOP,True,2.9738993770023723,12.267292808884944,0.0,False,,,,,,,,,,,,,,,,False,,,,,,,,,,,,,,,,False,,,,,,,,,,,,,,,,False,,False,,False,,False,,,,,,,,,,,,,,,,False,,,,,,,,,,,,,,,,False,,,,,,,,,,,,,,,,False,,False,,False,,,,,,,,,,,,,,,,,,,,,,,,,,,,,,,,,,,,,,,,,,,,,,,,,,,,,,,,,,,,,,,,,,,,,,,,,,,,,,,,,,,,,,False,,,,,,,,,B1,10,4,2018-01-01,2022-12-31,2023-01-01,2023-12-31,B1,10,unfilled_1m,-1.0261006229976275
3792,2023-06-01 18:00:00+00:00,2023-06-01 13:15:00-05:00,2023-06-01 13:15:00-05:00,L,Long,B,36.591280940321184,14149.5,14128.629931511638,14212.110205465086,1.6063675123392231,True,1.7968316692832476,0.45519735621842267,0,TIME,True,2.965261254393857,16.650640135358092,0.0,False,,,,,,,,,,,,,,,,False,,,,,,,,,,,,,,,,False,,,,,,,,,,,,,,,,False,,False,,False,,False,,,,,,,,,,,,,,,,False,,,,,,,,,,,,,,,,False,,,,,,,,,,,,,,,,False,,False,,False,,,,,,,,,,,,,,,,,,,,,,,,,,,,,,,,,,,,,,,,,,,,,,,,,,,,,,,,,,,,,,,,,,,,,,,,,,,,,,,,,,,,,,False,,,,,,,,,B1,10,4,2018-01-01,2022-12-31,2023-01-01,2023-12-31,B1,10,unfilled_1m,1.6063675123392231
3800,2023-06-07 14:45:00+00:00,2023-06-07 10:00:00-05:00,2023-06-07 10:00:00-05:00,S,Short,A+,77.31546612503845,14142.878740436026,14165.607155256555,14074.693495974436,-1.0318983970384576,True,1.4025940958818022,1.2152743507226567,0,STOP,True,-1.0318983970384576,0.0,14.612601106874886,False,,,,,,,,,,,,,,,,False,,,,,,,,,,,,,,,,True,11.0,0.9976201640297492,1.0,0.009847597118279454,0.020515827329748864,14470.25,2023-06-07 10:11:00-05:00,0.0,STOP,1.148375505315167,1.7562204243626927,0.0009713516271438144,1.1465729875177517,,True,False,,False,,True,11.0,False,,,,,,,,,,,,,,,,False,,,,,,,,,,,,,,,,False,,,,,,,,,,,,,,,,False,,False,,True,15.0,,,,,,,,,,,,,,,0.9976201640297492,1.0,0.009847597118279454,0.020515827329748864,14470.25,2023-06-07 10:11:00-05:00,0.0,STOP,1.148375505315167,1.7562204243626927,0.0009713516271438144,1.1465729875177517,,True,,,,,,,,,,,,,,,0.997626008557571,1.0,0.025377149901827743,0.01882820799167865,14471.0,2023-06-07 10:15:00-05:00,0.0,STOP,0.8655249441548771,0.9501700235417211,0.000597696943688225,0.8406132484813422,,True,,,,,,,,,,,,,,,,,,,,,,,,,,,,,False,,,,,,,,,B1,10,4,2018-01-01,2022-12-31,2023-01-01,2023-12-31,B1,10,unfilled_1m,-1.0318983970384576
3805,2023-06-09 14:45:00+00:00,2023-06-09 10:00:00-05:00,2023-06-09 10:00:00-05:00,S,Short,A+,68.69678577578517,14252.248121095514,14274.654063466049,14185.030293983911,-1.032357487491953,True,0.18959796581019456,2.3543700163157637,1,STOP,True,-1.032357487491953,0.0,15.442415819095364,False,,,,,,,,,,,,,,,,False,,,,,,,,,,,,,,,,False,,,,,,,,,,,,,,,,False,,False,,False,,False,,,,,,,,,,,,,,,,False,,,,,,,,,,,,,,,,False,,,,,,,,,,,,,,,,False,,False,,False,,,,,,,,,,,,,,,,,,,,,,,,,,,,,,,,,,,,,,,,,,,,,,,,,,,,,,,,,,,,,,,,,,,,,,,,,,,,,,,,,,,,,,False,,,,,,,,,B1,10,4,2018-01-01,2022-12-31,2023-01-01,2023-12-31,B1,10,unfilled_1m,-1.032357487491953
3809,2023-06-13 15:15:00+00:00,2023-06-13 10:30:00-05:00,2023-06-13 10:30:00-05:00,L,Long,A,48.663241534277574,14568.75,14537.55384667212,14662.338459983635,-1.023240044770265,True,0.09616570249764782,1.2581679410108924,1,STOP,True,2.9767599552297352,10.946862467648911,0.0,False,,,,,,,,,,,,,,,,False,,,,,,,,,,,,,,,,False,,,,,,,,,,,,,,,,False,,False,,False,,False,,,,,,,,,,,,,,,,False,,,,,,,,,,,,,,,,False,,,,,,,,,,,,,,,,False,,False,,False,,,,,,,,,,,,,,,,,,,,,,,,,,,,,,,,,,,,,,,,,,,,,,,,,,,,,,,,,,,,,,,,,,,,,,,,,,,,,,,,,,,,,,False,,,,,,,,,B1,10,4,2018-01-01,2022-12-31,2023-01-01,2023-12-31,B1,10,unfilled_1m,-1.023240044770265
3813,2023-06-15 15:30:00+00:00,2023-06-15 10:45:00-05:00,2023-06-15 10:45:00-05:00,L,Long,A,49.39450490835903,14774.77736525926,14747.760892917982,14855.826782283097,-0.0093411625349358,True,0.7947978725531738,0.8523453753833454,0,TIME,True,2.973164520117888,20.1533578426835,0.0,False,,,,,,,,,,,,,,,,False,,,,,,,,,,,,,,,,False,,,,,,,,,,,,,,,,False,,False,,False,,False,,,,,,,,,,,,,,,,False,,,,,,,,,,,,,,,,False,,,,,,,,,,,,,,,,False,,False,,False,,,,,,,,,,,,,,,,,,,,,,,,,,,,,,,,,,,,,,,,,,,,,,,,,,,,,,,,,,,,,,,,,,,,,,,,,,,,,,,,,,,,,,False,,,,,,,,,B1,10,4,2018-01-01,2022-12-31,2023-01-01,2023-12-31,B1,10,unfilled_1m,-0.0093411625349358
3824,2023-06-22 14:45:00+00:00,2023-06-22 10:00:00-05:00,2023-06-22 10:00:00-05:00,S,Short,B,44.637887249946246,14559.25,14583.450585105542,14486.648244683372,-1.0299579533651018,True,0.09297295871928124,2.592912515393288,1,STOP,True,-1.0299579533651018,0.0,22.08624286020259,False,,,,,,,,,,,,,,,,False,,,,,,,,,,,,,,,,False,,,,,,,,,,,,,,,,False,,False,,False,,False,,,,,,,,,,,,,,,,False,,,,,,,,,,,,,,,,False,,,,,,,,,,,,,,,,False,,False,,False,,,,,,,,,,,,,,,,,,,,,,,,,,,,,,,,,,,,,,,,,,,,,,,,,,,,,,,,,,,,,,,,,,,,,,,,,,,,,,,,,,,,,,False,,,,,,,,,B1,10,4,2018-01-01,2022-12-31,2023-01-01,2023-12-31,B1,10,unfilled_1m,-1.0299579533651018
3829,2023-06-23 16:30:00+00:00,2023-06-23 11:45:00-05:00,2023-06-23 11:45:00-05:00,L,Long,A,47.65286260650751,14592.9008828049,14567.82330612791,14668.133612835873,0.5632169877107013,True,1.559126613337117,0.4845317775879604,0,TIME,True,2.9710897105674015,20.96889679446456,0.0,False,,,,,,,,,,,,,,,,False,,,,,,,,,,,,,,,,True,15.0,2.998701128141036,3.0,0.011197171197965186,0.014332379133395438,15126.0,2023-06-23 12:00:00-05:00,0.0,TARGET,1.3976535742913359,1.4891304347826086,0.0005777433383039698,1.4287842669845052,,True,False,,False,,True,15.0,False,,,,,,,,,,,,,,,,False,,,,,,,,,,,,,,,,False,,,,,,,,,,,,,,,,False,,False,,False,,,,,,,,,,,,,,,,2.998701128141036,3.0,0.011197171197965186,0.014332379133395438,15126.0,2023-06-23 12:00:00-05:00,0.0,TARGET,1.3976535742913359,1.4891304347826086,0.0005777433383039698,1.4287842669845052,,True,,,,,,,,,,,,,,,,,,,,,,,,,,,,,,,,,,,,,,,,,,,,,,,,,,,,,,,,,False,,,,,,,,,B1,10,4,2018-01-01,2022-12-31,2023-01-01,2023-12-31,B1,10,unfilled_1m,0.5632169877107013
3836,2023-06-29 15:15:00+00:00,2023-06-29 10:30:00-05:00,2023-06-29 10:30:00-05:00,L,Long,A,61.96330572981439,14595.812909673308,14569.272110162769,14675.435308204926,-1.027316434070198,True,0.7794448813976619,1.1892222636614305,0,STOP,True,2.972683565929802,20.32482443162549,0.0,False,,,,,,,,,,,,,,,,False,,,,,,,,,,,,,,,,False,,,,,,,,,,,,,,,,False,,False,,False,,False,,,,,,,,,,,,,,,,False,,,,,,,,,,,,,,,,False,,,,,,,,,,,,,,,,False,,False,,False,,,,,,,,,,,,,,,,,,,,,,,,,,,,,,,,,,,,,,,,,,,,,,,,,,,,,,,,,,,,,,,,,,,,,,,,,,,,,,,,,,,,,,False,,,,,,,,,B1,10,4,2018-01-01,2022-12-31,2023-01-01,2023-12-31,B1,10,unfilled_1m,-1.027316434070198
3837,2023-06-29 20:00:00+00:00,2023-06-29 15:15:00-05:00,2023-06-29 15:15:00-05:00,L,Long,B,44.883802196502046,14586.782447057663,14564.672547906068,14653.112144512455,-0.3734728503755969,True,0.24728981823248464,0.4989822423892529,0,TIME,True,2.967209257942378,23.86793125215384,0.0,False,,,,,,,,,,,,,,,,False,,,,,,,,,,,,,,,,True,12.0,2.998678399928337,3.0,0.0,0.005924414114350998,15113.25,2023-06-29 15:27:00-05:00,0.0,TARGET,0.15965939329430548,0.4411764705882353,1.5847872677993646e-05,0.14566642388929352,,True,False,,False,,True,12.0,False,,,,,,,,,,,,,,,,False,,,,,,,,,,,,,,,,True,12.0,2.998678399928337,3.0,0.0,0.005924414114350998,15113.25,2023-06-29 15:27:00-05:00,0.0,TARGET,0.15965939329430548,0.4411764705882353,1.5847872677993646e-05,0.14566642388929352,,True,False,,False,,False,,,,,,,,,,,,,,,,2.998678399928337,3.0,0.0,0.005924414114350998,15113.25,2023-06-29 15:27:00-05:00,0.0,TARGET,0.15965939329430548,0.4411764705882353,1.5847872677993646e-05,0.14566642388929352,,True,,,,,,,,,,,,,,,,,,,,,,,,,,,,,,,,,,,,,,,,,,,,,,,,,,,,,,,,,False,,,,,,,,,B1,10,4,2018-01-01,2022-12-31,2023-01-01,2023-12-31,B1,10,unfilled_1m,-0.3734728503755969
3845,2023-07-06 15:00:00+00:00,2023-07-06 10:15:00-05:00,2023-07-06 10:15:00-05:00,S,Short,A,46.671237793034024,14593.356823127924,14617.563769201304,14520.735984907784,-1.0299500811792723,True,0.07670621160948743,1.1419522639609014,1,STOP,True,-1.0299500811792723,0.0,21.859146348657514,False,,,,,,,,,,,,,,,,False,,,,,,,,,,,,,,,,False,,,,,,,,,,,,,,,,False,,False,,False,,False,,,,,,,,,,,,,,,,False,,,,,,,,,,,,,,,,False,,,,,,,,,,,,,,,,False,,False,,False,,,,,,,,,,,,,,,,,,,,,,,,,,,,,,,,,,,,,,,,,,,,,,,,,,,,,,,,,,,,,,,,,,,,,,,,,,,,,,,,,,,,,,False,,,,,,,,,B1,10,4,2018-01-01,2022-12-31,2023-01-01,2023-12-31,B1,10,unfilled_1m,-1.0299500811792723
3856,2023-07-14 18:30:00+00:00,2023-07-14 13:45:00-05:00,2023-07-14 13:45:00-05:00,S,Short,B,42.92160004732039,15190.03020618083,15211.971627421475,15124.205942458895,1.403974967846053,True,2.177625854624312,0.830383484248449,0,TIME,True,-1.0330425268285266,0.0,23.9145763651432,False,,,,,,,,,,,,,,,,False,,,,,,,,,,,,,,,,True,12.0,0.9985052420827554,1.0,0.0036080363519696563,0.018555615524415377,15697.0,2023-07-14 13:57:00-05:00,0.0,STOP,2.1415259501891906,1.6138917262512769,0.0017721093158790616,2.1976238771370618,,True,False,,False,,True,12.0,False,,,,,,,,,,,,,,,,False,,,,,,,,,,,,,,,,False,,,,,,,,,,,,,,,,False,,False,,True,13.0,,,,,,,,,,,,,,,0.9985052420827554,1.0,0.0036080363519696563,0.018555615524415377,15697.0,2023-07-14 13:57:00-05:00,0.0,STOP,2.1415259501891906,1.6138917262512769,0.0017721093158790616,2.1976238771370618,,True,,,,,,,,,,,,,,,0.9985151912500826,1.0,0.010240060344257621,0.005632033189341692,15700.25,2023-07-14 13:58:00-05:00,0.0,STOP,1.3624866505536508,0.979948253557568,-0.00028209731886982717,1.368950132715875,,True,,,,,,,,,,,,,,,,,,,,,,,,,,,,,False,,,,,,,,,B1,10,4,2018-01-01,2022-12-31,2023-01-01,2023-12-31,B1,10,unfilled_1m,1.403974967846053
3861,2023-07-18 16:30:00+00:00,2023-07-18 11:45:00-05:00,2023-07-18 11:45:00-05:00,L,Long,B,44.49352582050484,15387.798391265904,15366.782809235505,15450.845137357108,1.5215666493481934,True,1.948630719570836,0.7755384191752683,0,TIME,True,2.965501788199285,25.550165965301275,0.0,False,,,,,,,,,,,,,,,,False,,,,,,,,,,,,,,,,True,15.0,2.998687110774302,3.0,0.0,0.010412569721054211,15919.0,2023-07-18 12:00:00-05:00,0.0,TARGET,1.4613670518733481,1.4745869065049153,0.001125418227195938,1.4851485148514851,,True,False,,False,,True,15.0,False,,,,,,,,,,,,,,,,False,,,,,,,,,,,,,,,,True,15.0,2.998687110774302,3.0,0.0,0.010412569721054211,15919.0,2023-07-18 12:00:00-05:00,0.0,TARGET,1.4613670518733481,1.4745869065049153,0.001125418227195938,1.4851485148514851,,True,False,,False,,False,,,,,,,,,,,,,,,,2.998687110774302,3.0,0.0,0.010412569721054211,15919.0,2023-07-18 12:00:00-05:00,0.0,TARGET,1.4613670518733481,1.4745869065049153,0.001125418227195938,1.4851485148514851,,True,,,,,,,,,,,,,,,,,,,,,,,,,,,,,,,,,,,,,,,,,,,,,,,,,,,,,,,,,False,,,,,,,,,B1,10,4,2018-01-01,2022-12-31,2023-01-01,2023-12-31,B1,10,unfilled_1m,1.5215666493481934
3866,2023-07-20 16:30:00+00:00,2023-07-20 11:45:00-05:00,2023-07-20 11:45:00-05:00,S,Short,A,47.46013972231955,15184.730024386836,15211.14592597852,15105.482319611783,0.4449980382473879,True,1.087603400062613,0.25628410181900646,0,TIME,True,-1.0274455898271597,0.0,19.875148829992224,False,,,,,,,,,,,,,,,,False,,,,,,,,,,,,,,,,True,15.0,0.9984859688173657,1.0,0.009397434926695744,0.01618447126264267,15690.0,2023-07-20 12:00:00-05:00,0.0,STOP,1.0659946747812858,0.9262931746818708,0.00022076260131193956,1.0411442370205257,,True,False,,False,,True,15.0,False,,,,,,,,,,,,,,,,False,,,,,,,,,,,,,,,,False,,,,,,,,,,,,,,,,False,,False,,False,,,,,,,,,,,,,,,,0.9984859688173657,1.0,0.009397434926695744,0.01618447126264267,15690.0,2023-07-20 12:00:00-05:00,0.0,STOP,1.0659946747812858,0.9262931746818708,0.00022076260131193956,1.0411442370205257,,True,,,,,,,,,,,,,,,,,,,,,,,,,,,,,,,,,,,,,,,,,,,,,,,,,,,,,,,,,False,,,,,,,,,B1,10,4,2018-01-01,2022-12-31,2023-01-01,2023-12-31,B1,10,unfilled_1m,0.4449980382473879
3871,2023-07-24 15:30:00+00:00,2023-07-24 10:45:00-05:00,2023-07-24 10:45:00-05:00,S,Short,B,44.109530405919806,15028.125567912002,15052.01446995341,14956.45886178778,-1.030348820500135,True,0.8215349486545697,1.2819522653202982,0,STOP,True,-1.030348820500135,0.0,21.416824900582217,False,,,,,,,,,,,,,,,,False,,,,,,,,,,,,,,,,True,12.0,0.9985535742050596,1.0,0.004488907639470137,0.016459328011390502,15553.25,2023-07-24 10:57:00-05:00,0.0,STOP,0.9760326364099949,1.1619718309859155,0.0002666327304992582,0.9084868046326181,,True,False,,False,,True,12.0,False,,,,,,,,,,,,,,,,False,,,,,,,,,,,,,,,,False,,,,,,,,,,,,,,,,False,,False,,False,,,,,,,,,,,,,,,,0.9985535742050596,1.0,0.004488907639470137,0.016459328011390502,15553.25,2023-07-24 10:57:00-05:00,0.0,STOP,0.9760326364099949,1.1619718309859155,0.0002666327304992582,0.9084868046326181,,True,,,,,,,,,,,,,,,,,,,,,,,,,,,,,,,,,,,,,,,,,,,,,,,,,,,,,,,,,False,,,,,,,,,B1,10,4,2018-01-01,2022-12-31,2023-01-01,2023-12-31,B1,10,unfilled_1m,-1.030348820500135
3878,2023-07-26 18:45:00+00:00,2023-07-26 14:00:00-05:00,2023-07-26 14:00:00-05:00,L,Long,B,41.76143634994393,15108.75,15081.322709356433,15191.031871930709,-1.0264335259877388,True,0.519555510793488,3.728038665167309,0,STOP,True,2.973566474012261,19.58815425781063,0.0,False,,,,,,,,,,,,,,,,False,,,,,,,,,,,,,,,,False,,,,,,,,,,,,,,,,False,,False,,False,,False,,,,,,,,,,,,,,,,False,,,,,,,,,,,,,,,,False,,,,,,,,,,,,,,,,False,,False,,False,,,,,,,,,,,,,,,,,,,,,,,,,,,,,,,,,,,,,,,,,,,,,,,,,,,,,,,,,,,,,,,,,,,,,,,,,,,,,,,,,,,,,,False,,,,,,,,,B1,10,4,2018-01-01,2022-12-31,2023-01-01,2023-12-31,B1,10,unfilled_1m,-1.0264335259877388
3887,2023-07-28 18:15:00+00:00,2023-07-28 13:30:00-05:00,2023-07-28 13:30:00-05:00,RL,Long,A,47.11032891721824,15318.26942007054,15293.10292315071,15381.185662370115,1.0631427971359306,True,1.598576872165353,0.8252805361311051,0,TIME,True,2.471191858671886,21.52586359775017,0.0,False,,,,,,,,,,,,,,,,False,,,,,,,,,,,,,,,,True,14.0,2.498715443382437,2.5,0.017718022311214533,0.007530159482266177,15857.5,2023-07-28 13:44:00-05:00,0.0,TARGET,1.1072826023477196,0.8652792990142388,0.0004715333700832949,1.1201039758964968,,True,False,,False,,True,14.0,False,,,,,,,,,,,,,,,,False,,,,,,,,,,,,,,,,False,,,,,,,,,,,,,,,,False,,False,,True,15.0,,,,,,,,,,,,,,,2.498715443382437,2.5,0.017718022311214533,0.007530159482266177,15857.5,2023-07-28 13:44:00-05:00,0.0,TARGET,1.1072826023477196,0.8652792990142388,0.0004715333700832949,1.1201039758964968,,True,,,,,,,,,,,,,,,2.4987378069471093,2.5,0.003917150853799262,0.010445735610131365,15867.5,2023-07-28 13:45:00-05:00,0.0,TARGET,2.227693625220789,1.5305972344807297,0.0014048201956305024,2.4306488349004263,,True,,,,,,,,,,,,,,,,,,,,,,,,,,,,,False,,,,,,,,,B1,10,4,2018-01-01,2022-12-31,2023-01-01,2023-12-31,B1,10,unfilled_1m,1.0631427971359306
3899,2023-08-08 15:00:00+00:00,2023-08-08 10:15:00-05:00,2023-08-08 10:15:00-05:00,S,Short,B,40.73329836325248,14718.25,14742.224507296396,14646.32647811081,-1.0302404546227728,True,0.6882310362424156,1.230473670857652,0,STOP,True,-1.0302404546227728,0.0,22.002537673810558,False,,,,,,,,,,,,,,,,False,,,,,,,,,,,,,,,,False,,,,,,,,,,,,,,,,False,,False,,False,,False,,,,,,,,,,,,,,,,False,,,,,,,,,,,,,,,,False,,,,,,,,,,,,,,,,False,,False,,False,,,,,,,,,,,,,,,,,,,,,,,,,,,,,,,,,,,,,,,,,,,,,,,,,,,,,,,,,,,,,,,,,,,,,,,,,,,,,,,,,,,,,,False,,,,,,,,,B1,10,4,2018-01-01,2022-12-31,2023-01-01,2023-12-31,B1,10,unfilled_1m,-1.0302404546227728
3909,2023-08-14 14:45:00+00:00,2023-08-14 10:00:00-05:00,2023-08-14 10:00:00-05:00,L,Long,A+,67.57385133065108,14692.397441825684,14666.031329111096,14771.49577996945,-0.1468719286609655,True,1.1796414022423418,0.7736234023758235,0,TIME,True,2.9725025828476084,20.532133956735912,0.0,False,,,,,,,,,,,,,,,,False,,,,,,,,,,,,,,,,False,,,,,,,,,,,,,,,,False,,False,,False,,False,,,,,,,,,,,,,,,,False,,,,,,,,,,,,,,,,False,,,,,,,,,,,,,,,,False,,False,,False,,,,,,,,,,,,,,,,,,,,,,,,,,,,,,,,,,,,,,,,,,,,,,,,,,,,,,,,,,,,,,,,,,,,,,,,,,,,,,,,,,,,,,False,,,,,,,,,B1,10,4,2018-01-01,2022-12-31,2023-01-01,2023-12-31,B1,10,unfilled_1m,-0.1468719286609655
3928,2023-08-23 14:45:00+00:00,2023-08-23 10:00:00-05:00,2023-08-23 10:00:00-05:00,L,Long,A,52.88439736487618,14643.602264048508,14620.18917513925,14713.84153077628,1.406167980615078,True,1.714756054064166,0.025723391340724315,0,TIME,True,2.969034414775005,23.177109951388275,0.0,False,,,,,,,,,,,,,,,,False,,,,,,,,,,,,,,,,True,14.0,2.998724289652273,3.0,0.007038401918492579,0.009677802637927297,15188.5,2023-08-23 10:14:00-05:00,0.0,TARGET,1.235152386185907,1.285186488388459,0.000447430555491172,1.2536468165436758,,True,False,,False,,True,14.0,False,,,,,,,,,,,,,,,,False,,,,,,,,,,,,,,,,False,,,,,,,,,,,,,,,,False,,False,,True,15.0,,,,,,,,,,,,,,,2.998724289652273,3.0,0.007038401918492579,0.009677802637927297,15188.5,2023-08-23 10:14:00-05:00,0.0,TARGET,1.235152386185907,1.285186488388459,0.000447430555491172,1.2536468165436758,,True,,,,,,,,,,,,,,,2.998723728220164,3.0,0.003080656020293219,0.01496318638428135,15188.25,2023-08-23 10:15:00-05:00,0.0,TARGET,1.2017421455452661,1.2197424892703863,-1.978046129543186e-05,1.2013357568584353,,True,,,,,,,,,,,,,,,,,,,,,,,,,,,,,False,,,,,,,,,B1,10,4,2018-01-01,2022-12-31,2023-01-01,2023-12-31,B1,10,unfilled_1m,1.406167980615078
3930,2023-08-23 22:15:00+00:00,2023-08-23 17:30:00-05:00,2023-08-23 17:30:00-05:00,RS,Short,B,42.17315637280114,14792.856735408051,14818.644649530548,14728.386950101809,-0.5668649477623305,True,0.45008430510965874,0.6066122493521796,0,TIME,True,-1.0281139450269663,0.0,20.237901449216608,False,,,,,,,,,,,,,,,,False,,,,,,,,,,,,,,,,False,,,,,,,,,,,,,,,,False,,False,,False,,False,,,,,,,,,,,,,,,,False,,,,,,,,,,,,,,,,False,,,,,,,,,,,,,,,,False,,False,,False,,,,,,,,,,,,,,,,,,,,,,,,,,,,,,,,,,,,,,,,,,,,,,,,,,,,,,,,,,,,,,,,,,,,,,,,,,,,,,,,,,,,,,False,,,,,,,,,B1,10,4,2018-01-01,2022-12-31,2023-01-01,2023-12-31,B1,10,unfilled_1m,-0.5668649477623305
3931,2023-08-24 15:45:00+00:00,2023-08-24 11:00:00-05:00,2023-08-24 11:00:00-05:00,S,Short,A,59.77591575790372,14436.980073548606,14467.2795613351,14346.081610189129,-1.0239277972323726,True,0.34588286186399525,1.1557926885814591,1,STOP,True,-1.0239277972323726,0.0,17.360687090091748,False,,,,,,,,,,,,,,,,False,,,,,,,,,,,,,,,,False,,,,,,,,,,,,,,,,False,,False,,False,,False,,,,,,,,,,,,,,,,False,,,,,,,,,,,,,,,,False,,,,,,,,,,,,,,,,False,,False,,False,,,,,,,,,,,,,,,,,,,,,,,,,,,,,,,,,,,,,,,,,,,,,,,,,,,,,,,,,,,,,,,,,,,,,,,,,,,,,,,,,,,,,,False,,,,,,,,,B1,10,4,2018-01-01,2022-12-31,2023-01-01,2023-12-31,B1,10,unfilled_1m,-1.0239277972323726
3934,2023-08-25 14:45:00+00:00,2023-08-25 10:00:00-05:00,2023-08-25 10:00:00-05:00,S,Short,A+,100.0,14298.453246118175,14332.36813922373,14196.70856680152,-1.0213770392182435,True,2.062611428567855,1.2397725610091228,0,STOP,True,-1.0213770392182437,0.0,14.124967234626437,False,,,,,,,,,,,,,,,,False,,,,,,,,,,,,,,,,False,,,,,,,,,,,,,,,,False,,False,,False,,False,,,,,,,,,,,,,,,,False,,,,,,,,,,,,,,,,False,,,,,,,,,,,,,,,,False,,False,,False,,,,,,,,,,,,,,,,,,,,,,,,,,,,,,,,,,,,,,,,,,,,,,,,,,,,,,,,,,,,,,,,,,,,,,,,,,,,,,,,,,,,,,False,,,,,,,,,B1,10,4,2018-01-01,2022-12-31,2023-01-01,2023-12-31,B1,10,unfilled_1m,-1.0213770392182435
3952,2023-09-06 15:00:00+00:00,2023-09-06 10:15:00-05:00,2023-09-06 10:15:00-05:00,S,Short,B,44.46710864364057,14847.912943857433,14869.438870564596,14783.335163735945,-1.0336803153640182,True,0.6927898649989409,1.2002761364958698,0,STOP,True,-1.0336803153640182,0.0,23.917068154433597,False,,,,,,,,,,,,,,,,False,,,,,,,,,,,,,,,,False,,,,,,,,,,,,,,,,False,,False,,False,,False,,,,,,,,,,,,,,,,False,,,,,,,,,,,,,,,,False,,,,,,,,,,,,,,,,False,,False,,False,,,,,,,,,,,,,,,,,,,,,,,,,,,,,,,,,,,,,,,,,,,,,,,,,,,,,,,,,,,,,,,,,,,,,,,,,,,,,,,,,,,,,,False,,,,,,,,,B1,10,4,2018-01-01,2022-12-31,2023-01-01,2023-12-31,B1,10,unfilled_1m,-1.0336803153640182
3962,2023-09-12 15:00:00+00:00,2023-09-12 10:15:00-05:00,2023-09-12 10:15:00-05:00,S,Short,A,46.86043401087768,14820.685690193755,14841.142490630087,14759.315288884762,-1.0354405373536508,True,0.8156549332182527,1.1396850587073133,0,STOP,True,-1.0354405373536508,0.0,25.471447083231077,False,,,,,,,,,,,,,,,,False,,,,,,,,,,,,,,,,False,,,,,,,,,,,,,,,,False,,False,,False,,False,,,,,,,,,,,,,,,,False,,,,,,,,,,,,,,,,False,,,,,,,,,,,,,,,,False,,False,,False,,,,,,,,,,,,,,,,,,,,,,,,,,,,,,,,,,,,,,,,,,,,,,,,,,,,,,,,,,,,,,,,,,,,,,,,,,,,,,,,,,,,,,False,,,,,,,,,B1,10,4,2018-01-01,2022-12-31,2023-01-01,2023-12-31,B1,10,unfilled_1m,-1.0354405373536508
3963,2023-09-12 17:45:00+00:00,2023-09-12 13:00:00-05:00,2023-09-12 13:00:00-05:00,S,Short,A,46.58021538481114,14839.217126397249,14860.620174702122,14775.00798148263,2.5109566465357687,True,2.755080750989162,0.0,0,TIME,True,-1.0338736795653034,0.0,23.689750468268368,False,,,,,,,,,,,,,,,,False,,,,,,,,,,,,,,,,False,,,,,,,,,,,,,,,,False,,False,,False,,False,,,,,,,,,,,,,,,,False,,,,,,,,,,,,,,,,False,,,,,,,,,,,,,,,,False,,False,,False,,,,,,,,,,,,,,,,,,,,,,,,,,,,,,,,,,,,,,,,,,,,,,,,,,,,,,,,,,,,,,,,,,,,,,,,,,,,,,,,,,,,,,False,,,,,,,,,B1,10,4,2018-01-01,2022-12-31,2023-01-01,2023-12-31,B1,10,unfilled_1m,2.5109566465357687
3981,2023-09-22 14:45:00+00:00,2023-09-22 10:00:00-05:00,2023-09-22 10:00:00-05:00,L,Long,A,62.721070178117785,14288.377769628409,14268.51026685913,14347.980277936247,-1.0364917528095714,True,0.5724036132601512,1.1137670338028036,0,STOP,True,2.9635082471904286,36.686655531698065,0.0,False,,,,,,,,,,,,,,,,False,,,,,,,,,,,,,,,,False,,,,,,,,,,,,,,,,False,,False,,False,,False,,,,,,,,,,,,,,,,False,,,,,,,,,,,,,,,,False,,,,,,,,,,,,,,,,False,,False,,False,,,,,,,,,,,,,,,,,,,,,,,,,,,,,,,,,,,,,,,,,,,,,,,,,,,,,,,,,,,,,,,,,,,,,,,,,,,,,,,,,,,,,,False,,,,,,,,,B1,10,4,2018-01-01,2022-12-31,2023-01-01,2023-12-31,B1,10,unfilled_1m,-1.0364917528095714
3990,2023-09-26 17:30:00+00:00,2023-09-26 12:45:00-05:00,2023-09-26 12:45:00-05:00,S,Short,A,60.550441944871146,14018.096818551756,14042.360046494878,13945.307134722389,1.4784437848025436,True,1.786523155672858,0.2123864747231612,0,TIME,True,-1.029880607877054,0.0,28.660785905256198,False,,,,,,,,,,,,,,,,False,,,,,,,,,,,,,,,,False,,,,,,,,,,,,,,,,False,,False,,False,,False,,,,,,,,,,,,,,,,False,,,,,,,,,,,,,,,,False,,,,,,,,,,,,,,,,False,,False,,False,,,,,,,,,,,,,,,,,,,,,,,,,,,,,,,,,,,,,,,,,,,,,,,,,,,,,,,,,,,,,,,,,,,,,,,,,,,,,,,,,,,,,,False,,,,,,,,,B1,10,4,2018-01-01,2022-12-31,2023-01-01,2023-12-31,B1,10,unfilled_1m,1.4784437848025436
4000,2023-10-02 15:15:00+00:00,2023-10-02 10:30:00-05:00,2023-10-02 10:30:00-05:00,L,Long,A+,92.68238583210216,14274.892016089949,14244.478868320668,14366.131459397782,-1.023838374294564,True,1.737997799867366,2.733752412630152,0,STOP,True,2.976161625705436,25.329768222418608,0.0,False,,,,,,,,,,,,,,,,False,,,,,,,,,,,,,,,,False,,,,,,,,,,,,,,,,False,,False,,False,,False,,,,,,,,,,,,,,,,False,,,,,,,,,,,,,,,,False,,,,,,,,,,,,,,,,False,,False,,False,,,,,,,,,,,,,,,,,,,,,,,,,,,,,,,,,,,,,,,,,,,,,,,,,,,,,,,,,,,,,,,,,,,,,,,,,,,,,,,,,,,,,,False,,,,,,,,,B1,10,4,2018-01-01,2022-12-31,2023-01-01,2023-12-31,B1,10,unfilled_1m,-1.023838374294564
4002,2023-10-02 18:30:00+00:00,2023-10-02 13:45:00-05:00,2023-10-02 13:45:00-05:00,RS,Short,A,54.140707697686565,14171.624088280752,14203.934009182654,14090.849286025998,-1.0224389283465354,True,0.6615332902128588,1.3192824534812901,0,STOP,True,-1.0224389283465354,0.0,22.15653556976388,False,,,,,,,,,,,,,,,,False,,,,,,,,,,,,,,,,False,,,,,,,,,,,,,,,,False,,False,,False,,False,,,,,,,,,,,,,,,,False,,,,,,,,,,,,,,,,False,,,,,,,,,,,,,,,,False,,False,,False,,,,,,,,,,,,,,,,,,,,,,,,,,,,,,,,,,,,,,,,,,,,,,,,,,,,,,,,,,,,,,,,,,,,,,,,,,,,,,,,,,,,,,False,,,,,,,,,B1,10,4,2018-01-01,2022-12-31,2023-01-01,2023-12-31,B1,10,unfilled_1m,-1.0224389283465354
4015,2023-10-11 15:00:00+00:00,2023-10-11 10:15:00-05:00,2023-10-11 10:15:00-05:00,L,Long,A,47.459327798092104,14652.073295573946,14630.857487112537,14715.72072095818,-1.0341726312866533,True,0.07903089948723781,2.7136979332496005,1,STOP,True,2.9658273687133465,33.89815220731309,0.0,False,,,,,,,,,,,,,,,,False,,,,,,,,,,,,,,,,False,,,,,,,,,,,,,,,,False,,False,,False,,False,,,,,,,,,,,,,,,,False,,,,,,,,,,,,,,,,False,,,,,,,,,,,,,,,,False,,False,,False,,,,,,,,,,,,,,,,,,,,,,,,,,,,,,,,,,,,,,,,,,,,,,,,,,,,,,,,,,,,,,,,,,,,,,,,,,,,,,,,,,,,,,False,,,,,,,,,B1,10,4,2018-01-01,2022-12-31,2023-01-01,2023-12-31,B1,10,unfilled_1m,-1.0341726312866533
4027,2023-10-18 17:15:00+00:00,2023-10-18 12:30:00-05:00,2023-10-18 12:30:00-05:00,L,Long,B,43.156954082498885,14428.75,14398.691612346624,14518.925162960122,-1.0241197235314303,True,0.008317146045320807,2.5450466898681667,1,STOP,True,2.9758802764685695,23.878526296116036,0.0,False,,,,,,,,,,,,,,,,False,,,,,,,,,,,,,,,,True,12.0,2.998939761469601,3.0,0.002193596959445827,0.010236785810747192,15082.5,2023-10-18 12:42:00-05:00,0.0,TARGET,0.6882099922796956,0.5830685853111568,0.0003880711778145604,0.6876790830945559,,True,False,,False,,True,12.0,False,,,,,,,,,,,,,,,,False,,,,,,,,,,,,,,,,True,12.0,2.998939761469601,3.0,0.002193596959445827,0.010236785810747192,15082.5,2023-10-18 12:42:00-05:00,0.0,TARGET,0.6882099922796956,0.5830685853111568,0.0003880711778145604,0.6876790830945559,,True,False,,False,,True,14.0,,,,,,,,,,,,,,,2.998939761469601,3.0,0.002193596959445827,0.010236785810747192,15082.5,2023-10-18 12:42:00-05:00,0.0,TARGET,0.6882099922796956,0.5830685853111568,0.0003880711778145604,0.6876790830945559,,True,,,,,,,,,,,,,,,2.9989432386323855,3.0,0.0,0.02696563489775002,15084.75,2023-10-18 12:44:00-05:00,0.0,TARGET,0.6933917088521001,0.7948557089084065,0.00032191420881523764,0.6989959174666226,,True,,,,,,,,,,,,,,,,,,,,,,,,,,,,,False,,,,,,,,,B1,10,4,2018-01-01,2022-12-31,2023-01-01,2023-12-31,B1,10,unfilled_1m,-1.0241197235314303
4030,2023-10-19 17:45:00+00:00,2023-10-19 13:00:00-05:00,2023-10-19 13:00:00-05:00,RS,Short,A+,64.9326237068341,14290.214183377866,14337.258263424872,14172.603983260353,2.2954893212911007,True,2.342785389101903,0.24521292818581064,0,TIME,True,-1.01541107827543,0.0,14.917622279379604,False,,,,,,,,,,,,,,,,False,,,,,,,,,,,,,,,,False,,,,,,,,,,,,,,,,False,,False,,False,,False,,,,,,,,,,,,,,,,False,,,,,,,,,,,,,,,,False,,,,,,,,,,,,,,,,False,,False,,False,,,,,,,,,,,,,,,,,,,,,,,,,,,,,,,,,,,,,,,,,,,,,,,,,,,,,,,,,,,,,,,,,,,,,,,,,,,,,,,,,,,,,,False,,,,,,,,,B1,10,4,2018-01-01,2022-12-31,2023-01-01,2023-12-31,B1,10,unfilled_1m,2.2954893212911007
4039,2023-10-24 15:30:00+00:00,2023-10-24 10:45:00-05:00,2023-10-24 10:45:00-05:00,S,Short,A,52.856202314028856,14072.871273609491,14098.1561538291,13997.016632950672,-1.0286732621908066,True,0.15310626650661055,1.2904441748236486,1,STOP,True,-1.0286732621908066,0.0,28.688240564728773,False,,,,,,,,,,,,,,,,False,,,,,,,,,,,,,,,,False,,,,,,,,,,,,,,,,False,,False,,False,,False,,,,,,,,,,,,,,,,False,,,,,,,,,,,,,,,,False,,,,,,,,,,,,,,,,False,,False,,False,,,,,,,,,,,,,,,,,,,,,,,,,,,,,,,,,,,,,,,,,,,,,,,,,,,,,,,,,,,,,,,,,,,,,,,,,,,,,,,,,,,,,,False,,,,,,,,,B1,10,4,2018-01-01,2022-12-31,2023-01-01,2023-12-31,B1,10,unfilled_1m,-1.0286732621908066
4048,2023-10-26 20:45:00+00:00,2023-10-26 16:00:00-05:00,2023-10-26 16:00:00-05:00,RS,Short,B,39.435169597147315,13496.06928380557,13531.84123587392,13406.63940363469,-1.0202672752835715,True,0.0,1.8780276811862282,1,STOP,True,-1.0202672752835715,0.0,21.935641496306964,False,,,,,,,,,,,,,,,,False,,,,,,,,,,,,,,,,False,,,,,,,,,,,,,,,,False,,False,,False,,False,,,,,,,,,,,,,,,,False,,,,,,,,,,,,,,,,False,,,,,,,,,,,,,,,,False,,False,,False,,,,,,,,,,,,,,,,,,,,,,,,,,,,,,,,,,,,,,,,,,,,,,,,,,,,,,,,,,,,,,,,,,,,,,,,,,,,,,,,,,,,,,False,,,,,,,,,B1,10,4,2018-01-01,2022-12-31,2023-01-01,2023-12-31,B1,10,unfilled_1m,-1.0202672752835715
4056,2023-10-31 15:30:00+00:00,2023-10-31 10:45:00-05:00,2023-10-31 10:45:00-05:00,S,Short,B,38.90143349731447,13664.0,13691.129332063829,13582.61200380852,-1.0267238426030634,True,0.5621222064782292,1.2532560669022816,0,STOP,True,-1.0267238426030634,0.0,26.53032512214462,False,,,,,,,,,,,,,,,,False,,,,,,,,,,,,,,,,False,,,,,,,,,,,,,,,,False,,False,,False,,False,,,,,,,,,,,,,,,,False,,,,,,,,,,,,,,,,False,,,,,,,,,,,,,,,,False,,False,,False,,,,,,,,,,,,,,,,,,,,,,,,,,,,,,,,,,,,,,,,,,,,,,,,,,,,,,,,,,,,,,,,,,,,,,,,,,,,,,,,,,,,,,False,,,,,,,,,B1,10,4,2018-01-01,2022-12-31,2023-01-01,2023-12-31,B1,10,unfilled_1m,-1.0267238426030634
4065,2023-11-07 15:45:00+00:00,2023-11-07 10:00:00-06:00,2023-11-07 10:00:00-06:00,L,Long,A+,64.14970001210125,14651.212168838045,14630.28813585881,14713.984267775752,0.2539104754435959,True,1.626733775258976,0.6672790494977948,0,TIME,True,2.965350847959403,35.331995122336316,0.0,False,,,,,,,,,,,,,,,,False,,,,,,,,,,,,,,,,False,,,,,,,,,,,,,,,,False,,False,,False,,False,,,,,,,,,,,,,,,,False,,,,,,,,,,,,,,,,False,,,,,,,,,,,,,,,,False,,False,,False,,,,,,,,,,,,,,,,,,,,,,,,,,,,,,,,,,,,,,,,,,,,,,,,,,,,,,,,,,,,,,,,,,,,,,,,,,,,,,,,,,,,,,False,,,,,,,,,B1,10,4,2018-01-01,2022-12-31,2023-01-01,2023-12-31,B1,10,unfilled_1m,0.2539104754435959
4069,2023-11-08 20:30:00+00:00,2023-11-08 14:45:00-06:00,2023-11-08 14:45:00-06:00,RL,Long,B,40.04901696790837,14649.45717120362,14632.157228892698,14692.70702698092,0.0906262441921977,True,1.5053708462333917,0.0,0,TIME,True,2.4580923458026613,42.89279209491551,0.0,False,,,,,,,,,,,,,,,,False,,,,,,,,,,,,,,,,False,,,,,,,,,,,,,,,,False,,False,,False,,False,,,,,,,,,,,,,,,,False,,,,,,,,,,,,,,,,False,,,,,,,,,,,,,,,,False,,False,,False,,,,,,,,,,,,,,,,,,,,,,,,,,,,,,,,,,,,,,,,,,,,,,,,,,,,,,,,,,,,,,,,,,,,,,,,,,,,,,,,,,,,,,False,,,,,,,,,B1,10,4,2018-01-01,2022-12-31,2023-01-01,2023-12-31,B1,10,unfilled_1m,0.0906262441921977
4076,2023-11-15 16:45:00+00:00,2023-11-15 11:00:00-06:00,2023-11-15 11:00:00-06:00,S,Short,A,50.93504887182604,15184.66879303842,15206.462020092284,15119.28911187682,0.4792219625210521,True,0.8336898887674464,0.6805420291783156,0,TIME,True,-1.0332672163791115,0.0,32.85797028552576,False,,,,,,,,,,,,,,,,False,,,,,,,,,,,,,,,,True,11.0,0.9989377880479295,1.0,0.00732559966945141,0.004029079818198275,15889.0,2023-11-15 11:11:00-06:00,0.0,STOP,1.9127462152042978,1.9972802991670917,0.000962569649722229,1.9272563250912373,,True,False,,False,,True,11.0,False,,,,,,,,,,,,,,,,False,,,,,,,,,,,,,,,,False,,,,,,,,,,,,,,,,False,,False,,True,12.0,,,,,,,,,,,,,,,0.9989377880479295,1.0,0.00732559966945141,0.004029079818198275,15889.0,2023-11-15 11:11:00-06:00,0.0,STOP,1.9127462152042978,1.9972802991670917,0.000962569649722229,1.9272563250912373,,True,,,,,,,,,,,,,,,0.9989334909980337,1.0,0.0,0.01544599244226915,15886.25,2023-11-15 11:12:00-06:00,0.0,STOP,1.13675829062725,1.075837742504409,0.00019674525138304105,1.0923001790656033,,True,,,,,,,,,,,,,,,,,,,,,,,,,,,,,False,,,,,,,,,B1,10,4,2018-01-01,2022-12-31,2023-01-01,2023-12-31,B1,10,unfilled_1m,0.4792219625210521
4083,2023-11-20 18:15:00+00:00,2023-11-20 12:30:00-06:00,2023-11-20 12:30:00-06:00,L,Long,A,51.49749804051475,15354.25,15336.191183245604,15408.426450263189,-0.1232085152787446,True,0.38762229525897207,0.7198699769095195,0,TIME,True,2.959853405133892,39.8697217980657,0.0,False,,,,,,,,,,,,,,,,False,,,,,,,,,,,,,,,,False,,,,,,,,,,,,,,,,False,,False,,False,,False,,,,,,,,,,,,,,,,False,,,,,,,,,,,,,,,,False,,,,,,,,,,,,,,,,False,,False,,False,,,,,,,,,,,,,,,,,,,,,,,,,,,,,,,,,,,,,,,,,,,,,,,,,,,,,,,,,,,,,,,,,,,,,,,,,,,,,,,,,,,,,,False,,,,,,,,,B1,10,4,2018-01-01,2022-12-31,2023-01-01,2023-12-31,B1,10,unfilled_1m,-0.1232085152787446
4103,2023-11-30 19:45:00+00:00,2023-11-30 14:00:00-06:00,2023-11-30 14:00:00-06:00,L,Long,B,38.67944619346655,15201.263126346756,15181.06903214612,15261.845408948671,-1.035901585522821,True,0.3583658460411095,1.4367134300999436,1,STOP,True,2.964098414477179,35.88855565655712,0.0,False,,,,,,,,,,,,,,,,False,,,,,,,,,,,,,,,,False,,,,,,,,,,,,,,,,False,,False,,False,,False,,,,,,,,,,,,,,,,False,,,,,,,,,,,,,,,,False,,,,,,,,,,,,,,,,False,,False,,False,,,,,,,,,,,,,,,,,,,,,,,,,,,,,,,,,,,,,,,,,,,,,,,,,,,,,,,,,,,,,,,,,,,,,,,,,,,,,,,,,,,,,,False,,,,,,,,,B1,10,4,2018-01-01,2022-12-31,2023-01-01,2023-12-31,B1,10,unfilled_1m,-1.035901585522821
4112,2023-12-05 16:00:00+00:00,2023-12-05 10:15:00-06:00,2023-12-05 10:15:00-06:00,L,Long,A+,100.0,15919.5,15522.943540726345,17109.16937782097,-1.0018282390389706,True,0.004412990783721823,1.930998681505706,1,STOP,True,-0.07810993687187627,0.004412990783721823,0.21938868467645634,False,,,,,,,,,,,,,,,,False,,,,,,,,,,,,,,,,True,11.0,-0.04378550041147132,-0.041828983443932544,0.02968508502472632,0.16461728968257325,15893.5,2023-12-05 10:26:00-06:00,0.0,TIME,1.2292471369519549,1.4487275050580342,0.0012581061566371606,1.2768952814472418,,True,False,,False,,True,11.0,False,,,,,,,,,,,,,,,,False,,,,,,,,,,,,,,,,False,,,,,,,,,,,,,,,,False,,False,,True,15.0,,,,,,,,,,,,,,,-0.04378550041147132,-0.041828983443932544,0.02968508502472632,0.16461728968257325,15893.5,2023-12-05 10:26:00-06:00,0.0,TIME,1.2292471369519549,1.4487275050580342,0.0012581061566371606,1.2768952814472418,,True,,,,,,,,,,,,,,,-0.00955835032320057,-0.007564162126273833,0.04951087937197418,0.14853263811592254,15886.5,2023-12-05 10:30:00-06:00,0.0,TIME,0.6862504188540154,1.0056304831740213,0.0004214301783316695,0.6839738166273323,,True,,,,,,,,,,,,,,,,,,,,,,,,,,,,,False,,,,,,,,,B1,10,4,2018-01-01,2022-12-31,2023-01-01,2023-12-31,B1,10,unfilled_1m,-1.0018282390389706
4115,2023-12-05 20:00:00+00:00,2023-12-05 14:15:00-06:00,2023-12-05 14:15:00-06:00,RL,Long,A+,100.0,15572.67392840245,15131.667998456816,16675.188753266535,0.7677925592503768,True,0.7722709570810896,0.9074116723368836,0,TIME,True,0.7677925592503768,0.7722709570810896,0.0,False,,,,,,,,,,,,,,,,False,,,,,,,,,,,,,,,,False,,,,,,,,,,,,,,,,False,,False,,False,,False,,,,,,,,,,,,,,,,False,,,,,,,,,,,,,,,,False,,,,,,,,,,,,,,,,False,,False,,False,,,,,,,,,,,,,,,,,,,,,,,,,,,,,,,,,,,,,,,,,,,,,,,,,,,,,,,,,,,,,,,,,,,,,,,,,,,,,,,,,,,,,,False,,,,,,,,,B1,10,4,2018-01-01,2022-12-31,2023-01-01,2023-12-31,B1,10,unfilled_1m,0.7677925592503768
4116,2023-12-06 17:00:00+00:00,2023-12-06 11:15:00-06:00,2023-12-06 11:15:00-06:00,L,Long,A+,100.0,15909.25,15403.441367045729,17426.675898862813,-1.001433348410377,True,0.009390903378332482,1.4709120238903932,1,STOP,True,-0.05926154289800341,0.009390903378332482,0.1290013569339357,False,,,,,,,,,,,,,,,,False,,,,,,,,,,,,,,,,False,,,,,,,,,,,,,,,,False,,False,,False,,False,,,,,,,,,,,,,,,,False,,,,,,,,,,,,,,,,False,,,,,,,,,,,,,,,,False,,False,,False,,,,,,,,,,,,,,,,,,,,,,,,,,,,,,,,,,,,,,,,,,,,,,,,,,,,,,,,,,,,,,,,,,,,,,,,,,,,,,,,,,,,,,False,,,,,,,,,B1,10,4,2018-01-01,2022-12-31,2023-01-01,2023-12-31,B1,10,unfilled_1m,-1.001433348410377
4149,2023-12-18 17:15:00+00:00,2023-12-18 11:30:00-06:00,2023-12-18 11:30:00-06:00,RS,Short,A+,100.0,16241.550153320282,16642.93309039448,15238.09281063479,-1.001806255156945,True,0.0,1.2001004581584243,1,STOP,True,-1.001806255156945,0.0,1.7251601468841615,False,,,,,,,,,,,,,,,,False,,,,,,,,,,,,,,,,True,11.0,0.9974477843934487,1.0,0.00440037173543323,0.00880074347086646,16927.0,2023-12-18 11:41:00-06:00,0.0,STOP,1.2422731804586242,1.3426724137931034,0.0002568120334074577,1.258713001313264,,True,False,,False,,True,11.0,False,,,,,,,,,,,,,,,,False,,,,,,,,,,,,,,,,True,11.0,0.9974477843934487,1.0,0.00440037173543323,0.00880074347086646,16927.0,2023-12-18 11:41:00-06:00,0.0,STOP,1.2422731804586242,1.3426724137931034,0.0002568120334074577,1.258713001313264,,True,False,,False,,True,14.0,,,,,,,,,,,,,,,0.9974477843934487,1.0,0.00440037173543323,0.00880074347086646,16927.0,2023-12-18 11:41:00-06:00,0.0,STOP,1.2422731804586242,1.3426724137931034,0.0002568120334074577,1.258713001313264,,True,,,,,,,,,,,,,,,0.9974365040583633,1.0,0.012375497649280861,0.003535856471223103,16925.75,2023-12-18 11:44:00-06:00,0.0,STOP,0.8616921635966281,0.9311740890688258,0.00010180823365144395,0.843263061411549,,True,,,,,,,,,,,,,,,,,,,,,,,,,,,,,False,,,,,,,,,B1,10,4,2018-01-01,2022-12-31,2023-01-01,2023-12-31,B1,10,unfilled_1m,-1.001806255156945
4151,2023-12-18 18:15:00+00:00,2023-12-18 12:30:00-06:00,2023-12-18 12:30:00-06:00,RS,Short,A+,100.0,16298.055770152963,16736.363799444825,15202.28569692331,-1.0016540878823763,True,0.6549178910017585,1.0162812453303762,0,STOP,True,-1.0016540878823765,0.0,1.49083335503288,False,,,,,,,,,,,,,,,,False,,,,,,,,,,,,,,,,True,11.0,0.996566197563025,1.0,0.02368139611706894,0.005920349029267235,16947.5,2023-12-18 12:41:00-06:00,0.0,STOP,0.8648002391152735,1.2089136490250696,2.5513341961124945e-05,0.8509803921568627,,True,False,,False,,True,11.0,False,,,,,,,,,,,,,,,,False,,,,,,,,,,,,,,,,False,,,,,,,,,,,,,,,,False,,False,,True,12.0,,,,,,,,,,,,,,,0.996566197563025,1.0,0.02368139611706894,0.005920349029267235,16947.5,2023-12-18 12:41:00-06:00,0.0,STOP,0.8648002391152735,1.2089136490250696,2.5513341961124945e-05,0.8509803921568627,,True,,,,,,,,,,,,,,,0.9964956580088258,1.0,0.00725036274036056,0.013292331690661026,16943.25,2023-12-18 12:42:00-06:00,0.0,STOP,1.47634429032871,1.7804766269477545,0.00037022942816915944,1.5482713958354088,,True,,,,,,,,,,,,,,,,,,,,,,,,,,,,,False,,,,,,,,,B1,10,4,2018-01-01,2022-12-31,2023-01-01,2023-12-31,B1,10,unfilled_1m,-1.0016540878823763
4165,2023-12-22 18:00:00+00:00,2023-12-22 12:15:00-06:00,2023-12-22 12:15:00-06:00,RS,Short,A+,100.0,16358.676197381528,16831.114287045886,15177.580973220634,0.6020920065603002,True,0.6083891279505623,0.9510744634025855,0,TIME,True,-1.0015345926077108,0.0,1.3971646593682128,False,,,,,,,,,,,,,,,,False,,,,,,,,,,,,,,,,False,,,,,,,,,,,,,,,,False,,False,,False,,False,,,,,,,,,,,,,,,,False,,,,,,,,,,,,,,,,False,,,,,,,,,,,,,,,,False,,False,,False,,,,,,,,,,,,,,,,,,,,,,,,,,,,,,,,,,,,,,,,,,,,,,,,,,,,,,,,,,,,,,,,,,,,,,,,,,,,,,,,,,,,,,False,,,,,,,,,B1,10,4,2018-01-01,2022-12-31,2023-01-01,2023-12-31,B1,10,unfilled_1m,0.6020920065603002
4171,2023-12-27 15:45:00+00:00,2023-12-27 10:00:00-06:00,2023-12-27 10:00:00-06:00,S,Short,A+,100.0,16147.75,16495.176144180412,15105.47156745876,-1.002086774447301,True,0.033820137594188775,2.0630283932455153,1,STOP,True,-1.002086774447301,0.0,2.6833041082708498,False,,,,,,,,,,,,,,,,False,,,,,,,,,,,,,,,,False,,,,,,,,,,,,,,,,False,,False,,False,,False,,,,,,,,,,,,,,,,False,,,,,,,,,,,,,,,,False,,,,,,,,,,,,,,,,False,,False,,False,,,,,,,,,,,,,,,,,,,,,,,,,,,,,,,,,,,,,,,,,,,,,,,,,,,,,,,,,,,,,,,,,,,,,,,,,,,,,,,,,,,,,,False,,,,,,,,,B1,10,4,2018-01-01,2022-12-31,2023-01-01,2023-12-31,B1,10,unfilled_1m,-1.002086774447301
4181,2023-12-29 19:00:00+00:00,2023-12-29 13:15:00-06:00,2023-12-29 13:15:00-06:00,S,Short,A+,100.0,16089.25,16424.120157472815,15084.639527581556,-1.0021650182431048,True,0.008212138163500726,2.1881615415655116,1,STOP,True,-1.0021650182431048,0.0,2.789887301545656,False,,,,,,,,,,,,,,,,False,,,,,,,,,,,,,,,,True,13.0,0.9987822899799184,1.0,0.006718400110795418,0.00041990000692471364,17019.5,2023-12-29 13:28:00-06:00,0.0,STOP,1.8526785714285714,1.5581977471839799,0.00068010167372537,1.9287374128582495,,True,False,,False,,True,13.0,False,,,,,,,,,,,,,,,,False,,,,,,,,,,,,,,,,True,13.0,0.9987822899799184,1.0,0.006718400110795418,0.00041990000692471364,17019.5,2023-12-29 13:28:00-06:00,0.0,STOP,1.8526785714285714,1.5581977471839799,0.00068010167372537,1.9287374128582495,,True,False,,False,,False,,,,,,,,,,,,,,,,0.9987822899799184,1.0,0.006718400110795418,0.00041990000692471364,17019.5,2023-12-29 13:28:00-06:00,0.0,STOP,1.8526785714285714,1.5581977471839799,0.00068010167372537,1.9287374128582495,,True,,,,,,,,,,,,,,,,,,,,,,,,,,,,,,,,,,,,,,,,,,,,,,,,,,,,,,,,,False,,,,,,,,,B1,10,4,2018-01-01,2022-12-31,2023-01-01,2023-12-31,B1,10,unfilled_1m,-1.0021650182431048
4184,2024-01-02 18:00:00+00:00,2024-01-02 12:15:00-06:00,2024-01-02 12:15:00-06:00,S,Short,B,41.80026706939381,16507.0,16531.217402772018,16434.34779168395,1.1572256638677223,True,2.157539373312703,0.8981144759722735,0,TIME,True,-1.0299371491990759,0.0,8.970821604826503,False,,,,,,,,,,,,,,,,False,,,,,,,,,,,,,,,,False,,,,,,,,,,,,,,,,False,,False,,False,,False,,,,,,,,,,,,,,,,False,,,,,,,,,,,,,,,,False,,,,,,,,,,,,,,,,False,,False,,False,,,,,,,,,,,,,,,,,,,,,,,,,,,,,,,,,,,,,,,,,,,,,,,,,,,,,,,,,,,,,,,,,,,,,,,,,,,,,,,,,,,,,,False,,,,,,,,,B1,10,5,2018-01-01,2023-12-31,2024-01-01,2024-12-31,B1,10,unfilled_1m,1.1572256638677223
4188,2024-01-03 19:30:00+00:00,2024-01-03 13:45:00-06:00,2024-01-03 13:45:00-06:00,L,Long,B,44.82230057902839,16409.25,16383.36219757984,16486.913407260483,-1.0280054671398218,True,0.17382703741958347,1.33267395355014,1,STOP,True,2.9719945328601782,8.411297199580956,0.0,False,,,,,,,,,,,,,,,,False,,,,,,,,,,,,,,,,False,,,,,,,,,,,,,,,,False,,False,,False,,False,,,,,,,,,,,,,,,,False,,,,,,,,,,,,,,,,False,,,,,,,,,,,,,,,,False,,False,,False,,,,,,,,,,,,,,,,,,,,,,,,,,,,,,,,,,,,,,,,,,,,,,,,,,,,,,,,,,,,,,,,,,,,,,,,,,,,,,,,,,,,,,False,,,,,,,,,B1,10,5,2018-01-01,2023-12-31,2024-01-01,2024-12-31,B1,10,unfilled_1m,-1.0280054671398218
4189,2024-01-04 16:15:00+00:00,2024-01-04 10:30:00-06:00,2024-01-04 10:30:00-06:00,L,Long,B,38.54392918305416,16353.0,16331.269404811435,16418.191785565694,-1.0333630990641949,True,0.3566400244793255,2.3929395190870872,1,STOP,True,2.966636900935805,9.939902617746363,0.0,False,,,,,,,,,,,,,,,,False,,,,,,,,,,,,,,,,False,,,,,,,,,,,,,,,,False,,False,,False,,False,,,,,,,,,,,,,,,,False,,,,,,,,,,,,,,,,False,,,,,,,,,,,,,,,,False,,False,,False,,,,,,,,,,,,,,,,,,,,,,,,,,,,,,,,,,,,,,,,,,,,,,,,,,,,,,,,,,,,,,,,,,,,,,,,,,,,,,,,,,,,,,False,,,,,,,,,B1,10,5,2018-01-01,2023-12-31,2024-01-01,2024-12-31,B1,10,unfilled_1m,-1.0333630990641949
4190,2024-01-04 21:00:00+00:00,2024-01-04 15:15:00-06:00,2024-01-04 15:15:00-06:00,S,Short,B,42.73522868417776,16225.5,16246.693430781062,16161.91970765681,-1.0342087134211335,True,0.07077664845751795,1.3801446449216002,1,STOP,True,-1.0342087134211337,0.0,10.227225702111346,False,,,,,,,,,,,,,,,,False,,,,,,,,,,,,,,,,False,,,,,,,,,,,,,,,,False,,False,,False,,False,,,,,,,,,,,,,,,,False,,,,,,,,,,,,,,,,False,,,,,,,,,,,,,,,,False,,False,,False,,,,,,,,,,,,,,,,,,,,,,,,,,,,,,,,,,,,,,,,,,,,,,,,,,,,,,,,,,,,,,,,,,,,,,,,,,,,,,,,,,,,,,False,,,,,,,,,B1,10,5,2018-01-01,2023-12-31,2024-01-01,2024-12-31,B1,10,unfilled_1m,-1.0342087134211335
4194,2024-01-08 17:00:00+00:00,2024-01-08 11:15:00-06:00,2024-01-08 11:15:00-06:00,L,Long,B,39.221398880858025,16468.545330761048,16449.680527246597,16525.139741304396,1.695202879502851,True,1.9854258863741447,0.38671649855560475,0,TIME,True,2.961568642925719,11.91131776521427,0.0,False,,,,,,,,,,,,,,,,False,,,,,,,,,,,,,,,,True,14.0,2.996919081997265,3.0,0.0042495420727375385,0.01168624070002823,16685.0,2024-01-08 11:29:00-06:00,0.0,TARGET,0.99306726625445,1.2571157495256167,0.0002679058000746657,0.9524665288884895,,True,False,,False,,True,14.0,False,,,,,,,,,,,,,,,,False,,,,,,,,,,,,,,,,False,,,,,,,,,,,,,,,,False,,False,,False,,,,,,,,,,,,,,,,2.996919081997265,3.0,0.0042495420727375385,0.01168624070002823,16685.0,2024-01-08 11:29:00-06:00,0.0,TARGET,0.99306726625445,1.2571157495256167,0.0002679058000746657,0.9524665288884895,,True,,,,,,,,,,,,,,,,,,,,,,,,,,,,,,,,,,,,,,,,,,,,,,,,,,,,,,,,,False,,,,,,,,,B1,10,5,2018-01-01,2023-12-31,2024-01-01,2024-12-31,B1,10,unfilled_1m,1.695202879502851
4219,2024-01-24 16:00:00+00:00,2024-01-24 10:15:00-06:00,2024-01-24 10:15:00-06:00,RS,Short,A,47.912595838611296,17520.009571120292,17541.009879389694,17467.50880044679,-0.8078657066395054,True,2.1432814482000815,0.9995295597775343,0,TIME,True,-1.034523302739148,0.0,8.463705703724372,False,,,,,,,,,,,,,,,,False,,,,,,,,,,,,,,,,True,14.0,0.9956713864832253,1.0,0.04030088446652336,0.020896754908567666,17708.5,2024-01-24 10:29:00-06:00,0.0,STOP,0.9935559461042766,1.4033539276257723,0.0003084880717835263,1.0022455974471103,,True,False,,False,,True,14.0,False,,,,,,,,,,,,,,,,False,,,,,,,,,,,,,,,,False,,,,,,,,,,,,,,,,False,,False,,False,,,,,,,,,,,,,,,,0.9956713864832253,1.0,0.04030088446652336,0.020896754908567666,17708.5,2024-01-24 10:29:00-06:00,0.0,STOP,0.9935559461042766,1.4033539276257723,0.0003084880717835263,1.0022455974471103,,True,,,,,,,,,,,,,,,,,,,,,,,,,,,,,,,,,,,,,,,,,,,,,,,,,,,,,,,,,False,,,,,,,,,B1,10,5,2018-01-01,2023-12-31,2024-01-01,2024-12-31,B1,10,unfilled_1m,-0.8078657066395054
4235,2024-02-01 16:00:00+00:00,2024-02-01 10:15:00-06:00,2024-02-01 10:15:00-06:00,S,Short,A,53.85692166236604,17064.75,17091.374572505807,16984.876282482583,-1.027230484164276,True,0.1126778655073496,1.9343033578761681,1,STOP,True,-1.027230484164276,0.0,8.56351777855857,False,,,,,,,,,,,,,,,,False,,,,,,,,,,,,,,,,False,,,,,,,,,,,,,,,,False,,False,,False,,False,,,,,,,,,,,,,,,,False,,,,,,,,,,,,,,,,False,,,,,,,,,,,,,,,,False,,False,,False,,,,,,,,,,,,,,,,,,,,,,,,,,,,,,,,,,,,,,,,,,,,,,,,,,,,,,,,,,,,,,,,,,,,,,,,,,,,,,,,,,,,,,False,,,,,,,,,B1,10,5,2018-01-01,2023-12-31,2024-01-01,2024-12-31,B1,10,unfilled_1m,-1.027230484164276
4252,2024-02-12 15:45:00+00:00,2024-02-12 10:00:00-06:00,2024-02-12 10:00:00-06:00,L,Long,B,45.86274571279396,17850.127004482005,17837.336258982334,17888.499240981022,2.9433183937544034,True,4.544144476918048,0.009929404193689472,0,TARGET,True,2.9433183937544034,18.128184594397265,0.0,False,,,,,,,,,,,,,,,,False,,,,,,,,,,,,,,,,False,,,,,,,,,,,,,,,,False,,False,,False,,False,,,,,,,,,,,,,,,,False,,,,,,,,,,,,,,,,False,,,,,,,,,,,,,,,,False,,False,,False,,,,,,,,,,,,,,,,,,,,,,,,,,,,,,,,,,,,,,,,,,,,,,,,,,,,,,,,,,,,,,,,,,,,,,,,,,,,,,,,,,,,,,False,,,,,,,,,B1,10,5,2018-01-01,2023-12-31,2024-01-01,2024-12-31,B1,10,unfilled_1m,2.9433183937544034
4258,2024-02-13 19:15:00+00:00,2024-02-13 13:30:00-06:00,2024-02-13 13:30:00-06:00,S,Short,B,39.17668434197059,17400.25,17430.589689796932,17309.230930609207,-1.0238960913856576,True,0.09064034663525307,1.1783245062582899,1,STOP,True,-1.0238960913856576,0.0,7.457228518627638,False,,,,,,,,,,,,,,,,False,,,,,,,,,,,,,,,,False,,,,,,,,,,,,,,,,False,,False,,False,,False,,,,,,,,,,,,,,,,False,,,,,,,,,,,,,,,,False,,,,,,,,,,,,,,,,False,,False,,False,,,,,,,,,,,,,,,,,,,,,,,,,,,,,,,,,,,,,,,,,,,,,,,,,,,,,,,,,,,,,,,,,,,,,,,,,,,,,,,,,,,,,,False,,,,,,,,,B1,10,5,2018-01-01,2023-12-31,2024-01-01,2024-12-31,B1,10,unfilled_1m,-1.0238960913856576
4276,2024-02-22 15:45:00+00:00,2024-02-22 10:00:00-06:00,2024-02-22 10:00:00-06:00,S,Short,B,38.1646008698448,17714.1868344138,17737.662451889137,17643.759981987787,-1.030883106728146,True,0.9451012071186664,1.3338590824755425,0,STOP,True,-1.0308831067281459,0.0,8.68190861434472,False,,,,,,,,,,,,,,,,False,,,,,,,,,,,,,,,,False,,,,,,,,,,,,,,,,False,,False,,False,,False,,,,,,,,,,,,,,,,False,,,,,,,,,,,,,,,,False,,,,,,,,,,,,,,,,False,,False,,False,,,,,,,,,,,,,,,,,,,,,,,,,,,,,,,,,,,,,,,,,,,,,,,,,,,,,,,,,,,,,,,,,,,,,,,,,,,,,,,,,,,,,,False,,,,,,,,,B1,10,5,2018-01-01,2023-12-31,2024-01-01,2024-12-31,B1,10,unfilled_1m,-1.030883106728146
4290,2024-02-29 16:30:00+00:00,2024-02-29 10:45:00-06:00,2024-02-29 10:45:00-06:00,S,Short,A,60.14584866640382,17761.43953210804,17790.66868349847,17673.75207793676,-0.4117624809285637,True,1.7598708707255697,0.9942289293241782,0,TIME,True,-1.0248040044103859,0.0,5.997795336246857,False,,,,,,,,,,,,,,,,False,,,,,,,,,,,,,,,,False,,,,,,,,,,,,,,,,False,,False,,False,,False,,,,,,,,,,,,,,,,False,,,,,,,,,,,,,,,,False,,,,,,,,,,,,,,,,False,,False,,False,,,,,,,,,,,,,,,,,,,,,,,,,,,,,,,,,,,,,,,,,,,,,,,,,,,,,,,,,,,,,,,,,,,,,,,,,,,,,,,,,,,,,,False,,,,,,,,,B1,10,5,2018-01-01,2023-12-31,2024-01-01,2024-12-31,B1,10,unfilled_1m,-0.4117624809285637
4297,2024-03-05 18:45:00+00:00,2024-03-05 13:00:00-06:00,2024-03-05 13:00:00-06:00,S,Short,B,43.20102799005024,17666.0,17691.941318938236,17588.176043185293,-1.027947692317656,True,0.10600848810145434,1.098633422142345,1,STOP,True,-1.027947692317656,0.0,8.403581965860743,False,,,,,,,,,,,,,,,,False,,,,,,,,,,,,,,,,False,,,,,,,,,,,,,,,,False,,False,,False,,False,,,,,,,,,,,,,,,,False,,,,,,,,,,,,,,,,False,,,,,,,,,,,,,,,,False,,False,,False,,,,,,,,,,,,,,,,,,,,,,,,,,,,,,,,,,,,,,,,,,,,,,,,,,,,,,,,,,,,,,,,,,,,,,,,,,,,,,,,,,,,,,False,,,,,,,,,B1,10,5,2018-01-01,2023-12-31,2024-01-01,2024-12-31,B1,10,unfilled_1m,-1.027947692317656
4298,2024-03-06 16:00:00+00:00,2024-03-06 10:15:00-06:00,2024-03-06 10:15:00-06:00,L,Long,A,55.69411289083471,17876.974451244605,17851.076487219674,17954.668343319394,-1.0279944786123756,True,0.5801826252029136,1.1477524339747545,0,STOP,True,2.9720055213876244,8.766154302201029,0.0,False,,,,,,,,,,,,,,,,False,,,,,,,,,,,,,,,,False,,,,,,,,,,,,,,,,False,,False,,False,,False,,,,,,,,,,,,,,,,False,,,,,,,,,,,,,,,,False,,,,,,,,,,,,,,,,False,,False,,False,,,,,,,,,,,,,,,,,,,,,,,,,,,,,,,,,,,,,,,,,,,,,,,,,,,,,,,,,,,,,,,,,,,,,,,,,,,,,,,,,,,,,,False,,,,,,,,,B1,10,5,2018-01-01,2023-12-31,2024-01-01,2024-12-31,B1,10,unfilled_1m,-1.0279944786123756
4310,2024-03-12 14:45:00+00:00,2024-03-12 10:00:00-05:00,2024-03-12 10:00:00-05:00,L,Long,A,59.09021218654957,17958.0,17922.083542774304,18065.749371677088,0.0215778520450936,True,1.0301684202173724,0.8143898997664364,0,TIME,True,2.9798142674416868,6.146207534134729,0.0,False,,,,,,,,,,,,,,,,False,,,,,,,,,,,,,,,,False,,,,,,,,,,,,,,,,False,,False,,False,,False,,,,,,,,,,,,,,,,False,,,,,,,,,,,,,,,,False,,,,,,,,,,,,,,,,False,,False,,False,,,,,,,,,,,,,,,,,,,,,,,,,,,,,,,,,,,,,,,,,,,,,,,,,,,,,,,,,,,,,,,,,,,,,,,,,,,,,,,,,,,,,,False,,,,,,,,,B1,10,5,2018-01-01,2023-12-31,2024-01-01,2024-12-31,B1,10,unfilled_1m,0.0215778520450936
4348,2024-04-03 16:00:00+00:00,2024-04-03 11:15:00-05:00,2024-04-03 11:15:00-05:00,S,Short,B,39.04932041439602,17939.0,17960.648204950452,17874.055385148644,-1.0334900746578926,True,0.4965769690653044,1.3049580814971953,1,STOP,True,-1.0334900746578926,0.0,21.26042325695873,False,,,,,,,,,,,,,,,,False,,,,,,,,,,,,,,,,False,,,,,,,,,,,,,,,,False,,False,,False,,False,,,,,,,,,,,,,,,,False,,,,,,,,,,,,,,,,False,,,,,,,,,,,,,,,,False,,False,,False,,,,,,,,,,,,,,,,,,,,,,,,,,,,,,,,,,,,,,,,,,,,,,,,,,,,,,,,,,,,,,,,,,,,,,,,,,,,,,,,,,,,,,False,,,,,,,,,B1,10,5,2018-01-01,2023-12-31,2024-01-01,2024-12-31,B1,10,unfilled_1m,-1.0334900746578926
4350,2024-04-03 19:15:00+00:00,2024-04-03 14:30:00-05:00,2024-04-03 14:30:00-05:00,S,Short,A,53.57999921578983,17874.25,17897.65218475699,17804.04344572903,-1.0309800135127756,True,0.7905244827397915,1.3887592264347688,0,STOP,True,-1.0309800135127756,0.0,19.645601672411846,False,,,,,,,,,,,,,,,,False,,,,,,,,,,,,,,,,False,,,,,,,,,,,,,,,,False,,False,,False,,False,,,,,,,,,,,,,,,,False,,,,,,,,,,,,,,,,False,,,,,,,,,,,,,,,,False,,False,,False,,,,,,,,,,,,,,,,,,,,,,,,,,,,,,,,,,,,,,,,,,,,,,,,,,,,,,,,,,,,,,,,,,,,,,,,,,,,,,,,,,,,,,False,,,,,,,,,B1,10,5,2018-01-01,2023-12-31,2024-01-01,2024-12-31,B1,10,unfilled_1m,-1.0309800135127756
4356,2024-04-09 14:45:00+00:00,2024-04-09 10:00:00-05:00,2024-04-09 10:00:00-05:00,S,Short,A,57.87115920611042,17757.25,17786.879420232923,17668.361739301232,-1.024468922925276,True,0.447190660358493,1.3162593021872624,1,STOP,True,-1.0244689229252761,0.0,15.516672158476766,False,,,,,,,,,,,,,,,,False,,,,,,,,,,,,,,,,False,,,,,,,,,,,,,,,,False,,False,,False,,False,,,,,,,,,,,,,,,,False,,,,,,,,,,,,,,,,False,,,,,,,,,,,,,,,,False,,False,,False,,,,,,,,,,,,,,,,,,,,,,,,,,,,,,,,,,,,,,,,,,,,,,,,,,,,,,,,,,,,,,,,,,,,,,,,,,,,,,,,,,,,,,False,,,,,,,,,B1,10,5,2018-01-01,2023-12-31,2024-01-01,2024-12-31,B1,10,unfilled_1m,-1.024468922925276
4362,2024-04-11 17:15:00+00:00,2024-04-11 12:30:00-05:00,2024-04-11 12:30:00-05:00,L,Long,A+,69.62939299932633,17940.124245746618,17909.138427154103,18033.08170152416,2.976602199556699,True,3.2394094722296347,0.17344210967258528,0,TARGET,True,2.976602199556699,15.47081135914161,0.0,False,,,,,,,,,,,,,,,,False,,,,,,,,,,,,,,,,True,13.0,2.99858705194276,3.0,0.024361173400690626,0.000974446936027625,18422.25,2024-04-11 12:43:00-05:00,0.0,TARGET,1.0719874804381846,1.0755408234473132,0.0004220423151330952,1.0390595373530527,,True,False,,False,,True,13.0,False,,,,,,,,,,,,,,,,False,,,,,,,,,,,,,,,,False,,,,,,,,,,,,,,,,False,,False,,False,,,,,,,,,,,,,,,,2.99858705194276,3.0,0.024361173400690626,0.000974446936027625,18422.25,2024-04-11 12:43:00-05:00,0.0,TARGET,1.0719874804381846,1.0755408234473132,0.0004220423151330952,1.0390595373530527,,True,,,,,,,,,,,,,,,,,,,,,,,,,,,,,,,,,,,,,,,,,,,,,,,,,,,,,,,,,False,,,,,,,,,B1,10,5,2018-01-01,2023-12-31,2024-01-01,2024-12-31,B1,10,unfilled_1m,2.976602199556699
4375,2024-04-19 16:00:00+00:00,2024-04-19 11:15:00-05:00,2024-04-19 11:15:00-05:00,S,Short,A+,84.22987221728587,16824.084743602176,16861.677600658455,16711.30617243334,-0.3029899105772169,True,2.1303180942667734,0.5231115147322759,0,TIME,True,-1.0192855786117725,0.0,10.983875361738553,False,,,,,,,,,,,,,,,,False,,,,,,,,,,,,,,,,True,13.0,0.9979610340922339,1.0,0.029529851077991654,0.005624733538665077,17217.25,2024-04-19 11:28:00-05:00,0.0,STOP,0.9429966966882182,1.146663004669047,0.0004926765993871955,0.9242093029690915,,True,False,,False,,True,13.0,False,,,,,,,,,,,,,,,,False,,,,,,,,,,,,,,,,True,13.0,0.9979610340922339,1.0,0.029529851077991654,0.005624733538665077,17217.25,2024-04-19 11:28:00-05:00,0.0,STOP,0.9429966966882182,1.146663004669047,0.0004926765993871955,0.9242093029690915,,True,False,,False,,True,14.0,,,,,,,,,,,,,,,0.9979610340922339,1.0,0.029529851077991654,0.005624733538665077,17217.25,2024-04-19 11:28:00-05:00,0.0,STOP,0.9429966966882182,1.146663004669047,0.0004926765993871955,0.9242093029690915,,True,,,,,,,,,,,,,,,0.9979080850022176,1.0,0.0,0.06131474993500061,17208.25,2024-04-19 11:29:00-05:00,0.0,STOP,1.4210956663941128,1.5407801418439717,0.0007428515586139377,1.4720912504587933,,True,,,,,,,,,,,,,,,,,,,,,,,,,,,,,False,,,,,,,,,B1,10,5,2018-01-01,2023-12-31,2024-01-01,2024-12-31,B1,10,unfilled_1m,-0.3029899105772169
4377,2024-04-19 18:45:00+00:00,2024-04-19 14:00:00-05:00,2024-04-19 14:00:00-05:00,S,Short,A,50.01079807904596,16699.5,16738.432179748088,16582.703460755736,-1.0186221271115858,True,0.9503706250050682,1.2008061275401876,0,STOP,True,-1.0186221271115858,0.0,11.821840004286017,False,,,,,,,,,,,,,,,,False,,,,,,,,,,,,,,,,False,,,,,,,,,,,,,,,,False,,False,,False,,False,,,,,,,,,,,,,,,,False,,,,,,,,,,,,,,,,False,,,,,,,,,,,,,,,,False,,False,,False,,,,,,,,,,,,,,,,,,,,,,,,,,,,,,,,,,,,,,,,,,,,,,,,,,,,,,,,,,,,,,,,,,,,,,,,,,,,,,,,,,,,,,False,,,,,,,,,B1,10,5,2018-01-01,2023-12-31,2024-01-01,2024-12-31,B1,10,unfilled_1m,-1.0186221271115858
4385,2024-04-25 18:30:00+00:00,2024-04-25 13:45:00-05:00,2024-04-25 13:45:00-05:00,S,Short,A,52.97138656125184,17047.19722136245,17081.66300115966,16943.799881970815,-1.021035357513039,True,0.4191758157643568,1.9527420831197029,1,STOP,True,-1.021035357513039,0.0,13.290074425492135,False,,,,,,,,,,,,,,,,False,,,,,,,,,,,,,,,,False,,,,,,,,,,,,,,,,False,,False,,False,,False,,,,,,,,,,,,,,,,False,,,,,,,,,,,,,,,,False,,,,,,,,,,,,,,,,False,,False,,False,,,,,,,,,,,,,,,,,,,,,,,,,,,,,,,,,,,,,,,,,,,,,,,,,,,,,,,,,,,,,,,,,,,,,,,,,,,,,,,,,,,,,,False,,,,,,,,,B1,10,5,2018-01-01,2023-12-31,2024-01-01,2024-12-31,B1,10,unfilled_1m,-1.021035357513039
4389,2024-04-29 20:00:00+00:00,2024-04-29 15:15:00-05:00,2024-04-29 15:15:00-05:00,L,Long,A,52.01155604988792,17453.98334220708,17429.99220897919,17525.956741890746,-0.2691970464976917,True,0.3966739587714128,0.27023909814913005,0,TIME,True,2.969780502108288,19.414116597521268,0.0,False,,,,,,,,,,,,,,,,False,,,,,,,,,,,,,,,,False,,,,,,,,,,,,,,,,False,,False,,False,,False,,,,,,,,,,,,,,,,False,,,,,,,,,,,,,,,,False,,,,,,,,,,,,,,,,False,,False,,False,,,,,,,,,,,,,,,,,,,,,,,,,,,,,,,,,,,,,,,,,,,,,,,,,,,,,,,,,,,,,,,,,,,,,,,,,,,,,,,,,,,,,,False,,,,,,,,,B1,10,5,2018-01-01,2023-12-31,2024-01-01,2024-12-31,B1,10,unfilled_1m,-0.2691970464976917
4392,2024-04-30 16:45:00+00:00,2024-04-30 12:00:00-05:00,2024-04-30 12:00:00-05:00,S,Short,B,44.32189070976929,17244.75,17272.81944584643,17160.541662460702,-1.0258287963348651,True,1.0331518533946038,1.157842594321539,0,STOP,True,-1.0258287963348651,0.0,16.396832431891944,False,,,,,,,,,,,,,,,,False,,,,,,,,,,,,,,,,True,11.0,0.9982806890361466,1.0,0.04505780456995068,0.006521524345650756,17694.5,2024-04-30 12:11:00-05:00,0.0,STOP,1.1175250798632517,1.4902840059790732,0.0005996660787788591,1.122621326427204,,True,False,,False,,True,11.0,False,,,,,,,,,,,,,,,,False,,,,,,,,,,,,,,,,False,,,,,,,,,,,,,,,,False,,False,,False,,,,,,,,,,,,,,,,0.9982806890361466,1.0,0.04505780456995068,0.006521524345650756,17694.5,2024-04-30 12:11:00-05:00,0.0,STOP,1.1175250798632517,1.4902840059790732,0.0005996660787788591,1.122621326427204,,True,,,,,,,,,,,,,,,,,,,,,,,,,,,,,,,,,,,,,,,,,,,,,,,,,,,,,,,,,False,,,,,,,,,B1,10,5,2018-01-01,2023-12-31,2024-01-01,2024-12-31,B1,10,unfilled_1m,-1.0258287963348651
4397,2024-05-02 15:00:00+00:00,2024-05-02 10:15:00-05:00,2024-05-02 10:15:00-05:00,L,Long,A,58.97912159370262,17083.574506555262,17049.452943045402,17185.939197084845,-1.0212475609387155,True,0.43009440175557884,1.6140674954518919,1,STOP,True,2.9787524390612843,13.84536477375156,0.0,False,,,,,,,,,,,,,,,,False,,,,,,,,,,,,,,,,False,,,,,,,,,,,,,,,,False,,False,,False,,False,,,,,,,,,,,,,,,,False,,,,,,,,,,,,,,,,False,,,,,,,,,,,,,,,,False,,False,,False,,,,,,,,,,,,,,,,,,,,,,,,,,,,,,,,,,,,,,,,,,,,,,,,,,,,,,,,,,,,,,,,,,,,,,,,,,,,,,,,,,,,,,False,,,,,,,,,B1,10,5,2018-01-01,2023-12-31,2024-01-01,2024-12-31,B1,10,unfilled_1m,-1.0212475609387155
4406,2024-05-07 15:00:00+00:00,2024-05-07 10:15:00-05:00,2024-05-07 10:15:00-05:00,L,Long,B,42.62738572738011,17789.75,17772.83066353821,17840.508009385372,0.10490955150686,True,0.8422316106888761,0.9013355833687973,0,TIME,True,2.957149619807057,27.424243323483406,0.0,False,,,,,,,,,,,,,,,,False,,,,,,,,,,,,,,,,False,,,,,,,,,,,,,,,,False,,False,,False,,False,,,,,,,,,,,,,,,,False,,,,,,,,,,,,,,,,False,,,,,,,,,,,,,,,,False,,False,,False,,,,,,,,,,,,,,,,,,,,,,,,,,,,,,,,,,,,,,,,,,,,,,,,,,,,,,,,,,,,,,,,,,,,,,,,,,,,,,,,,,,,,,False,,,,,,,,,B1,10,5,2018-01-01,2023-12-31,2024-01-01,2024-12-31,B1,10,unfilled_1m,0.10490955150686
4427,2024-05-17 18:15:00+00:00,2024-05-17 13:30:00-05:00,2024-05-17 13:30:00-05:00,S,Short,B,40.68167281692837,18111.5,18129.496384092945,18057.51084772117,-1.0402858705535307,True,0.12502511551095757,2.847794297749589,1,STOP,True,-1.0402858705535307,0.0,26.060790744284045,False,,,,,,,,,,,,,,,,False,,,,,,,,,,,,,,,,False,,,,,,,,,,,,,,,,False,,False,,False,,False,,,,,,,,,,,,,,,,False,,,,,,,,,,,,,,,,False,,,,,,,,,,,,,,,,False,,False,,False,,,,,,,,,,,,,,,,,,,,,,,,,,,,,,,,,,,,,,,,,,,,,,,,,,,,,,,,,,,,,,,,,,,,,,,,,,,,,,,,,,,,,,False,,,,,,,,,B1,10,5,2018-01-01,2023-12-31,2024-01-01,2024-12-31,B1,10,unfilled_1m,-1.0402858705535307
4428,2024-05-20 16:45:00+00:00,2024-05-20 12:00:00-05:00,2024-05-20 12:00:00-05:00,L,Long,B,41.6554515928552,18322.076061901895,18306.21152365655,18369.669676637925,-1.0456994076214483,True,0.7516095277216981,2.5103826714644444,0,STOP,True,2.9543005923785515,29.73133732628844,0.0,False,,,,,,,,,,,,,,,,False,,,,,,,,,,,,,,,,True,15.0,2.9984967503152955,3.0,0.0031101717614580035,0.003628533721701004,18788.5,2024-05-20 12:15:00-05:00,0.0,TARGET,0.7525708943596137,0.9085778781038374,0.00016025359085625364,0.7331511839708561,,True,False,,False,,True,15.0,False,,,,,,,,,,,,,,,,False,,,,,,,,,,,,,,,,False,,,,,,,,,,,,,,,,False,,False,,False,,,,,,,,,,,,,,,,2.9984967503152955,3.0,0.0031101717614580035,0.003628533721701004,18788.5,2024-05-20 12:15:00-05:00,0.0,TARGET,0.7525708943596137,0.9085778781038374,0.00016025359085625364,0.7331511839708561,,True,,,,,,,,,,,,,,,,,,,,,,,,,,,,,,,,,,,,,,,,,,,,,,,,,,,,,,,,,False,,,,,,,,,B1,10,5,2018-01-01,2023-12-31,2024-01-01,2024-12-31,B1,10,unfilled_1m,-1.0456994076214483
4440,2024-05-24 15:00:00+00:00,2024-05-24 10:15:00-05:00,2024-05-24 10:15:00-05:00,L,Long,A+,69.32794924494205,18409.89250059776,18386.520621434807,18480.00813808661,1.4390156293272078,True,2.0690462698817695,0.0,0,TIME,True,2.9689798156603016,21.740121787366313,0.0,False,,,,,,,,,,,,,,,,False,,,,,,,,,,,,,,,,False,,,,,,,,,,,,,,,,False,,False,,False,,False,,,,,,,,,,,,,,,,False,,,,,,,,,,,,,,,,False,,,,,,,,,,,,,,,,False,,False,,False,,,,,,,,,,,,,,,,,,,,,,,,,,,,,,,,,,,,,,,,,,,,,,,,,,,,,,,,,,,,,,,,,,,,,,,,,,,,,,,,,,,,,,False,,,,,,,,,B1,10,5,2018-01-01,2023-12-31,2024-01-01,2024-12-31,B1,10,unfilled_1m,1.4390156293272078
4456,2024-06-03 17:30:00+00:00,2024-06-03 12:45:00-05:00,2024-06-03 12:45:00-05:00,L,Long,A+,70.78955514444021,18076.097993451134,18041.344110487855,18180.35964234099,0.8611126008707076,True,1.4070947583190927,0.2689769503169249,0,TIME,True,2.97913902165217,14.42002918287942,0.0,False,,,,,,,,,,,,,,,,False,,,,,,,,,,,,,,,,False,,,,,,,,,,,,,,,,False,,False,,False,,False,,,,,,,,,,,,,,,,False,,,,,,,,,,,,,,,,False,,,,,,,,,,,,,,,,False,,False,,False,,,,,,,,,,,,,,,,,,,,,,,,,,,,,,,,,,,,,,,,,,,,,,,,,,,,,,,,,,,,,,,,,,,,,,,,,,,,,,,,,,,,,,False,,,,,,,,,B1,10,5,2018-01-01,2023-12-31,2024-01-01,2024-12-31,B1,10,unfilled_1m,0.8611126008707076
4458,2024-06-04 15:00:00+00:00,2024-06-04 10:15:00-05:00,2024-06-04 10:15:00-05:00,S,Short,B,37.44187206601523,18134.25,18162.024358373023,18050.92692488093,-1.0261032132682568,True,0.1260155123295153,1.6562038763307727,1,STOP,True,-1.0261032132682568,0.0,16.904080868202126,False,,,,,,,,,,,,,,,,False,,,,,,,,,,,,,,,,True,11.0,0.9984160817440269,1.0,0.03932486704485099,0.0038232509626938463,18619.75,2024-06-04 10:26:00-05:00,0.0,STOP,1.3410272306738518,1.5305900283039406,0.00019803060192530975,1.2984854082009605,,True,False,,False,,True,11.0,False,,,,,,,,,,,,,,,,False,,,,,,,,,,,,,,,,False,,,,,,,,,,,,,,,,False,,False,,True,12.0,,,,,,,,,,,,,,,0.9984160817440269,1.0,0.03932486704485099,0.0038232509626938463,18619.75,2024-06-04 10:26:00-05:00,0.0,STOP,1.3410272306738518,1.5305900283039406,0.00019803060192530975,1.2984854082009605,,True,,,,,,,,,,,,,,,0.9983596381073601,1.0,0.009050272511117154,0.013009766734730907,18604.0,2024-06-04 10:27:00-05:00,0.0,STOP,1.2920692713438826,1.3957240822912464,0.0010929304111852172,1.3200438742906195,,True,,,,,,,,,,,,,,,,,,,,,,,,,,,,,False,,,,,,,,,B1,10,5,2018-01-01,2023-12-31,2024-01-01,2024-12-31,B1,10,unfilled_1m,-1.0261032132682568
4471,2024-06-11 14:45:00+00:00,2024-06-11 10:00:00-05:00,2024-06-11 10:00:00-05:00,L,Long,A,51.45650438816492,18654.68360129772,18635.806735117178,18711.314199839355,-1.0384067987273953,True,1.1954525971871557,2.327377906773926,0,STOP,True,2.961593201272605,25.550660479835386,0.0,False,,,,,,,,,,,,,,,,False,,,,,,,,,,,,,,,,False,,,,,,,,,,,,,,,,False,,False,,False,,False,,,,,,,,,,,,,,,,False,,,,,,,,,,,,,,,,False,,,,,,,,,,,,,,,,False,,False,,False,,,,,,,,,,,,,,,,,,,,,,,,,,,,,,,,,,,,,,,,,,,,,,,,,,,,,,,,,,,,,,,,,,,,,,,,,,,,,,,,,,,,,,False,,,,,,,,,B1,10,5,2018-01-01,2023-12-31,2024-01-01,2024-12-31,B1,10,unfilled_1m,-1.0384067987273953
4486,2024-06-17 20:00:00+00:00,2024-06-17 15:15:00-05:00,2024-06-17 15:15:00-05:00,S,Short,A,54.34492180543876,19453.179806334956,19476.369547930783,19383.610581547466,-1.0312638240061494,True,0.49288200507646585,1.1673348559397403,1,STOP,True,-1.0312638240061494,0.0,19.656113535438397,False,,,,,,,,,,,,,,,,False,,,,,,,,,,,,,,,,False,,,,,,,,,,,,,,,,False,,False,,False,,False,,,,,,,,,,,,,,,,False,,,,,,,,,,,,,,,,False,,,,,,,,,,,,,,,,False,,False,,False,,,,,,,,,,,,,,,,,,,,,,,,,,,,,,,,,,,,,,,,,,,,,,,,,,,,,,,,,,,,,,,,,,,,,,,,,,,,,,,,,,,,,,False,,,,,,,,,B1,10,5,2018-01-01,2023-12-31,2024-01-01,2024-12-31,B1,10,unfilled_1m,-1.0312638240061494
4504,2024-06-26 15:00:00+00:00,2024-06-26 10:15:00-05:00,2024-06-26 10:15:00-05:00,RS,Short,A,47.5689126370254,19236.202880294877,19262.191749669844,19171.230706857463,-1.0278965579279231,True,1.9124679714905786,2.089245165756329,0,STOP,True,-1.0278965579279231,0.0,27.234625311822235,False,,,,,,,,,,,,,,,,False,,,,,,,,,,,,,,,,True,13.0,0.9989599147565407,1.0,0.007531651762981619,0.006097051427175596,19959.25,2024-06-26 10:28:00-05:00,0.0,STOP,0.5193848420664886,0.7365488420686053,0.00031857718825901857,0.5110238598610691,,True,False,,False,,True,13.0,False,,,,,,,,,,,,,,,,False,,,,,,,,,,,,,,,,False,,,,,,,,,,,,,,,,False,,False,,True,14.0,,,,,,,,,,,,,,,0.9989599147565407,1.0,0.007531651762981619,0.006097051427175596,19959.25,2024-06-26 10:28:00-05:00,0.0,STOP,0.5193848420664886,0.7365488420686053,0.00031857718825901857,0.5110238598610691,,True,,,,,,,,,,,,,,,0.9989565466448398,1.0,0.00611679553024954,0.002518680512455693,19957.0,2024-06-26 10:29:00-05:00,0.0,STOP,0.6419175309891222,0.9896645865834635,7.236316217920039e-05,0.6231390244651135,,True,,,,,,,,,,,,,,,,,,,,,,,,,,,,,False,,,,,,,,,B1,10,5,2018-01-01,2023-12-31,2024-01-01,2024-12-31,B1,10,unfilled_1m,-1.0278965579279231
4511,2024-07-01 15:15:00+00:00,2024-07-01 10:30:00-05:00,2024-07-01 10:30:00-05:00,L,Long,B,37.82606025013433,19212.18460110003,19177.001664867643,19317.73340979721,1.9069016427971923,True,1.9843539617850396,0.7797700828271295,0,TIME,True,2.9793934197188294,20.999253559168498,0.0,False,,,,,,,,,,,,,,,,False,,,,,,,,,,,,,,,,False,,,,,,,,,,,,,,,,False,,False,,False,,False,,,,,,,,,,,,,,,,False,,,,,,,,,,,,,,,,False,,,,,,,,,,,,,,,,False,,False,,False,,,,,,,,,,,,,,,,,,,,,,,,,,,,,,,,,,,,,,,,,,,,,,,,,,,,,,,,,,,,,,,,,,,,,,,,,,,,,,,,,,,,,,False,,,,,,,,,B1,10,5,2018-01-01,2023-12-31,2024-01-01,2024-12-31,B1,10,unfilled_1m,1.9069016427971923
4512,2024-07-02 16:00:00+00:00,2024-07-02 11:15:00-05:00,2024-07-02 11:15:00-05:00,S,Short,B,46.040950587441614,19348.00826773061,19375.848010321013,19264.489039959393,-1.0260419074510372,True,0.4403154120697337,1.0952591307328023,1,STOP,True,-1.0260419074510372,0.0,26.472648943364188,False,,,,,,,,,,,,,,,,False,,,,,,,,,,,,,,,,False,,,,,,,,,,,,,,,,False,,False,,False,,False,,,,,,,,,,,,,,,,False,,,,,,,,,,,,,,,,False,,,,,,,,,,,,,,,,False,,False,,False,,,,,,,,,,,,,,,,,,,,,,,,,,,,,,,,,,,,,,,,,,,,,,,,,,,,,,,,,,,,,,,,,,,,,,,,,,,,,,,,,,,,,,False,,,,,,,,,B1,10,5,2018-01-01,2023-12-31,2024-01-01,2024-12-31,B1,10,unfilled_1m,-1.0260419074510372
4555,2024-07-23 14:45:00+00:00,2024-07-23 10:00:00-05:00,2024-07-23 10:00:00-05:00,S,Short,B,36.72113238818299,19232.50268031267,19261.57329956372,19145.29082255953,-1.0249392692236463,True,0.12908842017652836,2.8722236346691874,1,STOP,True,-1.0249392692236463,0.0,25.988346280586907,False,,,,,,,,,,,,,,,,False,,,,,,,,,,,,,,,,False,,,,,,,,,,,,,,,,False,,False,,False,,False,,,,,,,,,,,,,,,,False,,,,,,,,,,,,,,,,False,,,,,,,,,,,,,,,,False,,False,,False,,,,,,,,,,,,,,,,,,,,,,,,,,,,,,,,,,,,,,,,,,,,,,,,,,,,,,,,,,,,,,,,,,,,,,,,,,,,,,,,,,,,,,False,,,,,,,,,B1,10,5,2018-01-01,2023-12-31,2024-01-01,2024-12-31,B1,10,unfilled_1m,-1.0249392692236463
4566,2024-07-30 15:00:00+00:00,2024-07-30 10:15:00-05:00,2024-07-30 10:15:00-05:00,S,Short,A+,100.0,18355.901840630584,18390.214914810433,18252.96261809104,2.9788710275214636,True,4.878660529020619,0.0,0,TARGET,True,-1.0211289724785364,0.0,19.419657821296255,False,,,,,,,,,,,,,,,,False,,,,,,,,,,,,,,,,False,,,,,,,,,,,,,,,,False,,False,,False,,False,,,,,,,,,,,,,,,,False,,,,,,,,,,,,,,,,False,,,,,,,,,,,,,,,,False,,False,,False,,,,,,,,,,,,,,,,,,,,,,,,,,,,,,,,,,,,,,,,,,,,,,,,,,,,,,,,,,,,,,,,,,,,,,,,,,,,,,,,,,,,,,False,,,,,,,,,B1,10,5,2018-01-01,2023-12-31,2024-01-01,2024-12-31,B1,10,unfilled_1m,2.9788710275214636
4580,2024-08-06 14:45:00+00:00,2024-08-06 10:00:00-05:00,2024-08-06 10:00:00-05:00,L,Long,A+,87.78545398896391,17535.631724034814,17468.634003078074,17736.62488690504,-1.0108212636138492,True,0.930901455669752,1.3602212542969463,0,STOP,True,2.9891787363861506,11.722313307825601,0.0,False,,,,,,,,,,,,,,,,False,,,,,,,,,,,,,,,,False,,,,,,,,,,,,,,,,False,,False,,False,,False,,,,,,,,,,,,,,,,False,,,,,,,,,,,,,,,,False,,,,,,,,,,,,,,,,False,,False,,False,,,,,,,,,,,,,,,,,,,,,,,,,,,,,,,,,,,,,,,,,,,,,,,,,,,,,,,,,,,,,,,,,,,,,,,,,,,,,,,,,,,,,,False,,,,,,,,,B1,10,5,2018-01-01,2023-12-31,2024-01-01,2024-12-31,B1,10,unfilled_1m,-1.0108212636138492
4595,2024-08-13 17:00:00+00:00,2024-08-13 12:15:00-05:00,2024-08-13 12:15:00-05:00,L,Long,A,49.411555034741546,18341.268211307342,18313.565489702614,18424.376376121538,-1.0261707138505938,True,0.31519605969571174,2.608704384301653,1,STOP,True,2.9738292861494062,26.93712911460999,0.0,False,,,,,,,,,,,,,,,,False,,,,,,,,,,,,,,,,False,,,,,,,,,,,,,,,,False,,False,,False,,False,,,,,,,,,,,,,,,,False,,,,,,,,,,,,,,,,False,,,,,,,,,,,,,,,,False,,False,,False,,,,,,,,,,,,,,,,,,,,,,,,,,,,,,,,,,,,,,,,,,,,,,,,,,,,,,,,,,,,,,,,,,,,,,,,,,,,,,,,,,,,,,False,,,,,,,,,B1,10,5,2018-01-01,2023-12-31,2024-01-01,2024-12-31,B1,10,unfilled_1m,-1.0261707138505938
4598,2024-08-14 16:15:00+00:00,2024-08-14 11:30:00-05:00,2024-08-14 11:30:00-05:00,RS,Short,A+,76.69939309864206,18423.86114644167,18465.328162294307,18320.19360681008,2.482516224399255,True,3.3004821694439506,0.0,0,TARGET,True,-1.0174837756007449,0.0,15.73874657095334,False,,,,,,,,,,,,,,,,False,,,,,,,,,,,,,,,,True,13.0,0.9987787866057419,1.0,0.05811291324400506,0.0025266484019132633,19059.0,2024-08-14 11:43:00-05:00,0.0,STOP,1.178125399599335,1.7146401985111663,0.0011733086587895245,1.1056442257690307,,True,False,,False,,True,13.0,False,,,,,,,,,,,,,,,,False,,,,,,,,,,,,,,,,True,13.0,0.9987787866057419,1.0,0.05811291324400506,0.0025266484019132633,19059.0,2024-08-14 11:43:00-05:00,0.0,STOP,1.178125399599335,1.7146401985111663,0.0011733086587895245,1.1056442257690307,,True,False,,False,,False,,,,,,,,,,,,,,,,0.9987787866057419,1.0,0.05811291324400506,0.0025266484019132633,19059.0,2024-08-14 11:43:00-05:00,0.0,STOP,1.178125399599335,1.7146401985111663,0.0011733086587895245,1.1056442257690307,,True,,,,,,,,,,,,,,,,,,,,,,,,,,,,,,,,,,,,,,,,,,,,,,,,,,,,,,,,,False,,,,,,,,,B1,10,5,2018-01-01,2023-12-31,2024-01-01,2024-12-31,B1,10,unfilled_1m,2.482516224399255
4615,2024-08-23 16:15:00+00:00,2024-08-23 11:30:00-05:00,2024-08-23 11:30:00-05:00,S,Short,A,47.04514980284899,18924.5,18969.313825061512,18790.058524815464,-1.0161780432490388,True,1.5675966044758274,1.5731752400789443,0,STOP,True,-1.0161780432490388,0.0,16.724749538144238,False,,,,,,,,,,,,,,,,False,,,,,,,,,,,,,,,,True,11.0,0.9989571138982098,1.0,0.08415011993754945,0.0007192317943380296,19664.5,2024-08-23 11:41:00-05:00,0.0,STOP,0.976626302450014,1.3208409506398537,0.00047158431804796534,0.9808247072798235,,True,False,,False,,True,11.0,False,,,,,,,,,,,,,,,,False,,,,,,,,,,,,,,,,False,,,,,,,,,,,,,,,,False,,False,,False,,,,,,,,,,,,,,,,0.9989571138982098,1.0,0.08415011993754945,0.0007192317943380296,19664.5,2024-08-23 11:41:00-05:00,0.0,STOP,0.976626302450014,1.3208409506398537,0.00047158431804796534,0.9808247072798235,,True,,,,,,,,,,,,,,,,,,,,,,,,,,,,,,,,,,,,,,,,,,,,,,,,,,,,,,,,,False,,,,,,,,,B1,10,5,2018-01-01,2023-12-31,2024-01-01,2024-12-31,B1,10,unfilled_1m,-1.0161780432490388
4623,2024-08-28 18:00:00+00:00,2024-08-28 13:15:00-05:00,2024-08-28 13:15:00-05:00,S,Short,A,56.07094282375792,18582.25,18618.344708912,18473.965873264,-1.0200860464553831,True,0.16622934997558458,3.2068412099456527,1,STOP,True,-1.0200860464553831,0.0,20.563955836562943,False,,,,,,,,,,,,,,,,False,,,,,,,,,,,,,,,,False,,,,,,,,,,,,,,,,False,,False,,False,,False,,,,,,,,,,,,,,,,False,,,,,,,,,,,,,,,,False,,,,,,,,,,,,,,,,False,,False,,False,,,,,,,,,,,,,,,,,,,,,,,,,,,,,,,,,,,,,,,,,,,,,,,,,,,,,,,,,,,,,,,,,,,,,,,,,,,,,,,,,,,,,,False,,,,,,,,,B1,10,5,2018-01-01,2023-12-31,2024-01-01,2024-12-31,B1,10,unfilled_1m,-1.0200860464553831
4625,2024-08-29 17:00:00+00:00,2024-08-29 12:15:00-05:00,2024-08-29 12:15:00-05:00,RS,Short,A,49.17155918683942,18912.27871580006,18951.574266478197,18814.039839104724,0.3894516182101978,True,1.8838956197972272,0.0,0,TIME,True,-1.0184499259455189,0.0,17.927507619632358,False,,,,,,,,,,,,,,,,False,,,,,,,,,,,,,,,,False,,,,,,,,,,,,,,,,False,,False,,False,,False,,,,,,,,,,,,,,,,False,,,,,,,,,,,,,,,,False,,,,,,,,,,,,,,,,False,,False,,False,,,,,,,,,,,,,,,,,,,,,,,,,,,,,,,,,,,,,,,,,,,,,,,,,,,,,,,,,,,,,,,,,,,,,,,,,,,,,,,,,,,,,,False,,,,,,,,,B1,10,5,2018-01-01,2023-12-31,2024-01-01,2024-12-31,B1,10,unfilled_1m,0.3894516182101978
4628,2024-08-30 17:00:00+00:00,2024-08-30 12:15:00-05:00,2024-08-30 12:15:00-05:00,L,Long,A,55.32573883361375,18736.38596994004,18698.488143571896,18850.07944904448,-1.0191303847602575,True,0.4251966828764547,1.0524606227434592,1,STOP,True,2.980869615239742,19.885415663138712,0.0,False,,,,,,,,,,,,,,,,False,,,,,,,,,,,,,,,,False,,,,,,,,,,,,,,,,False,,False,,False,,False,,,,,,,,,,,,,,,,False,,,,,,,,,,,,,,,,False,,,,,,,,,,,,,,,,False,,False,,False,,,,,,,,,,,,,,,,,,,,,,,,,,,,,,,,,,,,,,,,,,,,,,,,,,,,,,,,,,,,,,,,,,,,,,,,,,,,,,,,,,,,,,False,,,,,,,,,B1,10,5,2018-01-01,2023-12-31,2024-01-01,2024-12-31,B1,10,unfilled_1m,-1.0191303847602575
4632,2024-09-03 14:45:00+00:00,2024-09-03 10:00:00-05:00,2024-09-03 10:00:00-05:00,S,Short,A+,92.24181388168444,18479.27761137957,18517.844246414712,18363.57770627414,1.75806396689231,True,1.9129906280997384,0.44656186895063615,0,TIME,True,-1.0187986325314453,0.0,17.82557352991782,False,,,,,,,,,,,,,,,,False,,,,,,,,,,,,,,,,False,,,,,,,,,,,,,,,,False,,False,,False,,False,,,,,,,,,,,,,,,,False,,,,,,,,,,,,,,,,False,,,,,,,,,,,,,,,,False,,False,,False,,,,,,,,,,,,,,,,,,,,,,,,,,,,,,,,,,,,,,,,,,,,,,,,,,,,,,,,,,,,,,,,,,,,,,,,,,,,,,,,,,,,,,False,,,,,,,,,B1,10,5,2018-01-01,2023-12-31,2024-01-01,2024-12-31,B1,10,unfilled_1m,1.75806396689231
4634,2024-09-03 18:15:00+00:00,2024-09-03 13:30:00-05:00,2024-09-03 13:30:00-05:00,S,Short,A,59.211965879762786,18306.555619868268,18342.71737435712,18198.070356401706,0.2234576276092861,True,0.5131283072559196,0.8902881120344526,0,TIME,True,-1.0200488059898625,0.0,20.44133064283826,False,,,,,,,,,,,,,,,,False,,,,,,,,,,,,,,,,True,14.0,0.9989672844629748,1.0,0.012819917011347316,0.004629414476319864,19044.75,2024-09-03 13:44:00-05:00,0.0,STOP,1.0683024329726376,1.759763851044505,5.60913816978484e-05,1.0578038626902342,,True,False,,False,,True,14.0,False,,,,,,,,,,,,,,,,False,,,,,,,,,,,,,,,,True,15.0,0.998966548420559,1.0,0.0028509009088026494,0.01817449329361689,19044.25,2024-09-03 13:45:00-05:00,0.0,STOP,1.40367532379467,1.817064606741573,3.685202808626435e-05,1.4267006685505548,,True,False,,False,,True,15.0,,,,,,,,,,,,,,,0.9989672844629748,1.0,0.012819917011347316,0.004629414476319864,19044.75,2024-09-03 13:44:00-05:00,0.0,STOP,1.0683024329726376,1.759763851044505,5.60913816978484e-05,1.0578038626902342,,True,,,,,,,,,,,,,,,0.998966548420559,1.0,0.0028509009088026494,0.01817449329361689,19044.25,2024-09-03 13:45:00-05:00,0.0,STOP,1.40367532379467,1.817064606741573,3.685202808626435e-05,1.4267006685505548,,True,,,,,,,,,,,,,,,,,,,,,,,,,,,,,False,,,,,,,,,B1,10,5,2018-01-01,2023-12-31,2024-01-01,2024-12-31,B1,10,unfilled_1m,0.2234576276092861
4636,2024-09-04 15:30:00+00:00,2024-09-04 10:45:00-05:00,2024-09-04 10:45:00-05:00,RS,Short,A+,63.206266631171005,18276.49152513144,18317.31840368033,18174.42432875922,-0.7956394420323362,True,0.9060581275432757,0.9493372074024257,0,TIME,True,-1.017757909146345,0.0,17.91732556758242,False,,,,,,,,,,,,,,,,False,,,,,,,,,,,,,,,,True,11.0,0.9989234244369255,1.0,0.005939727244548887,0.008538357914039025,18990.75,2024-09-04 10:56:00-05:00,0.0,STOP,1.75,1.7385813512944643,0.003012721108103217,1.8220923178734905,,True,False,,False,,True,11.0,False,,,,,,,,,,,,,,,,False,,,,,,,,,,,,,,,,False,,,,,,,,,,,,,,,,False,,False,,False,,,,,,,,,,,,,,,,0.9989234244369255,1.0,0.005939727244548887,0.008538357914039025,18990.75,2024-09-04 10:56:00-05:00,0.0,STOP,1.75,1.7385813512944643,0.003012721108103217,1.8220923178734905,,True,,,,,,,,,,,,,,,,,,,,,,,,,,,,,,,,,,,,,,,,,,,,,,,,,,,,,,,,,False,,,,,,,,,B1,10,5,2018-01-01,2023-12-31,2024-01-01,2024-12-31,B1,10,unfilled_1m,-0.7956394420323362
4638,2024-09-04 17:30:00+00:00,2024-09-04 12:45:00-05:00,2024-09-04 12:45:00-05:00,RS,Short,B,41.84131525597658,18279.94800272388,18318.586912325427,18183.35072872001,-0.0006987069873259,True,1.059760825192593,0.5577796448804986,0,TIME,True,-1.0187634694528478,0.0,19.030091813115206,False,,,,,,,,,,,,,,,,False,,,,,,,,,,,,,,,,False,,,,,,,,,,,,,,,,False,,False,,False,,False,,,,,,,,,,,,,,,,False,,,,,,,,,,,,,,,,False,,,,,,,,,,,,,,,,False,,False,,False,,,,,,,,,,,,,,,,,,,,,,,,,,,,,,,,,,,,,,,,,,,,,,,,,,,,,,,,,,,,,,,,,,,,,,,,,,,,,,,,,,,,,,False,,,,,,,,,B1,10,5,2018-01-01,2023-12-31,2024-01-01,2024-12-31,B1,10,unfilled_1m,-0.0006987069873259
4654,2024-09-11 14:45:00+00:00,2024-09-11 10:00:00-05:00,2024-09-11 10:00:00-05:00,S,Short,A,46.095927512758095,17867.25,17907.288875223665,17747.133374329,-1.0181074017676572,True,0.8866382934508049,2.241571460203091,0,STOP,True,-1.0181074017676572,0.0,18.41335441821425,False,,,,,,,,,,,,,,,,False,,,,,,,,,,,,,,,,False,,,,,,,,,,,,,,,,False,,False,,False,,False,,,,,,,,,,,,,,,,False,,,,,,,,,,,,,,,,False,,,,,,,,,,,,,,,,False,,False,,False,,,,,,,,,,,,,,,,,,,,,,,,,,,,,,,,,,,,,,,,,,,,,,,,,,,,,,,,,,,,,,,,,,,,,,,,,,,,,,,,,,,,,,False,,,,,,,,,B1,10,5,2018-01-01,2023-12-31,2024-01-01,2024-12-31,B1,10,unfilled_1m,-1.0181074017676572
4655,2024-09-11 18:30:00+00:00,2024-09-11 13:45:00-05:00,2024-09-11 13:45:00-05:00,L,Long,A+,74.38949579153913,18398.31286987196,18350.678597549373,18541.21568683971,1.059366033479086,True,1.5154452164017338,0.7990647912954774,0,TIME,True,2.9847798661625355,15.985069006018993,0.0,False,,,,,,,,,,,,,,,,False,,,,,,,,,,,,,,,,False,,,,,,,,,,,,,,,,False,,False,,False,,False,,,,,,,,,,,,,,,,False,,,,,,,,,,,,,,,,False,,,,,,,,,,,,,,,,False,,False,,False,,,,,,,,,,,,,,,,,,,,,,,,,,,,,,,,,,,,,,,,,,,,,,,,,,,,,,,,,,,,,,,,,,,,,,,,,,,,,,,,,,,,,,False,,,,,,,,,B1,10,5,2018-01-01,2023-12-31,2024-01-01,2024-12-31,B1,10,unfilled_1m,1.059366033479086
4665,2024-09-17 16:45:00+00:00,2024-09-17 12:00:00-05:00,2024-09-17 12:00:00-05:00,S,Short,A,58.26478472477401,18669.44159221794,18705.031396414444,18562.67217962843,-1.0203710027736317,True,0.6094889451532852,1.4065378810647307,0,STOP,True,-1.0203710027736315,0.0,20.955676060035945,False,,,,,,,,,,,,,,,,False,,,,,,,,,,,,,,,,True,11.0,0.9989431003165299,1.0,0.002551137166996792,0.0185868565024052,19391.0,2024-09-17 12:11:00-05:00,0.0,STOP,1.1387038158691702,1.556291390728477,0.00044025458767530995,1.0765413246802826,,True,False,,False,,True,11.0,False,,,,,,,,,,,,,,,,False,,,,,,,,,,,,,,,,False,,,,,,,,,,,,,,,,False,,False,,False,,,,,,,,,,,,,,,,0.9989431003165299,1.0,0.002551137166996792,0.0185868565024052,19391.0,2024-09-17 12:11:00-05:00,0.0,STOP,1.1387038158691702,1.556291390728477,0.00044025458767530995,1.0765413246802826,,True,,,,,,,,,,,,,,,,,,,,,,,,,,,,,,,,,,,,,,,,,,,,,,,,,,,,,,,,,False,,,,,,,,,B1,10,5,2018-01-01,2023-12-31,2024-01-01,2024-12-31,B1,10,unfilled_1m,-1.0203710027736317
4687,2024-09-27 16:00:00+00:00,2024-09-27 11:15:00-05:00,2024-09-27 11:15:00-05:00,S,Short,A,46.830424203229015,19253.107989034652,19282.70413682903,19164.31954565152,-1.0244964312598044,True,0.47668328772610025,1.1029141762681822,1,STOP,True,-1.0244964312598044,0.0,32.97361594979988,False,,,,,,,,,,,,,,,,False,,,,,,,,,,,,,,,,False,,,,,,,,,,,,,,,,False,,False,,False,,False,,,,,,,,,,,,,,,,False,,,,,,,,,,,,,,,,False,,,,,,,,,,,,,,,,False,,False,,False,,,,,,,,,,,,,,,,,,,,,,,,,,,,,,,,,,,,,,,,,,,,,,,,,,,,,,,,,,,,,,,,,,,,,,,,,,,,,,,,,,,,,,False,,,,,,,,,B1,10,5,2018-01-01,2023-12-31,2024-01-01,2024-12-31,B1,10,unfilled_1m,-1.0244964312598044
4694,2024-09-30 18:15:00+00:00,2024-09-30 13:30:00-05:00,2024-09-30 13:30:00-05:00,S,Short,A+,73.31367225560223,19176.983196619803,19208.8948630176,19081.248197426416,-0.1015867783206874,True,2.4437206019799858,0.7369343577062971,0,TIME,True,-1.0227189639977592,0.0,28.704762451499473,False,,,,,,,,,,,,,,,,False,,,,,,,,,,,,,,,,False,,,,,,,,,,,,,,,,False,,False,,False,,False,,,,,,,,,,,,,,,,False,,,,,,,,,,,,,,,,False,,,,,,,,,,,,,,,,False,,False,,False,,,,,,,,,,,,,,,,,,,,,,,,,,,,,,,,,,,,,,,,,,,,,,,,,,,,,,,,,,,,,,,,,,,,,,,,,,,,,,,,,,,,,,False,,,,,,,,,B1,10,5,2018-01-01,2023-12-31,2024-01-01,2024-12-31,B1,10,unfilled_1m,-0.1015867783206874
4703,2024-10-04 16:45:00+00:00,2024-10-04 12:00:00-05:00,2024-10-04 12:00:00-05:00,L,Long,B,37.174385250603706,19179.5,19135.491594197356,19311.52521740793,-1.016474125494372,True,0.38628983917837356,1.596285953075338,1,STOP,True,2.983525874505628,22.16621988932373,0.0,False,,,,,,,,,,,,,,,,False,,,,,,,,,,,,,,,,True,14.0,2.9992897437866994,3.0,0.004163570905554419,0.0004898318712416963,20156.25,2024-10-04 12:14:00-05:00,0.0,TARGET,1.3795104962755151,1.484179850124896,0.0006333683471756935,1.391762639078665,,True,False,,False,,True,14.0,False,,,,,,,,,,,,,,,,False,,,,,,,,,,,,,,,,False,,,,,,,,,,,,,,,,False,,False,,False,,,,,,,,,,,,,,,,2.9992897437866994,3.0,0.004163570905554419,0.0004898318712416963,20156.25,2024-10-04 12:14:00-05:00,0.0,TARGET,1.3795104962755151,1.484179850124896,0.0006333683471756935,1.391762639078665,,True,,,,,,,,,,,,,,,,,,,,,,,,,,,,,,,,,,,,,,,,,,,,,,,,,,,,,,,,,False,,,,,,,,,B1,10,5,2018-01-01,2023-12-31,2024-01-01,2024-12-31,B1,10,unfilled_1m,-1.016474125494372
4709,2024-10-08 14:45:00+00:00,2024-10-08 10:00:00-05:00,2024-10-08 10:00:00-05:00,L,Long,B,40.90021907622187,19264.5,19237.80733910524,19344.57798268427,-1.0271610238806237,True,0.8522941976333556,1.030245733402957,0,STOP,True,2.9728389761193768,37.201236846150415,0.0,False,,,,,,,,,,,,,,,,False,,,,,,,,,,,,,,,,False,,,,,,,,,,,,,,,,False,,False,,False,,False,,,,,,,,,,,,,,,,False,,,,,,,,,,,,,,,,False,,,,,,,,,,,,,,,,False,,False,,False,,,,,,,,,,,,,,,,,,,,,,,,,,,,,,,,,,,,,,,,,,,,,,,,,,,,,,,,,,,,,,,,,,,,,,,,,,,,,,,,,,,,,,False,,,,,,,,,B1,10,5,2018-01-01,2023-12-31,2024-01-01,2024-12-31,B1,10,unfilled_1m,-1.0271610238806237
4711,2024-10-09 15:00:00+00:00,2024-10-09 10:15:00-05:00,2024-10-09 10:15:00-05:00,L,Long,B,41.12500956129724,19392.195505993714,19369.96787496607,19458.878399076635,2.967382938870167,True,3.669059195056048,0.0,0,TARGET,True,2.967382938870167,44.56410549439137,0.0,False,,,,,,,,,,,,,,,,False,,,,,,,,,,,,,,,,True,15.0,2.9992942542439587,3.0,0.009491063615730658,0.005597293927225773,20397.25,2024-10-09 10:30:00-05:00,0.0,TARGET,1.1017191977077363,1.4961089494163424,0.0005674299030465132,1.1142505252481345,,True,False,,False,,True,15.0,False,,,,,,,,,,,,,,,,False,,,,,,,,,,,,,,,,True,15.0,2.9992942542439587,3.0,0.009491063615730658,0.005597293927225773,20397.25,2024-10-09 10:30:00-05:00,0.0,TARGET,1.1017191977077363,1.4961089494163424,0.0005674299030465132,1.1142505252481345,,True,False,,False,,False,,,,,,,,,,,,,,,,2.9992942542439587,3.0,0.009491063615730658,0.005597293927225773,20397.25,2024-10-09 10:30:00-05:00,0.0,TARGET,1.1017191977077363,1.4961089494163424,0.0005674299030465132,1.1142505252481345,,True,,,,,,,,,,,,,,,,,,,,,,,,,,,,,,,,,,,,,,,,,,,,,,,,,,,,,,,,,False,,,,,,,,,B1,10,5,2018-01-01,2023-12-31,2024-01-01,2024-12-31,B1,10,unfilled_1m,2.967382938870167
4717,2024-10-14 15:00:00+00:00,2024-10-14 10:15:00-05:00,2024-10-14 10:15:00-05:00,S,Short,B,38.949627865492026,19604.0,19628.552453926874,19530.34263821938,-0.5895541049832326,True,2.1790082636685972,0.87567621810981,0,TIME,True,-1.0295286166571913,0.0,39.78217423436079,False,,,,,,,,,,,,,,,,False,,,,,,,,,,,,,,,,True,12.0,0.999209979362915,1.0,0.01661767546971822,0.0021793672747171438,20546.25,2024-10-14 10:27:00-05:00,0.0,STOP,0.9542787556736412,0.7699178277956413,0.0005106259987308422,0.9359391965255157,,True,False,,False,,True,12.0,False,,,,,,,,,,,,,,,,False,,,,,,,,,,,,,,,,True,12.0,0.999209979362915,1.0,0.01661767546971822,0.0021793672747171438,20546.25,2024-10-14 10:27:00-05:00,0.0,STOP,0.9542787556736412,0.7699178277956413,0.0005106259987308422,0.9359391965255157,,True,False,,False,,False,,,,,,,,,,,,,,,,0.999209979362915,1.0,0.01661767546971822,0.0021793672747171438,20546.25,2024-10-14 10:27:00-05:00,0.0,STOP,0.9542787556736412,0.7699178277956413,0.0005106259987308422,0.9359391965255157,,True,,,,,,,,,,,,,,,,,,,,,,,,,,,,,,,,,,,,,,,,,,,,,,,,,,,,,,,,,False,,,,,,,,,B1,10,5,2018-01-01,2023-12-31,2024-01-01,2024-12-31,B1,10,unfilled_1m,-0.5895541049832326
4730,2024-10-18 16:45:00+00:00,2024-10-18 12:00:00-05:00,2024-10-18 12:00:00-05:00,L,Long,B,37.6866345193867,19518.618385622616,19494.85195003655,19589.91769238081,-0.3510575068104913,True,1.2888602612056737,0.583528210294502,0,TIME,True,2.9694947945654464,41.54521239845945,0.0,False,,,,,,,,,,,,,,,,False,,,,,,,,,,,,,,,,False,,,,,,,,,,,,,,,,False,,False,,False,,False,,,,,,,,,,,,,,,,False,,,,,,,,,,,,,,,,False,,,,,,,,,,,,,,,,False,,False,,False,,,,,,,,,,,,,,,,,,,,,,,,,,,,,,,,,,,,,,,,,,,,,,,,,,,,,,,,,,,,,,,,,,,,,,,,,,,,,,,,,,,,,,False,,,,,,,,,B1,10,5,2018-01-01,2023-12-31,2024-01-01,2024-12-31,B1,10,unfilled_1m,-0.3510575068104913
4743,2024-10-28 17:00:00+00:00,2024-10-28 12:15:00-05:00,2024-10-28 12:15:00-05:00,S,Short,B,41.29115888655413,19550.767654654523,19577.350059739096,19471.0204394008,-1.0272736796273092,True,0.5555424577850904,1.0808783198534568,0,STOP,True,-1.0272736796273092,0.0,36.621304289371096,False,,,,,,,,,,,,,,,,False,,,,,,,,,,,,,,,,False,,,,,,,,,,,,,,,,False,,False,,False,,False,,,,,,,,,,,,,,,,False,,,,,,,,,,,,,,,,False,,,,,,,,,,,,,,,,False,,False,,False,,,,,,,,,,,,,,,,,,,,,,,,,,,,,,,,,,,,,,,,,,,,,,,,,,,,,,,,,,,,,,,,,,,,,,,,,,,,,,,,,,,,,,False,,,,,,,,,B1,10,5,2018-01-01,2023-12-31,2024-01-01,2024-12-31,B1,10,unfilled_1m,-1.0272736796273092
4747,2024-10-29 19:15:00+00:00,2024-10-29 14:30:00-05:00,2024-10-29 14:30:00-05:00,L,Long,B,40.92647652886707,19747.628222503703,19723.91381578147,19818.771442670393,-1.0305721331548348,True,1.0171781979973618,1.7026874412948294,0,STOP,True,2.9694278668451655,42.09979988916662,0.0,False,,,,,,,,,,,,,,,,False,,,,,,,,,,,,,,,,True,13.0,2.9992840115623745,3.0,0.0012344628234925961,0.003950281035176307,20736.5,2024-10-29 14:43:00-05:00,0.0,TARGET,1.3052060202319269,1.2634344399331263,0.0007084868808631854,1.2740847784200386,,True,False,,False,,True,13.0,False,,,,,,,,,,,,,,,,False,,,,,,,,,,,,,,,,True,13.0,2.9992840115623745,3.0,0.0012344628234925961,0.003950281035176307,20736.5,2024-10-29 14:43:00-05:00,0.0,TARGET,1.3052060202319269,1.2634344399331263,0.0007084868808631854,1.2740847784200386,,True,False,,False,,True,14.0,,,,,,,,,,,,,,,2.9992840115623745,3.0,0.0012344628234925961,0.003950281035176307,20736.5,2024-10-29 14:43:00-05:00,0.0,TARGET,1.3052060202319269,1.2634344399331263,0.0007084868808631854,1.2740847784200386,,True,,,,,,,,,,,,,,,2.9992825945858734,3.0,0.00618452943212659,0.002473811772850636,20734.5,2024-10-29 14:44:00-05:00,0.0,TARGET,0.7595274644597211,0.7031636183885318,-7.3255126415739e-05,0.7019491734517641,,True,,,,,,,,,,,,,,,,,,,,,,,,,,,,,False,,,,,,,,,B1,10,5,2018-01-01,2023-12-31,2024-01-01,2024-12-31,B1,10,unfilled_1m,-1.0305721331548348
4782,2024-11-19 19:30:00+00:00,2024-11-19 13:45:00-06:00,2024-11-19 13:45:00-06:00,S,Short,A,46.5212722306559,19766.926856184466,19796.177322042648,19679.175458609916,-0.4631770270333902,True,0.8778272561181516,0.6606097800021642,0,TIME,True,-1.0247859300263829,0.0,32.856678197031215,False,,,,,,,,,,,,,,,,False,,,,,,,,,,,,,,,,True,14.0,0.9992316437123111,1.0,0.006093860212705192,0.0031794053283679268,20739.75,2024-11-19 13:59:00-06:00,0.0,STOP,0.7131933824551648,0.8344176968119714,0.0001633044212520022,0.708612473237102,,True,False,,False,,True,14.0,False,,,,,,,,,,,,,,,,False,,,,,,,,,,,,,,,,False,,,,,,,,,,,,,,,,False,,False,,False,,,,,,,,,,,,,,,,0.9992316437123111,1.0,0.006093860212705192,0.0031794053283679268,20739.75,2024-11-19 13:59:00-06:00,0.0,STOP,0.7131933824551648,0.8344176968119714,0.0001633044212520022,0.708612473237102,,True,,,,,,,,,,,,,,,,,,,,,,,,,,,,,,,,,,,,,,,,,,,,,,,,,,,,,,,,,False,,,,,,,,,B1,10,5,2018-01-01,2023-12-31,2024-01-01,2024-12-31,B1,10,unfilled_1m,-0.4631770270333902
4790,2024-11-22 16:30:00+00:00,2024-11-22 10:45:00-06:00,2024-11-22 10:45:00-06:00,RS,Short,A,47.596924197466734,19809.54861027688,19847.11186013432,19715.64048563328,-1.0193007794254108,True,0.7799807095519351,1.1367863506267926,0,STOP,True,-1.0193007794254108,0.0,25.55560004436204,False,,,,,,,,,,,,,,,,False,,,,,,,,,,,,,,,,True,14.0,0.9992493954837246,1.0,0.013717944607791308,0.0015529748612593934,20813.0,2024-11-22 10:59:00-06:00,0.0,STOP,0.9983769446973596,1.3432040903280784,0.0004914393134188285,0.9822402243340085,,True,False,,False,,True,14.0,False,,,,,,,,,,,,,,,,False,,,,,,,,,,,,,,,,True,14.0,0.9992493954837246,1.0,0.013717944607791308,0.0015529748612593934,20813.0,2024-11-22 10:59:00-06:00,0.0,STOP,0.9983769446973596,1.3432040903280784,0.0004914393134188285,0.9822402243340085,,True,False,,False,,True,15.0,,,,,,,,,,,,,,,0.9992493954837246,1.0,0.013717944607791308,0.0015529748612593934,20813.0,2024-11-22 10:59:00-06:00,0.0,STOP,0.9983769446973596,1.3432040903280784,0.0004914393134188285,0.9822402243340085,,True,,,,,,,,,,,,,,,0.999241543053247,1.0,0.005753811320195734,0.00706149571114931,20803.0,2024-11-22 11:00:00-06:00,0.0,STOP,1.077002501886343,1.361992768179992,0.0005174662479634422,1.0735917026245991,,True,,,,,,,,,,,,,,,,,,,,,,,,,,,,,False,,,,,,,,,B1,10,5,2018-01-01,2023-12-31,2024-01-01,2024-12-31,B1,10,unfilled_1m,-1.0193007794254108
4808,2024-12-03 21:15:00+00:00,2024-12-03 15:30:00-06:00,2024-12-03 15:30:00-06:00,L,Long,B,45.534334442836645,20340.578176491344,20321.377483069493,20398.1802567569,0.1274341220338878,True,0.6990280618397156,0.48582497967122557,0,TIME,True,2.9622409470287723,51.28313868019143,0.0,False,,,,,,,,,,,,,,,,False,,,,,,,,,,,,,,,,True,12.0,2.999278515445706,3.0,0.000248787777342794,0.001741514441399558,21326.25,2024-12-03 15:42:00-06:00,0.0,TARGET,0.24051108605787297,0.5351170568561873,1.4097953461753288e-05,0.2342606149341142,,True,False,,False,,False,,False,,,,,,,,,,,,,,,,False,,,,,,,,,,,,,,,,False,,,,,,,,,,,,,,,,False,,False,,True,14.0,,,,,,,,,,,,,,,,,,,,,,,,,,,,,,,,,,,,,,,,,,,2.999277976553881,3.0,0.0009958944084402079,0.000746920806330156,21325.5,2024-12-03 15:44:00-06:00,0.0,TARGET,1.004601226993865,1.7798913043478262,2.3554542250744576e-05,0.9912977676882331,,True,,,,,,,,,,,,,,,,,,,,,,,,,,,,,False,,,,,,,,,B1,10,5,2018-01-01,2023-12-31,2024-01-01,2024-12-31,B1,10,unfilled_1m,0.1274341220338878
4816,2024-12-09 16:00:00+00:00,2024-12-09 10:15:00-06:00,2024-12-09 10:15:00-06:00,S,Short,A,54.92777269604232,20525.7260552004,20551.71424219761,20447.761494208775,-0.3270310776396971,True,1.4997604567254799,0.7801215529877742,0,TIME,True,-1.0278972904142127,0.0,36.49827303849543,False,,,,,,,,,,,,,,,,False,,,,,,,,,,,,,,,,False,,,,,,,,,,,,,,,,False,,False,,False,,False,,,,,,,,,,,,,,,,False,,,,,,,,,,,,,,,,False,,,,,,,,,,,,,,,,False,,False,,False,,,,,,,,,,,,,,,,,,,,,,,,,,,,,,,,,,,,,,,,,,,,,,,,,,,,,,,,,,,,,,,,,,,,,,,,,,,,,,,,,,,,,,False,,,,,,,,,B1,10,5,2018-01-01,2023-12-31,2024-01-01,2024-12-31,B1,10,unfilled_1m,-0.3270310776396971
4843,2024-12-24 18:00:00+00:00,2024-12-24 12:15:00-06:00,2024-12-24 12:15:00-06:00,L,Long,A,47.094556154664765,20790.08632230011,20765.431577710035,20864.05055607035,0.849275790442282,True,1.9028255404751995,0.0,0,TIME,True,2.970593895331131,52.501605643114836,0.0,False,,,,,,,,,,,,,,,,False,,,,,,,,,,,,,,,,False,,,,,,,,,,,,,,,,False,,False,,False,,False,,,,,,,,,,,,,,,,False,,,,,,,,,,,,,,,,False,,,,,,,,,,,,,,,,False,,False,,False,,,,,,,,,,,,,,,,,,,,,,,,,,,,,,,,,,,,,,,,,,,,,,,,,,,,,,,,,,,,,,,,,,,,,,,,,,,,,,,,,,,,,,False,,,,,,,,,B1,10,5,2018-01-01,2023-12-31,2024-01-01,2024-12-31,B1,10,unfilled_1m,0.849275790442282
4851,2024-12-30 20:30:00+00:00,2024-12-30 14:45:00-06:00,2024-12-30 14:45:00-06:00,S,Short,B,41.930837884449474,20221.75,20260.921580569575,20104.235258291275,2.9814916837804826,True,3.0315345531968356,0.8169187848614631,0,TARGET,True,-1.0185083162195174,0.0,32.23638111199414,False,,,,,,,,,,,,,,,,False,,,,,,,,,,,,,,,,True,11.0,0.999385243340146,1.0,0.0010599252756104249,0.007843447039517143,21440.25,2024-12-30 14:56:00-06:00,0.0,STOP,2.159493913543564,1.360671578693079,0.00319317863985702,2.346508358069052,,True,False,,False,,True,11.0,False,,,,,,,,,,,,,,,,False,,,,,,,,,,,,,,,,True,11.0,0.999385243340146,1.0,0.0010599252756104249,0.007843447039517143,21440.25,2024-12-30 14:56:00-06:00,0.0,STOP,2.159493913543564,1.360671578693079,0.00319317863985702,2.346508358069052,,True,False,,False,,False,,,,,,,,,,,,,,,,0.999385243340146,1.0,0.0010599252756104249,0.007843447039517143,21440.25,2024-12-30 14:56:00-06:00,0.0,STOP,2.159493913543564,1.360671578693079,0.00319317863985702,2.346508358069052,,True,,,,,,,,,,,,,,,,,,,,,,,,,,,,,,,,,,,,,,,,,,,,,,,,,,,,,,,,,False,,,,,,,,,B1,10,5,2018-01-01,2023-12-31,2024-01-01,2024-12-31,B1,10,unfilled_1m,2.9814916837804826
4871,2025-01-14 20:00:00+00:00,2025-01-14 14:15:00-06:00,2025-01-14 14:15:00-06:00,S,Short,A+,100.0,19602.17587234937,19649.955511344833,19458.836955362975,-1.0151738274972908,True,1.2856077115861275,1.66544011892148,0,STOP,True,-1.0151738274972908,0.0,25.404631620717606,False,,,,,,,,,,,,,,,,False,,,,,,,,,,,,,,,,False,,,,,,,,,,,,,,,,False,,False,,False,,False,,,,,,,,,,,,,,,,False,,,,,,,,,,,,,,,,False,,,,,,,,,,,,,,,,False,,False,,False,,,,,,,,,,,,,,,,,,,,,,,,,,,,,,,,,,,,,,,,,,,,,,,,,,,,,,,,,,,,,,,,,,,,,,,,,,,,,,,,,,,,,,False,,,,,,,,,B1,10,6,2018-01-01,2024-12-31,2025-01-01,2025-12-31,B1,10,unfilled_1m,-1.0151738274972908
4875,2025-01-16 16:00:00+00:00,2025-01-16 10:15:00-06:00,2025-01-16 10:15:00-06:00,L,Long,B,44.47888293507203,20184.435720738675,20148.65570130863,20291.775779028805,-1.0202627055979527,True,0.44198632402212956,1.26986294201181,1,STOP,True,2.9797372944020473,35.30781423222359,0.0,False,,,,,,,,,,,,,,,,False,,,,,,,,,,,,,,,,False,,,,,,,,,,,,,,,,False,,False,,False,,False,,,,,,,,,,,,,,,,False,,,,,,,,,,,,,,,,False,,,,,,,,,,,,,,,,False,,False,,False,,,,,,,,,,,,,,,,,,,,,,,,,,,,,,,,,,,,,,,,,,,,,,,,,,,,,,,,,,,,,,,,,,,,,,,,,,,,,,,,,,,,,,False,,,,,,,,,B1,10,6,2018-01-01,2024-12-31,2025-01-01,2025-12-31,B1,10,unfilled_1m,-1.0202627055979527
4883,2025-01-23 21:00:00+00:00,2025-01-23 15:15:00-06:00,2025-01-23 15:15:00-06:00,L,Long,B,39.0624492248015,20777.75,20754.937831367424,20846.186505897724,-1.0317812835630498,True,0.0,1.2931694691171973,1,STOP,True,2.96821871643695,54.6747667917432,0.0,False,,,,,,,,,,,,,,,,False,,,,,,,,,,,,,,,,False,,,,,,,,,,,,,,,,False,,False,,False,,False,,,,,,,,,,,,,,,,False,,,,,,,,,,,,,,,,False,,,,,,,,,,,,,,,,False,,False,,False,,,,,,,,,,,,,,,,,,,,,,,,,,,,,,,,,,,,,,,,,,,,,,,,,,,,,,,,,,,,,,,,,,,,,,,,,,,,,,,,,,,,,,False,,,,,,,,,B1,10,6,2018-01-01,2024-12-31,2025-01-01,2025-12-31,B1,10,unfilled_1m,-1.0317812835630498
4890,2025-01-29 18:00:00+00:00,2025-01-29 12:15:00-06:00,2025-01-29 12:15:00-06:00,S,Short,A,51.34545483759664,20226.532290762945,20262.78955152101,20117.760508488744,-1.0199959948667303,True,1.276497170367428,1.1574980668587453,0,STOP,True,-1.0199959948667305,0.0,34.054357207952435,False,,,,,,,,,,,,,,,,False,,,,,,,,,,,,,,,,False,,,,,,,,,,,,,,,,False,,False,,False,,False,,,,,,,,,,,,,,,,False,,,,,,,,,,,,,,,,False,,,,,,,,,,,,,,,,False,,False,,False,,,,,,,,,,,,,,,,,,,,,,,,,,,,,,,,,,,,,,,,,,,,,,,,,,,,,,,,,,,,,,,,,,,,,,,,,,,,,,,,,,,,,,False,,,,,,,,,B1,10,6,2018-01-01,2024-12-31,2025-01-01,2025-12-31,B1,10,unfilled_1m,-1.0199959948667303
4894,2025-01-30 16:00:00+00:00,2025-01-30 10:15:00-06:00,2025-01-30 10:15:00-06:00,S,Short,A+,71.3769320913578,20207.98976353381,20251.81551749481,20076.51250165079,-1.0165427844240884,True,0.6785910302940338,2.219248448132496,0,STOP,True,-1.0165427844240884,0.0,28.39107428872485,False,,,,,,,,,,,,,,,,False,,,,,,,,,,,,,,,,False,,,,,,,,,,,,,,,,False,,False,,False,,False,,,,,,,,,,,,,,,,False,,,,,,,,,,,,,,,,False,,,,,,,,,,,,,,,,False,,False,,False,,,,,,,,,,,,,,,,,,,,,,,,,,,,,,,,,,,,,,,,,,,,,,,,,,,,,,,,,,,,,,,,,,,,,,,,,,,,,,,,,,,,,,False,,,,,,,,,B1,10,6,2018-01-01,2024-12-31,2025-01-01,2025-12-31,B1,10,unfilled_1m,-1.0165427844240884
4898,2025-01-31 16:30:00+00:00,2025-01-31 10:45:00-06:00,2025-01-31 10:45:00-06:00,S,Short,B,42.33342446025916,20660.661126871033,20688.588100447763,20576.88020614084,-1.0259605645419487,True,1.545499613570604,1.0505568406242618,0,STOP,True,-1.0259605645419487,0.0,44.28832468118013,False,,,,,,,,,,,,,,,,False,,,,,,,,,,,,,,,,False,,,,,,,,,,,,,,,,False,,False,,False,,False,,,,,,,,,,,,,,,,False,,,,,,,,,,,,,,,,False,,,,,,,,,,,,,,,,False,,False,,False,,,,,,,,,,,,,,,,,,,,,,,,,,,,,,,,,,,,,,,,,,,,,,,,,,,,,,,,,,,,,,,,,,,,,,,,,,,,,,,,,,,,,,False,,,,,,,,,B1,10,6,2018-01-01,2024-12-31,2025-01-01,2025-12-31,B1,10,unfilled_1m,-1.0259605645419487
4916,2025-02-11 17:00:00+00:00,2025-02-11 11:15:00-06:00,2025-02-11 11:15:00-06:00,S,Short,A+,68.0338147120425,20534.155678029216,20561.531313182884,20452.028772568206,0.7737054468443045,True,2.179152289776971,0.5239813392553183,0,TIME,True,-1.0264834037979516,0.0,43.73759057094719,False,,,,,,,,,,,,,,,,False,,,,,,,,,,,,,,,,False,,,,,,,,,,,,,,,,False,,False,,False,,False,,,,,,,,,,,,,,,,False,,,,,,,,,,,,,,,,False,,,,,,,,,,,,,,,,False,,False,,False,,,,,,,,,,,,,,,,,,,,,,,,,,,,,,,,,,,,,,,,,,,,,,,,,,,,,,,,,,,,,,,,,,,,,,,,,,,,,,,,,,,,,,False,,,,,,,,,B1,10,6,2018-01-01,2024-12-31,2025-01-01,2025-12-31,B1,10,unfilled_1m,0.7737054468443045
4925,2025-02-14 18:00:00+00:00,2025-02-14 12:15:00-06:00,2025-02-14 12:15:00-06:00,L,Long,B,43.60300199406965,20917.75,20893.531776286633,20990.404671140102,1.5700986352278077,True,1.641325989488635,0.8361472021923234,0,TIME,True,2.9700638656005216,51.593379216755956,0.0,False,,,,,,,,,,,,,,,,False,,,,,,,,,,,,,,,,True,15.0,2.999430353092702,3.0,0.002946449520506393,0.0033393094565739123,22166.25,2025-02-14 12:30:00-06:00,0.0,TARGET,2.299107142857143,1.8997848140178297,0.0009338687917370146,2.451165096678235,,True,False,,False,,True,15.0,False,,,,,,,,,,,,,,,,False,,,,,,,,,,,,,,,,True,15.0,2.999430353092702,3.0,0.002946449520506393,0.0033393094565739123,22166.25,2025-02-14 12:30:00-06:00,0.0,TARGET,2.299107142857143,1.8997848140178297,0.0009338687917370146,2.451165096678235,,True,False,,False,,False,,,,,,,,,,,,,,,,2.999430353092702,3.0,0.002946449520506393,0.0033393094565739123,22166.25,2025-02-14 12:30:00-06:00,0.0,TARGET,2.299107142857143,1.8997848140178297,0.0009338687917370146,2.451165096678235,,True,,,,,,,,,,,,,,,,,,,,,,,,,,,,,,,,,,,,,,,,,,,,,,,,,,,,,,,,,False,,,,,,,,,B1,10,6,2018-01-01,2024-12-31,2025-01-01,2025-12-31,B1,10,unfilled_1m,1.5700986352278077
4939,2025-02-21 19:30:00+00:00,2025-02-21 13:45:00-06:00,2025-02-21 13:45:00-06:00,S,Short,A,46.269767111716966,20447.5,20487.479467657256,20327.561597028227,0.5008821070774154,True,0.662840241575606,0.6128145629661262,0,TIME,True,-1.0181343084959364,0.0,31.30356838988192,False,,,,,,,,,,,,,,,,False,,,,,,,,,,,,,,,,False,,,,,,,,,,,,,,,,False,,False,,False,,False,,,,,,,,,,,,,,,,False,,,,,,,,,,,,,,,,False,,,,,,,,,,,,,,,,False,,False,,False,,,,,,,,,,,,,,,,,,,,,,,,,,,,,,,,,,,,,,,,,,,,,,,,,,,,,,,,,,,,,,,,,,,,,,,,,,,,,,,,,,,,,,False,,,,,,,,,B1,10,6,2018-01-01,2024-12-31,2025-01-01,2025-12-31,B1,10,unfilled_1m,0.5008821070774154
4944,2025-02-25 20:45:00+00:00,2025-02-25 15:00:00-06:00,2025-02-25 15:00:00-06:00,S,Short,A,48.60649796985309,19906.34511358072,19954.245215429284,19762.644808035024,-1.0151356671911067,True,0.2838222270111165,1.062730233439073,1,STOP,True,-1.0151356671911067,0.0,26.26622570442343,False,,,,,,,,,,,,,,,,False,,,,,,,,,,,,,,,,False,,,,,,,,,,,,,,,,False,,False,,False,,False,,,,,,,,,,,,,,,,False,,,,,,,,,,,,,,,,False,,,,,,,,,,,,,,,,False,,False,,False,,,,,,,,,,,,,,,,,,,,,,,,,,,,,,,,,,,,,,,,,,,,,,,,,,,,,,,,,,,,,,,,,,,,,,,,,,,,,,,,,,,,,,False,,,,,,,,,B1,10,6,2018-01-01,2024-12-31,2025-01-01,2025-12-31,B1,10,unfilled_1m,-1.0151356671911067
4945,2025-02-25 20:45:00+00:00,2025-02-25 15:00:00-06:00,2025-02-25 15:00:00-06:00,RS,Short,A,48.60649796985309,19918.22011358072,19966.120215429284,19798.469858959303,-0.6785974385199491,True,0.5317340172102792,0.9244215504858557,0,TIME,True,-1.0151356671911067,0.0,26.01831391422427,False,,,,,,,,,,,,,,,,False,,,,,,,,,,,,,,,,False,,,,,,,,,,,,,,,,False,,False,,False,,False,,,,,,,,,,,,,,,,False,,,,,,,,,,,,,,,,False,,,,,,,,,,,,,,,,False,,False,,False,,,,,,,,,,,,,,,,,,,,,,,,,,,,,,,,,,,,,,,,,,,,,,,,,,,,,,,,,,,,,,,,,,,,,,,,,,,,,,,,,,,,,,False,,,,,,,,,B1,10,6,2018-01-01,2024-12-31,2025-01-01,2025-12-31,B1,10,unfilled_1m,-0.6785974385199491
4951,2025-02-27 19:30:00+00:00,2025-02-27 13:45:00-06:00,2025-02-27 13:45:00-06:00,S,Short,A+,100.0,19636.40131683494,19693.16446744874,19466.111864993545,2.9872276293306426,True,3.5128655594122065,0.0,0,TARGET,True,-1.0127723706693574,0.0,21.37123591709451,False,,,,,,,,,,,,,,,,False,,,,,,,,,,,,,,,,True,15.0,0.9993560338263999,1.0,0.03264242328248486,0.0002220573012413936,20819.0,2025-02-27 14:00:00-06:00,0.0,STOP,1.1122120386425565,1.439102564102564,0.0008007670432772187,1.1230264186337346,,True,False,,False,,True,15.0,False,,,,,,,,,,,,,,,,False,,,,,,,,,,,,,,,,False,,,,,,,,,,,,,,,,False,,False,,False,,,,,,,,,,,,,,,,0.9993560338263999,1.0,0.03264242328248486,0.0002220573012413936,20819.0,2025-02-27 14:00:00-06:00,0.0,STOP,1.1122120386425565,1.439102564102564,0.0008007670432772187,1.1230264186337346,,True,,,,,,,,,,,,,,,,,,,,,,,,,,,,,,,,,,,,,,,,,,,,,,,,,,,,,,,,,False,,,,,,,,,B1,10,6,2018-01-01,2024-12-31,2025-01-01,2025-12-31,B1,10,unfilled_1m,2.9872276293306426
4954,2025-02-28 17:45:00+00:00,2025-02-28 12:00:00-06:00,2025-02-28 12:00:00-06:00,S,Short,A+,100.0,19345.74006354231,19403.07712101551,19173.728891122708,-1.0126445275001923,True,1.9008660078737825,1.2820667766574638,0,STOP,True,-1.0126445275001925,0.0,21.373784956273877,False,,,,,,,,,,,,,,,,False,,,,,,,,,,,,,,,,False,,,,,,,,,,,,,,,,False,,False,,False,,False,,,,,,,,,,,,,,,,False,,,,,,,,,,,,,,,,False,,,,,,,,,,,,,,,,False,,False,,False,,,,,,,,,,,,,,,,,,,,,,,,,,,,,,,,,,,,,,,,,,,,,,,,,,,,,,,,,,,,,,,,,,,,,,,,,,,,,,,,,,,,,,False,,,,,,,,,B1,10,6,2018-01-01,2024-12-31,2025-01-01,2025-12-31,B1,10,unfilled_1m,-1.0126445275001923
4969,2025-03-10 14:45:00+00:00,2025-03-10 10:00:00-05:00,2025-03-10 10:00:00-05:00,S,Short,A+,92.86463938857894,18363.6034642456,18416.64183824946,18204.488342234017,-1.0136693481581325,True,1.1662021207720024,1.7326424024181597,0,STOP,True,-1.0136693481581325,0.0,23.037971255783255,False,,,,,,,,,,,,,,,,False,,,,,,,,,,,,,,,,False,,,,,,,,,,,,,,,,False,,False,,False,,False,,,,,,,,,,,,,,,,False,,,,,,,,,,,,,,,,False,,,,,,,,,,,,,,,,False,,False,,False,,,,,,,,,,,,,,,,,,,,,,,,,,,,,,,,,,,,,,,,,,,,,,,,,,,,,,,,,,,,,,,,,,,,,,,,,,,,,,,,,,,,,,False,,,,,,,,,B1,10,6,2018-01-01,2024-12-31,2025-01-01,2025-12-31,B1,10,unfilled_1m,-1.0136693481581325
4970,2025-03-10 19:00:00+00:00,2025-03-10 14:15:00-05:00,2025-03-10 14:15:00-05:00,S,Short,A,52.27506348779111,18097.5,18156.81774385073,17919.54676844781,-1.0122223124639471,True,0.12643771514428048,2.6130461129817966,1,STOP,True,-1.0122223124639471,0.0,21.57448879411906,False,,,,,,,,,,,,,,,,False,,,,,,,,,,,,,,,,False,,,,,,,,,,,,,,,,False,,False,,False,,False,,,,,,,,,,,,,,,,False,,,,,,,,,,,,,,,,False,,,,,,,,,,,,,,,,False,,False,,False,,,,,,,,,,,,,,,,,,,,,,,,,,,,,,,,,,,,,,,,,,,,,,,,,,,,,,,,,,,,,,,,,,,,,,,,,,,,,,,,,,,,,,False,,,,,,,,,B1,10,6,2018-01-01,2024-12-31,2025-01-01,2025-12-31,B1,10,unfilled_1m,-1.0122223124639471
4971,2025-03-11 16:00:00+00:00,2025-03-11 11:15:00-05:00,2025-03-11 11:15:00-05:00,S,Short,A+,91.63086164719373,18155.24976074288,18230.934462712117,17928.19565483516,1.5561237301397326,True,1.687920509944119,0.40959716363446275,0,TIME,True,-1.0095792145722486,0.0,15.941137480432088,False,,,,,,,,,,,,,,,,False,,,,,,,,,,,,,,,,False,,,,,,,,,,,,,,,,False,,False,,False,,False,,,,,,,,,,,,,,,,False,,,,,,,,,,,,,,,,False,,,,,,,,,,,,,,,,False,,False,,False,,,,,,,,,,,,,,,,,,,,,,,,,,,,,,,,,,,,,,,,,,,,,,,,,,,,,,,,,,,,,,,,,,,,,,,,,,,,,,,,,,,,,,False,,,,,,,,,B1,10,6,2018-01-01,2024-12-31,2025-01-01,2025-12-31,B1,10,unfilled_1m,1.5561237301397326
5009,2025-03-27 17:15:00+00:00,2025-03-27 12:30:00-05:00,2025-03-27 12:30:00-05:00,RS,Short,A,47.55571001920151,18610.16388526236,18653.671668068284,18501.394428247542,-0.3461705875664726,True,1.4058148064035072,0.3812217876426185,0,TIME,True,-1.016663685282102,0.0,32.70302513654762,False,,,,,,,,,,,,,,,,False,,,,,,,,,,,,,,,,False,,,,,,,,,,,,,,,,False,,False,,False,,False,,,,,,,,,,,,,,,,False,,,,,,,,,,,,,,,,False,,,,,,,,,,,,,,,,False,,False,,False,,,,,,,,,,,,,,,,,,,,,,,,,,,,,,,,,,,,,,,,,,,,,,,,,,,,,,,,,,,,,,,,,,,,,,,,,,,,,,,,,,,,,,False,,,,,,,,,B1,10,6,2018-01-01,2024-12-31,2025-01-01,2025-12-31,B1,10,unfilled_1m,-0.3461705875664726
5017,2025-04-01 16:30:00+00:00,2025-04-01 11:45:00-05:00,2025-04-01 11:45:00-05:00,S,Short,A+,72.40771288539388,18082.132156153217,18130.403747229037,17937.317382925754,-1.0150191858988291,True,0.8313825017737985,1.183260020517425,0,STOP,True,-1.0150191858988291,0.0,29.600595547026277,False,,,,,,,,,,,,,,,,False,,,,,,,,,,,,,,,,True,14.0,0.9994943669876747,1.0,0.005405042545546863,0.012379290991413784,19564.25,2025-04-01 11:59:00-05:00,0.0,STOP,1.131767412519945,1.3962644204358177,0.0013433869733804338,1.1512909557602296,,True,False,,False,,True,14.0,False,,,,,,,,,,,,,,,,False,,,,,,,,,,,,,,,,False,,,,,,,,,,,,,,,,False,,False,,False,,,,,,,,,,,,,,,,0.9994943669876747,1.0,0.005405042545546863,0.012379290991413784,19564.25,2025-04-01 11:59:00-05:00,0.0,STOP,1.131767412519945,1.3962644204358177,0.0013433869733804338,1.1512909557602296,,True,,,,,,,,,,,,,,,,,,,,,,,,,,,,,,,,,,,,,,,,,,,,,,,,,,,,,,,,,False,,,,,,,,,B1,10,6,2018-01-01,2024-12-31,2025-01-01,2025-12-31,B1,10,unfilled_1m,-1.0150191858988291
5023,2025-04-03 15:30:00+00:00,2025-04-03 10:45:00-05:00,2025-04-03 10:45:00-05:00,RL,Long,A+,97.58677139858106,17363.220247229383,17297.815846881906,17526.731248098073,2.488915118919396,True,2.542332807688993,0.0,0,TARGET,True,2.488915118919396,23.83677160080788,0.0,False,,,,,,,,,,,,,,,,False,,,,,,,,,,,,,,,,True,13.0,2.4995499505683725,2.5,0.0010863262142730863,0.01567413537736882,18908.75,2025-04-03 10:58:00-05:00,0.0,TARGET,1.026844558752612,1.1515719642342084,0.0002036851148013971,1.0077935190736125,,True,False,,False,,True,13.0,False,,,,,,,,,,,,,,,,False,,,,,,,,,,,,,,,,True,13.0,2.4995499505683725,2.5,0.0010863262142730863,0.01567413537736882,18908.75,2025-04-03 10:58:00-05:00,0.0,TARGET,1.026844558752612,1.1515719642342084,0.0002036851148013971,1.0077935190736125,,True,False,,False,,True,15.0,,,,,,,,,,,,,,,2.4995499505683725,2.5,0.0010863262142730863,0.01567413537736882,18908.75,2025-04-03 10:58:00-05:00,0.0,TARGET,1.026844558752612,1.1515719642342084,0.0002036851148013971,1.0077935190736125,,True,,,,,,,,,,,,,,,2.499549321102844,2.5,0.009479797491907343,0.0032635368414762984,18906.5,2025-04-03 11:00:00-05:00,0.0,TARGET,0.8651718786117624,0.9868916679222539,0.0009849719560577797,0.8409835013160428,,True,,,,,,,,,,,,,,,,,,,,,,,,,,,,,False,,,,,,,,,B1,10,6,2018-01-01,2024-12-31,2025-01-01,2025-12-31,B1,10,unfilled_1m,2.488915118919396
5028,2025-04-07 15:15:00+00:00,2025-04-07 10:30:00-05:00,2025-04-07 10:30:00-05:00,S,Short,A+,100.0,15744.465269531453,16002.27857100883,14971.02536509932,-1.0028121124699363,True,0.014410697625617206,1.421706049952236,1,STOP,True,-1.0028121124699363,0.0,6.025812949006691,False,,,,,,,,,,,,,,,,False,,,,,,,,,,,,,,,,True,15.0,0.9995005928923266,1.0,0.01997628430693668,0.027209076900827547,17454.0,2025-04-07 10:45:00-05:00,0.0,STOP,0.9379963050594755,1.0110396869759641,0.004505933528217483,0.9320150719783582,,True,False,,False,,True,15.0,False,,,,,,,,,,,,,,,,False,,,,,,,,,,,,,,,,False,,,,,,,,,,,,,,,,False,,False,,False,,,,,,,,,,,,,,,,0.9995005928923266,1.0,0.01997628430693668,0.027209076900827547,17454.0,2025-04-07 10:45:00-05:00,0.0,STOP,0.9379963050594755,1.0110396869759641,0.004505933528217483,0.9320150719783582,,True,,,,,,,,,,,,,,,,,,,,,,,,,,,,,,,,,,,,,,,,,,,,,,,,,,,,,,,,,False,,,,,,,,,B1,10,6,2018-01-01,2024-12-31,2025-01-01,2025-12-31,B1,10,unfilled_1m,-1.0028121124699363
5039,2025-04-10 19:30:00+00:00,2025-04-10 14:45:00-05:00,2025-04-10 14:45:00-05:00,RS,Short,A+,100.0,16991.59306698404,17143.744029059457,16611.215661795504,-0.1520327752150042,True,1.3528870549107261,0.832442537912968,0,TIME,True,-1.0047650043753298,0.0,8.674982497723112,False,,,,,,,,,,,,,,,,False,,,,,,,,,,,,,,,,False,,,,,,,,,,,,,,,,False,,False,,False,,False,,,,,,,,,,,,,,,,False,,,,,,,,,,,,,,,,False,,,,,,,,,,,,,,,,False,,False,,False,,,,,,,,,,,,,,,,,,,,,,,,,,,,,,,,,,,,,,,,,,,,,,,,,,,,,,,,,,,,,,,,,,,,,,,,,,,,,,,,,,,,,,False,,,,,,,,,B1,10,6,2018-01-01,2024-12-31,2025-01-01,2025-12-31,B1,10,unfilled_1m,-0.1520327752150042
5052,2025-04-16 17:45:00+00:00,2025-04-16 13:00:00-05:00,2025-04-16 13:00:00-05:00,S,Short,A+,100.0,16933.461581849697,16990.93002968216,16761.056238352303,2.9873843817373738,True,3.1227845647211048,0.0,0,TARGET,True,-1.012615618262626,0.0,24.84908627275673,False,,,,,,,,,,,,,,,,False,,,,,,,,,,,,,,,,False,,,,,,,,,,,,,,,,False,,False,,False,,False,,,,,,,,,,,,,,,,False,,,,,,,,,,,,,,,,False,,,,,,,,,,,,,,,,False,,False,,False,,,,,,,,,,,,,,,,,,,,,,,,,,,,,,,,,,,,,,,,,,,,,,,,,,,,,,,,,,,,,,,,,,,,,,,,,,,,,,,,,,,,,,False,,,,,,,,,B1,10,6,2018-01-01,2024-12-31,2025-01-01,2025-12-31,B1,10,unfilled_1m,2.9873843817373738
5059,2025-04-21 17:00:00+00:00,2025-04-21 12:15:00-05:00,2025-04-21 12:15:00-05:00,S,Short,A+,76.42212736442663,16327.33573018492,16369.38153782566,16201.198307262695,1.3107306834443666,True,1.9701305512479574,0.0,0,TIME,True,-1.0172430984367034,0.0,33.75875858880414,False,,,,,,,,,,,,,,,,False,,,,,,,,,,,,,,,,False,,,,,,,,,,,,,,,,False,,False,,False,,False,,,,,,,,,,,,,,,,False,,,,,,,,,,,,,,,,False,,,,,,,,,,,,,,,,False,,False,,False,,,,,,,,,,,,,,,,,,,,,,,,,,,,,,,,,,,,,,,,,,,,,,,,,,,,,,,,,,,,,,,,,,,,,,,,,,,,,,,,,,,,,,False,,,,,,,,,B1,10,6,2018-01-01,2024-12-31,2025-01-01,2025-12-31,B1,10,unfilled_1m,1.3107306834443666
5061,2025-04-22 15:30:00+00:00,2025-04-22 10:45:00-05:00,2025-04-22 10:45:00-05:00,RS,Short,A,62.452541399998395,16897.98952087255,16933.218750510146,16809.91644677856,-1.0205795019493211,True,1.8518577199578392,1.2208748124753042,0,STOP,True,-1.0205795019493213,0.0,39.931627617146894,False,,,,,,,,,,,,,,,,False,,,,,,,,,,,,,,,,False,,,,,,,,,,,,,,,,False,,False,,False,,False,,,,,,,,,,,,,,,,False,,,,,,,,,,,,,,,,False,,,,,,,,,,,,,,,,False,,False,,False,,,,,,,,,,,,,,,,,,,,,,,,,,,,,,,,,,,,,,,,,,,,,,,,,,,,,,,,,,,,,,,,,,,,,,,,,,,,,,,,,,,,,,False,,,,,,,,,B1,10,6,2018-01-01,2024-12-31,2025-01-01,2025-12-31,B1,10,unfilled_1m,-1.0205795019493211
5069,2025-04-30 17:30:00+00:00,2025-04-30 12:45:00-05:00,2025-04-30 12:45:00-05:00,L,Long,A+,71.8855709320428,18014.34081338105,17961.65032733444,18172.412271520898,-0.2052707081024728,True,2.12864209526794,0.42400089764379434,0,TIME,True,2.986240400224082,28.229179463311525,0.0,False,,,,,,,,,,,,,,,,False,,,,,,,,,,,,,,,,False,,,,,,,,,,,,,,,,False,,False,,False,,False,,,,,,,,,,,,,,,,False,,,,,,,,,,,,,,,,False,,,,,,,,,,,,,,,,False,,False,,False,,,,,,,,,,,,,,,,,,,,,,,,,,,,,,,,,,,,,,,,,,,,,,,,,,,,,,,,,,,,,,,,,,,,,,,,,,,,,,,,,,,,,,False,,,,,,,,,B1,10,6,2018-01-01,2024-12-31,2025-01-01,2025-12-31,B1,10,unfilled_1m,-0.2052707081024728
5072,2025-05-01 15:45:00+00:00,2025-05-01 11:00:00-05:00,2025-05-01 11:00:00-05:00,RS,Short,A+,86.62841635021609,18583.522413837276,18624.93774604196,18479.98408332557,2.4824944057814897,True,3.1153296851421484,0.0,0,TARGET,True,-1.0175055942185103,0.0,33.767146409719146,False,,,,,,,,,,,,,,,,False,,,,,,,,,,,,,,,,True,15.0,0.9994519252465112,1.0,0.02475785955414867,0.0005669738829194353,19947.75,2025-05-01 11:15:00-05:00,0.0,STOP,1.4236950101637709,1.7949709864603483,0.0013725711897456488,1.3736446730562852,,True,False,,False,,True,15.0,False,,,,,,,,,,,,,,,,False,,,,,,,,,,,,,,,,True,15.0,0.9994519252465112,1.0,0.02475785955414867,0.0005669738829194353,19947.75,2025-05-01 11:15:00-05:00,0.0,STOP,1.4236950101637709,1.7949709864603483,0.0013725711897456488,1.3736446730562852,,True,False,,False,,False,,,,,,,,,,,,,,,,0.9994519252465112,1.0,0.02475785955414867,0.0005669738829194353,19947.75,2025-05-01 11:15:00-05:00,0.0,STOP,1.4236950101637709,1.7949709864603483,0.0013725711897456488,1.3736446730562852,,True,,,,,,,,,,,,,,,,,,,,,,,,,,,,,,,,,,,,,,,,,,,,,,,,,,,,,,,,,False,,,,,,,,,B1,10,6,2018-01-01,2024-12-31,2025-01-01,2025-12-31,B1,10,unfilled_1m,2.4824944057814897
5082,2025-05-07 15:00:00+00:00,2025-05-07 10:15:00-05:00,2025-05-07 10:15:00-05:00,S,Short,A+,97.38121118400072,18369.096415608183,18404.732985479743,18262.18670599352,-0.5227378633509839,True,1.0549953529109681,0.9162942592260195,0,TIME,True,-1.0203442700184957,0.0,40.559559733197965,False,,,,,,,,,,,,,,,,False,,,,,,,,,,,,,,,,True,12.0,0.9994821491507027,1.0,0.0051785084929731025,0.006071354784865017,19804.75,2025-05-07 10:27:00-05:00,0.0,STOP,0.5990701001430615,0.811531007751938,0.00016632225998090188,0.5638781349941087,,True,False,,False,,True,12.0,False,,,,,,,,,,,,,,,,False,,,,,,,,,,,,,,,,False,,,,,,,,,,,,,,,,False,,False,,True,13.0,,,,,,,,,,,,,,,0.9994821491507027,1.0,0.0051785084929731025,0.006071354784865017,19804.75,2025-05-07 10:27:00-05:00,0.0,STOP,0.5990701001430615,0.811531007751938,0.00016632225998090188,0.5638781349941087,,True,,,,,,,,,,,,,,,0.9994822416064351,1.0,0.0007141495083654513,0.011604929510938583,19805.0,2025-05-07 10:28:00-05:00,0.0,STOP,0.7862838180393603,1.0166865315852205,-9.925444881192133e-06,0.7626967095851216,,True,,,,,,,,,,,,,,,,,,,,,,,,,,,,,False,,,,,,,,,B1,10,6,2018-01-01,2024-12-31,2025-01-01,2025-12-31,B1,10,unfilled_1m,-0.5227378633509839
5092,2025-05-14 20:00:00+00:00,2025-05-14 15:15:00-05:00,2025-05-14 15:15:00-05:00,L,Long,B,41.82452049176136,19948.75,19917.666812723164,20041.99956183051,-1.0233245063816314,True,0.2734597299915402,1.3753415831927462,1,STOP,True,2.9766754936183686,46.850086094138874,0.0,False,,,,,,,,,,,,,,,,False,,,,,,,,,,,,,,,,True,13.0,2.9995126322976753,3.0,0.0006722313135513425,0.0020166939406540273,21405.25,2025-05-14 15:28:00-05:00,0.0,TARGET,0.7263294422827496,0.905562742561449,0.00021213883893024093,0.6856023506366308,,True,False,,False,,True,13.0,False,,,,,,,,,,,,,,,,False,,,,,,,,,,,,,,,,False,,,,,,,,,,,,,,,,False,,False,,True,14.0,,,,,,,,,,,,,,,2.9995126322976753,3.0,0.0006722313135513425,0.0020166939406540273,21405.25,2025-05-14 15:28:00-05:00,0.0,TARGET,0.7263294422827496,0.905562742561449,0.00021213883893024093,0.6856023506366308,,True,,,,,,,,,,,,,,,2.9995118940274073,3.0,0.0,0.003366248086846323,21403.0,2025-05-14 15:29:00-05:00,0.0,TARGET,0.4843304843304843,0.7240204429301533,-5.091010802225805e-05,0.4409857328145266,,True,,,,,,,,,,,,,,,,,,,,,,,,,,,,,False,,,,,,,,,B1,10,6,2018-01-01,2024-12-31,2025-01-01,2025-12-31,B1,10,unfilled_1m,-1.0233245063816314
5108,2025-05-26 15:30:00+00:00,2025-05-26 10:45:00-05:00,2025-05-26 10:45:00-05:00,L,Long,B,36.77097146092362,19801.363364900342,19783.926537915813,19853.673845853933,1.2136173122801277,True,1.7426699895926312,0.0,0,TIME,True,2.9584213343033534,84.34084001662069,0.0,False,,,,,,,,,,,,,,,,False,,,,,,,,,,,,,,,,False,,,,,,,,,,,,,,,,False,,False,,False,,False,,,,,,,,,,,,,,,,False,,,,,,,,,,,,,,,,False,,,,,,,,,,,,,,,,False,,False,,False,,,,,,,,,,,,,,,,,,,,,,,,,,,,,,,,,,,,,,,,,,,,,,,,,,,,,,,,,,,,,,,,,,,,,,,,,,,,,,,,,,,,,,False,,,,,,,,,B1,10,6,2018-01-01,2024-12-31,2025-01-01,2025-12-31,B1,10,unfilled_1m,1.2136173122801277
5123,2025-06-05 15:30:00+00:00,2025-06-05 10:45:00-05:00,2025-06-05 10:45:00-05:00,L,Long,B,39.82841490509333,20462.75,20423.23192540946,20581.30422377163,-1.0183460355169611,True,0.42385668263324044,1.4044206499190952,1,STOP,True,2.981653964483039,36.87553138909192,0.0,False,,,,,,,,,,,,,,,,False,,,,,,,,,,,,,,,,True,11.0,2.999516269386644,3.0,0.004170091494447851,0.0013344292782233123,21922.0,2025-06-05 10:56:00-05:00,0.0,TARGET,2.7746768507638073,2.4069826707441386,0.0017097536337634823,3.049971744570921,,True,False,,False,,True,11.0,False,,,,,,,,,,,,,,,,False,,,,,,,,,,,,,,,,False,,,,,,,,,,,,,,,,False,,False,,True,13.0,,,,,,,,,,,,,,,2.999516269386644,3.0,0.004170091494447851,0.0013344292782233123,21922.0,2025-06-05 10:56:00-05:00,0.0,TARGET,2.7746768507638073,2.4069826707441386,0.0017097536337634823,3.049971744570921,,True,,,,,,,,,,,,,,,2.9995157847734126,3.0,0.0015027369100989534,0.0016697076778877259,21920.5,2025-06-05 10:58:00-05:00,0.0,TARGET,0.9007299270072993,0.7624814631735046,-3.081701295573026e-05,0.8938790293371967,,True,,,,,,,,,,,,,,,,,,,,,,,,,,,,,False,,,,,,,,,B1,10,6,2018-01-01,2024-12-31,2025-01-01,2025-12-31,B1,10,unfilled_1m,-1.0183460355169611
5156,2025-06-20 17:30:00+00:00,2025-06-20 12:45:00-05:00,2025-06-20 12:45:00-05:00,S,Short,A,52.901197867967255,20117.5,20160.158156802107,19989.525529593684,-1.0169955772670467,True,0.052744894966696994,1.6175101123120412,1,STOP,True,-1.0169955772670467,0.0,39.66416101495614,False,,,,,,,,,,,,,,,,False,,,,,,,,,,,,,,,,False,,,,,,,,,,,,,,,,False,,False,,False,,False,,,,,,,,,,,,,,,,False,,,,,,,,,,,,,,,,False,,,,,,,,,,,,,,,,False,,False,,False,,,,,,,,,,,,,,,,,,,,,,,,,,,,,,,,,,,,,,,,,,,,,,,,,,,,,,,,,,,,,,,,,,,,,,,,,,,,,,,,,,,,,,False,,,,,,,,,B1,10,6,2018-01-01,2024-12-31,2025-01-01,2025-12-31,B1,10,unfilled_1m,-1.0169955772670467
5192,2025-07-11 15:30:00+00:00,2025-07-11 10:45:00-05:00,2025-07-11 10:45:00-05:00,RL,Long,A,49.4079977259324,21268.623835147664,21238.297126083588,21344.440607807857,1.4311201640980782,True,1.8507172912744447,0.0,0,TIME,True,2.476093680376985,57.13202052987392,0.0,False,,,,,,,,,,,,,,,,False,,,,,,,,,,,,,,,,True,15.0,2.4995871187599796,2.5,0.0002847456827726922,0.005552540814067498,22994.25,2025-07-11 11:00:00-05:00,0.0,TARGET,1.6511204031306959,2.1800679501698754,0.001257558490856669,1.6576964477933263,,True,False,,False,,True,15.0,False,,,,,,,,,,,,,,,,False,,,,,,,,,,,,,,,,False,,,,,,,,,,,,,,,,False,,False,,False,,,,,,,,,,,,,,,,2.4995871187599796,2.5,0.0002847456827726922,0.005552540814067498,22994.25,2025-07-11 11:00:00-05:00,0.0,TARGET,1.6511204031306959,2.1800679501698754,0.001257558490856669,1.6576964477933263,,True,,,,,,,,,,,,,,,,,,,,,,,,,,,,,,,,,,,,,,,,,,,,,,,,,,,,,,,,,False,,,,,,,,,B1,10,6,2018-01-01,2024-12-31,2025-01-01,2025-12-31,B1,10,unfilled_1m,1.4311201640980782
5194,2025-07-14 15:00:00+00:00,2025-07-14 10:15:00-05:00,2025-07-14 10:15:00-05:00,L,Long,B,44.23693265663003,21316.06258170365,21289.229423410372,21396.562056583483,1.0607181601683604,True,1.2368062653536473,0.15140154801184116,0,TIME,True,2.972981190209665,63.31485096638888,0.0,False,,,,,,,,,,,,,,,,False,,,,,,,,,,,,,,,,True,13.0,2.999578921832062,3.0,0.0014519936825449988,0.0021779905238174984,23011.0,2025-07-14 10:28:00-05:00,0.0,TARGET,1.3071056945335329,1.456017783423309,0.0005114316690201651,1.3165829145728642,,True,False,,False,,True,13.0,False,,,,,,,,,,,,,,,,False,,,,,,,,,,,,,,,,True,13.0,2.999578921832062,3.0,0.0014519936825449988,0.0021779905238174984,23011.0,2025-07-14 10:28:00-05:00,0.0,TARGET,1.3071056945335329,1.456017783423309,0.0005114316690201651,1.3165829145728642,,True,False,,False,,True,14.0,,,,,,,,,,,,,,,2.999578921832062,3.0,0.0014519936825449988,0.0021779905238174984,23011.0,2025-07-14 10:28:00-05:00,0.0,TARGET,1.3071056945335329,1.456017783423309,0.0005114316690201651,1.3165829145728642,,True,,,,,,,,,,,,,,,2.999579105173051,3.0,0.002322178355581384,0.0036284036805959126,23011.75,2025-07-14 10:29:00-05:00,0.0,TARGET,1.0846081345610092,1.085946573751452,3.535074968145797e-05,1.0662105338179746,,True,,,,,,,,,,,,,,,,,,,,,,,,,,,,,False,,,,,,,,,B1,10,6,2018-01-01,2024-12-31,2025-01-01,2025-12-31,B1,10,unfilled_1m,1.0607181601683604
5195,2025-07-15 14:45:00+00:00,2025-07-15 10:00:00-05:00,2025-07-15 10:00:00-05:00,S,Short,A,57.76044077198996,21448.007136394877,21476.00207935913,21364.02230750212,-1.0258975344556267,True,1.0093657426257674,1.5803877029369133,0,STOP,True,-1.0258975344556267,0.0,59.65337617360627,False,,,,,,,,,,,,,,,,False,,,,,,,,,,,,,,,,False,,,,,,,,,,,,,,,,False,,False,,False,,False,,,,,,,,,,,,,,,,False,,,,,,,,,,,,,,,,False,,,,,,,,,,,,,,,,False,,False,,False,,,,,,,,,,,,,,,,,,,,,,,,,,,,,,,,,,,,,,,,,,,,,,,,,,,,,,,,,,,,,,,,,,,,,,,,,,,,,,,,,,,,,,False,,,,,,,,,B1,10,6,2018-01-01,2024-12-31,2025-01-01,2025-12-31,B1,10,unfilled_1m,-1.0258975344556267
5201,2025-07-17 15:00:00+00:00,2025-07-17 10:15:00-05:00,2025-07-17 10:15:00-05:00,L,Long,A,53.540281950624035,21521.534755180393,21499.44896017408,21587.79214019934,2.467207759740014,True,2.8962165410535685,0.0,0,TIME,True,2.9671734705591213,77.72938417334662,0.0,False,,,,,,,,,,,,,,,,False,,,,,,,,,,,,,,,,False,,,,,,,,,,,,,,,,False,,False,,False,,False,,,,,,,,,,,,,,,,False,,,,,,,,,,,,,,,,False,,,,,,,,,,,,,,,,False,,False,,False,,,,,,,,,,,,,,,,,,,,,,,,,,,,,,,,,,,,,,,,,,,,,,,,,,,,,,,,,,,,,,,,,,,,,,,,,,,,,,,,,,,,,,False,,,,,,,,,B1,10,6,2018-01-01,2024-12-31,2025-01-01,2025-12-31,B1,10,unfilled_1m,2.467207759740014
5207,2025-07-22 14:45:00+00:00,2025-07-22 10:00:00-05:00,2025-07-22 10:00:00-05:00,L,Long,B,38.79303798071837,21544.0,21515.707575094097,21628.87727471771,-1.0256252336945757,True,0.21207089954131425,1.0426819227447952,1,STOP,True,2.9743747663054245,59.59192277110931,0.0,False,,,,,,,,,,,,,,,,False,,,,,,,,,,,,,,,,False,,,,,,,,,,,,,,,,False,,False,,False,,False,,,,,,,,,,,,,,,,False,,,,,,,,,,,,,,,,False,,,,,,,,,,,,,,,,False,,False,,False,,,,,,,,,,,,,,,,,,,,,,,,,,,,,,,,,,,,,,,,,,,,,,,,,,,,,,,,,,,,,,,,,,,,,,,,,,,,,,,,,,,,,,False,,,,,,,,,B1,10,6,2018-01-01,2024-12-31,2025-01-01,2025-12-31,B1,10,unfilled_1m,-1.0256252336945757
5211,2025-07-23 20:00:00+00:00,2025-07-23 15:15:00-05:00,2025-07-23 15:15:00-05:00,L,Long,A+,76.73495487365864,21647.729685820846,21621.514016711382,21726.37669314924,2.972344783687468,True,3.443372503758246,0.0,0,TARGET,True,2.972344783687468,66.91686208176307,0.0,False,,,,,,,,,,,,,,,,False,,,,,,,,,,,,,,,,True,15.0,2.999585474093602,3.0,0.00042881990317027884,0.002144099515851394,23370.5,2025-07-23 15:30:00-05:00,0.0,TARGET,0.5412077478161792,1.3280521901211557,9.264678027366546e-05,0.5321135175504107,,True,False,,False,,True,15.0,False,,,,,,,,,,,,,,,,False,,,,,,,,,,,,,,,,False,,,,,,,,,,,,,,,,False,,False,,False,,,,,,,,,,,,,,,,2.999585474093602,3.0,0.00042881990317027884,0.002144099515851394,23370.5,2025-07-23 15:30:00-05:00,0.0,TARGET,0.5412077478161792,1.3280521901211557,9.264678027366546e-05,0.5321135175504107,,True,,,,,,,,,,,,,,,,,,,,,,,,,,,,,,,,,,,,,,,,,,,,,,,,,,,,,,,,,False,,,,,,,,,B1,10,6,2018-01-01,2024-12-31,2025-01-01,2025-12-31,B1,10,unfilled_1m,2.972344783687468
5227,2025-07-30 20:00:00+00:00,2025-07-30 15:15:00-05:00,2025-07-30 15:15:00-05:00,RL,Long,A+,100.0,21806.71792310163,21760.414530072412,21922.476405674683,2.484342400144574,True,4.34702650778433,0.0,0,TARGET,True,2.4843424001445746,40.44049376072194,0.0,False,,,,,,,,,,,,,,,,False,,,,,,,,,,,,,,,,False,,,,,,,,,,,,,,,,False,,False,,False,,False,,,,,,,,,,,,,,,,False,,,,,,,,,,,,,,,,False,,,,,,,,,,,,,,,,False,,False,,False,,,,,,,,,,,,,,,,,,,,,,,,,,,,,,,,,,,,,,,,,,,,,,,,,,,,,,,,,,,,,,,,,,,,,,,,,,,,,,,,,,,,,,False,,,,,,,,,B1,10,6,2018-01-01,2024-12-31,2025-01-01,2025-12-31,B1,10,unfilled_1m,2.484342400144574
5236,2025-08-05 14:45:00+00:00,2025-08-05 10:00:00-05:00,2025-08-05 10:00:00-05:00,S,Short,A+,63.91655203602842,21501.25,21530.3858251328,21413.84252460159,-1.0248834552203523,True,1.0039187106142098,1.295655771818339,0,STOP,True,-1.0248834552203523,0.0,57.65239159501603,False,,,,,,,,,,,,,,,,False,,,,,,,,,,,,,,,,False,,,,,,,,,,,,,,,,False,,False,,False,,False,,,,,,,,,,,,,,,,False,,,,,,,,,,,,,,,,False,,,,,,,,,,,,,,,,False,,False,,False,,,,,,,,,,,,,,,,,,,,,,,,,,,,,,,,,,,,,,,,,,,,,,,,,,,,,,,,,,,,,,,,,,,,,,,,,,,,,,,,,,,,,,False,,,,,,,,,B1,10,6,2018-01-01,2024-12-31,2025-01-01,2025-12-31,B1,10,unfilled_1m,-1.0248834552203523
5261,2025-08-14 18:15:00+00:00,2025-08-14 13:30:00-05:00,2025-08-14 13:30:00-05:00,S,Short,B,39.38940919032748,22224.0,22254.13674258306,22133.589772250813,-1.0240570127312796,True,0.34841190852197984,1.1364864635121723,1,STOP,True,-1.0240570127312796,0.0,55.88692923125186,False,,,,,,,,,,,,,,,,False,,,,,,,,,,,,,,,,False,,,,,,,,,,,,,,,,False,,False,,False,,False,,,,,,,,,,,,,,,,False,,,,,,,,,,,,,,,,False,,,,,,,,,,,,,,,,False,,False,,False,,,,,,,,,,,,,,,,,,,,,,,,,,,,,,,,,,,,,,,,,,,,,,,,,,,,,,,,,,,,,,,,,,,,,,,,,,,,,,,,,,,,,,False,,,,,,,,,B1,10,6,2018-01-01,2024-12-31,2025-01-01,2025-12-31,B1,10,unfilled_1m,-1.0240570127312796
5341,2025-09-30 18:15:00+00:00,2025-09-30 13:30:00-05:00,2025-09-30 13:30:00-05:00,L,Long,B,45.35657358486239,22893.14484474505,22862.59146169919,22984.8049938826,1.4689095210042054,True,1.6317392800699297,0.004740710540365905,0,TIME,True,2.9762710401361505,63.41704132556164,0.0,False,,,,,,,,,,,,,,,,False,,,,,,,,,,,,,,,,True,13.0,2.999632661888604,3.0,0.0026600345997641038,0.0012666831427448112,24836.25,2025-09-30 13:43:00-05:00,0.0,TARGET,0.7211258222999417,0.7052117263843648,0.0001524671002808882,0.706708013709809,,True,False,,False,,True,13.0,False,,,,,,,,,,,,,,,,False,,,,,,,,,,,,,,,,True,13.0,2.999632661888604,3.0,0.0026600345997641038,0.0012666831427448112,24836.25,2025-09-30 13:43:00-05:00,0.0,TARGET,0.7211258222999417,0.7052117263843648,0.0001524671002808882,0.706708013709809,,True,False,,False,,True,14.0,,,,,,,,,,,,,,,2.999632661888604,3.0,0.0026600345997641038,0.0012666831427448112,24836.25,2025-09-30 13:43:00-05:00,0.0,TARGET,0.7211258222999417,0.7052117263843648,0.0001524671002808882,0.706708013709809,,True,,,,,,,,,,,,,,,2.9996330337525716,3.0,0.002277721535762087,0.0008857805972408116,24838.25,2025-09-30 13:44:00-05:00,0.0,TARGET,0.9153051017005669,0.8308111380145279,7.37071902321532e-05,0.9143142643017736,,True,,,,,,,,,,,,,,,,,,,,,,,,,,,,,False,,,,,,,,,B1,10,6,2018-01-01,2024-12-31,2025-01-01,2025-12-31,B1,10,unfilled_1m,1.4689095210042054
5357,2025-10-09 16:45:00+00:00,2025-10-09 12:00:00-05:00,2025-10-09 12:00:00-05:00,RS,Short,B,44.51761346212131,23318.832606225133,23346.074277157255,23250.728428894825,2.4733863608511215,True,2.636864911998856,0.0,0,TARGET,True,-1.0266136391488787,0.0,69.73387933905518,False,,,,,,,,,,,,,,,,False,,,,,,,,,,,,,,,,False,,,,,,,,,,,,,,,,False,,False,,False,,False,,,,,,,,,,,,,,,,False,,,,,,,,,,,,,,,,False,,,,,,,,,,,,,,,,False,,False,,False,,,,,,,,,,,,,,,,,,,,,,,,,,,,,,,,,,,,,,,,,,,,,,,,,,,,,,,,,,,,,,,,,,,,,,,,,,,,,,,,,,,,,,False,,,,,,,,,B1,10,6,2018-01-01,2024-12-31,2025-01-01,2025-12-31,B1,10,unfilled_1m,2.4733863608511215
5363,2025-10-14 15:45:00+00:00,2025-10-14 11:00:00-05:00,2025-10-14 11:00:00-05:00,L,Long,A,56.60352396673792,22877.481791176862,22823.782709766576,23038.57903540772,1.700088836261728,True,2.742471657903023,0.711963597379875,0,TIME,True,2.986498837951051,36.08568634568754,0.0,False,,,,,,,,,,,,,,,,False,,,,,,,,,,,,,,,,True,15.0,2.9996334620882865,3.0,0.0007583543000971375,0.004297341033883779,24801.75,2025-10-14 11:15:00-05:00,0.0,TARGET,1.0887746091112152,1.184180790960452,0.00028541897981363296,1.08147154429596,,True,False,,False,,True,15.0,False,,,,,,,,,,,,,,,,False,,,,,,,,,,,,,,,,True,15.0,2.9996334620882865,3.0,0.0007583543000971375,0.004297341033883779,24801.75,2025-10-14 11:15:00-05:00,0.0,TARGET,1.0887746091112152,1.184180790960452,0.00028541897981363296,1.08147154429596,,True,False,,False,,False,,,,,,,,,,,,,,,,2.9996334620882865,3.0,0.0007583543000971375,0.004297341033883779,24801.75,2025-10-14 11:15:00-05:00,0.0,TARGET,1.0887746091112152,1.184180790960452,0.00028541897981363296,1.08147154429596,,True,,,,,,,,,,,,,,,,,,,,,,,,,,,,,,,,,,,,,,,,,,,,,,,,,,,,,,,,,False,,,,,,,,,B1,10,6,2018-01-01,2024-12-31,2025-01-01,2025-12-31,B1,10,unfilled_1m,1.700088836261728
5365,2025-10-15 17:15:00+00:00,2025-10-15 12:30:00-05:00,2025-10-15 12:30:00-05:00,S,Short,A+,70.39902827604803,22825.0,22875.245080491382,22674.26475852585,-1.01442927333203,True,0.17414640228311953,1.845951864201067,1,STOP,True,-1.01442927333203,0.0,38.72518425627198,False,,,,,,,,,,,,,,,,False,,,,,,,,,,,,,,,,False,,,,,,,,,,,,,,,,False,,False,,False,,False,,,,,,,,,,,,,,,,False,,,,,,,,,,,,,,,,False,,,,,,,,,,,,,,,,False,,False,,False,,,,,,,,,,,,,,,,,,,,,,,,,,,,,,,,,,,,,,,,,,,,,,,,,,,,,,,,,,,,,,,,,,,,,,,,,,,,,,,,,,,,,,False,,,,,,,,,B1,10,6,2018-01-01,2024-12-31,2025-01-01,2025-12-31,B1,10,unfilled_1m,-1.01442927333203
5370,2025-10-17 14:45:00+00:00,2025-10-17 10:00:00-05:00,2025-10-17 10:00:00-05:00,S,Short,A+,79.69436655770971,22852.080200248773,22917.093091373405,22657.04152687488,-1.011151634505996,True,0.5165160273275368,1.260054711213877,0,STOP,True,-1.0111516345059959,0.0,29.581360965234463,False,,,,,,,,,,,,,,,,False,,,,,,,,,,,,,,,,True,14.0,0.9996027194611556,1.0,0.003287838942160361,0.010959463140534536,24742.0,2025-10-17 10:14:00-05:00,0.0,STOP,0.7876005299972267,0.8664406779661017,0.0008029520185903033,0.80105302745393,,True,False,,False,,True,14.0,False,,,,,,,,,,,,,,,,False,,,,,,,,,,,,,,,,False,,,,,,,,,,,,,,,,False,,False,,True,15.0,,,,,,,,,,,,,,,0.9996027194611556,1.0,0.003287838942160361,0.010959463140534536,24742.0,2025-10-17 10:14:00-05:00,0.0,STOP,0.7876005299972267,0.8664406779661017,0.0008029520185903033,0.80105302745393,,True,,,,,,,,,,,,,,,0.9996032629642706,1.0,0.0015048646182840514,0.011765305197493494,24744.5,2025-10-17 10:15:00-05:00,0.0,STOP,1.1929568025345763,1.275902515313437,-0.00012053964943569511,1.2066681046436385,,True,,,,,,,,,,,,,,,,,,,,,,,,,,,,,False,,,,,,,,,B1,10,6,2018-01-01,2024-12-31,2025-01-01,2025-12-31,B1,10,unfilled_1m,-1.011151634505996
5371,2025-10-17 17:15:00+00:00,2025-10-17 12:30:00-05:00,2025-10-17 12:30:00-05:00,RS,Short,B,40.77395527235454,22958.869350252487,23022.122982422658,22800.73526982706,-1.0114617923924043,True,0.764688897585523,1.0257221209521272,0,STOP,True,-1.0114617923924043,0.0,30.142627139863542,False,,,,,,,,,,,,,,,,False,,,,,,,,,,,,,,,,True,11.0,0.9996092438393213,1.0,0.009297301754079166,0.0021558960589169083,24877.5,2025-10-17 12:41:00-05:00,0.0,STOP,0.8731409773147831,0.8390410958904109,0.00020176466577157226,0.8520599250936329,,True,False,,False,,True,11.0,False,,,,,,,,,,,,,,,,False,,,,,,,,,,,,,,,,False,,,,,,,,,,,,,,,,False,,False,,True,12.0,,,,,,,,,,,,,,,0.9996092438393213,1.0,0.009297301754079166,0.0021558960589169083,24877.5,2025-10-17 12:41:00-05:00,0.0,STOP,0.8731409773147831,0.8390410958904109,0.00020176466577157226,0.8520599250936329,,True,,,,,,,,,,,,,,,0.9996056304049343,1.0,0.005303591106055484,0.0010879161243190737,24860.5,2025-10-17 12:42:00-05:00,0.0,STOP,0.9547175101640264,0.9615927704038406,0.0006524046898920554,0.9334521280241245,,True,,,,,,,,,,,,,,,,,,,,,,,,,,,,,False,,,,,,,,,B1,10,6,2018-01-01,2024-12-31,2025-01-01,2025-12-31,B1,10,unfilled_1m,-1.0114617923924043
5380,2025-10-23 17:45:00+00:00,2025-10-23 13:00:00-05:00,2025-10-23 13:00:00-05:00,L,Long,B,40.65116240031146,23356.0,23320.370050878977,23462.889847363065,-0.1606794323661283,True,0.25961305666143003,0.9332036901613566,1,TIME,True,2.979651949613023,54.076698045665985,0.0,False,,,,,,,,,,,,,,,,False,,,,,,,,,,,,,,,,False,,,,,,,,,,,,,,,,False,,False,,False,,False,,,,,,,,,,,,,,,,False,,,,,,,,,,,,,,,,False,,,,,,,,,,,,,,,,False,,False,,False,,,,,,,,,,,,,,,,,,,,,,,,,,,,,,,,,,,,,,,,,,,,,,,,,,,,,,,,,,,,,,,,,,,,,,,,,,,,,,,,,,,,,,False,,,,,,,,,B1,10,6,2018-01-01,2024-12-31,2025-01-01,2025-12-31,B1,10,unfilled_1m,-0.1606794323661283
5392,2025-10-30 16:15:00+00:00,2025-10-30 11:30:00-05:00,2025-10-30 11:30:00-05:00,L,Long,A,46.35255856306505,24159.75,24107.47380701223,24316.578578963312,-1.0138686457173651,True,0.023911458133388217,1.5972854033103328,1,STOP,True,2.9861313542826347,36.804516358911144,0.0,False,,,,,,,,,,,,,,,,False,,,,,,,,,,,,,,,,True,14.0,2.9996289711967004,3.0,0.006141166399438896,0.001791173533169678,26061.5,2025-10-30 11:44:00-05:00,0.0,TARGET,1.1297635093738512,1.3740685543964233,0.0006940245397471372,1.1284499112661404,,True,False,,False,,True,14.0,False,,,,,,,,,,,,,,,,False,,,,,,,,,,,,,,,,False,,,,,,,,,,,,,,,,False,,False,,True,15.0,,,,,,,,,,,,,,,2.9996289711967004,3.0,0.006141166399438896,0.001791173533169678,26061.5,2025-10-30 11:44:00-05:00,0.0,TARGET,1.1297635093738512,1.3740685543964233,0.0006940245397471372,1.1284499112661404,,True,,,,,,,,,,,,,,,2.9996304369465836,3.0,0.0015292264279295907,0.0024212751775551855,26069.25,2025-10-30 11:45:00-05:00,0.0,TARGET,1.5919748323143585,1.588862559241706,0.00047341116015711904,1.6431809827227055,,True,,,,,,,,,,,,,,,,,,,,,,,,,,,,,False,,,,,,,,,B1,10,6,2018-01-01,2024-12-31,2025-01-01,2025-12-31,B1,10,unfilled_1m,-1.0138686457173651
5395,2025-10-31 14:45:00+00:00,2025-10-31 10:00:00-05:00,2025-10-31 10:00:00-05:00,L,Long,B,41.86735940230509,24241.75,24213.390983794285,24326.827048617142,-1.0255650617334846,True,0.6435343126015071,1.1724666243287731,0,STOP,True,2.9744349382665156,67.8884622101946,0.0,False,,,,,,,,,,,,,,,,False,,,,,,,,,,,,,,,,True,13.0,2.9996287019090957,3.0,0.002816744137895834,0.002432642664546402,26166.0,2025-10-31 10:13:00-05:00,0.0,TARGET,1.682584098789464,1.6956841589014222,6.430667299028556e-05,1.756301987427773,,True,False,,False,,True,13.0,False,,,,,,,,,,,,,,,,False,,,,,,,,,,,,,,,,True,13.0,2.9996287019090957,3.0,0.002816744137895834,0.002432642664546402,26166.0,2025-10-31 10:13:00-05:00,0.0,TARGET,1.682584098789464,1.6956841589014222,6.430667299028556e-05,1.756301987427773,,True,False,,False,,True,14.0,,,,,,,,,,,,,,,2.9996287019090957,3.0,0.002816744137895834,0.002432642664546402,26166.0,2025-10-31 10:13:00-05:00,0.0,TARGET,1.682584098789464,1.6956841589014222,6.430667299028556e-05,1.756301987427773,,True,,,,,,,,,,,,,,,2.999629460973554,3.0,0.003449846108288767,0.0006388603904238457,26170.0,2025-10-31 10:14:00-05:00,0.0,TARGET,0.672090112640801,0.6863496932515337,0.00010274250747392845,0.6533244114605511,,True,,,,,,,,,,,,,,,,,,,,,,,,,,,,,False,,,,,,,,,B1,10,6,2018-01-01,2024-12-31,2025-01-01,2025-12-31,B1,10,unfilled_1m,-1.0255650617334846
5409,2025-11-07 19:45:00+00:00,2025-11-07 14:00:00-06:00,2025-11-07 14:00:00-06:00,L,Long,A+,78.32893079322882,23188.92521889974,23131.696015847963,23360.612828055073,-1.0126683574353474,True,0.2808842381697102,1.5407381930509283,1,STOP,True,2.987331642564653,33.65108508252093,0.0,False,,,,,,,,,,,,,,,,False,,,,,,,,,,,,,,,,False,,,,,,,,,,,,,,,,False,,False,,False,,False,,,,,,,,,,,,,,,,False,,,,,,,,,,,,,,,,False,,,,,,,,,,,,,,,,False,,False,,False,,,,,,,,,,,,,,,,,,,,,,,,,,,,,,,,,,,,,,,,,,,,,,,,,,,,,,,,,,,,,,,,,,,,,,,,,,,,,,,,,,,,,,False,,,,,,,,,B1,10,6,2018-01-01,2024-12-31,2025-01-01,2025-12-31,B1,10,unfilled_1m,-1.0126683574353474
5429,2025-11-19 21:45:00+00:00,2025-11-19 16:00:00-06:00,2025-11-19 16:00:00-06:00,L,Long,A+,76.27769975597629,23036.0,22967.77437935596,23240.676861932123,2.187961041480695,True,2.2279020486020142,0.05130037611912533,0,TIME,True,2.989373493518181,28.610952624152183,0.0,False,,,,,,,,,,,,,,,,False,,,,,,,,,,,,,,,,False,,,,,,,,,,,,,,,,False,,False,,False,,False,,,,,,,,,,,,,,,,False,,,,,,,,,,,,,,,,False,,,,,,,,,,,,,,,,False,,False,,False,,,,,,,,,,,,,,,,,,,,,,,,,,,,,,,,,,,,,,,,,,,,,,,,,,,,,,,,,,,,,,,,,,,,,,,,,,,,,,,,,,,,,,False,,,,,,,,,B1,10,6,2018-01-01,2024-12-31,2025-01-01,2025-12-31,B1,10,unfilled_1m,2.187961041480695
5431,2025-11-20 18:15:00+00:00,2025-11-20 12:30:00-06:00,2025-11-20 12:30:00-06:00,L,Long,A,47.70571944636907,22578.25,22481.96761725732,22867.097148228037,-1.007529934130708,True,0.21810843688947387,1.7214987340204901,1,STOP,True,2.9924700658692918,20.03222131669394,0.0,False,,,,,,,,,,,,,,,,False,,,,,,,,,,,,,,,,False,,,,,,,,,,,,,,,,False,,False,,False,,False,,,,,,,,,,,,,,,,False,,,,,,,,,,,,,,,,False,,,,,,,,,,,,,,,,False,,False,,False,,,,,,,,,,,,,,,,,,,,,,,,,,,,,,,,,,,,,,,,,,,,,,,,,,,,,,,,,,,,,,,,,,,,,,,,,,,,,,,,,,,,,,False,,,,,,,,,B1,10,6,2018-01-01,2024-12-31,2025-01-01,2025-12-31,B1,10,unfilled_1m,-1.007529934130708
5433,2025-11-21 18:15:00+00:00,2025-11-21 12:30:00-06:00,2025-11-21 12:30:00-06:00,S,Short,A,51.04392867008867,22342.0,22422.55939984979,22100.32180045063,-1.0089995705200363,True,0.2048178118353132,1.5609599901994324,1,STOP,True,-1.0089995705200365,0.0,24.26780740230529,False,,,,,,,,,,,,,,,,False,,,,,,,,,,,,,,,,False,,,,,,,,,,,,,,,,False,,False,,False,,False,,,,,,,,,,,,,,,,False,,,,,,,,,,,,,,,,False,,,,,,,,,,,,,,,,False,,False,,False,,,,,,,,,,,,,,,,,,,,,,,,,,,,,,,,,,,,,,,,,,,,,,,,,,,,,,,,,,,,,,,,,,,,,,,,,,,,,,,,,,,,,,False,,,,,,,,,B1,10,6,2018-01-01,2024-12-31,2025-01-01,2025-12-31,B1,10,unfilled_1m,-1.0089995705200363
5447,2025-12-02 17:30:00+00:00,2025-12-02 11:45:00-06:00,2025-12-02 11:45:00-06:00,L,Long,B,40.67440028498068,23674.25,23631.011001428084,23803.966995715746,-1.0167672708421809,True,0.25439997139860804,2.104581581570303,1,STOP,True,2.983232729157819,44.65875861551928,0.0,False,,,,,,,,,,,,,,,,False,,,,,,,,,,,,,,,,False,,,,,,,,,,,,,,,,False,,False,,False,,False,,,,,,,,,,,,,,,,False,,,,,,,,,,,,,,,,False,,,,,,,,,,,,,,,,False,,False,,False,,,,,,,,,,,,,,,,,,,,,,,,,,,,,,,,,,,,,,,,,,,,,,,,,,,,,,,,,,,,,,,,,,,,,,,,,,,,,,,,,,,,,,False,,,,,,,,,B1,10,6,2018-01-01,2024-12-31,2025-01-01,2025-12-31,B1,10,unfilled_1m,-1.0167672708421809
5454,2025-12-08 18:00:00+00:00,2025-12-08 12:15:00-06:00,2025-12-08 12:15:00-06:00,L,Long,B,37.739075191454994,23754.25,23724.690882672563,23842.927351982307,-1.024527119398354,True,0.37213560466468065,1.6492373388548347,1,STOP,True,2.975472880601646,65.36054438292392,0.0,False,,,,,,,,,,,,,,,,False,,,,,,,,,,,,,,,,False,,,,,,,,,,,,,,,,False,,False,,False,,False,,,,,,,,,,,,,,,,False,,,,,,,,,,,,,,,,False,,,,,,,,,,,,,,,,False,,False,,False,,,,,,,,,,,,,,,,,,,,,,,,,,,,,,,,,,,,,,,,,,,,,,,,,,,,,,,,,,,,,,,,,,,,,,,,,,,,,,,,,,,,,,False,,,,,,,,,B1,10,6,2018-01-01,2024-12-31,2025-01-01,2025-12-31,B1,10,unfilled_1m,-1.024527119398354
5460,2025-12-10 16:15:00+00:00,2025-12-10 10:30:00-06:00,2025-12-10 10:30:00-06:00,L,Long,A,49.17125526829415,23692.786602535456,23658.728120592095,23794.962048365534,0.2198687973526588,True,1.2541192392419729,0.16256163573771204,0,TIME,True,2.978713085298233,57.583699729366856,0.0,False,,,,,,,,,,,,,,,,False,,,,,,,,,,,,,,,,False,,,,,,,,,,,,,,,,False,,False,,False,,False,,,,,,,,,,,,,,,,False,,,,,,,,,,,,,,,,False,,,,,,,,,,,,,,,,False,,False,,False,,,,,,,,,,,,,,,,,,,,,,,,,,,,,,,,,,,,,,,,,,,,,,,,,,,,,,,,,,,,,,,,,,,,,,,,,,,,,,,,,,,,,,False,,,,,,,,,B1,10,6,2018-01-01,2024-12-31,2025-01-01,2025-12-31,B1,10,unfilled_1m,0.2198687973526588
5471,2025-12-16 18:45:00+00:00,2025-12-16 13:00:00-06:00,2025-12-16 13:00:00-06:00,L,Long,A,53.09957399409997,23150.75,23096.40505601032,23313.784831969035,-1.0133407074655865,True,0.01840097581460215,1.4674778212145214,1,STOP,True,2.9866592925344135,35.36667551566533,0.0,False,,,,,,,,,,,,,,,,False,,,,,,,,,,,,,,,,False,,,,,,,,,,,,,,,,False,,False,,False,,False,,,,,,,,,,,,,,,,False,,,,,,,,,,,,,,,,False,,,,,,,,,,,,,,,,False,,False,,False,,,,,,,,,,,,,,,,,,,,,,,,,,,,,,,,,,,,,,,,,,,,,,,,,,,,,,,,,,,,,,,,,,,,,,,,,,,,,,,,,,,,,,False,,,,,,,,,B1,10,6,2018-01-01,2024-12-31,2025-01-01,2025-12-31,B1,10,unfilled_1m,-1.0133407074655865
5472,2025-12-17 15:45:00+00:00,2025-12-17 10:00:00-06:00,2025-12-17 10:00:00-06:00,S,Short,A+,100.0,22958.43722134174,23007.356572711764,22811.679167231676,1.711229176130054,True,2.7379189950547005,0.07282963813870738,0,TIME,True,-1.0148203109750198,0.0,43.36346904137754,False,,,,,,,,,,,,,,,,False,,,,,,,,,,,,,,,,True,11.0,0.9996490622456979,1.0,0.014158523190808818,0.002299247355772372,25073.25,2025-12-17 10:11:00-06:00,0.0,STOP,0.9266208272780513,1.2842712842712842,0.0005263317105615227,0.93501718137845,,True,False,,False,,True,11.0,False,,,,,,,,,,,,,,,,False,,,,,,,,,,,,,,,,True,11.0,0.9996490622456979,1.0,0.014158523190808818,0.002299247355772372,25073.25,2025-12-17 10:11:00-06:00,0.0,STOP,0.9266208272780513,1.2842712842712842,0.0005263317105615227,0.93501718137845,,True,False,,False,,False,,,,,,,,,,,,,,,,0.9996490622456979,1.0,0.014158523190808818,0.002299247355772372,25073.25,2025-12-17 10:11:00-06:00,0.0,STOP,0.9266208272780513,1.2842712842712842,0.0005263317105615227,0.93501718137845,,True,,,,,,,,,,,,,,,,,,,,,,,,,,,,,,,,,,,,,,,,,,,,,,,,,,,,,,,,,False,,,,,,,,,B1,10,6,2018-01-01,2024-12-31,2025-01-01,2025-12-31,B1,10,unfilled_1m,1.711229176130054
5474,2025-12-18 17:15:00+00:00,2025-12-18 11:30:00-06:00,2025-12-18 11:30:00-06:00,S,Short,A+,74.09527598044802,23069.0,23120.346111105053,22914.96166668484,-1.0141198619407936,True,0.27752832090525537,2.1764063060464762,1,STOP,True,-1.0141198619407936,0.0,42.29142097163242,False,,,,,,,,,,,,,,,,False,,,,,,,,,,,,,,,,False,,,,,,,,,,,,,,,,False,,False,,False,,False,,,,,,,,,,,,,,,,False,,,,,,,,,,,,,,,,False,,,,,,,,,,,,,,,,False,,False,,False,,,,,,,,,,,,,,,,,,,,,,,,,,,,,,,,,,,,,,,,,,,,,,,,,,,,,,,,,,,,,,,,,,,,,,,,,,,,,,,,,,,,,,False,,,,,,,,,B1,10,6,2018-01-01,2024-12-31,2025-01-01,2025-12-31,B1,10,unfilled_1m,-1.0141198619407936
5486,2025-12-30 17:00:00+00:00,2025-12-30 11:15:00-06:00,2025-12-30 11:15:00-06:00,RS,Short,B,37.358599903283,23556.56146254187,23580.52181269671,23496.660587154776,-0.518086646393302,True,0.732938476624298,0.9156183994122392,0,TIME,True,-1.0302583224082655,0.0,89.90638799254911,False,,,,,,,,,,,,,,,,False,,,,,,,,,,,,,,,,False,,,,,,,,,,,,,,,,False,,False,,False,,False,,,,,,,,,,,,,,,,False,,,,,,,,,,,,,,,,False,,,,,,,,,,,,,,,,False,,False,,False,,,,,,,,,,,,,,,,,,,,,,,,,,,,,,,,,,,,,,,,,,,,,,,,,,,,,,,,,,,,,,,,,,,,,,,,,,,,,,,,,,,,,,False,,,,,,,,,B1,10,6,2018-01-01,2024-12-31,2025-01-01,2025-12-31,B1,10,unfilled_1m,-0.518086646393302
5496,2026-01-07 16:00:00+00:00,2026-01-07 10:15:00-06:00,2026-01-07 10:15:00-06:00,L,Long,B,43.67012027876552,23754.29627125919,23728.273132132676,23832.365688638736,-1.0278598210798209,True,0.5554183402140868,1.3659486308080466,0,STOP,True,2.972140178920179,83.57768515808047,0.0,False,,,,,,,,,,,,,,,,False,,,,,,,,,,,,,,,,False,,,,,,,,,,,,,,,,False,,False,,False,,False,,,,,,,,,,,,,,,,False,,,,,,,,,,,,,,,,False,,,,,,,,,,,,,,,,False,,False,,False,,,,,,,,,,,,,,,,,,,,,,,,,,,,,,,,,,,,,,,,,,,,,,,,,,,,,,,,,,,,,,,,,,,,,,,,,,,,,,,,,,,,,,False,,,,,,,,,B1,10,7,2018-01-01,2025-12-31,2026-01-01,2026-06-26,B1,10,unfilled_1m,-1.0278598210798209
5509,2026-01-13 17:45:00+00:00,2026-01-13 12:00:00-06:00,2026-01-13 12:00:00-06:00,RS,Short,A,61.300805951029055,23771.62370956892,23813.016625071086,23668.14142081351,1.573909660108708,True,1.9477659060933756,0.0,0,TIME,True,-1.0175150745291686,0.0,50.971917895484275,False,,,,,,,,,,,,,,,,False,,,,,,,,,,,,,,,,False,,,,,,,,,,,,,,,,False,,False,,False,,False,,,,,,,,,,,,,,,,False,,,,,,,,,,,,,,,,False,,,,,,,,,,,,,,,,False,,False,,False,,,,,,,,,,,,,,,,,,,,,,,,,,,,,,,,,,,,,,,,,,,,,,,,,,,,,,,,,,,,,,,,,,,,,,,,,,,,,,,,,,,,,,False,,,,,,,,,B1,10,7,2018-01-01,2025-12-31,2026-01-01,2026-06-26,B1,10,unfilled_1m,1.573909660108708
5510,2026-01-13 21:00:00+00:00,2026-01-13 15:15:00-06:00,2026-01-13 15:15:00-06:00,L,Long,B,45.76244695656507,23751.25,23716.967981600912,23854.096055197264,-0.3347235820953085,True,0.1677264136861023,0.6052735798237605,0,TIME,True,2.978851886970013,63.006791923822774,0.0,False,,,,,,,,,,,,,,,,False,,,,,,,,,,,,,,,,True,12.0,2.99967038442999,3.0,0.0004546421655311215,0.00011366054138278038,25916.5,2026-01-13 15:27:00-06:00,0.0,TARGET,0.5814316974054392,0.8874045801526718,7.292227013466945e-05,0.5451348182883939,,True,False,,False,,True,12.0,False,,,,,,,,,,,,,,,,False,,,,,,,,,,,,,,,,True,12.0,2.99967038442999,3.0,0.0004546421655311215,0.00011366054138278038,25916.5,2026-01-13 15:27:00-06:00,0.0,TARGET,0.5814316974054392,0.8874045801526718,7.292227013466945e-05,0.5451348182883939,,True,False,,False,,True,13.0,,,,,,,,,,,,,,,2.99967038442999,3.0,0.0004546421655311215,0.00011366054138278038,25916.5,2026-01-13 15:27:00-06:00,0.0,TARGET,0.5814316974054392,0.8874045801526718,7.292227013466945e-05,0.5451348182883939,,True,,,,,,,,,,,,,,,2.9996704218900163,3.0,0.0,0.0011364762413229464,25916.75,2026-01-13 15:28:00-06:00,0.0,TARGET,0.6618901398839986,0.8981481481481481,6.384833406204918e-06,0.6064395123476086,,True,,,,,,,,,,,,,,,,,,,,,,,,,,,,,False,,,,,,,,,B1,10,7,2018-01-01,2025-12-31,2026-01-01,2026-06-26,B1,10,unfilled_1m,-0.3347235820953085
5511,2026-01-14 15:45:00+00:00,2026-01-14 10:00:00-06:00,2026-01-14 10:00:00-06:00,S,Short,A+,80.89686200582324,23382.626647884703,23427.199992973354,23248.90661261876,-1.0162653262517782,True,1.2648063045880118,1.0403830366122668,0,STOP,True,-1.0162653262517782,0.0,47.63773838136145,False,,,,,,,,,,,,,,,,False,,,,,,,,,,,,,,,,False,,,,,,,,,,,,,,,,False,,False,,False,,False,,,,,,,,,,,,,,,,False,,,,,,,,,,,,,,,,False,,,,,,,,,,,,,,,,False,,False,,False,,,,,,,,,,,,,,,,,,,,,,,,,,,,,,,,,,,,,,,,,,,,,,,,,,,,,,,,,,,,,,,,,,,,,,,,,,,,,,,,,,,,,,False,,,,,,,,,B1,10,7,2018-01-01,2025-12-31,2026-01-01,2026-06-26,B1,10,unfilled_1m,-1.0162653262517782
5512,2026-01-14 21:00:00+00:00,2026-01-14 15:15:00-06:00,2026-01-14 15:15:00-06:00,L,Long,B,38.92085235731576,23474.25,23428.669916069503,23610.990251791492,-1.0159060698770437,True,0.005484851681739133,1.7880616482469573,1,STOP,True,2.9840939301229565,47.40557308527132,0.0,False,,,,,,,,,,,,,,,,False,,,,,,,,,,,,,,,,False,,,,,,,,,,,,,,,,False,,False,,False,,False,,,,,,,,,,,,,,,,False,,,,,,,,,,,,,,,,False,,,,,,,,,,,,,,,,False,,False,,False,,,,,,,,,,,,,,,,,,,,,,,,,,,,,,,,,,,,,,,,,,,,,,,,,,,,,,,,,,,,,,,,,,,,,,,,,,,,,,,,,,,,,,False,,,,,,,,,B1,10,7,2018-01-01,2025-12-31,2026-01-01,2026-06-26,B1,10,unfilled_1m,-1.0159060698770437
5524,2026-01-21 15:45:00+00:00,2026-01-21 10:00:00-06:00,2026-01-21 10:00:00-06:00,L,Long,A,61.8224592234644,23306.067838835712,23261.854318372723,23438.70840022468,-1.0163976989936123,True,0.6261017189857357,3.976562757152313,0,STOP,True,2.9836023010063877,49.11805570837137,0.0,False,,,,,,,,,,,,,,,,False,,,,,,,,,,,,,,,,True,11.0,2.9996733345000166,3.0,0.0058574503445317635,0.0011264327585638007,25481.25,2026-01-21 10:11:00-06:00,0.0,TARGET,1.0252093767097346,1.175902683915814,0.0005233073296055328,1.0047846889952152,,True,False,,False,,True,11.0,False,,,,,,,,,,,,,,,,False,,,,,,,,,,,,,,,,False,,,,,,,,,,,,,,,,False,,False,,True,12.0,,,,,,,,,,,,,,,2.9996733345000166,3.0,0.0058574503445317635,0.0011264327585638007,25481.25,2026-01-21 10:11:00-06:00,0.0,TARGET,1.0252093767097346,1.175902683915814,0.0005233073296055328,1.0047846889952152,,True,,,,,,,,,,,,,,,2.9996749455686396,3.0,0.0,0.006837351832063151,25492.25,2026-01-21 10:12:00-06:00,0.0,TARGET,1.6311300639658848,1.6616541353383458,0.0007041424853029329,1.6741719624594924,,True,,,,,,,,,,,,,,,,,,,,,,,,,,,,,False,,,,,,,,,B1,10,7,2018-01-01,2025-12-31,2026-01-01,2026-06-26,B1,10,unfilled_1m,-1.0163976989936123
5533,2026-01-23 17:45:00+00:00,2026-01-23 12:00:00-06:00,2026-01-23 12:00:00-06:00,S,Short,A,61.16380819401105,23557.062771083703,23592.920258179343,23449.49030979678,-1.020218929398657,True,0.8105077471320421,1.155608835771849,0,STOP,True,-1.020218929398657,0.0,59.90902885042111,False,,,,,,,,,,,,,,,,False,,,,,,,,,,,,,,,,True,12.0,0.9996617018089191,1.0,0.004432872848645968,0.0015165091324315155,25736.0,2026-01-23 12:12:00-06:00,0.0,STOP,0.6585056986070073,0.6724137931034483,0.00019184620349032715,0.6363595159316502,,True,False,,False,,True,12.0,False,,,,,,,,,,,,,,,,False,,,,,,,,,,,,,,,,False,,,,,,,,,,,,,,,,False,,False,,True,13.0,,,,,,,,,,,,,,,0.9996617018089191,1.0,0.004432872848645968,0.0015165091324315155,25736.0,2026-01-23 12:12:00-06:00,0.0,STOP,0.6585056986070073,0.6724137931034483,0.00019184620349032715,0.6363595159316502,,True,,,,,,,,,,,,,,,0.9996613858018275,1.0,0.003736432531558698,0.0005838175830560466,25734.0,2026-01-23 12:13:00-06:00,0.0,STOP,1.0665011696185611,1.1435298935298936,8.288010332756469e-05,1.047793255475822,,True,,,,,,,,,,,,,,,,,,,,,,,,,,,,,False,,,,,,,,,B1,10,7,2018-01-01,2025-12-31,2026-01-01,2026-06-26,B1,10,unfilled_1m,-1.020218929398657
5540,2026-01-28 15:45:00+00:00,2026-01-28 10:00:00-06:00,2026-01-28 10:00:00-06:00,S,Short,B,40.92167240542125,24017.023053248955,24044.66607526517,23934.09398720032,2.172268039787125,True,2.7773031907988175,0.7588514287164589,0,TIME,True,-1.0262272337508807,0.0,78.11110324639972,False,,,,,,,,,,,,,,,,False,,,,,,,,,,,,,,,,True,13.0,0.9996601961649622,1.0,0.0017576060432992172,0.004335428240138069,26178.25,2026-01-28 10:13:00-06:00,0.0,STOP,1.261389337641357,1.358574610244989,0.0003492418589639601,1.299946723494939,,True,False,,False,,True,13.0,False,,,,,,,,,,,,,,,,False,,,,,,,,,,,,,,,,True,13.0,0.9996601961649622,1.0,0.0017576060432992172,0.004335428240138069,26178.25,2026-01-28 10:13:00-06:00,0.0,STOP,1.261389337641357,1.358574610244989,0.0003492418589639601,1.299946723494939,,True,False,,False,,False,,,,,,,,,,,,,,,,0.9996601961649622,1.0,0.0017576060432992172,0.004335428240138069,26178.25,2026-01-28 10:13:00-06:00,0.0,STOP,1.261389337641357,1.358574610244989,0.0003492418589639601,1.299946723494939,,True,,,,,,,,,,,,,,,,,,,,,,,,,,,,,,,,,,,,,,,,,,,,,,,,,,,,,,,,,False,,,,,,,,,B1,10,7,2018-01-01,2025-12-31,2026-01-01,2026-06-26,B1,10,unfilled_1m,2.172268039787125
5571,2026-02-12 18:45:00+00:00,2026-02-12 13:00:00-06:00,2026-02-12 13:00:00-06:00,RL,Long,B,38.64015055841084,22716.27494166445,22661.86016935845,22852.311872429465,0.6983408498312864,True,1.1251550955915048,0.5563735798470302,0,TIME,True,2.4866764121345035,40.48487138652574,0.0,False,,,,,,,,,,,,,,,,False,,,,,,,,,,,,,,,,False,,,,,,,,,,,,,,,,False,,False,,False,,False,,,,,,,,,,,,,,,,False,,,,,,,,,,,,,,,,False,,,,,,,,,,,,,,,,False,,False,,False,,,,,,,,,,,,,,,,,,,,,,,,,,,,,,,,,,,,,,,,,,,,,,,,,,,,,,,,,,,,,,,,,,,,,,,,,,,,,,,,,,,,,,False,,,,,,,,,B1,10,7,2018-01-01,2025-12-31,2026-01-01,2026-06-26,B1,10,unfilled_1m,0.6983408498312864
5578,2026-02-17 16:00:00+00:00,2026-02-17 10:15:00-06:00,2026-02-17 10:15:00-06:00,L,Long,A+,100.0,22451.519357273413,22383.54972626215,22655.42825030719,1.324203786124306,True,2.7178408942072276,0.0,0,TIME,True,2.989333471592926,34.22455894075858,0.0,False,,,,,,,,,,,,,,,,False,,,,,,,,,,,,,,,,False,,,,,,,,,,,,,,,,False,,False,,False,,False,,,,,,,,,,,,,,,,False,,,,,,,,,,,,,,,,False,,,,,,,,,,,,,,,,False,,False,,False,,,,,,,,,,,,,,,,,,,,,,,,,,,,,,,,,,,,,,,,,,,,,,,,,,,,,,,,,,,,,,,,,,,,,,,,,,,,,,,,,,,,,,False,,,,,,,,,B1,10,7,2018-01-01,2025-12-31,2026-01-01,2026-06-26,B1,10,unfilled_1m,1.324203786124306
5580,2026-02-18 19:45:00+00:00,2026-02-18 14:00:00-06:00,2026-02-18 14:00:00-06:00,S,Short,A+,66.87053198328539,22747.64250446484,22788.00720551325,22626.54840131962,-1.017961237942291,True,1.2917847304826962,1.080337383964748,0,STOP,True,-1.0179612379422913,0.0,53.47760393285608,False,,,,,,,,,,,,,,,,False,,,,,,,,,,,,,,,,True,11.0,0.9996519431070914,1.0,0.0016802746554206891,0.006000980912216747,24871.0,2026-02-18 14:11:00-06:00,0.0,STOP,0.8192608318054617,1.117399315609371,0.0005102582883484793,0.821917808219178,,True,False,,False,,True,11.0,False,,,,,,,,,,,,,,,,False,,,,,,,,,,,,,,,,False,,,,,,,,,,,,,,,,False,,False,,True,12.0,,,,,,,,,,,,,,,0.9996519431070914,1.0,0.0016802746554206891,0.006000980912216747,24871.0,2026-02-18 14:11:00-06:00,0.0,STOP,0.8192608318054617,1.117399315609371,0.0005102582883484793,0.821917808219178,,True,,,,,,,,,,,,,,,0.9996513572915847,1.0,0.0008415513651404248,0.005049308190842548,24867.5,2026-02-18 14:12:00-06:00,0.0,STOP,0.8238869326129951,1.1420165819737897,0.00011594243352277334,0.8240856894721607,,True,,,,,,,,,,,,,,,,,,,,,,,,,,,,,False,,,,,,,,,B1,10,7,2018-01-01,2025-12-31,2026-01-01,2026-06-26,B1,10,unfilled_1m,-1.017961237942291
5594,2026-02-27 20:15:00+00:00,2026-02-27 14:30:00-06:00,2026-02-27 14:30:00-06:00,L,Long,A,51.37125175859899,22813.82428443491,22772.87391069177,22936.67540566433,-1.017704356120106,True,0.2790137066087793,1.283853592269548,1,STOP,True,2.982295643879894,53.03799494452481,0.0,False,,,,,,,,,,,,,,,,False,,,,,,,,,,,,,,,,True,12.0,2.9996654941412446,3.0,0.007382198262188447,0.0003460405435400834,24940.25,2026-02-27 14:42:00-06:00,0.0,TARGET,0.8371665133394663,0.7575442247658689,0.0004281966922104552,0.8452830188679246,,True,False,,False,,True,12.0,False,,,,,,,,,,,,,,,,False,,,,,,,,,,,,,,,,True,12.0,2.9996654941412446,3.0,0.007382198262188447,0.0003460405435400834,24940.25,2026-02-27 14:42:00-06:00,0.0,TARGET,0.8371665133394663,0.7575442247658689,0.0004281966922104552,0.8452830188679246,,True,False,,False,,True,13.0,,,,,,,,,,,,,,,2.9996654941412446,3.0,0.007382198262188447,0.0003460405435400834,24940.25,2026-02-27 14:42:00-06:00,0.0,TARGET,0.8371665133394663,0.7575442247658689,0.0004281966922104552,0.8452830188679246,,True,,,,,,,,,,,,,,,2.99966748855688,3.0,0.002407841484661334,0.010090002411914163,24953.25,2026-02-27 14:43:00-06:00,0.0,TARGET,1.320169252468265,1.1990161918425908,0.0006881326483129258,1.345446182152714,,True,,,,,,,,,,,,,,,,,,,,,,,,,,,,,False,,,,,,,,,B1,10,7,2018-01-01,2025-12-31,2026-01-01,2026-06-26,B1,10,unfilled_1m,-1.017704356120106
5598,2026-03-02 20:15:00+00:00,2026-03-02 14:30:00-06:00,2026-03-02 14:30:00-06:00,RS,Short,A,58.40891036206789,22843.777874069623,22892.815893941897,22721.182824388936,-1.014784446881998,True,0.8621448047808871,1.1923835033036634,0,STOP,True,-1.014784446881998,0.0,43.71041350187724,False,,,,,,,,,,,,,,,,False,,,,,,,,,,,,,,,,True,11.0,0.999652600435301,1.0,0.0025156520202338547,0.00826571378076838,24979.75,2026-03-02 14:41:00-06:00,0.0,STOP,1.2363587969124301,1.1891961085509473,0.0008284763806246621,1.2468125083881358,,True,False,,False,,True,11.0,False,,,,,,,,,,,,,,,,False,,,,,,,,,,,,,,,,False,,,,,,,,,,,,,,,,False,,False,,False,,,,,,,,,,,,,,,,0.999652600435301,1.0,0.0025156520202338547,0.00826571378076838,24979.75,2026-03-02 14:41:00-06:00,0.0,STOP,1.2363587969124301,1.1891961085509473,0.0008284763806246621,1.2468125083881358,,True,,,,,,,,,,,,,,,,,,,,,,,,,,,,,,,,,,,,,,,,,,,,,,,,,,,,,,,,,False,,,,,,,,,B1,10,7,2018-01-01,2025-12-31,2026-01-01,2026-06-26,B1,10,unfilled_1m,-1.014784446881998
5599,2026-03-03 16:15:00+00:00,2026-03-03 10:30:00-06:00,2026-03-03 10:30:00-06:00,L,Long,A+,93.51785674145474,22440.33759865543,22374.906108019397,22636.632070563537,1.5770296586784778,True,1.8937731685472017,0.5744573184877282,0,TIME,True,2.988919708339936,33.38854701472201,0.0,False,,,,,,,,,,,,,,,,False,,,,,,,,,,,,,,,,True,13.0,2.9996800309136185,3.0,0.005737376721322374,0.008054394243394871,24640.75,2026-03-03 10:43:00-06:00,0.0,TARGET,2.202188804031179,2.207576953433307,0.002953225326696808,2.3466733786391476,,True,False,,False,,True,13.0,False,,,,,,,,,,,,,,,,False,,,,,,,,,,,,,,,,False,,,,,,,,,,,,,,,,False,,False,,True,14.0,,,,,,,,,,,,,,,2.9996800309136185,3.0,0.005737376721322374,0.008054394243394871,24640.75,2026-03-03 10:43:00-06:00,0.0,TARGET,2.202188804031179,2.207576953433307,0.002953225326696808,2.3466733786391476,,True,,,,,,,,,,,,,,,2.9996809812775798,3.0,0.013530794088864187,0.001210071016077285,24647.5,2026-03-03 10:44:00-06:00,0.0,TARGET,1.2145748987854252,1.063610078479967,0.000332716356718083,1.2164396504212267,,True,,,,,,,,,,,,,,,,,,,,,,,,,,,,,False,,,,,,,,,B1,10,7,2018-01-01,2025-12-31,2026-01-01,2026-06-26,B1,10,unfilled_1m,1.5770296586784778
5611,2026-03-09 17:30:00+00:00,2026-03-09 12:45:00-05:00,2026-03-09 12:45:00-05:00,S,Short,A+,63.686100433920146,22438.15578952029,22491.847612504014,22277.08032056909,-1.0135029872280508,True,0.31486711720356564,1.5755510947235487,1,STOP,True,-1.0135029872280508,0.0,40.23600038938077,False,,,,,,,,,,,,,,,,False,,,,,,,,,,,,,,,,False,,,,,,,,,,,,,,,,False,,False,,False,,False,,,,,,,,,,,,,,,,False,,,,,,,,,,,,,,,,False,,,,,,,,,,,,,,,,False,,False,,False,,,,,,,,,,,,,,,,,,,,,,,,,,,,,,,,,,,,,,,,,,,,,,,,,,,,,,,,,,,,,,,,,,,,,,,,,,,,,,,,,,,,,,False,,,,,,,,,B1,10,7,2018-01-01,2025-12-31,2026-01-01,2026-06-26,B1,10,unfilled_1m,-1.0135029872280508
5627,2026-03-19 15:30:00+00:00,2026-03-19 10:45:00-05:00,2026-03-19 10:45:00-05:00,S,Short,A+,66.75755422239236,22058.876966786334,22117.082019524372,21884.26180857222,-1.0124559632866066,True,0.6937020909173989,1.466763265345742,0,STOP,True,-1.0124559632866066,0.0,40.518355748734365,False,,,,,,,,,,,,,,,,False,,,,,,,,,,,,,,,,False,,,,,,,,,,,,,,,,False,,False,,False,,False,,,,,,,,,,,,,,,,False,,,,,,,,,,,,,,,,False,,,,,,,,,,,,,,,,False,,False,,False,,,,,,,,,,,,,,,,,,,,,,,,,,,,,,,,,,,,,,,,,,,,,,,,,,,,,,,,,,,,,,,,,,,,,,,,,,,,,,,,,,,,,,False,,,,,,,,,B1,10,7,2018-01-01,2025-12-31,2026-01-01,2026-06-26,B1,10,unfilled_1m,-1.0124559632866066
5631,2026-03-20 18:45:00+00:00,2026-03-20 14:00:00-05:00,2026-03-20 14:00:00-05:00,S,Short,B,44.765868428741165,21715.75,21760.78453188135,21580.646404355954,-0.4435485207801772,True,2.731237449610103,0.5273730847824386,0,TIME,True,-1.0160987573249376,0.0,53.26468156302629,False,,,,,,,,,,,,,,,,False,,,,,,,,,,,,,,,,True,11.0,0.9996862443645689,1.0,0.00021638319684902282,0.004868621929103013,24071.5,2026-03-20 14:11:00-05:00,0.0,STOP,1.375668449197861,1.6048034934497815,0.0004998743339658899,1.3696259816318381,,True,False,,False,,True,11.0,False,,,,,,,,,,,,,,,,False,,,,,,,,,,,,,,,,True,11.0,0.9996862443645689,1.0,0.00021638319684902282,0.004868621929103013,24071.5,2026-03-20 14:11:00-05:00,0.0,STOP,1.375668449197861,1.6048034934497815,0.0004998743339658899,1.3696259816318381,,True,False,,False,,False,,,,,,,,,,,,,,,,0.9996862443645689,1.0,0.00021638319684902282,0.004868621929103013,24071.5,2026-03-20 14:11:00-05:00,0.0,STOP,1.375668449197861,1.6048034934497815,0.0004998743339658899,1.3696259816318381,,True,,,,,,,,,,,,,,,,,,,,,,,,,,,,,,,,,,,,,,,,,,,,,,,,,,,,,,,,,False,,,,,,,,,B1,10,7,2018-01-01,2025-12-31,2026-01-01,2026-06-26,B1,10,unfilled_1m,-0.4435485207801772
5635,2026-03-23 20:00:00+00:00,2026-03-23 15:15:00-05:00,2026-03-23 15:15:00-05:00,S,Short,B,42.58224231962709,22034.0,22093.95273599209,21854.141792023733,-0.2205904331329399,True,0.5879631582560403,0.3544458755444215,0,TIME,True,-1.0120928592832803,0.0,39.84388636266997,False,,,,,,,,,,,,,,,,False,,,,,,,,,,,,,,,,True,15.0,0.9996867299584736,1.0,0.001728386436007267,0.00021604830450090836,24408.25,2026-03-23 15:30:00-05:00,0.0,STOP,0.6696181516325401,1.165703275529865,8.229215852928757e-05,0.6043956043956045,,True,False,,False,,True,15.0,False,,,,,,,,,,,,,,,,False,,,,,,,,,,,,,,,,False,,,,,,,,,,,,,,,,False,,False,,False,,,,,,,,,,,,,,,,0.9996867299584736,1.0,0.001728386436007267,0.00021604830450090836,24408.25,2026-03-23 15:30:00-05:00,0.0,STOP,0.6696181516325401,1.165703275529865,8.229215852928757e-05,0.6043956043956045,,True,,,,,,,,,,,,,,,,,,,,,,,,,,,,,,,,,,,,,,,,,,,,,,,,,,,,,,,,,False,,,,,,,,,B1,10,7,2018-01-01,2025-12-31,2026-01-01,2026-06-26,B1,10,unfilled_1m,-0.2205904331329399
5637,2026-03-24 17:15:00+00:00,2026-03-24 12:30:00-05:00,2026-03-24 12:30:00-05:00,S,Short,A,47.39129683573694,21821.5,21878.74803680445,21649.755889586653,-1.012664189734165,True,0.6943469543904237,1.314455555166777,0,STOP,True,-1.012664189734165,0.0,42.018908145563884,False,,,,,,,,,,,,,,,,False,,,,,,,,,,,,,,,,False,,,,,,,,,,,,,,,,False,,False,,False,,False,,,,,,,,,,,,,,,,False,,,,,,,,,,,,,,,,False,,,,,,,,,,,,,,,,False,,False,,False,,,,,,,,,,,,,,,,,,,,,,,,,,,,,,,,,,,,,,,,,,,,,,,,,,,,,,,,,,,,,,,,,,,,,,,,,,,,,,,,,,,,,,False,,,,,,,,,B1,10,7,2018-01-01,2025-12-31,2026-01-01,2026-06-26,B1,10,unfilled_1m,-1.012664189734165
5645,2026-03-27 17:30:00+00:00,2026-03-27 12:45:00-05:00,2026-03-27 12:45:00-05:00,S,Short,A,59.10722268740669,20991.80816229732,21040.94328201239,20844.40280315212,0.0627486473055819,True,0.8610574786966548,0.5279693598614261,0,TIME,True,-1.014755230153181,0.0,48.64528369042469,False,,,,,,,,,,,,,,,,False,,,,,,,,,,,,,,,,True,11.0,0.9996866973940767,1.0,0.004753556779527001,0.0035651675846452508,23355.0,2026-03-27 12:56:00-05:00,0.0,STOP,1.3920409141761227,1.468307484828051,0.0005957804040985244,1.4152246323828093,,True,False,,False,,True,11.0,False,,,,,,,,,,,,,,,,False,,,,,,,,,,,,,,,,True,11.0,0.9996866973940767,1.0,0.004753556779527001,0.0035651675846452508,23355.0,2026-03-27 12:56:00-05:00,0.0,STOP,1.3920409141761227,1.468307484828051,0.0005957804040985244,1.4152246323828093,,True,False,,False,,False,,,,,,,,,,,,,,,,0.9996866973940767,1.0,0.004753556779527001,0.0035651675846452508,23355.0,2026-03-27 12:56:00-05:00,0.0,STOP,1.3920409141761227,1.468307484828051,0.0005957804040985244,1.4152246323828093,,True,,,,,,,,,,,,,,,,,,,,,,,,,,,,,,,,,,,,,,,,,,,,,,,,,,,,,,,,,False,,,,,,,,,B1,10,7,2018-01-01,2025-12-31,2026-01-01,2026-06-26,B1,10,unfilled_1m,0.0627486473055819
5648,2026-03-30 19:15:00+00:00,2026-03-30 14:30:00-05:00,2026-03-30 14:30:00-05:00,S,Short,A,59.54496349880901,20658.25,20703.869243317808,20521.39227004658,-1.0158924161663374,True,0.25756674476477703,1.128909562160512,1,STOP,True,-1.0158924161663374,0.0,52.60937765408212,False,,,,,,,,,,,,,,,,False,,,,,,,,,,,,,,,,False,,,,,,,,,,,,,,,,False,,False,,False,,False,,,,,,,,,,,,,,,,False,,,,,,,,,,,,,,,,False,,,,,,,,,,,,,,,,False,,False,,False,,,,,,,,,,,,,,,,,,,,,,,,,,,,,,,,,,,,,,,,,,,,,,,,,,,,,,,,,,,,,,,,,,,,,,,,,,,,,,,,,,,,,,False,,,,,,,,,B1,10,7,2018-01-01,2025-12-31,2026-01-01,2026-06-26,B1,10,unfilled_1m,-1.0158924161663374
5649,2026-03-31 14:45:00+00:00,2026-03-31 10:00:00-05:00,2026-03-31 10:00:00-05:00,S,Short,A+,84.9440204392998,21091.283088836142,21146.63300587015,20925.233337734117,-1.0130984839517383,True,1.1252607442550475,1.4492688600521642,0,STOP,True,-1.0130984839517385,0.0,42.32105550808016,False,,,,,,,,,,,,,,,,False,,,,,,,,,,,,,,,,False,,,,,,,,,,,,,,,,False,,False,,False,,False,,,,,,,,,,,,,,,,False,,,,,,,,,,,,,,,,False,,,,,,,,,,,,,,,,False,,False,,False,,,,,,,,,,,,,,,,,,,,,,,,,,,,,,,,,,,,,,,,,,,,,,,,,,,,,,,,,,,,,,,,,,,,,,,,,,,,,,,,,,,,,,False,,,,,,,,,B1,10,7,2018-01-01,2025-12-31,2026-01-01,2026-06-26,B1,10,unfilled_1m,-1.0130984839517383
5651,2026-04-01 15:00:00+00:00,2026-04-01 10:15:00-05:00,2026-04-01 10:15:00-05:00,L,Long,B,45.5417204927501,21887.75,21837.52013648907,22038.439590532784,0.6923172306138871,True,1.2094398780673945,0.7266593506083934,0,TIME,True,2.985566355364628,47.48669085037453,0.0,False,,,,,,,,,,,,,,,,False,,,,,,,,,,,,,,,,False,,,,,,,,,,,,,,,,False,,False,,False,,False,,,,,,,,,,,,,,,,False,,,,,,,,,,,,,,,,False,,,,,,,,,,,,,,,,False,,False,,False,,,,,,,,,,,,,,,,,,,,,,,,,,,,,,,,,,,,,,,,,,,,,,,,,,,,,,,,,,,,,,,,,,,,,,,,,,,,,,,,,,,,,,False,,,,,,,,,B1,10,7,2018-01-01,2025-12-31,2026-01-01,2026-06-26,B1,10,unfilled_1m,0.6923172306138871
5660,2026-04-07 20:00:00+00:00,2026-04-07 15:15:00-05:00,2026-04-07 15:15:00-05:00,L,Long,A+,81.09967687939768,22010.42912674848,21952.26199403586,22184.930524886346,2.987535916484281,True,4.763357936524237,0.5145367384077154,0,TARGET,True,2.987535916484281,41.35618795474137,0.0,False,,,,,,,,,,,,,,,,False,,,,,,,,,,,,,,,,False,,,,,,,,,,,,,,,,False,,False,,False,,False,,,,,,,,,,,,,,,,False,,,,,,,,,,,,,,,,False,,,,,,,,,,,,,,,,False,,False,,False,,,,,,,,,,,,,,,,,,,,,,,,,,,,,,,,,,,,,,,,,,,,,,,,,,,,,,,,,,,,,,,,,,,,,,,,,,,,,,,,,,,,,,False,,,,,,,,,B1,10,7,2018-01-01,2025-12-31,2026-01-01,2026-06-26,B1,10,unfilled_1m,2.987535916484281
5674,2026-04-15 16:45:00+00:00,2026-04-15 12:00:00-05:00,2026-04-15 12:00:00-05:00,S,Short,B,43.61746214089195,23765.75,23797.46900206463,23670.59299380611,-1.0228569612159533,True,0.23645132292365545,1.1664931930900335,1,STOP,True,-1.0228569612159533,0.0,75.34127319424074,False,,,,,,,,,,,,,,,,False,,,,,,,,,,,,,,,,False,,,,,,,,,,,,,,,,False,,False,,False,,False,,,,,,,,,,,,,,,,False,,,,,,,,,,,,,,,,False,,,,,,,,,,,,,,,,False,,False,,False,,,,,,,,,,,,,,,,,,,,,,,,,,,,,,,,,,,,,,,,,,,,,,,,,,,,,,,,,,,,,,,,,,,,,,,,,,,,,,,,,,,,,,False,,,,,,,,,B1,10,7,2018-01-01,2025-12-31,2026-01-01,2026-06-26,B1,10,unfilled_1m,-1.0228569612159533
5685,2026-04-21 19:45:00+00:00,2026-04-21 15:00:00-05:00,2026-04-21 15:00:00-05:00,S,Short,B,44.836557970777626,24263.75,24317.791362682023,24101.62591195392,-1.0134156498655644,True,0.7494259580073954,2.8126603856080026,0,STOP,True,-1.0134156498655644,0.0,44.16987066083094,False,,,,,,,,,,,,,,,,False,,,,,,,,,,,,,,,,False,,,,,,,,,,,,,,,,False,,False,,False,,False,,,,,,,,,,,,,,,,False,,,,,,,,,,,,,,,,False,,,,,,,,,,,,,,,,False,,False,,False,,,,,,,,,,,,,,,,,,,,,,,,,,,,,,,,,,,,,,,,,,,,,,,,,,,,,,,,,,,,,,,,,,,,,,,,,,,,,,,,,,,,,,False,,,,,,,,,B1,10,7,2018-01-01,2025-12-31,2026-01-01,2026-06-26,B1,10,unfilled_1m,-1.0134156498655644
5691,2026-04-24 14:45:00+00:00,2026-04-24 10:00:00-05:00,2026-04-24 10:00:00-05:00,L,Long,A,48.22583605080988,24885.895448110885,24839.49411305293,25025.09945328475,2.984375449562077,True,3.2995721286443036,0.0,0,TARGET,True,2.984375449562077,52.02123061489954,0.0,False,,,,,,,,,,,,,,,,False,,,,,,,,,,,,,,,,True,12.0,2.999706121495763,3.0,0.0028374476271163375,0.001013374152541549,27306.5,2026-04-24 10:12:00-05:00,0.0,TARGET,1.2617550647536138,1.3660693507097976,0.000219522065713028,1.272283933893254,,True,False,,False,,True,12.0,False,,,,,,,,,,,,,,,,False,,,,,,,,,,,,,,,,True,12.0,2.999706121495763,3.0,0.0028374476271163375,0.001013374152541549,27306.5,2026-04-24 10:12:00-05:00,0.0,TARGET,1.2617550647536138,1.3660693507097976,0.000219522065713028,1.272283933893254,,True,False,,False,,True,13.0,,,,,,,,,,,,,,,2.999706121495763,3.0,0.0028374476271163375,0.001013374152541549,27306.5,2026-04-24 10:12:00-05:00,0.0,TARGET,1.2617550647536138,1.3660693507097976,0.000219522065713028,1.272283933893254,,True,,,,,,,,,,,,,,,2.999706478432367,3.0,0.004149787680331811,0.0013157863376661839,27309.5,2026-04-24 10:13:00-05:00,0.0,TARGET,1.0951256173502255,1.1394101876675602,0.00012031482804657925,1.096243753022731,,True,,,,,,,,,,,,,,,,,,,,,,,,,,,,,False,,,,,,,,,B1,10,7,2018-01-01,2025-12-31,2026-01-01,2026-06-26,B1,10,unfilled_1m,2.984375449562077
5698,2026-04-29 14:45:00+00:00,2026-04-29 10:00:00-05:00,2026-04-29 10:00:00-05:00,L,Long,B,37.83215706039501,24923.75,24891.42514567709,25020.724562968728,-1.022428562020964,True,0.22428562020964124,2.490343783017396,1,STOP,True,2.977571437979036,73.80543702277953,0.0,False,,,,,,,,,,,,,,,,False,,,,,,,,,,,,,,,,False,,,,,,,,,,,,,,,,False,,False,,False,,False,,,,,,,,,,,,,,,,False,,,,,,,,,,,,,,,,False,,,,,,,,,,,,,,,,False,,False,,False,,,,,,,,,,,,,,,,,,,,,,,,,,,,,,,,,,,,,,,,,,,,,,,,,,,,,,,,,,,,,,,,,,,,,,,,,,,,,,,,,,,,,,False,,,,,,,,,B1,10,7,2018-01-01,2025-12-31,2026-01-01,2026-06-26,B1,10,unfilled_1m,-1.022428562020964
5702,2026-04-30 15:00:00+00:00,2026-04-30 10:15:00-05:00,2026-04-30 10:15:00-05:00,L,Long,A+,77.90974286908381,25005.550810217865,24946.3353462006,25183.19720226966,0.7763882381928574,True,0.8730690646460791,0.891672658386527,0,TIME,True,2.9877565765626923,40.60508905378449,0.0,False,,,,,,,,,,,,,,,,False,,,,,,,,,,,,,,,,True,15.0,2.999707149351231,3.0,0.005554064028380378,0.0015147447350128303,27422.0,2026-04-30 10:30:00-05:00,0.0,TARGET,1.5099904852521409,1.4559633027522936,0.0009504679251078246,1.5017743080198722,,True,False,,False,,True,15.0,False,,,,,,,,,,,,,,,,False,,,,,,,,,,,,,,,,False,,,,,,,,,,,,,,,,False,,False,,False,,,,,,,,,,,,,,,,2.999707149351231,3.0,0.005554064028380378,0.0015147447350128303,27422.0,2026-04-30 10:30:00-05:00,0.0,TARGET,1.5099904852521409,1.4559633027522936,0.0009504679251078246,1.5017743080198722,,True,,,,,,,,,,,,,,,,,,,,,,,,,,,,,,,,,,,,,,,,,,,,,,,,,,,,,,,,,False,,,,,,,,,B1,10,7,2018-01-01,2025-12-31,2026-01-01,2026-06-26,B1,10,unfilled_1m,0.7763882381928574
5711,2026-05-05 20:15:00+00:00,2026-05-05 15:30:00-05:00,2026-05-05 15:30:00-05:00,L,Long,A,58.68516563092484,25782.080773592916,25753.286100356538,25868.46479330206,2.974821731990205,True,3.7478885598445912,0.0,0,TARGET,True,2.974821731990205,85.24733745913659,0.0,False,,,,,,,,,,,,,,,,False,,,,,,,,,,,,,,,,False,,,,,,,,,,,,,,,,False,,False,,False,,False,,,,,,,,,,,,,,,,False,,,,,,,,,,,,,,,,False,,,,,,,,,,,,,,,,False,,False,,False,,,,,,,,,,,,,,,,,,,,,,,,,,,,,,,,,,,,,,,,,,,,,,,,,,,,,,,,,,,,,,,,,,,,,,,,,,,,,,,,,,,,,,False,,,,,,,,,B1,10,7,2018-01-01,2025-12-31,2026-01-01,2026-06-26,B1,10,unfilled_1m,2.974821731990205
5713,2026-05-06 20:15:00+00:00,2026-05-06 15:30:00-05:00,2026-05-06 15:30:00-05:00,L,Long,B,43.250736641367894,26399.25,26364.88115479951,26502.356535601462,-1.0210946860673011,True,0.05819223742703734,1.5857384698867674,1,STOP,True,2.978905313932699,69.26331059753119,0.0,False,,,,,,,,,,,,,,,,False,,,,,,,,,,,,,,,,False,,,,,,,,,,,,,,,,False,,False,,False,,False,,,,,,,,,,,,,,,,False,,,,,,,,,,,,,,,,False,,,,,,,,,,,,,,,,False,,False,,False,,,,,,,,,,,,,,,,,,,,,,,,,,,,,,,,,,,,,,,,,,,,,,,,,,,,,,,,,,,,,,,,,,,,,,,,,,,,,,,,,,,,,,False,,,,,,,,,B1,10,7,2018-01-01,2025-12-31,2026-01-01,2026-06-26,B1,10,unfilled_1m,-1.0210946860673011
5727,2026-05-13 18:15:00+00:00,2026-05-13 13:30:00-05:00,2026-05-13 13:30:00-05:00,L,Long,A,49.05007841291315,27150.90992679367,27107.407758052057,27281.41643301851,-1.0166658357726084,True,0.6054887369588868,1.4403862751268237,0,STOP,True,2.983334164227392,55.28092375095734,0.0,False,,,,,,,,,,,,,,,,False,,,,,,,,,,,,,,,,False,,,,,,,,,,,,,,,,False,,False,,False,,False,,,,,,,,,,,,,,,,False,,,,,,,,,,,,,,,,False,,,,,,,,,,,,,,,,False,,False,,False,,,,,,,,,,,,,,,,,,,,,,,,,,,,,,,,,,,,,,,,,,,,,,,,,,,,,,,,,,,,,,,,,,,,,,,,,,,,,,,,,,,,,,False,,,,,,,,,B1,10,7,2018-01-01,2025-12-31,2026-01-01,2026-06-26,B1,10,unfilled_1m,-1.0166658357726084
5730,2026-05-14 17:15:00+00:00,2026-05-14 12:30:00-05:00,2026-05-14 12:30:00-05:00,S,Short,B,42.73412622364835,27269.5,27315.135074895818,27132.59477531256,-1.0158869028188326,True,0.2465209058094713,1.1942568325881053,1,STOP,True,-1.0158869028188326,0.0,52.4870399680121,False,,,,,,,,,,,,,,,,False,,,,,,,,,,,,,,,,False,,,,,,,,,,,,,,,,False,,False,,False,,False,,,,,,,,,,,,,,,,False,,,,,,,,,,,,,,,,False,,,,,,,,,,,,,,,,False,,False,,False,,,,,,,,,,,,,,,,,,,,,,,,,,,,,,,,,,,,,,,,,,,,,,,,,,,,,,,,,,,,,,,,,,,,,,,,,,,,,,,,,,,,,,False,,,,,,,,,B1,10,7,2018-01-01,2025-12-31,2026-01-01,2026-06-26,B1,10,unfilled_1m,-1.0158869028188326
5733,2026-05-15 18:30:00+00:00,2026-05-15 13:45:00-05:00,2026-05-15 13:45:00-05:00,S,Short,B,44.369123485063824,26997.5,27053.74898197908,26828.753054062767,1.4138033650027344,True,1.6400296815027002,0.5511210853830213,0,TIME,True,-1.0128891221581513,0.0,42.34298855196809,False,,,,,,,,,,,,,,,,False,,,,,,,,,,,,,,,,False,,,,,,,,,,,,,,,,False,,False,,False,,False,,,,,,,,,,,,,,,,False,,,,,,,,,,,,,,,,False,,,,,,,,,,,,,,,,False,,False,,False,,,,,,,,,,,,,,,,,,,,,,,,,,,,,,,,,,,,,,,,,,,,,,,,,,,,,,,,,,,,,,,,,,,,,,,,,,,,,,,,,,,,,,False,,,,,,,,,B1,10,7,2018-01-01,2025-12-31,2026-01-01,2026-06-26,B1,10,unfilled_1m,1.4138033650027344
5744,2026-05-21 17:45:00+00:00,2026-05-21 13:00:00-05:00,2026-05-21 13:00:00-05:00,L,Long,A,54.5901449002826,27118.75,27059.89212930271,27295.323612091877,-1.0123178088403624,True,0.4120094681086729,1.176563120269097,1,STOP,True,2.9876821911596374,40.81866998478708,0.0,False,,,,,,,,,,,,,,,,False,,,,,,,,,,,,,,,,False,,,,,,,,,,,,,,,,False,,False,,False,,False,,,,,,,,,,,,,,,,False,,,,,,,,,,,,,,,,False,,,,,,,,,,,,,,,,False,,False,,False,,,,,,,,,,,,,,,,,,,,,,,,,,,,,,,,,,,,,,,,,,,,,,,,,,,,,,,,,,,,,,,,,,,,,,,,,,,,,,,,,,,,,,False,,,,,,,,,B1,10,7,2018-01-01,2025-12-31,2026-01-01,2026-06-26,B1,10,unfilled_1m,-1.0123178088403624
5773,2026-06-08 15:00:00+00:00,2026-06-08 10:15:00-05:00,2026-06-08 10:15:00-05:00,L,Long,A+,77.32189798803672,27312.112537376404,27241.485044933594,27523.995014704833,-1.0102651244568404,True,0.7417432052541773,1.8634745879301187,0,STOP,True,2.9897348755431596,34.301620782944816,0.0,False,,,,,,,,,,,,,,,,False,,,,,,,,,,,,,,,,False,,,,,,,,,,,,,,,,False,,False,,False,,False,,,,,,,,,,,,,,,,False,,,,,,,,,,,,,,,,False,,,,,,,,,,,,,,,,False,,False,,False,,,,,,,,,,,,,,,,,,,,,,,,,,,,,,,,,,,,,,,,,,,,,,,,,,,,,,,,,,,,,,,,,,,,,,,,,,,,,,,,,,,,,,False,,,,,,,,,B1,10,7,2018-01-01,2025-12-31,2026-01-01,2026-06-26,B1,10,unfilled_1m,-1.0102651244568404
5775,2026-06-08 19:15:00+00:00,2026-06-08 14:30:00-05:00,2026-06-08 14:30:00-05:00,S,Short,A,46.99010374398463,27058.25,27123.676436036032,26861.970691891907,0.0615194750602542,True,0.5464152132680972,0.8903128999403263,0,TIME,True,-1.0110811476816608,0.0,36.693883167926835,False,,,,,,,,,,,,,,,,False,,,,,,,,,,,,,,,,False,,,,,,,,,,,,,,,,False,,False,,False,,False,,,,,,,,,,,,,,,,False,,,,,,,,,,,,,,,,False,,,,,,,,,,,,,,,,False,,False,,False,,,,,,,,,,,,,,,,,,,,,,,,,,,,,,,,,,,,,,,,,,,,,,,,,,,,,,,,,,,,,,,,,,,,,,,,,,,,,,,,,,,,,,False,,,,,,,,,B1,10,7,2018-01-01,2025-12-31,2026-01-01,2026-06-26,B1,10,unfilled_1m,0.0615194750602542
5779,2026-06-10 18:00:00+00:00,2026-06-10 13:15:00-05:00,2026-06-10 13:15:00-05:00,L,Long,A,57.15769061024045,26403.0,26300.265711196425,26711.202866410724,-1.007057040141546,True,0.2798481435440633,1.4454764979580312,1,STOP,True,2.9929429598584543,23.370970179105946,0.0,False,,,,,,,,,,,,,,,,False,,,,,,,,,,,,,,,,False,,,,,,,,,,,,,,,,False,,False,,False,,False,,,,,,,,,,,,,,,,False,,,,,,,,,,,,,,,,False,,,,,,,,,,,,,,,,False,,False,,False,,,,,,,,,,,,,,,,,,,,,,,,,,,,,,,,,,,,,,,,,,,,,,,,,,,,,,,,,,,,,,,,,,,,,,,,,,,,,,,,,,,,,,False,,,,,,,,,B1,10,7,2018-01-01,2025-12-31,2026-01-01,2026-06-26,B1,10,unfilled_1m,-1.007057040141546
5787,2026-06-16 15:45:00+00:00,2026-06-16 11:00:00-05:00,2026-06-16 11:00:00-05:00,S,Short,A,52.07243567807709,27782.0,27838.9289516485,27611.213145054495,-1.0127351721576818,True,0.03952294807556436,1.7302268379747066,1,STOP,True,-1.0127351721576818,0.0,42.469603426531435,False,,,,,,,,,,,,,,,,False,,,,,,,,,,,,,,,,False,,,,,,,,,,,,,,,,False,,False,,False,,False,,,,,,,,,,,,,,,,False,,,,,,,,,,,,,,,,False,,,,,,,,,,,,,,,,False,,False,,False,,,,,,,,,,,,,,,,,,,,,,,,,,,,,,,,,,,,,,,,,,,,,,,,,,,,,,,,,,,,,,,,,,,,,,,,,,,,,,,,,,,,,,False,,,,,,,,,B1,10,7,2018-01-01,2025-12-31,2026-01-01,2026-06-26,B1,10,unfilled_1m,-1.0127351721576818
5788,2026-06-16 16:15:00+00:00,2026-06-16 11:30:00-05:00,2026-06-16 11:30:00-05:00,RL,Long,B,37.680239635070784,27842.14298925172,27784.723064105816,27985.692802116475,-1.0126262790861846,True,0.1847270041075251,1.42185816237596,1,STOP,True,2.4873737209138156,41.60763018547305,0.0,False,,,,,,,,,,,,,,,,False,,,,,,,,,,,,,,,,True,13.0,2.4997001067540405,2.5,0.0003102343923719689,0.00579104199094342,30202.25,2026-06-16 11:43:00-05:00,0.0,TARGET,1.2878370941111723,1.1890243902439024,0.0009601250711985122,1.308724832214765,,True,False,,False,,True,13.0,False,,,,,,,,,,,,,,,,False,,,,,,,,,,,,,,,,True,13.0,2.4997001067540405,2.5,0.0003102343923719689,0.00579104199094342,30202.25,2026-06-16 11:43:00-05:00,0.0,TARGET,1.2878370941111723,1.1890243902439024,0.0009601250711985122,1.308724832214765,,True,False,,False,,True,14.0,,,,,,,,,,,,,,,2.4997001067540405,2.5,0.0003102343923719689,0.00579104199094342,30202.25,2026-06-16 11:43:00-05:00,0.0,TARGET,1.2878370941111723,1.1890243902439024,0.0009601250711985122,1.308724832214765,,True,,,,,,,,,,,,,,,2.4996988923727974,2.5,0.0,0.008514077734691336,30192.5,2026-06-16 11:44:00-05:00,0.0,TARGET,0.9503695881731784,0.9221311475409837,-0.000306801760951241,0.9906439185470557,,True,,,,,,,,,,,,,,,,,,,,,,,,,,,,,False,,,,,,,,,B1,10,7,2018-01-01,2025-12-31,2026-01-01,2026-06-26,B1,10,unfilled_1m,-1.0126262790861846
5805,2026-06-24 15:30:00+00:00,2026-06-24 10:45:00-05:00,2026-06-24 10:45:00-05:00,RS,Short,A,54.41283070850186,27130.613678389094,27205.79977605146,26942.648434233182,0.976093728373268,True,1.6873289389056467,0.0,0,TIME,True,-1.0096427401147448,0.0,34.7755290260222,False,,,,,,,,,,,,,,,,False,,,,,,,,,,,,,,,,True,13.0,0.9997149821377637,1.0,0.0005896921287649126,0.005110665115962576,29749.5,2026-06-24 10:58:00-05:00,0.0,STOP,1.06884827879303,1.30007753941587,0.0011753571718212173,1.0937160252228746,,True,False,,False,,True,13.0,False,,,,,,,,,,,,,,,,False,,,,,,,,,,,,,,,,False,,,,,,,,,,,,,,,,False,,False,,True,14.0,,,,,,,,,,,,,,,0.9997149821377637,1.0,0.0005896921287649126,0.005110665115962576,29749.5,2026-06-24 10:58:00-05:00,0.0,STOP,1.06884827879303,1.30007753941587,0.0011753571718212173,1.0937160252228746,,True,,,,,,,,,,,,,,,0.9997157085968421,1.0,0.007058269319783109,0.01137165612631723,29756.0,2026-06-24 10:59:00-05:00,0.0,STOP,0.8696126568466994,1.0,-0.00019000259733795377,0.8467913302167446,,True,,,,,,,,,,,,,,,,,,,,,,,,,,,,,False,,,,,,,,,B1,10,7,2018-01-01,2025-12-31,2026-01-01,2026-06-26,B1,10,unfilled_1m,0.976093728373268
